t,soc_true,soc_ref,soc_prior,soc_post,v_batt,i_batt,i_ref,p_gen_avail,p_gen,p_crit_term,p_aux_term,aux_sched,aux_cmd,relay,pred_min,valid,residual_w,service_ok
1.0,0.45001,0.444056,0.444045,0.444045,13.215318,-1.461546,-1.459198,40.0,40.0,18.186101,0.0,1.0,0.0,0.0,0.116306,0.0,0.347807,1.0
11.0,0.450114,0.444161,0.44814,0.44814,13.216364,-1.476136,-1.473941,40.0,40.0,18.012287,0.0,1.0,0.0,0.0,0.116306,10.0,0.351257,1.0
21.0,0.450219,0.444268,0.451186,0.451186,13.215793,-1.409819,-1.407554,40.0,40.0,18.796848,0.0,1.0,0.0,0.0,0.116306,20.0,0.342473,1.0
31.0,0.450323,0.444374,0.453618,0.453618,13.217718,-1.472471,-1.470203,40.0,40.0,18.053822,0.0,1.0,0.0,0.0,0.116306,30.0,0.358977,1.0
41.0,0.450428,0.444481,0.455567,0.455567,13.218213,-1.463793,-1.461731,40.0,40.0,18.155753,0.0,1.0,0.0,0.0,0.116306,40.0,0.346453,1.0
51.0,0.450533,0.444587,0.457198,0.457198,13.218342,-1.438047,-1.435919,40.0,40.0,18.459931,0.0,1.0,0.0,0.0,0.116306,50.0,0.373217,1.0
61.0,0.450637,0.444693,0.458552,0.458552,13.21934,-1.458242,-1.456,40.0,40.0,18.219899,0.0,1.0,0.0,0.0,0.129558,60.0,0.352002,1.0
71.0,0.450742,0.4448,0.459728,0.459728,13.219801,-1.452195,-1.450102,40.0,40.0,18.290789,0.0,1.0,0.0,0.0,0.129558,70.0,0.361642,1.0
81.0,0.450847,0.444907,0.460706,0.460706,13.220401,-1.454507,-1.452428,40.0,40.0,18.262682,0.0,1.0,0.0,0.0,0.129558,80.0,0.358557,1.0
91.0,0.45095,0.445013,0.461591,0.461591,13.220823,-1.449448,-1.447299,40.0,40.0,18.321944,0.0,1.0,0.0,0.0,0.129558,90.0,0.356409,1.0
101.0,0.451054,0.445118,0.462341,0.462341,13.222548,-1.512285,-1.510157,40.0,40.0,17.57665,0.0,1.0,0.0,0.0,0.129558,100.0,0.352905,1.0
111.0,0.451157,0.445223,0.46304,0.46304,13.222212,-1.471005,-1.468854,40.0,40.0,18.065231,0.0,1.0,0.0,0.0,0.129558,110.0,0.344017,1.0
121.0,0.451263,0.445331,0.463673,0.463673,13.223099,-1.492393,-1.490263,40.0,40.0,17.811137,0.0,1.0,0.0,0.0,0.135792,120.0,0.349593,1.0
131.0,0.451367,0.445437,0.464268,0.464268,13.223823,-1.506938,-1.50482,40.0,40.0,17.638157,0.0,1.0,0.0,0.0,0.135792,130.0,0.349653,1.0
141.0,0.451472,0.445543,0.464795,0.464795,13.223427,-1.46546,-1.463226,40.0,40.0,18.129214,0.0,1.0,0.0,0.0,0.135792,140.0,0.35952,1.0
151.0,0.451574,0.445647,0.465271,0.465271,13.223368,-1.442775,-1.440592,40.0,40.0,18.397555,0.0,1.0,0.0,0.0,0.135792,150.0,0.348537,1.0
161.0,0.451679,0.445754,0.465704,0.465704,13.225147,-1.513863,-1.511755,40.0,40.0,17.554468,0.0,1.0,0.0,0.0,0.135792,160.0,0.341247,1.0
171.0,0.451783,0.44586,0.466153,0.466153,13.223973,-1.435238,-1.432971,40.0,40.0,18.48591,0.0,1.0,0.0,0.0,0.135792,170.0,0.340822,1.0
181.0,0.451887,0.445966,0.466558,0.466558,13.225681,-1.50461,-1.50239,40.0,40.0,17.663188,0.0,1.0,0.0,0.0,0.139426,180.0,0.348788,1.0
191.0,0.451991,0.446072,0.466927,0.466927,13.226604,-1.534712,-1.532563,40.0,40.0,17.305881,0.0,1.0,0.0,0.0,0.139426,190.0,0.351487,1.0
201.0,0.452095,0.446178,0.46727,0.46727,13.225935,-1.484394,-1.482185,40.0,40.0,17.901967,0.0,1.0,0.0,0.0,0.139426,200.0,0.341455,1.0
211.0,0.452199,0.446284,0.467615,0.467615,13.225016,-1.421821,-1.419618,40.0,40.0,18.64326,0.0,1.0,0.0,0.0,0.139426,210.0,0.360549,1.0
221.0,0.452305,0.446391,0.46793,0.46793,13.225919,-1.452527,-1.450165,40.0,40.0,18.278921,0.0,1.0,0.0,0.0,0.139426,220.0,0.352121,1.0
231.0,0.452409,0.446497,0.468237,0.468237,13.227322,-1.509766,-1.507582,40.0,40.0,17.599998,0.0,1.0,0.0,0.0,0.139426,230.0,0.35668,1.0
241.0,0.452514,0.446604,0.468533,0.468533,13.227303,-1.494669,-1.492423,40.0,40.0,17.778606,0.0,1.0,0.0,0.0,0.142469,240.0,0.352471,1.0
251.0,0.452619,0.446711,0.468819,0.468819,13.227718,-1.502522,-1.500334,40.0,40.0,17.685158,0.0,1.0,0.0,0.0,0.142469,250.0,0.345634,1.0
261.0,0.452724,0.446818,0.469105,0.469105,13.227473,-1.477077,-1.474834,40.0,40.0,17.986488,0.0,1.0,0.0,0.0,0.142469,260.0,0.370687,1.0
271.0,0.452829,0.446925,0.469356,0.469356,13.227299,-1.455775,-1.453612,40.0,40.0,18.238709,0.0,1.0,0.0,0.0,0.142469,270.0,0.356285,1.0
281.0,0.452932,0.44703,0.469591,0.469591,13.227868,-1.473567,-1.471283,40.0,40.0,18.027485,0.0,1.0,0.0,0.0,0.142469,280.0,0.354263,1.0
291.0,0.453035,0.447135,0.469831,0.469831,13.228315,-1.485628,-1.483556,40.0,40.0,17.884211,0.0,1.0,0.0,0.0,0.142469,290.0,0.349253,1.0
301.0,0.453139,0.447241,0.470063,0.470063,13.228422,-1.480459,-1.478364,40.0,40.0,17.945217,0.0,1.0,0.0,0.0,0.143546,300.0,0.350275,1.0
311.0,0.453243,0.447346,0.470271,0.470271,13.227741,-1.435592,-1.433324,40.0,40.0,18.476886,0.0,1.0,0.0,0.0,0.143546,310.0,0.345535,1.0
321.0,0.453348,0.447453,0.470478,0.470478,13.229216,-1.500641,-1.498382,40.0,40.0,17.7054,0.0,1.0,0.0,0.0,0.143546,320.0,0.343611,1.0
331.0,0.453451,0.447558,0.47069,0.47069,13.229051,-1.483064,-1.480835,40.0,40.0,17.913565,0.0,1.0,0.0,0.0,0.143546,330.0,0.346371,1.0
341.0,0.453554,0.447663,0.470909,0.470909,13.228144,-1.428009,-1.425786,40.0,40.0,18.566081,0.0,1.0,0.0,0.0,0.143546,340.0,0.345394,1.0
351.0,0.45366,0.44777,0.47112,0.47112,13.228468,-1.435241,-1.432971,40.0,40.0,18.480109,0.0,1.0,0.0,0.0,0.143546,350.0,0.353101,1.0
361.0,0.453765,0.447877,0.471316,0.471316,13.229553,-1.481747,-1.479527,40.0,40.0,17.928488,0.0,1.0,0.0,0.0,0.145601,360.0,0.354577,1.0
371.0,0.453869,0.447984,0.471517,0.471517,13.229296,-1.460346,-1.458139,40.0,40.0,18.182028,0.0,1.0,0.0,0.0,0.145601,370.0,0.355357,1.0
381.0,0.453973,0.44809,0.471704,0.471704,13.229579,-1.466892,-1.464659,40.0,40.0,18.104201,0.0,1.0,0.0,0.0,0.145601,380.0,0.353951,1.0
391.0,0.454079,0.448197,0.471891,0.471891,13.231141,-1.538682,-1.536487,40.0,40.0,17.252678,0.0,1.0,0.0,0.0,0.145601,390.0,0.35062,1.0
401.0,0.454182,0.448302,0.472076,0.472076,13.230648,-1.506363,-1.504114,40.0,40.0,17.63577,0.0,1.0,0.0,0.0,0.145601,400.0,0.357692,1.0
411.0,0.454286,0.448408,0.472246,0.472246,13.229506,-1.441175,-1.439097,40.0,40.0,18.408571,0.0,1.0,0.0,0.0,0.145601,410.0,0.354678,1.0
421.0,0.45439,0.448514,0.472426,0.472426,13.230802,-1.50053,-1.498424,40.0,40.0,17.704576,0.0,1.0,0.0,0.0,0.14743,420.0,0.35187,1.0
431.0,0.454495,0.448621,0.472606,0.472606,13.230398,-1.473078,-1.470806,40.0,40.0,18.029938,0.0,1.0,0.0,0.0,0.14743,430.0,0.353061,1.0
441.0,0.4546,0.448727,0.472763,0.472763,13.230848,-1.489488,-1.48721,40.0,40.0,17.835175,0.0,1.0,0.0,0.0,0.14743,440.0,0.355233,1.0
451.0,0.454703,0.448833,0.47293,0.47293,13.230567,-1.469212,-1.467109,40.0,40.0,18.075461,0.0,1.0,0.0,0.0,0.14743,450.0,0.357112,1.0
461.0,0.454807,0.448939,0.473086,0.473086,13.231468,-1.509195,-1.507104,40.0,40.0,17.601148,0.0,1.0,0.0,0.0,0.14743,460.0,0.352889,1.0
471.0,0.454911,0.449044,0.473252,0.473252,13.230695,-1.46419,-1.461918,40.0,40.0,18.13471,0.0,1.0,0.0,0.0,0.14743,470.0,0.366394,1.0
481.0,0.455016,0.449151,0.473417,0.473417,13.231343,-1.491235,-1.489204,40.0,40.0,17.813844,0.0,1.0,0.0,0.0,0.149076,480.0,0.355278,1.0
491.0,0.455119,0.449256,0.473577,0.473577,13.230401,-1.438112,-1.43594,40.0,40.0,18.443657,0.0,1.0,0.0,0.0,0.149076,490.0,0.346493,1.0
501.0,0.455223,0.449361,0.473733,0.473733,13.23236,-1.533148,-1.530964,40.0,40.0,17.316494,0.0,1.0,0.0,0.0,0.149076,500.0,0.362606,1.0
511.0,0.455327,0.449468,0.473886,0.473886,13.231321,-1.474902,-1.472612,40.0,40.0,18.007134,0.0,1.0,0.0,0.0,0.149076,510.0,0.357004,1.0
521.0,0.45543,0.449573,0.474041,0.474041,13.230642,-1.435636,-1.433365,40.0,40.0,18.472639,0.0,1.0,0.0,0.0,0.149076,520.0,0.353919,1.0
531.0,0.455533,0.449678,0.474194,0.474194,13.230933,-1.446045,-1.443873,40.0,40.0,18.349103,0.0,1.0,0.0,0.0,0.149076,530.0,0.352588,1.0
541.0,0.455638,0.449784,0.474339,0.474339,13.231775,-1.484127,-1.481874,40.0,40.0,17.897379,0.0,1.0,0.0,0.0,0.15024,540.0,0.352856,1.0
551.0,0.455742,0.44989,0.474494,0.474494,13.231646,-1.472777,-1.470515,40.0,40.0,18.03185,0.0,1.0,0.0,0.0,0.15024,550.0,0.357628,1.0
561.0,0.455847,0.449997,0.474641,0.474641,13.231446,-1.457821,-1.455584,40.0,40.0,18.209092,0.0,1.0,0.0,0.0,0.15024,560.0,0.356408,1.0
571.0,0.455951,0.450103,0.474785,0.474785,13.231333,-1.447888,-1.445783,40.0,40.0,18.326775,0.0,1.0,0.0,0.0,0.15024,570.0,0.359052,1.0
581.0,0.456055,0.450208,0.474921,0.474921,13.231179,-1.435956,-1.433739,40.0,40.0,18.468167,0.0,1.0,0.0,0.0,0.15024,580.0,0.354307,1.0
591.0,0.456158,0.450313,0.475062,0.475062,13.231342,-1.440417,-1.438287,40.0,40.0,18.415169,0.0,1.0,0.0,0.0,0.15024,590.0,0.349406,1.0
601.0,0.456262,0.450419,0.475206,0.475206,13.232498,-1.495369,-1.493233,40.0,40.0,17.763378,0.0,1.0,0.0,0.0,0.15067,600.0,0.355057,1.0
611.0,0.456367,0.450526,0.475351,0.475351,13.233168,-1.525424,-1.523197,40.0,40.0,17.406797,0.0,1.0,0.0,0.0,0.15067,610.0,0.350168,1.0
621.0,0.45647,0.450631,0.475491,0.475491,13.231114,-1.417079,-1.41478,40.0,40.0,18.691624,0.0,1.0,0.0,0.0,0.15067,620.0,0.370371,1.0
631.0,0.456573,0.450736,0.475623,0.475623,13.233148,-1.517395,-1.515203,40.0,40.0,17.501841,0.0,1.0,0.0,0.0,0.15067,629.0,0.343328,1.0
641.0,0.456676,0.45084,0.475761,0.475761,13.232845,-1.498698,-1.496451,40.0,40.0,17.723518,0.0,1.0,0.0,0.0,0.15067,639.0,0.350199,1.0
651.0,0.45678,0.450947,0.475896,0.475896,13.232472,-1.475972,-1.473962,40.0,40.0,17.992953,0.0,1.0,0.0,0.0,0.15067,648.0,0.349014,1.0
661.0,0.456884,0.451053,0.47604,0.47604,13.232994,-1.498876,-1.49668,40.0,40.0,17.721212,0.0,1.0,0.0,0.0,0.151987,658.0,0.347668,1.0
671.0,0.456987,0.451157,0.476175,0.476175,13.231974,-1.443808,-1.441671,40.0,40.0,18.374228,0.0,1.0,0.0,0.0,0.151987,668.0,0.351497,1.0
681.0,0.45709,0.451262,0.476313,0.476313,13.232325,-1.458625,-1.456498,40.0,40.0,18.198428,0.0,1.0,0.0,0.0,0.151987,678.0,0.350633,1.0
691.0,0.457195,0.451369,0.476452,0.476452,13.232442,-1.460946,-1.458741,40.0,40.0,18.170817,0.0,1.0,0.0,0.0,0.151987,688.0,0.359726,1.0
701.0,0.457298,0.451474,0.476584,0.476584,13.232981,-1.485304,-1.483244,40.0,40.0,17.881843,0.0,1.0,0.0,0.0,0.151987,698.0,0.347088,1.0
711.0,0.457403,0.45158,0.476725,0.476725,13.232751,-1.470209,-1.468065,40.0,40.0,18.060794,0.0,1.0,0.0,0.0,0.151987,708.0,0.350837,1.0
721.0,0.457507,0.451687,0.476862,0.476862,13.233375,-1.498629,-1.49643,40.0,40.0,17.72362,0.0,1.0,0.0,0.0,0.153527,718.0,0.351664,1.0
731.0,0.457611,0.451793,0.476996,0.476996,13.232266,-1.438876,-1.436729,40.0,40.0,18.43222,0.0,1.0,0.0,0.0,0.153527,728.0,0.35981,1.0
741.0,0.457715,0.451899,0.477125,0.477125,13.233373,-1.492354,-1.490159,40.0,40.0,17.797895,0.0,1.0,0.0,0.0,0.153527,738.0,0.346098,1.0
751.0,0.457821,0.452006,0.477262,0.477262,13.23389,-1.515165,-1.51296,40.0,40.0,17.527223,0.0,1.0,0.0,0.0,0.153527,748.0,0.354419,1.0
761.0,0.457925,0.452112,0.477389,0.477389,13.233536,-1.494001,-1.491592,40.0,40.0,17.778184,0.0,1.0,0.0,0.0,0.153527,758.0,0.357238,1.0
771.0,0.458029,0.452218,0.477516,0.477516,13.232912,-1.459146,-1.456893,40.0,40.0,18.1915,0.0,1.0,0.0,0.0,0.153527,768.0,0.351473,1.0
781.0,0.458133,0.452324,0.477644,0.477644,13.232458,-1.433236,-1.430977,40.0,40.0,18.498716,0.0,1.0,0.0,0.0,0.15531,778.0,0.354342,1.0
791.0,0.458237,0.45243,0.477779,0.477779,13.233744,-1.495838,-1.493606,40.0,40.0,17.756161,0.0,1.0,0.0,0.0,0.15531,788.0,0.34595,1.0
801.0,0.458342,0.452536,0.477903,0.477903,13.234775,-1.545385,-1.543257,40.0,40.0,17.168346,0.0,1.0,0.0,0.0,0.15531,798.0,0.35187,1.0
811.0,0.458446,0.452643,0.478031,0.478031,13.233209,-1.462566,-1.460298,40.0,40.0,18.150637,0.0,1.0,0.0,0.0,0.15531,808.0,0.347848,1.0
821.0,0.45855,0.452749,0.478156,0.478156,13.233347,-1.466874,-1.464742,40.0,40.0,18.099474,0.0,1.0,0.0,0.0,0.15531,818.0,0.358607,1.0
831.0,0.458653,0.452853,0.478281,0.478281,13.234044,-1.500095,-1.497946,40.0,40.0,17.70538,0.0,1.0,0.0,0.0,0.15531,828.0,0.354967,1.0
841.0,0.458757,0.452959,0.47841,0.47841,13.232912,-1.439612,-1.437477,40.0,40.0,18.422678,0.0,1.0,0.0,0.0,0.156687,838.0,0.348515,1.0
851.0,0.458863,0.453067,0.478538,0.478538,13.233274,-1.454921,-1.452843,40.0,40.0,18.241027,0.0,1.0,0.0,0.0,0.156687,848.0,0.355963,1.0
861.0,0.458966,0.453172,0.478659,0.478659,13.233734,-1.475896,-1.473879,40.0,40.0,17.992191,0.0,1.0,0.0,0.0,0.156687,858.0,0.349161,1.0
871.0,0.459071,0.453278,0.47878,0.47878,13.232543,-1.412413,-1.41017,40.0,40.0,18.745022,0.0,1.0,0.0,0.0,0.156687,868.0,0.354852,1.0
881.0,0.459174,0.453384,0.478908,0.478908,13.234519,-1.510811,-1.508641,40.0,40.0,17.577911,0.0,1.0,0.0,0.0,0.156687,878.0,0.350592,1.0
891.0,0.459278,0.453489,0.479034,0.479034,13.234005,-1.482128,-1.479922,40.0,40.0,17.918073,0.0,1.0,0.0,0.0,0.156687,888.0,0.348598,1.0
901.0,0.459382,0.453595,0.479157,0.479157,13.233629,-1.460409,-1.458242,40.0,40.0,18.175622,0.0,1.0,0.0,0.0,0.156985,898.0,0.346701,1.0
911.0,0.459487,0.453702,0.479278,0.479278,13.234512,-1.50256,-1.500376,40.0,40.0,17.675568,0.0,1.0,0.0,0.0,0.156985,908.0,0.338083,1.0
921.0,0.459592,0.453809,0.479401,0.479401,13.234262,-1.487164,-1.48503,40.0,40.0,17.858125,0.0,1.0,0.0,0.0,0.156985,918.0,0.35299,1.0
931.0,0.459696,0.453915,0.479532,0.479532,13.234259,-1.48444,-1.482123,40.0,40.0,17.890377,0.0,1.0,0.0,0.0,0.156985,928.0,0.346617,1.0
941.0,0.4598,0.45402,0.479652,0.479652,13.234489,-1.493808,-1.491779,40.0,40.0,17.779195,0.0,1.0,0.0,0.0,0.156985,938.0,0.348685,1.0
951.0,0.459904,0.454126,0.479775,0.479775,13.234214,-1.477418,-1.475291,40.0,40.0,17.973549,0.0,1.0,0.0,0.0,0.156985,948.0,0.349932,1.0
961.0,0.460009,0.454233,0.479897,0.479897,13.234957,-1.51247,-1.51026,40.0,40.0,17.557675,0.0,1.0,0.0,0.0,0.158665,958.0,0.352689,1.0
971.0,0.460112,0.454339,0.480018,0.480018,13.234663,-1.495229,-1.493025,40.0,40.0,17.762135,0.0,1.0,0.0,0.0,0.158665,968.0,0.350202,1.0
981.0,0.460217,0.454446,0.480138,0.480138,13.234576,-1.488048,-1.485902,40.0,40.0,17.847245,0.0,1.0,0.0,0.0,0.158665,978.0,0.355396,1.0
991.0,0.460321,0.45455,0.480257,0.480257,13.233909,-1.452017,-1.449853,40.0,40.0,18.274573,0.0,1.0,0.0,0.0,0.158665,988.0,0.36194,1.0
1001.0,0.460424,0.454656,0.480379,0.480379,13.234048,-1.456857,-1.454629,40.0,40.0,18.217115,0.0,1.0,0.0,0.0,0.158665,998.0,0.352754,1.0
1011.0,0.460528,0.454762,0.480496,0.480496,13.2341,-1.457353,-1.455107,40.0,40.0,18.211176,0.0,1.0,0.0,0.0,0.158665,1008.0,0.341046,1.0
1021.0,0.460632,0.454868,0.480616,0.480616,13.234326,-1.466524,-1.464348,40.0,40.0,18.102329,0.0,1.0,0.0,0.0,0.159899,1018.0,0.34391,1.0
1031.0,0.460736,0.454973,0.480739,0.480739,13.233814,-1.438256,-1.436189,40.0,40.0,18.437558,0.0,1.0,0.0,0.0,0.159899,1028.0,0.35525,1.0
1041.0,0.460839,0.455078,0.480857,0.480857,13.233651,-1.427922,-1.425682,40.0,40.0,18.560071,0.0,1.0,0.0,0.0,0.159899,1038.0,0.355524,1.0
1051.0,0.460945,0.455186,0.48098,0.48098,13.23573,-1.531037,-1.528638,40.0,40.0,17.336851,0.0,1.0,0.0,0.0,0.159899,1048.0,0.343683,1.0
1061.0,0.461049,0.455292,0.481095,0.481095,13.234045,-1.442648,-1.440259,40.0,40.0,18.385282,0.0,1.0,0.0,0.0,0.159899,1058.0,0.349412,1.0
1071.0,0.461154,0.455398,0.481212,0.481212,13.234176,-1.446786,-1.444537,40.0,40.0,18.336141,0.0,1.0,0.0,0.0,0.159899,1068.0,0.35336,1.0
1081.0,0.461257,0.455504,0.48133,0.48133,13.234304,-1.451114,-1.449064,40.0,40.0,18.284752,0.0,1.0,0.0,0.0,0.16138,1078.0,0.351787,1.0
1091.0,0.461361,0.45561,0.481446,0.481446,13.234229,-1.445044,-1.442938,40.0,40.0,18.356694,0.0,1.0,0.0,0.0,0.16138,1088.0,0.353374,1.0
1101.0,0.461465,0.455715,0.481558,0.481558,13.235127,-1.488823,-1.486629,40.0,40.0,17.837343,0.0,1.0,0.0,0.0,0.16138,1098.0,0.353129,1.0
1111.0,0.461568,0.455821,0.481672,0.481672,13.234366,-1.447897,-1.445575,40.0,40.0,18.322745,0.0,1.0,0.0,0.0,0.16138,1108.0,0.35573,1.0
1121.0,0.461673,0.455927,0.481788,0.481788,13.234891,-1.472412,-1.470453,40.0,40.0,18.031902,0.0,1.0,0.0,0.0,0.16138,1118.0,0.353142,1.0
1131.0,0.461776,0.456032,0.481902,0.481902,13.235441,-1.49833,-1.496057,40.0,40.0,17.724388,0.0,1.0,0.0,0.0,0.16138,1128.0,0.360569,1.0
1141.0,0.46188,0.456138,0.482022,0.482022,13.234584,-1.452348,-1.450185,40.0,40.0,18.269777,0.0,1.0,0.0,0.0,0.162518,1138.0,0.342365,1.0
1151.0,0.461984,0.456244,0.482139,0.482139,13.23506,-1.474414,-1.472218,40.0,40.0,18.00798,0.0,1.0,0.0,0.0,0.162518,1148.0,0.346443,1.0
1161.0,0.462087,0.456349,0.482258,0.482258,13.235885,-1.514632,-1.512378,40.0,40.0,17.530829,0.0,1.0,0.0,0.0,0.162518,1158.0,0.369694,1.0
1171.0,0.462192,0.456456,0.482376,0.482376,13.235439,-1.489316,-1.48719,40.0,40.0,17.831092,0.0,1.0,0.0,0.0,0.162518,1168.0,0.356456,1.0
1181.0,0.462297,0.456563,0.482495,0.482495,13.234776,-1.452943,-1.450684,40.0,40.0,18.262489,0.0,1.0,0.0,0.0,0.162518,1178.0,0.351924,1.0
1191.0,0.462402,0.456669,0.482612,0.482612,13.235599,-1.492577,-1.49018,40.0,40.0,17.792279,0.0,1.0,0.0,0.0,0.162518,1188.0,0.346714,1.0
1201.0,0.462505,0.456774,0.482732,0.482732,13.234849,-1.452216,-1.450061,40.0,40.0,18.270995,0.0,1.0,0.0,0.0,0.162908,1198.0,0.355825,1.0
1211.0,0.462609,0.45688,0.48285,0.48285,13.2361,-1.514096,-1.511797,40.0,40.0,17.536887,0.0,1.0,0.0,0.0,0.162908,1208.0,0.362361,1.0
1221.0,0.462714,0.456987,0.48297,0.48297,13.236993,-1.557138,-1.554865,40.0,40.0,17.02614,0.0,1.0,0.0,0.0,0.162908,1218.0,0.350361,1.0
1231.0,0.462818,0.457093,0.483087,0.483087,13.235083,-1.457255,-1.455148,40.0,40.0,18.211048,0.0,1.0,0.0,0.0,0.162908,1228.0,0.365504,1.0
1241.0,0.462923,0.4572,0.483201,0.483201,13.235514,-1.476831,-1.474564,40.0,40.0,17.978769,0.0,1.0,0.0,0.0,0.162908,1238.0,0.354348,1.0
1251.0,0.463027,0.457306,0.483317,0.483317,13.236233,-1.511301,-1.509056,40.0,40.0,17.569789,0.0,1.0,0.0,0.0,0.162908,1248.0,0.350027,1.0
1261.0,0.463131,0.457412,0.483432,0.483432,13.236025,-1.498512,-1.496306,40.0,40.0,17.721452,0.0,1.0,0.0,0.0,0.164414,1258.0,0.355346,1.0
1271.0,0.463235,0.457517,0.483542,0.483542,13.234795,-1.433565,-1.431413,40.0,40.0,18.491826,0.0,1.0,0.0,0.0,0.164414,1268.0,0.347348,1.0
1281.0,0.463339,0.457623,0.483656,0.483656,13.235782,-1.481926,-1.479735,40.0,40.0,17.918105,0.0,1.0,0.0,0.0,0.164414,1278.0,0.361698,1.0
1291.0,0.463445,0.457731,0.483775,0.483775,13.235513,-1.465444,-1.463122,40.0,40.0,18.113555,0.0,1.0,0.0,0.0,0.164414,1288.0,0.34669,1.0
1301.0,0.463549,0.457837,0.483891,0.483891,13.236291,-1.502959,-1.500916,40.0,40.0,17.668461,0.0,1.0,0.0,0.0,0.164414,1298.0,0.350446,1.0
1311.0,0.463652,0.457942,0.484008,0.484008,13.235218,-1.446352,-1.444309,40.0,40.0,18.339927,0.0,1.0,0.0,0.0,0.164414,1308.0,0.350601,1.0
1321.0,0.463755,0.458047,0.484119,0.484119,13.235311,-1.449268,-1.447091,40.0,40.0,18.305296,0.0,1.0,0.0,0.0,0.165621,1318.0,0.358445,1.0
1331.0,0.463859,0.458152,0.484231,0.484231,13.235162,-1.439707,-1.437601,40.0,40.0,18.41865,0.0,1.0,0.0,0.0,0.165621,1328.0,0.357244,1.0
1341.0,0.463964,0.458259,0.484347,0.484347,13.235575,-1.458305,-1.456207,40.0,40.0,18.197976,0.0,1.0,0.0,0.0,0.165621,1338.0,0.350128,1.0
1351.0,0.464068,0.458366,0.484458,0.484458,13.236488,-1.502524,-1.500127,40.0,40.0,17.673348,0.0,1.0,0.0,0.0,0.165621,1348.0,0.348936,1.0
1361.0,0.464172,0.458471,0.484573,0.484573,13.236196,-1.485835,-1.483763,40.0,40.0,17.871286,0.0,1.0,0.0,0.0,0.165621,1358.0,0.358705,1.0
1371.0,0.464276,0.458576,0.484684,0.484684,13.235851,-1.46612,-1.463891,40.0,40.0,18.105118,0.0,1.0,0.0,0.0,0.165621,1368.0,0.350448,1.0
1381.0,0.46438,0.458683,0.484797,0.484797,13.236436,-1.493745,-1.491613,40.0,40.0,17.777335,0.0,1.0,0.0,0.0,0.166889,1378.0,0.357323,1.0
1391.0,0.464484,0.458789,0.484911,0.484911,13.236031,-1.470781,-1.468584,40.0,40.0,18.049706,0.0,1.0,0.0,0.0,0.166889,1388.0,0.344688,1.0
1401.0,0.464589,0.458895,0.485032,0.485032,13.236644,-1.49975,-1.497552,40.0,40.0,17.705972,0.0,1.0,0.0,0.0,0.166889,1398.0,0.35591,1.0
1411.0,0.464692,0.459,0.485144,0.485144,13.235686,-1.448969,-1.446821,40.0,40.0,18.308352,0.0,1.0,0.0,0.0,0.166889,1408.0,0.348822,1.0
1421.0,0.464797,0.459107,0.485257,0.485257,13.236287,-1.477386,-1.475312,40.0,40.0,17.971184,0.0,1.0,0.0,0.0,0.166889,1418.0,0.344402,1.0
1431.0,0.464901,0.459213,0.485373,0.485373,13.235237,-1.421535,-1.419348,40.0,40.0,18.633646,0.0,1.0,0.0,0.0,0.166889,1428.0,0.348545,1.0
1441.0,0.465005,0.459319,0.485483,0.485483,13.236044,-1.46066,-1.458512,40.0,40.0,18.169492,0.0,1.0,0.0,0.0,0.168365,1438.0,0.353077,1.0
1451.0,0.465109,0.459425,0.485596,0.485596,13.235328,-1.42202,-1.419701,40.0,40.0,18.627793,0.0,1.0,0.0,0.0,0.168365,1448.0,0.360321,1.0
1461.0,0.465214,0.459532,0.485707,0.485707,13.237829,-1.547096,-1.545001,40.0,40.0,17.143863,0.0,1.0,0.0,0.0,0.168365,1458.0,0.366453,1.0
1471.0,0.465318,0.459638,0.485822,0.485822,13.237195,-1.512501,-1.510406,40.0,40.0,17.554283,0.0,1.0,0.0,0.0,0.168365,1468.0,0.347075,1.0
1481.0,0.465423,0.459744,0.485935,0.485935,13.235549,-1.42618,-1.423875,40.0,40.0,18.578268,0.0,1.0,0.0,0.0,0.168365,1478.0,0.349037,1.0
1491.0,0.465527,0.45985,0.486045,0.486045,13.235925,-1.443349,-1.44109,40.0,40.0,18.37456,0.0,1.0,0.0,0.0,0.168365,1488.0,0.358484,1.0
1501.0,0.46563,0.459955,0.486161,0.486161,13.235892,-1.439836,-1.437581,40.0,40.0,18.416187,0.0,1.0,0.0,0.0,0.168715,1498.0,0.34937,1.0
1511.0,0.465735,0.460062,0.486272,0.486272,13.235966,-1.441246,-1.439076,40.0,40.0,18.399406,0.0,1.0,0.0,0.0,0.168715,1508.0,0.351135,1.0
1521.0,0.465839,0.460168,0.486387,0.486387,13.236973,-1.490515,-1.48829,40.0,40.0,17.814853,0.0,1.0,0.0,0.0,0.168715,1518.0,0.349536,1.0
1531.0,0.465945,0.460275,0.486501,0.486501,13.23796,-1.538284,-1.53601,40.0,40.0,17.248001,0.0,1.0,0.0,0.0,0.168715,1528.0,0.353893,1.0
1541.0,0.466048,0.460381,0.486616,0.486616,13.235968,-1.434525,-1.432306,40.0,40.0,18.478952,0.0,1.0,0.0,0.0,0.168715,1538.0,0.349883,1.0
1551.0,0.466152,0.460486,0.486725,0.486725,13.2373,-1.500682,-1.498403,40.0,40.0,17.694059,0.0,1.0,0.0,0.0,0.168715,1548.0,0.34772,1.0
1561.0,0.466256,0.460593,0.486835,0.486835,13.237083,-1.487386,-1.485217,40.0,40.0,17.851749,0.0,1.0,0.0,0.0,0.170072,1558.0,0.357787,1.0
1571.0,0.466361,0.460699,0.486948,0.486948,13.237207,-1.491255,-1.488976,40.0,40.0,17.805788,0.0,1.0,0.0,0.0,0.170072,1568.0,0.346462,1.0
1581.0,0.466465,0.460805,0.487061,0.487061,13.236723,-1.464525,-1.46225,40.0,40.0,18.122851,0.0,1.0,0.0,0.0,0.170072,1578.0,0.355858,1.0
1591.0,0.46657,0.460912,0.487175,0.487175,13.237807,-1.517339,-1.515203,40.0,40.0,17.496182,0.0,1.0,0.0,0.0,0.170072,1588.0,0.353295,1.0
1601.0,0.466674,0.461018,0.487288,0.487288,13.237527,-1.500965,-1.49886,40.0,40.0,17.690408,0.0,1.0,0.0,0.0,0.170072,1598.0,0.354651,1.0
1611.0,0.466778,0.461124,0.4874,0.4874,13.237417,-1.493445,-1.491177,40.0,40.0,17.779579,0.0,1.0,0.0,0.0,0.170072,1608.0,0.357648,1.0
1621.0,0.466883,0.461231,0.487512,0.487512,13.237592,-1.499999,-1.497739,40.0,40.0,17.70175,0.0,1.0,0.0,0.0,0.171558,1618.0,0.354994,1.0
1631.0,0.466987,0.461337,0.487627,0.487627,13.237175,-1.476452,-1.474274,40.0,40.0,17.981069,0.0,1.0,0.0,0.0,0.171558,1628.0,0.349678,1.0
1641.0,0.467092,0.461443,0.48774,0.48774,13.236498,-1.439822,-1.437664,40.0,40.0,18.415574,0.0,1.0,0.0,0.0,0.171558,1638.0,0.348093,1.0
1651.0,0.467195,0.461548,0.48785,0.48785,13.238113,-1.5205,-1.518214,40.0,40.0,17.458347,0.0,1.0,0.0,0.0,0.171558,1648.0,0.338794,1.0
1661.0,0.467299,0.461654,0.487964,0.487964,13.237969,-1.511193,-1.509118,40.0,40.0,17.568728,0.0,1.0,0.0,0.0,0.171558,1657.0,0.347173,1.0
1671.0,0.467402,0.461759,0.488075,0.488075,13.236711,-1.445161,-1.442814,40.0,40.0,18.352099,0.0,1.0,0.0,0.0,0.171558,1667.0,0.345697,1.0
1681.0,0.467506,0.461865,0.488185,0.488185,13.236931,-1.454109,-1.451805,40.0,40.0,18.245886,0.0,1.0,0.0,0.0,0.172676,1677.0,0.349682,1.0
1691.0,0.467611,0.461971,0.488294,0.488294,13.238117,-1.512493,-1.510136,40.0,40.0,17.553126,0.0,1.0,0.0,0.0,0.172676,1687.0,0.343492,1.0
1701.0,0.467716,0.462079,0.488407,0.488407,13.238249,-1.516556,-1.514227,40.0,40.0,17.504855,0.0,1.0,0.0,0.0,0.172676,1697.0,0.362199,1.0
1711.0,0.467821,0.462185,0.488519,0.488519,13.237333,-1.46751,-1.465324,40.0,40.0,18.086718,0.0,1.0,0.0,0.0,0.172676,1707.0,0.349818,1.0
1721.0,0.467925,0.462291,0.488629,0.488629,13.237479,-1.473058,-1.470951,40.0,40.0,18.020846,0.0,1.0,0.0,0.0,0.172676,1717.0,0.358992,1.0
1731.0,0.468029,0.462397,0.488737,0.488737,13.237809,-1.487724,-1.485549,40.0,40.0,17.846781,0.0,1.0,0.0,0.0,0.172676,1727.0,0.353677,1.0
1741.0,0.468132,0.462502,0.488849,0.488849,13.23709,-1.449189,-1.446987,40.0,40.0,18.303922,0.0,1.0,0.0,0.0,0.174077,1737.0,0.349559,1.0
1751.0,0.468236,0.462608,0.488958,0.488958,13.238334,-1.51057,-1.508537,40.0,40.0,17.575605,0.0,1.0,0.0,0.0,0.174077,1747.0,0.355002,1.0
1761.0,0.468343,0.462716,0.489075,0.489075,13.238365,-1.509257,-1.507145,40.0,40.0,17.591113,0.0,1.0,0.0,0.0,0.174077,1757.0,0.344327,1.0
1771.0,0.468446,0.462822,0.489184,0.489184,13.238486,-1.513551,-1.511506,40.0,40.0,17.54011,0.0,1.0,0.0,0.0,0.174077,1767.0,0.354392,1.0
1781.0,0.468549,0.462927,0.489291,0.489291,13.237785,-1.47607,-1.473879,40.0,40.0,17.984789,0.0,1.0,0.0,0.0,0.174077,1777.0,0.341453,1.0
1791.0,0.468655,0.463034,0.489401,0.489401,13.237393,-1.453522,-1.451244,40.0,40.0,18.252235,0.0,1.0,0.0,0.0,0.174077,1787.0,0.356743,1.0
1801.0,0.468759,0.46314,0.489509,0.489509,13.238255,-1.495322,-1.49317,40.0,40.0,17.75624,0.0,1.0,0.0,0.0,0.17443,1797.0,0.354607,1.0
1811.0,0.468862,0.463245,0.489618,0.489618,13.23791,-1.475953,-1.474024,40.0,40.0,17.986,0.0,1.0,0.0,0.0,0.17443,1807.0,0.354022,1.0
1821.0,0.468968,0.463352,0.48973,0.48973,13.237423,-1.448585,-1.446427,40.0,40.0,18.31064,0.0,1.0,0.0,0.0,0.17443,1817.0,0.355171,1.0
1831.0,0.469071,0.463458,0.489835,0.489835,13.237616,-1.456409,-1.454193,40.0,40.0,18.217767,0.0,1.0,0.0,0.0,0.17443,1827.0,0.356965,1.0
1841.0,0.469176,0.463564,0.489943,0.489943,13.237228,-1.434449,-1.432161,40.0,40.0,18.47824,0.0,1.0,0.0,0.0,0.17443,1837.0,0.355626,1.0
1851.0,0.46928,0.46367,0.490047,0.490047,13.239355,-1.541037,-1.538751,40.0,40.0,17.213492,0.0,1.0,0.0,0.0,0.17443,1847.0,0.353769,1.0
1861.0,0.469384,0.463776,0.490158,0.490158,13.238853,-1.513336,-1.511132,40.0,40.0,17.542156,0.0,1.0,0.0,0.0,0.175631,1857.0,0.358651,1.0
1871.0,0.469487,0.463881,0.490269,0.490269,13.237258,-1.430085,-1.4278,40.0,40.0,18.529863,0.0,1.0,0.0,0.0,0.175631,1867.0,0.353144,1.0
1881.0,0.469593,0.463989,0.490378,0.490378,13.239268,-1.530068,-1.527766,40.0,40.0,17.34348,0.0,1.0,0.0,0.0,0.175631,1877.0,0.35286,1.0
1891.0,0.469698,0.464096,0.490491,0.490491,13.237642,-1.444694,-1.442544,40.0,40.0,18.356425,0.0,1.0,0.0,0.0,0.175631,1887.0,0.352201,1.0
1901.0,0.469801,0.464201,0.490599,0.490599,13.237726,-1.447025,-1.444869,40.0,40.0,18.328716,0.0,1.0,0.0,0.0,0.175631,1897.0,0.347493,1.0
1911.0,0.469906,0.464308,0.490706,0.490706,13.237987,-1.45792,-1.455564,40.0,40.0,18.199397,0.0,1.0,0.0,0.0,0.175631,1907.0,0.341895,1.0
1921.0,0.470011,0.464415,0.49082,0.49082,13.237343,-1.422659,-1.420491,40.0,40.0,18.617667,0.0,1.0,0.0,0.0,0.177322,1917.0,0.350229,1.0
1931.0,0.470115,0.46452,0.49093,0.49093,13.238519,-1.480969,-1.478676,40.0,40.0,17.925818,0.0,1.0,0.0,0.0,0.177322,1926.0,0.335282,1.0
1941.0,0.470218,0.464625,0.491038,0.491038,13.23776,-1.440437,-1.438121,40.0,40.0,18.406662,0.0,1.0,0.0,0.0,0.177322,1936.0,0.340827,1.0
1951.0,0.470321,0.46473,0.491146,0.491146,13.237763,-1.438933,-1.43675,40.0,40.0,18.424465,0.0,1.0,0.0,0.0,0.177322,1946.0,0.354547,1.0
1961.0,0.470426,0.464837,0.491258,0.491258,13.239041,-1.501851,-1.499525,40.0,40.0,17.677879,0.0,1.0,0.0,0.0,0.177322,1956.0,0.34813,1.0
1971.0,0.47053,0.464943,0.491368,0.491368,13.237502,-1.421168,-1.418975,40.0,40.0,18.635118,0.0,1.0,0.0,0.0,0.177322,1966.0,0.349548,1.0
1981.0,0.470634,0.465049,0.491477,0.491477,13.23759,-1.423621,-1.421217,40.0,40.0,18.605966,0.0,1.0,0.0,0.0,0.178232,1976.0,0.353596,1.0
1991.0,0.470739,0.465156,0.491586,0.491586,13.239615,-1.524517,-1.522387,40.0,40.0,17.408732,0.0,1.0,0.0,0.0,0.178232,1986.0,0.353757,1.0
2001.0,0.470843,0.465261,0.491697,0.491697,13.239883,-1.536249,-1.534099,40.0,40.0,17.269452,0.0,1.0,0.0,0.0,0.178232,1996.0,0.35999,1.0
2011.0,0.470947,0.465368,0.491803,0.491803,13.239548,-1.516861,-1.514663,40.0,40.0,17.499479,0.0,1.0,0.0,0.0,0.178232,2006.0,0.349133,1.0
2021.0,0.471051,0.465474,0.491911,0.491911,13.238924,-1.482948,-1.480732,40.0,40.0,17.901842,0.0,1.0,0.0,0.0,0.178232,2016.0,0.349229,1.0
2031.0,0.471155,0.46558,0.49202,0.49202,13.238588,-1.463657,-1.461378,40.0,40.0,18.130693,0.0,1.0,0.0,0.0,0.178232,2026.0,0.346767,1.0
2041.0,0.471259,0.465685,0.492132,0.492132,13.238221,-1.442899,-1.44082,40.0,40.0,18.376928,0.0,1.0,0.0,0.0,0.179605,2036.0,0.353802,1.0
2051.0,0.471364,0.465792,0.492243,0.492243,13.240021,-1.532463,-1.530195,40.0,40.0,17.314093,0.0,1.0,0.0,0.0,0.179605,2046.0,0.348561,1.0
2061.0,0.471469,0.465898,0.492353,0.492353,13.239181,-1.487394,-1.485362,40.0,40.0,17.848871,0.0,1.0,0.0,0.0,0.179605,2056.0,0.349907,1.0
2071.0,0.471573,0.466005,0.492461,0.492461,13.239662,-1.509599,-1.507415,40.0,40.0,17.58531,0.0,1.0,0.0,0.0,0.179605,2066.0,0.354028,1.0
2081.0,0.471676,0.46611,0.492569,0.492569,13.237627,-1.404062,-1.401905,40.0,40.0,18.837466,0.0,1.0,0.0,0.0,0.179605,2076.0,0.360738,1.0
2091.0,0.471781,0.466216,0.492679,0.492679,13.239191,-1.481799,-1.47961,40.0,40.0,17.915098,0.0,1.0,0.0,0.0,0.179605,2086.0,0.354795,1.0
2101.0,0.471884,0.466321,0.492786,0.492786,13.239197,-1.480289,-1.478032,40.0,40.0,17.932972,0.0,1.0,0.0,0.0,0.179736,2096.0,0.359274,1.0
2111.0,0.471988,0.466427,0.492892,0.492892,13.238753,-1.455644,-1.453446,40.0,40.0,18.225337,0.0,1.0,0.0,0.0,0.179736,2106.0,0.342732,1.0
2121.0,0.472092,0.466532,0.493001,0.493001,13.239097,-1.471166,-1.468916,40.0,40.0,18.041112,0.0,1.0,0.0,0.0,0.179736,2116.0,0.35522,1.0
2131.0,0.472195,0.466637,0.493104,0.493104,13.238967,-1.462729,-1.460568,40.0,40.0,18.141178,0.0,1.0,0.0,0.0,0.179736,2126.0,0.354461,1.0
2141.0,0.472298,0.466743,0.493212,0.493212,13.238779,-1.45121,-1.449002,40.0,40.0,18.277805,0.0,1.0,0.0,0.0,0.179736,2136.0,0.352969,1.0
2151.0,0.472402,0.466849,0.493319,0.493319,13.239035,-1.462232,-1.459945,40.0,40.0,18.146978,0.0,1.0,0.0,0.0,0.179736,2146.0,0.349866,1.0
2161.0,0.472507,0.466955,0.493427,0.493427,13.240383,-1.528771,-1.52652,40.0,40.0,17.357323,0.0,1.0,0.0,0.0,0.180734,2156.0,0.351885,1.0
2171.0,0.472609,0.467059,0.493536,0.493536,13.238871,-1.449991,-1.447735,40.0,40.0,18.292122,0.0,1.0,0.0,0.0,0.180734,2166.0,0.348443,1.0
2181.0,0.472712,0.467164,0.493643,0.493643,13.239066,-1.458118,-1.455854,40.0,40.0,18.195638,0.0,1.0,0.0,0.0,0.180734,2176.0,0.343302,1.0
2191.0,0.472816,0.46727,0.493749,0.493749,13.23847,-1.425824,-1.423688,40.0,40.0,18.578759,0.0,1.0,0.0,0.0,0.180734,2186.0,0.350367,1.0
2201.0,0.472921,0.467376,0.493857,0.493857,13.240048,-1.503937,-1.501643,40.0,40.0,17.651827,0.0,1.0,0.0,0.0,0.180734,2196.0,0.343484,1.0
2211.0,0.473024,0.467482,0.493966,0.493966,13.239067,-1.451875,-1.449729,40.0,40.0,18.269557,0.0,1.0,0.0,0.0,0.180734,2206.0,0.354162,1.0
2221.0,0.473128,0.467587,0.494076,0.494076,13.240202,-1.507652,-1.505505,40.0,40.0,17.60763,0.0,1.0,0.0,0.0,0.181874,2216.0,0.358428,1.0
2231.0,0.473232,0.467693,0.494182,0.494182,13.239027,-1.445695,-1.443499,40.0,40.0,18.342781,0.0,1.0,0.0,0.0,0.181874,2226.0,0.357636,1.0
2241.0,0.473336,0.467799,0.494291,0.494291,13.239093,-1.446853,-1.444641,40.0,40.0,18.328988,0.0,1.0,0.0,0.0,0.181874,2236.0,0.346372,1.0
2251.0,0.47344,0.467905,0.494399,0.494399,13.240031,-1.492587,-1.490533,40.0,40.0,17.786243,0.0,1.0,0.0,0.0,0.181874,2246.0,0.349517,1.0
2261.0,0.473544,0.468011,0.494508,0.494508,13.239242,-1.449967,-1.447693,40.0,40.0,18.291926,0.0,1.0,0.0,0.0,0.181874,2256.0,0.369528,1.0
2271.0,0.473649,0.468118,0.494619,0.494619,13.240254,-1.499271,-1.49695,40.0,40.0,17.706799,0.0,1.0,0.0,0.0,0.181874,2266.0,0.348513,1.0
2281.0,0.473753,0.468224,0.494728,0.494728,13.239711,-1.469435,-1.4674,40.0,40.0,18.060798,0.0,1.0,0.0,0.0,0.183465,2276.0,0.350315,1.0
2291.0,0.473858,0.46833,0.494838,0.494838,13.239721,-1.467596,-1.465448,40.0,40.0,18.082563,0.0,1.0,0.0,0.0,0.183465,2286.0,0.363536,1.0
2301.0,0.473962,0.468436,0.494947,0.494947,13.240156,-1.487663,-1.485445,40.0,40.0,17.844381,0.0,1.0,0.0,0.0,0.183465,2296.0,0.36242,1.0
2311.0,0.474065,0.468541,0.495058,0.495058,13.239639,-1.459348,-1.457246,40.0,40.0,18.180337,0.0,1.0,0.0,0.0,0.183465,2306.0,0.354403,1.0
2321.0,0.47417,0.468648,0.495166,0.495166,13.239788,-1.464591,-1.462333,40.0,40.0,18.118053,0.0,1.0,0.0,0.0,0.183465,2316.0,0.35293,1.0
2331.0,0.474274,0.468754,0.495274,0.495274,13.239692,-1.457536,-1.455439,40.0,40.0,18.201714,0.0,1.0,0.0,0.0,0.183465,2326.0,0.361708,1.0
2341.0,0.47438,0.468862,0.495387,0.495387,13.240044,-1.472751,-1.470432,40.0,40.0,18.021103,0.0,1.0,0.0,0.0,0.185083,2336.0,0.34987,1.0
2351.0,0.474483,0.468966,0.495491,0.495491,13.240393,-1.488852,-1.486816,40.0,40.0,17.829994,0.0,1.0,0.0,0.0,0.185083,2346.0,0.358945,1.0
2361.0,0.474587,0.469072,0.495599,0.495599,13.24014,-1.473825,-1.47147,40.0,40.0,18.008258,0.0,1.0,0.0,0.0,0.185083,2356.0,0.353948,1.0
2371.0,0.474691,0.469179,0.495707,0.495707,13.239953,-1.46204,-1.459883,40.0,40.0,18.148048,0.0,1.0,0.0,0.0,0.185083,2366.0,0.351826,1.0
2381.0,0.474795,0.469284,0.495811,0.495811,13.239816,-1.453102,-1.450871,40.0,40.0,18.254061,0.0,1.0,0.0,0.0,0.185083,2376.0,0.351903,1.0
2391.0,0.474898,0.469389,0.495921,0.495921,13.239869,-1.453852,-1.45166,40.0,40.0,18.245107,0.0,1.0,0.0,0.0,0.185083,2386.0,0.350921,1.0
2401.0,0.475003,0.469496,0.496034,0.496034,13.240604,-1.488928,-1.486795,40.0,40.0,17.828802,0.0,1.0,0.0,0.0,0.185103,2396.0,0.345523,1.0
2411.0,0.475107,0.469602,0.496143,0.496143,13.240645,-1.489047,-1.487086,40.0,40.0,17.82734,0.0,1.0,0.0,0.0,0.185103,2406.0,0.361066,1.0
2421.0,0.475212,0.469708,0.496251,0.496251,13.240973,-1.503399,-1.501227,40.0,40.0,17.656962,0.0,1.0,0.0,0.0,0.185103,2416.0,0.34883,1.0
2431.0,0.475315,0.469813,0.49636,0.49636,13.239495,-1.426213,-1.424021,40.0,40.0,18.572853,0.0,1.0,0.0,0.0,0.185103,2426.0,0.356463,1.0
2441.0,0.475419,0.469919,0.496467,0.496467,13.241144,-1.508185,-1.505962,40.0,40.0,17.600046,0.0,1.0,0.0,0.0,0.185103,2436.0,0.351817,1.0
2451.0,0.475524,0.470026,0.496574,0.496574,13.240364,-1.46596,-1.463642,40.0,40.0,18.101088,0.0,1.0,0.0,0.0,0.185103,2446.0,0.358708,1.0
2461.0,0.475628,0.470132,0.49668,0.49668,13.239893,-1.439898,-1.437643,40.0,40.0,18.410295,0.0,1.0,0.0,0.0,0.186519,2456.0,0.354553,1.0
2471.0,0.475732,0.470238,0.496787,0.496787,13.240469,-1.467287,-1.46522,40.0,40.0,18.085239,0.0,1.0,0.0,0.0,0.186519,2466.0,0.360573,1.0
2481.0,0.475836,0.470344,0.496894,0.496894,13.240696,-1.47665,-1.47446,40.0,40.0,17.974074,0.0,1.0,0.0,0.0,0.186519,2476.0,0.351442,1.0
2491.0,0.475939,0.470449,0.496999,0.496999,13.241312,-1.50617,-1.504155,40.0,40.0,17.623683,0.0,1.0,0.0,0.0,0.186519,2486.0,0.345525,1.0
2501.0,0.476044,0.470555,0.497109,0.497109,13.241339,-1.505348,-1.503221,40.0,40.0,17.633388,0.0,1.0,0.0,0.0,0.186519,2496.0,0.35901,1.0
2511.0,0.476148,0.470661,0.497216,0.497216,13.241118,-1.491983,-1.489827,40.0,40.0,17.791944,0.0,1.0,0.0,0.0,0.186519,2506.0,0.346315,1.0
2521.0,0.476251,0.470767,0.497322,0.497322,13.241386,-1.503563,-1.501435,40.0,40.0,17.654456,0.0,1.0,0.0,0.0,0.187634,2516.0,0.353828,1.0
2531.0,0.476355,0.470872,0.497431,0.497431,13.24132,-1.498247,-1.495953,40.0,40.0,17.717506,0.0,1.0,0.0,0.0,0.187634,2526.0,0.345783,1.0
2541.0,0.476459,0.470978,0.497537,0.497537,13.241787,-1.519987,-1.517777,40.0,40.0,17.459421,0.0,1.0,0.0,0.0,0.187634,2536.0,0.34934,1.0
2551.0,0.476564,0.471085,0.497647,0.497647,13.239839,-1.418217,-1.416088,40.0,40.0,18.667086,0.0,1.0,0.0,0.0,0.187634,2546.0,0.352826,1.0
2561.0,0.476668,0.471191,0.497753,0.497753,13.241124,-1.481528,-1.479257,40.0,40.0,17.915744,0.0,1.0,0.0,0.0,0.187634,2556.0,0.353751,1.0
2571.0,0.476772,0.471297,0.497861,0.497861,13.240982,-1.472208,-1.4701,40.0,40.0,18.026294,0.0,1.0,0.0,0.0,0.187634,2566.0,0.348628,1.0
2581.0,0.476876,0.471403,0.49797,0.49797,13.241869,-1.515327,-1.51296,40.0,40.0,17.514497,0.0,1.0,0.0,0.0,0.189074,2576.0,0.353809,1.0
2591.0,0.47698,0.471508,0.498079,0.498079,13.241004,-1.469325,-1.467213,40.0,40.0,18.060411,0.0,1.0,0.0,0.0,0.189074,2586.0,0.351668,1.0
2601.0,0.477084,0.471614,0.498191,0.498191,13.240333,-1.432862,-1.430603,40.0,40.0,18.493053,0.0,1.0,0.0,0.0,0.189074,2596.0,0.357506,1.0
2611.0,0.477187,0.471719,0.498294,0.498294,13.241252,-1.477942,-1.47581,40.0,40.0,17.958042,0.0,1.0,0.0,0.0,0.189074,2606.0,0.359259,1.0
2621.0,0.477291,0.471824,0.498401,0.498401,13.241364,-1.481732,-1.479548,40.0,40.0,17.913014,0.0,1.0,0.0,0.0,0.189074,2616.0,0.355896,1.0
2631.0,0.477394,0.47193,0.498508,0.498508,13.240853,-1.453616,-1.451411,40.0,40.0,18.246629,0.0,1.0,0.0,0.0,0.189074,2626.0,0.3511,1.0
2641.0,0.477498,0.472035,0.498614,0.498614,13.241317,-1.475367,-1.473173,40.0,40.0,17.988448,0.0,1.0,0.0,0.0,0.190038,2636.0,0.35098,1.0
2651.0,0.477601,0.47214,0.498721,0.498721,13.240935,-1.45402,-1.451722,40.0,40.0,18.241734,0.0,1.0,0.0,0.0,0.190038,2646.0,0.352494,1.0
2661.0,0.477704,0.472246,0.498826,0.498826,13.240708,-1.440512,-1.43839,40.0,40.0,18.401985,0.0,1.0,0.0,0.0,0.190038,2656.0,0.356134,1.0
2671.0,0.477809,0.472352,0.498931,0.498931,13.241001,-1.45311,-1.45085,40.0,40.0,18.252426,0.0,1.0,0.0,0.0,0.190038,2666.0,0.34605,1.0
2681.0,0.477912,0.472457,0.499038,0.499038,13.241464,-1.47483,-1.472695,40.0,40.0,17.994611,0.0,1.0,0.0,0.0,0.190038,2676.0,0.364269,1.0
2691.0,0.478017,0.472564,0.499147,0.499147,13.241491,-1.473762,-1.471657,40.0,40.0,18.007227,0.0,1.0,0.0,0.0,0.190038,2686.0,0.346043,1.0
2701.0,0.478121,0.47267,0.499252,0.499252,13.241454,-1.469829,-1.467649,40.0,40.0,18.053848,0.0,1.0,0.0,0.0,0.190307,2696.0,0.348751,1.0
2711.0,0.478226,0.472777,0.499359,0.499359,13.241187,-1.453623,-1.451556,40.0,40.0,18.246112,0.0,1.0,0.0,0.0,0.190307,2706.0,0.354696,1.0
2721.0,0.478329,0.472882,0.499463,0.499463,13.24124,-1.454371,-1.45222,40.0,40.0,18.237183,0.0,1.0,0.0,0.0,0.190307,2716.0,0.3507,1.0
2731.0,0.478433,0.472987,0.499569,0.499569,13.242289,-1.505983,-1.503678,40.0,40.0,17.624589,0.0,1.0,0.0,0.0,0.190307,2726.0,0.351159,1.0
2741.0,0.478538,0.473094,0.499675,0.499675,13.241944,-1.485724,-1.483535,40.0,40.0,17.864968,0.0,1.0,0.0,0.0,0.190307,2736.0,0.353362,1.0
2751.0,0.478642,0.4732,0.499784,0.499784,13.241863,-1.479671,-1.477368,40.0,40.0,17.936758,0.0,1.0,0.0,0.0,0.190307,2746.0,0.358789,1.0
2761.0,0.478745,0.473305,0.49989,0.49989,13.241195,-1.443596,-1.44136,40.0,40.0,18.364831,0.0,1.0,0.0,0.0,0.191762,2756.0,0.365395,1.0
2771.0,0.478848,0.47341,0.499992,0.499992,13.241302,-1.447411,-1.445326,40.0,40.0,18.319518,0.0,1.0,0.0,0.0,0.191762,2766.0,0.358783,1.0
2781.0,0.478952,0.473516,0.500098,0.500098,13.242466,-1.504497,-1.502245,40.0,40.0,17.641945,0.0,1.0,0.0,0.0,0.191762,2776.0,0.348037,1.0
2791.0,0.479056,0.473622,0.500205,0.500205,13.241821,-1.469508,-1.467359,40.0,40.0,18.057171,0.0,1.0,0.0,0.0,0.191762,2786.0,0.357878,1.0
2801.0,0.479159,0.473726,0.500312,0.500312,13.24238,-1.496374,-1.494167,40.0,40.0,17.738259,0.0,1.0,0.0,0.0,0.191762,2796.0,0.352409,1.0
2811.0,0.479262,0.473832,0.500418,0.500418,13.241604,-1.454763,-1.452656,40.0,40.0,18.232059,0.0,1.0,0.0,0.0,0.191762,2806.0,0.346975,1.0
2821.0,0.479367,0.473938,0.500528,0.500528,13.241127,-1.42797,-1.425765,40.0,40.0,18.549962,0.0,1.0,0.0,0.0,0.192866,2816.0,0.349264,1.0
2831.0,0.479472,0.474045,0.500636,0.500636,13.242588,-1.500216,-1.497967,40.0,40.0,17.692481,0.0,1.0,0.0,0.0,0.192866,2826.0,0.358797,1.0
2841.0,0.479575,0.47415,0.500744,0.500744,13.241449,-1.440121,-1.438079,40.0,40.0,18.405653,0.0,1.0,0.0,0.0,0.192866,2836.0,0.352478,1.0
2851.0,0.479679,0.474256,0.500848,0.500848,13.243163,-1.525511,-1.523197,40.0,40.0,17.392125,0.0,1.0,0.0,0.0,0.192866,2846.0,0.355981,1.0
2861.0,0.479783,0.474361,0.500957,0.500957,13.241894,-1.458606,-1.45654,40.0,40.0,18.186182,0.0,1.0,0.0,0.0,0.192866,2856.0,0.34756,1.0
2871.0,0.479886,0.474467,0.50106,0.50106,13.242342,-1.479523,-1.477409,40.0,40.0,17.937877,0.0,1.0,0.0,0.0,0.192866,2866.0,0.351824,1.0
2881.0,0.47999,0.474572,0.501166,0.501166,13.242004,-1.460171,-1.457827,40.0,40.0,18.167501,0.0,1.0,0.0,0.0,0.194098,2876.0,0.358187,1.0
2891.0,0.480095,0.474679,0.501273,0.501273,13.242117,-1.463422,-1.461233,40.0,40.0,18.128857,0.0,1.0,0.0,0.0,0.194098,2886.0,0.348779,1.0
2901.0,0.480198,0.474784,0.50138,0.50138,13.241899,-1.45031,-1.448233,40.0,40.0,18.284414,0.0,1.0,0.0,0.0,0.194098,2896.0,0.358115,1.0
2911.0,0.480303,0.474891,0.501487,0.501487,13.24276,-1.491884,-1.489682,40.0,40.0,17.790924,0.0,1.0,0.0,0.0,0.194098,2906.0,0.350007,1.0
2921.0,0.480407,0.474996,0.501595,0.501595,13.242359,-1.469393,-1.467462,40.0,40.0,18.057827,0.0,1.0,0.0,0.0,0.194098,2916.0,0.351846,1.0
2931.0,0.480511,0.475102,0.501698,0.501698,13.243118,-1.505985,-1.503802,40.0,40.0,17.623441,0.0,1.0,0.0,0.0,0.194098,2926.0,0.357264,1.0
2941.0,0.480614,0.475208,0.501805,0.501805,13.242077,-1.450876,-1.448773,40.0,40.0,18.277485,0.0,1.0,0.0,0.0,0.195569,2936.0,0.352593,1.0
2951.0,0.480717,0.475313,0.50191,0.50191,13.242061,-1.448233,-1.44597,40.0,40.0,18.3088,0.0,1.0,0.0,0.0,0.195569,2946.0,0.355107,1.0
2961.0,0.480821,0.475419,0.502013,0.502013,13.243145,-1.501352,-1.499151,40.0,40.0,17.678274,0.0,1.0,0.0,0.0,0.195569,2956.0,0.357078,1.0
2971.0,0.480925,0.475524,0.50212,0.50212,13.242807,-1.482294,-1.480171,40.0,40.0,17.904445,0.0,1.0,0.0,0.0,0.195569,2966.0,0.357612,1.0
2981.0,0.48103,0.47563,0.502227,0.502227,13.243662,-1.523379,-1.5211,40.0,40.0,17.416699,0.0,1.0,0.0,0.0,0.195569,2976.0,0.354826,1.0
2991.0,0.481134,0.475737,0.502333,0.502333,13.242785,-1.476156,-1.474004,40.0,40.0,17.977164,0.0,1.0,0.0,0.0,0.195569,2986.0,0.351622,1.0
3001.0,0.481239,0.475844,0.502443,0.502443,13.242727,-1.47077,-1.468646,40.0,40.0,18.04103,0.0,1.0,0.0,0.0,0.195951,2996.0,0.348155,1.0
3011.0,0.481342,0.475949,0.502545,0.502545,13.243461,-1.506452,-1.50401,40.0,40.0,17.617451,0.0,1.0,0.0,0.0,0.195951,3006.0,0.34998,1.0
3021.0,0.481446,0.476054,0.502654,0.502654,13.243362,-1.499311,-1.497053,40.0,40.0,17.702166,0.0,1.0,0.0,0.0,0.195951,3016.0,0.352612,1.0
3031.0,0.48155,0.476161,0.502763,0.502763,13.242518,-1.453938,-1.451618,40.0,40.0,18.240646,0.0,1.0,0.0,0.0,0.195951,3026.0,0.353833,1.0
3041.0,0.481654,0.476266,0.502868,0.502868,13.243213,-1.487243,-1.485009,40.0,40.0,17.845293,0.0,1.0,0.0,0.0,0.195951,3036.0,0.35442,1.0
3051.0,0.481758,0.476372,0.502971,0.502971,13.243837,-1.516916,-1.514766,40.0,40.0,17.493009,0.0,1.0,0.0,0.0,0.195951,3046.0,0.35933,1.0
3061.0,0.481862,0.476478,0.503079,0.503079,13.242771,-1.460473,-1.458409,40.0,40.0,18.162916,0.0,1.0,0.0,0.0,0.197197,3056.0,0.348284,1.0
3071.0,0.481966,0.476584,0.503185,0.503185,13.242378,-1.438256,-1.436065,40.0,40.0,18.426544,0.0,1.0,0.0,0.0,0.197197,3066.0,0.356214,1.0
3081.0,0.48207,0.47669,0.503292,0.503292,13.243602,-1.498542,-1.496347,40.0,40.0,17.710943,0.0,1.0,0.0,0.0,0.197197,3076.0,0.357549,1.0
3091.0,0.482174,0.476796,0.503399,0.503399,13.243352,-1.483606,-1.481396,40.0,40.0,17.88818,0.0,1.0,0.0,0.0,0.197197,3086.0,0.361117,1.0
3101.0,0.482279,0.476902,0.503504,0.503504,13.243485,-1.488209,-1.485965,40.0,40.0,17.833485,0.0,1.0,0.0,0.0,0.197197,3096.0,0.354072,1.0
3111.0,0.482382,0.477007,0.503613,0.503613,13.242773,-1.449892,-1.447673,40.0,40.0,18.288226,0.0,1.0,0.0,0.0,0.197197,3106.0,0.352455,1.0
3121.0,0.482487,0.477114,0.50372,0.50372,13.243795,-1.499725,-1.497469,40.0,40.0,17.696681,0.0,1.0,0.0,0.0,0.198515,3116.0,0.358456,1.0
3131.0,0.48259,0.477219,0.503824,0.503824,13.24317,-1.465815,-1.4636,40.0,40.0,18.099137,0.0,1.0,0.0,0.0,0.198515,3126.0,0.358727,1.0
3141.0,0.482695,0.477326,0.503931,0.503931,13.242924,-1.450869,-1.448753,40.0,40.0,18.276459,0.0,1.0,0.0,0.0,0.198515,3136.0,0.353655,1.0
3151.0,0.482801,0.477434,0.504041,0.504041,13.244398,-1.523274,-1.521038,40.0,40.0,17.416932,0.0,1.0,0.0,0.0,0.198515,3146.0,0.346666,1.0
3161.0,0.482904,0.477539,0.504147,0.504147,13.24304,-1.452142,-1.45004,40.0,40.0,18.261243,0.0,1.0,0.0,0.0,0.198515,3156.0,0.360124,1.0
3171.0,0.483008,0.477645,0.504253,0.504253,13.243901,-1.493904,-1.491675,40.0,40.0,17.765476,0.0,1.0,0.0,0.0,0.198515,3166.0,0.354022,1.0
3181.0,0.483113,0.477751,0.504362,0.504362,13.243765,-1.484825,-1.482559,40.0,40.0,17.873193,0.0,1.0,0.0,0.0,0.200005,3176.0,0.351336,1.0
3191.0,0.483216,0.477857,0.504466,0.504466,13.243024,-1.444948,-1.44271,40.0,40.0,18.346455,0.0,1.0,0.0,0.0,0.200005,3186.0,0.353283,1.0
3201.0,0.48332,0.477962,0.504575,0.504575,13.243592,-1.471837,-1.46958,40.0,40.0,18.027253,0.0,1.0,0.0,0.0,0.200005,3196.0,0.352528,1.0
3211.0,0.483423,0.478067,0.50468,0.50468,13.243862,-1.48394,-1.481791,40.0,40.0,17.883549,0.0,1.0,0.0,0.0,0.200005,3206.0,0.355968,1.0
3221.0,0.483528,0.478173,0.504786,0.504786,13.243637,-1.47017,-1.467982,40.0,40.0,18.046936,0.0,1.0,0.0,0.0,0.200005,3216.0,0.355399,1.0
3231.0,0.483631,0.478279,0.504892,0.504892,13.243783,-1.475634,-1.473318,40.0,40.0,17.982027,0.0,1.0,0.0,0.0,0.200005,3226.0,0.355994,1.0
3241.0,0.483735,0.478385,0.504999,0.504999,13.244907,-1.53088,-1.528679,40.0,40.0,17.326149,0.0,1.0,0.0,0.0,0.201079,3236.0,0.353493,1.0
3251.0,0.483838,0.478489,0.505102,0.505102,13.243843,-1.474891,-1.472591,40.0,40.0,17.990756,0.0,1.0,0.0,0.0,0.201079,3246.0,0.349513,1.0
3261.0,0.483942,0.478595,0.505209,0.505209,13.244272,-1.494618,-1.492485,40.0,40.0,17.756524,0.0,1.0,0.0,0.0,0.201079,3256.0,0.347658,1.0
3271.0,0.484047,0.478702,0.505315,0.505315,13.243223,-1.438638,-1.43648,40.0,40.0,18.420934,0.0,1.0,0.0,0.0,0.201079,3266.0,0.349156,1.0
3281.0,0.48415,0.478807,0.50542,0.50542,13.242802,-1.415366,-1.413077,40.0,40.0,18.697089,0.0,1.0,0.0,0.0,0.201079,3276.0,0.354585,1.0
3291.0,0.484255,0.478914,0.505528,0.505528,13.244028,-1.475515,-1.473318,40.0,40.0,17.983123,0.0,1.0,0.0,0.0,0.201079,3286.0,0.343549,1.0
3301.0,0.484359,0.479019,0.50563,0.50563,13.2436,-1.451584,-1.449521,40.0,40.0,18.26712,0.0,1.0,0.0,0.0,0.201314,3296.0,0.350265,1.0
3311.0,0.484463,0.479126,0.505735,0.505735,13.243909,-1.464995,-1.462832,40.0,40.0,18.107872,0.0,1.0,0.0,0.0,0.201314,3306.0,0.353941,1.0
3321.0,0.484568,0.479232,0.50584,0.50584,13.243826,-1.458542,-1.456187,40.0,40.0,18.184419,0.0,1.0,0.0,0.0,0.201314,3316.0,0.344282,1.0
3331.0,0.484671,0.479338,0.505947,0.505947,13.243947,-1.462689,-1.460589,40.0,40.0,18.135134,0.0,1.0,0.0,0.0,0.201314,3326.0,0.35058,1.0
3341.0,0.484775,0.479443,0.50605,0.50605,13.245459,-1.537863,-1.535761,40.0,40.0,17.242682,0.0,1.0,0.0,0.0,0.201314,3336.0,0.364565,1.0
3351.0,0.484878,0.479548,0.506158,0.506158,13.243936,-1.458513,-1.456353,40.0,40.0,18.184619,0.0,1.0,0.0,0.0,0.201314,3346.0,0.357116,1.0
3361.0,0.484982,0.479654,0.506263,0.506263,13.244659,-1.493088,-1.490928,40.0,40.0,17.774134,0.0,1.0,0.0,0.0,0.20249,3356.0,0.344718,1.0
3371.0,0.485086,0.47976,0.506371,0.506371,13.243417,-1.427452,-1.425121,40.0,40.0,18.553174,0.0,1.0,0.0,0.0,0.20249,3366.0,0.358554,1.0
3381.0,0.48519,0.479865,0.506474,0.506474,13.24319,-1.41391,-1.411852,40.0,40.0,18.71385,0.0,1.0,0.0,0.0,0.20249,3376.0,0.358394,1.0
3391.0,0.485293,0.47997,0.506578,0.506578,13.244022,-1.454629,-1.452511,40.0,40.0,18.2305,0.0,1.0,0.0,0.0,0.20249,3386.0,0.352075,1.0
3401.0,0.485396,0.480075,0.506682,0.506682,13.245043,-1.50513,-1.503034,40.0,40.0,17.630976,0.0,1.0,0.0,0.0,0.20249,3396.0,0.350548,1.0
3411.0,0.4855,0.480181,0.506788,0.506788,13.244447,-1.472299,-1.47012,40.0,40.0,18.020662,0.0,1.0,0.0,0.0,0.20249,3406.0,0.346708,1.0
3421.0,0.485605,0.480288,0.506896,0.506896,13.245166,-1.506491,-1.504238,40.0,40.0,17.614693,0.0,1.0,0.0,0.0,0.203747,3416.0,0.341689,1.0
3431.0,0.485709,0.480394,0.507002,0.507002,13.244626,-1.476844,-1.474357,40.0,40.0,17.96659,0.0,1.0,0.0,0.0,0.203747,3426.0,0.348763,1.0
3441.0,0.485814,0.4805,0.507109,0.507109,13.244463,-1.466036,-1.463766,40.0,40.0,18.094824,0.0,1.0,0.0,0.0,0.203747,3436.0,0.357188,1.0
3451.0,0.485918,0.480607,0.507217,0.507217,13.244859,-1.483964,-1.481728,40.0,40.0,17.881942,0.0,1.0,0.0,0.0,0.203747,3446.0,0.361219,1.0
3461.0,0.486021,0.480712,0.507319,0.507319,13.243643,-1.420052,-1.417791,40.0,40.0,18.640532,0.0,1.0,0.0,0.0,0.203747,3456.0,0.346085,1.0
3471.0,0.486125,0.480817,0.507425,0.507425,13.244999,-1.487153,-1.484989,40.0,40.0,17.843984,0.0,1.0,0.0,0.0,0.203747,3466.0,0.354514,1.0
3481.0,0.486229,0.480924,0.507529,0.507529,13.245339,-1.502285,-1.500168,40.0,40.0,17.664284,0.0,1.0,0.0,0.0,0.205167,3476.0,0.354631,1.0
3491.0,0.486333,0.481029,0.507634,0.507634,13.244506,-1.457888,-1.455834,40.0,40.0,18.19127,0.0,1.0,0.0,0.0,0.205167,3486.0,0.348552,1.0
3501.0,0.486437,0.481134,0.50774,0.50774,13.245169,-1.489632,-1.48746,40.0,40.0,17.814396,0.0,1.0,0.0,0.0,0.205167,3496.0,0.352374,1.0
3511.0,0.486541,0.481241,0.507848,0.507848,13.245727,-1.515712,-1.513521,40.0,40.0,17.504706,0.0,1.0,0.0,0.0,0.205167,3506.0,0.361119,1.0
3521.0,0.486646,0.481348,0.507959,0.507959,13.244613,-1.456448,-1.454235,40.0,40.0,18.208188,0.0,1.0,0.0,0.0,0.205167,3516.0,0.356425,1.0
3531.0,0.486749,0.481452,0.50806,0.50806,13.244266,-1.436938,-1.434653,40.0,40.0,18.439731,0.0,1.0,0.0,0.0,0.205167,3526.0,0.348533,1.0
3541.0,0.486854,0.481559,0.508168,0.508168,13.245162,-1.480228,-1.478115,40.0,40.0,17.925795,0.0,1.0,0.0,0.0,0.206605,3536.0,0.35873,1.0
3551.0,0.486958,0.481665,0.508274,0.508274,13.24485,-1.462101,-1.459945,40.0,40.0,18.140926,0.0,1.0,0.0,0.0,0.206605,3546.0,0.345691,1.0
3561.0,0.487062,0.481771,0.508377,0.508377,13.2458,-1.508501,-1.506315,40.0,40.0,17.59003,0.0,1.0,0.0,0.0,0.206605,3556.0,0.350916,1.0
3571.0,0.487165,0.481876,0.50848,0.50848,13.245709,-1.502137,-1.499961,40.0,40.0,17.665539,0.0,1.0,0.0,0.0,0.206605,3566.0,0.352329,1.0
3581.0,0.487269,0.481981,0.508583,0.508583,13.245242,-1.476274,-1.474149,40.0,40.0,17.972528,0.0,1.0,0.0,0.0,0.206605,3576.0,0.354164,1.0
3591.0,0.487373,0.482087,0.508687,0.508687,13.246027,-1.514154,-1.511963,40.0,40.0,17.522756,0.0,1.0,0.0,0.0,0.206605,3586.0,0.357267,1.0
3601.0,0.487477,0.482193,0.508794,0.508794,13.246145,-1.517957,-1.515805,40.0,40.0,17.477549,0.0,1.0,0.0,0.0,0.206627,3596.0,0.355473,1.0
3611.0,0.487581,0.482299,0.508899,0.508899,13.244779,-1.446178,-1.443976,40.0,40.0,18.329628,0.0,1.0,0.0,0.0,0.206627,3606.0,0.35352,1.0
3621.0,0.487685,0.482405,0.509002,0.509002,13.245157,-1.463145,-1.461108,40.0,40.0,18.12815,0.0,1.0,0.0,0.0,0.206627,3616.0,0.343793,1.0
3631.0,0.487788,0.482511,0.509107,0.509107,13.244856,-1.445962,-1.443706,40.0,40.0,18.332085,0.0,1.0,0.0,0.0,0.206627,3626.0,0.362879,1.0
3641.0,0.487892,0.482616,0.509212,0.509212,13.245894,-1.496934,-1.494665,40.0,40.0,17.726926,0.0,1.0,0.0,0.0,0.206627,3636.0,0.354471,1.0
3651.0,0.487995,0.482721,0.509317,0.509317,13.245471,-1.473497,-1.471221,40.0,40.0,18.005116,0.0,1.0,0.0,0.0,0.206627,3646.0,0.355107,1.0
3661.0,0.488099,0.482827,0.509423,0.509423,13.245453,-1.470559,-1.468397,40.0,40.0,18.039945,0.0,1.0,0.0,0.0,0.207811,3656.0,0.358989,1.0
3671.0,0.488203,0.482933,0.509527,0.509527,13.244688,-1.429196,-1.426928,40.0,40.0,18.530891,0.0,1.0,0.0,0.0,0.207811,3666.0,0.353004,1.0
3681.0,0.488308,0.48304,0.509632,0.509632,13.246607,-1.524604,-1.522346,40.0,40.0,17.39818,0.0,1.0,0.0,0.0,0.207811,3676.0,0.358051,1.0
3691.0,0.488412,0.483146,0.509738,0.509738,13.246309,-1.507253,-1.505173,40.0,40.0,17.604125,0.0,1.0,0.0,0.0,0.207811,3686.0,0.345363,1.0
3701.0,0.488517,0.483252,0.509844,0.509844,13.24534,-1.455299,-1.45303,40.0,40.0,18.220851,0.0,1.0,0.0,0.0,0.207811,3696.0,0.34601,1.0
3711.0,0.488622,0.483359,0.509948,0.509948,13.245171,-1.444301,-1.442045,40.0,40.0,18.351354,0.0,1.0,0.0,0.0,0.207811,3706.0,0.352443,1.0
3721.0,0.488726,0.483465,0.510055,0.510055,13.245209,-1.444107,-1.441838,40.0,40.0,18.353602,0.0,1.0,0.0,0.0,0.209543,3716.0,0.35572,1.0
3731.0,0.488829,0.48357,0.51016,0.51016,13.245877,-1.476503,-1.474336,40.0,40.0,17.968968,0.0,1.0,0.0,0.0,0.209543,3726.0,0.362351,1.0
3741.0,0.488932,0.483675,0.510264,0.510264,13.245408,-1.450695,-1.448462,40.0,40.0,18.275299,0.0,1.0,0.0,0.0,0.209543,3736.0,0.3493,1.0
3751.0,0.489036,0.483781,0.510368,0.510368,13.245623,-1.459499,-1.457246,40.0,40.0,18.170733,0.0,1.0,0.0,0.0,0.209543,3746.0,0.354232,1.0
3761.0,0.48914,0.483886,0.510476,0.510476,13.245077,-1.429701,-1.427447,40.0,40.0,18.524417,0.0,1.0,0.0,0.0,0.209543,3756.0,0.358465,1.0
3771.0,0.489244,0.483992,0.510579,0.510579,13.247415,-1.54664,-1.544544,40.0,40.0,17.136008,0.0,1.0,0.0,0.0,0.209543,3766.0,0.354804,1.0
3781.0,0.489348,0.484098,0.510686,0.510686,13.245485,-1.446255,-1.44408,40.0,40.0,18.327794,0.0,1.0,0.0,0.0,0.210565,3776.0,0.354641,1.0
3791.0,0.48945,0.484202,0.510789,0.510789,13.245587,-1.449819,-1.447673,40.0,40.0,18.285451,0.0,1.0,0.0,0.0,0.210565,3786.0,0.35062,1.0
3801.0,0.489554,0.484308,0.510894,0.510894,13.247076,-1.523664,-1.521557,40.0,40.0,17.408671,0.0,1.0,0.0,0.0,0.210565,3796.0,0.35448,1.0
3811.0,0.489658,0.484414,0.511001,0.511001,13.246158,-1.474687,-1.472508,40.0,40.0,17.990114,0.0,1.0,0.0,0.0,0.210565,3806.0,0.348677,1.0
3821.0,0.489761,0.484519,0.511104,0.511104,13.246346,-1.482437,-1.480296,40.0,40.0,17.898055,0.0,1.0,0.0,0.0,0.210565,3816.0,0.360528,1.0
3831.0,0.489866,0.484625,0.511211,0.511211,13.246141,-1.469625,-1.4674,40.0,40.0,18.050107,0.0,1.0,0.0,0.0,0.210565,3826.0,0.344169,1.0
3841.0,0.489971,0.484732,0.511315,0.511315,13.247103,-1.516278,-1.51404,40.0,40.0,17.496141,0.0,1.0,0.0,0.0,0.211761,3836.0,0.345326,1.0
3851.0,0.490074,0.484837,0.511422,0.511422,13.246347,-1.475654,-1.473547,40.0,40.0,17.978406,0.0,1.0,0.0,0.0,0.211761,3846.0,0.360308,1.0
3861.0,0.490179,0.484944,0.511528,0.511528,13.247759,-1.545288,-1.543029,40.0,40.0,17.151541,0.0,1.0,0.0,0.0,0.211761,3856.0,0.355953,1.0
3871.0,0.490284,0.485051,0.511635,0.511635,13.247561,-1.532693,-1.530652,40.0,40.0,17.30104,0.0,1.0,0.0,0.0,0.211761,3866.0,0.353541,1.0
3881.0,0.490388,0.485156,0.51174,0.51174,13.246981,-1.501012,-1.498839,40.0,40.0,17.677159,0.0,1.0,0.0,0.0,0.211761,3876.0,0.345009,1.0
3891.0,0.490491,0.485261,0.511842,0.511842,13.24688,-1.494135,-1.491924,40.0,40.0,17.758764,0.0,1.0,0.0,0.0,0.211761,3886.0,0.367728,1.0
3901.0,0.490594,0.485367,0.511943,0.511943,13.246842,-1.490146,-1.487688,40.0,40.0,17.806074,0.0,1.0,0.0,0.0,0.212012,3896.0,0.362593,1.0
3911.0,0.490699,0.485473,0.512051,0.512051,13.245883,-1.438798,-1.436688,40.0,40.0,18.415615,0.0,1.0,0.0,0.0,0.212012,3906.0,0.344031,1.0
3921.0,0.490803,0.485579,0.512154,0.512154,13.247357,-1.511899,-1.509679,40.0,40.0,17.547676,0.0,1.0,0.0,0.0,0.212012,3916.0,0.355514,1.0
3931.0,0.490906,0.485684,0.512258,0.512258,13.246536,-1.468194,-1.466092,40.0,40.0,18.066542,0.0,1.0,0.0,0.0,0.212012,3926.0,0.351929,1.0
3941.0,0.491011,0.48579,0.512361,0.512361,13.246865,-1.482617,-1.480337,40.0,40.0,17.895236,0.0,1.0,0.0,0.0,0.212012,3936.0,0.359114,1.0
3951.0,0.491114,0.485896,0.512462,0.512462,13.24799,-1.538057,-1.53574,40.0,40.0,17.236893,0.0,1.0,0.0,0.0,0.212012,3946.0,0.34613,1.0
3961.0,0.491218,0.486002,0.51257,0.51257,13.246086,-1.43869,-1.436522,40.0,40.0,18.416631,0.0,1.0,0.0,0.0,0.213389,3956.0,0.347047,1.0
3971.0,0.491323,0.486109,0.512678,0.512678,13.247387,-1.502598,-1.500521,40.0,40.0,17.657825,0.0,1.0,0.0,0.0,0.213389,3966.0,0.349992,1.0
3981.0,0.491427,0.486214,0.512782,0.512782,13.246178,-1.438957,-1.436812,40.0,40.0,18.413349,0.0,1.0,0.0,0.0,0.213389,3976.0,0.349342,1.0
3991.0,0.491532,0.486321,0.512891,0.512891,13.247341,-1.495638,-1.493399,40.0,40.0,17.740338,0.0,1.0,0.0,0.0,0.213389,3986.0,0.350753,1.0
4001.0,0.491637,0.486428,0.512998,0.512998,13.247604,-1.506644,-1.504467,40.0,40.0,17.609594,0.0,1.0,0.0,0.0,0.213389,3996.0,0.364069,1.0
4011.0,0.491741,0.486533,0.513102,0.513102,13.247702,-1.509713,-1.507457,40.0,40.0,17.573106,0.0,1.0,0.0,0.0,0.213389,4006.0,0.352371,1.0
4021.0,0.491846,0.48664,0.513207,0.513207,13.24774,-1.509149,-1.507125,40.0,40.0,17.579739,0.0,1.0,0.0,0.0,0.214966,4016.0,0.34435,1.0
4031.0,0.49195,0.486746,0.513313,0.513313,13.247482,-1.493836,-1.49153,40.0,40.0,17.761505,0.0,1.0,0.0,0.0,0.214966,4026.0,0.34482,1.0
4041.0,0.492054,0.486853,0.513418,0.513418,13.246875,-1.460606,-1.458284,40.0,40.0,18.155982,0.0,1.0,0.0,0.0,0.214966,4036.0,0.356666,1.0
4051.0,0.492159,0.486959,0.513524,0.513524,13.247833,-1.507182,-1.504924,40.0,40.0,17.602918,0.0,1.0,0.0,0.0,0.214966,4046.0,0.360839,1.0
4061.0,0.492263,0.487065,0.513632,0.513632,13.247133,-1.469304,-1.467089,40.0,40.0,18.052608,0.0,1.0,0.0,0.0,0.214966,4056.0,0.35395,1.0
4071.0,0.492367,0.487171,0.513735,0.513735,13.247216,-1.471603,-1.469456,40.0,40.0,18.025253,0.0,1.0,0.0,0.0,0.214966,4066.0,0.348386,1.0
4081.0,0.492471,0.487277,0.513842,0.513842,13.247007,-1.458808,-1.456706,40.0,40.0,18.177119,0.0,1.0,0.0,0.0,0.216272,4076.0,0.341939,1.0
4091.0,0.492574,0.487382,0.513948,0.513948,13.247142,-1.463858,-1.461544,40.0,40.0,18.117111,0.0,1.0,0.0,0.0,0.216272,4086.0,0.361705,1.0
4101.0,0.492678,0.487487,0.514053,0.514053,13.248894,-1.551387,-1.549258,40.0,40.0,17.077711,0.0,1.0,0.0,0.0,0.216272,4096.0,0.355282,1.0
4111.0,0.492781,0.487593,0.514156,0.514156,13.247778,-1.492421,-1.490284,40.0,40.0,17.777867,0.0,1.0,0.0,0.0,0.216272,4106.0,0.356085,1.0
4121.0,0.492886,0.487699,0.514263,0.514263,13.24696,-1.448317,-1.446095,40.0,40.0,18.301467,0.0,1.0,0.0,0.0,0.216272,4116.0,0.35591,1.0
4131.0,0.492989,0.487805,0.514365,0.514365,13.246627,-1.429459,-1.427405,40.0,40.0,18.525297,0.0,1.0,0.0,0.0,0.216272,4126.0,0.358673,1.0
4141.0,0.493093,0.48791,0.514467,0.514467,13.247594,-1.476708,-1.474585,40.0,40.0,17.964276,0.0,1.0,0.0,0.0,0.217312,4136.0,0.3571,1.0
4151.0,0.493197,0.488016,0.51457,0.51457,13.245577,-1.371895,-1.369802,40.0,40.0,19.20853,0.0,1.0,0.0,0.0,0.217312,4146.0,0.354769,1.0
4161.0,0.493301,0.488122,0.514677,0.514677,13.247332,-1.459261,-1.456976,40.0,40.0,18.171328,0.0,1.0,0.0,0.0,0.217312,4156.0,0.346328,1.0
4171.0,0.493405,0.488228,0.514781,0.514781,13.24766,-1.473841,-1.471678,40.0,40.0,17.99816,0.0,1.0,0.0,0.0,0.217312,4166.0,0.358564,1.0
4181.0,0.493509,0.488333,0.514887,0.514887,13.247371,-1.457149,-1.454961,40.0,40.0,18.196294,0.0,1.0,0.0,0.0,0.217312,4176.0,0.359483,1.0
4191.0,0.493613,0.48844,0.514988,0.514988,13.248036,-1.488772,-1.486463,40.0,40.0,17.820762,0.0,1.0,0.0,0.0,0.217312,4186.0,0.365614,1.0
4201.0,0.493717,0.488546,0.515094,0.515094,13.248541,-1.512382,-1.510281,40.0,40.0,17.540344,0.0,1.0,0.0,0.0,0.217519,4196.0,0.349154,1.0
4211.0,0.493821,0.488651,0.515199,0.515199,13.246919,-1.427529,-1.425329,40.0,40.0,18.547792,0.0,1.0,0.0,0.0,0.217519,4206.0,0.352185,1.0
4221.0,0.493925,0.488757,0.515303,0.515303,13.247632,-1.461733,-1.459634,40.0,40.0,18.141646,0.0,1.0,0.0,0.0,0.217519,4216.0,0.350306,1.0
4231.0,0.49403,0.488864,0.515407,0.515407,13.248333,-1.49528,-1.493191,40.0,40.0,17.74326,0.0,1.0,0.0,0.0,0.217519,4226.0,0.357783,1.0
4241.0,0.494134,0.48897,0.515512,0.515512,13.248361,-1.494349,-1.49209,40.0,40.0,17.754253,0.0,1.0,0.0,0.0,0.217519,4236.0,0.363854,1.0
4251.0,0.494239,0.489076,0.515616,0.515616,13.248352,-1.49165,-1.489432,40.0,40.0,17.78624,0.0,1.0,0.0,0.0,0.217519,4246.0,0.345776,1.0
4261.0,0.494343,0.489182,0.515721,0.515721,13.24693,-1.417005,-1.415008,40.0,40.0,18.672453,0.0,1.0,0.0,0.0,0.218972,4256.0,0.351329,1.0
4271.0,0.494447,0.489288,0.51583,0.51583,13.247869,-1.462644,-1.460506,40.0,40.0,18.130536,0.0,1.0,0.0,0.0,0.218972,4266.0,0.341006,1.0
4281.0,0.494552,0.489395,0.515936,0.515936,13.248649,-1.499967,-1.497718,40.0,40.0,17.687294,0.0,1.0,0.0,0.0,0.218972,4276.0,0.350105,1.0
4291.0,0.494656,0.489501,0.51604,0.51604,13.247977,-1.46364,-1.461565,40.0,40.0,18.118597,0.0,1.0,0.0,0.0,0.218972,4286.0,0.35928,1.0
4301.0,0.49476,0.489607,0.516144,0.516144,13.248765,-1.50165,-1.499379,40.0,40.0,17.667208,0.0,1.0,0.0,0.0,0.218972,4296.0,0.341864,1.0
4311.0,0.494864,0.489713,0.516249,0.516249,13.248926,-1.507817,-1.505671,40.0,40.0,17.593917,0.0,1.0,0.0,0.0,0.218972,4306.0,0.342443,1.0
4321.0,0.494969,0.489819,0.516354,0.516354,13.248663,-1.49219,-1.490055,40.0,40.0,17.779422,0.0,1.0,0.0,0.0,0.220331,4316.0,0.350718,1.0
4331.0,0.495073,0.489926,0.51646,0.51646,13.247688,-1.440231,-1.437954,40.0,40.0,18.396325,0.0,1.0,0.0,0.0,0.220331,4326.0,0.35321,1.0
4341.0,0.495178,0.490032,0.516566,0.516566,13.248377,-1.473162,-1.470993,40.0,40.0,18.005254,0.0,1.0,0.0,0.0,0.220331,4336.0,0.351035,1.0
4351.0,0.495282,0.490138,0.516674,0.516674,13.248335,-1.468875,-1.466673,40.0,40.0,18.0561,0.0,1.0,0.0,0.0,0.220331,4346.0,0.361997,1.0
4361.0,0.495386,0.490244,0.51678,0.51678,13.248162,-1.457728,-1.455398,40.0,40.0,18.188408,0.0,1.0,0.0,0.0,0.220331,4356.0,0.355438,1.0
4371.0,0.495491,0.490351,0.516886,0.516886,13.248362,-1.465806,-1.463517,40.0,40.0,18.092432,0.0,1.0,0.0,0.0,0.220331,4366.0,0.346675,1.0
4381.0,0.495594,0.490456,0.516991,0.516991,13.24785,-1.437933,-1.435857,40.0,40.0,18.423342,0.0,1.0,0.0,0.0,0.221718,4376.0,0.354478,1.0
4391.0,0.495696,0.49056,0.517093,0.517093,13.248284,-1.458622,-1.456457,40.0,40.0,18.177651,0.0,1.0,0.0,0.0,0.221718,4386.0,0.350441,1.0
4401.0,0.4958,0.490665,0.517197,0.517197,13.249068,-1.496639,-1.494478,40.0,40.0,17.726171,0.0,1.0,0.0,0.0,0.221718,4396.0,0.356493,1.0
4411.0,0.495904,0.490771,0.517299,0.517299,13.24857,-1.469178,-1.467213,40.0,40.0,18.052209,0.0,1.0,0.0,0.0,0.221718,4406.0,0.347348,1.0
4421.0,0.496008,0.490877,0.517405,0.517405,13.248464,-1.46168,-1.459613,40.0,40.0,18.141183,0.0,1.0,0.0,0.0,0.221718,4416.0,0.359199,1.0
4431.0,0.496112,0.490983,0.517508,0.517508,13.248781,-1.475603,-1.47336,40.0,40.0,17.975797,0.0,1.0,0.0,0.0,0.221718,4426.0,0.347138,1.0
4441.0,0.496215,0.491088,0.517611,0.517611,13.249193,-1.494701,-1.492526,40.0,40.0,17.748963,0.0,1.0,0.0,0.0,0.222576,4436.0,0.353902,1.0
4451.0,0.496319,0.491194,0.517716,0.517716,13.249131,-1.489391,-1.48721,40.0,40.0,17.81197,0.0,1.0,0.0,0.0,0.222576,4446.0,0.356229,1.0
4461.0,0.496424,0.491301,0.51782,0.51782,13.248406,-1.450031,-1.44788,40.0,40.0,18.279279,0.0,1.0,0.0,0.0,0.222576,4456.0,0.352748,1.0
4471.0,0.496527,0.491406,0.517924,0.517924,13.248782,-1.467555,-1.465282,40.0,40.0,18.071156,0.0,1.0,0.0,0.0,0.222576,4466.0,0.354102,1.0
4481.0,0.496631,0.491512,0.51803,0.51803,13.250075,-1.531263,-1.52897,40.0,40.0,17.314534,0.0,1.0,0.0,0.0,0.222576,4476.0,0.355543,1.0
4491.0,0.496735,0.491617,0.518133,0.518133,13.249373,-1.493502,-1.491156,40.0,40.0,17.762932,0.0,1.0,0.0,0.0,0.222576,4486.0,0.360155,1.0
4501.0,0.496839,0.491723,0.518239,0.518239,13.248358,-1.439679,-1.437456,40.0,40.0,18.40199,0.0,1.0,0.0,0.0,0.22284,4496.0,0.355975,1.0
4511.0,0.496943,0.491829,0.518345,0.518345,13.249119,-1.476077,-1.474004,40.0,40.0,17.96974,0.0,1.0,0.0,0.0,0.22284,4506.0,0.350948,1.0
4521.0,0.497048,0.491936,0.51845,0.51845,13.248905,-1.462931,-1.460714,40.0,40.0,18.125789,0.0,1.0,0.0,0.0,0.22284,4516.0,0.348973,1.0
4531.0,0.497151,0.492041,0.518554,0.518554,13.249356,-1.483964,-1.481791,40.0,40.0,17.875969,0.0,1.0,0.0,0.0,0.22284,4526.0,0.350819,1.0
4541.0,0.497253,0.492145,0.518657,0.518657,13.248388,-1.433288,-1.431123,40.0,40.0,18.477677,0.0,1.0,0.0,0.0,0.22284,4536.0,0.355641,1.0
4551.0,0.497357,0.49225,0.518763,0.518763,13.248704,-1.447458,-1.445368,40.0,40.0,18.309386,0.0,1.0,0.0,0.0,0.22284,4546.0,0.357645,1.0
4561.0,0.497459,0.492354,0.518866,0.518866,13.248316,-1.426222,-1.424145,40.0,40.0,18.561491,0.0,1.0,0.0,0.0,0.223764,4556.0,0.356535,1.0
4571.0,0.497564,0.492461,0.518972,0.518972,13.249711,-1.494874,-1.492859,40.0,40.0,17.746225,0.0,1.0,0.0,0.0,0.223764,4566.0,0.348957,1.0
4581.0,0.497667,0.492566,0.519076,0.519076,13.249028,-1.458177,-1.455979,40.0,40.0,18.181952,0.0,1.0,0.0,0.0,0.223764,4576.0,0.343593,1.0
4591.0,0.497771,0.492672,0.51918,0.51918,13.249061,-1.457624,-1.45546,40.0,40.0,18.188468,0.0,1.0,0.0,0.0,0.223764,4586.0,0.34923,1.0
4601.0,0.497874,0.492777,0.519284,0.519284,13.249563,-1.481183,-1.478925,40.0,40.0,17.908652,0.0,1.0,0.0,0.0,0.223764,4596.0,0.352862,1.0
4611.0,0.497979,0.492884,0.519388,0.519388,13.249282,-1.464382,-1.462188,40.0,40.0,18.108105,0.0,1.0,0.0,0.0,0.223764,4606.0,0.358692,1.0
4621.0,0.498083,0.49299,0.519497,0.519497,13.24953,-1.47477,-1.472612,40.0,40.0,17.984679,0.0,1.0,0.0,0.0,0.225241,4616.0,0.355661,1.0
4631.0,0.498188,0.493096,0.5196,0.5196,13.248994,-1.445215,-1.443042,40.0,40.0,18.33558,0.0,1.0,0.0,0.0,0.225241,4626.0,0.3505,1.0
4641.0,0.498292,0.493202,0.519704,0.519704,13.249757,-1.481754,-1.479548,40.0,40.0,17.901633,0.0,1.0,0.0,0.0,0.225241,4636.0,0.342024,1.0
4651.0,0.498396,0.493308,0.519808,0.519808,13.249062,-1.444381,-1.442045,40.0,40.0,18.345371,0.0,1.0,0.0,0.0,0.225241,4646.0,0.354389,1.0
4661.0,0.498499,0.493413,0.519913,0.519913,13.249292,-1.45404,-1.451867,40.0,40.0,18.230626,0.0,1.0,0.0,0.0,0.225241,4656.0,0.350064,1.0
4671.0,0.498602,0.493518,0.520016,0.520016,13.248775,-1.426007,-1.424,40.0,40.0,18.563449,0.0,1.0,0.0,0.0,0.225241,4666.0,0.362352,1.0
4681.0,0.498707,0.493624,0.520125,0.520125,13.24789,-1.378337,-1.376094,40.0,40.0,19.129361,0.0,1.0,0.0,0.0,0.226637,4676.0,0.35506,1.0
4691.0,0.498811,0.49373,0.520228,0.520228,13.249885,-1.477935,-1.475706,40.0,40.0,17.946713,0.0,1.0,0.0,0.0,0.226637,4686.0,0.352777,1.0
4701.0,0.498915,0.493836,0.520333,0.520333,13.249967,-1.480075,-1.477845,40.0,40.0,17.921249,0.0,1.0,0.0,0.0,0.226637,4696.0,0.351165,1.0
4711.0,0.499018,0.493941,0.520436,0.520436,13.249724,-1.465897,-1.463662,40.0,40.0,18.089574,0.0,1.0,0.0,0.0,0.226637,4706.0,0.344881,1.0
4721.0,0.499121,0.494046,0.520541,0.520541,13.249385,-1.4467,-1.444516,40.0,40.0,18.317481,0.0,1.0,0.0,0.0,0.226637,4716.0,0.35942,1.0
4731.0,0.499226,0.494153,0.520648,0.520648,13.249694,-1.459864,-1.457723,40.0,40.0,18.1611,0.0,1.0,0.0,0.0,0.226637,4726.0,0.351815,1.0
4741.0,0.49933,0.494259,0.520753,0.520753,13.24964,-1.454908,-1.452781,40.0,40.0,18.219888,0.0,1.0,0.0,0.0,0.22792,4736.0,0.351805,1.0
4751.0,0.499435,0.494365,0.520855,0.520855,13.250255,-1.483967,-1.481749,40.0,40.0,17.874744,0.0,1.0,0.0,0.0,0.22792,4746.0,0.347911,1.0
4761.0,0.499537,0.494469,0.52096,0.52096,13.249156,-1.426448,-1.424208,40.0,40.0,18.557742,0.0,1.0,0.0,0.0,0.22792,4756.0,0.34967,1.0
4771.0,0.49964,0.494574,0.521063,0.521063,13.250271,-1.481409,-1.479195,40.0,40.0,17.905039,0.0,1.0,0.0,0.0,0.22792,4766.0,0.357419,1.0
4781.0,0.499745,0.494681,0.521166,0.521166,13.250808,-1.506337,-1.504155,40.0,40.0,17.608921,0.0,1.0,0.0,0.0,0.22792,4776.0,0.367084,1.0
4791.0,0.499849,0.494787,0.521271,0.521271,13.250363,-1.481523,-1.479403,40.0,40.0,17.903562,0.0,1.0,0.0,0.0,0.22792,4786.0,0.348418,1.0
4801.0,0.499952,0.494892,0.521376,0.521376,13.250444,-1.483536,-1.481209,40.0,40.0,17.879599,0.0,1.0,0.0,0.0,0.228023,4796.0,0.358925,1.0
4811.0,0.500056,0.494998,0.521481,0.521481,13.250585,-1.488697,-1.486691,40.0,40.0,17.818258,0.0,1.0,0.0,0.0,0.228023,4806.0,0.350949,1.0
4821.0,0.500161,0.495105,0.521588,0.521588,13.250581,-1.485766,-1.483577,40.0,40.0,17.852994,0.0,1.0,0.0,0.0,0.228023,4816.0,0.349827,1.0
4831.0,0.500265,0.495211,0.521689,0.521689,13.250591,-1.48414,-1.481998,40.0,40.0,17.872246,0.0,1.0,0.0,0.0,0.228023,4826.0,0.352291,1.0
4841.0,0.50037,0.495317,0.521794,0.521794,13.249769,-1.439934,-1.437684,40.0,40.0,18.39716,0.0,1.0,0.0,0.0,0.228023,4836.0,0.350949,1.0
4851.0,0.500474,0.495424,0.521901,0.521901,13.250504,-1.475045,-1.472778,40.0,40.0,17.980138,0.0,1.0,0.0,0.0,0.228023,4846.0,0.358032,1.0
4861.0,0.500578,0.495529,0.522003,0.522003,13.250131,-1.453901,-1.451764,40.0,40.0,18.231186,0.0,1.0,0.0,0.0,0.229663,4856.0,0.362246,1.0
4871.0,0.500683,0.495636,0.522109,0.522109,13.252282,-1.561088,-1.558831,40.0,40.0,16.95804,0.0,1.0,0.0,0.0,0.229663,4866.0,0.356907,1.0
4881.0,0.500787,0.495742,0.522217,0.522217,13.250396,-1.462827,-1.46061,40.0,40.0,18.125065,0.0,1.0,0.0,0.0,0.229663,4876.0,0.353145,1.0
4891.0,0.50089,0.495847,0.522316,0.522316,13.250996,-1.491696,-1.489578,40.0,40.0,17.782165,0.0,1.0,0.0,0.0,0.229663,4885.0,0.349492,1.0
4901.0,0.500994,0.495953,0.522421,0.522421,13.25155,-1.517902,-1.515722,40.0,40.0,17.470863,0.0,1.0,0.0,0.0,0.229663,4895.0,0.348643,1.0
4911.0,0.501097,0.496058,0.522528,0.522528,13.250304,-1.452446,-1.450227,40.0,40.0,18.248205,0.0,1.0,0.0,0.0,0.229663,4905.0,0.349049,1.0
4921.0,0.501201,0.496164,0.522629,0.522629,13.249884,-1.428776,-1.426679,40.0,40.0,18.529231,0.0,1.0,0.0,0.0,0.230818,4915.0,0.350428,1.0
4931.0,0.501304,0.496268,0.522731,0.522731,13.250212,-1.444091,-1.441858,40.0,40.0,18.347327,0.0,1.0,0.0,0.0,0.230818,4925.0,0.344737,1.0
4941.0,0.501407,0.496373,0.522835,0.522835,13.250214,-1.442081,-1.439927,40.0,40.0,18.371148,0.0,1.0,0.0,0.0,0.230818,4935.0,0.349272,1.0
4951.0,0.501512,0.496479,0.522941,0.522941,13.2508,-1.469787,-1.467504,40.0,40.0,18.042058,0.0,1.0,0.0,0.0,0.230818,4945.0,0.353236,1.0
4961.0,0.501615,0.496585,0.523046,0.523046,13.251108,-1.483431,-1.481272,40.0,40.0,17.879961,0.0,1.0,0.0,0.0,0.230818,4955.0,0.354853,1.0
4971.0,0.50172,0.496692,0.523151,0.523151,13.250653,-1.457745,-1.455522,40.0,40.0,18.184954,0.0,1.0,0.0,0.0,0.230818,4965.0,0.349929,1.0
4981.0,0.501823,0.496796,0.523252,0.523252,13.250018,-1.423549,-1.421363,40.0,40.0,18.59099,0.0,1.0,0.0,0.0,0.231941,4975.0,0.342224,1.0
4991.0,0.501927,0.496902,0.523356,0.523356,13.251739,-1.509355,-1.507229,40.0,40.0,17.5719,0.0,1.0,0.0,0.0,0.231941,4985.0,0.348435,1.0
5001.0,0.502031,0.497008,0.523463,0.523463,13.251715,-1.505811,-1.503491,40.0,40.0,17.613931,0.0,1.0,0.0,0.0,0.231941,4995.0,0.355707,1.0
5011.0,0.502136,0.497115,0.523569,0.523569,13.25139,-1.486692,-1.484386,40.0,40.0,17.840938,0.0,1.0,0.0,0.0,0.231941,5005.0,0.356407,1.0
5021.0,0.50224,0.497221,0.523675,0.523675,13.249789,-1.402849,-1.400722,40.0,40.0,18.836573,0.0,1.0,0.0,0.0,0.231941,5015.0,0.35385,1.0
5031.0,0.502343,0.497326,0.523777,0.523777,13.250631,-1.443934,-1.441734,40.0,40.0,18.348645,0.0,1.0,0.0,0.0,0.231941,5025.0,0.358622,1.0
5041.0,0.502447,0.497432,0.523881,0.523881,13.251506,-1.486469,-1.484283,40.0,40.0,17.843428,0.0,1.0,0.0,0.0,0.233309,5035.0,0.356644,1.0
5051.0,0.50255,0.497537,0.523984,0.523984,13.250796,-1.448349,-1.445991,40.0,40.0,18.296115,0.0,1.0,0.0,0.0,0.233309,5045.0,0.354728,1.0
5061.0,0.502654,0.497642,0.524085,0.524085,13.250527,-1.432583,-1.430416,40.0,40.0,18.483291,0.0,1.0,0.0,0.0,0.233309,5055.0,0.357296,1.0
5071.0,0.502757,0.497747,0.524186,0.524186,13.251456,-1.478217,-1.476018,40.0,40.0,17.941292,0.0,1.0,0.0,0.0,0.233309,5065.0,0.351986,1.0
5081.0,0.502862,0.497854,0.524294,0.524294,13.251231,-1.46418,-1.462084,40.0,40.0,18.107946,0.0,1.0,0.0,0.0,0.233309,5075.0,0.352446,1.0
5091.0,0.502965,0.497959,0.524396,0.524396,13.251046,-1.452864,-1.450705,40.0,40.0,18.242285,0.0,1.0,0.0,0.0,0.233309,5085.0,0.351594,1.0
5101.0,0.50307,0.498066,0.5245,0.5245,13.251672,-1.482344,-1.480067,40.0,40.0,17.892099,0.0,1.0,0.0,0.0,0.233482,5095.0,0.355289,1.0
5111.0,0.503174,0.498171,0.524605,0.524605,13.251025,-1.447109,-1.444952,40.0,40.0,18.310511,0.0,1.0,0.0,0.0,0.233482,5105.0,0.348477,1.0
5121.0,0.503278,0.498277,0.524709,0.524709,13.251359,-1.462109,-1.459945,40.0,40.0,18.132315,0.0,1.0,0.0,0.0,0.233482,5115.0,0.35445,1.0
5131.0,0.503382,0.498383,0.524811,0.524811,13.25162,-1.473078,-1.470723,40.0,40.0,18.001977,0.0,1.0,0.0,0.0,0.233482,5125.0,0.353995,1.0
5141.0,0.503487,0.49849,0.524916,0.524916,13.25138,-1.458317,-1.456145,40.0,40.0,18.177224,0.0,1.0,0.0,0.0,0.233482,5135.0,0.354918,1.0
5151.0,0.503591,0.498596,0.52502,0.52502,13.25133,-1.453613,-1.451535,40.0,40.0,18.233038,0.0,1.0,0.0,0.0,0.233482,5145.0,0.35611,1.0
5161.0,0.503695,0.498702,0.525125,0.525125,13.252008,-1.48612,-1.48395,40.0,40.0,17.846897,0.0,1.0,0.0,0.0,0.234951,5155.0,0.35922,1.0
5171.0,0.503799,0.498808,0.525229,0.525229,13.251384,-1.452149,-1.449957,40.0,40.0,18.250317,0.0,1.0,0.0,0.0,0.234951,5165.0,0.35154,1.0
5181.0,0.503903,0.498914,0.525333,0.525333,13.251556,-1.458764,-1.456623,40.0,40.0,18.171695,0.0,1.0,0.0,0.0,0.234951,5175.0,0.348218,1.0
5191.0,0.504007,0.49902,0.525439,0.525439,13.250636,-1.409578,-1.407387,40.0,40.0,18.755767,0.0,1.0,0.0,0.0,0.234951,5185.0,0.344819,1.0
5201.0,0.504113,0.499127,0.525547,0.525547,13.252275,-1.490521,-1.488373,40.0,40.0,17.794391,0.0,1.0,0.0,0.0,0.234951,5195.0,0.350367,1.0
5211.0,0.504217,0.499233,0.525655,0.525655,13.251878,-1.468041,-1.465967,40.0,40.0,18.061341,0.0,1.0,0.0,0.0,0.234951,5205.0,0.361751,1.0
5221.0,0.504321,0.499339,0.525758,0.525758,13.25231,-1.487961,-1.485612,40.0,40.0,17.824677,0.0,1.0,0.0,0.0,0.236438,5215.0,0.346282,1.0
5231.0,0.504426,0.499446,0.525866,0.525866,13.252568,-1.49863,-1.496285,40.0,40.0,17.697884,0.0,1.0,0.0,0.0,0.236438,5225.0,0.357421,1.0
5241.0,0.50453,0.499552,0.52597,0.52597,13.253005,-1.519055,-1.516843,40.0,40.0,17.455214,0.0,1.0,0.0,0.0,0.236438,5235.0,0.354963,1.0
5251.0,0.504634,0.499658,0.526073,0.526073,13.252468,-1.489484,-1.487252,40.0,40.0,17.806417,0.0,1.0,0.0,0.0,0.236438,5245.0,0.346504,1.0
5261.0,0.504738,0.499764,0.526178,0.526178,13.252478,-1.487721,-1.48557,40.0,40.0,17.8273,0.0,1.0,0.0,0.0,0.236438,5255.0,0.362584,1.0
5271.0,0.504841,0.499868,0.52628,0.52628,13.250789,-1.400038,-1.398001,40.0,40.0,18.86863,0.0,1.0,0.0,0.0,0.236438,5265.0,0.348113,1.0
5281.0,0.504945,0.499974,0.526381,0.526381,13.251889,-1.45407,-1.45195,40.0,40.0,18.226895,0.0,1.0,0.0,0.0,0.237597,5275.0,0.361565,1.0
5291.0,0.50505,0.500082,0.52649,0.52649,13.251356,-1.424092,-1.421757,40.0,40.0,18.582856,0.0,1.0,0.0,0.0,0.237597,5285.0,0.355288,1.0
5301.0,0.505154,0.500187,0.526593,0.526593,13.252443,-1.477845,-1.47554,40.0,40.0,17.944395,0.0,1.0,0.0,0.0,0.237597,5295.0,0.355771,1.0
5311.0,0.505257,0.500292,0.526698,0.526698,13.252637,-1.485877,-1.483763,40.0,40.0,17.848941,0.0,1.0,0.0,0.0,0.237597,5305.0,0.358805,1.0
5321.0,0.50536,0.500397,0.526803,0.526803,13.251586,-1.430371,-1.428215,40.0,40.0,18.508152,0.0,1.0,0.0,0.0,0.237597,5315.0,0.360504,1.0
5331.0,0.505464,0.500502,0.526907,0.526907,13.253181,-1.509823,-1.507644,40.0,40.0,17.5644,0.0,1.0,0.0,0.0,0.237597,5325.0,0.360186,1.0
5341.0,0.505568,0.500608,0.527015,0.527015,13.252617,-1.478846,-1.476682,40.0,40.0,17.932305,0.0,1.0,0.0,0.0,0.238726,5335.0,0.349726,1.0
5351.0,0.505672,0.500715,0.527121,0.527121,13.252524,-1.47177,-1.469477,40.0,40.0,18.016294,0.0,1.0,0.0,0.0,0.238726,5345.0,0.344356,1.0
5361.0,0.505775,0.50082,0.527225,0.527225,13.252622,-1.47503,-1.472778,40.0,40.0,17.977519,0.0,1.0,0.0,0.0,0.238726,5355.0,0.351848,1.0
5371.0,0.505879,0.500925,0.52733,0.52733,13.252821,-1.483127,-1.480898,40.0,40.0,17.881293,0.0,1.0,0.0,0.0,0.238726,5365.0,0.362963,1.0
5381.0,0.505982,0.50103,0.527433,0.527433,13.251927,-1.435799,-1.433511,40.0,40.0,18.443381,0.0,1.0,0.0,0.0,0.238726,5375.0,0.353621,1.0
5391.0,0.506086,0.501136,0.527536,0.527536,13.252384,-1.457017,-1.454608,40.0,40.0,18.191323,0.0,1.0,0.0,0.0,0.238726,5385.0,0.357742,1.0
5401.0,0.506171,0.501222,0.527638,0.527638,13.200653,1.178497,1.180508,5.0,5.0,18.071377,0.0,1.0,0.0,0.0,0.23877,5395.0,0.328345,1.0
5411.0,0.506088,0.501137,0.527491,0.527491,13.199411,1.174425,1.176563,5.0,5.0,18.021999,0.0,1.0,0.0,0.0,0.23877,5405.0,0.343355,1.0
5421.0,0.506004,0.501052,0.527343,0.527343,13.197885,1.187751,1.189749,5.0,5.0,18.177689,0.0,1.0,0.0,0.0,0.23877,5415.0,0.349639,1.0
5431.0,0.505921,0.500967,0.527195,0.527195,13.197763,1.132609,1.134575,5.0,5.0,17.526721,0.0,1.0,0.0,0.0,0.23877,5425.0,0.341685,1.0
5441.0,0.505838,0.500882,0.527051,0.527051,13.196198,1.154384,1.15642,5.0,5.0,17.782107,0.0,1.0,0.0,0.0,0.23877,5435.0,0.338633,1.0
5451.0,0.505757,0.5008,0.526909,0.526909,13.196073,1.105937,1.107995,5.0,5.0,17.210243,0.0,1.0,0.0,0.0,0.23877,5444.0,0.335179,1.0
5461.0,0.505673,0.500714,0.526762,0.526762,13.193006,1.209209,1.211283,5.0,5.0,18.425676,0.0,1.0,0.0,0.0,0.239907,5454.0,0.332802,1.0
5471.0,0.505591,0.50063,0.526618,0.526618,13.19317,1.150613,1.152662,5.0,5.0,17.734498,0.0,1.0,0.0,0.0,0.239907,5464.0,0.348088,1.0
5481.0,0.505506,0.500544,0.526469,0.526469,13.191409,1.191843,1.193798,5.0,5.0,18.219083,0.0,1.0,0.0,0.0,0.239907,5474.0,0.338052,1.0
5491.0,0.505423,0.500458,0.52632,0.52632,13.191746,1.12867,1.130733,5.0,5.0,17.474155,0.0,1.0,0.0,0.0,0.239907,5484.0,0.341069,1.0
5501.0,0.505339,0.500373,0.526171,0.526171,13.190061,1.170951,1.173074,5.0,5.0,17.971206,0.0,1.0,0.0,0.0,0.239907,5494.0,0.330726,1.0
5511.0,0.505257,0.500289,0.52603,0.52603,13.188656,1.20122,1.203164,5.0,5.0,18.326748,0.0,1.0,0.0,0.0,0.239907,5504.0,0.333026,1.0
5521.0,0.505173,0.500203,0.525878,0.525878,13.188849,1.15135,1.153492,5.0,5.0,17.738743,0.0,1.0,0.0,0.0,0.240754,5514.0,0.334507,1.0
5531.0,0.505091,0.500119,0.525737,0.525737,13.188209,1.146586,1.148633,5.0,5.0,17.681889,0.0,1.0,0.0,0.0,0.240754,5524.0,0.338671,1.0
5541.0,0.505008,0.500035,0.525592,0.525592,13.188259,1.108175,1.110113,5.0,5.0,17.228906,0.0,1.0,0.0,0.0,0.240754,5534.0,0.336187,1.0
5551.0,0.504925,0.49995,0.525451,0.525451,13.186901,1.143128,1.144999,5.0,5.0,17.639765,0.0,1.0,0.0,0.0,0.240754,5544.0,0.337088,1.0
5561.0,0.504841,0.499865,0.525307,0.525307,13.185564,1.178338,1.180384,5.0,5.0,18.053597,0.0,1.0,0.0,0.0,0.240754,5554.0,0.329412,1.0
5571.0,0.504757,0.499779,0.525164,0.525164,13.185639,1.142947,1.144833,5.0,5.0,17.636349,0.0,1.0,0.0,0.0,0.240754,5564.0,0.335341,1.0
5581.0,0.504674,0.499694,0.525022,0.525022,13.184266,1.183289,1.185201,5.0,5.0,18.110608,0.0,1.0,0.0,0.0,0.241801,5574.0,0.338049,1.0
5591.0,0.504592,0.49961,0.524879,0.524879,13.183587,1.189608,1.19168,5.0,5.0,18.184388,0.0,1.0,0.0,0.0,0.241801,5584.0,0.329252,1.0
5601.0,0.504508,0.499525,0.524735,0.524735,13.183434,1.170161,1.172098,5.0,5.0,17.954944,0.0,1.0,0.0,0.0,0.241801,5594.0,0.331029,1.0
5611.0,0.504425,0.499439,0.524588,0.524588,13.184116,1.109232,1.111089,5.0,5.0,17.237262,0.0,1.0,0.0,0.0,0.241801,5604.0,0.330918,1.0
5621.0,0.504343,0.499356,0.524449,0.524449,13.182757,1.154289,1.15615,5.0,5.0,17.767115,0.0,1.0,0.0,0.0,0.241801,5614.0,0.331196,1.0
5631.0,0.504258,0.49927,0.524308,0.524308,13.181566,1.191077,1.19303,5.0,5.0,18.19956,0.0,1.0,0.0,0.0,0.241801,5624.0,0.332771,1.0
5641.0,0.504175,0.499185,0.524169,0.524169,13.180306,1.232865,1.234873,5.0,5.0,18.690788,0.0,1.0,0.0,0.0,0.242852,5634.0,0.336516,1.0
5651.0,0.504091,0.499099,0.524026,0.524026,13.180985,1.176415,1.178349,5.0,5.0,18.026108,0.0,1.0,0.0,0.0,0.242852,5644.0,0.338349,1.0
5661.0,0.504008,0.499015,0.523885,0.523885,13.181239,1.142997,1.144999,5.0,5.0,17.632433,0.0,1.0,0.0,0.0,0.242852,5654.0,0.328105,1.0
5671.0,0.503926,0.49893,0.523744,0.523744,13.181862,1.091697,1.093791,5.0,5.0,17.028313,0.0,1.0,0.0,0.0,0.242852,5664.0,0.336421,1.0
5681.0,0.503843,0.498845,0.523607,0.523607,13.179643,1.186335,1.188212,5.0,5.0,18.141617,0.0,1.0,0.0,0.0,0.242852,5674.0,0.345708,1.0
5691.0,0.50376,0.498761,0.523463,0.523463,13.179569,1.172184,1.174092,5.0,5.0,17.974748,0.0,1.0,0.0,0.0,0.242852,5684.0,0.335832,1.0
5701.0,0.503677,0.498676,0.523324,0.523324,13.178295,1.220058,1.222019,5.0,5.0,18.537637,0.0,1.0,0.0,0.0,0.24278,5694.0,0.336889,1.0
5711.0,0.503593,0.49859,0.523183,0.523183,13.178418,1.197098,1.199218,5.0,5.0,18.267169,0.0,1.0,0.0,0.0,0.24278,5704.0,0.332703,1.0
5721.0,0.50351,0.498505,0.523045,0.523045,13.178049,1.200336,1.202333,5.0,5.0,18.304932,0.0,1.0,0.0,0.0,0.24278,5714.0,0.341151,1.0
5731.0,0.503427,0.498421,0.52291,0.52291,13.178026,1.186887,1.188856,5.0,5.0,18.146415,0.0,1.0,0.0,0.0,0.24278,5724.0,0.346753,1.0
5741.0,0.503344,0.498336,0.522775,0.522775,13.176787,1.235526,1.237655,5.0,5.0,18.718263,0.0,1.0,0.0,0.0,0.24278,5734.0,0.339881,1.0
5751.0,0.50326,0.49825,0.522635,0.522635,13.17702,1.209701,1.211761,5.0,5.0,18.414197,0.0,1.0,0.0,0.0,0.24278,5744.0,0.345795,1.0
5761.0,0.503176,0.498165,0.5225,0.5225,13.178072,1.142791,1.144771,5.0,5.0,17.626777,0.0,1.0,0.0,0.0,0.243654,5754.0,0.329697,1.0
5771.0,0.503093,0.49808,0.522359,0.522359,13.177504,1.159215,1.161217,5.0,5.0,17.819749,0.0,1.0,0.0,0.0,0.243654,5764.0,0.336397,1.0
5781.0,0.503009,0.497994,0.522217,0.522217,13.176747,1.185294,1.18734,5.0,5.0,18.126279,0.0,1.0,0.0,0.0,0.243654,5774.0,0.339504,1.0
5791.0,0.502925,0.497908,0.522077,0.522077,13.177095,1.155649,1.15777,5.0,5.0,17.777297,0.0,1.0,0.0,0.0,0.243654,5784.0,0.353088,1.0
5801.0,0.502842,0.497824,0.521941,0.521941,13.176216,1.189735,1.191743,5.0,5.0,18.178053,0.0,1.0,0.0,0.0,0.243654,5794.0,0.338835,1.0
5811.0,0.502758,0.497738,0.521803,0.521803,13.175773,1.201462,1.203537,5.0,5.0,18.315763,0.0,1.0,0.0,0.0,0.243654,5804.0,0.334864,1.0
5821.0,0.502675,0.497654,0.521668,0.521668,13.176848,1.136636,1.138583,5.0,5.0,17.552991,0.0,1.0,0.0,0.0,0.244531,5814.0,0.337333,1.0
5831.0,0.502592,0.497568,0.521532,0.521532,13.175202,1.210787,1.21284,5.0,5.0,18.425025,0.0,1.0,0.0,0.0,0.244531,5824.0,0.326354,1.0
5841.0,0.502509,0.497484,0.521397,0.521397,13.175689,1.176874,1.178972,5.0,5.0,18.025943,0.0,1.0,0.0,0.0,0.244531,5834.0,0.324685,1.0
5851.0,0.502426,0.497399,0.521261,0.521261,13.176118,1.145981,1.148052,5.0,5.0,17.66237,0.0,1.0,0.0,0.0,0.244531,5844.0,0.335825,1.0
5861.0,0.502342,0.497314,0.521126,0.521126,13.176924,1.096035,1.097944,5.0,5.0,17.07461,0.0,1.0,0.0,0.0,0.244531,5854.0,0.335247,1.0
5871.0,0.502259,0.497229,0.520994,0.520994,13.174516,1.210725,1.212799,5.0,5.0,18.423553,0.0,1.0,0.0,0.0,0.244531,5864.0,0.33554,1.0
5881.0,0.502175,0.497143,0.52086,0.52086,13.175188,1.168099,1.170105,5.0,5.0,17.922022,0.0,1.0,0.0,0.0,0.245611,5874.0,0.327507,1.0
5891.0,0.502091,0.497058,0.520727,0.520727,13.175646,1.136906,1.138873,5.0,5.0,17.554953,0.0,1.0,0.0,0.0,0.245611,5884.0,0.339472,1.0
5901.0,0.502008,0.496973,0.520591,0.520591,13.175574,1.133204,1.135177,5.0,5.0,17.511254,0.0,1.0,0.0,0.0,0.245611,5894.0,0.345044,1.0
5911.0,0.501925,0.496887,0.520458,0.520458,13.174157,1.198401,1.200381,5.0,5.0,18.277965,0.0,1.0,0.0,0.0,0.245611,5904.0,0.329437,1.0
5921.0,0.501843,0.496804,0.520323,0.520323,13.174888,1.154913,1.156877,5.0,5.0,17.76634,0.0,1.0,0.0,0.0,0.245611,5914.0,0.346942,1.0
5931.0,0.50176,0.496719,0.52019,0.52019,13.173958,1.195709,1.197536,5.0,5.0,18.246034,0.0,1.0,0.0,0.0,0.245611,5924.0,0.339177,1.0
5941.0,0.501676,0.496633,0.520055,0.520055,13.174382,1.167393,1.169129,5.0,5.0,17.91286,0.0,1.0,0.0,0.0,0.24665,5934.0,0.353264,1.0
5951.0,0.501592,0.496548,0.519923,0.519923,13.174363,1.162288,1.164311,5.0,5.0,17.852697,0.0,1.0,0.0,0.0,0.24665,5944.0,0.342954,1.0
5961.0,0.50151,0.496464,0.519796,0.519796,13.174302,1.159818,1.161778,5.0,5.0,17.823532,0.0,1.0,0.0,0.0,0.24665,5954.0,0.34904,1.0
5971.0,0.501426,0.496379,0.519662,0.519662,13.174582,1.139697,1.141843,5.0,5.0,17.586751,0.0,1.0,0.0,0.0,0.24665,5964.0,0.339583,1.0
5981.0,0.501342,0.496293,0.519528,0.519528,13.173968,1.165263,1.167156,5.0,5.0,17.887337,0.0,1.0,0.0,0.0,0.24665,5974.0,0.340022,1.0
5991.0,0.501259,0.496207,0.5194,0.5194,13.173715,1.172637,1.174694,5.0,5.0,17.973949,0.0,1.0,0.0,0.0,0.24665,5984.0,0.33374,1.0
6001.0,0.501176,0.496123,0.51927,0.51927,13.173728,1.167117,1.169191,5.0,5.0,17.908926,0.0,1.0,0.0,0.0,0.246609,5994.0,0.339351,1.0
6011.0,0.501091,0.496036,0.519138,0.519138,13.172559,1.221154,1.223203,5.0,5.0,18.544289,0.0,1.0,0.0,0.0,0.246609,6004.0,0.342788,1.0
6021.0,0.501007,0.49595,0.519011,0.519011,13.172736,1.207031,1.209082,5.0,5.0,18.378102,0.0,1.0,0.0,0.0,0.246609,6014.0,0.341248,1.0
6031.0,0.500924,0.495866,0.518886,0.518886,13.172837,1.197461,1.199426,5.0,5.0,18.265477,0.0,1.0,0.0,0.0,0.246609,6024.0,0.338623,1.0
6041.0,0.500841,0.495781,0.518756,0.518756,13.173632,1.152413,1.154448,5.0,5.0,17.735597,0.0,1.0,0.0,0.0,0.246609,6034.0,0.332121,1.0
6051.0,0.500758,0.495697,0.518627,0.518627,13.173987,1.130095,1.132332,5.0,5.0,17.473015,0.0,1.0,0.0,0.0,0.246609,6044.0,0.330321,1.0
6061.0,0.500675,0.495612,0.518499,0.518499,13.172781,1.187558,1.189625,5.0,5.0,18.148748,0.0,1.0,0.0,0.0,0.247676,6054.0,0.337987,1.0
6071.0,0.500593,0.495528,0.518372,0.518372,13.173196,1.162666,1.164623,5.0,5.0,17.855938,0.0,1.0,0.0,0.0,0.247676,6064.0,0.346206,1.0
6081.0,0.500509,0.495442,0.518244,0.518244,13.173089,1.163693,1.165661,5.0,5.0,17.867929,0.0,1.0,0.0,0.0,0.247676,6074.0,0.342834,1.0
6091.0,0.500424,0.495356,0.518115,0.518115,13.172434,1.192905,1.19492,5.0,5.0,18.211374,0.0,1.0,0.0,0.0,0.247676,6084.0,0.332642,1.0
6101.0,0.500341,0.495271,0.517985,0.517985,13.172993,1.160637,1.16265,5.0,5.0,17.83182,0.0,1.0,0.0,0.0,0.247676,6094.0,0.33914,1.0
6111.0,0.500258,0.495186,0.517855,0.517855,13.173564,1.127886,1.129819,5.0,5.0,17.446565,0.0,1.0,0.0,0.0,0.247676,6104.0,0.337562,1.0
6121.0,0.500174,0.4951,0.517729,0.517729,13.172388,1.18408,1.186198,5.0,5.0,18.107359,0.0,1.0,0.0,0.0,0.248614,6114.0,0.344954,1.0
6131.0,0.50009,0.495015,0.517601,0.517601,13.172726,1.16308,1.165163,5.0,5.0,17.860318,0.0,1.0,0.0,0.0,0.248614,6124.0,0.337791,1.0
6141.0,0.500007,0.49493,0.517474,0.517474,13.173691,1.110505,1.112584,5.0,5.0,17.241917,0.0,1.0,0.0,0.0,0.248614,6134.0,0.345282,1.0
6151.0,0.499924,0.494845,0.517349,0.517349,13.172418,1.172197,1.174133,5.0,5.0,17.9674,0.0,1.0,0.0,0.0,0.248614,6144.0,0.340747,1.0
6161.0,0.499841,0.49476,0.517224,0.517224,13.171368,1.222708,1.224532,5.0,5.0,18.561295,0.0,1.0,0.0,0.0,0.248614,6154.0,0.344721,1.0
6171.0,0.499756,0.494674,0.517098,0.517098,13.172151,1.179218,1.18136,5.0,5.0,18.049827,0.0,1.0,0.0,0.0,0.248614,6164.0,0.341,1.0
6181.0,0.499674,0.49459,0.516974,0.516974,13.171354,1.217102,1.219049,5.0,5.0,18.495246,0.0,1.0,0.0,0.0,0.249723,6174.0,0.341752,1.0
6191.0,0.49959,0.494505,0.516846,0.516846,13.172684,1.146229,1.148239,5.0,5.0,17.661767,0.0,1.0,0.0,0.0,0.249723,6184.0,0.337308,1.0
6201.0,0.499506,0.494419,0.516719,0.516719,13.171157,1.220906,1.222891,5.0,5.0,18.539837,0.0,1.0,0.0,0.0,0.249723,6194.0,0.349675,1.0
6211.0,0.499423,0.494334,0.516593,0.516593,13.171673,1.191763,1.19384,5.0,5.0,18.197109,0.0,1.0,0.0,0.0,0.249723,6204.0,0.340014,1.0
6221.0,0.499339,0.494248,0.516467,0.516467,13.171465,1.199265,1.201253,5.0,5.0,18.285249,0.0,1.0,0.0,0.0,0.249723,6214.0,0.347721,1.0
6231.0,0.499256,0.494163,0.516347,0.516347,13.171624,1.1884,1.190351,5.0,5.0,18.157439,0.0,1.0,0.0,0.0,0.249723,6224.0,0.338449,1.0
6241.0,0.499173,0.494079,0.516225,0.516225,13.171637,1.185351,1.187382,5.0,5.0,18.121539,0.0,1.0,0.0,0.0,0.250771,6234.0,0.33424,1.0
6251.0,0.49909,0.493994,0.516104,0.516104,13.171406,1.194609,1.196623,5.0,5.0,18.230346,0.0,1.0,0.0,0.0,0.250771,6244.0,0.344392,1.0
6261.0,0.499008,0.49391,0.51598,0.51598,13.172768,1.122747,1.124794,5.0,5.0,17.385217,0.0,1.0,0.0,0.0,0.250771,6254.0,0.337227,1.0
6271.0,0.498925,0.493825,0.515857,0.515857,13.17215,1.151721,1.153513,5.0,5.0,17.725911,0.0,1.0,0.0,0.0,0.250771,6264.0,0.32669,1.0
6281.0,0.498842,0.49374,0.515732,0.515732,13.171434,1.185803,1.187776,5.0,5.0,18.126648,0.0,1.0,0.0,0.0,0.250771,6274.0,0.326323,1.0
6291.0,0.498758,0.493655,0.515608,0.515608,13.17176,1.166532,1.168527,5.0,5.0,17.89998,0.0,1.0,0.0,0.0,0.250771,6284.0,0.34558,1.0
6301.0,0.498674,0.493569,0.515487,0.515487,13.169513,1.278555,1.280744,5.0,5.0,19.217012,0.0,1.0,0.0,0.0,0.250911,6294.0,0.337675,1.0
6311.0,0.49859,0.493484,0.515361,0.515361,13.170852,1.207601,1.209601,5.0,5.0,18.382788,0.0,1.0,0.0,0.0,0.250911,6304.0,0.33549,1.0
6321.0,0.498509,0.4934,0.515238,0.515238,13.172095,1.142503,1.144438,5.0,5.0,17.617266,0.0,1.0,0.0,0.0,0.250911,6314.0,0.332773,1.0
6331.0,0.498426,0.493316,0.515117,0.515117,13.171921,1.149035,1.151125,5.0,5.0,17.694035,0.0,1.0,0.0,0.0,0.250911,6324.0,0.34522,1.0
6341.0,0.498342,0.493231,0.514995,0.514995,13.171432,1.171673,1.17349,5.0,5.0,17.960201,0.0,1.0,0.0,0.0,0.250911,6334.0,0.334897,1.0
6351.0,0.49826,0.493147,0.514872,0.514872,13.171247,1.179262,1.181194,5.0,5.0,18.0494,0.0,1.0,0.0,0.0,0.250911,6344.0,0.338264,1.0
6361.0,0.498177,0.493062,0.514751,0.514751,13.171816,1.147825,1.149817,5.0,5.0,17.67968,0.0,1.0,0.0,0.0,0.252146,6354.0,0.351442,1.0
6371.0,0.498094,0.492977,0.514632,0.514632,13.170487,1.213632,1.215395,5.0,5.0,18.453424,0.0,1.0,0.0,0.0,0.252146,6364.0,0.342359,1.0
6381.0,0.498011,0.492892,0.514514,0.514514,13.171811,1.143929,1.1461,5.0,5.0,17.633782,0.0,1.0,0.0,0.0,0.252146,6374.0,0.327932,1.0
6391.0,0.497929,0.492808,0.514395,0.514395,13.171713,1.147062,1.148986,5.0,5.0,17.670581,0.0,1.0,0.0,0.0,0.252146,6384.0,0.333449,1.0
6401.0,0.497847,0.492725,0.514279,0.514279,13.171756,1.143086,1.144916,5.0,5.0,17.623795,0.0,1.0,0.0,0.0,0.252146,6394.0,0.333077,1.0
6411.0,0.497763,0.492639,0.514157,0.514157,13.17098,1.180172,1.18217,5.0,5.0,18.059833,0.0,1.0,0.0,0.0,0.252146,6404.0,0.338522,1.0
6421.0,0.497681,0.492555,0.514038,0.514038,13.171296,1.162271,1.16427,5.0,5.0,17.849307,0.0,1.0,0.0,0.0,0.253426,6414.0,0.334525,1.0
6431.0,0.497597,0.492469,0.513916,0.513916,13.170813,1.184636,1.1868,5.0,5.0,18.112241,0.0,1.0,0.0,0.0,0.253426,6424.0,0.344159,1.0
6441.0,0.497514,0.492385,0.513797,0.513797,13.170752,1.185777,1.187693,5.0,5.0,18.125619,0.0,1.0,0.0,0.0,0.253426,6434.0,0.337059,1.0
6451.0,0.497431,0.4923,0.513677,0.513677,13.170591,1.192035,1.194006,5.0,5.0,18.199159,0.0,1.0,0.0,0.0,0.253426,6444.0,0.337016,1.0
6461.0,0.497347,0.492215,0.513556,0.513556,13.170845,1.176732,1.178723,5.0,5.0,18.019175,0.0,1.0,0.0,0.0,0.253426,6454.0,0.343362,1.0
6471.0,0.497263,0.492129,0.513437,0.513437,13.169989,1.218106,1.220108,5.0,5.0,18.505578,0.0,1.0,0.0,0.0,0.253426,6464.0,0.331766,1.0
6481.0,0.49718,0.492044,0.513321,0.513321,13.170511,1.189342,1.191286,5.0,5.0,18.16735,0.0,1.0,0.0,0.0,0.254327,6474.0,0.331772,1.0
6491.0,0.497096,0.491958,0.513205,0.513205,13.16987,1.219894,1.221957,5.0,5.0,18.526512,0.0,1.0,0.0,0.0,0.254327,6483.0,0.345447,1.0
6501.0,0.497014,0.491874,0.513091,0.513091,13.171064,1.157131,1.15912,5.0,5.0,17.788525,0.0,1.0,0.0,0.0,0.254327,6493.0,0.332709,1.0
6511.0,0.496929,0.491788,0.512973,0.512973,13.170409,1.188281,1.190268,5.0,5.0,18.154738,0.0,1.0,0.0,0.0,0.254327,6503.0,0.349617,1.0
6521.0,0.496847,0.491704,0.512855,0.512855,13.170665,1.173668,1.175566,5.0,5.0,17.982893,0.0,1.0,0.0,0.0,0.254327,6513.0,0.338973,1.0
6531.0,0.496764,0.491619,0.512735,0.512735,13.17029,1.190622,1.192615,5.0,5.0,18.182194,0.0,1.0,0.0,0.0,0.254327,6523.0,0.344789,1.0
6541.0,0.496681,0.491535,0.512619,0.512619,13.171802,1.111805,1.113809,5.0,5.0,17.25536,0.0,1.0,0.0,0.0,0.255438,6533.0,0.336028,1.0
6551.0,0.496597,0.491449,0.512502,0.512502,13.170133,1.194653,1.196768,5.0,5.0,18.229502,0.0,1.0,0.0,0.0,0.255438,6543.0,0.337054,1.0
6561.0,0.496513,0.491363,0.512381,0.512381,13.169508,1.22445,1.226442,5.0,5.0,18.579775,0.0,1.0,0.0,0.0,0.255438,6553.0,0.333312,1.0
6571.0,0.49643,0.491278,0.512264,0.512264,13.170483,1.172789,1.17486,5.0,5.0,17.972351,0.0,1.0,0.0,0.0,0.255438,6563.0,0.342903,1.0
6581.0,0.496347,0.491193,0.51215,0.51215,13.170708,1.159517,1.161715,5.0,5.0,17.816255,0.0,1.0,0.0,0.0,0.255438,6573.0,0.339623,1.0
6591.0,0.496264,0.491109,0.512033,0.512033,13.169358,1.226618,1.228768,5.0,5.0,18.605142,0.0,1.0,0.0,0.0,0.255438,6583.0,0.336256,1.0
6601.0,0.49618,0.491023,0.511915,0.511915,13.170983,1.141632,1.143608,5.0,5.0,17.605869,0.0,1.0,0.0,0.0,0.255316,6593.0,0.34094,1.0
6611.0,0.496097,0.490939,0.511797,0.511797,13.170538,1.162676,1.164602,5.0,5.0,17.85329,0.0,1.0,0.0,0.0,0.255316,6603.0,0.332993,1.0
6621.0,0.496014,0.490853,0.511678,0.511678,13.171175,1.128039,1.13011,5.0,5.0,17.445962,0.0,1.0,0.0,0.0,0.255316,6613.0,0.341252,1.0
6631.0,0.495931,0.490769,0.511561,0.511561,13.169829,1.195059,1.197079,5.0,5.0,18.233964,0.0,1.0,0.0,0.0,0.255316,6623.0,0.340801,1.0
6641.0,0.495848,0.490684,0.511443,0.511443,13.171232,1.121667,1.123756,5.0,5.0,17.370957,0.0,1.0,0.0,0.0,0.255316,6633.0,0.346359,1.0
6651.0,0.495766,0.4906,0.51133,0.51133,13.171309,1.116347,1.118461,5.0,5.0,17.308371,0.0,1.0,0.0,0.0,0.255316,6643.0,0.330991,1.0
6661.0,0.495682,0.490514,0.511213,0.511213,13.17002,1.180057,1.182087,5.0,5.0,18.057471,0.0,1.0,0.0,0.0,0.25661,6653.0,0.33376,1.0
6671.0,0.495598,0.490429,0.511099,0.511099,13.170692,1.14388,1.145892,5.0,5.0,17.63205,0.0,1.0,0.0,0.0,0.25661,6663.0,0.336909,1.0
6681.0,0.495515,0.490344,0.510983,0.510983,13.169578,1.198839,1.200859,5.0,5.0,18.278215,0.0,1.0,0.0,0.0,0.25661,6673.0,0.34426,1.0
6691.0,0.495431,0.490258,0.510869,0.510869,13.169572,1.196991,1.199011,5.0,5.0,18.25644,0.0,1.0,0.0,0.0,0.25661,6683.0,0.338071,1.0
6701.0,0.495347,0.490172,0.510754,0.510754,13.170059,1.169977,1.172036,5.0,5.0,17.93878,0.0,1.0,0.0,0.0,0.25661,6693.0,0.34436,1.0
6711.0,0.495262,0.490086,0.510637,0.510637,13.168754,1.23419,1.23614,5.0,5.0,18.693662,0.0,1.0,0.0,0.0,0.25661,6703.0,0.327857,1.0
6721.0,0.495179,0.490001,0.510522,0.510522,13.170153,1.161177,1.163231,5.0,5.0,17.835228,0.0,1.0,0.0,0.0,0.257427,6713.0,0.332703,1.0
6731.0,0.495095,0.489915,0.510407,0.510407,13.170069,1.16342,1.165412,5.0,5.0,17.861568,0.0,1.0,0.0,0.0,0.257427,6723.0,0.330463,1.0
6741.0,0.495012,0.489831,0.510295,0.510295,13.169165,1.208181,1.210162,5.0,5.0,18.387794,0.0,1.0,0.0,0.0,0.257427,6733.0,0.337461,1.0
6751.0,0.494929,0.489746,0.510181,0.510181,13.169488,1.189806,1.191805,5.0,5.0,18.171724,0.0,1.0,0.0,0.0,0.257427,6743.0,0.337795,1.0
6761.0,0.494845,0.489661,0.510068,0.510068,13.168901,1.217992,1.219776,5.0,5.0,18.503057,0.0,1.0,0.0,0.0,0.257427,6753.0,0.337707,1.0
6771.0,0.494762,0.489576,0.509956,0.509956,13.169461,1.187741,1.189749,5.0,5.0,18.147376,0.0,1.0,0.0,0.0,0.257427,6763.0,0.338335,1.0
6781.0,0.494679,0.489491,0.509843,0.509843,13.168728,1.223313,1.225238,5.0,5.0,18.565534,0.0,1.0,0.0,0.0,0.25866,6773.0,0.347597,1.0
6791.0,0.494596,0.489406,0.509731,0.509731,13.170668,1.122782,1.12496,5.0,5.0,17.383526,0.0,1.0,0.0,0.0,0.25866,6783.0,0.331892,1.0
6801.0,0.494513,0.489321,0.509621,0.509621,13.16962,1.174505,1.176397,5.0,5.0,17.991654,0.0,1.0,0.0,0.0,0.25866,6793.0,0.333769,1.0
6811.0,0.494431,0.489237,0.509509,0.509509,13.169748,1.166662,1.168693,5.0,5.0,17.899413,0.0,1.0,0.0,0.0,0.25866,6803.0,0.339343,1.0
6821.0,0.494347,0.489152,0.509398,0.509398,13.169039,1.200839,1.202956,5.0,5.0,18.301181,0.0,1.0,0.0,0.0,0.25866,6813.0,0.340338,1.0
6831.0,0.494265,0.489068,0.509286,0.509286,13.170229,1.138803,1.140888,5.0,5.0,17.571784,0.0,1.0,0.0,0.0,0.25866,6823.0,0.336165,1.0
6841.0,0.494182,0.488984,0.509175,0.509175,13.169934,1.152367,1.154323,5.0,5.0,17.731245,0.0,1.0,0.0,0.0,0.260081,6833.0,0.328104,1.0
6851.0,0.494098,0.488898,0.509063,0.509063,13.168753,1.210599,1.212446,5.0,5.0,18.415828,0.0,1.0,0.0,0.0,0.260081,6843.0,0.347413,1.0
6861.0,0.494015,0.488813,0.508952,0.508952,13.169124,1.190073,1.192116,5.0,5.0,18.174482,0.0,1.0,0.0,0.0,0.260081,6853.0,0.34291,1.0
6871.0,0.493934,0.48873,0.508842,0.508842,13.170237,1.132033,1.134035,5.0,5.0,17.492049,0.0,1.0,0.0,0.0,0.260081,6863.0,0.334723,1.0
6881.0,0.493851,0.488645,0.50873,0.50873,13.169509,1.167527,1.169503,5.0,5.0,17.909355,0.0,1.0,0.0,0.0,0.260081,6873.0,0.34419,1.0
6891.0,0.493766,0.488559,0.508616,0.508616,13.168415,1.22115,1.222912,5.0,5.0,18.539716,0.0,1.0,0.0,0.0,0.260081,6883.0,0.344085,1.0
6901.0,0.493682,0.488473,0.508503,0.508503,13.169419,1.167945,1.170126,5.0,5.0,17.914178,0.0,1.0,0.0,0.0,0.259996,6893.0,0.333977,1.0
6911.0,0.493601,0.48839,0.508395,0.508395,13.169583,1.158529,1.160532,5.0,5.0,17.803449,0.0,1.0,0.0,0.0,0.259996,6903.0,0.332321,1.0
6921.0,0.493517,0.488304,0.508286,0.508286,13.168329,1.220504,1.222413,5.0,5.0,18.532009,0.0,1.0,0.0,0.0,0.259996,6913.0,0.337006,1.0
6931.0,0.493433,0.488219,0.508174,0.508174,13.16873,1.197929,1.199862,5.0,5.0,18.26659,0.0,1.0,0.0,0.0,0.259996,6923.0,0.347255,1.0
6941.0,0.493349,0.488133,0.508059,0.508059,13.168751,1.194932,1.196976,5.0,5.0,18.231309,0.0,1.0,0.0,0.0,0.259996,6933.0,0.335795,1.0
6951.0,0.493264,0.488047,0.507948,0.507948,13.169019,1.179016,1.181048,5.0,5.0,18.044152,0.0,1.0,0.0,0.0,0.259996,6943.0,0.344196,1.0
6961.0,0.493181,0.487962,0.507838,0.507838,13.168732,1.19199,1.194193,5.0,5.0,18.196644,0.0,1.0,0.0,0.0,0.261034,6953.0,0.348562,1.0
6971.0,0.493097,0.487876,0.507728,0.507728,13.168556,1.198759,1.200838,5.0,5.0,18.276172,0.0,1.0,0.0,0.0,0.261034,6963.0,0.338982,1.0
6981.0,0.493013,0.48779,0.507618,0.507618,13.169047,1.171771,1.173676,5.0,5.0,17.958858,0.0,1.0,0.0,0.0,0.261034,6973.0,0.337177,1.0
6991.0,0.492929,0.487705,0.50751,0.50751,13.169093,1.16769,1.169627,5.0,5.0,17.910842,0.0,1.0,0.0,0.0,0.261034,6983.0,0.334904,1.0
7001.0,0.492846,0.487619,0.507402,0.507402,13.169798,1.129945,1.131813,5.0,5.0,17.46701,0.0,1.0,0.0,0.0,0.261034,6993.0,0.333118,1.0
7011.0,0.492762,0.487534,0.507289,0.507289,13.16782,1.228911,1.230927,5.0,5.0,18.630454,0.0,1.0,0.0,0.0,0.261034,7003.0,0.332043,1.0
7021.0,0.492678,0.487448,0.507178,0.507178,13.168158,1.20972,1.21174,5.0,5.0,18.404826,0.0,1.0,0.0,0.0,0.262024,7013.0,0.333868,1.0
7031.0,0.492595,0.487364,0.507068,0.507068,13.168895,1.170846,1.172929,5.0,5.0,17.947799,0.0,1.0,0.0,0.0,0.262024,7023.0,0.336918,1.0
7041.0,0.492512,0.487279,0.506961,0.506961,13.168654,1.181561,1.183416,5.0,5.0,18.073737,0.0,1.0,0.0,0.0,0.262024,7033.0,0.343177,1.0
7051.0,0.492431,0.487196,0.506853,0.506853,13.169731,1.125539,1.127701,5.0,5.0,17.415054,0.0,1.0,0.0,0.0,0.262024,7043.0,0.336953,1.0
7061.0,0.492346,0.487109,0.506741,0.506741,13.169061,1.157355,1.159161,5.0,5.0,17.789085,0.0,1.0,0.0,0.0,0.262024,7053.0,0.342726,1.0
7071.0,0.492261,0.487022,0.50663,0.50663,13.168347,1.191531,1.193549,5.0,5.0,18.190825,0.0,1.0,0.0,0.0,0.262024,7063.0,0.339939,1.0
7081.0,0.492178,0.486938,0.506524,0.506524,13.169639,1.12425,1.126269,5.0,5.0,17.399777,0.0,1.0,0.0,0.0,0.263219,7073.0,0.332771,1.0
7091.0,0.492096,0.486854,0.506418,0.506418,13.169239,1.143318,1.145228,5.0,5.0,17.623955,0.0,1.0,0.0,0.0,0.263219,7083.0,0.344962,1.0
7101.0,0.492013,0.48677,0.506312,0.506312,13.167583,1.226378,1.228311,5.0,5.0,18.600367,0.0,1.0,0.0,0.0,0.263219,7093.0,0.343754,1.0
7111.0,0.491931,0.486686,0.506207,0.506207,13.169771,1.113556,1.115512,5.0,5.0,17.273954,0.0,1.0,0.0,0.0,0.263219,7103.0,0.333257,1.0
7121.0,0.491848,0.486601,0.506101,0.506101,13.168183,1.192698,1.194816,5.0,5.0,18.204394,0.0,1.0,0.0,0.0,0.263219,7113.0,0.344662,1.0
7131.0,0.491765,0.486516,0.505995,0.505995,13.167847,1.208352,1.210349,5.0,5.0,18.388381,0.0,1.0,0.0,0.0,0.263219,7123.0,0.339644,1.0
7141.0,0.491682,0.486431,0.505891,0.505891,13.168933,1.151297,1.153119,5.0,5.0,17.717603,0.0,1.0,0.0,0.0,0.264721,7133.0,0.328865,1.0
7151.0,0.491599,0.486347,0.505783,0.505783,13.169257,1.13324,1.135219,5.0,5.0,17.505274,0.0,1.0,0.0,0.0,0.264721,7143.0,0.348302,1.0
7161.0,0.491517,0.486263,0.505678,0.505678,13.168133,1.189168,1.190995,5.0,5.0,18.162765,0.0,1.0,0.0,0.0,0.264721,7153.0,0.337801,1.0
7171.0,0.491433,0.486177,0.505568,0.505568,13.168002,1.193966,1.196062,5.0,5.0,18.219134,0.0,1.0,0.0,0.0,0.264721,7163.0,0.333347,1.0
7181.0,0.491351,0.486093,0.505466,0.505466,13.169847,1.098486,1.100374,5.0,5.0,17.096537,0.0,1.0,0.0,0.0,0.264721,7173.0,0.333867,1.0
7191.0,0.491268,0.486008,0.505358,0.505358,13.167849,1.198732,1.200776,5.0,5.0,18.275099,0.0,1.0,0.0,0.0,0.264721,7183.0,0.332742,1.0
7201.0,0.491185,0.485924,0.505252,0.505252,13.167744,1.202731,1.204659,5.0,5.0,18.322074,0.0,1.0,0.0,0.0,0.265057,7193.0,0.335529,1.0
7211.0,0.491101,0.485839,0.505147,0.505147,13.167581,1.209007,1.21093,5.0,5.0,18.395804,0.0,1.0,0.0,0.0,0.265057,7203.0,0.334999,1.0
7221.0,0.491018,0.485753,0.505041,0.505041,13.168588,1.155725,1.157832,5.0,5.0,17.769395,0.0,1.0,0.0,0.0,0.265057,7213.0,0.339104,1.0
7231.0,0.490934,0.485668,0.504933,0.504933,13.168665,1.149962,1.151893,5.0,5.0,17.701607,0.0,1.0,0.0,0.0,0.265057,7223.0,0.339608,1.0
7241.0,0.490851,0.485583,0.504826,0.504826,13.167463,1.209607,1.211511,5.0,5.0,18.402746,0.0,1.0,0.0,0.0,0.265057,7233.0,0.333675,1.0
7251.0,0.490768,0.485498,0.504721,0.504721,13.168554,1.15221,1.154344,5.0,5.0,17.727967,0.0,1.0,0.0,0.0,0.265057,7243.0,0.333254,1.0
7261.0,0.490685,0.485413,0.504614,0.504614,13.167742,1.191947,1.19384,5.0,5.0,18.195085,0.0,1.0,0.0,0.0,0.266039,7253.0,0.339441,1.0
7271.0,0.490601,0.485328,0.504509,0.504509,13.168105,1.171478,1.173531,5.0,5.0,17.954414,0.0,1.0,0.0,0.0,0.266039,7263.0,0.338338,1.0
7281.0,0.490517,0.485242,0.504404,0.504404,13.167829,1.183523,1.185658,5.0,5.0,18.095973,0.0,1.0,0.0,0.0,0.266039,7273.0,0.354959,1.0
7291.0,0.490434,0.485158,0.504301,0.504301,13.168331,1.156624,1.158476,5.0,5.0,17.77972,0.0,1.0,0.0,0.0,0.266039,7283.0,0.336403,1.0
7301.0,0.490351,0.485072,0.504193,0.504193,13.16751,1.196552,1.198637,5.0,5.0,18.249062,0.0,1.0,0.0,0.0,0.266039,7293.0,0.339867,1.0
7311.0,0.490267,0.484987,0.504089,0.504089,13.168664,1.135857,1.137897,5.0,5.0,17.535495,0.0,1.0,0.0,0.0,0.266039,7303.0,0.340722,1.0
7321.0,0.490183,0.484901,0.503984,0.503984,13.166796,1.229136,1.231073,5.0,5.0,18.631979,0.0,1.0,0.0,0.0,0.267058,7313.0,0.337375,1.0
7331.0,0.4901,0.484816,0.503878,0.503878,13.168423,1.144406,1.146307,5.0,5.0,17.635926,0.0,1.0,0.0,0.0,0.267058,7323.0,0.340018,1.0
7341.0,0.490016,0.484731,0.503771,0.503771,13.166923,1.219382,1.221354,5.0,5.0,18.517268,0.0,1.0,0.0,0.0,0.267058,7333.0,0.335158,1.0
7351.0,0.489933,0.484646,0.503666,0.503666,13.167108,1.208186,1.210099,5.0,5.0,18.38563,0.0,1.0,0.0,0.0,0.267058,7343.0,0.337175,1.0
7361.0,0.489851,0.484562,0.503564,0.503564,13.168658,1.127814,1.129882,5.0,5.0,17.440764,0.0,1.0,0.0,0.0,0.267058,7353.0,0.334475,1.0
7371.0,0.489768,0.484477,0.503462,0.503462,13.167981,1.160657,1.162712,5.0,5.0,17.826857,0.0,1.0,0.0,0.0,0.267058,7363.0,0.347051,1.0
7381.0,0.489684,0.484392,0.503357,0.503357,13.167762,1.170005,1.17214,5.0,5.0,17.936711,0.0,1.0,0.0,0.0,0.26832,7373.0,0.330688,1.0
7391.0,0.4896,0.484306,0.503252,0.503252,13.166803,1.217011,1.218987,5.0,5.0,18.489214,0.0,1.0,0.0,0.0,0.26832,7383.0,0.338991,1.0
7401.0,0.489517,0.484222,0.503148,0.503148,13.167983,1.15522,1.157334,5.0,5.0,17.762827,0.0,1.0,0.0,0.0,0.26832,7393.0,0.334774,1.0
7411.0,0.489434,0.484137,0.503045,0.503045,13.167974,1.153953,1.155943,5.0,5.0,17.747897,0.0,1.0,0.0,0.0,0.26832,7403.0,0.33208,1.0
7421.0,0.489351,0.484052,0.502945,0.502945,13.167645,1.169313,1.171475,5.0,5.0,17.928443,0.0,1.0,0.0,0.0,0.26832,7413.0,0.3246,1.0
7431.0,0.489268,0.483967,0.502842,0.502842,13.167684,1.165715,1.167779,5.0,5.0,17.886108,0.0,1.0,0.0,0.0,0.26832,7423.0,0.338104,1.0
7441.0,0.489186,0.483883,0.50274,0.50274,13.168045,1.145803,1.147678,5.0,5.0,17.651994,0.0,1.0,0.0,0.0,0.269617,7433.0,0.344531,1.0
7451.0,0.489103,0.483799,0.50264,0.50264,13.168463,1.122956,1.125043,5.0,5.0,17.383356,0.0,1.0,0.0,0.0,0.269617,7443.0,0.334672,1.0
7461.0,0.48902,0.483714,0.502536,0.502536,13.166626,1.215015,1.216994,5.0,5.0,18.465517,0.0,1.0,0.0,0.0,0.269617,7453.0,0.319698,1.0
7471.0,0.488936,0.483628,0.502431,0.502431,13.168481,1.118503,1.120392,5.0,5.0,17.330938,0.0,1.0,0.0,0.0,0.269617,7463.0,0.342045,1.0
7481.0,0.488853,0.483544,0.50233,0.50233,13.16765,1.159321,1.161279,5.0,5.0,17.81078,0.0,1.0,0.0,0.0,0.269617,7473.0,0.340339,1.0
7491.0,0.48877,0.483459,0.50223,0.50223,13.166793,1.201262,1.203351,5.0,5.0,18.303753,0.0,1.0,0.0,0.0,0.269617,7483.0,0.335824,1.0
7501.0,0.488686,0.483373,0.502126,0.502126,13.166245,1.227119,1.229204,5.0,5.0,18.607624,0.0,1.0,0.0,0.0,0.269674,7493.0,0.337868,1.0
7511.0,0.488603,0.483288,0.502022,0.502022,13.167753,1.148465,1.150585,5.0,5.0,17.683043,0.0,1.0,0.0,0.0,0.269674,7503.0,0.329803,1.0
7521.0,0.488518,0.483202,0.501921,0.501921,13.166568,1.206851,1.208708,5.0,5.0,18.369328,0.0,1.0,0.0,0.0,0.269674,7513.0,0.32639,1.0
7531.0,0.488436,0.483118,0.501818,0.501818,13.167623,1.151689,1.153721,5.0,5.0,17.720873,0.0,1.0,0.0,0.0,0.269674,7523.0,0.334471,1.0
7541.0,0.488354,0.483034,0.501717,0.501717,13.167499,1.156732,1.158642,5.0,5.0,17.780127,0.0,1.0,0.0,0.0,0.269674,7533.0,0.327954,1.0
7551.0,0.488271,0.482949,0.501618,0.501618,13.167425,1.159043,1.161009,5.0,5.0,17.807267,0.0,1.0,0.0,0.0,0.269674,7543.0,0.330483,1.0
7561.0,0.488187,0.482864,0.501519,0.501519,13.166376,1.210509,1.212404,5.0,5.0,18.412189,0.0,1.0,0.0,0.0,0.270941,7553.0,0.332844,1.0
7571.0,0.488104,0.482779,0.501419,0.501419,13.166439,1.205598,1.207566,5.0,5.0,18.354436,0.0,1.0,0.0,0.0,0.270941,7563.0,0.338292,1.0
7581.0,0.48802,0.482693,0.501316,0.501316,13.166749,1.187881,1.189708,5.0,5.0,18.146149,0.0,1.0,0.0,0.0,0.270941,7573.0,0.334211,1.0
7591.0,0.487936,0.482607,0.501215,0.501215,13.166849,1.180797,1.182834,5.0,5.0,18.062833,0.0,1.0,0.0,0.0,0.270941,7583.0,0.338346,1.0
7601.0,0.487852,0.482522,0.501113,0.501113,13.167082,1.167062,1.169295,5.0,5.0,17.901339,0.0,1.0,0.0,0.0,0.270941,7593.0,0.338291,1.0
7611.0,0.487769,0.482437,0.501013,0.501013,13.167936,1.12189,1.123922,5.0,5.0,17.37027,0.0,1.0,0.0,0.0,0.270941,7603.0,0.33926,1.0
7621.0,0.487688,0.482354,0.500915,0.500915,13.16881,1.076273,1.078175,5.0,5.0,16.833923,0.0,1.0,0.0,0.0,0.272121,7613.0,0.336956,1.0
7631.0,0.487605,0.482269,0.500815,0.500815,13.166451,1.194886,1.196851,5.0,5.0,18.228305,0.0,1.0,0.0,0.0,0.272121,7623.0,0.327575,1.0
7641.0,0.487521,0.482184,0.500713,0.500713,13.167421,1.143486,1.145477,5.0,5.0,17.624068,0.0,1.0,0.0,0.0,0.272121,7633.0,0.340604,1.0
7651.0,0.487437,0.482098,0.500612,0.500612,13.166282,1.199749,1.201731,5.0,5.0,18.285386,0.0,1.0,0.0,0.0,0.272121,7643.0,0.341013,1.0
7661.0,0.487354,0.482013,0.500509,0.500509,13.166501,1.186945,1.188794,5.0,5.0,18.13486,0.0,1.0,0.0,0.0,0.272121,7653.0,0.341438,1.0
7671.0,0.487271,0.481928,0.500407,0.500407,13.167173,1.150826,1.152869,5.0,5.0,17.710254,0.0,1.0,0.0,0.0,0.272121,7663.0,0.338557,1.0
7681.0,0.487187,0.481843,0.500306,0.500306,13.166792,1.168455,1.170416,5.0,5.0,17.917447,0.0,1.0,0.0,0.0,0.273286,7673.0,0.338503,1.0
7691.0,0.487103,0.481757,0.500203,0.500203,13.166644,1.174003,1.176023,5.0,5.0,17.98262,0.0,1.0,0.0,0.0,0.273286,7683.0,0.338234,1.0
7701.0,0.487019,0.481672,0.500104,0.500104,13.166675,1.170689,1.172721,5.0,5.0,17.943625,0.0,1.0,0.0,0.0,0.273286,7693.0,0.340234,1.0
7711.0,0.486935,0.481586,0.500003,0.500003,13.165559,1.225647,1.227584,5.0,5.0,18.58954,0.0,1.0,0.0,0.0,0.273286,7703.0,0.345721,1.0
7721.0,0.486852,0.4815,0.499905,0.499905,13.167067,1.146881,1.148675,5.0,5.0,17.663691,0.0,1.0,0.0,0.0,0.273286,7713.0,0.343431,1.0
7731.0,0.486768,0.481415,0.499807,0.499807,13.165602,1.21967,1.221666,5.0,5.0,18.51921,0.0,1.0,0.0,0.0,0.273286,7723.0,0.33676,1.0
7741.0,0.486684,0.481329,0.499707,0.499707,13.16601,1.196879,1.198824,5.0,5.0,18.25131,0.0,1.0,0.0,0.0,0.274233,7733.0,0.33611,1.0
7751.0,0.486601,0.481244,0.499607,0.499607,13.165746,1.208805,1.210868,5.0,5.0,18.391449,0.0,1.0,0.0,0.0,0.274233,7743.0,0.325606,1.0
7761.0,0.486519,0.481161,0.499511,0.499511,13.166955,1.146103,1.148031,5.0,5.0,17.654414,0.0,1.0,0.0,0.0,0.274233,7753.0,0.336266,1.0
7771.0,0.486436,0.481076,0.499412,0.499412,13.165988,1.194048,1.195937,5.0,5.0,18.21795,0.0,1.0,0.0,0.0,0.274233,7763.0,0.337127,1.0
7781.0,0.486351,0.480989,0.499309,0.499309,13.166129,1.184399,1.186198,5.0,5.0,18.104489,0.0,1.0,0.0,0.0,0.274233,7773.0,0.331953,1.0
7791.0,0.486268,0.480905,0.49921,0.49921,13.16694,1.141524,1.143525,5.0,5.0,17.60047,0.0,1.0,0.0,0.0,0.274233,7783.0,0.341966,1.0
7801.0,0.486185,0.48082,0.499112,0.499112,13.166221,1.176629,1.178619,5.0,5.0,18.013096,0.0,1.0,0.0,0.0,0.274585,7793.0,0.336447,1.0
7811.0,0.486103,0.480736,0.499016,0.499016,13.166133,1.179773,1.181754,5.0,5.0,18.050026,0.0,1.0,0.0,0.0,0.274585,7803.0,0.342982,1.0
7821.0,0.48602,0.480651,0.498916,0.498916,13.167525,1.107105,1.109075,5.0,5.0,17.195752,0.0,1.0,0.0,0.0,0.274585,7813.0,0.342649,1.0
7831.0,0.485935,0.480565,0.498814,0.498814,13.165615,1.202374,1.204223,5.0,5.0,18.31558,0.0,1.0,0.0,0.0,0.274585,7823.0,0.330233,1.0
7841.0,0.485852,0.48048,0.498714,0.498714,13.16701,1.129537,1.131605,5.0,5.0,17.459392,0.0,1.0,0.0,0.0,0.274585,7833.0,0.33601,1.0
7851.0,0.485768,0.480394,0.498616,0.498616,13.164599,1.250492,1.25242,5.0,5.0,18.880994,0.0,1.0,0.0,0.0,0.274585,7843.0,0.338808,1.0
7861.0,0.485684,0.480308,0.498514,0.498514,13.166516,1.150796,1.152579,5.0,5.0,17.709221,0.0,1.0,0.0,0.0,0.275686,7853.0,0.330999,1.0
7871.0,0.4856,0.480223,0.498416,0.498416,13.16563,1.19424,1.196373,5.0,5.0,18.219833,0.0,1.0,0.0,0.0,0.275686,7863.0,0.340425,1.0
7881.0,0.485517,0.480138,0.498314,0.498314,13.166306,1.158185,1.160345,5.0,5.0,17.796006,0.0,1.0,0.0,0.0,0.275686,7873.0,0.329706,1.0
7891.0,0.485434,0.480053,0.498216,0.498216,13.164762,1.235188,1.237261,5.0,5.0,18.700998,0.0,1.0,0.0,0.0,0.275686,7883.0,0.334399,1.0
7901.0,0.485351,0.479968,0.498119,0.498119,13.165965,1.172379,1.174362,5.0,5.0,17.962786,0.0,1.0,0.0,0.0,0.275686,7893.0,0.33543,1.0
7911.0,0.485267,0.479882,0.49802,0.49802,13.165342,1.202144,1.204181,5.0,5.0,18.312582,0.0,1.0,0.0,0.0,0.275686,7903.0,0.339727,1.0
7921.0,0.485184,0.479798,0.497923,0.497923,13.166754,1.128699,1.130484,5.0,5.0,17.449272,0.0,1.0,0.0,0.0,0.277002,7913.0,0.328108,1.0
7931.0,0.485101,0.479713,0.497823,0.497823,13.166687,1.130425,1.132353,5.0,5.0,17.469522,0.0,1.0,0.0,0.0,0.277002,7923.0,0.336784,1.0
7941.0,0.485017,0.479627,0.497721,0.497721,13.165953,1.165907,1.167924,5.0,5.0,17.886565,0.0,1.0,0.0,0.0,0.277002,7933.0,0.341501,1.0
7951.0,0.484932,0.479541,0.497622,0.497622,13.164561,1.234965,1.236783,5.0,5.0,18.698153,0.0,1.0,0.0,0.0,0.277002,7943.0,0.337895,1.0
7961.0,0.484848,0.479455,0.497519,0.497519,13.165032,1.208709,1.210639,5.0,5.0,18.389539,0.0,1.0,0.0,0.0,0.277002,7953.0,0.330624,1.0
7971.0,0.484764,0.479369,0.497421,0.497421,13.164361,1.24116,1.243096,5.0,5.0,18.770871,0.0,1.0,0.0,0.0,0.277002,7963.0,0.334267,1.0
7981.0,0.48468,0.479283,0.497323,0.497323,13.164949,1.209206,1.2112,5.0,5.0,18.3953,0.0,1.0,0.0,0.0,0.277977,7973.0,0.3443,1.0
7991.0,0.484596,0.479198,0.497224,0.497224,13.165227,1.193341,1.195127,5.0,5.0,18.208817,0.0,1.0,0.0,0.0,0.277977,7983.0,0.3317,1.0
8001.0,0.484512,0.479112,0.497126,0.497126,13.165544,1.175319,1.177414,5.0,5.0,17.996958,0.0,1.0,0.0,0.0,0.277977,7993.0,0.337981,1.0
8011.0,0.484429,0.479027,0.497026,0.497026,13.164738,1.214811,1.216786,5.0,5.0,18.461066,0.0,1.0,0.0,0.0,0.277977,8003.0,0.338122,1.0
8021.0,0.484346,0.478943,0.496927,0.496927,13.165396,1.179836,1.18163,5.0,5.0,18.049983,0.0,1.0,0.0,0.0,0.277977,8013.0,0.33447,1.0
8031.0,0.484263,0.478858,0.496829,0.496829,13.165484,1.173865,1.175732,5.0,5.0,17.979771,0.0,1.0,0.0,0.0,0.277977,8023.0,0.335065,1.0
8041.0,0.484179,0.478772,0.496729,0.496729,13.165626,1.16466,1.166741,5.0,5.0,17.871539,0.0,1.0,0.0,0.0,0.2793,8033.0,0.350448,1.0
8051.0,0.484095,0.478687,0.496632,0.496632,13.165501,1.169234,1.171164,5.0,5.0,17.925268,0.0,1.0,0.0,0.0,0.2793,8043.0,0.32529,1.0
8061.0,0.484011,0.478601,0.496536,0.496536,13.165303,1.177487,1.179574,5.0,5.0,18.022229,0.0,1.0,0.0,0.0,0.2793,8053.0,0.337287,1.0
8071.0,0.483928,0.478515,0.496441,0.496441,13.165287,1.176583,1.178577,5.0,5.0,18.011574,0.0,1.0,0.0,0.0,0.2793,8063.0,0.33691,1.0
8081.0,0.483845,0.478432,0.496346,0.496346,13.165684,1.155092,1.157085,5.0,5.0,17.758942,0.0,1.0,0.0,0.0,0.2793,8073.0,0.336442,1.0
8091.0,0.483762,0.478346,0.496251,0.496251,13.164756,1.200647,1.202624,5.0,5.0,18.29433,0.0,1.0,0.0,0.0,0.2793,8083.0,0.327972,1.0
8101.0,0.483678,0.478261,0.496152,0.496152,13.164753,1.199054,1.201087,5.0,5.0,18.275572,0.0,1.0,0.0,0.0,0.279492,8093.0,0.335088,1.0
8111.0,0.483593,0.478174,0.496052,0.496052,13.164729,1.198029,1.200007,5.0,5.0,18.263472,0.0,1.0,0.0,0.0,0.279492,8103.0,0.334406,1.0
8121.0,0.483509,0.478088,0.495953,0.495953,13.165099,1.177424,1.179325,5.0,5.0,18.021275,0.0,1.0,0.0,0.0,0.279492,8113.0,0.342324,1.0
8131.0,0.483427,0.478004,0.495856,0.495856,13.165247,1.168595,1.170686,5.0,5.0,17.917473,0.0,1.0,0.0,0.0,0.279492,8123.0,0.334988,1.0
8141.0,0.483344,0.477919,0.495759,0.495759,13.164426,1.208965,1.210764,5.0,5.0,18.391895,0.0,1.0,0.0,0.0,0.279492,8133.0,0.327552,1.0
8151.0,0.483261,0.477834,0.495662,0.495662,13.164837,1.18633,1.188275,5.0,5.0,18.125848,0.0,1.0,0.0,0.0,0.279492,8143.0,0.327614,1.0
8161.0,0.483178,0.47775,0.495569,0.495569,13.164728,1.190664,1.192843,5.0,5.0,18.176765,0.0,1.0,0.0,0.0,0.280862,8153.0,0.331852,1.0
8171.0,0.483095,0.477666,0.495474,0.495474,13.165502,1.149678,1.151644,5.0,5.0,17.695014,0.0,1.0,0.0,0.0,0.280862,8163.0,0.341106,1.0
8181.0,0.483012,0.477581,0.49538,0.49538,13.16482,1.182878,1.184911,5.0,5.0,18.08519,0.0,1.0,0.0,0.0,0.280862,8172.0,0.336224,1.0
8191.0,0.482928,0.477495,0.495282,0.495282,13.16425,1.209999,1.211948,5.0,5.0,18.403884,0.0,1.0,0.0,0.0,0.280862,8182.0,0.345769,1.0
8201.0,0.482845,0.47741,0.495185,0.495185,13.164171,1.212398,1.214356,5.0,5.0,18.432045,0.0,1.0,0.0,0.0,0.280862,8192.0,0.33601,1.0
8211.0,0.482763,0.477327,0.495093,0.495093,13.165546,1.141117,1.143109,5.0,5.0,17.594255,0.0,1.0,0.0,0.0,0.280862,8202.0,0.336331,1.0
8221.0,0.482679,0.477241,0.494996,0.494996,13.164339,1.200871,1.202831,5.0,5.0,18.296519,0.0,1.0,0.0,0.0,0.282214,8212.0,0.34122,1.0
8231.0,0.482596,0.477156,0.4949,0.4949,13.164908,1.170178,1.172098,5.0,5.0,17.935765,0.0,1.0,0.0,0.0,0.282214,8222.0,0.346936,1.0
8241.0,0.482513,0.477071,0.494807,0.494807,13.163555,1.237705,1.239732,5.0,5.0,18.729292,0.0,1.0,0.0,0.0,0.282214,8232.0,0.339616,1.0
8251.0,0.48243,0.476986,0.494713,0.494713,13.16396,1.215291,1.21716,5.0,5.0,18.465871,0.0,1.0,0.0,0.0,0.282214,8242.0,0.332823,1.0
8261.0,0.482346,0.476901,0.494618,0.494618,13.164862,1.167592,1.169461,5.0,5.0,17.905263,0.0,1.0,0.0,0.0,0.282214,8252.0,0.334476,1.0
8271.0,0.482264,0.476817,0.494523,0.494523,13.165778,1.11957,1.121742,5.0,5.0,17.340794,0.0,1.0,0.0,0.0,0.282214,8262.0,0.332935,1.0
8281.0,0.482181,0.476733,0.494429,0.494429,13.164562,1.180006,1.182066,5.0,5.0,18.051112,0.0,1.0,0.0,0.0,0.283566,8272.0,0.327079,1.0
8291.0,0.482098,0.476648,0.494334,0.494334,13.164873,1.162445,1.164353,5.0,5.0,17.844684,0.0,1.0,0.0,0.0,0.283566,8282.0,0.335074,1.0
8301.0,0.482014,0.476562,0.494239,0.494239,13.165331,1.137266,1.139309,5.0,5.0,17.548696,0.0,1.0,0.0,0.0,0.283566,8292.0,0.333651,1.0
8311.0,0.481931,0.476477,0.494144,0.494144,13.164609,1.17229,1.174258,5.0,5.0,17.96031,0.0,1.0,0.0,0.0,0.283566,8302.0,0.335235,1.0
8321.0,0.481849,0.476393,0.494051,0.494051,13.165669,1.11696,1.11898,5.0,5.0,17.30995,0.0,1.0,0.0,0.0,0.283566,8312.0,0.329836,1.0
8331.0,0.481765,0.476308,0.493954,0.493954,13.164627,1.168334,1.17025,5.0,5.0,17.913762,0.0,1.0,0.0,0.0,0.283566,8322.0,0.337401,1.0
8341.0,0.481682,0.476223,0.493859,0.493859,13.163771,1.210176,1.212072,5.0,5.0,18.405447,0.0,1.0,0.0,0.0,0.284755,8332.0,0.348944,1.0
8351.0,0.481598,0.476137,0.493764,0.493764,13.165111,1.140017,1.142092,5.0,5.0,17.580869,0.0,1.0,0.0,0.0,0.284755,8342.0,0.327515,1.0
8361.0,0.481513,0.47605,0.493667,0.493667,13.164769,1.1551,1.15723,5.0,5.0,17.7581,0.0,1.0,0.0,0.0,0.284755,8352.0,0.344889,1.0
8371.0,0.481429,0.475965,0.493572,0.493572,13.163691,1.208326,1.210245,5.0,5.0,18.383587,0.0,1.0,0.0,0.0,0.284755,8362.0,0.340029,1.0
8381.0,0.481345,0.475879,0.493475,0.493475,13.163356,1.223513,1.225424,5.0,5.0,18.56201,0.0,1.0,0.0,0.0,0.284755,8372.0,0.336197,1.0
8391.0,0.481262,0.475794,0.493383,0.493383,13.165039,1.135761,1.137627,5.0,5.0,17.530684,0.0,1.0,0.0,0.0,0.284755,8382.0,0.329861,1.0
8401.0,0.481178,0.475708,0.493288,0.493288,13.164235,1.174952,1.177061,5.0,5.0,17.991264,0.0,1.0,0.0,0.0,0.284648,8392.0,0.33659,1.0
8411.0,0.481093,0.475622,0.493194,0.493194,13.162931,1.239259,1.24131,5.0,5.0,18.746903,0.0,1.0,0.0,0.0,0.284648,8402.0,0.338421,1.0
8421.0,0.48101,0.475537,0.4931,0.4931,13.163435,1.211951,1.214086,5.0,5.0,18.425979,0.0,1.0,0.0,0.0,0.284648,8412.0,0.328278,1.0
8431.0,0.480926,0.475451,0.493005,0.493005,13.164595,1.150988,1.152994,5.0,5.0,17.709497,0.0,1.0,0.0,0.0,0.284648,8422.0,0.340878,1.0
8441.0,0.480842,0.475365,0.492907,0.492907,13.163855,1.186777,1.188856,5.0,5.0,18.130077,0.0,1.0,0.0,0.0,0.284648,8432.0,0.336443,1.0
8451.0,0.480757,0.475279,0.492811,0.492811,13.163775,1.188824,1.190891,5.0,5.0,18.15409,0.0,1.0,0.0,0.0,0.284648,8442.0,0.342119,1.0
8461.0,0.480674,0.475194,0.492712,0.492712,13.164346,1.157926,1.159867,5.0,5.0,17.79093,0.0,1.0,0.0,0.0,0.285748,8452.0,0.340931,1.0
8471.0,0.48059,0.475108,0.49262,0.49262,13.164078,1.169933,1.171911,5.0,5.0,17.932002,0.0,1.0,0.0,0.0,0.285748,8462.0,0.331319,1.0
8481.0,0.480508,0.475024,0.492525,0.492525,13.163187,1.214092,1.216121,5.0,5.0,18.450917,0.0,1.0,0.0,0.0,0.285748,8472.0,0.339329,1.0
8491.0,0.480425,0.47494,0.492432,0.492432,13.164488,1.146281,1.148342,5.0,5.0,17.653972,0.0,1.0,0.0,0.0,0.285748,8482.0,0.335355,1.0
8501.0,0.480342,0.474855,0.492339,0.492339,13.163457,1.197483,1.199571,5.0,5.0,18.255684,0.0,1.0,0.0,0.0,0.285748,8492.0,0.345708,1.0
8511.0,0.480259,0.47477,0.492245,0.492245,13.163001,1.219059,1.220981,5.0,5.0,18.509191,0.0,1.0,0.0,0.0,0.285748,8502.0,0.33852,1.0
8521.0,0.480176,0.474685,0.492153,0.492153,13.163504,1.191952,1.193902,5.0,5.0,18.190627,0.0,1.0,0.0,0.0,0.287279,8512.0,0.337958,1.0
8531.0,0.480093,0.474601,0.492058,0.492058,13.163992,1.165395,1.167301,5.0,5.0,17.878493,0.0,1.0,0.0,0.0,0.287279,8522.0,0.337216,1.0
8541.0,0.48001,0.474516,0.491965,0.491965,13.163472,1.190377,1.192386,5.0,5.0,18.172046,0.0,1.0,0.0,0.0,0.287279,8532.0,0.345336,1.0
8551.0,0.479927,0.474431,0.491873,0.491873,13.164709,1.12576,1.127743,5.0,5.0,17.412597,0.0,1.0,0.0,0.0,0.287279,8542.0,0.338072,1.0
8561.0,0.479843,0.474346,0.491779,0.491779,13.164915,1.113485,1.115408,5.0,5.0,17.268285,0.0,1.0,0.0,0.0,0.287279,8552.0,0.34091,1.0
8571.0,0.47976,0.474261,0.491686,0.491686,13.164772,1.119147,1.120953,5.0,5.0,17.33481,0.0,1.0,0.0,0.0,0.287279,8562.0,0.337301,1.0
8581.0,0.479678,0.474177,0.491595,0.491595,13.164553,1.12916,1.131169,5.0,5.0,17.452472,0.0,1.0,0.0,0.0,0.288699,8572.0,0.332215,1.0
8591.0,0.479595,0.474092,0.491502,0.491502,13.163187,1.197258,1.199281,5.0,5.0,18.252748,0.0,1.0,0.0,0.0,0.288699,8582.0,0.338607,1.0
8601.0,0.479511,0.474007,0.49141,0.49141,13.163374,1.185946,1.18788,5.0,5.0,18.11978,0.0,1.0,0.0,0.0,0.288699,8592.0,0.336889,1.0
8611.0,0.479428,0.473922,0.491313,0.491313,13.164211,1.141433,1.143587,5.0,5.0,17.596621,0.0,1.0,0.0,0.0,0.288699,8602.0,0.342803,1.0
8621.0,0.479344,0.473837,0.491222,0.491222,13.162849,1.20913,1.211138,5.0,5.0,18.392142,0.0,1.0,0.0,0.0,0.288699,8612.0,0.330286,1.0
8631.0,0.479261,0.473751,0.491126,0.491126,13.16301,1.199112,1.201004,5.0,5.0,18.274383,0.0,1.0,0.0,0.0,0.288699,8622.0,0.335907,1.0
8641.0,0.479176,0.473665,0.491034,0.491034,13.162402,1.228038,1.230055,5.0,5.0,18.614222,0.0,1.0,0.0,0.0,0.289818,8632.0,0.337092,1.0
8651.0,0.479093,0.47358,0.490942,0.490942,13.162416,1.225506,1.227605,5.0,5.0,18.584437,0.0,1.0,0.0,0.0,0.289818,8642.0,0.339099,1.0
8661.0,0.479009,0.473495,0.49085,0.49085,13.16232,1.228761,1.23072,5.0,5.0,18.622642,0.0,1.0,0.0,0.0,0.289818,8652.0,0.332668,1.0
8671.0,0.478927,0.47341,0.490758,0.490758,13.162995,1.192879,1.194816,5.0,5.0,18.20099,0.0,1.0,0.0,0.0,0.289818,8662.0,0.339717,1.0
8681.0,0.478843,0.473325,0.490665,0.490665,13.162862,1.197797,1.1998,5.0,5.0,18.258747,0.0,1.0,0.0,0.0,0.289818,8672.0,0.331875,1.0
8691.0,0.47876,0.47324,0.490572,0.490572,13.163484,1.16439,1.166388,5.0,5.0,17.86613,0.0,1.0,0.0,0.0,0.289818,8682.0,0.329892,1.0
8701.0,0.478677,0.473155,0.490479,0.490479,13.163605,1.156731,1.158788,5.0,5.0,17.776091,0.0,1.0,0.0,0.0,0.290026,8692.0,0.335607,1.0
8711.0,0.478593,0.47307,0.490385,0.490385,13.16261,1.205693,1.207732,5.0,5.0,18.351425,0.0,1.0,0.0,0.0,0.290026,8702.0,0.345317,1.0
8721.0,0.47851,0.472985,0.490294,0.490294,13.162746,1.197161,1.199135,5.0,5.0,18.251134,0.0,1.0,0.0,0.0,0.290026,8712.0,0.338592,1.0
8731.0,0.478429,0.472902,0.490201,0.490201,13.164067,1.128738,1.130712,5.0,5.0,17.447011,0.0,1.0,0.0,0.0,0.290026,8722.0,0.330345,1.0
8741.0,0.478345,0.472817,0.49011,0.49011,13.163329,1.164603,1.166471,5.0,5.0,17.868482,0.0,1.0,0.0,0.0,0.290026,8732.0,0.341426,1.0
8751.0,0.478261,0.472731,0.490018,0.490018,13.162329,1.2137,1.215706,5.0,5.0,18.445375,0.0,1.0,0.0,0.0,0.290026,8742.0,0.337381,1.0
8761.0,0.478178,0.472646,0.489926,0.489926,13.162755,1.190371,1.192469,5.0,5.0,18.171216,0.0,1.0,0.0,0.0,0.291404,8752.0,0.353356,1.0
8771.0,0.478094,0.47256,0.489833,0.489833,13.162762,1.188091,1.189936,5.0,5.0,18.144382,0.0,1.0,0.0,0.0,0.291404,8762.0,0.343307,1.0
8781.0,0.478011,0.472475,0.489741,0.489741,13.163268,1.160569,1.162484,5.0,5.0,17.820929,0.0,1.0,0.0,0.0,0.291404,8772.0,0.336465,1.0
8791.0,0.477926,0.472389,0.489648,0.489648,13.162296,1.207977,1.210079,5.0,5.0,18.377967,0.0,1.0,0.0,0.0,0.291404,8782.0,0.328106,1.0
8801.0,0.477843,0.472304,0.489557,0.489557,13.162284,1.207111,1.209186,5.0,5.0,18.367756,0.0,1.0,0.0,0.0,0.291404,8792.0,0.338352,1.0
8811.0,0.477761,0.47222,0.489466,0.489466,13.162686,1.185176,1.187299,5.0,5.0,18.109987,0.0,1.0,0.0,0.0,0.291404,8802.0,0.343169,1.0
8821.0,0.477677,0.472135,0.489371,0.489371,13.162035,1.216651,1.218696,5.0,5.0,18.479793,0.0,1.0,0.0,0.0,0.292613,8812.0,0.335525,1.0
8831.0,0.477595,0.472051,0.489279,0.489279,13.162605,1.186211,1.188316,5.0,5.0,18.122088,0.0,1.0,0.0,0.0,0.292613,8822.0,0.341458,1.0
8841.0,0.477511,0.471965,0.489187,0.489187,13.162265,1.201467,1.203454,5.0,5.0,18.301301,0.0,1.0,0.0,0.0,0.292613,8832.0,0.335057,1.0
8851.0,0.477428,0.47188,0.489093,0.489093,13.163223,1.151126,1.153139,5.0,5.0,17.709719,0.0,1.0,0.0,0.0,0.292613,8842.0,0.341789,1.0
8861.0,0.477344,0.471795,0.489003,0.489003,13.162155,1.203779,1.205718,5.0,5.0,18.328398,0.0,1.0,0.0,0.0,0.292613,8852.0,0.333781,1.0
8871.0,0.477261,0.47171,0.488912,0.488912,13.162253,1.197222,1.199114,5.0,5.0,18.251325,0.0,1.0,0.0,0.0,0.292613,8862.0,0.333287,1.0
8881.0,0.477178,0.471625,0.488817,0.488817,13.163162,1.148995,1.150834,5.0,5.0,17.684566,0.0,1.0,0.0,0.0,0.293839,8872.0,0.330022,1.0
8891.0,0.477094,0.471539,0.488726,0.488726,13.162372,1.187377,1.189355,5.0,5.0,18.135559,0.0,1.0,0.0,0.0,0.293839,8882.0,0.339713,1.0
8901.0,0.477012,0.471455,0.488633,0.488633,13.1637,1.118282,1.120226,5.0,5.0,17.323549,0.0,1.0,0.0,0.0,0.293839,8892.0,0.339503,1.0
8911.0,0.476928,0.47137,0.488542,0.488542,13.162102,1.19792,1.199945,5.0,5.0,18.259375,0.0,1.0,0.0,0.0,0.293839,8902.0,0.337878,1.0
8921.0,0.476844,0.471284,0.488447,0.488447,13.161584,1.222516,1.224739,5.0,5.0,18.548327,0.0,1.0,0.0,0.0,0.293839,8912.0,0.338523,1.0
8931.0,0.47676,0.471199,0.488354,0.488354,13.162075,1.195614,1.197578,5.0,5.0,18.232199,0.0,1.0,0.0,0.0,0.293839,8922.0,0.335888,1.0
8941.0,0.476676,0.471113,0.488265,0.488265,13.161926,1.2014,1.203268,5.0,5.0,18.30015,0.0,1.0,0.0,0.0,0.29503,8932.0,0.343788,1.0
8951.0,0.476593,0.471028,0.488175,0.488175,13.162021,1.194775,1.196685,5.0,5.0,18.222273,0.0,1.0,0.0,0.0,0.29503,8942.0,0.334247,1.0
8961.0,0.476509,0.470942,0.488083,0.488083,13.163254,1.130041,1.132166,5.0,5.0,17.46153,0.0,1.0,0.0,0.0,0.29503,8952.0,0.3369,1.0
8971.0,0.476425,0.470857,0.487991,0.487991,13.162602,1.161437,1.163377,5.0,5.0,17.830448,0.0,1.0,0.0,0.0,0.29503,8962.0,0.325329,1.0
8981.0,0.476341,0.470771,0.487901,0.487901,13.161273,1.227318,1.229328,5.0,5.0,18.604514,0.0,1.0,0.0,0.0,0.29503,8972.0,0.338606,1.0
8991.0,0.476259,0.470687,0.487813,0.487813,13.162917,1.142007,1.14394,5.0,5.0,17.602056,0.0,1.0,0.0,0.0,0.29503,8982.0,0.338363,1.0
9001.0,0.476173,0.4706,0.487721,0.487721,13.161331,1.220558,1.222393,5.0,5.0,18.52501,0.0,1.0,0.0,0.0,0.295111,8992.0,0.333055,1.0
9011.0,0.47609,0.470514,0.487625,0.487625,13.161874,1.191122,1.193072,5.0,5.0,18.179109,0.0,1.0,0.0,0.0,0.295111,9002.0,0.328407,1.0
9021.0,0.476006,0.470429,0.487533,0.487533,13.16291,1.136473,1.138375,5.0,5.0,17.536905,0.0,1.0,0.0,0.0,0.295111,9012.0,0.334868,1.0
9031.0,0.475924,0.470345,0.48744,0.48744,13.164226,1.068065,1.070056,5.0,5.0,16.732873,0.0,1.0,0.0,0.0,0.295111,9022.0,0.327224,1.0
9041.0,0.475841,0.470261,0.487352,0.487352,13.162248,1.167705,1.169752,5.0,5.0,17.903872,0.0,1.0,0.0,0.0,0.295111,9032.0,0.337539,1.0
9051.0,0.475757,0.470174,0.487261,0.487261,13.161655,1.195789,1.197702,5.0,5.0,18.233819,0.0,1.0,0.0,0.0,0.295111,9042.0,0.33517,1.0
9061.0,0.475672,0.470088,0.487168,0.487168,13.16091,1.23184,1.233751,5.0,5.0,18.657336,0.0,1.0,0.0,0.0,0.296415,9052.0,0.338936,1.0
9071.0,0.475588,0.470002,0.487076,0.487076,13.162294,1.159158,1.161093,5.0,5.0,17.803303,0.0,1.0,0.0,0.0,0.296415,9062.0,0.342173,1.0
9081.0,0.475506,0.469918,0.486989,0.486989,13.161072,1.220363,1.222393,5.0,5.0,18.522427,0.0,1.0,0.0,0.0,0.296415,9072.0,0.336855,1.0
9091.0,0.475423,0.469833,0.4869,0.4869,13.162089,1.166902,1.168859,5.0,5.0,17.894243,0.0,1.0,0.0,0.0,0.296415,9082.0,0.332785,1.0
9101.0,0.47534,0.469749,0.486809,0.486809,13.161664,1.187049,1.189022,5.0,5.0,18.130953,0.0,1.0,0.0,0.0,0.296415,9092.0,0.333825,1.0
9111.0,0.475256,0.469663,0.486718,0.486718,13.160935,1.222324,1.224282,5.0,5.0,18.545365,0.0,1.0,0.0,0.0,0.296415,9102.0,0.34275,1.0
9121.0,0.475172,0.469577,0.486623,0.486623,13.161367,1.198357,1.200215,5.0,5.0,18.263733,0.0,1.0,0.0,0.0,0.297701,9112.0,0.329879,1.0
9131.0,0.475089,0.469493,0.486535,0.486535,13.16069,1.231652,1.233627,5.0,5.0,18.654887,0.0,1.0,0.0,0.0,0.297701,9122.0,0.333564,1.0
9141.0,0.475005,0.469407,0.486444,0.486444,13.161333,1.196885,1.198824,5.0,5.0,18.246371,0.0,1.0,0.0,0.0,0.297701,9132.0,0.343571,1.0
9151.0,0.474922,0.469322,0.486354,0.486354,13.161489,1.187285,1.189355,5.0,5.0,18.133543,0.0,1.0,0.0,0.0,0.297701,9142.0,0.337449,1.0
9161.0,0.474837,0.469236,0.48626,0.48626,13.161785,1.17005,1.171994,5.0,5.0,17.930991,0.0,1.0,0.0,0.0,0.297701,9152.0,0.329692,1.0
9171.0,0.474755,0.469152,0.486172,0.486172,13.161032,1.207243,1.20929,5.0,5.0,18.367958,0.0,1.0,0.0,0.0,0.297701,9162.0,0.342742,1.0
9181.0,0.474671,0.469066,0.486078,0.486078,13.161242,1.194422,1.196581,5.0,5.0,18.217283,0.0,1.0,0.0,0.0,0.298971,9172.0,0.342981,1.0
9191.0,0.474588,0.468981,0.485987,0.485987,13.160917,1.209467,1.21147,5.0,5.0,18.394018,0.0,1.0,0.0,0.0,0.298971,9182.0,0.340352,1.0
9201.0,0.474505,0.468896,0.485897,0.485897,13.161381,1.184345,1.186302,5.0,5.0,18.098826,0.0,1.0,0.0,0.0,0.298971,9192.0,0.330772,1.0
9211.0,0.474421,0.468811,0.485806,0.485806,13.161182,1.192594,1.194608,5.0,5.0,18.195698,0.0,1.0,0.0,0.0,0.298971,9202.0,0.338687,1.0
9221.0,0.474338,0.468726,0.485717,0.485717,13.162161,1.141227,1.143026,5.0,5.0,17.592105,0.0,1.0,0.0,0.0,0.298971,9212.0,0.337437,1.0
9231.0,0.474255,0.468642,0.48563,0.48563,13.159883,1.255973,1.258026,5.0,5.0,18.940226,0.0,1.0,0.0,0.0,0.298971,9222.0,0.331064,1.0
9241.0,0.474172,0.468557,0.485541,0.485541,13.161529,1.170297,1.172347,5.0,5.0,17.933629,0.0,1.0,0.0,0.0,0.300416,9232.0,0.33661,1.0
9251.0,0.474089,0.468471,0.485452,0.485452,13.161574,1.166313,1.168257,5.0,5.0,17.886783,0.0,1.0,0.0,0.0,0.300416,9242.0,0.340605,1.0
9261.0,0.474005,0.468386,0.485362,0.485362,13.160676,1.210332,1.212487,5.0,5.0,18.403937,0.0,1.0,0.0,0.0,0.300416,9252.0,0.341968,1.0
9271.0,0.473922,0.468301,0.485271,0.485271,13.161602,1.161547,1.163605,5.0,5.0,17.830711,0.0,1.0,0.0,0.0,0.300416,9262.0,0.333138,1.0
9281.0,0.473839,0.468216,0.485186,0.485186,13.160548,1.213668,1.215561,5.0,5.0,18.443064,0.0,1.0,0.0,0.0,0.300416,9272.0,0.334092,1.0
9291.0,0.473755,0.46813,0.485091,0.485091,13.160927,1.192425,1.194567,5.0,5.0,18.193437,0.0,1.0,0.0,0.0,0.300416,9282.0,0.333473,1.0
9301.0,0.473671,0.468045,0.485002,0.485002,13.160952,1.189216,1.191307,5.0,5.0,18.1557,0.0,1.0,0.0,0.0,0.300503,9292.0,0.333821,1.0
9311.0,0.473587,0.467959,0.48491,0.48491,13.161093,1.180269,1.182066,5.0,5.0,18.050545,0.0,1.0,0.0,0.0,0.300503,9302.0,0.341882,1.0
9321.0,0.473504,0.467874,0.484821,0.484821,13.161341,1.165985,1.168007,5.0,5.0,17.882676,0.0,1.0,0.0,0.0,0.300503,9312.0,0.327992,1.0
9331.0,0.473421,0.46779,0.48473,0.48473,13.161276,1.16779,1.169835,5.0,5.0,17.903855,0.0,1.0,0.0,0.0,0.300503,9322.0,0.333432,1.0
9341.0,0.47334,0.467707,0.484644,0.484644,13.162158,1.12192,1.124047,5.0,5.0,17.364833,0.0,1.0,0.0,0.0,0.300503,9332.0,0.33365,1.0
9351.0,0.473256,0.467622,0.484555,0.484555,13.161922,1.132178,1.134222,5.0,5.0,17.485343,0.0,1.0,0.0,0.0,0.300503,9342.0,0.338423,1.0
9361.0,0.473173,0.467536,0.484465,0.484465,13.161629,1.145361,1.147346,5.0,5.0,17.640215,0.0,1.0,0.0,0.0,0.301942,9352.0,0.342878,1.0
9371.0,0.47309,0.467452,0.484377,0.484377,13.16059,1.196962,1.198886,5.0,5.0,18.246477,0.0,1.0,0.0,0.0,0.301942,9362.0,0.337929,1.0
9381.0,0.473006,0.467367,0.484287,0.484287,13.161159,1.166141,1.167904,5.0,5.0,17.884317,0.0,1.0,0.0,0.0,0.301942,9372.0,0.347605,1.0
9391.0,0.472924,0.467282,0.484197,0.484197,13.162519,1.09522,1.097259,5.0,5.0,17.050893,0.0,1.0,0.0,0.0,0.301942,9382.0,0.33949,1.0
9401.0,0.472841,0.467197,0.48411,0.48411,13.160239,1.209971,1.211864,5.0,5.0,18.399215,0.0,1.0,0.0,0.0,0.301942,9392.0,0.336478,1.0
9411.0,0.472756,0.467111,0.484017,0.484017,13.160911,1.173391,1.175525,5.0,5.0,17.969394,0.0,1.0,0.0,0.0,0.301942,9402.0,0.33797,1.0
9421.0,0.472673,0.467026,0.48393,0.48393,13.160947,1.170126,1.172223,5.0,5.0,17.931008,0.0,1.0,0.0,0.0,0.303235,9412.0,0.337972,1.0
9431.0,0.472589,0.466941,0.483841,0.483841,13.160169,1.207962,1.209996,5.0,5.0,18.3755,0.0,1.0,0.0,0.0,0.303235,9422.0,0.337788,1.0
9441.0,0.472505,0.466855,0.483751,0.483751,13.16174,1.12582,1.127847,5.0,5.0,17.410318,0.0,1.0,0.0,0.0,0.303235,9432.0,0.341014,1.0
9451.0,0.472421,0.466769,0.483659,0.483659,13.161194,1.15174,1.153658,5.0,5.0,17.714857,0.0,1.0,0.0,0.0,0.303235,9442.0,0.336774,1.0
9461.0,0.472337,0.466683,0.48357,0.48357,13.161099,1.154486,1.156399,5.0,5.0,17.747075,0.0,1.0,0.0,0.0,0.303235,9452.0,0.336077,1.0
9471.0,0.472253,0.466597,0.483481,0.483481,13.160272,1.194737,1.196602,5.0,5.0,18.219955,0.0,1.0,0.0,0.0,0.303235,9462.0,0.341616,1.0
9481.0,0.472169,0.466512,0.483389,0.483389,13.160558,1.178504,1.180591,5.0,5.0,18.0292,0.0,1.0,0.0,0.0,0.304269,9472.0,0.334962,1.0
9491.0,0.472087,0.466428,0.4833,0.4833,13.161134,1.147736,1.149775,5.0,5.0,17.667662,0.0,1.0,0.0,0.0,0.304269,9482.0,0.337468,1.0
9501.0,0.472005,0.466344,0.48321,0.48321,13.161083,1.149152,1.151187,5.0,5.0,17.684277,0.0,1.0,0.0,0.0,0.304269,9492.0,0.331964,1.0
9511.0,0.471922,0.466259,0.483119,0.483119,13.159829,1.211532,1.213484,5.0,5.0,18.417141,0.0,1.0,0.0,0.0,0.304269,9502.0,0.339785,1.0
9521.0,0.471837,0.466173,0.483025,0.483025,13.159849,1.208348,1.21039,5.0,5.0,18.379693,0.0,1.0,0.0,0.0,0.304269,9512.0,0.347103,1.0
9531.0,0.471753,0.466087,0.482933,0.482933,13.160208,1.188088,1.190123,5.0,5.0,18.141632,0.0,1.0,0.0,0.0,0.304269,9522.0,0.338586,1.0
9541.0,0.471669,0.466001,0.482844,0.482844,13.159819,1.206021,1.207857,5.0,5.0,18.352277,0.0,1.0,0.0,0.0,0.305586,9532.0,0.331052,1.0
9551.0,0.471587,0.465918,0.482754,0.482754,13.162406,1.072781,1.074915,5.0,5.0,16.786643,0.0,1.0,0.0,0.0,0.305586,9542.0,0.32865,1.0
9561.0,0.471504,0.465833,0.482667,0.482667,13.160415,1.173069,1.17513,5.0,5.0,17.965083,0.0,1.0,0.0,0.0,0.305586,9552.0,0.341449,1.0
9571.0,0.471421,0.465749,0.482579,0.482579,13.160389,1.172849,1.174798,5.0,5.0,17.962466,0.0,1.0,0.0,0.0,0.305586,9562.0,0.339881,1.0
9581.0,0.471337,0.465663,0.482489,0.482489,13.16167,1.105459,1.107455,5.0,5.0,17.170589,0.0,1.0,0.0,0.0,0.305586,9572.0,0.333118,1.0
9591.0,0.471254,0.465578,0.4824,0.4824,13.159854,1.196438,1.19845,5.0,5.0,18.239532,0.0,1.0,0.0,0.0,0.305586,9582.0,0.341087,1.0
9601.0,0.47117,0.465492,0.482312,0.482312,13.160431,1.165026,1.166865,5.0,5.0,17.870434,0.0,1.0,0.0,0.0,0.305853,9592.0,0.338193,1.0
9611.0,0.471087,0.465407,0.482226,0.482226,13.160185,1.176198,1.178307,5.0,5.0,18.001667,0.0,1.0,0.0,0.0,0.305853,9602.0,0.334943,1.0
9621.0,0.471003,0.465322,0.482134,0.482134,13.159607,1.203719,1.205697,5.0,5.0,18.324955,0.0,1.0,0.0,0.0,0.305853,9612.0,0.337837,1.0
9631.0,0.470919,0.465236,0.482046,0.482046,13.161031,1.129144,1.131128,5.0,5.0,17.448732,0.0,1.0,0.0,0.0,0.305853,9622.0,0.331345,1.0
9641.0,0.470836,0.465151,0.48196,0.48196,13.159987,1.180819,1.182647,5.0,5.0,18.055847,0.0,1.0,0.0,0.0,0.305853,9632.0,0.342242,1.0
9651.0,0.470752,0.465065,0.481868,0.481868,13.160022,1.177114,1.179055,5.0,5.0,18.012274,0.0,1.0,0.0,0.0,0.305853,9642.0,0.341562,1.0
9661.0,0.470668,0.46498,0.481779,0.481779,13.159557,1.198942,1.200859,5.0,5.0,18.268681,0.0,1.0,0.0,0.0,0.307111,9652.0,0.333356,1.0
9671.0,0.470585,0.464895,0.481691,0.481691,13.159963,1.176724,1.17866,5.0,5.0,18.007627,0.0,1.0,0.0,0.0,0.307111,9662.0,0.33588,1.0
9681.0,0.470502,0.46481,0.4816,0.4816,13.160591,1.143173,1.145311,5.0,5.0,17.6134,0.0,1.0,0.0,0.0,0.307111,9672.0,0.328916,1.0
9691.0,0.470419,0.464725,0.481512,0.481512,13.159219,1.211425,1.213505,5.0,5.0,18.415225,0.0,1.0,0.0,0.0,0.307111,9682.0,0.332493,1.0
9701.0,0.470335,0.46464,0.481425,0.481425,13.160169,1.161136,1.163294,5.0,5.0,17.824386,0.0,1.0,0.0,0.0,0.307111,9692.0,0.324665,1.0
9711.0,0.470252,0.464555,0.481339,0.481339,13.159779,1.179722,1.181754,5.0,5.0,18.042718,0.0,1.0,0.0,0.0,0.307111,9702.0,0.338102,1.0
9721.0,0.47017,0.464471,0.481251,0.481251,13.159243,1.205587,1.207421,5.0,5.0,18.346546,0.0,1.0,0.0,0.0,0.308536,9712.0,0.340447,1.0
9731.0,0.470086,0.464385,0.481161,0.481161,13.160151,1.157487,1.159431,5.0,5.0,17.781414,0.0,1.0,0.0,0.0,0.308536,9722.0,0.340462,1.0
9741.0,0.470003,0.464301,0.481075,0.481075,13.159823,1.172546,1.174466,5.0,5.0,17.958305,0.0,1.0,0.0,0.0,0.308536,9732.0,0.343747,1.0
9751.0,0.46992,0.464216,0.480988,0.480988,13.160218,1.15083,1.152828,5.0,5.0,17.70314,0.0,1.0,0.0,0.0,0.308536,9742.0,0.333995,1.0
9761.0,0.469837,0.464131,0.4809,0.4809,13.159773,1.171939,1.173905,5.0,5.0,17.951114,0.0,1.0,0.0,0.0,0.308536,9752.0,0.332627,1.0
9771.0,0.469754,0.464046,0.480811,0.480811,13.160537,1.131403,1.133453,5.0,5.0,17.474818,0.0,1.0,0.0,0.0,0.308536,9762.0,0.342807,1.0
9781.0,0.469671,0.463962,0.480723,0.480723,13.160209,1.146784,1.148654,5.0,5.0,17.655513,0.0,1.0,0.0,0.0,0.309931,9772.0,0.33513,1.0
9791.0,0.469588,0.463877,0.480637,0.480637,13.159198,1.19676,1.198678,5.0,5.0,18.242616,0.0,1.0,0.0,0.0,0.309931,9782.0,0.346974,1.0
9801.0,0.469504,0.463791,0.480548,0.480548,13.159359,1.18651,1.188586,5.0,5.0,18.122156,0.0,1.0,0.0,0.0,0.309931,9792.0,0.331973,1.0
9811.0,0.469421,0.463707,0.480459,0.480459,13.159278,1.188969,1.190974,5.0,5.0,18.151006,0.0,1.0,0.0,0.0,0.309931,9802.0,0.335383,1.0
9821.0,0.469337,0.463621,0.480371,0.480371,13.158853,1.208655,1.210764,5.0,5.0,18.382225,0.0,1.0,0.0,0.0,0.309931,9812.0,0.336682,1.0
9831.0,0.469254,0.463536,0.480284,0.480284,13.159563,1.170948,1.17297,5.0,5.0,17.939234,0.0,1.0,0.0,0.0,0.309931,9822.0,0.330422,1.0
9841.0,0.469171,0.463451,0.480196,0.480196,13.159317,1.181811,1.183893,5.0,5.0,18.066813,0.0,1.0,0.0,0.0,0.311169,9832.0,0.342215,1.0
9851.0,0.469088,0.463367,0.480109,0.480109,13.159884,1.151471,1.153534,5.0,5.0,17.710335,0.0,1.0,0.0,0.0,0.311169,9842.0,0.344735,1.0
9861.0,0.469006,0.463283,0.48002,0.48002,13.159641,1.162522,1.16454,5.0,5.0,17.840143,0.0,1.0,0.0,0.0,0.311169,9852.0,0.346113,1.0
9871.0,0.468923,0.463198,0.479931,0.479931,13.158874,1.200083,1.201959,5.0,5.0,18.281369,0.0,1.0,0.0,0.0,0.311169,9862.0,0.33753,1.0
9881.0,0.468841,0.463114,0.479843,0.479843,13.159632,1.160134,1.16211,5.0,5.0,17.812033,0.0,1.0,0.0,0.0,0.311169,9872.0,0.329474,1.0
9891.0,0.468758,0.46303,0.479754,0.479754,13.160157,1.131683,1.133661,5.0,5.0,17.477724,0.0,1.0,0.0,0.0,0.311169,9882.0,0.338973,1.0
9901.0,0.468675,0.462945,0.47967,0.47967,13.160394,1.118148,1.120143,5.0,5.0,17.318665,0.0,1.0,0.0,0.0,0.311521,9892.0,0.339727,1.0
9911.0,0.468592,0.46286,0.479581,0.479581,13.159885,1.142256,1.144335,5.0,5.0,17.601885,0.0,1.0,0.0,0.0,0.311521,9902.0,0.339024,1.0
9921.0,0.468508,0.462775,0.479496,0.479496,13.158434,1.214521,1.216433,5.0,5.0,18.450809,0.0,1.0,0.0,0.0,0.311521,9912.0,0.340101,1.0
9931.0,0.468425,0.462689,0.479409,0.479409,13.158938,1.186848,1.188918,5.0,5.0,18.125684,0.0,1.0,0.0,0.0,0.311521,9922.0,0.336752,1.0
9941.0,0.468341,0.462604,0.479321,0.479321,13.160029,1.129339,1.131335,5.0,5.0,17.450015,0.0,1.0,0.0,0.0,0.311521,9932.0,0.338896,1.0
9951.0,0.468258,0.462519,0.479234,0.479234,13.159591,1.149937,1.151956,5.0,5.0,17.691984,0.0,1.0,0.0,0.0,0.311521,9942.0,0.332088,1.0
9961.0,0.468175,0.462434,0.479147,0.479147,13.158465,1.205767,1.207649,5.0,5.0,18.347827,0.0,1.0,0.0,0.0,0.31272,9952.0,0.346438,1.0
9971.0,0.468093,0.462351,0.47906,0.47906,13.15948,1.152761,1.154697,5.0,5.0,17.725099,0.0,1.0,0.0,0.0,0.31272,9962.0,0.332163,1.0
9981.0,0.468009,0.462265,0.478972,0.478972,13.159459,1.151903,1.154011,5.0,5.0,17.714989,0.0,1.0,0.0,0.0,0.31272,9972.0,0.335282,1.0
9991.0,0.467925,0.46218,0.478885,0.478885,13.158679,1.189816,1.191805,5.0,5.0,18.160344,0.0,1.0,0.0,0.0,0.31272,9982.0,0.330379,1.0
10001.0,0.467841,0.462094,0.478795,0.478795,13.158596,1.192062,1.194089,5.0,5.0,18.186685,0.0,1.0,0.0,0.0,0.31272,9992.0,0.331912,1.0
10011.0,0.467758,0.462009,0.478708,0.478708,13.159572,1.140471,1.142466,5.0,5.0,17.580556,0.0,1.0,0.0,0.0,0.31272,10002.0,0.350507,1.0
10021.0,0.467675,0.461925,0.478624,0.478624,13.158018,1.21836,1.220378,5.0,5.0,18.495528,0.0,1.0,0.0,0.0,0.313992,10012.0,0.332198,1.0
10031.0,0.467592,0.461839,0.478536,0.478536,13.158814,1.17593,1.177996,5.0,5.0,17.997077,0.0,1.0,0.0,0.0,0.313992,10022.0,0.328929,1.0
10041.0,0.467508,0.461753,0.478451,0.478451,13.157438,1.244109,1.246232,5.0,5.0,18.79788,0.0,1.0,0.0,0.0,0.313992,10032.0,0.335507,1.0
10051.0,0.467424,0.461668,0.478359,0.478359,13.159336,1.1454,1.147429,5.0,5.0,17.638329,0.0,1.0,0.0,0.0,0.313992,10042.0,0.33354,1.0
10061.0,0.46734,0.461582,0.478269,0.478269,13.158302,1.196,1.198159,5.0,5.0,18.232711,0.0,1.0,0.0,0.0,0.313992,10052.0,0.333212,1.0
10071.0,0.467256,0.461497,0.478182,0.478182,13.159874,1.11413,1.116197,5.0,5.0,17.270859,0.0,1.0,0.0,0.0,0.313992,10062.0,0.338709,1.0
10081.0,0.467174,0.461412,0.478094,0.478094,13.159357,1.139014,1.141095,5.0,5.0,17.563198,0.0,1.0,0.0,0.0,0.315161,10072.0,0.333779,1.0
10091.0,0.46709,0.461327,0.478005,0.478005,13.159227,1.143839,1.145809,5.0,5.0,17.619845,0.0,1.0,0.0,0.0,0.315161,10082.0,0.343352,1.0
10101.0,0.467007,0.461242,0.477917,0.477917,13.158359,1.186451,1.188296,5.0,5.0,18.120406,0.0,1.0,0.0,0.0,0.315161,10092.0,0.33761,1.0
10111.0,0.466923,0.461156,0.477831,0.477831,13.157553,1.225743,1.227812,5.0,5.0,18.581895,0.0,1.0,0.0,0.0,0.315161,10102.0,0.344001,1.0
10121.0,0.466839,0.461071,0.477745,0.477745,13.158165,1.192536,1.194587,5.0,5.0,18.191802,0.0,1.0,0.0,0.0,0.315161,10112.0,0.341812,1.0
10131.0,0.466755,0.460985,0.477657,0.477657,13.158683,1.164192,1.166201,5.0,5.0,17.858802,0.0,1.0,0.0,0.0,0.315161,10122.0,0.331633,1.0
10141.0,0.466672,0.460901,0.477574,0.477574,13.157416,1.227457,1.229474,5.0,5.0,18.601919,0.0,1.0,0.0,0.0,0.31647,10132.0,0.335851,1.0
10151.0,0.466589,0.460815,0.477488,0.477488,13.159145,1.137427,1.139413,5.0,5.0,17.544302,0.0,1.0,0.0,0.0,0.31647,10142.0,0.341123,1.0
10161.0,0.466506,0.46073,0.477402,0.477402,13.157982,1.195163,1.197183,5.0,5.0,18.222524,0.0,1.0,0.0,0.0,0.31647,10152.0,0.34087,1.0
10171.0,0.466422,0.460645,0.477314,0.477314,13.158614,1.161,1.162961,5.0,5.0,17.821162,0.0,1.0,0.0,0.0,0.31647,10162.0,0.33697,1.0
10181.0,0.466338,0.46056,0.477227,0.477227,13.158246,1.178114,1.180176,5.0,5.0,18.022178,0.0,1.0,0.0,0.0,0.31647,10172.0,0.338782,1.0
10191.0,0.466256,0.460475,0.47714,0.47714,13.15864,1.156502,1.158476,5.0,5.0,17.76826,0.0,1.0,0.0,0.0,0.31647,10182.0,0.33795,1.0
10201.0,0.466172,0.46039,0.477053,0.477053,13.158282,1.172969,1.174902,5.0,5.0,17.961672,0.0,1.0,0.0,0.0,0.316695,10192.0,0.33703,1.0
10211.0,0.466088,0.460304,0.476965,0.476965,13.158158,1.177491,1.179574,5.0,5.0,18.014752,0.0,1.0,0.0,0.0,0.316695,10202.0,0.340467,1.0
10221.0,0.466005,0.46022,0.476878,0.476878,13.158773,1.14464,1.146723,5.0,5.0,17.628801,0.0,1.0,0.0,0.0,0.316695,10212.0,0.325913,1.0
10231.0,0.465922,0.460135,0.476792,0.476792,13.157347,1.215826,1.217866,5.0,5.0,18.464984,0.0,1.0,0.0,0.0,0.316695,10222.0,0.335656,1.0
10241.0,0.465838,0.460049,0.476705,0.476705,13.15827,1.166613,1.168589,5.0,5.0,17.886857,0.0,1.0,0.0,0.0,0.316695,10232.0,0.326389,1.0
10251.0,0.465753,0.459963,0.476615,0.476615,13.157839,1.186455,1.188524,5.0,5.0,18.119893,0.0,1.0,0.0,0.0,0.316695,10242.0,0.336931,1.0
10261.0,0.46567,0.459878,0.476529,0.476529,13.157238,1.215608,1.21772,5.0,5.0,18.462295,0.0,1.0,0.0,0.0,0.317934,10252.0,0.334157,1.0
10271.0,0.465587,0.459793,0.476442,0.476442,13.157909,1.179756,1.181796,5.0,5.0,18.04115,0.0,1.0,0.0,0.0,0.317934,10262.0,0.337016,1.0
10281.0,0.465504,0.459708,0.476356,0.476356,13.158886,1.128131,1.13011,5.0,5.0,17.434642,0.0,1.0,0.0,0.0,0.317934,10272.0,0.335424,1.0
10291.0,0.465421,0.459623,0.476269,0.476269,13.158288,1.157201,1.159244,5.0,5.0,17.776118,0.0,1.0,0.0,0.0,0.317934,10282.0,0.32978,1.0
10301.0,0.465338,0.459538,0.476184,0.476184,13.157962,1.172242,1.174113,5.0,5.0,17.952775,0.0,1.0,0.0,0.0,0.317934,10292.0,0.331667,1.0
10311.0,0.465255,0.459453,0.476096,0.476096,13.158512,1.142469,1.144501,5.0,5.0,17.602997,0.0,1.0,0.0,0.0,0.317934,10302.0,0.326833,1.0
10321.0,0.465172,0.459369,0.476009,0.476009,13.158381,1.147629,1.149754,5.0,5.0,17.663579,0.0,1.0,0.0,0.0,0.31932,10312.0,0.335441,1.0
10331.0,0.465089,0.459284,0.475927,0.475927,13.158201,1.155265,1.157272,5.0,5.0,17.753249,0.0,1.0,0.0,0.0,0.31932,10322.0,0.338972,1.0
10341.0,0.465006,0.459199,0.475842,0.475842,13.156538,1.238621,1.240563,5.0,5.0,18.732303,0.0,1.0,0.0,0.0,0.31932,10332.0,0.336478,1.0
10351.0,0.464922,0.459114,0.475754,0.475754,13.157214,1.20238,1.20468,5.0,5.0,18.306618,0.0,1.0,0.0,0.0,0.31932,10342.0,0.333098,1.0
10361.0,0.464839,0.459029,0.475668,0.475668,13.157074,1.207714,1.209767,5.0,5.0,18.369236,0.0,1.0,0.0,0.0,0.31932,10352.0,0.343271,1.0
10371.0,0.464755,0.458943,0.47558,0.47558,13.157829,1.167363,1.169461,5.0,5.0,17.895232,0.0,1.0,0.0,0.0,0.31932,10362.0,0.339353,1.0
10381.0,0.464672,0.458858,0.475493,0.475493,13.157354,1.189868,1.191826,5.0,5.0,18.159542,0.0,1.0,0.0,0.0,0.32061,10372.0,0.340055,1.0
10391.0,0.464589,0.458774,0.475406,0.475406,13.157991,1.156051,1.158061,5.0,5.0,17.762289,0.0,1.0,0.0,0.0,0.32061,10382.0,0.340567,1.0
10401.0,0.464506,0.458689,0.475318,0.475318,13.156441,1.23339,1.235371,5.0,5.0,18.670657,0.0,1.0,0.0,0.0,0.32061,10392.0,0.330196,1.0
10411.0,0.464422,0.458603,0.475227,0.475227,13.156607,1.223048,1.225092,5.0,5.0,18.549154,0.0,1.0,0.0,0.0,0.32061,10402.0,0.338494,1.0
10421.0,0.464338,0.458518,0.475139,0.475139,13.157152,1.193283,1.195335,5.0,5.0,18.19951,0.0,1.0,0.0,0.0,0.32061,10412.0,0.336148,1.0
10431.0,0.464256,0.458434,0.475059,0.475059,13.157096,1.194798,1.196747,5.0,5.0,18.217277,0.0,1.0,0.0,0.0,0.32061,10421.0,0.338637,1.0
10441.0,0.464172,0.458348,0.474962,0.474962,13.157047,1.195394,1.197412,5.0,5.0,18.22424,0.0,1.0,0.0,0.0,0.321922,10431.0,0.340261,1.0
10451.0,0.464089,0.458263,0.474877,0.474877,13.156296,1.23212,1.234271,5.0,5.0,18.655546,0.0,1.0,0.0,0.0,0.321922,10441.0,0.335655,1.0
10461.0,0.464005,0.458178,0.474789,0.474789,13.15786,1.150415,1.152371,5.0,5.0,17.695826,0.0,1.0,0.0,0.0,0.321922,10451.0,0.33899,1.0
10471.0,0.463923,0.458094,0.474704,0.474704,13.157578,1.163668,1.165744,5.0,5.0,17.851485,0.0,1.0,0.0,0.0,0.321922,10461.0,0.342237,1.0
10481.0,0.463839,0.458008,0.474614,0.474614,13.15681,1.200856,1.202935,5.0,5.0,18.288254,0.0,1.0,0.0,0.0,0.321922,10471.0,0.344489,1.0
10491.0,0.463755,0.457923,0.474525,0.474525,13.156368,1.221483,1.223618,5.0,5.0,18.53047,0.0,1.0,0.0,0.0,0.321922,10481.0,0.332901,1.0
10501.0,0.463671,0.457837,0.474438,0.474438,13.156597,1.207816,1.209809,5.0,5.0,18.369916,0.0,1.0,0.0,0.0,0.32209,10491.0,0.344233,1.0
10511.0,0.463587,0.457751,0.474352,0.474352,13.157265,1.171732,1.173718,5.0,5.0,17.946044,0.0,1.0,0.0,0.0,0.32209,10501.0,0.340556,1.0
10521.0,0.463504,0.457666,0.474266,0.474266,13.156224,1.223252,1.225279,5.0,5.0,18.551136,0.0,1.0,0.0,0.0,0.32209,10511.0,0.341492,1.0
10531.0,0.463421,0.457582,0.474181,0.474181,13.157691,1.147007,1.149152,5.0,5.0,17.655548,0.0,1.0,0.0,0.0,0.32209,10521.0,0.337054,1.0
10541.0,0.463338,0.457496,0.474096,0.474096,13.156533,1.20436,1.206465,5.0,5.0,18.329183,0.0,1.0,0.0,0.0,0.32209,10531.0,0.326119,1.0
10551.0,0.463254,0.457411,0.474011,0.474011,13.156926,1.182687,1.184641,5.0,5.0,18.074595,0.0,1.0,0.0,0.0,0.32209,10541.0,0.335341,1.0
10561.0,0.463171,0.457326,0.473924,0.473924,13.15654,1.200526,1.202458,5.0,5.0,18.284081,0.0,1.0,0.0,0.0,0.323397,10551.0,0.336238,1.0
10571.0,0.463087,0.45724,0.473837,0.473837,13.157643,1.142243,1.14421,5.0,5.0,17.599446,0.0,1.0,0.0,0.0,0.323397,10561.0,0.325552,1.0
10581.0,0.463003,0.457155,0.47375,0.47375,13.157007,1.173,1.174964,5.0,5.0,17.960699,0.0,1.0,0.0,0.0,0.323397,10571.0,0.341954,1.0
10591.0,0.46292,0.45707,0.473665,0.473665,13.158065,1.117417,1.119291,5.0,5.0,17.307734,0.0,1.0,0.0,0.0,0.323397,10581.0,0.34376,1.0
10601.0,0.462837,0.456985,0.473578,0.473578,13.157092,1.165485,1.167322,5.0,5.0,17.872363,0.0,1.0,0.0,0.0,0.323397,10591.0,0.342176,1.0
10611.0,0.462753,0.4569,0.473489,0.473489,13.157743,1.130426,1.132394,5.0,5.0,17.460497,0.0,1.0,0.0,0.0,0.323397,10601.0,0.344501,1.0
10621.0,0.462671,0.456815,0.473403,0.473403,13.157593,1.136681,1.138707,5.0,5.0,17.533941,0.0,1.0,0.0,0.0,0.324704,10611.0,0.33741,1.0
10631.0,0.462586,0.456729,0.473315,0.473315,13.15696,1.166819,1.168963,5.0,5.0,17.887922,0.0,1.0,0.0,0.0,0.324704,10621.0,0.347351,1.0
10641.0,0.462502,0.456643,0.473228,0.473228,13.156879,1.169073,1.170977,5.0,5.0,17.914357,0.0,1.0,0.0,0.0,0.324704,10631.0,0.33793,1.0
10651.0,0.462419,0.456559,0.473141,0.473141,13.157119,1.155308,1.157168,5.0,5.0,17.752636,0.0,1.0,0.0,0.0,0.324704,10641.0,0.344862,1.0
10661.0,0.462336,0.456474,0.473055,0.473055,13.156871,1.166567,1.168547,5.0,5.0,17.884856,0.0,1.0,0.0,0.0,0.324704,10651.0,0.333053,1.0
10671.0,0.462253,0.456389,0.472968,0.472968,13.157093,1.153357,1.155361,5.0,5.0,17.729661,0.0,1.0,0.0,0.0,0.324704,10661.0,0.32956,1.0
10681.0,0.462168,0.456303,0.472881,0.472881,13.155577,1.22871,1.230512,5.0,5.0,18.614634,0.0,1.0,0.0,0.0,0.325951,10671.0,0.334429,1.0
10691.0,0.462085,0.456218,0.472794,0.472794,13.156287,1.190867,1.192926,5.0,5.0,18.170164,0.0,1.0,0.0,0.0,0.325951,10681.0,0.338298,1.0
10701.0,0.462,0.456131,0.472704,0.472704,13.15649,1.178159,1.180176,5.0,5.0,18.020853,0.0,1.0,0.0,0.0,0.325951,10691.0,0.340731,1.0
10711.0,0.461917,0.456046,0.472619,0.472619,13.157295,1.13563,1.137731,5.0,5.0,17.521271,0.0,1.0,0.0,0.0,0.325951,10701.0,0.33344,1.0
10721.0,0.461834,0.455961,0.472536,0.472536,13.15701,1.148472,1.150419,5.0,5.0,17.672092,0.0,1.0,0.0,0.0,0.325951,10711.0,0.335259,1.0
10731.0,0.46175,0.455876,0.472452,0.472452,13.156686,1.163405,1.165433,5.0,5.0,17.847464,0.0,1.0,0.0,0.0,0.325951,10721.0,0.328869,1.0
10741.0,0.461667,0.455791,0.472365,0.472365,13.15704,1.143692,1.145581,5.0,5.0,17.615879,0.0,1.0,0.0,0.0,0.327209,10731.0,0.330417,1.0
10751.0,0.461583,0.455706,0.47228,0.47228,13.155618,1.214525,1.216474,5.0,5.0,18.447797,0.0,1.0,0.0,0.0,0.327209,10741.0,0.335523,1.0
10761.0,0.461501,0.455621,0.472193,0.472193,13.156175,1.184731,1.186676,5.0,5.0,18.097854,0.0,1.0,0.0,0.0,0.327209,10751.0,0.343841,1.0
10771.0,0.461418,0.455537,0.472106,0.472106,13.156671,1.158,1.159971,5.0,5.0,17.783849,0.0,1.0,0.0,0.0,0.327209,10761.0,0.339941,1.0
10781.0,0.461334,0.455451,0.472018,0.472018,13.155856,1.197567,1.19953,5.0,5.0,18.24853,0.0,1.0,0.0,0.0,0.327209,10771.0,0.326651,1.0
10791.0,0.461249,0.455364,0.471931,0.471931,13.154245,1.277552,1.279477,5.0,5.0,19.18775,0.0,1.0,0.0,0.0,0.327209,10781.0,0.333317,1.0
10801.0,0.461167,0.45528,0.471843,0.471843,13.156755,1.148175,1.150087,5.0,5.0,17.668335,0.0,1.0,0.0,0.0,0.327462,10791.0,0.337761,1.0
10811.0,0.461082,0.455194,0.471756,0.471756,13.155505,1.209756,1.211823,5.0,5.0,18.391562,0.0,1.0,0.0,0.0,0.327462,10801.0,0.339146,1.0
10821.0,0.460999,0.455109,0.471669,0.471669,13.155567,1.204922,1.206798,5.0,5.0,18.334757,0.0,1.0,0.0,0.0,0.327462,10811.0,0.323605,1.0
10831.0,0.460916,0.455024,0.471583,0.471583,13.155766,1.193369,1.195377,5.0,5.0,18.199042,0.0,1.0,0.0,0.0,0.327462,10821.0,0.336525,1.0
10841.0,0.460832,0.454938,0.471494,0.471494,13.157071,1.124864,1.126829,5.0,5.0,17.394374,0.0,1.0,0.0,0.0,0.327462,10831.0,0.339225,1.0
10851.0,0.460749,0.454853,0.471409,0.471409,13.156059,1.17488,1.176937,5.0,5.0,17.981827,0.0,1.0,0.0,0.0,0.327462,10841.0,0.339131,1.0
10861.0,0.460665,0.454768,0.471324,0.471324,13.155897,1.181351,1.183249,5.0,5.0,18.057787,0.0,1.0,0.0,0.0,0.328742,10851.0,0.334232,1.0
10871.0,0.460581,0.454682,0.471237,0.471237,13.155304,1.209792,1.211844,5.0,5.0,18.391765,0.0,1.0,0.0,0.0,0.328742,10861.0,0.330822,1.0
10881.0,0.460496,0.454596,0.471148,0.471148,13.156298,1.156946,1.159016,5.0,5.0,17.771061,0.0,1.0,0.0,0.0,0.328742,10871.0,0.337129,1.0
10891.0,0.460414,0.454512,0.471064,0.471064,13.155798,1.181172,1.183166,5.0,5.0,18.055571,0.0,1.0,0.0,0.0,0.328742,10881.0,0.329212,1.0
10901.0,0.460331,0.454427,0.470979,0.470979,13.156469,1.145514,1.147512,5.0,5.0,17.636725,0.0,1.0,0.0,0.0,0.328742,10891.0,0.338392,1.0
10911.0,0.460248,0.454343,0.470897,0.470897,13.155539,1.191573,1.193591,5.0,5.0,18.177669,0.0,1.0,0.0,0.0,0.328742,10901.0,0.330366,1.0
10921.0,0.460166,0.454259,0.470811,0.470811,13.15588,1.172798,1.174736,5.0,5.0,17.957143,0.0,1.0,0.0,0.0,0.330153,10911.0,0.328189,1.0
10931.0,0.460082,0.454173,0.470725,0.470725,13.154802,1.225909,1.227854,5.0,5.0,18.580833,0.0,1.0,0.0,0.0,0.330153,10921.0,0.346214,1.0
10941.0,0.459999,0.454088,0.470642,0.470642,13.155324,1.197571,1.199571,5.0,5.0,18.248012,0.0,1.0,0.0,0.0,0.330153,10931.0,0.335677,1.0
10951.0,0.459915,0.454002,0.470553,0.470553,13.155778,1.172611,1.174486,5.0,5.0,17.954832,0.0,1.0,0.0,0.0,0.330153,10941.0,0.320829,1.0
10961.0,0.459832,0.453918,0.47047,0.47047,13.156782,1.119986,1.121929,5.0,5.0,17.336685,0.0,1.0,0.0,0.0,0.330153,10951.0,0.339831,1.0
10971.0,0.459748,0.453832,0.470382,0.470382,13.156659,1.12434,1.12631,5.0,5.0,17.387791,0.0,1.0,0.0,0.0,0.330153,10961.0,0.334854,1.0
10981.0,0.459666,0.453749,0.470298,0.470298,13.156323,1.140316,1.142341,5.0,5.0,17.575418,0.0,1.0,0.0,0.0,0.331498,10971.0,0.339347,1.0
10991.0,0.459584,0.453664,0.470216,0.470216,13.156055,1.152587,1.154655,5.0,5.0,17.719522,0.0,1.0,0.0,0.0,0.331498,10981.0,0.340552,1.0
11001.0,0.459501,0.45358,0.470133,0.470133,13.156202,1.14364,1.145767,5.0,5.0,17.614413,0.0,1.0,0.0,0.0,0.331498,10991.0,0.339726,1.0
11011.0,0.459417,0.453494,0.470047,0.470047,13.155912,1.156588,1.158601,5.0,5.0,17.766449,0.0,1.0,0.0,0.0,0.331498,11001.0,0.33752,1.0
11021.0,0.459335,0.45341,0.469964,0.469964,13.15444,1.230348,1.232277,5.0,5.0,18.63266,0.0,1.0,0.0,0.0,0.331498,11011.0,0.346103,1.0
11031.0,0.459252,0.453326,0.469873,0.469873,13.155365,1.181593,1.183499,5.0,5.0,18.060067,0.0,1.0,0.0,0.0,0.331498,11021.0,0.331895,1.0
11041.0,0.459169,0.45324,0.469786,0.469786,13.156201,1.137094,1.139081,5.0,5.0,17.537391,0.0,1.0,0.0,0.0,0.332874,11031.0,0.340362,1.0
11051.0,0.459085,0.453155,0.4697,0.4697,13.154375,1.228326,1.230408,5.0,5.0,18.608801,0.0,1.0,0.0,0.0,0.332874,11041.0,0.342919,1.0
11061.0,0.459002,0.45307,0.469612,0.469612,13.156494,1.118668,1.120745,5.0,5.0,17.320891,0.0,1.0,0.0,0.0,0.332874,11051.0,0.33095,1.0
11071.0,0.458918,0.452985,0.469522,0.469522,13.155337,1.175861,1.177892,5.0,5.0,17.992604,0.0,1.0,0.0,0.0,0.332874,11061.0,0.33471,1.0
11081.0,0.458834,0.452899,0.469436,0.469436,13.155362,1.172575,1.174507,5.0,5.0,17.953976,0.0,1.0,0.0,0.0,0.332874,11071.0,0.344292,1.0
11091.0,0.45875,0.452813,0.469349,0.469349,13.155997,1.138092,1.139953,5.0,5.0,17.548929,0.0,1.0,0.0,0.0,0.332874,11081.0,0.337207,1.0
11101.0,0.458667,0.452729,0.469265,0.469265,13.155319,1.171363,1.173407,5.0,5.0,17.939666,0.0,1.0,0.0,0.0,0.332995,11091.0,0.34027,1.0
11111.0,0.458582,0.452642,0.469175,0.469175,13.155145,1.177879,1.179885,5.0,5.0,18.016145,0.0,1.0,0.0,0.0,0.332995,11101.0,0.340726,1.0
11121.0,0.458499,0.452557,0.46909,0.46909,13.155932,1.136029,1.138022,5.0,5.0,17.524587,0.0,1.0,0.0,0.0,0.332995,11111.0,0.343318,1.0
11131.0,0.458415,0.452471,0.469004,0.469004,13.155498,1.156372,1.158414,5.0,5.0,17.763481,0.0,1.0,0.0,0.0,0.332995,11121.0,0.339523,1.0
11141.0,0.458332,0.452386,0.46892,0.46892,13.154073,1.227435,1.229515,5.0,5.0,18.597987,0.0,1.0,0.0,0.0,0.332995,11131.0,0.334108,1.0
11151.0,0.458248,0.452301,0.468832,0.468832,13.154744,1.191337,1.193362,5.0,5.0,18.174049,0.0,1.0,0.0,0.0,0.332995,11141.0,0.340602,1.0
11161.0,0.458164,0.452215,0.468741,0.468741,13.154932,1.179723,1.181754,5.0,5.0,18.037617,0.0,1.0,0.0,0.0,0.334154,11151.0,0.315547,1.0
11171.0,0.45808,0.452129,0.468656,0.468656,13.154405,1.204899,1.206902,5.0,5.0,18.333239,0.0,1.0,0.0,0.0,0.334154,11161.0,0.338276,1.0
11181.0,0.457997,0.452045,0.46857,0.46857,13.155367,1.154386,1.156441,5.0,5.0,17.739977,0.0,1.0,0.0,0.0,0.334154,11171.0,0.339649,1.0
11191.0,0.457916,0.451962,0.468488,0.468488,13.15507,1.168491,1.170458,5.0,5.0,17.905614,0.0,1.0,0.0,0.0,0.334154,11181.0,0.324559,1.0
11201.0,0.457831,0.451876,0.468399,0.468399,13.154015,1.220258,1.22231,5.0,5.0,18.513491,0.0,1.0,0.0,0.0,0.334154,11191.0,0.344235,1.0
11211.0,0.457748,0.451791,0.468315,0.468315,13.154425,1.19768,1.199737,5.0,5.0,18.248333,0.0,1.0,0.0,0.0,0.334154,11201.0,0.324437,1.0
11221.0,0.457665,0.451705,0.468226,0.468226,13.155079,1.162514,1.16456,5.0,5.0,17.835311,0.0,1.0,0.0,0.0,0.335558,11211.0,0.338521,1.0
11231.0,0.457581,0.45162,0.468143,0.468143,13.155112,1.159182,1.161217,5.0,5.0,17.796147,0.0,1.0,0.0,0.0,0.335558,11221.0,0.32507,1.0
11241.0,0.457498,0.451535,0.468057,0.468057,13.154681,1.179328,1.181339,5.0,5.0,18.032702,0.0,1.0,0.0,0.0,0.335558,11231.0,0.337416,1.0
11251.0,0.457415,0.45145,0.467973,0.467973,13.155758,1.122987,1.124981,5.0,5.0,17.370967,0.0,1.0,0.0,0.0,0.335558,11241.0,0.341671,1.0
11261.0,0.457332,0.451365,0.467888,0.467888,13.154284,1.196516,1.198574,5.0,5.0,18.234479,0.0,1.0,0.0,0.0,0.335558,11251.0,0.341805,1.0
11271.0,0.457249,0.451281,0.467807,0.467807,13.154747,1.171303,1.173199,5.0,5.0,17.938366,0.0,1.0,0.0,0.0,0.335558,11261.0,0.336779,1.0
11281.0,0.457164,0.451194,0.467719,0.467719,13.15445,1.184311,1.186385,5.0,5.0,18.09108,0.0,1.0,0.0,0.0,0.336859,11271.0,0.336452,1.0
11291.0,0.457081,0.451109,0.467635,0.467635,13.15524,1.142428,1.144355,5.0,5.0,17.599168,0.0,1.0,0.0,0.0,0.336859,11281.0,0.333225,1.0
11301.0,0.456997,0.451023,0.46755,0.46755,13.154008,1.203332,1.205323,5.0,5.0,18.314374,0.0,1.0,0.0,0.0,0.336859,11291.0,0.333843,1.0
11311.0,0.456914,0.450939,0.467465,0.467465,13.154292,1.187325,1.189064,5.0,5.0,18.126374,0.0,1.0,0.0,0.0,0.336859,11301.0,0.336709,1.0
11321.0,0.456832,0.450855,0.467382,0.467382,13.153954,1.20331,1.205427,5.0,5.0,18.314054,0.0,1.0,0.0,0.0,0.336859,11311.0,0.33761,1.0
11331.0,0.456747,0.450769,0.467295,0.467295,13.154279,1.18467,1.186634,5.0,5.0,18.09512,0.0,1.0,0.0,0.0,0.336859,11321.0,0.341064,1.0
11341.0,0.456664,0.450684,0.467209,0.467209,13.154261,1.183825,1.185887,5.0,5.0,18.085161,0.0,1.0,0.0,0.0,0.338196,11331.0,0.332186,1.0
11351.0,0.456579,0.450597,0.467122,0.467122,13.154378,1.175683,1.177643,5.0,5.0,17.989499,0.0,1.0,0.0,0.0,0.338196,11341.0,0.334917,1.0
11361.0,0.456495,0.450511,0.467036,0.467036,13.154286,1.178348,1.180363,5.0,5.0,18.020763,0.0,1.0,0.0,0.0,0.338196,11351.0,0.338471,1.0
11371.0,0.45641,0.450424,0.466947,0.466947,13.15438,1.171343,1.173427,5.0,5.0,17.938444,0.0,1.0,0.0,0.0,0.338196,11361.0,0.340222,1.0
11381.0,0.456327,0.450339,0.466863,0.466863,13.154056,1.186273,1.188212,5.0,5.0,18.113748,0.0,1.0,0.0,0.0,0.338196,11371.0,0.338911,1.0
11391.0,0.456244,0.450255,0.466777,0.466777,13.154673,1.153278,1.155299,5.0,5.0,17.726231,0.0,1.0,0.0,0.0,0.338196,11381.0,0.339458,1.0
11401.0,0.456161,0.45017,0.466693,0.466693,13.15416,1.177959,1.179968,5.0,5.0,18.016046,0.0,1.0,0.0,0.0,0.338312,11391.0,0.341292,1.0
11411.0,0.456077,0.450084,0.466604,0.466604,13.154929,1.136882,1.138811,5.0,5.0,17.533605,0.0,1.0,0.0,0.0,0.338312,11401.0,0.337114,1.0
11421.0,0.455994,0.45,0.466522,0.466522,13.153577,1.204489,1.206382,5.0,5.0,18.327514,0.0,1.0,0.0,0.0,0.338312,11411.0,0.325472,1.0
11431.0,0.455912,0.449916,0.466437,0.466437,13.153637,1.200146,1.202167,5.0,5.0,18.276496,0.0,1.0,0.0,0.0,0.338312,11421.0,0.328865,1.0
11441.0,0.455829,0.449831,0.46635,0.46635,13.154832,1.13757,1.139642,5.0,5.0,17.541593,0.0,1.0,0.0,0.0,0.338312,11431.0,0.34952,1.0
11451.0,0.455746,0.449746,0.466268,0.466268,13.154475,1.154298,1.156337,5.0,5.0,17.738025,0.0,1.0,0.0,0.0,0.338312,11441.0,0.346183,1.0
11461.0,0.455663,0.449662,0.466184,0.466184,13.154665,1.143156,1.14529,5.0,5.0,17.607145,0.0,1.0,0.0,0.0,0.339784,11451.0,0.329941,1.0
11471.0,0.455579,0.449576,0.4661,0.4661,13.154228,1.163479,1.165433,5.0,5.0,17.845772,0.0,1.0,0.0,0.0,0.339784,11461.0,0.334241,1.0
11481.0,0.455495,0.44949,0.466011,0.466011,13.154568,1.144221,1.146204,5.0,5.0,17.619578,0.0,1.0,0.0,0.0,0.339784,11471.0,0.338594,1.0
11491.0,0.455411,0.449405,0.465925,0.465925,13.154161,1.163254,1.165329,5.0,5.0,17.843056,0.0,1.0,0.0,0.0,0.339784,11481.0,0.341103,1.0
11501.0,0.455328,0.44932,0.465838,0.465838,13.154348,1.152067,1.154074,5.0,5.0,17.71165,0.0,1.0,0.0,0.0,0.339784,11491.0,0.339215,1.0
11511.0,0.455245,0.449235,0.465752,0.465752,13.154352,1.150123,1.152143,5.0,5.0,17.688781,0.0,1.0,0.0,0.0,0.339784,11501.0,0.326427,1.0
11521.0,0.455162,0.449151,0.465666,0.465666,13.154212,1.155955,1.157936,5.0,5.0,17.757243,0.0,1.0,0.0,0.0,0.341056,11511.0,0.336451,1.0
11531.0,0.455078,0.449065,0.46558,0.46558,13.153346,1.198204,1.200194,5.0,5.0,18.253343,0.0,1.0,0.0,0.0,0.341056,11521.0,0.324857,1.0
11541.0,0.454997,0.448982,0.465498,0.465498,13.153759,1.176169,1.178162,5.0,5.0,17.994567,0.0,1.0,0.0,0.0,0.341056,11531.0,0.329912,1.0
11551.0,0.454914,0.448897,0.465415,0.465415,13.153687,1.178269,1.180259,5.0,5.0,18.019201,0.0,1.0,0.0,0.0,0.341056,11541.0,0.335309,1.0
11561.0,0.45483,0.448812,0.465329,0.465329,13.154094,1.155775,1.157708,5.0,5.0,17.755005,0.0,1.0,0.0,0.0,0.341056,11551.0,0.336159,1.0
11571.0,0.454747,0.448726,0.465244,0.465244,13.153136,1.202781,1.204804,5.0,5.0,18.306952,0.0,1.0,0.0,0.0,0.341056,11561.0,0.335293,1.0
11581.0,0.454662,0.44864,0.465158,0.465158,13.153342,1.190258,1.192179,5.0,5.0,18.159868,0.0,1.0,0.0,0.0,0.342382,11571.0,0.345591,1.0
11591.0,0.454578,0.448554,0.465069,0.465069,13.153501,1.180008,1.18192,5.0,5.0,18.039463,0.0,1.0,0.0,0.0,0.342382,11581.0,0.338302,1.0
11601.0,0.454497,0.448472,0.464986,0.464986,13.15393,1.157281,1.159224,5.0,5.0,17.772552,0.0,1.0,0.0,0.0,0.342382,11591.0,0.333196,1.0
11611.0,0.454414,0.448387,0.464901,0.464901,13.152636,1.221752,1.223701,5.0,5.0,18.52956,0.0,1.0,0.0,0.0,0.342382,11601.0,0.332378,1.0
11621.0,0.45433,0.448301,0.464814,0.464814,13.153555,1.172725,1.174673,5.0,5.0,17.953841,0.0,1.0,0.0,0.0,0.342382,11611.0,0.330861,1.0
11631.0,0.454245,0.448214,0.464732,0.464732,13.153309,1.18316,1.185243,5.0,5.0,18.07633,0.0,1.0,0.0,0.0,0.342382,11621.0,0.331437,1.0
11641.0,0.454163,0.44813,0.464649,0.464649,13.154016,1.145695,1.147761,5.0,5.0,17.636346,0.0,1.0,0.0,0.0,0.343669,11631.0,0.335945,1.0
11651.0,0.45408,0.448046,0.464568,0.464568,13.153575,1.166682,1.168776,5.0,5.0,17.882772,0.0,1.0,0.0,0.0,0.343669,11641.0,0.341831,1.0
11661.0,0.453995,0.447959,0.464481,0.464481,13.152767,1.205633,1.207628,5.0,5.0,18.340098,0.0,1.0,0.0,0.0,0.343669,11651.0,0.337955,1.0
11671.0,0.453912,0.447875,0.464399,0.464399,13.152564,1.214695,1.216744,5.0,5.0,18.446474,0.0,1.0,0.0,0.0,0.343669,11660.0,0.344676,1.0
11681.0,0.453829,0.447789,0.464315,0.464315,13.153936,1.14281,1.144792,5.0,5.0,17.602325,0.0,1.0,0.0,0.0,0.343669,11670.0,0.328598,1.0
11691.0,0.453746,0.447705,0.46423,0.46423,13.153209,1.178317,1.18028,5.0,5.0,18.019253,0.0,1.0,0.0,0.0,0.343669,11680.0,0.332792,1.0
11701.0,0.453662,0.447619,0.464147,0.464147,13.152677,1.203536,1.205573,5.0,5.0,18.315343,0.0,1.0,0.0,0.0,0.343877,11690.0,0.339476,1.0
11711.0,0.453578,0.447533,0.46406,0.46406,13.152136,1.229279,1.231322,5.0,5.0,18.617555,0.0,1.0,0.0,0.0,0.343877,11700.0,0.332615,1.0
11721.0,0.453493,0.447447,0.463982,0.463982,13.152503,1.208437,1.210411,5.0,5.0,18.372797,0.0,1.0,0.0,0.0,0.343877,11709.0,0.333526,1.0
11731.0,0.453411,0.447363,0.463887,0.463887,13.154073,1.127169,1.129176,5.0,5.0,17.418469,0.0,1.0,0.0,0.0,0.343877,11719.0,0.339093,1.0
11741.0,0.453328,0.447278,0.463801,0.463801,13.15274,1.193572,1.19548,5.0,5.0,18.198199,0.0,1.0,0.0,0.0,0.343877,11729.0,0.34036,1.0
11751.0,0.453243,0.447192,0.463711,0.463711,13.153481,1.153463,1.155527,5.0,5.0,17.727172,0.0,1.0,0.0,0.0,0.343877,11739.0,0.335991,1.0
11761.0,0.45316,0.447107,0.463623,0.463623,13.153586,1.14658,1.14855,5.0,5.0,17.646318,0.0,1.0,0.0,0.0,0.345133,11749.0,0.340213,1.0
11771.0,0.453077,0.447022,0.463538,0.463538,13.152908,1.17963,1.181588,5.0,5.0,18.034391,0.0,1.0,0.0,0.0,0.345133,11759.0,0.330837,1.0
11781.0,0.452994,0.446937,0.463454,0.463454,13.154178,1.113047,1.115138,5.0,5.0,17.252448,0.0,1.0,0.0,0.0,0.345133,11769.0,0.330167,1.0
11791.0,0.452911,0.446852,0.463368,0.463368,13.153676,1.137161,1.139102,5.0,5.0,17.535607,0.0,1.0,0.0,0.0,0.345133,11779.0,0.35232,1.0
11801.0,0.452826,0.446766,0.463286,0.463286,13.153008,1.169195,1.171039,5.0,5.0,17.911739,0.0,1.0,0.0,0.0,0.345133,11789.0,0.335984,1.0
11811.0,0.452744,0.446682,0.463202,0.463202,13.152056,1.21634,1.21824,5.0,5.0,18.465277,0.0,1.0,0.0,0.0,0.345133,11799.0,0.34071,1.0
11821.0,0.45266,0.446597,0.46312,0.46312,13.152945,1.169268,1.171268,5.0,5.0,17.912534,0.0,1.0,0.0,0.0,0.346485,11809.0,0.338762,1.0
11831.0,0.452576,0.446511,0.463035,0.463035,13.152139,1.208447,1.210349,5.0,5.0,18.372526,0.0,1.0,0.0,0.0,0.346485,11819.0,0.337927,1.0
11841.0,0.452493,0.446426,0.462952,0.462952,13.152347,1.196406,1.198242,5.0,5.0,18.231122,0.0,1.0,0.0,0.0,0.346485,11829.0,0.337224,1.0
11851.0,0.45241,0.446341,0.462868,0.462868,13.152899,1.166422,1.168277,5.0,5.0,17.879007,0.0,1.0,0.0,0.0,0.346485,11839.0,0.332267,1.0
11861.0,0.452326,0.446255,0.462781,0.462781,13.152804,1.169441,1.171475,5.0,5.0,17.914422,0.0,1.0,0.0,0.0,0.346485,11849.0,0.324222,1.0
11871.0,0.452241,0.446169,0.462695,0.462695,13.151485,1.234604,1.236617,5.0,5.0,18.679467,0.0,1.0,0.0,0.0,0.346485,11859.0,0.334634,1.0
11881.0,0.452158,0.446084,0.462608,0.462608,13.152616,1.175285,1.17729,5.0,5.0,17.982974,0.0,1.0,0.0,0.0,0.347736,11869.0,0.340146,1.0
11891.0,0.452075,0.445999,0.462524,0.462524,13.153688,1.118829,1.120724,5.0,5.0,17.31997,0.0,1.0,0.0,0.0,0.347736,11879.0,0.32537,1.0
11901.0,0.451991,0.445913,0.462438,0.462438,13.152905,1.156954,1.159057,5.0,5.0,17.767646,0.0,1.0,0.0,0.0,0.347736,11889.0,0.343951,1.0
11911.0,0.451906,0.445827,0.46235,0.46235,13.150898,1.257363,1.259252,5.0,5.0,18.946483,0.0,1.0,0.0,0.0,0.347736,11899.0,0.34186,1.0
11921.0,0.451822,0.445741,0.462265,0.462265,13.153073,1.144477,1.146411,5.0,5.0,17.621058,0.0,1.0,0.0,0.0,0.347736,11909.0,0.330655,1.0
11931.0,0.451738,0.445655,0.462182,0.462182,13.152544,1.16945,1.171413,5.0,5.0,17.914255,0.0,1.0,0.0,0.0,0.347736,11919.0,0.3349,1.0
11941.0,0.451654,0.445569,0.462097,0.462097,13.151595,1.216053,1.218032,5.0,5.0,18.461399,0.0,1.0,0.0,0.0,0.348961,11929.0,0.335864,1.0
11951.0,0.45157,0.445484,0.462012,0.462012,13.1532,1.132489,1.134554,5.0,5.0,17.480162,0.0,1.0,0.0,0.0,0.348961,11939.0,0.336991,1.0
11961.0,0.451486,0.445398,0.461928,0.461928,13.15298,1.14165,1.143463,5.0,5.0,17.587701,0.0,1.0,0.0,0.0,0.348961,11949.0,0.330152,1.0
11971.0,0.451403,0.445313,0.461842,0.461842,13.152589,1.160073,1.162297,5.0,5.0,17.80401,0.0,1.0,0.0,0.0,0.348961,11959.0,0.329085,1.0
11981.0,0.451321,0.445229,0.461758,0.461758,13.152873,1.144538,1.146598,5.0,5.0,17.621566,0.0,1.0,0.0,0.0,0.348961,11969.0,0.344647,1.0
11991.0,0.451238,0.445144,0.461673,0.461673,13.152127,1.18107,1.183083,5.0,5.0,18.050501,0.0,1.0,0.0,0.0,0.348961,11979.0,0.331436,1.0
12001.0,0.451155,0.44506,0.46159,0.46159,13.152073,1.182312,1.184288,5.0,5.0,18.065054,0.0,1.0,0.0,0.0,0.349324,11989.0,0.344733,1.0
12011.0,0.45107,0.444973,0.461503,0.461503,13.151965,1.185597,1.187756,5.0,5.0,18.103575,0.0,1.0,0.0,0.0,0.349324,11999.0,0.332232,1.0
12021.0,0.450985,0.444886,0.461415,0.461415,13.151263,1.219311,1.221022,5.0,5.0,18.499358,0.0,1.0,0.0,0.0,0.349324,12009.0,0.32876,1.0
12031.0,0.450902,0.444801,0.461331,0.461331,13.152973,1.130346,1.132353,5.0,5.0,17.454733,0.0,1.0,0.0,0.0,0.349324,12019.0,0.32931,1.0
12041.0,0.450818,0.444716,0.461245,0.461245,13.151254,1.216372,1.218343,5.0,5.0,18.464777,0.0,1.0,0.0,0.0,0.349324,12029.0,0.331522,1.0
12051.0,0.450733,0.44463,0.461158,0.461158,13.150813,1.2369,1.238735,5.0,5.0,18.705722,0.0,1.0,0.0,0.0,0.349324,12039.0,0.340043,1.0
12061.0,0.450633,0.444528,0.46107,0.46107,13.109714,3.326878,3.328588,5.0,5.0,18.267948,24.765809,1.0,1.0,1.0,0.350447,12049.0,-2.174925,1.0
12071.0,0.450367,0.444256,0.46074,0.46074,13.099229,3.792484,3.794403,5.0,5.0,18.429611,30.0,1.0,1.0,1.0,0.350447,12059.0,0.336209,1.0
12081.0,0.450102,0.443985,0.460409,0.460409,13.098643,3.7562,3.758063,5.0,5.0,18.002588,30.0,1.0,1.0,1.0,0.350447,12069.0,0.33479,1.0
12091.0,0.449835,0.443713,0.460077,0.460077,13.098302,3.710012,3.711735,5.0,5.0,17.460389,30.0,1.0,1.0,1.0,0.350447,12079.0,0.334391,1.0
12101.0,0.449568,0.443441,0.459749,0.459749,13.09542,3.796287,3.798037,5.0,5.0,18.461234,30.0,1.0,1.0,1.0,0.350447,12089.0,0.330838,1.0
12111.0,0.449301,0.443169,0.459415,0.459415,13.095324,3.742847,3.744648,5.0,5.0,17.835053,30.0,1.0,1.0,1.0,0.350447,12099.0,0.323406,1.0
12121.0,0.449033,0.442896,0.459084,0.459084,13.093572,3.776399,3.778206,5.0,5.0,18.222078,30.0,1.0,1.0,1.0,0.350319,12109.0,0.332039,1.0
12131.0,0.448767,0.442624,0.458753,0.458753,13.093275,3.738574,3.740308,5.0,5.0,17.778163,30.0,1.0,1.0,1.0,0.350319,12119.0,0.327405,1.0
12141.0,0.4485,0.442353,0.458424,0.458424,13.092253,3.740156,3.741866,5.0,5.0,17.793261,30.0,1.0,1.0,1.0,0.350319,12129.0,0.33462,1.0
12151.0,0.448235,0.442082,0.458098,0.458098,13.091357,3.737839,3.739748,5.0,5.0,17.763145,30.0,1.0,1.0,1.0,0.350319,12139.0,0.325952,1.0
12161.0,0.447967,0.441809,0.457767,0.457767,13.090155,3.752255,3.75418,5.0,5.0,17.927883,30.0,1.0,1.0,1.0,0.350319,12149.0,0.338422,1.0
12171.0,0.4477,0.441536,0.457439,0.457439,13.08795,3.820103,3.821959,5.0,5.0,18.714634,30.0,1.0,1.0,1.0,0.350319,12159.0,0.334352,1.0
12181.0,0.447433,0.441264,0.457109,0.457109,13.088202,3.764711,3.766577,5.0,5.0,18.067131,30.0,1.0,1.0,1.0,0.350179,12169.0,0.335148,1.0
12191.0,0.447166,0.440992,0.456777,0.456777,13.087367,3.766303,3.768176,5.0,5.0,18.082951,30.0,1.0,1.0,1.0,0.350179,12179.0,0.334839,1.0
12201.0,0.446899,0.44072,0.456447,0.456447,13.086818,3.755301,3.757108,5.0,5.0,17.952335,30.0,1.0,1.0,1.0,0.350179,12189.0,0.333439,1.0
12211.0,0.446632,0.440448,0.456117,0.456117,13.08525,3.797985,3.799843,5.0,5.0,18.446573,30.0,1.0,1.0,1.0,0.350179,12199.0,0.331492,1.0
12221.0,0.446365,0.440176,0.455789,0.455789,13.084873,3.78136,3.783231,5.0,5.0,18.250755,30.0,1.0,1.0,1.0,0.350179,12209.0,0.336649,1.0
12231.0,0.446099,0.439904,0.455461,0.455461,13.085227,3.729172,3.731047,5.0,5.0,17.641226,30.0,1.0,1.0,1.0,0.350179,12219.0,0.324954,1.0
12241.0,0.445832,0.439632,0.455135,0.455135,13.083563,3.781239,3.782961,5.0,5.0,18.244901,30.0,1.0,1.0,1.0,0.350085,12229.0,0.335139,1.0
12251.0,0.445565,0.43936,0.454807,0.454807,13.083042,3.77614,3.777686,5.0,5.0,18.183477,30.0,1.0,1.0,1.0,0.350085,12239.0,0.333041,1.0
12261.0,0.445299,0.439088,0.45448,0.45448,13.081337,3.832876,3.834688,5.0,5.0,18.841469,30.0,1.0,1.0,1.0,0.350085,12249.0,0.330115,1.0
12271.0,0.445032,0.438816,0.454151,0.454151,13.082113,3.764092,3.765808,5.0,5.0,18.039384,30.0,1.0,1.0,1.0,0.350085,12259.0,0.330198,1.0
12281.0,0.444765,0.438544,0.453827,0.453827,13.081108,3.787361,3.789274,5.0,5.0,18.308219,30.0,1.0,1.0,1.0,0.350085,12269.0,0.34143,1.0
12291.0,0.444499,0.438273,0.453499,0.453499,13.08116,3.758265,3.760098,5.0,5.0,17.968013,30.0,1.0,1.0,1.0,0.350085,12279.0,0.331006,1.0
12301.0,0.444232,0.438001,0.453176,0.453176,13.081299,3.72544,3.727226,5.0,5.0,17.584463,30.0,1.0,1.0,1.0,0.3489,12289.0,0.340119,1.0
12311.0,0.443967,0.43773,0.452854,0.452854,13.080461,3.743775,3.745728,5.0,5.0,17.796155,30.0,1.0,1.0,1.0,0.3489,12299.0,0.333736,1.0
12321.0,0.443699,0.437458,0.45253,0.45253,13.07993,3.746741,3.748511,5.0,5.0,17.82908,30.0,1.0,1.0,1.0,0.3489,12309.0,0.341249,1.0
12331.0,0.443432,0.437186,0.452206,0.452206,13.079365,3.752511,3.754284,5.0,5.0,17.89468,30.0,1.0,1.0,1.0,0.3489,12319.0,0.320437,1.0
12341.0,0.443165,0.436913,0.451881,0.451881,13.079442,3.726372,3.728098,5.0,5.0,17.589185,30.0,1.0,1.0,1.0,0.3489,12329.0,0.33857,1.0
12351.0,0.442899,0.436642,0.451557,0.451557,13.078952,3.73019,3.731961,5.0,5.0,17.632205,30.0,1.0,1.0,1.0,0.3489,12339.0,0.341538,1.0
12361.0,0.442632,0.436369,0.451234,0.451234,13.077148,3.801555,3.803457,5.0,5.0,18.460814,30.0,1.0,1.0,1.0,0.348803,12349.0,0.328503,1.0
12371.0,0.442366,0.436098,0.450913,0.450913,13.077148,3.782042,3.783937,5.0,5.0,18.232598,30.0,1.0,1.0,1.0,0.348803,12359.0,0.334766,1.0
12381.0,0.442098,0.435825,0.450585,0.450585,13.077361,3.751758,3.753432,5.0,5.0,17.879146,30.0,1.0,1.0,1.0,0.348803,12369.0,0.325228,1.0
12391.0,0.441831,0.435552,0.450261,0.450261,13.077148,3.743824,3.745707,5.0,5.0,17.785638,30.0,1.0,1.0,1.0,0.348803,12379.0,0.332395,1.0
12401.0,0.441564,0.43528,0.449942,0.449942,13.075174,3.826892,3.828728,5.0,5.0,18.750366,30.0,1.0,1.0,1.0,0.348803,12389.0,0.334212,1.0
12411.0,0.441296,0.435008,0.449619,0.449619,13.076063,3.763985,3.765725,5.0,5.0,18.017767,30.0,1.0,1.0,1.0,0.348803,12399.0,0.342846,1.0
12421.0,0.44103,0.434736,0.449299,0.449299,13.075675,3.767414,3.769131,5.0,5.0,18.056565,30.0,1.0,1.0,1.0,0.348686,12409.0,0.342225,1.0
12431.0,0.440764,0.434465,0.448979,0.448979,13.076293,3.720081,3.722035,5.0,5.0,17.505115,30.0,1.0,1.0,1.0,0.348686,12419.0,0.315664,1.0
12441.0,0.440496,0.434192,0.448658,0.448658,13.074662,3.78739,3.789253,5.0,5.0,18.286729,30.0,1.0,1.0,1.0,0.348686,12429.0,0.324653,1.0
12451.0,0.440228,0.433918,0.448336,0.448336,13.074601,3.774911,3.776669,5.0,5.0,18.14061,30.0,1.0,1.0,1.0,0.348686,12439.0,0.328197,1.0
12461.0,0.439962,0.433647,0.448017,0.448017,13.074418,3.769865,3.771581,5.0,5.0,18.080986,30.0,1.0,1.0,1.0,0.348686,12449.0,0.327651,1.0
12471.0,0.439695,0.433375,0.447697,0.447697,13.074733,3.739779,3.741533,5.0,5.0,17.73025,30.0,1.0,1.0,1.0,0.348686,12459.0,0.338286,1.0
12481.0,0.439429,0.433104,0.447379,0.447379,13.074066,3.760236,3.762112,5.0,5.0,17.967212,30.0,1.0,1.0,1.0,0.348583,12469.0,0.321364,1.0
12491.0,0.439162,0.432832,0.44706,0.44706,13.074264,3.7368,3.738751,5.0,5.0,17.693859,30.0,1.0,1.0,1.0,0.348583,12479.0,0.322788,1.0
12501.0,0.438894,0.432558,0.446742,0.446742,13.072553,3.810744,3.812407,5.0,5.0,18.552617,30.0,1.0,1.0,1.0,0.348583,12489.0,0.329042,1.0
12511.0,0.438627,0.432286,0.446422,0.446422,13.073086,3.77087,3.772703,5.0,5.0,18.088249,30.0,1.0,1.0,1.0,0.348583,12499.0,0.335689,1.0
12521.0,0.438361,0.432014,0.446104,0.446104,13.073431,3.741188,3.742904,5.0,5.0,17.742369,30.0,1.0,1.0,1.0,0.348583,12509.0,0.332002,1.0
12531.0,0.438095,0.431743,0.445786,0.445786,13.072965,3.753407,3.755239,5.0,5.0,17.883679,30.0,1.0,1.0,1.0,0.348583,12519.0,0.343293,1.0
12541.0,0.437828,0.431471,0.445469,0.445469,13.072556,3.762627,3.764583,5.0,5.0,17.990092,30.0,1.0,1.0,1.0,0.348531,12529.0,0.341085,1.0
12551.0,0.437561,0.431199,0.445157,0.445157,13.07241,3.758965,3.760804,5.0,5.0,17.946793,30.0,1.0,1.0,1.0,0.348531,12538.0,0.343996,1.0
12561.0,0.437294,0.430926,0.444842,0.444842,13.071416,3.798406,3.800238,5.0,5.0,18.404514,30.0,1.0,1.0,1.0,0.348531,12548.0,0.340194,1.0
12571.0,0.437027,0.430655,0.444526,0.444526,13.072221,3.746767,3.748573,5.0,5.0,17.803552,30.0,1.0,1.0,1.0,0.348531,12558.0,0.339547,1.0
12581.0,0.436761,0.430383,0.44421,0.44421,13.072158,3.739683,3.741492,5.0,5.0,17.720517,30.0,1.0,1.0,1.0,0.348531,12568.0,0.331912,1.0
12591.0,0.436494,0.430111,0.443896,0.443896,13.071581,3.758711,3.760617,5.0,5.0,17.941031,30.0,1.0,1.0,1.0,0.348531,12578.0,0.337862,1.0
12601.0,0.436227,0.429839,0.443578,0.443578,13.071509,3.752434,3.754097,5.0,5.0,17.867405,30.0,1.0,1.0,1.0,0.347373,12588.0,0.324806,1.0
12611.0,0.435959,0.429565,0.443262,0.443262,13.071088,3.763627,3.765518,5.0,5.0,17.996836,30.0,1.0,1.0,1.0,0.347373,12598.0,0.323268,1.0
12621.0,0.435691,0.429293,0.442947,0.442947,13.070225,3.797957,3.799594,5.0,5.0,18.395221,30.0,1.0,1.0,1.0,0.347373,12608.0,0.328332,1.0
12631.0,0.435425,0.429021,0.442636,0.442636,13.070269,3.786468,3.788298,5.0,5.0,18.261068,30.0,1.0,1.0,1.0,0.347373,12618.0,0.320776,1.0
12641.0,0.435158,0.428749,0.442321,0.442321,13.071381,3.720561,3.722284,5.0,5.0,17.49439,30.0,1.0,1.0,1.0,0.347373,12628.0,0.327824,1.0
12651.0,0.434891,0.428477,0.442009,0.442009,13.070761,3.743222,3.745001,5.0,5.0,17.757224,30.0,1.0,1.0,1.0,0.347373,12638.0,0.339302,1.0
12661.0,0.434624,0.428205,0.441696,0.441696,13.070776,3.733637,3.735491,5.0,5.0,17.645227,30.0,1.0,1.0,1.0,0.347279,12648.0,0.328377,1.0
12671.0,0.434356,0.427931,0.441384,0.441384,13.069839,3.772353,3.774094,5.0,5.0,18.094625,30.0,1.0,1.0,1.0,0.347279,12658.0,0.332853,1.0
12681.0,0.434088,0.427657,0.441067,0.441067,13.069862,3.762152,3.763919,5.0,5.0,17.975476,30.0,1.0,1.0,1.0,0.347279,12668.0,0.333871,1.0
12691.0,0.433821,0.427386,0.440756,0.440756,13.070106,3.741586,3.743361,5.0,5.0,17.735901,30.0,1.0,1.0,1.0,0.347279,12678.0,0.338957,1.0
12701.0,0.433553,0.427112,0.440443,0.440443,13.070044,3.736045,3.737713,5.0,5.0,17.670931,30.0,1.0,1.0,1.0,0.347279,12688.0,0.32823,1.0
12711.0,0.433286,0.42684,0.44013,0.44013,13.069372,3.762278,3.764002,5.0,5.0,17.975299,30.0,1.0,1.0,1.0,0.347279,12698.0,0.332858,1.0
12721.0,0.43302,0.426569,0.439817,0.439817,13.070524,3.695881,3.697552,5.0,5.0,17.203052,30.0,1.0,1.0,1.0,0.347177,12708.0,0.334997,1.0
12731.0,0.432753,0.426297,0.439506,0.439506,13.069708,3.729822,3.731607,5.0,5.0,17.597071,30.0,1.0,1.0,1.0,0.347177,12718.0,0.333848,1.0
12741.0,0.432485,0.426024,0.439194,0.439194,13.069564,3.72925,3.731109,5.0,5.0,17.589898,30.0,1.0,1.0,1.0,0.347177,12728.0,0.340979,1.0
12751.0,0.432218,0.425751,0.438882,0.438882,13.068231,3.789588,3.791309,5.0,5.0,18.290628,30.0,1.0,1.0,1.0,0.347177,12738.0,0.340004,1.0
12761.0,0.431951,0.425479,0.438569,0.438569,13.067582,3.815011,3.816788,5.0,5.0,18.585539,30.0,1.0,1.0,1.0,0.347177,12748.0,0.333204,1.0
12771.0,0.431684,0.425207,0.438259,0.438259,13.068222,3.775322,3.777105,5.0,5.0,18.123871,30.0,1.0,1.0,1.0,0.347177,12758.0,0.32832,1.0
12781.0,0.431417,0.424935,0.437947,0.437947,13.068859,3.735379,3.737173,5.0,5.0,17.659189,30.0,1.0,1.0,1.0,0.347145,12768.0,0.333069,1.0
12791.0,0.43115,0.424663,0.437636,0.437636,13.067959,3.774141,3.775734,5.0,5.0,18.109181,30.0,1.0,1.0,1.0,0.347145,12778.0,0.3345,1.0
12801.0,0.430884,0.424391,0.437328,0.437328,13.068395,3.744875,3.746663,5.0,5.0,17.768618,30.0,1.0,1.0,1.0,0.347145,12788.0,0.336246,1.0
12811.0,0.430617,0.424119,0.437018,0.437018,13.067834,3.766809,3.768674,5.0,5.0,18.023074,30.0,1.0,1.0,1.0,0.347145,12798.0,0.334019,1.0
12821.0,0.43035,0.423847,0.436709,0.436709,13.067941,3.754152,3.755986,5.0,5.0,17.875511,30.0,1.0,1.0,1.0,0.347145,12808.0,0.329984,1.0
12831.0,0.430084,0.423575,0.436404,0.436404,13.067297,3.780523,3.782296,5.0,5.0,18.181527,30.0,1.0,1.0,1.0,0.347145,12818.0,0.339893,1.0
12841.0,0.429818,0.423304,0.436093,0.436093,13.067558,3.760736,3.762507,5.0,5.0,17.951179,30.0,1.0,1.0,1.0,0.347223,12828.0,0.330003,1.0
12851.0,0.42955,0.423031,0.435788,0.435788,13.066562,3.804594,3.806509,5.0,5.0,18.460329,30.0,1.0,1.0,1.0,0.347223,12838.0,0.337995,1.0
12861.0,0.429283,0.422759,0.435475,0.435475,13.066531,3.799415,3.801235,5.0,5.0,18.399707,30.0,1.0,1.0,1.0,0.347223,12848.0,0.344323,1.0
12871.0,0.429017,0.422487,0.435166,0.435166,13.067533,3.741868,3.743693,5.0,5.0,17.730581,30.0,1.0,1.0,1.0,0.347223,12858.0,0.337367,1.0
12881.0,0.42875,0.422215,0.434857,0.434857,13.067121,3.756322,3.758271,5.0,5.0,17.898123,30.0,1.0,1.0,1.0,0.347223,12868.0,0.332268,1.0
12891.0,0.428482,0.421942,0.434546,0.434546,13.066682,3.771898,3.773637,5.0,5.0,18.078657,30.0,1.0,1.0,1.0,0.347223,12878.0,0.331245,1.0
12901.0,0.428215,0.42167,0.434237,0.434237,13.067275,3.735061,3.736923,5.0,5.0,17.650173,30.0,1.0,1.0,1.0,0.346041,12888.0,0.330084,1.0
12911.0,0.427948,0.421398,0.43393,0.43393,13.067067,3.739318,3.741201,5.0,5.0,17.699224,30.0,1.0,1.0,1.0,0.346041,12898.0,0.339951,1.0
12921.0,0.427682,0.421126,0.433621,0.433621,13.066694,3.752149,3.753827,5.0,5.0,17.847924,30.0,1.0,1.0,1.0,0.346041,12908.0,0.336646,1.0
12931.0,0.427415,0.420855,0.433315,0.433315,13.066694,3.746045,3.747867,5.0,5.0,17.776592,30.0,1.0,1.0,1.0,0.346041,12918.0,0.33824,1.0
12941.0,0.427148,0.420582,0.43301,0.43301,13.066055,3.772253,3.774094,5.0,5.0,18.080702,30.0,1.0,1.0,1.0,0.346041,12928.0,0.340303,1.0
12951.0,0.426882,0.420311,0.432702,0.432702,13.066025,3.767791,3.769505,5.0,5.0,18.028458,30.0,1.0,1.0,1.0,0.346041,12938.0,0.333463,1.0
12961.0,0.426615,0.420038,0.432396,0.432396,13.065406,3.793155,3.79488,5.0,5.0,18.322737,30.0,1.0,1.0,1.0,0.346089,12948.0,0.337288,1.0
12971.0,0.426347,0.419765,0.432089,0.432089,13.065571,3.778305,3.780054,5.0,5.0,18.149783,30.0,1.0,1.0,1.0,0.346089,12958.0,0.337329,1.0
12981.0,0.426079,0.419492,0.431781,0.431781,13.065527,3.774046,3.77588,5.0,5.0,18.099864,30.0,1.0,1.0,1.0,0.346089,12968.0,0.334615,1.0
12991.0,0.425812,0.419219,0.431474,0.431474,13.065565,3.765743,3.767532,5.0,5.0,18.002978,30.0,1.0,1.0,1.0,0.346089,12978.0,0.329969,1.0
13001.0,0.425546,0.418949,0.431172,0.431172,13.06522,3.777962,3.779867,5.0,5.0,18.144588,30.0,1.0,1.0,1.0,0.346089,12988.0,0.327941,1.0
13011.0,0.42528,0.418677,0.43087,0.43087,13.065789,3.743124,3.745064,5.0,5.0,17.73943,30.0,1.0,1.0,1.0,0.346089,12998.0,0.332685,1.0
13021.0,0.425013,0.418405,0.430567,0.430567,13.064419,3.807012,3.808627,5.0,5.0,18.481285,30.0,1.0,1.0,1.0,0.346082,13008.0,0.322855,1.0
13031.0,0.424746,0.418133,0.43026,0.43026,13.065349,3.753444,3.755405,5.0,5.0,17.858537,30.0,1.0,1.0,1.0,0.346082,13018.0,0.345813,1.0
13041.0,0.42448,0.417861,0.429956,0.429956,13.065705,3.729572,3.7314,5.0,5.0,17.580786,30.0,1.0,1.0,1.0,0.346082,13028.0,0.338951,1.0
13051.0,0.424213,0.417589,0.429652,0.429652,13.065696,3.724196,3.726105,5.0,5.0,17.517949,30.0,1.0,1.0,1.0,0.346082,13038.0,0.327846,1.0
13061.0,0.423945,0.417317,0.429348,0.429348,13.065451,3.730553,3.732189,5.0,5.0,17.591409,30.0,1.0,1.0,1.0,0.346082,13048.0,0.331774,1.0
13071.0,0.423677,0.417043,0.429044,0.429044,13.065461,3.72368,3.725544,5.0,5.0,17.511128,30.0,1.0,1.0,1.0,0.346082,13058.0,0.332046,1.0
13081.0,0.42341,0.416771,0.42874,0.42874,13.064502,3.766684,3.768612,5.0,5.0,18.010391,30.0,1.0,1.0,1.0,0.346025,13068.0,0.330606,1.0
13091.0,0.423143,0.416499,0.428437,0.428437,13.064589,3.756449,3.758104,5.0,5.0,17.891098,30.0,1.0,1.0,1.0,0.346025,13078.0,0.333152,1.0
13101.0,0.422877,0.416227,0.428136,0.428136,13.063903,3.785825,3.787633,5.0,5.0,18.231998,30.0,1.0,1.0,1.0,0.346025,13088.0,0.335318,1.0
13111.0,0.422609,0.415954,0.427831,0.427831,13.064966,3.725594,3.72762,5.0,5.0,17.531848,30.0,1.0,1.0,1.0,0.346025,13098.0,0.341297,1.0
13121.0,0.422343,0.415683,0.42753,0.42753,13.064182,3.760164,3.76205,5.0,5.0,17.933137,30.0,1.0,1.0,1.0,0.346025,13108.0,0.333581,1.0
13131.0,0.422076,0.415411,0.427228,0.427228,13.063641,3.781989,3.783688,5.0,5.0,18.186301,30.0,1.0,1.0,1.0,0.346025,13118.0,0.326514,1.0
13141.0,0.421808,0.415138,0.426923,0.426923,13.06342,3.787116,3.789004,5.0,5.0,18.245452,30.0,1.0,1.0,1.0,0.346038,13128.0,0.331396,1.0
13151.0,0.42154,0.414864,0.426618,0.426618,13.0632,3.792224,3.794029,5.0,5.0,18.304379,30.0,1.0,1.0,1.0,0.346038,13138.0,0.324736,1.0
13161.0,0.421273,0.414592,0.426313,0.426313,13.063354,3.778509,3.780303,5.0,5.0,18.144674,30.0,1.0,1.0,1.0,0.346038,13148.0,0.330989,1.0
13171.0,0.421006,0.41432,0.426013,0.426013,13.064147,3.732505,3.734182,5.0,5.0,17.609869,30.0,1.0,1.0,1.0,0.346038,13158.0,0.327232,0.0
13181.0,0.420741,0.414049,0.425715,0.425715,13.063512,3.759717,3.76151,5.0,5.0,17.925664,30.0,1.0,1.0,1.0,0.346038,13168.0,0.328531,1.0
13191.0,0.420474,0.413778,0.425415,0.425415,13.064642,3.69654,3.698486,5.0,5.0,17.191311,30.0,1.0,1.0,1.0,0.346038,13178.0,0.331677,1.0
13201.0,0.420207,0.413505,0.425113,0.425113,13.063425,3.752943,3.75474,5.0,5.0,17.846233,30.0,1.0,1.0,1.0,0.344983,13188.0,0.335459,1.0
13211.0,0.419941,0.413234,0.424816,0.424816,13.06206,3.817083,3.818802,5.0,5.0,18.5909,30.0,1.0,1.0,1.0,0.344983,13198.0,0.349669,1.0
13221.0,0.419674,0.412961,0.424517,0.424517,13.063015,3.762669,3.764334,5.0,5.0,17.958476,30.0,1.0,1.0,1.0,0.344983,13208.0,0.336169,1.0
13231.0,0.419407,0.41269,0.424216,0.424216,13.0634,3.737542,3.739519,5.0,5.0,17.666219,30.0,1.0,1.0,1.0,0.344983,13218.0,0.328869,1.0
13241.0,0.419141,0.412418,0.423915,0.423915,13.062255,3.790493,3.792285,5.0,5.0,18.280949,30.0,1.0,1.0,1.0,0.344983,13228.0,0.333842,1.0
13251.0,0.418873,0.412145,0.423615,0.423615,13.062468,3.773758,3.775714,5.0,5.0,18.086172,30.0,1.0,1.0,1.0,0.344983,13238.0,0.333278,1.0
13261.0,0.418606,0.411873,0.423316,0.423316,13.062882,3.746966,3.748615,5.0,5.0,17.774576,30.0,1.0,1.0,1.0,0.345008,13248.0,0.347277,1.0
13271.0,0.418338,0.4116,0.423016,0.423016,13.061072,3.83345,3.835228,5.0,5.0,18.778707,30.0,1.0,1.0,1.0,0.345008,13258.0,0.33336,1.0
13281.0,0.41807,0.411327,0.422713,0.422713,13.062607,3.749105,3.750899,5.0,5.0,17.798648,30.0,1.0,1.0,1.0,0.345008,13268.0,0.323818,1.0
13291.0,0.417803,0.411054,0.422411,0.422411,13.062499,3.748922,3.750733,5.0,5.0,17.796144,30.0,1.0,1.0,1.0,0.345008,13278.0,0.330292,1.0
13301.0,0.417536,0.410782,0.422112,0.422112,13.062089,3.764155,3.766016,5.0,5.0,17.972722,30.0,1.0,1.0,1.0,0.345008,13288.0,0.326719,1.0
13311.0,0.417269,0.410509,0.421815,0.421815,13.061877,3.769388,3.771228,5.0,5.0,18.033135,30.0,1.0,1.0,1.0,0.345008,13298.0,0.335725,1.0
13321.0,0.417002,0.410238,0.421516,0.421516,13.061764,3.769762,3.771457,5.0,5.0,18.037125,30.0,1.0,1.0,1.0,0.345004,13308.0,0.330223,1.0
13331.0,0.416736,0.409966,0.421217,0.421217,13.061903,3.757465,3.759247,5.0,5.0,17.893944,30.0,1.0,1.0,1.0,0.345004,13318.0,0.333205,1.0
13341.0,0.416469,0.409694,0.420918,0.420918,13.06148,3.773292,3.774904,5.0,5.0,18.077402,30.0,1.0,1.0,1.0,0.345004,13328.0,0.33379,1.0
13351.0,0.416202,0.409422,0.420623,0.420623,13.061125,3.785997,3.78782,5.0,5.0,18.224609,30.0,1.0,1.0,1.0,0.345004,13337.0,0.327817,1.0
13361.0,0.415936,0.40915,0.420329,0.420329,13.061668,3.752801,3.754429,5.0,5.0,17.838676,30.0,1.0,1.0,1.0,0.345004,13347.0,0.338785,1.0
13371.0,0.415668,0.408877,0.42003,0.42003,13.061559,3.752679,3.754512,5.0,5.0,17.836882,30.0,1.0,1.0,1.0,0.345004,13357.0,0.333572,1.0
13381.0,0.415401,0.408605,0.419731,0.419731,13.061287,3.761019,3.762922,5.0,5.0,17.933384,30.0,1.0,1.0,1.0,0.345074,13367.0,0.332933,1.0
13391.0,0.415133,0.408332,0.419434,0.419434,13.060588,3.790853,3.792513,5.0,5.0,18.279505,30.0,1.0,1.0,1.0,0.345074,13377.0,0.331198,1.0
13401.0,0.414867,0.408061,0.419137,0.419137,13.061285,3.750055,3.751979,5.0,5.0,17.805313,30.0,1.0,1.0,1.0,0.345074,13387.0,0.343283,1.0
13411.0,0.4146,0.407789,0.418841,0.418841,13.061429,3.737213,3.738875,5.0,5.0,17.655792,30.0,1.0,1.0,1.0,0.345074,13397.0,0.33473,1.0
13421.0,0.414334,0.407517,0.418546,0.418546,13.060775,3.765253,3.766951,5.0,5.0,17.981117,30.0,1.0,1.0,1.0,0.345074,13407.0,0.327706,1.0
13431.0,0.414068,0.407246,0.418252,0.418252,13.060814,3.758165,3.760056,5.0,5.0,17.898456,30.0,1.0,1.0,1.0,0.345074,13417.0,0.337981,1.0
13441.0,0.413802,0.406975,0.417958,0.417958,13.059795,3.804956,3.806634,5.0,5.0,18.441533,30.0,1.0,1.0,1.0,0.345193,13427.0,0.316384,1.0
13451.0,0.413533,0.4067,0.417657,0.417657,13.058984,3.840114,3.841956,5.0,5.0,18.849384,30.0,1.0,1.0,1.0,0.345193,13437.0,0.33135,1.0
13461.0,0.413266,0.406428,0.417358,0.417358,13.060168,3.773967,3.775548,5.0,5.0,18.080859,30.0,1.0,1.0,1.0,0.345193,13447.0,0.328273,1.0
13471.0,0.412997,0.406154,0.417061,0.417061,13.058477,3.854225,3.856035,5.0,5.0,19.012429,30.0,1.0,1.0,1.0,0.345193,13457.0,0.32627,1.0
13481.0,0.412729,0.405881,0.416763,0.416763,13.058954,3.82401,3.825717,5.0,5.0,18.661196,30.0,1.0,1.0,1.0,0.345193,13467.0,0.333959,1.0
13491.0,0.412463,0.405609,0.416465,0.416465,13.059421,3.794776,3.796666,5.0,5.0,18.321366,30.0,1.0,1.0,1.0,0.345193,13477.0,0.3365,1.0
13501.0,0.412197,0.405338,0.416171,0.416171,13.059818,3.769593,3.771311,5.0,5.0,18.028588,30.0,1.0,1.0,1.0,0.344054,13487.0,0.336732,1.0
13511.0,0.41193,0.405066,0.415877,0.415877,13.059953,3.757282,3.758935,5.0,5.0,17.885248,30.0,1.0,1.0,1.0,0.344054,13497.0,0.337491,1.0
13521.0,0.411664,0.404795,0.415583,0.415583,13.060342,3.732163,3.733788,5.0,5.0,17.593168,30.0,1.0,1.0,1.0,0.344054,13507.0,0.335039,1.0
13531.0,0.411397,0.404522,0.41529,0.41529,13.060712,3.707622,3.709347,5.0,5.0,17.307758,30.0,1.0,1.0,1.0,0.344054,13517.0,0.325658,1.0
13541.0,0.411129,0.404249,0.415,0.415,13.05956,3.760765,3.762611,5.0,5.0,17.924608,30.0,1.0,1.0,1.0,0.344054,13527.0,0.336969,1.0
13551.0,0.410863,0.403978,0.414707,0.414707,13.058717,3.79855,3.800487,5.0,5.0,18.363058,30.0,1.0,1.0,1.0,0.344054,13537.0,0.338839,1.0
13561.0,0.410597,0.403707,0.414412,0.414412,13.060064,3.724703,3.726375,5.0,5.0,17.505105,30.0,1.0,1.0,1.0,0.344155,13547.0,0.33158,1.0
13571.0,0.41033,0.403434,0.414119,0.414119,13.059382,3.753968,3.755737,5.0,5.0,17.844628,30.0,1.0,1.0,1.0,0.344155,13557.0,0.333333,1.0
13581.0,0.410063,0.403162,0.413824,0.413824,13.058834,3.776461,3.778226,5.0,5.0,18.105477,30.0,1.0,1.0,1.0,0.344155,13567.0,0.338027,1.0
13591.0,0.409795,0.402889,0.413529,0.413529,13.058775,3.773789,3.775506,5.0,5.0,18.074078,30.0,1.0,1.0,1.0,0.344155,13577.0,0.330221,1.0
13601.0,0.409529,0.402617,0.413238,0.413238,13.05872,3.771128,3.772952,5.0,5.0,18.042819,30.0,1.0,1.0,1.0,0.344155,13587.0,0.336942,1.0
13611.0,0.409261,0.402345,0.412944,0.412944,13.058011,3.801661,3.80354,5.0,5.0,18.396984,30.0,1.0,1.0,1.0,0.344155,13597.0,0.323314,1.0
13621.0,0.408993,0.402071,0.412648,0.412648,13.058118,3.790243,3.792077,5.0,5.0,18.264012,30.0,1.0,1.0,1.0,0.344158,13607.0,0.332591,1.0
13631.0,0.408726,0.401799,0.412353,0.412353,13.057173,3.832899,3.834854,5.0,5.0,18.758912,30.0,1.0,1.0,1.0,0.344158,13617.0,0.336765,1.0
13641.0,0.408459,0.401527,0.412057,0.412057,13.058887,3.740235,3.742156,5.0,5.0,17.682587,30.0,1.0,1.0,1.0,0.344158,13627.0,0.329866,1.0
13651.0,0.408192,0.401255,0.411766,0.411766,13.058754,3.741498,3.743236,5.0,5.0,17.69689,30.0,1.0,1.0,1.0,0.344158,13637.0,0.333656,1.0
13661.0,0.407925,0.400982,0.411471,0.411471,13.058269,3.76064,3.762528,5.0,5.0,17.918815,30.0,1.0,1.0,1.0,0.344158,13647.0,0.320246,1.0
13671.0,0.407658,0.40071,0.41118,0.41118,13.058902,3.723007,3.724817,5.0,5.0,17.481426,30.0,1.0,1.0,1.0,0.344158,13657.0,0.32978,1.0
13681.0,0.407389,0.400436,0.410885,0.410885,13.056712,3.828738,3.830639,5.0,5.0,18.708739,30.0,1.0,1.0,1.0,0.344202,13667.0,0.336433,1.0
13691.0,0.407122,0.400164,0.410593,0.410593,13.057582,3.778867,3.780614,5.0,5.0,18.129347,30.0,1.0,1.0,1.0,0.344202,13677.0,0.333924,1.0
13701.0,0.406855,0.399892,0.4103,0.4103,13.057677,3.768573,3.770356,5.0,5.0,18.009464,30.0,1.0,1.0,1.0,0.344202,13687.0,0.333828,1.0
13711.0,0.406588,0.399619,0.410004,0.410004,13.056388,3.828745,3.830556,5.0,5.0,18.707719,30.0,1.0,1.0,1.0,0.344202,13697.0,0.339174,1.0
13721.0,0.406319,0.399345,0.409711,0.409711,13.056759,3.803759,3.805575,5.0,5.0,18.417224,30.0,1.0,1.0,1.0,0.344202,13707.0,0.325824,1.0
13731.0,0.406051,0.399072,0.409417,0.409417,13.056909,3.790372,3.792264,5.0,5.0,18.261415,30.0,1.0,1.0,1.0,0.344202,13717.0,0.338624,1.0
13741.0,0.405785,0.3988,0.409124,0.409124,13.057865,3.736317,3.738149,5.0,5.0,17.633415,30.0,1.0,1.0,1.0,0.344216,13727.0,0.336467,1.0
13751.0,0.405519,0.398529,0.408835,0.408835,13.057306,3.759769,3.761593,5.0,5.0,17.905395,30.0,1.0,1.0,1.0,0.344216,13737.0,0.323586,1.0
13761.0,0.405252,0.398257,0.408543,0.408543,13.057505,3.74424,3.746019,5.0,5.0,17.724731,30.0,1.0,1.0,1.0,0.344216,13747.0,0.334153,1.0
13771.0,0.404985,0.397984,0.408251,0.408251,13.057202,3.754248,3.755945,5.0,5.0,17.840588,30.0,1.0,1.0,1.0,0.344216,13757.0,0.334468,1.0
13781.0,0.404717,0.397711,0.407958,0.407958,13.057021,3.757687,3.759537,5.0,5.0,17.880125,30.0,1.0,1.0,1.0,0.344216,13767.0,0.342813,1.0
13791.0,0.404449,0.397439,0.407669,0.407669,13.056794,3.763727,3.765476,5.0,5.0,17.949893,30.0,1.0,1.0,1.0,0.344216,13777.0,0.322897,1.0
13801.0,0.404182,0.397166,0.407379,0.407379,13.056644,3.76596,3.767864,5.0,5.0,17.975463,30.0,1.0,1.0,1.0,0.343242,13787.0,0.327579,1.0
13811.0,0.403915,0.396894,0.407089,0.407089,13.056453,3.770252,3.772142,5.0,5.0,18.024939,30.0,1.0,1.0,1.0,0.343242,13797.0,0.34649,1.0
13821.0,0.403647,0.396621,0.406799,0.406799,13.05575,3.800366,3.802252,5.0,5.0,18.374177,30.0,1.0,1.0,1.0,0.343242,13807.0,0.325844,1.0
13831.0,0.403381,0.396349,0.40651,0.40651,13.056249,3.769856,3.771664,5.0,5.0,18.019623,30.0,1.0,1.0,1.0,0.343242,13817.0,0.33515,1.0
13841.0,0.403115,0.396078,0.406222,0.406222,13.057221,3.71522,3.717072,5.0,5.0,17.384898,30.0,1.0,1.0,1.0,0.343242,13827.0,0.336582,1.0
13851.0,0.402847,0.395805,0.405931,0.405931,13.056094,3.766985,3.768653,5.0,5.0,17.985579,30.0,1.0,1.0,1.0,0.343242,13837.0,0.333551,1.0
13861.0,0.402579,0.395532,0.40564,0.40564,13.054848,3.824809,3.826631,5.0,5.0,18.656491,30.0,1.0,1.0,1.0,0.343343,13847.0,0.331555,1.0
13871.0,0.402311,0.395259,0.405349,0.405349,13.055858,3.767557,3.769318,5.0,5.0,17.991466,30.0,1.0,1.0,1.0,0.343343,13857.0,0.330873,1.0
13881.0,0.402045,0.394987,0.405059,0.405059,13.055835,3.763606,3.765455,5.0,5.0,17.94526,30.0,1.0,1.0,1.0,0.343343,13867.0,0.335717,1.0
13891.0,0.401778,0.394715,0.404772,0.404772,13.055247,3.78821,3.789959,5.0,5.0,18.230545,30.0,1.0,1.0,1.0,0.343343,13877.0,0.338337,1.0
13901.0,0.40151,0.394442,0.40448,0.40448,13.054307,3.830464,3.832279,5.0,5.0,18.720662,30.0,1.0,1.0,1.0,0.343343,13887.0,0.325662,1.0
13911.0,0.401243,0.39417,0.404192,0.404192,13.055104,3.784495,3.78618,5.0,5.0,18.186686,30.0,1.0,1.0,1.0,0.343343,13897.0,0.339787,1.0
13921.0,0.400978,0.393899,0.403907,0.403907,13.055659,3.751242,3.752975,5.0,5.0,17.800302,30.0,1.0,1.0,1.0,0.343452,13907.0,0.33123,1.0
13931.0,0.400711,0.393627,0.403622,0.403622,13.055036,3.777812,3.779576,5.0,5.0,18.108423,30.0,1.0,1.0,1.0,0.343452,13916.0,0.335582,1.0
13941.0,0.400444,0.393355,0.403335,0.403335,13.054917,3.778489,3.780324,5.0,5.0,18.115931,30.0,1.0,1.0,1.0,0.343452,13926.0,0.333697,1.0
13951.0,0.400178,0.393084,0.403048,0.403048,13.054306,3.804608,3.806364,5.0,5.0,18.418789,30.0,1.0,1.0,1.0,0.343452,13936.0,0.326544,1.0
13961.0,0.399912,0.392812,0.402761,0.402761,13.055619,3.7322,3.734058,5.0,5.0,17.577837,30.0,1.0,1.0,1.0,0.343452,13946.0,0.321449,1.0
13971.0,0.399645,0.39254,0.402472,0.402472,13.055379,3.739239,3.741056,5.0,5.0,17.65922,30.0,1.0,1.0,1.0,0.343452,13956.0,0.347434,1.0
13981.0,0.399378,0.392268,0.402182,0.402182,13.053911,3.808555,3.810372,5.0,5.0,18.463526,30.0,1.0,1.0,1.0,0.343598,13966.0,0.334103,1.0
13991.0,0.399109,0.391994,0.40189,0.40189,13.054136,3.790978,3.792721,5.0,5.0,18.259096,30.0,1.0,1.0,1.0,0.343598,13976.0,0.341984,1.0
14001.0,0.398841,0.39172,0.401599,0.401599,13.052283,3.879571,3.881411,5.0,5.0,19.286937,30.0,1.0,1.0,1.0,0.343598,13986.0,0.341519,1.0
14011.0,0.398573,0.391447,0.40131,0.40131,13.054252,3.773522,3.775215,5.0,5.0,18.055694,30.0,1.0,1.0,1.0,0.343598,13996.0,0.330645,1.0
14021.0,0.398308,0.391177,0.401024,0.401024,13.053642,3.799782,3.801691,5.0,5.0,18.360196,30.0,1.0,1.0,1.0,0.343598,14006.0,0.327133,1.0
14031.0,0.398041,0.390905,0.400737,0.400737,13.054903,3.730283,3.732064,5.0,5.0,17.553065,30.0,1.0,1.0,1.0,0.343598,14016.0,0.331272,1.0
14041.0,0.397774,0.390632,0.400449,0.400449,13.054769,3.73142,3.73331,5.0,5.0,17.565889,30.0,1.0,1.0,1.0,0.34365,14026.0,0.325197,1.0
14051.0,0.397507,0.39036,0.400165,0.400165,13.053498,3.79088,3.792638,5.0,5.0,18.25578,30.0,1.0,1.0,1.0,0.34365,14036.0,0.340418,1.0
14061.0,0.397239,0.390088,0.399876,0.399876,13.053884,3.765622,3.767428,5.0,5.0,17.962219,30.0,1.0,1.0,1.0,0.34365,14046.0,0.334061,1.0
14071.0,0.396974,0.389817,0.39959,0.39959,13.054601,3.724086,3.725897,5.0,5.0,17.479704,30.0,1.0,1.0,1.0,0.34365,14056.0,0.332001,1.0
14081.0,0.396706,0.389544,0.399304,0.399304,13.053823,3.758206,3.759932,5.0,5.0,17.875443,30.0,1.0,1.0,1.0,0.34365,14066.0,0.332737,1.0
14091.0,0.396439,0.389271,0.399015,0.399015,13.05346,3.771106,3.772973,5.0,5.0,18.024817,30.0,1.0,1.0,1.0,0.34365,14076.0,0.336956,1.0
14101.0,0.396173,0.389,0.398732,0.398732,13.052901,3.794463,3.796313,5.0,5.0,18.29559,30.0,1.0,1.0,1.0,0.342689,14086.0,0.331966,1.0
14111.0,0.395905,0.388727,0.398444,0.398444,13.053187,3.774154,3.775901,5.0,5.0,18.059479,30.0,1.0,1.0,1.0,0.342689,14096.0,0.333108,1.0
14121.0,0.395637,0.388454,0.398152,0.398152,13.053681,3.743142,3.745043,5.0,5.0,17.699105,30.0,1.0,1.0,1.0,0.342689,14106.0,0.325445,1.0
14131.0,0.39537,0.388181,0.397863,0.397863,13.05351,3.746409,3.748137,5.0,5.0,17.736675,30.0,1.0,1.0,1.0,0.342689,14116.0,0.332754,1.0
14141.0,0.395102,0.387908,0.397578,0.397578,13.053027,3.765198,3.766992,5.0,5.0,17.954393,30.0,1.0,1.0,1.0,0.342689,14126.0,0.341261,1.0
14151.0,0.394834,0.387635,0.397291,0.397291,13.05186,3.819124,3.820858,5.0,5.0,18.579905,30.0,1.0,1.0,1.0,0.342689,14136.0,0.336433,1.0
14161.0,0.394566,0.387362,0.397005,0.397005,13.051946,3.809103,3.810891,5.0,5.0,18.46323,30.0,1.0,1.0,1.0,0.342709,14146.0,0.338998,1.0
14171.0,0.3943,0.38709,0.396716,0.396716,13.053003,3.749796,3.751667,5.0,5.0,17.774509,30.0,1.0,1.0,1.0,0.342709,14156.0,0.335602,1.0
14181.0,0.394033,0.386819,0.39643,0.39643,13.05215,3.788269,3.79025,5.0,5.0,18.220735,30.0,1.0,1.0,1.0,0.342709,14166.0,0.334871,1.0
14191.0,0.393765,0.386545,0.396144,0.396144,13.052493,3.764973,3.76666,5.0,5.0,17.949961,30.0,1.0,1.0,1.0,0.342709,14176.0,0.324138,1.0
14201.0,0.393498,0.386273,0.39586,0.39586,13.052263,3.77138,3.773222,5.0,5.0,18.023976,30.0,1.0,1.0,1.0,0.342709,14185.0,0.3387,1.0
14211.0,0.393231,0.386,0.395574,0.395574,13.051658,3.796612,3.798286,5.0,5.0,18.316458,30.0,1.0,1.0,1.0,0.342709,14195.0,0.334876,1.0
14221.0,0.392964,0.385728,0.395286,0.395286,13.051654,3.791307,3.792991,5.0,5.0,18.254522,30.0,1.0,1.0,1.0,0.342827,14205.0,0.337623,1.0
14231.0,0.392696,0.385456,0.395,0.395,13.051703,3.783412,3.785079,5.0,5.0,18.162525,30.0,1.0,1.0,1.0,0.342827,14215.0,0.33743,1.0
14241.0,0.392429,0.385183,0.394713,0.394713,13.053064,3.708414,3.710323,5.0,5.0,17.291641,30.0,1.0,1.0,1.0,0.342827,14225.0,0.324021,1.0
14251.0,0.392162,0.38491,0.394427,0.394427,13.052456,3.733926,3.735657,5.0,5.0,17.587429,30.0,1.0,1.0,1.0,0.342827,14235.0,0.334073,1.0
14261.0,0.391894,0.384637,0.39414,0.39414,13.052242,3.739152,3.740973,5.0,5.0,17.647718,30.0,1.0,1.0,1.0,0.342827,14245.0,0.328256,1.0
14271.0,0.391626,0.384364,0.393852,0.393852,13.051825,3.754847,3.756609,5.0,5.0,17.829519,30.0,1.0,1.0,1.0,0.342827,14255.0,0.336373,1.0
14281.0,0.391361,0.384094,0.393572,0.393572,13.051271,3.77824,3.780095,5.0,5.0,18.100702,30.0,1.0,1.0,1.0,0.342953,14265.0,0.320676,1.0
14291.0,0.391094,0.383821,0.393291,0.393291,13.050643,3.80497,3.806738,5.0,5.0,18.410558,30.0,1.0,1.0,1.0,0.342953,14274.0,0.340189,1.0
14301.0,0.390827,0.38355,0.393006,0.393006,13.051535,3.75423,3.756069,5.0,5.0,17.821346,30.0,1.0,1.0,1.0,0.342953,14284.0,0.331479,1.0
14311.0,0.390561,0.383278,0.392721,0.392721,13.051326,3.759594,3.761406,5.0,5.0,17.883251,30.0,1.0,1.0,1.0,0.342953,14294.0,0.330012,1.0
14321.0,0.390293,0.383005,0.392437,0.392437,13.050867,3.777337,3.779244,5.0,5.0,18.088794,30.0,1.0,1.0,1.0,0.342953,14303.0,0.335026,1.0
14331.0,0.390026,0.382733,0.392155,0.392155,13.050927,3.768991,3.770792,5.0,5.0,17.991593,30.0,1.0,1.0,1.0,0.342953,14313.0,0.335171,1.0
14341.0,0.389759,0.38246,0.391871,0.391871,13.049935,3.814013,3.815895,5.0,5.0,18.513684,30.0,1.0,1.0,1.0,0.343095,14323.0,0.320127,1.0
14351.0,0.389492,0.382188,0.391585,0.391585,13.051466,3.730636,3.73248,5.0,5.0,17.545725,30.0,1.0,1.0,1.0,0.343095,14333.0,0.331935,1.0
14361.0,0.389226,0.381917,0.391303,0.391303,13.051682,3.714603,3.716407,5.0,5.0,17.359297,30.0,1.0,1.0,1.0,0.343095,14343.0,0.334769,1.0
14371.0,0.388959,0.381645,0.391019,0.391019,13.050694,3.759501,3.761282,5.0,5.0,17.880044,30.0,1.0,1.0,1.0,0.343095,14353.0,0.333245,1.0
14381.0,0.388691,0.381371,0.390735,0.390735,13.050093,3.78436,3.786263,5.0,5.0,18.16814,30.0,1.0,1.0,1.0,0.343095,14363.0,0.331852,1.0
14391.0,0.388424,0.381099,0.390449,0.390449,13.051259,3.71927,3.720955,5.0,5.0,17.412363,30.0,1.0,1.0,1.0,0.343095,14373.0,0.339383,1.0
14401.0,0.388156,0.380826,0.390168,0.390168,13.050207,3.767199,3.769048,5.0,5.0,17.968242,30.0,1.0,1.0,1.0,0.34211,14383.0,0.333799,1.0
14411.0,0.387887,0.380552,0.389883,0.389883,13.049353,3.804869,3.806634,5.0,5.0,18.404984,30.0,1.0,1.0,1.0,0.34211,14393.0,0.329759,1.0
14421.0,0.38762,0.380279,0.389597,0.389597,13.050162,3.757977,3.759703,5.0,5.0,17.86047,30.0,1.0,1.0,1.0,0.34211,14403.0,0.332885,1.0
14431.0,0.387352,0.380006,0.389314,0.389314,13.049948,3.763205,3.765019,5.0,5.0,17.920761,30.0,1.0,1.0,1.0,0.34211,14413.0,0.338076,1.0
14441.0,0.387085,0.379734,0.389033,0.389033,13.050653,3.72196,3.723862,5.0,5.0,17.441749,30.0,1.0,1.0,1.0,0.34211,14423.0,0.329686,1.0
14451.0,0.386818,0.379462,0.388751,0.388751,13.04905,3.798343,3.800279,5.0,5.0,18.327802,30.0,1.0,1.0,1.0,0.34211,14433.0,0.335988,1.0
14461.0,0.38655,0.379188,0.388467,0.388467,13.049225,3.783699,3.785557,5.0,5.0,18.15749,30.0,1.0,1.0,1.0,0.34219,14443.0,0.327753,1.0
14471.0,0.386283,0.378916,0.388184,0.388184,13.049857,3.74603,3.747867,5.0,5.0,17.720011,30.0,1.0,1.0,1.0,0.34219,14453.0,0.33834,1.0
14481.0,0.386015,0.378643,0.387901,0.387901,13.048285,3.820531,3.822416,5.0,5.0,18.584115,30.0,1.0,1.0,1.0,0.34219,14463.0,0.332014,1.0
14491.0,0.385746,0.378369,0.387616,0.387616,13.049264,3.764789,3.766515,5.0,5.0,17.936941,30.0,1.0,1.0,1.0,0.34219,14473.0,0.345051,1.0
14501.0,0.385479,0.378097,0.387332,0.387332,13.048197,3.813799,3.815459,5.0,5.0,18.505266,30.0,1.0,1.0,1.0,0.34219,14483.0,0.334356,1.0
14511.0,0.385212,0.377825,0.387049,0.387049,13.048711,3.782221,3.784186,5.0,5.0,18.13851,30.0,1.0,1.0,1.0,0.34219,14493.0,0.335994,1.0
14521.0,0.384946,0.377553,0.386769,0.386769,13.0481,3.808318,3.810247,5.0,5.0,18.440969,30.0,1.0,1.0,1.0,0.342328,14503.0,0.328038,1.0
14531.0,0.384678,0.37728,0.386488,0.386488,13.048306,3.792047,3.793904,5.0,5.0,18.251795,30.0,1.0,1.0,1.0,0.342328,14513.0,0.336022,1.0
14541.0,0.384411,0.377007,0.386209,0.386209,13.048508,3.776304,3.778309,5.0,5.0,18.068772,30.0,1.0,1.0,1.0,0.342328,14523.0,0.330189,1.0
14551.0,0.384144,0.376735,0.385928,0.385928,13.048254,3.784122,3.785993,5.0,5.0,18.159143,30.0,1.0,1.0,1.0,0.342328,14533.0,0.337994,1.0
14561.0,0.383878,0.376464,0.385646,0.385646,13.048918,3.745211,3.746912,5.0,5.0,17.707309,30.0,1.0,1.0,1.0,0.342328,14543.0,0.332468,1.0
14571.0,0.383611,0.376192,0.385367,0.385367,13.049224,3.724411,3.726084,5.0,5.0,17.46559,30.0,1.0,1.0,1.0,0.342328,14553.0,0.330831,1.0
14581.0,0.383343,0.375919,0.385084,0.385084,13.048531,3.753878,3.755696,5.0,5.0,17.807149,30.0,1.0,1.0,1.0,0.34248,14563.0,0.342064,1.0
14591.0,0.383075,0.375645,0.384801,0.384801,13.048228,3.763588,3.765352,5.0,5.0,17.919439,30.0,1.0,1.0,1.0,0.34248,14573.0,0.331929,1.0
14601.0,0.382807,0.375373,0.384518,0.384518,13.049242,3.706249,3.707997,5.0,5.0,17.253694,30.0,1.0,1.0,1.0,0.34248,14583.0,0.337537,1.0
14611.0,0.38254,0.3751,0.384237,0.384237,13.048836,3.721457,3.723177,5.0,5.0,17.429823,30.0,1.0,1.0,1.0,0.34248,14593.0,0.330944,1.0
14621.0,0.382272,0.374827,0.383953,0.383953,13.047384,3.789914,3.791724,5.0,5.0,18.223791,30.0,1.0,1.0,1.0,0.34248,14603.0,0.335904,1.0
14631.0,0.382005,0.374555,0.383672,0.383672,13.047366,3.785596,3.787363,5.0,5.0,18.173335,30.0,1.0,1.0,1.0,0.34248,14613.0,0.32928,1.0
14641.0,0.381737,0.374281,0.383392,0.383392,13.045676,3.866027,3.867747,5.0,5.0,19.106009,30.0,1.0,1.0,1.0,0.342584,14623.0,0.347663,1.0
14651.0,0.38147,0.374009,0.38311,0.38311,13.047378,3.773702,3.775402,5.0,5.0,18.034593,30.0,1.0,1.0,1.0,0.342584,14633.0,0.339791,1.0
14661.0,0.381202,0.373736,0.382826,0.382826,13.047109,3.781787,3.783522,5.0,5.0,18.128026,30.0,1.0,1.0,1.0,0.342584,14643.0,0.34329,1.0
14671.0,0.380934,0.373463,0.382542,0.382542,13.046746,3.794689,3.796355,5.0,5.0,18.277337,30.0,1.0,1.0,1.0,0.342584,14653.0,0.330615,1.0
14681.0,0.380666,0.373189,0.38226,0.38226,13.047058,3.772943,3.774738,5.0,5.0,18.024658,30.0,1.0,1.0,1.0,0.342584,14663.0,0.331786,1.0
14691.0,0.380399,0.372918,0.381982,0.381982,13.046989,3.771434,3.773346,5.0,5.0,18.006818,30.0,1.0,1.0,1.0,0.342584,14673.0,0.340267,1.0
14701.0,0.380133,0.372645,0.381701,0.381701,13.046302,3.801242,3.803124,5.0,5.0,18.35228,30.0,1.0,1.0,1.0,0.34163,14683.0,0.325086,1.0
14711.0,0.379866,0.372374,0.381421,0.381421,13.047477,3.736229,3.73792,5.0,5.0,17.597678,30.0,1.0,1.0,1.0,0.34163,14693.0,0.335525,1.0
14721.0,0.379599,0.372101,0.381137,0.381137,13.046859,3.762159,3.76396,5.0,5.0,17.898156,30.0,1.0,1.0,1.0,0.34163,14703.0,0.34122,1.0
14731.0,0.37933,0.371827,0.380854,0.380854,13.045725,3.814047,3.815854,5.0,5.0,18.499725,30.0,1.0,1.0,1.0,0.34163,14713.0,0.33413,1.0
14741.0,0.379062,0.371554,0.380573,0.380573,13.046125,3.788114,3.790063,5.0,5.0,18.198513,30.0,1.0,1.0,1.0,0.34163,14723.0,0.334726,1.0
14751.0,0.378796,0.371282,0.380293,0.380293,13.046124,3.783008,3.784768,5.0,5.0,18.138937,30.0,1.0,1.0,1.0,0.34163,14733.0,0.332367,1.0
14761.0,0.378527,0.371009,0.380012,0.380012,13.046051,3.780884,3.782546,5.0,5.0,18.113911,30.0,1.0,1.0,1.0,0.341758,14743.0,0.323209,1.0
14771.0,0.378261,0.370737,0.379728,0.379728,13.046785,3.738186,3.739935,5.0,5.0,17.61819,30.0,1.0,1.0,1.0,0.341758,14753.0,0.326259,1.0
14781.0,0.377993,0.370464,0.379449,0.379449,13.046628,3.740754,3.742572,5.0,5.0,17.647631,30.0,1.0,1.0,1.0,0.341758,14763.0,0.346948,1.0
14791.0,0.377726,0.370192,0.379169,0.379169,13.045735,3.780883,3.78267,5.0,5.0,18.112835,30.0,1.0,1.0,1.0,0.341758,14773.0,0.330049,1.0
14801.0,0.377458,0.369918,0.378889,0.378889,13.04537,3.793714,3.795586,5.0,5.0,18.261298,30.0,1.0,1.0,1.0,0.341758,14783.0,0.334176,1.0
14811.0,0.37719,0.369646,0.378608,0.378608,13.044871,3.813763,3.815542,5.0,5.0,18.493501,30.0,1.0,1.0,1.0,0.341758,14793.0,0.333243,1.0
14821.0,0.376923,0.369373,0.378325,0.378325,13.045513,3.775559,3.77723,5.0,5.0,18.04997,30.0,1.0,1.0,1.0,0.341884,14803.0,0.336228,1.0
14831.0,0.376657,0.369102,0.378045,0.378045,13.045918,3.749958,3.751854,5.0,5.0,17.752645,30.0,1.0,1.0,1.0,0.341884,14813.0,0.336529,1.0
14841.0,0.376389,0.368829,0.377764,0.377764,13.045353,3.773195,3.77507,5.0,5.0,18.021847,30.0,1.0,1.0,1.0,0.341884,14823.0,0.338632,1.0
14851.0,0.376122,0.368557,0.377486,0.377486,13.046351,3.717024,3.718837,5.0,5.0,17.369833,30.0,1.0,1.0,1.0,0.341884,14833.0,0.338584,1.0
14861.0,0.375854,0.368283,0.377207,0.377207,13.044587,3.80119,3.803,5.0,5.0,18.345856,30.0,1.0,1.0,1.0,0.341884,14843.0,0.337032,1.0
14871.0,0.375585,0.368009,0.376925,0.376925,13.045398,3.753859,3.755633,5.0,5.0,17.79641,30.0,1.0,1.0,1.0,0.341884,14853.0,0.338472,1.0
14881.0,0.375317,0.367736,0.376647,0.376647,13.044228,3.8078,3.809499,5.0,5.0,18.42174,30.0,1.0,1.0,1.0,0.342021,14863.0,0.338208,1.0
14891.0,0.375049,0.367462,0.376365,0.376365,13.044767,3.774576,3.77642,5.0,5.0,18.035978,30.0,1.0,1.0,1.0,0.342021,14873.0,0.337463,1.0
14901.0,0.374782,0.36719,0.376086,0.376086,13.045047,3.755161,3.757149,5.0,5.0,17.81042,30.0,1.0,1.0,1.0,0.342021,14883.0,0.338024,1.0
14911.0,0.374515,0.366917,0.375805,0.375805,13.045596,3.721632,3.723426,5.0,5.0,17.421086,30.0,1.0,1.0,1.0,0.342021,14893.0,0.33664,1.0
14921.0,0.374248,0.366646,0.375528,0.375528,13.044324,3.781403,3.783127,5.0,5.0,18.114132,30.0,1.0,1.0,1.0,0.342021,14903.0,0.332655,1.0
14931.0,0.373981,0.366373,0.375247,0.375247,13.044661,3.75883,3.7607,5.0,5.0,17.851932,30.0,1.0,1.0,1.0,0.342021,14913.0,0.328299,1.0
14941.0,0.373713,0.3661,0.374972,0.374972,13.044134,3.780191,3.782006,5.0,5.0,18.099341,30.0,1.0,1.0,1.0,0.342182,14922.0,0.32354,1.0
14951.0,0.373447,0.365829,0.374691,0.374691,13.044453,3.758832,3.760679,5.0,5.0,17.851257,30.0,1.0,1.0,1.0,0.342182,14932.0,0.318165,1.0
14961.0,0.373179,0.365556,0.374408,0.374408,13.044442,3.753764,3.755467,5.0,5.0,17.792094,30.0,1.0,1.0,1.0,0.342182,14942.0,0.338455,1.0
14971.0,0.372911,0.365283,0.374128,0.374128,13.044517,3.744468,3.74633,5.0,5.0,17.683902,30.0,1.0,1.0,1.0,0.342182,14952.0,0.332604,1.0
14981.0,0.372643,0.365009,0.373847,0.373847,13.043533,3.788885,3.790686,5.0,5.0,18.198728,30.0,1.0,1.0,1.0,0.342182,14962.0,0.331722,1.0
14991.0,0.372374,0.364735,0.373566,0.373566,13.043393,3.789975,3.791911,5.0,5.0,18.210964,30.0,1.0,1.0,1.0,0.342182,14972.0,0.32898,1.0
15001.0,0.372107,0.364463,0.373288,0.373288,13.044694,3.718501,3.720186,5.0,5.0,17.381563,30.0,1.0,1.0,1.0,0.341224,14982.0,0.338463,1.0
15011.0,0.371839,0.36419,0.373012,0.373012,13.043484,3.774537,3.776357,5.0,5.0,18.031194,30.0,1.0,1.0,1.0,0.341224,14992.0,0.337515,1.0
15021.0,0.371572,0.363917,0.372731,0.372731,13.043808,3.752577,3.754242,5.0,5.0,17.776111,30.0,1.0,1.0,1.0,0.341224,15002.0,0.333675,1.0
15031.0,0.371305,0.363645,0.372453,0.372453,13.044237,3.725322,3.727184,5.0,5.0,17.459603,30.0,1.0,1.0,1.0,0.341224,15012.0,0.335847,1.0
15041.0,0.371036,0.363371,0.372174,0.372174,13.042069,3.830303,3.832238,5.0,5.0,18.676861,30.0,1.0,1.0,1.0,0.341224,15022.0,0.318227,1.0
15051.0,0.370769,0.363098,0.371895,0.371895,13.042624,3.796343,3.798224,5.0,5.0,18.282643,30.0,1.0,1.0,1.0,0.341224,15032.0,0.332788,1.0
15061.0,0.3705,0.362825,0.371616,0.371616,13.042973,3.772834,3.774551,5.0,5.0,18.009599,30.0,1.0,1.0,1.0,0.341356,15042.0,0.323242,1.0
15071.0,0.370234,0.362553,0.371339,0.371339,13.042375,3.798198,3.800051,5.0,5.0,18.303431,30.0,1.0,1.0,1.0,0.341356,15052.0,0.336233,1.0
15081.0,0.369965,0.362279,0.37106,0.37106,13.042488,3.786749,3.78863,5.0,5.0,18.17027,30.0,1.0,1.0,1.0,0.341356,15062.0,0.326147,1.0
15091.0,0.369698,0.362006,0.370781,0.370781,13.042262,3.79274,3.794486,5.0,5.0,18.239386,30.0,1.0,1.0,1.0,0.341356,15072.0,0.34003,1.0
15101.0,0.369431,0.361735,0.370504,0.370504,13.042127,3.794655,3.796521,5.0,5.0,18.261269,30.0,1.0,1.0,1.0,0.341356,15082.0,0.337016,1.0
15111.0,0.369163,0.361461,0.370223,0.370223,13.04259,3.765274,3.767013,5.0,5.0,17.92013,30.0,1.0,1.0,1.0,0.341356,15092.0,0.338765,1.0
15121.0,0.368896,0.361189,0.369947,0.369947,13.041539,3.8138,3.815874,5.0,5.0,18.482569,30.0,1.0,1.0,1.0,0.341532,15102.0,0.320476,1.0
15131.0,0.368628,0.360915,0.369667,0.369667,13.041645,3.802472,3.804204,5.0,5.0,18.350802,30.0,1.0,1.0,1.0,0.341532,15112.0,0.337465,1.0
15141.0,0.36836,0.360643,0.369386,0.369386,13.042522,3.752326,3.754284,5.0,5.0,17.76888,30.0,1.0,1.0,1.0,0.341532,15122.0,0.331764,1.0
15151.0,0.368093,0.360371,0.36911,0.36911,13.042003,3.773605,3.775423,5.0,5.0,18.015324,30.0,1.0,1.0,1.0,0.341532,15132.0,0.328713,1.0
15161.0,0.367826,0.360098,0.368832,0.368832,13.041315,3.803418,3.805139,5.0,5.0,18.360716,30.0,1.0,1.0,1.0,0.341532,15142.0,0.342619,1.0
15171.0,0.36756,0.359827,0.368557,0.368557,13.042166,3.754981,3.756713,5.0,5.0,17.798642,30.0,1.0,1.0,1.0,0.341532,15152.0,0.329029,1.0
15181.0,0.367293,0.359554,0.36828,0.36828,13.041999,3.758147,3.760015,5.0,5.0,17.835012,30.0,1.0,1.0,1.0,0.341713,15162.0,0.334924,1.0
15191.0,0.367026,0.359282,0.368007,0.368007,13.042836,3.710247,3.712005,5.0,5.0,17.279104,30.0,1.0,1.0,1.0,0.341713,15172.0,0.332467,1.0
15201.0,0.366759,0.35901,0.367728,0.367728,13.041219,3.787381,3.789128,5.0,5.0,18.173346,30.0,1.0,1.0,1.0,0.341713,15182.0,0.329514,1.0
15211.0,0.36649,0.358736,0.367449,0.367449,13.041576,3.763216,3.76504,5.0,5.0,17.892718,30.0,1.0,1.0,1.0,0.341713,15192.0,0.340893,1.0
15221.0,0.366222,0.358463,0.367172,0.367172,13.040454,3.814861,3.816518,5.0,5.0,18.491232,30.0,1.0,1.0,1.0,0.341713,15202.0,0.337755,1.0
15231.0,0.365955,0.35819,0.366892,0.366892,13.042105,3.725061,3.726873,5.0,5.0,17.449459,30.0,1.0,1.0,1.0,0.341713,15212.0,0.330522,1.0
15241.0,0.365687,0.357917,0.366616,0.366616,13.041504,3.750248,3.752041,5.0,5.0,17.741224,30.0,1.0,1.0,1.0,0.341845,15222.0,0.326683,1.0
15251.0,0.36542,0.357644,0.366338,0.366338,13.041598,3.740045,3.741845,5.0,5.0,17.622536,30.0,1.0,1.0,1.0,0.341845,15232.0,0.331383,1.0
15261.0,0.365152,0.357371,0.36606,0.36606,13.041272,3.751114,3.753038,5.0,5.0,17.750547,30.0,1.0,1.0,1.0,0.341845,15242.0,0.332483,1.0
15271.0,0.364884,0.357098,0.365783,0.365783,13.040103,3.805163,3.806883,5.0,5.0,18.376941,30.0,1.0,1.0,1.0,0.341845,15252.0,0.337071,1.0
15281.0,0.364616,0.356825,0.365505,0.365505,13.040051,3.802171,3.803872,5.0,5.0,18.341864,30.0,1.0,1.0,1.0,0.341845,15262.0,0.34218,1.0
15291.0,0.364348,0.356552,0.365228,0.365228,13.040193,3.789388,3.791267,5.0,5.0,18.193279,30.0,1.0,1.0,1.0,0.341845,15272.0,0.345656,1.0
15301.0,0.364081,0.35628,0.364951,0.364951,13.040417,3.772639,3.774405,5.0,5.0,17.998711,30.0,1.0,1.0,1.0,0.340916,15282.0,0.336727,1.0
15311.0,0.363814,0.356007,0.364675,0.364675,13.040794,3.747899,3.749736,5.0,5.0,17.711445,30.0,1.0,1.0,1.0,0.340916,15292.0,0.324838,1.0
15321.0,0.363545,0.355733,0.364395,0.364395,13.040204,3.772078,3.773824,5.0,5.0,17.99144,30.0,1.0,1.0,1.0,0.340916,15302.0,0.333005,1.0
15331.0,0.363277,0.35546,0.364119,0.364119,13.040726,3.740075,3.741845,5.0,5.0,17.619969,30.0,1.0,1.0,1.0,0.340916,15312.0,0.332357,1.0
15341.0,0.363011,0.355188,0.363844,0.363844,13.040435,3.749819,3.751439,5.0,5.0,17.732638,30.0,1.0,1.0,1.0,0.340916,15322.0,0.332751,1.0
15351.0,0.362745,0.354917,0.363566,0.363566,13.040762,3.728318,3.730071,5.0,5.0,17.482971,30.0,1.0,1.0,1.0,0.340916,15332.0,0.334268,1.0
15361.0,0.362478,0.354646,0.363287,0.363287,13.04056,3.733487,3.735387,5.0,5.0,17.542579,30.0,1.0,1.0,1.0,0.341096,15342.0,0.321388,1.0
15371.0,0.362212,0.354373,0.36301,0.36301,13.038686,3.82388,3.825655,5.0,5.0,18.590376,30.0,1.0,1.0,1.0,0.341096,15352.0,0.325381,1.0
15381.0,0.361942,0.354099,0.362729,0.362729,13.039638,3.769144,3.771062,5.0,5.0,17.955322,30.0,1.0,1.0,1.0,0.341096,15362.0,0.333149,1.0
15391.0,0.361674,0.353826,0.362454,0.362454,13.039843,3.753055,3.754865,5.0,5.0,17.76839,30.0,1.0,1.0,1.0,0.341096,15372.0,0.323615,1.0
15401.0,0.361408,0.353554,0.362178,0.362178,13.039215,3.779897,3.781715,5.0,5.0,18.07929,30.0,1.0,1.0,1.0,0.341096,15382.0,0.332811,1.0
15411.0,0.361139,0.35328,0.361898,0.361898,13.0385,3.810533,3.81249,5.0,5.0,18.434105,30.0,1.0,1.0,1.0,0.341096,15392.0,0.329514,1.0
15421.0,0.360871,0.353007,0.361621,0.361621,13.039484,3.754633,3.756339,5.0,5.0,17.785581,30.0,1.0,1.0,1.0,0.341228,15402.0,0.338873,1.0
15431.0,0.360603,0.352734,0.361343,0.361343,13.038234,3.812915,3.814857,5.0,5.0,18.460968,30.0,1.0,1.0,1.0,0.341228,15412.0,0.334869,1.0
15441.0,0.360336,0.352461,0.361068,0.361068,13.039513,3.742173,3.744005,5.0,5.0,17.640376,30.0,1.0,1.0,1.0,0.341228,15422.0,0.332221,1.0
15451.0,0.360067,0.352187,0.360791,0.360791,13.038838,3.770863,3.77264,5.0,5.0,17.972668,30.0,1.0,1.0,1.0,0.341228,15432.0,0.330355,1.0
15461.0,0.359801,0.351916,0.360518,0.360518,13.040175,3.697719,3.6994,5.0,5.0,17.124164,30.0,1.0,1.0,1.0,0.341228,15441.0,0.331424,1.0
15471.0,0.359533,0.351643,0.360243,0.360243,13.038387,3.783381,3.785224,5.0,5.0,18.117117,30.0,1.0,1.0,1.0,0.341228,15451.0,0.324753,1.0
15481.0,0.359265,0.351369,0.359963,0.359963,13.037349,3.830634,3.832466,5.0,5.0,18.664543,30.0,1.0,1.0,1.0,0.341394,15461.0,0.341983,1.0
15491.0,0.358998,0.351097,0.359688,0.359688,13.038586,3.762261,3.764106,5.0,5.0,17.871512,30.0,1.0,1.0,1.0,0.341394,15471.0,0.331369,1.0
15501.0,0.35873,0.350824,0.35941,0.35941,13.03857,3.757486,3.759371,5.0,5.0,17.815782,30.0,1.0,1.0,1.0,0.341394,15481.0,0.335603,1.0
15511.0,0.358462,0.350551,0.359134,0.359134,13.03858,3.751359,3.753225,5.0,5.0,17.744367,30.0,1.0,1.0,1.0,0.341394,15491.0,0.330972,1.0
15521.0,0.358194,0.350277,0.358857,0.358857,13.038115,3.769244,3.770958,5.0,5.0,17.951356,30.0,1.0,1.0,1.0,0.341394,15501.0,0.339959,1.0
15531.0,0.357927,0.350005,0.358584,0.358584,13.038055,3.767158,3.769027,5.0,5.0,17.926824,30.0,1.0,1.0,1.0,0.341394,15511.0,0.324739,1.0
15541.0,0.35766,0.349733,0.358311,0.358311,13.036783,3.826935,3.828791,5.0,5.0,18.619482,30.0,1.0,1.0,1.0,0.34157,15521.0,0.330184,1.0
15551.0,0.357392,0.34946,0.358033,0.358033,13.038066,3.755928,3.757648,5.0,5.0,17.795916,30.0,1.0,1.0,1.0,0.34157,15531.0,0.329375,1.0
15561.0,0.357126,0.349188,0.357758,0.357758,13.038462,3.730695,3.732521,5.0,5.0,17.50302,30.0,1.0,1.0,1.0,0.34157,15541.0,0.331884,1.0
15571.0,0.356858,0.348915,0.35748,0.35748,13.037749,3.761341,3.763296,5.0,5.0,17.85797,30.0,1.0,1.0,1.0,0.34157,15551.0,0.331118,1.0
15581.0,0.35659,0.348641,0.357208,0.357208,13.037634,3.761492,3.763275,5.0,5.0,17.859348,30.0,1.0,1.0,1.0,0.34157,15561.0,0.333072,1.0
15591.0,0.356323,0.348369,0.356934,0.356934,13.037903,3.74248,3.744295,5.0,5.0,17.638576,30.0,1.0,1.0,1.0,0.34157,15571.0,0.338935,1.0
15601.0,0.356055,0.348096,0.35666,0.35666,13.037478,3.758693,3.760534,5.0,5.0,17.826189,30.0,1.0,1.0,1.0,0.34065,15581.0,0.328097,1.0
15611.0,0.355787,0.347823,0.356383,0.356383,13.037593,3.747157,3.74903,5.0,5.0,17.692064,30.0,1.0,1.0,1.0,0.34065,15591.0,0.329904,1.0
15621.0,0.355519,0.34755,0.356107,0.356107,13.037516,3.745469,3.747348,5.0,5.0,17.672123,30.0,1.0,1.0,1.0,0.34065,15601.0,0.332183,1.0
15631.0,0.355252,0.347278,0.355836,0.355836,13.036788,3.777483,3.779348,5.0,5.0,18.042939,30.0,1.0,1.0,1.0,0.34065,15611.0,0.343153,1.0
15641.0,0.354985,0.347006,0.355565,0.355565,13.03714,3.754312,3.756152,5.0,5.0,17.773971,30.0,1.0,1.0,1.0,0.34065,15620.0,0.340776,1.0
15651.0,0.354718,0.346733,0.355288,0.355288,13.037429,3.734136,3.735698,5.0,5.0,17.539693,30.0,1.0,1.0,1.0,0.34065,15630.0,0.322526,1.0
15661.0,0.35445,0.346459,0.355013,0.355013,13.036629,3.769229,3.770958,5.0,5.0,17.94617,30.0,1.0,1.0,1.0,0.340825,15640.0,0.320738,1.0
15671.0,0.354182,0.346186,0.354739,0.354739,13.036211,3.784959,3.786699,5.0,5.0,18.128144,30.0,1.0,1.0,1.0,0.340825,15650.0,0.333003,1.0
15681.0,0.353914,0.345913,0.354462,0.354462,13.036137,3.783243,3.785204,5.0,5.0,18.107892,30.0,1.0,1.0,1.0,0.340825,15660.0,0.330917,1.0
15691.0,0.353646,0.34564,0.354188,0.354188,13.03524,3.823294,3.82526,5.0,5.0,18.57175,30.0,1.0,1.0,1.0,0.340825,15670.0,0.343073,1.0
15701.0,0.353378,0.345367,0.353915,0.353915,13.036723,3.742231,3.744025,5.0,5.0,17.631715,30.0,1.0,1.0,1.0,0.340825,15680.0,0.335852,1.0
15711.0,0.35311,0.345094,0.353642,0.353642,13.036258,3.760264,3.762154,5.0,5.0,17.840402,30.0,1.0,1.0,1.0,0.340825,15690.0,0.325896,1.0
15721.0,0.352843,0.344821,0.353366,0.353366,13.035458,3.795789,3.797518,5.0,5.0,18.251856,30.0,1.0,1.0,1.0,0.340994,15700.0,0.344628,1.0
15731.0,0.352576,0.344549,0.353092,0.353092,13.035788,3.773698,3.775465,5.0,5.0,17.995432,30.0,1.0,1.0,1.0,0.340994,15710.0,0.32849,1.0
15741.0,0.352309,0.344277,0.352818,0.352818,13.035825,3.766577,3.768176,5.0,5.0,17.912539,30.0,1.0,1.0,1.0,0.340994,15719.0,0.333953,1.0
15751.0,0.352041,0.344004,0.352542,0.352542,13.036527,3.725232,3.727101,5.0,5.0,17.432873,30.0,1.0,1.0,1.0,0.340994,15729.0,0.335102,1.0
15761.0,0.351775,0.343732,0.35227,0.35227,13.03617,3.738301,3.74008,5.0,5.0,17.584054,30.0,1.0,1.0,1.0,0.340994,15739.0,0.337024,1.0
15771.0,0.351507,0.343459,0.351996,0.351996,13.035492,3.767301,3.76884,5.0,5.0,17.919857,30.0,1.0,1.0,1.0,0.340994,15749.0,0.325907,1.0
15781.0,0.35124,0.343187,0.351723,0.351723,13.036351,3.718443,3.720186,5.0,5.0,17.353135,30.0,1.0,1.0,1.0,0.341184,15759.0,0.315665,1.0
15791.0,0.350974,0.342916,0.351448,0.351448,13.035632,3.750147,3.751937,5.0,5.0,17.720349,30.0,1.0,1.0,1.0,0.341184,15769.0,0.322876,1.0
15801.0,0.350706,0.342642,0.35117,0.35117,13.035819,3.734827,3.736799,5.0,5.0,17.542377,30.0,1.0,1.0,1.0,0.341184,15779.0,0.322694,1.0
15811.0,0.350439,0.34237,0.350895,0.350895,13.035049,3.768751,3.770564,5.0,5.0,17.935264,30.0,1.0,1.0,1.0,0.341184,15789.0,0.332591,1.0
15821.0,0.350171,0.342097,0.35062,0.35062,13.035842,3.722781,3.724589,5.0,5.0,17.402016,30.0,1.0,1.0,1.0,0.341184,15799.0,0.335685,1.0
15831.0,0.349901,0.341822,0.350345,0.350345,13.033767,3.822243,3.824015,5.0,5.0,18.554475,30.0,1.0,1.0,1.0,0.341184,15809.0,0.335657,1.0
15841.0,0.349634,0.341549,0.350071,0.350071,13.034093,3.800283,3.802045,5.0,5.0,18.2996,30.0,1.0,1.0,1.0,0.341346,15819.0,0.339045,1.0
15851.0,0.349366,0.341277,0.349796,0.349796,13.034318,3.783452,3.785245,5.0,5.0,18.104168,30.0,1.0,1.0,1.0,0.341346,15829.0,0.338816,1.0
15861.0,0.3491,0.341005,0.349521,0.349521,13.035705,3.707468,3.709347,5.0,5.0,17.223043,30.0,1.0,1.0,1.0,0.341346,15839.0,0.322527,1.0
15871.0,0.348833,0.340732,0.349248,0.349248,13.034525,3.762331,3.76421,5.0,5.0,17.858671,30.0,1.0,1.0,1.0,0.341346,15849.0,0.340159,1.0
15881.0,0.348567,0.340461,0.348976,0.348976,13.034213,3.773454,3.775298,5.0,5.0,17.98727,30.0,1.0,1.0,1.0,0.341346,15859.0,0.340637,1.0
15891.0,0.348299,0.340188,0.3487,0.3487,13.033987,3.779359,3.781134,5.0,5.0,18.055344,30.0,1.0,1.0,1.0,0.341346,15869.0,0.327474,1.0
15901.0,0.348031,0.339915,0.348424,0.348424,13.033103,3.818681,3.820464,5.0,5.0,18.510674,30.0,1.0,1.0,1.0,0.34044,15879.0,0.336157,1.0
15911.0,0.347763,0.339642,0.348151,0.348151,13.033855,3.774946,3.776918,5.0,5.0,18.003451,30.0,1.0,1.0,1.0,0.34044,15889.0,0.327254,1.0
15921.0,0.347495,0.339369,0.347877,0.347877,13.033783,3.773009,3.774655,5.0,5.0,17.980633,30.0,1.0,1.0,1.0,0.34044,15899.0,0.342487,1.0
15931.0,0.347229,0.339097,0.347603,0.347603,13.034401,3.7363,3.737983,5.0,5.0,17.554808,30.0,1.0,1.0,1.0,0.34044,15909.0,0.342438,1.0
15941.0,0.346962,0.338825,0.34733,0.34733,13.033126,3.79613,3.798037,5.0,5.0,18.247906,30.0,1.0,1.0,1.0,0.34044,15919.0,0.326552,1.0
15951.0,0.346695,0.338553,0.347055,0.347055,13.033789,3.756922,3.758541,5.0,5.0,17.793136,30.0,1.0,1.0,1.0,0.34044,15929.0,0.337479,1.0
15961.0,0.346428,0.338281,0.346782,0.346782,13.03424,3.728852,3.730818,5.0,5.0,17.467456,30.0,1.0,1.0,1.0,0.340622,15939.0,0.333188,1.0
15971.0,0.346161,0.338008,0.346506,0.346506,13.034005,3.735359,3.737193,5.0,5.0,17.54252,30.0,1.0,1.0,1.0,0.340622,15949.0,0.335149,1.0
15981.0,0.345894,0.337737,0.346233,0.346233,13.03307,3.777912,3.779763,5.0,5.0,18.035374,30.0,1.0,1.0,1.0,0.340622,15959.0,0.329494,1.0
15991.0,0.345626,0.337463,0.345958,0.345958,13.032873,3.782225,3.783916,5.0,5.0,18.084986,30.0,1.0,1.0,1.0,0.340622,15969.0,0.342709,1.0
16001.0,0.345358,0.33719,0.345682,0.345682,13.032553,3.792777,3.794486,5.0,5.0,18.206883,30.0,1.0,1.0,1.0,0.340622,15979.0,0.331386,1.0
16011.0,0.34509,0.336917,0.34541,0.34541,13.033198,3.754133,3.755903,5.0,5.0,17.758647,30.0,1.0,1.0,1.0,0.340622,15989.0,0.328035,1.0
16021.0,0.344824,0.336645,0.345137,0.345137,13.033007,3.758823,3.760679,5.0,5.0,17.812673,30.0,1.0,1.0,1.0,0.340796,15999.0,0.335137,1.0
16031.0,0.344556,0.336372,0.344867,0.344867,13.033383,3.733907,3.735823,5.0,5.0,17.523516,30.0,1.0,1.0,1.0,0.340796,16009.0,0.326779,1.0
16041.0,0.344287,0.336098,0.344593,0.344593,13.032191,3.78882,3.790686,5.0,5.0,18.159543,30.0,1.0,1.0,1.0,0.340796,16019.0,0.325042,1.0
16051.0,0.344019,0.335824,0.34432,0.34432,13.031703,3.807909,3.809873,5.0,5.0,18.380363,30.0,1.0,1.0,1.0,0.340796,16029.0,0.337249,1.0
16061.0,0.34375,0.335551,0.344043,0.344043,13.031394,3.818045,3.819841,5.0,5.0,18.497428,30.0,1.0,1.0,1.0,0.340796,16039.0,0.343057,1.0
16071.0,0.343482,0.335277,0.34377,0.34377,13.032673,3.747021,3.748739,5.0,5.0,17.673991,30.0,1.0,1.0,1.0,0.340796,16049.0,0.330821,1.0
16081.0,0.343213,0.335003,0.343495,0.343495,13.031111,3.820729,3.822416,5.0,5.0,18.527749,30.0,1.0,1.0,1.0,0.340961,16059.0,0.326885,1.0
16091.0,0.342945,0.33473,0.343218,0.343218,13.031814,3.779361,3.781196,5.0,5.0,18.048027,30.0,1.0,1.0,1.0,0.340961,16069.0,0.326306,1.0
16101.0,0.342678,0.334457,0.342947,0.342947,13.032493,3.73941,3.741388,5.0,5.0,17.584683,30.0,1.0,1.0,1.0,0.340961,16079.0,0.330338,1.0
16111.0,0.342411,0.334184,0.342678,0.342678,13.030279,3.84692,3.848705,5.0,5.0,18.830113,30.0,1.0,1.0,1.0,0.340961,16089.0,0.328997,1.0
16121.0,0.342142,0.333911,0.342402,0.342402,13.03121,3.793556,3.795275,5.0,5.0,18.211411,30.0,1.0,1.0,1.0,0.340961,16099.0,0.336961,1.0
16131.0,0.341874,0.333637,0.342126,0.342126,13.031109,3.793072,3.794922,5.0,5.0,18.205424,30.0,1.0,1.0,1.0,0.340961,16109.0,0.332442,1.0
16141.0,0.341606,0.333365,0.34185,0.34185,13.032122,3.735995,3.737796,5.0,5.0,17.54364,30.0,1.0,1.0,1.0,0.341137,16119.0,0.34159,1.0
16151.0,0.341337,0.33309,0.341575,0.341575,13.030461,3.814899,3.816767,5.0,5.0,18.457583,30.0,1.0,1.0,1.0,0.341137,16129.0,0.32789,1.0
16161.0,0.341069,0.332816,0.3413,0.3413,13.030946,3.784304,3.786242,5.0,5.0,18.102693,30.0,1.0,1.0,1.0,0.341137,16139.0,0.334524,1.0
16171.0,0.3408,0.332542,0.341024,0.341024,13.031453,3.752461,3.75418,5.0,5.0,17.733305,30.0,1.0,1.0,1.0,0.341137,16149.0,0.327265,1.0
16181.0,0.340532,0.332269,0.340753,0.340753,13.031041,3.768198,3.770169,5.0,5.0,17.915319,30.0,1.0,1.0,1.0,0.341137,16159.0,0.337392,1.0
16191.0,0.340265,0.331997,0.340482,0.340482,13.031183,3.755698,3.757481,5.0,5.0,17.770114,30.0,1.0,1.0,1.0,0.341137,16169.0,0.334837,1.0
16201.0,0.340027,0.331755,0.34021,0.34021,13.113813,-0.456132,-0.454017,60.0,60.0,17.83915,30.0,1.0,1.0,1.0,0.341315,16179.0,0.365541,1.0
16211.0,0.340058,0.331786,0.34034,0.34034,13.115217,-0.42231,-0.420314,60.0,60.0,18.235276,30.0,1.0,1.0,1.0,0.341315,16189.0,0.364334,1.0
16221.0,0.34009,0.331818,0.340471,0.340471,13.117694,-0.448119,-0.44598,60.0,60.0,17.93157,30.0,1.0,1.0,1.0,0.341315,16199.0,0.356362,1.0
16231.0,0.34012,0.331849,0.340603,0.340603,13.119337,-0.436474,-0.434227,60.0,60.0,18.067542,30.0,1.0,1.0,1.0,0.341315,16209.0,0.35878,1.0
16241.0,0.340151,0.33188,0.340732,0.340732,13.122046,-0.48396,-0.481822,60.0,60.0,17.509214,30.0,1.0,1.0,1.0,0.341315,16219.0,0.361139,1.0
16251.0,0.340182,0.331912,0.340858,0.340858,13.122356,-0.413065,-0.411011,60.0,60.0,18.34107,30.0,1.0,1.0,1.0,0.341315,16229.0,0.359463,1.0
16261.0,0.340213,0.331943,0.340984,0.340984,13.124453,-0.43777,-0.435577,60.0,60.0,18.050325,30.0,1.0,1.0,1.0,0.342049,16239.0,0.354345,1.0
16271.0,0.340244,0.331975,0.34111,0.34111,13.125427,-0.409092,-0.406982,60.0,60.0,18.386576,30.0,1.0,1.0,1.0,0.342049,16249.0,0.367783,1.0
16281.0,0.340275,0.332005,0.341236,0.341236,13.126532,-0.391197,-0.388875,60.0,60.0,18.596251,30.0,1.0,1.0,1.0,0.342049,16259.0,0.366656,1.0
16291.0,0.340306,0.332037,0.341363,0.341363,13.12869,-0.430263,-0.428205,60.0,60.0,18.136814,30.0,1.0,1.0,1.0,0.342049,16269.0,0.36081,1.0
16301.0,0.340337,0.332069,0.341489,0.341489,13.130739,-0.467005,-0.464856,60.0,60.0,17.704559,30.0,1.0,1.0,1.0,0.342049,16279.0,0.353853,1.0
16311.0,0.340369,0.332101,0.341618,0.341618,13.131585,-0.44587,-0.443717,60.0,60.0,17.952414,30.0,1.0,1.0,1.0,0.342049,16289.0,0.364108,1.0
16321.0,0.340399,0.332131,0.341742,0.341742,13.132737,-0.443779,-0.441723,60.0,60.0,17.976513,30.0,1.0,1.0,1.0,0.342807,16299.0,0.366911,1.0
16331.0,0.340429,0.332162,0.341865,0.341865,13.133297,-0.414611,-0.412651,60.0,60.0,18.318875,30.0,1.0,1.0,1.0,0.342807,16309.0,0.36129,1.0
16341.0,0.340461,0.332194,0.341991,0.341991,13.134277,-0.408654,-0.406463,60.0,60.0,18.388481,30.0,1.0,1.0,1.0,0.342807,16319.0,0.350742,1.0
16351.0,0.340492,0.332226,0.342112,0.342112,13.136776,-0.483335,-0.481199,60.0,60.0,17.510191,30.0,1.0,1.0,1.0,0.342807,16329.0,0.347653,1.0
16361.0,0.340523,0.332258,0.342236,0.342236,13.136581,-0.423223,-0.421103,60.0,60.0,18.216481,30.0,1.0,1.0,1.0,0.342807,16339.0,0.35626,1.0
16371.0,0.340554,0.332289,0.342361,0.342361,13.13715,-0.404521,-0.402435,60.0,60.0,18.435991,30.0,1.0,1.0,1.0,0.342807,16349.0,0.361989,1.0
16381.0,0.340586,0.332321,0.342482,0.342482,13.138126,-0.408529,-0.406567,60.0,60.0,18.388548,30.0,1.0,1.0,1.0,0.34355,16359.0,0.370802,1.0
16391.0,0.340618,0.332353,0.342601,0.342601,13.1403,-0.475905,-0.47364,60.0,60.0,17.595982,30.0,1.0,1.0,1.0,0.34355,16369.0,0.352559,1.0
16401.0,0.34065,0.332386,0.342721,0.342721,13.141935,-0.517839,-0.515649,60.0,60.0,17.102431,30.0,1.0,1.0,1.0,0.34355,16379.0,0.3594,1.0
16411.0,0.340681,0.332418,0.342841,0.342841,13.141185,-0.440168,-0.437986,60.0,60.0,18.015591,30.0,1.0,1.0,1.0,0.34355,16389.0,0.364181,1.0
16421.0,0.340713,0.33245,0.342964,0.342964,13.142125,-0.450391,-0.448306,60.0,60.0,17.895071,30.0,1.0,1.0,1.0,0.34355,16399.0,0.361411,1.0
16431.0,0.340744,0.332482,0.343082,0.343082,13.142324,-0.42501,-0.422972,60.0,60.0,18.193307,30.0,1.0,1.0,1.0,0.34355,16409.0,0.359627,1.0
16441.0,0.340775,0.332513,0.3432,0.3432,13.143125,-0.432171,-0.429949,60.0,60.0,18.108827,30.0,1.0,1.0,1.0,0.344277,16419.0,0.366394,1.0
16451.0,0.340807,0.332545,0.343318,0.343318,13.142989,-0.392862,-0.390806,60.0,60.0,18.570917,30.0,1.0,1.0,1.0,0.344277,16429.0,0.36254,1.0
16461.0,0.340837,0.332576,0.343436,0.343436,13.144168,-0.422594,-0.420418,60.0,60.0,18.221,30.0,1.0,1.0,1.0,0.344277,16439.0,0.353487,1.0
16471.0,0.340867,0.332607,0.343551,0.343551,13.144735,-0.422604,-0.420459,60.0,60.0,18.220674,30.0,1.0,1.0,1.0,0.344277,16449.0,0.35631,1.0
16481.0,0.340898,0.332638,0.343667,0.343667,13.145967,-0.457825,-0.455699,60.0,60.0,17.806126,30.0,1.0,1.0,1.0,0.344277,16459.0,0.355458,1.0
16491.0,0.340929,0.332669,0.343784,0.343784,13.145977,-0.43196,-0.429949,60.0,60.0,18.110211,30.0,1.0,1.0,1.0,0.344277,16469.0,0.352475,1.0
16501.0,0.340959,0.3327,0.343903,0.343903,13.146433,-0.430038,-0.427852,60.0,60.0,18.132633,30.0,1.0,1.0,1.0,0.344972,16479.0,0.361168,1.0
16511.0,0.340991,0.332732,0.344018,0.344018,13.146439,-0.406105,-0.403951,60.0,60.0,18.414004,30.0,1.0,1.0,1.0,0.344972,16489.0,0.360365,1.0
16521.0,0.341023,0.332765,0.344133,0.344133,13.147435,-0.433709,-0.43161,60.0,60.0,18.089078,30.0,1.0,1.0,1.0,0.344972,16499.0,0.359053,1.0
16531.0,0.341054,0.332796,0.344245,0.344245,13.149462,-0.515309,-0.513261,60.0,60.0,17.128692,30.0,1.0,1.0,1.0,0.344972,16509.0,0.363182,1.0
16541.0,0.341085,0.332828,0.344359,0.344359,13.149763,-0.509867,-0.507633,60.0,60.0,17.19256,30.0,1.0,1.0,1.0,0.344972,16519.0,0.358647,1.0
16551.0,0.341116,0.332859,0.34447,0.34447,13.148488,-0.425065,-0.42293,60.0,60.0,18.190317,30.0,1.0,1.0,1.0,0.344972,16529.0,0.352579,1.0
16561.0,0.341146,0.33289,0.344582,0.344582,13.148669,-0.415922,-0.413856,60.0,60.0,18.297763,30.0,1.0,1.0,1.0,0.345651,16539.0,0.369288,1.0
16571.0,0.341176,0.33292,0.344691,0.344691,13.149999,-0.46613,-0.464088,60.0,60.0,17.706807,30.0,1.0,1.0,1.0,0.345651,16549.0,0.365002,1.0
16581.0,0.341209,0.332953,0.344805,0.344805,13.149943,-0.445576,-0.443385,60.0,60.0,17.948544,30.0,1.0,1.0,1.0,0.345651,16559.0,0.359702,1.0
16591.0,0.34124,0.332985,0.344916,0.344916,13.151358,-0.501305,-0.499203,60.0,60.0,17.29253,30.0,1.0,1.0,1.0,0.345651,16569.0,0.354949,1.0
16601.0,0.341272,0.333017,0.345026,0.345026,13.150143,-0.423585,-0.421518,60.0,60.0,18.20709,30.0,1.0,1.0,1.0,0.345651,16579.0,0.372775,1.0
16611.0,0.341303,0.333049,0.345138,0.345138,13.150189,-0.410917,-0.408768,60.0,60.0,18.35606,30.0,1.0,1.0,1.0,0.345651,16589.0,0.357668,1.0
16621.0,0.341335,0.333081,0.345251,0.345251,13.150404,-0.407701,-0.405633,60.0,60.0,18.393796,30.0,1.0,1.0,1.0,0.346328,16599.0,0.367432,1.0
16631.0,0.341366,0.333113,0.345361,0.345361,13.152585,-0.505522,-0.50346,60.0,60.0,17.242376,30.0,1.0,1.0,1.0,0.346328,16609.0,0.365163,1.0
16641.0,0.341397,0.333144,0.345471,0.345471,13.15165,-0.444824,-0.442762,60.0,60.0,17.956716,30.0,1.0,1.0,1.0,0.346328,16619.0,0.355484,1.0
16651.0,0.341429,0.333177,0.34558,0.34558,13.152672,-0.484491,-0.482341,60.0,60.0,17.489714,30.0,1.0,1.0,1.0,0.346328,16629.0,0.357411,1.0
16661.0,0.341461,0.333209,0.345689,0.345689,13.152359,-0.456616,-0.454432,60.0,60.0,17.817734,30.0,1.0,1.0,1.0,0.346328,16639.0,0.362096,1.0
16671.0,0.341492,0.33324,0.345797,0.345797,13.151966,-0.425624,-0.423574,60.0,60.0,18.182416,30.0,1.0,1.0,1.0,0.346328,16649.0,0.34493,1.0
16681.0,0.341523,0.333272,0.345904,0.345904,13.152025,-0.417986,-0.415849,60.0,60.0,18.272235,30.0,1.0,1.0,1.0,0.346984,16659.0,0.359709,1.0
16691.0,0.341554,0.333303,0.34601,0.34601,13.152639,-0.439271,-0.437176,60.0,60.0,18.021635,30.0,1.0,1.0,1.0,0.346984,16669.0,0.35028,1.0
16701.0,0.341585,0.333335,0.346116,0.346116,13.15322,-0.459294,-0.457069,60.0,60.0,17.785877,30.0,1.0,1.0,1.0,0.346984,16679.0,0.372084,1.0
16711.0,0.341616,0.333367,0.346225,0.346225,13.151936,-0.384337,-0.382188,60.0,60.0,18.668041,30.0,1.0,1.0,1.0,0.346984,16689.0,0.344561,1.0
16721.0,0.341645,0.333396,0.346328,0.346328,13.152288,-0.394263,-0.391907,60.0,60.0,18.551177,30.0,1.0,1.0,1.0,0.346984,16699.0,0.355997,1.0
16731.0,0.341675,0.333426,0.34643,0.34643,13.152383,-0.391107,-0.388854,60.0,60.0,18.588266,30.0,1.0,1.0,1.0,0.346984,16709.0,0.360873,1.0
16741.0,0.341705,0.333457,0.346531,0.346531,13.15421,-0.476816,-0.474699,60.0,60.0,17.579344,30.0,1.0,1.0,1.0,0.347595,16719.0,0.366934,1.0
16751.0,0.341737,0.33349,0.346639,0.346639,13.15459,-0.487964,-0.485767,60.0,60.0,17.448035,30.0,1.0,1.0,1.0,0.347595,16729.0,0.353393,1.0
16761.0,0.341769,0.333521,0.346742,0.346742,13.153557,-0.427896,-0.425838,60.0,60.0,18.155087,30.0,1.0,1.0,1.0,0.347595,16739.0,0.353092,1.0
16771.0,0.341799,0.333552,0.346843,0.346843,13.153736,-0.430099,-0.427997,60.0,60.0,18.129101,30.0,1.0,1.0,1.0,0.347595,16749.0,0.357094,1.0
16781.0,0.341829,0.333583,0.346945,0.346945,13.153866,-0.430404,-0.428184,60.0,60.0,18.125465,30.0,1.0,1.0,1.0,0.347595,16759.0,0.357453,1.0
16791.0,0.34186,0.333614,0.34705,0.34705,13.153592,-0.410292,-0.407979,60.0,60.0,18.362152,30.0,1.0,1.0,1.0,0.347595,16769.0,0.353564,1.0
16801.0,0.341891,0.333645,0.347155,0.347155,13.154423,-0.446617,-0.444381,60.0,60.0,17.934513,30.0,1.0,1.0,1.0,0.348217,16779.0,0.359477,1.0
16811.0,0.341921,0.333675,0.347254,0.347254,13.154676,-0.454001,-0.451919,60.0,60.0,17.847541,30.0,1.0,1.0,1.0,0.348217,16789.0,0.353611,1.0
16821.0,0.341952,0.333707,0.347357,0.347357,13.154762,-0.452724,-0.450632,60.0,60.0,17.862532,30.0,1.0,1.0,1.0,0.348217,16799.0,0.348035,1.0
16831.0,0.341984,0.33374,0.347459,0.347459,13.154693,-0.443366,-0.441329,60.0,60.0,17.972651,30.0,1.0,1.0,1.0,0.348217,16809.0,0.352801,1.0
16841.0,0.342014,0.33377,0.34756,0.34756,13.153925,-0.399198,-0.397119,60.0,60.0,18.492543,30.0,1.0,1.0,1.0,0.348217,16819.0,0.358856,1.0
16851.0,0.342045,0.333802,0.347659,0.347659,13.154745,-0.436258,-0.434206,60.0,60.0,18.056257,30.0,1.0,1.0,1.0,0.348217,16829.0,0.355962,1.0
16861.0,0.342075,0.333832,0.347759,0.347759,13.154509,-0.41974,-0.417573,60.0,60.0,18.250669,30.0,1.0,1.0,1.0,0.348823,16839.0,0.353948,1.0
16871.0,0.342107,0.333865,0.34786,0.34786,13.155629,-0.472076,-0.469965,60.0,60.0,17.634503,30.0,1.0,1.0,1.0,0.348823,16849.0,0.367176,1.0
16881.0,0.342138,0.333896,0.347958,0.347958,13.15586,-0.479432,-0.477274,60.0,60.0,17.547861,30.0,1.0,1.0,1.0,0.348823,16859.0,0.35324,1.0
16891.0,0.34217,0.333928,0.348057,0.348057,13.154684,-0.415142,-0.412984,60.0,60.0,18.304698,30.0,1.0,1.0,1.0,0.348823,16869.0,0.358391,1.0
16901.0,0.342201,0.33396,0.348159,0.348159,13.154684,-0.411155,-0.409059,60.0,60.0,18.351599,30.0,1.0,1.0,1.0,0.348823,16879.0,0.351706,1.0
16911.0,0.342231,0.333991,0.348256,0.348256,13.155549,-0.451635,-0.449614,60.0,60.0,17.875027,30.0,1.0,1.0,1.0,0.348823,16889.0,0.358834,1.0
16921.0,0.342262,0.334022,0.348354,0.348354,13.155025,-0.421244,-0.419089,60.0,60.0,18.232782,30.0,1.0,1.0,1.0,0.349422,16899.0,0.362006,1.0
16931.0,0.342294,0.334054,0.348452,0.348452,13.155346,-0.433937,-0.431922,60.0,60.0,18.083327,30.0,1.0,1.0,1.0,0.349422,16909.0,0.357622,1.0
16941.0,0.342325,0.334085,0.348547,0.348547,13.156075,-0.467893,-0.465811,60.0,60.0,17.68353,30.0,1.0,1.0,1.0,0.349422,16919.0,0.35788,1.0
16951.0,0.342356,0.334117,0.348644,0.348644,13.155665,-0.443524,-0.441329,60.0,60.0,17.970414,30.0,1.0,1.0,1.0,0.349422,16929.0,0.360295,1.0
16961.0,0.342387,0.334148,0.348739,0.348739,13.154627,-0.387566,-0.385303,60.0,60.0,18.629136,30.0,1.0,1.0,1.0,0.349422,16939.0,0.363539,1.0
16971.0,0.342418,0.334179,0.348834,0.348834,13.156652,-0.488028,-0.486079,60.0,60.0,17.446381,30.0,1.0,1.0,1.0,0.349422,16949.0,0.364289,1.0
16981.0,0.342448,0.334211,0.348926,0.348926,13.156356,-0.470146,-0.46793,60.0,60.0,17.656902,30.0,1.0,1.0,1.0,0.349996,16959.0,0.360416,1.0
16991.0,0.342479,0.334242,0.349019,0.349019,13.155965,-0.447411,-0.445357,60.0,60.0,17.924563,30.0,1.0,1.0,1.0,0.349996,16969.0,0.361202,1.0
17001.0,0.34251,0.334274,0.349111,0.349111,13.157297,-0.512649,-0.510561,60.0,60.0,17.156381,30.0,1.0,1.0,1.0,0.349996,16979.0,0.353705,1.0
17011.0,0.342542,0.334306,0.349205,0.349205,13.156107,-0.449111,-0.44679,60.0,60.0,17.904505,30.0,1.0,1.0,1.0,0.349996,16989.0,0.354938,1.0
17021.0,0.342573,0.334337,0.349298,0.349298,13.155942,-0.438171,-0.436158,60.0,60.0,18.033286,30.0,1.0,1.0,1.0,0.349996,16999.0,0.346714,1.0
17031.0,0.342605,0.33437,0.349391,0.349391,13.156904,-0.484578,-0.482528,60.0,60.0,17.486864,30.0,1.0,1.0,1.0,0.349996,17009.0,0.350382,1.0
17041.0,0.342636,0.334401,0.349486,0.349486,13.156273,-0.450192,-0.448202,60.0,60.0,17.891715,30.0,1.0,1.0,1.0,0.350561,17019.0,0.36059,1.0
17051.0,0.342667,0.334433,0.349577,0.349577,13.15662,-0.465666,-0.463486,60.0,60.0,17.709505,30.0,1.0,1.0,1.0,0.350561,17029.0,0.359581,1.0
17061.0,0.342699,0.334465,0.349671,0.349671,13.156447,-0.454485,-0.452397,60.0,60.0,17.841138,30.0,1.0,1.0,1.0,0.350561,17039.0,0.351683,1.0
17071.0,0.342731,0.334497,0.349763,0.349763,13.156429,-0.451237,-0.449074,60.0,60.0,17.879354,30.0,1.0,1.0,1.0,0.350561,17049.0,0.358712,1.0
17081.0,0.342762,0.334529,0.349858,0.349858,13.156028,-0.428616,-0.426627,60.0,60.0,18.14567,30.0,1.0,1.0,1.0,0.350561,17059.0,0.354737,1.0
17091.0,0.342793,0.33456,0.349947,0.349947,13.155579,-0.404005,-0.401895,60.0,60.0,18.435394,30.0,1.0,1.0,1.0,0.350561,17069.0,0.356217,1.0
17101.0,0.342823,0.334591,0.350037,0.350037,13.157094,-0.479631,-0.477523,60.0,60.0,17.544984,30.0,1.0,1.0,1.0,0.351114,17079.0,0.357412,1.0
17111.0,0.342854,0.334623,0.350126,0.350126,13.157439,-0.495436,-0.493367,60.0,60.0,17.35886,30.0,1.0,1.0,1.0,0.351114,17089.0,0.364634,1.0
17121.0,0.342886,0.334655,0.350218,0.350218,13.15631,-0.435792,-0.433521,60.0,60.0,18.061131,30.0,1.0,1.0,1.0,0.351114,17099.0,0.35996,1.0
17131.0,0.342918,0.334687,0.350308,0.350308,13.156369,-0.436779,-0.434684,60.0,60.0,18.049491,30.0,1.0,1.0,1.0,0.351114,17109.0,0.362443,1.0
17141.0,0.342949,0.334719,0.350396,0.350396,13.156348,-0.434145,-0.432047,60.0,60.0,18.080491,30.0,1.0,1.0,1.0,0.351114,17119.0,0.362873,1.0
17151.0,0.342979,0.334749,0.350486,0.350486,13.155859,-0.407961,-0.405882,60.0,60.0,18.388751,30.0,1.0,1.0,1.0,0.351114,17129.0,0.363804,1.0
17161.0,0.34301,0.334781,0.350573,0.350573,13.156558,-0.442102,-0.440104,60.0,60.0,17.986791,30.0,1.0,1.0,1.0,0.351649,17139.0,0.354889,1.0
17171.0,0.343041,0.334812,0.350663,0.350663,13.156175,-0.421295,-0.419234,60.0,60.0,18.231744,30.0,1.0,1.0,1.0,0.351649,17149.0,0.3639,1.0
17181.0,0.343072,0.334844,0.350751,0.350751,13.157133,-0.468716,-0.466642,60.0,60.0,17.673405,30.0,1.0,1.0,1.0,0.351649,17159.0,0.35958,1.0
17191.0,0.343102,0.334874,0.350837,0.350837,13.156198,-0.419833,-0.417822,60.0,60.0,18.248937,30.0,1.0,1.0,1.0,0.351649,17169.0,0.355103,1.0
17201.0,0.343133,0.334906,0.350929,0.350929,13.155813,-0.398895,-0.396683,60.0,60.0,18.495427,30.0,1.0,1.0,1.0,0.351649,17179.0,0.365187,1.0
17211.0,0.343165,0.334938,0.351015,0.351015,13.15575,-0.394201,-0.39226,60.0,60.0,18.550677,30.0,1.0,1.0,1.0,0.351649,17189.0,0.374963,1.0
17221.0,0.343196,0.334969,0.351103,0.351103,13.156736,-0.443321,-0.441183,60.0,60.0,17.972371,30.0,1.0,1.0,1.0,0.352176,17199.0,0.357157,1.0
17231.0,0.343227,0.335001,0.351192,0.351192,13.157288,-0.469988,-0.467847,60.0,60.0,17.658377,30.0,1.0,1.0,1.0,0.352176,17209.0,0.354926,1.0
17241.0,0.343259,0.335033,0.351282,0.351282,13.155663,-0.385415,-0.38333,60.0,60.0,18.65408,30.0,1.0,1.0,1.0,0.352176,17219.0,0.360739,1.0
17251.0,0.343291,0.335066,0.351365,0.351365,13.156539,-0.428592,-0.426461,60.0,60.0,18.145754,30.0,1.0,1.0,1.0,0.352176,17229.0,0.347381,1.0
17261.0,0.343322,0.335097,0.35145,0.35145,13.1567,-0.435852,-0.433812,60.0,60.0,18.060265,30.0,1.0,1.0,1.0,0.352176,17239.0,0.364661,1.0
17271.0,0.343354,0.335129,0.35154,0.35154,13.157754,-0.488158,-0.485954,60.0,60.0,17.444369,30.0,1.0,1.0,1.0,0.352176,17249.0,0.35923,1.0
17281.0,0.343384,0.33516,0.351618,0.351618,13.156726,-0.435015,-0.432877,60.0,60.0,18.070105,30.0,1.0,1.0,1.0,0.352694,17258.0,0.365788,1.0
17291.0,0.343415,0.335192,0.351703,0.351703,13.157373,-0.46672,-0.464669,60.0,60.0,17.696788,30.0,1.0,1.0,1.0,0.352694,17268.0,0.358484,1.0
17301.0,0.343447,0.335224,0.351789,0.351789,13.157834,-0.488887,-0.48666,60.0,60.0,17.435754,30.0,1.0,1.0,1.0,0.352694,17278.0,0.353745,1.0
17311.0,0.343479,0.335256,0.351873,0.351873,13.157077,-0.449051,-0.446956,60.0,60.0,17.904815,30.0,1.0,1.0,1.0,0.352694,17288.0,0.357361,1.0
17321.0,0.34351,0.335288,0.351954,0.351954,13.157493,-0.469373,-0.467244,60.0,60.0,17.665523,30.0,1.0,1.0,1.0,0.352694,17298.0,0.358552,1.0
17331.0,0.34354,0.335319,0.352039,0.352039,13.156122,-0.398511,-0.39635,60.0,60.0,18.499843,30.0,1.0,1.0,1.0,0.352694,17308.0,0.357306,1.0
17341.0,0.343573,0.335352,0.352123,0.352123,13.157237,-0.453899,-0.451899,60.0,60.0,17.84771,30.0,1.0,1.0,1.0,0.353205,17318.0,0.355277,1.0
17351.0,0.343604,0.335383,0.352204,0.352204,13.157574,-0.470114,-0.468033,60.0,60.0,17.656768,30.0,1.0,1.0,1.0,0.353205,17328.0,0.369161,1.0
17361.0,0.343635,0.335415,0.352289,0.352289,13.157007,-0.440198,-0.438048,60.0,60.0,18.009008,30.0,1.0,1.0,1.0,0.353205,17338.0,0.356934,1.0
17371.0,0.343666,0.335447,0.352371,0.352371,13.157378,-0.45827,-0.456197,60.0,60.0,17.796221,30.0,1.0,1.0,1.0,0.353205,17348.0,0.36261,1.0
17381.0,0.343697,0.335477,0.352453,0.352453,13.156408,-0.40821,-0.405944,60.0,60.0,18.385621,30.0,1.0,1.0,1.0,0.353205,17358.0,0.364225,1.0
17391.0,0.343727,0.335508,0.352534,0.352534,13.157064,-0.440912,-0.438941,60.0,60.0,18.000586,30.0,1.0,1.0,1.0,0.353205,17368.0,0.366629,1.0
17401.0,0.34376,0.335541,0.352617,0.352617,13.157527,-0.463179,-0.461056,60.0,60.0,17.738386,30.0,1.0,1.0,1.0,0.353696,17378.0,0.360221,1.0
17411.0,0.343791,0.335573,0.352698,0.352698,13.156664,-0.418368,-0.416161,60.0,60.0,18.265999,30.0,1.0,1.0,1.0,0.353696,17388.0,0.356034,1.0
17421.0,0.343822,0.335604,0.352777,0.352777,13.157012,-0.435184,-0.433147,60.0,60.0,18.068011,30.0,1.0,1.0,1.0,0.353696,17398.0,0.359834,1.0
17431.0,0.343853,0.335636,0.352858,0.352858,13.157053,-0.436574,-0.434372,60.0,60.0,18.051638,30.0,1.0,1.0,1.0,0.353696,17408.0,0.35824,1.0
17441.0,0.343884,0.335667,0.352938,0.352938,13.156995,-0.432667,-0.430634,60.0,60.0,18.09763,30.0,1.0,1.0,1.0,0.353696,17418.0,0.35989,1.0
17451.0,0.343915,0.335699,0.353019,0.353019,13.157012,-0.432658,-0.430531,60.0,60.0,18.097733,30.0,1.0,1.0,1.0,0.353696,17428.0,0.356263,1.0
17461.0,0.343946,0.335731,0.353096,0.353096,13.157393,-0.451352,-0.449261,60.0,60.0,17.877614,30.0,1.0,1.0,1.0,0.354176,17438.0,0.346957,1.0
17471.0,0.343977,0.335762,0.353178,0.353178,13.156699,-0.415132,-0.413067,60.0,60.0,18.304073,30.0,1.0,1.0,1.0,0.354176,17448.0,0.358187,1.0
17481.0,0.344008,0.335793,0.353253,0.353253,13.15639,-0.398964,-0.396828,60.0,60.0,18.494416,30.0,1.0,1.0,1.0,0.354176,17458.0,0.347504,1.0
17491.0,0.344038,0.335824,0.353333,0.353333,13.156683,-0.413177,-0.411156,60.0,60.0,18.327082,30.0,1.0,1.0,1.0,0.354176,17468.0,0.353316,1.0
17501.0,0.344068,0.335854,0.353412,0.353412,13.157659,-0.462562,-0.460579,60.0,60.0,17.745595,30.0,1.0,1.0,1.0,0.354176,17478.0,0.357287,1.0
17511.0,0.344099,0.335886,0.35349,0.35349,13.158249,-0.492052,-0.489733,60.0,60.0,17.398327,30.0,1.0,1.0,1.0,0.354176,17488.0,0.351507,1.0
17521.0,0.34413,0.335917,0.353567,0.353567,13.156834,-0.419166,-0.416971,60.0,60.0,18.256554,30.0,1.0,1.0,1.0,0.354639,17498.0,0.350145,1.0
17531.0,0.344162,0.335949,0.353646,0.353646,13.156636,-0.408022,-0.405882,60.0,60.0,18.387748,30.0,1.0,1.0,1.0,0.354639,17508.0,0.3629,1.0
17541.0,0.344192,0.335979,0.353723,0.353723,13.156855,-0.418852,-0.41668,60.0,60.0,18.260239,30.0,1.0,1.0,1.0,0.354639,17518.0,0.354625,1.0
17551.0,0.344224,0.336012,0.353803,0.353803,13.157966,-0.474414,-0.472353,60.0,60.0,17.606001,30.0,1.0,1.0,1.0,0.354639,17528.0,0.361324,1.0
17561.0,0.344255,0.336044,0.353881,0.353881,13.157951,-0.472804,-0.470505,60.0,60.0,17.624953,30.0,1.0,1.0,1.0,0.354639,17538.0,0.355078,1.0
17571.0,0.344284,0.336073,0.353954,0.353954,13.155621,-0.353752,-0.351517,60.0,60.0,19.026618,30.0,1.0,1.0,1.0,0.354639,17548.0,0.357201,1.0
17581.0,0.344315,0.336104,0.354031,0.354031,13.157196,-0.433538,-0.431444,60.0,60.0,18.087307,30.0,1.0,1.0,1.0,0.355101,17558.0,0.361741,1.0
17591.0,0.344346,0.336136,0.354108,0.354108,13.157332,-0.439735,-0.43757,60.0,60.0,18.014333,30.0,1.0,1.0,1.0,0.355101,17568.0,0.354168,1.0
17601.0,0.344376,0.336166,0.35418,0.35418,13.157629,-0.454617,-0.452459,60.0,60.0,17.839097,30.0,1.0,1.0,1.0,0.355101,17578.0,0.366203,1.0
17611.0,0.344407,0.336198,0.354252,0.354252,13.156854,-0.414185,-0.41207,60.0,60.0,18.315157,30.0,1.0,1.0,1.0,0.355101,17588.0,0.370794,1.0
17621.0,0.344437,0.336229,0.354325,0.354325,13.157845,-0.464241,-0.462074,60.0,60.0,17.725763,30.0,1.0,1.0,1.0,0.355101,17598.0,0.357502,1.0
17631.0,0.344469,0.33626,0.354405,0.354405,13.15719,-0.429896,-0.427769,60.0,60.0,18.130164,30.0,1.0,1.0,1.0,0.355101,17608.0,0.359658,1.0
17641.0,0.344499,0.336291,0.35448,0.35448,13.155933,-0.365216,-0.363146,60.0,60.0,18.891641,30.0,1.0,1.0,1.0,0.355548,17618.0,0.356591,1.0
17651.0,0.34453,0.336323,0.354555,0.354555,13.157251,-0.431656,-0.429534,60.0,60.0,18.10943,30.0,1.0,1.0,1.0,0.355548,17628.0,0.365268,1.0
17661.0,0.344562,0.336355,0.354631,0.354631,13.156895,-0.412624,-0.410637,60.0,60.0,18.33351,30.0,1.0,1.0,1.0,0.355548,17638.0,0.357262,1.0
17671.0,0.344592,0.336385,0.354704,0.354704,13.157111,-0.423225,-0.421186,60.0,60.0,18.208692,30.0,1.0,1.0,1.0,0.355548,17648.0,0.357946,1.0
17681.0,0.344622,0.336416,0.354774,0.354774,13.158438,-0.490503,-0.488384,60.0,60.0,17.416474,30.0,1.0,1.0,1.0,0.355548,17658.0,0.360927,1.0
17691.0,0.344654,0.336449,0.354849,0.354849,13.15807,-0.470582,-0.468407,60.0,60.0,17.651055,30.0,1.0,1.0,1.0,0.355548,17668.0,0.355194,1.0
17701.0,0.344686,0.33648,0.35492,0.35492,13.157674,-0.449522,-0.447247,60.0,60.0,17.89904,30.0,1.0,1.0,1.0,0.355992,17678.0,0.352335,1.0
17711.0,0.344718,0.336513,0.354996,0.354996,13.158522,-0.491686,-0.489443,60.0,60.0,17.402518,30.0,1.0,1.0,1.0,0.355992,17688.0,0.365754,1.0
17721.0,0.344748,0.336544,0.355067,0.355067,13.15686,-0.406447,-0.404408,60.0,60.0,18.406202,30.0,1.0,1.0,1.0,0.355992,17698.0,0.357855,1.0
17731.0,0.344779,0.336575,0.355141,0.355141,13.158413,-0.484907,-0.482902,60.0,60.0,17.482331,30.0,1.0,1.0,1.0,0.355992,17708.0,0.365135,1.0
17741.0,0.34481,0.336607,0.355214,0.355214,13.158656,-0.49645,-0.494427,60.0,60.0,17.346389,30.0,1.0,1.0,1.0,0.355992,17718.0,0.357808,1.0
17751.0,0.344842,0.336639,0.355285,0.355285,13.157893,-0.456609,-0.454577,60.0,60.0,17.815549,30.0,1.0,1.0,1.0,0.355992,17728.0,0.363686,1.0
17761.0,0.344873,0.336671,0.355358,0.355358,13.158463,-0.485049,-0.482881,60.0,60.0,17.480641,30.0,1.0,1.0,1.0,0.356434,17738.0,0.369717,1.0
17771.0,0.344904,0.336702,0.355426,0.355426,13.157155,-0.417699,-0.415683,60.0,60.0,18.273691,30.0,1.0,1.0,1.0,0.356434,17748.0,0.36453,1.0
17781.0,0.344935,0.336733,0.355498,0.355498,13.157726,-0.446202,-0.443987,60.0,60.0,17.938075,30.0,1.0,1.0,1.0,0.356434,17758.0,0.352924,1.0
17791.0,0.344965,0.336764,0.355564,0.355564,13.15707,-0.412398,-0.410367,60.0,60.0,18.336098,30.0,1.0,1.0,1.0,0.356434,17768.0,0.366614,1.0
17801.0,0.344997,0.336796,0.355638,0.355638,13.159339,-0.527233,-0.525056,60.0,60.0,16.983809,30.0,1.0,1.0,1.0,0.356434,17778.0,0.353892,1.0
17811.0,0.345027,0.336827,0.35571,0.35571,13.158241,-0.470709,-0.468532,60.0,60.0,17.649487,30.0,1.0,1.0,1.0,0.356434,17788.0,0.360762,1.0
17821.0,0.34506,0.33686,0.355783,0.355783,13.15787,-0.450493,-0.448348,60.0,60.0,17.887528,30.0,1.0,1.0,1.0,0.35686,17798.0,0.359406,1.0
17831.0,0.345092,0.336892,0.355853,0.355853,13.157368,-0.423893,-0.421934,60.0,60.0,18.200732,30.0,1.0,1.0,1.0,0.35686,17808.0,0.370291,1.0
17841.0,0.345123,0.336925,0.355925,0.355925,13.158504,-0.480927,-0.478686,60.0,60.0,17.529132,30.0,1.0,1.0,1.0,0.35686,17818.0,0.364678,1.0
17851.0,0.345155,0.336957,0.355994,0.355994,13.157265,-0.416948,-0.414853,60.0,60.0,18.282493,30.0,1.0,1.0,1.0,0.35686,17828.0,0.366594,1.0
17861.0,0.345185,0.336988,0.356059,0.356059,13.157787,-0.443202,-0.440955,60.0,60.0,17.973355,30.0,1.0,1.0,1.0,0.35686,17838.0,0.367271,1.0
17871.0,0.345217,0.33702,0.356131,0.356131,13.157985,-0.452364,-0.450279,60.0,60.0,17.865468,30.0,1.0,1.0,1.0,0.35686,17848.0,0.362584,1.0
17881.0,0.345249,0.337052,0.356202,0.356202,13.157772,-0.44071,-0.438567,60.0,60.0,18.002684,30.0,1.0,1.0,1.0,0.357283,17858.0,0.358359,1.0
17891.0,0.345281,0.337084,0.356271,0.356271,13.158266,-0.464934,-0.462759,60.0,60.0,17.717439,30.0,1.0,1.0,1.0,0.357283,17868.0,0.35837,1.0
17901.0,0.345312,0.337116,0.356339,0.356339,13.15795,-0.448242,-0.446229,60.0,60.0,17.913981,30.0,1.0,1.0,1.0,0.357283,17878.0,0.365782,1.0
17911.0,0.345343,0.337147,0.356408,0.356408,13.15832,-0.466596,-0.464462,60.0,60.0,17.697857,30.0,1.0,1.0,1.0,0.357283,17888.0,0.353933,1.0
17921.0,0.345374,0.337179,0.356476,0.356476,13.157369,-0.417101,-0.41506,60.0,60.0,18.280649,30.0,1.0,1.0,1.0,0.357283,17898.0,0.353811,1.0
17931.0,0.345406,0.337212,0.356544,0.356544,13.157905,-0.443541,-0.441287,60.0,60.0,17.969322,30.0,1.0,1.0,1.0,0.357283,17908.0,0.357457,1.0
17941.0,0.345438,0.337244,0.356613,0.356613,13.158394,-0.467663,-0.465832,60.0,60.0,17.685271,30.0,1.0,1.0,1.0,0.3577,17918.0,0.35758,1.0
17951.0,0.345469,0.337276,0.35668,0.35668,13.157545,-0.423745,-0.421726,60.0,60.0,18.2024,30.0,1.0,1.0,1.0,0.3577,17928.0,0.363023,1.0
17961.0,0.3455,0.337307,0.356747,0.356747,13.157269,-0.408992,-0.40692,60.0,60.0,18.376107,30.0,1.0,1.0,1.0,0.3577,17938.0,0.347771,1.0
17971.0,0.345531,0.337338,0.356811,0.356811,13.157185,-0.404539,-0.40231,60.0,60.0,18.428536,30.0,1.0,1.0,1.0,0.3577,17948.0,0.359136,1.0
17981.0,0.345562,0.33737,0.356878,0.356878,13.159045,-0.498596,-0.496441,60.0,60.0,17.320962,30.0,1.0,1.0,1.0,0.3577,17958.0,0.358303,1.0
17991.0,0.345593,0.337401,0.356948,0.356948,13.15707,-0.397307,-0.395105,60.0,60.0,18.513673,30.0,1.0,1.0,1.0,0.3577,17968.0,0.358553,1.0
18001.0,0.345624,0.337433,0.357017,0.357017,13.156914,-0.388632,-0.386383,60.0,60.0,18.615795,30.0,1.0,1.0,1.0,0.358101,17978.0,0.363962,1.0
18011.0,0.345655,0.337464,0.35708,0.35708,13.157867,-0.436813,-0.434559,60.0,60.0,18.04851,30.0,1.0,1.0,1.0,0.358101,17988.0,0.351381,1.0
18021.0,0.345687,0.337497,0.357146,0.357146,13.157746,-0.429664,-0.427437,60.0,60.0,18.132681,30.0,1.0,1.0,1.0,0.358101,17998.0,0.369061,1.0
18031.0,0.345719,0.337529,0.357211,0.357211,13.159059,-0.495748,-0.493596,60.0,60.0,17.354468,30.0,1.0,1.0,1.0,0.358101,18008.0,0.358482,1.0
18041.0,0.34575,0.337561,0.357276,0.357276,13.157649,-0.423167,-0.421124,60.0,60.0,18.209168,30.0,1.0,1.0,1.0,0.358101,18018.0,0.367704,1.0
18051.0,0.345782,0.337593,0.35734,0.35734,13.158746,-0.478317,-0.476111,60.0,60.0,17.559737,30.0,1.0,1.0,1.0,0.358101,18028.0,0.36626,1.0
18061.0,0.345813,0.337624,0.357406,0.357406,13.158546,-0.467618,-0.4655,60.0,60.0,17.685729,30.0,1.0,1.0,1.0,0.358491,18038.0,0.350742,1.0
18071.0,0.345844,0.337656,0.35747,0.35747,13.158322,-0.45571,-0.453581,60.0,60.0,17.825952,30.0,1.0,1.0,1.0,0.358491,18048.0,0.357339,1.0
18081.0,0.345874,0.337686,0.357535,0.357535,13.158107,-0.444458,-0.442222,60.0,60.0,17.958451,30.0,1.0,1.0,1.0,0.358491,18058.0,0.361492,1.0
18091.0,0.345905,0.337717,0.357599,0.357599,13.157269,-0.401239,-0.399029,60.0,60.0,18.467334,30.0,1.0,1.0,1.0,0.358491,18068.0,0.366867,1.0
18101.0,0.345937,0.33775,0.357663,0.357663,13.158832,-0.480118,-0.47798,60.0,60.0,17.538514,30.0,1.0,1.0,1.0,0.358491,18078.0,0.351388,1.0
18111.0,0.345967,0.33778,0.357725,0.357725,13.15796,-0.435424,-0.43323,60.0,60.0,18.064814,30.0,1.0,1.0,1.0,0.358491,18088.0,0.353617,1.0
18121.0,0.345999,0.337813,0.357788,0.357788,13.159686,-0.522502,-0.520425,60.0,60.0,17.039329,30.0,1.0,1.0,1.0,0.358866,18098.0,0.361844,1.0
18131.0,0.346031,0.337845,0.357853,0.357853,13.158212,-0.446455,-0.444319,60.0,60.0,17.934906,30.0,1.0,1.0,1.0,0.358866,18108.0,0.360983,1.0
18141.0,0.34606,0.337875,0.357918,0.357918,13.158016,-0.436301,-0.434268,60.0,60.0,18.05448,30.0,1.0,1.0,1.0,0.358866,18118.0,0.366161,1.0
18151.0,0.346091,0.337907,0.35798,0.35798,13.158244,-0.44737,-0.445191,60.0,60.0,17.924125,30.0,1.0,1.0,1.0,0.358866,18128.0,0.356902,1.0
18161.0,0.346123,0.337939,0.358043,0.358043,13.15816,-0.442106,-0.439979,60.0,60.0,17.986102,30.0,1.0,1.0,1.0,0.358866,18138.0,0.364461,1.0
18171.0,0.346154,0.33797,0.358108,0.358108,13.158901,-0.479454,-0.477274,60.0,60.0,17.546296,30.0,1.0,1.0,1.0,0.358866,18148.0,0.357954,1.0
18181.0,0.346184,0.338001,0.358169,0.358169,13.156601,-0.361761,-0.359761,60.0,60.0,18.932072,30.0,1.0,1.0,1.0,0.359249,18158.0,0.358533,1.0
18191.0,0.346216,0.338033,0.358233,0.358233,13.157718,-0.417836,-0.415683,60.0,60.0,18.271876,30.0,1.0,1.0,1.0,0.359249,18168.0,0.358529,1.0
18201.0,0.346247,0.338065,0.358295,0.358295,13.157553,-0.408898,-0.40665,60.0,60.0,18.377107,30.0,1.0,1.0,1.0,0.359249,18178.0,0.36857,1.0
18211.0,0.34628,0.338098,0.358359,0.358359,13.158383,-0.450164,-0.448202,60.0,60.0,17.891194,30.0,1.0,1.0,1.0,0.359249,18188.0,0.342184,1.0
18221.0,0.34631,0.338129,0.35842,0.35842,13.157688,-0.414167,-0.412153,60.0,60.0,18.315058,30.0,1.0,1.0,1.0,0.359249,18198.0,0.363186,1.0
18231.0,0.346341,0.33816,0.358479,0.358479,13.15861,-0.460833,-0.458813,60.0,60.0,17.765555,30.0,1.0,1.0,1.0,0.359249,18208.0,0.358993,1.0
18241.0,0.346373,0.338192,0.35854,0.35854,13.159059,-0.482856,-0.480825,60.0,60.0,17.506195,30.0,1.0,1.0,1.0,0.359621,18218.0,0.367256,1.0
18251.0,0.346405,0.338225,0.358603,0.358603,13.158083,-0.431977,-0.430012,60.0,60.0,18.105327,30.0,1.0,1.0,1.0,0.359621,18228.0,0.354934,1.0
18261.0,0.346437,0.338258,0.358665,0.358665,13.158931,-0.474267,-0.47229,60.0,60.0,17.607327,30.0,1.0,1.0,1.0,0.359621,18238.0,0.357641,1.0
18271.0,0.346468,0.338289,0.358725,0.358725,13.158671,-0.460705,-0.458585,60.0,60.0,17.767038,30.0,1.0,1.0,1.0,0.359621,18248.0,0.354963,1.0
18281.0,0.346499,0.33832,0.358786,0.358786,13.158355,-0.443989,-0.442035,60.0,60.0,17.963865,30.0,1.0,1.0,1.0,0.359621,18258.0,0.36448,1.0
18291.0,0.34653,0.338351,0.358844,0.358844,13.158792,-0.465809,-0.463776,60.0,60.0,17.706913,30.0,1.0,1.0,1.0,0.359621,18268.0,0.3515,1.0
18301.0,0.34656,0.338382,0.358904,0.358904,13.157678,-0.408696,-0.406588,60.0,60.0,18.37944,30.0,1.0,1.0,1.0,0.359981,18278.0,0.364328,1.0
18311.0,0.34659,0.338413,0.358965,0.358965,13.158561,-0.453395,-0.451089,60.0,60.0,17.853103,30.0,1.0,1.0,1.0,0.359981,18288.0,0.364822,1.0
18321.0,0.34662,0.338444,0.359025,0.359025,13.157673,-0.407769,-0.40557,60.0,60.0,18.390349,30.0,1.0,1.0,1.0,0.359981,18298.0,0.346931,1.0
18331.0,0.346652,0.338476,0.359088,0.359088,13.157876,-0.417173,-0.414998,60.0,60.0,18.279617,30.0,1.0,1.0,1.0,0.359981,18308.0,0.357976,1.0
18341.0,0.346683,0.338507,0.359146,0.359146,13.157522,-0.398645,-0.396517,60.0,60.0,18.497762,30.0,1.0,1.0,1.0,0.359981,18318.0,0.354277,1.0
18351.0,0.346714,0.338538,0.359204,0.359204,13.159426,-0.495276,-0.493118,60.0,60.0,17.359864,30.0,1.0,1.0,1.0,0.359981,18328.0,0.361268,1.0
18361.0,0.346745,0.33857,0.359264,0.359264,13.158724,-0.458715,-0.456508,60.0,60.0,17.790434,30.0,1.0,1.0,1.0,0.360341,18338.0,0.366807,1.0
18371.0,0.346777,0.338602,0.359323,0.359323,13.158338,-0.438316,-0.436096,60.0,60.0,18.030631,30.0,1.0,1.0,1.0,0.360341,18348.0,0.366532,1.0
18381.0,0.346808,0.338633,0.359382,0.359382,13.159669,-0.505637,-0.503335,60.0,60.0,17.237822,30.0,1.0,1.0,1.0,0.360341,18358.0,0.352795,1.0
18391.0,0.346838,0.338664,0.35944,0.35944,13.158439,-0.442596,-0.440436,60.0,60.0,17.980225,30.0,1.0,1.0,1.0,0.360341,18368.0,0.360802,1.0
18401.0,0.346868,0.338695,0.359501,0.359501,13.157542,-0.396298,-0.394212,60.0,60.0,18.525379,30.0,1.0,1.0,1.0,0.360341,18378.0,0.365148,1.0
18411.0,0.346899,0.338727,0.359558,0.359558,13.158293,-0.434009,-0.431964,60.0,60.0,18.081343,30.0,1.0,1.0,1.0,0.360341,18388.0,0.370992,1.0
18421.0,0.34693,0.338758,0.359618,0.359618,13.159492,-0.494618,-0.492308,60.0,60.0,17.367577,30.0,1.0,1.0,1.0,0.360692,18398.0,0.35505,1.0
18431.0,0.346961,0.338789,0.359676,0.359676,13.157478,-0.391392,-0.389207,60.0,60.0,18.583131,30.0,1.0,1.0,1.0,0.360692,18408.0,0.353895,1.0
18441.0,0.346992,0.33882,0.359734,0.359734,13.158126,-0.4238,-0.421601,60.0,60.0,18.20154,30.0,1.0,1.0,1.0,0.360692,18418.0,0.355078,1.0
18451.0,0.347023,0.338851,0.359793,0.359793,13.159602,-0.498654,-0.496545,60.0,60.0,17.320033,30.0,1.0,1.0,1.0,0.360692,18428.0,0.35484,1.0
18461.0,0.347054,0.338883,0.359852,0.359852,13.158278,-0.430288,-0.428101,60.0,60.0,18.125128,30.0,1.0,1.0,1.0,0.360692,18438.0,0.356512,1.0
18471.0,0.347085,0.338914,0.359909,0.359909,13.157647,-0.397591,-0.395395,60.0,60.0,18.510127,30.0,1.0,1.0,1.0,0.360692,18448.0,0.372042,1.0
18481.0,0.347116,0.338946,0.359968,0.359968,13.158132,-0.421649,-0.419546,60.0,60.0,18.226845,30.0,1.0,1.0,1.0,0.361042,18458.0,0.35867,1.0
18491.0,0.347146,0.338977,0.360026,0.360026,13.157671,-0.397763,-0.395686,60.0,60.0,18.508093,30.0,1.0,1.0,1.0,0.361042,18468.0,0.357941,1.0
18501.0,0.347177,0.339009,0.360079,0.360079,13.15866,-0.44748,-0.445295,60.0,60.0,17.922669,30.0,1.0,1.0,1.0,0.361042,18478.0,0.362395,1.0
18511.0,0.347209,0.33904,0.360135,0.360135,13.158764,-0.451979,-0.449926,60.0,60.0,17.869682,30.0,1.0,1.0,1.0,0.361042,18488.0,0.365529,1.0
18521.0,0.347241,0.339073,0.360191,0.360191,13.158541,-0.439511,-0.437487,60.0,60.0,18.016494,30.0,1.0,1.0,1.0,0.361042,18498.0,0.354913,1.0
18531.0,0.347274,0.339106,0.360249,0.360249,13.157984,-0.409907,-0.407751,60.0,60.0,18.36508,30.0,1.0,1.0,1.0,0.361042,18508.0,0.359559,1.0
18541.0,0.347305,0.339138,0.360309,0.360309,13.157023,-0.360113,-0.357892,60.0,60.0,18.951326,30.0,1.0,1.0,1.0,0.361394,18518.0,0.361906,1.0
18551.0,0.347336,0.33917,0.360366,0.360366,13.158415,-0.430508,-0.42835,60.0,60.0,18.122495,30.0,1.0,1.0,1.0,0.361394,18528.0,0.36279,1.0
18561.0,0.347367,0.339201,0.360423,0.360423,13.158359,-0.42724,-0.425215,60.0,60.0,18.160968,30.0,1.0,1.0,1.0,0.361394,18538.0,0.369062,1.0
18571.0,0.347398,0.339233,0.360481,0.360481,13.159415,-0.480286,-0.478063,60.0,60.0,17.536288,30.0,1.0,1.0,1.0,0.361394,18548.0,0.35418,1.0
18581.0,0.347429,0.339264,0.360538,0.360538,13.158702,-0.443568,-0.441412,60.0,60.0,17.968685,30.0,1.0,1.0,1.0,0.361394,18558.0,0.358489,1.0
18591.0,0.34746,0.339295,0.360592,0.360592,13.158848,-0.45029,-0.448202,60.0,60.0,17.889519,30.0,1.0,1.0,1.0,0.361394,18568.0,0.354007,1.0
18601.0,0.347491,0.339327,0.36065,0.36065,13.158686,-0.441419,-0.439294,60.0,60.0,17.993987,30.0,1.0,1.0,1.0,0.361731,18578.0,0.352652,1.0
18611.0,0.347523,0.339359,0.360705,0.360705,13.158002,-0.405721,-0.403577,60.0,60.0,18.41433,30.0,1.0,1.0,1.0,0.361731,18588.0,0.361343,1.0
18621.0,0.347554,0.339391,0.36076,0.36076,13.158966,-0.454071,-0.452044,60.0,60.0,17.844983,30.0,1.0,1.0,1.0,0.361731,18598.0,0.354725,1.0
18631.0,0.347586,0.339424,0.360814,0.360814,13.158396,-0.42406,-0.421768,60.0,60.0,18.198374,30.0,1.0,1.0,1.0,0.361731,18608.0,0.357416,1.0
18641.0,0.347619,0.339457,0.360873,0.360873,13.158361,-0.421097,-0.418943,60.0,60.0,18.233258,30.0,1.0,1.0,1.0,0.361731,18618.0,0.365583,1.0
18651.0,0.34765,0.339488,0.360926,0.360926,13.157749,-0.389374,-0.387297,60.0,60.0,18.606779,30.0,1.0,1.0,1.0,0.361731,18628.0,0.357059,1.0
18661.0,0.347681,0.339519,0.36098,0.36098,13.159528,-0.479656,-0.47744,60.0,60.0,17.543653,30.0,1.0,1.0,1.0,0.362066,18638.0,0.35777,1.0
18671.0,0.347711,0.33955,0.361033,0.361033,13.159057,-0.455341,-0.45329,60.0,60.0,17.829998,30.0,1.0,1.0,1.0,0.362066,18648.0,0.356287,1.0
18681.0,0.347742,0.339581,0.361085,0.361085,13.159233,-0.463937,-0.461949,60.0,60.0,17.728765,30.0,1.0,1.0,1.0,0.362066,18658.0,0.363155,1.0
18691.0,0.347772,0.339612,0.361138,0.361138,13.159144,-0.458931,-0.456758,60.0,60.0,17.787712,30.0,1.0,1.0,1.0,0.362066,18668.0,0.354961,1.0
18701.0,0.347803,0.339643,0.36119,0.36119,13.159072,-0.454782,-0.452646,60.0,60.0,17.836568,30.0,1.0,1.0,1.0,0.362066,18678.0,0.362866,1.0
18711.0,0.347834,0.339675,0.361248,0.361248,13.157938,-0.396401,-0.394398,60.0,60.0,18.524023,30.0,1.0,1.0,1.0,0.362066,18688.0,0.350545,1.0
18721.0,0.347865,0.339706,0.361303,0.361303,13.158762,-0.437843,-0.435701,60.0,60.0,18.036039,30.0,1.0,1.0,1.0,0.362379,18698.0,0.354465,1.0
18731.0,0.347894,0.339736,0.361356,0.361356,13.158556,-0.427314,-0.425235,60.0,60.0,18.160017,30.0,1.0,1.0,1.0,0.362379,18708.0,0.353033,1.0
18741.0,0.347925,0.339767,0.36141,0.36141,13.158625,-0.430399,-0.42808,60.0,60.0,18.123696,30.0,1.0,1.0,1.0,0.362379,18718.0,0.359665,1.0
18751.0,0.347956,0.339799,0.361466,0.361466,13.15864,-0.430368,-0.428226,60.0,60.0,18.124048,30.0,1.0,1.0,1.0,0.362379,18728.0,0.357466,1.0
18761.0,0.347988,0.339831,0.361519,0.361519,13.158539,-0.424249,-0.422079,60.0,60.0,18.196098,30.0,1.0,1.0,1.0,0.362379,18738.0,0.361541,1.0
18771.0,0.348019,0.339862,0.361573,0.361573,13.159134,-0.454011,-0.45194,60.0,60.0,17.845613,30.0,1.0,1.0,1.0,0.362379,18748.0,0.361284,1.0
18781.0,0.34805,0.339894,0.361626,0.361626,13.159206,-0.457021,-0.455055,60.0,60.0,17.810167,30.0,1.0,1.0,1.0,0.362701,18758.0,0.356574,1.0
18791.0,0.348082,0.339927,0.361681,0.361681,13.159107,-0.450914,-0.44895,60.0,60.0,17.882076,30.0,1.0,1.0,1.0,0.362701,18768.0,0.361471,1.0
18801.0,0.348114,0.339958,0.361733,0.361733,13.15931,-0.460537,-0.45846,60.0,60.0,17.768741,30.0,1.0,1.0,1.0,0.362701,18778.0,0.357719,1.0
18811.0,0.348145,0.339991,0.361786,0.361786,13.159323,-0.460408,-0.458066,60.0,60.0,17.770256,30.0,1.0,1.0,1.0,0.362701,18788.0,0.364537,1.0
18821.0,0.348176,0.340022,0.361839,0.361839,13.158732,-0.429798,-0.427665,60.0,60.0,18.13072,30.0,1.0,1.0,1.0,0.362701,18798.0,0.361241,1.0
18831.0,0.348207,0.340053,0.361892,0.361892,13.158089,-0.396422,-0.394253,60.0,60.0,18.523722,30.0,1.0,1.0,1.0,0.362701,18808.0,0.366968,1.0
18841.0,0.348239,0.340086,0.361944,0.361944,13.159624,-0.473693,-0.47148,60.0,60.0,17.613791,30.0,1.0,1.0,1.0,0.363027,18818.0,0.353859,1.0
18851.0,0.348269,0.340116,0.361997,0.361997,13.158024,-0.391713,-0.389477,60.0,60.0,18.579154,30.0,1.0,1.0,1.0,0.363027,18828.0,0.358815,1.0
18861.0,0.348301,0.340149,0.362049,0.362049,13.159262,-0.454063,-0.451919,60.0,60.0,17.844953,30.0,1.0,1.0,1.0,0.363027,18838.0,0.364958,1.0
18871.0,0.348333,0.34018,0.362105,0.362105,13.158277,-0.403094,-0.401147,60.0,60.0,18.445136,30.0,1.0,1.0,1.0,0.363027,18848.0,0.36174,1.0
18881.0,0.348366,0.340214,0.362158,0.362158,13.158872,-0.432038,-0.430012,60.0,60.0,18.104302,30.0,1.0,1.0,1.0,0.363027,18858.0,0.362805,1.0
18891.0,0.348397,0.340246,0.362206,0.362206,13.158877,-0.431741,-0.429762,60.0,60.0,18.107796,30.0,1.0,1.0,1.0,0.363027,18868.0,0.355644,1.0
18901.0,0.348427,0.340276,0.362255,0.362255,13.158576,-0.416302,-0.414084,60.0,60.0,18.289599,30.0,1.0,1.0,1.0,0.363339,18878.0,0.354633,1.0
18911.0,0.348458,0.340308,0.362309,0.362309,13.158765,-0.425137,-0.423076,60.0,60.0,18.185559,30.0,1.0,1.0,1.0,0.363339,18888.0,0.359584,1.0
18921.0,0.34849,0.34034,0.362361,0.362361,13.159923,-0.483512,-0.481365,60.0,60.0,17.498099,30.0,1.0,1.0,1.0,0.363339,18898.0,0.362972,1.0
18931.0,0.348521,0.340372,0.362411,0.362411,13.158847,-0.427969,-0.425838,60.0,60.0,18.1522,30.0,1.0,1.0,1.0,0.363339,18908.0,0.352913,1.0
18941.0,0.348552,0.340403,0.362462,0.362462,13.159169,-0.443833,-0.441744,60.0,60.0,17.965384,30.0,1.0,1.0,1.0,0.363339,18918.0,0.369086,1.0
18951.0,0.348583,0.340434,0.362512,0.362512,13.159012,-0.435339,-0.433168,60.0,60.0,18.065401,30.0,1.0,1.0,1.0,0.363339,18928.0,0.360574,1.0
18961.0,0.348614,0.340466,0.362562,0.362562,13.160612,-0.516381,-0.514299,60.0,60.0,17.11094,30.0,1.0,1.0,1.0,0.363644,18938.0,0.364524,1.0
18971.0,0.348645,0.340498,0.362616,0.362616,13.158517,-0.408652,-0.406712,60.0,60.0,18.379647,30.0,1.0,1.0,1.0,0.363644,18948.0,0.354436,1.0
18981.0,0.348676,0.340528,0.362666,0.362666,13.159178,-0.442156,-0.44,60.0,60.0,17.985111,30.0,1.0,1.0,1.0,0.363644,18958.0,0.353645,1.0
18991.0,0.348706,0.34056,0.362716,0.362716,13.157967,-0.379859,-0.377807,60.0,60.0,18.718665,30.0,1.0,1.0,1.0,0.363644,18968.0,0.357963,1.0
19001.0,0.348737,0.340591,0.362763,0.362763,13.159437,-0.454379,-0.452355,60.0,60.0,17.841165,30.0,1.0,1.0,1.0,0.363644,18978.0,0.357354,1.0
19011.0,0.348768,0.340623,0.362813,0.362813,13.159899,-0.477255,-0.475239,60.0,60.0,17.571748,30.0,1.0,1.0,1.0,0.363644,18988.0,0.367621,1.0
19021.0,0.3488,0.340655,0.362864,0.362864,13.159538,-0.457895,-0.455844,60.0,60.0,17.799748,30.0,1.0,1.0,1.0,0.363944,18998.0,0.352418,1.0
19031.0,0.348832,0.340688,0.362914,0.362914,13.15877,-0.417762,-0.415621,60.0,60.0,18.272347,30.0,1.0,1.0,1.0,0.363944,19008.0,0.353101,1.0
19041.0,0.348863,0.340719,0.362963,0.362963,13.159696,-0.464457,-0.462385,60.0,60.0,17.722448,30.0,1.0,1.0,1.0,0.363944,19018.0,0.365131,1.0
19051.0,0.348895,0.340751,0.363014,0.363014,13.159533,-0.455385,-0.453228,60.0,60.0,17.829289,30.0,1.0,1.0,1.0,0.363944,19028.0,0.366127,1.0
19061.0,0.348925,0.340782,0.363063,0.363063,13.158548,-0.404777,-0.40258,60.0,60.0,18.425243,30.0,1.0,1.0,1.0,0.363944,19038.0,0.355482,1.0
19071.0,0.348957,0.340814,0.363115,0.363115,13.159406,-0.447881,-0.44596,60.0,60.0,17.917648,30.0,1.0,1.0,1.0,0.363944,19048.0,0.355033,1.0
19081.0,0.348988,0.340846,0.363165,0.363165,13.159003,-0.426545,-0.424426,60.0,60.0,18.168897,30.0,1.0,1.0,1.0,0.364248,19058.0,0.356246,1.0
19091.0,0.349019,0.340877,0.363214,0.363214,13.159313,-0.441648,-0.439522,60.0,60.0,17.991044,30.0,1.0,1.0,1.0,0.364248,19068.0,0.355741,1.0
19101.0,0.349049,0.340907,0.363262,0.363262,13.159022,-0.426925,-0.424696,60.0,60.0,18.164417,30.0,1.0,1.0,1.0,0.364248,19078.0,0.357784,1.0
19111.0,0.349079,0.340938,0.363306,0.363306,13.159409,-0.446324,-0.44434,60.0,60.0,17.935979,30.0,1.0,1.0,1.0,0.364248,19088.0,0.361048,1.0
19121.0,0.34911,0.340969,0.363353,0.363353,13.158753,-0.412169,-0.409952,60.0,60.0,18.338179,30.0,1.0,1.0,1.0,0.364248,19098.0,0.356323,1.0
19131.0,0.349142,0.341001,0.3634,0.3634,13.159467,-0.447876,-0.445876,60.0,60.0,17.917679,30.0,1.0,1.0,1.0,0.364248,19108.0,0.352931,1.0
19141.0,0.349173,0.341033,0.36345,0.36345,13.16012,-0.480386,-0.478209,60.0,60.0,17.534808,30.0,1.0,1.0,1.0,0.364529,19118.0,0.364404,1.0
19151.0,0.349204,0.341065,0.3635,0.3635,13.158118,-0.37764,-0.375502,60.0,60.0,18.744728,30.0,1.0,1.0,1.0,0.364529,19128.0,0.359644,1.0
19161.0,0.349234,0.341095,0.363549,0.363549,13.159108,-0.427878,-0.425775,60.0,60.0,18.15317,30.0,1.0,1.0,1.0,0.364529,19138.0,0.355547,1.0
19171.0,0.349264,0.341126,0.363596,0.363596,13.158896,-0.41678,-0.414562,60.0,60.0,18.283857,30.0,1.0,1.0,1.0,0.364529,19148.0,0.362822,1.0
19181.0,0.349296,0.341158,0.363646,0.363646,13.160124,-0.478502,-0.476257,60.0,60.0,17.556973,30.0,1.0,1.0,1.0,0.364529,19158.0,0.366066,1.0
19191.0,0.349327,0.34119,0.363694,0.363694,13.1588,-0.410315,-0.408311,60.0,60.0,18.359972,30.0,1.0,1.0,1.0,0.364529,19168.0,0.3643,1.0
19201.0,0.349358,0.341221,0.363742,0.363742,13.159516,-0.44631,-0.444298,60.0,60.0,17.936099,30.0,1.0,1.0,1.0,0.364818,19178.0,0.36197,1.0
19211.0,0.349389,0.341252,0.363789,0.363789,13.15956,-0.447833,-0.44569,60.0,60.0,17.918155,30.0,1.0,1.0,1.0,0.364818,19188.0,0.35287,1.0
19221.0,0.349421,0.341285,0.363839,0.363839,13.160378,-0.488746,-0.486743,60.0,60.0,17.436302,30.0,1.0,1.0,1.0,0.364818,19198.0,0.365339,1.0
19231.0,0.349452,0.341316,0.363888,0.363888,13.158519,-0.393237,-0.391138,60.0,60.0,18.561055,30.0,1.0,1.0,1.0,0.364818,19208.0,0.359525,1.0
19241.0,0.349482,0.341346,0.363933,0.363933,13.159225,-0.429096,-0.427001,60.0,60.0,18.13879,30.0,1.0,1.0,1.0,0.364818,19218.0,0.361017,1.0
19251.0,0.349511,0.341376,0.363977,0.363977,13.158944,-0.414618,-0.412548,60.0,60.0,18.309278,30.0,1.0,1.0,1.0,0.364818,19228.0,0.352447,1.0
19261.0,0.349541,0.341407,0.364024,0.364024,13.159107,-0.422625,-0.420605,60.0,60.0,18.214991,30.0,1.0,1.0,1.0,0.365093,19238.0,0.367217,1.0
19271.0,0.349572,0.341438,0.364073,0.364073,13.160283,-0.482052,-0.479932,60.0,60.0,17.515125,30.0,1.0,1.0,1.0,0.365093,19248.0,0.359529,1.0
19281.0,0.349603,0.341469,0.36412,0.36412,13.159118,-0.422118,-0.419919,60.0,60.0,18.220961,30.0,1.0,1.0,1.0,0.365093,19258.0,0.35637,1.0
19291.0,0.349635,0.341502,0.364168,0.364168,13.159175,-0.423812,-0.421643,60.0,60.0,18.200992,30.0,1.0,1.0,1.0,0.365093,19268.0,0.364884,1.0
19301.0,0.349666,0.341533,0.364211,0.364211,13.160122,-0.471497,-0.469508,60.0,60.0,17.639416,30.0,1.0,1.0,1.0,0.365093,19278.0,0.349475,1.0
19311.0,0.349697,0.341565,0.364257,0.364257,13.159117,-0.419697,-0.417635,60.0,60.0,18.24945,30.0,1.0,1.0,1.0,0.365093,19288.0,0.353615,1.0
19321.0,0.349728,0.341597,0.364303,0.364303,13.159575,-0.44217,-0.44,60.0,60.0,17.984798,30.0,1.0,1.0,1.0,0.365378,19298.0,0.355244,1.0
19331.0,0.34976,0.341629,0.364352,0.364352,13.161028,-0.515543,-0.513344,60.0,60.0,17.120605,30.0,1.0,1.0,1.0,0.365378,19308.0,0.360463,1.0
19341.0,0.349791,0.34166,0.364399,0.364399,13.159593,-0.441655,-0.439543,60.0,60.0,17.990849,30.0,1.0,1.0,1.0,0.365378,19318.0,0.352245,1.0
19351.0,0.349823,0.341693,0.364449,0.364449,13.159728,-0.447494,-0.445254,60.0,60.0,17.922079,30.0,1.0,1.0,1.0,0.365378,19328.0,0.359678,1.0
19361.0,0.349854,0.341724,0.364496,0.364496,13.159348,-0.427513,-0.425381,60.0,60.0,18.157372,30.0,1.0,1.0,1.0,0.365378,19338.0,0.356683,1.0
19371.0,0.349885,0.341755,0.364543,0.364543,13.159872,-0.453785,-0.45167,60.0,60.0,17.847982,30.0,1.0,1.0,1.0,0.365378,19348.0,0.358803,1.0
19381.0,0.349915,0.341786,0.36459,0.36459,13.159078,-0.412738,-0.410699,60.0,60.0,18.331358,30.0,1.0,1.0,1.0,0.365669,19358.0,0.35191,1.0
19391.0,0.349946,0.341818,0.364636,0.364636,13.159941,-0.456192,-0.454079,60.0,60.0,17.819628,30.0,1.0,1.0,1.0,0.365669,19368.0,0.360006,1.0
19401.0,0.349978,0.34185,0.364683,0.364683,13.159711,-0.443506,-0.44135,60.0,60.0,17.969016,30.0,1.0,1.0,1.0,0.365669,19378.0,0.353133,1.0
19411.0,0.35001,0.341882,0.364731,0.364731,13.159595,-0.436751,-0.434476,60.0,60.0,18.048564,30.0,1.0,1.0,1.0,0.365669,19388.0,0.358205,1.0
19421.0,0.350042,0.341914,0.364776,0.364776,13.159376,-0.424602,-0.422391,60.0,60.0,18.191626,30.0,1.0,1.0,1.0,0.365669,19398.0,0.365793,1.0
19431.0,0.350072,0.341946,0.36482,0.36482,13.15948,-0.429419,-0.427312,60.0,60.0,18.134894,30.0,1.0,1.0,1.0,0.365669,19408.0,0.361726,1.0
19441.0,0.350103,0.341977,0.364864,0.364864,13.159262,-0.417875,-0.415808,60.0,60.0,18.270836,30.0,1.0,1.0,1.0,0.365945,19418.0,0.351635,1.0
19451.0,0.350134,0.342009,0.364912,0.364912,13.160136,-0.461689,-0.459499,60.0,60.0,17.754852,30.0,1.0,1.0,1.0,0.365945,19428.0,0.365812,1.0
19461.0,0.350166,0.34204,0.364956,0.364956,13.160275,-0.468073,-0.466061,60.0,60.0,17.679659,30.0,1.0,1.0,1.0,0.365945,19438.0,0.359357,1.0
19471.0,0.350196,0.342071,0.365003,0.365003,13.159145,-0.40998,-0.407958,60.0,60.0,18.363795,30.0,1.0,1.0,1.0,0.365945,19448.0,0.373112,1.0
19481.0,0.350227,0.342102,0.365047,0.365047,13.158425,-0.372739,-0.37085,60.0,60.0,18.802298,30.0,1.0,1.0,1.0,0.365945,19458.0,0.357964,1.0
19491.0,0.350258,0.342134,0.365094,0.365094,13.159339,-0.418778,-0.416763,60.0,60.0,18.260182,30.0,1.0,1.0,1.0,0.365945,19468.0,0.356311,1.0
19501.0,0.350289,0.342166,0.36514,0.36514,13.159928,-0.447989,-0.446001,60.0,60.0,17.916172,30.0,1.0,1.0,1.0,0.366221,19478.0,0.360663,1.0
19511.0,0.35032,0.342197,0.365186,0.365186,13.159567,-0.42902,-0.426959,60.0,60.0,18.139559,30.0,1.0,1.0,1.0,0.366221,19488.0,0.357461,1.0
19521.0,0.350351,0.342228,0.365231,0.365231,13.159211,-0.410444,-0.408187,60.0,60.0,18.358309,30.0,1.0,1.0,1.0,0.366221,19498.0,0.357387,1.0
19531.0,0.350382,0.34226,0.365276,0.365276,13.160645,-0.483017,-0.480638,60.0,60.0,17.503616,30.0,1.0,1.0,1.0,0.366221,19508.0,0.355511,1.0
19541.0,0.350414,0.342292,0.365323,0.365323,13.160029,-0.450581,-0.448514,60.0,60.0,17.885624,30.0,1.0,1.0,1.0,0.366221,19518.0,0.359201,1.0
19551.0,0.350446,0.342325,0.36537,0.36537,13.160947,-0.496398,-0.494177,60.0,60.0,17.345981,30.0,1.0,1.0,1.0,0.366221,19528.0,0.349309,1.0
19561.0,0.350477,0.342356,0.365415,0.365415,13.159435,-0.418617,-0.416555,60.0,60.0,18.262037,30.0,1.0,1.0,1.0,0.366497,19538.0,0.350474,1.0
19571.0,0.350507,0.342387,0.365457,0.365457,13.159468,-0.419947,-0.418071,60.0,60.0,18.246368,30.0,1.0,1.0,1.0,0.366497,19548.0,0.364995,1.0
19581.0,0.350538,0.342418,0.365498,0.365498,13.160372,-0.465682,-0.463444,60.0,60.0,17.707753,30.0,1.0,1.0,1.0,0.366497,19558.0,0.35669,1.0
19591.0,0.350568,0.342449,0.36554,0.36554,13.159342,-0.412783,-0.410679,60.0,60.0,18.330731,30.0,1.0,1.0,1.0,0.366497,19568.0,0.358757,1.0
19601.0,0.3506,0.34248,0.365585,0.365585,13.159939,-0.442491,-0.440394,60.0,60.0,17.980869,30.0,1.0,1.0,1.0,0.366497,19578.0,0.364605,1.0
19611.0,0.350629,0.342511,0.365629,0.365629,13.15923,-0.406104,-0.404034,60.0,60.0,18.409368,30.0,1.0,1.0,1.0,0.366497,19588.0,0.358613,1.0
19621.0,0.350661,0.342543,0.365675,0.365675,13.1604,-0.464821,-0.4628,60.0,60.0,17.717881,30.0,1.0,1.0,1.0,0.366752,19598.0,0.354403,1.0
19631.0,0.350693,0.342575,0.36572,0.36572,13.160619,-0.475231,-0.473017,60.0,60.0,17.595262,30.0,1.0,1.0,1.0,0.366752,19608.0,0.35705,1.0
19641.0,0.350724,0.342606,0.365764,0.365764,13.15995,-0.440518,-0.438318,60.0,60.0,18.004086,30.0,1.0,1.0,1.0,0.366752,19618.0,0.359556,1.0
19651.0,0.350755,0.342638,0.365808,0.365808,13.160124,-0.448819,-0.446603,60.0,60.0,17.906318,30.0,1.0,1.0,1.0,0.366752,19628.0,0.351876,1.0
19661.0,0.350785,0.342669,0.365851,0.365851,13.159988,-0.441264,-0.43919,60.0,60.0,17.995289,30.0,1.0,1.0,1.0,0.366752,19638.0,0.365849,1.0
19671.0,0.350817,0.342701,0.365897,0.365897,13.16031,-0.456904,-0.454806,60.0,60.0,17.811092,30.0,1.0,1.0,1.0,0.366752,19648.0,0.356862,1.0
19681.0,0.350847,0.342732,0.365938,0.365938,13.15983,-0.432088,-0.429742,60.0,60.0,18.103353,30.0,1.0,1.0,1.0,0.367016,19658.0,0.359754,1.0
19691.0,0.350879,0.342764,0.365983,0.365983,13.159217,-0.400007,-0.397908,60.0,60.0,18.481133,30.0,1.0,1.0,1.0,0.367016,19668.0,0.354707,1.0
19701.0,0.35091,0.342795,0.366028,0.366028,13.160139,-0.446284,-0.444215,60.0,60.0,17.936149,30.0,1.0,1.0,1.0,0.367016,19678.0,0.355327,1.0
19711.0,0.350941,0.342827,0.366071,0.366071,13.158158,-0.344672,-0.342651,60.0,60.0,19.132669,30.0,1.0,1.0,1.0,0.367016,19688.0,0.361199,1.0
19721.0,0.350972,0.342858,0.366112,0.366112,13.160478,-0.462461,-0.460371,60.0,60.0,17.745616,30.0,1.0,1.0,1.0,0.367016,19698.0,0.361478,1.0
19731.0,0.351004,0.342891,0.366157,0.366157,13.160265,-0.450552,-0.448431,60.0,60.0,17.885869,30.0,1.0,1.0,1.0,0.367016,19708.0,0.360284,1.0
19741.0,0.351036,0.342923,0.366203,0.366203,13.16071,-0.472214,-0.470172,60.0,60.0,17.630731,30.0,1.0,1.0,1.0,0.367285,19718.0,0.360192,1.0
19751.0,0.351068,0.342955,0.366245,0.366245,13.160952,-0.48382,-0.481718,60.0,60.0,17.494033,30.0,1.0,1.0,1.0,0.367285,19728.0,0.35558,1.0
19761.0,0.351099,0.342987,0.36629,0.36629,13.160098,-0.439534,-0.437321,60.0,60.0,18.01561,30.0,1.0,1.0,1.0,0.367285,19738.0,0.36295,1.0
19771.0,0.351131,0.34302,0.366335,0.366335,13.160935,-0.481146,-0.47906,60.0,60.0,17.525507,30.0,1.0,1.0,1.0,0.367285,19748.0,0.358466,1.0
19781.0,0.351162,0.343052,0.366377,0.366377,13.161018,-0.484748,-0.48259,60.0,60.0,17.483074,30.0,1.0,1.0,1.0,0.367285,19758.0,0.356246,1.0
19791.0,0.351193,0.343082,0.36642,0.36642,13.16055,-0.4605,-0.458419,60.0,60.0,17.768669,30.0,1.0,1.0,1.0,0.367285,19768.0,0.366623,1.0
19801.0,0.351224,0.343113,0.366461,0.366461,13.15973,-0.41824,-0.416182,60.0,60.0,18.26637,30.0,1.0,1.0,1.0,0.367544,19778.0,0.36618,1.0
19811.0,0.351255,0.343145,0.366506,0.366506,13.160914,-0.477948,-0.475696,60.0,60.0,17.563156,30.0,1.0,1.0,1.0,0.367544,19788.0,0.361847,1.0
19821.0,0.351286,0.343177,0.366548,0.366548,13.160317,-0.446707,-0.444402,60.0,60.0,17.931099,30.0,1.0,1.0,1.0,0.367544,19798.0,0.356195,1.0
19831.0,0.351318,0.343209,0.366592,0.366592,13.160267,-0.443509,-0.441329,60.0,60.0,17.968765,30.0,1.0,1.0,1.0,0.367544,19808.0,0.357228,1.0
19841.0,0.351348,0.34324,0.366632,0.366632,13.160569,-0.458538,-0.456425,60.0,60.0,17.791753,30.0,1.0,1.0,1.0,0.367544,19818.0,0.358521,1.0
19851.0,0.35138,0.343272,0.366675,0.366675,13.160062,-0.431831,-0.429825,60.0,60.0,18.106285,30.0,1.0,1.0,1.0,0.367544,19828.0,0.357148,1.0
19861.0,0.35141,0.343303,0.366719,0.366719,13.160684,-0.463268,-0.461243,60.0,60.0,17.736038,30.0,1.0,1.0,1.0,0.367801,19838.0,0.352182,1.0
19871.0,0.351442,0.343335,0.366764,0.366764,13.159474,-0.400563,-0.398531,60.0,60.0,18.474499,30.0,1.0,1.0,1.0,0.367801,19848.0,0.354315,1.0
19881.0,0.351474,0.343367,0.366807,0.366807,13.161099,-0.482741,-0.480576,60.0,60.0,17.506669,30.0,1.0,1.0,1.0,0.367801,19858.0,0.35202,1.0
19891.0,0.351504,0.343398,0.366849,0.366849,13.159799,-0.415894,-0.413648,60.0,60.0,18.293951,30.0,1.0,1.0,1.0,0.367801,19868.0,0.356944,1.0
19901.0,0.351536,0.343431,0.36689,0.36689,13.160375,-0.444355,-0.44218,60.0,60.0,17.958758,30.0,1.0,1.0,1.0,0.367801,19878.0,0.356579,1.0
19911.0,0.351567,0.343462,0.36693,0.36693,13.160876,-0.46949,-0.467265,60.0,60.0,17.662726,30.0,1.0,1.0,1.0,0.367801,19888.0,0.36284,1.0
19921.0,0.351598,0.343494,0.366971,0.366971,13.159916,-0.419917,-0.417864,60.0,60.0,18.246554,30.0,1.0,1.0,1.0,0.368054,19898.0,0.355675,1.0
19931.0,0.351629,0.343525,0.367012,0.367012,13.160193,-0.43339,-0.431237,60.0,60.0,18.08788,30.0,1.0,1.0,1.0,0.368054,19908.0,0.353998,1.0
19941.0,0.351662,0.343558,0.367055,0.367055,13.161761,-0.512359,-0.510354,60.0,60.0,17.157748,30.0,1.0,1.0,1.0,0.368054,19918.0,0.36352,1.0
19951.0,0.351692,0.343589,0.367095,0.367095,13.16041,-0.443115,-0.440997,60.0,60.0,17.973341,30.0,1.0,1.0,1.0,0.368054,19928.0,0.352408,1.0
19961.0,0.351724,0.343622,0.367139,0.367139,13.160275,-0.435206,-0.43296,60.0,60.0,18.066476,30.0,1.0,1.0,1.0,0.368054,19938.0,0.367783,1.0
19971.0,0.351755,0.343652,0.367181,0.367181,13.160005,-0.42112,-0.419172,60.0,60.0,18.232361,30.0,1.0,1.0,1.0,0.368054,19948.0,0.355462,1.0
19981.0,0.351785,0.343683,0.367223,0.367223,13.160354,-0.438485,-0.436428,60.0,60.0,18.027854,30.0,1.0,1.0,1.0,0.368307,19958.0,0.359738,1.0
19991.0,0.351818,0.343716,0.367266,0.367266,13.160659,-0.452977,-0.45086,60.0,60.0,17.857167,30.0,1.0,1.0,1.0,0.368307,19968.0,0.355466,1.0
20001.0,0.351848,0.343747,0.367305,0.367305,13.159981,-0.417929,-0.415932,60.0,60.0,18.269928,30.0,1.0,1.0,1.0,0.368307,19978.0,0.373185,1.0
20011.0,0.351879,0.343779,0.367346,0.367346,13.15985,-0.410684,-0.408748,60.0,60.0,18.355244,30.0,1.0,1.0,1.0,0.368307,19988.0,0.34752,1.0
20021.0,0.351911,0.343811,0.367385,0.367385,13.160333,-0.434549,-0.432566,60.0,60.0,18.074186,30.0,1.0,1.0,1.0,0.368307,19998.0,0.36022,1.0
20031.0,0.351942,0.343842,0.367429,0.367429,13.160396,-0.437153,-0.435037,60.0,60.0,18.04352,30.0,1.0,1.0,1.0,0.368307,20008.0,0.361458,1.0
20041.0,0.351973,0.343874,0.367472,0.367472,13.160633,-0.448587,-0.446583,60.0,60.0,17.908853,30.0,1.0,1.0,1.0,0.368558,20018.0,0.353564,1.0
20051.0,0.352005,0.343906,0.367517,0.367517,13.160438,-0.437849,-0.435805,60.0,60.0,18.035307,30.0,1.0,1.0,1.0,0.368558,20028.0,0.362837,1.0
20061.0,0.352036,0.343937,0.367557,0.367557,13.160394,-0.435257,-0.433189,60.0,60.0,18.065838,30.0,1.0,1.0,1.0,0.368558,20038.0,0.358096,1.0
20071.0,0.352067,0.343969,0.367599,0.367599,13.160367,-0.433195,-0.431195,60.0,60.0,18.090115,30.0,1.0,1.0,1.0,0.368558,20048.0,0.364024,1.0
20081.0,0.352098,0.344001,0.367645,0.367645,13.160485,-0.438481,-0.436366,60.0,60.0,18.027851,30.0,1.0,1.0,1.0,0.368558,20058.0,0.359274,1.0
20091.0,0.352129,0.344032,0.367686,0.367686,13.160596,-0.443821,-0.441474,60.0,60.0,17.964956,30.0,1.0,1.0,1.0,0.368558,20068.0,0.350595,1.0
20101.0,0.352161,0.344064,0.367731,0.367731,13.160317,-0.428635,-0.426544,60.0,60.0,18.143805,30.0,1.0,1.0,1.0,0.368814,20078.0,0.363478,1.0
20111.0,0.352192,0.344096,0.367772,0.367772,13.160823,-0.453905,-0.45167,60.0,60.0,17.846186,30.0,1.0,1.0,1.0,0.368814,20088.0,0.359482,1.0
20121.0,0.352222,0.344127,0.367814,0.367814,13.161158,-0.470557,-0.468511,60.0,60.0,17.650041,30.0,1.0,1.0,1.0,0.368814,20098.0,0.363106,1.0
20131.0,0.352254,0.344159,0.367855,0.367855,13.161187,-0.471274,-0.469051,60.0,60.0,17.641597,30.0,1.0,1.0,1.0,0.368814,20108.0,0.359594,1.0
20141.0,0.352285,0.344191,0.367899,0.367899,13.160583,-0.439776,-0.437716,60.0,60.0,18.012569,30.0,1.0,1.0,1.0,0.368814,20118.0,0.361474,1.0
20151.0,0.352315,0.344221,0.367937,0.367937,13.160047,-0.412259,-0.410201,60.0,60.0,18.336641,30.0,1.0,1.0,1.0,0.368814,20128.0,0.363551,1.0
20161.0,0.352347,0.344253,0.367979,0.367979,13.161069,-0.463507,-0.461534,60.0,60.0,17.733065,30.0,1.0,1.0,1.0,0.36906,20137.0,0.352969,1.0
20171.0,0.352378,0.344285,0.368019,0.368019,13.160385,-0.427841,-0.425609,60.0,60.0,18.15312,30.0,1.0,1.0,1.0,0.36906,20147.0,0.344835,1.0
20181.0,0.35241,0.344317,0.368059,0.368059,13.160569,-0.436484,-0.434414,60.0,60.0,18.051326,30.0,1.0,1.0,1.0,0.36906,20157.0,0.357016,1.0
20191.0,0.352441,0.344349,0.368097,0.368097,13.161497,-0.483172,-0.480991,60.0,60.0,17.501414,30.0,1.0,1.0,1.0,0.36906,20167.0,0.345977,1.0
20201.0,0.352472,0.34438,0.36814,0.36814,13.160271,-0.420021,-0.417822,60.0,60.0,18.245198,30.0,1.0,1.0,1.0,0.36906,20177.0,0.3432,1.0
20211.0,0.352504,0.344412,0.368183,0.368183,13.160098,-0.410414,-0.408228,60.0,60.0,18.358327,30.0,1.0,1.0,1.0,0.36906,20187.0,0.357912,1.0
20221.0,0.352535,0.344444,0.368222,0.368222,13.16086,-0.448936,-0.446728,60.0,60.0,17.904654,30.0,1.0,1.0,1.0,0.369307,20197.0,0.354968,1.0
20231.0,0.352567,0.344476,0.368264,0.368264,13.161584,-0.484929,-0.482819,60.0,60.0,17.480701,30.0,1.0,1.0,1.0,0.369307,20207.0,0.351923,1.0
20241.0,0.352597,0.344507,0.368303,0.368303,13.159789,-0.39295,-0.390681,60.0,60.0,18.563978,30.0,1.0,1.0,1.0,0.369307,20217.0,0.368521,1.0
20251.0,0.352628,0.344538,0.36834,0.36834,13.159521,-0.378831,-0.376727,60.0,60.0,18.730235,30.0,1.0,1.0,1.0,0.369307,20227.0,0.356659,1.0
20261.0,0.352659,0.34457,0.368377,0.368377,13.160727,-0.439724,-0.437716,60.0,60.0,18.013122,30.0,1.0,1.0,1.0,0.369307,20237.0,0.364233,1.0
20271.0,0.352689,0.3446,0.368415,0.368415,13.160097,-0.407354,-0.405217,60.0,60.0,18.394348,30.0,1.0,1.0,1.0,0.369307,20247.0,0.364,1.0
20281.0,0.35272,0.344632,0.368456,0.368456,13.161197,-0.462773,-0.460662,60.0,60.0,17.741648,30.0,1.0,1.0,1.0,0.369535,20257.0,0.353523,1.0
20291.0,0.352753,0.344665,0.368498,0.368498,13.161062,-0.454631,-0.452542,60.0,60.0,17.837541,30.0,1.0,1.0,1.0,0.369535,20267.0,0.363355,1.0
20301.0,0.352784,0.344697,0.368538,0.368538,13.161706,-0.486996,-0.484667,60.0,60.0,17.456313,30.0,1.0,1.0,1.0,0.369535,20277.0,0.353888,1.0
20311.0,0.352815,0.344728,0.36858,0.36858,13.160855,-0.442896,-0.44083,60.0,60.0,17.975741,30.0,1.0,1.0,1.0,0.369535,20287.0,0.356594,1.0
20321.0,0.352847,0.344761,0.368617,0.368617,13.161867,-0.493592,-0.49154,60.0,60.0,17.378606,30.0,1.0,1.0,1.0,0.369535,20297.0,0.348056,1.0
20331.0,0.352879,0.344793,0.368655,0.368655,13.160777,-0.437258,-0.435203,60.0,60.0,18.04213,30.0,1.0,1.0,1.0,0.369535,20307.0,0.362812,1.0
20341.0,0.35291,0.344825,0.368693,0.368693,13.162018,-0.499949,-0.497853,60.0,60.0,17.30371,30.0,1.0,1.0,1.0,0.369778,20317.0,0.351854,1.0
20351.0,0.352941,0.344856,0.368731,0.368731,13.160515,-0.422723,-0.420584,60.0,60.0,18.213309,30.0,1.0,1.0,1.0,0.369778,20327.0,0.362173,1.0
20361.0,0.352973,0.344888,0.368771,0.368771,13.16088,-0.440547,-0.438235,60.0,60.0,18.003384,30.0,1.0,1.0,1.0,0.369778,20337.0,0.35763,1.0
20371.0,0.353003,0.344919,0.36881,0.36881,13.160238,-0.407486,-0.405425,60.0,60.0,18.392748,30.0,1.0,1.0,1.0,0.369778,20347.0,0.351565,1.0
20381.0,0.353034,0.34495,0.368849,0.368849,13.161885,-0.490945,-0.488986,60.0,60.0,17.409756,30.0,1.0,1.0,1.0,0.369778,20357.0,0.365187,1.0
20391.0,0.353066,0.344982,0.368893,0.368893,13.160245,-0.406465,-0.404304,60.0,60.0,18.404757,30.0,1.0,1.0,1.0,0.369778,20367.0,0.363651,1.0
20401.0,0.353097,0.345014,0.368931,0.368931,13.160483,-0.417851,-0.415766,60.0,60.0,18.270661,30.0,1.0,1.0,1.0,0.370018,20377.0,0.355745,1.0
20411.0,0.353128,0.345045,0.368973,0.368973,13.16109,-0.448492,-0.44652,60.0,60.0,17.909783,30.0,1.0,1.0,1.0,0.370018,20387.0,0.365028,1.0
20421.0,0.353158,0.345076,0.369012,0.369012,13.16036,-0.41082,-0.408581,60.0,60.0,18.353462,30.0,1.0,1.0,1.0,0.370018,20397.0,0.369129,1.0
20431.0,0.35319,0.345109,0.36905,0.36905,13.161406,-0.463351,-0.461264,60.0,60.0,17.734764,30.0,1.0,1.0,1.0,0.370018,20407.0,0.356593,1.0
20441.0,0.353221,0.345141,0.369091,0.369091,13.160636,-0.423321,-0.421145,60.0,60.0,18.206218,30.0,1.0,1.0,1.0,0.370018,20417.0,0.35488,1.0
20451.0,0.353251,0.345171,0.369129,0.369129,13.160612,-0.421992,-0.419899,60.0,60.0,18.221874,30.0,1.0,1.0,1.0,0.370018,20427.0,0.352919,1.0
20461.0,0.353283,0.345203,0.369165,0.369165,13.161508,-0.46695,-0.464773,60.0,60.0,17.692356,30.0,1.0,1.0,1.0,0.370244,20437.0,0.355828,1.0
20471.0,0.353314,0.345234,0.369204,0.369204,13.160874,-0.433967,-0.43188,60.0,60.0,18.080835,30.0,1.0,1.0,1.0,0.370244,20447.0,0.346573,1.0
20481.0,0.353344,0.345265,0.369243,0.369243,13.160798,-0.429667,-0.427561,60.0,60.0,18.131467,30.0,1.0,1.0,1.0,0.370244,20457.0,0.358902,1.0
20491.0,0.353376,0.345297,0.369281,0.369281,13.160264,-0.401625,-0.399507,60.0,60.0,18.461711,30.0,1.0,1.0,1.0,0.370244,20467.0,0.366083,1.0
20501.0,0.353407,0.345328,0.369319,0.369319,13.161109,-0.444289,-0.442097,60.0,60.0,17.959244,30.0,1.0,1.0,1.0,0.370244,20477.0,0.35588,1.0
20511.0,0.353437,0.34536,0.369355,0.369355,13.161219,-0.449427,-0.447517,60.0,60.0,17.898723,30.0,1.0,1.0,1.0,0.370244,20487.0,0.354111,1.0
20521.0,0.353469,0.345391,0.369395,0.369395,13.160779,-0.426234,-0.424114,60.0,60.0,18.171887,30.0,1.0,1.0,1.0,0.370474,20497.0,0.361153,1.0
20531.0,0.353499,0.345423,0.369432,0.369432,13.160941,-0.434024,-0.431964,60.0,60.0,18.080127,30.0,1.0,1.0,1.0,0.370474,20507.0,0.355634,1.0
20541.0,0.353531,0.345454,0.369467,0.369467,13.160964,-0.43457,-0.432503,60.0,60.0,18.073694,30.0,1.0,1.0,1.0,0.370474,20517.0,0.360871,1.0
20551.0,0.353562,0.345486,0.369506,0.369506,13.161608,-0.466661,-0.464503,60.0,60.0,17.695719,30.0,1.0,1.0,1.0,0.370474,20527.0,0.36094,1.0
20561.0,0.353593,0.345518,0.369544,0.369544,13.160735,-0.42142,-0.419442,60.0,60.0,18.228558,30.0,1.0,1.0,1.0,0.370474,20537.0,0.366904,1.0
20571.0,0.353625,0.34555,0.369582,0.369582,13.161462,-0.457766,-0.455657,60.0,60.0,17.800476,30.0,1.0,1.0,1.0,0.370474,20547.0,0.345229,1.0
20581.0,0.353657,0.345582,0.36962,0.36962,13.161187,-0.442697,-0.440581,60.0,60.0,17.977953,30.0,1.0,1.0,1.0,0.370705,20557.0,0.359265,1.0
20591.0,0.353688,0.345614,0.36966,0.36966,13.160823,-0.423493,-0.421373,60.0,60.0,18.204125,30.0,1.0,1.0,1.0,0.370705,20567.0,0.360514,1.0
20601.0,0.35372,0.345646,0.369699,0.369699,13.161421,-0.453135,-0.451026,60.0,60.0,17.854996,30.0,1.0,1.0,1.0,0.370705,20577.0,0.354409,1.0
20611.0,0.353752,0.345678,0.369741,0.369741,13.159799,-0.369489,-0.367403,60.0,60.0,18.840094,30.0,1.0,1.0,1.0,0.370705,20587.0,0.360248,1.0
20621.0,0.353783,0.34571,0.369782,0.369782,13.161421,-0.451808,-0.449697,60.0,60.0,17.870621,30.0,1.0,1.0,1.0,0.370705,20597.0,0.359146,1.0
20631.0,0.353814,0.345742,0.369819,0.369819,13.162188,-0.490229,-0.488114,60.0,60.0,17.418055,30.0,1.0,1.0,1.0,0.370705,20607.0,0.359982,1.0
20641.0,0.353844,0.345772,0.369859,0.369859,13.160651,-0.411624,-0.409412,60.0,60.0,18.343893,30.0,1.0,1.0,1.0,0.370944,20617.0,0.359423,1.0
20651.0,0.353876,0.345804,0.369898,0.369898,13.16143,-0.450591,-0.448514,60.0,60.0,17.884938,30.0,1.0,1.0,1.0,0.370944,20627.0,0.353331,1.0
20661.0,0.353908,0.345837,0.369938,0.369938,13.161038,-0.429659,-0.42752,60.0,60.0,18.131476,30.0,1.0,1.0,1.0,0.370944,20637.0,0.37174,1.0
20671.0,0.35394,0.34587,0.36998,0.36998,13.16135,-0.444428,-0.442242,60.0,60.0,17.957513,30.0,1.0,1.0,1.0,0.370944,20647.0,0.345371,1.0
20681.0,0.353971,0.345901,0.370017,0.370017,13.160908,-0.421443,-0.419359,60.0,60.0,18.22823,30.0,1.0,1.0,1.0,0.370944,20657.0,0.353665,1.0
20691.0,0.354002,0.345932,0.370053,0.370053,13.16084,-0.417368,-0.415309,60.0,60.0,18.276214,30.0,1.0,1.0,1.0,0.370944,20667.0,0.351532,1.0
20701.0,0.354033,0.345963,0.370087,0.370087,13.16179,-0.465521,-0.463403,60.0,60.0,17.709053,30.0,1.0,1.0,1.0,0.371174,20677.0,0.350682,1.0
20711.0,0.354064,0.345995,0.370126,0.370126,13.161099,-0.429649,-0.427603,60.0,60.0,18.131565,30.0,1.0,1.0,1.0,0.371174,20687.0,0.364106,1.0
20721.0,0.354095,0.346027,0.370165,0.370165,13.161858,-0.467602,-0.465438,60.0,60.0,17.684538,30.0,1.0,1.0,1.0,0.371174,20697.0,0.351682,1.0
20731.0,0.354127,0.346059,0.370201,0.370201,13.162311,-0.489876,-0.487782,60.0,60.0,17.422148,30.0,1.0,1.0,1.0,0.371174,20707.0,0.361986,1.0
20741.0,0.354158,0.346091,0.37024,0.37024,13.160409,-0.392216,-0.390245,60.0,60.0,18.572404,30.0,1.0,1.0,1.0,0.371174,20717.0,0.354678,1.0
20751.0,0.354189,0.346122,0.370278,0.370278,13.161662,-0.455577,-0.453394,60.0,60.0,17.826155,30.0,1.0,1.0,1.0,0.371174,20727.0,0.357678,1.0
20761.0,0.354219,0.346153,0.370315,0.370315,13.160878,-0.415415,-0.413254,60.0,60.0,18.299182,30.0,1.0,1.0,1.0,0.371399,20737.0,0.364574,1.0
20771.0,0.354251,0.346185,0.370352,0.370352,13.161764,-0.459989,-0.457983,60.0,60.0,17.774183,30.0,1.0,1.0,1.0,0.371399,20747.0,0.356444,1.0
20781.0,0.354281,0.346216,0.370389,0.370389,13.161226,-0.432056,-0.42997,60.0,60.0,18.103182,30.0,1.0,1.0,1.0,0.371399,20757.0,0.357479,1.0
20791.0,0.354313,0.346247,0.370427,0.370427,13.160408,-0.389619,-0.387546,60.0,60.0,18.602973,30.0,1.0,1.0,1.0,0.371399,20767.0,0.361667,1.0
20801.0,0.354343,0.346279,0.370461,0.370461,13.161512,-0.445494,-0.443405,60.0,60.0,17.944898,30.0,1.0,1.0,1.0,0.371399,20777.0,0.35557,1.0
20811.0,0.354374,0.346309,0.370498,0.370498,13.161235,-0.431064,-0.429139,60.0,60.0,18.114855,30.0,1.0,1.0,1.0,0.371399,20787.0,0.345946,1.0
20821.0,0.354403,0.34634,0.370535,0.370535,13.161034,-0.420609,-0.41857,60.0,60.0,18.237998,30.0,1.0,1.0,1.0,0.371611,20797.0,0.356774,1.0
20831.0,0.354434,0.34637,0.370574,0.370574,13.161065,-0.421931,-0.419712,60.0,60.0,18.222425,30.0,1.0,1.0,1.0,0.371611,20807.0,0.374993,1.0
20841.0,0.354464,0.346401,0.370613,0.370613,13.161583,-0.447978,-0.445939,60.0,60.0,17.915636,30.0,1.0,1.0,1.0,0.371611,20817.0,0.35315,1.0
20851.0,0.354495,0.346432,0.370648,0.370648,13.161728,-0.45481,-0.452791,60.0,60.0,17.835155,30.0,1.0,1.0,1.0,0.371611,20827.0,0.369527,1.0
20861.0,0.354525,0.346463,0.370684,0.370684,13.161569,-0.446208,-0.444111,60.0,60.0,17.936482,30.0,1.0,1.0,1.0,0.371611,20837.0,0.356742,1.0
20871.0,0.354557,0.346496,0.370725,0.370725,13.161889,-0.461573,-0.459499,60.0,60.0,17.755494,30.0,1.0,1.0,1.0,0.371611,20847.0,0.35897,1.0
20881.0,0.354588,0.346527,0.370764,0.370764,13.160641,-0.397271,-0.395105,60.0,60.0,18.512825,30.0,1.0,1.0,1.0,0.371837,20857.0,0.346651,1.0
20891.0,0.354619,0.346558,0.370803,0.370803,13.161772,-0.454371,-0.45221,60.0,60.0,17.84031,30.0,1.0,1.0,1.0,0.371837,20867.0,0.353679,1.0
20901.0,0.35465,0.34659,0.370843,0.370843,13.160916,-0.409962,-0.407896,60.0,60.0,18.363357,30.0,1.0,1.0,1.0,0.371837,20877.0,0.357948,1.0
20911.0,0.354681,0.346621,0.370877,0.370877,13.160518,-0.389049,-0.386923,60.0,60.0,18.609632,30.0,1.0,1.0,1.0,0.371837,20887.0,0.348726,1.0
20921.0,0.354711,0.346652,0.370915,0.370915,13.161489,-0.438329,-0.43622,60.0,60.0,18.029243,30.0,1.0,1.0,1.0,0.371837,20897.0,0.369762,1.0
20931.0,0.354742,0.346683,0.370946,0.370946,13.161819,-0.454728,-0.452584,60.0,60.0,17.836091,30.0,1.0,1.0,1.0,0.371837,20907.0,0.355736,1.0
20941.0,0.354772,0.346714,0.370984,0.370984,13.161685,-0.447394,-0.445274,60.0,60.0,17.922474,30.0,1.0,1.0,1.0,0.372055,20917.0,0.370849,1.0
20951.0,0.354803,0.346745,0.371023,0.371023,13.161833,-0.454253,-0.452148,60.0,60.0,17.84167,30.0,1.0,1.0,1.0,0.372055,20927.0,0.367545,1.0
20961.0,0.354835,0.346777,0.371061,0.371061,13.161663,-0.444848,-0.442824,60.0,60.0,17.952452,30.0,1.0,1.0,1.0,0.372055,20937.0,0.352511,1.0
20971.0,0.354867,0.34681,0.371103,0.371103,13.161306,-0.425587,-0.423429,60.0,60.0,18.179296,30.0,1.0,1.0,1.0,0.372055,20947.0,0.363433,1.0
20981.0,0.354896,0.34684,0.371136,0.371136,13.161822,-0.451834,-0.449697,60.0,60.0,17.870152,30.0,1.0,1.0,1.0,0.372055,20957.0,0.370978,1.0
20991.0,0.354928,0.346872,0.371175,0.371175,13.161225,-0.42034,-0.418341,60.0,60.0,18.24109,30.0,1.0,1.0,1.0,0.372055,20967.0,0.363072,1.0
21001.0,0.354959,0.346903,0.371211,0.371211,13.16156,-0.43683,-0.434767,60.0,60.0,18.046865,30.0,1.0,1.0,1.0,0.372287,20977.0,0.36627,1.0
21011.0,0.35499,0.346935,0.371248,0.371248,13.161604,-0.438353,-0.436345,60.0,60.0,18.028918,30.0,1.0,1.0,1.0,0.372287,20987.0,0.362554,1.0
21021.0,0.355021,0.346966,0.371287,0.371287,13.160015,-0.356657,-0.354487,60.0,60.0,18.99104,30.0,1.0,1.0,1.0,0.372287,20997.0,0.354739,1.0
21031.0,0.355051,0.346996,0.371322,0.371322,13.161511,-0.432873,-0.430738,60.0,60.0,18.093463,30.0,1.0,1.0,1.0,0.372287,21007.0,0.3545,1.0
21041.0,0.355082,0.347028,0.371358,0.371358,13.161187,-0.415683,-0.413544,60.0,60.0,18.29591,30.0,1.0,1.0,1.0,0.372287,21017.0,0.365054,1.0
21051.0,0.355112,0.347059,0.371395,0.371395,13.160706,-0.390512,-0.388273,60.0,60.0,18.592354,30.0,1.0,1.0,1.0,0.372287,21027.0,0.354634,1.0
21061.0,0.355143,0.34709,0.371429,0.371429,13.161792,-0.445427,-0.443281,60.0,60.0,17.945582,30.0,1.0,1.0,1.0,0.372502,21037.0,0.363439,1.0
21071.0,0.355174,0.347122,0.371467,0.371467,13.162134,-0.462167,-0.460142,60.0,60.0,17.748395,30.0,1.0,1.0,1.0,0.372502,21047.0,0.359308,1.0
21081.0,0.355205,0.347153,0.371502,0.371502,13.16279,-0.494948,-0.492828,60.0,60.0,17.362241,30.0,1.0,1.0,1.0,0.372502,21057.0,0.353493,1.0
21091.0,0.355236,0.347185,0.371541,0.371541,13.162505,-0.479715,-0.477731,60.0,60.0,17.541679,30.0,1.0,1.0,1.0,0.372502,21067.0,0.357641,1.0
21101.0,0.355267,0.347215,0.371579,0.371579,13.161773,-0.44193,-0.439834,60.0,60.0,17.986749,30.0,1.0,1.0,1.0,0.372502,21077.0,0.359297,1.0
21111.0,0.355297,0.347246,0.371614,0.371614,13.162062,-0.456155,-0.453788,60.0,60.0,17.819192,30.0,1.0,1.0,1.0,0.372502,21087.0,0.371614,1.0
21121.0,0.355329,0.347278,0.37165,0.37165,13.162216,-0.463248,-0.460994,60.0,60.0,17.735639,30.0,1.0,1.0,1.0,0.372724,21097.0,0.357666,1.0
21131.0,0.355361,0.347311,0.37169,0.37169,13.162054,-0.45383,-0.451815,60.0,60.0,17.846565,30.0,1.0,1.0,1.0,0.372724,21107.0,0.355936,1.0
21141.0,0.355392,0.347342,0.371724,0.371724,13.161566,-0.428242,-0.426108,60.0,60.0,18.147943,30.0,1.0,1.0,1.0,0.372724,21117.0,0.356732,1.0
21151.0,0.355423,0.347374,0.371758,0.371758,13.162362,-0.468083,-0.466081,60.0,60.0,17.678666,30.0,1.0,1.0,1.0,0.372724,21127.0,0.354741,1.0
21161.0,0.355455,0.347407,0.371796,0.371796,13.161975,-0.447371,-0.445233,60.0,60.0,17.922629,30.0,1.0,1.0,1.0,0.372724,21137.0,0.354767,1.0
21171.0,0.355487,0.347439,0.371834,0.371834,13.162879,-0.492648,-0.490502,60.0,60.0,17.38927,30.0,1.0,1.0,1.0,0.372724,21147.0,0.356801,1.0
21181.0,0.355519,0.347471,0.371871,0.371871,13.161047,-0.398091,-0.395914,60.0,60.0,18.503027,30.0,1.0,1.0,1.0,0.372958,21157.0,0.363024,1.0
21191.0,0.355551,0.347504,0.37191,0.37191,13.162289,-0.460666,-0.458544,60.0,60.0,17.766003,30.0,1.0,1.0,1.0,0.372958,21167.0,0.347331,1.0
21201.0,0.355583,0.347536,0.371947,0.371947,13.163082,-0.500201,-0.498144,60.0,60.0,17.300271,30.0,1.0,1.0,1.0,0.372958,21176.0,0.36107,1.0
21211.0,0.355613,0.347567,0.371985,0.371985,13.161945,-0.441717,-0.439543,60.0,60.0,17.989192,30.0,1.0,1.0,1.0,0.372958,21186.0,0.36696,1.0
21221.0,0.355644,0.347598,0.37202,0.37202,13.162163,-0.452558,-0.450486,60.0,60.0,17.861492,30.0,1.0,1.0,1.0,0.372958,21196.0,0.362621,1.0
21231.0,0.355675,0.347629,0.372057,0.372057,13.16184,-0.435467,-0.433417,60.0,60.0,18.062799,30.0,1.0,1.0,1.0,0.372958,21206.0,0.350542,1.0
21241.0,0.355705,0.34766,0.372096,0.372096,13.162016,-0.443943,-0.441806,60.0,60.0,17.962963,30.0,1.0,1.0,1.0,0.373176,21216.0,0.362037,1.0
21251.0,0.355736,0.347691,0.372132,0.372132,13.162693,-0.478074,-0.475924,60.0,60.0,17.560917,30.0,1.0,1.0,1.0,0.373176,21226.0,0.359589,1.0
21261.0,0.355767,0.347723,0.372167,0.372167,13.16083,-0.38233,-0.380153,60.0,60.0,18.68861,30.0,1.0,1.0,1.0,0.373176,21236.0,0.35753,1.0
21271.0,0.355798,0.347755,0.372206,0.372206,13.163011,-0.492918,-0.490772,60.0,60.0,17.386031,30.0,1.0,1.0,1.0,0.373176,21246.0,0.354688,1.0
21281.0,0.35583,0.347787,0.372242,0.372242,13.163187,-0.501138,-0.49914,60.0,60.0,17.289187,30.0,1.0,1.0,1.0,0.373176,21256.0,0.356654,1.0
21291.0,0.355861,0.347819,0.372279,0.372279,13.161911,-0.435195,-0.433002,60.0,60.0,18.065968,30.0,1.0,1.0,1.0,0.373176,21266.0,0.354717,1.0
21301.0,0.355893,0.34785,0.372315,0.372315,13.161943,-0.436138,-0.433895,60.0,60.0,18.054861,30.0,1.0,1.0,1.0,0.373398,21276.0,0.364517,1.0
21311.0,0.355924,0.347882,0.372353,0.372353,13.162693,-0.473718,-0.471667,60.0,60.0,17.612194,30.0,1.0,1.0,1.0,0.373398,21286.0,0.360294,1.0
21321.0,0.355956,0.347914,0.37239,0.37239,13.161921,-0.433392,-0.431299,60.0,60.0,18.087197,30.0,1.0,1.0,1.0,0.373398,21296.0,0.352572,1.0
21331.0,0.355987,0.347946,0.372426,0.372426,13.162439,-0.459204,-0.457048,60.0,60.0,17.783148,30.0,1.0,1.0,1.0,0.373398,21306.0,0.359539,1.0
21341.0,0.356017,0.347976,0.372462,0.372462,13.161406,-0.40629,-0.404221,60.0,60.0,18.406396,30.0,1.0,1.0,1.0,0.373398,21316.0,0.367128,1.0
21351.0,0.356048,0.348008,0.372499,0.372499,13.161692,-0.420095,-0.418051,60.0,60.0,18.243795,30.0,1.0,1.0,1.0,0.373398,21326.0,0.352933,1.0
21361.0,0.356079,0.34804,0.372533,0.372533,13.161786,-0.42437,-0.422266,60.0,60.0,18.193444,30.0,1.0,1.0,1.0,0.373616,21336.0,0.37206,1.0
21371.0,0.356111,0.348072,0.372566,0.372566,13.162799,-0.475124,-0.473142,60.0,60.0,17.59559,30.0,1.0,1.0,1.0,0.373616,21345.0,0.355747,1.0
21381.0,0.356142,0.348104,0.372603,0.372603,13.162211,-0.444568,-0.442326,60.0,60.0,17.955528,30.0,1.0,1.0,1.0,0.373616,21355.0,0.362882,1.0
21391.0,0.356174,0.348136,0.37264,0.37264,13.161855,-0.425422,-0.423325,60.0,60.0,18.181031,30.0,1.0,1.0,1.0,0.373616,21365.0,0.353212,1.0
21401.0,0.356205,0.348168,0.372678,0.372678,13.162509,-0.458181,-0.455989,60.0,60.0,17.795156,30.0,1.0,1.0,1.0,0.373616,21375.0,0.362041,1.0
21411.0,0.356236,0.348199,0.372713,0.372713,13.16157,-0.409789,-0.407626,60.0,60.0,18.365154,30.0,1.0,1.0,1.0,0.373616,21385.0,0.369346,1.0
21421.0,0.356266,0.348229,0.372747,0.372747,13.162926,-0.478735,-0.476527,60.0,60.0,17.55303,30.0,1.0,1.0,1.0,0.373827,21395.0,0.35798,1.0
21431.0,0.356297,0.348261,0.372781,0.372781,13.161744,-0.417864,-0.415746,60.0,60.0,18.270033,30.0,1.0,1.0,1.0,0.373827,21405.0,0.360779,1.0
21441.0,0.356328,0.348292,0.372816,0.372816,13.162488,-0.455145,-0.453082,60.0,60.0,17.830904,30.0,1.0,1.0,1.0,0.373827,21415.0,0.362407,1.0
21451.0,0.356359,0.348324,0.372851,0.372851,13.16207,-0.433163,-0.430988,60.0,60.0,18.089832,30.0,1.0,1.0,1.0,0.373827,21425.0,0.36892,1.0
21461.0,0.35639,0.348355,0.372885,0.372885,13.163078,-0.484321,-0.482299,60.0,60.0,17.487204,30.0,1.0,1.0,1.0,0.373827,21435.0,0.353281,1.0
21471.0,0.35642,0.348386,0.372922,0.372922,13.162913,-0.475342,-0.473183,60.0,60.0,17.592982,30.0,1.0,1.0,1.0,0.373827,21445.0,0.357524,1.0
21481.0,0.356451,0.348417,0.372955,0.372955,13.162656,-0.461723,-0.459623,60.0,60.0,17.753405,30.0,1.0,1.0,1.0,0.37403,21455.0,0.364159,1.0
21491.0,0.356482,0.348448,0.372992,0.372992,13.163276,-0.492873,-0.490606,60.0,60.0,17.386445,30.0,1.0,1.0,1.0,0.37403,21465.0,0.345097,1.0
21501.0,0.356513,0.34848,0.373029,0.373029,13.16258,-0.456607,-0.454577,60.0,60.0,17.813661,30.0,1.0,1.0,1.0,0.37403,21475.0,0.362358,1.0
21511.0,0.356545,0.348512,0.373065,0.373065,13.162312,-0.441985,-0.439958,60.0,60.0,17.985892,30.0,1.0,1.0,1.0,0.37403,21485.0,0.369214,1.0
21521.0,0.356577,0.348544,0.373099,0.373099,13.162014,-0.425946,-0.423844,60.0,60.0,18.174803,30.0,1.0,1.0,1.0,0.37403,21495.0,0.360341,1.0
21531.0,0.356607,0.348575,0.373133,0.373133,13.1621,-0.429871,-0.427831,60.0,60.0,18.128566,30.0,1.0,1.0,1.0,0.37403,21505.0,0.350426,1.0
21541.0,0.356639,0.348608,0.373168,0.373168,13.162763,-0.462812,-0.460745,60.0,60.0,17.740548,30.0,1.0,1.0,1.0,0.374249,21515.0,0.358564,1.0
21551.0,0.35667,0.348639,0.373204,0.373204,13.161595,-0.402682,-0.400545,60.0,60.0,18.448797,30.0,1.0,1.0,1.0,0.374249,21525.0,0.367655,1.0
21561.0,0.3567,0.34867,0.37324,0.37324,13.16209,-0.427555,-0.425609,60.0,60.0,18.155834,30.0,1.0,1.0,1.0,0.374249,21535.0,0.361901,1.0
21571.0,0.356731,0.348701,0.373273,0.373273,13.162531,-0.449677,-0.447517,60.0,60.0,17.895261,30.0,1.0,1.0,1.0,0.374249,21545.0,0.357521,1.0
21581.0,0.356762,0.348732,0.373307,0.373307,13.162618,-0.453389,-0.451359,60.0,60.0,17.851524,30.0,1.0,1.0,1.0,0.374249,21555.0,0.351176,1.0
21591.0,0.356794,0.348765,0.373343,0.373343,13.162451,-0.443881,-0.441661,60.0,60.0,17.963512,30.0,1.0,1.0,1.0,0.374249,21565.0,0.355602,1.0
