t,soc_true,soc_ref,soc_prior,soc_post,v_batt,i_batt,i_ref,p_gen_avail,p_gen,p_crit_term,p_aux_term,aux_sched,aux_cmd,relay,pred_min,valid,residual_w,service_ok
1.0,0.450011,0.443122,0.443111,0.443111,13.21606,-1.499285,-1.497053,40.0,40.0,17.739074,0.0,1.0,0.0,0.0,0.115372,0.0,0.35727,1.0
11.0,0.450116,0.443229,0.447475,0.447475,13.21659,-1.487095,-1.484802,40.0,40.0,17.882447,0.0,1.0,0.0,0.0,0.115372,10.0,0.356138,1.0
21.0,0.45022,0.443335,0.450678,0.450678,13.217171,-1.479594,-1.477368,40.0,40.0,17.97034,0.0,1.0,0.0,0.0,0.115372,20.0,0.348742,1.0
31.0,0.450325,0.443442,0.453141,0.453141,13.217381,-1.454846,-1.452532,40.0,40.0,18.262598,0.0,1.0,0.0,0.0,0.115372,30.0,0.34977,1.0
41.0,0.450429,0.443548,0.455152,0.455152,13.218574,-1.481923,-1.47961,40.0,40.0,17.940952,0.0,1.0,0.0,0.0,0.115372,40.0,0.351891,1.0
51.0,0.450534,0.443655,0.456798,0.456798,13.219022,-1.472283,-1.470058,40.0,40.0,18.054321,0.0,1.0,0.0,0.0,0.115372,50.0,0.347191,1.0
61.0,0.450638,0.443761,0.458141,0.458141,13.220544,-1.519205,-1.516988,40.0,40.0,17.497546,0.0,1.0,0.0,0.0,0.131612,60.0,0.359047,1.0
71.0,0.450741,0.443866,0.459295,0.459295,13.218909,-1.406868,-1.404543,40.0,40.0,18.827795,0.0,1.0,0.0,0.0,0.131612,70.0,0.356633,1.0
81.0,0.450844,0.443971,0.460332,0.460332,13.219984,-1.43423,-1.43214,40.0,40.0,18.502952,0.0,1.0,0.0,0.0,0.131612,80.0,0.356963,1.0
91.0,0.450949,0.444077,0.461267,0.461267,13.221594,-1.4895,-1.487294,40.0,40.0,17.847358,0.0,1.0,0.0,0.0,0.131612,90.0,0.352914,1.0
101.0,0.451054,0.444184,0.462069,0.462069,13.222215,-1.49521,-1.493004,40.0,40.0,17.779016,0.0,1.0,0.0,0.0,0.131612,100.0,0.358628,1.0
111.0,0.451159,0.444291,0.462774,0.462774,13.223239,-1.522682,-1.520456,40.0,40.0,17.452759,0.0,1.0,0.0,0.0,0.131612,110.0,0.355937,1.0
121.0,0.451263,0.444396,0.463416,0.463416,13.222225,-1.447934,-1.445783,40.0,40.0,18.338024,0.0,1.0,0.0,0.0,0.136937,120.0,0.354882,1.0
131.0,0.451367,0.444502,0.464003,0.464003,13.223393,-1.48536,-1.483223,40.0,40.0,17.893922,0.0,1.0,0.0,0.0,0.136937,130.0,0.355019,1.0
141.0,0.451471,0.444608,0.464546,0.464546,13.223668,-1.478213,-1.476142,40.0,40.0,17.978072,0.0,1.0,0.0,0.0,0.136937,140.0,0.357818,1.0
151.0,0.451575,0.444714,0.465029,0.465029,13.224574,-1.504182,-1.501933,40.0,40.0,17.66975,0.0,1.0,0.0,0.0,0.136937,150.0,0.35091,1.0
161.0,0.451679,0.444821,0.465484,0.465484,13.224461,-1.478692,-1.476495,40.0,40.0,17.971364,0.0,1.0,0.0,0.0,0.136937,160.0,0.356819,1.0
171.0,0.451783,0.444926,0.465924,0.465924,13.224659,-1.470369,-1.468148,40.0,40.0,18.069538,0.0,1.0,0.0,0.0,0.136937,170.0,0.3517,1.0
181.0,0.451887,0.445032,0.466345,0.466345,13.224829,-1.461434,-1.459218,40.0,40.0,18.174992,0.0,1.0,0.0,0.0,0.139929,180.0,0.346812,1.0
191.0,0.451991,0.445138,0.466737,0.466737,13.225831,-1.495354,-1.493212,40.0,40.0,17.772467,0.0,1.0,0.0,0.0,0.139929,190.0,0.355825,1.0
201.0,0.452094,0.445243,0.467081,0.467081,13.225293,-1.451988,-1.44977,40.0,40.0,18.286108,0.0,1.0,0.0,0.0,0.139929,200.0,0.358731,1.0
211.0,0.452199,0.445349,0.467385,0.467385,13.226114,-1.478133,-1.475935,40.0,40.0,17.975793,0.0,1.0,0.0,0.0,0.139929,209.0,0.35933,1.0
221.0,0.452303,0.445456,0.467714,0.467714,13.226413,-1.47822,-1.475914,40.0,40.0,17.974363,0.0,1.0,0.0,0.0,0.139929,219.0,0.345736,1.0
231.0,0.452407,0.445561,0.468023,0.468023,13.225353,-1.410014,-1.407844,40.0,40.0,18.782487,0.0,1.0,0.0,0.0,0.139929,229.0,0.351653,1.0
241.0,0.45251,0.445666,0.468321,0.468321,13.226835,-1.472162,-1.469975,40.0,40.0,18.045469,0.0,1.0,0.0,0.0,0.142185,239.0,0.34423,1.0
251.0,0.452614,0.445772,0.468607,0.468607,13.227546,-1.495253,-1.492921,40.0,40.0,17.771379,0.0,1.0,0.0,0.0,0.142185,249.0,0.343004,1.0
261.0,0.452718,0.445878,0.468895,0.468895,13.227408,-1.475646,-1.473443,40.0,40.0,18.003499,0.0,1.0,0.0,0.0,0.142185,259.0,0.356775,1.0
271.0,0.452823,0.445985,0.469157,0.469157,13.227735,-1.479872,-1.477721,40.0,40.0,17.95307,0.0,1.0,0.0,0.0,0.142185,269.0,0.344919,1.0
281.0,0.452926,0.446089,0.469413,0.469413,13.226821,-1.422062,-1.419868,40.0,40.0,18.638111,0.0,1.0,0.0,0.0,0.142185,279.0,0.362173,1.0
291.0,0.453029,0.446194,0.469667,0.469667,13.227612,-1.451633,-1.449438,40.0,40.0,18.287293,0.0,1.0,0.0,0.0,0.142185,289.0,0.361443,1.0
301.0,0.453133,0.4463,0.469896,0.469896,13.227237,-1.421858,-1.419618,40.0,40.0,18.639999,0.0,1.0,0.0,0.0,0.14301,299.0,0.344701,1.0
311.0,0.453235,0.446404,0.470118,0.470118,13.228216,-1.462119,-1.459821,40.0,40.0,18.162453,0.0,1.0,0.0,0.0,0.14301,309.0,0.35448,1.0
321.0,0.45334,0.446511,0.470333,0.470333,13.228124,-1.447101,-1.444911,40.0,40.0,18.340246,0.0,1.0,0.0,0.0,0.14301,319.0,0.347054,1.0
331.0,0.453443,0.446616,0.470544,0.470544,13.227167,-1.389022,-1.386954,40.0,40.0,19.028512,0.0,1.0,0.0,0.0,0.14301,329.0,0.346032,1.0
341.0,0.453548,0.446722,0.470747,0.470747,13.228829,-1.464534,-1.462416,40.0,40.0,18.133081,0.0,1.0,0.0,0.0,0.14301,339.0,0.355971,1.0
351.0,0.453652,0.446829,0.470964,0.470964,13.229961,-1.513173,-1.510904,40.0,40.0,17.556118,0.0,1.0,0.0,0.0,0.14301,349.0,0.355874,1.0
361.0,0.453756,0.446935,0.471163,0.471163,13.229094,-1.460398,-1.458118,40.0,40.0,18.181667,0.0,1.0,0.0,0.0,0.145003,359.0,0.343826,1.0
371.0,0.453861,0.447041,0.471352,0.471352,13.229003,-1.447487,-1.445243,40.0,40.0,18.334545,0.0,1.0,0.0,0.0,0.145003,369.0,0.348395,1.0
381.0,0.453964,0.447146,0.471539,0.471539,13.229089,-1.444143,-1.4419,40.0,40.0,18.37399,0.0,1.0,0.0,0.0,0.145003,379.0,0.348098,1.0
391.0,0.454069,0.447253,0.471726,0.471726,13.230539,-1.510125,-1.507955,40.0,40.0,17.5914,0.0,1.0,0.0,0.0,0.145003,389.0,0.353758,1.0
401.0,0.454173,0.447359,0.471908,0.471908,13.230018,-1.476259,-1.474066,40.0,40.0,17.992801,0.0,1.0,0.0,0.0,0.145003,399.0,0.360135,1.0
411.0,0.454278,0.447466,0.472086,0.472086,13.231564,-1.547811,-1.545645,40.0,40.0,17.144065,0.0,1.0,0.0,0.0,0.145003,409.0,0.351807,1.0
421.0,0.454382,0.447572,0.472271,0.472271,13.231363,-1.530433,-1.528077,40.0,40.0,17.349983,0.0,1.0,0.0,0.0,0.147051,419.0,0.346994,1.0
431.0,0.454487,0.447678,0.472441,0.472441,13.22932,-1.419413,-1.41723,40.0,40.0,18.666279,0.0,1.0,0.0,0.0,0.147051,429.0,0.350676,1.0
441.0,0.45459,0.447783,0.472614,0.472614,13.229675,-1.431468,-1.429337,40.0,40.0,18.523205,0.0,1.0,0.0,0.0,0.147051,439.0,0.353575,1.0
451.0,0.454695,0.44789,0.472783,0.472783,13.230757,-1.480411,-1.478177,40.0,40.0,17.942699,0.0,1.0,0.0,0.0,0.147051,449.0,0.348964,1.0
461.0,0.454797,0.447994,0.472937,0.472937,13.22982,-1.426994,-1.424872,40.0,40.0,18.575947,0.0,1.0,0.0,0.0,0.147051,459.0,0.353333,1.0
471.0,0.454902,0.448101,0.473107,0.473107,13.23122,-1.492434,-1.490284,40.0,40.0,17.79982,0.0,1.0,0.0,0.0,0.147051,469.0,0.354938,1.0
481.0,0.455006,0.448207,0.473274,0.473274,13.230611,-1.455602,-1.453466,40.0,40.0,18.236438,0.0,1.0,0.0,0.0,0.148652,479.0,0.355704,1.0
491.0,0.455112,0.448314,0.473442,0.473442,13.232281,-1.53495,-1.532853,40.0,40.0,17.295271,0.0,1.0,0.0,0.0,0.148652,489.0,0.368545,1.0
501.0,0.455216,0.448421,0.4736,0.4736,13.22965,-1.395163,-1.39308,40.0,40.0,18.952778,0.0,1.0,0.0,0.0,0.148652,499.0,0.356105,1.0
511.0,0.45532,0.448526,0.473749,0.473749,13.23064,-1.440843,-1.438619,40.0,40.0,18.411032,0.0,1.0,0.0,0.0,0.148652,509.0,0.35535,1.0
521.0,0.455423,0.448631,0.473902,0.473902,13.231279,-1.468938,-1.466611,40.0,40.0,18.077766,0.0,1.0,0.0,0.0,0.148652,519.0,0.342985,1.0
531.0,0.455526,0.448736,0.474054,0.474054,13.231027,-1.451397,-1.449292,40.0,40.0,18.285658,0.0,1.0,0.0,0.0,0.148652,529.0,0.358725,1.0
541.0,0.45563,0.448842,0.474204,0.474204,13.231784,-1.485263,-1.483037,40.0,40.0,17.883923,0.0,1.0,0.0,0.0,0.150072,539.0,0.352172,1.0
551.0,0.455734,0.448948,0.474354,0.474354,13.232405,-1.512357,-1.510053,40.0,40.0,17.562463,0.0,1.0,0.0,0.0,0.150072,549.0,0.357847,1.0
561.0,0.455838,0.449054,0.474506,0.474506,13.231498,-1.461629,-1.459426,40.0,40.0,18.163963,0.0,1.0,0.0,0.0,0.150072,559.0,0.358083,1.0
571.0,0.455942,0.449159,0.474658,0.474658,13.232167,-1.491646,-1.489412,40.0,40.0,17.807883,0.0,1.0,0.0,0.0,0.150072,569.0,0.348541,1.0
581.0,0.456046,0.449265,0.474799,0.474799,13.233176,-1.538755,-1.536487,40.0,40.0,17.249009,0.0,1.0,0.0,0.0,0.150072,579.0,0.352735,1.0
591.0,0.45615,0.449372,0.474958,0.474958,13.232589,-1.50456,-1.502411,40.0,40.0,17.65449,0.0,1.0,0.0,0.0,0.150072,589.0,0.352632,1.0
601.0,0.456254,0.449477,0.475099,0.475099,13.231753,-1.458054,-1.455854,40.0,40.0,18.205931,0.0,1.0,0.0,0.0,0.150596,599.0,0.359641,1.0
611.0,0.45636,0.449585,0.475243,0.475243,13.232613,-1.497157,-1.495039,40.0,40.0,17.742066,0.0,1.0,0.0,0.0,0.150596,609.0,0.355042,1.0
621.0,0.456462,0.449689,0.475386,0.475386,13.231636,-1.444107,-1.441921,40.0,40.0,18.371127,0.0,1.0,0.0,0.0,0.150596,619.0,0.358619,1.0
631.0,0.456566,0.449795,0.475529,0.475529,13.231921,-1.454939,-1.452823,40.0,40.0,18.242582,0.0,1.0,0.0,0.0,0.150596,629.0,0.362494,1.0
641.0,0.45667,0.449901,0.47566,0.47566,13.232844,-1.498418,-1.496119,40.0,40.0,17.72683,0.0,1.0,0.0,0.0,0.150596,639.0,0.3562,1.0
651.0,0.456774,0.450006,0.475797,0.475797,13.23375,-1.541182,-1.539104,40.0,40.0,17.219506,0.0,1.0,0.0,0.0,0.150596,649.0,0.346635,1.0
661.0,0.456878,0.450112,0.475944,0.475944,13.232116,-1.454112,-1.451909,40.0,40.0,18.252108,0.0,1.0,0.0,0.0,0.152093,659.0,0.355882,1.0
671.0,0.456982,0.450218,0.476085,0.476085,13.232254,-1.457705,-1.455522,40.0,40.0,18.209413,0.0,1.0,0.0,0.0,0.152093,669.0,0.342927,1.0
681.0,0.457086,0.450324,0.476223,0.476223,13.232533,-1.468356,-1.466154,40.0,40.0,18.083005,0.0,1.0,0.0,0.0,0.152093,679.0,0.350699,1.0
691.0,0.457191,0.450431,0.476357,0.476357,13.233532,-1.515636,-1.513437,40.0,40.0,17.522138,0.0,1.0,0.0,0.0,0.152093,689.0,0.35569,1.0
701.0,0.457295,0.450537,0.476494,0.476494,13.232665,-1.468195,-1.466092,40.0,40.0,18.084739,0.0,1.0,0.0,0.0,0.152093,699.0,0.352348,1.0
711.0,0.457398,0.450642,0.476628,0.476628,13.232615,-1.462653,-1.460361,40.0,40.0,18.150389,0.0,1.0,0.0,0.0,0.152093,709.0,0.341151,1.0
721.0,0.457503,0.450748,0.476763,0.476763,13.232702,-1.463797,-1.46169,40.0,40.0,18.136741,0.0,1.0,0.0,0.0,0.15374,719.0,0.349435,1.0
731.0,0.457607,0.450854,0.476894,0.476894,13.233043,-1.47806,-1.475956,40.0,40.0,17.967499,0.0,1.0,0.0,0.0,0.15374,729.0,0.350878,1.0
741.0,0.457711,0.45096,0.477024,0.477024,13.233519,-1.499325,-1.49724,40.0,40.0,17.715199,0.0,1.0,0.0,0.0,0.15374,739.0,0.366001,1.0
751.0,0.457814,0.451065,0.477155,0.477155,13.232218,-1.430204,-1.428049,40.0,40.0,18.534907,0.0,1.0,0.0,0.0,0.15374,749.0,0.343724,1.0
761.0,0.457919,0.451172,0.47729,0.47729,13.23284,-1.458553,-1.456498,40.0,40.0,18.198612,0.0,1.0,0.0,0.0,0.15374,759.0,0.343211,1.0
771.0,0.458023,0.451277,0.47742,0.47742,13.233378,-1.483269,-1.481168,40.0,40.0,17.905402,0.0,1.0,0.0,0.0,0.15374,769.0,0.357458,1.0
781.0,0.458125,0.451382,0.477551,0.477551,13.23245,-1.433417,-1.431226,40.0,40.0,18.49658,0.0,1.0,0.0,0.0,0.154998,779.0,0.349672,1.0
791.0,0.45823,0.451488,0.477677,0.477677,13.233234,-1.470417,-1.468106,40.0,40.0,18.057691,0.0,1.0,0.0,0.0,0.154998,789.0,0.356316,1.0
801.0,0.458333,0.451593,0.477804,0.477804,13.233259,-1.469085,-1.466943,40.0,40.0,18.07343,0.0,1.0,0.0,0.0,0.154998,799.0,0.346105,1.0
811.0,0.458437,0.451699,0.477935,0.477935,13.233149,-1.460838,-1.45872,40.0,40.0,18.171171,0.0,1.0,0.0,0.0,0.154998,809.0,0.354367,1.0
821.0,0.458541,0.451805,0.478065,0.478065,13.233149,-1.458085,-1.455792,40.0,40.0,18.203748,0.0,1.0,0.0,0.0,0.154998,819.0,0.350908,1.0
831.0,0.458645,0.451911,0.478186,0.478186,13.233333,-1.464451,-1.462229,40.0,40.0,18.128173,0.0,1.0,0.0,0.0,0.154998,829.0,0.358664,1.0
841.0,0.458749,0.452017,0.478309,0.478309,13.233993,-1.495531,-1.49344,40.0,40.0,17.759461,0.0,1.0,0.0,0.0,0.156371,839.0,0.362879,1.0
851.0,0.458854,0.452124,0.478433,0.478433,13.235028,-1.545321,-1.543195,40.0,40.0,17.168752,0.0,1.0,0.0,0.0,0.156371,849.0,0.338995,1.0
861.0,0.458958,0.45223,0.478561,0.478561,13.234425,-1.511792,-1.509534,40.0,40.0,17.566421,0.0,1.0,0.0,0.0,0.156371,859.0,0.352696,1.0
871.0,0.459063,0.452336,0.478685,0.478685,13.234716,-1.523906,-1.521764,40.0,40.0,17.422644,0.0,1.0,0.0,0.0,0.156371,869.0,0.345089,1.0
881.0,0.459166,0.452442,0.478809,0.478809,13.232724,-1.419746,-1.417604,40.0,40.0,18.658019,0.0,1.0,0.0,0.0,0.156371,879.0,0.363279,1.0
891.0,0.45927,0.452547,0.478936,0.478936,13.233483,-1.456182,-1.45411,40.0,40.0,18.225837,0.0,1.0,0.0,0.0,0.156371,889.0,0.35016,1.0
901.0,0.459375,0.452654,0.479063,0.479063,13.234834,-1.522067,-1.519833,40.0,40.0,17.444257,0.0,1.0,0.0,0.0,0.156941,899.0,0.364501,1.0
911.0,0.459479,0.45276,0.479187,0.479187,13.233025,-1.427302,-1.424997,40.0,40.0,18.568212,0.0,1.0,0.0,0.0,0.156941,909.0,0.353333,1.0
921.0,0.459583,0.452866,0.479312,0.479312,13.233341,-1.440669,-1.438474,40.0,40.0,18.409615,0.0,1.0,0.0,0.0,0.156941,919.0,0.363236,1.0
931.0,0.459688,0.452972,0.479432,0.479432,13.234061,-1.474822,-1.472488,40.0,40.0,18.00447,0.0,1.0,0.0,0.0,0.156941,929.0,0.344184,1.0
941.0,0.459793,0.45308,0.479555,0.479555,13.234517,-1.495049,-1.492817,40.0,40.0,17.764464,0.0,1.0,0.0,0.0,0.156941,939.0,0.347512,1.0
951.0,0.459897,0.453185,0.47967,0.47967,13.234469,-1.490356,-1.488249,40.0,40.0,17.820073,0.0,1.0,0.0,0.0,0.156941,949.0,0.3461,1.0
961.0,0.46,0.453291,0.479792,0.479792,13.234166,-1.472729,-1.47066,40.0,40.0,18.029098,0.0,1.0,0.0,0.0,0.15848,959.0,0.359814,1.0
971.0,0.460104,0.453396,0.47991,0.47991,13.234064,-1.465129,-1.46279,40.0,40.0,18.119185,0.0,1.0,0.0,0.0,0.15848,969.0,0.349346,1.0
981.0,0.460209,0.453503,0.480031,0.480031,13.234686,-1.494295,-1.492153,40.0,40.0,17.773158,0.0,1.0,0.0,0.0,0.15848,979.0,0.344068,1.0
991.0,0.460313,0.453609,0.480163,0.480163,13.23435,-1.474737,-1.472529,40.0,40.0,18.005098,0.0,1.0,0.0,0.0,0.15848,989.0,0.341544,1.0
1001.0,0.460417,0.453715,0.480288,0.480288,13.234867,-1.49866,-1.496638,40.0,40.0,17.721253,0.0,1.0,0.0,0.0,0.15848,999.0,0.349438,1.0
1011.0,0.460521,0.45382,0.48041,0.48041,13.233832,-1.443681,-1.441609,40.0,40.0,18.373328,0.0,1.0,0.0,0.0,0.15848,1009.0,0.344941,1.0
1021.0,0.460625,0.453926,0.480527,0.480527,13.234379,-1.469432,-1.467172,40.0,40.0,18.067843,0.0,1.0,0.0,0.0,0.159762,1019.0,0.352979,1.0
1031.0,0.460728,0.454031,0.480648,0.480648,13.233959,-1.445887,-1.443561,40.0,40.0,18.347062,0.0,1.0,0.0,0.0,0.159762,1029.0,0.355166,1.0
1041.0,0.460833,0.454138,0.480768,0.480768,13.234764,-1.484347,-1.482102,40.0,40.0,17.890807,0.0,1.0,0.0,0.0,0.159762,1039.0,0.355385,1.0
1051.0,0.460938,0.454245,0.480885,0.480885,13.236061,-1.547885,-1.545666,40.0,40.0,17.136976,0.0,1.0,0.0,0.0,0.159762,1049.0,0.352252,1.0
1061.0,0.461041,0.45435,0.481004,0.481004,13.233948,-1.437908,-1.435878,40.0,40.0,18.441505,0.0,1.0,0.0,0.0,0.159762,1059.0,0.361929,1.0
1071.0,0.461146,0.454457,0.481122,0.481122,13.234405,-1.458587,-1.456374,40.0,40.0,18.196173,0.0,1.0,0.0,0.0,0.159762,1069.0,0.351706,1.0
1081.0,0.46125,0.454563,0.481238,0.481238,13.235183,-1.496065,-1.493814,40.0,40.0,17.751552,0.0,1.0,0.0,0.0,0.161269,1079.0,0.353381,1.0
1091.0,0.461354,0.454668,0.481353,0.481353,13.234667,-1.467655,-1.465448,40.0,40.0,18.088498,0.0,1.0,0.0,0.0,0.161269,1089.0,0.360466,1.0
1101.0,0.461458,0.454774,0.481474,0.481474,13.234502,-1.457064,-1.454961,40.0,40.0,18.214072,0.0,1.0,0.0,0.0,0.161269,1099.0,0.344529,1.0
1111.0,0.461563,0.454881,0.481586,0.481586,13.23584,-1.522761,-1.520394,40.0,40.0,17.434675,0.0,1.0,0.0,0.0,0.161269,1109.0,0.350934,1.0
1121.0,0.461667,0.454988,0.481705,0.481705,13.234184,-1.435657,-1.433573,40.0,40.0,18.467852,0.0,1.0,0.0,0.0,0.161269,1119.0,0.341826,1.0
1131.0,0.461771,0.455093,0.481819,0.481819,13.235286,-1.489798,-1.487543,40.0,40.0,17.825586,0.0,1.0,0.0,0.0,0.161269,1129.0,0.353123,1.0
1141.0,0.461876,0.4552,0.481936,0.481936,13.23561,-1.503926,-1.501622,40.0,40.0,17.657927,0.0,1.0,0.0,0.0,0.162681,1139.0,0.352499,1.0
1151.0,0.461979,0.455305,0.482053,0.482053,13.23485,-1.463209,-1.461004,40.0,40.0,18.140878,0.0,1.0,0.0,0.0,0.162681,1149.0,0.346965,1.0
1161.0,0.462083,0.455411,0.482169,0.482169,13.234472,-1.441729,-1.439512,40.0,40.0,18.395607,0.0,1.0,0.0,0.0,0.162681,1159.0,0.354103,1.0
1171.0,0.462187,0.455517,0.482287,0.482287,13.234821,-1.457297,-1.455065,40.0,40.0,18.210891,0.0,1.0,0.0,0.0,0.162681,1169.0,0.363759,1.0
1181.0,0.462292,0.455623,0.482405,0.482405,13.234919,-1.459808,-1.457495,40.0,40.0,18.181051,0.0,1.0,0.0,0.0,0.162681,1179.0,0.357066,1.0
1191.0,0.462396,0.455729,0.482528,0.482528,13.234726,-1.447956,-1.445679,40.0,40.0,18.321583,0.0,1.0,0.0,0.0,0.162681,1189.0,0.358543,1.0
1201.0,0.4625,0.455835,0.482646,0.482646,13.235878,-1.50436,-1.501975,40.0,40.0,17.652429,0.0,1.0,0.0,0.0,0.162905,1199.0,0.345481,1.0
1211.0,0.462605,0.455942,0.482763,0.482763,13.234375,-1.425299,-1.423024,40.0,40.0,18.590194,0.0,1.0,0.0,0.0,0.162905,1209.0,0.359397,1.0
1221.0,0.462709,0.456048,0.482878,0.482878,13.235164,-1.46336,-1.461004,40.0,40.0,18.138683,0.0,1.0,0.0,0.0,0.162905,1219.0,0.360506,1.0
1231.0,0.462813,0.456154,0.482999,0.482999,13.235722,-1.489531,-1.48721,40.0,40.0,17.828175,0.0,1.0,0.0,0.0,0.162905,1229.0,0.357843,1.0
1241.0,0.462917,0.456259,0.483115,0.483115,13.234315,-1.415835,-1.413721,40.0,40.0,18.702285,0.0,1.0,0.0,0.0,0.162905,1239.0,0.352021,1.0
1251.0,0.463021,0.456366,0.483233,0.483233,13.234905,-1.443613,-1.441318,40.0,40.0,18.372757,0.0,1.0,0.0,0.0,0.162905,1249.0,0.347418,1.0
1261.0,0.463126,0.456472,0.48335,0.48335,13.235325,-1.462689,-1.460527,40.0,40.0,18.146411,0.0,1.0,0.0,0.0,0.164338,1259.0,0.364666,1.0
1271.0,0.463229,0.456577,0.483462,0.483462,13.235103,-1.44937,-1.447257,40.0,40.0,18.304361,0.0,1.0,0.0,0.0,0.164338,1269.0,0.360867,1.0
1281.0,0.463333,0.456683,0.483581,0.483581,13.236041,-1.495189,-1.493004,40.0,40.0,17.760765,0.0,1.0,0.0,0.0,0.164338,1279.0,0.359916,1.0
1291.0,0.463437,0.456789,0.483699,0.483699,13.235826,-1.482113,-1.479839,40.0,40.0,17.915844,0.0,1.0,0.0,0.0,0.164338,1289.0,0.353324,1.0
1301.0,0.463542,0.456895,0.483814,0.483814,13.23637,-1.50753,-1.505422,40.0,40.0,17.614251,0.0,1.0,0.0,0.0,0.164338,1299.0,0.34709,1.0
1311.0,0.463646,0.457002,0.483927,0.483927,13.236804,-1.527272,-1.5249,40.0,40.0,17.379952,0.0,1.0,0.0,0.0,0.164338,1309.0,0.358741,1.0
1321.0,0.46375,0.457108,0.48404,0.48404,13.235948,-1.481531,-1.47934,40.0,40.0,17.922563,0.0,1.0,0.0,0.0,0.165645,1319.0,0.355428,1.0
1331.0,0.463854,0.457213,0.484156,0.484156,13.236382,-1.501604,-1.499171,40.0,40.0,17.68438,0.0,1.0,0.0,0.0,0.165645,1329.0,0.354881,1.0
1341.0,0.463959,0.45732,0.484272,0.484272,13.236524,-1.506373,-1.504259,40.0,40.0,17.627735,0.0,1.0,0.0,0.0,0.165645,1339.0,0.355756,1.0
1351.0,0.464063,0.457426,0.484389,0.484389,13.236391,-1.497445,-1.495226,40.0,40.0,17.733602,0.0,1.0,0.0,0.0,0.165645,1349.0,0.345978,1.0
1361.0,0.464167,0.457532,0.4845,0.4845,13.235892,-1.469998,-1.467774,40.0,40.0,18.059161,0.0,1.0,0.0,0.0,0.165645,1359.0,0.356567,1.0
1371.0,0.464271,0.457638,0.484611,0.484611,13.236894,-1.519005,-1.516905,40.0,40.0,17.477696,0.0,1.0,0.0,0.0,0.165645,1369.0,0.348771,1.0
1381.0,0.464373,0.457741,0.484724,0.484724,13.234709,-1.406125,-1.40392,40.0,40.0,18.816716,0.0,1.0,0.0,0.0,0.166758,1379.0,0.348111,1.0
1391.0,0.464478,0.457848,0.484837,0.484837,13.23695,-1.518047,-1.515867,40.0,40.0,17.488959,0.0,1.0,0.0,0.0,0.166758,1389.0,0.346954,1.0
1401.0,0.464582,0.457955,0.484952,0.484952,13.236147,-1.474672,-1.47255,40.0,40.0,18.003496,0.0,1.0,0.0,0.0,0.166758,1399.0,0.357913,1.0
1411.0,0.464688,0.458062,0.485066,0.485066,13.236832,-1.506814,-1.504591,40.0,40.0,17.622099,0.0,1.0,0.0,0.0,0.166758,1409.0,0.348429,1.0
1421.0,0.464791,0.458167,0.485178,0.485178,13.234767,-1.399828,-1.397773,40.0,40.0,18.891174,0.0,1.0,0.0,0.0,0.166758,1419.0,0.355193,1.0
1431.0,0.464895,0.458273,0.485289,0.485289,13.235209,-1.420153,-1.417936,40.0,40.0,18.650039,0.0,1.0,0.0,0.0,0.166758,1429.0,0.362968,1.0
1441.0,0.465,0.45838,0.485401,0.485401,13.236474,-1.482324,-1.480026,40.0,40.0,17.912483,0.0,1.0,0.0,0.0,0.168362,1439.0,0.355049,1.0
1451.0,0.465103,0.458485,0.485514,0.485514,13.236269,-1.470116,-1.46794,40.0,40.0,18.057268,0.0,1.0,0.0,0.0,0.168362,1449.0,0.36451,1.0
1461.0,0.465207,0.45859,0.48563,0.48563,13.235224,-1.414722,-1.412517,40.0,40.0,18.714312,0.0,1.0,0.0,0.0,0.168362,1459.0,0.348348,1.0
1471.0,0.465312,0.458698,0.485746,0.485746,13.236109,-1.45732,-1.455252,40.0,40.0,18.208941,0.0,1.0,0.0,0.0,0.168362,1469.0,0.350502,1.0
1481.0,0.465416,0.458803,0.485858,0.485858,13.236528,-1.476761,-1.474606,40.0,40.0,17.978267,0.0,1.0,0.0,0.0,0.168362,1479.0,0.352931,1.0
1491.0,0.46552,0.458909,0.485969,0.485969,13.235507,-1.422361,-1.420054,40.0,40.0,18.62353,0.0,1.0,0.0,0.0,0.168362,1489.0,0.356793,1.0
1501.0,0.465624,0.459015,0.486079,0.486079,13.236236,-1.457614,-1.455481,40.0,40.0,18.205294,0.0,1.0,0.0,0.0,0.168552,1499.0,0.351342,1.0
1511.0,0.465729,0.459122,0.486194,0.486194,13.236252,-1.455935,-1.453716,40.0,40.0,18.225156,0.0,1.0,0.0,0.0,0.168552,1509.0,0.355858,1.0
1521.0,0.465832,0.459227,0.48631,0.48631,13.236315,-1.457287,-1.45492,40.0,40.0,18.209072,0.0,1.0,0.0,0.0,0.168552,1519.0,0.348139,1.0
1531.0,0.465937,0.459334,0.486425,0.486425,13.236684,-1.473809,-1.471574,40.0,40.0,18.012999,0.0,1.0,0.0,0.0,0.168552,1529.0,0.361924,1.0
1541.0,0.466041,0.45944,0.486536,0.486536,13.237752,-1.526035,-1.523779,40.0,40.0,17.39331,0.0,1.0,0.0,0.0,0.168552,1539.0,0.339044,1.0
1551.0,0.466145,0.459546,0.486649,0.486649,13.23549,-1.408571,-1.406349,40.0,40.0,18.786784,0.0,1.0,0.0,0.0,0.168552,1549.0,0.350145,1.0
1561.0,0.466248,0.45965,0.486755,0.486755,13.236722,-1.469717,-1.467462,40.0,40.0,18.061397,0.0,1.0,0.0,0.0,0.169777,1559.0,0.351064,1.0
1571.0,0.466353,0.459757,0.486866,0.486866,13.236692,-1.465913,-1.463662,40.0,40.0,18.10647,0.0,1.0,0.0,0.0,0.169777,1569.0,0.340098,1.0
1581.0,0.466457,0.459863,0.486979,0.486979,13.236852,-1.47173,-1.469414,40.0,40.0,18.037389,0.0,1.0,0.0,0.0,0.169777,1579.0,0.355613,1.0
1591.0,0.466561,0.459969,0.487088,0.487088,13.237612,-1.508605,-1.506336,40.0,40.0,17.599839,0.0,1.0,0.0,0.0,0.169777,1589.0,0.352131,1.0
1601.0,0.466666,0.460076,0.487202,0.487202,13.2368,-1.464688,-1.462458,40.0,40.0,18.120829,0.0,1.0,0.0,0.0,0.169777,1599.0,0.350291,1.0
1611.0,0.466769,0.46018,0.487312,0.487312,13.237354,-1.49131,-1.489308,40.0,40.0,17.804933,0.0,1.0,0.0,0.0,0.169777,1609.0,0.352937,1.0
1621.0,0.466873,0.460286,0.487424,0.487424,13.237208,-1.481772,-1.479735,40.0,40.0,17.918045,0.0,1.0,0.0,0.0,0.171088,1619.0,0.354799,1.0
1631.0,0.466979,0.460395,0.487539,0.487539,13.23831,-1.535032,-1.53277,40.0,40.0,17.286032,0.0,1.0,0.0,0.0,0.171088,1629.0,0.342322,1.0
1641.0,0.467085,0.460503,0.487658,0.487658,13.237666,-1.499251,-1.49697,40.0,40.0,17.710512,0.0,1.0,0.0,0.0,0.171088,1639.0,0.35357,1.0
1651.0,0.46719,0.460609,0.487772,0.487772,13.236839,-1.454733,-1.452573,40.0,40.0,18.238613,0.0,1.0,0.0,0.0,0.171088,1649.0,0.349271,1.0
1661.0,0.467294,0.460715,0.487881,0.487881,13.236823,-1.451991,-1.449853,40.0,40.0,18.271094,0.0,1.0,0.0,0.0,0.171088,1659.0,0.347017,1.0
1671.0,0.467398,0.460821,0.48799,0.48799,13.23735,-1.4769,-1.47473,40.0,40.0,17.975537,0.0,1.0,0.0,0.0,0.171088,1669.0,0.353275,1.0
1681.0,0.467501,0.460926,0.488096,0.488096,13.237352,-1.475213,-1.472965,40.0,40.0,17.995502,0.0,1.0,0.0,0.0,0.172801,1679.0,0.367284,1.0
1691.0,0.467606,0.461033,0.488208,0.488208,13.238071,-1.509392,-1.507374,40.0,40.0,17.589905,0.0,1.0,0.0,0.0,0.172801,1689.0,0.346207,1.0
1701.0,0.467711,0.461139,0.48832,0.48832,13.238446,-1.526424,-1.52436,40.0,40.0,17.38775,0.0,1.0,0.0,0.0,0.172801,1699.0,0.347795,1.0
1711.0,0.467815,0.461245,0.488429,0.488429,13.237955,-1.499287,-1.49695,40.0,40.0,17.709695,0.0,1.0,0.0,0.0,0.172801,1709.0,0.360335,1.0
1721.0,0.467919,0.461351,0.48854,0.48854,13.237686,-1.483404,-1.481292,40.0,40.0,17.898093,0.0,1.0,0.0,0.0,0.172801,1719.0,0.352019,1.0
1731.0,0.468024,0.461458,0.48865,0.48865,13.237591,-1.476093,-1.473817,40.0,40.0,17.984772,0.0,1.0,0.0,0.0,0.172801,1729.0,0.353945,1.0
1741.0,0.468129,0.461565,0.48876,0.48876,13.238059,-1.497742,-1.495621,40.0,40.0,17.727844,0.0,1.0,0.0,0.0,0.17431,1739.0,0.352668,1.0
1751.0,0.468234,0.461672,0.488872,0.488872,13.238124,-1.498654,-1.49643,40.0,40.0,17.716964,0.0,1.0,0.0,0.0,0.17431,1749.0,0.352838,1.0
1761.0,0.468338,0.461777,0.488985,0.488985,13.237754,-1.477834,-1.475582,40.0,40.0,17.963936,0.0,1.0,0.0,0.0,0.17431,1759.0,0.351281,1.0
1771.0,0.468442,0.461884,0.489096,0.489096,13.237988,-1.487585,-1.485425,40.0,40.0,17.848186,0.0,1.0,0.0,0.0,0.17431,1769.0,0.354049,1.0
1781.0,0.468546,0.46199,0.489206,0.489206,13.238726,-1.523176,-1.521017,40.0,40.0,17.425824,0.0,1.0,0.0,0.0,0.17431,1779.0,0.353086,1.0
1791.0,0.46865,0.462095,0.489316,0.489316,13.2387,-1.519906,-1.517715,40.0,40.0,17.464582,0.0,1.0,0.0,0.0,0.17431,1789.0,0.359525,1.0
1801.0,0.468754,0.462201,0.489429,0.489429,13.237829,-1.473466,-1.471159,40.0,40.0,18.015549,0.0,1.0,0.0,0.0,0.17436,1799.0,0.35692,1.0
1811.0,0.468858,0.462307,0.48954,0.48954,13.238072,-1.483699,-1.4815,40.0,40.0,17.89408,0.0,1.0,0.0,0.0,0.17436,1809.0,0.355091,1.0
1821.0,0.468962,0.462413,0.489648,0.489648,13.238093,-1.482875,-1.480649,40.0,40.0,17.903808,0.0,1.0,0.0,0.0,0.17436,1819.0,0.348634,1.0
1831.0,0.469066,0.462519,0.489759,0.489759,13.237978,-1.475056,-1.472695,40.0,40.0,17.996532,0.0,1.0,0.0,0.0,0.17436,1829.0,0.356434,1.0
1841.0,0.46917,0.462624,0.489869,0.489869,13.238026,-1.47541,-1.473173,40.0,40.0,17.99228,0.0,1.0,0.0,0.0,0.17436,1839.0,0.346751,1.0
1851.0,0.469274,0.462731,0.489978,0.489978,13.238013,-1.472547,-1.470287,40.0,40.0,18.026196,0.0,1.0,0.0,0.0,0.17436,1849.0,0.347958,1.0
1861.0,0.469379,0.462837,0.490085,0.490085,13.238036,-1.471641,-1.469394,40.0,40.0,18.036887,0.0,1.0,0.0,0.0,0.175561,1859.0,0.34452,1.0
1871.0,0.469483,0.462943,0.490196,0.490196,13.237495,-1.441892,-1.439678,40.0,40.0,18.389785,0.0,1.0,0.0,0.0,0.175561,1869.0,0.346052,1.0
1881.0,0.469587,0.463049,0.490305,0.490305,13.238959,-1.514467,-1.512316,40.0,40.0,17.528618,0.0,1.0,0.0,0.0,0.175561,1879.0,0.344035,1.0
1891.0,0.469691,0.463155,0.490413,0.490413,13.238332,-1.480354,-1.478177,40.0,40.0,17.933348,0.0,1.0,0.0,0.0,0.175561,1889.0,0.355942,1.0
1901.0,0.469796,0.463261,0.490529,0.490529,13.237977,-1.459991,-1.457765,40.0,40.0,18.174892,0.0,1.0,0.0,0.0,0.175561,1899.0,0.34638,1.0
1911.0,0.4699,0.463368,0.490639,0.490639,13.239256,-1.523112,-1.520934,40.0,40.0,17.425857,0.0,1.0,0.0,0.0,0.175561,1909.0,0.344221,1.0
1921.0,0.470004,0.463474,0.490749,0.490749,13.238624,-1.488732,-1.486442,40.0,40.0,17.833764,0.0,1.0,0.0,0.0,0.176945,1919.0,0.357194,1.0
1931.0,0.470108,0.46358,0.490859,0.490859,13.238627,-1.486815,-1.484781,40.0,40.0,17.856458,0.0,1.0,0.0,0.0,0.176945,1929.0,0.350434,1.0
1941.0,0.470213,0.463686,0.49097,0.49097,13.239122,-1.509868,-1.507665,40.0,40.0,17.58285,0.0,1.0,0.0,0.0,0.176945,1939.0,0.348925,1.0
1951.0,0.470318,0.463793,0.491079,0.491079,13.239604,-1.532106,-1.529884,40.0,40.0,17.318891,0.0,1.0,0.0,0.0,0.176945,1949.0,0.350004,1.0
1961.0,0.470421,0.463898,0.491186,0.491186,13.239124,-1.505797,-1.503615,40.0,40.0,17.631045,0.0,1.0,0.0,0.0,0.176945,1959.0,0.35002,1.0
1971.0,0.470525,0.464004,0.491292,0.491292,13.238488,-1.471222,-1.469103,40.0,40.0,18.041251,0.0,1.0,0.0,0.0,0.176945,1969.0,0.345144,1.0
1981.0,0.47063,0.46411,0.4914,0.4914,13.238378,-1.463481,-1.461212,40.0,40.0,18.133044,0.0,1.0,0.0,0.0,0.17828,1979.0,0.349185,1.0
1991.0,0.470735,0.464217,0.491513,0.491513,13.239264,-1.506263,-1.50401,40.0,40.0,17.625347,0.0,1.0,0.0,0.0,0.17828,1989.0,0.347175,1.0
2001.0,0.470838,0.464323,0.491623,0.491623,13.238358,-1.458107,-1.455937,40.0,40.0,18.196701,0.0,1.0,0.0,0.0,0.17828,1999.0,0.357451,1.0
2011.0,0.470942,0.464428,0.49173,0.49173,13.238663,-1.471715,-1.469622,40.0,40.0,18.035183,0.0,1.0,0.0,0.0,0.17828,2009.0,0.35458,1.0
2021.0,0.471046,0.464534,0.491841,0.491841,13.238923,-1.482997,-1.480815,40.0,40.0,17.901266,0.0,1.0,0.0,0.0,0.17828,2019.0,0.345722,1.0
2031.0,0.47115,0.46464,0.491946,0.491946,13.239056,-1.487765,-1.485487,40.0,40.0,17.844642,0.0,1.0,0.0,0.0,0.17828,2029.0,0.364008,1.0
2041.0,0.471254,0.464746,0.492056,0.492056,13.237411,-1.401758,-1.399683,40.0,40.0,18.865011,0.0,1.0,0.0,0.0,0.179482,2039.0,0.357088,1.0
2051.0,0.471357,0.464851,0.492162,0.492162,13.238814,-1.471538,-1.46929,40.0,40.0,18.037089,0.0,1.0,0.0,0.0,0.179482,2049.0,0.352433,1.0
2061.0,0.471461,0.464957,0.492269,0.492269,13.239518,-1.505349,-1.503158,40.0,40.0,17.635828,0.0,1.0,0.0,0.0,0.179482,2059.0,0.353571,1.0
2071.0,0.471566,0.465063,0.492378,0.492378,13.237902,-1.420658,-1.418455,40.0,40.0,18.64065,0.0,1.0,0.0,0.0,0.179482,2069.0,0.359229,1.0
2081.0,0.471669,0.465168,0.492486,0.492486,13.238433,-1.445936,-1.443893,40.0,40.0,18.340694,0.0,1.0,0.0,0.0,0.179482,2079.0,0.34761,1.0
2091.0,0.471774,0.465275,0.492597,0.492597,13.238597,-1.451846,-1.449687,40.0,40.0,18.270513,0.0,1.0,0.0,0.0,0.179482,2089.0,0.355021,1.0
2101.0,0.471878,0.465381,0.492704,0.492704,13.238944,-1.467476,-1.46522,40.0,40.0,18.085003,0.0,1.0,0.0,0.0,0.179661,2099.0,0.346258,1.0
2111.0,0.471982,0.465487,0.492813,0.492813,13.239294,-1.483383,-1.481188,40.0,40.0,17.896207,0.0,1.0,0.0,0.0,0.179661,2109.0,0.345049,1.0
2121.0,0.472087,0.465594,0.49292,0.49292,13.240151,-1.524549,-1.522408,40.0,40.0,17.407626,0.0,1.0,0.0,0.0,0.179661,2119.0,0.351962,1.0
2131.0,0.472192,0.465701,0.493032,0.493032,13.23907,-1.466954,-1.464825,40.0,40.0,18.091025,0.0,1.0,0.0,0.0,0.179661,2129.0,0.347289,1.0
2141.0,0.472295,0.465805,0.493142,0.493142,13.238794,-1.45135,-1.449189,40.0,40.0,18.276131,0.0,1.0,0.0,0.0,0.179661,2139.0,0.351943,1.0
2151.0,0.472398,0.46591,0.493248,0.493248,13.239966,-1.50935,-1.507042,40.0,40.0,17.587844,0.0,1.0,0.0,0.0,0.179661,2149.0,0.359088,1.0
2161.0,0.472502,0.466016,0.493357,0.493357,13.240051,-1.511596,-1.509222,40.0,40.0,17.561133,0.0,1.0,0.0,0.0,0.180769,2159.0,0.349224,1.0
2171.0,0.472607,0.466123,0.493468,0.493468,13.238944,-1.452728,-1.450331,40.0,40.0,18.259621,0.0,1.0,0.0,0.0,0.180769,2169.0,0.356315,1.0
2181.0,0.472711,0.466229,0.493577,0.493577,13.239088,-1.458065,-1.455834,40.0,40.0,18.196242,0.0,1.0,0.0,0.0,0.180769,2179.0,0.351954,1.0
2191.0,0.472814,0.466333,0.493682,0.493682,13.238239,-1.413035,-1.410918,40.0,40.0,18.730471,0.0,1.0,0.0,0.0,0.180769,2189.0,0.342902,1.0
2201.0,0.472917,0.466439,0.493788,0.493788,13.239413,-1.470939,-1.468729,40.0,40.0,18.043391,0.0,1.0,0.0,0.0,0.180769,2199.0,0.348219,1.0
2211.0,0.473021,0.466544,0.493893,0.493893,13.239837,-1.490788,-1.488643,40.0,40.0,17.807802,0.0,1.0,0.0,0.0,0.180769,2209.0,0.342106,1.0
2221.0,0.473124,0.46665,0.494003,0.494003,13.239853,-1.489562,-1.487377,40.0,40.0,17.822297,0.0,1.0,0.0,0.0,0.181859,2219.0,0.363357,1.0
2231.0,0.473228,0.466755,0.494114,0.494114,13.239102,-1.44942,-1.447444,40.0,40.0,18.298583,0.0,1.0,0.0,0.0,0.181859,2229.0,0.358603,1.0
2241.0,0.473331,0.46686,0.494223,0.494223,13.240069,-1.496793,-1.494686,40.0,40.0,17.736394,0.0,1.0,0.0,0.0,0.181859,2239.0,0.359767,1.0
2251.0,0.473437,0.466968,0.494334,0.494334,13.240398,-1.510723,-1.508246,40.0,40.0,17.571008,0.0,1.0,0.0,0.0,0.181859,2249.0,0.356162,1.0
2261.0,0.473541,0.467074,0.494441,0.494441,13.240299,-1.503634,-1.501248,40.0,40.0,17.655077,0.0,1.0,0.0,0.0,0.181859,2259.0,0.347458,1.0
2271.0,0.473644,0.467179,0.494549,0.494549,13.239193,-1.445386,-1.443084,40.0,40.0,18.346225,0.0,1.0,0.0,0.0,0.181859,2269.0,0.349612,1.0
2281.0,0.473749,0.467285,0.494657,0.494657,13.239458,-1.456444,-1.454172,40.0,40.0,18.214956,0.0,1.0,0.0,0.0,0.183396,2279.0,0.348001,1.0
2291.0,0.473852,0.467391,0.494764,0.494764,13.239892,-1.476665,-1.474523,40.0,40.0,17.974956,0.0,1.0,0.0,0.0,0.183396,2289.0,0.340077,1.0
2301.0,0.473956,0.467497,0.494873,0.494873,13.238988,-1.428349,-1.42618,40.0,40.0,18.548209,0.0,1.0,0.0,0.0,0.183396,2299.0,0.356862,1.0
2311.0,0.474061,0.467603,0.49498,0.49498,13.239557,-1.455008,-1.452843,40.0,40.0,18.231826,0.0,1.0,0.0,0.0,0.183396,2309.0,0.346913,1.0
2321.0,0.474165,0.467709,0.495085,0.495085,13.240416,-1.49673,-1.494541,40.0,40.0,17.736671,0.0,1.0,0.0,0.0,0.183396,2319.0,0.353802,1.0
2331.0,0.474269,0.467815,0.495196,0.495196,13.240433,-1.495501,-1.49317,40.0,40.0,17.751209,0.0,1.0,0.0,0.0,0.183396,2329.0,0.349679,1.0
2341.0,0.474373,0.467921,0.495302,0.495302,13.240968,-1.520695,-1.518442,40.0,40.0,17.452145,0.0,1.0,0.0,0.0,0.184642,2339.0,0.344308,1.0
2351.0,0.474477,0.468027,0.495412,0.495412,13.24009,-1.473742,-1.471761,40.0,40.0,18.00931,0.0,1.0,0.0,0.0,0.184642,2349.0,0.35331,1.0
2361.0,0.47458,0.468132,0.49552,0.49552,13.239949,-1.46483,-1.462603,40.0,40.0,18.115015,0.0,1.0,0.0,0.0,0.184642,2359.0,0.349004,1.0
2371.0,0.474683,0.468236,0.495625,0.495625,13.239535,-1.442132,-1.439927,40.0,40.0,18.384315,0.0,1.0,0.0,0.0,0.184642,2369.0,0.352482,1.0
2381.0,0.474787,0.468342,0.495731,0.495731,13.239659,-1.446188,-1.444018,40.0,40.0,18.336125,0.0,1.0,0.0,0.0,0.184642,2379.0,0.34323,1.0
2391.0,0.474893,0.46845,0.495838,0.495838,13.240525,-1.487686,-1.485466,40.0,40.0,17.843622,0.0,1.0,0.0,0.0,0.184642,2389.0,0.35526,1.0
2401.0,0.474996,0.468555,0.495948,0.495948,13.238847,-1.400178,-1.398001,40.0,40.0,18.881923,0.0,1.0,0.0,0.0,0.184908,2399.0,0.351074,1.0
2411.0,0.4751,0.46866,0.496055,0.496055,13.239538,-1.433398,-1.431206,40.0,40.0,18.487723,0.0,1.0,0.0,0.0,0.184908,2409.0,0.34912,1.0
2421.0,0.475204,0.468767,0.496164,0.496164,13.241213,-1.51651,-1.514393,40.0,40.0,17.501378,0.0,1.0,0.0,0.0,0.184908,2419.0,0.357103,1.0
2431.0,0.475308,0.468873,0.496273,0.496273,13.240359,-1.470859,-1.468812,40.0,40.0,18.043092,0.0,1.0,0.0,0.0,0.184908,2429.0,0.348932,1.0
2441.0,0.475412,0.468978,0.496381,0.496381,13.239382,-1.419103,-1.416857,40.0,40.0,18.65718,0.0,1.0,0.0,0.0,0.184908,2439.0,0.351739,1.0
2451.0,0.475516,0.469085,0.496489,0.496489,13.239997,-1.448071,-1.445928,40.0,40.0,18.313396,0.0,1.0,0.0,0.0,0.184908,2449.0,0.355604,1.0
2461.0,0.475621,0.469191,0.496596,0.496596,13.240956,-1.494577,-1.492423,40.0,40.0,17.761441,0.0,1.0,0.0,0.0,0.186342,2459.0,0.348896,1.0
2471.0,0.475726,0.469298,0.496704,0.496704,13.240577,-1.47283,-1.470577,40.0,40.0,18.019469,0.0,1.0,0.0,0.0,0.186342,2469.0,0.356651,1.0
2481.0,0.475831,0.469404,0.49681,0.49681,13.240316,-1.457193,-1.454899,40.0,40.0,18.204964,0.0,1.0,0.0,0.0,0.186342,2479.0,0.352665,1.0
2491.0,0.475935,0.46951,0.496919,0.496919,13.240975,-1.488671,-1.486588,40.0,40.0,17.831361,0.0,1.0,0.0,0.0,0.186342,2489.0,0.353706,1.0
2501.0,0.476038,0.469616,0.497025,0.497025,13.241101,-1.493111,-1.490844,40.0,40.0,17.778613,0.0,1.0,0.0,0.0,0.186342,2499.0,0.352448,1.0
2511.0,0.476143,0.469722,0.497139,0.497139,13.241179,-1.494823,-1.492568,40.0,40.0,17.758236,0.0,1.0,0.0,0.0,0.186342,2509.0,0.35241,1.0
2521.0,0.476247,0.469828,0.497247,0.497247,13.240244,-1.444905,-1.442564,40.0,40.0,18.350567,0.0,1.0,0.0,0.0,0.187866,2519.0,0.35439,1.0
2531.0,0.476352,0.469935,0.497354,0.497354,13.241639,-1.513706,-1.511465,40.0,40.0,17.534,0.0,1.0,0.0,0.0,0.187866,2529.0,0.356538,1.0
2541.0,0.476456,0.470041,0.497462,0.497462,13.241752,-1.517339,-1.515244,40.0,40.0,17.49083,0.0,1.0,0.0,0.0,0.187866,2539.0,0.352773,1.0
2551.0,0.476561,0.470148,0.497572,0.497572,13.240713,-1.462101,-1.460008,40.0,40.0,18.146337,0.0,1.0,0.0,0.0,0.187866,2549.0,0.345046,1.0
2561.0,0.476666,0.470255,0.49768,0.49768,13.241539,-1.501711,-1.499441,40.0,40.0,17.676179,0.0,1.0,0.0,0.0,0.187866,2559.0,0.350549,1.0
2571.0,0.476769,0.47036,0.497786,0.497786,13.24076,-1.460212,-1.458014,40.0,40.0,18.168635,0.0,1.0,0.0,0.0,0.187866,2569.0,0.348968,1.0
2581.0,0.476874,0.470467,0.497896,0.497896,13.241789,-1.51027,-1.508184,40.0,40.0,17.574491,0.0,1.0,0.0,0.0,0.189308,2579.0,0.349926,1.0
2591.0,0.476978,0.470573,0.498005,0.498005,13.241703,-1.503734,-1.50158,40.0,40.0,17.652003,0.0,1.0,0.0,0.0,0.189308,2589.0,0.346114,1.0
2601.0,0.477083,0.470679,0.498116,0.498116,13.239558,-1.391863,-1.389612,40.0,40.0,18.979481,0.0,1.0,0.0,0.0,0.189308,2599.0,0.357207,1.0
2611.0,0.477186,0.470785,0.498223,0.498223,13.24114,-1.470895,-1.468688,40.0,40.0,18.041636,0.0,1.0,0.0,0.0,0.189308,2609.0,0.356867,1.0
2621.0,0.47729,0.47089,0.498329,0.498329,13.241072,-1.465418,-1.463143,40.0,40.0,18.10658,0.0,1.0,0.0,0.0,0.189308,2619.0,0.352455,1.0
2631.0,0.477394,0.470995,0.498436,0.498436,13.240979,-1.458863,-1.456581,40.0,40.0,18.18433,0.0,1.0,0.0,0.0,0.189308,2629.0,0.358933,1.0
2641.0,0.477497,0.471101,0.498544,0.498544,13.240671,-1.441179,-1.439013,40.0,40.0,18.394132,0.0,1.0,0.0,0.0,0.190325,2639.0,0.35529,1.0
2651.0,0.477602,0.471208,0.49865,0.49865,13.241656,-1.489076,-1.486857,40.0,40.0,17.825654,0.0,1.0,0.0,0.0,0.190325,2649.0,0.3595,1.0
2661.0,0.477707,0.471314,0.49876,0.49876,13.241704,-1.489201,-1.487086,40.0,40.0,17.824106,0.0,1.0,0.0,0.0,0.190325,2659.0,0.353655,1.0
2671.0,0.47781,0.471419,0.498864,0.498864,13.241357,-1.469834,-1.467608,40.0,40.0,18.053916,0.0,1.0,0.0,0.0,0.190325,2669.0,0.354432,1.0
2681.0,0.477915,0.471526,0.498973,0.498973,13.241541,-1.476566,-1.474377,40.0,40.0,17.973949,0.0,1.0,0.0,0.0,0.190325,2679.0,0.347091,1.0
2691.0,0.478019,0.471632,0.499081,0.499081,13.241398,-1.467249,-1.465095,40.0,40.0,18.084473,0.0,1.0,0.0,0.0,0.190325,2689.0,0.350189,1.0
2701.0,0.478123,0.471737,0.499189,0.499189,13.24185,-1.488449,-1.486255,40.0,40.0,17.832825,0.0,1.0,0.0,0.0,0.190606,2698.0,0.352034,1.0
2711.0,0.478227,0.471844,0.499297,0.499297,13.241545,-1.470523,-1.468314,40.0,40.0,18.04551,0.0,1.0,0.0,0.0,0.190606,2708.0,0.355643,1.0
2721.0,0.478332,0.471951,0.499406,0.499406,13.242598,-1.521887,-1.519729,40.0,40.0,17.435819,0.0,1.0,0.0,0.0,0.190606,2718.0,0.349862,1.0
2731.0,0.478437,0.472057,0.499512,0.499512,13.241867,-1.482328,-1.480192,40.0,40.0,17.905287,0.0,1.0,0.0,0.0,0.190606,2728.0,0.343942,1.0
2741.0,0.478541,0.472163,0.499619,0.499619,13.24222,-1.498218,-1.49616,40.0,40.0,17.716634,0.0,1.0,0.0,0.0,0.190606,2738.0,0.35721,1.0
2751.0,0.478645,0.472269,0.499727,0.499727,13.242003,-1.485034,-1.482808,40.0,40.0,17.873056,0.0,1.0,0.0,0.0,0.190606,2748.0,0.35362,1.0
2761.0,0.478749,0.472375,0.499834,0.499834,13.241709,-1.46819,-1.465926,40.0,40.0,18.072926,0.0,1.0,0.0,0.0,0.192022,2758.0,0.367123,1.0
2771.0,0.478853,0.472481,0.499941,0.499941,13.241759,-1.468431,-1.466196,40.0,40.0,18.070001,0.0,1.0,0.0,0.0,0.192022,2768.0,0.357872,1.0
2781.0,0.478957,0.472587,0.500047,0.500047,13.241428,-1.449538,-1.447361,40.0,40.0,18.294171,0.0,1.0,0.0,0.0,0.192022,2778.0,0.348236,1.0
2791.0,0.479062,0.472693,0.500151,0.500151,13.241873,-1.46993,-1.467732,40.0,40.0,18.052095,0.0,1.0,0.0,0.0,0.192022,2788.0,0.350422,1.0
2801.0,0.479165,0.472799,0.500257,0.500257,13.241348,-1.441349,-1.439138,40.0,40.0,18.391248,0.0,1.0,0.0,0.0,0.192022,2798.0,0.35733,1.0
2811.0,0.47927,0.472906,0.500364,0.500364,13.241607,-1.452,-1.449832,40.0,40.0,18.264776,0.0,1.0,0.0,0.0,0.192022,2808.0,0.363308,1.0
2821.0,0.479375,0.473013,0.500471,0.500471,13.242638,-1.50228,-1.500127,40.0,40.0,17.667971,0.0,1.0,0.0,0.0,0.193458,2818.0,0.347809,1.0
2831.0,0.479479,0.473118,0.500578,0.500578,13.242499,-1.493175,-1.491073,40.0,40.0,17.775992,0.0,1.0,0.0,0.0,0.193458,2828.0,0.338261,1.0
2841.0,0.479583,0.473224,0.500687,0.500687,13.242213,-1.476475,-1.474357,40.0,40.0,17.974143,0.0,1.0,0.0,0.0,0.193458,2838.0,0.353648,1.0
2851.0,0.479687,0.473329,0.500792,0.500792,13.241913,-1.45937,-1.457163,40.0,40.0,18.177104,0.0,1.0,0.0,0.0,0.193458,2848.0,0.354031,1.0
2861.0,0.479792,0.473437,0.500902,0.500902,13.242361,-1.479658,-1.477326,40.0,40.0,17.936253,0.0,1.0,0.0,0.0,0.193458,2858.0,0.356348,1.0
2871.0,0.479895,0.473542,0.501007,0.501007,13.241206,-1.418947,-1.416732,40.0,40.0,18.656707,0.0,1.0,0.0,0.0,0.193458,2868.0,0.34781,1.0
2881.0,0.479999,0.473648,0.501116,0.501116,13.242562,-1.48609,-1.48395,40.0,40.0,17.859811,0.0,1.0,0.0,0.0,0.194574,2878.0,0.34462,1.0
2891.0,0.480104,0.473754,0.501224,0.501224,13.241702,-1.439887,-1.437684,40.0,40.0,18.408101,0.0,1.0,0.0,0.0,0.194574,2888.0,0.358983,1.0
2901.0,0.480209,0.473861,0.501333,0.501333,13.243328,-1.52053,-1.518546,40.0,40.0,17.4509,0.0,1.0,0.0,0.0,0.194574,2898.0,0.35121,1.0
2911.0,0.480313,0.473967,0.501441,0.501441,13.242114,-1.45631,-1.454131,40.0,40.0,18.213078,0.0,1.0,0.0,0.0,0.194574,2908.0,0.353976,1.0
2921.0,0.480418,0.474074,0.501548,0.501548,13.242709,-1.484409,-1.482268,40.0,40.0,17.879524,0.0,1.0,0.0,0.0,0.194574,2918.0,0.354782,1.0
2931.0,0.480521,0.474179,0.501652,0.501652,13.243351,-1.515359,-1.51323,40.0,40.0,17.512105,0.0,1.0,0.0,0.0,0.194574,2928.0,0.353532,1.0
2941.0,0.480624,0.474284,0.501757,0.501757,13.242659,-1.478428,-1.476163,40.0,40.0,17.950429,0.0,1.0,0.0,0.0,0.195836,2938.0,0.357904,1.0
2951.0,0.480729,0.47439,0.501865,0.501865,13.243087,-1.498028,-1.49587,40.0,40.0,17.717727,0.0,1.0,0.0,0.0,0.195836,2948.0,0.359045,1.0
2961.0,0.480834,0.474497,0.501972,0.501972,13.243551,-1.519371,-1.517196,40.0,40.0,17.46432,0.0,1.0,0.0,0.0,0.195836,2958.0,0.354726,1.0
2971.0,0.480938,0.474603,0.502081,0.502081,13.241982,-1.437051,-1.43484,40.0,40.0,18.441325,0.0,1.0,0.0,0.0,0.195836,2968.0,0.347221,1.0
2981.0,0.481042,0.47471,0.502189,0.502189,13.243454,-1.510021,-1.507872,40.0,40.0,17.575185,0.0,1.0,0.0,0.0,0.195836,2978.0,0.34404,1.0
2991.0,0.481147,0.474816,0.502296,0.502296,13.242913,-1.480233,-1.478032,40.0,40.0,17.928709,0.0,1.0,0.0,0.0,0.195836,2988.0,0.365026,1.0
3001.0,0.481249,0.47492,0.502399,0.502399,13.242167,-1.440637,-1.438515,40.0,40.0,18.398622,0.0,1.0,0.0,0.0,0.196056,2998.0,0.363377,1.0
3011.0,0.481353,0.475026,0.502504,0.502504,13.24315,-1.488883,-1.486712,40.0,40.0,17.825957,0.0,1.0,0.0,0.0,0.196056,3008.0,0.353535,1.0
3021.0,0.481457,0.475132,0.502611,0.502611,13.242613,-1.459318,-1.457183,40.0,40.0,18.176801,0.0,1.0,0.0,0.0,0.196056,3018.0,0.350953,1.0
3031.0,0.48156,0.475237,0.502718,0.502718,13.243236,-1.489402,-1.487294,40.0,40.0,17.819691,0.0,1.0,0.0,0.0,0.196056,3028.0,0.34359,1.0
3041.0,0.481664,0.475343,0.502825,0.502825,13.243429,-1.497076,-1.494915,40.0,40.0,17.728541,0.0,1.0,0.0,0.0,0.196056,3038.0,0.353858,1.0
3051.0,0.48177,0.47545,0.502936,0.502936,13.244093,-1.528447,-1.526188,40.0,40.0,17.356087,0.0,1.0,0.0,0.0,0.196056,3048.0,0.360986,1.0
3061.0,0.481874,0.475556,0.50304,0.50304,13.243619,-1.502074,-1.500085,40.0,40.0,17.669093,0.0,1.0,0.0,0.0,0.197287,3058.0,0.347171,1.0
3071.0,0.481979,0.475663,0.503146,0.503146,13.243348,-1.48577,-1.483473,40.0,40.0,17.86256,0.0,1.0,0.0,0.0,0.197287,3068.0,0.353954,1.0
3081.0,0.482083,0.475769,0.503253,0.503253,13.244085,-1.52134,-1.519148,40.0,40.0,17.440275,0.0,1.0,0.0,0.0,0.197287,3078.0,0.348038,1.0
3091.0,0.482187,0.475875,0.503361,0.503361,13.243503,-1.48945,-1.487148,40.0,40.0,17.818765,0.0,1.0,0.0,0.0,0.197287,3088.0,0.361363,1.0
3101.0,0.482292,0.475981,0.503467,0.503467,13.244507,-1.538489,-1.5363,40.0,40.0,17.236567,0.0,1.0,0.0,0.0,0.197287,3098.0,0.352613,1.0
3111.0,0.482396,0.476087,0.503577,0.503577,13.243216,-1.47049,-1.468335,40.0,40.0,18.043696,0.0,1.0,0.0,0.0,0.197287,3108.0,0.344738,1.0
3121.0,0.482501,0.476194,0.503681,0.503681,13.244868,-1.552454,-1.550193,40.0,40.0,17.070664,0.0,1.0,0.0,0.0,0.19879,3118.0,0.350143,1.0
3131.0,0.482605,0.4763,0.503788,0.503788,13.243972,-1.504408,-1.502224,40.0,40.0,17.640972,0.0,1.0,0.0,0.0,0.19879,3128.0,0.355201,1.0
3141.0,0.482708,0.476405,0.503893,0.503893,13.243004,-1.453474,-1.451182,40.0,40.0,18.245509,0.0,1.0,0.0,0.0,0.19879,3138.0,0.351292,1.0
3151.0,0.482812,0.476511,0.503997,0.503997,13.243936,-1.499029,-1.496929,40.0,40.0,17.704736,0.0,1.0,0.0,0.0,0.19879,3148.0,0.349689,1.0
3161.0,0.482916,0.476617,0.504105,0.504105,13.244071,-1.503857,-1.501684,40.0,40.0,17.647362,0.0,1.0,0.0,0.0,0.19879,3158.0,0.346103,1.0
3171.0,0.48302,0.476722,0.504211,0.504211,13.243248,-1.45987,-1.457703,40.0,40.0,18.169441,0.0,1.0,0.0,0.0,0.19879,3168.0,0.351656,1.0
3181.0,0.483124,0.476828,0.504317,0.504317,13.243757,-1.483672,-1.481625,40.0,40.0,17.886863,0.0,1.0,0.0,0.0,0.199915,3178.0,0.344386,1.0
3191.0,0.483226,0.476932,0.504423,0.504423,13.242944,-1.440818,-1.43864,40.0,40.0,18.395477,0.0,1.0,0.0,0.0,0.199915,3188.0,0.355272,1.0
3201.0,0.483329,0.477037,0.504526,0.504526,13.243974,-1.491703,-1.48937,40.0,40.0,17.791453,0.0,1.0,0.0,0.0,0.199915,3198.0,0.350528,1.0
3211.0,0.483433,0.477143,0.504633,0.504633,13.244429,-1.512741,-1.510572,40.0,40.0,17.541661,0.0,1.0,0.0,0.0,0.199915,3208.0,0.343469,1.0
3221.0,0.483538,0.47725,0.504743,0.504743,13.243901,-1.483218,-1.481043,40.0,40.0,17.892051,0.0,1.0,0.0,0.0,0.199915,3218.0,0.349026,1.0
3231.0,0.483642,0.477356,0.50485,0.50485,13.243979,-1.485108,-1.482704,40.0,40.0,17.869559,0.0,1.0,0.0,0.0,0.199915,3228.0,0.35479,1.0
3241.0,0.483746,0.477462,0.504957,0.504957,13.244096,-1.488983,-1.486774,40.0,40.0,17.823511,0.0,1.0,0.0,0.0,0.201058,3238.0,0.354449,1.0
3251.0,0.483851,0.477568,0.505063,0.505063,13.243174,-1.439493,-1.437207,40.0,40.0,18.410877,0.0,1.0,0.0,0.0,0.201058,3248.0,0.353398,1.0
3261.0,0.483957,0.477676,0.505171,0.505171,13.244243,-1.491274,-1.489079,40.0,40.0,17.796181,0.0,1.0,0.0,0.0,0.201058,3258.0,0.338167,1.0
3271.0,0.484062,0.477783,0.505278,0.505278,13.243807,-1.466562,-1.464327,40.0,40.0,18.089453,0.0,1.0,0.0,0.0,0.201058,3268.0,0.353079,1.0
3281.0,0.484166,0.47789,0.505386,0.505386,13.244301,-1.489466,-1.487377,40.0,40.0,17.817507,0.0,1.0,0.0,0.0,0.201058,3278.0,0.356793,1.0
3291.0,0.484271,0.477996,0.505492,0.505492,13.244934,-1.519486,-1.517487,40.0,40.0,17.461083,0.0,1.0,0.0,0.0,0.201058,3288.0,0.353172,1.0
3301.0,0.484376,0.478103,0.505597,0.505597,13.244395,-1.489475,-1.487273,40.0,40.0,17.817284,0.0,1.0,0.0,0.0,0.201926,3298.0,0.359686,1.0
3311.0,0.484479,0.478208,0.505701,0.505701,13.244348,-1.485503,-1.483452,40.0,40.0,17.864392,0.0,1.0,0.0,0.0,0.201926,3308.0,0.357604,1.0
3321.0,0.484583,0.478314,0.505806,0.505806,13.243825,-1.456843,-1.454692,40.0,40.0,18.20454,0.0,1.0,0.0,0.0,0.201926,3318.0,0.36152,1.0
3331.0,0.484687,0.47842,0.505913,0.505913,13.244642,-1.496468,-1.494292,40.0,40.0,17.734116,0.0,1.0,0.0,0.0,0.201926,3328.0,0.356463,1.0
3341.0,0.484792,0.478526,0.506021,0.506021,13.243725,-1.44731,-1.44516,40.0,40.0,18.317582,0.0,1.0,0.0,0.0,0.201926,3338.0,0.344556,1.0
3351.0,0.484895,0.478631,0.506126,0.506126,13.244024,-1.460794,-1.458575,40.0,40.0,18.157482,0.0,1.0,0.0,0.0,0.201926,3348.0,0.347928,1.0
3361.0,0.484999,0.478737,0.506233,0.506233,13.243275,-1.420632,-1.418455,40.0,40.0,18.634126,0.0,1.0,0.0,0.0,0.202824,3358.0,0.356051,1.0
3371.0,0.485103,0.478843,0.506335,0.506335,13.243914,-1.451228,-1.448836,40.0,40.0,18.27093,0.0,1.0,0.0,0.0,0.202824,3368.0,0.352409,1.0
3381.0,0.485207,0.478949,0.50644,0.50644,13.244861,-1.49729,-1.495143,40.0,40.0,17.724091,0.0,1.0,0.0,0.0,0.202824,3378.0,0.356157,1.0
3391.0,0.485312,0.479055,0.506549,0.506549,13.244966,-1.500417,-1.498112,40.0,40.0,17.686914,0.0,1.0,0.0,0.0,0.202824,3388.0,0.349064,1.0
3401.0,0.485416,0.479162,0.506656,0.506656,13.243844,-1.440806,-1.438598,40.0,40.0,18.394464,0.0,1.0,0.0,0.0,0.202824,3398.0,0.358035,1.0
3411.0,0.48552,0.479267,0.506762,0.506762,13.244458,-1.470269,-1.468106,40.0,40.0,18.04469,0.0,1.0,0.0,0.0,0.202824,3408.0,0.346675,1.0
3421.0,0.485623,0.479372,0.506869,0.506869,13.243444,-1.416935,-1.414738,40.0,40.0,18.6777,0.0,1.0,0.0,0.0,0.204041,3418.0,0.353884,1.0
3431.0,0.485727,0.479478,0.506976,0.506976,13.244789,-1.483206,-1.481064,40.0,40.0,17.891009,0.0,1.0,0.0,0.0,0.204041,3428.0,0.353975,1.0
3441.0,0.485831,0.479584,0.507083,0.507083,13.244278,-1.455032,-1.452906,40.0,40.0,18.225401,0.0,1.0,0.0,0.0,0.204041,3438.0,0.352865,1.0
3451.0,0.485936,0.479691,0.507187,0.507187,13.243832,-1.430102,-1.427904,40.0,40.0,18.521253,0.0,1.0,0.0,0.0,0.204041,3448.0,0.355154,1.0
3461.0,0.48604,0.479796,0.507292,0.507292,13.244463,-1.460234,-1.458014,40.0,40.0,18.163539,0.0,1.0,0.0,0.0,0.204041,3458.0,0.35041,1.0
3471.0,0.486144,0.479903,0.507397,0.507397,13.244526,-1.461148,-1.458969,40.0,40.0,18.152629,0.0,1.0,0.0,0.0,0.204041,3468.0,0.362321,1.0
3481.0,0.486248,0.480008,0.507502,0.507502,13.245006,-1.483807,-1.481562,40.0,40.0,17.883606,0.0,1.0,0.0,0.0,0.205263,3478.0,0.353226,1.0
3491.0,0.486352,0.480114,0.507609,0.507609,13.245265,-1.49492,-1.49288,40.0,40.0,17.751624,0.0,1.0,0.0,0.0,0.205263,3488.0,0.355402,1.0
3501.0,0.486455,0.480219,0.507714,0.507714,13.244849,-1.471936,-1.46983,40.0,40.0,18.024421,0.0,1.0,0.0,0.0,0.205263,3498.0,0.34251,1.0
3511.0,0.486559,0.480325,0.50782,0.50782,13.245248,-1.49016,-1.487896,40.0,40.0,17.808028,0.0,1.0,0.0,0.0,0.205263,3508.0,0.346963,1.0
3521.0,0.486662,0.48043,0.507923,0.507923,13.245199,-1.485951,-1.483826,40.0,40.0,17.857954,0.0,1.0,0.0,0.0,0.205263,3518.0,0.344656,1.0
3531.0,0.486766,0.480536,0.508031,0.508031,13.244843,-1.465582,-1.463288,40.0,40.0,18.099699,0.0,1.0,0.0,0.0,0.205263,3528.0,0.355566,1.0
3541.0,0.486871,0.480642,0.508136,0.508136,13.245532,-1.498487,-1.49614,40.0,40.0,17.709016,0.0,1.0,0.0,0.0,0.206469,3538.0,0.35193,1.0
3551.0,0.486975,0.480748,0.508242,0.508242,13.245046,-1.471416,-1.469165,40.0,40.0,18.030326,0.0,1.0,0.0,0.0,0.206469,3548.0,0.353219,1.0
3561.0,0.487078,0.480853,0.508347,0.508347,13.243726,-1.402268,-1.399995,40.0,40.0,18.851061,0.0,1.0,0.0,0.0,0.206469,3558.0,0.34998,1.0
3571.0,0.487184,0.480961,0.508453,0.508453,13.245246,-1.47719,-1.474917,40.0,40.0,17.961668,0.0,1.0,0.0,0.0,0.206469,3568.0,0.355136,1.0
3581.0,0.487288,0.481067,0.508558,0.508558,13.245242,-1.47484,-1.472529,40.0,40.0,17.989514,0.0,1.0,0.0,0.0,0.206469,3578.0,0.354894,1.0
3591.0,0.487391,0.481172,0.508664,0.508664,13.245361,-1.479165,-1.476848,40.0,40.0,17.938117,0.0,1.0,0.0,0.0,0.206469,3588.0,0.368662,1.0
3601.0,0.487494,0.481277,0.508769,0.508769,13.245222,-1.470259,-1.468002,40.0,40.0,18.043799,0.0,1.0,0.0,0.0,0.206579,3598.0,0.350788,1.0
3611.0,0.487598,0.481383,0.508874,0.508874,13.245485,-1.481587,-1.47932,40.0,40.0,17.909272,0.0,1.0,0.0,0.0,0.206579,3608.0,0.353773,1.0
3621.0,0.487702,0.481488,0.50898,0.50898,13.244279,-1.418017,-1.415714,40.0,40.0,18.66383,0.0,1.0,0.0,0.0,0.206579,3618.0,0.353916,1.0
3631.0,0.487804,0.481593,0.509088,0.509088,13.245231,-1.464886,-1.462541,40.0,40.0,18.107439,0.0,1.0,0.0,0.0,0.206579,3628.0,0.355646,1.0
3641.0,0.487909,0.481699,0.509198,0.509198,13.24476,-1.438517,-1.436293,40.0,40.0,18.420393,0.0,1.0,0.0,0.0,0.206579,3638.0,0.357408,1.0
3651.0,0.488013,0.481805,0.509303,0.509303,13.24487,-1.441823,-1.439657,40.0,40.0,18.381089,0.0,1.0,0.0,0.0,0.206579,3648.0,0.353041,1.0
3661.0,0.488117,0.481911,0.509409,0.509409,13.245292,-1.461294,-1.459115,40.0,40.0,18.149897,0.0,1.0,0.0,0.0,0.20792,3658.0,0.349953,1.0
3671.0,0.488222,0.482017,0.509514,0.509514,13.245644,-1.477008,-1.474855,40.0,40.0,17.963294,0.0,1.0,0.0,0.0,0.20792,3668.0,0.366989,1.0
3681.0,0.488326,0.482124,0.509619,0.509619,13.245814,-1.483391,-1.481126,40.0,40.0,17.887465,0.0,1.0,0.0,0.0,0.20792,3678.0,0.358535,1.0
3691.0,0.488429,0.482229,0.509724,0.509724,13.245657,-1.473541,-1.471366,40.0,40.0,18.004346,0.0,1.0,0.0,0.0,0.20792,3688.0,0.350161,1.0
3701.0,0.488532,0.482334,0.509829,0.509829,13.245134,-1.445018,-1.442897,40.0,40.0,18.342901,0.0,1.0,0.0,0.0,0.20792,3698.0,0.35728,1.0
3711.0,0.488637,0.48244,0.509934,0.509934,13.246089,-1.491504,-1.489142,40.0,40.0,17.790993,0.0,1.0,0.0,0.0,0.20792,3708.0,0.354511,1.0
3721.0,0.488741,0.482546,0.51004,0.51004,13.246589,-1.514814,-1.512565,40.0,40.0,17.514177,0.0,1.0,0.0,0.0,0.209196,3718.0,0.356768,1.0
3731.0,0.488846,0.482653,0.510144,0.510144,13.245243,-1.44364,-1.441381,40.0,40.0,18.359089,0.0,1.0,0.0,0.0,0.209196,3728.0,0.349962,1.0
3741.0,0.48895,0.482759,0.510251,0.510251,13.24594,-1.476838,-1.47471,40.0,40.0,17.964917,0.0,1.0,0.0,0.0,0.209196,3738.0,0.351957,1.0
3751.0,0.489054,0.482865,0.510356,0.510356,13.246619,-1.509434,-1.507187,40.0,40.0,17.577873,0.0,1.0,0.0,0.0,0.209196,3748.0,0.342546,1.0
3761.0,0.489158,0.482971,0.510461,0.510461,13.246313,-1.491781,-1.489578,40.0,40.0,17.787409,0.0,1.0,0.0,0.0,0.209196,3758.0,0.353102,1.0
3771.0,0.489262,0.483076,0.510567,0.510567,13.245766,-1.461795,-1.45953,40.0,40.0,18.143352,0.0,1.0,0.0,0.0,0.209196,3768.0,0.350375,1.0
3781.0,0.489366,0.483182,0.510674,0.510674,13.246859,-1.515428,-1.513126,40.0,40.0,17.506532,0.0,1.0,0.0,0.0,0.210606,3778.0,0.351328,1.0
3791.0,0.48947,0.483288,0.510778,0.510778,13.246332,-1.486396,-1.484199,40.0,40.0,17.851181,0.0,1.0,0.0,0.0,0.210606,3788.0,0.353929,1.0
3801.0,0.489574,0.483394,0.510882,0.510882,13.246537,-1.49498,-1.492589,40.0,40.0,17.74921,0.0,1.0,0.0,0.0,0.210606,3798.0,0.338311,1.0
3811.0,0.489678,0.4835,0.510989,0.510989,13.245722,-1.45121,-1.449022,40.0,40.0,18.268793,0.0,1.0,0.0,0.0,0.210606,3808.0,0.350792,1.0
3821.0,0.489782,0.483606,0.511095,0.511095,13.247337,-1.531415,-1.529199,40.0,40.0,17.31648,0.0,1.0,0.0,0.0,0.210606,3818.0,0.34611,1.0
3831.0,0.489885,0.483711,0.511201,0.511201,13.246586,-1.491228,-1.489059,40.0,40.0,17.7936,0.0,1.0,0.0,0.0,0.210606,3828.0,0.338365,1.0
3841.0,0.489991,0.483818,0.511312,0.511312,13.246703,-1.49453,-1.492319,40.0,40.0,17.754318,0.0,1.0,0.0,0.0,0.212028,3838.0,0.351649,1.0
3851.0,0.490095,0.483924,0.511416,0.511416,13.24654,-1.483894,-1.481811,40.0,40.0,17.880541,0.0,1.0,0.0,0.0,0.212028,3848.0,0.355005,1.0
3861.0,0.490199,0.48403,0.51152,0.51152,13.246573,-1.483629,-1.481521,40.0,40.0,17.883634,0.0,1.0,0.0,0.0,0.212028,3858.0,0.346822,1.0
3871.0,0.490302,0.484135,0.511625,0.511625,13.246705,-1.488359,-1.486131,40.0,40.0,17.827422,0.0,1.0,0.0,0.0,0.212028,3868.0,0.344213,1.0
3881.0,0.490407,0.484242,0.51173,0.51173,13.247567,-1.529935,-1.527641,40.0,40.0,17.333701,0.0,1.0,0.0,0.0,0.212028,3878.0,0.35735,1.0
3891.0,0.490511,0.484348,0.511833,0.511833,13.246204,-1.458243,-1.456083,40.0,40.0,18.184853,0.0,1.0,0.0,0.0,0.212028,3888.0,0.357534,1.0
3901.0,0.490616,0.484454,0.511939,0.511939,13.246398,-1.465967,-1.463828,40.0,40.0,18.093103,0.0,1.0,0.0,0.0,0.212288,3898.0,0.358235,1.0
3911.0,0.490718,0.484559,0.512044,0.512044,13.246302,-1.459511,-1.457204,40.0,40.0,18.169706,0.0,1.0,0.0,0.0,0.212288,3908.0,0.352337,1.0
3921.0,0.490822,0.484665,0.512148,0.512148,13.246963,-1.491036,-1.488809,40.0,40.0,17.795369,0.0,1.0,0.0,0.0,0.212288,3918.0,0.357771,1.0
3931.0,0.490926,0.48477,0.512254,0.512254,13.247263,-1.504316,-1.502099,40.0,40.0,17.637635,0.0,1.0,0.0,0.0,0.212288,3928.0,0.342425,1.0
3941.0,0.491029,0.484875,0.512359,0.512359,13.246366,-1.456696,-1.454484,40.0,40.0,18.202974,0.0,1.0,0.0,0.0,0.212288,3938.0,0.353767,1.0
3951.0,0.491134,0.484982,0.512467,0.512467,13.246743,-1.473527,-1.471491,40.0,40.0,18.00308,0.0,1.0,0.0,0.0,0.212288,3948.0,0.350971,1.0
3961.0,0.491238,0.485088,0.512573,0.512573,13.245992,-1.433215,-1.430998,40.0,40.0,18.481612,0.0,1.0,0.0,0.0,0.213392,3958.0,0.34976,1.0
3971.0,0.491342,0.485194,0.512681,0.512681,13.248205,-1.543814,-1.541679,40.0,40.0,17.168387,0.0,1.0,0.0,0.0,0.213392,3968.0,0.348653,1.0
3981.0,0.491445,0.485298,0.512786,0.512786,13.246434,-1.451897,-1.449625,40.0,40.0,18.259737,0.0,1.0,0.0,0.0,0.213392,3978.0,0.364316,1.0
3991.0,0.491547,0.485403,0.51289,0.51289,13.246292,-1.443102,-1.440841,40.0,40.0,18.364107,0.0,1.0,0.0,0.0,0.213392,3988.0,0.355408,1.0
4001.0,0.491653,0.48551,0.512997,0.512997,13.248139,-1.534609,-1.532542,40.0,40.0,17.277551,0.0,1.0,0.0,0.0,0.213392,3998.0,0.364814,1.0
4011.0,0.491757,0.485616,0.513106,0.513106,13.246385,-1.442896,-1.44082,40.0,40.0,18.366429,0.0,1.0,0.0,0.0,0.213392,4008.0,0.354304,1.0
4021.0,0.49186,0.485721,0.51321,0.51321,13.246954,-1.470054,-1.467878,40.0,40.0,18.043947,0.0,1.0,0.0,0.0,0.214534,4018.0,0.352219,1.0
4031.0,0.491966,0.485829,0.513318,0.513318,13.248692,-1.555897,-1.553723,40.0,40.0,17.024556,0.0,1.0,0.0,0.0,0.214534,4028.0,0.353281,1.0
4041.0,0.49207,0.485935,0.513424,0.513424,13.247092,-1.471995,-1.469726,40.0,40.0,18.020781,0.0,1.0,0.0,0.0,0.214534,4038.0,0.343647,1.0
4051.0,0.492175,0.486041,0.513526,0.513526,13.248166,-1.524539,-1.52218,40.0,40.0,17.396814,0.0,1.0,0.0,0.0,0.214534,4048.0,0.355666,1.0
4061.0,0.492279,0.486147,0.513633,0.513633,13.246791,-1.452273,-1.450102,40.0,40.0,18.254814,0.0,1.0,0.0,0.0,0.214534,4058.0,0.354334,1.0
4071.0,0.492383,0.486254,0.513739,0.513739,13.247225,-1.472125,-1.470017,40.0,40.0,18.019059,0.0,1.0,0.0,0.0,0.214534,4068.0,0.353529,1.0
4081.0,0.492489,0.486361,0.513848,0.513848,13.247884,-1.503038,-1.500978,40.0,40.0,17.651942,0.0,1.0,0.0,0.0,0.216354,4078.0,0.371925,1.0
4091.0,0.492593,0.486467,0.513956,0.513956,13.246962,-1.453861,-1.451618,40.0,40.0,18.235785,0.0,1.0,0.0,0.0,0.216354,4088.0,0.355989,1.0
4101.0,0.492697,0.486573,0.51406,0.51406,13.248116,-1.510722,-1.508516,40.0,40.0,17.560589,0.0,1.0,0.0,0.0,0.216354,4098.0,0.3523,1.0
4111.0,0.492802,0.486679,0.514165,0.514165,13.246967,-1.449742,-1.447527,40.0,40.0,18.284567,0.0,1.0,0.0,0.0,0.216354,4108.0,0.348694,1.0
4121.0,0.492905,0.486785,0.514271,0.514271,13.247816,-1.491208,-1.488955,40.0,40.0,17.792198,0.0,1.0,0.0,0.0,0.216354,4118.0,0.351498,1.0
4131.0,0.493009,0.486891,0.514378,0.514378,13.247781,-1.487232,-1.484885,40.0,40.0,17.839349,0.0,1.0,0.0,0.0,0.216354,4128.0,0.353721,1.0
4141.0,0.493113,0.486997,0.514483,0.514483,13.248495,-1.521611,-1.519439,40.0,40.0,17.43106,0.0,1.0,0.0,0.0,0.217517,4138.0,0.349377,1.0
4151.0,0.493218,0.487103,0.514587,0.514587,13.246838,-1.434848,-1.43268,40.0,40.0,18.461185,0.0,1.0,0.0,0.0,0.217517,4148.0,0.355982,1.0
4161.0,0.493321,0.487208,0.514692,0.514692,13.247533,-1.468485,-1.4663,40.0,40.0,18.061781,0.0,1.0,0.0,0.0,0.217517,4158.0,0.359447,1.0
4171.0,0.493426,0.487315,0.514799,0.514799,13.246667,-1.421911,-1.419764,40.0,40.0,18.614664,0.0,1.0,0.0,0.0,0.217517,4168.0,0.349001,1.0
4181.0,0.49353,0.487421,0.514904,0.514904,13.247124,-1.442944,-1.440737,40.0,40.0,18.364899,0.0,1.0,0.0,0.0,0.217517,4178.0,0.356272,1.0
4191.0,0.493634,0.487527,0.515011,0.515011,13.246492,-1.408746,-1.40664,40.0,40.0,18.770849,0.0,1.0,0.0,0.0,0.217517,4188.0,0.348809,1.0
4201.0,0.493739,0.487633,0.515117,0.515117,13.248292,-1.498268,-1.496098,40.0,40.0,17.707904,0.0,1.0,0.0,0.0,0.217829,4198.0,0.357069,1.0
4211.0,0.493843,0.48774,0.515223,0.515223,13.248631,-1.513295,-1.511112,40.0,40.0,17.529412,0.0,1.0,0.0,0.0,0.217829,4208.0,0.34154,1.0
4221.0,0.493947,0.487846,0.51533,0.51533,13.248223,-1.490437,-1.488228,40.0,40.0,17.800781,0.0,1.0,0.0,0.0,0.217829,4218.0,0.353977,1.0
4231.0,0.494052,0.487952,0.515435,0.515435,13.248144,-1.484151,-1.481978,40.0,40.0,17.875361,0.0,1.0,0.0,0.0,0.217829,4228.0,0.345608,1.0
4241.0,0.494156,0.488058,0.51554,0.51554,13.248143,-1.482115,-1.479943,40.0,40.0,17.899484,0.0,1.0,0.0,0.0,0.217829,4238.0,0.35923,1.0
4251.0,0.494258,0.488162,0.515643,0.515643,13.247244,-1.434595,-1.432348,40.0,40.0,18.463664,0.0,1.0,0.0,0.0,0.217829,4248.0,0.359135,1.0
4261.0,0.494362,0.488268,0.515748,0.515748,13.24796,-1.469226,-1.467151,40.0,40.0,18.05244,0.0,1.0,0.0,0.0,0.218867,4258.0,0.360856,1.0
4271.0,0.494466,0.488373,0.515856,0.515856,13.249156,-1.528311,-1.526167,40.0,40.0,17.350778,0.0,1.0,0.0,0.0,0.218867,4268.0,0.344239,1.0
4281.0,0.494568,0.488478,0.51596,0.51596,13.248004,-1.467842,-1.465614,40.0,40.0,18.068777,0.0,1.0,0.0,0.0,0.218867,4278.0,0.356772,1.0
4291.0,0.494673,0.488584,0.51607,0.51607,13.248676,-1.49973,-1.497406,40.0,40.0,17.690071,0.0,1.0,0.0,0.0,0.218867,4288.0,0.350693,1.0
4301.0,0.494777,0.48869,0.516173,0.516173,13.2489,-1.509094,-1.506938,40.0,40.0,17.578826,0.0,1.0,0.0,0.0,0.218867,4298.0,0.357245,1.0
4311.0,0.494881,0.488796,0.516279,0.516279,13.248671,-1.495402,-1.492983,40.0,40.0,17.741355,0.0,1.0,0.0,0.0,0.218867,4308.0,0.347959,1.0
4321.0,0.494986,0.488903,0.516384,0.516384,13.249414,-1.530804,-1.528472,40.0,40.0,17.320882,0.0,1.0,0.0,0.0,0.220135,4318.0,0.348962,1.0
4331.0,0.495089,0.489008,0.51649,0.51649,13.248274,-1.470696,-1.468584,40.0,40.0,18.034615,0.0,1.0,0.0,0.0,0.220135,4328.0,0.357208,1.0
4341.0,0.495194,0.489115,0.516599,0.516599,13.248801,-1.495168,-1.492963,40.0,40.0,17.743956,0.0,1.0,0.0,0.0,0.220135,4338.0,0.355318,1.0
4351.0,0.495299,0.489221,0.516706,0.516706,13.248663,-1.48583,-1.483722,40.0,40.0,17.854783,0.0,1.0,0.0,0.0,0.220135,4348.0,0.34889,1.0
4361.0,0.495403,0.489328,0.516814,0.516814,13.249427,-1.522492,-1.520166,40.0,40.0,17.419355,0.0,1.0,0.0,0.0,0.220135,4358.0,0.356795,1.0
4371.0,0.495506,0.489432,0.516918,0.516918,13.248245,-1.46052,-1.458471,40.0,40.0,18.15521,0.0,1.0,0.0,0.0,0.220135,4368.0,0.341861,1.0
4381.0,0.49561,0.489538,0.517024,0.517024,13.248089,-1.450393,-1.448047,40.0,40.0,18.275403,0.0,1.0,0.0,0.0,0.22149,4378.0,0.347491,1.0
4391.0,0.495714,0.489644,0.517128,0.517128,13.247623,-1.424696,-1.422588,40.0,40.0,18.580448,0.0,1.0,0.0,0.0,0.22149,4388.0,0.340664,1.0
4401.0,0.495818,0.48975,0.517232,0.517232,13.248332,-1.458813,-1.456623,40.0,40.0,18.175321,0.0,1.0,0.0,0.0,0.22149,4398.0,0.357226,1.0
4411.0,0.495923,0.489857,0.517338,0.517338,13.24865,-1.47241,-1.470287,40.0,40.0,18.013806,0.0,1.0,0.0,0.0,0.22149,4408.0,0.355473,1.0
4421.0,0.496028,0.489963,0.517443,0.517443,13.248573,-1.46615,-1.463995,40.0,40.0,18.088082,0.0,1.0,0.0,0.0,0.22149,4418.0,0.353566,1.0
4431.0,0.496132,0.49007,0.51755,0.51755,13.248746,-1.472769,-1.470598,40.0,40.0,18.00943,0.0,1.0,0.0,0.0,0.22149,4428.0,0.352368,1.0
4441.0,0.496236,0.490175,0.517654,0.517654,13.247966,-1.430964,-1.428776,40.0,40.0,18.505752,0.0,1.0,0.0,0.0,0.222953,4438.0,0.341723,1.0
4451.0,0.49634,0.490282,0.517758,0.517758,13.248396,-1.450625,-1.4484,40.0,40.0,18.272261,0.0,1.0,0.0,0.0,0.222953,4448.0,0.358757,1.0
4461.0,0.496445,0.490388,0.517864,0.517864,13.248809,-1.469562,-1.467359,40.0,40.0,18.047338,0.0,1.0,0.0,0.0,0.222953,4458.0,0.357104,1.0
4471.0,0.496548,0.490492,0.517968,0.517968,13.248792,-1.467038,-1.46495,40.0,40.0,18.077269,0.0,1.0,0.0,0.0,0.222953,4468.0,0.345878,1.0
4481.0,0.496652,0.490598,0.518075,0.518075,13.24923,-1.487279,-1.485072,40.0,40.0,17.836855,0.0,1.0,0.0,0.0,0.222953,4478.0,0.352716,1.0
4491.0,0.496755,0.490703,0.51818,0.51818,13.24921,-1.484424,-1.482061,40.0,40.0,17.870722,0.0,1.0,0.0,0.0,0.222953,4488.0,0.356493,1.0
4501.0,0.496859,0.49081,0.518284,0.518284,13.249068,-1.474964,-1.472799,40.0,40.0,17.983001,0.0,1.0,0.0,0.0,0.222907,4498.0,0.3515,1.0
4511.0,0.496965,0.490917,0.518389,0.518389,13.249789,-1.509061,-1.506896,40.0,40.0,17.578006,0.0,1.0,0.0,0.0,0.222907,4508.0,0.350591,1.0
4521.0,0.497069,0.491024,0.518494,0.518494,13.250679,-1.552181,-1.550006,40.0,40.0,17.06583,0.0,1.0,0.0,0.0,0.222907,4518.0,0.348607,1.0
4531.0,0.497172,0.491128,0.5186,0.5186,13.249347,-1.482536,-1.480358,40.0,40.0,17.892905,0.0,1.0,0.0,0.0,0.222907,4528.0,0.357397,1.0
4541.0,0.497277,0.491235,0.518706,0.518706,13.249215,-1.473588,-1.471346,40.0,40.0,17.999104,0.0,1.0,0.0,0.0,0.222907,4538.0,0.352289,1.0
4551.0,0.497381,0.491341,0.518809,0.518809,13.249466,-1.484156,-1.481957,40.0,40.0,17.873551,0.0,1.0,0.0,0.0,0.222907,4548.0,0.348207,1.0
4561.0,0.497484,0.491446,0.518912,0.518912,13.249914,-1.505317,-1.502992,40.0,40.0,17.622205,0.0,1.0,0.0,0.0,0.224256,4558.0,0.351648,1.0
4571.0,0.497589,0.491553,0.51902,0.51902,13.2496,-1.486788,-1.484636,40.0,40.0,17.84219,0.0,1.0,0.0,0.0,0.224256,4568.0,0.355335,1.0
4581.0,0.497693,0.491658,0.519124,0.519124,13.249808,-1.495473,-1.493212,40.0,40.0,17.738995,0.0,1.0,0.0,0.0,0.224256,4578.0,0.348657,1.0
4591.0,0.497796,0.491763,0.519226,0.519226,13.250381,-1.522907,-1.520789,40.0,40.0,17.41314,0.0,1.0,0.0,0.0,0.224256,4588.0,0.355783,1.0
4601.0,0.4979,0.491869,0.519332,0.519332,13.248959,-1.448176,-1.445949,40.0,40.0,18.300538,0.0,1.0,0.0,0.0,0.224256,4598.0,0.357599,1.0
4611.0,0.498003,0.491974,0.519435,0.519435,13.249284,-1.462846,-1.46063,40.0,40.0,18.126291,0.0,1.0,0.0,0.0,0.224256,4608.0,0.350544,1.0
4621.0,0.498107,0.49208,0.519537,0.519537,13.249758,-1.48496,-1.48285,40.0,40.0,17.863637,0.0,1.0,0.0,0.0,0.225463,4618.0,0.353525,1.0
4631.0,0.498211,0.492185,0.519642,0.519642,13.249122,-1.450637,-1.448316,40.0,40.0,18.27117,0.0,1.0,0.0,0.0,0.225463,4628.0,0.360917,1.0
4641.0,0.498315,0.492292,0.519749,0.519749,13.250022,-1.494296,-1.492215,40.0,40.0,17.752654,0.0,1.0,0.0,0.0,0.225463,4638.0,0.357156,1.0
4651.0,0.498419,0.492397,0.519855,0.519855,13.249698,-1.475676,-1.473526,40.0,40.0,17.973726,0.0,1.0,0.0,0.0,0.225463,4648.0,0.362253,1.0
4661.0,0.498522,0.492503,0.519957,0.519957,13.249953,-1.486809,-1.484677,40.0,40.0,17.841466,0.0,1.0,0.0,0.0,0.225463,4658.0,0.352797,1.0
4671.0,0.498626,0.492608,0.520061,0.520061,13.249119,-1.442212,-1.440114,40.0,40.0,18.371004,0.0,1.0,0.0,0.0,0.225463,4668.0,0.360276,1.0
4681.0,0.49873,0.492714,0.520167,0.520167,13.249598,-1.464452,-1.462271,40.0,40.0,18.106856,0.0,1.0,0.0,0.0,0.226692,4678.0,0.339984,1.0
4691.0,0.498834,0.49282,0.520272,0.520272,13.249714,-1.468221,-1.465988,40.0,40.0,18.062044,0.0,1.0,0.0,0.0,0.226692,4688.0,0.351798,1.0
4701.0,0.498938,0.492925,0.520376,0.520376,13.249474,-1.454096,-1.451888,40.0,40.0,18.229734,0.0,1.0,0.0,0.0,0.226692,4698.0,0.357615,1.0
4711.0,0.499041,0.493031,0.520482,0.520482,13.249189,-1.437493,-1.435276,40.0,40.0,18.426832,0.0,1.0,0.0,0.0,0.226692,4708.0,0.357028,1.0
4721.0,0.499145,0.493136,0.520588,0.520588,13.249821,-1.467845,-1.465614,40.0,40.0,18.066355,0.0,1.0,0.0,0.0,0.226692,4718.0,0.350908,1.0
4731.0,0.499249,0.493242,0.520692,0.520692,13.249877,-1.46842,-1.466279,40.0,40.0,18.059475,0.0,1.0,0.0,0.0,0.226692,4728.0,0.359353,1.0
4741.0,0.499354,0.493349,0.520799,0.520799,13.249677,-1.455856,-1.453695,40.0,40.0,18.208612,0.0,1.0,0.0,0.0,0.228047,4738.0,0.338027,1.0
4751.0,0.499457,0.493455,0.520903,0.520903,13.250072,-1.473883,-1.471616,40.0,40.0,17.994481,0.0,1.0,0.0,0.0,0.228047,4748.0,0.348521,1.0
4761.0,0.499561,0.49356,0.521006,0.521006,13.249028,-1.4187,-1.416628,40.0,40.0,18.64971,0.0,1.0,0.0,0.0,0.228047,4758.0,0.347721,1.0
4771.0,0.499664,0.493665,0.521112,0.521112,13.249128,-1.421939,-1.419826,40.0,40.0,18.611209,0.0,1.0,0.0,0.0,0.228047,4768.0,0.348547,1.0
4781.0,0.499769,0.493771,0.521215,0.521215,13.25095,-1.512551,-1.510406,40.0,40.0,17.535082,0.0,1.0,0.0,0.0,0.228047,4778.0,0.353449,1.0
4791.0,0.499873,0.493877,0.521319,0.521319,13.249542,-1.438537,-1.436397,40.0,40.0,18.414,0.0,1.0,0.0,0.0,0.228047,4788.0,0.354221,1.0
4801.0,0.499977,0.493983,0.521426,0.521426,13.249838,-1.451536,-1.449272,40.0,40.0,18.259589,0.0,1.0,0.0,0.0,0.228178,4798.0,0.363087,1.0
4811.0,0.50008,0.494088,0.521528,0.521528,13.24962,-1.438469,-1.43621,40.0,40.0,18.414707,0.0,1.0,0.0,0.0,0.228178,4808.0,0.358163,1.0
4821.0,0.500184,0.494194,0.521632,0.521632,13.250756,-1.494289,-1.492028,40.0,40.0,17.751756,0.0,1.0,0.0,0.0,0.228178,4818.0,0.348851,1.0
4831.0,0.500288,0.4943,0.521739,0.521739,13.24972,-1.439211,-1.437061,40.0,40.0,18.40579,0.0,1.0,0.0,0.0,0.228178,4828.0,0.358365,1.0
4841.0,0.500393,0.494406,0.521845,0.521845,13.250297,-1.466314,-1.464057,40.0,40.0,18.083874,0.0,1.0,0.0,0.0,0.228178,4838.0,0.347841,1.0
4851.0,0.500496,0.494511,0.52195,0.52195,13.250397,-1.4697,-1.467359,40.0,40.0,18.043614,0.0,1.0,0.0,0.0,0.228178,4848.0,0.339957,1.0
4861.0,0.5006,0.494617,0.522057,0.522057,13.250455,-1.470374,-1.468189,40.0,40.0,18.035553,0.0,1.0,0.0,0.0,0.229463,4858.0,0.360349,1.0
4871.0,0.500704,0.494723,0.522162,0.522162,13.250271,-1.458932,-1.456581,40.0,40.0,18.171386,0.0,1.0,0.0,0.0,0.229463,4868.0,0.348117,1.0
4881.0,0.500808,0.494829,0.522267,0.522267,13.250456,-1.466026,-1.463745,40.0,40.0,18.087077,0.0,1.0,0.0,0.0,0.229463,4878.0,0.350206,1.0
4891.0,0.500912,0.494935,0.522371,0.522371,13.251847,-1.534936,-1.532646,40.0,40.0,17.268581,0.0,1.0,0.0,0.0,0.229463,4888.0,0.356434,1.0
4901.0,0.501016,0.495041,0.522476,0.522476,13.250308,-1.454214,-1.452013,40.0,40.0,18.227247,0.0,1.0,0.0,0.0,0.229463,4898.0,0.344428,1.0
4911.0,0.501118,0.495145,0.522576,0.522576,13.250244,-1.449463,-1.447424,40.0,40.0,18.283626,0.0,1.0,0.0,0.0,0.229463,4908.0,0.355251,1.0
4921.0,0.501222,0.495251,0.522681,0.522681,13.251993,-1.53661,-1.534348,40.0,40.0,17.248541,0.0,1.0,0.0,0.0,0.230564,4918.0,0.342904,1.0
4931.0,0.501327,0.495357,0.522788,0.522788,13.250632,-1.464726,-1.462499,40.0,40.0,18.10226,0.0,1.0,0.0,0.0,0.230564,4928.0,0.353779,1.0
4941.0,0.50143,0.495462,0.522892,0.522892,13.250531,-1.457627,-1.455501,40.0,40.0,18.18651,0.0,1.0,0.0,0.0,0.230564,4938.0,0.355672,1.0
4951.0,0.501534,0.495568,0.522997,0.522997,13.250358,-1.446746,-1.444454,40.0,40.0,18.315672,0.0,1.0,0.0,0.0,0.230564,4948.0,0.351282,1.0
4961.0,0.501638,0.495675,0.523099,0.523099,13.251054,-1.479846,-1.4777,40.0,40.0,17.922521,0.0,1.0,0.0,0.0,0.230564,4958.0,0.354505,1.0
4971.0,0.501742,0.49578,0.523206,0.523206,13.250397,-1.444376,-1.442253,40.0,40.0,18.343711,0.0,1.0,0.0,0.0,0.230564,4968.0,0.351531,1.0
4981.0,0.501846,0.495886,0.523312,0.523312,13.251772,-1.512145,-1.510094,40.0,40.0,17.53879,0.0,1.0,0.0,0.0,0.232048,4978.0,0.353886,1.0
4991.0,0.50195,0.495991,0.523415,0.523415,13.249699,-1.40443,-1.402175,40.0,40.0,18.817947,0.0,1.0,0.0,0.0,0.232048,4988.0,0.347763,1.0
5001.0,0.502054,0.496097,0.523519,0.523519,13.251014,-1.469494,-1.467213,40.0,40.0,18.045245,0.0,1.0,0.0,0.0,0.232048,4998.0,0.349125,1.0
5011.0,0.502157,0.496202,0.523624,0.523624,13.25042,-1.437255,-1.43511,40.0,40.0,18.428063,0.0,1.0,0.0,0.0,0.232048,5008.0,0.350871,1.0
5021.0,0.502261,0.496309,0.52373,0.52373,13.251652,-1.497829,-1.495724,40.0,40.0,17.708605,0.0,1.0,0.0,0.0,0.232048,5018.0,0.358464,1.0
5031.0,0.502366,0.496415,0.523834,0.523834,13.252051,-1.515897,-1.513707,40.0,40.0,17.493943,0.0,1.0,0.0,0.0,0.232048,5028.0,0.35465,1.0
5041.0,0.50247,0.496521,0.523941,0.523941,13.251866,-1.504203,-1.501809,40.0,40.0,17.632782,0.0,1.0,0.0,0.0,0.233429,5038.0,0.353585,1.0
5051.0,0.502574,0.496627,0.524046,0.524046,13.250701,-1.44247,-1.440342,40.0,40.0,18.365902,0.0,1.0,0.0,0.0,0.233429,5048.0,0.345391,1.0
5061.0,0.502678,0.496733,0.524147,0.524147,13.251218,-1.466674,-1.464555,40.0,40.0,18.078398,0.0,1.0,0.0,0.0,0.233429,5058.0,0.355452,1.0
5071.0,0.502782,0.496838,0.524251,0.524251,13.251775,-1.493105,-1.491135,40.0,40.0,17.764432,0.0,1.0,0.0,0.0,0.233429,5068.0,0.350978,1.0
5081.0,0.502887,0.496945,0.524359,0.524359,13.251456,-1.474322,-1.472176,40.0,40.0,17.98745,0.0,1.0,0.0,0.0,0.233429,5078.0,0.35153,1.0
5091.0,0.50299,0.49705,0.524462,0.524462,13.251616,-1.480694,-1.478489,40.0,40.0,17.91173,0.0,1.0,0.0,0.0,0.233429,5088.0,0.357271,1.0
5101.0,0.503094,0.497156,0.524564,0.524564,13.2509,-1.442008,-1.439657,40.0,40.0,18.371119,0.0,1.0,0.0,0.0,0.233674,5098.0,0.349783,1.0
5111.0,0.503198,0.497262,0.524667,0.524667,13.251136,-1.451833,-1.449562,40.0,40.0,18.254382,0.0,1.0,0.0,0.0,0.233674,5108.0,0.357059,1.0
5121.0,0.503302,0.497367,0.52477,0.52477,13.251573,-1.472219,-1.469788,40.0,40.0,18.01222,0.0,1.0,0.0,0.0,0.233674,5118.0,0.352139,1.0
5131.0,0.503405,0.497473,0.524873,0.524873,13.252207,-1.502494,-1.500251,40.0,40.0,17.652574,0.0,1.0,0.0,0.0,0.233674,5128.0,0.349799,1.0
5141.0,0.503509,0.497579,0.524976,0.524976,13.251502,-1.464356,-1.46225,40.0,40.0,18.105503,0.0,1.0,0.0,0.0,0.233674,5138.0,0.343525,1.0
5151.0,0.503613,0.497684,0.525083,0.525083,13.251338,-1.453953,-1.451722,40.0,40.0,18.229001,0.0,1.0,0.0,0.0,0.233674,5148.0,0.357245,1.0
5161.0,0.503716,0.49779,0.525185,0.525185,13.252559,-1.514322,-1.511984,40.0,40.0,17.511926,0.0,1.0,0.0,0.0,0.234773,5158.0,0.348025,1.0
5171.0,0.503822,0.497897,0.525289,0.525289,13.251667,-1.466199,-1.464119,40.0,40.0,18.083438,0.0,1.0,0.0,0.0,0.234773,5168.0,0.347828,1.0
5181.0,0.503925,0.498002,0.525397,0.525397,13.252291,-1.495991,-1.493939,40.0,40.0,17.729543,0.0,1.0,0.0,0.0,0.234773,5178.0,0.355143,1.0
5191.0,0.504029,0.498108,0.525503,0.525503,13.252842,-1.522012,-1.519916,40.0,40.0,17.420396,0.0,1.0,0.0,0.0,0.234773,5188.0,0.355819,1.0
5201.0,0.504132,0.498213,0.525606,0.525606,13.252387,-1.497168,-1.494977,40.0,40.0,17.715456,0.0,1.0,0.0,0.0,0.234773,5198.0,0.353424,1.0
5211.0,0.504235,0.498318,0.525707,0.525707,13.251273,-1.438355,-1.436231,40.0,40.0,18.413931,0.0,1.0,0.0,0.0,0.234773,5208.0,0.35003,1.0
5221.0,0.504339,0.498423,0.525811,0.525811,13.251422,-1.443954,-1.441755,40.0,40.0,18.347387,0.0,1.0,0.0,0.0,0.236026,5218.0,0.358631,1.0
5231.0,0.504442,0.498528,0.525911,0.525911,13.251782,-1.460621,-1.458512,40.0,40.0,18.149403,0.0,1.0,0.0,0.0,0.236026,5228.0,0.356711,1.0
5241.0,0.504546,0.498634,0.526013,0.526013,13.251779,-1.458264,-1.456,40.0,40.0,18.177339,0.0,1.0,0.0,0.0,0.236026,5238.0,0.345819,1.0
5251.0,0.50465,0.49874,0.526118,0.526118,13.251853,-1.459865,-1.457599,40.0,40.0,18.158269,0.0,1.0,0.0,0.0,0.236026,5248.0,0.347558,1.0
5261.0,0.504753,0.498844,0.526221,0.526221,13.252595,-1.495881,-1.493689,40.0,40.0,17.730437,0.0,1.0,0.0,0.0,0.236026,5258.0,0.35928,1.0
5271.0,0.504857,0.49895,0.526326,0.526326,13.25163,-1.444406,-1.442294,40.0,40.0,18.341766,0.0,1.0,0.0,0.0,0.236026,5268.0,0.358038,1.0
5281.0,0.504961,0.499056,0.526432,0.526432,13.251814,-1.451674,-1.449479,40.0,40.0,18.25539,0.0,1.0,0.0,0.0,0.23723,5278.0,0.354937,1.0
5291.0,0.505065,0.499162,0.526535,0.526535,13.252839,-1.501791,-1.499587,40.0,40.0,17.660063,0.0,1.0,0.0,0.0,0.23723,5287.0,0.356001,1.0
5301.0,0.505167,0.499267,0.526635,0.526635,13.251975,-1.455948,-1.45384,40.0,40.0,18.204529,0.0,1.0,0.0,0.0,0.23723,5297.0,0.357298,1.0
5311.0,0.505271,0.499372,0.526738,0.526738,13.252899,-1.501121,-1.498798,40.0,40.0,17.667926,0.0,1.0,0.0,0.0,0.23723,5307.0,0.353252,1.0
5321.0,0.505375,0.499478,0.526843,0.526843,13.252987,-1.503304,-1.50129,40.0,40.0,17.64193,0.0,1.0,0.0,0.0,0.23723,5317.0,0.357248,1.0
5331.0,0.505479,0.499584,0.526948,0.526948,13.252205,-1.461127,-1.459052,40.0,40.0,18.142849,0.0,1.0,0.0,0.0,0.23723,5327.0,0.350642,1.0
5341.0,0.505583,0.49969,0.527052,0.527052,13.252703,-1.484299,-1.482081,40.0,40.0,17.867558,0.0,1.0,0.0,0.0,0.238546,5337.0,0.343835,1.0
5351.0,0.505688,0.499797,0.527158,0.527158,13.252196,-1.455811,-1.453529,40.0,40.0,18.205864,0.0,1.0,0.0,0.0,0.238546,5347.0,0.35357,1.0
5361.0,0.505792,0.499903,0.527263,0.527263,13.251571,-1.421653,-1.419515,40.0,40.0,18.611486,0.0,1.0,0.0,0.0,0.238546,5357.0,0.361837,1.0
5371.0,0.505896,0.500008,0.527367,0.527367,13.252882,-1.486556,-1.484283,40.0,40.0,17.840577,0.0,1.0,0.0,0.0,0.238546,5367.0,0.358712,1.0
5381.0,0.506001,0.500115,0.527469,0.527469,13.253159,-1.498232,-1.495974,40.0,40.0,17.701818,0.0,1.0,0.0,0.0,0.238546,5377.0,0.349481,1.0
5391.0,0.506106,0.500222,0.527576,0.527576,13.252588,-1.466592,-1.464451,40.0,40.0,18.07757,0.0,1.0,0.0,0.0,0.238546,5387.0,0.356971,1.0
5401.0,0.506191,0.500309,0.527681,0.527681,13.201249,1.149132,1.151083,5.0,5.0,17.725317,0.0,1.0,0.0,0.0,0.239059,5397.0,0.341857,1.0
5411.0,0.506108,0.500224,0.52753,0.52753,13.199004,1.196061,1.198035,5.0,5.0,18.276962,0.0,1.0,0.0,0.0,0.239059,5407.0,0.333546,1.0
5421.0,0.506024,0.500138,0.527382,0.527382,13.197781,1.193921,1.195792,5.0,5.0,18.250396,0.0,1.0,0.0,0.0,0.239059,5417.0,0.341814,1.0
5431.0,0.505941,0.500053,0.527235,0.527235,13.197978,1.122568,1.124462,5.0,5.0,17.408417,0.0,1.0,0.0,0.0,0.239059,5427.0,0.33489,1.0
5441.0,0.505857,0.499968,0.527087,0.527087,13.19473,1.229755,1.231675,5.0,5.0,18.66999,0.0,1.0,0.0,0.0,0.239059,5437.0,0.343349,1.0
5451.0,0.505775,0.499884,0.526939,0.526939,13.194391,1.19169,1.193674,5.0,5.0,18.22046,0.0,1.0,0.0,0.0,0.239059,5447.0,0.341888,1.0
5461.0,0.505692,0.499799,0.526791,0.526791,13.193028,1.208399,1.210535,5.0,5.0,18.416151,0.0,1.0,0.0,0.0,0.239981,5457.0,0.34313,1.0
5471.0,0.505609,0.499715,0.526644,0.526644,13.193151,1.15192,1.153928,5.0,5.0,17.749888,0.0,1.0,0.0,0.0,0.239981,5467.0,0.336494,1.0
5481.0,0.505528,0.499632,0.526499,0.526499,13.192569,1.134078,1.136008,5.0,5.0,17.538784,0.0,1.0,0.0,0.0,0.239981,5477.0,0.339125,1.0
5491.0,0.505446,0.499548,0.526352,0.526352,13.190632,1.187338,1.189251,5.0,5.0,18.165112,0.0,1.0,0.0,0.0,0.239981,5487.0,0.339739,1.0
5501.0,0.505363,0.499463,0.526205,0.526205,13.189388,1.20723,1.209269,5.0,5.0,18.398428,0.0,1.0,0.0,0.0,0.239981,5497.0,0.345278,1.0
5511.0,0.50528,0.499378,0.526062,0.526062,13.189583,1.155681,1.157687,5.0,5.0,17.790576,0.0,1.0,0.0,0.0,0.239981,5507.0,0.328427,1.0
5521.0,0.505196,0.499293,0.525916,0.525916,13.188632,1.164304,1.166097,5.0,5.0,17.891311,0.0,1.0,0.0,0.0,0.241175,5517.0,0.332153,1.0
5531.0,0.505112,0.499207,0.525769,0.525769,13.188444,1.135753,1.137731,5.0,5.0,17.554359,0.0,1.0,0.0,0.0,0.241175,5527.0,0.333865,1.0
5541.0,0.505029,0.499122,0.525625,0.525625,13.187071,1.169588,1.171434,5.0,5.0,17.951996,0.0,1.0,0.0,0.0,0.241175,5537.0,0.340718,1.0
5551.0,0.504945,0.499037,0.525478,0.525478,13.186532,1.162481,1.164477,5.0,5.0,17.867618,0.0,1.0,0.0,0.0,0.241175,5547.0,0.337898,1.0
5561.0,0.504863,0.498953,0.525335,0.525335,13.185466,1.184415,1.186302,5.0,5.0,18.125158,0.0,1.0,0.0,0.0,0.241175,5557.0,0.338621,1.0
5571.0,0.50478,0.498868,0.525191,0.525191,13.18651,1.099733,1.101682,5.0,5.0,17.127617,0.0,1.0,0.0,0.0,0.241175,5567.0,0.331832,1.0
5581.0,0.504697,0.498784,0.525051,0.525051,13.184828,1.155972,1.157957,5.0,5.0,17.789094,0.0,1.0,0.0,0.0,0.242068,5577.0,0.336159,1.0
5591.0,0.504613,0.498698,0.524907,0.524907,13.183799,1.179601,1.181505,5.0,5.0,18.066633,0.0,1.0,0.0,0.0,0.242068,5587.0,0.340566,1.0
5601.0,0.50453,0.498613,0.524763,0.524763,13.184021,1.141225,1.143193,5.0,5.0,17.614392,0.0,1.0,0.0,0.0,0.242068,5597.0,0.348193,1.0
5611.0,0.504448,0.498529,0.524621,0.524621,13.182785,1.178673,1.180591,5.0,5.0,18.054624,0.0,1.0,0.0,0.0,0.242068,5607.0,0.335525,1.0
5621.0,0.504365,0.498445,0.524479,0.524479,13.183087,1.13871,1.140659,5.0,5.0,17.583784,0.0,1.0,0.0,0.0,0.242068,5617.0,0.34342,1.0
5631.0,0.504283,0.498361,0.524338,0.524338,13.181795,1.18136,1.183499,5.0,5.0,18.085252,0.0,1.0,0.0,0.0,0.242068,5627.0,0.335225,1.0
5641.0,0.5042,0.498276,0.524195,0.524195,13.181375,1.180039,1.181983,5.0,5.0,18.069244,0.0,1.0,0.0,0.0,0.24312,5637.0,0.336567,1.0
5651.0,0.504117,0.498191,0.524054,0.524054,13.181875,1.133106,1.135115,5.0,5.0,17.516484,0.0,1.0,0.0,0.0,0.24312,5647.0,0.333624,1.0
5661.0,0.504033,0.498106,0.523912,0.523912,13.180783,1.167954,1.170022,5.0,5.0,17.926162,0.0,1.0,0.0,0.0,0.24312,5657.0,0.336793,1.0
5671.0,0.50395,0.49802,0.523772,0.523772,13.180467,1.16425,1.166159,5.0,5.0,17.882161,0.0,1.0,0.0,0.0,0.24312,5667.0,0.351447,1.0
5681.0,0.503866,0.497935,0.523634,0.523634,13.179378,1.200868,1.202873,5.0,5.0,18.312632,0.0,1.0,0.0,0.0,0.24312,5677.0,0.343412,1.0
5691.0,0.503784,0.497851,0.523493,0.523493,13.180314,1.135415,1.137337,5.0,5.0,17.542118,0.0,1.0,0.0,0.0,0.24312,5687.0,0.337988,1.0
5701.0,0.5037,0.497765,0.523353,0.523353,13.178993,1.185305,1.187465,5.0,5.0,18.128796,0.0,1.0,0.0,0.0,0.242808,5697.0,0.336171,1.0
5711.0,0.503616,0.49768,0.523213,0.523213,13.179412,1.147438,1.149568,5.0,5.0,17.682907,0.0,1.0,0.0,0.0,0.242808,5707.0,0.338169,1.0
5721.0,0.503532,0.497594,0.52307,0.52307,13.177624,1.222604,1.224656,5.0,5.0,18.566901,0.0,1.0,0.0,0.0,0.242808,5717.0,0.335667,1.0
5731.0,0.50345,0.49751,0.522936,0.522936,13.178976,1.138879,1.140929,5.0,5.0,17.581592,0.0,1.0,0.0,0.0,0.242808,5727.0,0.343571,1.0
5741.0,0.503366,0.497425,0.522799,0.522799,13.178344,1.156816,1.158829,5.0,5.0,17.792338,0.0,1.0,0.0,0.0,0.242808,5737.0,0.327494,1.0
5751.0,0.503283,0.49734,0.522663,0.522663,13.17817,1.152004,1.154032,5.0,5.0,17.735449,0.0,1.0,0.0,0.0,0.242808,5747.0,0.324294,1.0
5761.0,0.5032,0.497256,0.522526,0.522526,13.177918,1.151726,1.153762,5.0,5.0,17.73192,0.0,1.0,0.0,0.0,0.24376,5757.0,0.331262,1.0
5771.0,0.503116,0.49717,0.522389,0.522389,13.176432,1.214662,1.21662,5.0,5.0,18.472018,0.0,1.0,0.0,0.0,0.24376,5767.0,0.337792,1.0
5781.0,0.503034,0.497086,0.522254,0.522254,13.177058,1.17098,1.173033,5.0,5.0,17.957932,0.0,1.0,0.0,0.0,0.24376,5777.0,0.326298,1.0
5791.0,0.502953,0.497003,0.52212,0.52212,13.177194,1.153446,1.15532,5.0,5.0,17.751436,0.0,1.0,0.0,0.0,0.24376,5787.0,0.337803,1.0
5801.0,0.50287,0.496918,0.521981,0.521981,13.178277,1.086807,1.088911,5.0,5.0,16.967184,0.0,1.0,0.0,0.0,0.24376,5797.0,0.342083,1.0
5811.0,0.502787,0.496833,0.521848,0.521848,13.176802,1.151563,1.153451,5.0,5.0,17.728844,0.0,1.0,0.0,0.0,0.24376,5807.0,0.336428,1.0
5821.0,0.502704,0.496748,0.521714,0.521714,13.176417,1.160997,1.163024,5.0,5.0,17.839613,0.0,1.0,0.0,0.0,0.244987,5817.0,0.339375,1.0
5831.0,0.502619,0.496662,0.52158,0.52158,13.175593,1.192652,1.194795,5.0,5.0,18.211761,0.0,1.0,0.0,0.0,0.244987,5827.0,0.330793,1.0
5841.0,0.502536,0.496577,0.521445,0.521445,13.175639,1.181038,1.183021,5.0,5.0,18.074954,0.0,1.0,0.0,0.0,0.244987,5837.0,0.336647,1.0
5851.0,0.502453,0.496492,0.52131,0.52131,13.175542,1.17693,1.179034,5.0,5.0,18.026452,0.0,1.0,0.0,0.0,0.244987,5847.0,0.338305,1.0
5861.0,0.50237,0.496408,0.521176,0.521176,13.175819,1.154331,1.156275,5.0,5.0,17.76045,0.0,1.0,0.0,0.0,0.244987,5857.0,0.334373,1.0
5871.0,0.502286,0.496323,0.521044,0.521044,13.174714,1.202234,1.204015,5.0,5.0,18.323713,0.0,1.0,0.0,0.0,0.244987,5867.0,0.33246,1.0
5881.0,0.502203,0.496237,0.520909,0.520909,13.174888,1.18518,1.187195,5.0,5.0,18.122969,0.0,1.0,0.0,0.0,0.24579,5877.0,0.337643,1.0
5891.0,0.50212,0.496152,0.520777,0.520777,13.175165,1.163394,1.165349,5.0,5.0,17.866563,0.0,1.0,0.0,0.0,0.24579,5887.0,0.334202,1.0
5901.0,0.502036,0.496067,0.520642,0.520642,13.174796,1.174566,1.176584,5.0,5.0,17.997812,0.0,1.0,0.0,0.0,0.24579,5897.0,0.328511,1.0
5911.0,0.501952,0.495981,0.520506,0.520506,13.173675,1.224272,1.226359,5.0,5.0,18.58224,0.0,1.0,0.0,0.0,0.24579,5907.0,0.330421,1.0
5921.0,0.501869,0.495896,0.520374,0.520374,13.175299,1.134657,1.136672,5.0,5.0,17.528094,0.0,1.0,0.0,0.0,0.24579,5917.0,0.338358,1.0
5931.0,0.501785,0.495811,0.52024,0.52024,13.176188,1.082536,1.084509,5.0,5.0,16.914821,0.0,1.0,0.0,0.0,0.24579,5927.0,0.336458,1.0
5941.0,0.501701,0.495725,0.520108,0.520108,13.173041,1.236535,1.238548,5.0,5.0,18.726009,0.0,1.0,0.0,0.0,0.24666,5937.0,0.328527,1.0
5951.0,0.501618,0.49564,0.519974,0.519974,13.173497,1.207147,1.209103,5.0,5.0,18.380291,0.0,1.0,0.0,0.0,0.24666,5947.0,0.345285,1.0
5961.0,0.501536,0.495557,0.519844,0.519844,13.17352,1.200677,1.202582,5.0,5.0,18.304095,0.0,1.0,0.0,0.0,0.24666,5957.0,0.340217,1.0
5971.0,0.501454,0.495473,0.519715,0.519715,13.173652,1.188568,1.1906,5.0,5.0,18.161573,0.0,1.0,0.0,0.0,0.24666,5967.0,0.333547,1.0
5981.0,0.501371,0.495388,0.519582,0.519582,13.174004,1.165132,1.167094,5.0,5.0,17.885833,0.0,1.0,0.0,0.0,0.24666,5977.0,0.326946,1.0
5991.0,0.501287,0.495302,0.519448,0.519448,13.173867,1.166524,1.168444,5.0,5.0,17.902091,0.0,1.0,0.0,0.0,0.24666,5987.0,0.338092,1.0
6001.0,0.501204,0.495218,0.519317,0.519317,13.173213,1.194911,1.196789,5.0,5.0,18.235831,0.0,1.0,0.0,0.0,0.246866,5997.0,0.337163,1.0
6011.0,0.501121,0.495133,0.519184,0.519184,13.173161,1.192604,1.194525,5.0,5.0,18.208591,0.0,1.0,0.0,0.0,0.246866,6007.0,0.338755,1.0
6021.0,0.501037,0.495047,0.519056,0.519056,13.172866,1.202588,1.204617,5.0,5.0,18.325901,0.0,1.0,0.0,0.0,0.246866,6017.0,0.336043,1.0
6031.0,0.500955,0.494963,0.518926,0.518926,13.174176,1.131221,1.133287,5.0,5.0,17.486479,0.0,1.0,0.0,0.0,0.246866,6027.0,0.343515,1.0
6041.0,0.500872,0.494879,0.5188,0.5188,13.173852,1.143575,1.145477,5.0,5.0,17.631698,0.0,1.0,0.0,0.0,0.246866,6037.0,0.324527,1.0
6051.0,0.500788,0.494793,0.518669,0.518669,13.173002,1.182228,1.184288,5.0,5.0,18.086191,0.0,1.0,0.0,0.0,0.246866,6047.0,0.334946,1.0
6061.0,0.500705,0.494708,0.51854,0.51854,13.172841,1.18619,1.188171,5.0,5.0,18.132694,0.0,1.0,0.0,0.0,0.247856,6057.0,0.338303,1.0
6071.0,0.500621,0.494623,0.518411,0.518411,13.173475,1.149437,1.151416,5.0,5.0,17.700376,0.0,1.0,0.0,0.0,0.247856,6067.0,0.344303,1.0
6081.0,0.500538,0.494538,0.51828,0.51828,13.172969,1.171249,1.173178,5.0,5.0,17.956809,0.0,1.0,0.0,0.0,0.247856,6077.0,0.333309,1.0
6091.0,0.500453,0.494451,0.51815,0.51815,13.173349,1.147504,1.149568,5.0,5.0,17.677471,0.0,1.0,0.0,0.0,0.247856,6087.0,0.333587,1.0
6101.0,0.50037,0.494366,0.518021,0.518021,13.172559,1.18392,1.185866,5.0,5.0,18.105656,0.0,1.0,0.0,0.0,0.247856,6097.0,0.335706,1.0
6111.0,0.500286,0.49428,0.517891,0.517891,13.172175,1.199499,1.201523,5.0,5.0,18.28877,0.0,1.0,0.0,0.0,0.247856,6107.0,0.338355,1.0
6121.0,0.500203,0.494196,0.517764,0.517764,13.172662,1.171228,1.173054,5.0,5.0,17.956245,0.0,1.0,0.0,0.0,0.248687,6117.0,0.333361,1.0
6131.0,0.500119,0.49411,0.517634,0.517634,13.172624,1.16949,1.171496,5.0,5.0,17.935732,0.0,1.0,0.0,0.0,0.248687,6127.0,0.340365,1.0
6141.0,0.500036,0.494025,0.517507,0.517507,13.172472,1.173892,1.175878,5.0,5.0,17.987428,0.0,1.0,0.0,0.0,0.248687,6137.0,0.33916,1.0
6151.0,0.499953,0.493941,0.517381,0.517381,13.173039,1.141893,1.143774,5.0,5.0,17.611046,0.0,1.0,0.0,0.0,0.248687,6147.0,0.341615,1.0
6161.0,0.499869,0.493855,0.517256,0.517256,13.171452,1.219342,1.221271,5.0,5.0,18.521729,0.0,1.0,0.0,0.0,0.248687,6157.0,0.336307,1.0
6171.0,0.499785,0.49377,0.517127,0.517127,13.172035,1.186255,1.188296,5.0,5.0,18.132606,0.0,1.0,0.0,0.0,0.248687,6167.0,0.3347,1.0
6181.0,0.499702,0.493684,0.517001,0.517001,13.172042,1.182742,1.18462,5.0,5.0,18.091235,0.0,1.0,0.0,0.0,0.249711,6177.0,0.333362,1.0
6191.0,0.499619,0.4936,0.516877,0.516877,13.172363,1.163538,1.165557,5.0,5.0,17.86534,0.0,1.0,0.0,0.0,0.249711,6187.0,0.342016,1.0
6201.0,0.499536,0.493515,0.516751,0.516751,13.172224,1.167862,1.169835,5.0,5.0,17.91613,0.0,1.0,0.0,0.0,0.249711,6197.0,0.328702,1.0
6211.0,0.499453,0.493431,0.516625,0.516625,13.170853,1.235029,1.236949,5.0,5.0,18.705859,0.0,1.0,0.0,0.0,0.249711,6207.0,0.338928,1.0
6221.0,0.49937,0.493346,0.516499,0.516499,13.172376,1.154444,1.156441,5.0,5.0,17.758223,0.0,1.0,0.0,0.0,0.249711,6217.0,0.340726,1.0
6231.0,0.499286,0.49326,0.516373,0.516373,13.171278,1.207391,1.209456,5.0,5.0,18.380773,0.0,1.0,0.0,0.0,0.249711,6227.0,0.34234,1.0
6241.0,0.499203,0.493175,0.516249,0.516249,13.172087,1.163486,1.165391,5.0,5.0,17.864437,0.0,1.0,0.0,0.0,0.25088,6237.0,0.335523,1.0
6251.0,0.499121,0.493091,0.516126,0.516126,13.171921,1.169676,1.171641,5.0,5.0,17.937191,0.0,1.0,0.0,0.0,0.25088,6247.0,0.332829,1.0
6261.0,0.499037,0.493006,0.516,0.516,13.172426,1.141158,1.143213,5.0,5.0,17.601763,0.0,1.0,0.0,0.0,0.25088,6257.0,0.337788,1.0
6271.0,0.498954,0.492921,0.515877,0.515877,13.17197,1.161887,1.163979,5.0,5.0,17.845485,0.0,1.0,0.0,0.0,0.25088,6267.0,0.341333,1.0
6281.0,0.498872,0.492837,0.515755,0.515755,13.171915,1.162381,1.164436,5.0,5.0,17.851248,0.0,1.0,0.0,0.0,0.25088,6277.0,0.334327,1.0
6291.0,0.498788,0.492752,0.515632,0.515632,13.171035,1.204788,1.206881,5.0,5.0,18.349845,0.0,1.0,0.0,0.0,0.25088,6287.0,0.333767,1.0
6301.0,0.498704,0.492666,0.515509,0.515509,13.171511,1.17777,1.17974,5.0,5.0,18.0321,0.0,1.0,0.0,0.0,0.250965,6297.0,0.33056,1.0
6311.0,0.498622,0.492582,0.515389,0.515389,13.170564,1.223942,1.225964,5.0,5.0,18.574947,0.0,1.0,0.0,0.0,0.250965,6307.0,0.33991,1.0
6321.0,0.498537,0.492495,0.515262,0.515262,13.171398,1.178283,1.180135,5.0,5.0,18.038028,0.0,1.0,0.0,0.0,0.250965,6317.0,0.34163,1.0
6331.0,0.498454,0.49241,0.515139,0.515139,13.171501,1.17072,1.172825,5.0,5.0,17.949039,0.0,1.0,0.0,0.0,0.250965,6327.0,0.339639,1.0
6341.0,0.498371,0.492325,0.515017,0.515017,13.171827,1.151963,1.153928,5.0,5.0,17.728428,0.0,1.0,0.0,0.0,0.250965,6337.0,0.326662,1.0
6351.0,0.498288,0.492241,0.514897,0.514897,13.172212,1.130328,1.132353,5.0,5.0,17.473961,0.0,1.0,0.0,0.0,0.250965,6347.0,0.350318,1.0
6361.0,0.498207,0.492158,0.514775,0.514775,13.172101,1.134322,1.136298,5.0,5.0,17.520906,0.0,1.0,0.0,0.0,0.252245,6357.0,0.332014,1.0
6371.0,0.498124,0.492073,0.514654,0.514654,13.171266,1.174755,1.176812,5.0,5.0,17.99633,0.0,1.0,0.0,0.0,0.252245,6367.0,0.340064,1.0
6381.0,0.498041,0.491988,0.514536,0.514536,13.170978,1.18728,1.189334,5.0,5.0,18.14356,0.0,1.0,0.0,0.0,0.252245,6376.0,0.340791,1.0
6391.0,0.497957,0.491903,0.514415,0.514415,13.171548,1.155635,1.157604,5.0,5.0,17.771405,0.0,1.0,0.0,0.0,0.252245,6386.0,0.336009,1.0
6401.0,0.497872,0.491816,0.514292,0.514292,13.171599,1.150375,1.152412,5.0,5.0,17.709497,0.0,1.0,0.0,0.0,0.252245,6396.0,0.334511,1.0
6411.0,0.49779,0.491732,0.514172,0.514172,13.171841,1.136243,1.138063,5.0,5.0,17.543273,0.0,1.0,0.0,0.0,0.252245,6406.0,0.333132,1.0
6421.0,0.497706,0.491647,0.514053,0.514053,13.1701,1.222725,1.224698,5.0,5.0,18.560102,0.0,1.0,0.0,0.0,0.253218,6416.0,0.337511,1.0
6431.0,0.497624,0.491563,0.513933,0.513933,13.171387,1.155305,1.157106,5.0,5.0,17.767345,0.0,1.0,0.0,0.0,0.253218,6426.0,0.332488,1.0
6441.0,0.497541,0.491478,0.513814,0.513814,13.171662,1.139311,1.141344,5.0,5.0,17.579223,0.0,1.0,0.0,0.0,0.253218,6436.0,0.338585,1.0
6451.0,0.497458,0.491393,0.513693,0.513693,13.171143,1.163736,1.16564,5.0,5.0,17.8664,0.0,1.0,0.0,0.0,0.253218,6446.0,0.335776,1.0
6461.0,0.497374,0.491308,0.513574,0.513574,13.17081,1.178472,1.180363,5.0,5.0,18.039636,0.0,1.0,0.0,0.0,0.253218,6456.0,0.335612,1.0
6471.0,0.49729,0.491222,0.513452,0.513452,13.171139,1.159571,1.16157,5.0,5.0,17.817344,0.0,1.0,0.0,0.0,0.253218,6466.0,0.326965,1.0
6481.0,0.497207,0.491137,0.513334,0.513334,13.170234,1.203602,1.205718,5.0,5.0,18.335018,0.0,1.0,0.0,0.0,0.254274,6476.0,0.328857,1.0
6491.0,0.497124,0.491053,0.513216,0.513216,13.170287,1.199117,1.201108,5.0,5.0,18.282245,0.0,1.0,0.0,0.0,0.254274,6486.0,0.340238,1.0
6501.0,0.497041,0.490967,0.513098,0.513098,13.170206,1.201152,1.203164,5.0,5.0,18.306128,0.0,1.0,0.0,0.0,0.254274,6496.0,0.348373,1.0
6511.0,0.496957,0.490882,0.512978,0.512978,13.170669,1.175384,1.177394,5.0,5.0,18.003112,0.0,1.0,0.0,0.0,0.254274,6506.0,0.345738,1.0
6521.0,0.496873,0.490797,0.51286,0.51286,13.170496,1.182249,1.184329,5.0,5.0,18.083789,0.0,1.0,0.0,0.0,0.254274,6516.0,0.337929,1.0
6531.0,0.49679,0.490711,0.512743,0.512743,13.170284,1.190894,1.192677,5.0,5.0,18.185393,0.0,1.0,0.0,0.0,0.254274,6526.0,0.335712,1.0
6541.0,0.496707,0.490627,0.512628,0.512628,13.170141,1.196474,1.198512,5.0,5.0,18.250961,0.0,1.0,0.0,0.0,0.255362,6536.0,0.329554,1.0
6551.0,0.496623,0.490541,0.51251,0.51251,13.170648,1.168485,1.170562,5.0,5.0,17.921825,0.0,1.0,0.0,0.0,0.255362,6545.0,0.343058,1.0
6561.0,0.496539,0.490456,0.512393,0.512393,13.171128,1.14189,1.143732,5.0,5.0,17.609061,0.0,1.0,0.0,0.0,0.255362,6555.0,0.322884,1.0
6571.0,0.496456,0.490371,0.512278,0.512278,13.170226,1.18589,1.187839,5.0,5.0,18.126386,0.0,1.0,0.0,0.0,0.255362,6565.0,0.34275,1.0
6581.0,0.496373,0.490286,0.512159,0.512159,13.17056,1.166975,1.168963,5.0,5.0,17.903948,0.0,1.0,0.0,0.0,0.255362,6575.0,0.326554,1.0
6591.0,0.496288,0.490199,0.512041,0.512041,13.170164,1.184774,1.186676,5.0,5.0,18.113172,0.0,1.0,0.0,0.0,0.255362,6585.0,0.339827,1.0
6601.0,0.496204,0.490114,0.511925,0.511925,13.170578,1.161697,1.163813,5.0,5.0,17.841797,0.0,1.0,0.0,0.0,0.255151,6595.0,0.335117,1.0
6611.0,0.496121,0.490029,0.511811,0.511811,13.170262,1.176179,1.178307,5.0,5.0,18.012044,0.0,1.0,0.0,0.0,0.255151,6605.0,0.333002,1.0
6621.0,0.496038,0.489944,0.511694,0.511694,13.170245,1.175278,1.177331,5.0,5.0,18.001421,0.0,1.0,0.0,0.0,0.255151,6615.0,0.333414,1.0
6631.0,0.495955,0.48986,0.51158,0.51158,13.17071,1.149833,1.151769,5.0,5.0,17.702199,0.0,1.0,0.0,0.0,0.255151,6625.0,0.333602,1.0
6641.0,0.495871,0.489773,0.511462,0.511462,13.169783,1.194887,1.196851,5.0,5.0,18.231884,0.0,1.0,0.0,0.0,0.255151,6635.0,0.333121,1.0
6651.0,0.495786,0.489687,0.511346,0.511346,13.16905,1.229996,1.232028,5.0,5.0,18.644593,0.0,1.0,0.0,0.0,0.255151,6645.0,0.333193,1.0
6661.0,0.495703,0.489602,0.511231,0.511231,13.169914,1.184146,1.186136,5.0,5.0,18.10552,0.0,1.0,0.0,0.0,0.25624,6655.0,0.325466,1.0
6671.0,0.49562,0.489517,0.511118,0.511118,13.170355,1.15997,1.161882,5.0,5.0,17.82123,0.0,1.0,0.0,0.0,0.25624,6665.0,0.339589,1.0
6681.0,0.495538,0.489434,0.511007,0.511007,13.170771,1.137497,1.139538,5.0,5.0,17.556948,0.0,1.0,0.0,0.0,0.25624,6675.0,0.341967,1.0
6691.0,0.495456,0.48935,0.510895,0.510895,13.171308,1.108628,1.110549,5.0,5.0,17.217446,0.0,1.0,0.0,0.0,0.25624,6685.0,0.329508,1.0
6701.0,0.495372,0.489264,0.510781,0.510781,13.171119,1.116363,1.118295,5.0,5.0,17.308367,0.0,1.0,0.0,0.0,0.25624,6695.0,0.336593,1.0
6711.0,0.495289,0.489179,0.510667,0.510667,13.169538,1.195197,1.197225,5.0,5.0,18.235269,0.0,1.0,0.0,0.0,0.25624,6705.0,0.339628,1.0
6721.0,0.495205,0.489094,0.51055,0.51055,13.168933,1.22436,1.226234,5.0,5.0,18.578089,0.0,1.0,0.0,0.0,0.25766,6715.0,0.325913,1.0
6731.0,0.495123,0.48901,0.510436,0.510436,13.169859,1.175492,1.17756,5.0,5.0,18.003524,0.0,1.0,0.0,0.0,0.25766,6725.0,0.34056,1.0
6741.0,0.495039,0.488924,0.510324,0.510324,13.169514,1.191138,1.193155,5.0,5.0,18.187439,0.0,1.0,0.0,0.0,0.25766,6734.0,0.341386,1.0
6751.0,0.494956,0.488839,0.510209,0.510209,13.169865,1.171518,1.17349,5.0,5.0,17.956727,0.0,1.0,0.0,0.0,0.25766,6744.0,0.330002,1.0
6761.0,0.494871,0.488753,0.510093,0.510093,13.168522,1.237893,1.239981,5.0,5.0,18.737016,0.0,1.0,0.0,0.0,0.25766,6754.0,0.338243,1.0
6771.0,0.494788,0.488668,0.50998,0.50998,13.170027,1.15933,1.161466,5.0,5.0,17.813345,0.0,1.0,0.0,0.0,0.25766,6764.0,0.335373,1.0
6781.0,0.494704,0.488583,0.509867,0.509867,13.169407,1.189095,1.191078,5.0,5.0,18.163269,0.0,1.0,0.0,0.0,0.258726,6774.0,0.346672,1.0
6791.0,0.494621,0.488497,0.509755,0.509755,13.169381,1.188588,1.19058,5.0,5.0,18.157261,0.0,1.0,0.0,0.0,0.258726,6784.0,0.342996,1.0
6801.0,0.494538,0.488413,0.509641,0.509641,13.168817,1.215906,1.217845,5.0,5.0,18.4784,0.0,1.0,0.0,0.0,0.258726,6794.0,0.337735,1.0
6811.0,0.494456,0.488329,0.509531,0.509531,13.168803,1.215185,1.217097,5.0,5.0,18.469882,0.0,1.0,0.0,0.0,0.258726,6804.0,0.338072,1.0
6821.0,0.494372,0.488244,0.509418,0.509418,13.169544,1.175485,1.177456,5.0,5.0,18.003119,0.0,1.0,0.0,0.0,0.258726,6814.0,0.345088,1.0
6831.0,0.494289,0.488159,0.509306,0.509306,13.169134,1.194676,1.19656,5.0,5.0,18.228709,0.0,1.0,0.0,0.0,0.258726,6824.0,0.332923,1.0
6841.0,0.494206,0.488074,0.509193,0.509193,13.169856,1.156325,1.158227,5.0,5.0,17.777777,0.0,1.0,0.0,0.0,0.259977,6834.0,0.341158,1.0
6851.0,0.494123,0.48799,0.509082,0.509082,13.169274,1.18442,1.186406,5.0,5.0,18.108066,0.0,1.0,0.0,0.0,0.259977,6844.0,0.336761,1.0
6861.0,0.494041,0.487905,0.508971,0.508971,13.169655,1.163392,1.165453,5.0,5.0,17.86081,0.0,1.0,0.0,0.0,0.259977,6854.0,0.346553,1.0
6871.0,0.493956,0.487819,0.508858,0.508858,13.170063,1.140478,1.142507,5.0,5.0,17.591339,0.0,1.0,0.0,0.0,0.259977,6864.0,0.332464,1.0
6881.0,0.493873,0.487734,0.508747,0.508747,13.168806,1.202762,1.2047,5.0,5.0,18.323586,0.0,1.0,0.0,0.0,0.259977,6874.0,0.336302,1.0
6891.0,0.49379,0.487649,0.508634,0.508634,13.170733,1.102848,1.104921,5.0,5.0,17.148786,0.0,1.0,0.0,0.0,0.259977,6884.0,0.334074,1.0
6901.0,0.493707,0.487564,0.50852,0.50852,13.169417,1.168194,1.170167,5.0,5.0,17.917109,0.0,1.0,0.0,0.0,0.259974,6894.0,0.331735,1.0
6911.0,0.493624,0.48748,0.50841,0.50841,13.169426,1.166265,1.168215,5.0,5.0,17.894401,0.0,1.0,0.0,0.0,0.259974,6904.0,0.331891,1.0
6921.0,0.493541,0.487395,0.5083,0.5083,13.169893,1.140909,1.142964,5.0,5.0,17.596248,0.0,1.0,0.0,0.0,0.259974,6914.0,0.342281,1.0
6931.0,0.493458,0.48731,0.508189,0.508189,13.169017,1.18375,1.185824,5.0,5.0,18.099898,0.0,1.0,0.0,0.0,0.259974,6924.0,0.336805,1.0
6941.0,0.493375,0.487226,0.508076,0.508076,13.169253,1.17018,1.172244,5.0,5.0,17.940326,0.0,1.0,0.0,0.0,0.259974,6934.0,0.341828,1.0
6951.0,0.493292,0.487141,0.507965,0.507965,13.169017,1.180707,1.182564,5.0,5.0,18.064069,0.0,1.0,0.0,0.0,0.259974,6944.0,0.328362,1.0
6961.0,0.49321,0.487057,0.507856,0.507856,13.169177,1.170978,1.173012,5.0,5.0,17.949649,0.0,1.0,0.0,0.0,0.261364,6954.0,0.332267,1.0
6971.0,0.493125,0.486971,0.507744,0.507744,13.16817,1.220267,1.222393,5.0,5.0,18.529049,0.0,1.0,0.0,0.0,0.261364,6964.0,0.328983,1.0
6981.0,0.493041,0.486884,0.507635,0.507635,13.168985,1.176383,1.178349,5.0,5.0,18.013108,0.0,1.0,0.0,0.0,0.261364,6974.0,0.341271,1.0
6991.0,0.492958,0.4868,0.507529,0.507529,13.169266,1.160508,1.162567,5.0,5.0,17.826432,0.0,1.0,0.0,0.0,0.261364,6984.0,0.33172,1.0
7001.0,0.492875,0.486715,0.507419,0.507419,13.168863,1.179346,1.181401,5.0,5.0,18.047872,0.0,1.0,0.0,0.0,0.261364,6994.0,0.33894,1.0
7011.0,0.492791,0.48663,0.507309,0.507309,13.169197,1.160601,1.162567,5.0,5.0,17.827461,0.0,1.0,0.0,0.0,0.261364,7004.0,0.336967,1.0
7021.0,0.49271,0.486546,0.507202,0.507202,13.168178,1.211439,1.213422,5.0,5.0,18.425088,0.0,1.0,0.0,0.0,0.262475,7014.0,0.332149,1.0
7031.0,0.492625,0.48646,0.50709,0.50709,13.168255,1.205392,1.207483,5.0,5.0,18.353965,0.0,1.0,0.0,0.0,0.262475,7024.0,0.340678,1.0
7041.0,0.492542,0.486375,0.506979,0.506979,13.168755,1.1781,1.18001,5.0,5.0,18.033088,0.0,1.0,0.0,0.0,0.262475,7034.0,0.333515,1.0
7051.0,0.492459,0.48629,0.506873,0.506873,13.168787,1.174663,1.176646,5.0,5.0,17.992643,0.0,1.0,0.0,0.0,0.262475,7043.0,0.341774,1.0
7061.0,0.492375,0.486204,0.506762,0.506762,13.167302,1.248457,1.250551,5.0,5.0,18.860056,0.0,1.0,0.0,0.0,0.262475,7053.0,0.335572,1.0
7071.0,0.492291,0.486119,0.506654,0.506654,13.168809,1.16978,1.171745,5.0,5.0,17.935158,0.0,1.0,0.0,0.0,0.262475,7063.0,0.342854,1.0
7081.0,0.492208,0.486035,0.50655,0.50655,13.168673,1.175276,1.177186,5.0,5.0,17.999734,0.0,1.0,0.0,0.0,0.263485,7073.0,0.338424,1.0
7091.0,0.492127,0.485951,0.506442,0.506442,13.169391,1.137386,1.139351,5.0,5.0,17.554237,0.0,1.0,0.0,0.0,0.263485,7083.0,0.338737,1.0
7101.0,0.492045,0.485868,0.506335,0.506335,13.168481,1.182602,1.184745,5.0,5.0,18.085819,0.0,1.0,0.0,0.0,0.263485,7093.0,0.329177,1.0
7111.0,0.491962,0.485783,0.506229,0.506229,13.168941,1.157485,1.159494,5.0,5.0,17.790496,0.0,1.0,0.0,0.0,0.263485,7103.0,0.332288,1.0
7121.0,0.491879,0.485698,0.506118,0.506118,13.169318,1.136533,1.13852,5.0,5.0,17.544122,0.0,1.0,0.0,0.0,0.263485,7113.0,0.342213,1.0
7131.0,0.491796,0.485613,0.506013,0.506013,13.168633,1.169825,1.171745,5.0,5.0,17.9355,0.0,1.0,0.0,0.0,0.263485,7123.0,0.326047,1.0
7141.0,0.491713,0.485529,0.505907,0.505907,13.16868,1.16596,1.168028,5.0,5.0,17.89003,0.0,1.0,0.0,0.0,0.264978,7133.0,0.342079,1.0
7151.0,0.491629,0.485443,0.505798,0.505798,13.167711,1.213387,1.215457,5.0,5.0,18.447526,0.0,1.0,0.0,0.0,0.264978,7143.0,0.333122,1.0
7161.0,0.491546,0.485359,0.505691,0.505691,13.169175,1.13715,1.139206,5.0,5.0,17.551243,0.0,1.0,0.0,0.0,0.264978,7153.0,0.341792,1.0
7171.0,0.491463,0.485273,0.505581,0.505581,13.169126,1.137664,1.139662,5.0,5.0,17.557247,0.0,1.0,0.0,0.0,0.264978,7163.0,0.336063,1.0
7181.0,0.491379,0.485188,0.505472,0.505472,13.169295,1.12714,1.129176,5.0,5.0,17.433476,0.0,1.0,0.0,0.0,0.264978,7173.0,0.321832,1.0
7191.0,0.491295,0.485102,0.505367,0.505367,13.169437,1.117997,1.12008,5.0,5.0,17.325934,0.0,1.0,0.0,0.0,0.264978,7183.0,0.329788,1.0
7201.0,0.491214,0.485019,0.505262,0.505262,13.168785,1.150218,1.152329,5.0,5.0,17.704747,0.0,1.0,0.0,0.0,0.264943,7193.0,0.341977,1.0
7211.0,0.491129,0.484933,0.505154,0.505154,13.168421,1.166602,1.168485,5.0,5.0,17.897324,0.0,1.0,0.0,0.0,0.264943,7203.0,0.338842,1.0
7221.0,0.491046,0.484848,0.505046,0.505046,13.167411,1.216241,1.218343,5.0,5.0,18.480814,0.0,1.0,0.0,0.0,0.264943,7213.0,0.334849,1.0
7231.0,0.490962,0.484762,0.504941,0.504941,13.168195,1.174377,1.176334,5.0,5.0,17.988649,0.0,1.0,0.0,0.0,0.264943,7223.0,0.342143,1.0
7241.0,0.49088,0.484678,0.504836,0.504836,13.168282,1.168525,1.170437,5.0,5.0,17.919826,0.0,1.0,0.0,0.0,0.264943,7233.0,0.336056,1.0
7251.0,0.490797,0.484593,0.504732,0.504732,13.167692,1.19697,1.198886,5.0,5.0,18.254173,0.0,1.0,0.0,0.0,0.264943,7243.0,0.328977,1.0
7261.0,0.490713,0.484508,0.504628,0.504628,13.168212,1.168702,1.170749,5.0,5.0,17.921835,0.0,1.0,0.0,0.0,0.266025,7253.0,0.340741,1.0
7271.0,0.49063,0.484423,0.504523,0.504523,13.168393,1.157619,1.159639,5.0,5.0,17.791501,0.0,1.0,0.0,0.0,0.266025,7263.0,0.339445,1.0
7281.0,0.490546,0.484337,0.504419,0.504419,13.16858,1.146031,1.148052,5.0,5.0,17.655224,0.0,1.0,0.0,0.0,0.266025,7273.0,0.346809,1.0
7291.0,0.490463,0.484253,0.504317,0.504317,13.168257,1.161045,1.163086,5.0,5.0,17.831708,0.0,1.0,0.0,0.0,0.266025,7283.0,0.335461,1.0
7301.0,0.49038,0.484168,0.504214,0.504214,13.168307,1.156934,1.159016,5.0,5.0,17.783353,0.0,1.0,0.0,0.0,0.266025,7293.0,0.327731,1.0
7311.0,0.490297,0.484084,0.504108,0.504108,13.167387,1.202352,1.204368,5.0,5.0,18.317234,0.0,1.0,0.0,0.0,0.266025,7303.0,0.331955,1.0
7321.0,0.490215,0.483999,0.504004,0.504004,13.167512,1.19444,1.196373,5.0,5.0,18.22419,0.0,1.0,0.0,0.0,0.267328,7313.0,0.342063,1.0
7331.0,0.490132,0.483915,0.503902,0.503902,13.167198,1.20879,1.210743,5.0,5.0,18.392841,0.0,1.0,0.0,0.0,0.267328,7323.0,0.33887,1.0
7341.0,0.490048,0.48383,0.503795,0.503795,13.168319,1.149853,1.151831,5.0,5.0,17.699975,0.0,1.0,0.0,0.0,0.267328,7333.0,0.336832,1.0
7351.0,0.489965,0.483744,0.503689,0.503689,13.166851,1.222855,1.224885,5.0,5.0,18.558085,0.0,1.0,0.0,0.0,0.267328,7343.0,0.331462,1.0
7361.0,0.489881,0.483659,0.503583,0.503583,13.167049,1.210812,1.212799,5.0,5.0,18.416491,0.0,1.0,0.0,0.0,0.267328,7353.0,0.339269,1.0
7371.0,0.489797,0.483573,0.503477,0.503477,13.167846,1.168084,1.170146,5.0,5.0,17.914172,0.0,1.0,0.0,0.0,0.267328,7363.0,0.338812,1.0
7381.0,0.489713,0.483487,0.503374,0.503374,13.167023,1.208266,1.210182,5.0,5.0,18.386484,0.0,1.0,0.0,0.0,0.268274,7373.0,0.327264,1.0
7391.0,0.48963,0.483402,0.503269,0.503269,13.167601,1.177002,1.178847,5.0,5.0,18.018941,0.0,1.0,0.0,0.0,0.268274,7383.0,0.345404,1.0
7401.0,0.489546,0.483317,0.503167,0.503167,13.168698,1.119148,1.121139,5.0,5.0,17.338753,0.0,1.0,0.0,0.0,0.268274,7393.0,0.33691,1.0
7411.0,0.489462,0.483231,0.503062,0.503062,13.167492,1.178799,1.180758,5.0,5.0,18.039982,0.0,1.0,0.0,0.0,0.268274,7403.0,0.332858,1.0
7421.0,0.489378,0.483146,0.502959,0.502959,13.167065,1.198724,1.200796,5.0,5.0,18.274163,0.0,1.0,0.0,0.0,0.268274,7413.0,0.333485,1.0
7431.0,0.489295,0.48306,0.502854,0.502854,13.167637,1.167594,1.169544,5.0,5.0,17.908192,0.0,1.0,0.0,0.0,0.268274,7423.0,0.33204,1.0
7441.0,0.489211,0.482975,0.502749,0.502749,13.167611,1.167099,1.169087,5.0,5.0,17.902332,0.0,1.0,0.0,0.0,0.269289,7433.0,0.333176,1.0
7451.0,0.489127,0.482889,0.502644,0.502644,13.166991,1.196755,1.198699,5.0,5.0,18.250898,0.0,1.0,0.0,0.0,0.269289,7443.0,0.334829,1.0
7461.0,0.489043,0.482803,0.502539,0.502539,13.167549,1.166409,1.168485,5.0,5.0,17.894145,0.0,1.0,0.0,0.0,0.269289,7453.0,0.339865,1.0
7471.0,0.48896,0.482719,0.502438,0.502438,13.167487,1.168156,1.170105,5.0,5.0,17.914651,0.0,1.0,0.0,0.0,0.269289,7463.0,0.329224,1.0
7481.0,0.488878,0.482635,0.502338,0.502338,13.167756,1.153198,1.155133,5.0,5.0,17.738783,0.0,1.0,0.0,0.0,0.269289,7473.0,0.333054,1.0
7491.0,0.488795,0.48255,0.502236,0.502236,13.167434,1.16795,1.16998,5.0,5.0,17.912172,0.0,1.0,0.0,0.0,0.269289,7483.0,0.330437,1.0
7501.0,0.488712,0.482465,0.502133,0.502133,13.167916,1.141817,1.143857,5.0,5.0,17.604921,0.0,1.0,0.0,0.0,0.269589,7493.0,0.341768,1.0
7511.0,0.488629,0.48238,0.502031,0.502031,13.168171,1.127162,1.129134,5.0,5.0,17.432596,0.0,1.0,0.0,0.0,0.269589,7503.0,0.33374,1.0
7521.0,0.488545,0.482295,0.501927,0.501927,13.167053,1.182467,1.184371,5.0,5.0,18.082709,0.0,1.0,0.0,0.0,0.269589,7513.0,0.332526,1.0
7531.0,0.488463,0.482211,0.501827,0.501827,13.166806,1.19385,1.195916,5.0,5.0,18.216492,0.0,1.0,0.0,0.0,0.269589,7523.0,0.340531,1.0
7541.0,0.488379,0.482126,0.501721,0.501721,13.166526,1.206138,1.208251,5.0,5.0,18.360886,0.0,1.0,0.0,0.0,0.269589,7533.0,0.343682,1.0
7551.0,0.488297,0.482041,0.501621,0.501621,13.168719,1.092882,1.094746,5.0,5.0,17.029438,0.0,1.0,0.0,0.0,0.269589,7543.0,0.338036,1.0
7561.0,0.488213,0.481956,0.501519,0.501519,13.167024,1.177441,1.179574,5.0,5.0,18.0235,0.0,1.0,0.0,0.0,0.270854,7553.0,0.328254,1.0
7571.0,0.48813,0.481871,0.501418,0.501418,13.16552,1.252699,1.254496,5.0,5.0,18.908013,0.0,1.0,0.0,0.0,0.270854,7563.0,0.338214,1.0
7581.0,0.488048,0.481788,0.50132,0.50132,13.167679,1.141286,1.143234,5.0,5.0,17.598427,0.0,1.0,0.0,0.0,0.270854,7573.0,0.342599,1.0
7591.0,0.487963,0.481701,0.501216,0.501216,13.168028,1.121192,1.123174,5.0,5.0,17.362154,0.0,1.0,0.0,0.0,0.270854,7583.0,0.329422,1.0
7601.0,0.487879,0.481615,0.501113,0.501113,13.166857,1.178933,1.180903,5.0,5.0,18.040894,0.0,1.0,0.0,0.0,0.270854,7593.0,0.334664,1.0
7611.0,0.487796,0.48153,0.501014,0.501014,13.16703,1.168495,1.170458,5.0,5.0,17.918164,0.0,1.0,0.0,0.0,0.270854,7603.0,0.34136,1.0
7621.0,0.487712,0.481445,0.500912,0.500912,13.166834,1.176567,1.178536,5.0,5.0,18.013002,0.0,1.0,0.0,0.0,0.272005,7613.0,0.342739,1.0
7631.0,0.487629,0.48136,0.500814,0.500814,13.166946,1.169208,1.171122,5.0,5.0,17.926475,0.0,1.0,0.0,0.0,0.272005,7623.0,0.331179,1.0
7641.0,0.487545,0.481275,0.500713,0.500713,13.166442,1.193178,1.195231,5.0,5.0,18.20819,0.0,1.0,0.0,0.0,0.272005,7633.0,0.34443,1.0
7651.0,0.487462,0.481189,0.500617,0.500617,13.166443,1.191388,1.193425,5.0,5.0,18.187118,0.0,1.0,0.0,0.0,0.272005,7643.0,0.341836,1.0
7661.0,0.487378,0.481104,0.500513,0.500513,13.167656,1.127522,1.129508,5.0,5.0,17.436321,0.0,1.0,0.0,0.0,0.272005,7653.0,0.34025,1.0
7671.0,0.487296,0.48102,0.500415,0.500415,13.167487,1.13496,1.136984,5.0,5.0,17.52373,0.0,1.0,0.0,0.0,0.272005,7663.0,0.334104,1.0
7681.0,0.487212,0.480934,0.500312,0.500312,13.167077,1.153959,1.15588,5.0,5.0,17.747041,0.0,1.0,0.0,0.0,0.273215,7673.0,0.328715,1.0
7691.0,0.487129,0.48085,0.500215,0.500215,13.167135,1.149478,1.151416,5.0,5.0,17.694336,0.0,1.0,0.0,0.0,0.273215,7682.0,0.340471,1.0
7701.0,0.487046,0.480764,0.500114,0.500114,13.167297,1.139387,1.141427,5.0,5.0,17.575674,0.0,1.0,0.0,0.0,0.273215,7692.0,0.350289,1.0
7711.0,0.486962,0.480679,0.500014,0.500014,13.166503,1.178179,1.180114,5.0,5.0,18.031641,0.0,1.0,0.0,0.0,0.273215,7702.0,0.324191,1.0
7721.0,0.486881,0.480596,0.499917,0.499917,13.166802,1.161967,1.164083,5.0,5.0,17.841058,0.0,1.0,0.0,0.0,0.273215,7712.0,0.341004,1.0
7731.0,0.486798,0.480511,0.499817,0.499817,13.167108,1.144627,1.146557,5.0,5.0,17.637182,0.0,1.0,0.0,0.0,0.273215,7722.0,0.336217,1.0
7741.0,0.486715,0.480427,0.499719,0.499719,13.166249,1.186861,1.188815,5.0,5.0,18.133604,0.0,1.0,0.0,0.0,0.274662,7732.0,0.339383,1.0
7751.0,0.486631,0.480341,0.499616,0.499616,13.166029,1.196059,1.198035,5.0,5.0,18.241677,0.0,1.0,0.0,0.0,0.274662,7742.0,0.338007,1.0
7761.0,0.486546,0.480254,0.499514,0.499514,13.165825,1.204345,1.206237,5.0,5.0,18.339022,0.0,1.0,0.0,0.0,0.274662,7752.0,0.325158,1.0
7771.0,0.486464,0.480171,0.499414,0.499414,13.166755,1.155708,1.157708,5.0,5.0,17.767302,0.0,1.0,0.0,0.0,0.274662,7762.0,0.350311,1.0
7781.0,0.486381,0.480086,0.499317,0.499317,13.165802,1.202594,1.204638,5.0,5.0,18.318371,0.0,1.0,0.0,0.0,0.274662,7772.0,0.335529,1.0
7791.0,0.486298,0.480001,0.499218,0.499218,13.166285,1.176467,1.178432,5.0,5.0,18.01125,0.0,1.0,0.0,0.0,0.274662,7782.0,0.334212,1.0
7801.0,0.486215,0.479916,0.499118,0.499118,13.165783,1.200281,1.202125,5.0,5.0,18.291119,0.0,1.0,0.0,0.0,0.274767,7792.0,0.337398,1.0
7811.0,0.486132,0.479831,0.499019,0.499019,13.165805,1.1975,1.19955,5.0,5.0,18.258402,0.0,1.0,0.0,0.0,0.274767,7802.0,0.333448,1.0
7821.0,0.486047,0.479745,0.498919,0.498919,13.164472,1.263419,1.265357,5.0,5.0,19.033053,0.0,1.0,0.0,0.0,0.274767,7812.0,0.330207,1.0
7831.0,0.485963,0.47966,0.498818,0.498818,13.166173,1.174706,1.176833,5.0,5.0,17.990401,0.0,1.0,0.0,0.0,0.274767,7822.0,0.329194,1.0
7841.0,0.48588,0.479574,0.498719,0.498719,13.165773,1.193395,1.195563,5.0,5.0,18.210032,0.0,1.0,0.0,0.0,0.274767,7832.0,0.326562,1.0
7851.0,0.485797,0.47949,0.49862,0.49862,13.167106,1.123821,1.125812,5.0,5.0,17.392181,0.0,1.0,0.0,0.0,0.274767,7842.0,0.340762,1.0
7861.0,0.485714,0.479405,0.498524,0.498524,13.16577,1.19032,1.192428,5.0,5.0,18.173824,0.0,1.0,0.0,0.0,0.275875,7852.0,0.338048,1.0
7871.0,0.485631,0.47932,0.498425,0.498425,13.167039,1.124119,1.126144,5.0,5.0,17.395618,0.0,1.0,0.0,0.0,0.275875,7862.0,0.340694,1.0
7881.0,0.485547,0.479235,0.498326,0.498326,13.166436,1.152841,1.154946,5.0,5.0,17.733219,0.0,1.0,0.0,0.0,0.275875,7872.0,0.331713,1.0
7891.0,0.485463,0.479149,0.498227,0.498227,13.165712,1.187957,1.189978,5.0,5.0,18.145938,0.0,1.0,0.0,0.0,0.275875,7882.0,0.33774,1.0
7901.0,0.485381,0.479065,0.49813,0.49813,13.166593,1.141613,1.143463,5.0,5.0,17.601173,0.0,1.0,0.0,0.0,0.275875,7892.0,0.333438,1.0
7911.0,0.485297,0.47898,0.49803,0.49803,13.165713,1.184714,1.186655,5.0,5.0,18.107749,0.0,1.0,0.0,0.0,0.275875,7902.0,0.333145,1.0
7921.0,0.485213,0.478894,0.497933,0.497933,13.165294,1.204119,1.206009,5.0,5.0,18.335779,0.0,1.0,0.0,0.0,0.277028,7912.0,0.327578,1.0
7931.0,0.48513,0.478809,0.497835,0.497835,13.166403,1.145856,1.147989,5.0,5.0,17.650938,0.0,1.0,0.0,0.0,0.277028,7922.0,0.328222,1.0
7941.0,0.485047,0.478724,0.497738,0.497738,13.165082,1.211765,1.213879,5.0,5.0,18.425583,0.0,1.0,0.0,0.0,0.277028,7932.0,0.329326,1.0
7951.0,0.484964,0.478639,0.497639,0.497639,13.166114,1.157234,1.159244,5.0,5.0,17.784617,0.0,1.0,0.0,0.0,0.277028,7942.0,0.334009,1.0
7961.0,0.48488,0.478554,0.497541,0.497541,13.165794,1.171854,1.173967,5.0,5.0,17.956424,0.0,1.0,0.0,0.0,0.277028,7952.0,0.333752,1.0
7971.0,0.484797,0.478469,0.497443,0.497443,13.165518,1.184211,1.186344,5.0,5.0,18.101621,0.0,1.0,0.0,0.0,0.277028,7962.0,0.329038,1.0
7981.0,0.484713,0.478383,0.497344,0.497344,13.165125,1.202275,1.204202,5.0,5.0,18.313895,0.0,1.0,0.0,0.0,0.278233,7971.0,0.329995,1.0
7991.0,0.484629,0.478297,0.497245,0.497245,13.165076,1.203012,1.204887,5.0,5.0,18.322519,0.0,1.0,0.0,0.0,0.278233,7981.0,0.340175,1.0
8001.0,0.484546,0.478213,0.497148,0.497148,13.165663,1.171457,1.173386,5.0,5.0,17.951613,0.0,1.0,0.0,0.0,0.278233,7991.0,0.33899,1.0
8011.0,0.484462,0.478126,0.497049,0.497049,13.16558,1.173605,1.175649,5.0,5.0,17.976809,0.0,1.0,0.0,0.0,0.278233,8001.0,0.330329,1.0
8021.0,0.484378,0.478041,0.496948,0.496948,13.165864,1.157281,1.159141,5.0,5.0,17.784911,0.0,1.0,0.0,0.0,0.278233,8011.0,0.326395,1.0
8031.0,0.484295,0.477957,0.496853,0.496853,13.165606,1.169117,1.171205,5.0,5.0,17.923994,0.0,1.0,0.0,0.0,0.278233,8021.0,0.342329,1.0
8041.0,0.484211,0.477871,0.496755,0.496755,13.16539,1.1782,1.18028,5.0,5.0,18.030718,0.0,1.0,0.0,0.0,0.27943,8031.0,0.334917,1.0
8051.0,0.484129,0.477787,0.496656,0.496656,13.165861,1.152815,1.15478,5.0,5.0,17.732316,0.0,1.0,0.0,0.0,0.27943,8041.0,0.330974,1.0
8061.0,0.484044,0.477701,0.496557,0.496557,13.165183,1.185269,1.187236,5.0,5.0,18.113729,0.0,1.0,0.0,0.0,0.27943,8051.0,0.347527,1.0
8071.0,0.483963,0.477617,0.496462,0.496462,13.165229,1.181795,1.18381,5.0,5.0,18.072869,0.0,1.0,0.0,0.0,0.27943,8061.0,0.325072,1.0
8081.0,0.483879,0.477532,0.496364,0.496364,13.164941,1.194723,1.196747,5.0,5.0,18.224782,0.0,1.0,0.0,0.0,0.27943,8071.0,0.335775,1.0
8091.0,0.483795,0.477446,0.496265,0.496265,13.164161,1.232586,1.23452,5.0,5.0,18.669699,0.0,1.0,0.0,0.0,0.27943,8081.0,0.333072,1.0
8101.0,0.48371,0.477359,0.496166,0.496166,13.165341,1.170115,1.172181,5.0,5.0,17.935469,0.0,1.0,0.0,0.0,0.27947,8091.0,0.34188,1.0
8111.0,0.483627,0.477274,0.496069,0.496069,13.164173,1.228063,1.229951,5.0,5.0,18.616467,0.0,1.0,0.0,0.0,0.27947,8101.0,0.329318,1.0
8121.0,0.483543,0.477189,0.49597,0.49597,13.164977,1.185314,1.187299,5.0,5.0,18.114043,0.0,1.0,0.0,0.0,0.27947,8111.0,0.349588,1.0
8131.0,0.483458,0.477102,0.495873,0.495873,13.164568,1.203918,1.205842,5.0,5.0,18.332634,0.0,1.0,0.0,0.0,0.27947,8121.0,0.32885,1.0
8141.0,0.483374,0.477016,0.495774,0.495774,13.164629,1.19881,1.200796,5.0,5.0,18.272562,0.0,1.0,0.0,0.0,0.27947,8131.0,0.336584,1.0
8151.0,0.483289,0.476929,0.495674,0.495674,13.164767,1.189499,1.191452,5.0,5.0,18.163084,0.0,1.0,0.0,0.0,0.27947,8141.0,0.331429,1.0
8161.0,0.483205,0.476843,0.495577,0.495577,13.16391,1.231368,1.233502,5.0,5.0,18.65509,0.0,1.0,0.0,0.0,0.280479,8151.0,0.33075,1.0
8171.0,0.483121,0.476758,0.495478,0.495478,13.164824,1.183129,1.185139,5.0,5.0,18.088154,0.0,1.0,0.0,0.0,0.280479,8161.0,0.339309,1.0
8181.0,0.483038,0.476673,0.495381,0.495381,13.165489,1.147486,1.149422,5.0,5.0,17.669192,0.0,1.0,0.0,0.0,0.280479,8171.0,0.333176,1.0
8191.0,0.482955,0.476588,0.495284,0.495284,13.164256,1.208885,1.210847,5.0,5.0,18.390777,0.0,1.0,0.0,0.0,0.280479,8181.0,0.338692,1.0
8201.0,0.482871,0.476503,0.495189,0.495189,13.165604,1.138391,1.140389,5.0,5.0,17.562218,0.0,1.0,0.0,0.0,0.280479,8191.0,0.34412,1.0
8211.0,0.482789,0.476419,0.495095,0.495095,13.165605,1.13709,1.138915,5.0,5.0,17.546903,0.0,1.0,0.0,0.0,0.280479,8201.0,0.326991,1.0
8221.0,0.482705,0.476333,0.494996,0.494996,13.164264,1.203596,1.205801,5.0,5.0,18.328517,0.0,1.0,0.0,0.0,0.281888,8211.0,0.334682,1.0
8231.0,0.482622,0.476248,0.494903,0.494903,13.164144,1.20825,1.210203,5.0,5.0,18.38318,0.0,1.0,0.0,0.0,0.281888,8221.0,0.340394,1.0
8241.0,0.482538,0.476163,0.494809,0.494809,13.165398,1.142721,1.144895,5.0,5.0,17.612995,0.0,1.0,0.0,0.0,0.281888,8231.0,0.336088,1.0
8251.0,0.482455,0.476078,0.494716,0.494716,13.164177,1.203491,1.205552,5.0,5.0,18.327189,0.0,1.0,0.0,0.0,0.281888,8241.0,0.336946,1.0
8261.0,0.482372,0.475993,0.49462,0.49462,13.165482,1.13518,1.13715,5.0,5.0,17.52429,0.0,1.0,0.0,0.0,0.281888,8251.0,0.340042,1.0
8271.0,0.482288,0.475908,0.494523,0.494523,13.163915,1.213532,1.215395,5.0,5.0,18.445119,0.0,1.0,0.0,0.0,0.281888,8261.0,0.332202,1.0
8281.0,0.482205,0.475822,0.494424,0.494424,13.164593,1.177036,1.17893,5.0,5.0,18.016177,0.0,1.0,0.0,0.0,0.283244,8271.0,0.336955,1.0
8291.0,0.48212,0.475736,0.494328,0.494328,13.163855,1.212675,1.214689,5.0,5.0,18.434962,0.0,1.0,0.0,0.0,0.283244,8281.0,0.324826,1.0
8301.0,0.482037,0.475651,0.49423,0.49423,13.16477,1.164321,1.166284,5.0,5.0,17.866664,0.0,1.0,0.0,0.0,0.283244,8291.0,0.336953,1.0
8311.0,0.481954,0.475567,0.494134,0.494134,13.164976,1.15242,1.154572,5.0,5.0,17.72676,0.0,1.0,0.0,0.0,0.283244,8301.0,0.337213,1.0
8321.0,0.481871,0.475481,0.494037,0.494037,13.164092,1.195913,1.197848,5.0,5.0,18.237879,0.0,1.0,0.0,0.0,0.283244,8311.0,0.337375,1.0
8331.0,0.481787,0.475396,0.493941,0.493941,13.164415,1.177565,1.17947,5.0,5.0,18.022217,0.0,1.0,0.0,0.0,0.283244,8321.0,0.331203,1.0
8341.0,0.481702,0.47531,0.493847,0.493847,13.164927,1.149473,1.151499,5.0,5.0,17.692009,0.0,1.0,0.0,0.0,0.284402,8331.0,0.335323,1.0
8351.0,0.481619,0.475225,0.493753,0.493753,13.163442,1.223669,1.225736,5.0,5.0,18.563939,0.0,1.0,0.0,0.0,0.284402,8341.0,0.336578,1.0
8361.0,0.481535,0.475139,0.493654,0.493654,13.164144,1.185989,1.188005,5.0,5.0,18.121104,0.0,1.0,0.0,0.0,0.284402,8351.0,0.335159,1.0
8371.0,0.481451,0.475053,0.493559,0.493559,13.163576,1.213079,1.215,5.0,5.0,18.439417,0.0,1.0,0.0,0.0,0.284402,8361.0,0.331131,1.0
8381.0,0.481369,0.474969,0.493466,0.493466,13.164034,1.188504,1.1906,5.0,5.0,18.150593,0.0,1.0,0.0,0.0,0.284402,8371.0,0.343653,1.0
8391.0,0.481286,0.474884,0.493371,0.493371,13.16481,1.147322,1.149235,5.0,5.0,17.666564,0.0,1.0,0.0,0.0,0.284402,8381.0,0.328104,1.0
8401.0,0.481203,0.4748,0.493276,0.493276,13.165553,1.107889,1.109905,5.0,5.0,17.203033,0.0,1.0,0.0,0.0,0.284687,8391.0,0.340821,1.0
8411.0,0.48112,0.474715,0.493184,0.493184,13.164072,1.181927,1.183976,5.0,5.0,18.073205,0.0,1.0,0.0,0.0,0.284687,8401.0,0.34237,1.0
8421.0,0.481035,0.474629,0.493087,0.493087,13.164693,1.14811,1.15017,5.0,5.0,17.675722,0.0,1.0,0.0,0.0,0.284687,8411.0,0.334806,1.0
8431.0,0.480951,0.474543,0.492993,0.492993,13.164205,1.171218,1.173178,5.0,5.0,17.947272,0.0,1.0,0.0,0.0,0.284687,8421.0,0.330086,1.0
8441.0,0.480869,0.474459,0.492899,0.492899,13.164816,1.138716,1.140784,5.0,5.0,17.565244,0.0,1.0,0.0,0.0,0.284687,8431.0,0.332902,1.0
8451.0,0.480785,0.474374,0.492806,0.492806,13.163866,1.185531,1.187569,5.0,5.0,18.115411,0.0,1.0,0.0,0.0,0.284687,8441.0,0.342597,1.0
8461.0,0.480702,0.474289,0.492711,0.492711,13.164328,1.160319,1.162235,5.0,5.0,17.819081,0.0,1.0,0.0,0.0,0.285964,8451.0,0.340108,1.0
8471.0,0.48062,0.474204,0.492617,0.492617,13.164915,1.129006,1.131024,5.0,5.0,17.451025,0.0,1.0,0.0,0.0,0.285964,8461.0,0.33707,1.0
8481.0,0.480535,0.474118,0.49252,0.49252,13.164199,1.163503,1.165495,5.0,5.0,17.856439,0.0,1.0,0.0,0.0,0.285964,8471.0,0.338972,1.0
8491.0,0.480453,0.474034,0.492425,0.492425,13.164773,1.133052,1.134886,5.0,5.0,17.498512,0.0,1.0,0.0,0.0,0.285964,8481.0,0.330636,1.0
8501.0,0.48037,0.473949,0.49233,0.49233,13.16364,1.189178,1.19112,5.0,5.0,18.158108,0.0,1.0,0.0,0.0,0.285964,8491.0,0.325141,1.0
8511.0,0.480286,0.473864,0.492238,0.492238,13.163641,1.187304,1.189085,5.0,5.0,18.136053,0.0,1.0,0.0,0.0,0.285964,8501.0,0.331129,1.0
8521.0,0.480202,0.473778,0.492145,0.492145,13.164066,1.163765,1.165848,5.0,5.0,17.859377,0.0,1.0,0.0,0.0,0.287275,8511.0,0.321447,1.0
8531.0,0.480119,0.473693,0.492049,0.492049,13.16355,1.188317,1.190476,5.0,5.0,18.14788,0.0,1.0,0.0,0.0,0.287275,8521.0,0.348738,1.0
8541.0,0.480035,0.473607,0.491956,0.491956,13.163201,1.204278,1.206299,5.0,5.0,18.335395,0.0,1.0,0.0,0.0,0.287275,8531.0,0.334737,1.0
8551.0,0.479951,0.473522,0.49186,0.49186,13.164172,1.153041,1.155133,5.0,5.0,17.733232,0.0,1.0,0.0,0.0,0.287275,8541.0,0.335157,1.0
8561.0,0.479867,0.473437,0.491769,0.491769,13.163818,1.169254,1.171226,5.0,5.0,17.923741,0.0,1.0,0.0,0.0,0.287275,8551.0,0.340798,1.0
8571.0,0.479785,0.473352,0.491675,0.491675,13.164306,1.142967,1.144895,5.0,5.0,17.614778,0.0,1.0,0.0,0.0,0.287275,8561.0,0.341724,1.0
8581.0,0.479701,0.473267,0.491581,0.491581,13.163688,1.17276,1.174715,5.0,5.0,17.964878,0.0,1.0,0.0,0.0,0.288521,8571.0,0.339339,1.0
8591.0,0.479617,0.473181,0.491489,0.491489,13.164065,1.151542,1.153658,5.0,5.0,17.715481,0.0,1.0,0.0,0.0,0.288521,8581.0,0.33332,1.0
8601.0,0.479535,0.473097,0.491398,0.491398,13.163724,1.167747,1.169856,5.0,5.0,17.9059,0.0,1.0,0.0,0.0,0.288521,8591.0,0.333224,1.0
8611.0,0.479451,0.473011,0.491305,0.491305,13.162282,1.239343,1.241372,5.0,5.0,18.747174,0.0,1.0,0.0,0.0,0.288521,8601.0,0.332037,1.0
8621.0,0.479367,0.472926,0.491212,0.491212,13.163667,1.167003,1.169025,5.0,5.0,17.897083,0.0,1.0,0.0,0.0,0.288521,8611.0,0.339687,1.0
8631.0,0.479284,0.472841,0.491118,0.491118,13.163835,1.156589,1.158497,5.0,5.0,17.774656,0.0,1.0,0.0,0.0,0.288521,8621.0,0.338573,1.0
8641.0,0.4792,0.472755,0.491023,0.491023,13.163353,1.1794,1.181339,5.0,5.0,18.042701,0.0,1.0,0.0,0.0,0.28974,8631.0,0.342674,1.0
8651.0,0.479116,0.47267,0.490929,0.490929,13.163487,1.170807,1.172763,5.0,5.0,17.941676,0.0,1.0,0.0,0.0,0.28974,8641.0,0.342808,1.0
8661.0,0.479033,0.472585,0.490836,0.490836,13.162758,1.206406,1.208293,5.0,5.0,18.359969,0.0,1.0,0.0,0.0,0.28974,8651.0,0.336028,1.0
8671.0,0.47895,0.4725,0.490745,0.490745,13.16341,1.171388,1.173365,5.0,5.0,17.948434,0.0,1.0,0.0,0.0,0.28974,8661.0,0.342101,1.0
8681.0,0.478866,0.472414,0.490653,0.490653,13.16402,1.138494,1.140535,5.0,5.0,17.561819,0.0,1.0,0.0,0.0,0.28974,8671.0,0.334051,1.0
8691.0,0.478782,0.472329,0.490559,0.490559,13.163422,1.167188,1.169108,5.0,5.0,17.899007,0.0,1.0,0.0,0.0,0.28974,8681.0,0.334922,1.0
8701.0,0.4787,0.472245,0.490467,0.490467,13.163889,1.142045,1.144023,5.0,5.0,17.603493,0.0,1.0,0.0,0.0,0.289922,8691.0,0.335384,1.0
8711.0,0.478616,0.472159,0.490372,0.490372,13.162804,1.195632,1.197578,5.0,5.0,18.233196,0.0,1.0,0.0,0.0,0.289922,8701.0,0.332783,1.0
8721.0,0.478533,0.472075,0.490278,0.490278,13.164351,1.115223,1.117236,5.0,5.0,17.288192,0.0,1.0,0.0,0.0,0.289922,8711.0,0.330725,1.0
8731.0,0.47845,0.471989,0.490186,0.490186,13.163071,1.178779,1.180799,5.0,5.0,18.035087,0.0,1.0,0.0,0.0,0.289922,8721.0,0.336407,1.0
8741.0,0.478365,0.471903,0.490091,0.490091,13.16338,1.16082,1.162837,5.0,5.0,17.823995,0.0,1.0,0.0,0.0,0.289922,8731.0,0.32865,1.0
8751.0,0.478281,0.471817,0.49,0.49,13.164052,1.124783,1.126705,5.0,5.0,17.400439,0.0,1.0,0.0,0.0,0.289922,8741.0,0.337807,1.0
8761.0,0.478197,0.471731,0.489908,0.489908,13.163419,1.15507,1.157189,5.0,5.0,17.756352,0.0,1.0,0.0,0.0,0.291098,8751.0,0.340696,1.0
8771.0,0.478113,0.471646,0.489816,0.489816,13.162932,1.178095,1.18001,5.0,5.0,18.026887,0.0,1.0,0.0,0.0,0.291098,8761.0,0.341582,1.0
8781.0,0.47803,0.471561,0.489723,0.489723,13.163021,1.172008,1.174071,5.0,5.0,17.955323,0.0,1.0,0.0,0.0,0.291098,8771.0,0.338875,1.0
8791.0,0.477947,0.471476,0.489634,0.489634,13.163171,1.162905,1.164872,5.0,5.0,17.84832,0.0,1.0,0.0,0.0,0.291098,8781.0,0.332919,1.0
8801.0,0.477864,0.471391,0.489541,0.489541,13.162733,1.183534,1.185575,5.0,5.0,18.090711,0.0,1.0,0.0,0.0,0.291098,8791.0,0.331403,1.0
8811.0,0.47778,0.471305,0.48945,0.48945,13.162535,1.191864,1.193965,5.0,5.0,18.188556,0.0,1.0,0.0,0.0,0.291098,8801.0,0.337059,1.0
8821.0,0.477697,0.47122,0.489358,0.489358,13.163845,1.123399,1.125521,5.0,5.0,17.383933,0.0,1.0,0.0,0.0,0.292416,8811.0,0.340986,1.0
8831.0,0.477613,0.471135,0.489266,0.489266,13.16283,1.173526,1.175545,5.0,5.0,17.972995,0.0,1.0,0.0,0.0,0.292416,8821.0,0.340443,1.0
8841.0,0.477531,0.471051,0.489173,0.489173,13.163583,1.133821,1.135862,5.0,5.0,17.506364,0.0,1.0,0.0,0.0,0.292416,8831.0,0.338698,1.0
8851.0,0.477447,0.470966,0.489081,0.489081,13.163193,1.152011,1.15397,5.0,5.0,17.7201,0.0,1.0,0.0,0.0,0.292416,8841.0,0.329225,1.0
8861.0,0.477363,0.47088,0.488988,0.488988,13.162872,1.166289,1.168402,5.0,5.0,17.887856,0.0,1.0,0.0,0.0,0.292416,8851.0,0.332302,1.0
8871.0,0.47728,0.470795,0.488897,0.488897,13.163015,1.15761,1.159577,5.0,5.0,17.785833,0.0,1.0,0.0,0.0,0.292416,8861.0,0.332811,1.0
8881.0,0.477197,0.47071,0.488803,0.488803,13.162902,1.161569,1.163688,5.0,5.0,17.832313,0.0,1.0,0.0,0.0,0.293756,8871.0,0.345758,1.0
8891.0,0.477113,0.470625,0.488713,0.488713,13.162424,1.184243,1.18626,5.0,5.0,18.098727,0.0,1.0,0.0,0.0,0.293756,8881.0,0.335031,1.0
8901.0,0.477031,0.470541,0.488623,0.488623,13.16213,1.19801,1.199883,5.0,5.0,18.260464,0.0,1.0,0.0,0.0,0.293756,8891.0,0.343159,1.0
8911.0,0.476948,0.470456,0.488534,0.488534,13.163727,1.114968,1.116986,5.0,5.0,17.284566,0.0,1.0,0.0,0.0,0.293756,8901.0,0.341256,1.0
8921.0,0.476865,0.470371,0.488445,0.488445,13.16241,1.180619,1.182626,5.0,5.0,18.056048,0.0,1.0,0.0,0.0,0.293756,8911.0,0.343332,1.0
8931.0,0.476782,0.470286,0.488354,0.488354,13.163058,1.145938,1.147906,5.0,5.0,17.648468,0.0,1.0,0.0,0.0,0.293756,8921.0,0.343702,1.0
8941.0,0.476699,0.470202,0.488263,0.488263,13.163197,1.137463,1.13933,5.0,5.0,17.548849,0.0,1.0,0.0,0.0,0.29521,8931.0,0.33534,1.0
8951.0,0.476615,0.470117,0.488171,0.488171,13.16188,1.202812,1.204804,5.0,5.0,18.316724,0.0,1.0,0.0,0.0,0.29521,8941.0,0.335556,1.0
8961.0,0.476533,0.470032,0.488081,0.488081,13.162588,1.16518,1.167073,5.0,5.0,17.874498,0.0,1.0,0.0,0.0,0.29521,8951.0,0.327569,1.0
8971.0,0.476449,0.469947,0.48799,0.48799,13.162919,1.146474,1.148488,5.0,5.0,17.654639,0.0,1.0,0.0,0.0,0.29521,8961.0,0.346535,1.0
8981.0,0.476364,0.469861,0.487897,0.487897,13.162136,1.184289,1.186198,5.0,5.0,18.098963,0.0,1.0,0.0,0.0,0.29521,8971.0,0.341848,1.0
8991.0,0.476281,0.469776,0.487809,0.487809,13.16182,1.19881,1.200817,5.0,5.0,18.269552,0.0,1.0,0.0,0.0,0.29521,8981.0,0.337502,1.0
9001.0,0.476199,0.469691,0.487719,0.487719,13.162183,1.178835,1.181028,5.0,5.0,18.034807,0.0,1.0,0.0,0.0,0.295361,8991.0,0.336092,1.0
9011.0,0.476115,0.469606,0.48763,0.48763,13.161981,1.18728,1.189313,5.0,5.0,18.134003,0.0,1.0,0.0,0.0,0.295361,9001.0,0.340695,1.0
9021.0,0.47603,0.469519,0.487537,0.487537,13.16226,1.170668,1.172638,5.0,5.0,17.938752,0.0,1.0,0.0,0.0,0.295361,9011.0,0.334991,1.0
9031.0,0.475946,0.469433,0.487446,0.487446,13.162845,1.138978,1.140971,5.0,5.0,17.566325,0.0,1.0,0.0,0.0,0.295361,9021.0,0.338502,1.0
9041.0,0.475862,0.469347,0.487356,0.487356,13.160382,1.262669,1.264671,5.0,5.0,19.019605,0.0,1.0,0.0,0.0,0.295361,9031.0,0.337139,1.0
9051.0,0.475778,0.469261,0.487266,0.487266,13.162179,1.16905,1.171081,5.0,5.0,17.919626,0.0,1.0,0.0,0.0,0.295361,9041.0,0.331418,1.0
9061.0,0.475693,0.469175,0.487174,0.487174,13.161889,1.181875,1.183893,5.0,5.0,18.070288,0.0,1.0,0.0,0.0,0.296303,9051.0,0.330069,1.0
9071.0,0.475611,0.469091,0.487081,0.487081,13.162601,1.144207,1.146162,5.0,5.0,17.627624,0.0,1.0,0.0,0.0,0.296303,9061.0,0.32505,1.0
9081.0,0.475527,0.469005,0.486988,0.486988,13.16174,1.186299,1.188399,5.0,5.0,18.122204,0.0,1.0,0.0,0.0,0.296303,9071.0,0.332692,1.0
9091.0,0.475443,0.46892,0.486894,0.486894,13.162046,1.168783,1.170832,5.0,5.0,17.91634,0.0,1.0,0.0,0.0,0.296303,9081.0,0.328739,1.0
9101.0,0.475359,0.468834,0.486806,0.486806,13.161487,1.195504,1.197495,5.0,5.0,18.23028,0.0,1.0,0.0,0.0,0.296303,9091.0,0.337504,1.0
9111.0,0.475276,0.468749,0.486717,0.486717,13.162821,1.125871,1.128034,5.0,5.0,17.412005,0.0,1.0,0.0,0.0,0.296303,9101.0,0.339833,1.0
9121.0,0.475192,0.468664,0.486627,0.486627,13.162149,1.158472,1.160511,5.0,5.0,17.79508,0.0,1.0,0.0,0.0,0.29764,9111.0,0.34606,1.0
9131.0,0.475109,0.468578,0.486535,0.486535,13.161458,1.192004,1.194048,5.0,5.0,18.189057,0.0,1.0,0.0,0.0,0.29764,9121.0,0.335689,1.0
9141.0,0.475024,0.468492,0.486442,0.486442,13.16121,1.202545,1.204513,5.0,5.0,18.312861,0.0,1.0,0.0,0.0,0.29764,9131.0,0.332122,1.0
9151.0,0.47494,0.468407,0.48635,0.48635,13.162782,1.120629,1.122718,5.0,5.0,17.350266,0.0,1.0,0.0,0.0,0.29764,9141.0,0.329525,1.0
9161.0,0.474857,0.468322,0.48626,0.48626,13.161287,1.195376,1.197308,5.0,5.0,18.228562,0.0,1.0,0.0,0.0,0.29764,9151.0,0.345864,1.0
9171.0,0.474773,0.468236,0.486171,0.486171,13.161911,1.161753,1.163771,5.0,5.0,17.833452,0.0,1.0,0.0,0.0,0.29764,9161.0,0.34604,1.0
9181.0,0.474691,0.468152,0.486079,0.486079,13.161836,1.164238,1.166222,5.0,5.0,17.862628,0.0,1.0,0.0,0.0,0.298926,9171.0,0.336857,1.0
9191.0,0.474607,0.468067,0.48599,0.48599,13.161787,1.165005,1.166907,5.0,5.0,17.871602,0.0,1.0,0.0,0.0,0.298926,9181.0,0.331602,1.0
9201.0,0.474524,0.467982,0.485901,0.485901,13.16213,1.145909,1.147989,5.0,5.0,17.647182,0.0,1.0,0.0,0.0,0.298926,9191.0,0.337446,1.0
9211.0,0.474441,0.467897,0.485811,0.485811,13.161487,1.177224,1.179138,5.0,5.0,18.015112,0.0,1.0,0.0,0.0,0.298926,9201.0,0.324447,1.0
9221.0,0.474357,0.467811,0.485718,0.485718,13.160387,1.231384,1.233315,5.0,5.0,18.651392,0.0,1.0,0.0,0.0,0.298926,9211.0,0.339805,1.0
9231.0,0.474272,0.467725,0.485625,0.485625,13.161598,1.167446,1.16944,5.0,5.0,17.900137,0.0,1.0,0.0,0.0,0.298926,9221.0,0.33606,1.0
9241.0,0.474189,0.46764,0.485536,0.485536,13.161447,1.173874,1.175795,5.0,5.0,17.975642,0.0,1.0,0.0,0.0,0.300215,9231.0,0.335175,1.0
9251.0,0.474107,0.467556,0.485444,0.485444,13.161742,1.157419,1.159514,5.0,5.0,17.782264,0.0,1.0,0.0,0.0,0.300215,9241.0,0.326349,1.0
9261.0,0.474024,0.467471,0.485357,0.485357,13.161757,1.155045,1.157209,5.0,5.0,17.754331,0.0,1.0,0.0,0.0,0.300215,9251.0,0.336759,1.0
9271.0,0.473939,0.467385,0.485267,0.485267,13.16011,1.237097,1.239047,5.0,5.0,18.718326,0.0,1.0,0.0,0.0,0.300215,9261.0,0.346425,1.0
9281.0,0.473857,0.467301,0.485177,0.485177,13.162824,1.09722,1.099273,5.0,5.0,17.07474,0.0,1.0,0.0,0.0,0.300215,9271.0,0.336383,1.0
9291.0,0.473773,0.467215,0.485084,0.485084,13.162105,1.132182,1.134097,5.0,5.0,17.485577,0.0,1.0,0.0,0.0,0.300215,9281.0,0.332424,1.0
9301.0,0.47369,0.46713,0.484997,0.484997,13.16117,1.178379,1.180363,5.0,5.0,18.028379,0.0,1.0,0.0,0.0,0.300559,9291.0,0.3374,1.0
9311.0,0.473608,0.467046,0.484905,0.484905,13.161186,1.176215,1.178411,5.0,5.0,18.002918,0.0,1.0,0.0,0.0,0.300559,9301.0,0.33537,1.0
9321.0,0.473524,0.466961,0.484813,0.484813,13.161542,1.15638,1.158435,5.0,5.0,17.769825,0.0,1.0,0.0,0.0,0.300559,9311.0,0.332936,1.0
9331.0,0.47344,0.466876,0.484721,0.484721,13.161245,1.16967,1.171683,5.0,5.0,17.925944,0.0,1.0,0.0,0.0,0.300559,9321.0,0.338759,1.0
9341.0,0.473357,0.46679,0.484636,0.484636,13.161387,1.160612,1.16265,5.0,5.0,17.819476,0.0,1.0,0.0,0.0,0.300559,9331.0,0.332356,1.0
9351.0,0.473274,0.466706,0.484545,0.484545,13.160892,1.184441,1.186344,5.0,5.0,18.099434,0.0,1.0,0.0,0.0,0.300559,9341.0,0.34679,1.0
9361.0,0.473191,0.466621,0.484452,0.484452,13.161597,1.147018,1.148986,5.0,5.0,17.659691,0.0,1.0,0.0,0.0,0.301886,9351.0,0.329244,1.0
9371.0,0.473108,0.466536,0.484362,0.484362,13.161143,1.168376,1.170499,5.0,5.0,17.910606,0.0,1.0,0.0,0.0,0.301886,9361.0,0.33934,1.0
9381.0,0.473024,0.466451,0.484272,0.484272,13.160535,1.197756,1.199841,5.0,5.0,18.255764,0.0,1.0,0.0,0.0,0.301886,9371.0,0.331748,1.0
9391.0,0.472942,0.466366,0.484181,0.484181,13.161236,1.160566,1.162525,5.0,5.0,17.818782,0.0,1.0,0.0,0.0,0.301886,9381.0,0.326174,1.0
9401.0,0.472859,0.466282,0.484094,0.484094,13.162064,1.116712,1.118731,5.0,5.0,17.303435,0.0,1.0,0.0,0.0,0.301886,9391.0,0.340961,1.0
9411.0,0.472775,0.466197,0.484005,0.484005,13.160575,1.191005,1.19303,5.0,5.0,18.176354,0.0,1.0,0.0,0.0,0.301886,9401.0,0.332602,1.0
9421.0,0.472692,0.466111,0.483913,0.483913,13.161772,1.128124,1.13011,5.0,5.0,17.437476,0.0,1.0,0.0,0.0,0.303186,9411.0,0.34036,1.0
9431.0,0.472607,0.466025,0.483823,0.483823,13.16115,1.157737,1.159764,5.0,5.0,17.785395,0.0,1.0,0.0,0.0,0.303186,9421.0,0.343232,1.0
9441.0,0.472523,0.465939,0.483735,0.483735,13.16156,1.134876,1.136859,5.0,5.0,17.516728,0.0,1.0,0.0,0.0,0.303186,9431.0,0.326676,1.0
9451.0,0.472439,0.465854,0.483647,0.483647,13.160444,1.189993,1.192013,5.0,5.0,18.164309,0.0,1.0,0.0,0.0,0.303186,9441.0,0.335889,1.0
9461.0,0.472356,0.465769,0.483557,0.483557,13.159858,1.218221,1.220295,5.0,5.0,18.495897,0.0,1.0,0.0,0.0,0.303186,9451.0,0.333603,1.0
9471.0,0.472272,0.465682,0.483467,0.483467,13.160524,1.182225,1.184309,5.0,5.0,18.072967,0.0,1.0,0.0,0.0,0.303186,9461.0,0.336537,1.0
9481.0,0.472187,0.465596,0.483376,0.483376,13.160687,1.171875,1.173801,5.0,5.0,17.951318,0.0,1.0,0.0,0.0,0.304239,9471.0,0.338278,1.0
9491.0,0.472104,0.465512,0.483285,0.483285,13.161029,1.152923,1.154946,5.0,5.0,17.728613,0.0,1.0,0.0,0.0,0.304239,9481.0,0.334828,1.0
9501.0,0.472019,0.465425,0.483194,0.483194,13.159035,1.252526,1.254559,5.0,5.0,18.898708,0.0,1.0,0.0,0.0,0.304239,9491.0,0.328012,1.0
9511.0,0.471935,0.465338,0.483104,0.483104,13.159298,1.236898,1.238881,5.0,5.0,18.715091,0.0,1.0,0.0,0.0,0.304239,9501.0,0.333902,1.0
9521.0,0.47185,0.465253,0.483015,0.483015,13.161274,1.134103,1.136111,5.0,5.0,17.507348,0.0,1.0,0.0,0.0,0.304239,9511.0,0.328691,1.0
9531.0,0.471767,0.465167,0.482929,0.482929,13.160726,1.160432,1.162318,5.0,5.0,17.816678,0.0,1.0,0.0,0.0,0.304239,9521.0,0.335304,1.0
9541.0,0.471683,0.465082,0.482839,0.482839,13.159508,1.220884,1.222933,5.0,5.0,18.526859,0.0,1.0,0.0,0.0,0.305408,9531.0,0.329964,1.0
9551.0,0.4716,0.464997,0.482751,0.482751,13.160331,1.177174,1.179117,5.0,5.0,18.013312,0.0,1.0,0.0,0.0,0.305408,9541.0,0.334357,1.0
9561.0,0.471516,0.464911,0.482664,0.482664,13.16017,1.183787,1.185762,5.0,5.0,18.090971,0.0,1.0,0.0,0.0,0.305408,9551.0,0.339018,1.0
9571.0,0.471433,0.464827,0.482577,0.482577,13.160508,1.165149,1.167094,5.0,5.0,17.871967,0.0,1.0,0.0,0.0,0.305408,9561.0,0.348866,1.0
9581.0,0.47135,0.464742,0.482488,0.482488,13.15907,1.237034,1.238964,5.0,5.0,18.716439,0.0,1.0,0.0,0.0,0.305408,9571.0,0.340908,1.0
9591.0,0.471266,0.464656,0.482395,0.482395,13.159669,1.204589,1.206569,5.0,5.0,18.335253,0.0,1.0,0.0,0.0,0.305408,9581.0,0.348338,1.0
9601.0,0.471183,0.464571,0.482305,0.482305,13.16003,1.184497,1.186551,5.0,5.0,18.099185,0.0,1.0,0.0,0.0,0.305756,9591.0,0.340606,1.0
9611.0,0.4711,0.464486,0.482217,0.482217,13.160738,1.146881,1.148758,5.0,5.0,17.657193,0.0,1.0,0.0,0.0,0.305756,9601.0,0.331888,1.0
9621.0,0.471017,0.464401,0.482129,0.482129,13.159868,1.189716,1.191701,5.0,5.0,18.160431,0.0,1.0,0.0,0.0,0.305756,9611.0,0.33712,1.0
9631.0,0.470933,0.464316,0.482039,0.482039,13.160506,1.155404,1.157479,5.0,5.0,17.757264,0.0,1.0,0.0,0.0,0.305756,9621.0,0.339994,1.0
9641.0,0.470849,0.46423,0.481948,0.481948,13.159644,1.197522,1.199509,5.0,5.0,18.252057,0.0,1.0,0.0,0.0,0.305756,9631.0,0.331016,1.0
9651.0,0.470766,0.464145,0.481861,0.481861,13.160513,1.151498,1.153617,5.0,5.0,17.711299,0.0,1.0,0.0,0.0,0.305756,9641.0,0.327314,1.0
9661.0,0.470682,0.46406,0.481774,0.481774,13.160246,1.163478,1.165557,5.0,5.0,17.852021,0.0,1.0,0.0,0.0,0.30708,9651.0,0.344423,1.0
9671.0,0.470599,0.463975,0.481686,0.481686,13.161012,1.122822,1.124773,5.0,5.0,17.374296,0.0,1.0,0.0,0.0,0.30708,9661.0,0.333669,1.0
9681.0,0.470516,0.46389,0.481598,0.481598,13.158899,1.229091,1.231073,5.0,5.0,18.62277,0.0,1.0,0.0,0.0,0.30708,9671.0,0.346066,1.0
9691.0,0.470433,0.463805,0.48151,0.48151,13.159277,1.208303,1.210307,5.0,5.0,18.378545,0.0,1.0,0.0,0.0,0.30708,9681.0,0.344134,1.0
9701.0,0.47035,0.46372,0.481423,0.481423,13.159399,1.20047,1.202395,5.0,5.0,18.286488,0.0,1.0,0.0,0.0,0.30708,9691.0,0.341163,1.0
9711.0,0.470265,0.463634,0.481335,0.481335,13.159089,1.214217,1.216329,5.0,5.0,18.447938,0.0,1.0,0.0,0.0,0.30708,9701.0,0.340697,1.0
9721.0,0.470182,0.463549,0.481245,0.481245,13.16003,1.164472,1.166512,5.0,5.0,17.863499,0.0,1.0,0.0,0.0,0.308394,9711.0,0.339439,1.0
9731.0,0.470097,0.463463,0.481154,0.481154,13.160706,1.127928,1.130006,5.0,5.0,17.434085,0.0,1.0,0.0,0.0,0.308394,9721.0,0.333283,1.0
9741.0,0.470013,0.463377,0.481067,0.481067,13.160586,1.132122,1.134035,5.0,5.0,17.483326,0.0,1.0,0.0,0.0,0.308394,9731.0,0.329624,1.0
9751.0,0.469929,0.463291,0.480981,0.480981,13.159403,1.190719,1.192802,5.0,5.0,18.171745,0.0,1.0,0.0,0.0,0.308394,9741.0,0.340731,1.0
9761.0,0.469846,0.463206,0.480893,0.480893,13.159371,1.19072,1.192802,5.0,5.0,18.171712,0.0,1.0,0.0,0.0,0.308394,9751.0,0.342249,1.0
9771.0,0.469762,0.463121,0.480805,0.480805,13.159206,1.197499,1.199467,5.0,5.0,18.251315,0.0,1.0,0.0,0.0,0.308394,9761.0,0.338427,1.0
9781.0,0.469677,0.463034,0.480716,0.480716,13.158214,1.245894,1.247768,5.0,5.0,18.81975,0.0,1.0,0.0,0.0,0.309562,9771.0,0.335122,1.0
9791.0,0.469594,0.462949,0.480627,0.480627,13.160145,1.145797,1.14774,5.0,5.0,17.643833,0.0,1.0,0.0,0.0,0.309562,9781.0,0.336715,1.0
9801.0,0.469511,0.462865,0.480541,0.480541,13.159586,1.173017,1.174985,5.0,5.0,17.9636,0.0,1.0,0.0,0.0,0.309562,9791.0,0.336881,1.0
9811.0,0.469429,0.46278,0.480453,0.480453,13.159328,1.184768,1.18678,5.0,5.0,18.101625,0.0,1.0,0.0,0.0,0.309562,9801.0,0.342353,1.0
9821.0,0.469345,0.462695,0.480367,0.480367,13.158083,1.246483,1.24862,5.0,5.0,18.826537,0.0,1.0,0.0,0.0,0.309562,9811.0,0.343887,1.0
9831.0,0.469262,0.46261,0.480281,0.480281,13.159943,1.15027,1.152184,5.0,5.0,17.696261,0.0,1.0,0.0,0.0,0.309562,9821.0,0.350148,1.0
9841.0,0.469179,0.462526,0.480193,0.480193,13.160583,1.116151,1.118191,5.0,5.0,17.295351,0.0,1.0,0.0,0.0,0.311055,9831.0,0.332444,1.0
9851.0,0.469097,0.462441,0.480106,0.480106,13.159737,1.157888,1.159826,5.0,5.0,17.785705,0.0,1.0,0.0,0.0,0.311055,9841.0,0.334215,1.0
9861.0,0.469014,0.462357,0.480017,0.480017,13.159487,1.169235,1.171247,5.0,5.0,17.91899,0.0,1.0,0.0,0.0,0.311055,9851.0,0.334469,1.0
9871.0,0.468931,0.462273,0.479933,0.479933,13.159684,1.157785,1.159909,5.0,5.0,17.784442,0.0,1.0,0.0,0.0,0.311055,9861.0,0.339373,1.0
9881.0,0.468846,0.462186,0.479845,0.479845,13.159121,1.18419,1.186094,5.0,5.0,18.094599,0.0,1.0,0.0,0.0,0.311055,9871.0,0.333934,1.0
9891.0,0.468763,0.462101,0.479756,0.479756,13.159696,1.153335,1.155403,5.0,5.0,17.732087,0.0,1.0,0.0,0.0,0.311055,9881.0,0.334579,1.0
9901.0,0.46868,0.462016,0.47967,0.47967,13.158456,1.214821,1.216744,5.0,5.0,18.454357,0.0,1.0,0.0,0.0,0.311311,9891.0,0.345663,1.0
9911.0,0.468597,0.461931,0.47958,0.47958,13.159492,1.160316,1.162152,5.0,5.0,17.814032,0.0,1.0,0.0,0.0,0.311311,9901.0,0.32994,1.0
9921.0,0.468513,0.461846,0.479494,0.479494,13.159099,1.178609,1.180695,5.0,5.0,18.0289,0.0,1.0,0.0,0.0,0.311311,9911.0,0.334381,1.0
9931.0,0.46843,0.46176,0.479407,0.479407,13.159376,1.162766,1.164913,5.0,5.0,17.842748,0.0,1.0,0.0,0.0,0.311311,9921.0,0.341678,1.0
9941.0,0.468346,0.461676,0.479322,0.479322,13.159069,1.176897,1.178806,5.0,5.0,18.008725,0.0,1.0,0.0,0.0,0.311311,9931.0,0.325119,1.0
9951.0,0.468263,0.46159,0.479236,0.479236,13.15985,1.135207,1.137233,5.0,5.0,17.518895,0.0,1.0,0.0,0.0,0.311311,9941.0,0.335419,1.0
9961.0,0.46818,0.461506,0.47915,0.47915,13.158694,1.192753,1.194712,5.0,5.0,18.194917,0.0,1.0,0.0,0.0,0.312624,9951.0,0.345427,1.0
9971.0,0.468097,0.461421,0.479062,0.479062,13.159425,1.154032,1.156005,5.0,5.0,17.740002,0.0,1.0,0.0,0.0,0.312624,9961.0,0.344652,1.0
9981.0,0.468013,0.461335,0.478975,0.478975,13.15774,1.237967,1.240002,5.0,5.0,18.725945,0.0,1.0,0.0,0.0,0.312624,9971.0,0.33692,1.0
9991.0,0.467931,0.461251,0.478889,0.478889,13.159138,1.165327,1.167364,5.0,5.0,17.872638,0.0,1.0,0.0,0.0,0.312624,9981.0,0.334267,1.0
10001.0,0.467847,0.461166,0.4788,0.4788,13.158557,1.193079,1.194982,5.0,5.0,18.198609,0.0,1.0,0.0,0.0,0.312624,9991.0,0.332695,1.0
10011.0,0.467763,0.46108,0.478711,0.478711,13.157905,1.224506,1.226546,5.0,5.0,18.567729,0.0,1.0,0.0,0.0,0.312624,10001.0,0.33317,1.0
10021.0,0.46768,0.460995,0.478626,0.478626,13.158077,1.2141,1.215997,5.0,5.0,18.445468,0.0,1.0,0.0,0.0,0.313924,10011.0,0.342597,1.0
10031.0,0.467597,0.46091,0.478538,0.478538,13.158901,1.170463,1.172493,5.0,5.0,17.932832,0.0,1.0,0.0,0.0,0.313924,10021.0,0.350537,1.0
10041.0,0.467514,0.460826,0.478451,0.478451,13.159966,1.114552,1.116509,5.0,5.0,17.275916,0.0,1.0,0.0,0.0,0.313924,10031.0,0.340535,1.0
10051.0,0.467431,0.460741,0.478365,0.478365,13.159151,1.154642,1.156669,5.0,5.0,17.746903,0.0,1.0,0.0,0.0,0.313924,10041.0,0.338095,1.0
10061.0,0.467347,0.460655,0.478277,0.478277,13.158899,1.165619,1.167634,5.0,5.0,17.875825,0.0,1.0,0.0,0.0,0.313924,10051.0,0.327002,1.0
10071.0,0.467265,0.460572,0.478191,0.478191,13.158864,1.166238,1.168236,5.0,5.0,17.883074,0.0,1.0,0.0,0.0,0.313924,10061.0,0.338555,1.0
10081.0,0.467182,0.460487,0.478102,0.478102,13.15775,1.2213,1.223223,5.0,5.0,18.529833,0.0,1.0,0.0,0.0,0.315299,10071.0,0.346848,1.0
10091.0,0.467098,0.460402,0.478015,0.478015,13.158564,1.178112,1.180052,5.0,5.0,18.02249,0.0,1.0,0.0,0.0,0.315299,10081.0,0.330883,1.0
10101.0,0.467016,0.460318,0.477927,0.477927,13.158447,1.182778,1.184662,5.0,5.0,18.077272,0.0,1.0,0.0,0.0,0.315299,10091.0,0.329179,1.0
10111.0,0.466933,0.460233,0.477839,0.477839,13.158323,1.187368,1.189375,5.0,5.0,18.131159,0.0,1.0,0.0,0.0,0.315299,10101.0,0.333972,1.0
10121.0,0.466849,0.460147,0.477748,0.477748,13.158096,1.196967,1.198948,5.0,5.0,18.243868,0.0,1.0,0.0,0.0,0.315299,10111.0,0.335797,1.0
10131.0,0.466767,0.460063,0.477663,0.477663,13.157351,1.233866,1.235849,5.0,5.0,18.677261,0.0,1.0,0.0,0.0,0.315299,10121.0,0.329524,1.0
10141.0,0.466683,0.459978,0.477573,0.477573,13.159501,1.122108,1.124213,5.0,5.0,17.364379,0.0,1.0,0.0,0.0,0.316595,10131.0,0.342035,1.0
10151.0,0.466599,0.459892,0.477486,0.477486,13.158549,1.168646,1.170624,5.0,5.0,17.911075,0.0,1.0,0.0,0.0,0.316595,10141.0,0.327592,1.0
10161.0,0.466515,0.459806,0.477397,0.477397,13.159389,1.123901,1.12604,5.0,5.0,17.385368,0.0,1.0,0.0,0.0,0.316595,10151.0,0.334285,1.0
10171.0,0.466432,0.459721,0.47731,0.47731,13.157948,1.195764,1.197702,5.0,5.0,18.229561,0.0,1.0,0.0,0.0,0.316595,10161.0,0.334901,1.0
10181.0,0.466349,0.459636,0.477222,0.477222,13.15865,1.158232,1.160137,5.0,5.0,17.788626,0.0,1.0,0.0,0.0,0.316595,10171.0,0.342504,1.0
10191.0,0.466265,0.459551,0.477136,0.477136,13.158128,1.183152,1.185077,5.0,5.0,18.081338,0.0,1.0,0.0,0.0,0.316595,10181.0,0.334168,1.0
10201.0,0.466182,0.459466,0.477048,0.477048,13.157997,1.188253,1.190247,5.0,5.0,18.141227,0.0,1.0,0.0,0.0,0.316733,10191.0,0.331526,1.0
10211.0,0.466099,0.459381,0.476962,0.476962,13.158134,1.179639,1.181526,5.0,5.0,18.039999,0.0,1.0,0.0,0.0,0.316733,10201.0,0.338175,1.0
10221.0,0.466016,0.459297,0.476876,0.476876,13.158549,1.156794,1.158663,5.0,5.0,17.771603,0.0,1.0,0.0,0.0,0.316733,10211.0,0.330389,1.0
10231.0,0.465933,0.459212,0.476787,0.476787,13.157963,1.185036,1.187008,5.0,5.0,18.103332,0.0,1.0,0.0,0.0,0.316733,10221.0,0.344005,1.0
10241.0,0.46585,0.459127,0.476699,0.476699,13.158076,1.177643,1.179636,5.0,5.0,18.016458,0.0,1.0,0.0,0.0,0.316733,10231.0,0.329237,1.0
10251.0,0.465766,0.459041,0.476611,0.476611,13.157495,1.205504,1.20767,5.0,5.0,18.343686,0.0,1.0,0.0,0.0,0.316733,10241.0,0.341537,1.0
10261.0,0.465683,0.458956,0.476523,0.476523,13.158093,1.173228,1.175192,5.0,5.0,17.964522,0.0,1.0,0.0,0.0,0.318053,10251.0,0.334792,1.0
10271.0,0.4656,0.458872,0.476437,0.476437,13.158109,1.170928,1.172867,5.0,5.0,17.937475,0.0,1.0,0.0,0.0,0.318053,10261.0,0.342282,1.0
10281.0,0.465517,0.458787,0.476349,0.476349,13.158096,1.169865,1.17187,5.0,5.0,17.924945,0.0,1.0,0.0,0.0,0.318053,10271.0,0.326362,1.0
10291.0,0.465434,0.458702,0.476262,0.476262,13.158058,1.170194,1.172264,5.0,5.0,17.928783,0.0,1.0,0.0,0.0,0.318053,10281.0,0.338912,1.0
10301.0,0.46535,0.458616,0.476174,0.476174,13.157188,1.212665,1.214689,5.0,5.0,18.42761,0.0,1.0,0.0,0.0,0.318053,10291.0,0.336833,1.0
10311.0,0.465266,0.458531,0.476085,0.476085,13.157948,1.172119,1.174175,5.0,5.0,17.951315,0.0,1.0,0.0,0.0,0.318053,10301.0,0.33362,1.0
10321.0,0.465184,0.458447,0.476004,0.476004,13.158248,1.155325,1.157251,5.0,5.0,17.754002,0.0,1.0,0.0,0.0,0.319363,10311.0,0.338731,1.0
10331.0,0.4651,0.458361,0.475916,0.475916,13.158044,1.163899,1.165848,5.0,5.0,17.854684,0.0,1.0,0.0,0.0,0.319363,10321.0,0.339687,1.0
10341.0,0.465017,0.458277,0.475832,0.475832,13.157993,1.164911,1.167011,5.0,5.0,17.866545,0.0,1.0,0.0,0.0,0.319363,10331.0,0.34547,1.0
10351.0,0.464933,0.458191,0.475745,0.475745,13.158207,1.152154,1.154053,5.0,5.0,17.716652,0.0,1.0,0.0,0.0,0.319363,10341.0,0.331107,1.0
10361.0,0.464849,0.458105,0.475658,0.475658,13.157953,1.163103,1.1651,5.0,5.0,17.845224,0.0,1.0,0.0,0.0,0.319363,10351.0,0.336642,1.0
10371.0,0.464766,0.458021,0.47557,0.47557,13.157363,1.191604,1.193487,5.0,5.0,18.179978,0.0,1.0,0.0,0.0,0.319363,10361.0,0.329129,1.0
10381.0,0.464683,0.457936,0.475483,0.475483,13.157681,1.173796,1.175649,5.0,5.0,17.970774,0.0,1.0,0.0,0.0,0.320637,10371.0,0.339365,1.0
10391.0,0.4646,0.457851,0.475397,0.475397,13.158002,1.155874,1.157957,5.0,5.0,17.76021,0.0,1.0,0.0,0.0,0.320637,10381.0,0.346261,1.0
10401.0,0.464518,0.457767,0.475311,0.475311,13.15765,1.172476,1.174403,5.0,5.0,17.955212,0.0,1.0,0.0,0.0,0.320637,10391.0,0.336365,1.0
10411.0,0.464435,0.457682,0.475224,0.475224,13.15815,1.145314,1.147304,5.0,5.0,17.636094,0.0,1.0,0.0,0.0,0.320637,10401.0,0.336381,1.0
10421.0,0.464352,0.457598,0.475138,0.475138,13.1573,1.18703,1.189334,5.0,5.0,18.126088,0.0,1.0,0.0,0.0,0.320637,10411.0,0.329356,1.0
10431.0,0.464268,0.457512,0.475048,0.475048,13.156307,1.235699,1.237697,5.0,5.0,18.697676,0.0,1.0,0.0,0.0,0.320637,10421.0,0.336092,1.0
10441.0,0.464185,0.457428,0.474962,0.474962,13.157447,1.176242,1.178266,5.0,5.0,17.99931,0.0,1.0,0.0,0.0,0.32202,10431.0,0.340492,1.0
10451.0,0.464102,0.457342,0.474873,0.474873,13.157011,1.196544,1.198574,5.0,5.0,18.23773,0.0,1.0,0.0,0.0,0.32202,10441.0,0.331003,1.0
10461.0,0.464018,0.457257,0.474787,0.474787,13.157526,1.168516,1.170458,5.0,5.0,17.908484,0.0,1.0,0.0,0.0,0.32202,10451.0,0.33048,1.0
10471.0,0.463936,0.457173,0.4747,0.4747,13.157161,1.185715,1.187673,5.0,5.0,18.11047,0.0,1.0,0.0,0.0,0.32202,10461.0,0.339767,1.0
10481.0,0.463854,0.457089,0.474614,0.474614,13.157533,1.165415,1.167364,5.0,5.0,17.872,0.0,1.0,0.0,0.0,0.32202,10471.0,0.344976,1.0
10491.0,0.46377,0.457004,0.474528,0.474528,13.157708,1.154633,1.156753,5.0,5.0,17.745301,0.0,1.0,0.0,0.0,0.32202,10481.0,0.33392,1.0
10501.0,0.463687,0.45692,0.474442,0.474442,13.157018,1.188426,1.190538,5.0,5.0,18.14222,0.0,1.0,0.0,0.0,0.322289,10491.0,0.338994,1.0
10511.0,0.463605,0.456835,0.474356,0.474356,13.157955,1.139113,1.141178,5.0,5.0,17.562928,0.0,1.0,0.0,0.0,0.322289,10501.0,0.340731,1.0
10521.0,0.463522,0.45675,0.474267,0.474267,13.157458,1.162742,1.164643,5.0,5.0,17.840468,0.0,1.0,0.0,0.0,0.322289,10511.0,0.330719,1.0
10531.0,0.463438,0.456665,0.474183,0.474183,13.15658,1.205818,1.207711,5.0,5.0,18.34639,0.0,1.0,0.0,0.0,0.322289,10521.0,0.34672,1.0
10541.0,0.463355,0.45658,0.474096,0.474096,13.156494,1.208431,1.210556,5.0,5.0,18.377043,0.0,1.0,0.0,0.0,0.322289,10531.0,0.340464,1.0
10551.0,0.463272,0.456496,0.47401,0.47401,13.157062,1.177833,1.179782,5.0,5.0,18.017626,0.0,1.0,0.0,0.0,0.322289,10541.0,0.334072,1.0
10561.0,0.463189,0.456411,0.473925,0.473925,13.156876,1.185592,1.187693,5.0,5.0,18.10872,0.0,1.0,0.0,0.0,0.323587,10551.0,0.340529,1.0
10571.0,0.463105,0.456324,0.473834,0.473834,13.157402,1.156543,1.158642,5.0,5.0,17.767459,0.0,1.0,0.0,0.0,0.323587,10561.0,0.331992,1.0
10581.0,0.46302,0.456238,0.473749,0.473749,13.156343,1.208492,1.210349,5.0,5.0,18.377597,0.0,1.0,0.0,0.0,0.323587,10571.0,0.331143,1.0
10591.0,0.462937,0.456154,0.473662,0.473662,13.156363,1.205896,1.207981,5.0,5.0,18.347072,0.0,1.0,0.0,0.0,0.323587,10581.0,0.336075,1.0
10601.0,0.462853,0.456068,0.473575,0.473575,13.156894,1.176793,1.178868,5.0,5.0,18.005206,0.0,1.0,0.0,0.0,0.323587,10591.0,0.3269,1.0
10611.0,0.46277,0.455983,0.473488,0.473488,13.157148,1.161998,1.163979,5.0,5.0,17.831393,0.0,1.0,0.0,0.0,0.323587,10601.0,0.333762,1.0
10621.0,0.462685,0.455896,0.473399,0.473399,13.156625,1.186523,1.188524,5.0,5.0,18.119411,0.0,1.0,0.0,0.0,0.324643,10611.0,0.335893,1.0
10631.0,0.462602,0.455811,0.47331,0.47331,13.157897,1.119884,1.121783,5.0,5.0,17.3366,0.0,1.0,0.0,0.0,0.324643,10621.0,0.337469,1.0
10641.0,0.462519,0.455727,0.473226,0.473226,13.157045,1.161956,1.16402,5.0,5.0,17.830782,0.0,1.0,0.0,0.0,0.324643,10631.0,0.330861,1.0
10651.0,0.462437,0.455643,0.473144,0.473144,13.157276,1.148738,1.150523,5.0,5.0,17.67549,0.0,1.0,0.0,0.0,0.324643,10641.0,0.345407,1.0
10661.0,0.462352,0.455556,0.473056,0.473056,13.156931,1.1642,1.166305,5.0,5.0,17.857077,0.0,1.0,0.0,0.0,0.324643,10651.0,0.344241,1.0
10671.0,0.462269,0.455471,0.47297,0.47297,13.155483,1.236303,1.238237,5.0,5.0,18.703871,0.0,1.0,0.0,0.0,0.324643,10661.0,0.346279,1.0
10681.0,0.462186,0.455387,0.472884,0.472884,13.156644,1.175607,1.177684,5.0,5.0,17.990993,0.0,1.0,0.0,0.0,0.326013,10671.0,0.341407,1.0
10691.0,0.462102,0.455301,0.472797,0.472797,13.157447,1.13268,1.134637,5.0,5.0,17.486717,0.0,1.0,0.0,0.0,0.326013,10681.0,0.337601,1.0
10701.0,0.462018,0.455216,0.472709,0.472709,13.156463,1.181187,1.183187,5.0,5.0,18.056457,0.0,1.0,0.0,0.0,0.326013,10691.0,0.331958,1.0
10711.0,0.461935,0.455131,0.472623,0.472623,13.157176,1.143213,1.145311,5.0,5.0,17.61038,0.0,1.0,0.0,0.0,0.326013,10701.0,0.336679,1.0
10721.0,0.461852,0.455046,0.472537,0.472537,13.158005,1.099269,1.101225,5.0,5.0,17.094116,0.0,1.0,0.0,0.0,0.326013,10711.0,0.342179,1.0
10731.0,0.461768,0.45496,0.47245,0.47245,13.156056,1.196796,1.198699,5.0,5.0,18.239681,0.0,1.0,0.0,0.0,0.326013,10721.0,0.342427,1.0
10741.0,0.461684,0.454874,0.472364,0.472364,13.156335,1.180387,1.182273,5.0,5.0,18.046907,0.0,1.0,0.0,0.0,0.32722,10731.0,0.338538,1.0
10751.0,0.461601,0.45479,0.472281,0.472281,13.155827,1.204945,1.207047,5.0,5.0,18.335306,0.0,1.0,0.0,0.0,0.32722,10741.0,0.337955,1.0
10761.0,0.461518,0.454705,0.472192,0.472192,13.156933,1.146786,1.148695,5.0,5.0,17.652176,0.0,1.0,0.0,0.0,0.32722,10751.0,0.334635,1.0
10771.0,0.461434,0.45462,0.472105,0.472105,13.155738,1.206098,1.207961,5.0,5.0,18.348783,0.0,1.0,0.0,0.0,0.32722,10761.0,0.346126,1.0
10781.0,0.461351,0.454534,0.472018,0.472018,13.156151,1.183318,1.185575,5.0,5.0,18.081194,0.0,1.0,0.0,0.0,0.32722,10771.0,0.33094,1.0
10791.0,0.461269,0.454451,0.471933,0.471933,13.156283,1.175521,1.17756,5.0,5.0,17.989599,0.0,1.0,0.0,0.0,0.32722,10781.0,0.333582,1.0
10801.0,0.461186,0.454366,0.471846,0.471846,13.156089,1.183844,1.185762,5.0,5.0,18.087318,0.0,1.0,0.0,0.0,0.327623,10791.0,0.341502,1.0
10811.0,0.461104,0.454282,0.47176,0.47176,13.1569,1.140944,1.142798,5.0,5.0,17.583406,0.0,1.0,0.0,0.0,0.327623,10801.0,0.338619,1.0
10821.0,0.46102,0.454196,0.471669,0.471669,13.156761,1.146037,1.148176,5.0,5.0,17.643182,0.0,1.0,0.0,0.0,0.327623,10811.0,0.332757,1.0
10831.0,0.460937,0.454111,0.471581,0.471581,13.155558,1.205854,1.207919,5.0,5.0,18.34571,0.0,1.0,0.0,0.0,0.327623,10821.0,0.327366,1.0
10841.0,0.460852,0.454025,0.471492,0.471492,13.155055,1.229394,1.231426,5.0,5.0,18.622113,0.0,1.0,0.0,0.0,0.327623,10831.0,0.330277,1.0
10851.0,0.460769,0.45394,0.471408,0.471408,13.156083,1.175341,1.177144,5.0,5.0,17.987274,0.0,1.0,0.0,0.0,0.327623,10841.0,0.325092,1.0
10861.0,0.460685,0.453855,0.471323,0.471323,13.155373,1.209689,1.211678,5.0,5.0,18.390633,0.0,1.0,0.0,0.0,0.328837,10851.0,0.348846,1.0
10871.0,0.460601,0.453769,0.471237,0.471237,13.15642,1.154271,1.156296,5.0,5.0,17.739716,0.0,1.0,0.0,0.0,0.328837,10861.0,0.343319,1.0
10881.0,0.460518,0.453684,0.471153,0.471153,13.155457,1.201621,1.203766,5.0,5.0,18.295796,0.0,1.0,0.0,0.0,0.328837,10871.0,0.335584,1.0
10891.0,0.460433,0.453597,0.471064,0.471064,13.155891,1.177382,1.179491,5.0,5.0,18.011079,0.0,1.0,0.0,0.0,0.328837,10881.0,0.336164,1.0
10901.0,0.46035,0.453512,0.470979,0.470979,13.155864,1.177041,1.179055,5.0,5.0,18.007039,0.0,1.0,0.0,0.0,0.328837,10891.0,0.340126,1.0
10911.0,0.460266,0.453427,0.470893,0.470893,13.155324,1.202818,1.204825,5.0,5.0,18.309739,0.0,1.0,0.0,0.0,0.328837,10901.0,0.330338,1.0
10921.0,0.460184,0.453343,0.470808,0.470808,13.157422,1.094422,1.096408,5.0,5.0,17.03651,0.0,1.0,0.0,0.0,0.330073,10911.0,0.344913,1.0
10931.0,0.460099,0.453256,0.470721,0.470721,13.154814,1.225358,1.227418,5.0,5.0,18.57437,0.0,1.0,0.0,0.0,0.330073,10921.0,0.324443,1.0
10941.0,0.460016,0.453171,0.470638,0.470638,13.156028,1.161827,1.163771,5.0,5.0,17.828213,0.0,1.0,0.0,0.0,0.330073,10931.0,0.340269,1.0
10951.0,0.459931,0.453085,0.470551,0.470551,13.15452,1.236698,1.238735,5.0,5.0,18.707451,0.0,1.0,0.0,0.0,0.330073,10941.0,0.341944,1.0
10961.0,0.459848,0.453,0.470465,0.470465,13.156231,1.147782,1.149796,5.0,5.0,17.663174,0.0,1.0,0.0,0.0,0.330073,10951.0,0.33774,1.0
10971.0,0.459765,0.452916,0.470381,0.470381,13.155701,1.17339,1.175462,5.0,5.0,17.96392,0.0,1.0,0.0,0.0,0.330073,10961.0,0.342161,1.0
10981.0,0.459682,0.452831,0.470294,0.470294,13.154919,1.211763,1.214003,5.0,5.0,18.414543,0.0,1.0,0.0,0.0,0.331409,10971.0,0.336931,1.0
10991.0,0.4596,0.452746,0.470207,0.470207,13.156923,1.107943,1.110051,5.0,5.0,17.195115,0.0,1.0,0.0,0.0,0.331409,10981.0,0.337542,1.0
11001.0,0.459516,0.452661,0.470121,0.470121,13.15589,1.159018,1.160947,5.0,5.0,17.795017,0.0,1.0,0.0,0.0,0.331409,10991.0,0.337989,1.0
11011.0,0.459433,0.452576,0.470035,0.470035,13.155702,1.166921,1.168942,5.0,5.0,17.887803,0.0,1.0,0.0,0.0,0.331409,11001.0,0.336041,1.0
11021.0,0.45935,0.452492,0.469948,0.469948,13.156062,1.147027,1.149069,5.0,5.0,17.654113,0.0,1.0,0.0,0.0,0.331409,11011.0,0.339977,1.0
11031.0,0.459266,0.452406,0.469864,0.469864,13.156007,1.148077,1.150087,5.0,5.0,17.666414,0.0,1.0,0.0,0.0,0.331409,11021.0,0.328698,1.0
11041.0,0.459183,0.452321,0.469777,0.469777,13.155044,1.19547,1.197702,5.0,5.0,18.222994,0.0,1.0,0.0,0.0,0.332755,11031.0,0.339162,1.0
11051.0,0.4591,0.452236,0.46969,0.46969,13.155746,1.157973,1.159909,5.0,5.0,17.782572,0.0,1.0,0.0,0.0,0.332755,11041.0,0.334212,1.0
11061.0,0.459016,0.452151,0.469605,0.469605,13.155232,1.182412,1.184309,5.0,5.0,18.069572,0.0,1.0,0.0,0.0,0.332755,11051.0,0.342411,1.0
11071.0,0.458934,0.452067,0.469521,0.469521,13.155815,1.151363,1.153222,5.0,5.0,17.704874,0.0,1.0,0.0,0.0,0.332755,11061.0,0.337544,1.0
11081.0,0.45885,0.451982,0.469435,0.469435,13.155304,1.175707,1.177788,5.0,5.0,17.990759,0.0,1.0,0.0,0.0,0.332755,11071.0,0.341938,1.0
11091.0,0.458767,0.451897,0.469349,0.469349,13.155531,1.162491,1.164373,5.0,5.0,17.835504,0.0,1.0,0.0,0.0,0.332755,11081.0,0.334295,1.0
11101.0,0.458683,0.451811,0.469262,0.469262,13.155406,1.167049,1.169067,5.0,5.0,17.889002,0.0,1.0,0.0,0.0,0.333007,11091.0,0.337065,1.0
11111.0,0.458599,0.451725,0.469176,0.469176,13.154274,1.222899,1.224905,5.0,5.0,18.54485,0.0,1.0,0.0,0.0,0.333007,11101.0,0.345177,1.0
11121.0,0.458516,0.45164,0.46909,0.46909,13.154331,1.218235,1.220316,5.0,5.0,18.490041,0.0,1.0,0.0,0.0,0.333007,11110.0,0.326465,1.0
11131.0,0.458432,0.451554,0.469003,0.469003,13.154089,1.22854,1.230574,5.0,5.0,18.611002,0.0,1.0,0.0,0.0,0.333007,11120.0,0.339262,1.0
11141.0,0.458348,0.451469,0.468918,0.468918,13.154096,1.226551,1.228519,5.0,5.0,18.587619,0.0,1.0,0.0,0.0,0.333007,11130.0,0.326325,1.0
11151.0,0.458264,0.451383,0.468832,0.468832,13.155019,1.177481,1.179491,5.0,5.0,18.011335,0.0,1.0,0.0,0.0,0.333007,11140.0,0.343875,1.0
11161.0,0.45818,0.451297,0.468745,0.468745,13.154774,1.187985,1.189998,5.0,5.0,18.134644,0.0,1.0,0.0,0.0,0.334194,11150.0,0.338235,1.0
11171.0,0.458097,0.451213,0.468658,0.468658,13.155581,1.145287,1.147242,5.0,5.0,17.633151,0.0,1.0,0.0,0.0,0.334194,11160.0,0.328906,1.0
11181.0,0.458013,0.451127,0.468572,0.468572,13.154476,1.199721,1.201648,5.0,5.0,18.272396,0.0,1.0,0.0,0.0,0.334194,11170.0,0.332133,1.0
11191.0,0.457929,0.451041,0.468485,0.468485,13.15548,1.14659,1.148779,5.0,5.0,17.648378,0.0,1.0,0.0,0.0,0.334194,11180.0,0.341468,1.0
11201.0,0.457845,0.450956,0.468401,0.468401,13.154737,1.182748,1.184786,5.0,5.0,18.072995,0.0,1.0,0.0,0.0,0.334194,11190.0,0.32806,1.0
11211.0,0.457761,0.45087,0.468316,0.468316,13.153892,1.224068,1.22611,5.0,5.0,18.558181,0.0,1.0,0.0,0.0,0.334194,11200.0,0.336272,1.0
11221.0,0.457678,0.450785,0.468229,0.468229,13.154213,1.205898,1.20794,5.0,5.0,18.344776,0.0,1.0,0.0,0.0,0.335442,11210.0,0.346046,1.0
11231.0,0.457594,0.450699,0.468142,0.468142,13.155995,1.113144,1.115159,5.0,5.0,17.25539,0.0,1.0,0.0,0.0,0.335442,11220.0,0.344196,1.0
11241.0,0.457509,0.450613,0.468056,0.468056,13.154009,1.212482,1.214502,5.0,5.0,18.422011,0.0,1.0,0.0,0.0,0.335442,11230.0,0.339032,1.0
11251.0,0.457426,0.450527,0.467971,0.467971,13.154676,1.176686,1.178743,5.0,5.0,18.001612,0.0,1.0,0.0,0.0,0.335442,11240.0,0.333042,1.0
11261.0,0.457342,0.450442,0.467886,0.467886,13.154805,1.168495,1.170541,5.0,5.0,17.905382,0.0,1.0,0.0,0.0,0.335442,11250.0,0.335561,1.0
11271.0,0.457259,0.450357,0.467799,0.467799,13.154021,1.207004,1.208999,5.0,5.0,18.357582,0.0,1.0,0.0,0.0,0.335442,11260.0,0.339512,1.0
11281.0,0.457176,0.450272,0.467715,0.467715,13.154528,1.17953,1.181443,5.0,5.0,18.034917,0.0,1.0,0.0,0.0,0.336762,11270.0,0.339163,1.0
11291.0,0.457094,0.450188,0.467631,0.467631,13.155377,1.13492,1.136963,5.0,5.0,17.510973,0.0,1.0,0.0,0.0,0.336762,11280.0,0.334737,1.0
11301.0,0.457011,0.450104,0.467548,0.467548,13.154201,1.193503,1.195418,5.0,5.0,18.198951,0.0,1.0,0.0,0.0,0.336762,11290.0,0.336225,1.0
11311.0,0.456926,0.450017,0.467459,0.467459,13.155293,1.135701,1.137856,5.0,5.0,17.520072,0.0,1.0,0.0,0.0,0.336762,11300.0,0.340134,1.0
11321.0,0.456842,0.449932,0.467374,0.467374,13.153318,1.234645,1.2367,5.0,5.0,18.681968,0.0,1.0,0.0,0.0,0.336762,11310.0,0.334702,1.0
11331.0,0.45676,0.449848,0.467291,0.467291,13.155289,1.132784,1.134782,5.0,5.0,17.485749,0.0,1.0,0.0,0.0,0.336762,11320.0,0.340776,1.0
11341.0,0.456677,0.449763,0.467207,0.467207,13.154492,1.171966,1.173905,5.0,5.0,17.945889,0.0,1.0,0.0,0.0,0.338176,11330.0,0.33934,1.0
11351.0,0.456593,0.449678,0.467125,0.467125,13.154152,1.18758,1.189541,5.0,5.0,18.129219,0.0,1.0,0.0,0.0,0.338176,11340.0,0.334611,1.0
11361.0,0.45651,0.449593,0.467038,0.467038,13.154079,1.189661,1.191597,5.0,5.0,18.153626,0.0,1.0,0.0,0.0,0.338176,11350.0,0.34075,1.0
11371.0,0.456427,0.449507,0.466951,0.466951,13.154959,1.143024,1.144833,5.0,5.0,17.605888,0.0,1.0,0.0,0.0,0.338176,11360.0,0.340824,1.0
11381.0,0.456342,0.449421,0.466864,0.466864,13.154406,1.169052,1.171081,5.0,5.0,17.911519,0.0,1.0,0.0,0.0,0.338176,11370.0,0.335561,1.0
11391.0,0.456259,0.449336,0.466783,0.466783,13.154512,1.162224,1.164187,5.0,5.0,17.831305,0.0,1.0,0.0,0.0,0.338176,11380.0,0.328349,1.0
11401.0,0.456176,0.449251,0.466696,0.466696,13.153814,1.196108,1.198035,5.0,5.0,18.229188,0.0,1.0,0.0,0.0,0.338378,11390.0,0.333519,1.0
11411.0,0.456092,0.449165,0.466612,0.466612,13.154489,1.159722,1.161799,5.0,5.0,17.801846,0.0,1.0,0.0,0.0,0.338378,11400.0,0.34169,1.0
11421.0,0.456008,0.44908,0.466528,0.466528,13.153626,1.202153,1.204285,5.0,5.0,18.300088,0.0,1.0,0.0,0.0,0.338378,11410.0,0.329137,1.0
11431.0,0.455924,0.448994,0.466442,0.466442,13.153308,1.216326,1.218302,5.0,5.0,18.466465,0.0,1.0,0.0,0.0,0.338378,11420.0,0.331101,1.0
11441.0,0.45584,0.448909,0.466353,0.466353,13.153834,1.187826,1.190081,5.0,5.0,18.131779,0.0,1.0,0.0,0.0,0.338378,11430.0,0.339622,1.0
11451.0,0.455758,0.448825,0.466269,0.466269,13.153997,1.178186,1.18028,5.0,5.0,18.018551,0.0,1.0,0.0,0.0,0.338378,11440.0,0.337441,1.0
11461.0,0.455675,0.44874,0.466188,0.466188,13.153805,1.18638,1.188358,5.0,5.0,18.114738,0.0,1.0,0.0,0.0,0.339696,11450.0,0.337687,1.0
11471.0,0.455592,0.448655,0.466103,0.466103,13.153335,1.20893,1.210805,5.0,5.0,18.379499,0.0,1.0,0.0,0.0,0.339696,11460.0,0.339964,1.0
11481.0,0.455508,0.44857,0.466016,0.466016,13.153636,1.191648,1.193819,5.0,5.0,18.176522,0.0,1.0,0.0,0.0,0.339696,11470.0,0.343587,1.0
11491.0,0.455424,0.448484,0.465928,0.465928,13.153367,1.203509,1.205614,5.0,5.0,18.315765,0.0,1.0,0.0,0.0,0.339696,11479.0,0.340644,1.0
11501.0,0.455341,0.448399,0.465844,0.465844,13.15427,1.156028,1.157998,5.0,5.0,17.758162,0.0,1.0,0.0,0.0,0.339696,11489.0,0.333534,1.0
11511.0,0.45526,0.448316,0.465761,0.465761,13.154125,1.162338,1.164311,5.0,5.0,17.832245,0.0,1.0,0.0,0.0,0.339696,11499.0,0.340027,1.0
11521.0,0.455176,0.448231,0.465678,0.465678,13.154003,1.166852,1.169087,5.0,5.0,17.885219,0.0,1.0,0.0,0.0,0.341105,11509.0,0.339116,1.0
11531.0,0.455094,0.448147,0.465595,0.465595,13.15376,1.177975,1.179968,5.0,5.0,18.015819,0.0,1.0,0.0,0.0,0.341105,11519.0,0.337298,1.0
11541.0,0.45501,0.448062,0.46551,0.46551,13.153746,1.176926,1.178764,5.0,5.0,18.003458,0.0,1.0,0.0,0.0,0.341105,11529.0,0.33779,1.0
11551.0,0.454927,0.447977,0.465426,0.465426,13.15385,1.169965,1.171808,5.0,5.0,17.921677,0.0,1.0,0.0,0.0,0.341105,11539.0,0.333639,1.0
11561.0,0.454843,0.447891,0.465341,0.465341,13.152773,1.223081,1.22503,5.0,5.0,18.545341,0.0,1.0,0.0,0.0,0.341105,11549.0,0.342931,1.0
11571.0,0.45476,0.447806,0.465256,0.465256,13.153624,1.177948,1.179865,5.0,5.0,18.01535,0.0,1.0,0.0,0.0,0.341105,11559.0,0.336509,1.0
11581.0,0.454677,0.447722,0.465171,0.465171,13.154375,1.138096,1.139995,5.0,5.0,17.547324,0.0,1.0,0.0,0.0,0.342434,11569.0,0.323822,1.0
11591.0,0.454593,0.447636,0.465084,0.465084,13.154482,1.130609,1.132664,5.0,5.0,17.459352,0.0,1.0,0.0,0.0,0.342434,11579.0,0.323794,1.0
11601.0,0.45451,0.447551,0.465,0.465,13.154353,1.135637,1.137669,5.0,5.0,17.518372,0.0,1.0,0.0,0.0,0.342434,11589.0,0.336575,1.0
11611.0,0.454427,0.447466,0.464917,0.464917,13.153814,1.161643,1.163751,5.0,5.0,17.823751,0.0,1.0,0.0,0.0,0.342434,11599.0,0.337515,1.0
11621.0,0.454343,0.447381,0.464834,0.464834,13.152807,1.211091,1.213152,5.0,5.0,18.404345,0.0,1.0,0.0,0.0,0.342434,11609.0,0.333082,1.0
11631.0,0.45426,0.447296,0.464753,0.464753,13.152625,1.218847,1.220877,5.0,5.0,18.495383,0.0,1.0,0.0,0.0,0.342434,11619.0,0.338525,1.0
11641.0,0.454176,0.44721,0.464666,0.464666,13.153134,1.190911,1.192947,5.0,5.0,18.167325,0.0,1.0,0.0,0.0,0.343685,11629.0,0.341135,1.0
11651.0,0.454092,0.447124,0.464577,0.464577,13.153196,1.185507,1.187423,5.0,5.0,18.103825,0.0,1.0,0.0,0.0,0.343685,11639.0,0.333913,1.0
11661.0,0.454009,0.447039,0.464493,0.464493,13.154368,1.124328,1.126352,5.0,5.0,17.385346,0.0,1.0,0.0,0.0,0.343685,11649.0,0.345677,1.0
11671.0,0.453925,0.446954,0.464408,0.464408,13.153049,1.189886,1.191826,5.0,5.0,18.15518,0.0,1.0,0.0,0.0,0.343685,11659.0,0.334685,1.0
11681.0,0.453842,0.446869,0.464322,0.464322,13.153448,1.167858,1.169835,5.0,5.0,17.896479,0.0,1.0,0.0,0.0,0.343685,11669.0,0.340622,1.0
11691.0,0.453759,0.446784,0.464238,0.464238,13.153703,1.153247,1.155091,5.0,5.0,17.724861,0.0,1.0,0.0,0.0,0.343685,11679.0,0.340038,1.0
11701.0,0.453675,0.446698,0.464151,0.464151,13.153704,1.15118,1.153326,5.0,5.0,17.700547,0.0,1.0,0.0,0.0,0.343882,11689.0,0.332035,1.0
11711.0,0.453593,0.446614,0.464069,0.464069,13.154877,1.090004,1.092151,5.0,5.0,16.98205,0.0,1.0,0.0,0.0,0.343882,11699.0,0.327694,1.0
11721.0,0.453509,0.446529,0.463986,0.463986,13.154226,1.121651,1.123569,5.0,5.0,17.353708,0.0,1.0,0.0,0.0,0.343882,11709.0,0.327201,1.0
11731.0,0.453426,0.446444,0.463901,0.463901,13.152759,1.194781,1.196789,5.0,5.0,18.212445,0.0,1.0,0.0,0.0,0.343882,11719.0,0.339222,1.0
11741.0,0.453344,0.44636,0.463817,0.463817,13.153489,1.156278,1.158185,5.0,5.0,17.760299,0.0,1.0,0.0,0.0,0.343882,11729.0,0.335545,1.0
11751.0,0.45326,0.446275,0.46373,0.46373,13.153309,1.163636,1.165723,5.0,5.0,17.846671,0.0,1.0,0.0,0.0,0.343882,11739.0,0.339345,1.0
11761.0,0.453177,0.44619,0.463649,0.463649,13.153624,1.146075,1.147906,5.0,5.0,17.64042,0.0,1.0,0.0,0.0,0.345283,11749.0,0.332325,1.0
11771.0,0.453094,0.446105,0.463565,0.463565,13.152757,1.188615,1.19058,5.0,5.0,18.139919,0.0,1.0,0.0,0.0,0.345283,11759.0,0.337662,1.0
11781.0,0.45301,0.446019,0.463478,0.463478,13.153059,1.17101,1.17295,5.0,5.0,17.933147,0.0,1.0,0.0,0.0,0.345283,11769.0,0.343014,1.0
11791.0,0.452926,0.445934,0.463394,0.463394,13.153034,1.170476,1.172638,5.0,5.0,17.926842,0.0,1.0,0.0,0.0,0.345283,11779.0,0.334315,1.0
11801.0,0.452842,0.445848,0.46331,0.46331,13.15215,1.213778,1.215768,5.0,5.0,18.435243,0.0,1.0,0.0,0.0,0.345283,11789.0,0.348205,1.0
11811.0,0.452759,0.445764,0.463228,0.463228,13.153501,1.143297,1.145248,5.0,5.0,17.607611,0.0,1.0,0.0,0.0,0.345283,11799.0,0.331057,1.0
11821.0,0.452677,0.445679,0.463145,0.463145,13.153034,1.165689,1.1678,5.0,5.0,17.870531,0.0,1.0,0.0,0.0,0.346582,11809.0,0.335405,1.0
11831.0,0.452594,0.445595,0.46306,0.46306,13.15384,1.123292,1.12523,5.0,5.0,17.372625,0.0,1.0,0.0,0.0,0.346582,11819.0,0.340763,1.0
11841.0,0.45251,0.44551,0.462976,0.462976,13.152559,1.186706,1.188815,5.0,5.0,18.117251,0.0,1.0,0.0,0.0,0.346582,11829.0,0.33212,1.0
11851.0,0.452427,0.445424,0.462891,0.462891,13.153276,1.148228,1.15017,5.0,5.0,17.66538,0.0,1.0,0.0,0.0,0.346582,11839.0,0.332676,1.0
11861.0,0.452343,0.445339,0.462808,0.462808,13.153566,1.131666,1.133537,5.0,5.0,17.470861,0.0,1.0,0.0,0.0,0.346582,11849.0,0.335854,1.0
11871.0,0.452258,0.445252,0.462721,0.462721,13.152372,1.190177,1.191992,5.0,5.0,18.157876,0.0,1.0,0.0,0.0,0.346582,11859.0,0.33746,1.0
11881.0,0.452174,0.445166,0.462633,0.462633,13.151962,1.209091,1.211138,5.0,5.0,18.379908,0.0,1.0,0.0,0.0,0.347771,11869.0,0.323557,1.0
11891.0,0.45209,0.44508,0.462546,0.462546,13.152075,1.20147,1.203558,5.0,5.0,18.290394,0.0,1.0,0.0,0.0,0.347771,11879.0,0.345306,1.0
11901.0,0.452006,0.444995,0.462462,0.462462,13.152469,1.179644,1.181526,5.0,5.0,18.034087,0.0,1.0,0.0,0.0,0.347771,11889.0,0.333983,1.0
11911.0,0.451924,0.444911,0.462378,0.462378,13.151922,1.206226,1.208355,5.0,5.0,18.346165,0.0,1.0,0.0,0.0,0.347771,11899.0,0.332342,1.0
11921.0,0.45184,0.444825,0.462293,0.462293,13.152235,1.188508,1.190517,5.0,5.0,18.138104,0.0,1.0,0.0,0.0,0.347771,11909.0,0.338481,1.0
11931.0,0.451757,0.444741,0.462209,0.462209,13.152173,1.190083,1.192013,5.0,5.0,18.156565,0.0,1.0,0.0,0.0,0.347771,11919.0,0.345575,1.0
11941.0,0.451673,0.444655,0.462125,0.462125,13.151493,1.222983,1.224822,5.0,5.0,18.542792,0.0,1.0,0.0,0.0,0.349128,11929.0,0.341001,1.0
11951.0,0.45159,0.44457,0.462038,0.462038,13.153894,1.098646,1.100457,5.0,5.0,17.082753,0.0,1.0,0.0,0.0,0.349128,11939.0,0.335178,1.0
11961.0,0.451506,0.444484,0.461954,0.461954,13.151985,1.194281,1.196228,5.0,5.0,18.205734,0.0,1.0,0.0,0.0,0.349128,11949.0,0.343316,1.0
11971.0,0.451422,0.444399,0.461866,0.461866,13.152799,1.150947,1.152869,5.0,5.0,17.696885,0.0,1.0,0.0,0.0,0.349128,11959.0,0.337041,1.0
11981.0,0.451339,0.444314,0.461781,0.461781,13.153255,1.126059,1.12793,5.0,5.0,17.40459,0.0,1.0,0.0,0.0,0.349128,11969.0,0.347433,1.0
11991.0,0.451256,0.444229,0.461697,0.461697,13.152137,1.181421,1.183249,5.0,5.0,18.054642,0.0,1.0,0.0,0.0,0.349128,11979.0,0.327014,1.0
12001.0,0.451172,0.444144,0.461614,0.461614,13.152496,1.161434,1.163439,5.0,5.0,17.819915,0.0,1.0,0.0,0.0,0.349332,11989.0,0.336362,1.0
12011.0,0.451089,0.444058,0.461528,0.461528,13.152016,1.184194,1.186177,5.0,5.0,18.087127,0.0,1.0,0.0,0.0,0.349332,11999.0,0.335838,1.0
12021.0,0.451006,0.443974,0.461446,0.461446,13.152728,1.146437,1.148342,5.0,5.0,17.643758,0.0,1.0,0.0,0.0,0.349332,12009.0,0.342187,1.0
12031.0,0.450923,0.443889,0.461363,0.461363,13.152276,1.16791,1.169773,5.0,5.0,17.895865,0.0,1.0,0.0,0.0,0.349332,12019.0,0.336459,1.0
12041.0,0.450839,0.443803,0.461277,0.461277,13.152497,1.154773,1.15669,5.0,5.0,17.741574,0.0,1.0,0.0,0.0,0.349332,12029.0,0.330067,1.0
12051.0,0.450756,0.443718,0.461191,0.461191,13.152782,1.138547,1.140431,5.0,5.0,17.550998,0.0,1.0,0.0,0.0,0.349332,12039.0,0.34105,1.0
12061.0,0.450656,0.443617,0.461104,0.461104,13.110354,3.296636,3.298457,5.0,5.0,18.073521,24.608378,1.0,1.0,1.0,0.350638,12049.0,-2.351474,1.0
12071.0,0.45039,0.443345,0.460778,0.460778,13.100429,3.733499,3.735262,5.0,5.0,17.742627,30.0,1.0,1.0,1.0,0.350638,12059.0,0.326739,1.0
12081.0,0.450124,0.443074,0.460447,0.460447,13.098244,3.778626,3.780552,5.0,5.0,18.263944,30.0,1.0,1.0,1.0,0.350638,12069.0,0.338161,1.0
12091.0,0.449858,0.442803,0.460118,0.460118,13.097101,3.773417,3.775195,5.0,5.0,18.199067,30.0,1.0,1.0,1.0,0.350638,12079.0,0.333655,1.0
12101.0,0.449592,0.442531,0.459785,0.459785,13.097028,3.716502,3.718214,5.0,5.0,17.532175,30.0,1.0,1.0,1.0,0.350638,12089.0,0.335589,1.0
12111.0,0.449326,0.44226,0.459457,0.459457,13.095434,3.739883,3.741658,5.0,5.0,17.800711,30.0,1.0,1.0,1.0,0.350638,12099.0,0.334386,1.0
12121.0,0.449058,0.441988,0.459127,0.459127,13.094093,3.752486,3.754346,5.0,5.0,17.94381,30.0,1.0,1.0,1.0,0.35051,12109.0,0.348583,1.0
12131.0,0.448792,0.441716,0.458797,0.458797,13.093193,3.74547,3.747306,5.0,5.0,17.858634,30.0,1.0,1.0,1.0,0.35051,12119.0,0.332868,1.0
12141.0,0.448527,0.441445,0.45847,0.45847,13.092764,3.71685,3.718691,5.0,5.0,17.522087,30.0,1.0,1.0,1.0,0.35051,12129.0,0.341819,1.0
12151.0,0.448259,0.441173,0.458139,0.458139,13.090737,3.771526,3.77316,5.0,5.0,18.155454,30.0,1.0,1.0,1.0,0.35051,12139.0,0.335789,1.0
12161.0,0.447993,0.440901,0.45781,0.45781,13.090315,3.746565,3.748345,5.0,5.0,17.861816,30.0,1.0,1.0,1.0,0.35051,12149.0,0.339378,1.0
12171.0,0.447727,0.44063,0.457485,0.457485,13.088991,3.7698,3.771478,5.0,5.0,18.12936,30.0,1.0,1.0,1.0,0.35051,12159.0,0.330215,1.0
12181.0,0.447461,0.440359,0.457156,0.457156,13.088912,3.731444,3.733269,5.0,5.0,17.680107,30.0,1.0,1.0,1.0,0.350409,12169.0,0.335041,1.0
12191.0,0.447194,0.440086,0.456828,0.456828,13.086433,3.817016,3.818802,5.0,5.0,18.673319,30.0,1.0,1.0,1.0,0.350409,12179.0,0.328319,1.0
12201.0,0.446926,0.439814,0.456497,0.456497,13.086473,3.775669,3.777396,5.0,5.0,18.189559,30.0,1.0,1.0,1.0,0.350409,12189.0,0.327822,1.0
12211.0,0.44666,0.439542,0.456167,0.456167,13.0865,3.736866,3.73873,5.0,5.0,17.735515,30.0,1.0,1.0,1.0,0.350409,12199.0,0.325972,1.0
12221.0,0.446393,0.439271,0.455841,0.455841,13.085509,3.751707,3.753494,5.0,5.0,17.90588,30.0,1.0,1.0,1.0,0.350409,12209.0,0.334796,1.0
12231.0,0.446127,0.438999,0.455514,0.455514,13.08543,3.721547,3.723405,5.0,5.0,17.552673,30.0,1.0,1.0,1.0,0.350409,12219.0,0.328685,1.0
12241.0,0.445861,0.438727,0.455187,0.455187,13.083814,3.771053,3.772744,5.0,5.0,18.126566,30.0,1.0,1.0,1.0,0.350248,12229.0,0.334288,1.0
12251.0,0.445594,0.438456,0.454861,0.454861,13.084262,3.716677,3.718463,5.0,5.0,17.491801,30.0,1.0,1.0,1.0,0.350248,12239.0,0.334434,1.0
12261.0,0.445328,0.438184,0.454535,0.454535,13.082904,3.755499,3.757274,5.0,5.0,17.941515,30.0,1.0,1.0,1.0,0.350248,12249.0,0.336605,1.0
12271.0,0.445061,0.437912,0.45421,0.45421,13.081497,3.798262,3.800113,5.0,5.0,18.437064,30.0,1.0,1.0,1.0,0.350248,12259.0,0.329848,1.0
12281.0,0.444794,0.43764,0.453885,0.453885,13.081496,3.770281,3.772121,5.0,5.0,18.109721,30.0,1.0,1.0,1.0,0.350248,12269.0,0.333437,1.0
12291.0,0.444528,0.437368,0.453561,0.453561,13.081824,3.72662,3.728555,5.0,5.0,17.600025,30.0,1.0,1.0,1.0,0.350248,12279.0,0.33299,1.0
12301.0,0.444261,0.437097,0.453238,0.453238,13.081666,3.708882,3.710717,5.0,5.0,17.391969,30.0,1.0,1.0,1.0,0.349033,12289.0,0.327033,1.0
12311.0,0.443995,0.436825,0.452916,0.452916,13.081326,3.701598,3.703345,5.0,5.0,17.305639,30.0,1.0,1.0,1.0,0.349033,12299.0,0.337472,1.0
12321.0,0.443728,0.436553,0.452591,0.452591,13.080321,3.72888,3.730528,5.0,5.0,17.621451,30.0,1.0,1.0,1.0,0.349033,12309.0,0.337248,1.0
12331.0,0.443462,0.436282,0.452267,0.452267,13.079976,3.723547,3.725378,5.0,5.0,17.557919,30.0,1.0,1.0,1.0,0.349033,12319.0,0.33383,1.0
12341.0,0.443195,0.436009,0.451944,0.451944,13.077676,3.818485,3.820214,5.0,5.0,18.660606,30.0,1.0,1.0,1.0,0.349033,12329.0,0.333283,1.0
12351.0,0.442927,0.435737,0.45162,0.45162,13.077872,3.786944,3.78863,5.0,5.0,18.292382,30.0,1.0,1.0,1.0,0.349033,12339.0,0.325666,1.0
12361.0,0.442661,0.435465,0.451296,0.451296,13.079072,3.705401,3.707208,5.0,5.0,17.342653,30.0,1.0,1.0,1.0,0.348912,12349.0,0.330395,1.0
12371.0,0.442394,0.435193,0.450981,0.450981,13.077461,3.767642,3.769588,5.0,5.0,18.065248,30.0,1.0,1.0,1.0,0.348912,12358.0,0.328285,1.0
12381.0,0.442128,0.434922,0.450661,0.450661,13.076047,3.820963,3.822769,5.0,5.0,18.684026,30.0,1.0,1.0,1.0,0.348912,12368.0,0.339184,1.0
12391.0,0.441861,0.43465,0.450338,0.450338,13.076771,3.765384,3.767054,5.0,5.0,18.036512,30.0,1.0,1.0,1.0,0.348912,12378.0,0.333474,1.0
12401.0,0.441595,0.434378,0.450016,0.450016,13.076409,3.766145,3.767927,5.0,5.0,18.044202,30.0,1.0,1.0,1.0,0.348912,12388.0,0.333027,1.0
12411.0,0.441329,0.434106,0.449694,0.449694,13.076377,3.750645,3.752435,5.0,5.0,17.86283,30.0,1.0,1.0,1.0,0.348912,12398.0,0.333688,1.0
12421.0,0.441061,0.433834,0.449374,0.449374,13.076582,3.723252,3.724942,5.0,5.0,17.543161,30.0,1.0,1.0,1.0,0.348803,12408.0,0.332052,1.0
12431.0,0.440793,0.433561,0.449052,0.449052,13.074962,3.789451,3.791413,5.0,5.0,18.311841,30.0,1.0,1.0,1.0,0.348803,12418.0,0.337941,1.0
12441.0,0.440528,0.43329,0.448733,0.448733,13.076142,3.714097,3.716033,5.0,5.0,17.434643,30.0,1.0,1.0,1.0,0.348803,12428.0,0.323598,1.0
12451.0,0.440261,0.433017,0.448414,0.448414,13.074302,3.792615,3.794403,5.0,5.0,18.346606,30.0,1.0,1.0,1.0,0.348803,12438.0,0.33577,1.0
12461.0,0.439993,0.432745,0.448096,0.448096,13.074255,3.780172,3.782006,5.0,5.0,18.200955,30.0,1.0,1.0,1.0,0.348803,12448.0,0.324931,1.0
12471.0,0.439725,0.432472,0.447773,0.447773,13.073371,3.81069,3.812552,5.0,5.0,18.554776,30.0,1.0,1.0,1.0,0.348803,12458.0,0.336229,1.0
12481.0,0.439458,0.432199,0.447453,0.447453,13.073661,3.781941,3.783708,5.0,5.0,18.219626,30.0,1.0,1.0,1.0,0.348639,12468.0,0.33171,1.0
12491.0,0.439191,0.431927,0.447135,0.447135,13.072902,3.807389,3.809146,5.0,5.0,18.514577,30.0,1.0,1.0,1.0,0.348639,12478.0,0.338533,1.0
12501.0,0.438925,0.431655,0.446816,0.446816,13.072804,3.799382,3.801006,5.0,5.0,18.420632,30.0,1.0,1.0,1.0,0.348639,12488.0,0.324124,1.0
12511.0,0.438658,0.431383,0.446494,0.446494,13.073794,3.73628,3.738169,5.0,5.0,17.686206,30.0,1.0,1.0,1.0,0.348639,12498.0,0.332,1.0
12521.0,0.438391,0.431111,0.446176,0.446176,13.072208,3.804871,3.806696,5.0,5.0,18.482779,30.0,1.0,1.0,1.0,0.348639,12508.0,0.330369,1.0
12531.0,0.438124,0.430839,0.445857,0.445857,13.072747,3.765628,3.767553,5.0,5.0,18.025817,30.0,1.0,1.0,1.0,0.348639,12518.0,0.329015,1.0
12541.0,0.437857,0.430567,0.44554,0.44554,13.072737,3.754386,3.756194,5.0,5.0,17.894349,30.0,1.0,1.0,1.0,0.348585,12528.0,0.33485,1.0
12551.0,0.437591,0.430295,0.445223,0.445223,13.07141,3.810908,3.812739,5.0,5.0,18.550632,30.0,1.0,1.0,1.0,0.348585,12538.0,0.335528,1.0
12561.0,0.437325,0.430025,0.444909,0.444909,13.073646,3.686288,3.688,5.0,5.0,17.101205,30.0,1.0,1.0,1.0,0.348585,12548.0,0.325486,1.0
12571.0,0.437058,0.429753,0.444595,0.444595,13.072668,3.725476,3.727247,5.0,5.0,17.556133,30.0,1.0,1.0,1.0,0.348585,12558.0,0.336161,1.0
12581.0,0.436791,0.42948,0.444277,0.444277,13.072155,3.740983,3.742634,5.0,5.0,17.735715,30.0,1.0,1.0,1.0,0.348585,12568.0,0.329274,1.0
12591.0,0.436524,0.429208,0.443961,0.443961,13.071681,3.754927,3.756609,5.0,5.0,17.897126,30.0,1.0,1.0,1.0,0.348585,12578.0,0.331515,1.0
12601.0,0.436258,0.428936,0.443647,0.443647,13.071813,3.7382,3.739976,5.0,5.0,17.702024,30.0,1.0,1.0,1.0,0.347471,12588.0,0.332883,1.0
12611.0,0.435991,0.428664,0.443336,0.443336,13.071613,3.73875,3.740557,5.0,5.0,17.707797,30.0,1.0,1.0,1.0,0.347471,12598.0,0.340756,1.0
12621.0,0.435724,0.428392,0.443021,0.443021,13.07043,3.789406,3.790976,5.0,5.0,18.29596,30.0,1.0,1.0,1.0,0.347471,12608.0,0.332197,1.0
12631.0,0.435456,0.428119,0.442702,0.442702,13.070345,3.784025,3.785847,5.0,5.0,18.232768,30.0,1.0,1.0,1.0,0.347471,12618.0,0.333514,1.0
12641.0,0.435191,0.427848,0.442388,0.442388,13.071045,3.739626,3.741513,5.0,5.0,17.716134,30.0,1.0,1.0,1.0,0.347471,12628.0,0.324589,1.0
12651.0,0.434924,0.427577,0.442075,0.442075,13.070203,3.773647,3.775444,5.0,5.0,18.110989,30.0,1.0,1.0,1.0,0.347471,12638.0,0.332763,1.0
12661.0,0.434658,0.427305,0.441759,0.441759,13.070207,3.764771,3.766577,5.0,5.0,18.007251,30.0,1.0,1.0,1.0,0.34744,12648.0,0.333374,1.0
12671.0,0.43439,0.427032,0.441446,0.441446,13.070261,3.753015,3.75499,5.0,5.0,17.870013,30.0,1.0,1.0,1.0,0.34744,12658.0,0.327134,1.0
12681.0,0.434124,0.42676,0.441133,0.441133,13.069461,3.78538,3.787218,5.0,5.0,18.245616,30.0,1.0,1.0,1.0,0.34744,12668.0,0.321052,1.0
12691.0,0.433858,0.426489,0.440821,0.440821,13.06997,3.751441,3.753121,5.0,5.0,17.850636,30.0,1.0,1.0,1.0,0.34744,12678.0,0.338286,1.0
12701.0,0.433592,0.426218,0.440508,0.440508,13.071179,3.681764,3.683639,5.0,5.0,17.040185,30.0,1.0,1.0,1.0,0.34744,12688.0,0.331696,1.0
12711.0,0.433326,0.425947,0.440196,0.440196,13.070301,3.718797,3.720519,5.0,5.0,17.470173,30.0,1.0,1.0,1.0,0.34744,12698.0,0.331934,1.0
12721.0,0.433059,0.425675,0.439885,0.439885,13.069179,3.767943,3.769754,5.0,5.0,18.04086,30.0,1.0,1.0,1.0,0.347439,12708.0,0.330411,1.0
12731.0,0.432792,0.425403,0.439574,0.439574,13.069376,3.750046,3.751812,5.0,5.0,17.832337,30.0,1.0,1.0,1.0,0.347439,12718.0,0.323559,1.0
12741.0,0.432525,0.42513,0.439261,0.439261,13.069137,3.754371,3.756298,5.0,5.0,17.882096,30.0,1.0,1.0,1.0,0.347439,12728.0,0.338316,1.0
12751.0,0.432259,0.424859,0.438951,0.438951,13.068545,3.777213,3.778891,5.0,5.0,18.147064,30.0,1.0,1.0,1.0,0.347439,12738.0,0.326049,1.0
12761.0,0.431991,0.424586,0.438641,0.438641,13.067491,3.8232,3.825053,5.0,5.0,18.680934,30.0,1.0,1.0,1.0,0.347439,12748.0,0.333524,1.0
12771.0,0.431724,0.424314,0.438329,0.438329,13.069358,3.720336,3.722159,5.0,5.0,17.485027,30.0,1.0,1.0,1.0,0.347439,12758.0,0.33636,1.0
12781.0,0.431457,0.424042,0.438019,0.438019,13.068766,3.743223,3.744918,5.0,5.0,17.750551,30.0,1.0,1.0,1.0,0.347332,12768.0,0.335938,1.0
12791.0,0.431191,0.423771,0.437711,0.437711,13.068729,3.738183,3.740018,5.0,5.0,17.691517,30.0,1.0,1.0,1.0,0.347332,12778.0,0.330571,1.0
12801.0,0.430925,0.423499,0.437399,0.437399,13.068532,3.74121,3.74307,5.0,5.0,17.726238,30.0,1.0,1.0,1.0,0.347332,12788.0,0.319569,1.0
12811.0,0.430658,0.423227,0.437087,0.437087,13.067931,3.764738,3.766577,5.0,5.0,17.999199,30.0,1.0,1.0,1.0,0.347332,12798.0,0.335222,1.0
12821.0,0.43039,0.422954,0.436778,0.436778,13.0674,3.784554,3.786325,5.0,5.0,18.228984,30.0,1.0,1.0,1.0,0.347332,12808.0,0.342142,1.0
12831.0,0.430125,0.422684,0.436469,0.436469,13.068572,3.718423,3.720332,5.0,5.0,17.460056,30.0,1.0,1.0,1.0,0.347332,12818.0,0.337853,1.0
12841.0,0.429858,0.422411,0.43616,0.43616,13.068085,3.736328,3.73792,5.0,5.0,17.66769,30.0,1.0,1.0,1.0,0.347345,12828.0,0.33178,1.0
12851.0,0.429591,0.422139,0.435849,0.435849,13.067228,3.773153,3.775049,5.0,5.0,18.095176,30.0,1.0,1.0,1.0,0.347345,12838.0,0.339435,1.0
12861.0,0.429324,0.421866,0.435539,0.435539,13.067904,3.731673,3.733476,5.0,5.0,17.612689,30.0,1.0,1.0,1.0,0.347345,12848.0,0.341766,1.0
12871.0,0.429056,0.421594,0.435229,0.435229,13.068113,3.714111,3.715826,5.0,5.0,17.408127,30.0,1.0,1.0,1.0,0.347345,12858.0,0.329642,1.0
12881.0,0.428789,0.421321,0.434919,0.434919,13.067076,3.76028,3.762091,5.0,5.0,17.944225,30.0,1.0,1.0,1.0,0.347345,12868.0,0.330261,1.0
12891.0,0.428522,0.421049,0.434609,0.434609,13.067134,3.750857,3.752747,5.0,5.0,17.834298,30.0,1.0,1.0,1.0,0.347345,12878.0,0.338228,1.0
12901.0,0.428255,0.420777,0.4343,0.4343,13.067425,3.729509,3.731338,5.0,5.0,17.585792,30.0,1.0,1.0,1.0,0.346152,12888.0,0.326559,1.0
12911.0,0.427988,0.420505,0.43399,0.43399,13.066128,3.789187,3.791101,5.0,5.0,18.278821,30.0,1.0,1.0,1.0,0.346152,12898.0,0.335037,1.0
12921.0,0.427722,0.420233,0.433682,0.433682,13.066634,3.757037,3.75879,5.0,5.0,17.904836,30.0,1.0,1.0,1.0,0.346152,12908.0,0.322488,1.0
12931.0,0.427455,0.419961,0.433374,0.433374,13.066423,3.761656,3.763192,5.0,5.0,17.958111,30.0,1.0,1.0,1.0,0.346152,12918.0,0.337868,1.0
12941.0,0.427189,0.41969,0.433068,0.433068,13.066746,3.739204,3.740952,5.0,5.0,17.696825,30.0,1.0,1.0,1.0,0.346152,12928.0,0.32939,1.0
12951.0,0.426923,0.419419,0.432761,0.432761,13.06603,3.769633,3.771332,5.0,5.0,18.049991,30.0,1.0,1.0,1.0,0.346152,12938.0,0.32883,1.0
12961.0,0.426656,0.419147,0.432456,0.432456,13.065629,3.783946,3.785743,5.0,5.0,18.215883,30.0,1.0,1.0,1.0,0.346202,12948.0,0.325301,1.0
12971.0,0.42639,0.418875,0.432152,0.432152,13.065306,3.794441,3.796085,5.0,5.0,18.337423,30.0,1.0,1.0,1.0,0.346202,12958.0,0.331757,1.0
12981.0,0.426124,0.418604,0.431843,0.431843,13.065802,3.763051,3.764812,5.0,5.0,17.972314,30.0,1.0,1.0,1.0,0.346202,12968.0,0.328642,1.0
12991.0,0.425858,0.418332,0.431539,0.431539,13.065694,3.76277,3.764604,5.0,5.0,17.968668,30.0,1.0,1.0,1.0,0.346202,12978.0,0.337648,1.0
13001.0,0.425591,0.418061,0.431233,0.431233,13.066749,3.702906,3.704695,5.0,5.0,17.27266,30.0,1.0,1.0,1.0,0.346202,12988.0,0.332254,1.0
13011.0,0.425324,0.417788,0.430925,0.430925,13.06542,3.76437,3.766348,5.0,5.0,17.986447,30.0,1.0,1.0,1.0,0.346202,12998.0,0.340856,1.0
13021.0,0.425057,0.417516,0.430651,0.430651,13.065541,3.752224,3.754138,5.0,5.0,17.844926,30.0,1.0,1.0,1.0,0.346187,13007.0,0.332817,1.0
13031.0,0.42479,0.417244,0.430319,0.430319,13.064127,3.818252,3.820111,5.0,5.0,18.611615,30.0,1.0,1.0,1.0,0.346187,13017.0,0.33617,1.0
13041.0,0.424523,0.416971,0.430017,0.430017,13.064528,3.791656,3.793489,5.0,5.0,18.302242,30.0,1.0,1.0,1.0,0.346187,13027.0,0.337976,1.0
13051.0,0.424255,0.416699,0.429712,0.429712,13.065552,3.733265,3.735055,5.0,5.0,17.623429,30.0,1.0,1.0,1.0,0.346187,13037.0,0.335987,1.0
13061.0,0.423988,0.416426,0.429406,0.429406,13.064991,3.755845,3.757648,5.0,5.0,17.885396,30.0,1.0,1.0,1.0,0.346187,13047.0,0.330359,1.0
13071.0,0.423721,0.416153,0.4291,0.4291,13.063868,3.806963,3.808773,5.0,5.0,18.478845,30.0,1.0,1.0,1.0,0.346187,13057.0,0.330544,1.0
13081.0,0.423454,0.415882,0.428795,0.428795,13.065742,3.705521,3.707187,5.0,5.0,17.299878,30.0,1.0,1.0,1.0,0.346099,13067.0,0.330001,1.0
13091.0,0.423188,0.41561,0.428489,0.428489,13.065335,3.720565,3.722429,5.0,5.0,17.474316,30.0,1.0,1.0,1.0,0.346099,13077.0,0.333132,1.0
13101.0,0.422921,0.415338,0.428186,0.428186,13.063643,3.801082,3.802771,5.0,5.0,18.409362,30.0,1.0,1.0,1.0,0.346099,13087.0,0.325897,1.0
13111.0,0.422653,0.415065,0.427885,0.427885,13.063163,3.819521,3.82144,5.0,5.0,18.623154,30.0,1.0,1.0,1.0,0.346099,13097.0,0.32469,1.0
13121.0,0.422387,0.414794,0.427581,0.427581,13.064363,3.752707,3.754367,5.0,5.0,17.846624,30.0,1.0,1.0,1.0,0.346099,13107.0,0.332451,1.0
13131.0,0.42212,0.414522,0.427278,0.427278,13.064208,3.754908,3.756713,5.0,5.0,17.871817,30.0,1.0,1.0,1.0,0.346099,13117.0,0.335954,1.0
13141.0,0.421854,0.41425,0.426978,0.426978,13.064131,3.753201,3.754969,5.0,5.0,17.851613,30.0,1.0,1.0,1.0,0.346147,13127.0,0.331824,1.0
13151.0,0.421586,0.413977,0.426678,0.426678,13.062929,3.808584,3.810288,5.0,5.0,18.494581,30.0,1.0,1.0,1.0,0.346147,13137.0,0.33463,1.0
13161.0,0.42132,0.413706,0.426379,0.426379,13.063297,3.784257,3.7862,5.0,5.0,18.211635,30.0,1.0,1.0,1.0,0.346147,13147.0,0.32983,1.0
13171.0,0.421054,0.413435,0.42608,0.42608,13.062731,3.807673,3.809416,5.0,5.0,18.48327,30.0,1.0,1.0,1.0,0.346147,13157.0,0.334895,1.0
13181.0,0.420787,0.413162,0.425779,0.425779,13.063885,3.743003,3.744856,5.0,5.0,17.731639,30.0,1.0,1.0,1.0,0.346147,13167.0,0.334653,1.0
13191.0,0.420519,0.412889,0.425473,0.425473,13.06357,3.752947,3.754699,5.0,5.0,17.846764,30.0,1.0,1.0,1.0,0.346147,13177.0,0.333341,1.0
13201.0,0.420252,0.412617,0.425172,0.425172,13.062655,3.793867,3.795669,5.0,5.0,18.321727,30.0,1.0,1.0,1.0,0.345067,13187.0,0.32673,1.0
13211.0,0.419984,0.412344,0.424872,0.424872,13.061683,3.837598,3.839402,5.0,5.0,18.829254,30.0,1.0,1.0,1.0,0.345067,13197.0,0.330123,1.0
13221.0,0.419717,0.412071,0.42457,0.42457,13.063054,3.761712,3.763483,5.0,5.0,17.947425,30.0,1.0,1.0,1.0,0.345067,13207.0,0.338617,1.0
13231.0,0.419449,0.411798,0.424269,0.424269,13.062108,3.804024,3.805969,5.0,5.0,18.438518,30.0,1.0,1.0,1.0,0.345067,13217.0,0.331279,1.0
13241.0,0.419182,0.411526,0.423969,0.423969,13.06389,3.707214,3.709056,5.0,5.0,17.31352,30.0,1.0,1.0,1.0,0.345067,13227.0,0.336015,1.0
13251.0,0.418915,0.411254,0.42367,0.42367,13.062284,3.783806,3.785806,5.0,5.0,18.20293,30.0,1.0,1.0,1.0,0.345067,13237.0,0.321422,1.0
13261.0,0.418649,0.410983,0.423369,0.423369,13.063109,3.736475,3.73819,5.0,5.0,17.652781,30.0,1.0,1.0,1.0,0.345065,13247.0,0.335052,1.0
13271.0,0.418383,0.410711,0.423069,0.423069,13.062478,3.763285,3.765082,5.0,5.0,17.963858,30.0,1.0,1.0,1.0,0.345065,13257.0,0.324968,1.0
13281.0,0.418116,0.410439,0.422766,0.422766,13.063918,3.684064,3.685819,5.0,5.0,17.043154,30.0,1.0,1.0,1.0,0.345065,13267.0,0.331501,1.0
13291.0,0.417848,0.410166,0.422466,0.422466,13.061758,3.788453,3.790125,5.0,5.0,18.255438,30.0,1.0,1.0,1.0,0.345065,13277.0,0.325792,1.0
13301.0,0.417581,0.409893,0.422166,0.422166,13.061632,3.788966,3.790706,5.0,5.0,18.261005,30.0,1.0,1.0,1.0,0.345065,13287.0,0.33901,1.0
13311.0,0.417314,0.409621,0.421872,0.421872,13.062343,3.747224,3.748968,5.0,5.0,17.775792,30.0,1.0,1.0,1.0,0.345065,13297.0,0.334203,1.0
13321.0,0.417047,0.40935,0.421572,0.421572,13.062044,3.757045,3.758769,5.0,5.0,17.889505,30.0,1.0,1.0,1.0,0.345065,13307.0,0.331518,1.0
13331.0,0.41678,0.409077,0.421272,0.421272,13.061853,3.761117,3.762839,5.0,5.0,17.936436,30.0,1.0,1.0,1.0,0.345065,13317.0,0.340962,1.0
13341.0,0.416513,0.408805,0.420972,0.420972,13.061073,3.795226,3.796978,5.0,5.0,18.332233,30.0,1.0,1.0,1.0,0.345065,13327.0,0.330735,1.0
13351.0,0.416247,0.408534,0.420676,0.420676,13.062757,3.704272,3.706087,5.0,5.0,17.275398,30.0,1.0,1.0,1.0,0.345065,13337.0,0.324154,1.0
13361.0,0.41598,0.408261,0.420376,0.420376,13.06094,3.79123,3.793074,5.0,5.0,18.285105,30.0,1.0,1.0,1.0,0.345065,13347.0,0.33334,1.0
13371.0,0.415714,0.40799,0.420078,0.420078,13.062462,3.70819,3.709928,5.0,5.0,17.320197,30.0,1.0,1.0,1.0,0.345065,13357.0,0.334975,1.0
13381.0,0.415447,0.407718,0.419782,0.419782,13.060531,3.801406,3.803145,5.0,5.0,18.40257,30.0,1.0,1.0,1.0,0.345161,13367.0,0.332456,1.0
13391.0,0.41518,0.407445,0.419484,0.419484,13.061661,3.738046,3.73981,5.0,5.0,17.666284,30.0,1.0,1.0,1.0,0.345161,13377.0,0.323472,1.0
13401.0,0.414912,0.407172,0.419188,0.419188,13.060987,3.766455,3.768259,5.0,5.0,17.995873,30.0,1.0,1.0,1.0,0.345161,13387.0,0.333773,1.0
13411.0,0.414645,0.4069,0.41889,0.41889,13.06079,3.771057,3.77291,5.0,5.0,18.048969,30.0,1.0,1.0,1.0,0.345161,13397.0,0.339115,1.0
13421.0,0.414377,0.406627,0.418591,0.418591,13.061483,3.729765,3.731566,5.0,5.0,17.568963,30.0,1.0,1.0,1.0,0.345161,13407.0,0.336436,1.0
13431.0,0.41411,0.406354,0.418292,0.418292,13.060798,3.759086,3.760887,5.0,5.0,17.909163,30.0,1.0,1.0,1.0,0.345161,13417.0,0.333552,1.0
13441.0,0.413843,0.406083,0.417997,0.417997,13.060279,3.780255,3.782006,5.0,5.0,18.154672,30.0,1.0,1.0,1.0,0.345141,13427.0,0.328732,1.0
13451.0,0.413575,0.405809,0.417701,0.417701,13.060102,3.783081,3.784768,5.0,5.0,18.187087,30.0,1.0,1.0,1.0,0.345141,13437.0,0.331376,1.0
13461.0,0.413307,0.405536,0.417406,0.417406,13.060375,3.763577,3.76531,5.0,5.0,17.960194,30.0,1.0,1.0,1.0,0.345141,13447.0,0.335992,1.0
13471.0,0.413041,0.405264,0.417111,0.417111,13.060338,3.760125,3.762029,5.0,5.0,17.919754,30.0,1.0,1.0,1.0,0.345141,13457.0,0.33216,1.0
13481.0,0.412774,0.404992,0.416817,0.416817,13.059434,3.800725,3.802605,5.0,5.0,18.390896,30.0,1.0,1.0,1.0,0.345141,13467.0,0.332598,1.0
13491.0,0.412507,0.40472,0.416521,0.416521,13.059223,3.806136,3.807942,5.0,5.0,18.453372,30.0,1.0,1.0,1.0,0.345141,13477.0,0.335447,1.0
13501.0,0.41224,0.404448,0.416225,0.416225,13.062144,3.651733,3.653695,5.0,5.0,16.659631,30.0,1.0,1.0,1.0,0.344083,13487.0,0.335188,1.0
13511.0,0.411974,0.404176,0.415931,0.415931,13.060225,3.744231,3.74604,5.0,5.0,17.733728,30.0,1.0,1.0,1.0,0.344083,13497.0,0.337336,1.0
13521.0,0.411707,0.403904,0.415637,0.415637,13.058413,3.831393,3.833214,5.0,5.0,18.745568,30.0,1.0,1.0,1.0,0.344083,13507.0,0.332776,1.0
13531.0,0.41144,0.403632,0.415342,0.415342,13.059093,3.791194,3.79297,5.0,5.0,18.278423,30.0,1.0,1.0,1.0,0.344083,13517.0,0.333398,1.0
13541.0,0.411174,0.403361,0.415047,0.415047,13.058985,3.791428,3.793219,5.0,5.0,18.280781,30.0,1.0,1.0,1.0,0.344083,13527.0,0.327153,1.0
13551.0,0.410907,0.403089,0.414753,0.414753,13.0605,3.708862,3.710697,5.0,5.0,17.321533,30.0,1.0,1.0,1.0,0.344083,13537.0,0.333373,1.0
13561.0,0.410641,0.402817,0.414457,0.414457,13.060105,3.723614,3.72544,5.0,5.0,17.492526,30.0,1.0,1.0,1.0,0.344193,13547.0,0.321768,1.0
13571.0,0.410373,0.402544,0.414163,0.414163,13.060164,3.71478,3.716677,5.0,5.0,17.389539,30.0,1.0,1.0,1.0,0.344193,13557.0,0.324826,1.0
13581.0,0.410106,0.402272,0.413868,0.413868,13.059622,3.736849,3.738668,5.0,5.0,17.645497,30.0,1.0,1.0,1.0,0.344193,13567.0,0.33399,1.0
13591.0,0.409839,0.402,0.413575,0.413575,13.058069,3.810775,3.812573,5.0,5.0,18.503612,30.0,1.0,1.0,1.0,0.344193,13577.0,0.336427,1.0
13601.0,0.409572,0.401727,0.413282,0.413282,13.057982,3.809571,3.811389,5.0,5.0,18.489263,30.0,1.0,1.0,1.0,0.344193,13587.0,0.343094,1.0
13611.0,0.409304,0.401455,0.412989,0.412989,13.058221,3.791773,3.793551,5.0,5.0,18.28223,30.0,1.0,1.0,1.0,0.344193,13597.0,0.342076,1.0
13621.0,0.409037,0.401182,0.412694,0.412694,13.059427,3.724634,3.726478,5.0,5.0,17.50218,30.0,1.0,1.0,1.0,0.344224,13607.0,0.326874,1.0
13631.0,0.408769,0.400909,0.412398,0.412398,13.059084,3.736268,3.738086,5.0,5.0,17.636912,30.0,1.0,1.0,1.0,0.344224,13617.0,0.341291,1.0
13641.0,0.4085,0.400635,0.412102,0.412102,13.057692,3.801193,3.802958,5.0,5.0,18.390435,30.0,1.0,1.0,1.0,0.344224,13627.0,0.335665,1.0
13651.0,0.408233,0.400362,0.411811,0.411811,13.057382,3.811358,3.813071,5.0,5.0,18.508084,30.0,1.0,1.0,1.0,0.344224,13637.0,0.330887,1.0
13661.0,0.407966,0.40009,0.411518,0.411518,13.058243,3.762073,3.763857,5.0,5.0,17.93546,30.0,1.0,1.0,1.0,0.344224,13647.0,0.335943,1.0
13671.0,0.407699,0.399817,0.411224,0.411224,13.057637,3.787425,3.78917,5.0,5.0,18.229468,30.0,1.0,1.0,1.0,0.344224,13657.0,0.334601,1.0
13681.0,0.407432,0.399546,0.410935,0.410935,13.056714,3.829271,3.831179,5.0,5.0,18.714977,30.0,1.0,1.0,1.0,0.344245,13667.0,0.339264,1.0
13691.0,0.407164,0.399272,0.410639,0.410639,13.05809,3.753151,3.754844,5.0,5.0,17.830755,30.0,1.0,1.0,1.0,0.344245,13677.0,0.335916,1.0
13701.0,0.406897,0.399,0.410347,0.410347,13.058937,3.704571,3.706377,5.0,5.0,17.266242,30.0,1.0,1.0,1.0,0.344245,13687.0,0.339843,1.0
13711.0,0.40663,0.398728,0.410056,0.410056,13.057577,3.768573,3.770252,5.0,5.0,18.009115,30.0,1.0,1.0,1.0,0.344245,13697.0,0.33172,1.0
13721.0,0.406363,0.398455,0.409766,0.409766,13.057125,3.786109,3.787862,5.0,5.0,18.21237,30.0,1.0,1.0,1.0,0.344245,13707.0,0.335479,1.0
13731.0,0.406096,0.398183,0.409475,0.409475,13.057214,3.776279,3.778102,5.0,5.0,18.097884,30.0,1.0,1.0,1.0,0.344245,13717.0,0.322591,1.0
13741.0,0.405827,0.397909,0.409179,0.409179,13.056216,3.820982,3.822727,5.0,5.0,18.616476,30.0,1.0,1.0,1.0,0.344264,13727.0,0.326591,1.0
13751.0,0.405559,0.397636,0.408885,0.408885,13.056863,3.782186,3.783958,5.0,5.0,18.165673,30.0,1.0,1.0,1.0,0.344264,13737.0,0.3304,1.0
13761.0,0.405291,0.397363,0.408593,0.408593,13.057165,3.761211,3.763026,5.0,5.0,17.92176,30.0,1.0,1.0,1.0,0.344264,13747.0,0.319588,1.0
13771.0,0.405024,0.397091,0.408305,0.408305,13.056792,3.774843,3.776565,5.0,5.0,18.079693,30.0,1.0,1.0,1.0,0.344264,13757.0,0.328082,1.0
13781.0,0.404756,0.396817,0.408016,0.408016,13.055885,3.815362,3.817286,5.0,5.0,18.549734,30.0,1.0,1.0,1.0,0.344264,13767.0,0.323635,1.0
13791.0,0.404489,0.396545,0.407728,0.407728,13.056257,3.790938,3.792762,5.0,5.0,18.265818,30.0,1.0,1.0,1.0,0.344264,13777.0,0.330946,1.0
13801.0,0.404222,0.396273,0.407437,0.407437,13.057249,3.735091,3.736882,5.0,5.0,17.617041,30.0,1.0,1.0,1.0,0.343246,13787.0,0.33945,1.0
13811.0,0.403955,0.396001,0.40715,0.40715,13.055789,3.804256,3.806094,5.0,5.0,18.419732,30.0,1.0,1.0,1.0,0.343246,13797.0,0.342834,1.0
13821.0,0.403688,0.395728,0.406861,0.406861,13.056675,3.753568,3.75526,5.0,5.0,17.83087,30.0,1.0,1.0,1.0,0.343246,13807.0,0.346238,1.0
13831.0,0.403421,0.395456,0.40657,0.40657,13.056109,3.777172,3.778891,5.0,5.0,18.104583,30.0,1.0,1.0,1.0,0.343246,13817.0,0.341297,1.0
13841.0,0.403153,0.395183,0.406278,0.406278,13.056226,3.765321,3.767075,5.0,5.0,17.966597,30.0,1.0,1.0,1.0,0.343246,13827.0,0.324767,1.0
13851.0,0.402886,0.394911,0.405991,0.405991,13.055424,3.801123,3.802917,5.0,5.0,18.381914,30.0,1.0,1.0,1.0,0.343246,13837.0,0.333349,1.0
13861.0,0.402619,0.394638,0.405701,0.405701,13.056255,3.753266,3.755073,5.0,5.0,17.825932,30.0,1.0,1.0,1.0,0.343359,13847.0,0.331168,1.0
13871.0,0.402352,0.394366,0.405414,0.405414,13.055592,3.781717,3.783501,5.0,5.0,18.155893,30.0,1.0,1.0,1.0,0.343359,13857.0,0.324498,1.0
13881.0,0.402085,0.394094,0.405123,0.405123,13.055522,3.77984,3.781673,5.0,5.0,18.133747,30.0,1.0,1.0,1.0,0.343359,13867.0,0.333439,1.0
13891.0,0.401818,0.393822,0.404835,0.404835,13.056077,3.746219,3.748282,5.0,5.0,17.743054,30.0,1.0,1.0,1.0,0.343359,13877.0,0.332488,1.0
13901.0,0.40155,0.393549,0.404543,0.404543,13.0553,3.780211,3.78213,5.0,5.0,18.137324,30.0,1.0,1.0,1.0,0.343359,13887.0,0.336432,1.0
13911.0,0.401283,0.393276,0.404252,0.404252,13.055778,3.750184,3.751937,5.0,5.0,17.788351,30.0,1.0,1.0,1.0,0.343359,13897.0,0.334602,1.0
13921.0,0.401016,0.393004,0.403964,0.403964,13.054763,3.796872,3.798805,5.0,5.0,18.330029,30.0,1.0,1.0,1.0,0.34348,13907.0,0.34473,1.0
13931.0,0.400749,0.392732,0.403673,0.403673,13.055512,3.753106,3.754761,5.0,5.0,17.821567,30.0,1.0,1.0,1.0,0.34348,13917.0,0.338138,1.0
13941.0,0.400482,0.39246,0.403386,0.403386,13.054903,3.779054,3.780947,5.0,5.0,18.122472,30.0,1.0,1.0,1.0,0.34348,13927.0,0.339522,1.0
13951.0,0.400215,0.392188,0.403098,0.403098,13.055225,3.757145,3.758935,5.0,5.0,17.867766,30.0,1.0,1.0,1.0,0.34348,13937.0,0.334377,1.0
13961.0,0.399947,0.391914,0.402808,0.402808,13.055031,3.761372,3.763213,5.0,5.0,17.91647,30.0,1.0,1.0,1.0,0.34348,13947.0,0.349714,1.0
13971.0,0.399681,0.391643,0.402523,0.402523,13.054864,3.764828,3.766494,5.0,5.0,17.956259,30.0,1.0,1.0,1.0,0.34348,13957.0,0.339921,1.0
13981.0,0.399414,0.391371,0.402234,0.402234,13.054446,3.780752,3.7824,5.0,5.0,18.14075,30.0,1.0,1.0,1.0,0.343601,13967.0,0.331235,1.0
13991.0,0.399147,0.391098,0.401942,0.401942,13.053999,3.798098,3.799885,5.0,5.0,18.341747,30.0,1.0,1.0,1.0,0.343601,13977.0,0.331805,1.0
14001.0,0.398879,0.390825,0.401653,0.401653,13.054989,3.741876,3.743797,5.0,5.0,17.688702,30.0,1.0,1.0,1.0,0.343601,13987.0,0.337988,1.0
14011.0,0.398611,0.390552,0.401362,0.401362,13.053867,3.793396,3.795275,5.0,5.0,18.286411,30.0,1.0,1.0,1.0,0.343601,13997.0,0.335979,1.0
14021.0,0.398344,0.390279,0.401072,0.401072,13.053802,3.791091,3.792721,5.0,5.0,18.259282,30.0,1.0,1.0,1.0,0.343601,14007.0,0.329846,1.0
14031.0,0.398077,0.390007,0.400788,0.400788,13.053572,3.797454,3.7992,5.0,5.0,18.332785,30.0,1.0,1.0,1.0,0.343601,14017.0,0.319299,1.0
14041.0,0.397808,0.389734,0.4005,0.4005,13.053412,3.799815,3.801608,5.0,5.0,18.359799,30.0,1.0,1.0,1.0,0.343633,14027.0,0.335937,1.0
14051.0,0.397542,0.389462,0.400211,0.400211,13.054595,3.734335,3.736134,5.0,5.0,17.599349,30.0,1.0,1.0,1.0,0.343633,14037.0,0.336372,1.0
14061.0,0.397275,0.38919,0.399924,0.399924,13.053972,3.760802,3.762548,5.0,5.0,17.906253,30.0,1.0,1.0,1.0,0.343633,14047.0,0.334257,1.0
14071.0,0.397008,0.388918,0.399638,0.399638,13.053572,3.775972,3.777915,5.0,5.0,18.082002,30.0,1.0,1.0,1.0,0.343633,14057.0,0.336425,1.0
14081.0,0.396742,0.388646,0.399351,0.399351,13.054213,3.73803,3.739789,5.0,5.0,17.641202,30.0,1.0,1.0,1.0,0.343633,14067.0,0.334027,1.0
14091.0,0.396474,0.388373,0.399062,0.399062,13.05302,3.793084,3.794901,5.0,5.0,18.279886,30.0,1.0,1.0,1.0,0.343633,14077.0,0.334688,1.0
14101.0,0.396207,0.388101,0.398777,0.398777,13.053225,3.777483,3.779285,5.0,5.0,18.098462,30.0,1.0,1.0,1.0,0.342695,14087.0,0.326855,1.0
14111.0,0.39594,0.387828,0.39849,0.39849,13.053406,3.762641,3.764479,5.0,5.0,17.925815,30.0,1.0,1.0,1.0,0.342695,14097.0,0.331046,1.0
14121.0,0.395672,0.387556,0.398203,0.398203,13.052904,3.782651,3.784456,5.0,5.0,18.157712,30.0,1.0,1.0,1.0,0.342695,14107.0,0.331144,1.0
14131.0,0.395405,0.387284,0.397914,0.397914,13.053976,3.722604,3.724298,5.0,5.0,17.460324,30.0,1.0,1.0,1.0,0.342695,14117.0,0.334024,1.0
14141.0,0.395137,0.38701,0.397627,0.397627,13.053513,3.7405,3.742156,5.0,5.0,17.667699,30.0,1.0,1.0,1.0,0.342695,14127.0,0.336916,1.0
14151.0,0.39487,0.386738,0.397341,0.397341,13.05187,3.818813,3.820567,5.0,5.0,18.576319,30.0,1.0,1.0,1.0,0.342695,14137.0,0.330467,1.0
14161.0,0.394603,0.386465,0.397055,0.397055,13.052685,3.771667,3.773575,5.0,5.0,18.028748,30.0,1.0,1.0,1.0,0.342757,14147.0,0.321934,1.0
14171.0,0.394336,0.386193,0.396768,0.396768,13.052759,3.762586,3.764272,5.0,5.0,17.922994,30.0,1.0,1.0,1.0,0.342757,14157.0,0.337197,1.0
14181.0,0.394069,0.385921,0.396481,0.396481,13.053168,3.736322,3.738252,5.0,5.0,17.617775,30.0,1.0,1.0,1.0,0.342757,14167.0,0.331963,1.0
14191.0,0.393802,0.385649,0.396199,0.396199,13.052463,3.767072,3.768923,5.0,5.0,17.97437,30.0,1.0,1.0,1.0,0.342757,14177.0,0.325238,1.0
14201.0,0.393533,0.385375,0.395908,0.395908,13.052442,3.762206,3.763981,5.0,5.0,17.917494,30.0,1.0,1.0,1.0,0.342757,14187.0,0.335635,1.0
14211.0,0.393266,0.385102,0.395624,0.395624,13.052247,3.766714,3.76855,5.0,5.0,17.969453,30.0,1.0,1.0,1.0,0.342757,14197.0,0.335535,1.0
14221.0,0.392999,0.38483,0.395337,0.395337,13.051778,3.785017,3.786906,5.0,5.0,18.181517,30.0,1.0,1.0,1.0,0.342865,14207.0,0.333336,1.0
14231.0,0.392731,0.384557,0.395052,0.395052,13.052,3.768269,3.770024,5.0,5.0,17.986777,30.0,1.0,1.0,1.0,0.342865,14217.0,0.334041,1.0
14241.0,0.392464,0.384285,0.394766,0.394766,13.051466,3.790104,3.791849,5.0,5.0,18.239838,30.0,1.0,1.0,1.0,0.342865,14227.0,0.33267,1.0
14251.0,0.392197,0.384013,0.394479,0.394479,13.051623,3.776759,3.778496,5.0,5.0,18.084603,30.0,1.0,1.0,1.0,0.342865,14237.0,0.329784,1.0
14261.0,0.39193,0.38374,0.394194,0.394194,13.051172,3.794482,3.796126,5.0,5.0,18.289942,30.0,1.0,1.0,1.0,0.342865,14247.0,0.328982,1.0
14271.0,0.391663,0.383468,0.393907,0.393907,13.051252,3.78491,3.78674,5.0,5.0,18.17849,30.0,1.0,1.0,1.0,0.342865,14257.0,0.339929,1.0
14281.0,0.391396,0.383195,0.393617,0.393617,13.053313,3.674172,3.675852,5.0,5.0,16.892737,30.0,1.0,1.0,1.0,0.342972,14267.0,0.336297,1.0
14291.0,0.391129,0.382924,0.393336,0.393336,13.052264,3.722623,3.724423,5.0,5.0,17.454852,30.0,1.0,1.0,1.0,0.342972,14277.0,0.327545,1.0
14301.0,0.390862,0.382651,0.393048,0.393048,13.052344,3.713072,3.714933,5.0,5.0,17.343626,30.0,1.0,1.0,1.0,0.342972,14287.0,0.328051,1.0
14311.0,0.390594,0.382378,0.392763,0.392763,13.051075,3.772043,3.773824,5.0,5.0,18.027711,30.0,1.0,1.0,1.0,0.342972,14297.0,0.323127,1.0
14321.0,0.390328,0.382106,0.392481,0.392481,13.052342,3.702198,3.704135,5.0,5.0,17.216687,30.0,1.0,1.0,1.0,0.342972,14307.0,0.32927,1.0
14331.0,0.39006,0.381833,0.392196,0.392196,13.050571,3.786917,3.788671,5.0,5.0,18.199606,30.0,1.0,1.0,1.0,0.342972,14317.0,0.3391,1.0
14341.0,0.389793,0.381562,0.391911,0.391911,13.052829,3.666509,3.668376,5.0,5.0,16.801689,30.0,1.0,1.0,1.0,0.343098,14327.0,0.326823,1.0
14351.0,0.389526,0.381289,0.391629,0.391629,13.05072,3.768671,3.77046,5.0,5.0,17.987149,30.0,1.0,1.0,1.0,0.343098,14336.0,0.341622,1.0
14361.0,0.38926,0.381017,0.391343,0.391343,13.051358,3.730928,3.732791,5.0,5.0,17.548772,30.0,1.0,1.0,1.0,0.343098,14346.0,0.336197,1.0
14371.0,0.388993,0.380746,0.39106,0.39106,13.052041,3.69083,3.692713,5.0,5.0,17.082999,30.0,1.0,1.0,1.0,0.343098,14356.0,0.322956,1.0
14381.0,0.388725,0.380472,0.390778,0.390778,13.049178,3.831202,3.832902,5.0,5.0,18.711702,30.0,1.0,1.0,1.0,0.343098,14366.0,0.33382,1.0
14391.0,0.388459,0.380202,0.390494,0.390494,13.052039,3.680291,3.682102,5.0,5.0,16.959972,30.0,1.0,1.0,1.0,0.343098,14376.0,0.338424,1.0
14401.0,0.388193,0.37993,0.390212,0.390212,13.051223,3.716637,3.718276,5.0,5.0,17.381516,30.0,1.0,1.0,1.0,0.342182,14386.0,0.331683,1.0
14411.0,0.387924,0.379656,0.389925,0.389925,13.05037,3.754318,3.756215,5.0,5.0,17.818459,30.0,1.0,1.0,1.0,0.342182,14396.0,0.328275,1.0
14421.0,0.387658,0.379385,0.389644,0.389644,13.050211,3.757297,3.758997,5.0,5.0,17.852687,30.0,1.0,1.0,1.0,0.342182,14406.0,0.333963,1.0
14431.0,0.38739,0.379111,0.389362,0.389362,13.049353,3.795326,3.797061,5.0,5.0,18.293619,30.0,1.0,1.0,1.0,0.342182,14416.0,0.346137,1.0
14441.0,0.387123,0.378839,0.389077,0.389077,13.049075,3.803931,3.805845,5.0,5.0,18.393101,30.0,1.0,1.0,1.0,0.342182,14426.0,0.339331,1.0
14451.0,0.386855,0.378565,0.388792,0.388792,13.048558,3.824545,3.826527,5.0,5.0,18.631885,30.0,1.0,1.0,1.0,0.342182,14436.0,0.329503,1.0
14461.0,0.386588,0.378294,0.38851,0.38851,13.04949,3.771723,3.773616,5.0,5.0,18.018631,30.0,1.0,1.0,1.0,0.342265,14446.0,0.335269,1.0
14471.0,0.386322,0.378023,0.38823,0.38823,13.050515,3.714491,3.71622,5.0,5.0,17.354109,30.0,1.0,1.0,1.0,0.342265,14456.0,0.335916,1.0
14481.0,0.386056,0.377751,0.387947,0.387947,13.049164,3.778178,3.779888,5.0,5.0,18.092854,30.0,1.0,1.0,1.0,0.342265,14466.0,0.338573,1.0
14491.0,0.385789,0.377479,0.387666,0.387666,13.049461,3.757772,3.759579,5.0,5.0,17.85572,30.0,1.0,1.0,1.0,0.342265,14476.0,0.330891,1.0
14501.0,0.385521,0.377206,0.38738,0.38738,13.049186,3.76597,3.767968,5.0,5.0,17.950464,30.0,1.0,1.0,1.0,0.342265,14486.0,0.339798,1.0
14511.0,0.385254,0.376933,0.387094,0.387094,13.049162,3.761516,3.763358,5.0,5.0,17.898403,30.0,1.0,1.0,1.0,0.342265,14496.0,0.32628,1.0
14521.0,0.384986,0.37666,0.386811,0.386811,13.049382,3.74462,3.746434,5.0,5.0,17.701959,30.0,1.0,1.0,1.0,0.342394,14506.0,0.328428,1.0
14531.0,0.384719,0.376387,0.386529,0.386529,13.049247,3.746039,3.747888,5.0,5.0,17.71807,30.0,1.0,1.0,1.0,0.342394,14516.0,0.326897,1.0
14541.0,0.384452,0.376115,0.386245,0.386245,13.048058,3.801419,3.803062,5.0,5.0,18.360317,30.0,1.0,1.0,1.0,0.342394,14526.0,0.327327,1.0
14551.0,0.384185,0.375844,0.385964,0.385964,13.048959,3.750252,3.752103,5.0,5.0,17.766271,30.0,1.0,1.0,1.0,0.342394,14536.0,0.331343,1.0
14561.0,0.383918,0.375571,0.385682,0.385682,13.048153,3.78584,3.787592,5.0,5.0,18.178847,30.0,1.0,1.0,1.0,0.342394,14546.0,0.33806,1.0
14571.0,0.383651,0.375299,0.385403,0.385403,13.049484,3.712473,3.71433,5.0,5.0,17.327137,30.0,1.0,1.0,1.0,0.342394,14556.0,0.328564,1.0
14581.0,0.383384,0.375026,0.385122,0.385122,13.048287,3.768027,3.769775,5.0,5.0,17.971445,30.0,1.0,1.0,1.0,0.342538,14566.0,0.335991,1.0
14591.0,0.383117,0.374755,0.384844,0.384844,13.048187,3.768006,3.769775,5.0,5.0,17.970851,30.0,1.0,1.0,1.0,0.342538,14576.0,0.335761,1.0
14601.0,0.382849,0.374481,0.384559,0.384559,13.048213,3.760715,3.762652,5.0,5.0,17.885867,30.0,1.0,1.0,1.0,0.342538,14586.0,0.334623,1.0
14611.0,0.382582,0.374209,0.384278,0.384278,13.048518,3.739931,3.74172,5.0,5.0,17.644348,30.0,1.0,1.0,1.0,0.342538,14596.0,0.33217,1.0
14621.0,0.382315,0.373937,0.383995,0.383995,13.048879,3.715982,3.717881,5.0,5.0,17.36608,30.0,1.0,1.0,1.0,0.342538,14606.0,0.328043,1.0
14631.0,0.382048,0.373665,0.383712,0.383712,13.048276,3.741373,3.74307,5.0,5.0,17.660364,30.0,1.0,1.0,1.0,0.342538,14616.0,0.332909,1.0
14641.0,0.38178,0.373392,0.383428,0.383428,13.047212,3.789974,3.791682,5.0,5.0,18.223903,30.0,1.0,1.0,1.0,0.342661,14626.0,0.328439,1.0
14651.0,0.381514,0.37312,0.383147,0.383147,13.048155,3.736615,3.738543,5.0,5.0,17.60444,30.0,1.0,1.0,1.0,0.342661,14636.0,0.333028,1.0
14661.0,0.381246,0.372846,0.382864,0.382864,13.048121,3.732385,3.73412,5.0,5.0,17.554973,30.0,1.0,1.0,1.0,0.342661,14646.0,0.33294,1.0
14671.0,0.380978,0.372574,0.382585,0.382585,13.046242,3.822871,3.824741,5.0,5.0,18.604437,30.0,1.0,1.0,1.0,0.342661,14656.0,0.339299,1.0
14681.0,0.38071,0.3723,0.3823,0.3823,13.047021,3.777214,3.779161,5.0,5.0,18.074375,30.0,1.0,1.0,1.0,0.342661,14666.0,0.337304,1.0
14691.0,0.380443,0.372028,0.38202,0.38202,13.047872,3.728498,3.730278,5.0,5.0,17.508783,30.0,1.0,1.0,1.0,0.342661,14676.0,0.332225,1.0
14701.0,0.380176,0.371755,0.381739,0.381739,13.04731,3.751591,3.753349,5.0,5.0,17.776366,30.0,1.0,1.0,1.0,0.34168,14686.0,0.336654,1.0
14711.0,0.379908,0.371483,0.381455,0.381455,13.046912,3.766401,3.768217,5.0,5.0,17.947838,30.0,1.0,1.0,1.0,0.34168,14696.0,0.338225,1.0
14721.0,0.379641,0.371211,0.381174,0.381174,13.046982,3.757449,3.759247,5.0,5.0,17.843623,30.0,1.0,1.0,1.0,0.34168,14706.0,0.344627,1.0
14731.0,0.379373,0.370937,0.380891,0.380891,13.046926,3.754359,3.75609,5.0,5.0,17.807373,30.0,1.0,1.0,1.0,0.34168,14716.0,0.326029,1.0
14741.0,0.379105,0.370664,0.380608,0.380608,13.046168,3.787386,3.78917,5.0,5.0,18.190163,30.0,1.0,1.0,1.0,0.34168,14726.0,0.32595,1.0
14751.0,0.378838,0.370392,0.380331,0.380331,13.047032,3.738114,3.739831,5.0,5.0,17.618177,30.0,1.0,1.0,1.0,0.34168,14736.0,0.337607,1.0
14761.0,0.378571,0.370119,0.38005,0.38005,13.045756,3.797716,3.799573,5.0,5.0,18.309299,30.0,1.0,1.0,1.0,0.341815,14746.0,0.328822,1.0
14771.0,0.378304,0.369847,0.379768,0.379768,13.045873,3.786308,3.788007,5.0,5.0,18.176587,30.0,1.0,1.0,1.0,0.341815,14756.0,0.326478,1.0
14781.0,0.378038,0.369576,0.379489,0.379489,13.046064,3.771658,3.773596,5.0,5.0,18.006312,30.0,1.0,1.0,1.0,0.341815,14766.0,0.332855,1.0
14791.0,0.377772,0.369305,0.37921,0.37921,13.046262,3.756566,3.758395,5.0,5.0,17.830892,30.0,1.0,1.0,1.0,0.341815,14776.0,0.327087,1.0
14801.0,0.377505,0.369033,0.378931,0.378931,13.045703,3.779752,3.781549,5.0,5.0,18.099528,30.0,1.0,1.0,1.0,0.341815,14786.0,0.330909,1.0
14811.0,0.377238,0.36876,0.378649,0.378649,13.046414,3.737914,3.739665,5.0,5.0,17.613786,30.0,1.0,1.0,1.0,0.341815,14796.0,0.328621,1.0
14821.0,0.376971,0.368488,0.37837,0.37837,13.045373,3.785703,3.787633,5.0,5.0,18.167839,30.0,1.0,1.0,1.0,0.341991,14806.0,0.331086,1.0
14831.0,0.376702,0.368214,0.37809,0.37809,13.044342,3.832421,3.834377,5.0,5.0,18.709352,30.0,1.0,1.0,1.0,0.341991,14816.0,0.336998,1.0
14841.0,0.376435,0.367941,0.377808,0.377808,13.045909,3.746785,3.748448,5.0,5.0,17.71559,30.0,1.0,1.0,1.0,0.341991,14826.0,0.336245,1.0
14851.0,0.376167,0.367669,0.377527,0.377527,13.045699,3.752009,3.753764,5.0,5.0,17.775835,30.0,1.0,1.0,1.0,0.341991,14836.0,0.330909,1.0
14861.0,0.3759,0.367396,0.377246,0.377246,13.045244,3.769543,3.771436,5.0,5.0,17.978873,30.0,1.0,1.0,1.0,0.341991,14846.0,0.34155,1.0
14871.0,0.375631,0.367122,0.376966,0.376966,13.044358,3.808988,3.810641,5.0,5.0,18.436036,30.0,1.0,1.0,1.0,0.341991,14856.0,0.335467,1.0
14881.0,0.375363,0.366849,0.376687,0.376687,13.044986,3.771115,3.772827,5.0,5.0,17.996339,30.0,1.0,1.0,1.0,0.342066,14866.0,0.338741,1.0
14891.0,0.375096,0.366577,0.376407,0.376407,13.045333,3.748109,3.749985,5.0,5.0,17.72911,30.0,1.0,1.0,1.0,0.342066,14876.0,0.330862,1.0
14901.0,0.374827,0.366302,0.376123,0.376123,13.044577,3.780573,3.782442,5.0,5.0,18.105303,30.0,1.0,1.0,1.0,0.342066,14886.0,0.335426,1.0
14911.0,0.37456,0.36603,0.375843,0.375843,13.045709,3.717532,3.719169,5.0,5.0,17.373632,30.0,1.0,1.0,1.0,0.342066,14896.0,0.327866,1.0
14921.0,0.374292,0.365756,0.375564,0.375564,13.044627,3.766896,3.768633,5.0,5.0,17.945912,30.0,1.0,1.0,1.0,0.342066,14906.0,0.325278,1.0
14931.0,0.374024,0.365483,0.375279,0.375279,13.045515,3.715909,3.717632,5.0,5.0,17.354052,30.0,1.0,1.0,1.0,0.342066,14916.0,0.32665,1.0
14941.0,0.373756,0.36521,0.375,0.375,13.044189,3.777864,3.779659,5.0,5.0,18.07238,30.0,1.0,1.0,1.0,0.34217,14926.0,0.332544,1.0
14951.0,0.373488,0.364937,0.37472,0.37472,13.044811,3.740632,3.742385,5.0,5.0,17.640133,30.0,1.0,1.0,1.0,0.34217,14936.0,0.344284,1.0
14961.0,0.37322,0.364664,0.37444,0.37444,13.043692,3.792172,3.793904,5.0,5.0,18.237613,30.0,1.0,1.0,1.0,0.34217,14946.0,0.328245,1.0
14971.0,0.372953,0.364391,0.37416,0.37416,13.043404,3.801545,3.803436,5.0,5.0,18.345975,30.0,1.0,1.0,1.0,0.34217,14956.0,0.328834,1.0
14981.0,0.372685,0.364118,0.37388,0.37388,13.045206,3.704036,3.7059,5.0,5.0,17.2145,30.0,1.0,1.0,1.0,0.34217,14966.0,0.338635,1.0
14991.0,0.372417,0.363845,0.373603,0.373603,13.042984,3.811782,3.813445,5.0,5.0,18.463954,30.0,1.0,1.0,1.0,0.34217,14976.0,0.31977,1.0
15001.0,0.372149,0.363572,0.373324,0.373324,13.042853,3.812714,3.814483,5.0,5.0,18.474379,30.0,1.0,1.0,1.0,0.34124,14986.0,0.343721,1.0
15011.0,0.371881,0.363299,0.373043,0.373043,13.043996,3.748909,3.750774,5.0,5.0,17.73396,30.0,1.0,1.0,1.0,0.34124,14996.0,0.33183,1.0
15021.0,0.371614,0.363026,0.372763,0.372763,13.043188,3.784805,3.78645,5.0,5.0,18.149964,30.0,1.0,1.0,1.0,0.34124,15006.0,0.332114,1.0
15031.0,0.371347,0.362753,0.372486,0.372486,13.043609,3.757786,3.759558,5.0,5.0,17.836209,30.0,1.0,1.0,1.0,0.34124,15016.0,0.327418,1.0
15041.0,0.371078,0.36248,0.372206,0.372206,13.042565,3.805306,3.807007,5.0,5.0,18.38699,30.0,1.0,1.0,1.0,0.34124,15026.0,0.337676,1.0
15051.0,0.370811,0.362208,0.371927,0.371927,13.043323,3.76155,3.76313,5.0,5.0,17.879153,30.0,1.0,1.0,1.0,0.34124,15036.0,0.334755,1.0
15061.0,0.370545,0.361936,0.371649,0.371649,13.043204,3.762475,3.764313,5.0,5.0,17.88955,30.0,1.0,1.0,1.0,0.341403,15046.0,0.334386,1.0
15071.0,0.370277,0.361663,0.371372,0.371372,13.042437,3.796048,3.797933,5.0,5.0,18.278559,30.0,1.0,1.0,1.0,0.341403,15056.0,0.332595,1.0
15081.0,0.37001,0.361391,0.371095,0.371095,13.043033,3.760338,3.762071,5.0,5.0,17.864044,30.0,1.0,1.0,1.0,0.341403,15066.0,0.333609,1.0
15091.0,0.369742,0.361117,0.370817,0.370817,13.042282,3.793034,3.794901,5.0,5.0,18.242883,30.0,1.0,1.0,1.0,0.341403,15076.0,0.337815,1.0
15101.0,0.369475,0.360845,0.370537,0.370537,13.042052,3.799433,3.801152,5.0,5.0,18.316743,30.0,1.0,1.0,1.0,0.341403,15085.0,0.343086,1.0
15111.0,0.369207,0.360572,0.370259,0.370259,13.041664,3.813805,3.81548,5.0,5.0,18.483054,30.0,1.0,1.0,1.0,0.341403,15095.0,0.343432,1.0
15121.0,0.36894,0.360299,0.36998,0.36998,13.041629,3.810077,3.811742,5.0,5.0,18.439446,30.0,1.0,1.0,1.0,0.341567,15105.0,0.327989,1.0
15131.0,0.368672,0.360026,0.369701,0.369701,13.041116,3.830558,3.832259,5.0,5.0,18.676566,30.0,1.0,1.0,1.0,0.341567,15115.0,0.333575,1.0
15141.0,0.368404,0.359753,0.369423,0.369423,13.043107,3.723413,3.725129,5.0,5.0,17.433577,30.0,1.0,1.0,1.0,0.341567,15125.0,0.32622,1.0
15151.0,0.368136,0.35948,0.369141,0.369141,13.042176,3.765436,3.767366,5.0,5.0,17.920623,30.0,1.0,1.0,1.0,0.341567,15135.0,0.338326,1.0
15161.0,0.367869,0.359207,0.368864,0.368864,13.041945,3.771777,3.773409,5.0,5.0,17.993802,30.0,1.0,1.0,1.0,0.341567,15145.0,0.333336,1.0
15171.0,0.367602,0.358935,0.368586,0.368586,13.041798,3.774158,3.775963,5.0,5.0,18.021078,30.0,1.0,1.0,1.0,0.341567,15155.0,0.330832,1.0
15181.0,0.367335,0.358663,0.368307,0.368307,13.04221,3.747831,3.749736,5.0,5.0,17.715403,30.0,1.0,1.0,1.0,0.34172,15165.0,0.339105,1.0
15191.0,0.367068,0.358391,0.368032,0.368032,13.041946,3.756215,3.758042,5.0,5.0,17.812308,30.0,1.0,1.0,1.0,0.34172,15175.0,0.327859,1.0
15201.0,0.366801,0.358119,0.367754,0.367754,13.040533,3.823059,3.824887,5.0,5.0,18.58711,30.0,1.0,1.0,1.0,0.34172,15185.0,0.336338,1.0
15211.0,0.366535,0.357847,0.367476,0.367476,13.042594,3.712599,3.714517,5.0,5.0,17.305729,30.0,1.0,1.0,1.0,0.34172,15195.0,0.331071,1.0
15221.0,0.366268,0.357575,0.3672,0.3672,13.041784,3.748655,3.750421,5.0,5.0,17.723585,30.0,1.0,1.0,1.0,0.34172,15205.0,0.323974,1.0
15231.0,0.366001,0.357303,0.366921,0.366921,13.042058,3.729349,3.731068,5.0,5.0,17.499315,30.0,1.0,1.0,1.0,0.34172,15215.0,0.334499,1.0
15241.0,0.365733,0.35703,0.36664,0.36664,13.041446,3.755038,3.756921,5.0,5.0,17.796897,30.0,1.0,1.0,1.0,0.341896,15225.0,0.323667,1.0
15251.0,0.365464,0.356756,0.36636,0.36636,13.040389,3.803032,3.804869,5.0,5.0,18.353063,30.0,1.0,1.0,1.0,0.341896,15235.0,0.327082,1.0
15261.0,0.365198,0.356485,0.366085,0.366085,13.041175,3.757924,3.759683,5.0,5.0,17.829643,30.0,1.0,1.0,1.0,0.341896,15245.0,0.331834,1.0
15271.0,0.36493,0.356211,0.365807,0.365807,13.040675,3.777807,3.779576,5.0,5.0,18.059851,30.0,1.0,1.0,1.0,0.341896,15255.0,0.339139,1.0
15281.0,0.364663,0.355939,0.365532,0.365532,13.040912,3.760408,3.761967,5.0,5.0,17.857731,30.0,1.0,1.0,1.0,0.341896,15265.0,0.335497,1.0
15291.0,0.364396,0.355667,0.365254,0.365254,13.039817,3.811037,3.812801,5.0,5.0,18.444466,30.0,1.0,1.0,1.0,0.341896,15275.0,0.337424,1.0
15301.0,0.36413,0.355395,0.364981,0.364981,13.040527,3.769614,3.771436,5.0,5.0,17.963794,30.0,1.0,1.0,1.0,0.340981,15285.0,0.334516,1.0
15311.0,0.363861,0.355121,0.364701,0.364701,13.040292,3.775432,3.777479,5.0,5.0,18.030852,30.0,1.0,1.0,1.0,0.340981,15295.0,0.327777,1.0
15321.0,0.363594,0.354849,0.364425,0.364425,13.041888,3.688675,3.690595,5.0,5.0,17.024349,30.0,1.0,1.0,1.0,0.340981,15305.0,0.334018,1.0
15331.0,0.363325,0.354575,0.364149,0.364149,13.041116,3.72232,3.72409,5.0,5.0,17.414197,30.0,1.0,1.0,1.0,0.340981,15315.0,0.340751,1.0
15341.0,0.363059,0.354303,0.363874,0.363874,13.039683,3.790246,3.791828,5.0,5.0,18.20156,30.0,1.0,1.0,1.0,0.340981,15325.0,0.337725,1.0
15351.0,0.36279,0.35403,0.3636,0.3636,13.040002,3.768164,3.769858,5.0,5.0,17.94512,30.0,1.0,1.0,1.0,0.340981,15335.0,0.325916,1.0
15361.0,0.362524,0.353757,0.363322,0.363322,13.041048,3.709541,3.711382,5.0,5.0,17.264939,30.0,1.0,1.0,1.0,0.341123,15345.0,0.335549,1.0
15371.0,0.362256,0.353485,0.363048,0.363048,13.038976,3.809788,3.811638,5.0,5.0,18.427038,30.0,1.0,1.0,1.0,0.341123,15355.0,0.33287,1.0
15381.0,0.361989,0.353212,0.362768,0.362768,13.040983,3.702021,3.703968,5.0,5.0,17.177018,30.0,1.0,1.0,1.0,0.341123,15365.0,0.333462,1.0
15391.0,0.361721,0.352939,0.362492,0.362492,13.039947,3.749271,3.751023,5.0,5.0,17.724608,30.0,1.0,1.0,1.0,0.341123,15375.0,0.332676,1.0
15401.0,0.361453,0.352666,0.362217,0.362217,13.038778,3.803135,3.804952,5.0,5.0,18.34878,30.0,1.0,1.0,1.0,0.341123,15385.0,0.338192,1.0
15411.0,0.361185,0.352393,0.361945,0.361945,13.038922,3.790259,3.791973,5.0,5.0,18.199125,30.0,1.0,1.0,1.0,0.341123,15395.0,0.32963,1.0
15421.0,0.360918,0.352121,0.361667,0.361667,13.039843,3.738038,3.73981,5.0,5.0,17.593259,30.0,1.0,1.0,1.0,0.341282,15405.0,0.318517,1.0
15431.0,0.360652,0.351849,0.361391,0.361391,13.039355,3.75772,3.759579,5.0,5.0,17.821154,30.0,1.0,1.0,1.0,0.341282,15415.0,0.327956,1.0
15441.0,0.360384,0.351576,0.361114,0.361114,13.038083,3.817018,3.818761,5.0,5.0,18.508301,30.0,1.0,1.0,1.0,0.341282,15425.0,0.341338,1.0
15451.0,0.360116,0.351302,0.360841,0.360841,13.039343,3.747086,3.748843,5.0,5.0,17.697105,30.0,1.0,1.0,1.0,0.341282,15435.0,0.335109,1.0
15461.0,0.359848,0.351029,0.360564,0.360564,13.039472,3.734733,3.73655,5.0,5.0,17.553484,30.0,1.0,1.0,1.0,0.341282,15445.0,0.33266,1.0
15471.0,0.359581,0.350757,0.360288,0.360288,13.038808,3.763432,3.765289,5.0,5.0,17.885917,30.0,1.0,1.0,1.0,0.341282,15455.0,0.33629,1.0
15481.0,0.359313,0.350484,0.36001,0.36001,13.038261,3.78593,3.787903,5.0,5.0,18.14641,30.0,1.0,1.0,1.0,0.34145,15465.0,0.332944,1.0
15491.0,0.359045,0.350211,0.359732,0.359732,13.038783,3.753463,3.75526,5.0,5.0,17.769583,30.0,1.0,1.0,1.0,0.34145,15475.0,0.331294,1.0
15501.0,0.358777,0.349937,0.359456,0.359456,13.037766,3.799579,3.80138,5.0,5.0,18.303881,30.0,1.0,1.0,1.0,0.34145,15485.0,0.329684,1.0
15511.0,0.358508,0.349664,0.359178,0.359178,13.03893,3.734505,3.736197,5.0,5.0,17.549007,30.0,1.0,1.0,1.0,0.34145,15495.0,0.33449,1.0
15521.0,0.358241,0.349391,0.358905,0.358905,13.037913,3.781077,3.782816,5.0,5.0,18.088644,30.0,1.0,1.0,1.0,0.34145,15505.0,0.339674,1.0
15531.0,0.357973,0.349118,0.35863,0.35863,13.037824,3.78008,3.78186,5.0,5.0,18.076718,30.0,1.0,1.0,1.0,0.34145,15515.0,0.333126,1.0
15541.0,0.357707,0.348846,0.358356,0.358356,13.037929,3.769582,3.771374,5.0,5.0,17.954665,30.0,1.0,1.0,1.0,0.341604,15525.0,0.329351,1.0
15551.0,0.35744,0.348574,0.358079,0.358079,13.038942,3.712658,3.714642,5.0,5.0,17.294296,30.0,1.0,1.0,1.0,0.341604,15535.0,0.341291,1.0
15561.0,0.357172,0.348301,0.357802,0.357802,13.037852,3.762499,3.764355,5.0,5.0,17.871818,30.0,1.0,1.0,1.0,0.341604,15545.0,0.330855,1.0
15571.0,0.356903,0.348027,0.357525,0.357525,13.036764,3.812342,3.814089,5.0,5.0,18.449282,30.0,1.0,1.0,1.0,0.341604,15555.0,0.327598,1.0
15581.0,0.356635,0.347754,0.357246,0.357246,13.037176,3.785583,3.78728,5.0,5.0,18.138691,30.0,1.0,1.0,1.0,0.341604,15565.0,0.331243,1.0
15591.0,0.356368,0.347481,0.35697,0.35697,13.036884,3.795157,3.796895,5.0,5.0,18.24932,30.0,1.0,1.0,1.0,0.341604,15575.0,0.334148,1.0
15601.0,0.356101,0.347209,0.356695,0.356695,13.036518,3.808645,3.810455,5.0,5.0,18.405341,30.0,1.0,1.0,1.0,0.340685,15585.0,0.329989,1.0
15611.0,0.355834,0.346937,0.356421,0.356421,13.0369,3.783935,3.785723,5.0,5.0,18.11854,30.0,1.0,1.0,1.0,0.340685,15595.0,0.331991,1.0
15621.0,0.355566,0.346664,0.356143,0.356143,13.037076,3.769325,3.771041,5.0,5.0,17.948794,30.0,1.0,1.0,1.0,0.340685,15605.0,0.325416,1.0
15631.0,0.355298,0.346391,0.355868,0.355868,13.03682,3.776774,3.778413,5.0,5.0,18.03478,30.0,1.0,1.0,1.0,0.340685,15615.0,0.324569,1.0
15641.0,0.35503,0.346117,0.355593,0.355593,13.036439,3.79057,3.792368,5.0,5.0,18.194341,30.0,1.0,1.0,1.0,0.340685,15625.0,0.326161,1.0
15651.0,0.354762,0.345844,0.355317,0.355317,13.036969,3.757825,3.75962,5.0,5.0,17.81435,30.0,1.0,1.0,1.0,0.340685,15635.0,0.33668,1.0
15661.0,0.354495,0.345572,0.355042,0.355042,13.036603,3.77135,3.77318,5.0,5.0,17.970804,30.0,1.0,1.0,1.0,0.34085,15645.0,0.334474,1.0
15671.0,0.354227,0.345298,0.354766,0.354766,13.036106,3.790985,3.792825,5.0,5.0,18.198045,30.0,1.0,1.0,1.0,0.34085,15655.0,0.33037,1.0
15681.0,0.353959,0.345025,0.354488,0.354488,13.035377,3.822492,3.824305,5.0,5.0,18.562875,30.0,1.0,1.0,1.0,0.34085,15665.0,0.335598,1.0
15691.0,0.353691,0.344752,0.354211,0.354211,13.035685,3.801217,3.802792,5.0,5.0,18.315899,30.0,1.0,1.0,1.0,0.34085,15675.0,0.337498,1.0
15701.0,0.353423,0.344479,0.353936,0.353936,13.035911,3.78432,3.786117,5.0,5.0,18.119684,30.0,1.0,1.0,1.0,0.34085,15685.0,0.320662,1.0
15711.0,0.353156,0.344206,0.353659,0.353659,13.03688,3.729292,3.731151,5.0,5.0,17.481391,30.0,1.0,1.0,1.0,0.34085,15695.0,0.330269,1.0
15721.0,0.352888,0.343934,0.353384,0.353384,13.036116,3.762967,3.764833,5.0,5.0,17.871431,30.0,1.0,1.0,1.0,0.341009,15705.0,0.329196,1.0
15731.0,0.352621,0.343661,0.353111,0.353111,13.035975,3.764789,3.766577,5.0,5.0,17.892204,30.0,1.0,1.0,1.0,0.341009,15715.0,0.333436,1.0
15741.0,0.352352,0.343387,0.352834,0.352834,13.035127,3.802231,3.803996,5.0,5.0,18.325822,30.0,1.0,1.0,1.0,0.341009,15725.0,0.339466,1.0
15751.0,0.352083,0.343112,0.352559,0.352559,13.034662,3.819828,3.821398,5.0,5.0,18.529373,30.0,1.0,1.0,1.0,0.341009,15735.0,0.341897,1.0
15761.0,0.351816,0.34284,0.352284,0.352284,13.034901,3.802499,3.804204,5.0,5.0,18.328185,30.0,1.0,1.0,1.0,0.341009,15745.0,0.328915,1.0
15771.0,0.351547,0.342566,0.352009,0.352009,13.035506,3.765796,3.767615,5.0,5.0,17.902356,30.0,1.0,1.0,1.0,0.341009,15755.0,0.344011,1.0
15781.0,0.351279,0.342293,0.351737,0.351737,13.035577,3.756541,3.758457,5.0,5.0,17.794708,30.0,1.0,1.0,1.0,0.341167,15765.0,0.325233,1.0
15791.0,0.351012,0.342021,0.351467,0.351467,13.035416,3.759703,3.761489,5.0,5.0,17.831031,30.0,1.0,1.0,1.0,0.341167,15775.0,0.321585,1.0
15801.0,0.350746,0.34175,0.351195,0.351195,13.035153,3.768232,3.770065,5.0,5.0,17.929566,30.0,1.0,1.0,1.0,0.341167,15785.0,0.340091,1.0
15811.0,0.350479,0.341477,0.350918,0.350918,13.035567,3.741737,3.743527,5.0,5.0,17.622088,30.0,1.0,1.0,1.0,0.341167,15795.0,0.342304,1.0
15821.0,0.350212,0.341205,0.350644,0.350644,13.034583,3.786793,3.788609,5.0,5.0,18.14402,30.0,1.0,1.0,1.0,0.341167,15805.0,0.331121,1.0
15831.0,0.349945,0.340933,0.350371,0.350371,13.034087,3.806902,3.808606,5.0,5.0,18.376733,30.0,1.0,1.0,1.0,0.341167,15815.0,0.344428,1.0
15841.0,0.349678,0.34066,0.350098,0.350098,13.035225,3.743335,3.745105,5.0,5.0,17.639571,30.0,1.0,1.0,1.0,0.341376,15825.0,0.327164,1.0
15851.0,0.34941,0.340387,0.349822,0.349822,13.035079,3.745438,3.747182,5.0,5.0,17.663601,30.0,1.0,1.0,1.0,0.341376,15835.0,0.328296,1.0
15861.0,0.349143,0.340115,0.349546,0.349546,13.034521,3.768559,3.770273,5.0,5.0,17.931246,30.0,1.0,1.0,1.0,0.341376,15845.0,0.339566,1.0
15871.0,0.348875,0.339842,0.349272,0.349272,13.033321,3.824282,3.826029,5.0,5.0,18.576708,30.0,1.0,1.0,1.0,0.341376,15855.0,0.325147,1.0
15881.0,0.348608,0.339569,0.348998,0.348998,13.034271,3.770376,3.772329,5.0,5.0,17.951588,30.0,1.0,1.0,1.0,0.341376,15865.0,0.341047,1.0
15891.0,0.34834,0.339296,0.348722,0.348722,13.033346,3.812114,3.813798,5.0,5.0,18.434969,30.0,1.0,1.0,1.0,0.341376,15875.0,0.336945,1.0
15901.0,0.348073,0.339024,0.348448,0.348448,13.033388,3.804759,3.806654,5.0,5.0,18.349379,30.0,1.0,1.0,1.0,0.340464,15885.0,0.335353,1.0
15911.0,0.347806,0.338751,0.348178,0.348178,13.03319,3.809318,3.811161,5.0,5.0,18.40184,30.0,1.0,1.0,1.0,0.340464,15895.0,0.329531,1.0
15921.0,0.347538,0.338478,0.347904,0.347904,13.0338,3.772514,3.774302,5.0,5.0,17.97492,30.0,1.0,1.0,1.0,0.340464,15905.0,0.334951,1.0
15931.0,0.347269,0.338204,0.347629,0.347629,13.033248,3.794938,3.796812,5.0,5.0,18.234431,30.0,1.0,1.0,1.0,0.340464,15915.0,0.328065,1.0
15941.0,0.347001,0.337931,0.347353,0.347353,13.03375,3.763757,3.765622,5.0,5.0,17.872678,30.0,1.0,1.0,1.0,0.340464,15925.0,0.32323,1.0
15951.0,0.346733,0.337658,0.347078,0.347078,13.033386,3.776704,3.778372,5.0,5.0,18.022367,30.0,1.0,1.0,1.0,0.340464,15935.0,0.345387,1.0
15961.0,0.346465,0.337385,0.346803,0.346803,13.032843,3.798767,3.800529,5.0,5.0,18.277686,30.0,1.0,1.0,1.0,0.340632,15945.0,0.337553,1.0
15971.0,0.346198,0.337112,0.34653,0.34653,13.033872,3.741004,3.742759,5.0,5.0,17.607873,30.0,1.0,1.0,1.0,0.340632,15955.0,0.33622,1.0
15981.0,0.345931,0.33684,0.346258,0.346258,13.032098,3.826195,3.827898,5.0,5.0,18.594817,30.0,1.0,1.0,1.0,0.340632,15965.0,0.329171,1.0
15991.0,0.345664,0.336567,0.345984,0.345984,13.033186,3.765338,3.767117,5.0,5.0,17.889208,30.0,1.0,1.0,1.0,0.340632,15975.0,0.339836,1.0
16001.0,0.345395,0.336293,0.345708,0.345708,13.032114,3.8142,3.816124,5.0,5.0,18.455074,30.0,1.0,1.0,1.0,0.340632,15985.0,0.331447,1.0
16011.0,0.345128,0.336021,0.345436,0.345436,13.033393,3.743533,3.745396,5.0,5.0,17.635753,30.0,1.0,1.0,1.0,0.340632,15995.0,0.327826,1.0
16021.0,0.34486,0.335748,0.345162,0.345162,13.032565,3.780257,3.782047,5.0,5.0,18.061006,30.0,1.0,1.0,1.0,0.34081,16005.0,0.334595,1.0
16031.0,0.344593,0.335475,0.344888,0.344888,13.032918,3.757023,3.758769,5.0,5.0,17.791388,30.0,1.0,1.0,1.0,0.34081,16015.0,0.33506,1.0
16041.0,0.344326,0.335203,0.344615,0.344615,13.032631,3.766443,3.768197,5.0,5.0,17.900222,30.0,1.0,1.0,1.0,0.34081,16025.0,0.322062,1.0
16051.0,0.344059,0.334931,0.344344,0.344344,13.032795,3.752736,3.754616,5.0,5.0,17.741008,30.0,1.0,1.0,1.0,0.34081,16035.0,0.330973,1.0
16061.0,0.343791,0.334658,0.344068,0.344068,13.032204,3.777368,3.778974,5.0,5.0,18.02611,30.0,1.0,1.0,1.0,0.34081,16045.0,0.331888,1.0
16071.0,0.343522,0.334384,0.343792,0.343792,13.03224,3.769572,3.771478,5.0,5.0,17.935367,30.0,1.0,1.0,1.0,0.34081,16055.0,0.336189,1.0
16081.0,0.343255,0.334111,0.343518,0.343518,13.031753,3.789111,3.791039,5.0,5.0,18.161447,30.0,1.0,1.0,1.0,0.34099,16065.0,0.343156,1.0
16091.0,0.342987,0.333838,0.343244,0.343244,13.031656,3.788445,3.790416,5.0,5.0,18.153358,30.0,1.0,1.0,1.0,0.34099,16075.0,0.342606,1.0
16101.0,0.342719,0.333565,0.342972,0.342972,13.032609,3.734466,3.736259,5.0,5.0,17.527446,30.0,1.0,1.0,1.0,0.34099,16085.0,0.33212,1.0
16111.0,0.342451,0.333292,0.342698,0.342698,13.030685,3.8271,3.828874,5.0,5.0,18.600531,30.0,1.0,1.0,1.0,0.34099,16095.0,0.318463,1.0
16121.0,0.342183,0.333019,0.342423,0.342423,13.03103,3.803872,3.805512,5.0,5.0,18.331019,30.0,1.0,1.0,1.0,0.34099,16105.0,0.341412,1.0
16131.0,0.341916,0.332746,0.342152,0.342152,13.031652,3.766642,3.768487,5.0,5.0,17.899244,30.0,1.0,1.0,1.0,0.34099,16115.0,0.333616,1.0
16141.0,0.341647,0.332472,0.341875,0.341875,13.031659,3.760257,3.762071,5.0,5.0,17.82485,30.0,1.0,1.0,1.0,0.341162,16125.0,0.337329,1.0
16151.0,0.341379,0.332199,0.341601,0.341601,13.031651,3.755151,3.7569,5.0,5.0,17.765318,30.0,1.0,1.0,1.0,0.341162,16135.0,0.339598,1.0
16161.0,0.341111,0.331925,0.341329,0.341329,13.03145,3.759806,3.761635,5.0,5.0,17.818897,30.0,1.0,1.0,1.0,0.341162,16145.0,0.33884,1.0
16171.0,0.340844,0.331653,0.341056,0.341056,13.031319,3.761425,3.763171,5.0,5.0,17.837314,30.0,1.0,1.0,1.0,0.341162,16155.0,0.335594,1.0
16181.0,0.340576,0.33138,0.340783,0.340783,13.03135,3.754137,3.755924,5.0,5.0,17.752491,30.0,1.0,1.0,1.0,0.341162,16165.0,0.339102,1.0
16191.0,0.340307,0.331106,0.340507,0.340507,13.030243,3.804902,3.806613,5.0,5.0,18.340348,30.0,1.0,1.0,1.0,0.341162,16175.0,0.336287,1.0
16201.0,0.340071,0.330865,0.340233,0.340233,13.113205,-0.423585,-0.421373,60.0,60.0,18.221089,30.0,1.0,1.0,1.0,0.341345,16185.0,0.351572,1.0
16211.0,0.340102,0.330897,0.340367,0.340367,13.114196,-0.368337,-0.366365,60.0,60.0,18.868671,30.0,1.0,1.0,1.0,0.341345,16195.0,0.359659,1.0
16221.0,0.340133,0.330928,0.340494,0.340494,13.11815,-0.469797,-0.467639,60.0,60.0,17.677058,30.0,1.0,1.0,1.0,0.341345,16205.0,0.359208,1.0
16231.0,0.340165,0.33096,0.340623,0.340623,13.119754,-0.455913,-0.453726,60.0,60.0,17.839292,30.0,1.0,1.0,1.0,0.341345,16215.0,0.374447,1.0
16241.0,0.340196,0.330991,0.340752,0.340752,13.121633,-0.460938,-0.458855,60.0,60.0,17.779553,30.0,1.0,1.0,1.0,0.341345,16225.0,0.361252,1.0
16251.0,0.340227,0.331023,0.340882,0.340882,13.122929,-0.440565,-0.438505,60.0,60.0,18.018128,30.0,1.0,1.0,1.0,0.341345,16235.0,0.354725,1.0
16261.0,0.340257,0.331054,0.341009,0.341009,13.123816,-0.403707,-0.401521,60.0,60.0,18.450364,30.0,1.0,1.0,1.0,0.342078,16245.0,0.361022,1.0
16271.0,0.340287,0.331085,0.341135,0.341135,13.125828,-0.428298,-0.426294,60.0,60.0,18.160978,30.0,1.0,1.0,1.0,0.342078,16255.0,0.35878,1.0
16281.0,0.340318,0.331115,0.341258,0.341258,13.126963,-0.411952,-0.409703,60.0,60.0,18.352438,30.0,1.0,1.0,1.0,0.342078,16265.0,0.356169,1.0
16291.0,0.340349,0.331148,0.341387,0.341387,13.129457,-0.467999,-0.465895,60.0,60.0,17.693421,30.0,1.0,1.0,1.0,0.342078,16275.0,0.355321,1.0
16301.0,0.340381,0.33118,0.341514,0.341514,13.129934,-0.424448,-0.422224,60.0,60.0,18.204612,30.0,1.0,1.0,1.0,0.342078,16285.0,0.360193,1.0
16311.0,0.340412,0.331211,0.341641,0.341641,13.131068,-0.41808,-0.41587,60.0,60.0,18.278961,30.0,1.0,1.0,1.0,0.342078,16295.0,0.35476,1.0
16321.0,0.340443,0.331243,0.341765,0.341765,13.133444,-0.478172,-0.476236,60.0,60.0,17.572273,30.0,1.0,1.0,1.0,0.342834,16305.0,0.364827,1.0
16331.0,0.340473,0.331273,0.341888,0.341888,13.13288,-0.391639,-0.389519,60.0,60.0,18.588838,30.0,1.0,1.0,1.0,0.342834,16315.0,0.358595,1.0
16341.0,0.340503,0.331303,0.342011,0.342011,13.134562,-0.42255,-0.420418,60.0,60.0,18.225152,30.0,1.0,1.0,1.0,0.342834,16325.0,0.355607,1.0
16351.0,0.340534,0.331335,0.342133,0.342133,13.136467,-0.466984,-0.464898,60.0,60.0,17.702415,30.0,1.0,1.0,1.0,0.342834,16335.0,0.374978,1.0
16361.0,0.340563,0.331364,0.342254,0.342254,13.137881,-0.489652,-0.487553,60.0,60.0,17.435491,30.0,1.0,1.0,1.0,0.342834,16345.0,0.351287,1.0
16371.0,0.340594,0.331396,0.342366,0.342366,13.13843,-0.469704,-0.467577,60.0,60.0,17.669632,30.0,1.0,1.0,1.0,0.342834,16354.0,0.357279,1.0
16381.0,0.340625,0.331428,0.342489,0.342489,13.138408,-0.423099,-0.420978,60.0,60.0,18.217243,30.0,1.0,1.0,1.0,0.34355,16364.0,0.354838,1.0
16391.0,0.340656,0.331459,0.342609,0.342609,13.140685,-0.496109,-0.494177,60.0,60.0,17.358378,30.0,1.0,1.0,1.0,0.34355,16374.0,0.35973,1.0
16401.0,0.340688,0.331491,0.342729,0.342729,13.141306,-0.486102,-0.483961,60.0,60.0,17.475704,30.0,1.0,1.0,1.0,0.34355,16384.0,0.36203,1.0
16411.0,0.340719,0.331523,0.342851,0.342851,13.140708,-0.416348,-0.414292,60.0,60.0,18.295719,30.0,1.0,1.0,1.0,0.34355,16394.0,0.362746,1.0
16421.0,0.34075,0.331554,0.342971,0.342971,13.142162,-0.453216,-0.45113,60.0,60.0,17.861858,30.0,1.0,1.0,1.0,0.34355,16404.0,0.351491,1.0
16431.0,0.340781,0.331586,0.343089,0.343089,13.143734,-0.497828,-0.495735,60.0,60.0,17.336817,30.0,1.0,1.0,1.0,0.34355,16414.0,0.355044,1.0
16441.0,0.340813,0.331618,0.343212,0.343212,13.143181,-0.435237,-0.433189,60.0,60.0,18.072773,30.0,1.0,1.0,1.0,0.344281,16424.0,0.360767,1.0
16451.0,0.340846,0.331651,0.343333,0.343333,13.144378,-0.463589,-0.461471,60.0,60.0,17.73902,30.0,1.0,1.0,1.0,0.344281,16434.0,0.351798,1.0
16461.0,0.340876,0.331682,0.343451,0.343451,13.143318,-0.379104,-0.377018,60.0,60.0,18.73252,30.0,1.0,1.0,1.0,0.344281,16444.0,0.349604,1.0
16471.0,0.340908,0.331714,0.343569,0.343569,13.144641,-0.417132,-0.414998,60.0,60.0,18.28503,30.0,1.0,1.0,1.0,0.344281,16454.0,0.353697,1.0
16481.0,0.340939,0.331746,0.343685,0.343685,13.147016,-0.510429,-0.508256,60.0,60.0,17.187204,30.0,1.0,1.0,1.0,0.344281,16464.0,0.361189,1.0
16491.0,0.34097,0.331777,0.343806,0.343806,13.146756,-0.470744,-0.468739,60.0,60.0,17.653905,30.0,1.0,1.0,1.0,0.344281,16474.0,0.357822,1.0
16501.0,0.341001,0.331809,0.343924,0.343924,13.147017,-0.458668,-0.456529,60.0,60.0,17.795785,30.0,1.0,1.0,1.0,0.344995,16484.0,0.348502,1.0
16511.0,0.341034,0.331842,0.34404,0.34404,13.147051,-0.435955,-0.433895,60.0,60.0,18.062819,30.0,1.0,1.0,1.0,0.344995,16494.0,0.362341,1.0
16521.0,0.341065,0.331873,0.344158,0.344158,13.147247,-0.422986,-0.420854,60.0,60.0,18.215234,30.0,1.0,1.0,1.0,0.344995,16504.0,0.360944,1.0
16531.0,0.341095,0.331904,0.344271,0.344271,13.147082,-0.393232,-0.390972,60.0,60.0,18.565128,30.0,1.0,1.0,1.0,0.344995,16514.0,0.359569,1.0
16541.0,0.341127,0.331937,0.344387,0.344387,13.150037,-0.522666,-0.520654,60.0,60.0,17.041909,30.0,1.0,1.0,1.0,0.344995,16524.0,0.350505,1.0
16551.0,0.341158,0.331967,0.344499,0.344499,13.148869,-0.443592,-0.441391,60.0,60.0,17.972301,30.0,1.0,1.0,1.0,0.344995,16534.0,0.364631,1.0
16561.0,0.341188,0.331998,0.34461,0.34461,13.149046,-0.434081,-0.432047,60.0,60.0,18.084075,30.0,1.0,1.0,1.0,0.345682,16544.0,0.358305,1.0
16571.0,0.34122,0.332031,0.344721,0.344721,13.150345,-0.481983,-0.479911,60.0,60.0,17.52022,30.0,1.0,1.0,1.0,0.345682,16554.0,0.357872,1.0
16581.0,0.34125,0.332062,0.344833,0.344833,13.150541,-0.47514,-0.473038,60.0,60.0,17.600612,30.0,1.0,1.0,1.0,0.345682,16564.0,0.360651,1.0
16591.0,0.341282,0.332094,0.344947,0.344947,13.150036,-0.432749,-0.430655,60.0,60.0,18.099359,30.0,1.0,1.0,1.0,0.345682,16574.0,0.357926,1.0
16601.0,0.341314,0.332126,0.34506,0.34506,13.150582,-0.444859,-0.442824,60.0,60.0,17.956725,30.0,1.0,1.0,1.0,0.345682,16584.0,0.3596,1.0
16611.0,0.341345,0.332158,0.34517,0.34517,13.151566,-0.480285,-0.478229,60.0,60.0,17.539664,30.0,1.0,1.0,1.0,0.345682,16594.0,0.360565,1.0
16621.0,0.341377,0.33219,0.345284,0.345284,13.151394,-0.457143,-0.454951,60.0,60.0,17.811924,30.0,1.0,1.0,1.0,0.346362,16604.0,0.355235,1.0
16631.0,0.341409,0.332222,0.345398,0.345398,13.15172,-0.459916,-0.457817,60.0,60.0,17.779178,30.0,1.0,1.0,1.0,0.346362,16614.0,0.356525,1.0
16641.0,0.341439,0.332253,0.345502,0.345502,13.152379,-0.480964,-0.478873,60.0,60.0,17.531334,30.0,1.0,1.0,1.0,0.346362,16624.0,0.359957,1.0
16651.0,0.341471,0.332286,0.345616,0.345616,13.152846,-0.492208,-0.490128,60.0,60.0,17.398871,30.0,1.0,1.0,1.0,0.346362,16634.0,0.354924,1.0
16661.0,0.341502,0.332317,0.345726,0.345726,13.15201,-0.437898,-0.435805,60.0,60.0,18.038039,30.0,1.0,1.0,1.0,0.346362,16644.0,0.356763,1.0
16671.0,0.341533,0.332348,0.345835,0.345835,13.152364,-0.445088,-0.442845,60.0,60.0,17.953322,30.0,1.0,1.0,1.0,0.346362,16654.0,0.362628,1.0
16681.0,0.341563,0.332379,0.345944,0.345944,13.150609,-0.345311,-0.34317,60.0,60.0,19.127484,30.0,1.0,1.0,1.0,0.347018,16664.0,0.36149,1.0
16691.0,0.341595,0.332411,0.346051,0.346051,13.153706,-0.492902,-0.490585,60.0,60.0,17.390322,30.0,1.0,1.0,1.0,0.347018,16674.0,0.354718,1.0
16701.0,0.341626,0.332442,0.346159,0.346159,13.152874,-0.440904,-0.438899,60.0,60.0,18.002332,30.0,1.0,1.0,1.0,0.347018,16684.0,0.348869,1.0
16711.0,0.341657,0.332474,0.346266,0.346266,13.152854,-0.430779,-0.428683,60.0,60.0,18.121437,30.0,1.0,1.0,1.0,0.347018,16694.0,0.351146,1.0
16721.0,0.341688,0.332506,0.346374,0.346374,13.153796,-0.469781,-0.46766,60.0,60.0,17.662278,30.0,1.0,1.0,1.0,0.347018,16704.0,0.358583,1.0
16731.0,0.34172,0.332538,0.346482,0.346482,13.152716,-0.406039,-0.403785,60.0,60.0,18.412501,30.0,1.0,1.0,1.0,0.347018,16714.0,0.357967,1.0
16741.0,0.341751,0.332569,0.346586,0.346586,13.152625,-0.39342,-0.391325,60.0,60.0,18.560969,30.0,1.0,1.0,1.0,0.347666,16724.0,0.360163,1.0
16751.0,0.341782,0.332601,0.346691,0.346691,13.153644,-0.43768,-0.435514,60.0,60.0,18.039963,30.0,1.0,1.0,1.0,0.347666,16734.0,0.351836,1.0
16761.0,0.341814,0.332634,0.346797,0.346797,13.154322,-0.464719,-0.462655,60.0,60.0,17.7216,30.0,1.0,1.0,1.0,0.347666,16744.0,0.352685,1.0
16771.0,0.341845,0.332665,0.346902,0.346902,13.152996,-0.389979,-0.387857,60.0,60.0,18.601313,30.0,1.0,1.0,1.0,0.347666,16754.0,0.363419,1.0
16781.0,0.341878,0.332698,0.347008,0.347008,13.153668,-0.41724,-0.41504,60.0,60.0,18.280397,30.0,1.0,1.0,1.0,0.347666,16764.0,0.354445,1.0
16791.0,0.341908,0.332729,0.347111,0.347111,13.154334,-0.444952,-0.442741,60.0,60.0,17.954137,30.0,1.0,1.0,1.0,0.347666,16774.0,0.364218,1.0
16801.0,0.341939,0.33276,0.347209,0.347209,13.154586,-0.452059,-0.449822,60.0,60.0,17.870435,30.0,1.0,1.0,1.0,0.348288,16784.0,0.358997,1.0
16811.0,0.34197,0.332791,0.347312,0.347312,13.154174,-0.425319,-0.422972,60.0,60.0,18.185171,30.0,1.0,1.0,1.0,0.348288,16794.0,0.361245,1.0
16821.0,0.342,0.332822,0.347412,0.347412,13.154641,-0.443696,-0.441557,60.0,60.0,17.96879,30.0,1.0,1.0,1.0,0.348288,16804.0,0.350489,1.0
16831.0,0.342031,0.332854,0.347511,0.347511,13.15452,-0.432218,-0.429991,60.0,60.0,18.103876,30.0,1.0,1.0,1.0,0.348288,16814.0,0.361958,1.0
16841.0,0.342062,0.332885,0.347613,0.347613,13.155664,-0.485528,-0.483296,60.0,60.0,17.476219,30.0,1.0,1.0,1.0,0.348288,16824.0,0.363159,1.0
16851.0,0.342094,0.332917,0.347713,0.347713,13.154401,-0.416036,-0.413731,60.0,60.0,18.294284,30.0,1.0,1.0,1.0,0.348288,16834.0,0.360739,1.0
16861.0,0.342125,0.332949,0.347813,0.347813,13.154516,-0.417168,-0.415019,60.0,60.0,18.280925,30.0,1.0,1.0,1.0,0.348889,16844.0,0.355388,1.0
16871.0,0.342155,0.332979,0.347913,0.347913,13.15437,-0.405646,-0.403452,60.0,60.0,18.416523,30.0,1.0,1.0,1.0,0.348889,16854.0,0.359254,1.0
16881.0,0.342185,0.33301,0.34801,0.34801,13.155297,-0.448909,-0.446852,60.0,60.0,17.907203,30.0,1.0,1.0,1.0,0.348889,16864.0,0.354935,1.0
16891.0,0.342216,0.333041,0.34811,0.34811,13.154083,-0.383121,-0.381046,60.0,60.0,18.681612,30.0,1.0,1.0,1.0,0.348889,16874.0,0.358259,1.0
16901.0,0.342246,0.333072,0.348208,0.348208,13.15442,-0.396582,-0.394461,60.0,60.0,18.523142,30.0,1.0,1.0,1.0,0.348889,16884.0,0.364975,1.0
16911.0,0.342276,0.333102,0.348306,0.348306,13.154632,-0.404052,-0.401895,60.0,60.0,18.435184,30.0,1.0,1.0,1.0,0.348889,16894.0,0.354016,1.0
16921.0,0.342307,0.333134,0.348404,0.348404,13.154265,-0.381576,-0.379468,60.0,60.0,18.699723,30.0,1.0,1.0,1.0,0.34947,16904.0,0.358682,1.0
16931.0,0.342339,0.333166,0.348504,0.348504,13.154525,-0.391031,-0.388999,60.0,60.0,18.588407,30.0,1.0,1.0,1.0,0.34947,16914.0,0.355477,1.0
16941.0,0.342371,0.333198,0.348603,0.348603,13.155626,-0.443547,-0.441391,60.0,60.0,17.970152,30.0,1.0,1.0,1.0,0.34947,16924.0,0.366787,1.0
16951.0,0.342402,0.33323,0.348699,0.348699,13.156232,-0.471208,-0.469155,60.0,60.0,17.644456,30.0,1.0,1.0,1.0,0.34947,16934.0,0.348747,1.0
16961.0,0.342433,0.333262,0.348796,0.348796,13.156107,-0.461722,-0.45954,60.0,60.0,17.756119,30.0,1.0,1.0,1.0,0.34947,16944.0,0.364679,1.0
16971.0,0.342466,0.333294,0.348893,0.348893,13.155854,-0.445272,-0.443135,60.0,60.0,17.949764,30.0,1.0,1.0,1.0,0.34947,16954.0,0.356412,1.0
16981.0,0.342497,0.333327,0.348989,0.348989,13.155418,-0.419946,-0.417843,60.0,60.0,18.247908,30.0,1.0,1.0,1.0,0.350066,16964.0,0.358873,1.0
16991.0,0.34253,0.33336,0.349084,0.349084,13.157163,-0.505738,-0.503543,60.0,60.0,17.237768,30.0,1.0,1.0,1.0,0.350066,16974.0,0.360062,1.0
17001.0,0.34256,0.33339,0.349178,0.349178,13.155816,-0.434788,-0.43267,60.0,60.0,18.073137,30.0,1.0,1.0,1.0,0.350066,16984.0,0.36187,1.0
17011.0,0.342592,0.333423,0.349273,0.349273,13.155398,-0.410527,-0.408498,60.0,60.0,18.358731,30.0,1.0,1.0,1.0,0.350066,16994.0,0.372719,1.0
17021.0,0.342623,0.333454,0.349368,0.349368,13.155239,-0.400045,-0.398032,60.0,60.0,18.482105,30.0,1.0,1.0,1.0,0.350066,17004.0,0.351067,1.0
17031.0,0.342654,0.333486,0.349458,0.349458,13.156784,-0.476507,-0.474263,60.0,60.0,17.581881,30.0,1.0,1.0,1.0,0.350066,17014.0,0.3651,1.0
17041.0,0.342685,0.333517,0.349549,0.349549,13.155851,-0.426834,-0.424612,60.0,60.0,18.166705,30.0,1.0,1.0,1.0,0.350628,17024.0,0.357485,1.0
17051.0,0.342715,0.333548,0.349643,0.349643,13.156354,-0.450549,-0.448472,60.0,60.0,17.887482,30.0,1.0,1.0,1.0,0.350628,17034.0,0.359508,1.0
17061.0,0.342746,0.333579,0.349737,0.349737,13.155696,-0.414937,-0.412735,60.0,60.0,18.306735,30.0,1.0,1.0,1.0,0.350628,17044.0,0.348368,1.0
17071.0,0.342778,0.333611,0.349828,0.349828,13.156917,-0.474911,-0.472768,60.0,60.0,17.600603,30.0,1.0,1.0,1.0,0.350628,17054.0,0.363688,1.0
17081.0,0.342809,0.333643,0.349922,0.349922,13.155488,-0.400056,-0.398032,60.0,60.0,18.481893,30.0,1.0,1.0,1.0,0.350628,17064.0,0.357618,1.0
17091.0,0.342842,0.333676,0.350014,0.350014,13.157297,-0.489908,-0.487906,60.0,60.0,17.423969,30.0,1.0,1.0,1.0,0.350628,17074.0,0.362326,1.0
17101.0,0.342872,0.333707,0.350107,0.350107,13.155824,-0.412981,-0.410803,60.0,60.0,18.329696,30.0,1.0,1.0,1.0,0.351189,17084.0,0.353656,1.0
17111.0,0.342903,0.333738,0.350196,0.350196,13.156243,-0.432713,-0.430634,60.0,60.0,18.097385,30.0,1.0,1.0,1.0,0.351189,17094.0,0.363639,1.0
17121.0,0.342934,0.33377,0.350289,0.350289,13.156422,-0.440102,-0.437882,60.0,60.0,18.010377,30.0,1.0,1.0,1.0,0.351189,17104.0,0.360644,1.0
17131.0,0.342966,0.333803,0.350381,0.350381,13.157133,-0.474375,-0.472145,60.0,60.0,17.606811,30.0,1.0,1.0,1.0,0.351189,17114.0,0.366495,1.0
17141.0,0.342999,0.333835,0.350472,0.350472,13.157718,-0.502229,-0.500012,60.0,60.0,17.27881,30.0,1.0,1.0,1.0,0.351189,17124.0,0.350829,1.0
17151.0,0.343029,0.333866,0.350559,0.350559,13.155805,-0.403363,-0.40123,60.0,60.0,18.442861,30.0,1.0,1.0,1.0,0.351189,17134.0,0.36466,1.0
17161.0,0.343059,0.333896,0.350647,0.350647,13.156759,-0.451022,-0.448971,60.0,60.0,17.881752,30.0,1.0,1.0,1.0,0.351723,17144.0,0.357005,1.0
17171.0,0.343091,0.333929,0.350736,0.350736,13.157218,-0.472496,-0.47038,60.0,60.0,17.628895,30.0,1.0,1.0,1.0,0.351723,17154.0,0.353424,1.0
17181.0,0.343122,0.333961,0.350823,0.350823,13.156728,-0.446049,-0.443945,60.0,60.0,17.940281,30.0,1.0,1.0,1.0,0.351723,17164.0,0.355185,1.0
17191.0,0.343154,0.333993,0.350911,0.350911,13.157028,-0.459844,-0.457713,60.0,60.0,17.777843,30.0,1.0,1.0,1.0,0.351723,17174.0,0.359791,1.0
17201.0,0.343184,0.334024,0.351,0.351,13.156225,-0.417651,-0.415517,60.0,60.0,18.274611,30.0,1.0,1.0,1.0,0.351723,17184.0,0.354836,1.0
17211.0,0.343215,0.334055,0.351087,0.351087,13.156423,-0.426549,-0.424405,60.0,60.0,18.169836,30.0,1.0,1.0,1.0,0.351723,17194.0,0.355631,1.0
17221.0,0.343248,0.334088,0.351176,0.351176,13.157623,-0.4861,-0.483878,60.0,60.0,17.46864,30.0,1.0,1.0,1.0,0.352257,17204.0,0.346664,1.0
17231.0,0.343279,0.334119,0.351265,0.351265,13.157169,-0.461674,-0.45954,60.0,60.0,17.756252,30.0,1.0,1.0,1.0,0.352257,17214.0,0.363818,1.0
17241.0,0.343309,0.33415,0.351349,0.351349,13.157537,-0.479512,-0.477482,60.0,60.0,17.546195,30.0,1.0,1.0,1.0,0.352257,17224.0,0.353127,1.0
17251.0,0.343341,0.334183,0.351437,0.351437,13.157295,-0.465749,-0.463693,60.0,60.0,17.70825,30.0,1.0,1.0,1.0,0.352257,17234.0,0.365802,1.0
17261.0,0.343371,0.334213,0.351525,0.351525,13.156881,-0.443684,-0.441578,60.0,60.0,17.968043,30.0,1.0,1.0,1.0,0.352257,17244.0,0.360513,1.0
17271.0,0.343401,0.334244,0.35161,0.35161,13.156328,-0.41474,-0.41261,60.0,60.0,18.30882,30.0,1.0,1.0,1.0,0.352257,17254.0,0.357358,1.0
17281.0,0.343432,0.334275,0.351693,0.351693,13.156433,-0.419287,-0.417116,60.0,60.0,18.255273,30.0,1.0,1.0,1.0,0.352767,17264.0,0.364582,1.0
17291.0,0.343464,0.334308,0.351778,0.351778,13.157643,-0.479369,-0.477336,60.0,60.0,17.547837,30.0,1.0,1.0,1.0,0.352767,17274.0,0.357554,1.0
17301.0,0.343494,0.334338,0.351862,0.351862,13.155768,-0.382919,-0.380901,60.0,60.0,18.683412,30.0,1.0,1.0,1.0,0.352767,17284.0,0.346873,1.0
17311.0,0.343526,0.33437,0.351945,0.351945,13.156585,-0.423555,-0.421415,60.0,60.0,18.204998,30.0,1.0,1.0,1.0,0.352767,17294.0,0.352933,1.0
17321.0,0.343557,0.334402,0.352028,0.352028,13.157696,-0.479071,-0.476942,60.0,60.0,17.55132,30.0,1.0,1.0,1.0,0.352767,17304.0,0.360356,1.0
17331.0,0.343587,0.334433,0.352112,0.352112,13.156051,-0.394436,-0.392488,60.0,60.0,18.547808,30.0,1.0,1.0,1.0,0.352767,17314.0,0.365072,1.0
17341.0,0.343619,0.334464,0.352197,0.352197,13.155841,-0.382685,-0.38061,60.0,60.0,18.686137,30.0,1.0,1.0,1.0,0.353273,17324.0,0.361171,1.0
17351.0,0.34365,0.334496,0.352281,0.352281,13.157335,-0.457896,-0.455886,60.0,60.0,17.80063,30.0,1.0,1.0,1.0,0.353273,17334.0,0.365305,1.0
17361.0,0.343681,0.334528,0.352366,0.352366,13.156512,-0.414815,-0.412672,60.0,60.0,18.307871,30.0,1.0,1.0,1.0,0.353273,17344.0,0.358043,1.0
17371.0,0.343713,0.33456,0.352449,0.352449,13.157321,-0.454995,-0.452895,60.0,60.0,17.834776,30.0,1.0,1.0,1.0,0.353273,17354.0,0.361458,1.0
17381.0,0.343744,0.334592,0.352532,0.352532,13.157515,-0.463873,-0.461887,60.0,60.0,17.730233,30.0,1.0,1.0,1.0,0.353273,17364.0,0.353879,1.0
17391.0,0.343775,0.334623,0.352614,0.352614,13.157714,-0.473288,-0.471065,60.0,60.0,17.619354,30.0,1.0,1.0,1.0,0.353273,17374.0,0.358477,1.0
17401.0,0.343806,0.334655,0.352695,0.352695,13.157054,-0.438517,-0.436366,60.0,60.0,18.028776,30.0,1.0,1.0,1.0,0.353773,17384.0,0.36039,1.0
17411.0,0.343836,0.334685,0.352775,0.352775,13.156783,-0.424131,-0.422121,60.0,60.0,18.198151,30.0,1.0,1.0,1.0,0.353773,17394.0,0.358129,1.0
17421.0,0.343866,0.334715,0.352856,0.352856,13.155962,-0.382094,-0.379925,60.0,60.0,18.693049,30.0,1.0,1.0,1.0,0.353773,17404.0,0.361553,1.0
17431.0,0.343897,0.334746,0.352935,0.352935,13.156797,-0.4239,-0.421871,60.0,60.0,18.200864,30.0,1.0,1.0,1.0,0.353773,17414.0,0.358479,1.0
17441.0,0.343928,0.334778,0.353014,0.353014,13.157426,-0.455057,-0.452999,60.0,60.0,17.834006,30.0,1.0,1.0,1.0,0.353773,17424.0,0.35219,1.0
17451.0,0.34396,0.334811,0.353098,0.353098,13.156567,-0.409865,-0.407958,60.0,60.0,18.366093,30.0,1.0,1.0,1.0,0.353773,17434.0,0.356868,1.0
17461.0,0.343991,0.334842,0.353176,0.353176,13.157912,-0.477591,-0.475675,60.0,60.0,17.56864,30.0,1.0,1.0,1.0,0.354251,17444.0,0.347352,1.0
17471.0,0.344022,0.334874,0.353253,0.353253,13.157165,-0.438737,-0.436636,60.0,60.0,18.026139,30.0,1.0,1.0,1.0,0.354251,17453.0,0.36325,1.0
17481.0,0.344054,0.334906,0.353335,0.353335,13.15726,-0.442357,-0.440207,60.0,60.0,17.983509,30.0,1.0,1.0,1.0,0.354251,17463.0,0.362723,1.0
17491.0,0.344085,0.334938,0.353412,0.353412,13.156957,-0.426125,-0.424114,60.0,60.0,18.17462,30.0,1.0,1.0,1.0,0.354251,17473.0,0.348421,1.0
17501.0,0.344115,0.334968,0.353487,0.353487,13.156917,-0.423685,-0.421581,60.0,60.0,18.203343,30.0,1.0,1.0,1.0,0.354251,17483.0,0.357552,1.0
17511.0,0.344147,0.335,0.353563,0.353563,13.156422,-0.397472,-0.395229,60.0,60.0,18.511954,30.0,1.0,1.0,1.0,0.354251,17493.0,0.358979,1.0
17521.0,0.344178,0.335032,0.353639,0.353639,13.156909,-0.421491,-0.419234,60.0,60.0,18.229162,30.0,1.0,1.0,1.0,0.354717,17503.0,0.36133,1.0
17531.0,0.344208,0.335063,0.353715,0.353715,13.156138,-0.381648,-0.379551,60.0,60.0,18.698243,30.0,1.0,1.0,1.0,0.354717,17513.0,0.358078,1.0
17541.0,0.34424,0.335094,0.35379,0.35379,13.158223,-0.487199,-0.485207,60.0,60.0,17.455441,30.0,1.0,1.0,1.0,0.354717,17523.0,0.355104,1.0
17551.0,0.34427,0.335126,0.353871,0.353871,13.156288,-0.387835,-0.385802,60.0,60.0,18.625399,30.0,1.0,1.0,1.0,0.354717,17533.0,0.357102,1.0
17561.0,0.344303,0.335159,0.353948,0.353948,13.158494,-0.499004,-0.49696,60.0,60.0,17.316409,30.0,1.0,1.0,1.0,0.354717,17543.0,0.35804,1.0
17571.0,0.344333,0.335189,0.354023,0.354023,13.156606,-0.402387,-0.400151,60.0,60.0,18.454064,30.0,1.0,1.0,1.0,0.354717,17553.0,0.351204,1.0
17581.0,0.344363,0.33522,0.354098,0.354098,13.157004,-0.422297,-0.42021,60.0,60.0,18.219642,30.0,1.0,1.0,1.0,0.355172,17563.0,0.358919,1.0
17591.0,0.344394,0.335251,0.354175,0.354175,13.156912,-0.416899,-0.41479,60.0,60.0,18.283192,30.0,1.0,1.0,1.0,0.355172,17573.0,0.358411,1.0
17601.0,0.344426,0.335283,0.354249,0.354249,13.156924,-0.416503,-0.414458,60.0,60.0,18.287857,30.0,1.0,1.0,1.0,0.355172,17583.0,0.366064,1.0
17611.0,0.344457,0.335315,0.354323,0.354323,13.156987,-0.419068,-0.417095,60.0,60.0,18.257653,30.0,1.0,1.0,1.0,0.355172,17593.0,0.351316,1.0
17621.0,0.344488,0.335346,0.354399,0.354399,13.157011,-0.41946,-0.417344,60.0,60.0,18.253023,30.0,1.0,1.0,1.0,0.355172,17603.0,0.360725,1.0
17631.0,0.344519,0.335378,0.354469,0.354469,13.157795,-0.458795,-0.456716,60.0,60.0,17.789866,30.0,1.0,1.0,1.0,0.355172,17613.0,0.357566,1.0
17641.0,0.344549,0.335408,0.354542,0.354542,13.157665,-0.451736,-0.449573,60.0,60.0,17.872991,30.0,1.0,1.0,1.0,0.355616,17623.0,0.362469,1.0
17651.0,0.344581,0.33544,0.354616,0.354616,13.15675,-0.404153,-0.401895,60.0,60.0,18.433235,30.0,1.0,1.0,1.0,0.355616,17633.0,0.357894,1.0
17661.0,0.344612,0.335472,0.354691,0.354691,13.157084,-0.420432,-0.418237,60.0,60.0,18.241558,30.0,1.0,1.0,1.0,0.355616,17643.0,0.364055,1.0
17671.0,0.344645,0.335505,0.354765,0.354765,13.157768,-0.454022,-0.451836,60.0,60.0,17.846049,30.0,1.0,1.0,1.0,0.355616,17653.0,0.357633,1.0
17681.0,0.344676,0.335537,0.354837,0.354837,13.158293,-0.48018,-0.478001,60.0,60.0,17.538013,30.0,1.0,1.0,1.0,0.355616,17663.0,0.358395,1.0
17691.0,0.344707,0.335568,0.354911,0.354911,13.155671,-0.345723,-0.343585,60.0,60.0,19.121064,30.0,1.0,1.0,1.0,0.355616,17673.0,0.36481,1.0
17701.0,0.344737,0.335599,0.354982,0.354982,13.156776,-0.401711,-0.399569,60.0,60.0,18.461952,30.0,1.0,1.0,1.0,0.35606,17683.0,0.352193,1.0
17711.0,0.344768,0.33563,0.355054,0.355054,13.157755,-0.45114,-0.449033,60.0,60.0,17.879961,30.0,1.0,1.0,1.0,0.35606,17693.0,0.359059,1.0
17721.0,0.344798,0.335661,0.355125,0.355125,13.157522,-0.438715,-0.436532,60.0,60.0,18.026262,30.0,1.0,1.0,1.0,0.35606,17703.0,0.354086,1.0
17731.0,0.344829,0.335693,0.355198,0.355198,13.15655,-0.38841,-0.3863,60.0,60.0,18.618533,30.0,1.0,1.0,1.0,0.35606,17713.0,0.358639,1.0
17741.0,0.344861,0.335724,0.355271,0.355271,13.158031,-0.463234,-0.46116,60.0,60.0,17.73754,30.0,1.0,1.0,1.0,0.35606,17723.0,0.367014,1.0
17751.0,0.344891,0.335756,0.355344,0.355344,13.156359,-0.377292,-0.375232,60.0,60.0,18.749422,30.0,1.0,1.0,1.0,0.35606,17733.0,0.35103,1.0
17761.0,0.344923,0.335788,0.355415,0.355415,13.157808,-0.45036,-0.448223,60.0,60.0,17.889124,30.0,1.0,1.0,1.0,0.35649,17743.0,0.350643,1.0
17771.0,0.344955,0.335821,0.355489,0.355489,13.157305,-0.423473,-0.421352,60.0,60.0,18.205699,30.0,1.0,1.0,1.0,0.35649,17753.0,0.369547,1.0
17781.0,0.344987,0.335852,0.355562,0.355562,13.157159,-0.415355,-0.413191,60.0,60.0,18.301278,30.0,1.0,1.0,1.0,0.35649,17763.0,0.35489,1.0
17791.0,0.345019,0.335885,0.355637,0.355637,13.157343,-0.423687,-0.421601,60.0,60.0,18.203158,30.0,1.0,1.0,1.0,0.35649,17773.0,0.35409,1.0
17801.0,0.34505,0.335917,0.355707,0.355707,13.158255,-0.469479,-0.467348,60.0,60.0,17.663951,30.0,1.0,1.0,1.0,0.35649,17783.0,0.356857,1.0
17811.0,0.34508,0.335947,0.355778,0.355778,13.157068,-0.408604,-0.406422,60.0,60.0,18.380741,30.0,1.0,1.0,1.0,0.35649,17793.0,0.363948,1.0
17821.0,0.345111,0.335979,0.355848,0.355848,13.156487,-0.378322,-0.376166,60.0,60.0,18.737258,30.0,1.0,1.0,1.0,0.356927,17803.0,0.353492,1.0
17831.0,0.345143,0.336011,0.355919,0.355919,13.157202,-0.414081,-0.411821,60.0,60.0,18.316245,30.0,1.0,1.0,1.0,0.356927,17813.0,0.35428,1.0
17841.0,0.345172,0.336041,0.355987,0.355987,13.15803,-0.456184,-0.453892,60.0,60.0,17.820491,30.0,1.0,1.0,1.0,0.356927,17823.0,0.370912,1.0
17851.0,0.345204,0.336072,0.35606,0.35606,13.157896,-0.448673,-0.446416,60.0,60.0,17.908937,30.0,1.0,1.0,1.0,0.356927,17833.0,0.35337,1.0
17861.0,0.345235,0.336104,0.356132,0.356132,13.157091,-0.406965,-0.404761,60.0,60.0,18.400019,30.0,1.0,1.0,1.0,0.356927,17843.0,0.357184,1.0
17871.0,0.345266,0.336136,0.356201,0.356201,13.158205,-0.463026,-0.46089,60.0,60.0,17.739911,30.0,1.0,1.0,1.0,0.356927,17853.0,0.366026,1.0
17881.0,0.345296,0.336166,0.356269,0.356269,13.15724,-0.413432,-0.411239,60.0,60.0,18.323871,30.0,1.0,1.0,1.0,0.357343,17863.0,0.37235,1.0
17891.0,0.345328,0.336199,0.356338,0.356338,13.157674,-0.434585,-0.432483,60.0,60.0,18.074796,30.0,1.0,1.0,1.0,0.357343,17873.0,0.351827,1.0
17901.0,0.34536,0.33623,0.356407,0.356407,13.158114,-0.456334,-0.454037,60.0,60.0,17.818701,30.0,1.0,1.0,1.0,0.357343,17883.0,0.3656,1.0
17911.0,0.345392,0.336263,0.356477,0.356477,13.157741,-0.436178,-0.433936,60.0,60.0,18.056032,30.0,1.0,1.0,1.0,0.357343,17893.0,0.351385,1.0
17921.0,0.345423,0.336295,0.356547,0.356547,13.157753,-0.436186,-0.43404,60.0,60.0,18.055929,30.0,1.0,1.0,1.0,0.357343,17903.0,0.368378,1.0
17931.0,0.345454,0.336327,0.356616,0.356616,13.157981,-0.44703,-0.444921,60.0,60.0,17.928239,30.0,1.0,1.0,1.0,0.357343,17913.0,0.357578,1.0
17941.0,0.345486,0.336359,0.356683,0.356683,13.159004,-0.498507,-0.496378,60.0,60.0,17.322033,30.0,1.0,1.0,1.0,0.357763,17923.0,0.358365,1.0
17951.0,0.345516,0.33639,0.356751,0.356751,13.157415,-0.416892,-0.414749,60.0,60.0,18.283092,30.0,1.0,1.0,1.0,0.357763,17933.0,0.359142,1.0
17961.0,0.345547,0.336421,0.356817,0.356817,13.156835,-0.386899,-0.384742,60.0,60.0,18.636218,30.0,1.0,1.0,1.0,0.357763,17943.0,0.353342,1.0
17971.0,0.345578,0.336452,0.356882,0.356882,13.157575,-0.424223,-0.422017,60.0,60.0,18.196763,30.0,1.0,1.0,1.0,0.357763,17953.0,0.344976,1.0
17981.0,0.34561,0.336484,0.35695,0.35695,13.157919,-0.440771,-0.43865,60.0,60.0,18.001912,30.0,1.0,1.0,1.0,0.357763,17963.0,0.350154,1.0
17991.0,0.34564,0.336515,0.357016,0.357016,13.156588,-0.372541,-0.370476,60.0,60.0,18.805245,30.0,1.0,1.0,1.0,0.357763,17973.0,0.360061,1.0
18001.0,0.345671,0.336546,0.357081,0.357081,13.158114,-0.449931,-0.447953,60.0,60.0,17.894039,30.0,1.0,1.0,1.0,0.358156,17983.0,0.361579,1.0
18011.0,0.345702,0.336578,0.357146,0.357146,13.157276,-0.406407,-0.404366,60.0,60.0,18.406523,30.0,1.0,1.0,1.0,0.358156,17993.0,0.358566,1.0
18021.0,0.345733,0.336609,0.357206,0.357206,13.158486,-0.467617,-0.465604,60.0,60.0,17.68577,30.0,1.0,1.0,1.0,0.358156,18003.0,0.357605,1.0
18031.0,0.345762,0.336639,0.357267,0.357267,13.157004,-0.391907,-0.389851,60.0,60.0,18.57723,30.0,1.0,1.0,1.0,0.358156,18013.0,0.355324,1.0
18041.0,0.345793,0.33667,0.357334,0.357334,13.157473,-0.415269,-0.413171,60.0,60.0,18.302165,30.0,1.0,1.0,1.0,0.358156,18023.0,0.362175,1.0
18051.0,0.345825,0.336703,0.357399,0.357399,13.158225,-0.452621,-0.450403,60.0,60.0,17.862346,30.0,1.0,1.0,1.0,0.358156,18033.0,0.362482,1.0
18061.0,0.345856,0.336734,0.357466,0.357466,13.157716,-0.42613,-0.424114,60.0,60.0,18.17428,30.0,1.0,1.0,1.0,0.35854,18043.0,0.354402,1.0
18071.0,0.345887,0.336766,0.35753,0.35753,13.156551,-0.366034,-0.363998,60.0,60.0,18.881815,30.0,1.0,1.0,1.0,0.35854,18053.0,0.363993,1.0
18081.0,0.345918,0.336797,0.357593,0.357593,13.158941,-0.48732,-0.485248,60.0,60.0,17.453711,30.0,1.0,1.0,1.0,0.35854,18063.0,0.354345,1.0
18091.0,0.345949,0.336828,0.357654,0.357654,13.158285,-0.453351,-0.451338,60.0,60.0,17.853726,30.0,1.0,1.0,1.0,0.35854,18073.0,0.351066,1.0
18101.0,0.345979,0.336859,0.357716,0.357716,13.156569,-0.365425,-0.363271,60.0,60.0,18.888976,30.0,1.0,1.0,1.0,0.35854,18083.0,0.35755,1.0
18111.0,0.34601,0.336891,0.357778,0.357778,13.157996,-0.437418,-0.435369,60.0,60.0,18.041338,30.0,1.0,1.0,1.0,0.35854,18093.0,0.356129,1.0
18121.0,0.346041,0.336922,0.357839,0.357839,13.158227,-0.448842,-0.446583,60.0,60.0,17.906819,30.0,1.0,1.0,1.0,0.358911,18103.0,0.354479,1.0
18131.0,0.346072,0.336954,0.357903,0.357903,13.158174,-0.445278,-0.443198,60.0,60.0,17.948778,30.0,1.0,1.0,1.0,0.358911,18113.0,0.357455,1.0
18141.0,0.346103,0.336985,0.357966,0.357966,13.158245,-0.448298,-0.446105,60.0,60.0,17.91321,30.0,1.0,1.0,1.0,0.358911,18123.0,0.353116,1.0
18151.0,0.346134,0.337016,0.358031,0.358031,13.15801,-0.435687,-0.4335,60.0,60.0,18.061697,30.0,1.0,1.0,1.0,0.358911,18133.0,0.372967,1.0
18161.0,0.346167,0.337049,0.358097,0.358097,13.158576,-0.46337,-0.461243,60.0,60.0,17.735715,30.0,1.0,1.0,1.0,0.358911,18143.0,0.353937,1.0
18171.0,0.346198,0.337081,0.358158,0.358158,13.157368,-0.401051,-0.398967,60.0,60.0,18.469513,30.0,1.0,1.0,1.0,0.358911,18153.0,0.365276,1.0
18181.0,0.346229,0.337113,0.358222,0.358222,13.15708,-0.385597,-0.383642,60.0,60.0,18.651449,30.0,1.0,1.0,1.0,0.359303,18163.0,0.359725,1.0
18191.0,0.346261,0.337145,0.358285,0.358285,13.158479,-0.455938,-0.453871,60.0,60.0,17.823209,30.0,1.0,1.0,1.0,0.359303,18173.0,0.36212,1.0
18201.0,0.346293,0.337177,0.358347,0.358347,13.158313,-0.44667,-0.444527,60.0,60.0,17.932339,30.0,1.0,1.0,1.0,0.359303,18183.0,0.356309,1.0
18211.0,0.346325,0.33721,0.358412,0.358412,13.159134,-0.487725,-0.485726,60.0,60.0,17.448853,30.0,1.0,1.0,1.0,0.359303,18193.0,0.362191,1.0
18221.0,0.346355,0.33724,0.358472,0.358472,13.158367,-0.448287,-0.446229,60.0,60.0,17.913286,30.0,1.0,1.0,1.0,0.359303,18203.0,0.342828,1.0
18231.0,0.346386,0.337272,0.358536,0.358536,13.158567,-0.45781,-0.455657,60.0,60.0,17.801141,30.0,1.0,1.0,1.0,0.359303,18213.0,0.356771,1.0
18241.0,0.346417,0.337303,0.358595,0.358595,13.158232,-0.440156,-0.438006,60.0,60.0,18.009021,30.0,1.0,1.0,1.0,0.359676,18223.0,0.360892,1.0
18251.0,0.346447,0.337334,0.358656,0.358656,13.157702,-0.412929,-0.410907,60.0,60.0,18.329616,30.0,1.0,1.0,1.0,0.359676,18233.0,0.355604,1.0
18261.0,0.346477,0.337364,0.358716,0.358716,13.158337,-0.445046,-0.442969,60.0,60.0,17.951435,30.0,1.0,1.0,1.0,0.359676,18243.0,0.359629,1.0
18271.0,0.346508,0.337396,0.358776,0.358776,13.158931,-0.474626,-0.472498,60.0,60.0,17.603099,30.0,1.0,1.0,1.0,0.359676,18253.0,0.35611,1.0
18281.0,0.346539,0.337427,0.358837,0.358837,13.158325,-0.44312,-0.440955,60.0,60.0,17.974113,30.0,1.0,1.0,1.0,0.359676,18263.0,0.35099,1.0
18291.0,0.34657,0.337459,0.358898,0.358898,13.157354,-0.392897,-0.390723,60.0,60.0,18.565463,30.0,1.0,1.0,1.0,0.359676,18273.0,0.358491,1.0
18301.0,0.346602,0.337491,0.358959,0.358959,13.157127,-0.380479,-0.37845,60.0,60.0,18.711662,30.0,1.0,1.0,1.0,0.360036,18283.0,0.361881,1.0
18311.0,0.346633,0.337522,0.359018,0.359018,13.158094,-0.429271,-0.427084,60.0,60.0,18.137166,30.0,1.0,1.0,1.0,0.360036,18293.0,0.360242,1.0
18321.0,0.346663,0.337553,0.359077,0.359077,13.157926,-0.420259,-0.418134,60.0,60.0,18.243285,30.0,1.0,1.0,1.0,0.360036,18303.0,0.354109,1.0
18331.0,0.346694,0.337585,0.359135,0.359135,13.158469,-0.447416,-0.445254,60.0,60.0,17.923496,30.0,1.0,1.0,1.0,0.360036,18313.0,0.368303,1.0
18341.0,0.346726,0.337617,0.359199,0.359199,13.158212,-0.433248,-0.431133,60.0,60.0,18.090322,30.0,1.0,1.0,1.0,0.360036,18323.0,0.356087,1.0
18351.0,0.346758,0.337649,0.359258,0.359258,13.158493,-0.446844,-0.444797,60.0,60.0,17.930221,30.0,1.0,1.0,1.0,0.360036,18333.0,0.357379,1.0
18361.0,0.346788,0.33768,0.359316,0.359316,13.158915,-0.46807,-0.465874,60.0,60.0,17.680264,30.0,1.0,1.0,1.0,0.360393,18343.0,0.351686,1.0
18371.0,0.346818,0.33771,0.359375,0.359375,13.158637,-0.453534,-0.451421,60.0,60.0,17.851429,30.0,1.0,1.0,1.0,0.360393,18353.0,0.366184,1.0
18381.0,0.346851,0.337744,0.359438,0.359438,13.158997,-0.470506,-0.468366,60.0,60.0,17.651554,30.0,1.0,1.0,1.0,0.360393,18363.0,0.352822,1.0
18391.0,0.346883,0.337776,0.359498,0.359498,13.158984,-0.469102,-0.466954,60.0,60.0,17.668089,30.0,1.0,1.0,1.0,0.360393,18373.0,0.370558,1.0
18401.0,0.346913,0.337806,0.359559,0.359559,13.157409,-0.388489,-0.386404,60.0,60.0,18.61731,30.0,1.0,1.0,1.0,0.360393,18383.0,0.357692,1.0
18411.0,0.346945,0.337839,0.359617,0.359617,13.158224,-0.429058,-0.426834,60.0,60.0,18.139622,30.0,1.0,1.0,1.0,0.360393,18393.0,0.358877,1.0
18421.0,0.346976,0.33787,0.359674,0.359674,13.157991,-0.416595,-0.414479,60.0,60.0,18.286374,30.0,1.0,1.0,1.0,0.360755,18403.0,0.351013,1.0
18431.0,0.347007,0.337902,0.359736,0.359736,13.158487,-0.441182,-0.439024,60.0,60.0,17.996848,30.0,1.0,1.0,1.0,0.360755,18413.0,0.366641,1.0
18441.0,0.347038,0.337934,0.359792,0.359792,13.159584,-0.496473,-0.494447,60.0,60.0,17.345712,30.0,1.0,1.0,1.0,0.360755,18423.0,0.3576,1.0
18451.0,0.347071,0.337967,0.35985,0.35985,13.158462,-0.438006,-0.435764,60.0,60.0,18.03424,30.0,1.0,1.0,1.0,0.360755,18433.0,0.363921,1.0
18461.0,0.347102,0.337998,0.359906,0.359906,13.15897,-0.463381,-0.461098,60.0,60.0,17.735413,30.0,1.0,1.0,1.0,0.360755,18443.0,0.358925,1.0
18471.0,0.347132,0.338029,0.359964,0.359964,13.158853,-0.457032,-0.454826,60.0,60.0,17.810184,30.0,1.0,1.0,1.0,0.360755,18453.0,0.360331,1.0
18481.0,0.347164,0.338061,0.360023,0.360023,13.157983,-0.411924,-0.410014,60.0,60.0,18.341342,30.0,1.0,1.0,1.0,0.361108,18463.0,0.364851,1.0
18491.0,0.347195,0.338093,0.360082,0.360082,13.158782,-0.451851,-0.449843,60.0,60.0,17.871185,30.0,1.0,1.0,1.0,0.361108,18473.0,0.369405,1.0
18501.0,0.347226,0.338124,0.360141,0.360141,13.158754,-0.449992,-0.447932,60.0,60.0,17.893066,30.0,1.0,1.0,1.0,0.361108,18483.0,0.363376,1.0
18511.0,0.347258,0.338156,0.3602,0.3602,13.159327,-0.478429,-0.476319,60.0,60.0,17.558181,30.0,1.0,1.0,1.0,0.361108,18493.0,0.359449,1.0
18521.0,0.347288,0.338187,0.360255,0.360255,13.158004,-0.410567,-0.408602,60.0,60.0,18.357296,30.0,1.0,1.0,1.0,0.361108,18503.0,0.357017,1.0
18531.0,0.34732,0.33822,0.360313,0.360313,13.159336,-0.47757,-0.475571,60.0,60.0,17.568285,30.0,1.0,1.0,1.0,0.361108,18513.0,0.361123,1.0
18541.0,0.347351,0.338251,0.360368,0.360368,13.158071,-0.412422,-0.410305,60.0,60.0,18.335443,30.0,1.0,1.0,1.0,0.361452,18522.0,0.350849,1.0
18551.0,0.347383,0.338283,0.360422,0.360422,13.158257,-0.42127,-0.41911,60.0,60.0,18.231256,30.0,1.0,1.0,1.0,0.361452,18532.0,0.353658,1.0
18561.0,0.347414,0.338315,0.360479,0.360479,13.158882,-0.452332,-0.450258,60.0,60.0,17.865476,30.0,1.0,1.0,1.0,0.361452,18542.0,0.361502,1.0
18571.0,0.347446,0.338347,0.360539,0.360539,13.15843,-0.428359,-0.426211,60.0,60.0,18.147771,30.0,1.0,1.0,1.0,0.361452,18552.0,0.360959,1.0
18581.0,0.347477,0.338379,0.360596,0.360596,13.158982,-0.45597,-0.45383,60.0,60.0,17.822626,30.0,1.0,1.0,1.0,0.361452,18562.0,0.358351,1.0
18591.0,0.347508,0.33841,0.360652,0.360652,13.15891,-0.45174,-0.449614,60.0,60.0,17.87243,30.0,1.0,1.0,1.0,0.361452,18572.0,0.358137,1.0
18601.0,0.347539,0.338442,0.360704,0.360704,13.159155,-0.463766,-0.461638,60.0,60.0,17.730814,30.0,1.0,1.0,1.0,0.361788,18582.0,0.359739,1.0
18611.0,0.34757,0.338473,0.360759,0.360759,13.158816,-0.445824,-0.443655,60.0,60.0,17.9421,30.0,1.0,1.0,1.0,0.361788,18592.0,0.364725,1.0
18621.0,0.347603,0.338506,0.360817,0.360817,13.158525,-0.429826,-0.427665,60.0,60.0,18.130468,30.0,1.0,1.0,1.0,0.361788,18602.0,0.36311,1.0
18631.0,0.347634,0.338538,0.360873,0.360873,13.15858,-0.431907,-0.429762,60.0,60.0,18.105957,30.0,1.0,1.0,1.0,0.361788,18612.0,0.35724,1.0
18641.0,0.347665,0.33857,0.36093,0.36093,13.158095,-0.406565,-0.404511,60.0,60.0,18.404362,30.0,1.0,1.0,1.0,0.361788,18622.0,0.348638,1.0
18651.0,0.347697,0.338602,0.360984,0.360984,13.159591,-0.482317,-0.480202,60.0,60.0,17.512301,30.0,1.0,1.0,1.0,0.361788,18632.0,0.363683,1.0
18661.0,0.347729,0.338634,0.361039,0.361039,13.159404,-0.471853,-0.469861,60.0,60.0,17.635536,30.0,1.0,1.0,1.0,0.362128,18642.0,0.358173,1.0
18671.0,0.347759,0.338665,0.361092,0.361092,13.158772,-0.43919,-0.437134,60.0,60.0,18.020183,30.0,1.0,1.0,1.0,0.362128,18652.0,0.365715,1.0
18681.0,0.347791,0.338697,0.361147,0.361147,13.158627,-0.431133,-0.428911,60.0,60.0,18.115047,30.0,1.0,1.0,1.0,0.362128,18662.0,0.360878,1.0
18691.0,0.347822,0.338729,0.3612,0.3612,13.158804,-0.439368,-0.437176,60.0,60.0,18.018077,30.0,1.0,1.0,1.0,0.362128,18672.0,0.356641,1.0
18701.0,0.347854,0.338761,0.361253,0.361253,13.159281,-0.462987,-0.460765,60.0,60.0,17.739924,30.0,1.0,1.0,1.0,0.362128,18682.0,0.357882,1.0
18711.0,0.347885,0.338793,0.361309,0.361309,13.158893,-0.442529,-0.440498,60.0,60.0,17.980845,30.0,1.0,1.0,1.0,0.362128,18692.0,0.346894,1.0
18721.0,0.347915,0.338823,0.36136,0.36136,13.158805,-0.437851,-0.435743,60.0,60.0,18.035921,30.0,1.0,1.0,1.0,0.362444,18702.0,0.360966,1.0
18731.0,0.347946,0.338854,0.361414,0.361414,13.158357,-0.414713,-0.412506,60.0,60.0,18.308388,30.0,1.0,1.0,1.0,0.362444,18712.0,0.355186,1.0
18741.0,0.347976,0.338885,0.361464,0.361464,13.159039,-0.449339,-0.447164,60.0,60.0,17.900644,30.0,1.0,1.0,1.0,0.362444,18722.0,0.352055,1.0
18751.0,0.348008,0.338917,0.361516,0.361516,13.160278,-0.51154,-0.509315,60.0,60.0,17.168064,30.0,1.0,1.0,1.0,0.362444,18732.0,0.347501,1.0
18761.0,0.348041,0.338951,0.36157,0.36157,13.159124,-0.451357,-0.449324,60.0,60.0,17.876851,30.0,1.0,1.0,1.0,0.362444,18742.0,0.353929,1.0
18771.0,0.348073,0.338983,0.361623,0.361623,13.158686,-0.428207,-0.426191,60.0,60.0,18.149467,30.0,1.0,1.0,1.0,0.362444,18752.0,0.354014,1.0
18781.0,0.348105,0.339015,0.361677,0.361677,13.159587,-0.47327,-0.471127,60.0,60.0,17.618779,30.0,1.0,1.0,1.0,0.362767,18762.0,0.368375,1.0
18791.0,0.348135,0.339046,0.361728,0.361728,13.158613,-0.423204,-0.420937,60.0,60.0,18.208369,30.0,1.0,1.0,1.0,0.362767,18772.0,0.36083,1.0
18801.0,0.348167,0.339079,0.361781,0.361781,13.158694,-0.426367,-0.424405,60.0,60.0,18.171118,30.0,1.0,1.0,1.0,0.362767,18782.0,0.350567,1.0
18811.0,0.348198,0.33911,0.361829,0.361829,13.15844,-0.413168,-0.411094,60.0,60.0,18.326534,30.0,1.0,1.0,1.0,0.362767,18792.0,0.352154,1.0
18821.0,0.348229,0.339142,0.361885,0.361885,13.159456,-0.464385,-0.462115,60.0,60.0,17.723403,30.0,1.0,1.0,1.0,0.362767,18802.0,0.358492,1.0
18831.0,0.34826,0.339173,0.361939,0.361939,13.159769,-0.479836,-0.477565,60.0,60.0,17.541431,30.0,1.0,1.0,1.0,0.362767,18812.0,0.35652,1.0
18841.0,0.348291,0.339205,0.361992,0.361992,13.15886,-0.432828,-0.43078,60.0,60.0,18.095012,30.0,1.0,1.0,1.0,0.363077,18822.0,0.348928,1.0
18851.0,0.348322,0.339236,0.362044,0.362044,13.158841,-0.431439,-0.429222,60.0,60.0,18.11137,30.0,1.0,1.0,1.0,0.363077,18832.0,0.360812,1.0
18861.0,0.348353,0.339268,0.362098,0.362098,13.160161,-0.498058,-0.495859,60.0,60.0,17.326803,30.0,1.0,1.0,1.0,0.363077,18842.0,0.361271,1.0
18871.0,0.348385,0.3393,0.362146,0.362146,13.161025,-0.541525,-0.539218,60.0,60.0,16.814802,30.0,1.0,1.0,1.0,0.363077,18852.0,0.364753,1.0
18881.0,0.348417,0.339332,0.362202,0.362202,13.159252,-0.450154,-0.447912,60.0,60.0,17.890965,30.0,1.0,1.0,1.0,0.363077,18862.0,0.359879,1.0
18891.0,0.348447,0.339363,0.362254,0.362254,13.158048,-0.388411,-0.386321,60.0,60.0,18.618001,30.0,1.0,1.0,1.0,0.363077,18872.0,0.35251,1.0
18901.0,0.348478,0.339394,0.36231,0.36231,13.158431,-0.407363,-0.405321,60.0,60.0,18.39485,30.0,1.0,1.0,1.0,0.363393,18882.0,0.347835,1.0
18911.0,0.348509,0.339426,0.362362,0.362362,13.159274,-0.449894,-0.447932,60.0,60.0,17.894017,30.0,1.0,1.0,1.0,0.363393,18892.0,0.356786,1.0
18921.0,0.348539,0.339457,0.362411,0.362411,13.15933,-0.452354,-0.45005,60.0,60.0,17.865037,30.0,1.0,1.0,1.0,0.363393,18902.0,0.359464,1.0
18931.0,0.348571,0.339488,0.362464,0.362464,13.159219,-0.445991,-0.444008,60.0,60.0,17.939965,30.0,1.0,1.0,1.0,0.363393,18912.0,0.362929,1.0
18941.0,0.348602,0.339521,0.362517,0.362517,13.158607,-0.413986,-0.411862,60.0,60.0,18.316849,30.0,1.0,1.0,1.0,0.363393,18922.0,0.355323,1.0
18951.0,0.348634,0.339553,0.362566,0.362566,13.159483,-0.45785,-0.455761,60.0,60.0,17.800302,30.0,1.0,1.0,1.0,0.363393,18932.0,0.363319,1.0
18961.0,0.348666,0.339585,0.362616,0.362616,13.159783,-0.472462,-0.470276,60.0,60.0,17.628202,30.0,1.0,1.0,1.0,0.3637,18942.0,0.361249,1.0
18971.0,0.348697,0.339616,0.362667,0.362667,13.159145,-0.439258,-0.437196,60.0,60.0,18.01923,30.0,1.0,1.0,1.0,0.3637,18952.0,0.354806,1.0
18981.0,0.348728,0.339648,0.362718,0.362718,13.16,-0.482198,-0.480119,60.0,60.0,17.513534,30.0,1.0,1.0,1.0,0.3637,18962.0,0.365572,1.0
18991.0,0.348759,0.339679,0.362769,0.362769,13.159357,-0.448963,-0.446894,60.0,60.0,17.904933,30.0,1.0,1.0,1.0,0.3637,18972.0,0.366725,1.0
19001.0,0.34879,0.339711,0.36282,0.36282,13.158633,-0.411469,-0.40935,60.0,60.0,18.346455,30.0,1.0,1.0,1.0,0.3637,18982.0,0.366251,1.0
19011.0,0.348822,0.339743,0.362873,0.362873,13.159648,-0.462437,-0.460392,60.0,60.0,17.746241,30.0,1.0,1.0,1.0,0.3637,18992.0,0.35773,1.0
19021.0,0.348852,0.339774,0.362923,0.362923,13.160284,-0.494529,-0.492537,60.0,60.0,17.368276,30.0,1.0,1.0,1.0,0.364004,19002.0,0.360693,1.0
19031.0,0.348882,0.339805,0.362972,0.362972,13.158805,-0.418712,-0.416535,60.0,60.0,18.261152,30.0,1.0,1.0,1.0,0.364004,19012.0,0.359492,1.0
19041.0,0.348914,0.339836,0.363022,0.363022,13.160403,-0.499683,-0.497583,60.0,60.0,17.307569,30.0,1.0,1.0,1.0,0.364004,19022.0,0.356631,1.0
19051.0,0.348944,0.339867,0.363072,0.363072,13.159136,-0.43457,-0.432441,60.0,60.0,18.074414,30.0,1.0,1.0,1.0,0.364004,19032.0,0.357344,1.0
19061.0,0.348975,0.339898,0.363122,0.363122,13.159021,-0.428291,-0.426294,60.0,60.0,18.148341,30.0,1.0,1.0,1.0,0.364004,19042.0,0.3613,1.0
19071.0,0.349005,0.339929,0.363171,0.363171,13.158537,-0.403411,-0.401396,60.0,60.0,18.441311,30.0,1.0,1.0,1.0,0.364004,19052.0,0.356741,1.0
19081.0,0.349036,0.33996,0.363222,0.363222,13.158499,-0.400709,-0.398697,60.0,60.0,18.473129,30.0,1.0,1.0,1.0,0.364297,19062.0,0.35466,1.0
19091.0,0.349068,0.339993,0.363273,0.363273,13.159698,-0.46108,-0.459063,60.0,60.0,17.7622,30.0,1.0,1.0,1.0,0.364297,19072.0,0.363644,1.0
19101.0,0.349099,0.340024,0.363325,0.363325,13.160148,-0.483444,-0.481531,60.0,60.0,17.498798,30.0,1.0,1.0,1.0,0.364297,19082.0,0.360535,1.0
19111.0,0.349129,0.340055,0.363372,0.363372,13.159191,-0.434242,-0.43213,60.0,60.0,18.078244,30.0,1.0,1.0,1.0,0.364297,19092.0,0.364318,1.0
19121.0,0.34916,0.340086,0.363419,0.363419,13.160096,-0.479787,-0.477648,60.0,60.0,17.541865,30.0,1.0,1.0,1.0,0.364297,19102.0,0.351761,1.0
19131.0,0.349192,0.340119,0.363471,0.363471,13.159269,-0.436697,-0.43458,60.0,60.0,18.049325,30.0,1.0,1.0,1.0,0.364297,19112.0,0.365927,1.0
19141.0,0.349224,0.340151,0.363523,0.363523,13.158985,-0.421334,-0.419213,60.0,60.0,18.230229,30.0,1.0,1.0,1.0,0.364601,19122.0,0.366391,1.0
19151.0,0.349256,0.340184,0.363577,0.363577,13.158829,-0.412189,-0.410056,60.0,60.0,18.337908,30.0,1.0,1.0,1.0,0.364601,19132.0,0.363368,1.0
19161.0,0.349287,0.340215,0.363626,0.363626,13.158681,-0.40424,-0.402061,60.0,60.0,18.43151,30.0,1.0,1.0,1.0,0.364601,19142.0,0.356186,1.0
19171.0,0.349318,0.340247,0.363676,0.363676,13.159468,-0.443694,-0.441495,60.0,60.0,17.966897,30.0,1.0,1.0,1.0,0.364601,19152.0,0.364517,1.0
19181.0,0.349349,0.340278,0.363726,0.363726,13.160458,-0.493495,-0.491395,60.0,60.0,17.380373,30.0,1.0,1.0,1.0,0.364601,19162.0,0.363949,1.0
19191.0,0.349382,0.340311,0.363778,0.363778,13.160218,-0.480168,-0.478022,60.0,60.0,17.537329,30.0,1.0,1.0,1.0,0.364601,19172.0,0.363693,1.0
19201.0,0.349412,0.340342,0.363826,0.363826,13.158825,-0.408713,-0.40665,60.0,60.0,18.378819,30.0,1.0,1.0,1.0,0.364911,19182.0,0.359985,1.0
19211.0,0.349442,0.340373,0.363874,0.363874,13.159148,-0.424942,-0.422806,60.0,60.0,18.187712,30.0,1.0,1.0,1.0,0.364911,19192.0,0.355321,1.0
19221.0,0.349473,0.340403,0.363919,0.363919,13.158766,-0.405193,-0.403203,60.0,60.0,18.42026,30.0,1.0,1.0,1.0,0.364911,19202.0,0.345556,1.0
19231.0,0.349504,0.340435,0.363967,0.363967,13.15885,-0.408747,-0.406712,60.0,60.0,18.378405,30.0,1.0,1.0,1.0,0.364911,19212.0,0.36121,1.0
19241.0,0.349535,0.340467,0.364016,0.364016,13.159864,-0.459836,-0.457588,60.0,60.0,17.776769,30.0,1.0,1.0,1.0,0.364911,19222.0,0.352044,1.0
19251.0,0.349568,0.3405,0.364065,0.364065,13.160081,-0.469837,-0.46768,60.0,60.0,17.658974,30.0,1.0,1.0,1.0,0.364911,19232.0,0.353303,1.0
19261.0,0.349598,0.340531,0.364115,0.364115,13.159301,-0.429477,-0.427437,60.0,60.0,18.134285,30.0,1.0,1.0,1.0,0.365198,19242.0,0.358073,1.0
19271.0,0.349629,0.340562,0.364161,0.364161,13.15982,-0.455613,-0.453601,60.0,60.0,17.826484,30.0,1.0,1.0,1.0,0.365198,19252.0,0.35985,1.0
19281.0,0.34966,0.340593,0.364205,0.364205,13.160338,-0.481483,-0.479413,60.0,60.0,17.521795,30.0,1.0,1.0,1.0,0.365198,19262.0,0.361553,1.0
19291.0,0.349691,0.340625,0.364251,0.364251,13.159913,-0.459053,-0.456861,60.0,60.0,17.785968,30.0,1.0,1.0,1.0,0.365198,19272.0,0.358411,1.0
19301.0,0.349722,0.340657,0.364297,0.364297,13.159348,-0.429611,-0.42754,60.0,60.0,18.132684,30.0,1.0,1.0,1.0,0.365198,19282.0,0.358932,1.0
19311.0,0.349754,0.340689,0.364344,0.364344,13.15955,-0.438972,-0.43701,60.0,60.0,18.02244,30.0,1.0,1.0,1.0,0.365198,19292.0,0.374712,1.0
19321.0,0.349785,0.340721,0.364391,0.364391,13.158391,-0.37926,-0.377142,60.0,60.0,18.725578,30.0,1.0,1.0,1.0,0.365473,19302.0,0.357202,1.0
19331.0,0.349817,0.340752,0.364438,0.364438,13.16084,-0.503498,-0.501362,60.0,60.0,17.262466,30.0,1.0,1.0,1.0,0.365473,19312.0,0.361076,1.0
19341.0,0.349847,0.340784,0.364485,0.364485,13.159398,-0.429369,-0.427229,60.0,60.0,18.135519,30.0,1.0,1.0,1.0,0.365473,19322.0,0.363659,1.0
19351.0,0.34988,0.340816,0.364529,0.364529,13.160132,-0.465822,-0.463735,60.0,60.0,17.706205,30.0,1.0,1.0,1.0,0.365473,19332.0,0.358348,1.0
19361.0,0.349911,0.340849,0.364573,0.364573,13.160548,-0.486191,-0.484189,60.0,60.0,17.466301,30.0,1.0,1.0,1.0,0.365473,19342.0,0.345227,1.0
19371.0,0.349942,0.34088,0.36462,0.36462,13.159336,-0.423842,-0.421643,60.0,60.0,18.200585,30.0,1.0,1.0,1.0,0.365473,19352.0,0.357555,1.0
19381.0,0.349975,0.340913,0.364669,0.364669,13.159609,-0.436618,-0.434414,60.0,60.0,18.050123,30.0,1.0,1.0,1.0,0.365758,19362.0,0.348875,1.0
19391.0,0.350006,0.340944,0.364718,0.364718,13.15881,-0.395377,-0.393236,60.0,60.0,18.535765,30.0,1.0,1.0,1.0,0.365758,19372.0,0.363459,1.0
19401.0,0.350036,0.340975,0.364764,0.364764,13.159893,-0.450365,-0.448348,60.0,60.0,17.888217,30.0,1.0,1.0,1.0,0.365758,19382.0,0.354443,1.0
19411.0,0.350068,0.341007,0.36481,0.36481,13.16016,-0.463084,-0.460932,60.0,60.0,17.738418,30.0,1.0,1.0,1.0,0.365758,19392.0,0.362634,1.0
19421.0,0.350099,0.341039,0.364854,0.364854,13.160351,-0.47226,-0.470255,60.0,60.0,17.630343,30.0,1.0,1.0,1.0,0.365758,19402.0,0.359818,1.0
19431.0,0.350131,0.341071,0.364903,0.364903,13.15927,-0.416177,-0.414126,60.0,60.0,18.290811,30.0,1.0,1.0,1.0,0.365758,19412.0,0.367163,1.0
19441.0,0.350162,0.341103,0.364952,0.364952,13.15948,-0.42629,-0.424218,60.0,60.0,18.171718,30.0,1.0,1.0,1.0,0.36604,19422.0,0.363685,1.0
19451.0,0.350193,0.341134,0.364995,0.364995,13.15967,-0.435726,-0.433708,60.0,60.0,18.060592,30.0,1.0,1.0,1.0,0.36604,19432.0,0.351861,1.0
19461.0,0.350224,0.341165,0.365041,0.365041,13.160743,-0.489885,-0.487553,60.0,60.0,17.422733,30.0,1.0,1.0,1.0,0.36604,19442.0,0.343026,1.0
19471.0,0.350255,0.341197,0.365083,0.365083,13.160807,-0.492595,-0.49046,60.0,60.0,17.390805,30.0,1.0,1.0,1.0,0.36604,19452.0,0.35576,1.0
19481.0,0.350285,0.341228,0.365126,0.365126,13.159297,-0.415214,-0.413129,60.0,60.0,18.302138,30.0,1.0,1.0,1.0,0.36604,19462.0,0.352355,1.0
19491.0,0.350316,0.341259,0.365173,0.365173,13.160916,-0.497184,-0.494946,60.0,60.0,17.336745,30.0,1.0,1.0,1.0,0.36604,19472.0,0.359462,1.0
19501.0,0.350347,0.341291,0.365218,0.365218,13.15971,-0.435111,-0.432981,60.0,60.0,18.067823,30.0,1.0,1.0,1.0,0.366298,19482.0,0.360665,1.0
19511.0,0.350378,0.341322,0.36526,0.36526,13.159354,-0.416589,-0.414458,60.0,60.0,18.28594,30.0,1.0,1.0,1.0,0.366298,19492.0,0.355039,1.0
19521.0,0.350409,0.341354,0.365308,0.365308,13.159265,-0.411105,-0.409017,60.0,60.0,18.350502,30.0,1.0,1.0,1.0,0.366298,19502.0,0.357545,1.0
19531.0,0.35044,0.341385,0.365353,0.365353,13.160383,-0.4677,-0.465832,60.0,60.0,17.683997,30.0,1.0,1.0,1.0,0.366298,19512.0,0.348944,1.0
19541.0,0.350472,0.341417,0.365397,0.365397,13.160658,-0.48097,-0.478769,60.0,60.0,17.527693,30.0,1.0,1.0,1.0,0.366298,19522.0,0.355824,1.0
19551.0,0.350502,0.341448,0.365442,0.365442,13.159561,-0.424654,-0.422577,60.0,60.0,18.190941,30.0,1.0,1.0,1.0,0.366298,19532.0,0.360948,1.0
19561.0,0.350534,0.34148,0.36549,0.36549,13.15998,-0.445214,-0.443011,60.0,60.0,17.948807,30.0,1.0,1.0,1.0,0.36657,19542.0,0.365329,1.0
19571.0,0.350565,0.341511,0.365534,0.365534,13.160686,-0.480626,-0.478541,60.0,60.0,17.531737,30.0,1.0,1.0,1.0,0.36657,19552.0,0.3547,1.0
19581.0,0.350596,0.341544,0.365581,0.365581,13.159844,-0.436796,-0.434725,60.0,60.0,18.047932,30.0,1.0,1.0,1.0,0.36657,19562.0,0.358341,1.0
19591.0,0.350628,0.341575,0.365628,0.365628,13.159157,-0.401103,-0.399008,60.0,60.0,18.468257,30.0,1.0,1.0,1.0,0.36657,19572.0,0.3587,1.0
19601.0,0.350659,0.341607,0.36567,0.36567,13.16,-0.443441,-0.441267,60.0,60.0,17.969672,30.0,1.0,1.0,1.0,0.36657,19582.0,0.358961,1.0
19611.0,0.35069,0.341638,0.365715,0.365715,13.159147,-0.399393,-0.397264,60.0,60.0,18.488382,30.0,1.0,1.0,1.0,0.36657,19592.0,0.358472,1.0
19621.0,0.350722,0.341671,0.365758,0.365758,13.160233,-0.453882,-0.451982,60.0,60.0,17.846686,30.0,1.0,1.0,1.0,0.366843,19602.0,0.35977,1.0
19631.0,0.350753,0.341702,0.365806,0.365806,13.16023,-0.453071,-0.450964,60.0,60.0,17.856238,30.0,1.0,1.0,1.0,0.366843,19612.0,0.359786,1.0
19641.0,0.350785,0.341735,0.365852,0.365852,13.15946,-0.412969,-0.410845,60.0,60.0,18.328498,30.0,1.0,1.0,1.0,0.366843,19622.0,0.353813,1.0
19651.0,0.350814,0.341765,0.365895,0.365895,13.159703,-0.425264,-0.423055,60.0,60.0,18.183711,30.0,1.0,1.0,1.0,0.366843,19632.0,0.370856,1.0
19661.0,0.350846,0.341796,0.365938,0.365938,13.159555,-0.417082,-0.415102,60.0,60.0,18.280052,30.0,1.0,1.0,1.0,0.366843,19642.0,0.357315,1.0
19671.0,0.350878,0.34183,0.365985,0.365985,13.161061,-0.492723,-0.49044,60.0,60.0,17.389186,30.0,1.0,1.0,1.0,0.366843,19652.0,0.358779,1.0
19681.0,0.35091,0.341862,0.366029,0.366029,13.160259,-0.45098,-0.448908,60.0,60.0,17.880831,30.0,1.0,1.0,1.0,0.367114,19662.0,0.36528,1.0
19691.0,0.35094,0.341893,0.36607,0.36607,13.15973,-0.423671,-0.421622,60.0,60.0,18.202446,30.0,1.0,1.0,1.0,0.367114,19672.0,0.35993,1.0
19701.0,0.35097,0.341923,0.366112,0.366112,13.159983,-0.436444,-0.434185,60.0,60.0,18.052022,30.0,1.0,1.0,1.0,0.367114,19682.0,0.364713,1.0
19711.0,0.351001,0.341954,0.366154,0.366154,13.160292,-0.451599,-0.449365,60.0,60.0,17.873534,30.0,1.0,1.0,1.0,0.367114,19692.0,0.363448,1.0
19721.0,0.351032,0.341985,0.366202,0.366202,13.160043,-0.43841,-0.43622,60.0,60.0,18.028863,30.0,1.0,1.0,1.0,0.367114,19702.0,0.347535,1.0
19731.0,0.351063,0.342017,0.366243,0.366243,13.160678,-0.47022,-0.468033,60.0,60.0,17.654219,30.0,1.0,1.0,1.0,0.367114,19712.0,0.365403,1.0
19741.0,0.351093,0.342047,0.366287,0.366287,13.159941,-0.432389,-0.430385,60.0,60.0,18.099769,30.0,1.0,1.0,1.0,0.367364,19722.0,0.359779,1.0
19751.0,0.351124,0.342079,0.366328,0.366328,13.159862,-0.427621,-0.425464,60.0,60.0,18.155914,30.0,1.0,1.0,1.0,0.367364,19732.0,0.364863,1.0
19761.0,0.351156,0.342111,0.366372,0.366372,13.160115,-0.439637,-0.437425,60.0,60.0,18.014394,30.0,1.0,1.0,1.0,0.367364,19742.0,0.351597,1.0
19771.0,0.351188,0.342144,0.366414,0.366414,13.160489,-0.457794,-0.455616,60.0,60.0,17.800544,30.0,1.0,1.0,1.0,0.367364,19752.0,0.358805,1.0
19781.0,0.351219,0.342175,0.366456,0.366456,13.160007,-0.432536,-0.430551,60.0,60.0,18.098004,30.0,1.0,1.0,1.0,0.367364,19762.0,0.347483,1.0
19791.0,0.35125,0.342206,0.366498,0.366498,13.161585,-0.512711,-0.510478,60.0,60.0,17.15369,30.0,1.0,1.0,1.0,0.367364,19772.0,0.353644,1.0
19801.0,0.35128,0.342237,0.366541,0.366541,13.159565,-0.409252,-0.407232,60.0,60.0,18.372201,30.0,1.0,1.0,1.0,0.367619,19782.0,0.355811,1.0
19811.0,0.35131,0.342268,0.366583,0.366583,13.16005,-0.433726,-0.431569,60.0,60.0,18.083991,30.0,1.0,1.0,1.0,0.367619,19792.0,0.366697,1.0
19821.0,0.351342,0.3423,0.366628,0.366628,13.159305,-0.394862,-0.39255,60.0,60.0,18.541644,30.0,1.0,1.0,1.0,0.367619,19802.0,0.358404,1.0
19831.0,0.351374,0.342333,0.366671,0.366671,13.160905,-0.475298,-0.473349,60.0,60.0,17.594357,30.0,1.0,1.0,1.0,0.367619,19812.0,0.358017,1.0
19841.0,0.351406,0.342365,0.366715,0.366715,13.1602,-0.438572,-0.436304,60.0,60.0,18.026892,30.0,1.0,1.0,1.0,0.367619,19822.0,0.356917,1.0
19851.0,0.351437,0.342397,0.366759,0.366759,13.161106,-0.48408,-0.481988,60.0,60.0,17.490896,30.0,1.0,1.0,1.0,0.367619,19832.0,0.355955,1.0
19861.0,0.351469,0.342429,0.366804,0.366804,13.161475,-0.501933,-0.499805,60.0,60.0,17.280606,30.0,1.0,1.0,1.0,0.36789,19842.0,0.359171,1.0
19871.0,0.351502,0.342462,0.36685,0.36685,13.160403,-0.446119,-0.444028,60.0,60.0,17.93799,30.0,1.0,1.0,1.0,0.36789,19852.0,0.354201,1.0
19881.0,0.351534,0.342494,0.366892,0.366892,13.160739,-0.462431,-0.460454,60.0,60.0,17.745869,30.0,1.0,1.0,1.0,0.36789,19862.0,0.370157,1.0
19891.0,0.351564,0.342525,0.366936,0.366936,13.160213,-0.435225,-0.433064,60.0,60.0,18.066279,30.0,1.0,1.0,1.0,0.36789,19872.0,0.357918,1.0
19901.0,0.351594,0.342556,0.366975,0.366975,13.160643,-0.45695,-0.454806,60.0,60.0,17.810417,30.0,1.0,1.0,1.0,0.36789,19882.0,0.364671,1.0
19911.0,0.351625,0.342587,0.367013,0.367013,13.159878,-0.417405,-0.415309,60.0,60.0,18.276133,30.0,1.0,1.0,1.0,0.36789,19892.0,0.360777,1.0
19921.0,0.351657,0.342619,0.367057,0.367057,13.161995,-0.524711,-0.52273,60.0,60.0,17.012252,30.0,1.0,1.0,1.0,0.368138,19902.0,0.343457,1.0
19931.0,0.351688,0.342652,0.3671,0.3671,13.161244,-0.485489,-0.483234,60.0,60.0,17.474258,30.0,1.0,1.0,1.0,0.368138,19912.0,0.355528,1.0
19941.0,0.351719,0.342683,0.36714,0.36714,13.160494,-0.446817,-0.444589,60.0,60.0,17.929738,30.0,1.0,1.0,1.0,0.368138,19922.0,0.36112,1.0
19951.0,0.35175,0.342714,0.367182,0.367182,13.160519,-0.447441,-0.44542,60.0,60.0,17.922381,30.0,1.0,1.0,1.0,0.368138,19932.0,0.346584,1.0
19961.0,0.351782,0.342746,0.367222,0.367222,13.160714,-0.456725,-0.454681,60.0,60.0,17.813029,30.0,1.0,1.0,1.0,0.368138,19942.0,0.359303,1.0
19971.0,0.351812,0.342777,0.367262,0.367262,13.16029,-0.434744,-0.432649,60.0,60.0,18.071913,30.0,1.0,1.0,1.0,0.368138,19952.0,0.349733,1.0
19981.0,0.351844,0.34281,0.367304,0.367304,13.161002,-0.469977,-0.46793,60.0,60.0,17.656935,30.0,1.0,1.0,1.0,0.368389,19962.0,0.355162,1.0
19991.0,0.351875,0.342841,0.367342,0.367342,13.160114,-0.424161,-0.421913,60.0,60.0,18.196535,30.0,1.0,1.0,1.0,0.368389,19972.0,0.361425,1.0
20001.0,0.351906,0.342872,0.367384,0.367384,13.160358,-0.436149,-0.434102,60.0,60.0,18.055352,30.0,1.0,1.0,1.0,0.368389,19982.0,0.357939,1.0
20011.0,0.351936,0.342903,0.367423,0.367423,13.160164,-0.426065,-0.424073,60.0,60.0,18.17411,30.0,1.0,1.0,1.0,0.368389,19992.0,0.352903,1.0
20021.0,0.351967,0.342934,0.367461,0.367461,13.160032,-0.418644,-0.416576,60.0,60.0,18.261492,30.0,1.0,1.0,1.0,0.368389,20002.0,0.355363,1.0
20031.0,0.351999,0.342967,0.367506,0.367506,13.160282,-0.430483,-0.428226,60.0,60.0,18.122065,30.0,1.0,1.0,1.0,0.368389,20012.0,0.363818,1.0
20041.0,0.35203,0.342998,0.367546,0.367546,13.160876,-0.460336,-0.458274,60.0,60.0,17.770462,30.0,1.0,1.0,1.0,0.368629,20022.0,0.372781,1.0
20051.0,0.352061,0.343029,0.367587,0.367587,13.160566,-0.443975,-0.441723,60.0,60.0,17.963153,30.0,1.0,1.0,1.0,0.368629,20032.0,0.351199,1.0
20061.0,0.352092,0.343061,0.367629,0.367629,13.160358,-0.432671,-0.430531,60.0,60.0,18.096278,30.0,1.0,1.0,1.0,0.368629,20042.0,0.348333,1.0
20071.0,0.352122,0.343092,0.367671,0.367671,13.16128,-0.479342,-0.47715,60.0,60.0,17.546592,30.0,1.0,1.0,1.0,0.368629,20052.0,0.349721,1.0
20081.0,0.352154,0.343124,0.367714,0.367714,13.160102,-0.418432,-0.416202,60.0,60.0,18.263968,30.0,1.0,1.0,1.0,0.368629,20062.0,0.366441,1.0
20091.0,0.352186,0.343156,0.367758,0.367758,13.160702,-0.448114,-0.446022,60.0,60.0,17.914386,30.0,1.0,1.0,1.0,0.368629,20072.0,0.350769,1.0
20101.0,0.352217,0.343188,0.367798,0.367798,13.160507,-0.437585,-0.435328,60.0,60.0,18.038388,30.0,1.0,1.0,1.0,0.368883,20082.0,0.357601,1.0
20111.0,0.352248,0.343219,0.367837,0.367837,13.160693,-0.446587,-0.444402,60.0,60.0,17.932362,30.0,1.0,1.0,1.0,0.368883,20092.0,0.358304,1.0
20121.0,0.352278,0.34325,0.367876,0.367876,13.161087,-0.466297,-0.464192,60.0,60.0,17.700218,30.0,1.0,1.0,1.0,0.368883,20102.0,0.352276,1.0
20131.0,0.352309,0.343281,0.367915,0.367915,13.160755,-0.448802,-0.446749,60.0,60.0,17.906269,30.0,1.0,1.0,1.0,0.368883,20112.0,0.364009,1.0
20141.0,0.352339,0.343311,0.367953,0.367953,13.160975,-0.45986,-0.457692,60.0,60.0,17.776025,30.0,1.0,1.0,1.0,0.368883,20122.0,0.356422,1.0
20151.0,0.35237,0.343343,0.367998,0.367998,13.160637,-0.441904,-0.439896,60.0,60.0,17.987502,30.0,1.0,1.0,1.0,0.368883,20132.0,0.363282,1.0
20161.0,0.352401,0.343374,0.368039,0.368039,13.160923,-0.456039,-0.453705,60.0,60.0,17.821021,30.0,1.0,1.0,1.0,0.369114,20142.0,0.356819,1.0
20171.0,0.352432,0.343406,0.368081,0.368081,13.161355,-0.47728,-0.475177,60.0,60.0,17.570837,30.0,1.0,1.0,1.0,0.369114,20152.0,0.35646,1.0
20181.0,0.352465,0.343439,0.36812,0.36812,13.160986,-0.457254,-0.455034,60.0,60.0,17.806692,30.0,1.0,1.0,1.0,0.369114,20162.0,0.364036,1.0
20191.0,0.352495,0.34347,0.368158,0.368158,13.159267,-0.36924,-0.367258,60.0,60.0,18.843193,30.0,1.0,1.0,1.0,0.369114,20172.0,0.361963,1.0
20201.0,0.352526,0.343501,0.368198,0.368198,13.160812,-0.447486,-0.445337,60.0,60.0,17.921734,30.0,1.0,1.0,1.0,0.369114,20182.0,0.364081,1.0
20211.0,0.352557,0.343532,0.368237,0.368237,13.16101,-0.457072,-0.454785,60.0,60.0,17.808829,30.0,1.0,1.0,1.0,0.369114,20192.0,0.358534,1.0
20221.0,0.352588,0.343564,0.368281,0.368281,13.160281,-0.419084,-0.417033,60.0,60.0,18.256228,30.0,1.0,1.0,1.0,0.369358,20202.0,0.36604,1.0
20231.0,0.35262,0.343597,0.368322,0.368322,13.161127,-0.461183,-0.459146,60.0,60.0,17.76039,30.0,1.0,1.0,1.0,0.369358,20212.0,0.362807,1.0
20241.0,0.352651,0.343628,0.368365,0.368365,13.159197,-0.362094,-0.359907,60.0,60.0,18.927317,30.0,1.0,1.0,1.0,0.369358,20222.0,0.364669,1.0
20251.0,0.352682,0.343659,0.368402,0.368402,13.160704,-0.438761,-0.436677,60.0,60.0,18.024476,30.0,1.0,1.0,1.0,0.369358,20232.0,0.35782,1.0
20261.0,0.352712,0.34369,0.368442,0.368442,13.160713,-0.438864,-0.436885,60.0,60.0,18.023251,30.0,1.0,1.0,1.0,0.369358,20242.0,0.366388,1.0
20271.0,0.352743,0.343721,0.368481,0.368481,13.160674,-0.436356,-0.434268,60.0,60.0,18.052792,30.0,1.0,1.0,1.0,0.369358,20252.0,0.362119,1.0
20281.0,0.352772,0.343751,0.368519,0.368519,13.160406,-0.422577,-0.420459,60.0,60.0,18.215061,30.0,1.0,1.0,1.0,0.369591,20262.0,0.361373,1.0
20291.0,0.352804,0.343784,0.368557,0.368557,13.159817,-0.391458,-0.389207,60.0,60.0,18.581525,30.0,1.0,1.0,1.0,0.369591,20272.0,0.356623,1.0
20301.0,0.352837,0.343817,0.368599,0.368599,13.161067,-0.454082,-0.451857,60.0,60.0,17.844004,30.0,1.0,1.0,1.0,0.369591,20282.0,0.353854,1.0
20311.0,0.352868,0.343848,0.368637,0.368637,13.16116,-0.458295,-0.456072,60.0,60.0,17.794371,30.0,1.0,1.0,1.0,0.369591,20292.0,0.348737,1.0
20321.0,0.352899,0.343879,0.368678,0.368678,13.160123,-0.404716,-0.402539,60.0,60.0,18.425385,30.0,1.0,1.0,1.0,0.369591,20302.0,0.364395,1.0
20331.0,0.352929,0.34391,0.368715,0.368715,13.161182,-0.458367,-0.456135,60.0,60.0,17.793517,30.0,1.0,1.0,1.0,0.369591,20312.0,0.354921,1.0
20341.0,0.352961,0.343942,0.368755,0.368755,13.160565,-0.426111,-0.424031,60.0,60.0,18.173407,30.0,1.0,1.0,1.0,0.369833,20322.0,0.364672,1.0
20351.0,0.35299,0.343972,0.368794,0.368794,13.160535,-0.424445,-0.422349,60.0,60.0,18.193028,30.0,1.0,1.0,1.0,0.369833,20332.0,0.357173,1.0
20361.0,0.353022,0.344004,0.368836,0.368836,13.160644,-0.429247,-0.427063,60.0,60.0,18.136478,30.0,1.0,1.0,1.0,0.369833,20342.0,0.364997,1.0
20371.0,0.353053,0.344036,0.368879,0.368879,13.161111,-0.452402,-0.450445,60.0,60.0,17.863751,30.0,1.0,1.0,1.0,0.369833,20352.0,0.364722,1.0
20381.0,0.353082,0.344065,0.368917,0.368917,13.161193,-0.456568,-0.454557,60.0,60.0,17.814689,30.0,1.0,1.0,1.0,0.369833,20361.0,0.366454,1.0
20391.0,0.353112,0.344096,0.368955,0.368955,13.160656,-0.428891,-0.426772,60.0,60.0,18.140656,30.0,1.0,1.0,1.0,0.369833,20371.0,0.344783,1.0
20401.0,0.353144,0.344128,0.368995,0.368995,13.161264,-0.458907,-0.456841,60.0,60.0,17.787123,30.0,1.0,1.0,1.0,0.370069,20381.0,0.358361,1.0
20411.0,0.353175,0.34416,0.369037,0.369037,13.160136,-0.400607,-0.398448,60.0,60.0,18.473737,30.0,1.0,1.0,1.0,0.370069,20391.0,0.350055,1.0
20421.0,0.353207,0.344192,0.369081,0.369081,13.161538,-0.471143,-0.469072,60.0,60.0,17.642985,30.0,1.0,1.0,1.0,0.370069,20401.0,0.368776,1.0
20431.0,0.353238,0.344223,0.369122,0.369122,13.160308,-0.407933,-0.405737,60.0,60.0,18.387451,30.0,1.0,1.0,1.0,0.370069,20411.0,0.356388,1.0
20441.0,0.353268,0.344254,0.369158,0.369158,13.162238,-0.50592,-0.503875,60.0,60.0,17.233327,30.0,1.0,1.0,1.0,0.370069,20421.0,0.349154,1.0
20451.0,0.353299,0.344286,0.369197,0.369197,13.161721,-0.478924,-0.476734,60.0,60.0,17.551329,30.0,1.0,1.0,1.0,0.370069,20431.0,0.362126,1.0
20461.0,0.353329,0.344316,0.369235,0.369235,13.161678,-0.476366,-0.474284,60.0,60.0,17.581447,30.0,1.0,1.0,1.0,0.370308,20441.0,0.356402,1.0
20471.0,0.35336,0.344347,0.369272,0.369272,13.161341,-0.458887,-0.456695,60.0,60.0,17.787329,30.0,1.0,1.0,1.0,0.370308,20451.0,0.358143,1.0
20481.0,0.35339,0.344378,0.36931,0.36931,13.160261,-0.403206,-0.401023,60.0,60.0,18.443113,30.0,1.0,1.0,1.0,0.370308,20461.0,0.36169,1.0
20491.0,0.353423,0.344411,0.369353,0.369353,13.161046,-0.442034,-0.439813,60.0,60.0,17.985811,30.0,1.0,1.0,1.0,0.370308,20471.0,0.355041,1.0
20501.0,0.353453,0.344441,0.36939,0.36939,13.159959,-0.386253,-0.384119,60.0,60.0,18.642741,30.0,1.0,1.0,1.0,0.370308,20481.0,0.363531,1.0
20511.0,0.353485,0.344474,0.369433,0.369433,13.160948,-0.435495,-0.433272,60.0,60.0,18.062811,30.0,1.0,1.0,1.0,0.370308,20491.0,0.36415,1.0
20521.0,0.353516,0.344506,0.369472,0.369472,13.16106,-0.440494,-0.438297,60.0,60.0,18.003929,30.0,1.0,1.0,1.0,0.370551,20501.0,0.357389,1.0
20531.0,0.353549,0.344539,0.369509,0.369509,13.162018,-0.488313,-0.486141,60.0,60.0,17.440678,30.0,1.0,1.0,1.0,0.370551,20511.0,0.354967,1.0
20541.0,0.353579,0.34457,0.369548,0.369548,13.161372,-0.454841,-0.452854,60.0,60.0,17.834935,30.0,1.0,1.0,1.0,0.370551,20521.0,0.357242,1.0
20551.0,0.35361,0.344601,0.369584,0.369584,13.160623,-0.416207,-0.414126,60.0,60.0,18.289955,30.0,1.0,1.0,1.0,0.370551,20531.0,0.36357,1.0
20561.0,0.35364,0.344632,0.369625,0.369625,13.160922,-0.430983,-0.428786,60.0,60.0,18.115931,30.0,1.0,1.0,1.0,0.370551,20541.0,0.3629,1.0
20571.0,0.353672,0.344664,0.369664,0.369664,13.161417,-0.455492,-0.453331,60.0,60.0,17.827258,30.0,1.0,1.0,1.0,0.370551,20551.0,0.360966,1.0
20581.0,0.353703,0.344696,0.369703,0.369703,13.161593,-0.463705,-0.461534,60.0,60.0,17.730513,30.0,1.0,1.0,1.0,0.370781,20561.0,0.362338,1.0
20591.0,0.353735,0.344728,0.369745,0.369745,13.160854,-0.424871,-0.422764,60.0,60.0,18.187893,30.0,1.0,1.0,1.0,0.370781,20571.0,0.363405,1.0
20601.0,0.353767,0.34476,0.369783,0.369783,13.161262,-0.444889,-0.442928,60.0,60.0,17.952128,30.0,1.0,1.0,1.0,0.370781,20581.0,0.373828,1.0
20611.0,0.353798,0.344791,0.369819,0.369819,13.160838,-0.422752,-0.420729,60.0,60.0,18.212846,30.0,1.0,1.0,1.0,0.370781,20591.0,0.363344,1.0
20621.0,0.353828,0.344822,0.369857,0.369857,13.161351,-0.448659,-0.44652,60.0,60.0,17.907716,30.0,1.0,1.0,1.0,0.370781,20601.0,0.355431,1.0
20631.0,0.35386,0.344854,0.369895,0.369895,13.161695,-0.465302,-0.463133,60.0,60.0,17.711676,30.0,1.0,1.0,1.0,0.370781,20611.0,0.354523,1.0
20641.0,0.35389,0.344885,0.369932,0.369932,13.161028,-0.430906,-0.428745,60.0,60.0,18.116803,30.0,1.0,1.0,1.0,0.371012,20621.0,0.349971,1.0
20651.0,0.353922,0.344917,0.36997,0.36997,13.16048,-0.402034,-0.399714,60.0,60.0,18.456822,30.0,1.0,1.0,1.0,0.371012,20631.0,0.368095,1.0
20661.0,0.353954,0.34495,0.370009,0.370009,13.16135,-0.445362,-0.443322,60.0,60.0,17.946522,30.0,1.0,1.0,1.0,0.371012,20641.0,0.354496,1.0
20671.0,0.353986,0.344982,0.370047,0.370047,13.161513,-0.452726,-0.450777,60.0,60.0,17.859778,30.0,1.0,1.0,1.0,0.371012,20651.0,0.36261,1.0
20681.0,0.354017,0.345014,0.370084,0.370084,13.16238,-0.496495,-0.494406,60.0,60.0,17.344212,30.0,1.0,1.0,1.0,0.371012,20661.0,0.35833,1.0
20691.0,0.354047,0.345045,0.370125,0.370125,13.161186,-0.435205,-0.433168,60.0,60.0,18.066142,30.0,1.0,1.0,1.0,0.371012,20671.0,0.35335,1.0
20701.0,0.354078,0.345076,0.370164,0.370164,13.161149,-0.432584,-0.43051,60.0,60.0,18.096999,30.0,1.0,1.0,1.0,0.371246,20681.0,0.359279,1.0
20711.0,0.35411,0.345108,0.370203,0.370203,13.162088,-0.479701,-0.477461,60.0,60.0,17.542023,30.0,1.0,1.0,1.0,0.371246,20691.0,0.361758,1.0
20721.0,0.354142,0.345141,0.370242,0.370242,13.161897,-0.468914,-0.466725,60.0,60.0,17.669077,30.0,1.0,1.0,1.0,0.371246,20701.0,0.36912,1.0
20731.0,0.354174,0.345173,0.370279,0.370279,13.161658,-0.456016,-0.453788,60.0,60.0,17.820999,30.0,1.0,1.0,1.0,0.371246,20711.0,0.355839,1.0
20741.0,0.354204,0.345204,0.370315,0.370315,13.161136,-0.429038,-0.426834,60.0,60.0,18.13874,30.0,1.0,1.0,1.0,0.371246,20721.0,0.358918,1.0
20751.0,0.354236,0.345236,0.370351,0.370351,13.161897,-0.467118,-0.465105,60.0,60.0,17.690217,30.0,1.0,1.0,1.0,0.371246,20731.0,0.350837,1.0
20761.0,0.354267,0.345268,0.370389,0.370389,13.160018,-0.370373,-0.368275,60.0,60.0,18.829617,30.0,1.0,1.0,1.0,0.371478,20741.0,0.358723,1.0
20771.0,0.354298,0.345299,0.370428,0.370428,13.161166,-0.42845,-0.426191,60.0,60.0,18.145659,30.0,1.0,1.0,1.0,0.371478,20751.0,0.360103,1.0
20781.0,0.354328,0.34533,0.370465,0.370465,13.161751,-0.458056,-0.455802,60.0,60.0,17.796945,30.0,1.0,1.0,1.0,0.371478,20761.0,0.355285,1.0
20791.0,0.35436,0.345362,0.370504,0.370504,13.16131,-0.434726,-0.43267,60.0,60.0,18.071729,30.0,1.0,1.0,1.0,0.371478,20771.0,0.356587,1.0
20801.0,0.354391,0.345394,0.370544,0.370544,13.160844,-0.410305,-0.408228,60.0,60.0,18.359346,30.0,1.0,1.0,1.0,0.371478,20781.0,0.34594,1.0
20811.0,0.354422,0.345425,0.370581,0.370581,13.161635,-0.450275,-0.448202,60.0,60.0,17.888578,30.0,1.0,1.0,1.0,0.371478,20791.0,0.367166,1.0
20821.0,0.354454,0.345458,0.37062,0.37062,13.16139,-0.436559,-0.434559,60.0,60.0,18.050119,30.0,1.0,1.0,1.0,0.371709,20801.0,0.357098,1.0
20831.0,0.354486,0.345489,0.370659,0.370659,13.160747,-0.403092,-0.401023,60.0,60.0,18.444273,30.0,1.0,1.0,1.0,0.371709,20811.0,0.364773,1.0
20841.0,0.354517,0.345521,0.370692,0.370692,13.161049,-0.417959,-0.415725,60.0,60.0,18.269176,30.0,1.0,1.0,1.0,0.371709,20821.0,0.364618,1.0
20851.0,0.354548,0.345552,0.370731,0.370731,13.161571,-0.444042,-0.44191,60.0,60.0,17.961968,30.0,1.0,1.0,1.0,0.371709,20831.0,0.364769,1.0
20861.0,0.354579,0.345584,0.370768,0.370768,13.161698,-0.449834,-0.447621,60.0,60.0,17.893742,30.0,1.0,1.0,1.0,0.371709,20841.0,0.352713,1.0
20871.0,0.354611,0.345616,0.370806,0.370806,13.161217,-0.424485,-0.422266,60.0,60.0,18.192301,30.0,1.0,1.0,1.0,0.371709,20851.0,0.356113,1.0
20881.0,0.354641,0.345647,0.370842,0.370842,13.161526,-0.440026,-0.437882,60.0,60.0,18.009254,30.0,1.0,1.0,1.0,0.371927,20861.0,0.356546,1.0
20891.0,0.354672,0.345679,0.37088,0.37088,13.161727,-0.449475,-0.447309,60.0,60.0,17.897958,30.0,1.0,1.0,1.0,0.371927,20871.0,0.363211,1.0
20901.0,0.354703,0.34571,0.370918,0.370918,13.160684,-0.39579,-0.393755,60.0,60.0,18.530243,30.0,1.0,1.0,1.0,0.371927,20881.0,0.356937,1.0
20911.0,0.354735,0.345742,0.370954,0.370954,13.162006,-0.462482,-0.460226,60.0,60.0,17.744743,30.0,1.0,1.0,1.0,0.371927,20891.0,0.355632,1.0
20921.0,0.354764,0.345771,0.370989,0.370989,13.161182,-0.420672,-0.41859,60.0,60.0,18.237194,30.0,1.0,1.0,1.0,0.371927,20901.0,0.351682,1.0
20931.0,0.354794,0.345803,0.371027,0.371027,13.160672,-0.39414,-0.392114,60.0,60.0,18.549659,30.0,1.0,1.0,1.0,0.371927,20911.0,0.355492,1.0
20941.0,0.354825,0.345833,0.371062,0.371062,13.161343,-0.428107,-0.4259,60.0,60.0,18.149626,30.0,1.0,1.0,1.0,0.372136,20921.0,0.357483,1.0
20951.0,0.354856,0.345865,0.371099,0.371099,13.161356,-0.42803,-0.4259,60.0,60.0,18.150525,30.0,1.0,1.0,1.0,0.372136,20931.0,0.357493,1.0
20961.0,0.354886,0.345895,0.371132,0.371132,13.161856,-0.453238,-0.451068,60.0,60.0,17.853618,30.0,1.0,1.0,1.0,0.372136,20941.0,0.362888,1.0
20971.0,0.354918,0.345928,0.371171,0.371171,13.162235,-0.471668,-0.469549,60.0,60.0,17.636517,30.0,1.0,1.0,1.0,0.372136,20951.0,0.358247,1.0
20981.0,0.354948,0.345958,0.371207,0.371207,13.161249,-0.421016,-0.418715,60.0,60.0,18.23312,30.0,1.0,1.0,1.0,0.372136,20960.0,0.364088,1.0
20991.0,0.354979,0.34599,0.371245,0.371245,13.161168,-0.41626,-0.414292,60.0,60.0,18.289135,30.0,1.0,1.0,1.0,0.372136,20970.0,0.36318,1.0
21001.0,0.355009,0.346021,0.371278,0.371278,13.160858,-0.399954,-0.3977,60.0,60.0,18.481162,30.0,1.0,1.0,1.0,0.372352,20980.0,0.357867,1.0
21011.0,0.355042,0.346054,0.371317,0.371317,13.16334,-0.525306,-0.52327,60.0,60.0,17.004618,30.0,1.0,1.0,1.0,0.372352,20990.0,0.355228,1.0
21021.0,0.355073,0.346085,0.371352,0.371352,13.16263,-0.488612,-0.486515,60.0,60.0,17.436895,30.0,1.0,1.0,1.0,0.372352,21000.0,0.365673,1.0
21031.0,0.355105,0.346118,0.37139,0.37139,13.161256,-0.417482,-0.415289,60.0,60.0,18.274715,30.0,1.0,1.0,1.0,0.372352,21010.0,0.359527,1.0
21041.0,0.355136,0.346149,0.371427,0.371427,13.160904,-0.398909,-0.396849,60.0,60.0,18.49345,30.0,1.0,1.0,1.0,0.372352,21020.0,0.353864,1.0
21051.0,0.355167,0.34618,0.371463,0.371463,13.162028,-0.455666,-0.453539,60.0,60.0,17.824964,30.0,1.0,1.0,1.0,0.372352,21030.0,0.353427,1.0
21061.0,0.355197,0.346211,0.371497,0.371497,13.161424,-0.424633,-0.422432,60.0,60.0,18.190476,30.0,1.0,1.0,1.0,0.372575,21040.0,0.350773,1.0
21071.0,0.355228,0.346242,0.371534,0.371534,13.161457,-0.425613,-0.423325,60.0,60.0,18.178933,30.0,1.0,1.0,1.0,0.372575,21050.0,0.36477,1.0
21081.0,0.355259,0.346274,0.371569,0.371569,13.161512,-0.427873,-0.425755,60.0,60.0,18.152309,30.0,1.0,1.0,1.0,0.372575,21060.0,0.356125,1.0
21091.0,0.35529,0.346306,0.371609,0.371609,13.161726,-0.438036,-0.435992,60.0,60.0,18.032609,30.0,1.0,1.0,1.0,0.372575,21070.0,0.347716,1.0
21101.0,0.355321,0.346337,0.371646,0.371646,13.161805,-0.441527,-0.439377,60.0,60.0,17.991479,30.0,1.0,1.0,1.0,0.372575,21080.0,0.3571,1.0
21111.0,0.355352,0.346368,0.371687,0.371687,13.160915,-0.395442,-0.393339,60.0,60.0,18.534252,30.0,1.0,1.0,1.0,0.372575,21090.0,0.349114,1.0
21121.0,0.355383,0.3464,0.371724,0.371724,13.160753,-0.386543,-0.384431,60.0,60.0,18.639052,30.0,1.0,1.0,1.0,0.372804,21100.0,0.361597,1.0
21131.0,0.355415,0.346433,0.37176,0.37176,13.163195,-0.510075,-0.507986,60.0,60.0,17.183978,30.0,1.0,1.0,1.0,0.372804,21110.0,0.363838,1.0
21141.0,0.355446,0.346464,0.371796,0.371796,13.162539,-0.475921,-0.473806,60.0,60.0,17.586326,30.0,1.0,1.0,1.0,0.372804,21120.0,0.356882,1.0
21151.0,0.355477,0.346495,0.37183,0.37183,13.160709,-0.3823,-0.380216,60.0,60.0,18.689007,30.0,1.0,1.0,1.0,0.372804,21130.0,0.366988,1.0
21161.0,0.355509,0.346527,0.371865,0.371865,13.162126,-0.453606,-0.451442,60.0,60.0,17.849175,30.0,1.0,1.0,1.0,0.372804,21140.0,0.355196,1.0
21171.0,0.355539,0.346558,0.371901,0.371901,13.16105,-0.398456,-0.396309,60.0,60.0,18.498732,30.0,1.0,1.0,1.0,0.372804,21150.0,0.351164,1.0
21181.0,0.355569,0.346589,0.371937,0.371937,13.161402,-0.415819,-0.413669,60.0,60.0,18.294238,30.0,1.0,1.0,1.0,0.373016,21160.0,0.364321,1.0
21191.0,0.355602,0.346622,0.371974,0.371974,13.162125,-0.451634,-0.449407,60.0,60.0,17.872389,30.0,1.0,1.0,1.0,0.373016,21170.0,0.365575,1.0
21201.0,0.355632,0.346652,0.372009,0.372009,13.160947,-0.391241,-0.389062,60.0,60.0,18.583684,30.0,1.0,1.0,1.0,0.373016,21180.0,0.359983,1.0
21211.0,0.355663,0.346684,0.372045,0.372045,13.161054,-0.396053,-0.393921,60.0,60.0,18.527014,30.0,1.0,1.0,1.0,0.373016,21190.0,0.362613,1.0
21221.0,0.355694,0.346716,0.372079,0.372079,13.162804,-0.484632,-0.482569,60.0,60.0,17.483663,30.0,1.0,1.0,1.0,0.373016,21200.0,0.359067,1.0
21231.0,0.355726,0.346748,0.372115,0.372115,13.16164,-0.424381,-0.422162,60.0,60.0,18.193361,30.0,1.0,1.0,1.0,0.373016,21210.0,0.366363,1.0
21241.0,0.355756,0.346779,0.372149,0.372149,13.161687,-0.426382,-0.424259,60.0,60.0,18.169791,30.0,1.0,1.0,1.0,0.373229,21220.0,0.361964,1.0
21251.0,0.355787,0.34681,0.372184,0.372184,13.161457,-0.414081,-0.4118,60.0,60.0,18.314667,30.0,1.0,1.0,1.0,0.373229,21230.0,0.367173,1.0
21261.0,0.355819,0.346842,0.372221,0.372221,13.162091,-0.445602,-0.443385,60.0,60.0,17.943404,30.0,1.0,1.0,1.0,0.373229,21240.0,0.362039,1.0
21271.0,0.355851,0.346874,0.372261,0.372261,13.162507,-0.465879,-0.463735,60.0,60.0,17.70455,30.0,1.0,1.0,1.0,0.373229,21250.0,0.359485,1.0
21281.0,0.355883,0.346907,0.372298,0.372298,13.161867,-0.43228,-0.430095,60.0,60.0,18.100301,30.0,1.0,1.0,1.0,0.373229,21260.0,0.351454,1.0
21291.0,0.355913,0.346937,0.372333,0.372333,13.160613,-0.368047,-0.365846,60.0,60.0,18.856795,30.0,1.0,1.0,1.0,0.373229,21270.0,0.35223,1.0
21301.0,0.355944,0.346968,0.372368,0.372368,13.161775,-0.426812,-0.424696,60.0,60.0,18.164699,30.0,1.0,1.0,1.0,0.373449,21280.0,0.353957,1.0
21311.0,0.355974,0.347,0.372402,0.372402,13.16214,-0.444898,-0.442699,60.0,60.0,17.951671,30.0,1.0,1.0,1.0,0.373449,21290.0,0.360135,1.0
21321.0,0.356007,0.347032,0.372438,0.372438,13.163004,-0.487921,-0.485746,60.0,60.0,17.444859,30.0,1.0,1.0,1.0,0.373449,21300.0,0.361391,1.0
21331.0,0.356038,0.347064,0.372475,0.372475,13.161883,-0.430063,-0.427997,60.0,60.0,18.126387,30.0,1.0,1.0,1.0,0.373449,21310.0,0.357116,1.0
21341.0,0.356069,0.347095,0.372515,0.372515,13.161868,-0.4287,-0.426606,60.0,60.0,18.142446,30.0,1.0,1.0,1.0,0.373449,21320.0,0.361646,1.0
21351.0,0.3561,0.347127,0.372552,0.372552,13.162698,-0.470365,-0.468262,60.0,60.0,17.651656,30.0,1.0,1.0,1.0,0.373449,21330.0,0.362835,1.0
21361.0,0.356131,0.347159,0.372589,0.372589,13.161767,-0.422139,-0.420023,60.0,60.0,18.219707,30.0,1.0,1.0,1.0,0.373672,21340.0,0.359325,1.0
21371.0,0.356163,0.347191,0.372626,0.372626,13.162879,-0.477969,-0.475779,60.0,60.0,17.562065,30.0,1.0,1.0,1.0,0.373672,21350.0,0.363405,1.0
21381.0,0.356194,0.347223,0.372661,0.372661,13.161657,-0.415022,-0.412921,60.0,60.0,18.303526,30.0,1.0,1.0,1.0,0.373672,21360.0,0.362927,1.0
21391.0,0.356226,0.347255,0.372698,0.372698,13.162386,-0.451518,-0.449386,60.0,60.0,17.873647,30.0,1.0,1.0,1.0,0.373672,21370.0,0.361531,1.0
21401.0,0.356256,0.347285,0.372733,0.372733,13.16243,-0.453524,-0.4514,60.0,60.0,17.850016,30.0,1.0,1.0,1.0,0.373672,21380.0,0.370177,1.0
21411.0,0.356286,0.347316,0.372769,0.372769,13.161716,-0.416635,-0.414541,60.0,60.0,18.284516,30.0,1.0,1.0,1.0,0.373672,21390.0,0.36521,1.0
21421.0,0.356317,0.347347,0.372802,0.372802,13.162684,-0.465639,-0.463465,60.0,60.0,17.707292,30.0,1.0,1.0,1.0,0.373882,21400.0,0.352745,1.0
21431.0,0.356348,0.347379,0.372838,0.372838,13.161089,-0.383411,-0.38115,60.0,60.0,18.675797,30.0,1.0,1.0,1.0,0.373882,21410.0,0.352014,1.0
21441.0,0.35638,0.347411,0.372873,0.372873,13.161772,-0.417502,-0.415247,60.0,60.0,18.274293,30.0,1.0,1.0,1.0,0.373882,21420.0,0.358603,1.0
21451.0,0.356412,0.347443,0.372905,0.372905,13.163586,-0.509262,-0.50728,60.0,60.0,17.19338,30.0,1.0,1.0,1.0,0.373882,21430.0,0.353121,1.0
21461.0,0.356443,0.347476,0.372942,0.372942,13.162616,-0.458841,-0.456716,60.0,60.0,17.787353,30.0,1.0,1.0,1.0,0.373882,21440.0,0.364147,1.0
21471.0,0.356474,0.347507,0.372977,0.372977,13.162194,-0.43671,-0.434518,60.0,60.0,18.048025,30.0,1.0,1.0,1.0,0.373882,21450.0,0.364188,1.0
21481.0,0.356505,0.347538,0.37301,0.37301,13.161257,-0.388475,-0.386445,60.0,60.0,18.616142,30.0,1.0,1.0,1.0,0.374095,21460.0,0.349845,1.0
21491.0,0.356536,0.347569,0.373044,0.373044,13.162332,-0.442889,-0.440913,60.0,60.0,17.975243,30.0,1.0,1.0,1.0,0.374095,21470.0,0.356385,1.0
21501.0,0.356567,0.347601,0.37308,0.37308,13.162772,-0.46476,-0.462676,60.0,60.0,17.71761,30.0,1.0,1.0,1.0,0.374095,21480.0,0.358128,1.0
21511.0,0.356597,0.347632,0.373114,0.373114,13.162523,-0.451597,-0.449344,60.0,60.0,17.872656,30.0,1.0,1.0,1.0,0.374095,21490.0,0.356488,1.0
21521.0,0.356629,0.347664,0.373151,0.373151,13.162237,-0.436218,-0.434123,60.0,60.0,18.053805,30.0,1.0,1.0,1.0,0.374095,21500.0,0.348652,1.0
21531.0,0.35666,0.347695,0.373186,0.373186,13.162327,-0.44029,-0.438235,60.0,60.0,18.005831,30.0,1.0,1.0,1.0,0.374095,21510.0,0.354591,1.0
21541.0,0.356691,0.347727,0.373223,0.373223,13.161511,-0.397875,-0.395665,60.0,60.0,18.505401,30.0,1.0,1.0,1.0,0.374304,21520.0,0.358286,1.0
21551.0,0.356721,0.347758,0.373259,0.373259,13.161344,-0.388963,-0.38684,60.0,60.0,18.61036,30.0,1.0,1.0,1.0,0.374304,21530.0,0.362,1.0
21561.0,0.356753,0.34779,0.373295,0.373295,13.161815,-0.412169,-0.41016,60.0,60.0,18.337041,30.0,1.0,1.0,1.0,0.374304,21540.0,0.357631,1.0
21571.0,0.356784,0.347821,0.37333,0.37333,13.162243,-0.433442,-0.43132,60.0,60.0,18.086475,30.0,1.0,1.0,1.0,0.374304,21550.0,0.355172,1.0
21581.0,0.356815,0.347852,0.373365,0.373365,13.162333,-0.437492,-0.435514,60.0,60.0,18.038769,30.0,1.0,1.0,1.0,0.374304,21560.0,0.357313,1.0
21591.0,0.356846,0.347884,0.3734,0.3734,13.163314,-0.486879,-0.48477,60.0,60.0,17.456998,30.0,1.0,1.0,1.0,0.374304,21570.0,0.366173,1.0
