run_id,replicate_id,step,timestamp_utc,interval_end_utc,observed_time_utc,ingest_time_utc,site_id,mode,evidence_class,active_wan_id,wan_state,wan_capacity_mbps,offered_load_mbps,throughput_mbps,queue_delay_ms,rtt_ms,jitter_ms,loss_pct,failover_active,vpn_state,vpn_latency_ms,vpn_loss_pct,ap_total,ap_online,wifi_clients,mean_rssi_dbm,channel_util_pct,retry_pct,auth_failures,roaming_events,rogue_ap_count,assets_ready,assets_degraded,flows_per_s,scan_rate_pps,lateral_events,c2_beacons,power_state_start,power_state_end,mains_present,ats_transitions,soc_pct,soh_pct,pack_ocv_v,pack_voltage_v,pack_current_a,cell_ocv_min_v,cell_ocv_max_v,cell_min_v,cell_max_v,cell_imbalance_mv,battery_temp_c,load_w,shed_groups,autonomy_min,protection_trip,charge_state,detector_score,detector_alert,alert_latency_s,quality_flags,telemetry_gap_marker
doe-007,0,0,2026-09-03T09:00:00Z,2026-09-03T09:00:01Z,2026-09-03T09:00:00Z,2026-09-03T09:00:01Z,site_a,SIM,synthetic_demo,A-WAN-1,UP,1000.0,412.6271,412.57,0.0,16.34,0.7414,0.083,0,UP,4.0,0.0,48,48,195,-61.9,17.879,5.396,0,3,0,31,0,350.0,0.0,0,0,MAINS,MAINS,1,0,46.17,92.0,47.8911,48.2499,-4.0,3.68393,3.68393,3.71153,3.71153,0.0,23.1,365.693,,152.24,,CHARGE,0.0,0,,SYNTHETIC,0
doe-007,0,0,2026-09-03T09:00:00Z,2026-09-03T09:00:01Z,2026-09-03T09:00:00Z,2026-09-03T09:00:01Z,site_b,SIM,synthetic_demo,B-WAN-1,UP,1000.0,73.6107,73.92,0.0,23.51,2.1734,0.054,0,UP,4.0,0.0,6,6,28,-59.8,17.641,6.213,0,0,0,32,0,42.0,0.0,0,0,,,,,,,,,,,,,,,,,,,,,0.0,0,,SYNTHETIC,0
doe-007,0,1,2026-09-03T09:00:01Z,2026-09-03T09:00:02Z,2026-09-03T09:00:01Z,2026-09-03T09:00:02Z,site_a,SIM,synthetic_demo,A-WAN-1,UP,1000.0,403.7802,403.17,0.0,19.59,3.6535,0.101,0,UP,4.0,0.0,48,48,235,-62.7,19.366,5.763,3,1,0,31,0,360.0,0.0,0,0,MAINS,MAINS,1,0,46.23,92.0,47.8912,48.25,-4.0,3.68394,3.68394,3.71154,3.71154,0.0,22.9,1088.621,,51.144,,CHARGE,0.0,0,,SYNTHETIC,0
doe-007,0,1,2026-09-03T09:00:01Z,2026-09-03T09:00:02Z,2026-09-03T09:00:01Z,2026-09-03T09:00:02Z,site_b,SIM,synthetic_demo,B-WAN-1,UP,1000.0,76.903,75.85,0.0,22.25,1.7891,0.114,0,UP,4.0,0.0,6,6,39,-61.2,20.917,6.266,0,0,0,32,0,52.0,0.0,0,0,,,,,,,,,,,,,,,,,,,,,0.0,0,,SYNTHETIC,0
doe-007,0,2,2026-09-03T09:00:02Z,2026-09-03T09:00:03Z,2026-09-03T09:00:02Z,2026-09-03T09:00:03Z,site_a,SIM,synthetic_demo,A-WAN-1,UP,1000.0,363.101,362.66,0.0,17.65,1.4322,0.03,0,UP,4.0,0.0,48,48,174,-61.6,17.292,5.083,0,3,0,31,0,412.0,0.0,0,0,MAINS,MAINS,1,0,46.19,92.0,47.8913,48.2501,-4.0,3.68395,3.68395,3.71155,3.71155,0.0,22.9,1068.249,,52.122,,CHARGE,0.0,0,,SYNTHETIC,0
doe-007,0,2,2026-09-03T09:00:02Z,2026-09-03T09:00:03Z,2026-09-03T09:00:02Z,2026-09-03T09:00:03Z,site_b,SIM,synthetic_demo,B-WAN-1,UP,1000.0,59.8485,60.41,0.0,22.64,2.2939,0.129,0,UP,4.0,0.0,6,6,67,-61.2,26.898,8.762,0,0,0,32,0,54.0,0.0,0,0,,,,,,,,,,,,,,,,,,,,,0.0,0,,SYNTHETIC,0
doe-007,0,3,2026-09-03T09:00:03Z,2026-09-03T09:00:04Z,2026-09-03T09:00:03Z,2026-09-03T09:00:04Z,site_a,SIM,synthetic_demo,A-WAN-1,UP,1000.0,371.5795,371.65,0.0,16.37,0.1036,0.073,0,UP,4.0,0.0,48,48,241,-61.7,19.583,5.686,1,4,0,31,0,438.0,0.0,0,0,MAINS,MAINS,1,0,46.2,92.0,47.8915,48.2503,-4.0,3.68396,3.68396,3.71156,3.71156,0.0,23.1,1088.125,,51.172,,CHARGE,0.0,0,,SYNTHETIC,0
doe-007,0,3,2026-09-03T09:00:03Z,2026-09-03T09:00:04Z,2026-09-03T09:00:03Z,2026-09-03T09:00:04Z,site_b,SIM,synthetic_demo,B-WAN-1,UP,1000.0,62.3513,63.48,0.0,21.68,0.9299,0.127,0,UP,4.0,0.0,6,6,37,-63.5,20.831,6.021,0,0,0,32,0,57.0,0.0,0,0,,,,,,,,,,,,,,,,,,,,,0.0,0,,SYNTHETIC|STALE,0
doe-007,0,4,2026-09-03T09:00:04Z,2026-09-03T09:00:05Z,2026-09-03T09:00:04Z,2026-09-03T09:00:05Z,site_a,SIM,synthetic_demo,A-WAN-1,UP,1000.0,368.7378,368.48,0.0,15.77,0.0328,0.079,0,UP,4.0,0.0,48,48,348,-63.359,23.003,6.37,2,3,0,31,0,637.0,0.0,0,0,MAINS,MAINS,1,0,46.19,92.0,47.8916,48.2504,-4.0,3.68397,3.68397,3.71157,3.71157,0.0,23.2,1104.648,,50.41,,CHARGE,0.0,0,,SYNTHETIC|STALE,0
doe-007,0,4,2026-09-03T09:00:04Z,2026-09-03T09:00:05Z,2026-09-03T09:00:04Z,2026-09-03T09:00:05Z,site_b,SIM,synthetic_demo,B-WAN-1,UP,1000.0,61.5562,61.66,0.0,21.44,0.3269,0.071,0,UP,4.0,0.0,6,6,31,-63.359,19.793,5.934,0,0,0,32,0,73.0,0.0,0,0,,,,,,,,,,,,,,,,,,,,,0.0,0,,SYNTHETIC|STALE,0
doe-007,0,5,2026-09-03T09:00:05Z,2026-09-03T09:00:06Z,2026-09-03T09:00:05Z,2026-09-03T09:00:06Z,site_a,SIM,synthetic_demo,A-WAN-1,UP,1000.0,397.9442,397.48,0.0,18.17,2.1302,0.076,0,UP,4.0,0.0,48,48,232,-63.359,18.4,5.747,0,6,0,31,0,432.0,0.0,0,0,MAINS,MAINS,1,0,46.19,92.0,47.8917,48.2505,-4.0,3.68398,3.68398,3.71158,3.71158,0.0,22.9,1099.663,,50.641,,CHARGE,0.0,0,,SYNTHETIC|STALE,0
doe-007,0,5,2026-09-03T09:00:05Z,2026-09-03T09:00:06Z,2026-09-03T09:00:05Z,2026-09-03T09:00:06Z,site_b,SIM,synthetic_demo,B-WAN-1,UP,1000.0,49.7379,50.06,0.0,23.84,2.4648,0.093,0,UP,4.0,0.0,6,6,47,-63.359,21.125,7.063,0,1,0,32,0,56.0,0.0,0,0,,,,,,,,,,,,,,,,,,,,,0.0,0,,SYNTHETIC|STALE,0
doe-007,0,6,2026-09-03T09:00:06Z,2026-09-03T09:00:07Z,2026-09-03T09:00:06Z,2026-09-03T09:00:07Z,site_a,SIM,synthetic_demo,A-WAN-1,UP,1000.0,537.8712,539.39,0.0,15.17,0.1193,0.087,0,UP,4.0,0.0,48,48,154,-63.359,15.523,5.102,0,0,0,31,0,464.0,0.0,0,0,MAINS,MAINS,1,0,46.21,92.0,47.8919,48.2507,-4.0,3.68399,3.68399,3.71159,3.71159,0.0,23.0,1100.908,,50.586,,CHARGE,0.0,0,,SYNTHETIC|STALE,0
doe-007,0,6,2026-09-03T09:00:06Z,2026-09-03T09:00:07Z,2026-09-03T09:00:06Z,2026-09-03T09:00:07Z,site_b,SIM,synthetic_demo,B-WAN-1,UP,1000.0,54.6416,54.28,0.0,21.45,0.9648,0.1,0,UP,4.0,0.0,6,6,37,-64.3,19.274,6.353,0,1,0,32,0,60.0,0.0,0,0,,,,,,,,,,,,,,,,,,,,,0.0,0,,SYNTHETIC,0
doe-007,0,7,2026-09-03T09:00:07Z,2026-09-03T09:00:08Z,2026-09-03T09:00:07Z,2026-09-03T09:00:08Z,site_a,SIM,synthetic_demo,A-WAN-1,UP,1000.0,383.1008,382.68,0.0,16.96,0.8939,0.11,0,UP,4.0,0.0,48,48,292,-62.5,20.755,6.452,2,2,0,31,0,342.0,0.0,0,0,MAINS,MAINS,1,0,46.16,92.0,47.892,48.2508,-4.0,3.684,3.684,3.7116,3.7116,0.0,23.0,1088.2,,51.18,,CHARGE,0.0,0,,SYNTHETIC,0
doe-007,0,7,2026-09-03T09:00:07Z,2026-09-03T09:00:08Z,2026-09-03T09:00:07Z,2026-09-03T09:00:08Z,site_b,SIM,synthetic_demo,B-WAN-1,UP,1000.0,58.1396,59.02,0.0,24.82,2.972,0.1,0,UP,4.0,0.0,6,6,56,-61.5,25.552,7.959,0,0,0,32,0,77.0,0.0,0,0,,,,,,,,,,,,,,,,,,,,,0.0,0,,SYNTHETIC,0
doe-007,0,8,2026-09-03T09:00:08Z,2026-09-03T09:00:09Z,2026-09-03T09:00:08Z,2026-09-03T09:00:09Z,site_a,SIM,synthetic_demo,A-WAN-1,UP,1000.0,384.8246,383.96,0.0,17.11,0.0874,0.076,0,UP,4.0,0.0,48,48,139,-61.5,15.293,4.922,1,1,0,31,0,343.0,0.0,0,0,MAINS,MAINS,1,0,46.25,92.0,47.8921,48.2509,-4.0,3.68401,3.68401,3.71161,3.71161,0.0,23.2,1098.895,,50.684,,CHARGE,0.0,0,,SYNTHETIC,0
doe-007,0,8,2026-09-03T09:00:08Z,2026-09-03T09:00:09Z,2026-09-03T09:00:08Z,2026-09-03T09:00:09Z,site_b,SIM,synthetic_demo,B-WAN-1,UP,1000.0,57.372,57.56,0.0,22.16,0.8671,0.092,0,UP,4.0,0.0,6,6,41,-61.5,20.708,6.213,0,1,0,32,0,90.0,0.0,0,0,,,,,,,,,,,,,,,,,,,,,0.0,0,,SYNTHETIC,0
doe-007,0,9,2026-09-03T09:00:09Z,2026-09-03T09:00:10Z,2026-09-03T09:00:09Z,2026-09-03T09:00:10Z,site_a,SIM,synthetic_demo,A-WAN-1,UP,1000.0,388.5816,388.58,0.0,16.06,0.5461,0.079,0,UP,4.0,0.0,48,48,183,-61.3,17.08,4.938,0,4,0,31,0,378.0,0.0,0,0,MAINS,MAINS,1,0,46.2,92.0,47.8923,48.2511,-4.0,3.68402,3.68402,3.71162,3.71162,0.0,22.8,1092.593,,50.979,,CHARGE,0.0,0,,SYNTHETIC,0
doe-007,0,9,2026-09-03T09:00:09Z,2026-09-03T09:00:10Z,2026-09-03T09:00:09Z,2026-09-03T09:00:10Z,site_b,SIM,synthetic_demo,B-WAN-1,UP,1000.0,64.3425,64.74,0.0,21.96,1.4452,0.122,0,UP,4.0,0.0,6,6,71,-62.9,29.892,9.166,0,0,0,32,0,45.0,0.0,0,0,,,,,,,,,,,,,,,,,,,,,0.0,0,,SYNTHETIC,0
doe-007,0,10,2026-09-03T09:00:10Z,2026-09-03T09:00:11Z,2026-09-03T09:00:10Z,2026-09-03T09:00:11Z,site_a,SIM,synthetic_demo,A-WAN-1,UP,1000.0,373.4098,374.3,0.0,19.26,2.785,0.11,0,UP,4.0,0.0,48,48,176,-61.8,17.037,5.175,0,0,0,31,0,418.0,0.0,0,0,MAINS,MAINS,1,0,46.19,92.0,47.8924,48.2512,-4.0,3.68403,3.68403,3.71163,3.71163,0.0,22.9,1086.902,,51.249,,CHARGE,0.0,0,,SYNTHETIC,0
doe-007,0,10,2026-09-03T09:00:10Z,2026-09-03T09:00:11Z,2026-09-03T09:00:10Z,2026-09-03T09:00:11Z,site_b,SIM,synthetic_demo,B-WAN-1,UP,1000.0,52.0417,51.11,0.0,20.95,0.5127,0.086,0,UP,4.0,0.0,6,6,47,-64.2,23.29,7.978,0,0,0,32,0,80.0,0.0,0,0,,,,,,,,,,,,,,,,,,,,,0.0,0,,SYNTHETIC,0
doe-007,0,11,2026-09-03T09:00:11Z,2026-09-03T09:00:12Z,2026-09-03T09:00:11Z,2026-09-03T09:00:12Z,site_a,SIM,synthetic_demo,A-WAN-1,UP,1000.0,362.8034,362.81,0.0,16.3,0.1364,0.087,0,UP,4.0,0.0,48,48,210,-62.3,17.617,5.147,1,2,0,31,0,337.0,0.0,0,0,MAINS,MAINS,1,0,46.17,92.0,47.8925,48.2513,-4.0,3.68404,3.68404,3.71164,3.71164,0.0,,1094.531,,50.894,,CHARGE,0.0,0,,SYNTHETIC|GAP|MISSING_MCAR,0
doe-007,0,11,2026-09-03T09:00:11Z,2026-09-03T09:00:12Z,2026-09-03T09:00:11Z,2026-09-03T09:00:12Z,site_b,SIM,synthetic_demo,B-WAN-1,UP,1000.0,61.6322,61.54,0.0,23.07,1.619,0.131,0,UP,4.0,0.0,6,6,77,-59.7,28.814,8.831,0,2,0,32,0,84.0,0.0,0,0,,,,,,,,,,,,,,,,,,,,,0.0,0,,SYNTHETIC,0
doe-007,0,12,2026-09-03T09:00:12Z,2026-09-03T09:00:13Z,2026-09-03T09:00:12Z,2026-09-03T09:00:13Z,site_a,SIM,synthetic_demo,A-WAN-1,UP,1000.0,401.8192,401.42,0.0,18.16,2.3793,0.08,0,UP,4.0,0.0,48,48,101,-62.3,14.896,4.378,0,1,0,31,0,385.0,0.0,0,0,MAINS,MAINS,1,0,46.35,92.0,47.8926,48.2514,-4.0,3.68405,3.68405,3.71165,3.71165,0.0,23.0,1074.563,,51.843,,CHARGE,0.0,0,,SYNTHETIC,0
doe-007,0,12,2026-09-03T09:00:12Z,2026-09-03T09:00:13Z,2026-09-03T09:00:12Z,2026-09-03T09:00:13Z,site_b,SIM,synthetic_demo,B-WAN-1,UP,1000.0,56.2094,55.34,0.0,23.87,3.035,0.115,0,UP,4.0,0.0,6,6,38,-63.5,21.039,6.483,0,0,0,32,0,58.0,0.0,0,0,,,,,,,,,,,,,,,,,,,,,0.0,0,,SYNTHETIC,0
doe-007,0,13,2026-09-03T09:00:13Z,2026-09-03T09:00:14Z,2026-09-03T09:00:13Z,2026-09-03T09:00:14Z,site_a,SIM,synthetic_demo,A-WAN-1,UP,1000.0,378.3865,378.41,0.0,18.58,2.2431,0.05,0,UP,4.0,0.0,48,48,91,-61.9,14.131,4.248,0,1,0,31,0,590.0,0.0,0,0,MAINS,MAINS,1,0,46.16,92.0,47.8928,48.2516,-4.0,3.68406,3.68406,3.71166,3.71166,0.0,23.0,1082.285,,51.476,,CHARGE,0.0,0,,SYNTHETIC,0
doe-007,0,13,2026-09-03T09:00:13Z,2026-09-03T09:00:14Z,2026-09-03T09:00:13Z,2026-09-03T09:00:14Z,site_b,SIM,synthetic_demo,B-WAN-1,UP,1000.0,60.2448,60.59,0.0,22.22,1.2821,0.097,0,UP,4.0,0.0,6,6,46,-60.3,22.838,6.608,0,0,0,32,0,59.0,0.0,0,0,,,,,,,,,,,,,,,,,,,,,0.0,0,,SYNTHETIC,0
doe-007,0,14,2026-09-03T09:00:14Z,2026-09-03T09:00:15Z,2026-09-03T09:00:14Z,2026-09-03T09:00:15Z,site_a,SIM,synthetic_demo,A-WAN-1,UP,1000.0,375.494,375.97,0.0,16.6,1.3475,0.119,0,UP,4.0,0.0,48,48,128,-61.4,15.812,4.515,1,1,0,31,0,304.0,0.0,0,0,MAINS,MAINS,1,0,46.18,92.0,47.8929,48.2517,-4.0,3.68407,3.68407,3.71167,3.71167,0.0,22.9,1091.991,,51.021,,CHARGE,0.0,0,,SYNTHETIC,0
doe-007,0,14,2026-09-03T09:00:14Z,2026-09-03T09:00:15Z,2026-09-03T09:00:14Z,2026-09-03T09:00:15Z,site_b,SIM,synthetic_demo,B-WAN-1,UP,1000.0,64.5777,64.5,0.0,21.55,0.0759,0.124,0,UP,4.0,0.0,6,6,21,-63.3,14.861,4.374,1,0,0,32,0,76.0,0.0,0,0,,,,,,,,,,,,,,,,,,,,,0.0,0,,SYNTHETIC,0
doe-007,0,15,2026-09-03T09:00:15Z,2026-09-03T09:00:16Z,2026-09-03T09:00:15Z,2026-09-03T09:00:16Z,site_a,SIM,synthetic_demo,A-WAN-1,UP,1000.0,384.9707,385.45,0.0,17.92,1.663,0.12,0,UP,4.0,0.0,48,48,227,-61.7,18.385,5.442,1,4,0,31,0,338.0,0.0,0,0,MAINS,MAINS,1,0,46.18,92.0,47.893,48.2518,-4.0,3.68408,3.68408,3.71168,3.71168,0.0,23.0,1093.461,,50.955,,CHARGE,0.0,0,,SYNTHETIC,0
doe-007,0,15,2026-09-03T09:00:15Z,2026-09-03T09:00:16Z,2026-09-03T09:00:15Z,2026-09-03T09:00:16Z,site_b,SIM,synthetic_demo,B-WAN-1,UP,1000.0,68.4287,69.42,0.0,26.55,5.2295,0.134,0,UP,4.0,0.0,6,6,26,-62.6,17.444,5.391,0,1,0,32,0,76.0,0.0,0,0,,,,,,,,,,,,,,,,,,,,,0.0,0,,SYNTHETIC,0
doe-007,0,16,2026-09-03T09:00:16Z,2026-09-03T09:00:17Z,2026-09-03T09:00:16Z,2026-09-03T09:00:17Z,site_a,SIM,synthetic_demo,A-WAN-1,UP,1000.0,415.7715,415.66,0.0,18.83,2.9216,0.096,0,UP,4.0,0.0,48,48,147,-63.0,15.727,4.927,1,2,0,31,0,394.0,0.0,0,0,MAINS,MAINS,1,0,46.27,92.0,47.8932,48.252,-4.0,3.68409,3.68409,3.71169,3.71169,0.0,22.9,1084.683,,51.37,,CHARGE,0.0,0,,SYNTHETIC,0
doe-007,0,16,2026-09-03T09:00:16Z,2026-09-03T09:00:17Z,2026-09-03T09:00:16Z,2026-09-03T09:00:17Z,site_b,SIM,synthetic_demo,B-WAN-1,UP,1000.0,67.7445,67.82,0.0,24.85,3.4592,0.06,0,UP,4.0,0.0,6,6,68,-62.4,26.435,8.051,0,0,0,32,0,62.0,0.0,0,0,,,,,,,,,,,,,,,,,,,,,0.0,0,,SYNTHETIC,0
doe-007,0,17,2026-09-03T09:00:17Z,2026-09-03T09:00:18Z,2026-09-03T09:00:17Z,2026-09-03T09:00:18Z,site_a,SIM,synthetic_demo,A-WAN-1,UP,1000.0,407.8224,407.11,0.0,17.4,0.6576,0.118,0,UP,4.0,0.0,48,48,257,-61.4,19.923,5.975,0,5,0,31,0,380.0,0.0,0,0,MAINS,MAINS,1,0,46.21,92.0,47.8933,48.2521,-4.0,3.6841,3.6841,3.7117,3.7117,0.0,22.8,1084.283,,51.391,,CHARGE,0.0,0,,SYNTHETIC,0
doe-007,0,17,2026-09-03T09:00:17Z,2026-09-03T09:00:18Z,2026-09-03T09:00:17Z,2026-09-03T09:00:18Z,site_b,SIM,synthetic_demo,B-WAN-1,UP,1000.0,80.7367,81.37,0.0,22.47,1.6268,0.128,0,UP,4.0,0.0,6,6,33,-60.4,19.96,5.931,0,2,0,32,0,86.0,0.0,0,0,,,,,,,,,,,,,,,,,,,,,0.0,0,,SYNTHETIC,0
doe-007,0,18,2026-09-03T09:00:18Z,2026-09-03T09:00:19Z,2026-09-03T09:00:18Z,2026-09-03T09:00:19Z,site_a,SIM,synthetic_demo,A-WAN-1,UP,1000.0,438.9812,438.49,0.0,16.55,0.6603,0.042,0,UP,4.0,0.0,48,48,253,-60.4,19.076,5.573,0,3,0,31,0,468.0,0.0,0,0,MAINS,MAINS,1,0,46.31,92.0,47.8934,48.2522,-4.0,3.68411,3.68411,3.71171,3.71171,0.0,23.1,1080.657,,51.567,,CHARGE,0.0,0,,SYNTHETIC,0
doe-007,0,18,2026-09-03T09:00:18Z,2026-09-03T09:00:19Z,2026-09-03T09:00:18Z,2026-09-03T09:00:19Z,site_b,SIM,synthetic_demo,B-WAN-1,UP,1000.0,70.0929,70.08,0.0,26.09,4.4258,0.111,0,UP,4.0,0.0,6,6,48,-63.0,22.474,7.261,0,0,0,32,0,72.0,0.0,0,0,,,,,,,,,,,,,,,,,,,,,0.0,0,,SYNTHETIC,0
doe-007,0,19,2026-09-03T09:00:19Z,2026-09-03T09:00:20Z,2026-09-03T09:00:19Z,2026-09-03T09:00:20Z,site_a,SIM,synthetic_demo,A-WAN-1,UP,1000.0,450.1549,449.87,0.0,15.94,0.7692,0.067,0,UP,4.0,0.0,48,48,234,-61.1,19.202,5.671,1,0,0,31,0,399.0,0.0,0,0,MAINS,MAINS,1,0,46.34,92.0,47.8935,48.2523,-4.0,3.68412,3.68412,3.71172,3.71172,0.0,23.0,1074.742,,51.853,,CHARGE,0.0,0,,SYNTHETIC,0
doe-007,0,19,2026-09-03T09:00:19Z,2026-09-03T09:00:20Z,2026-09-03T09:00:19Z,2026-09-03T09:00:20Z,site_b,SIM,synthetic_demo,B-WAN-1,UP,1000.0,62.1438,61.81,0.0,21.55,0.4893,0.113,0,UP,4.0,0.0,6,6,27,-64.1,18.805,6.14,0,0,0,32,0,31.0,0.0,0,0,,,,,,,,,,,,,,,,,,,,,0.0,0,,SYNTHETIC,0
doe-007,0,20,2026-09-03T09:00:20Z,2026-09-03T09:00:21Z,2026-09-03T09:00:20Z,2026-09-03T09:00:21Z,site_a,SIM,synthetic_demo,A-WAN-1,UP,1000.0,457.6788,458.7,0.0,18.29,2.1577,0.076,0,UP,4.0,0.0,48,48,206,-61.8,17.564,5.083,1,2,0,31,0,382.0,0.0,0,0,MAINS,MAINS,1,0,46.29,92.0,47.8937,48.2525,-4.0,3.68413,3.68413,3.71173,3.71173,0.0,23.0,1093.341,,50.974,,CHARGE,0.0,0,,SYNTHETIC,0
doe-007,0,20,2026-09-03T09:00:20Z,2026-09-03T09:00:21Z,2026-09-03T09:00:20Z,2026-09-03T09:00:21Z,site_b,SIM,synthetic_demo,B-WAN-1,UP,1000.0,76.1964,76.14,0.0,21.89,1.474,0.15,0,UP,4.0,0.0,6,6,29,-63.9,18.971,6.447,0,1,0,32,0,78.0,0.0,0,0,,,,,,,,,,,,,,,,,,,,,0.0,0,,SYNTHETIC,0
doe-007,0,21,2026-09-03T09:00:21Z,2026-09-03T09:00:22Z,2026-09-03T09:00:21Z,2026-09-03T09:00:22Z,site_a,SIM,synthetic_demo,A-WAN-1,UP,1000.0,431.5776,430.63,0.0,17.8,2.2461,0.082,0,UP,4.0,0.0,48,48,217,-61.3,18.052,5.31,1,3,0,31,0,284.0,0.0,0,0,MAINS,MAINS,1,0,46.19,92.0,47.8938,48.2526,-4.0,3.68414,3.68414,3.71174,3.71174,0.0,23.2,1101.658,,50.592,,CHARGE,0.0,0,,SYNTHETIC,0
doe-007,0,21,2026-09-03T09:00:21Z,2026-09-03T09:00:22Z,2026-09-03T09:00:21Z,2026-09-03T09:00:22Z,site_b,SIM,synthetic_demo,B-WAN-1,UP,1000.0,68.0354,67.93,0.0,21.47,0.6128,0.09,0,UP,4.0,0.0,6,6,56,-63.4,25.974,7.187,0,1,0,32,0,59.0,0.0,0,0,,,,,,,,,,,,,,,,,,,,,0.0,0,,SYNTHETIC,0
doe-007,0,22,2026-09-03T09:00:22Z,2026-09-03T09:00:23Z,2026-09-03T09:00:22Z,2026-09-03T09:00:23Z,site_a,SIM,synthetic_demo,A-WAN-1,UP,1000.0,671.1094,670.96,0.0,16.34,0.0501,0.098,0,UP,4.0,0.0,48,48,215,-62.5,18.47,5.463,2,1,0,31,0,430.0,0.0,0,0,MAINS,MAINS,1,0,46.26,92.0,47.8939,48.2527,-4.0,3.68415,3.68415,3.71175,3.71175,0.0,23.0,1090.835,,51.096,,CHARGE,0.0,0,,SYNTHETIC,0
doe-007,0,22,2026-09-03T09:00:22Z,2026-09-03T09:00:23Z,2026-09-03T09:00:22Z,2026-09-03T09:00:23Z,site_b,SIM,synthetic_demo,B-WAN-1,UP,1000.0,78.4687,78.06,0.0,23.19,3.1334,,0,UP,4.0,0.0,6,6,36,-61.2,21.354,6.56,1,0,0,32,0,73.0,0.0,0,0,,,,,,,,,,,,,,,,,,,,,0.0,0,,SYNTHETIC|GAP|MISSING_MCAR,0
doe-007,0,23,2026-09-03T09:00:23Z,2026-09-03T09:00:24Z,2026-09-03T09:00:23Z,2026-09-03T09:00:24Z,site_a,SIM,synthetic_demo,A-WAN-1,UP,1000.0,440.7086,441.56,0.0,18.5,2.4196,0.077,0,UP,4.0,0.0,48,48,186,-61.6,17.307,5.137,1,1,0,31,0,262.0,0.0,0,0,MAINS,MAINS,1,0,46.26,92.0,47.8941,48.2529,-4.0,3.68416,3.68416,3.71176,3.71176,0.0,23.0,1082.499,,51.492,,CHARGE,0.0,0,,SYNTHETIC,0
doe-007,0,23,2026-09-03T09:00:23Z,2026-09-03T09:00:24Z,2026-09-03T09:00:23Z,2026-09-03T09:00:24Z,site_b,SIM,synthetic_demo,B-WAN-1,UP,1000.0,75.5598,75.16,0.0,22.11,1.5922,0.078,0,UP,4.0,0.0,6,6,56,-62.6,24.515,7.166,0,0,0,32,0,114.0,0.0,0,0,,,,,,,,,,,,,,,,,,,,,0.0,0,,SYNTHETIC,0
doe-007,0,24,2026-09-03T09:00:24Z,2026-09-03T09:00:25Z,2026-09-03T09:00:24Z,2026-09-03T09:00:25Z,site_a,SIM,synthetic_demo,A-WAN-1,UP,1000.0,413.5464,413.98,0.0,16.8,0.4561,0.079,0,UP,4.0,0.0,48,48,133,-61.3,16.19,4.61,0,3,0,31,0,360.0,0.0,0,0,MAINS,MAINS,1,0,46.33,92.0,47.8942,48.253,-4.0,3.68417,3.68417,3.71177,3.71177,0.0,23.1,1087.318,,51.267,,CHARGE,0.0,0,,SYNTHETIC,0
doe-007,0,24,2026-09-03T09:00:24Z,2026-09-03T09:00:25Z,2026-09-03T09:00:24Z,2026-09-03T09:00:25Z,site_b,SIM,synthetic_demo,B-WAN-1,UP,1000.0,73.9217,73.63,0.0,22.56,0.4238,0.092,0,UP,4.0,0.0,6,6,23,-61.6,15.901,5.233,1,1,0,32,0,93.0,0.0,0,0,,,,,,,,,,,,,,,,,,,,,0.0,0,,SYNTHETIC,0
doe-007,0,25,2026-09-03T09:00:25Z,2026-09-03T09:00:26Z,2026-09-03T09:00:25Z,2026-09-03T09:00:26Z,site_a,SIM,synthetic_demo,A-WAN-1,UP,1000.0,490.4569,491.23,0.0,16.85,0.6775,0.062,0,UP,4.0,0.0,48,48,151,-61.9,16.595,4.688,1,0,0,31,0,282.0,0.0,0,0,MAINS,MAINS,1,0,46.28,92.0,47.8943,48.2531,-4.0,3.68418,3.68418,3.71178,3.71178,0.0,22.9,1079.469,,51.642,,CHARGE,0.0,0,,SYNTHETIC,0
doe-007,0,25,2026-09-03T09:00:25Z,2026-09-03T09:00:26Z,2026-09-03T09:00:25Z,2026-09-03T09:00:26Z,site_b,SIM,synthetic_demo,B-WAN-1,UP,1000.0,73.6131,73.26,0.0,22.16,1.6759,0.092,0,UP,4.0,0.0,6,6,39,-62.6,20.543,6.392,0,0,0,32,0,112.0,0.0,0,0,,,,,,,,,,,,,,,,,,,,,0.0,0,,SYNTHETIC,0
doe-007,0,26,2026-09-03T09:00:26Z,2026-09-03T09:00:27Z,2026-09-03T09:00:26Z,2026-09-03T09:00:27Z,site_a,SIM,synthetic_demo,A-WAN-1,UP,1000.0,408.5694,409.3,0.0,18.3,2.651,0.093,0,UP,4.0,0.0,48,48,198,-62.6,17.613,5.05,0,4,0,31,0,389.0,0.0,0,0,MAINS,MAINS,1,0,46.28,92.0,47.8944,48.2532,-4.0,3.68419,3.68419,3.71179,3.71179,0.0,22.9,1087.914,,51.244,,CHARGE,0.0,0,,SYNTHETIC,0
doe-007,0,26,2026-09-03T09:00:26Z,2026-09-03T09:00:27Z,2026-09-03T09:00:26Z,2026-09-03T09:00:27Z,site_b,SIM,synthetic_demo,B-WAN-1,UP,1000.0,72.7543,73.16,0.0,21.22,0.1503,0.096,0,UP,4.0,0.0,6,6,72,-61.7,28.008,9.118,0,0,0,32,0,58.0,0.0,0,0,,,,,,,,,,,,,,,,,,,,,0.0,0,,SYNTHETIC,0
doe-007,0,27,2026-09-03T09:00:27Z,2026-09-03T09:00:28Z,2026-09-03T09:00:27Z,2026-09-03T09:00:28Z,site_a,SIM,synthetic_demo,A-WAN-1,UP,1000.0,398.8105,398.81,0.0,17.95,1.49,0.071,0,UP,4.0,0.0,48,48,311,-62.1,20.987,6.494,1,2,0,31,0,303.0,0.0,0,0,MAINS,MAINS,1,0,46.24,92.0,47.8946,48.2534,-4.0,3.6842,3.6842,3.7118,3.7118,0.0,23.0,1089.816,,51.157,,CHARGE,0.0,0,,SYNTHETIC,0
doe-007,0,27,2026-09-03T09:00:27Z,2026-09-03T09:00:28Z,2026-09-03T09:00:27Z,2026-09-03T09:00:28Z,site_b,SIM,synthetic_demo,B-WAN-1,UP,1000.0,77.3019,77.55,0.0,21.44,0.3225,0.081,0,UP,4.0,0.0,6,6,42,-60.7,19.312,6.476,0,1,0,32,0,68.0,0.0,0,0,,,,,,,,,,,,,,,,,,,,,0.0,0,,SYNTHETIC,0
doe-007,0,28,2026-09-03T09:00:28Z,2026-09-03T09:00:29Z,2026-09-03T09:00:28Z,2026-09-03T09:00:29Z,site_a,SIM,synthetic_demo,A-WAN-1,UP,1000.0,416.882,415.98,0.0,16.07,0.2718,0.1,0,UP,4.0,0.0,48,48,295,-62.9,20.531,6.169,1,5,0,31,0,379.0,0.0,0,0,MAINS,MAINS,1,0,46.16,92.0,47.8947,48.2535,-4.0,3.68421,3.68421,3.71181,3.71181,0.0,23.0,1081.625,,51.548,,CHARGE,0.0,0,,SYNTHETIC,0
doe-007,0,28,2026-09-03T09:00:28Z,2026-09-03T09:00:29Z,2026-09-03T09:00:28Z,2026-09-03T09:00:29Z,site_b,SIM,synthetic_demo,B-WAN-1,UP,1000.0,72.2938,72.27,0.0,21.23,0.1778,0.078,0,UP,4.0,0.0,6,6,89,-60.0,34.177,9.211,0,0,0,32,0,59.0,0.0,0,0,,,,,,,,,,,,,,,,,,,,,0.0,0,,SYNTHETIC,0
doe-007,0,29,2026-09-03T09:00:29Z,2026-09-03T09:00:30Z,2026-09-03T09:00:29Z,2026-09-03T09:00:30Z,site_a,SIM,synthetic_demo,A-WAN-1,UP,1000.0,461.3067,460.83,0.0,17.56,2.0985,0.063,0,UP,4.0,0.0,48,48,176,-61.5,17.068,5.047,2,2,0,31,0,344.0,0.0,0,0,MAINS,MAINS,1,0,46.19,92.0,47.8948,48.2536,-4.0,3.68422,3.68422,3.71182,3.71182,0.0,23.1,1087.861,,51.255,,CHARGE,0.0,0,,SYNTHETIC,0
doe-007,0,29,2026-09-03T09:00:29Z,2026-09-03T09:00:30Z,2026-09-03T09:00:29Z,2026-09-03T09:00:30Z,site_b,SIM,synthetic_demo,B-WAN-1,UP,1000.0,68.0439,69.28,0.0,21.07,0.3921,0.082,0,UP,4.0,0.0,6,6,53,-64.6,25.192,7.427,0,0,0,32,0,70.0,0.0,0,0,,,,,,,,,,,,,,,,,,,,,0.0,0,,SYNTHETIC,0
doe-007,0,30,2026-09-03T09:00:30Z,2026-09-03T09:00:31Z,2026-09-03T09:00:30Z,2026-09-03T09:00:31Z,site_a,SIM,synthetic_demo,A-WAN-1,UP,1000.0,419.75,419.89,0.0,16.41,0.3796,0.088,0,UP,4.0,0.0,48,48,219,-62.2,18.31,5.57,1,1,0,31,0,307.0,0.0,0,0,MAINS,MAINS,1,0,46.17,92.0,47.895,48.2538,-4.0,3.68423,3.68423,3.71183,3.71183,0.0,23.0,1090.521,,51.132,,CHARGE,0.0,0,,SYNTHETIC,0
doe-007,0,30,2026-09-03T09:00:30Z,2026-09-03T09:00:31Z,2026-09-03T09:00:30Z,2026-09-03T09:00:31Z,site_b,SIM,synthetic_demo,B-WAN-1,UP,1000.0,116.7968,117.3,0.0,22.39,0.4292,0.084,0,UP,4.0,0.0,6,6,27,-62.8,18.83,5.432,0,0,0,32,0,77.0,0.0,0,0,,,,,,,,,,,,,,,,,,,,,0.0,0,,SYNTHETIC,0
doe-007,0,31,2026-09-03T09:00:31Z,2026-09-03T09:00:32Z,2026-09-03T09:00:31Z,2026-09-03T09:00:32Z,site_a,SIM,synthetic_demo,A-WAN-1,UP,1000.0,539.4875,539.31,0.0,17.91,0.5531,0.107,0,UP,4.0,0.0,48,48,232,-62.0,19.176,5.532,2,6,0,31,0,228.0,0.0,0,0,MAINS,MAINS,1,0,46.21,92.0,47.8951,48.2539,-4.0,3.68424,3.68424,3.71184,3.71184,0.0,23.1,1091.517,,51.088,,CHARGE,0.0,0,,SYNTHETIC,0
doe-007,0,31,2026-09-03T09:00:31Z,2026-09-03T09:00:32Z,2026-09-03T09:00:31Z,2026-09-03T09:00:32Z,site_b,SIM,synthetic_demo,B-WAN-1,UP,1000.0,67.4757,67.47,0.0,21.18,0.666,0.099,0,UP,4.0,0.0,6,6,43,-62.3,22.69,6.228,1,1,0,32,0,56.0,0.0,0,0,,,,,,,,,,,,,,,,,,,,,0.0,0,,SYNTHETIC,0
doe-007,0,32,2026-09-03T09:00:32Z,2026-09-03T09:00:33Z,2026-09-03T09:00:32Z,2026-09-03T09:00:33Z,site_a,SIM,synthetic_demo,A-WAN-1,UP,1000.0,418.499,417.93,0.0,17.3,1.7664,0.105,0,UP,4.0,0.0,48,48,164,-61.1,17.506,4.752,0,3,0,31,0,355.0,0.0,0,0,MAINS,MAINS,1,0,46.23,92.0,47.8952,48.254,-4.0,3.68425,3.68425,3.71185,3.71185,0.0,23.0,1078.921,,51.688,,CHARGE,0.0,0,,SYNTHETIC,0
doe-007,0,32,2026-09-03T09:00:32Z,2026-09-03T09:00:33Z,2026-09-03T09:00:32Z,2026-09-03T09:00:33Z,site_b,SIM,synthetic_demo,B-WAN-1,UP,1000.0,105.2629,104.73,0.0,22.5,1.4403,0.097,0,UP,4.0,0.0,6,6,34,-58.9,20.179,6.215,1,2,0,32,0,60.0,0.0,0,0,,,,,,,,,,,,,,,,,,,,,0.0,0,,SYNTHETIC,0
doe-007,0,33,2026-09-03T09:00:33Z,2026-09-03T09:00:34Z,2026-09-03T09:00:33Z,2026-09-03T09:00:34Z,site_a,SIM,synthetic_demo,A-WAN-1,UP,1000.0,391.2456,391.79,0.0,16.87,1.0312,0.04,0,UP,4.0,0.0,48,48,286,-62.3,20.0,6.101,0,2,0,31,0,296.0,0.0,0,0,MAINS,MAINS,1,0,46.31,92.0,47.8953,48.2541,-4.0,3.68426,3.68426,3.71186,3.71186,0.0,23.1,1082.772,,51.506,,CHARGE,0.0,0,,SYNTHETIC,0
doe-007,0,33,2026-09-03T09:00:33Z,2026-09-03T09:00:34Z,2026-09-03T09:00:33Z,2026-09-03T09:00:34Z,site_b,SIM,synthetic_demo,B-WAN-1,UP,1000.0,65.085,65.53,0.0,22.9,1.0492,0.102,0,UP,4.0,0.0,6,6,53,-61.9,23.084,7.308,0,0,0,32,0,56.0,0.0,0,0,,,,,,,,,,,,,,,,,,,,,0.0,0,,SYNTHETIC,0
doe-007,0,34,2026-09-03T09:00:34Z,2026-09-03T09:00:35Z,2026-09-03T09:00:34Z,2026-09-03T09:00:35Z,site_a,SIM,synthetic_demo,A-WAN-1,UP,1000.0,418.2278,418.24,0.0,18.29,1.4605,0.079,0,UP,4.0,0.0,48,48,171,-62.2,16.565,5.03,2,5,0,31,0,296.0,0.0,0,0,MAINS,MAINS,1,0,46.16,92.0,47.8955,48.2543,-4.0,3.68427,3.68427,3.71187,3.71187,0.0,23.0,1092.139,,51.067,,CHARGE,0.0,0,,SYNTHETIC,0
doe-007,0,34,2026-09-03T09:00:34Z,2026-09-03T09:00:35Z,2026-09-03T09:00:34Z,2026-09-03T09:00:35Z,site_b,SIM,synthetic_demo,B-WAN-1,UP,1000.0,81.1407,81.85,0.0,21.47,0.3364,0.09,0,UP,4.0,0.0,6,6,25,-60.5,19.721,4.871,0,0,0,32,0,60.0,0.0,0,0,,,,,,,,,,,,,,,,,,,,,0.0,0,,SYNTHETIC,0
doe-007,0,35,2026-09-03T09:00:35Z,2026-09-03T09:00:36Z,2026-09-03T09:00:35Z,2026-09-03T09:00:36Z,site_a,SIM,synthetic_demo,A-WAN-1,UP,1000.0,459.8096,460.02,0.0,18.83,2.4956,0.071,0,UP,4.0,0.0,48,48,312,-62.3,21.056,6.174,1,4,0,31,0,183.0,0.0,0,0,MAINS,MAINS,1,0,46.23,92.0,47.8956,48.2544,-4.0,3.68428,3.68428,3.71188,3.71188,0.0,22.9,1090.866,,51.13,,CHARGE,0.0,0,,SYNTHETIC,0
doe-007,0,35,2026-09-03T09:00:35Z,2026-09-03T09:00:36Z,2026-09-03T09:00:35Z,2026-09-03T09:00:36Z,site_b,SIM,synthetic_demo,B-WAN-1,UP,1000.0,62.6945,62.52,0.0,23.52,2.1605,0.134,0,UP,4.0,0.0,6,6,33,-62.9,18.177,6.533,0,0,0,32,0,50.0,0.0,0,0,,,,,,,,,,,,,,,,,,,,,0.0,0,,SYNTHETIC,0
doe-007,0,36,2026-09-03T09:00:36Z,2026-09-03T09:00:37Z,2026-09-03T09:00:36Z,2026-09-03T09:00:37Z,site_a,SIM,synthetic_demo,A-WAN-1,UP,1000.0,424.946,425.72,0.0,17.09,1.5872,0.068,0,UP,4.0,0.0,48,48,300,-62.3,20.28,6.295,3,2,0,31,0,344.0,0.0,0,0,MAINS,MAINS,1,0,46.3,92.0,47.8957,48.2545,-4.0,3.68429,3.68429,3.71189,3.71189,0.0,22.9,1095.612,,50.911,,CHARGE,0.0,0,,SYNTHETIC,0
doe-007,0,36,2026-09-03T09:00:36Z,2026-09-03T09:00:37Z,2026-09-03T09:00:36Z,2026-09-03T09:00:37Z,site_b,SIM,synthetic_demo,B-WAN-1,UP,1000.0,73.1876,74.6,0.0,25.27,4.3472,0.091,0,UP,4.0,0.0,6,6,48,-61.8,23.826,6.531,0,2,0,32,0,80.0,0.0,0,0,,,,,,,,,,,,,,,,,,,,,0.0,0,,SYNTHETIC,0
doe-007,0,37,2026-09-03T09:00:37Z,2026-09-03T09:00:38Z,2026-09-03T09:00:37Z,2026-09-03T09:00:38Z,site_a,SIM,synthetic_demo,A-WAN-1,UP,1000.0,386.7196,386.24,0.0,16.59,0.6499,0.079,0,UP,4.0,0.0,48,48,190,-61.7,17.139,4.998,0,7,0,31,0,287.0,0.0,0,0,MAINS,MAINS,1,0,46.3,92.0,47.8959,48.2547,-4.0,3.6843,3.6843,3.7119,3.7119,0.0,23.0,1082.625,,51.524,,CHARGE,0.0,0,,SYNTHETIC,0
doe-007,0,37,2026-09-03T09:00:37Z,2026-09-03T09:00:38Z,2026-09-03T09:00:37Z,2026-09-03T09:00:38Z,site_b,SIM,synthetic_demo,B-WAN-1,UP,1000.0,72.7406,73.91,0.0,21.46,0.525,0.094,0,UP,4.0,0.0,6,6,41,-63.8,19.552,6.618,0,0,0,32,0,65.0,0.0,0,0,,,,,,,,,,,,,,,,,,,,,0.0,0,,SYNTHETIC,0
doe-007,0,38,2026-09-03T09:00:38Z,2026-09-03T09:00:39Z,2026-09-03T09:00:38Z,2026-09-03T09:00:39Z,site_a,SIM,synthetic_demo,A-WAN-1,UP,1000.0,403.4256,403.06,0.0,17.22,1.1751,0.09,0,UP,4.0,0.0,48,48,311,-62.8,21.243,6.338,0,4,0,31,0,217.0,0.0,0,0,MAINS,MAINS,1,0,,92.0,47.896,48.2548,-4.0,3.68431,3.68431,3.71191,3.71191,0.0,22.9,1090.851,,51.138,,CHARGE,0.0,0,,SYNTHETIC|GAP|MISSING_MAR,0
doe-007,0,38,2026-09-03T09:00:38Z,2026-09-03T09:00:39Z,2026-09-03T09:00:38Z,2026-09-03T09:00:39Z,site_b,SIM,synthetic_demo,B-WAN-1,UP,1000.0,62.8002,63.97,0.0,21.44,0.526,0.111,0,UP,4.0,0.0,6,6,20,-63.1,17.919,4.947,0,0,0,32,0,73.0,0.0,0,0,,,,,,,,,,,,,,,,,,,,,0.0,0,,SYNTHETIC,0
doe-007,0,39,2026-09-03T09:00:39Z,2026-09-03T09:00:40Z,2026-09-03T09:00:39Z,2026-09-03T09:00:40Z,site_a,SIM,synthetic_demo,A-WAN-1,UP,1000.0,532.867,532.58,0.0,16.48,0.5855,0.085,0,UP,4.0,0.0,48,48,181,-61.3,17.301,5.175,0,6,0,31,0,293.0,0.0,0,0,MAINS,MAINS,1,0,46.28,92.0,47.8961,48.2549,-4.0,3.68432,3.68432,3.71192,3.71192,0.0,22.9,1080.588,,51.627,,CHARGE,0.0,0,,SYNTHETIC,0
doe-007,0,39,2026-09-03T09:00:39Z,2026-09-03T09:00:40Z,2026-09-03T09:00:39Z,2026-09-03T09:00:40Z,site_b,SIM,synthetic_demo,B-WAN-1,UP,1000.0,63.2653,64.08,0.0,23.97,2.8799,0.102,0,UP,4.0,0.0,6,6,68,-63.3,26.284,8.769,0,1,0,32,0,84.0,0.0,0,0,,,,,,,,,,,,,,,,,,,,,0.0,0,,SYNTHETIC,0
doe-007,0,40,2026-09-03T09:00:40Z,2026-09-03T09:00:41Z,2026-09-03T09:00:40Z,2026-09-03T09:00:41Z,site_a,SIM,synthetic_demo,A-WAN-1,UP,1000.0,525.609,526.26,0.0,17.38,1.411,0.07,0,UP,4.0,0.0,48,48,182,-62.7,18.005,4.732,2,1,0,31,0,323.0,0.0,0,0,MAINS,MAINS,1,0,46.26,92.0,47.8963,48.2551,-4.0,3.68433,3.68433,3.71193,3.71193,0.0,22.9,1091.675,,51.105,,CHARGE,0.0,0,,SYNTHETIC,0
doe-007,0,40,2026-09-03T09:00:40Z,2026-09-03T09:00:41Z,2026-09-03T09:00:40Z,2026-09-03T09:00:41Z,site_b,SIM,synthetic_demo,B-WAN-1,UP,1000.0,59.7991,60.24,0.0,21.33,0.1453,0.147,0,UP,4.0,0.0,6,6,25,-60.1,18.797,5.213,0,0,0,32,0,72.0,0.0,0,0,,,,,,,,,,,,,,,,,,,,,0.0,0,,SYNTHETIC,0
doe-007,0,41,2026-09-03T09:00:41Z,2026-09-03T09:00:42Z,2026-09-03T09:00:41Z,2026-09-03T09:00:42Z,site_a,SIM,synthetic_demo,A-WAN-1,UP,1000.0,549.0246,548.57,0.0,15.98,0.033,0.103,0,UP,4.0,0.0,48,48,288,-62.4,20.494,6.211,1,1,0,31,0,322.0,0.0,0,0,MAINS,MAINS,1,0,46.21,92.0,47.8964,48.2552,-4.0,3.68434,3.68434,3.71194,3.71194,0.0,23.1,1074.77,,51.912,,CHARGE,0.0,0,,SYNTHETIC,0
doe-007,0,41,2026-09-03T09:00:41Z,2026-09-03T09:00:42Z,2026-09-03T09:00:41Z,2026-09-03T09:00:42Z,site_b,SIM,synthetic_demo,B-WAN-1,UP,1000.0,63.5227,63.48,0.0,20.9,0.2783,0.108,0,UP,4.0,0.0,6,6,56,-63.2,26.716,7.375,0,0,0,32,0,67.0,0.0,0,0,,,,,,,,,,,,,,,,,,,,,0.0,0,,SYNTHETIC,0
doe-007,0,42,2026-09-03T09:00:42Z,2026-09-03T09:00:43Z,2026-09-03T09:00:42Z,2026-09-03T09:00:43Z,site_a,SIM,synthetic_demo,A-WAN-1,UP,1000.0,423.0047,422.29,0.0,18.9,2.5636,0.068,0,UP,4.0,0.0,48,48,320,-61.5,20.996,6.388,1,4,0,31,0,206.0,0.0,0,0,MAINS,MAINS,1,0,46.23,92.0,47.8965,48.2553,-4.0,3.68435,3.68435,3.71195,3.71195,0.0,23.1,1085.524,,51.4,,CHARGE,0.0,0,,SYNTHETIC,0
doe-007,0,42,2026-09-03T09:00:42Z,2026-09-03T09:00:43Z,2026-09-03T09:00:42Z,2026-09-03T09:00:43Z,site_b,SIM,synthetic_demo,B-WAN-1,UP,1000.0,61.6859,61.27,0.0,22.29,1.8005,0.099,0,UP,4.0,0.0,6,6,28,-61.9,19.21,4.549,0,1,0,32,0,51.0,0.0,0,0,,,,,,,,,,,,,,,,,,,,,0.0,0,,SYNTHETIC,0
doe-007,0,43,2026-09-03T09:00:43Z,2026-09-03T09:00:44Z,2026-09-03T09:00:43Z,2026-09-03T09:00:44Z,site_a,SIM,synthetic_demo,A-WAN-1,UP,1000.0,526.9745,527.49,0.0,15.34,0.0367,0.103,0,UP,4.0,0.0,48,48,236,-63.1,18.409,5.772,3,3,0,31,0,441.0,0.0,0,0,MAINS,MAINS,1,0,46.38,92.0,47.8966,48.2554,-4.0,3.68436,3.68436,3.71196,3.71196,0.0,23.1,1092.816,,51.06,,CHARGE,0.0,0,,SYNTHETIC,0
doe-007,0,43,2026-09-03T09:00:43Z,2026-09-03T09:00:44Z,2026-09-03T09:00:43Z,2026-09-03T09:00:44Z,site_b,SIM,synthetic_demo,B-WAN-1,UP,1000.0,99.9978,100.37,0.0,22.64,1.3233,0.106,0,UP,4.0,0.0,6,6,28,-62.0,19.223,5.661,2,1,0,32,0,82.0,0.0,0,0,,,,,,,,,,,,,,,,,,,,,0.0,0,,SYNTHETIC,0
doe-007,0,44,2026-09-03T09:00:44Z,2026-09-03T09:00:45Z,2026-09-03T09:00:44Z,2026-09-03T09:00:45Z,site_a,SIM,synthetic_demo,A-WAN-1,UP,1000.0,511.7976,511.5,0.0,15.97,0.3913,0.097,0,UP,4.0,0.0,48,48,202,-61.6,16.915,5.272,0,4,0,31,0,264.0,0.0,0,0,MAINS,MAINS,1,0,46.25,92.0,47.8968,48.2556,-4.0,3.68437,3.68437,3.71197,3.71197,0.0,22.8,1083.749,,51.49,,CHARGE,0.0,0,,SYNTHETIC,0
doe-007,0,44,2026-09-03T09:00:44Z,2026-09-03T09:00:45Z,2026-09-03T09:00:44Z,2026-09-03T09:00:45Z,site_b,SIM,synthetic_demo,B-WAN-1,UP,1000.0,67.1313,67.42,0.0,22.06,1.1358,0.104,0,UP,4.0,0.0,6,6,44,-63.6,19.772,6.838,0,0,0,32,0,60.0,0.0,0,0,,,,,,,,,,,,,,,,,,,,,0.0,0,,SYNTHETIC,0
doe-007,0,45,2026-09-03T09:00:45Z,2026-09-03T09:00:46Z,2026-09-03T09:00:45Z,2026-09-03T09:00:46Z,site_a,SIM,synthetic_demo,A-WAN-1,UP,1000.0,648.1903,647.51,0.0,19.83,2.687,0.071,0,UP,4.0,0.0,48,48,170,-62.3,17.105,4.926,2,5,0,31,0,417.0,0.0,0,0,MAINS,MAINS,1,0,46.27,92.0,47.8969,48.2557,-4.0,3.68438,3.68438,3.71198,3.71198,0.0,23.2,1085.855,,51.393,,CHARGE,0.0,0,,SYNTHETIC,0
doe-007,0,45,2026-09-03T09:00:45Z,2026-09-03T09:00:46Z,2026-09-03T09:00:45Z,2026-09-03T09:00:46Z,site_b,SIM,synthetic_demo,B-WAN-1,UP,1000.0,68.6944,68.65,0.0,21.68,0.7304,0.068,0,UP,4.0,0.0,6,6,52,-63.1,24.829,7.586,0,0,0,32,0,34.0,0.0,0,0,,,,,,,,,,,,,,,,,,,,,0.0,0,,SYNTHETIC,0
doe-007,0,46,2026-09-03T09:00:46Z,2026-09-03T09:00:47Z,2026-09-03T09:00:46Z,2026-09-03T09:00:47Z,site_a,SIM,synthetic_demo,A-WAN-1,UP,1000.0,444.3576,444.21,0.0,19.38,2.881,0.101,0,UP,4.0,0.0,48,48,193,-60.7,16.818,4.997,1,5,0,31,0,307.0,0.0,0,0,MAINS,MAINS,1,0,46.3,92.0,47.897,48.2558,-4.0,3.68439,3.68439,3.71199,3.71199,0.0,23.0,1084.325,,51.468,,CHARGE,0.0,0,,SYNTHETIC,0
doe-007,0,46,2026-09-03T09:00:46Z,2026-09-03T09:00:47Z,2026-09-03T09:00:46Z,2026-09-03T09:00:47Z,site_b,SIM,synthetic_demo,B-WAN-1,UP,1000.0,61.6896,62.13,0.0,22.99,1.8635,0.153,0,UP,4.0,0.0,6,6,32,-60.8,17.487,5.977,0,0,0,32,0,31.0,0.0,0,0,,,,,,,,,,,,,,,,,,,,,0.0,0,,SYNTHETIC,0
doe-007,0,47,2026-09-03T09:00:47Z,2026-09-03T09:00:48Z,2026-09-03T09:00:47Z,2026-09-03T09:00:48Z,site_a,SIM,synthetic_demo,A-WAN-1,UP,1000.0,534.348,533.9,0.0,19.39,3.6425,0.089,0,UP,4.0,0.0,48,48,156,-62.4,16.51,4.663,3,3,0,31,0,401.0,0.0,0,0,MAINS,MAINS,1,0,46.33,92.0,47.8972,48.256,-4.0,3.6844,3.6844,3.712,3.712,0.0,23.2,1089.309,,51.235,,CHARGE,0.0,0,,SYNTHETIC,0
doe-007,0,47,2026-09-03T09:00:47Z,2026-09-03T09:00:48Z,2026-09-03T09:00:47Z,2026-09-03T09:00:48Z,site_b,SIM,synthetic_demo,B-WAN-1,UP,1000.0,72.6397,72.51,0.0,22.52,1.4338,0.105,0,UP,4.0,0.0,6,6,21,-61.0,17.802,4.504,0,0,0,32,0,41.0,0.0,0,0,,,,,,,,,,,,,,,,,,,,,0.0,0,,SYNTHETIC,0
doe-007,0,48,2026-09-03T09:00:48Z,2026-09-03T09:00:49Z,2026-09-03T09:00:48Z,2026-09-03T09:00:49Z,site_a,SIM,synthetic_demo,A-WAN-1,UP,1000.0,399.839,399.48,0.0,17.7,1.4209,0.046,0,UP,4.0,0.0,48,48,171,-61.9,16.139,4.906,0,0,0,31,0,248.0,0.0,0,0,MAINS,MAINS,1,0,46.36,92.0,47.8973,48.2561,-4.0,3.68441,3.68441,3.71201,3.71201,0.0,23.0,1081.922,,51.588,,CHARGE,0.0,0,,SYNTHETIC,0
doe-007,0,48,2026-09-03T09:00:48Z,2026-09-03T09:00:49Z,2026-09-03T09:00:48Z,2026-09-03T09:00:49Z,site_b,SIM,synthetic_demo,B-WAN-1,UP,1000.0,57.3097,57.27,0.0,23.61,2.4842,0.08,0,UP,4.0,0.0,6,6,21,-62.2,17.653,4.9,0,1,0,32,0,71.0,0.0,0,0,,,,,,,,,,,,,,,,,,,,,0.0,0,,SYNTHETIC,0
doe-007,0,49,2026-09-03T09:00:49Z,2026-09-03T09:00:50Z,2026-09-03T09:00:49Z,2026-09-03T09:00:50Z,site_a,SIM,synthetic_demo,A-WAN-1,UP,1000.0,474.4749,474.93,0.0,17.61,1.1628,0.098,0,UP,4.0,0.0,48,48,182,-63.2,16.707,5.425,0,2,0,31,0,288.0,0.0,0,0,MAINS,MAINS,1,0,46.35,92.0,47.8974,48.2562,-4.0,3.68442,3.68442,3.71202,3.71202,0.0,23.0,1081.481,,51.611,,CHARGE,0.0,0,,SYNTHETIC,0
doe-007,0,49,2026-09-03T09:00:49Z,2026-09-03T09:00:50Z,2026-09-03T09:00:49Z,2026-09-03T09:00:50Z,site_b,SIM,synthetic_demo,B-WAN-1,UP,1000.0,54.9178,54.9,0.0,21.24,0.4226,0.104,0,UP,4.0,0.0,6,6,30,-59.4,19.542,5.481,0,0,0,32,0,46.0,0.0,0,0,,,,,,,,,,,,,,,,,,,,,0.0,0,,SYNTHETIC,0
doe-007,0,50,2026-09-03T09:00:50Z,2026-09-03T09:00:51Z,2026-09-03T09:00:50Z,2026-09-03T09:00:51Z,site_a,SIM,synthetic_demo,A-WAN-1,UP,1000.0,590.8493,591.19,0.0,16.23,0.6854,0.071,0,UP,4.0,0.0,48,48,210,-62.1,18.827,5.536,1,4,0,31,0,339.0,0.0,0,0,MAINS,MAINS,1,0,46.33,92.0,47.8975,48.2563,-4.0,3.68443,3.68443,3.71203,3.71203,0.0,23.0,1086.661,,51.368,,CHARGE,0.0,0,,SYNTHETIC,0
doe-007,0,50,2026-09-03T09:00:50Z,2026-09-03T09:00:51Z,2026-09-03T09:00:50Z,2026-09-03T09:00:51Z,site_b,SIM,synthetic_demo,B-WAN-1,UP,1000.0,64.0866,64.68,0.0,21.76,0.6468,0.124,0,UP,4.0,0.0,6,6,25,-61.8,20.925,5.265,0,1,0,32,0,64.0,0.0,0,0,,,,,,,,,,,,,,,,,,,,,0.0,0,,SYNTHETIC,0
doe-007,0,51,2026-09-03T09:00:51Z,2026-09-03T09:00:52Z,2026-09-03T09:00:51Z,2026-09-03T09:00:52Z,site_a,SIM,synthetic_demo,A-WAN-1,UP,1000.0,452.4477,452.83,0.0,15.81,0.0888,0.082,0,UP,4.0,0.0,48,48,156,-61.4,17.33,4.869,0,2,0,31,0,253.0,0.0,0,0,MAINS,MAINS,1,0,46.36,92.0,47.8977,48.2565,-4.0,3.68444,3.68444,3.71204,3.71204,0.0,22.9,1071.541,,52.095,,CHARGE,0.0,0,,SYNTHETIC,0
doe-007,0,51,2026-09-03T09:00:51Z,2026-09-03T09:00:52Z,2026-09-03T09:00:51Z,2026-09-03T09:00:52Z,site_b,SIM,synthetic_demo,B-WAN-1,UP,1000.0,86.0494,86.25,0.0,21.92,0.5489,0.125,0,UP,4.0,0.0,6,6,67,-63.8,26.532,9.469,0,0,0,32,0,42.0,0.0,0,0,,,,,,,,,,,,,,,,,,,,,0.0,0,,SYNTHETIC,0
doe-007,0,52,2026-09-03T09:00:52Z,2026-09-03T09:00:53Z,2026-09-03T09:00:52Z,2026-09-03T09:00:53Z,site_a,SIM,synthetic_demo,A-WAN-1,UP,1000.0,415.3267,413.92,0.0,19.29,2.8574,0.072,0,UP,4.0,0.0,48,48,84,-61.2,14.77,4.044,2,4,0,31,0,375.0,0.0,0,0,MAINS,MAINS,1,0,46.25,92.0,47.8978,48.2566,-4.0,3.68445,3.68445,3.71205,3.71205,0.0,23.1,1114.255,,50.101,,CHARGE,0.0,0,,SYNTHETIC,0
doe-007,0,52,2026-09-03T09:00:52Z,2026-09-03T09:00:53Z,2026-09-03T09:00:52Z,2026-09-03T09:00:53Z,site_b,SIM,synthetic_demo,B-WAN-1,UP,1000.0,64.7609,64.42,0.0,21.21,0.2515,0.097,0,UP,4.0,0.0,6,6,80,-62.5,31.621,9.903,0,1,0,32,0,44.0,0.0,0,0,,,,,,,,,,,,,,,,,,,,,0.0,0,,SYNTHETIC,0
doe-007,0,53,2026-09-03T09:00:53Z,2026-09-03T09:00:54Z,2026-09-03T09:00:53Z,2026-09-03T09:00:54Z,site_a,SIM,synthetic_demo,A-WAN-1,UP,1000.0,449.2243,449.35,0.0,17.76,1.8062,0.089,0,UP,4.0,0.0,48,48,316,-61.4,21.535,6.362,0,3,0,31,0,412.0,0.0,0,0,MAINS,MAINS,1,0,46.3,92.0,47.8979,48.2567,-4.0,3.68446,3.68446,3.71206,3.71206,0.0,23.0,1080.226,,51.682,,CHARGE,0.0,0,,SYNTHETIC,0
doe-007,0,53,2026-09-03T09:00:53Z,2026-09-03T09:00:54Z,2026-09-03T09:00:53Z,2026-09-03T09:00:54Z,site_b,SIM,synthetic_demo,B-WAN-1,UP,1000.0,57.1642,57.15,0.0,22.84,1.7828,0.067,0,UP,4.0,0.0,6,6,31,-62.1,20.038,5.121,1,0,0,32,0,36.0,0.0,0,0,,,,,,,,,,,,,,,,,,,,,0.0,0,,SYNTHETIC,0
doe-007,0,54,2026-09-03T09:00:54Z,2026-09-03T09:00:55Z,2026-09-03T09:00:54Z,2026-09-03T09:00:55Z,site_a,SIM,synthetic_demo,A-WAN-1,UP,1000.0,491.5815,491.83,0.0,16.58,0.9486,0.082,0,UP,4.0,0.0,48,48,346,-63.0,21.775,6.835,1,0,0,31,0,267.0,0.0,0,0,MAINS,MAINS,1,0,46.29,92.0,47.8981,48.2569,-4.0,3.68447,3.68447,3.71207,3.71207,0.0,23.0,1086.483,,51.387,,CHARGE,0.0,0,,SYNTHETIC,0
doe-007,0,54,2026-09-03T09:00:54Z,2026-09-03T09:00:55Z,2026-09-03T09:00:54Z,2026-09-03T09:00:55Z,site_b,SIM,synthetic_demo,B-WAN-1,UP,1000.0,65.9985,66.07,0.0,22.0,1.1012,0.11,0,UP,4.0,0.0,6,6,37,-61.1,20.549,6.889,0,0,0,32,0,45.0,0.0,0,0,,,,,,,,,,,,,,,,,,,,,0.0,0,,SYNTHETIC,0
doe-007,0,55,2026-09-03T09:00:55Z,2026-09-03T09:00:56Z,2026-09-03T09:00:55Z,2026-09-03T09:00:56Z,site_a,SIM,synthetic_demo,A-WAN-1,UP,1000.0,466.9241,466.91,0.0,16.16,0.3337,0.113,0,UP,4.0,0.0,48,48,301,-61.6,20.099,6.232,2,4,0,31,0,412.0,0.0,0,0,MAINS,MAINS,1,0,46.35,92.0,47.8982,48.257,-4.0,3.68448,3.68448,3.71208,3.71208,0.0,23.1,1074.352,,51.97,,CHARGE,0.0,0,,SYNTHETIC,0
doe-007,0,55,2026-09-03T09:00:55Z,2026-09-03T09:00:56Z,2026-09-03T09:00:55Z,2026-09-03T09:00:56Z,site_b,SIM,synthetic_demo,B-WAN-1,UP,1000.0,67.0722,67.59,0.0,24.01,2.6148,0.11,0,UP,4.0,0.0,6,6,60,-62.0,29.111,8.123,0,1,0,32,0,71.0,0.0,0,0,,,,,,,,,,,,,,,,,,,,,0.0,0,,SYNTHETIC,0
doe-007,0,56,2026-09-03T09:00:56Z,2026-09-03T09:00:57Z,2026-09-03T09:00:56Z,2026-09-03T09:00:57Z,site_a,SIM,synthetic_demo,A-WAN-1,UP,1000.0,476.2676,475.79,0.0,16.72,0.9302,0.11,0,UP,4.0,0.0,48,48,203,-61.7,17.951,5.213,2,2,0,31,0,331.0,0.0,0,0,MAINS,MAINS,1,0,46.3,92.0,47.8983,48.2571,-4.0,3.68449,3.68449,3.71209,3.71209,0.0,23.0,1093.811,,51.048,,CHARGE,0.0,0,,SYNTHETIC,0
doe-007,0,56,2026-09-03T09:00:56Z,2026-09-03T09:00:57Z,2026-09-03T09:00:56Z,2026-09-03T09:00:57Z,site_b,SIM,synthetic_demo,B-WAN-1,UP,1000.0,70.1099,70.17,0.0,21.98,0.9107,0.104,0,UP,4.0,0.0,6,6,77,-62.5,28.88,8.641,0,2,0,32,0,91.0,0.0,0,0,,,,,,,,,,,,,,,,,,,,,0.0,0,,SYNTHETIC,0
doe-007,0,57,2026-09-03T09:00:57Z,2026-09-03T09:00:58Z,2026-09-03T09:00:57Z,2026-09-03T09:00:58Z,site_a,SIM,synthetic_demo,A-WAN-1,UP,1000.0,435.1995,434.93,0.0,18.06,1.9768,0.076,0,UP,4.0,0.0,48,48,223,-62.0,18.218,5.546,1,1,0,31,0,393.0,0.0,0,0,MAINS,MAINS,1,0,46.34,92.0,47.8984,48.2572,-4.0,3.6845,3.6845,3.7121,3.7121,0.0,23.0,1081.299,,51.642,,CHARGE,0.0,0,,SYNTHETIC,0
doe-007,0,57,2026-09-03T09:00:57Z,2026-09-03T09:00:58Z,2026-09-03T09:00:57Z,2026-09-03T09:00:58Z,site_b,SIM,synthetic_demo,B-WAN-1,UP,1000.0,84.1632,83.27,0.0,22.99,1.5887,0.129,0,UP,4.0,0.0,6,6,68,-62.1,29.396,8.21,0,0,0,32,0,86.0,0.0,0,0,,,,,,,,,,,,,,,,,,,,,0.0,0,,SYNTHETIC,0
doe-007,0,58,2026-09-03T09:00:58Z,2026-09-03T09:00:59Z,2026-09-03T09:00:58Z,2026-09-03T09:00:59Z,site_a,SIM,synthetic_demo,A-WAN-1,UP,1000.0,445.065,443.73,0.0,19.51,3.5028,0.079,0,UP,4.0,0.0,48,48,273,-61.9,19.914,6.098,2,2,0,31,0,283.0,0.0,0,0,MAINS,MAINS,1,0,46.39,92.0,47.8986,48.2574,-4.0,3.68451,3.68451,3.71211,3.71211,0.0,23.0,1079.602,,51.725,,CHARGE,0.0,0,,SYNTHETIC,0
doe-007,0,58,2026-09-03T09:00:58Z,2026-09-03T09:00:59Z,2026-09-03T09:00:58Z,2026-09-03T09:00:59Z,site_b,SIM,synthetic_demo,B-WAN-1,UP,1000.0,82.922,83.37,0.0,20.8,0.3099,0.127,0,UP,4.0,0.0,6,6,55,-61.5,24.576,7.193,0,0,0,32,0,60.0,0.0,0,0,,,,,,,,,,,,,,,,,,,,,0.0,0,,SYNTHETIC,0
doe-007,0,59,2026-09-03T09:00:59Z,2026-09-03T09:01:00Z,2026-09-03T09:00:59Z,2026-09-03T09:01:00Z,site_a,SIM,synthetic_demo,A-WAN-1,UP,1000.0,463.3798,463.45,0.0,17.16,0.4817,0.054,0,UP,4.0,0.0,48,48,282,-62.8,20.812,5.79,2,1,0,31,0,238.0,0.0,0,0,MAINS,MAINS,1,0,46.31,92.0,47.8987,48.2575,-4.0,3.68452,3.68452,3.71212,3.71212,0.0,23.0,1122.799,,49.738,,CHARGE,0.0,0,,SYNTHETIC,0
doe-007,0,59,2026-09-03T09:00:59Z,2026-09-03T09:01:00Z,2026-09-03T09:00:59Z,2026-09-03T09:01:00Z,site_b,SIM,synthetic_demo,B-WAN-1,UP,1000.0,85.7564,85.43,0.0,21.92,1.4431,0.107,0,UP,4.0,0.0,6,6,25,-62.8,18.32,5.485,0,2,0,32,0,104.0,0.0,0,0,,,,,,,,,,,,,,,,,,,,,0.0,0,,SYNTHETIC,0
doe-007,0,60,2026-09-03T09:01:00Z,2026-09-03T09:01:01Z,2026-09-03T09:01:00Z,2026-09-03T09:01:01Z,site_a,SIM,synthetic_demo,A-WAN-1,UP,1000.0,498.9634,499.91,0.0,16.56,0.8325,0.056,0,UP,4.0,0.0,48,48,407,-62.0,23.993,7.216,1,2,0,31,0,341.0,0.0,0,0,MAINS,MAINS,1,0,46.28,92.0,47.8988,48.2576,-4.0,3.68453,3.68453,3.71213,3.71213,0.0,22.9,1085.337,,51.458,,CHARGE,0.0,0,,SYNTHETIC,0
doe-007,0,60,2026-09-03T09:01:00Z,2026-09-03T09:01:01Z,2026-09-03T09:01:00Z,2026-09-03T09:01:01Z,site_b,SIM,synthetic_demo,B-WAN-1,UP,1000.0,67.4598,67.91,0.0,21.65,1.0463,0.127,0,UP,4.0,0.0,6,6,52,-63.0,24.534,7.453,0,0,0,32,0,70.0,0.0,0,0,,,,,,,,,,,,,,,,,,,,,0.0,0,,SYNTHETIC,0
doe-007,0,61,2026-09-03T09:01:01Z,2026-09-03T09:01:02Z,2026-09-03T09:01:01Z,2026-09-03T09:01:02Z,site_a,SIM,synthetic_demo,A-WAN-1,UP,1000.0,471.0279,471.84,0.0,15.81,0.3086,0.125,0,UP,4.0,0.0,48,48,179,-62.2,17.317,5.071,1,2,0,31,0,310.0,0.0,0,0,MAINS,MAINS,1,0,46.28,92.0,47.899,48.2578,-4.0,3.68454,3.68454,3.71214,3.71214,0.0,23.1,1094.196,,51.044,,CHARGE,0.0,0,,SYNTHETIC,0
doe-007,0,61,2026-09-03T09:01:01Z,2026-09-03T09:01:02Z,2026-09-03T09:01:01Z,2026-09-03T09:01:02Z,site_b,SIM,synthetic_demo,B-WAN-1,UP,1000.0,72.5354,72.54,0.0,21.2,0.3877,0.078,0,UP,4.0,0.0,6,6,39,-61.2,21.008,6.381,0,0,0,32,0,58.0,0.0,0,0,,,,,,,,,,,,,,,,,,,,,0.0,0,,SYNTHETIC,0
doe-007,0,62,2026-09-03T09:01:02Z,2026-09-03T09:01:03Z,2026-09-03T09:01:02Z,2026-09-03T09:01:03Z,site_a,SIM,synthetic_demo,A-WAN-1,UP,1000.0,516.4135,516.28,0.0,17.68,1.2326,0.064,0,UP,4.0,0.0,48,48,181,-62.4,16.984,5.062,1,4,0,31,0,342.0,0.0,0,0,MAINS,MAINS,1,0,46.32,92.0,47.8991,48.2579,-4.0,3.68455,3.68455,3.71215,3.71215,0.0,23.1,1084.221,,51.516,,CHARGE,0.0,0,,SYNTHETIC,0
doe-007,0,62,2026-09-03T09:01:02Z,2026-09-03T09:01:03Z,2026-09-03T09:01:02Z,2026-09-03T09:01:03Z,site_b,SIM,synthetic_demo,B-WAN-1,UP,1000.0,64.0451,64.01,0.0,24.09,3.057,0.093,0,UP,4.0,0.0,6,6,46,-63.8,23.772,7.696,0,1,0,32,0,64.0,0.0,0,0,,,,,,,,,,,,,,,,,,,,,0.0,0,,SYNTHETIC,0
doe-007,0,63,2026-09-03T09:01:03Z,2026-09-03T09:01:04Z,2026-09-03T09:01:03Z,2026-09-03T09:01:04Z,site_a,SIM,synthetic_demo,A-WAN-1,UP,1000.0,524.5657,524.64,0.0,17.12,1.4227,0.091,0,UP,4.0,0.0,48,48,238,-62.2,18.859,5.58,1,1,0,31,0,386.0,0.0,0,0,MAINS,MAINS,1,0,46.33,92.0,47.8992,48.258,-4.0,3.68456,3.68456,3.71216,3.71216,0.0,23.1,1083.895,,51.534,,CHARGE,0.0,0,,SYNTHETIC,0
doe-007,0,63,2026-09-03T09:01:03Z,2026-09-03T09:01:04Z,2026-09-03T09:01:03Z,2026-09-03T09:01:04Z,site_b,SIM,synthetic_demo,B-WAN-1,UP,1000.0,73.1926,74.09,0.0,22.23,1.3208,0.104,0,UP,4.0,0.0,6,6,34,-59.6,21.141,5.882,0,0,0,32,0,61.0,0.0,0,0,,,,,,,,,,,,,,,,,,,,,0.0,0,,SYNTHETIC,0
doe-007,0,64,2026-09-03T09:01:04Z,2026-09-03T09:01:05Z,2026-09-03T09:01:04Z,2026-09-03T09:01:05Z,site_a,SIM,synthetic_demo,A-WAN-1,UP,1000.0,524.2712,524.14,0.0,16.02,0.319,0.081,0,UP,4.0,0.0,48,48,227,-61.8,18.164,5.516,0,5,0,31,0,514.0,0.0,0,0,MAINS,MAINS,1,0,46.35,92.0,47.8993,48.2581,-4.0,3.68457,3.68457,3.71217,3.71217,0.0,23.0,1078.848,,51.778,,CHARGE,0.0,0,,SYNTHETIC,0
doe-007,0,64,2026-09-03T09:01:04Z,2026-09-03T09:01:05Z,2026-09-03T09:01:04Z,2026-09-03T09:01:05Z,site_b,SIM,synthetic_demo,B-WAN-1,UP,1000.0,91.2193,91.88,0.0,23.8,2.93,0.092,0,UP,4.0,0.0,6,6,82,-61.8,33.415,9.344,0,0,0,32,0,67.0,0.0,0,0,,,,,,,,,,,,,,,,,,,,,0.0,0,,SYNTHETIC,0
doe-007,0,65,2026-09-03T09:01:05Z,2026-09-03T09:01:06Z,2026-09-03T09:01:05Z,2026-09-03T09:01:06Z,site_a,SIM,synthetic_demo,A-WAN-1,UP,1000.0,468.676,468.48,0.0,17.02,0.9216,0.102,0,UP,4.0,0.0,48,48,266,-61.4,20.637,5.907,1,0,0,31,0,216.0,0.0,0,0,MAINS,MAINS,1,0,46.4,92.0,47.8995,48.2583,-4.0,3.68457,3.68457,3.71217,3.71217,0.0,22.9,1094.206,,51.054,,CHARGE,0.0,0,,SYNTHETIC,0
doe-007,0,65,2026-09-03T09:01:05Z,2026-09-03T09:01:06Z,2026-09-03T09:01:05Z,2026-09-03T09:01:06Z,site_b,SIM,synthetic_demo,B-WAN-1,UP,1000.0,73.63,73.33,0.0,20.56,0.1774,0.084,0,UP,4.0,0.0,6,6,43,-62.8,21.479,6.371,0,0,0,32,0,57.0,0.0,0,0,,,,,,,,,,,,,,,,,,,,,0.0,0,,SYNTHETIC,0
doe-007,0,66,2026-09-03T09:01:06Z,2026-09-03T09:01:07Z,2026-09-03T09:01:06Z,2026-09-03T09:01:07Z,site_a,SIM,synthetic_demo,A-WAN-1,UP,1000.0,522.1298,521.91,0.0,19.67,3.6016,0.094,0,UP,4.0,0.0,48,48,254,-61.6,19.495,5.711,1,1,0,31,0,393.0,0.0,0,0,MAINS,MAINS,1,0,46.41,92.0,47.8996,48.2584,-4.0,3.68458,3.68458,3.71218,3.71218,0.0,23.0,1107.324,,50.452,,CHARGE,0.0,0,,SYNTHETIC,0
doe-007,0,66,2026-09-03T09:01:06Z,2026-09-03T09:01:07Z,2026-09-03T09:01:06Z,2026-09-03T09:01:07Z,site_b,SIM,synthetic_demo,B-WAN-1,UP,1000.0,78.7617,78.82,0.0,25.65,4.3596,0.064,0,UP,4.0,0.0,6,6,55,-63.5,22.425,7.563,0,0,0,32,0,41.0,0.0,0,0,,,,,,,,,,,,,,,,,,,,,0.0,0,,SYNTHETIC,0
doe-007,0,67,2026-09-03T09:01:07Z,2026-09-03T09:01:08Z,2026-09-03T09:01:07Z,2026-09-03T09:01:08Z,site_a,SIM,synthetic_demo,A-WAN-1,UP,1000.0,443.4596,443.63,0.0,16.06,0.2822,0.086,0,UP,4.0,0.0,48,48,165,-62.7,16.795,5.024,2,2,0,31,0,314.0,0.0,0,0,MAINS,MAINS,1,0,46.4,92.0,47.8997,48.2585,-4.0,3.68459,3.68459,3.71219,3.71219,0.0,23.1,1090.105,,51.251,,CHARGE,0.0,0,,SYNTHETIC,0
doe-007,0,67,2026-09-03T09:01:07Z,2026-09-03T09:01:08Z,2026-09-03T09:01:07Z,2026-09-03T09:01:08Z,site_b,SIM,synthetic_demo,B-WAN-1,UP,1000.0,86.0187,86.16,0.0,21.66,0.9998,0.119,0,UP,4.0,0.0,6,6,26,-62.6,18.066,4.9,0,0,0,32,0,59.0,0.0,0,0,,,,,,,,,,,,,,,,,,,,,0.0,0,,SYNTHETIC,0
doe-007,0,68,2026-09-03T09:01:08Z,2026-09-03T09:01:09Z,2026-09-03T09:01:08Z,2026-09-03T09:01:09Z,site_a,SIM,synthetic_demo,A-WAN-1,UP,1000.0,438.3706,438.81,0.0,15.99,0.4684,0.103,0,UP,4.0,0.0,48,48,264,-62.6,19.604,6.08,1,2,0,31,0,457.0,0.0,0,0,MAINS,MAINS,1,0,46.33,92.0,47.8999,48.2587,-4.0,3.6846,3.6846,3.7122,3.7122,0.0,23.0,1077.02,,51.877,,CHARGE,0.0,0,,SYNTHETIC,0
doe-007,0,68,2026-09-03T09:01:08Z,2026-09-03T09:01:09Z,2026-09-03T09:01:08Z,2026-09-03T09:01:09Z,site_b,SIM,synthetic_demo,B-WAN-1,UP,1000.0,65.6355,65.58,0.0,21.39,0.0747,0.128,0,UP,4.0,0.0,6,6,39,-61.5,19.126,5.812,0,0,0,32,0,71.0,0.0,0,0,,,,,,,,,,,,,,,,,,,,,0.0,0,,SYNTHETIC,0
doe-007,0,69,2026-09-03T09:01:09Z,2026-09-03T09:01:10Z,2026-09-03T09:01:09Z,2026-09-03T09:01:10Z,site_a,SIM,synthetic_demo,A-WAN-1,UP,1000.0,450.8693,450.92,0.0,17.66,1.3917,0.067,0,UP,4.0,0.0,48,48,179,-61.8,18.114,5.064,1,1,0,31,0,362.0,0.0,0,0,MAINS,MAINS,1,0,46.35,92.0,47.9,48.2588,-4.0,3.68461,3.68461,3.71221,3.71221,0.0,23.0,1079.797,,51.746,,CHARGE,0.0,0,,SYNTHETIC,0
doe-007,0,69,2026-09-03T09:01:09Z,2026-09-03T09:01:10Z,2026-09-03T09:01:09Z,2026-09-03T09:01:10Z,site_b,SIM,synthetic_demo,B-WAN-1,UP,1000.0,66.6535,66.33,0.0,23.39,1.7773,0.098,0,UP,4.0,0.0,6,6,17,-65.5,18.326,5.967,0,0,0,32,0,61.0,0.0,0,0,,,,,,,,,,,,,,,,,,,,,0.0,0,,SYNTHETIC,0
doe-007,0,70,2026-09-03T09:01:10Z,2026-09-03T09:01:11Z,2026-09-03T09:01:10Z,2026-09-03T09:01:11Z,site_a,SIM,synthetic_demo,A-WAN-1,UP,1000.0,538.4544,539.21,0.0,16.91,0.3861,0.105,0,UP,4.0,0.0,48,48,69,-62.2,14.22,4.108,2,0,0,31,0,334.0,0.0,0,0,MAINS,MAINS,1,0,46.34,92.0,47.9001,48.2589,-4.0,3.68462,3.68462,3.71222,3.71222,0.0,23.0,1084.141,,51.541,,CHARGE,0.0,0,,SYNTHETIC,0
doe-007,0,70,2026-09-03T09:01:10Z,2026-09-03T09:01:11Z,2026-09-03T09:01:10Z,2026-09-03T09:01:11Z,site_b,SIM,synthetic_demo,B-WAN-1,UP,1000.0,77.3719,77.05,0.0,23.52,2.2336,0.129,0,UP,4.0,0.0,6,6,40,-61.8,19.898,6.994,0,0,0,32,0,51.0,0.0,0,0,,,,,,,,,,,,,,,,,,,,,0.0,0,,SYNTHETIC,0
doe-007,0,71,2026-09-03T09:01:11Z,2026-09-03T09:01:12Z,2026-09-03T09:01:11Z,2026-09-03T09:01:12Z,site_a,SIM,synthetic_demo,A-WAN-1,UP,1000.0,476.2259,475.8,0.0,18.0,1.4672,0.08,0,UP,4.0,0.0,48,48,158,-63.3,16.173,5.068,0,4,0,31,0,228.0,0.0,0,0,MAINS,MAINS,1,0,46.29,92.0,47.9002,48.259,-4.0,3.68463,3.68463,3.71223,3.71223,0.0,22.9,1091.448,,51.199,,CHARGE,0.0,0,,SYNTHETIC,0
doe-007,0,71,2026-09-03T09:01:11Z,2026-09-03T09:01:12Z,2026-09-03T09:01:11Z,2026-09-03T09:01:12Z,site_b,SIM,synthetic_demo,B-WAN-1,UP,1000.0,63.9884,64.3,0.0,21.21,0.6615,0.11,0,UP,4.0,0.0,6,6,33,-62.8,17.495,6.259,1,0,0,32,0,72.0,0.0,0,0,,,,,,,,,,,,,,,,,,,,,0.0,0,,SYNTHETIC,0
doe-007,0,72,2026-09-03T09:01:12Z,2026-09-03T09:01:13Z,2026-09-03T09:01:12Z,2026-09-03T09:01:13Z,site_a,SIM,synthetic_demo,A-WAN-1,UP,1000.0,504.24,504.15,0.0,17.0,1.1394,0.082,0,UP,4.0,0.0,48,48,225,-61.3,18.771,5.487,3,1,0,31,0,601.0,0.0,0,0,MAINS,MAINS,1,0,46.3,92.0,47.9004,48.2592,-4.0,3.68464,3.68464,3.71224,3.71224,0.0,23.0,1072.993,,52.082,,CHARGE,0.0,0,,SYNTHETIC,0
doe-007,0,72,2026-09-03T09:01:12Z,2026-09-03T09:01:13Z,2026-09-03T09:01:12Z,2026-09-03T09:01:13Z,site_b,SIM,synthetic_demo,B-WAN-1,UP,1000.0,63.9891,63.94,0.0,22.99,2.712,0.105,0,UP,4.0,0.0,6,6,41,-62.0,20.994,7.06,0,0,0,32,0,30.0,0.0,0,0,,,,,,,,,,,,,,,,,,,,,0.0,0,,SYNTHETIC,0
doe-007,0,73,2026-09-03T09:01:13Z,2026-09-03T09:01:14Z,2026-09-03T09:01:13Z,2026-09-03T09:01:14Z,site_a,SIM,synthetic_demo,A-WAN-1,UP,1000.0,506.3138,506.39,0.0,16.96,0.7643,0.094,0,UP,4.0,0.0,48,48,189,-60.0,17.304,5.243,1,3,0,31,0,764.0,0.0,0,0,MAINS,MAINS,1,0,46.32,92.0,47.9005,48.2593,-4.0,3.68465,3.68465,3.71225,3.71225,0.0,23.1,1087.623,,51.384,,CHARGE,0.0,0,,SYNTHETIC,0
doe-007,0,73,2026-09-03T09:01:13Z,2026-09-03T09:01:14Z,2026-09-03T09:01:13Z,2026-09-03T09:01:14Z,site_b,SIM,synthetic_demo,B-WAN-1,UP,1000.0,64.2605,64.54,0.0,22.51,1.9958,0.087,0,UP,4.0,0.0,6,6,47,-62.0,23.303,6.337,0,0,0,32,0,80.0,0.0,0,0,,,,,,,,,,,,,,,,,,,,,0.0,0,,SYNTHETIC,0
doe-007,0,74,2026-09-03T09:01:14Z,2026-09-03T09:01:15Z,2026-09-03T09:01:14Z,2026-09-03T09:01:15Z,site_a,SIM,synthetic_demo,A-WAN-1,UP,1000.0,511.8153,511.98,0.0,18.11,2.7677,0.066,0,UP,4.0,0.0,48,48,85,-61.2,14.085,4.318,0,3,0,31,0,414.0,0.0,0,0,MAINS,MAINS,1,0,46.36,92.0,47.9006,48.2594,-4.0,3.68466,3.68466,3.71226,3.71226,0.0,23.1,1101.288,,50.749,,CHARGE,0.0,0,,SYNTHETIC,0
doe-007,0,74,2026-09-03T09:01:14Z,2026-09-03T09:01:15Z,2026-09-03T09:01:14Z,2026-09-03T09:01:15Z,site_b,SIM,synthetic_demo,B-WAN-1,UP,1000.0,80.5718,81.24,0.0,21.85,0.6625,0.105,0,UP,4.0,0.0,6,6,60,-62.3,24.363,7.806,1,0,0,32,0,87.0,0.0,0,0,,,,,,,,,,,,,,,,,,,,,0.0,0,,SYNTHETIC,0
doe-007,0,75,2026-09-03T09:01:15Z,2026-09-03T09:01:16Z,2026-09-03T09:01:15Z,2026-09-03T09:01:16Z,site_a,SIM,synthetic_demo,A-WAN-1,UP,1000.0,537.9861,537.55,0.0,18.6,2.434,0.066,0,UP,4.0,0.0,48,48,125,-62.6,15.973,4.75,2,1,0,31,0,988.0,0.0,0,0,MAINS,MAINS,1,0,46.4,92.0,47.9008,48.2596,-4.0,3.68467,3.68467,3.71227,3.71227,0.0,23.1,1088.029,,51.371,,CHARGE,0.0,0,,SYNTHETIC,0
doe-007,0,75,2026-09-03T09:01:15Z,2026-09-03T09:01:16Z,2026-09-03T09:01:15Z,2026-09-03T09:01:16Z,site_b,SIM,synthetic_demo,B-WAN-1,UP,1000.0,75.9969,75.4,0.0,23.68,2.5494,0.095,0,UP,4.0,0.0,6,6,63,-62.9,25.793,8.454,0,0,0,32,0,61.0,0.0,0,0,,,,,,,,,,,,,,,,,,,,,0.0,0,,SYNTHETIC,0
doe-007,0,76,2026-09-03T09:01:16Z,2026-09-03T09:01:17Z,2026-09-03T09:01:16Z,2026-09-03T09:01:17Z,site_a,SIM,synthetic_demo,A-WAN-1,UP,1000.0,451.2374,450.82,0.0,17.59,1.7847,0.103,0,UP,4.0,0.0,48,48,307,-62.0,20.464,6.407,1,2,0,31,0,310.0,0.0,0,0,MAINS,MAINS,1,0,46.44,92.0,47.9009,48.2597,-4.0,3.68468,3.68468,3.71228,3.71228,0.0,23.0,1087.306,,51.407,,CHARGE,0.0,0,,SYNTHETIC,0
doe-007,0,76,2026-09-03T09:01:16Z,2026-09-03T09:01:17Z,2026-09-03T09:01:16Z,2026-09-03T09:01:17Z,site_b,SIM,synthetic_demo,B-WAN-1,UP,1000.0,83.6001,83.15,0.0,22.26,0.8989,0.079,0,UP,4.0,0.0,6,6,48,-64.4,22.043,7.239,0,0,0,32,0,62.0,0.0,0,0,,,,,,,,,,,,,,,,,,,,,0.0,0,,SYNTHETIC,0
doe-007,0,77,2026-09-03T09:01:17Z,2026-09-03T09:01:18Z,2026-09-03T09:01:17Z,2026-09-03T09:01:18Z,site_a,SIM,synthetic_demo,A-WAN-1,UP,1000.0,499.5656,499.84,0.0,17.45,1.9801,0.112,0,UP,4.0,0.0,48,48,127,-62.4,15.412,4.72,0,3,0,31,0,447.0,0.0,0,0,MAINS,MAINS,1,0,46.32,92.0,47.901,48.2598,-4.0,3.68469,3.68469,3.71229,3.71229,0.0,23.1,1081.56,,51.683,,CHARGE,0.0,0,,SYNTHETIC,0
doe-007,0,77,2026-09-03T09:01:17Z,2026-09-03T09:01:18Z,2026-09-03T09:01:17Z,2026-09-03T09:01:18Z,site_b,SIM,synthetic_demo,B-WAN-1,UP,1000.0,69.3473,69.47,0.0,21.54,0.9001,0.126,0,UP,4.0,0.0,6,6,66,-59.6,27.924,8.402,0,1,0,32,0,37.0,0.0,0,0,,,,,,,,,,,,,,,,,,,,,0.0,0,,SYNTHETIC,0
doe-007,0,78,2026-09-03T09:01:18Z,2026-09-03T09:01:19Z,2026-09-03T09:01:18Z,2026-09-03T09:01:19Z,site_a,SIM,synthetic_demo,A-WAN-1,UP,1000.0,503.7896,503.6,0.0,18.92,3.2464,0.093,0,UP,4.0,0.0,48,48,171,-61.2,16.798,4.895,3,1,0,31,0,327.0,0.0,0,0,MAINS,MAINS,1,0,46.41,92.0,47.9012,48.26,-4.0,3.6847,3.6847,3.7123,3.7123,0.0,23.1,1095.623,,51.023,,CHARGE,0.0,0,,SYNTHETIC,0
doe-007,0,78,2026-09-03T09:01:18Z,2026-09-03T09:01:19Z,2026-09-03T09:01:18Z,2026-09-03T09:01:19Z,site_b,SIM,synthetic_demo,B-WAN-1,UP,1000.0,80.295,80.94,0.0,21.52,0.6431,,0,UP,4.0,0.0,6,6,27,-62.0,19.011,6.197,0,0,0,32,0,31.0,0.0,0,0,,,,,,,,,,,,,,,,,,,,,0.0,0,,SYNTHETIC|GAP|MISSING_MCAR,0
doe-007,0,79,2026-09-03T09:01:19Z,2026-09-03T09:01:20Z,2026-09-03T09:01:19Z,2026-09-03T09:01:20Z,site_a,SIM,synthetic_demo,A-WAN-1,UP,1000.0,443.8425,443.04,0.0,16.7,0.8507,0.105,0,UP,4.0,0.0,48,48,296,-62.4,21.331,6.294,3,4,0,31,0,331.0,0.0,0,0,MAINS,MAINS,1,0,46.29,92.0,47.9013,48.2601,-4.0,3.68471,3.68471,3.71231,3.71231,0.0,23.1,1084.903,,51.529,,CHARGE,0.0,0,,SYNTHETIC,0
doe-007,0,79,2026-09-03T09:01:19Z,2026-09-03T09:01:20Z,2026-09-03T09:01:19Z,2026-09-03T09:01:20Z,site_b,SIM,synthetic_demo,B-WAN-1,UP,1000.0,80.8149,81.3,0.0,22.12,1.054,0.13,0,UP,4.0,0.0,6,6,41,-61.5,21.06,6.516,0,0,0,32,0,82.0,0.0,0,0,,,,,,,,,,,,,,,,,,,,,0.0,0,,SYNTHETIC,0
doe-007,0,80,2026-09-03T09:01:20Z,2026-09-03T09:01:21Z,2026-09-03T09:01:20Z,2026-09-03T09:01:21Z,site_a,SIM,synthetic_demo,A-WAN-1,UP,1000.0,490.7826,490.73,0.0,19.17,3.6096,0.081,0,UP,4.0,0.0,48,48,126,-61.0,15.516,4.499,0,2,0,31,0,476.0,0.0,0,0,MAINS,MAINS,1,0,46.35,92.0,47.9014,48.2602,-4.0,3.68472,3.68472,3.71232,3.71232,0.0,23.1,1088.883,,51.344,,CHARGE,0.0,0,,SYNTHETIC,0
doe-007,0,80,2026-09-03T09:01:20Z,2026-09-03T09:01:21Z,2026-09-03T09:01:20Z,2026-09-03T09:01:21Z,site_b,SIM,synthetic_demo,B-WAN-1,UP,1000.0,91.8247,91.31,0.0,22.76,1.3931,0.092,0,UP,4.0,0.0,6,6,67,-62.0,24.77,8.268,0,1,0,32,0,63.0,0.0,0,0,,,,,,,,,,,,,,,,,,,,,0.0,0,,SYNTHETIC,0
doe-007,0,81,2026-09-03T09:01:21Z,2026-09-03T09:01:22Z,2026-09-03T09:01:21Z,2026-09-03T09:01:22Z,site_a,SIM,synthetic_demo,A-WAN-1,UP,1000.0,500.9028,500.53,0.0,16.53,0.0043,0.074,0,UP,4.0,0.0,48,48,206,-61.7,17.684,5.383,1,2,0,31,0,346.0,0.0,0,0,MAINS,MAINS,1,0,46.36,92.0,47.9015,48.2603,-4.0,3.68473,3.68473,3.71233,3.71233,0.0,23.0,1086.215,,51.473,,CHARGE,0.0,0,,SYNTHETIC,0
doe-007,0,81,2026-09-03T09:01:21Z,2026-09-03T09:01:22Z,2026-09-03T09:01:21Z,2026-09-03T09:01:22Z,site_b,SIM,synthetic_demo,B-WAN-1,UP,1000.0,182.0528,182.32,0.0,21.06,0.3689,0.123,0,UP,4.0,0.0,6,6,35,-62.7,18.936,5.89,0,1,0,32,0,47.0,0.0,0,0,,,,,,,,,,,,,,,,,,,,,0.0,0,,SYNTHETIC,0
doe-007,0,82,2026-09-03T09:01:22Z,2026-09-03T09:01:23Z,2026-09-03T09:01:22Z,2026-09-03T09:01:23Z,site_a,SIM,synthetic_demo,A-WAN-1,UP,1000.0,498.1526,498.74,0.0,16.38,0.0418,0.095,0,UP,4.0,0.0,48,48,110,-63.0,14.973,4.47,0,2,0,31,0,462.0,0.0,0,0,MAINS,MAINS,1,0,46.32,92.0,47.9017,48.2605,-4.0,3.68474,3.68474,3.71234,3.71234,0.0,23.2,1087.492,,51.415,,CHARGE,0.0,0,,SYNTHETIC,0
doe-007,0,82,2026-09-03T09:01:22Z,2026-09-03T09:01:23Z,2026-09-03T09:01:22Z,2026-09-03T09:01:23Z,site_b,SIM,synthetic_demo,B-WAN-1,UP,1000.0,67.6148,67.44,0.0,20.99,0.3845,0.115,0,UP,4.0,0.0,6,6,41,-62.4,21.195,7.197,0,0,0,32,0,29.0,0.0,0,0,,,,,,,,,,,,,,,,,,,,,0.0,0,,SYNTHETIC,0
doe-007,0,83,2026-09-03T09:01:23Z,2026-09-03T09:01:24Z,2026-09-03T09:01:23Z,2026-09-03T09:01:24Z,site_a,SIM,synthetic_demo,A-WAN-1,UP,1000.0,452.5201,452.24,0.0,18.76,2.8196,0.099,0,UP,4.0,0.0,48,48,180,-62.1,17.435,5.147,3,1,0,31,0,361.0,0.0,0,0,MAINS,MAINS,1,0,46.43,92.0,47.9018,48.2606,-4.0,3.68475,3.68475,3.71235,3.71235,0.0,23.0,1083.376,,51.613,,CHARGE,0.0,0,,SYNTHETIC,0
doe-007,0,83,2026-09-03T09:01:23Z,2026-09-03T09:01:24Z,2026-09-03T09:01:23Z,2026-09-03T09:01:24Z,site_b,SIM,synthetic_demo,B-WAN-1,UP,1000.0,82.5531,82.73,0.0,21.61,0.1173,0.073,0,UP,4.0,0.0,6,6,37,-61.5,20.378,6.109,0,1,0,32,0,52.0,0.0,0,0,,,,,,,,,,,,,,,,,,,,,0.0,0,,SYNTHETIC,0
doe-007,0,84,2026-09-03T09:01:24Z,2026-09-03T09:01:25Z,2026-09-03T09:01:24Z,2026-09-03T09:01:25Z,site_a,SIM,synthetic_demo,A-WAN-1,UP,1000.0,480.3941,480.29,0.0,16.73,0.9089,0.064,0,UP,4.0,0.0,48,48,181,-62.8,17.526,5.151,1,1,0,31,0,263.0,0.0,0,0,MAINS,MAINS,1,0,46.36,92.0,47.9019,48.2607,-4.0,3.68476,3.68476,3.71236,3.71236,0.0,23.1,1090.917,,51.259,,CHARGE,0.0,0,,SYNTHETIC,0
doe-007,0,84,2026-09-03T09:01:24Z,2026-09-03T09:01:25Z,2026-09-03T09:01:24Z,2026-09-03T09:01:25Z,site_b,SIM,synthetic_demo,B-WAN-1,UP,1000.0,66.7037,67.57,0.0,21.85,1.2491,0.088,0,UP,4.0,0.0,6,6,68,-63.1,26.676,9.08,0,1,0,32,0,42.0,0.0,0,0,,,,,,,,,,,,,,,,,,,,,0.0,0,,SYNTHETIC,0
doe-007,0,85,2026-09-03T09:01:25Z,2026-09-03T09:01:26Z,2026-09-03T09:01:25Z,2026-09-03T09:01:26Z,site_a,SIM,synthetic_demo,A-WAN-1,UP,1000.0,511.9922,512.09,0.0,19.54,3.334,0.076,0,UP,4.0,0.0,48,48,393,-60.7,23.119,7.034,1,2,0,31,0,318.0,0.0,0,0,MAINS,MAINS,1,0,46.36,92.0,47.9021,48.2609,-4.0,3.68477,3.68477,3.71237,3.71237,0.0,23.0,1086.438,,51.473,,CHARGE,0.0,0,,SYNTHETIC,0
doe-007,0,85,2026-09-03T09:01:25Z,2026-09-03T09:01:26Z,2026-09-03T09:01:25Z,2026-09-03T09:01:26Z,site_b,SIM,synthetic_demo,B-WAN-1,UP,1000.0,74.142,74.45,0.0,22.72,1.6454,0.089,0,UP,4.0,0.0,6,6,51,-62.8,24.124,7.287,0,0,0,32,0,73.0,0.0,0,0,,,,,,,,,,,,,,,,,,,,,0.0,0,,SYNTHETIC,0
doe-007,0,86,2026-09-03T09:01:26Z,2026-09-03T09:01:27Z,2026-09-03T09:01:26Z,2026-09-03T09:01:27Z,site_a,SIM,synthetic_demo,A-WAN-1,UP,1000.0,506.2205,505.98,0.0,17.55,0.9189,0.113,0,UP,4.0,0.0,48,48,177,-61.6,17.2,5.325,2,1,0,31,0,293.0,0.0,0,0,MAINS,MAINS,1,0,46.43,92.0,47.9022,48.261,-4.0,3.68478,3.68478,3.71238,3.71238,0.0,23.1,1099.631,,50.858,,CHARGE,0.0,0,,SYNTHETIC,0
doe-007,0,86,2026-09-03T09:01:26Z,2026-09-03T09:01:27Z,2026-09-03T09:01:26Z,2026-09-03T09:01:27Z,site_b,SIM,synthetic_demo,B-WAN-1,UP,1000.0,83.6242,83.91,0.0,21.76,1.2644,0.116,0,UP,4.0,0.0,6,6,75,-59.8,27.81,9.498,0,1,0,32,0,82.0,0.0,0,0,,,,,,,,,,,,,,,,,,,,,0.0,0,,SYNTHETIC,0
doe-007,0,87,2026-09-03T09:01:27Z,2026-09-03T09:01:28Z,2026-09-03T09:01:27Z,2026-09-03T09:01:28Z,site_a,SIM,synthetic_demo,A-WAN-1,UP,1000.0,529.8195,529.27,0.0,18.82,3.0724,0.067,0,UP,4.0,0.0,48,48,217,-62.2,18.18,5.625,1,2,0,31,0,333.0,0.0,0,0,MAINS,MAINS,1,0,46.31,92.0,47.9023,48.2611,-4.0,3.68479,3.68479,3.71239,3.71239,0.0,22.9,1093.016,,51.168,,CHARGE,0.0,0,,SYNTHETIC,0
doe-007,0,87,2026-09-03T09:01:27Z,2026-09-03T09:01:28Z,2026-09-03T09:01:27Z,2026-09-03T09:01:28Z,site_b,SIM,synthetic_demo,B-WAN-1,UP,1000.0,99.9662,99.0,0.0,21.75,0.5219,0.122,0,UP,4.0,0.0,6,6,46,-61.5,22.22,6.529,1,1,0,32,0,45.0,0.0,0,0,,,,,,,,,,,,,,,,,,,,,0.0,0,,SYNTHETIC,0
doe-007,0,88,2026-09-03T09:01:28Z,2026-09-03T09:01:29Z,2026-09-03T09:01:28Z,2026-09-03T09:01:29Z,site_a,SIM,synthetic_demo,A-WAN-1,UP,1000.0,447.0689,446.81,0.0,16.76,0.3602,0.068,0,UP,4.0,0.0,48,48,111,-62.5,14.643,4.423,1,3,0,31,0,496.0,0.0,0,0,MAINS,MAINS,1,0,46.4,92.0,47.9024,48.2612,-4.0,3.6848,3.6848,3.7124,3.7124,0.0,23.1,1104.719,,50.629,,CHARGE,0.0,0,,SYNTHETIC,0
doe-007,0,88,2026-09-03T09:01:28Z,2026-09-03T09:01:29Z,2026-09-03T09:01:28Z,2026-09-03T09:01:29Z,site_b,SIM,synthetic_demo,B-WAN-1,UP,1000.0,97.0896,97.12,0.0,21.25,0.1665,0.136,0,UP,4.0,0.0,6,6,40,-61.8,19.891,6.267,0,0,0,32,0,74.0,0.0,0,0,,,,,,,,,,,,,,,,,,,,,0.0,0,,SYNTHETIC,0
doe-007,0,89,2026-09-03T09:01:29Z,2026-09-03T09:01:30Z,2026-09-03T09:01:29Z,2026-09-03T09:01:30Z,site_a,SIM,synthetic_demo,A-WAN-1,UP,1000.0,477.9894,477.98,0.0,16.21,0.8917,0.08,0,UP,4.0,0.0,48,48,238,-61.9,18.474,5.956,1,3,0,31,0,384.0,0.0,0,0,MAINS,MAINS,1,0,46.44,92.0,47.9026,48.2614,-4.0,3.68481,3.68481,3.71241,3.71241,0.0,22.9,1078.204,,51.877,,CHARGE,0.0,0,,SYNTHETIC,0
doe-007,0,89,2026-09-03T09:01:29Z,2026-09-03T09:01:30Z,2026-09-03T09:01:29Z,2026-09-03T09:01:30Z,site_b,SIM,synthetic_demo,B-WAN-1,UP,1000.0,71.6089,71.89,0.0,23.1,1.9203,0.1,0,UP,4.0,0.0,6,6,28,-61.5,18.83,5.777,0,0,0,32,0,47.0,0.0,0,0,,,,,,,,,,,,,,,,,,,,,0.0,0,,SYNTHETIC,0
doe-007,0,90,2026-09-03T09:01:30Z,2026-09-03T09:01:31Z,2026-09-03T09:01:30Z,2026-09-03T09:01:31Z,site_a,SIM,synthetic_demo,A-WAN-1,UP,1000.0,467.3904,467.8,0.0,17.67,2.0147,0.068,0,UP,4.0,0.0,48,48,185,-62.9,17.637,5.268,1,2,0,31,0,314.0,0.0,0,0,MAINS,MAINS,1,0,46.37,92.0,47.9027,48.2615,-4.0,3.68482,3.68482,3.71242,3.71242,0.0,23.0,1076.051,,51.983,,CHARGE,0.0,0,,SYNTHETIC,0
doe-007,0,90,2026-09-03T09:01:30Z,2026-09-03T09:01:31Z,2026-09-03T09:01:30Z,2026-09-03T09:01:31Z,site_b,SIM,synthetic_demo,B-WAN-1,UP,1000.0,65.5153,64.71,0.0,21.79,1.0148,0.081,0,UP,4.0,0.0,6,6,48,-61.6,24.199,7.889,0,1,0,32,0,55.0,0.0,0,0,,,,,,,,,,,,,,,,,,,,,0.0,0,,SYNTHETIC,0
doe-007,0,91,2026-09-03T09:01:31Z,2026-09-03T09:01:32Z,2026-09-03T09:01:31Z,2026-09-03T09:01:32Z,site_a,SIM,synthetic_demo,A-WAN-1,UP,1000.0,459.3168,459.47,0.0,16.66,0.5833,0.11,0,UP,4.0,0.0,48,48,161,-62.0,15.885,4.999,2,0,0,31,0,266.0,0.0,0,0,MAINS,MAINS,1,0,46.41,92.0,47.9028,48.2616,-4.0,3.68483,3.68483,3.71243,3.71243,0.0,23.1,1092.495,,51.203,,CHARGE,0.0,0,,SYNTHETIC,0
doe-007,0,91,2026-09-03T09:01:31Z,2026-09-03T09:01:32Z,2026-09-03T09:01:31Z,2026-09-03T09:01:32Z,site_b,SIM,synthetic_demo,B-WAN-1,UP,1000.0,68.6103,68.85,0.0,22.99,1.5753,0.136,0,UP,4.0,0.0,6,6,10,-61.8,13.809,4.367,0,0,0,32,0,54.0,0.0,0,0,,,,,,,,,,,,,,,,,,,,,0.0,0,,SYNTHETIC,0
doe-007,0,92,2026-09-03T09:01:32Z,2026-09-03T09:01:33Z,2026-09-03T09:01:32Z,2026-09-03T09:01:33Z,site_a,SIM,synthetic_demo,A-WAN-1,UP,1000.0,435.0918,434.74,0.0,17.35,1.3595,0.067,0,UP,4.0,0.0,48,48,262,-62.0,19.649,5.885,1,2,0,31,0,269.0,0.0,0,0,MAINS,MAINS,1,0,46.38,92.0,47.903,48.2618,-4.0,3.68484,3.68484,3.71244,3.71244,0.0,23.1,1088.901,,51.375,,CHARGE,0.0,0,,SYNTHETIC,0
doe-007,0,92,2026-09-03T09:01:32Z,2026-09-03T09:01:33Z,2026-09-03T09:01:32Z,2026-09-03T09:01:33Z,site_b,SIM,synthetic_demo,B-WAN-1,UP,1000.0,66.1692,65.94,0.0,21.56,0.8016,0.079,0,UP,4.0,0.0,6,6,53,-61.1,24.996,6.844,0,0,0,32,0,44.0,0.0,0,0,,,,,,,,,,,,,,,,,,,,,0.0,0,,SYNTHETIC,0
doe-007,0,93,2026-09-03T09:01:33Z,2026-09-03T09:01:34Z,2026-09-03T09:01:33Z,2026-09-03T09:01:34Z,site_a,SIM,synthetic_demo,A-WAN-1,UP,1000.0,513.5571,513.97,0.0,17.36,1.7854,0.094,0,UP,4.0,0.0,48,48,137,-62.1,15.971,4.711,2,4,0,31,0,316.0,0.0,0,0,MAINS,MAINS,1,0,46.44,92.0,47.9031,48.2619,-4.0,3.68485,3.68485,3.71245,3.71245,0.0,23.1,1090.312,,51.311,,CHARGE,0.0,0,,SYNTHETIC,0
doe-007,0,93,2026-09-03T09:01:33Z,2026-09-03T09:01:34Z,2026-09-03T09:01:33Z,2026-09-03T09:01:34Z,site_b,SIM,synthetic_demo,B-WAN-1,UP,1000.0,71.1243,71.42,0.0,21.54,0.4608,0.099,0,UP,4.0,0.0,6,6,17,-62.4,14.212,5.449,0,0,0,32,0,62.0,0.0,0,0,,,,,,,,,,,,,,,,,,,,,0.0,0,,SYNTHETIC,0
doe-007,0,94,2026-09-03T09:01:34Z,2026-09-03T09:01:35Z,2026-09-03T09:01:34Z,2026-09-03T09:01:35Z,site_a,SIM,synthetic_demo,A-WAN-1,UP,1000.0,697.3152,697.51,0.0,16.72,0.6069,0.11,0,UP,4.0,0.0,48,48,165,-62.2,16.784,4.94,0,3,0,31,0,367.0,0.0,0,0,MAINS,MAINS,1,0,46.44,92.0,47.9032,48.262,-4.0,3.68486,3.68486,3.71246,3.71246,0.0,23.0,1095.373,,51.077,,CHARGE,0.0,0,,SYNTHETIC,0
doe-007,0,94,2026-09-03T09:01:34Z,2026-09-03T09:01:35Z,2026-09-03T09:01:34Z,2026-09-03T09:01:35Z,site_b,SIM,synthetic_demo,B-WAN-1,UP,1000.0,90.8143,90.48,0.0,22.11,1.3898,0.074,0,UP,4.0,0.0,6,6,53,-62.4,26.934,6.83,0,2,0,32,0,40.0,0.0,0,0,,,,,,,,,,,,,,,,,,,,,0.0,0,,SYNTHETIC,0
doe-007,0,95,2026-09-03T09:01:35Z,2026-09-03T09:01:36Z,2026-09-03T09:01:35Z,2026-09-03T09:01:36Z,site_a,SIM,synthetic_demo,A-WAN-1,UP,1000.0,434.8326,435.41,0.0,17.9,1.6317,0.075,0,UP,4.0,0.0,48,48,203,-62.4,17.801,5.401,1,1,0,31,0,231.0,0.0,0,0,MAINS,MAINS,1,0,46.38,92.0,47.9033,48.2621,-4.0,3.68487,3.68487,3.71247,3.71247,0.0,22.9,1096.573,,51.024,,CHARGE,0.0,0,,SYNTHETIC,0
doe-007,0,95,2026-09-03T09:01:35Z,2026-09-03T09:01:36Z,2026-09-03T09:01:35Z,2026-09-03T09:01:36Z,site_b,SIM,synthetic_demo,B-WAN-1,UP,1000.0,50.4799,49.96,0.0,22.37,1.7113,0.093,0,UP,4.0,0.0,6,6,38,-62.1,20.833,6.675,0,0,0,32,0,84.0,0.0,0,0,,,,,,,,,,,,,,,,,,,,,0.0,0,,SYNTHETIC,0
doe-007,0,96,2026-09-03T09:01:36Z,2026-09-03T09:01:37Z,2026-09-03T09:01:36Z,2026-09-03T09:01:37Z,site_a,SIM,synthetic_demo,A-WAN-1,UP,1000.0,528.7078,528.23,0.0,16.8,0.5358,0.109,0,UP,4.0,0.0,48,48,244,-61.8,19.368,5.596,2,2,0,31,0,352.0,0.0,0,0,MAINS,MAINS,1,0,46.35,92.0,47.9035,48.2623,-4.0,3.68488,3.68488,3.71248,3.71248,0.0,23.2,1073.98,,52.1,,CHARGE,0.0,0,,SYNTHETIC,0
doe-007,0,96,2026-09-03T09:01:36Z,2026-09-03T09:01:37Z,2026-09-03T09:01:36Z,2026-09-03T09:01:37Z,site_b,SIM,synthetic_demo,B-WAN-1,UP,1000.0,150.7274,150.45,0.0,22.9,1.9791,0.122,0,UP,4.0,0.0,6,6,79,-59.5,32.147,9.156,0,0,0,32,0,65.0,0.0,0,0,,,,,,,,,,,,,,,,,,,,,0.0,0,,SYNTHETIC,0
doe-007,0,97,2026-09-03T09:01:37Z,2026-09-03T09:01:38Z,2026-09-03T09:01:37Z,2026-09-03T09:01:38Z,site_a,SIM,synthetic_demo,A-WAN-1,UP,1000.0,486.5184,487.55,0.0,16.16,0.3782,0.094,0,UP,4.0,0.0,48,48,151,-61.5,16.871,4.731,1,4,0,31,0,340.0,0.0,0,0,MAINS,MAINS,1,0,46.41,92.0,47.9036,48.2624,-4.0,3.68489,3.68489,3.71249,3.71249,0.0,23.1,1085.098,,51.569,,CHARGE,0.0,0,,SYNTHETIC,0
doe-007,0,97,2026-09-03T09:01:37Z,2026-09-03T09:01:38Z,2026-09-03T09:01:37Z,2026-09-03T09:01:38Z,site_b,SIM,synthetic_demo,B-WAN-1,UP,1000.0,52.0759,52.46,0.0,24.82,3.4763,0.082,0,UP,4.0,0.0,6,6,31,-61.8,17.886,5.777,1,0,0,32,0,38.0,0.0,0,0,,,,,,,,,,,,,,,,,,,,,0.0,0,,SYNTHETIC,0
doe-007,0,98,2026-09-03T09:01:38Z,2026-09-03T09:01:39Z,2026-09-03T09:01:38Z,2026-09-03T09:01:39Z,site_a,SIM,synthetic_demo,A-WAN-1,UP,1000.0,521.947,521.75,0.0,16.64,0.6974,0.128,0,UP,4.0,0.0,48,48,171,-62.7,16.219,5.115,2,2,0,31,0,271.0,0.0,0,0,MAINS,MAINS,1,0,46.43,92.0,47.9037,48.2625,-4.0,3.6849,3.6849,3.7125,3.7125,0.0,23.1,1092.387,,51.227,,CHARGE,0.0,0,,SYNTHETIC,0
doe-007,0,98,2026-09-03T09:01:38Z,2026-09-03T09:01:39Z,2026-09-03T09:01:38Z,2026-09-03T09:01:39Z,site_b,SIM,synthetic_demo,B-WAN-1,UP,1000.0,62.4219,62.28,0.0,23.01,1.9426,0.107,0,UP,4.0,0.0,6,6,55,-59.8,26.107,7.462,0,0,0,32,0,53.0,0.0,0,0,,,,,,,,,,,,,,,,,,,,,0.0,0,,SYNTHETIC,0
doe-007,0,99,2026-09-03T09:01:39Z,2026-09-03T09:01:40Z,2026-09-03T09:01:39Z,2026-09-03T09:01:40Z,site_a,SIM,synthetic_demo,A-WAN-1,UP,1000.0,458.5872,458.32,0.0,17.02,1.0894,0.068,0,UP,4.0,0.0,48,48,224,-62.4,18.301,5.591,2,4,0,31,0,292.0,0.0,0,0,MAINS,MAINS,1,0,46.48,92.0,47.9039,48.2627,-4.0,3.68491,3.68491,3.71251,3.71251,0.0,23.0,1075.715,,52.024,,CHARGE,0.0,0,,SYNTHETIC,0
doe-007,0,99,2026-09-03T09:01:39Z,2026-09-03T09:01:40Z,2026-09-03T09:01:39Z,2026-09-03T09:01:40Z,site_b,SIM,synthetic_demo,B-WAN-1,UP,1000.0,49.0457,49.39,0.0,22.99,1.1343,0.106,0,UP,4.0,0.0,6,6,51,-63.1,23.833,6.786,0,0,0,32,0,44.0,0.0,0,0,,,,,,,,,,,,,,,,,,,,,0.0,0,,SYNTHETIC,0
doe-007,0,100,2026-09-03T09:01:40Z,2026-09-03T09:01:41Z,2026-09-03T09:01:40Z,2026-09-03T09:01:41Z,site_a,SIM,synthetic_demo,A-WAN-1,UP,1000.0,526.0637,525.03,0.0,15.88,0.5295,0.102,0,UP,4.0,0.0,48,48,201,-62.3,17.989,5.222,0,3,0,31,0,414.0,0.0,0,0,MAINS,MAINS,1,0,46.5,92.0,47.904,48.2628,-4.0,3.68492,3.68492,3.71252,3.71252,0.0,23.2,1092.291,,51.237,,CHARGE,0.0,0,,SYNTHETIC,0
doe-007,0,100,2026-09-03T09:01:40Z,2026-09-03T09:01:41Z,2026-09-03T09:01:40Z,2026-09-03T09:01:41Z,site_b,SIM,synthetic_demo,B-WAN-1,UP,1000.0,79.5254,78.13,0.0,21.17,0.2349,0.119,0,UP,4.0,0.0,6,6,45,-63.0,22.528,6.572,0,1,0,32,0,62.0,0.0,0,0,,,,,,,,,,,,,,,,,,,,,0.0,0,,SYNTHETIC,0
doe-007,0,101,2026-09-03T09:01:41Z,2026-09-03T09:01:42Z,2026-09-03T09:01:41Z,2026-09-03T09:01:42Z,site_a,SIM,synthetic_demo,A-WAN-1,UP,1000.0,466.712,466.75,0.0,17.99,1.9355,0.097,0,UP,4.0,0.0,48,48,190,-61.5,17.401,5.05,1,1,0,31,0,270.0,0.0,0,0,MAINS,MAINS,1,0,46.38,92.0,47.9041,48.2629,-4.0,3.68493,3.68493,3.71253,3.71253,0.0,23.0,1090.555,,51.321,,CHARGE,0.0,0,,SYNTHETIC,0
doe-007,0,101,2026-09-03T09:01:41Z,2026-09-03T09:01:42Z,2026-09-03T09:01:41Z,2026-09-03T09:01:42Z,site_b,SIM,synthetic_demo,B-WAN-1,UP,1000.0,46.7914,46.11,0.0,22.15,1.4693,0.112,0,UP,4.0,0.0,6,6,43,-62.5,22.112,6.736,0,0,0,32,0,47.0,0.0,0,0,,,,,,,,,,,,,,,,,,,,,0.0,0,,SYNTHETIC,0
doe-007,0,102,2026-09-03T09:01:42Z,2026-09-03T09:01:43Z,2026-09-03T09:01:42Z,2026-09-03T09:01:43Z,site_a,SIM,synthetic_demo,A-WAN-1,UP,1000.0,447.9181,447.96,0.0,17.14,1.7193,0.089,0,UP,4.0,0.0,48,48,261,-62.9,19.763,6.018,3,5,0,31,0,294.0,0.0,0,0,MAINS,MAINS,1,0,46.36,92.0,47.9042,48.263,-4.0,3.68494,3.68494,3.71254,3.71254,0.0,23.1,1098.303,,50.962,,CHARGE,0.0,0,,SYNTHETIC,0
doe-007,0,102,2026-09-03T09:01:42Z,2026-09-03T09:01:43Z,2026-09-03T09:01:42Z,2026-09-03T09:01:43Z,site_b,SIM,synthetic_demo,B-WAN-1,UP,1000.0,45.239,44.89,0.0,20.56,0.3585,0.111,0,UP,4.0,0.0,6,6,32,-61.2,17.132,5.708,0,0,0,32,0,49.0,0.0,0,0,,,,,,,,,,,,,,,,,,,,,0.0,0,,SYNTHETIC,0
doe-007,0,103,2026-09-03T09:01:43Z,2026-09-03T09:01:44Z,2026-09-03T09:01:43Z,2026-09-03T09:01:44Z,site_a,SIM,synthetic_demo,A-WAN-1,UP,1000.0,567.2022,567.98,0.0,16.78,1.172,0.104,0,UP,4.0,0.0,48,48,71,-61.6,14.349,4.211,1,3,0,31,0,345.0,0.0,0,0,MAINS,MAINS,1,0,46.44,92.0,47.9044,48.2632,-4.0,3.68495,3.68495,3.71255,3.71255,0.0,23.1,1101.116,,50.835,,CHARGE,0.0,0,,SYNTHETIC,0
doe-007,0,103,2026-09-03T09:01:43Z,2026-09-03T09:01:44Z,2026-09-03T09:01:43Z,2026-09-03T09:01:44Z,site_b,SIM,synthetic_demo,B-WAN-1,UP,1000.0,50.905,50.82,0.0,21.11,0.6632,0.081,0,UP,4.0,0.0,6,6,28,-62.7,18.352,6.252,1,0,0,32,0,73.0,0.0,0,0,,,,,,,,,,,,,,,,,,,,,0.0,0,,SYNTHETIC,0
doe-007,0,104,2026-09-03T09:01:44Z,2026-09-03T09:01:45Z,2026-09-03T09:01:44Z,2026-09-03T09:01:45Z,site_a,SIM,synthetic_demo,A-WAN-1,UP,1000.0,516.8375,516.54,0.0,18.22,2.4286,0.096,0,UP,4.0,0.0,48,48,209,-61.8,17.92,5.27,0,3,0,31,0,381.0,0.0,0,0,MAINS,MAINS,1,0,46.42,92.0,47.9045,48.2633,-4.0,3.68496,3.68496,3.71256,3.71256,0.0,,1096.632,,51.045,,CHARGE,0.0,0,,SYNTHETIC|GAP|MISSING_MAR,0
doe-007,0,104,2026-09-03T09:01:44Z,2026-09-03T09:01:45Z,2026-09-03T09:01:44Z,2026-09-03T09:01:45Z,site_b,SIM,synthetic_demo,B-WAN-1,UP,1000.0,143.6939,144.41,0.0,21.72,0.43,0.093,0,UP,4.0,0.0,6,6,56,-61.4,27.115,7.341,0,1,0,32,0,46.0,0.0,0,0,,,,,,,,,,,,,,,,,,,,,0.0,0,,SYNTHETIC,0
doe-007,0,105,2026-09-03T09:01:45Z,2026-09-03T09:01:46Z,2026-09-03T09:01:45Z,2026-09-03T09:01:46Z,site_a,SIM,synthetic_demo,A-WAN-1,UP,1000.0,428.7984,429.61,0.0,16.6,0.5604,0.096,0,UP,4.0,0.0,48,48,141,-61.7,15.588,4.8,1,3,0,31,0,190.0,0.0,0,0,MAINS,MAINS,1,0,46.47,92.0,47.9046,48.2634,-4.0,3.68497,3.68497,3.71257,3.71257,0.0,23.1,1079.293,,51.868,,CHARGE,0.0,0,,SYNTHETIC,0
doe-007,0,105,2026-09-03T09:01:45Z,2026-09-03T09:01:46Z,2026-09-03T09:01:45Z,2026-09-03T09:01:46Z,site_b,SIM,synthetic_demo,B-WAN-1,UP,1000.0,57.6512,58.03,0.0,21.44,0.7015,0.098,0,UP,4.0,0.0,6,6,55,-63.9,22.529,8.355,0,0,0,32,0,51.0,0.0,0,0,,,,,,,,,,,,,,,,,,,,,0.0,0,,SYNTHETIC,0
doe-007,0,106,2026-09-03T09:01:46Z,2026-09-03T09:01:47Z,2026-09-03T09:01:46Z,2026-09-03T09:01:47Z,site_a,SIM,synthetic_demo,A-WAN-1,UP,1000.0,670.2765,670.04,0.0,16.12,0.7093,0.071,0,UP,4.0,0.0,48,48,174,-61.6,17.197,4.906,0,1,0,31,0,209.0,0.0,0,0,MAINS,MAINS,1,0,46.5,92.0,47.9048,48.2636,-4.0,3.68498,3.68498,3.71258,3.71258,0.0,23.2,1093.417,,51.2,,CHARGE,0.0,0,,SYNTHETIC,0
doe-007,0,106,2026-09-03T09:01:46Z,2026-09-03T09:01:47Z,2026-09-03T09:01:46Z,2026-09-03T09:01:47Z,site_b,SIM,synthetic_demo,B-WAN-1,UP,1000.0,88.857,88.28,0.0,23.4,2.9959,0.104,0,UP,4.0,0.0,6,6,51,-62.7,23.634,7.829,0,0,0,32,0,31.0,0.0,0,0,,,,,,,,,,,,,,,,,,,,,0.0,0,,SYNTHETIC,0
doe-007,0,107,2026-09-03T09:01:47Z,2026-09-03T09:01:48Z,2026-09-03T09:01:47Z,2026-09-03T09:01:48Z,site_a,SIM,synthetic_demo,A-WAN-1,UP,1000.0,525.1238,524.72,0.0,18.34,2.2195,0.104,0,UP,4.0,0.0,48,48,147,-62.1,15.92,4.988,2,3,0,31,0,301.0,0.0,0,0,MAINS,MAINS,1,0,46.46,92.0,47.9049,48.2637,-4.0,3.68499,3.68499,3.71259,3.71259,0.0,23.0,1108.17,,50.521,,CHARGE,0.0,0,,SYNTHETIC,0
doe-007,0,107,2026-09-03T09:01:47Z,2026-09-03T09:01:48Z,2026-09-03T09:01:47Z,2026-09-03T09:01:48Z,site_b,SIM,synthetic_demo,B-WAN-1,UP,1000.0,96.7455,97.41,0.0,22.46,1.5639,0.103,0,UP,4.0,0.0,6,6,26,-62.3,20.11,5.531,0,0,0,32,0,52.0,0.0,0,0,,,,,,,,,,,,,,,,,,,,,0.0,0,,SYNTHETIC,0
doe-007,0,108,2026-09-03T09:01:48Z,2026-09-03T09:01:49Z,2026-09-03T09:01:48Z,2026-09-03T09:01:49Z,site_a,SIM,synthetic_demo,A-WAN-1,UP,1000.0,463.3392,462.84,0.0,18.9,3.2142,0.09,0,UP,4.0,0.0,48,48,215,-62.6,18.074,5.402,0,2,0,31,0,492.0,0.0,0,0,MAINS,MAINS,1,0,46.55,92.0,47.905,48.2638,-4.0,3.685,3.685,3.7126,3.7126,0.0,23.0,1105.498,,50.646,,CHARGE,0.0,0,,SYNTHETIC,0
doe-007,0,108,2026-09-03T09:01:48Z,2026-09-03T09:01:49Z,2026-09-03T09:01:48Z,2026-09-03T09:01:49Z,site_b,SIM,synthetic_demo,B-WAN-1,UP,1000.0,83.1784,82.66,0.0,22.55,1.4172,0.14,0,UP,4.0,0.0,6,6,39,-61.1,21.406,6.807,0,1,0,32,0,67.0,0.0,0,0,,,,,,,,,,,,,,,,,,,,,0.0,0,,SYNTHETIC,0
doe-007,0,109,2026-09-03T09:01:49Z,2026-09-03T09:01:50Z,2026-09-03T09:01:49Z,2026-09-03T09:01:50Z,site_a,SIM,synthetic_demo,A-WAN-1,UP,1000.0,527.1877,527.86,0.0,17.25,1.1095,0.097,0,UP,4.0,0.0,48,48,246,-61.4,18.328,5.811,0,5,0,31,0,354.0,0.0,0,0,MAINS,MAINS,1,0,46.45,92.0,47.9051,48.2639,-4.0,3.68501,3.68501,3.71261,3.71261,0.0,23.1,1082.165,,51.741,,CHARGE,0.0,0,,SYNTHETIC,0
doe-007,0,109,2026-09-03T09:01:49Z,2026-09-03T09:01:50Z,2026-09-03T09:01:49Z,2026-09-03T09:01:50Z,site_b,SIM,synthetic_demo,B-WAN-1,UP,1000.0,72.4224,72.46,0.0,21.24,0.1764,0.11,0,UP,4.0,0.0,6,6,36,-61.3,20.661,5.984,0,0,0,32,0,68.0,0.0,0,0,,,,,,,,,,,,,,,,,,,,,0.0,0,,SYNTHETIC,0
doe-007,0,110,2026-09-03T09:01:50Z,2026-09-03T09:01:51Z,2026-09-03T09:01:50Z,2026-09-03T09:01:51Z,site_a,SIM,synthetic_demo,A-WAN-1,UP,1000.0,519.9563,519.81,0.0,19.22,3.0775,0.089,0,UP,4.0,0.0,48,48,156,-62.3,16.77,5.185,0,7,0,31,0,490.0,0.0,0,0,MAINS,MAINS,1,0,46.32,92.0,47.9053,48.2641,-4.0,3.68502,3.68502,3.71262,3.71262,0.0,23.1,1092.594,,51.25,,CHARGE,0.0,0,,SYNTHETIC,0
doe-007,0,110,2026-09-03T09:01:50Z,2026-09-03T09:01:51Z,2026-09-03T09:01:50Z,2026-09-03T09:01:51Z,site_b,SIM,synthetic_demo,B-WAN-1,UP,1000.0,88.3717,87.87,0.0,22.82,1.4622,0.101,0,UP,4.0,0.0,6,6,52,-61.6,23.281,7.112,0,0,0,32,0,77.0,0.0,0,0,,,,,,,,,,,,,,,,,,,,,0.0,0,,SYNTHETIC,0
doe-007,0,111,2026-09-03T09:01:51Z,2026-09-03T09:01:52Z,2026-09-03T09:01:51Z,2026-09-03T09:01:52Z,site_a,SIM,synthetic_demo,A-WAN-1,UP,1000.0,498.2726,498.09,0.0,17.29,1.2884,0.1,0,UP,4.0,0.0,48,48,205,-62.2,18.528,5.476,1,1,0,31,0,254.0,0.0,0,0,MAINS,MAINS,1,0,46.52,92.0,47.9054,48.2642,-4.0,3.68503,3.68503,3.71263,3.71263,0.0,23.0,1094.432,,51.166,,CHARGE,0.0,0,,SYNTHETIC,0
doe-007,0,111,2026-09-03T09:01:51Z,2026-09-03T09:01:52Z,2026-09-03T09:01:51Z,2026-09-03T09:01:52Z,site_b,SIM,synthetic_demo,B-WAN-1,UP,1000.0,70.0243,70.82,0.0,24.0,3.1432,0.112,0,UP,4.0,0.0,6,6,50,-61.4,23.889,7.05,1,0,0,32,0,59.0,0.0,0,0,,,,,,,,,,,,,,,,,,,,,0.0,0,,SYNTHETIC,0
doe-007,0,112,2026-09-03T09:01:52Z,2026-09-03T09:01:53Z,2026-09-03T09:01:52Z,2026-09-03T09:01:53Z,site_a,SIM,synthetic_demo,A-WAN-1,UP,1000.0,453.3992,453.35,0.0,16.77,1.4105,0.093,0,UP,4.0,0.0,48,48,324,-61.6,21.084,6.568,0,5,0,31,0,302.0,0.0,0,0,MAINS,MAINS,1,0,46.53,92.0,47.9055,48.2643,-4.0,3.68504,3.68504,3.71264,3.71264,0.0,23.1,1102.739,,50.784,,CHARGE,0.0,0,,SYNTHETIC,0
doe-007,0,112,2026-09-03T09:01:52Z,2026-09-03T09:01:53Z,2026-09-03T09:01:52Z,2026-09-03T09:01:53Z,site_b,SIM,synthetic_demo,B-WAN-1,UP,1000.0,77.534,77.63,0.0,21.85,1.0686,0.129,0,UP,4.0,0.0,6,6,45,-62.4,23.923,7.699,0,0,0,32,0,69.0,0.0,0,0,,,,,,,,,,,,,,,,,,,,,0.0,0,,SYNTHETIC,0
doe-007,0,113,2026-09-03T09:01:53Z,2026-09-03T09:01:54Z,2026-09-03T09:01:53Z,2026-09-03T09:01:54Z,site_a,SIM,synthetic_demo,A-WAN-1,UP,1000.0,632.065,631.92,0.0,16.84,0.6604,0.067,0,UP,4.0,0.0,48,48,105,-62.5,15.796,4.515,2,2,0,31,0,399.0,0.0,0,0,MAINS,MAINS,1,0,46.49,92.0,47.9057,48.2645,-4.0,3.68505,3.68505,3.71265,3.71265,0.0,23.1,1090.546,,51.354,,CHARGE,0.0,0,,SYNTHETIC,0
doe-007,0,113,2026-09-03T09:01:53Z,2026-09-03T09:01:54Z,2026-09-03T09:01:53Z,2026-09-03T09:01:54Z,site_b,SIM,synthetic_demo,B-WAN-1,UP,1000.0,92.3431,93.12,0.0,22.98,1.4856,0.11,0,UP,4.0,0.0,6,6,42,-60.7,21.287,6.317,0,0,0,32,0,51.0,0.0,0,0,,,,,,,,,,,,,,,,,,,,,0.0,0,,SYNTHETIC,0
doe-007,0,114,2026-09-03T09:01:54Z,2026-09-03T09:01:55Z,2026-09-03T09:01:54Z,2026-09-03T09:01:55Z,site_a,SIM,synthetic_demo,A-WAN-1,UP,1000.0,581.534,581.47,0.0,19.8,2.8249,0.114,0,UP,4.0,0.0,48,48,286,-62.8,19.792,6.103,1,3,0,31,0,418.0,0.0,0,0,MAINS,MAINS,1,0,46.51,92.0,47.9058,48.2646,-4.0,3.68506,3.68506,3.71266,3.71266,0.0,23.1,1086.914,,51.528,,CHARGE,0.0,0,,SYNTHETIC,0
doe-007,0,114,2026-09-03T09:01:54Z,2026-09-03T09:01:55Z,2026-09-03T09:01:54Z,2026-09-03T09:01:55Z,site_b,SIM,synthetic_demo,B-WAN-1,UP,1000.0,66.5082,66.76,0.0,22.73,1.2789,0.099,0,UP,4.0,0.0,6,6,55,-60.6,25.306,7.322,0,0,0,32,0,48.0,0.0,0,0,,,,,,,,,,,,,,,,,,,,,0.0,0,,SYNTHETIC,0
doe-007,0,115,2026-09-03T09:01:55Z,2026-09-03T09:01:56Z,2026-09-03T09:01:55Z,2026-09-03T09:01:56Z,site_a,SIM,synthetic_demo,A-WAN-1,UP,1000.0,512.4274,512.34,0.0,18.33,2.4927,0.064,0,UP,4.0,0.0,48,48,211,-61.2,17.895,5.5,3,2,0,31,0,796.0,0.0,0,0,MAINS,MAINS,1,0,46.37,92.0,47.9059,48.2647,-4.0,3.68507,3.68507,3.71267,3.71267,0.0,23.1,1093.428,,51.224,,CHARGE,0.0,0,,SYNTHETIC,0
doe-007,0,115,2026-09-03T09:01:55Z,2026-09-03T09:01:56Z,2026-09-03T09:01:55Z,2026-09-03T09:01:56Z,site_b,SIM,synthetic_demo,B-WAN-1,UP,1000.0,71.2821,70.77,0.0,21.62,0.8266,0.125,0,UP,4.0,0.0,6,6,31,-60.3,17.878,5.369,1,2,0,32,0,49.0,0.0,0,0,,,,,,,,,,,,,,,,,,,,,0.0,0,,SYNTHETIC,0
doe-007,0,116,2026-09-03T09:01:56Z,2026-09-03T09:01:57Z,2026-09-03T09:01:56Z,2026-09-03T09:01:57Z,site_a,SIM,synthetic_demo,A-WAN-1,UP,1000.0,700.5067,700.37,0.0,17.83,0.9624,0.089,0,UP,4.0,0.0,48,48,217,-61.8,17.786,5.627,6,1,0,31,0,489.0,0.0,0,0,MAINS,MAINS,1,0,46.46,92.0,47.906,48.2648,-4.0,3.68508,3.68508,3.71268,3.71268,0.0,23.0,1090.436,,51.367,,CHARGE,0.0,0,,SYNTHETIC,0
doe-007,0,116,2026-09-03T09:01:56Z,2026-09-03T09:01:57Z,2026-09-03T09:01:56Z,2026-09-03T09:01:57Z,site_b,SIM,synthetic_demo,B-WAN-1,UP,1000.0,72.2042,72.07,0.0,24.44,3.6997,0.12,0,UP,4.0,0.0,6,6,42,-62.7,20.178,6.17,0,0,0,32,0,50.0,0.0,0,0,,,,,,,,,,,,,,,,,,,,,0.0,0,,SYNTHETIC,0
doe-007,0,117,2026-09-03T09:01:57Z,2026-09-03T09:01:58Z,2026-09-03T09:01:57Z,2026-09-03T09:01:58Z,site_a,SIM,synthetic_demo,A-WAN-1,UP,1000.0,475.7966,475.59,0.0,16.65,0.8648,0.059,0,UP,4.0,0.0,48,48,281,-61.4,20.345,5.964,0,4,0,31,0,296.0,0.0,0,0,MAINS,MAINS,1,0,46.51,92.0,47.9062,48.265,-4.0,3.68509,3.68509,3.71269,3.71269,0.0,23.1,1080.282,,51.853,,CHARGE,0.0,0,,SYNTHETIC,0
doe-007,0,117,2026-09-03T09:01:57Z,2026-09-03T09:01:58Z,2026-09-03T09:01:57Z,2026-09-03T09:01:58Z,site_b,SIM,synthetic_demo,B-WAN-1,UP,1000.0,58.7055,59.57,0.0,22.66,1.5328,0.089,0,UP,4.0,0.0,6,6,51,-60.0,25.315,7.318,0,0,0,32,0,37.0,0.0,0,0,,,,,,,,,,,,,,,,,,,,,0.0,0,,SYNTHETIC,0
doe-007,0,118,2026-09-03T09:01:58Z,2026-09-03T09:01:59Z,2026-09-03T09:01:58Z,2026-09-03T09:01:59Z,site_a,SIM,synthetic_demo,A-WAN-1,UP,1000.0,447.1084,447.08,0.0,19.52,3.5943,0.057,0,UP,4.0,0.0,48,48,157,-60.9,16.17,4.599,0,5,0,31,0,387.0,0.0,0,0,MAINS,MAINS,1,0,46.37,92.0,47.9063,48.2651,-4.0,3.6851,3.6851,3.7127,3.7127,0.0,23.0,1082.196,,51.764,,CHARGE,0.0,0,,SYNTHETIC,0
doe-007,0,118,2026-09-03T09:01:58Z,2026-09-03T09:01:59Z,2026-09-03T09:01:58Z,2026-09-03T09:01:59Z,site_b,SIM,synthetic_demo,B-WAN-1,UP,1000.0,52.7375,52.87,0.0,22.28,1.2066,0.1,0,UP,4.0,0.0,6,6,60,-61.5,25.363,7.819,0,0,0,32,0,28.0,0.0,0,0,,,,,,,,,,,,,,,,,,,,,0.0,0,,SYNTHETIC,0
doe-007,0,119,2026-09-03T09:01:59Z,2026-09-03T09:02:00Z,2026-09-03T09:01:59Z,2026-09-03T09:02:00Z,site_a,SIM,synthetic_demo,A-WAN-1,UP,1000.0,447.2742,446.85,0.0,16.05,0.0938,0.102,0,UP,4.0,0.0,48,48,212,-63.0,17.998,5.563,1,1,0,31,0,505.0,0.0,0,0,MAINS,MAINS,1,0,46.48,92.0,47.9064,48.2652,-4.0,3.68511,3.68511,3.71271,3.71271,0.0,23.0,1095.552,,51.135,,CHARGE,0.0,0,,SYNTHETIC,0
doe-007,0,119,2026-09-03T09:01:59Z,2026-09-03T09:02:00Z,2026-09-03T09:01:59Z,2026-09-03T09:02:00Z,site_b,SIM,synthetic_demo,B-WAN-1,UP,1000.0,95.2495,95.81,0.0,22.21,0.8952,0.139,0,UP,4.0,0.0,6,6,66,-63.0,28.986,7.695,0,2,0,32,0,52.0,0.0,0,0,,,,,,,,,,,,,,,,,,,,,0.0,0,,SYNTHETIC,0
doe-007,0,120,2026-09-03T09:02:00Z,2026-09-03T09:02:01Z,2026-09-03T09:02:00Z,2026-09-03T09:02:01Z,site_a,SIM,synthetic_demo,A-WAN-1,UP,1000.0,447.2741,446.84,0.0,18.33,3.4701,0.1,0,UP,4.0,0.0,48,48,265,-62.2,19.67,6.089,2,2,0,31,0,286.0,0.0,0,0,MAINS,MAINS,1,0,46.42,92.0,47.9066,48.2654,-4.0,3.68512,3.68512,3.71272,3.71272,0.0,23.0,1081.53,,51.801,,CHARGE,0.0,0,,SYNTHETIC,0
doe-007,0,120,2026-09-03T09:02:00Z,2026-09-03T09:02:01Z,2026-09-03T09:02:00Z,2026-09-03T09:02:01Z,site_b,SIM,synthetic_demo,B-WAN-1,UP,1000.0,51.9659,51.38,0.0,25.01,3.2879,0.094,0,UP,4.0,0.0,6,6,41,-59.4,20.662,6.604,0,1,0,32,0,43.0,0.0,0,0,,,,,,,,,,,,,,,,,,,,,0.0,0,,SYNTHETIC,0
doe-007,0,121,2026-09-03T09:02:01Z,2026-09-03T09:02:02Z,2026-09-03T09:02:01Z,2026-09-03T09:02:02Z,site_a,SIM,synthetic_demo,A-WAN-1,UP,1000.0,529.7389,529.24,0.0,16.7,0.8777,0.065,0,UP,4.0,0.0,48,48,130,-61.7,16.417,4.717,1,2,0,31,0,467.0,0.0,0,0,MAINS,MAINS,1,0,46.56,92.0,47.9067,48.2655,-4.0,3.68513,3.68513,3.71273,3.71273,0.0,23.2,1089.886,,51.407,,CHARGE,0.0,0,,SYNTHETIC,0
doe-007,0,121,2026-09-03T09:02:01Z,2026-09-03T09:02:02Z,2026-09-03T09:02:01Z,2026-09-03T09:02:02Z,site_b,SIM,synthetic_demo,B-WAN-1,UP,1000.0,70.7458,69.71,0.0,21.01,0.1668,0.115,0,UP,4.0,0.0,6,6,29,-63.0,19.004,5.641,0,0,0,32,0,58.0,0.0,0,0,,,,,,,,,,,,,,,,,,,,,0.0,0,,SYNTHETIC,0
doe-007,0,122,2026-09-03T09:02:02Z,2026-09-03T09:02:03Z,2026-09-03T09:02:02Z,2026-09-03T09:02:03Z,site_a,SIM,synthetic_demo,A-WAN-2,UP,0.0,454.5561,-0.08,,,,,1,DOWN,0.0,100.0,48,48,105,-62.0,14.562,4.188,1,4,0,31,0,464.0,0.0,0,0,MAINS,MAINS,1,0,46.47,92.0,47.9068,48.2656,-4.0,3.68514,3.68514,3.71274,3.71274,0.0,23.0,1085.782,,51.604,,CHARGE,0.0,0,,SYNTHETIC|SATURATED,0
doe-007,0,122,2026-09-03T09:02:02Z,2026-09-03T09:02:03Z,2026-09-03T09:02:02Z,2026-09-03T09:02:03Z,site_b,SIM,synthetic_demo,B-WAN-1,UP,1000.0,74.5385,74.12,0.0,17.71,0.9017,0.11,0,DOWN,0.0,100.0,6,6,54,-62.6,24.51,7.513,0,0,0,32,0,50.0,0.0,0,0,,,,,,,,,,,,,,,,,,,,,0.0,0,,SYNTHETIC,0
doe-007,0,123,2026-09-03T09:02:03Z,2026-09-03T09:02:04Z,2026-09-03T09:02:03Z,2026-09-03T09:02:04Z,site_a,SIM,synthetic_demo,A-WAN-2,UP,0.0,508.995,0.5,,,,,1,DOWN,0.0,100.0,48,48,158,-61.0,16.439,4.817,1,1,0,31,0,395.0,0.0,0,0,MAINS,MAINS,1,0,46.43,92.0,47.9069,48.2657,-4.0,3.68515,3.68515,3.71275,3.71275,0.0,23.2,1077.797,,51.989,,CHARGE,0.0,0,,SYNTHETIC|SATURATED,0
doe-007,0,123,2026-09-03T09:02:03Z,2026-09-03T09:02:04Z,2026-09-03T09:02:03Z,2026-09-03T09:02:04Z,site_b,SIM,synthetic_demo,B-WAN-1,UP,1000.0,135.6902,136.51,0.0,17.73,0.5033,0.109,0,DOWN,0.0,100.0,6,6,34,-62.0,19.434,6.382,0,1,0,32,0,60.0,0.0,0,0,,,,,,,,,,,,,,,,,,,,,0.0,0,,SYNTHETIC,0
doe-007,0,124,2026-09-03T09:02:04Z,2026-09-03T09:02:05Z,2026-09-03T09:02:04Z,2026-09-03T09:02:05Z,site_a,SIM,synthetic_demo,A-WAN-2,UP,0.0,496.262,1.24,,,,,1,DOWN,0.0,100.0,48,48,257,-62.3,19.076,5.653,0,0,0,31,0,410.0,0.0,0,0,MAINS,MAINS,1,0,46.41,92.0,47.9071,48.2659,-4.0,3.68516,3.68516,3.71276,3.71276,0.0,23.1,1079.192,,51.924,,CHARGE,0.0,0,,SYNTHETIC|SATURATED,0
doe-007,0,124,2026-09-03T09:02:04Z,2026-09-03T09:02:05Z,2026-09-03T09:02:04Z,2026-09-03T09:02:05Z,site_b,SIM,synthetic_demo,B-WAN-1,UP,1000.0,65.402,66.25,0.0,17.3,0.7295,0.08,0,DOWN,0.0,100.0,6,6,49,-63.6,23.956,7.854,0,0,0,32,0,65.0,0.0,0,0,,,,,,,,,,,,,,,,,,,,,0.0,0,,SYNTHETIC,0
doe-007,0,125,2026-09-03T09:02:05Z,2026-09-03T09:02:06Z,2026-09-03T09:02:05Z,2026-09-03T09:02:06Z,site_a,SIM,synthetic_demo,A-WAN-2,UP,0.0,447.5965,-0.1,,,,,1,DOWN,0.0,100.0,48,48,278,-62.1,20.104,5.993,2,1,0,31,0,195.0,0.0,0,0,MAINS,MAINS,1,0,46.5,92.0,47.9072,48.266,-4.0,3.68517,3.68517,3.71277,3.71277,0.0,23.2,1070.012,,52.372,,CHARGE,0.0,0,,SYNTHETIC|SATURATED,0
doe-007,0,125,2026-09-03T09:02:05Z,2026-09-03T09:02:06Z,2026-09-03T09:02:05Z,2026-09-03T09:02:06Z,site_b,SIM,synthetic_demo,B-WAN-1,UP,1000.0,66.517,66.34,0.0,18.38,0.2359,0.123,0,DOWN,0.0,100.0,6,6,25,-63.0,19.261,5.353,0,0,0,32,0,46.0,0.0,0,0,,,,,,,,,,,,,,,,,,,,,0.0,0,,SYNTHETIC,0
doe-007,0,126,2026-09-03T09:02:06Z,2026-09-03T09:02:07Z,2026-09-03T09:02:06Z,2026-09-03T09:02:07Z,site_a,SIM,synthetic_demo,A-WAN-2,UP,0.0,469.3471,-0.3,,,,,1,DOWN,0.0,100.0,48,48,223,-61.3,18.192,5.621,0,4,0,31,0,357.0,0.0,0,0,MAINS,MAINS,1,0,46.49,92.0,47.9073,48.2661,-4.0,3.68518,3.68518,3.71278,3.71278,0.0,23.0,1080.831,,51.851,,CHARGE,0.0,0,,SYNTHETIC|SATURATED,0
doe-007,0,126,2026-09-03T09:02:06Z,2026-09-03T09:02:07Z,2026-09-03T09:02:06Z,2026-09-03T09:02:07Z,site_b,SIM,synthetic_demo,B-WAN-1,UP,1000.0,59.1442,59.76,0.0,17.42,0.8157,0.094,0,DOWN,0.0,100.0,6,6,39,-60.5,20.315,6.09,0,0,0,32,0,87.0,0.0,0,0,,,,,,,,,,,,,,,,,,,,,0.0,0,,SYNTHETIC,0
doe-007,0,127,2026-09-03T09:02:07Z,2026-09-03T09:02:08Z,2026-09-03T09:02:07Z,2026-09-03T09:02:08Z,site_a,SIM,synthetic_demo,A-WAN-2,UP,0.0,483.4437,-0.3,,,,,1,DOWN,0.0,100.0,48,48,130,-62.2,15.798,4.786,0,3,0,31,0,379.0,0.0,0,0,MAINS,MAINS,1,0,46.56,92.0,47.9075,48.2663,-4.0,3.68519,3.68519,3.71279,3.71279,0.0,23.1,1093.233,,51.265,,CHARGE,0.0,0,,SYNTHETIC|SATURATED,0
doe-007,0,127,2026-09-03T09:02:07Z,2026-09-03T09:02:08Z,2026-09-03T09:02:07Z,2026-09-03T09:02:08Z,site_b,SIM,synthetic_demo,B-WAN-1,UP,1000.0,62.1052,62.05,0.0,16.78,0.1382,0.081,0,DOWN,0.0,100.0,6,6,59,-61.6,24.742,7.577,0,0,0,32,0,62.0,0.0,0,0,,,,,,,,,,,,,,,,,,,,,0.0,0,,SYNTHETIC,0
doe-007,0,128,2026-09-03T09:02:08Z,2026-09-03T09:02:09Z,2026-09-03T09:02:08Z,2026-09-03T09:02:09Z,site_a,SIM,synthetic_demo,A-WAN-2,UP,0.0,506.778,0.51,,,,,1,DOWN,0.0,100.0,48,48,140,-62.4,15.728,4.924,1,3,0,31,0,318.0,0.0,0,0,MAINS,MAINS,1,0,46.48,92.0,47.9076,48.2664,-4.0,3.6852,3.6852,3.7128,3.7128,0.0,23.0,1086.886,,51.567,,CHARGE,0.0,0,,SYNTHETIC|SATURATED,0
doe-007,0,128,2026-09-03T09:02:08Z,2026-09-03T09:02:09Z,2026-09-03T09:02:08Z,2026-09-03T09:02:09Z,site_b,SIM,synthetic_demo,B-WAN-1,UP,1000.0,67.0008,67.49,0.0,18.83,1.7713,0.086,0,DOWN,0.0,100.0,6,6,53,-64.3,23.553,7.344,0,0,0,32,0,76.0,0.0,0,0,,,,,,,,,,,,,,,,,,,,,0.0,0,,SYNTHETIC,0
doe-007,0,129,2026-09-03T09:02:09Z,2026-09-03T09:02:10Z,2026-09-03T09:02:09Z,2026-09-03T09:02:10Z,site_a,SIM,synthetic_demo,A-WAN-2,UP,0.0,471.6198,0.24,,,,,1,DOWN,0.0,100.0,48,48,104,-60.3,14.552,4.332,1,4,0,31,0,363.0,0.0,0,0,MAINS,MAINS,1,0,46.52,92.0,47.9077,48.2665,-4.0,3.68521,3.68521,3.71281,3.71281,0.0,23.1,1086.805,,51.574,,CHARGE,0.0,0,,SYNTHETIC|SATURATED,0
doe-007,0,129,2026-09-03T09:02:09Z,2026-09-03T09:02:10Z,2026-09-03T09:02:09Z,2026-09-03T09:02:10Z,site_b,SIM,synthetic_demo,B-WAN-1,UP,1000.0,66.9395,66.09,0.0,18.81,1.9306,0.09,0,DOWN,0.0,100.0,6,6,70,-61.6,27.576,8.705,0,1,0,32,0,46.0,0.0,0,0,,,,,,,,,,,,,,,,,,,,,0.0,0,,SYNTHETIC,0
doe-007,0,130,2026-09-03T09:02:10Z,2026-09-03T09:02:11Z,2026-09-03T09:02:10Z,2026-09-03T09:02:11Z,site_a,SIM,synthetic_demo,A-WAN-2,UP,0.0,427.0849,1.01,,,,,1,DOWN,0.0,100.0,48,48,127,-61.6,15.117,4.72,0,5,0,31,0,202.0,0.0,0,0,MAINS,MAINS,1,0,46.43,92.0,47.9079,48.2667,-4.0,3.68522,3.68522,3.71282,3.71282,0.0,23.0,1111.617,,50.425,,CHARGE,0.0,0,,SYNTHETIC|SATURATED,0
doe-007,0,130,2026-09-03T09:02:10Z,2026-09-03T09:02:11Z,2026-09-03T09:02:10Z,2026-09-03T09:02:11Z,site_b,SIM,synthetic_demo,B-WAN-1,UP,1000.0,72.7276,72.32,0.0,19.08,1.7901,0.115,0,DOWN,0.0,100.0,6,6,71,-61.0,29.38,8.752,1,0,0,32,0,57.0,0.0,0,0,,,,,,,,,,,,,,,,,,,,,0.0,0,,SYNTHETIC,0
doe-007,0,131,2026-09-03T09:02:11Z,2026-09-03T09:02:12Z,2026-09-03T09:02:11Z,2026-09-03T09:02:12Z,site_a,SIM,synthetic_demo,A-WAN-2,UP,0.0,480.5085,-0.3,,,,,1,DOWN,0.0,100.0,48,48,178,-62.7,17.51,5.148,2,5,0,31,0,312.0,0.0,0,0,MAINS,MAINS,1,0,46.48,92.0,47.908,48.2668,-4.0,3.68523,3.68523,3.71283,3.71283,0.0,23.3,1084.518,,51.688,,CHARGE,0.0,0,,SYNTHETIC|SATURATED,0
doe-007,0,131,2026-09-03T09:02:11Z,2026-09-03T09:02:12Z,2026-09-03T09:02:11Z,2026-09-03T09:02:12Z,site_b,SIM,synthetic_demo,B-WAN-1,UP,1000.0,90.6249,91.2,0.0,18.53,1.5079,0.1,0,DOWN,0.0,100.0,6,6,57,-64.0,25.847,8.137,0,0,0,32,0,56.0,0.0,0,0,,,,,,,,,,,,,,,,,,,,,0.0,0,,SYNTHETIC,0
doe-007,0,132,2026-09-03T09:02:12Z,2026-09-03T09:02:13Z,2026-09-03T09:02:12Z,2026-09-03T09:02:13Z,site_a,SIM,synthetic_demo,A-WAN-2,UP,1000.0,489.9885,999.83,4236.1801,4253.01,1.1917,0.09,0,RECONNECTING,0.0,100.0,48,48,289,-61.2,19.852,6.102,1,3,0,31,0,329.0,0.0,0,0,MAINS,MAINS,1,0,46.53,92.0,47.9081,48.2669,-4.0,3.68524,3.68524,3.71284,3.71284,0.0,23.0,1079.005,,51.955,,CHARGE,0.15,0,,SYNTHETIC,0
doe-007,0,132,2026-09-03T09:02:12Z,2026-09-03T09:02:13Z,2026-09-03T09:02:12Z,2026-09-03T09:02:13Z,site_b,SIM,synthetic_demo,B-WAN-1,UP,1000.0,62.0198,62.37,0.0,17.24,0.3853,0.078,0,RECONNECTING,0.0,100.0,6,6,60,-62.8,24.598,7.487,0,0,0,32,0,38.0,0.0,0,0,,,,,,,,,,,,,,,,,,,,,0.0,0,,SYNTHETIC,0
doe-007,0,133,2026-09-03T09:02:13Z,2026-09-03T09:02:14Z,2026-09-03T09:02:13Z,2026-09-03T09:02:14Z,site_a,SIM,synthetic_demo,A-WAN-2,UP,1000.0,540.7234,999.98,3776.9034,3797.15,0.9832,0.119,0,UP,4.0,0.0,48,48,311,-61.5,21.008,6.371,0,3,0,31,0,406.0,0.0,0,0,MAINS,MAINS,1,0,46.56,92.0,47.9082,48.267,-4.0,3.68525,3.68525,3.71285,3.71285,0.0,23.0,1092.433,,51.319,,CHARGE,0.15,0,,SYNTHETIC,0
doe-007,0,133,2026-09-03T09:02:13Z,2026-09-03T09:02:14Z,2026-09-03T09:02:13Z,2026-09-03T09:02:14Z,site_b,SIM,synthetic_demo,B-WAN-1,UP,1000.0,77.1755,76.09,0.0,23.72,1.6256,0.086,0,UP,4.0,0.0,6,6,50,-62.7,23.831,6.908,0,0,0,32,0,56.0,0.0,0,0,,,,,,,,,,,,,,,,,,,,,0.0,0,,SYNTHETIC,0
doe-007,0,134,2026-09-03T09:02:14Z,2026-09-03T09:02:15Z,2026-09-03T09:02:14Z,2026-09-03T09:02:15Z,site_a,SIM,synthetic_demo,A-WAN-2,UP,1000.0,459.5493,1000.25,3236.4527,3258.46,2.9982,0.11,0,UP,4.0,0.0,48,48,141,-62.3,15.509,4.98,0,1,0,31,0,270.0,0.0,0,0,MAINS,MAINS,1,0,46.57,92.0,47.9084,48.2672,-4.0,3.68526,3.68526,3.71286,3.71286,0.0,23.1,1076.43,,52.085,,CHARGE,0.15,0,,SYNTHETIC,0
doe-007,0,134,2026-09-03T09:02:14Z,2026-09-03T09:02:15Z,2026-09-03T09:02:14Z,2026-09-03T09:02:15Z,site_b,SIM,synthetic_demo,B-WAN-1,UP,1000.0,81.9874,82.09,0.0,24.87,3.1382,0.074,0,UP,4.0,0.0,6,6,49,-60.3,22.447,7.55,0,0,0,32,0,82.0,0.0,0,0,,,,,,,,,,,,,,,,,,,,,0.0,0,,SYNTHETIC,0
doe-007,0,135,2026-09-03T09:02:15Z,2026-09-03T09:02:16Z,2026-09-03T09:02:15Z,2026-09-03T09:02:16Z,site_a,SIM,synthetic_demo,A-WAN-2,UP,1000.0,477.6658,1000.5,2714.1185,2735.02,1.6763,0.115,0,UP,4.0,0.0,48,48,159,-60.0,16.833,4.836,1,5,0,31,0,413.0,0.0,0,0,MAINS,MAINS,1,0,46.51,92.0,47.9085,48.2673,-4.0,3.68527,3.68527,3.71287,3.71287,0.0,23.2,1085.47,,51.654,,CHARGE,0.15,0,,SYNTHETIC,0
doe-007,0,135,2026-09-03T09:02:15Z,2026-09-03T09:02:16Z,2026-09-03T09:02:15Z,2026-09-03T09:02:16Z,site_b,SIM,synthetic_demo,B-WAN-1,UP,1000.0,72.7817,73.38,0.0,20.96,0.0296,0.052,0,UP,4.0,0.0,6,6,25,-60.3,17.509,5.348,1,0,0,32,0,81.0,0.0,0,0,,,,,,,,,,,,,,,,,,,,,0.0,0,,SYNTHETIC,0
doe-007,0,136,2026-09-03T09:02:16Z,2026-09-03T09:02:17Z,2026-09-03T09:02:16Z,2026-09-03T09:02:17Z,site_a,SIM,synthetic_demo,A-WAN-2,UP,1000.0,453.12,999.93,2167.2385,2189.14,2.4982,0.098,0,UP,4.0,0.0,48,48,184,-62.9,16.901,5.11,1,0,0,31,0,448.0,0.0,0,0,MAINS,MAINS,1,0,46.6,92.0,47.9086,48.2674,-4.0,3.68528,3.68528,3.71288,3.71288,0.0,23.2,1094.094,,51.249,,CHARGE,0.15,0,,SYNTHETIC,0
doe-007,0,136,2026-09-03T09:02:16Z,2026-09-03T09:02:17Z,2026-09-03T09:02:16Z,2026-09-03T09:02:17Z,site_b,SIM,synthetic_demo,B-WAN-1,UP,1000.0,74.5036,74.87,0.0,22.72,1.954,0.101,0,UP,4.0,0.0,6,6,48,-61.6,23.983,7.364,0,0,0,32,0,56.0,0.0,0,0,,,,,,,,,,,,,,,,,,,,,0.0,0,,SYNTHETIC|STALE,0
doe-007,0,137,2026-09-03T09:02:17Z,2026-09-03T09:02:18Z,2026-09-03T09:02:17Z,2026-09-03T09:02:18Z,site_a,SIM,synthetic_demo,A-WAN-2,UP,1000.0,491.2875,1001.4,1658.526,1677.6,0.6217,0.132,0,UP,4.0,0.0,48,48,233,-62.387,18.562,5.378,1,1,0,31,0,344.0,0.0,0,0,MAINS,MAINS,1,0,46.49,92.0,47.9088,48.2676,-4.0,3.68529,3.68529,3.71289,3.71289,0.0,23.1,1084.719,,51.695,,CHARGE,0.15,0,,SYNTHETIC|STALE,0
doe-007,0,137,2026-09-03T09:02:17Z,2026-09-03T09:02:18Z,2026-09-03T09:02:17Z,2026-09-03T09:02:18Z,site_b,SIM,synthetic_demo,B-WAN-1,UP,1000.0,106.9499,106.65,0.0,21.71,0.4927,0.14,0,UP,4.0,0.0,6,6,25,-62.387,17.682,4.522,0,0,0,32,0,92.0,0.0,0,0,,,,,,,,,,,,,,,,,,,,,0.0,0,,SYNTHETIC|STALE,0
doe-007,0,138,2026-09-03T09:02:18Z,2026-09-03T09:02:19Z,2026-09-03T09:02:18Z,2026-09-03T09:02:19Z,site_a,SIM,synthetic_demo,A-WAN-2,UP,1000.0,489.6523,1000.16,1148.1784,1169.04,2.081,0.093,0,UP,4.0,0.0,48,48,204,-62.387,18.789,5.415,4,2,0,31,0,182.0,0.0,0,0,MAINS,MAINS,1,0,46.51,92.0,47.9089,48.2677,-4.0,3.6853,3.6853,3.7129,3.7129,0.0,23.1,1088.731,,51.507,,CHARGE,0.15,0,,SYNTHETIC|STALE,0
doe-007,0,138,2026-09-03T09:02:18Z,2026-09-03T09:02:19Z,2026-09-03T09:02:18Z,2026-09-03T09:02:19Z,site_b,SIM,synthetic_demo,B-WAN-1,UP,1000.0,102.2402,102.23,0.0,24.1,2.6449,0.134,0,UP,4.0,0.0,6,6,23,-62.387,17.776,5.174,0,0,0,32,0,71.0,0.0,0,0,,,,,,,,,,,,,,,,,,,,,0.0,0,,SYNTHETIC|STALE,0
doe-007,0,139,2026-09-03T09:02:19Z,2026-09-03T09:02:20Z,2026-09-03T09:02:19Z,2026-09-03T09:02:20Z,site_a,SIM,synthetic_demo,A-WAN-2,UP,1000.0,472.2234,999.48,620.4018,639.79,0.4264,0.099,0,UP,4.0,0.0,48,48,269,-62.387,19.984,6.02,1,3,0,31,0,363.0,0.0,0,0,MAINS,MAINS,1,0,46.47,92.0,47.909,48.2678,-4.0,3.68531,3.68531,3.71291,3.71291,0.0,23.0,1080.039,,51.924,,CHARGE,0.15,0,,SYNTHETIC|STALE,0
doe-007,0,139,2026-09-03T09:02:19Z,2026-09-03T09:02:20Z,2026-09-03T09:02:19Z,2026-09-03T09:02:20Z,site_b,SIM,synthetic_demo,B-WAN-1,UP,1000.0,89.1584,88.87,0.0,23.51,1.8648,0.142,0,UP,4.0,0.0,6,6,19,-62.387,15.519,4.581,0,2,0,32,0,107.0,0.0,0,0,,,,,,,,,,,,,,,,,,,,,0.0,0,,SYNTHETIC|STALE,0
doe-007,0,140,2026-09-03T09:02:20Z,2026-09-03T09:02:21Z,2026-09-03T09:02:20Z,2026-09-03T09:02:21Z,site_a,SIM,synthetic_demo,A-WAN-2,UP,1000.0,463.9187,1000.67,84.3204,106.75,3.2313,0.093,0,UP,4.0,0.0,48,48,290,-62.387,20.063,6.113,1,2,0,31,0,250.0,0.0,0,0,MAINS,MAINS,1,0,46.56,92.0,47.9091,48.2679,-4.0,3.68532,3.68532,3.71292,3.71292,0.0,23.2,1113.288,,50.376,,CHARGE,0.0,0,,SYNTHETIC|STALE,0
doe-007,0,140,2026-09-03T09:02:20Z,2026-09-03T09:02:21Z,2026-09-03T09:02:20Z,2026-09-03T09:02:21Z,site_b,SIM,synthetic_demo,B-WAN-1,UP,1000.0,81.4742,82.61,0.0,20.6,0.0175,0.107,0,UP,4.0,0.0,6,6,45,-59.3,20.733,6.302,0,0,0,32,0,51.0,0.0,0,0,,,,,,,,,,,,,,,,,,,,,0.0,0,,SYNTHETIC,0
doe-007,0,141,2026-09-03T09:02:21Z,2026-09-03T09:02:22Z,2026-09-03T09:02:21Z,2026-09-03T09:02:22Z,site_a,SIM,synthetic_demo,A-WAN-2,UP,1000.0,443.9719,528.87,0.0,19.39,0.2184,0.127,0,UP,4.0,0.0,48,48,141,-62.4,15.718,4.725,1,1,0,31,0,342.0,0.0,0,0,MAINS,MAINS,1,0,46.48,92.0,47.9093,48.2681,-4.0,3.68533,3.68533,3.71293,3.71293,0.0,23.0,1076.354,,52.107,,CHARGE,0.0,0,,SYNTHETIC,0
doe-007,0,141,2026-09-03T09:02:21Z,2026-09-03T09:02:22Z,2026-09-03T09:02:21Z,2026-09-03T09:02:22Z,site_b,SIM,synthetic_demo,B-WAN-1,UP,1000.0,87.0204,86.96,0.0,22.73,2.0434,0.088,0,UP,4.0,0.0,6,6,38,-61.9,17.234,6.249,0,1,0,32,0,102.0,0.0,0,0,,,,,,,,,,,,,,,,,,,,,0.0,0,,SYNTHETIC,0
doe-007,0,142,2026-09-03T09:02:22Z,2026-09-03T09:02:23Z,2026-09-03T09:02:22Z,2026-09-03T09:02:23Z,site_a,SIM,synthetic_demo,A-WAN-2,UP,1000.0,505.1964,504.76,0.0,19.2,0.2936,0.066,0,UP,4.0,0.0,48,48,413,-62.7,24.052,7.385,0,1,0,31,0,324.0,0.0,0,0,MAINS,MAINS,1,0,46.41,92.0,47.9094,48.2682,-4.0,3.68534,3.68534,3.71294,3.71294,0.0,23.0,1100.175,,50.982,,CHARGE,0.0,0,,SYNTHETIC,0
doe-007,0,142,2026-09-03T09:02:22Z,2026-09-03T09:02:23Z,2026-09-03T09:02:22Z,2026-09-03T09:02:23Z,site_b,SIM,synthetic_demo,B-WAN-1,UP,1000.0,79.1544,79.54,0.0,23.73,2.3118,0.12,0,UP,4.0,0.0,6,6,37,-62.5,23.245,6.044,1,0,0,32,0,119.0,0.0,0,0,,,,,,,,,,,,,,,,,,,,,0.0,0,,SYNTHETIC,0
doe-007,0,143,2026-09-03T09:02:23Z,2026-09-03T09:02:24Z,2026-09-03T09:02:23Z,2026-09-03T09:02:24Z,site_a,SIM,synthetic_demo,A-WAN-2,UP,1000.0,492.1769,490.39,0.0,22.05,4.0859,0.145,0,UP,4.0,0.0,48,48,109,-62.2,15.181,4.538,1,4,0,31,0,379.0,0.0,0,0,MAINS,MAINS,1,0,46.61,92.0,47.9095,48.2683,-4.0,3.68535,3.68535,3.71295,3.71295,0.0,23.0,1084.886,,51.703,,CHARGE,0.0,0,,SYNTHETIC,0
doe-007,0,143,2026-09-03T09:02:23Z,2026-09-03T09:02:24Z,2026-09-03T09:02:23Z,2026-09-03T09:02:24Z,site_b,SIM,synthetic_demo,B-WAN-1,UP,1000.0,76.6831,76.82,0.0,22.34,2.0369,0.092,0,UP,4.0,0.0,6,6,53,-60.3,22.013,7.254,0,1,0,32,0,56.0,0.0,0,0,,,,,,,,,,,,,,,,,,,,,0.0,0,,SYNTHETIC,0
doe-007,0,144,2026-09-03T09:02:24Z,2026-09-03T09:02:25Z,2026-09-03T09:02:24Z,2026-09-03T09:02:25Z,site_a,SIM,synthetic_demo,A-WAN-2,UP,1000.0,452.3796,452.1,0.0,19.37,0.5,0.125,0,UP,4.0,0.0,48,48,224,-61.3,18.375,5.692,0,0,0,31,0,434.0,0.0,0,0,MAINS,MAINS,1,0,46.38,92.0,47.9097,48.2685,-4.0,3.68536,3.68536,3.71296,3.71296,0.0,23.1,1071.099,,52.371,,CHARGE,0.0,0,,SYNTHETIC,0
doe-007,0,144,2026-09-03T09:02:24Z,2026-09-03T09:02:25Z,2026-09-03T09:02:24Z,2026-09-03T09:02:25Z,site_b,SIM,synthetic_demo,B-WAN-1,UP,1000.0,63.9064,63.52,0.0,24.23,3.04,0.083,0,UP,4.0,0.0,6,6,77,-61.1,29.86,9.816,0,0,0,32,0,57.0,0.0,0,0,,,,,,,,,,,,,,,,,,,,,0.0,0,,SYNTHETIC,0
doe-007,0,145,2026-09-03T09:02:25Z,2026-09-03T09:02:26Z,2026-09-03T09:02:25Z,2026-09-03T09:02:26Z,site_a,SIM,synthetic_demo,A-WAN-2,UP,1000.0,492.6463,492.98,0.0,23.63,4.9522,0.103,0,UP,4.0,0.0,48,48,260,-61.4,19.03,5.762,0,3,0,31,0,500.0,0.0,0,0,MAINS,MAINS,1,0,46.57,92.0,47.9098,48.2686,-4.0,3.68537,3.68537,3.71297,3.71297,0.0,23.2,1072.117,,52.324,,CHARGE,0.0,0,,SYNTHETIC,0
doe-007,0,145,2026-09-03T09:02:25Z,2026-09-03T09:02:26Z,2026-09-03T09:02:25Z,2026-09-03T09:02:26Z,site_b,SIM,synthetic_demo,B-WAN-1,UP,1000.0,69.661,69.05,0.0,21.41,0.4369,0.059,0,UP,4.0,0.0,6,6,51,-61.6,24.586,7.569,1,1,0,32,0,66.0,0.0,0,0,,,,,,,,,,,,,,,,,,,,,0.0,0,,SYNTHETIC,0
doe-007,0,146,2026-09-03T09:02:26Z,2026-09-03T09:02:27Z,2026-09-03T09:02:26Z,2026-09-03T09:02:27Z,site_a,SIM,synthetic_demo,A-WAN-2,UP,1000.0,457.4266,456.62,0.0,22.59,4.0058,0.127,0,UP,4.0,0.0,48,48,146,-62.9,15.92,4.606,1,6,0,31,0,256.0,0.0,0,0,MAINS,MAINS,1,0,46.7,92.0,47.9099,48.2687,-4.0,3.68538,3.68538,3.71298,3.71298,0.0,23.1,1093.05,,51.325,,CHARGE,0.0,0,,SYNTHETIC,0
doe-007,0,146,2026-09-03T09:02:26Z,2026-09-03T09:02:27Z,2026-09-03T09:02:26Z,2026-09-03T09:02:27Z,site_b,SIM,synthetic_demo,B-WAN-1,UP,1000.0,71.6212,71.87,0.0,22.54,1.1202,0.122,0,UP,4.0,0.0,6,6,35,-64.0,21.462,5.717,1,0,0,32,0,74.0,0.0,0,0,,,,,,,,,,,,,,,,,,,,,0.0,0,,SYNTHETIC,0
doe-007,0,147,2026-09-03T09:02:27Z,2026-09-03T09:02:28Z,2026-09-03T09:02:27Z,2026-09-03T09:02:28Z,site_a,SIM,synthetic_demo,A-WAN-2,UP,1000.0,480.8015,480.78,0.0,20.12,0.5393,0.101,0,UP,4.0,0.0,48,48,211,-62.7,18.58,5.634,3,3,0,31,0,292.0,0.0,0,0,MAINS,MAINS,1,0,46.53,92.0,47.91,48.2688,-4.0,3.68539,3.68539,3.71299,3.71299,0.0,23.2,1080.66,,51.916,,CHARGE,0.0,0,,SYNTHETIC,0
doe-007,0,147,2026-09-03T09:02:27Z,2026-09-03T09:02:28Z,2026-09-03T09:02:27Z,2026-09-03T09:02:28Z,site_b,SIM,synthetic_demo,B-WAN-1,UP,1000.0,74.6894,74.88,0.0,22.57,2.0928,0.122,0,UP,4.0,0.0,6,6,36,-63.6,21.547,5.66,0,0,0,32,0,51.0,0.0,0,0,,,,,,,,,,,,,,,,,,,,,0.0,0,,SYNTHETIC,0
doe-007,0,148,2026-09-03T09:02:28Z,2026-09-03T09:02:29Z,2026-09-03T09:02:28Z,2026-09-03T09:02:29Z,site_a,SIM,synthetic_demo,A-WAN-2,UP,1000.0,502.5486,502.22,0.0,20.76,2.0313,0.088,0,UP,4.0,0.0,48,48,269,-60.9,19.245,5.844,0,2,0,31,0,472.0,0.0,0,0,MAINS,MAINS,1,0,46.49,92.0,47.9102,48.269,-4.0,3.6854,3.6854,3.713,3.713,0.0,23.2,1087.542,,51.59,,CHARGE,0.0,0,,SYNTHETIC,0
doe-007,0,148,2026-09-03T09:02:28Z,2026-09-03T09:02:29Z,2026-09-03T09:02:28Z,2026-09-03T09:02:29Z,site_b,SIM,synthetic_demo,B-WAN-1,UP,1000.0,82.9074,83.66,0.0,21.79,0.63,0.133,0,UP,4.0,0.0,6,6,50,-60.7,25.337,7.37,0,0,0,32,0,77.0,0.0,0,0,,,,,,,,,,,,,,,,,,,,,0.0,0,,SYNTHETIC,0
doe-007,0,149,2026-09-03T09:02:29Z,2026-09-03T09:02:30Z,2026-09-03T09:02:29Z,2026-09-03T09:02:30Z,site_a,SIM,synthetic_demo,A-WAN-2,UP,1000.0,461.5297,461.64,0.0,22.13,3.7136,0.106,0,UP,4.0,0.0,48,48,270,-61.3,19.174,5.822,0,5,0,31,0,304.0,0.0,0,0,MAINS,MAINS,1,0,46.5,92.0,47.9103,48.2691,-4.0,3.68541,3.68541,3.71301,3.71301,0.0,22.9,1110.886,,50.509,,CHARGE,0.0,0,,SYNTHETIC,0
doe-007,0,149,2026-09-03T09:02:29Z,2026-09-03T09:02:30Z,2026-09-03T09:02:29Z,2026-09-03T09:02:30Z,site_b,SIM,synthetic_demo,B-WAN-1,UP,1000.0,80.9028,80.86,0.0,23.01,2.2065,0.11,0,UP,4.0,0.0,6,6,66,-60.5,29.94,8.166,0,0,0,32,0,34.0,0.0,0,0,,,,,,,,,,,,,,,,,,,,,0.0,0,,SYNTHETIC,0
doe-007,0,150,2026-09-03T09:02:30Z,2026-09-03T09:02:31Z,2026-09-03T09:02:30Z,2026-09-03T09:02:31Z,site_a,SIM,synthetic_demo,A-WAN-2,UP,1000.0,436.2584,436.68,0.0,19.33,0.4655,0.128,0,UP,4.0,0.0,48,48,100,-62.7,14.18,4.173,2,2,0,31,0,303.0,0.0,0,0,MAINS,MAINS,1,0,46.62,92.0,47.9104,48.2692,-4.0,3.68542,3.68542,3.71302,3.71302,0.0,23.0,1097.971,,51.105,,CHARGE,0.0,0,,SYNTHETIC,0
doe-007,0,150,2026-09-03T09:02:30Z,2026-09-03T09:02:31Z,2026-09-03T09:02:30Z,2026-09-03T09:02:31Z,site_b,SIM,synthetic_demo,B-WAN-1,UP,1000.0,83.0739,82.42,0.0,22.04,0.7127,0.118,0,UP,4.0,0.0,6,6,41,-63.9,19.612,6.829,0,0,0,32,0,61.0,0.0,0,0,,,,,,,,,,,,,,,,,,,,,0.0,0,,SYNTHETIC,0
doe-007,0,151,2026-09-03T09:02:31Z,2026-09-03T09:02:32Z,2026-09-03T09:02:31Z,2026-09-03T09:02:32Z,site_a,SIM,synthetic_demo,A-WAN-2,UP,1000.0,506.7249,507.44,0.0,19.41,0.0089,0.136,0,UP,4.0,0.0,48,48,296,-62.1,20.49,6.075,0,6,0,31,0,471.0,0.0,0,0,MAINS,MAINS,1,0,46.5,92.0,47.9106,48.2694,-4.0,3.68543,3.68543,3.71303,3.71303,0.0,23.0,1097.091,,51.149,,CHARGE,0.0,0,,SYNTHETIC,0
doe-007,0,151,2026-09-03T09:02:31Z,2026-09-03T09:02:32Z,2026-09-03T09:02:31Z,2026-09-03T09:02:32Z,site_b,SIM,synthetic_demo,B-WAN-1,UP,1000.0,91.2444,91.7,0.0,22.09,0.6189,0.12,0,UP,4.0,0.0,6,6,25,-61.0,18.007,4.58,0,0,0,32,0,61.0,0.0,0,0,,,,,,,,,,,,,,,,,,,,,0.0,0,,SYNTHETIC,0
doe-007,0,152,2026-09-03T09:02:32Z,2026-09-03T09:02:33Z,2026-09-03T09:02:32Z,2026-09-03T09:02:33Z,site_a,SIM,synthetic_demo,A-WAN-2,UP,1000.0,490.5261,490.98,0.0,22.0,3.2742,0.117,0,UP,4.0,0.0,48,48,233,-62.7,18.905,5.948,2,3,0,31,0,296.0,0.0,0,0,MAINS,MAINS,1,0,46.61,92.0,47.9107,48.2695,-4.0,3.68544,3.68544,3.71304,3.71304,0.0,23.2,1096.28,,51.19,,CHARGE,0.0,0,,SYNTHETIC,0
doe-007,0,152,2026-09-03T09:02:32Z,2026-09-03T09:02:33Z,2026-09-03T09:02:32Z,2026-09-03T09:02:33Z,site_b,SIM,synthetic_demo,B-WAN-1,UP,1000.0,89.4387,88.99,0.0,22.08,0.9563,0.107,0,UP,4.0,0.0,6,6,30,-61.2,16.364,5.65,0,0,0,32,0,30.0,0.0,0,0,,,,,,,,,,,,,,,,,,,,,0.0,0,,SYNTHETIC,0
doe-007,0,153,2026-09-03T09:02:33Z,2026-09-03T09:02:34Z,2026-09-03T09:02:33Z,2026-09-03T09:02:34Z,site_a,SIM,synthetic_demo,A-WAN-2,UP,1000.0,457.3678,457.62,0.0,25.26,4.7194,0.103,0,UP,4.0,0.0,48,48,227,-62.4,18.548,5.559,1,2,0,31,0,456.0,0.0,0,0,MAINS,MAINS,1,0,46.5,92.0,47.9108,48.2696,-4.0,3.68545,3.68545,3.71305,3.71305,0.0,23.0,1086.508,,51.653,,CHARGE,0.0,0,,SYNTHETIC,0
doe-007,0,153,2026-09-03T09:02:33Z,2026-09-03T09:02:34Z,2026-09-03T09:02:33Z,2026-09-03T09:02:34Z,site_b,SIM,synthetic_demo,B-WAN-1,UP,1000.0,80.2886,81.07,0.0,22.68,1.6559,0.094,0,UP,4.0,0.0,6,6,37,-61.7,19.295,5.679,0,0,0,32,0,96.0,0.0,0,0,,,,,,,,,,,,,,,,,,,,,0.0,0,,SYNTHETIC,0
doe-007,0,154,2026-09-03T09:02:34Z,2026-09-03T09:02:35Z,2026-09-03T09:02:34Z,2026-09-03T09:02:35Z,site_a,SIM,synthetic_demo,A-WAN-2,UP,1000.0,499.6569,499.8,0.0,21.51,2.0868,0.119,0,UP,4.0,0.0,48,48,140,-62.7,15.658,4.917,1,3,0,31,0,622.0,0.0,0,0,MAINS,MAINS,1,0,46.47,92.0,47.9109,48.2697,-4.0,3.68546,3.68546,3.71306,3.71306,0.0,23.1,1085.301,,51.713,,CHARGE,0.0,0,,SYNTHETIC|STALE,0
doe-007,0,154,2026-09-03T09:02:34Z,2026-09-03T09:02:35Z,2026-09-03T09:02:34Z,2026-09-03T09:02:35Z,site_b,SIM,synthetic_demo,B-WAN-1,UP,1000.0,90.8048,91.9,0.0,24.12,3.0144,0.106,0,UP,4.0,0.0,6,6,30,-62.713,16.69,6.151,0,0,0,32,0,58.0,0.0,0,0,,,,,,,,,,,,,,,,,,,,,0.0,0,,SYNTHETIC|STALE,0
doe-007,0,155,2026-09-03T09:02:35Z,2026-09-03T09:02:36Z,2026-09-03T09:02:35Z,2026-09-03T09:02:36Z,site_a,SIM,synthetic_demo,A-WAN-2,UP,1000.0,514.6536,514.51,0.0,21.13,2.219,0.111,0,UP,4.0,0.0,48,48,169,-62.713,16.836,4.878,2,3,0,31,0,286.0,0.0,0,0,MAINS,MAINS,1,0,46.53,92.0,47.9111,48.2699,-4.0,3.68547,3.68547,3.71307,3.71307,0.0,23.1,1103.139,,50.879,,CHARGE,0.0,0,,SYNTHETIC|STALE,0
doe-007,0,155,2026-09-03T09:02:35Z,2026-09-03T09:02:36Z,2026-09-03T09:02:35Z,2026-09-03T09:02:36Z,site_b,SIM,synthetic_demo,B-WAN-1,UP,1000.0,85.3891,86.38,0.0,23.41,2.2983,0.115,0,UP,4.0,0.0,6,6,38,-62.713,20.703,6.36,1,0,0,32,0,53.0,0.0,0,0,,,,,,,,,,,,,,,,,,,,,0.0,0,,SYNTHETIC|STALE,0
doe-007,0,156,2026-09-03T09:02:36Z,2026-09-03T09:02:37Z,2026-09-03T09:02:36Z,2026-09-03T09:02:37Z,site_a,SIM,synthetic_demo,A-WAN-2,UP,1000.0,593.3483,593.05,0.0,20.36,2.122,0.104,0,UP,4.0,0.0,48,48,106,-62.713,15.865,4.587,1,2,0,31,0,494.0,0.0,0,0,MAINS,MAINS,1,0,46.42,92.0,47.9112,48.27,-4.0,3.68548,3.68548,3.71308,3.71308,0.0,23.0,1077.588,,52.088,,CHARGE,0.0,0,,SYNTHETIC|STALE,0
doe-007,0,156,2026-09-03T09:02:36Z,2026-09-03T09:02:37Z,2026-09-03T09:02:36Z,2026-09-03T09:02:37Z,site_b,SIM,synthetic_demo,B-WAN-1,UP,1000.0,76.8919,77.49,0.0,23.1,2.136,0.069,0,UP,4.0,0.0,6,6,43,-62.713,21.208,6.998,0,1,0,32,0,76.0,0.0,0,0,,,,,,,,,,,,,,,,,,,,,0.0,0,,SYNTHETIC|STALE,0
doe-007,0,157,2026-09-03T09:02:37Z,2026-09-03T09:02:38Z,2026-09-03T09:02:37Z,2026-09-03T09:02:38Z,site_a,SIM,synthetic_demo,A-WAN-2,UP,1000.0,428.4525,429.27,0.0,22.1,2.9923,0.11,0,UP,4.0,0.0,48,48,148,-62.713,16.596,4.902,2,1,0,31,0,298.0,0.0,0,0,MAINS,MAINS,1,0,46.54,92.0,47.9113,48.2701,-4.0,3.68549,3.68549,3.71309,3.71309,0.0,23.1,1088.722,,51.558,,CHARGE,0.0,0,,SYNTHETIC|STALE,0
doe-007,0,157,2026-09-03T09:02:37Z,2026-09-03T09:02:38Z,2026-09-03T09:02:37Z,2026-09-03T09:02:38Z,site_b,SIM,synthetic_demo,B-WAN-1,UP,1000.0,71.2874,71.23,0.0,21.22,1.0207,0.157,0,UP,4.0,0.0,6,6,72,-60.0,28.689,8.14,0,0,0,32,0,49.0,0.0,0,0,,,,,,,,,,,,,,,,,,,,,0.0,0,,SYNTHETIC,0
doe-007,0,158,2026-09-03T09:02:38Z,2026-09-03T09:02:39Z,2026-09-03T09:02:38Z,2026-09-03T09:02:39Z,site_a,SIM,synthetic_demo,A-WAN-2,UP,1000.0,479.0979,479.55,0.0,22.71,3.6883,0.128,0,UP,4.0,0.0,48,48,237,-61.0,19.305,5.588,1,1,0,31,0,451.0,0.0,0,0,MAINS,MAINS,1,0,46.56,92.0,47.9115,48.2703,-4.0,3.6855,3.6855,3.7131,3.7131,0.0,23.2,1071.75,,52.378,,CHARGE,0.0,0,,SYNTHETIC,0
doe-007,0,158,2026-09-03T09:02:38Z,2026-09-03T09:02:39Z,2026-09-03T09:02:38Z,2026-09-03T09:02:39Z,site_b,SIM,synthetic_demo,B-WAN-1,UP,1000.0,73.243,74.36,0.0,22.18,1.8992,0.076,0,UP,4.0,0.0,6,6,85,-61.8,33.079,9.989,0,0,0,32,0,59.0,0.0,0,0,,,,,,,,,,,,,,,,,,,,,0.0,0,,SYNTHETIC,0
doe-007,0,159,2026-09-03T09:02:39Z,2026-09-03T09:02:40Z,2026-09-03T09:02:39Z,2026-09-03T09:02:40Z,site_a,SIM,synthetic_demo,A-WAN-2,UP,1000.0,439.8914,439.06,0.0,19.18,0.1073,0.09,0,UP,4.0,0.0,48,48,232,-62.5,18.72,5.865,1,6,0,31,0,555.0,0.0,0,0,MAINS,MAINS,1,0,46.54,92.0,47.9116,48.2704,-4.0,3.68551,3.68551,3.71311,3.71311,0.0,23.1,1084.478,,51.766,,CHARGE,0.0,0,,SYNTHETIC,0
doe-007,0,159,2026-09-03T09:02:39Z,2026-09-03T09:02:40Z,2026-09-03T09:02:39Z,2026-09-03T09:02:40Z,site_b,SIM,synthetic_demo,B-WAN-1,UP,1000.0,66.5734,66.09,0.0,23.2,1.7586,0.124,0,UP,4.0,0.0,6,6,29,-60.7,19.036,5.514,0,0,0,32,0,60.0,0.0,0,0,,,,,,,,,,,,,,,,,,,,,0.0,0,,SYNTHETIC,0
doe-007,0,160,2026-09-03T09:02:40Z,2026-09-03T09:02:41Z,2026-09-03T09:02:40Z,2026-09-03T09:02:41Z,site_a,SIM,synthetic_demo,A-WAN-2,UP,1000.0,475.3474,475.86,0.0,18.7,0.1788,0.145,0,UP,4.0,0.0,48,48,152,-62.8,16.619,4.725,0,5,0,31,0,335.0,0.0,0,0,MAINS,MAINS,1,0,46.52,92.0,47.9117,48.2705,-4.0,3.68552,3.68552,3.71312,3.71312,0.0,23.1,1093.613,,51.336,,CHARGE,0.0,0,,SYNTHETIC,0
doe-007,0,160,2026-09-03T09:02:40Z,2026-09-03T09:02:41Z,2026-09-03T09:02:40Z,2026-09-03T09:02:41Z,site_b,SIM,synthetic_demo,B-WAN-1,UP,1000.0,70.988,70.47,0.0,23.09,1.6782,0.083,0,UP,4.0,0.0,6,6,46,-62.8,24.473,6.976,0,1,0,32,0,93.0,0.0,0,0,,,,,,,,,,,,,,,,,,,,,0.0,0,,SYNTHETIC,0
doe-007,0,161,2026-09-03T09:02:41Z,2026-09-03T09:02:42Z,2026-09-03T09:02:41Z,2026-09-03T09:02:42Z,site_a,SIM,synthetic_demo,A-WAN-2,UP,1000.0,480.2964,480.28,0.0,20.41,1.6921,0.117,0,UP,4.0,0.0,48,48,147,-61.9,16.16,4.601,4,2,0,31,0,351.0,0.0,0,0,MAINS,MAINS,1,0,46.61,92.0,47.9118,48.2706,-4.0,3.68553,3.68553,3.71313,3.71313,0.0,23.2,1082.248,,51.878,,CHARGE,0.0,0,,SYNTHETIC,0
doe-007,0,161,2026-09-03T09:02:41Z,2026-09-03T09:02:42Z,2026-09-03T09:02:41Z,2026-09-03T09:02:42Z,site_b,SIM,synthetic_demo,B-WAN-1,UP,1000.0,101.5218,102.15,0.0,21.25,0.3946,0.103,0,UP,4.0,0.0,6,6,34,-61.7,18.355,5.223,0,1,0,32,0,71.0,0.0,0,0,,,,,,,,,,,,,,,,,,,,,0.0,0,,SYNTHETIC,0
doe-007,0,162,2026-09-03T09:02:42Z,2026-09-03T09:02:43Z,2026-09-03T09:02:42Z,2026-09-03T09:02:43Z,site_a,SIM,synthetic_demo,A-WAN-2,UP,1000.0,474.3998,474.14,0.0,20.9,1.6012,0.099,0,UP,4.0,0.0,48,48,252,-62.7,19.301,5.864,3,5,0,31,0,368.0,0.0,0,0,MAINS,MAINS,1,0,46.54,92.0,47.912,48.2708,-4.0,3.68554,3.68554,3.71314,3.71314,0.0,22.9,1085.275,,51.736,,CHARGE,0.0,0,,SYNTHETIC,0
doe-007,0,162,2026-09-03T09:02:42Z,2026-09-03T09:02:43Z,2026-09-03T09:02:42Z,2026-09-03T09:02:43Z,site_b,SIM,synthetic_demo,B-WAN-1,UP,1000.0,159.5563,160.59,0.0,23.61,2.6061,0.135,0,UP,4.0,0.0,6,6,45,-61.1,23.52,6.14,0,1,0,32,0,60.0,0.0,0,0,,,,,,,,,,,,,,,,,,,,,0.0,0,,SYNTHETIC,0
doe-007,0,163,2026-09-03T09:02:43Z,2026-09-03T09:02:44Z,2026-09-03T09:02:43Z,2026-09-03T09:02:44Z,site_a,SIM,synthetic_demo,A-WAN-2,UP,1000.0,571.6212,572.34,0.0,18.72,0.7592,0.08,0,UP,4.0,0.0,48,48,115,-62.5,14.796,4.442,0,4,0,31,0,418.0,0.0,0,0,MAINS,MAINS,1,0,46.49,92.0,47.9121,48.2709,-4.0,3.68555,3.68555,3.71315,3.71315,0.0,23.0,1085.578,,51.724,,CHARGE,0.0,0,,SYNTHETIC,0
doe-007,0,163,2026-09-03T09:02:43Z,2026-09-03T09:02:44Z,2026-09-03T09:02:43Z,2026-09-03T09:02:44Z,site_b,SIM,synthetic_demo,B-WAN-1,UP,1000.0,75.4556,74.15,0.0,24.92,3.4046,0.092,0,UP,4.0,0.0,6,6,32,-61.8,19.47,6.081,0,0,0,32,0,71.0,0.0,0,0,,,,,,,,,,,,,,,,,,,,,0.0,0,,SYNTHETIC,0
doe-007,0,164,2026-09-03T09:02:44Z,2026-09-03T09:02:45Z,2026-09-03T09:02:44Z,2026-09-03T09:02:45Z,site_a,SIM,synthetic_demo,A-WAN-2,UP,1000.0,430.5042,430.49,0.0,19.54,1.1109,0.133,0,UP,4.0,0.0,48,48,333,-63.1,21.418,6.541,0,1,0,31,0,211.0,0.0,0,0,MAINS,MAINS,1,0,46.65,92.0,47.9122,48.271,-4.0,3.68556,3.68556,3.71316,3.71316,0.0,23.2,1096.392,,51.216,,CHARGE,0.0,0,,SYNTHETIC,0
doe-007,0,164,2026-09-03T09:02:44Z,2026-09-03T09:02:45Z,2026-09-03T09:02:44Z,2026-09-03T09:02:45Z,site_b,SIM,synthetic_demo,B-WAN-1,UP,1000.0,83.6714,83.37,0.0,21.78,0.7201,0.076,0,UP,4.0,0.0,6,6,34,-61.8,18.145,5.479,0,0,0,32,0,70.0,0.0,0,0,,,,,,,,,,,,,,,,,,,,,0.0,0,,SYNTHETIC,0
doe-007,0,165,2026-09-03T09:02:45Z,2026-09-03T09:02:46Z,2026-09-03T09:02:45Z,2026-09-03T09:02:46Z,site_a,SIM,synthetic_demo,A-WAN-2,UP,1000.0,457.9225,456.82,0.0,19.98,1.04,0.105,0,UP,4.0,0.0,48,48,151,-61.4,16.371,4.854,0,1,0,31,0,369.0,0.0,0,0,MAINS,MAINS,1,0,46.58,92.0,47.9124,48.2712,-4.0,3.68557,3.68557,3.71317,3.71317,0.0,23.0,1090.514,,51.495,,CHARGE,0.0,0,,SYNTHETIC,0
doe-007,0,165,2026-09-03T09:02:45Z,2026-09-03T09:02:46Z,2026-09-03T09:02:45Z,2026-09-03T09:02:46Z,site_b,SIM,synthetic_demo,B-WAN-1,UP,1000.0,63.534,62.97,0.0,21.03,0.0202,0.095,0,UP,4.0,0.0,6,6,52,-61.0,23.169,7.215,0,0,0,32,0,55.0,0.0,0,0,,,,,,,,,,,,,,,,,,,,,0.0,0,,SYNTHETIC,0
doe-007,0,166,2026-09-03T09:02:46Z,2026-09-03T09:02:47Z,2026-09-03T09:02:46Z,2026-09-03T09:02:47Z,site_a,SIM,synthetic_demo,A-WAN-2,UP,1000.0,476.7836,477.51,0.0,19.97,0.1712,0.111,0,UP,4.0,0.0,48,48,251,,19.106,5.731,1,4,0,31,0,232.0,0.0,0,0,MAINS,MAINS,1,0,46.58,92.0,47.9125,48.2713,-4.0,3.68558,3.68558,3.71318,3.71318,0.0,23.2,1073.895,,52.295,,CHARGE,0.0,0,,SYNTHETIC|GAP|MISSING_MAR,0
doe-007,0,166,2026-09-03T09:02:46Z,2026-09-03T09:02:47Z,2026-09-03T09:02:46Z,2026-09-03T09:02:47Z,site_b,SIM,synthetic_demo,B-WAN-1,UP,1000.0,75.8754,76.66,0.0,21.5,0.0101,0.09,0,UP,4.0,0.0,6,6,50,-60.3,23.649,7.352,0,2,0,32,0,52.0,0.0,0,0,,,,,,,,,,,,,,,,,,,,,0.0,0,,SYNTHETIC,0
doe-007,0,167,2026-09-03T09:02:47Z,2026-09-03T09:02:48Z,2026-09-03T09:02:47Z,2026-09-03T09:02:48Z,site_a,SIM,synthetic_demo,A-WAN-2,UP,1000.0,471.1808,471.56,0.0,22.43,3.2004,0.066,0,UP,4.0,0.0,48,48,144,-61.9,16.328,4.948,1,3,0,31,0,229.0,0.0,0,0,MAINS,MAINS,1,0,46.64,92.0,47.9126,48.2714,-4.0,3.68559,3.68559,3.71319,3.71319,0.0,23.1,1090.561,,51.498,,CHARGE,0.0,0,,SYNTHETIC,0
doe-007,0,167,2026-09-03T09:02:47Z,2026-09-03T09:02:48Z,2026-09-03T09:02:47Z,2026-09-03T09:02:48Z,site_b,SIM,synthetic_demo,B-WAN-1,UP,1000.0,66.0528,66.31,0.0,22.38,1.3294,0.112,0,UP,4.0,0.0,6,6,63,-61.9,25.945,8.457,0,1,0,32,0,58.0,0.0,0,0,,,,,,,,,,,,,,,,,,,,,0.0,0,,SYNTHETIC,0
doe-007,0,168,2026-09-03T09:02:48Z,2026-09-03T09:02:49Z,2026-09-03T09:02:48Z,2026-09-03T09:02:49Z,site_a,SIM,synthetic_demo,A-WAN-2,UP,1000.0,557.8422,557.71,0.0,20.42,1.827,0.105,0,UP,4.0,0.0,48,48,273,-62.1,19.659,5.986,1,4,0,31,0,469.0,0.0,0,0,MAINS,MAINS,1,0,46.62,92.0,47.9127,48.2715,-4.0,3.6856,3.6856,3.7132,3.7132,0.0,23.1,1101.49,,50.99,,CHARGE,0.0,0,,SYNTHETIC,0
doe-007,0,168,2026-09-03T09:02:48Z,2026-09-03T09:02:49Z,2026-09-03T09:02:48Z,2026-09-03T09:02:49Z,site_b,SIM,synthetic_demo,B-WAN-1,UP,1000.0,60.6575,60.57,0.0,20.77,0.1439,0.132,0,UP,4.0,0.0,6,6,67,-61.4,29.086,7.737,0,1,0,32,0,61.0,0.0,0,0,,,,,,,,,,,,,,,,,,,,,0.0,0,,SYNTHETIC,0
doe-007,0,169,2026-09-03T09:02:49Z,2026-09-03T09:02:50Z,2026-09-03T09:02:49Z,2026-09-03T09:02:50Z,site_a,SIM,synthetic_demo,A-WAN-2,UP,1000.0,478.9483,478.43,0.0,21.19,1.1681,0.123,0,UP,4.0,0.0,48,48,128,-62.5,15.446,4.791,2,1,0,31,0,269.0,0.0,0,0,MAINS,MAINS,1,0,46.59,92.0,47.9129,48.2717,-4.0,3.68561,3.68561,3.71321,3.71321,0.0,23.1,1080.166,,51.999,,CHARGE,0.0,0,,SYNTHETIC,0
doe-007,0,169,2026-09-03T09:02:49Z,2026-09-03T09:02:50Z,2026-09-03T09:02:49Z,2026-09-03T09:02:50Z,site_b,SIM,synthetic_demo,B-WAN-1,UP,1000.0,154.1665,155.01,0.0,21.35,0.4685,0.096,0,UP,4.0,0.0,6,6,32,-61.8,17.579,5.832,2,1,0,32,0,49.0,0.0,0,0,,,,,,,,,,,,,,,,,,,,,0.0,0,,SYNTHETIC,0
doe-007,0,170,2026-09-03T09:02:50Z,2026-09-03T09:02:51Z,2026-09-03T09:02:50Z,2026-09-03T09:02:51Z,site_a,SIM,synthetic_demo,A-WAN-2,UP,1000.0,468.613,468.2,0.0,22.74,3.2364,0.088,0,UP,4.0,0.0,48,48,249,-61.7,18.779,5.831,2,1,0,31,0,326.0,0.0,0,0,MAINS,MAINS,1,0,46.57,92.0,47.913,48.2718,-4.0,3.68562,3.68562,3.71322,3.71322,0.0,23.1,1092.584,,51.411,,CHARGE,0.0,0,,SYNTHETIC,0
doe-007,0,170,2026-09-03T09:02:50Z,2026-09-03T09:02:51Z,2026-09-03T09:02:50Z,2026-09-03T09:02:51Z,site_b,SIM,synthetic_demo,B-WAN-1,UP,1000.0,64.7506,64.12,0.0,22.61,1.3463,0.092,0,UP,4.0,0.0,6,6,35,-60.2,19.137,5.305,0,0,0,32,0,61.0,0.0,0,0,,,,,,,,,,,,,,,,,,,,,0.0,0,,SYNTHETIC,0
doe-007,0,171,2026-09-03T09:02:51Z,2026-09-03T09:02:52Z,2026-09-03T09:02:51Z,2026-09-03T09:02:52Z,site_a,SIM,synthetic_demo,A-WAN-2,UP,1000.0,464.339,464.42,0.0,21.01,2.2682,0.108,0,UP,4.0,0.0,48,48,268,,19.981,5.898,1,1,0,31,0,235.0,0.0,0,0,MAINS,MAINS,1,0,46.56,92.0,47.9131,48.2719,-4.0,3.68563,3.68563,3.71323,3.71323,0.0,23.1,1088.283,,51.617,,CHARGE,0.0,0,,SYNTHETIC|GAP|MISSING_MAR,0
doe-007,0,171,2026-09-03T09:02:51Z,2026-09-03T09:02:52Z,2026-09-03T09:02:51Z,2026-09-03T09:02:52Z,site_b,SIM,synthetic_demo,B-WAN-1,UP,1000.0,60.3024,59.4,0.0,20.91,0.1072,0.104,0,UP,4.0,0.0,6,6,56,-62.2,24.762,7.191,0,0,0,32,0,75.0,0.0,0,0,,,,,,,,,,,,,,,,,,,,,0.0,0,,SYNTHETIC,0
doe-007,0,172,2026-09-03T09:02:52Z,2026-09-03T09:02:53Z,2026-09-03T09:02:52Z,2026-09-03T09:02:53Z,site_a,SIM,synthetic_demo,A-WAN-2,UP,1000.0,515.963,517.08,0.0,19.62,0.1756,0.121,0,UP,4.0,0.0,48,48,340,-62.8,22.117,6.794,2,2,0,31,0,354.0,0.0,0,0,MAINS,MAINS,1,0,46.63,92.0,47.9133,48.2721,-4.0,3.68564,3.68564,3.71324,3.71324,0.0,23.1,1080.605,,51.986,,CHARGE,0.0,0,,SYNTHETIC,0
doe-007,0,172,2026-09-03T09:02:52Z,2026-09-03T09:02:53Z,2026-09-03T09:02:52Z,2026-09-03T09:02:53Z,site_b,SIM,synthetic_demo,B-WAN-1,UP,1000.0,53.4496,53.15,0.0,21.58,0.3851,0.076,0,UP,4.0,0.0,6,6,68,-61.9,27.37,8.735,0,1,0,32,0,76.0,0.0,0,0,,,,,,,,,,,,,,,,,,,,,0.0,0,,SYNTHETIC,0
doe-007,0,173,2026-09-03T09:02:53Z,2026-09-03T09:02:54Z,2026-09-03T09:02:53Z,2026-09-03T09:02:54Z,site_a,SIM,synthetic_demo,A-WAN-2,UP,1000.0,425.4093,425.66,0.0,20.7,1.5225,0.143,0,UP,4.0,0.0,48,48,247,-61.9,18.722,5.694,0,0,0,31,0,351.0,0.0,0,0,MAINS,MAINS,1,0,46.6,92.0,47.9134,48.2722,-4.0,3.68565,3.68565,3.71325,3.71325,0.0,23.1,1090.883,,51.499,,CHARGE,0.0,0,,SYNTHETIC,0
doe-007,0,173,2026-09-03T09:02:53Z,2026-09-03T09:02:54Z,2026-09-03T09:02:53Z,2026-09-03T09:02:54Z,site_b,SIM,synthetic_demo,B-WAN-1,UP,1000.0,78.8863,78.45,0.0,22.28,0.9228,0.094,0,UP,4.0,0.0,6,6,29,-63.6,18.186,5.765,0,0,0,32,0,62.0,0.0,0,0,,,,,,,,,,,,,,,,,,,,,0.0,0,,SYNTHETIC,0
doe-007,0,174,2026-09-03T09:02:54Z,2026-09-03T09:02:55Z,2026-09-03T09:02:54Z,2026-09-03T09:02:55Z,site_a,SIM,synthetic_demo,A-WAN-2,UP,1000.0,470.1747,470.17,0.0,20.16,0.966,0.094,0,UP,4.0,0.0,48,48,266,-62.9,19.407,5.998,3,4,0,31,0,392.0,0.0,0,0,MAINS,MAINS,1,0,46.55,92.0,47.9135,48.2723,-4.0,3.68566,3.68566,3.71326,3.71326,0.0,23.1,1091.872,,51.455,,CHARGE,0.0,0,,SYNTHETIC,0
doe-007,0,174,2026-09-03T09:02:54Z,2026-09-03T09:02:55Z,2026-09-03T09:02:54Z,2026-09-03T09:02:55Z,site_b,SIM,synthetic_demo,B-WAN-1,UP,1000.0,77.9941,78.05,0.0,21.53,0.0609,0.098,0,UP,4.0,0.0,6,6,45,-60.9,22.987,6.865,0,0,0,32,0,64.0,0.0,0,0,,,,,,,,,,,,,,,,,,,,,0.0,0,,SYNTHETIC,0
doe-007,0,175,2026-09-03T09:02:55Z,2026-09-03T09:02:56Z,2026-09-03T09:02:55Z,2026-09-03T09:02:56Z,site_a,SIM,synthetic_demo,A-WAN-2,UP,1000.0,419.0416,418.66,0.0,20.45,1.7033,0.079,0,UP,4.0,0.0,48,48,129,-62.2,15.401,4.744,0,1,0,31,0,321.0,0.0,0,0,MAINS,MAINS,1,0,46.58,92.0,47.9136,48.2724,-4.0,3.68567,3.68567,3.71327,3.71327,0.0,23.0,1105.786,,50.81,,CHARGE,0.0,0,,SYNTHETIC,0
doe-007,0,175,2026-09-03T09:02:55Z,2026-09-03T09:02:56Z,2026-09-03T09:02:55Z,2026-09-03T09:02:56Z,site_b,SIM,synthetic_demo,B-WAN-1,UP,1000.0,66.2136,66.12,0.0,21.72,0.2875,0.072,0,UP,4.0,0.0,6,6,25,-62.0,16.994,5.703,1,0,0,32,0,45.0,0.0,0,0,,,,,,,,,,,,,,,,,,,,,0.0,0,,SYNTHETIC,0
doe-007,0,176,2026-09-03T09:02:56Z,2026-09-03T09:02:57Z,2026-09-03T09:02:56Z,2026-09-03T09:02:57Z,site_a,SIM,synthetic_demo,A-WAN-2,UP,1000.0,513.4996,513.15,0.0,21.26,2.2781,0.128,0,UP,4.0,0.0,48,48,146,-61.7,16.323,5.01,2,5,0,31,0,285.0,0.0,0,0,MAINS,MAINS,1,0,46.67,92.0,47.9138,48.2726,-4.0,3.68568,3.68568,3.71328,3.71328,0.0,23.1,1088.566,,51.617,,CHARGE,0.0,0,,SYNTHETIC,0
doe-007,0,176,2026-09-03T09:02:56Z,2026-09-03T09:02:57Z,2026-09-03T09:02:56Z,2026-09-03T09:02:57Z,site_b,SIM,synthetic_demo,B-WAN-1,UP,1000.0,66.6982,67.87,0.0,22.29,1.5913,0.094,0,UP,4.0,0.0,6,6,35,-62.2,20.985,5.592,0,0,0,32,0,76.0,0.0,0,0,,,,,,,,,,,,,,,,,,,,,0.0,0,,SYNTHETIC,0
doe-007,0,177,2026-09-03T09:02:57Z,2026-09-03T09:02:58Z,2026-09-03T09:02:57Z,2026-09-03T09:02:58Z,site_a,SIM,synthetic_demo,A-WAN-2,UP,1000.0,449.1393,448.96,0.0,19.23,0.2232,0.131,0,UP,4.0,0.0,48,48,51,-62.8,13.077,3.97,0,5,0,31,0,308.0,0.0,0,0,MAINS,MAINS,1,0,46.55,92.0,47.9139,48.2727,-4.0,3.68568,3.68568,3.71328,3.71328,0.0,23.1,1072.24,,52.406,,CHARGE,0.0,0,,SYNTHETIC,0
doe-007,0,177,2026-09-03T09:02:57Z,2026-09-03T09:02:58Z,2026-09-03T09:02:57Z,2026-09-03T09:02:58Z,site_b,SIM,synthetic_demo,B-WAN-1,UP,1000.0,64.4814,64.5,0.0,21.81,1.5139,0.114,0,UP,4.0,0.0,6,6,24,-60.6,16.106,5.345,0,0,0,32,0,76.0,0.0,0,0,,,,,,,,,,,,,,,,,,,,,0.0,0,,SYNTHETIC,0
doe-007,0,178,2026-09-03T09:02:58Z,2026-09-03T09:02:59Z,2026-09-03T09:02:58Z,2026-09-03T09:02:59Z,site_a,SIM,synthetic_demo,A-WAN-2,UP,1000.0,481.6003,481.61,0.0,23.4,4.5696,0.12,0,UP,4.0,0.0,48,48,196,-61.0,17.301,5.207,1,3,0,31,0,253.0,0.0,0,0,MAINS,MAINS,1,0,46.53,92.0,47.914,48.2728,-4.0,3.68569,3.68569,3.71329,3.71329,0.0,23.1,1106.038,,50.807,,CHARGE,0.0,0,,SYNTHETIC,0
doe-007,0,178,2026-09-03T09:02:58Z,2026-09-03T09:02:59Z,2026-09-03T09:02:58Z,2026-09-03T09:02:59Z,site_b,SIM,synthetic_demo,B-WAN-1,UP,1000.0,72.5246,71.82,0.0,21.54,0.8339,0.115,0,UP,4.0,0.0,6,6,43,-63.5,20.134,6.417,0,0,0,32,0,63.0,0.0,0,0,,,,,,,,,,,,,,,,,,,,,0.0,0,,SYNTHETIC,0
doe-007,0,179,2026-09-03T09:02:59Z,2026-09-03T09:03:00Z,2026-09-03T09:02:59Z,2026-09-03T09:03:00Z,site_a,SIM,synthetic_demo,A-WAN-2,UP,1000.0,426.1249,426.67,0.0,21.36,1.6758,0.108,0,UP,4.0,0.0,48,48,175,-62.9,17.026,5.037,0,1,0,31,0,411.0,0.0,0,0,MAINS,MAINS,1,0,46.67,92.0,47.9142,48.273,-4.0,3.6857,3.6857,3.7133,3.7133,0.0,23.0,1083.695,,51.857,,CHARGE,0.0,0,,SYNTHETIC,0
doe-007,0,179,2026-09-03T09:02:59Z,2026-09-03T09:03:00Z,2026-09-03T09:02:59Z,2026-09-03T09:03:00Z,site_b,SIM,synthetic_demo,B-WAN-1,UP,1000.0,65.3365,64.37,0.0,22.92,1.9549,0.108,0,UP,4.0,0.0,6,6,54,-60.3,24.209,6.849,0,2,0,32,0,45.0,0.0,0,0,,,,,,,,,,,,,,,,,,,,,0.0,0,,SYNTHETIC,0
doe-007,0,180,2026-09-03T09:03:00Z,2026-09-03T09:03:01Z,2026-09-03T09:03:00Z,2026-09-03T09:03:01Z,site_a,SIM,synthetic_demo,A-WAN-2,UP,1000.0,433.2142,432.82,0.0,18.96,0.1258,0.12,0,UP,4.0,0.0,48,48,202,-62.9,17.942,5.319,1,1,0,31,0,333.0,0.0,0,0,MAINS,MAINS,1,0,46.55,92.0,47.9143,48.2731,-4.0,3.68571,3.68571,3.71331,3.71331,0.0,23.1,1099.54,,51.112,,CHARGE,0.0,0,,SYNTHETIC,0
doe-007,0,180,2026-09-03T09:03:00Z,2026-09-03T09:03:01Z,2026-09-03T09:03:00Z,2026-09-03T09:03:01Z,site_b,SIM,synthetic_demo,B-WAN-1,UP,1000.0,55.5258,54.87,0.0,23.47,2.4012,0.052,0,UP,4.0,0.0,6,6,49,-60.0,23.652,7.163,0,0,0,32,0,49.0,0.0,0,0,,,,,,,,,,,,,,,,,,,,,0.0,0,,SYNTHETIC,0
doe-007,0,181,2026-09-03T09:03:01Z,2026-09-03T09:03:02Z,2026-09-03T09:03:01Z,2026-09-03T09:03:02Z,site_a,SIM,synthetic_demo,A-WAN-2,UP,1000.0,519.7603,519.95,0.0,18.89,1.0506,0.109,0,UP,4.0,0.0,48,48,216,-62.4,17.911,5.515,0,1,0,31,0,240.0,0.0,0,0,MAINS,MAINS,1,0,46.64,92.0,47.9144,48.2732,-4.0,3.68572,3.68572,3.71332,3.71332,0.0,23.1,1096.97,,51.235,,CHARGE,0.0,0,,SYNTHETIC,0
doe-007,0,181,2026-09-03T09:03:01Z,2026-09-03T09:03:02Z,2026-09-03T09:03:01Z,2026-09-03T09:03:02Z,site_b,SIM,synthetic_demo,B-WAN-1,UP,1000.0,85.1379,86.15,0.0,22.55,1.5465,0.068,0,UP,4.0,0.0,6,6,34,-60.5,18.105,5.609,0,0,0,32,0,64.0,0.0,0,0,,,,,,,,,,,,,,,,,,,,,0.0,0,,SYNTHETIC,0
doe-007,0,182,2026-09-03T09:03:02Z,2026-09-03T09:03:03Z,2026-09-03T09:03:02Z,2026-09-03T09:03:03Z,site_a,SIM,synthetic_demo,A-WAN-2,UP,1000.0,461.5655,462.32,0.0,19.83,1.0707,0.121,0,UP,4.0,0.0,48,48,211,-61.3,17.896,5.353,1,1,0,31,0,440.0,0.0,0,0,MAINS,MAINS,1,0,46.62,92.0,47.9145,48.2733,-4.0,3.68573,3.68573,3.71333,3.71333,0.0,23.3,1085.903,,51.76,,CHARGE,0.0,0,,SYNTHETIC,0
doe-007,0,182,2026-09-03T09:03:02Z,2026-09-03T09:03:03Z,2026-09-03T09:03:02Z,2026-09-03T09:03:03Z,site_b,SIM,synthetic_demo,B-WAN-1,UP,1000.0,70.1281,70.86,0.0,21.58,0.1375,0.063,0,UP,4.0,0.0,6,6,37,-62.4,20.554,6.147,0,0,0,32,0,60.0,0.0,0,0,,,,,,,,,,,,,,,,,,,,,0.0,0,,SYNTHETIC,0
doe-007,0,183,2026-09-03T09:03:03Z,2026-09-03T09:03:04Z,2026-09-03T09:03:03Z,2026-09-03T09:03:04Z,site_a,SIM,synthetic_demo,A-WAN-2,UP,1000.0,420.4578,419.29,0.0,22.08,3.1181,0.124,0,UP,4.0,0.0,48,48,336,-62.0,22.002,6.452,1,3,0,31,0,219.0,0.0,0,0,MAINS,MAINS,1,0,46.6,92.0,47.9147,48.2735,-4.0,3.68574,3.68574,3.71334,3.71334,0.0,23.1,1082.443,,51.928,,CHARGE,0.0,0,,SYNTHETIC,0
doe-007,0,183,2026-09-03T09:03:03Z,2026-09-03T09:03:04Z,2026-09-03T09:03:03Z,2026-09-03T09:03:04Z,site_b,SIM,synthetic_demo,B-WAN-1,UP,1000.0,63.8574,64.18,0.0,21.83,1.1403,0.129,0,UP,4.0,0.0,6,6,57,-62.7,25.562,7.465,0,0,0,32,0,35.0,0.0,0,0,,,,,,,,,,,,,,,,,,,,,0.0,0,,SYNTHETIC,0
doe-007,0,184,2026-09-03T09:03:04Z,2026-09-03T09:03:05Z,2026-09-03T09:03:04Z,2026-09-03T09:03:05Z,site_a,SIM,synthetic_demo,A-WAN-2,UP,1000.0,417.1144,416.62,0.0,19.14,0.2555,0.121,0,UP,4.0,0.0,48,48,253,-62.4,20.382,6.017,0,2,0,31,0,415.0,0.0,0,0,MAINS,MAINS,1,0,46.55,92.0,47.9148,48.2736,-4.0,3.68575,3.68575,3.71335,3.71335,0.0,23.2,1099.438,,51.128,,CHARGE,0.0,0,,SYNTHETIC,0
doe-007,0,184,2026-09-03T09:03:04Z,2026-09-03T09:03:05Z,2026-09-03T09:03:04Z,2026-09-03T09:03:05Z,site_a,SIM,synthetic_demo,A-WAN-2,UP,1000.0,417.1144,416.62,0.0,19.14,0.2555,0.121,0,UP,4.0,0.0,48,48,253,-62.4,20.382,6.017,0,2,0,31,0,415.0,0.0,0,0,MAINS,MAINS,1,0,46.55,92.0,47.9148,48.2736,-4.0,3.68575,3.68575,3.71335,3.71335,0.0,23.2,1099.438,,51.128,,CHARGE,0.0,0,,SYNTHETIC|DUPLICATE,0
doe-007,0,184,2026-09-03T09:03:04Z,2026-09-03T09:03:05Z,2026-09-03T09:03:04Z,2026-09-03T09:03:05Z,site_b,SIM,synthetic_demo,B-WAN-1,UP,1000.0,63.4276,64.09,0.0,22.19,1.2068,0.094,0,UP,4.0,0.0,6,6,60,-61.4,26.732,7.756,0,1,0,32,0,35.0,0.0,0,0,,,,,,,,,,,,,,,,,,,,,0.0,0,,SYNTHETIC,0
doe-007,0,185,2026-09-03T09:03:05Z,2026-09-03T09:03:06Z,2026-09-03T09:03:05Z,2026-09-03T09:03:06Z,site_a,SIM,synthetic_demo,A-WAN-2,UP,1000.0,447.6298,447.97,0.0,19.22,0.3841,0.127,0,UP,4.0,0.0,48,48,241,-62.0,18.909,5.714,0,2,0,31,0,358.0,0.0,0,0,MAINS,MAINS,1,0,46.56,92.0,47.9149,48.2737,-4.0,3.68576,3.68576,3.71336,3.71336,0.0,22.9,1092.929,,51.435,,CHARGE,0.0,0,,SYNTHETIC,0
doe-007,0,185,2026-09-03T09:03:05Z,2026-09-03T09:03:06Z,2026-09-03T09:03:05Z,2026-09-03T09:03:06Z,site_b,SIM,synthetic_demo,B-WAN-1,UP,1000.0,67.565,67.58,0.0,20.61,0.0053,0.109,0,UP,4.0,0.0,6,6,15,-59.5,16.026,4.692,1,0,0,32,0,69.0,0.0,0,0,,,,,,,,,,,,,,,,,,,,,0.0,0,,SYNTHETIC,0
doe-007,0,186,2026-09-03T09:03:06Z,2026-09-03T09:03:07Z,2026-09-03T09:03:06Z,2026-09-03T09:03:07Z,site_a,SIM,synthetic_demo,A-WAN-2,UP,1000.0,430.0772,429.47,0.0,19.0,0.3135,0.122,0,UP,4.0,0.0,48,48,289,-62.7,20.577,6.337,2,5,0,31,0,350.0,0.0,0,0,MAINS,MAINS,1,0,46.69,92.0,47.9151,48.2739,-4.0,3.68577,3.68577,3.71337,3.71337,0.0,23.0,1088.63,,51.641,,CHARGE,0.0,0,,SYNTHETIC,0
doe-007,0,186,2026-09-03T09:03:06Z,2026-09-03T09:03:07Z,2026-09-03T09:03:06Z,2026-09-03T09:03:07Z,site_b,SIM,synthetic_demo,B-WAN-1,UP,1000.0,65.8947,66.89,0.0,22.29,0.5414,0.095,0,UP,4.0,0.0,6,6,33,-63.6,20.232,5.623,0,0,0,32,0,24.0,0.0,0,0,,,,,,,,,,,,,,,,,,,,,0.0,0,,SYNTHETIC,0
doe-007,0,187,2026-09-03T09:03:07Z,2026-09-03T09:03:08Z,2026-09-03T09:03:07Z,2026-09-03T09:03:08Z,site_a,SIM,synthetic_demo,A-WAN-2,UP,1000.0,441.2197,440.3,0.0,20.08,0.7805,0.076,0,UP,4.0,0.0,48,48,259,-61.6,19.196,5.84,3,2,0,31,0,409.0,0.0,0,0,MAINS,MAINS,1,0,46.58,92.0,47.9152,48.274,-4.0,3.68578,3.68578,3.71338,3.71338,0.0,23.1,1096.936,,51.252,,CHARGE,0.0,0,,SYNTHETIC,0
doe-007,0,187,2026-09-03T09:03:07Z,2026-09-03T09:03:08Z,2026-09-03T09:03:07Z,2026-09-03T09:03:08Z,site_b,SIM,synthetic_demo,B-WAN-1,UP,1000.0,94.6432,94.55,0.0,21.3,0.2788,0.111,0,UP,4.0,0.0,6,6,21,-62.5,15.929,4.663,0,0,0,32,0,54.0,0.0,0,0,,,,,,,,,,,,,,,,,,,,,0.0,0,,SYNTHETIC,0
doe-007,0,188,2026-09-03T09:03:08Z,2026-09-03T09:03:09Z,2026-09-03T09:03:08Z,2026-09-03T09:03:09Z,site_a,SIM,synthetic_demo,A-WAN-2,UP,1000.0,412.568,413.36,0.0,20.48,0.9593,0.076,0,UP,4.0,0.0,48,48,205,-61.5,17.647,5.416,1,2,0,31,0,362.0,0.0,0,0,MAINS,MAINS,1,0,46.69,92.0,47.9153,48.2741,-4.0,3.68579,3.68579,3.71339,3.71339,0.0,23.1,1078.417,,52.135,,CHARGE,0.0,0,,SYNTHETIC,0
doe-007,0,188,2026-09-03T09:03:08Z,2026-09-03T09:03:09Z,2026-09-03T09:03:08Z,2026-09-03T09:03:09Z,site_b,SIM,synthetic_demo,B-WAN-1,UP,1000.0,78.2878,78.43,0.0,23.41,2.65,0.105,0,UP,4.0,0.0,6,6,49,-61.2,25.972,7.069,0,1,0,32,0,43.0,0.0,0,0,,,,,,,,,,,,,,,,,,,,,0.0,0,,SYNTHETIC,0
doe-007,0,189,2026-09-03T09:03:09Z,2026-09-03T09:03:10Z,2026-09-03T09:03:09Z,2026-09-03T09:03:10Z,site_a,SIM,synthetic_demo,A-WAN-2,UP,1000.0,464.2488,464.7,0.0,20.35,1.2728,0.119,0,UP,4.0,0.0,48,48,173,-62.6,17.768,4.95,0,3,0,31,0,322.0,0.0,0,0,MAINS,MAINS,1,0,46.55,92.0,47.9154,48.2742,-4.0,3.6858,3.6858,3.7134,3.7134,0.0,23.1,1092.233,,51.478,,CHARGE,0.0,0,,SYNTHETIC,0
doe-007,0,189,2026-09-03T09:03:09Z,2026-09-03T09:03:10Z,2026-09-03T09:03:09Z,2026-09-03T09:03:10Z,site_b,SIM,synthetic_demo,B-WAN-1,UP,1000.0,91.823,91.93,0.0,21.51,0.1573,0.082,0,UP,4.0,0.0,6,6,58,-60.2,24.195,7.518,0,0,0,32,0,51.0,0.0,0,0,,,,,,,,,,,,,,,,,,,,,0.0,0,,SYNTHETIC,0
doe-007,0,190,2026-09-03T09:03:10Z,2026-09-03T09:03:11Z,2026-09-03T09:03:10Z,2026-09-03T09:03:11Z,site_a,SIM,synthetic_demo,A-WAN-2,UP,1000.0,440.1414,,0.0,20.87,1.8171,0.104,0,UP,4.0,0.0,48,48,114,-62.1,15.554,4.509,0,1,0,31,0,413.0,0.0,0,0,MAINS,MAINS,1,0,46.64,92.0,47.9156,48.2744,-4.0,3.68581,3.68581,3.71341,3.71341,0.0,23.1,1085.571,,51.797,,CHARGE,0.0,0,,SYNTHETIC|GAP|MISSING_MCAR,0
doe-007,0,190,2026-09-03T09:03:10Z,2026-09-03T09:03:11Z,2026-09-03T09:03:10Z,2026-09-03T09:03:11Z,site_b,SIM,synthetic_demo,B-WAN-1,UP,1000.0,63.1084,63.31,0.0,24.78,3.3205,0.113,0,UP,4.0,0.0,6,6,34,-63.4,20.79,5.765,0,1,0,32,0,64.0,0.0,0,0,,,,,,,,,,,,,,,,,,,,,0.0,0,,SYNTHETIC,0
doe-007,0,191,2026-09-03T09:03:11Z,2026-09-03T09:03:12Z,2026-09-03T09:03:11Z,2026-09-03T09:03:12Z,site_a,SIM,synthetic_demo,A-WAN-2,UP,1000.0,491.4333,490.95,0.0,20.02,1.3611,0.106,0,UP,4.0,0.0,48,48,186,-61.1,16.684,5.143,1,1,0,31,0,417.0,0.0,0,0,MAINS,MAINS,1,0,46.59,92.0,47.9157,48.2745,-4.0,3.68582,3.68582,3.71342,3.71342,0.0,23.1,1089.729,,51.602,,CHARGE,0.0,0,,SYNTHETIC,0
doe-007,0,191,2026-09-03T09:03:11Z,2026-09-03T09:03:12Z,2026-09-03T09:03:11Z,2026-09-03T09:03:12Z,site_b,SIM,synthetic_demo,B-WAN-1,UP,1000.0,70.0471,69.92,0.0,21.84,0.7274,0.085,0,UP,4.0,0.0,6,6,47,-62.5,21.669,6.78,1,0,0,32,0,58.0,0.0,0,0,,,,,,,,,,,,,,,,,,,,,0.0,0,,SYNTHETIC,0
doe-007,0,192,2026-09-03T09:03:12Z,2026-09-03T09:03:13Z,2026-09-03T09:03:12Z,2026-09-03T09:03:13Z,site_a,SIM,synthetic_demo,A-WAN-2,UP,1000.0,480.7148,480.05,0.0,20.24,1.5225,0.08,0,UP,4.0,0.0,48,48,197,-63.7,17.363,5.535,0,2,0,31,0,384.0,0.0,0,0,MAINS,MAINS,1,0,46.62,92.0,47.9158,48.2746,-4.0,3.68583,3.68583,3.71343,3.71343,0.0,23.0,1087.416,,51.715,,CHARGE,0.0,0,,SYNTHETIC,0
doe-007,0,192,2026-09-03T09:03:12Z,2026-09-03T09:03:13Z,2026-09-03T09:03:12Z,2026-09-03T09:03:13Z,site_b,SIM,synthetic_demo,B-WAN-1,UP,1000.0,73.832,74.53,0.0,21.35,0.1146,0.096,0,UP,4.0,0.0,6,6,65,-62.9,26.806,8.393,0,1,0,32,0,49.0,0.0,0,0,,,,,,,,,,,,,,,,,,,,,0.0,0,,SYNTHETIC,0
doe-007,0,193,2026-09-03T09:03:13Z,2026-09-03T09:03:14Z,2026-09-03T09:03:13Z,2026-09-03T09:03:14Z,site_a,SIM,synthetic_demo,A-WAN-2,UP,1000.0,514.7786,515.09,0.0,20.98,2.5682,0.114,0,UP,4.0,0.0,48,48,266,-62.2,19.043,5.942,2,1,0,31,0,438.0,0.0,0,0,MAINS,MAINS,1,0,46.56,92.0,47.916,48.2748,-4.0,3.68584,3.68584,3.71344,3.71344,0.0,23.0,1083.869,,51.887,,CHARGE,0.0,0,,SYNTHETIC,0
doe-007,0,193,2026-09-03T09:03:13Z,2026-09-03T09:03:14Z,2026-09-03T09:03:13Z,2026-09-03T09:03:14Z,site_b,SIM,synthetic_demo,B-WAN-1,UP,1000.0,65.6062,66.27,0.0,24.54,3.6247,0.043,0,UP,4.0,0.0,6,6,60,-61.0,26.479,7.84,0,2,0,32,0,62.0,0.0,0,0,,,,,,,,,,,,,,,,,,,,,0.0,0,,SYNTHETIC,0
doe-007,0,194,2026-09-03T09:03:14Z,2026-09-03T09:03:15Z,2026-09-03T09:03:14Z,2026-09-03T09:03:15Z,site_a,SIM,synthetic_demo,A-WAN-2,UP,1000.0,647.8398,647.99,0.0,22.64,3.0857,0.123,0,UP,4.0,0.0,48,48,127,-61.1,15.951,4.536,0,3,0,31,0,497.0,0.0,0,0,MAINS,MAINS,1,0,46.72,92.0,47.9161,48.2749,-4.0,3.68585,3.68585,3.71345,3.71345,0.0,23.1,1105.558,,50.871,,CHARGE,0.0,0,,SYNTHETIC,0
doe-007,0,194,2026-09-03T09:03:14Z,2026-09-03T09:03:15Z,2026-09-03T09:03:14Z,2026-09-03T09:03:15Z,site_b,SIM,synthetic_demo,B-WAN-1,UP,1000.0,101.2987,101.84,0.0,24.01,2.1451,0.084,0,UP,4.0,0.0,6,6,43,-61.1,20.392,6.444,0,0,0,32,0,35.0,0.0,0,0,,,,,,,,,,,,,,,,,,,,,0.0,0,,SYNTHETIC,0
doe-007,0,194,2026-09-03T09:03:14Z,2026-09-03T09:03:15Z,2026-09-03T09:03:14Z,2026-09-03T09:03:15Z,site_b,SIM,synthetic_demo,B-WAN-1,UP,1000.0,101.2987,101.84,0.0,24.01,2.1451,0.084,0,UP,4.0,0.0,6,6,43,-61.1,20.392,6.444,0,0,0,32,0,35.0,0.0,0,0,,,,,,,,,,,,,,,,,,,,,0.0,0,,SYNTHETIC|DUPLICATE,0
doe-007,0,195,2026-09-03T09:03:15Z,2026-09-03T09:03:16Z,2026-09-03T09:03:15Z,2026-09-03T09:03:16Z,site_a,SIM,synthetic_demo,A-WAN-2,UP,1000.0,497.3589,497.06,0.0,22.51,3.9406,0.087,0,UP,4.0,0.0,48,48,314,-61.0,20.981,6.631,0,1,0,31,0,388.0,0.0,0,0,MAINS,MAINS,1,0,46.74,92.0,47.9162,48.275,-4.0,3.68586,3.68586,3.71346,3.71346,0.0,23.0,1098.24,,51.213,,CHARGE,0.0,0,,SYNTHETIC,0
doe-007,0,195,2026-09-03T09:03:15Z,2026-09-03T09:03:16Z,2026-09-03T09:03:15Z,2026-09-03T09:03:16Z,site_b,SIM,synthetic_demo,B-WAN-1,UP,1000.0,73.6266,72.95,0.0,23.11,1.7716,0.083,0,UP,4.0,0.0,6,6,45,-63.5,23.06,6.49,0,0,0,32,0,52.0,0.0,0,0,,,,,,,,,,,,,,,,,,,,,0.0,0,,SYNTHETIC,0
doe-007,0,196,2026-09-03T09:03:16Z,2026-09-03T09:03:17Z,2026-09-03T09:03:16Z,2026-09-03T09:03:17Z,site_a,SIM,synthetic_demo,A-WAN-2,UP,1000.0,496.1813,495.65,0.0,20.03,1.5484,0.117,0,UP,4.0,0.0,48,48,158,-61.4,17.131,4.725,0,5,0,31,0,509.0,0.0,0,0,MAINS,MAINS,1,0,46.67,92.0,47.9164,48.2752,-4.0,3.68587,3.68587,3.71347,3.71347,0.0,23.0,1091.41,,51.536,,CHARGE,0.0,0,,SYNTHETIC,0
doe-007,0,196,2026-09-03T09:03:16Z,2026-09-03T09:03:17Z,2026-09-03T09:03:16Z,2026-09-03T09:03:17Z,site_b,SIM,synthetic_demo,B-WAN-1,UP,1000.0,75.7954,76.7,0.0,22.04,0.4019,0.076,0,UP,4.0,0.0,6,6,48,-59.9,22.229,6.763,0,0,0,32,0,64.0,0.0,0,0,,,,,,,,,,,,,,,,,,,,,0.0,0,,SYNTHETIC,0
doe-007,0,197,2026-09-03T09:03:17Z,2026-09-03T09:03:18Z,2026-09-03T09:03:17Z,2026-09-03T09:03:18Z,site_a,SIM,synthetic_demo,A-WAN-2,UP,1000.0,494.5126,493.34,0.0,19.81,0.7035,0.094,0,UP,4.0,0.0,48,48,63,-62.9,13.448,4.176,2,1,0,31,0,330.0,0.0,0,0,MAINS,MAINS,1,0,46.61,92.0,47.9165,48.2753,-4.0,3.68588,3.68588,3.71348,3.71348,0.0,23.0,1081.464,,52.013,,CHARGE,0.0,0,,SYNTHETIC,0
doe-007,0,197,2026-09-03T09:03:17Z,2026-09-03T09:03:18Z,2026-09-03T09:03:17Z,2026-09-03T09:03:18Z,site_b,SIM,synthetic_demo,B-WAN-1,UP,1000.0,75.5066,75.55,0.0,23.1,1.8474,0.11,0,UP,4.0,0.0,6,6,31,-61.7,18.383,5.664,0,0,0,32,0,55.0,0.0,0,0,,,,,,,,,,,,,,,,,,,,,0.0,0,,SYNTHETIC,0
doe-007,0,198,2026-09-03T09:03:18Z,2026-09-03T09:03:19Z,2026-09-03T09:03:18Z,2026-09-03T09:03:19Z,site_a,SIM,synthetic_demo,A-WAN-2,UP,1000.0,485.4682,487.12,0.0,18.89,0.5822,0.118,0,UP,4.0,0.0,48,48,101,-62.1,14.748,4.296,0,1,0,31,0,487.0,0.0,0,0,MAINS,MAINS,1,0,46.71,92.0,47.9166,48.2754,-4.0,3.68589,3.68589,3.71349,3.71349,0.0,23.1,1099.957,,51.141,,CHARGE,0.0,0,,SYNTHETIC,0
doe-007,0,198,2026-09-03T09:03:18Z,2026-09-03T09:03:19Z,2026-09-03T09:03:18Z,2026-09-03T09:03:19Z,site_b,SIM,synthetic_demo,B-WAN-1,UP,1000.0,85.6248,85.3,0.0,22.36,1.6254,0.11,0,UP,4.0,0.0,6,6,53,-61.4,23.833,7.743,0,0,0,32,0,63.0,0.0,0,0,,,,,,,,,,,,,,,,,,,,,0.0,0,,SYNTHETIC,0
doe-007,0,199,2026-09-03T09:03:19Z,2026-09-03T09:03:20Z,2026-09-03T09:03:19Z,2026-09-03T09:03:20Z,site_a,SIM,synthetic_demo,A-WAN-2,UP,1000.0,466.2322,466.24,0.0,19.1,0.547,13.282,0,UP,4.0,0.0,48,48,117,-62.3,16.384,4.581,0,2,0,31,0,369.0,0.0,0,0,MAINS,MAINS,1,0,46.71,92.0,47.9167,48.2755,-4.0,3.6859,3.6859,3.7135,3.7135,0.0,23.2,1102.039,,51.047,,CHARGE,0.15,0,,SYNTHETIC,0
doe-007,0,199,2026-09-03T09:03:19Z,2026-09-03T09:03:20Z,2026-09-03T09:03:19Z,2026-09-03T09:03:20Z,site_b,SIM,synthetic_demo,B-WAN-1,UP,1000.0,72.0283,73.49,0.0,22.97,2.1815,0.092,0,UP,4.0,0.0,6,6,51,-63.3,25.122,7.32,0,0,0,32,0,48.0,0.0,0,0,,,,,,,,,,,,,,,,,,,,,0.0,0,,SYNTHETIC,0
doe-007,0,200,2026-09-03T09:03:20Z,2026-09-03T09:03:21Z,2026-09-03T09:03:20Z,2026-09-03T09:03:21Z,site_a,SIM,synthetic_demo,A-WAN-2,UP,1000.0,465.2792,464.87,0.0,19.8,0.3507,13.247,0,UP,4.0,0.0,48,48,128,-62.6,15.068,4.472,1,2,0,31,0,371.0,0.0,0,0,MAINS,MAINS,1,0,46.64,92.0,47.9169,48.2757,-4.0,3.68591,3.68591,3.71351,3.71351,0.0,23.2,1090.602,,51.585,,CHARGE,0.15,0,,SYNTHETIC,0
doe-007,0,200,2026-09-03T09:03:20Z,2026-09-03T09:03:21Z,2026-09-03T09:03:20Z,2026-09-03T09:03:21Z,site_b,SIM,synthetic_demo,B-WAN-1,UP,1000.0,93.007,93.45,0.0,23.25,2.0727,0.118,0,UP,4.0,0.0,6,6,42,-62.9,21.515,6.766,0,0,0,32,0,57.0,0.0,0,0,,,,,,,,,,,,,,,,,,,,,0.0,0,,SYNTHETIC,0
doe-007,0,201,2026-09-03T09:03:21Z,2026-09-03T09:03:22Z,2026-09-03T09:03:21Z,2026-09-03T09:03:22Z,site_a,SIM,synthetic_demo,A-WAN-2,UP,1000.0,468.9471,468.93,0.0,20.9,1.8845,13.302,0,UP,4.0,0.0,48,48,135,-61.9,16.211,4.58,0,1,0,31,0,477.0,0.0,0,0,MAINS,MAINS,1,0,46.58,92.0,47.917,48.2758,-4.0,3.68592,3.68592,3.71352,3.71352,0.0,23.2,1094.787,,51.391,,CHARGE,0.15,0,,SYNTHETIC,0
doe-007,0,201,2026-09-03T09:03:21Z,2026-09-03T09:03:22Z,2026-09-03T09:03:21Z,2026-09-03T09:03:22Z,site_b,SIM,synthetic_demo,B-WAN-1,UP,1000.0,69.7415,69.79,0.0,22.73,1.6276,0.099,0,UP,4.0,0.0,6,6,85,-58.9,30.568,9.063,1,0,0,32,0,47.0,0.0,0,0,,,,,,,,,,,,,,,,,,,,,0.0,0,,SYNTHETIC,0
doe-007,0,202,2026-09-03T09:03:22Z,2026-09-03T09:03:23Z,2026-09-03T09:03:22Z,2026-09-03T09:03:23Z,site_a,SIM,synthetic_demo,A-WAN-2,UP,1000.0,512.4479,512.07,0.0,19.96,0.9245,13.388,0,UP,4.0,0.0,48,48,214,-62.9,18.477,5.595,0,2,0,31,0,472.0,0.0,0,0,MAINS,MAINS,1,0,46.62,92.0,47.9171,48.2759,-4.0,3.68593,3.68593,3.71353,3.71353,0.0,23.2,1088.716,,51.68,,CHARGE,0.15,0,,SYNTHETIC,0
doe-007,0,202,2026-09-03T09:03:22Z,2026-09-03T09:03:23Z,2026-09-03T09:03:22Z,2026-09-03T09:03:23Z,site_b,SIM,synthetic_demo,B-WAN-1,UP,1000.0,93.7521,93.34,0.0,22.84,1.4613,0.095,0,UP,4.0,0.0,6,6,66,-60.8,28.011,7.971,0,0,0,32,0,56.0,0.0,0,0,,,,,,,,,,,,,,,,,,,,,0.0,0,,SYNTHETIC,0
doe-007,0,203,2026-09-03T09:03:23Z,2026-09-03T09:03:24Z,2026-09-03T09:03:23Z,2026-09-03T09:03:24Z,site_a,SIM,synthetic_demo,A-WAN-2,UP,1000.0,458.9654,458.66,0.0,20.39,1.5479,13.275,0,UP,4.0,0.0,48,48,174,-62.1,17.842,4.971,0,2,0,31,0,348.0,0.0,0,0,MAINS,MAINS,1,0,46.69,92.0,47.9173,48.2761,-4.0,3.68594,3.68594,3.71354,3.71354,0.0,23.1,1081.771,,52.014,,CHARGE,0.15,0,,SYNTHETIC,0
doe-007,0,203,2026-09-03T09:03:23Z,2026-09-03T09:03:24Z,2026-09-03T09:03:23Z,2026-09-03T09:03:24Z,site_b,SIM,synthetic_demo,B-WAN-1,UP,1000.0,101.6013,101.51,0.0,22.48,1.0919,0.101,0,UP,4.0,0.0,6,6,50,-61.5,23.698,7.423,1,0,0,32,0,47.0,0.0,0,0,,,,,,,,,,,,,,,,,,,,,0.0,0,,SYNTHETIC,0
doe-007,0,204,2026-09-03T09:03:24Z,2026-09-03T09:03:25Z,2026-09-03T09:03:24Z,2026-09-03T09:03:25Z,site_a,SIM,synthetic_demo,A-WAN-2,UP,1000.0,501.0174,500.91,0.0,20.93,2.0267,13.385,0,UP,4.0,0.0,48,48,298,-61.9,20.627,6.257,1,4,0,31,0,273.0,0.0,0,0,MAINS,MAINS,1,0,,92.0,47.9174,48.2762,-4.0,3.68595,3.68595,3.71355,3.71355,0.0,23.2,1088.541,,51.693,,CHARGE,0.15,0,,SYNTHETIC|GAP|MISSING_MAR,0
doe-007,0,204,2026-09-03T09:03:24Z,2026-09-03T09:03:25Z,2026-09-03T09:03:24Z,2026-09-03T09:03:25Z,site_b,SIM,synthetic_demo,B-WAN-1,UP,1000.0,76.5581,76.68,0.0,24.15,2.8115,0.102,0,UP,4.0,0.0,6,6,25,-62.3,18.267,5.23,0,0,0,32,0,50.0,0.0,0,0,,,,,,,,,,,,,,,,,,,,,0.0,0,,SYNTHETIC,0
doe-007,0,205,2026-09-03T09:03:25Z,2026-09-03T09:03:26Z,2026-09-03T09:03:25Z,2026-09-03T09:03:26Z,site_a,SIM,synthetic_demo,A-WAN-2,UP,1000.0,454.0774,454.56,0.0,19.69,1.4633,13.255,0,UP,4.0,0.0,48,48,291,-61.7,19.964,6.242,1,1,0,31,0,507.0,0.0,0,0,MAINS,MAINS,1,0,46.69,92.0,47.9175,48.2763,-4.0,3.68596,3.68596,3.71356,3.71356,0.0,23.1,1093.35,,51.469,,CHARGE,0.15,0,,SYNTHETIC,0
doe-007,0,205,2026-09-03T09:03:25Z,2026-09-03T09:03:26Z,2026-09-03T09:03:25Z,2026-09-03T09:03:26Z,site_b,SIM,synthetic_demo,B-WAN-1,UP,1000.0,71.3074,72.64,0.0,22.57,1.3701,0.095,0,UP,4.0,0.0,6,6,39,-62.7,20.482,6.708,0,0,0,32,0,58.0,0.0,0,0,,,,,,,,,,,,,,,,,,,,,0.0,0,,SYNTHETIC,0
doe-007,0,206,2026-09-03T09:03:26Z,2026-09-03T09:03:27Z,2026-09-03T09:03:26Z,2026-09-03T09:03:27Z,site_a,SIM,synthetic_demo,A-WAN-2,UP,1000.0,563.2127,563.5,0.0,19.25,0.3962,0.115,0,UP,4.0,0.0,48,48,201,-62.6,18.413,5.499,2,3,0,31,0,416.0,0.0,0,0,MAINS,MAINS,1,0,46.72,92.0,47.9176,48.2764,-4.0,3.68597,3.68597,3.71357,3.71357,0.0,23.1,1093.869,,51.447,,CHARGE,0.0,0,,SYNTHETIC,0
doe-007,0,206,2026-09-03T09:03:26Z,2026-09-03T09:03:27Z,2026-09-03T09:03:26Z,2026-09-03T09:03:27Z,site_b,SIM,synthetic_demo,B-WAN-1,UP,1000.0,87.541,86.98,0.0,23.37,2.0088,0.148,0,UP,4.0,0.0,6,6,54,-62.9,24.903,8.136,0,0,0,32,0,75.0,0.0,0,0,,,,,,,,,,,,,,,,,,,,,0.0,0,,SYNTHETIC,0
doe-007,0,207,2026-09-03T09:03:27Z,2026-09-03T09:03:28Z,2026-09-03T09:03:27Z,2026-09-03T09:03:28Z,site_a,SIM,synthetic_demo,A-WAN-2,UP,1000.0,419.4924,419.39,0.0,19.79,0.9246,0.118,0,UP,4.0,0.0,48,48,188,-62.1,17.001,5.4,1,3,0,31,0,284.0,0.0,0,0,MAINS,MAINS,1,0,46.77,92.0,47.9178,48.2766,-4.0,3.68598,3.68598,3.71358,3.71358,0.0,23.1,1077.055,,52.253,,CHARGE,0.0,0,,SYNTHETIC,0
doe-007,0,207,2026-09-03T09:03:27Z,2026-09-03T09:03:28Z,2026-09-03T09:03:27Z,2026-09-03T09:03:28Z,site_b,SIM,synthetic_demo,B-WAN-1,UP,1000.0,69.0064,68.59,0.0,21.9,0.8182,0.11,0,UP,4.0,0.0,6,6,28,-62.8,16.115,5.322,0,0,0,32,0,69.0,0.0,0,0,,,,,,,,,,,,,,,,,,,,,0.0,0,,SYNTHETIC,0
doe-007,0,208,2026-09-03T09:03:28Z,2026-09-03T09:03:29Z,2026-09-03T09:03:28Z,2026-09-03T09:03:29Z,site_a,SIM,synthetic_demo,A-WAN-2,UP,1000.0,440.2778,440.85,0.0,19.24,0.212,0.094,0,UP,4.0,0.0,48,48,374,-62.1,21.79,6.835,1,2,0,31,0,298.0,0.0,0,0,MAINS,MAINS,1,0,46.7,92.0,47.9179,48.2767,-4.0,3.68599,3.68599,3.71359,3.71359,0.0,23.0,1086.281,,51.812,,CHARGE,0.0,0,,SYNTHETIC,0
doe-007,0,208,2026-09-03T09:03:28Z,2026-09-03T09:03:29Z,2026-09-03T09:03:28Z,2026-09-03T09:03:29Z,site_b,SIM,synthetic_demo,B-WAN-1,UP,1000.0,69.462,69.32,0.0,23.39,2.4788,0.108,0,UP,4.0,0.0,6,6,67,-65.1,26.772,8.814,0,0,0,32,0,50.0,0.0,0,0,,,,,,,,,,,,,,,,,,,,,0.0,0,,SYNTHETIC,0
doe-007,0,209,2026-09-03T09:03:29Z,2026-09-03T09:03:30Z,2026-09-03T09:03:29Z,2026-09-03T09:03:30Z,site_a,SIM,synthetic_demo,A-WAN-2,UP,1000.0,433.2141,432.46,0.0,19.67,0.9118,0.125,0,UP,4.0,0.0,48,48,217,-62.2,18.217,5.676,3,1,0,31,0,545.0,0.0,0,0,MAINS,MAINS,1,0,46.68,92.0,47.918,48.2768,-4.0,3.686,3.686,3.7136,3.7136,0.0,23.1,1093.745,,51.461,,CHARGE,0.0,0,,SYNTHETIC,0
doe-007,0,209,2026-09-03T09:03:29Z,2026-09-03T09:03:30Z,2026-09-03T09:03:29Z,2026-09-03T09:03:30Z,site_b,SIM,synthetic_demo,B-WAN-1,UP,1000.0,73.9187,74.0,0.0,24.16,3.5242,0.084,0,UP,4.0,0.0,6,6,23,-60.7,15.808,5.513,0,0,0,32,0,44.0,0.0,0,0,,,,,,,,,,,,,,,,,,,,,0.0,0,,SYNTHETIC,0
doe-007,0,210,2026-09-03T09:03:30Z,2026-09-03T09:03:31Z,2026-09-03T09:03:30Z,2026-09-03T09:03:31Z,site_a,SIM,synthetic_demo,A-WAN-2,UP,1000.0,485.2786,484.96,0.0,21.47,3.1139,0.128,0,UP,4.0,0.0,48,48,216,-63.0,18.431,5.459,2,2,0,31,0,369.0,0.0,0,0,MAINS,MAINS,1,0,46.71,92.0,47.9182,48.277,-4.0,3.68601,3.68601,3.71361,3.71361,0.0,23.1,1086.481,,51.808,,CHARGE,0.0,0,,SYNTHETIC,0
doe-007,0,210,2026-09-03T09:03:30Z,2026-09-03T09:03:31Z,2026-09-03T09:03:30Z,2026-09-03T09:03:31Z,site_b,SIM,synthetic_demo,B-WAN-1,UP,1000.0,67.1373,67.6,0.0,21.76,0.618,0.11,0,UP,4.0,0.0,6,6,61,-61.8,25.118,7.931,0,0,0,32,0,51.0,0.0,0,0,,,,,,,,,,,,,,,,,,,,,0.0,0,,SYNTHETIC,0
doe-007,0,211,2026-09-03T09:03:31Z,2026-09-03T09:03:32Z,2026-09-03T09:03:31Z,2026-09-03T09:03:32Z,site_a,SIM,synthetic_demo,A-WAN-2,UP,1000.0,427.6704,427.41,0.0,18.75,0.2045,0.096,0,UP,4.0,0.0,48,48,170,-61.5,16.628,4.926,1,5,0,31,0,318.0,0.0,0,0,MAINS,MAINS,1,0,46.78,92.0,47.9183,48.2771,-4.0,3.68602,3.68602,3.71362,3.71362,0.0,23.2,1103.635,,51.005,,CHARGE,0.0,0,,SYNTHETIC,0
doe-007,0,211,2026-09-03T09:03:31Z,2026-09-03T09:03:32Z,2026-09-03T09:03:31Z,2026-09-03T09:03:32Z,site_b,SIM,synthetic_demo,B-WAN-1,UP,1000.0,111.4005,112.44,0.0,24.5,3.1416,0.095,0,UP,4.0,0.0,6,6,52,-63.3,23.823,7.732,0,1,0,32,0,60.0,0.0,0,0,,,,,,,,,,,,,,,,,,,,,0.0,0,,SYNTHETIC,0
doe-007,0,212,2026-09-03T09:03:32Z,2026-09-03T09:03:33Z,2026-09-03T09:03:32Z,2026-09-03T09:03:33Z,site_a,SIM,synthetic_demo,A-WAN-2,UP,1000.0,433.3404,433.67,0.0,20.05,0.8655,0.164,0,UP,4.0,0.0,48,48,239,-62.6,19.015,5.55,3,2,0,31,0,528.0,0.0,0,0,MAINS,MAINS,1,0,46.73,92.0,47.9184,48.2772,-4.0,3.68603,3.68603,3.71363,3.71363,0.0,23.2,1085.619,,51.854,,CHARGE,0.0,0,,SYNTHETIC,0
doe-007,0,212,2026-09-03T09:03:32Z,2026-09-03T09:03:33Z,2026-09-03T09:03:32Z,2026-09-03T09:03:33Z,site_b,SIM,synthetic_demo,B-WAN-1,UP,1000.0,88.5277,88.21,0.0,22.26,1.6863,0.092,0,UP,4.0,0.0,6,6,60,-63.8,24.528,8.359,1,0,0,32,0,77.0,0.0,0,0,,,,,,,,,,,,,,,,,,,,,0.0,0,,SYNTHETIC,0
doe-007,0,213,2026-09-03T09:03:33Z,2026-09-03T09:03:34Z,2026-09-03T09:03:33Z,2026-09-03T09:03:34Z,site_a,SIM,synthetic_demo,A-WAN-2,UP,1000.0,428.5721,429.33,0.0,18.49,0.3471,0.113,0,UP,4.0,0.0,48,48,242,-61.2,18.953,5.817,1,2,0,31,0,263.0,0.0,0,0,MAINS,MAINS,1,0,46.76,92.0,47.9185,48.2773,-4.0,3.68604,3.68604,3.71364,3.71364,0.0,23.1,1088.274,,51.73,,CHARGE,0.0,0,,SYNTHETIC,0
doe-007,0,213,2026-09-03T09:03:33Z,2026-09-03T09:03:34Z,2026-09-03T09:03:33Z,2026-09-03T09:03:34Z,site_b,SIM,synthetic_demo,B-WAN-1,UP,1000.0,53.2938,52.7,0.0,21.31,0.25,0.132,0,UP,4.0,0.0,6,6,26,-61.2,16.973,5.532,0,0,0,32,0,69.0,0.0,0,0,,,,,,,,,,,,,,,,,,,,,0.0,0,,SYNTHETIC,0
doe-007,0,214,2026-09-03T09:03:34Z,2026-09-03T09:03:35Z,2026-09-03T09:03:34Z,2026-09-03T09:03:35Z,site_a,SIM,synthetic_demo,A-WAN-2,UP,1000.0,464.718,464.34,0.0,20.1,1.6379,0.099,0,UP,4.0,0.0,48,48,223,-62.7,18.488,5.354,1,5,0,31,0,440.0,0.0,0,0,MAINS,MAINS,1,0,,92.0,47.9187,48.2775,-4.0,3.68605,3.68605,3.71365,3.71365,0.0,23.2,1091.107,,51.599,,CHARGE,0.0,0,,SYNTHETIC|GAP|MISSING_MAR,0
doe-007,0,214,2026-09-03T09:03:34Z,2026-09-03T09:03:35Z,2026-09-03T09:03:34Z,2026-09-03T09:03:35Z,site_b,SIM,synthetic_demo,B-WAN-1,UP,1000.0,46.7876,47.18,0.0,22.29,0.8958,0.115,0,UP,4.0,0.0,6,6,45,-64.0,21.004,6.937,0,0,0,32,0,77.0,0.0,0,0,,,,,,,,,,,,,,,,,,,,,0.0,0,,SYNTHETIC,0
doe-007,0,215,2026-09-03T09:03:35Z,2026-09-03T09:03:36Z,2026-09-03T09:03:35Z,2026-09-03T09:03:36Z,site_a,SIM,synthetic_demo,A-WAN-2,UP,1000.0,467.3159,467.53,0.0,19.39,0.7522,0.105,0,UP,4.0,0.0,48,48,259,-62.0,18.649,5.892,0,5,0,31,0,298.0,0.0,0,0,MAINS,MAINS,1,0,46.85,92.0,47.9188,48.2776,-4.0,3.68606,3.68606,3.71366,3.71366,0.0,23.2,1073.812,,52.433,,CHARGE,0.0,0,,SYNTHETIC,0
doe-007,0,215,2026-09-03T09:03:35Z,2026-09-03T09:03:36Z,2026-09-03T09:03:35Z,2026-09-03T09:03:36Z,site_b,SIM,synthetic_demo,B-WAN-1,UP,1000.0,69.6725,69.58,0.0,21.89,0.1763,0.065,0,UP,4.0,0.0,6,6,32,-62.2,18.629,6.026,0,0,0,32,0,76.0,0.0,0,0,,,,,,,,,,,,,,,,,,,,,0.0,0,,SYNTHETIC,0
doe-007,0,216,2026-09-03T09:03:36Z,2026-09-03T09:03:37Z,2026-09-03T09:03:36Z,2026-09-03T09:03:37Z,site_a,SIM,synthetic_demo,A-WAN-2,UP,1000.0,636.9744,637.68,0.0,22.69,3.359,0.122,0,UP,4.0,0.0,48,48,296,-62.6,20.459,6.374,1,5,0,31,0,441.0,0.0,0,0,MAINS,MAINS,1,0,46.67,92.0,47.9189,48.2777,-4.0,3.68607,3.68607,3.71367,3.71367,0.0,23.2,1098.277,,51.267,,CHARGE,0.0,0,,SYNTHETIC,0
doe-007,0,216,2026-09-03T09:03:36Z,2026-09-03T09:03:37Z,2026-09-03T09:03:36Z,2026-09-03T09:03:37Z,site_b,SIM,synthetic_demo,B-WAN-1,UP,1000.0,49.6181,49.89,0.0,23.26,1.7295,0.135,0,UP,4.0,0.0,6,6,49,-63.7,23.603,7.672,1,0,0,32,0,54.0,0.0,0,0,,,,,,,,,,,,,,,,,,,,,0.0,0,,SYNTHETIC,0
doe-007,0,217,2026-09-03T09:03:37Z,2026-09-03T09:03:38Z,2026-09-03T09:03:37Z,2026-09-03T09:03:38Z,site_a,SIM,synthetic_demo,A-WAN-2,UP,1000.0,438.5776,438.15,0.0,21.79,3.0878,0.085,0,UP,4.0,0.0,48,48,184,-61.8,17.134,4.748,0,4,0,31,0,292.0,0.0,0,0,MAINS,MAINS,1,0,46.66,92.0,47.9191,48.2779,-4.0,3.68608,3.68608,3.71368,3.71368,0.0,23.2,1080.686,,52.104,,CHARGE,0.0,0,,SYNTHETIC,0
doe-007,0,217,2026-09-03T09:03:37Z,2026-09-03T09:03:38Z,2026-09-03T09:03:37Z,2026-09-03T09:03:38Z,site_b,SIM,synthetic_demo,B-WAN-1,UP,1000.0,64.0599,64.55,0.0,24.08,2.7212,0.078,0,UP,4.0,0.0,6,6,35,-62.3,17.692,6.197,0,1,0,32,0,28.0,0.0,0,0,,,,,,,,,,,,,,,,,,,,,0.0,0,,SYNTHETIC,0
doe-007,0,218,2026-09-03T09:03:38Z,2026-09-03T09:03:39Z,2026-09-03T09:03:38Z,2026-09-03T09:03:39Z,site_a,SIM,synthetic_demo,A-WAN-2,UP,1000.0,524.5187,523.91,0.0,19.67,0.5826,0.136,0,UP,4.0,0.0,48,48,110,-61.1,15.228,4.147,1,3,0,31,0,274.0,0.0,0,0,MAINS,MAINS,1,0,46.71,92.0,47.9192,48.278,-4.0,3.68609,3.68609,3.71369,3.71369,0.0,23.1,1088.394,,51.738,,CHARGE,0.0,0,,SYNTHETIC,0
doe-007,0,218,2026-09-03T09:03:38Z,2026-09-03T09:03:39Z,2026-09-03T09:03:38Z,2026-09-03T09:03:39Z,site_b,SIM,synthetic_demo,B-WAN-1,UP,1000.0,46.9923,45.11,0.0,24.04,2.7209,0.11,0,UP,4.0,0.0,6,6,25,-62.3,16.423,5.001,0,1,0,32,0,30.0,0.0,0,0,,,,,,,,,,,,,,,,,,,,,0.0,0,,SYNTHETIC,0
doe-007,0,219,2026-09-03T09:03:39Z,2026-09-03T09:03:40Z,2026-09-03T09:03:39Z,2026-09-03T09:03:40Z,site_a,SIM,synthetic_demo,A-WAN-2,UP,1000.0,692.695,693.59,0.0,25.08,5.5094,0.121,0,UP,4.0,0.0,48,48,151,-62.6,15.736,4.899,0,5,0,31,0,321.0,0.0,0,0,MAINS,MAINS,1,0,46.73,92.0,47.9193,48.2781,-4.0,3.6861,3.6861,3.7137,3.7137,0.0,23.2,1097.905,,51.293,,CHARGE,0.0,0,,SYNTHETIC,0
doe-007,0,219,2026-09-03T09:03:39Z,2026-09-03T09:03:40Z,2026-09-03T09:03:39Z,2026-09-03T09:03:40Z,site_b,SIM,synthetic_demo,B-WAN-1,UP,1000.0,55.1253,53.68,0.0,21.66,1.2827,0.096,0,UP,4.0,0.0,6,6,29,-62.9,18.609,5.886,0,0,0,32,0,93.0,0.0,0,0,,,,,,,,,,,,,,,,,,,,,0.0,0,,SYNTHETIC,0
doe-007,0,220,2026-09-03T09:03:40Z,2026-09-03T09:03:41Z,2026-09-03T09:03:40Z,2026-09-03T09:03:41Z,site_a,SIM,synthetic_demo,A-WAN-2,UP,1000.0,475.8172,474.74,0.0,18.79,0.0639,0.094,0,UP,4.0,0.0,48,48,235,-63.1,18.443,5.745,1,3,0,31,0,470.0,0.0,0,0,MAINS,MAINS,1,0,46.72,92.0,47.9194,48.2782,-4.0,3.68611,3.68611,3.71371,3.71371,0.0,22.9,1065.045,,52.878,,CHARGE,0.0,0,,SYNTHETIC,0
doe-007,0,220,2026-09-03T09:03:40Z,2026-09-03T09:03:41Z,2026-09-03T09:03:40Z,2026-09-03T09:03:41Z,site_b,SIM,synthetic_demo,B-WAN-1,UP,1000.0,61.7521,61.03,0.0,22.17,0.7863,0.087,0,UP,4.0,0.0,6,6,38,-62.2,20.906,5.906,0,0,0,32,0,60.0,0.0,0,0,,,,,,,,,,,,,,,,,,,,,0.0,0,,SYNTHETIC,0
doe-007,0,221,2026-09-03T09:03:41Z,2026-09-03T09:03:42Z,2026-09-03T09:03:41Z,2026-09-03T09:03:42Z,site_a,SIM,synthetic_demo,A-WAN-2,UP,1000.0,501.0912,500.35,0.0,19.38,0.5901,0.116,0,UP,4.0,0.0,48,48,265,-62.0,19.573,5.824,1,5,0,31,0,285.0,0.0,0,0,MAINS,MAINS,1,0,46.65,92.0,47.9196,48.2784,-4.0,3.68612,3.68612,3.71372,3.71372,0.0,23.0,1099.751,,51.212,,CHARGE,0.0,0,,SYNTHETIC,0
doe-007,0,221,2026-09-03T09:03:41Z,2026-09-03T09:03:42Z,2026-09-03T09:03:41Z,2026-09-03T09:03:42Z,site_b,SIM,synthetic_demo,B-WAN-1,UP,1000.0,69.7973,69.39,0.0,21.95,1.3675,0.135,0,UP,4.0,0.0,6,6,40,-59.5,19.744,6.519,0,1,0,32,0,43.0,0.0,0,0,,,,,,,,,,,,,,,,,,,,,0.0,0,,SYNTHETIC,0
doe-007,0,222,2026-09-03T09:03:42Z,2026-09-03T09:03:43Z,2026-09-03T09:03:42Z,2026-09-03T09:03:43Z,site_a,SIM,synthetic_demo,A-WAN-2,UP,1000.0,419.9039,420.29,0.0,20.87,1.2734,0.133,0,UP,4.0,0.0,48,48,209,-61.6,18.572,5.219,2,1,0,31,0,366.0,0.0,0,0,MAINS,MAINS,1,0,46.65,92.0,47.9197,48.2785,-4.0,3.68613,3.68613,3.71373,3.71373,0.0,23.2,1086.65,,51.832,,CHARGE,0.0,0,,SYNTHETIC,0
doe-007,0,222,2026-09-03T09:03:42Z,2026-09-03T09:03:43Z,2026-09-03T09:03:42Z,2026-09-03T09:03:43Z,site_b,SIM,synthetic_demo,B-WAN-1,UP,1000.0,69.034,69.43,0.0,20.76,0.4844,0.105,0,UP,4.0,0.0,6,6,29,-62.4,20.154,5.947,0,0,0,32,0,31.0,0.0,0,0,,,,,,,,,,,,,,,,,,,,,0.0,0,,SYNTHETIC,0
doe-007,0,223,2026-09-03T09:03:43Z,2026-09-03T09:03:44Z,2026-09-03T09:03:43Z,2026-09-03T09:03:44Z,site_a,SIM,synthetic_demo,A-WAN-2,UP,1000.0,448.338,449.31,0.0,22.19,2.8697,0.119,0,UP,4.0,0.0,48,48,84,-62.9,13.779,4.431,0,5,0,31,0,350.0,0.0,0,0,MAINS,MAINS,1,0,46.71,92.0,47.9198,48.2786,-4.0,3.68614,3.68614,3.71374,3.71374,0.0,23.1,1080.078,,52.15,,CHARGE,0.0,0,,SYNTHETIC,0
doe-007,0,223,2026-09-03T09:03:43Z,2026-09-03T09:03:44Z,2026-09-03T09:03:43Z,2026-09-03T09:03:44Z,site_b,SIM,synthetic_demo,B-WAN-1,UP,1000.0,72.5016,71.83,0.0,23.17,2.2839,0.104,0,UP,4.0,0.0,6,6,43,-62.4,21.932,6.754,0,1,0,32,0,76.0,0.0,0,0,,,,,,,,,,,,,,,,,,,,,0.0,0,,SYNTHETIC,0
doe-007,0,224,2026-09-03T09:03:44Z,2026-09-03T09:03:45Z,2026-09-03T09:03:44Z,2026-09-03T09:03:45Z,site_a,SIM,synthetic_demo,A-WAN-2,UP,1000.0,508.0001,507.68,0.0,19.86,1.312,0.128,0,UP,4.0,0.0,48,48,267,-62.8,19.604,5.967,0,1,0,31,0,530.0,0.0,0,0,MAINS,MAINS,1,0,46.65,92.0,47.92,48.2788,-4.0,3.68615,3.68615,3.71375,3.71375,0.0,23.1,1086.839,,51.828,,CHARGE,0.0,0,,SYNTHETIC,0
doe-007,0,224,2026-09-03T09:03:44Z,2026-09-03T09:03:45Z,2026-09-03T09:03:44Z,2026-09-03T09:03:45Z,site_b,SIM,synthetic_demo,B-WAN-1,UP,1000.0,68.6424,68.01,0.0,23.54,2.3597,0.102,0,UP,4.0,0.0,6,6,47,-59.2,22.183,6.132,0,1,0,32,0,44.0,0.0,0,0,,,,,,,,,,,,,,,,,,,,,0.0,0,,SYNTHETIC,0
doe-007,0,225,2026-09-03T09:03:45Z,2026-09-03T09:03:46Z,2026-09-03T09:03:45Z,2026-09-03T09:03:46Z,site_a,SIM,synthetic_demo,A-WAN-1,UP,0.0,464.8619,1.06,,,,,1,DOWN,0.0,100.0,48,48,364,-62.5,22.344,7.2,0,1,0,31,0,404.0,0.0,0,0,MAINS,MAINS,1,0,46.76,92.0,47.9201,48.2789,-4.0,3.68616,3.68616,3.71376,3.71376,0.0,23.2,1089.933,,51.684,,CHARGE,0.0,0,,SYNTHETIC|SATURATED,0
doe-007,0,225,2026-09-03T09:03:45Z,2026-09-03T09:03:46Z,2026-09-03T09:03:45Z,2026-09-03T09:03:46Z,site_b,SIM,synthetic_demo,B-WAN-1,UP,1000.0,96.596,97.01,0.0,17.89,0.8748,0.132,0,DOWN,0.0,100.0,6,6,43,-62.8,18.738,7.184,0,0,0,32,0,67.0,0.0,0,0,,,,,,,,,,,,,,,,,,,,,0.0,0,,SYNTHETIC,0
doe-007,0,226,2026-09-03T09:03:46Z,2026-09-03T09:03:47Z,2026-09-03T09:03:46Z,2026-09-03T09:03:47Z,site_a,SIM,synthetic_demo,A-WAN-1,UP,0.0,496.1169,0.26,,,,,1,DOWN,0.0,100.0,48,48,221,-61.8,18.805,5.433,2,4,0,31,0,466.0,0.0,0,0,MAINS,MAINS,1,0,46.68,92.0,47.9202,48.279,-4.0,3.68617,3.68617,3.71377,3.71377,0.0,23.1,1078.647,,52.227,,CHARGE,0.0,0,,SYNTHETIC|SATURATED,0
doe-007,0,226,2026-09-03T09:03:46Z,2026-09-03T09:03:47Z,2026-09-03T09:03:46Z,2026-09-03T09:03:47Z,site_b,SIM,synthetic_demo,B-WAN-1,UP,1000.0,79.8676,80.25,0.0,17.75,0.1355,0.069,0,DOWN,0.0,100.0,6,6,38,-61.6,22.625,6.296,0,0,0,32,0,79.0,0.0,0,0,,,,,,,,,,,,,,,,,,,,,0.0,0,,SYNTHETIC,0
doe-007,0,227,2026-09-03T09:03:47Z,2026-09-03T09:03:48Z,2026-09-03T09:03:47Z,2026-09-03T09:03:48Z,site_a,SIM,synthetic_demo,A-WAN-1,UP,0.0,534.7053,-0.07,,,,,1,DOWN,0.0,100.0,48,48,342,-60.8,22.786,6.62,4,6,0,31,0,310.0,0.0,0,0,MAINS,MAINS,1,0,46.72,92.0,47.9203,48.2791,-4.0,3.68618,3.68618,3.71378,3.71378,0.0,23.1,1108.159,,50.839,,CHARGE,0.0,0,,SYNTHETIC|SATURATED,0
doe-007,0,227,2026-09-03T09:03:47Z,2026-09-03T09:03:48Z,2026-09-03T09:03:47Z,2026-09-03T09:03:48Z,site_b,SIM,synthetic_demo,B-WAN-1,UP,1000.0,82.4236,81.65,0.0,18.6,1.5983,0.078,0,DOWN,0.0,100.0,6,6,49,-64.0,24.458,7.849,0,0,0,32,0,72.0,0.0,0,0,,,,,,,,,,,,,,,,,,,,,0.0,0,,SYNTHETIC,0
doe-007,0,228,2026-09-03T09:03:48Z,2026-09-03T09:03:49Z,2026-09-03T09:03:48Z,2026-09-03T09:03:49Z,site_a,SIM,synthetic_demo,A-WAN-1,UP,0.0,454.5396,0.36,,,,,1,DOWN,0.0,100.0,48,48,147,-62.4,15.939,4.953,0,6,0,31,0,408.0,0.0,0,0,MAINS,MAINS,1,0,46.74,92.0,47.9205,48.2793,-4.0,3.68619,3.68619,3.71379,3.71379,0.0,23.1,1090.795,,51.651,,CHARGE,0.0,0,,SYNTHETIC|SATURATED,0
doe-007,0,228,2026-09-03T09:03:48Z,2026-09-03T09:03:49Z,2026-09-03T09:03:48Z,2026-09-03T09:03:49Z,site_b,SIM,synthetic_demo,B-WAN-1,UP,1000.0,75.0921,74.96,0.0,18.35,1.2347,0.102,0,DOWN,0.0,100.0,6,6,49,-62.3,22.404,7.456,0,0,0,32,0,68.0,0.0,0,0,,,,,,,,,,,,,,,,,,,,,0.0,0,,SYNTHETIC,0
doe-007,0,229,2026-09-03T09:03:49Z,2026-09-03T09:03:50Z,2026-09-03T09:03:49Z,2026-09-03T09:03:50Z,site_a,SIM,synthetic_demo,A-WAN-1,UP,0.0,485.2839,-1.73,,,,,1,DOWN,0.0,100.0,48,48,268,-61.1,19.388,6.028,2,2,0,31,0,306.0,0.0,0,0,MAINS,MAINS,1,0,46.74,92.0,47.9206,48.2794,-4.0,3.6862,3.6862,3.7138,3.7138,0.0,23.1,1065.965,,52.857,,CHARGE,0.0,0,,SYNTHETIC|SATURATED,0
doe-007,0,229,2026-09-03T09:03:49Z,2026-09-03T09:03:50Z,2026-09-03T09:03:49Z,2026-09-03T09:03:50Z,site_b,SIM,synthetic_demo,B-WAN-1,UP,1000.0,96.7313,97.08,0.0,19.81,2.6566,0.096,0,DOWN,0.0,100.0,6,6,47,-62.9,24.115,6.833,0,1,0,32,0,72.0,0.0,0,0,,,,,,,,,,,,,,,,,,,,,0.0,0,,SYNTHETIC,0
doe-007,0,230,2026-09-03T09:03:50Z,2026-09-03T09:03:51Z,2026-09-03T09:03:50Z,2026-09-03T09:03:51Z,site_a,SIM,synthetic_demo,A-WAN-1,UP,0.0,480.46,-0.5,,,,,1,DOWN,0.0,100.0,48,48,242,-62.0,19.074,5.985,0,3,0,31,0,220.0,0.0,0,0,MAINS,MAINS,1,0,46.67,92.0,47.9207,48.2795,-4.0,3.68621,3.68621,3.71381,3.71381,0.0,23.1,1095.048,,51.456,,CHARGE,0.0,0,,SYNTHETIC|SATURATED,0
doe-007,0,230,2026-09-03T09:03:50Z,2026-09-03T09:03:51Z,2026-09-03T09:03:50Z,2026-09-03T09:03:51Z,site_b,SIM,synthetic_demo,B-WAN-1,UP,1000.0,81.7344,81.21,0.0,17.13,0.4703,0.118,0,DOWN,0.0,100.0,6,6,57,-63.7,24.482,8.425,0,1,0,32,0,38.0,0.0,0,0,,,,,,,,,,,,,,,,,,,,,0.0,0,,SYNTHETIC,0
doe-007,0,231,2026-09-03T09:03:51Z,2026-09-03T09:03:52Z,2026-09-03T09:03:51Z,2026-09-03T09:03:52Z,site_a,SIM,synthetic_demo,A-WAN-1,UP,0.0,448.5745,-1.49,,,,,1,DOWN,0.0,100.0,48,48,260,-62.2,19.527,5.613,3,4,0,31,0,389.0,0.0,0,0,MAINS,MAINS,1,0,46.83,92.0,47.9209,48.2797,-4.0,3.68622,3.68622,3.71382,3.71382,0.0,23.1,1098.57,,51.294,,CHARGE,0.0,0,,SYNTHETIC|SATURATED,0
doe-007,0,231,2026-09-03T09:03:51Z,2026-09-03T09:03:52Z,2026-09-03T09:03:51Z,2026-09-03T09:03:52Z,site_b,SIM,synthetic_demo,B-WAN-1,UP,1000.0,84.8381,83.97,0.0,19.07,2.3479,0.106,0,DOWN,0.0,100.0,6,6,34,-62.8,18.708,5.332,0,1,0,32,0,53.0,0.0,0,0,,,,,,,,,,,,,,,,,,,,,0.0,0,,SYNTHETIC,0
doe-007,0,232,2026-09-03T09:03:52Z,2026-09-03T09:03:53Z,2026-09-03T09:03:52Z,2026-09-03T09:03:53Z,site_a,SIM,synthetic_demo,A-WAN-1,UP,0.0,462.7791,0.02,,,,,1,DOWN,0.0,100.0,48,48,172,-62.0,17.227,5.463,1,2,0,31,0,454.0,0.0,0,0,MAINS,MAINS,1,0,46.74,92.0,47.921,48.2798,-4.0,3.68623,3.68623,3.71383,3.71383,0.0,22.9,1102.066,,51.133,,CHARGE,0.0,0,,SYNTHETIC|SATURATED,0
doe-007,0,232,2026-09-03T09:03:52Z,2026-09-03T09:03:53Z,2026-09-03T09:03:52Z,2026-09-03T09:03:53Z,site_b,SIM,synthetic_demo,B-WAN-1,UP,1000.0,100.4356,100.56,0.0,18.57,1.4396,0.088,0,DOWN,0.0,100.0,6,6,31,-60.8,20.484,5.594,0,0,0,32,0,65.0,0.0,0,0,,,,,,,,,,,,,,,,,,,,,0.0,0,,SYNTHETIC,0
doe-007,0,233,2026-09-03T09:03:53Z,2026-09-03T09:03:54Z,2026-09-03T09:03:53Z,2026-09-03T09:03:54Z,site_a,SIM,synthetic_demo,A-WAN-1,UP,0.0,484.5028,-1.16,,,,,1,DOWN,0.0,100.0,48,48,207,-62.1,17.868,5.602,0,2,0,31,0,414.0,0.0,0,0,MAINS,MAINS,1,0,46.75,92.0,47.9211,48.2799,-4.0,3.68624,3.68624,3.71384,3.71384,0.0,23.0,1097.413,,51.353,,CHARGE,0.0,0,,SYNTHETIC|SATURATED,0
doe-007,0,233,2026-09-03T09:03:53Z,2026-09-03T09:03:54Z,2026-09-03T09:03:53Z,2026-09-03T09:03:54Z,site_b,SIM,synthetic_demo,B-WAN-1,UP,1000.0,95.2668,96.16,0.0,17.69,0.5123,0.082,0,DOWN,0.0,100.0,6,6,47,-63.1,25.088,6.87,1,1,0,32,0,135.0,0.0,0,0,,,,,,,,,,,,,,,,,,,,,0.0,0,,SYNTHETIC,0
doe-007,0,234,2026-09-03T09:03:54Z,2026-09-03T09:03:55Z,2026-09-03T09:03:54Z,2026-09-03T09:03:55Z,site_a,SIM,synthetic_demo,A-WAN-1,UP,0.0,534.7551,0.92,,,,,1,DOWN,0.0,100.0,48,48,267,-60.6,20.251,5.896,1,2,0,31,0,485.0,0.0,0,0,MAINS,MAINS,1,0,46.77,92.0,47.9212,48.28,-4.0,3.68625,3.68625,3.71385,3.71385,0.0,23.0,1106.545,,50.932,,CHARGE,0.0,0,,SYNTHETIC|SATURATED,0
doe-007,0,234,2026-09-03T09:03:54Z,2026-09-03T09:03:55Z,2026-09-03T09:03:54Z,2026-09-03T09:03:55Z,site_b,SIM,synthetic_demo,B-WAN-1,UP,1000.0,102.6473,102.3,0.0,17.47,0.2488,0.117,0,DOWN,0.0,100.0,6,6,26,-61.9,17.493,5.389,0,0,0,32,0,75.0,0.0,0,0,,,,,,,,,,,,,,,,,,,,,0.0,0,,SYNTHETIC,0
doe-007,0,235,2026-09-03T09:03:55Z,2026-09-03T09:03:56Z,2026-09-03T09:03:55Z,2026-09-03T09:03:56Z,site_a,SIM,synthetic_demo,A-WAN-1,UP,1000.0,454.9005,998.94,4301.4795,4315.81,2.348,0.064,0,RECONNECTING,0.0,100.0,48,48,238,-62.0,18.811,5.564,1,4,0,31,0,301.0,0.0,0,0,MAINS,MAINS,1,0,46.76,92.0,47.9214,48.2802,-4.0,3.68626,3.68626,3.71386,3.71386,0.0,23.2,1081.263,,52.125,,CHARGE,0.15,0,,SYNTHETIC,0
doe-007,0,235,2026-09-03T09:03:55Z,2026-09-03T09:03:56Z,2026-09-03T09:03:55Z,2026-09-03T09:03:56Z,site_b,SIM,synthetic_demo,B-WAN-1,UP,1000.0,93.5972,93.7,0.0,18.1,0.6156,0.125,0,RECONNECTING,0.0,100.0,6,6,30,-61.0,21.547,6.014,0,0,0,32,0,75.0,0.0,0,0,,,,,,,,,,,,,,,,,,,,,0.0,0,,SYNTHETIC,0
doe-007,0,236,2026-09-03T09:03:56Z,2026-09-03T09:03:57Z,2026-09-03T09:03:56Z,2026-09-03T09:03:57Z,site_a,SIM,synthetic_demo,A-WAN-1,UP,1000.0,556.1346,1000.78,3857.6141,3877.45,3.5884,0.054,0,UP,4.0,0.0,48,48,175,-61.5,17.599,5.021,0,0,0,31,0,277.0,0.0,0,0,MAINS,MAINS,1,0,46.7,92.0,47.9215,48.2803,-4.0,3.68627,3.68627,3.71387,3.71387,0.0,23.2,1087.717,,51.819,,CHARGE,0.15,0,,SYNTHETIC,0
doe-007,0,236,2026-09-03T09:03:56Z,2026-09-03T09:03:57Z,2026-09-03T09:03:56Z,2026-09-03T09:03:57Z,site_b,SIM,synthetic_demo,B-WAN-1,UP,1000.0,75.5645,74.9,0.0,21.69,0.4868,0.133,0,UP,4.0,0.0,6,6,34,-62.6,19.886,5.735,0,0,0,32,0,60.0,0.0,0,0,,,,,,,,,,,,,,,,,,,,,0.0,0,,SYNTHETIC,0
doe-007,0,237,2026-09-03T09:03:57Z,2026-09-03T09:03:58Z,2026-09-03T09:03:57Z,2026-09-03T09:03:58Z,site_a,SIM,synthetic_demo,A-WAN-1,UP,1000.0,463.7523,1000.45,3321.3664,3337.95,0.3939,0.062,0,UP,4.0,0.0,48,48,248,-61.8,18.806,5.573,0,1,0,31,0,396.0,0.0,0,0,MAINS,MAINS,1,0,46.78,92.0,47.9216,48.2804,-4.0,3.68628,3.68628,3.71388,3.71388,0.0,23.0,1108.294,,50.859,,CHARGE,0.15,0,,SYNTHETIC,0
doe-007,0,237,2026-09-03T09:03:57Z,2026-09-03T09:03:58Z,2026-09-03T09:03:57Z,2026-09-03T09:03:58Z,site_b,SIM,synthetic_demo,B-WAN-1,UP,1000.0,64.5926,64.79,0.0,22.98,1.7805,0.089,0,UP,4.0,0.0,6,6,41,-64.1,21.999,7.466,0,0,0,32,0,36.0,0.0,0,0,,,,,,,,,,,,,,,,,,,,,0.0,0,,SYNTHETIC,0
doe-007,0,238,2026-09-03T09:03:58Z,2026-09-03T09:03:59Z,2026-09-03T09:03:58Z,2026-09-03T09:03:59Z,site_a,SIM,synthetic_demo,A-WAN-1,UP,1000.0,492.0464,999.44,2813.4127,2829.54,0.3926,0.104,0,UP,4.0,0.0,48,48,170,-61.8,16.424,4.878,0,0,0,31,0,422.0,0.0,0,0,MAINS,MAINS,1,0,46.7,92.0,47.9218,48.2806,-4.0,3.68629,3.68629,3.71389,3.71389,0.0,23.2,1087.048,,51.856,,CHARGE,0.15,0,,SYNTHETIC,0
doe-007,0,238,2026-09-03T09:03:58Z,2026-09-03T09:03:59Z,2026-09-03T09:03:58Z,2026-09-03T09:03:59Z,site_b,SIM,synthetic_demo,B-WAN-1,UP,1000.0,65.2815,65.69,0.0,24.18,2.5974,0.112,0,UP,4.0,0.0,6,6,60,-61.5,26.497,7.747,0,0,0,32,0,34.0,0.0,0,0,,,,,,,,,,,,,,,,,,,,,0.0,0,,SYNTHETIC,0
doe-007,0,239,2026-09-03T09:03:59Z,2026-09-03T09:04:00Z,2026-09-03T09:03:59Z,2026-09-03T09:04:00Z,site_a,SIM,synthetic_demo,A-WAN-1,UP,1000.0,411.6759,999.95,2225.0887,2243.07,1.2553,0.11,0,UP,4.0,0.0,48,48,163,-62.9,16.366,4.935,0,0,0,31,0,283.0,0.0,0,0,MAINS,MAINS,1,0,46.8,92.0,47.9219,48.2807,-4.0,3.6863,3.6863,3.7139,3.7139,0.0,23.1,1091.685,,51.638,,CHARGE,0.15,0,,SYNTHETIC,0
doe-007,0,239,2026-09-03T09:03:59Z,2026-09-03T09:04:00Z,2026-09-03T09:03:59Z,2026-09-03T09:04:00Z,site_b,SIM,synthetic_demo,B-WAN-1,UP,1000.0,64.3347,64.19,0.0,22.96,1.8577,0.081,0,UP,4.0,0.0,6,6,57,-63.4,23.193,7.956,0,0,0,32,0,44.0,0.0,0,0,,,,,,,,,,,,,,,,,,,,,0.0,0,,SYNTHETIC,0
doe-007,0,240,2026-09-03T09:04:00Z,2026-09-03T09:04:01Z,2026-09-03T09:04:00Z,2026-09-03T09:04:01Z,site_a,SIM,synthetic_demo,A-WAN-1,UP,1000.0,559.0185,999.42,1784.1072,1800.34,0.0177,0.082,0,UP,4.0,0.0,48,48,249,-61.5,18.842,5.863,1,1,0,31,0,475.0,0.0,0,0,MAINS,MAINS,1,0,46.83,92.0,47.922,48.2808,-4.0,3.68631,3.68631,3.71391,3.71391,0.0,23.1,1071.608,,52.609,,CHARGE,0.15,0,,SYNTHETIC,0
doe-007,0,240,2026-09-03T09:04:00Z,2026-09-03T09:04:01Z,2026-09-03T09:04:00Z,2026-09-03T09:04:01Z,site_a,SIM,synthetic_demo,A-WAN-1,UP,1000.0,559.0185,999.42,1784.1072,1800.34,0.0177,0.082,0,UP,4.0,0.0,48,48,249,-61.5,18.842,5.863,1,1,0,31,0,475.0,0.0,0,0,MAINS,MAINS,1,0,46.83,92.0,47.922,48.2808,-4.0,3.68631,3.68631,3.71391,3.71391,0.0,23.1,1071.608,,52.609,,CHARGE,0.15,0,,SYNTHETIC|DUPLICATE,0
doe-007,0,240,2026-09-03T09:04:00Z,2026-09-03T09:04:01Z,2026-09-03T09:04:00Z,2026-09-03T09:04:01Z,site_b,SIM,synthetic_demo,B-WAN-1,UP,1000.0,85.8081,85.45,0.0,21.93,1.3067,0.097,0,UP,4.0,0.0,6,6,47,-63.9,22.899,7.266,1,1,0,32,0,72.0,0.0,0,0,,,,,,,,,,,,,,,,,,,,,0.0,0,,SYNTHETIC,0
doe-007,0,241,2026-09-03T09:04:01Z,2026-09-03T09:04:02Z,2026-09-03T09:04:01Z,2026-09-03T09:04:02Z,site_a,SIM,synthetic_demo,A-WAN-1,UP,1000.0,461.2155,999.79,1245.3227,1264.33,0.5935,0.073,0,DEGRADED,6.75,0.125,48,48,126,-61.8,15.774,4.486,0,2,0,31,0,511.0,0.0,0,0,MAINS,MAINS,1,0,46.8,92.0,47.9221,48.2809,-4.0,3.68632,3.68632,3.71392,3.71392,0.0,23.1,1088.443,,51.798,,CHARGE,0.15,0,,SYNTHETIC,0
doe-007,0,241,2026-09-03T09:04:01Z,2026-09-03T09:04:02Z,2026-09-03T09:04:01Z,2026-09-03T09:04:02Z,site_b,SIM,synthetic_demo,B-WAN-1,UP,1000.0,69.1369,68.81,0.0,25.98,1.6687,0.105,0,DEGRADED,6.75,0.125,6,6,16,-61.4,16.858,4.358,0,0,0,32,0,81.0,0.0,0,0,,,,,,,,,,,,,,,,,,,,,0.0,0,,SYNTHETIC,0
doe-007,0,242,2026-09-03T09:04:02Z,2026-09-03T09:04:03Z,2026-09-03T09:04:02Z,2026-09-03T09:04:03Z,site_a,SIM,synthetic_demo,A-WAN-1,UP,1000.0,407.835,998.87,653.1577,674.57,0.0011,0.057,0,DEGRADED,9.5,0.25,48,48,257,-62.4,19.069,6.091,0,4,0,31,0,307.0,0.0,0,0,MAINS,MAINS,1,0,46.75,92.0,47.9223,48.2811,-4.0,3.68633,3.68633,3.71393,3.71393,0.0,23.0,1087.85,,51.829,,CHARGE,0.15,0,,SYNTHETIC,0
doe-007,0,242,2026-09-03T09:04:02Z,2026-09-03T09:04:03Z,2026-09-03T09:04:02Z,2026-09-03T09:04:03Z,site_b,SIM,synthetic_demo,B-WAN-1,UP,1000.0,63.6749,63.53,0.0,26.46,0.3281,0.098,0,DEGRADED,9.5,0.25,6,6,29,-60.0,19.355,5.929,0,1,0,32,0,82.0,0.0,0,0,,,,,,,,,,,,,,,,,,,,,0.0,0,,SYNTHETIC,0
doe-007,0,243,2026-09-03T09:04:03Z,2026-09-03T09:04:04Z,2026-09-03T09:04:03Z,2026-09-03T09:04:04Z,site_a,SIM,synthetic_demo,A-WAN-1,UP,1000.0,485.2163,1001.28,138.374,164.28,1.6559,0.084,0,DEGRADED,12.25,0.375,48,48,432,-62.4,24.849,7.833,3,2,0,31,0,358.0,0.0,0,0,MAINS,MAINS,1,0,46.77,92.0,47.9224,48.2812,-4.0,3.68634,3.68634,3.71394,3.71394,0.0,23.1,1092.169,,51.626,,CHARGE,0.0,0,,SYNTHETIC,0
doe-007,0,243,2026-09-03T09:04:03Z,2026-09-03T09:04:04Z,2026-09-03T09:04:03Z,2026-09-03T09:04:04Z,site_b,SIM,synthetic_demo,B-WAN-1,UP,1000.0,63.8519,63.96,0.0,32.36,2.7315,0.096,0,DEGRADED,12.25,0.375,6,6,72,-61.2,29.082,8.751,0,2,0,32,0,48.0,0.0,0,0,,,,,,,,,,,,,,,,,,,,,0.0,0,,SYNTHETIC,0
doe-007,0,244,2026-09-03T09:04:04Z,2026-09-03T09:04:05Z,2026-09-03T09:04:04Z,2026-09-03T09:04:05Z,site_a,SIM,synthetic_demo,A-WAN-1,UP,1000.0,416.5818,,0.0,28.21,0.5668,0.082,0,DEGRADED,15.0,0.5,48,48,232,-61.4,19.346,5.412,2,1,0,31,0,186.0,0.0,0,0,MAINS,MAINS,1,0,46.87,92.0,47.9225,48.2813,-4.0,3.68635,3.68635,3.71395,3.71395,0.0,23.1,1094.849,,51.503,,CHARGE,0.0,0,,SYNTHETIC|GAP|MISSING_MCAR,0
doe-007,0,244,2026-09-03T09:04:04Z,2026-09-03T09:04:05Z,2026-09-03T09:04:04Z,2026-09-03T09:04:05Z,site_b,SIM,synthetic_demo,B-WAN-1,UP,1000.0,75.1235,75.16,0.0,32.15,0.3187,0.087,0,DEGRADED,15.0,0.5,6,6,33,-61.5,18.23,5.863,0,0,0,32,0,90.0,0.0,0,0,,,,,,,,,,,,,,,,,,,,,0.0,0,,SYNTHETIC,0
doe-007,0,245,2026-09-03T09:04:05Z,2026-09-03T09:04:06Z,2026-09-03T09:04:05Z,2026-09-03T09:04:06Z,site_a,SIM,synthetic_demo,A-WAN-1,UP,1000.0,477.6656,478.53,0.0,30.12,0.3818,0.08,0,DEGRADED,17.75,0.625,48,48,133,-60.6,15.857,4.669,1,4,0,31,0,329.0,0.0,0,0,MAINS,MAINS,1,0,46.73,92.0,47.9227,48.2815,-4.0,3.68636,3.68636,3.71396,3.71396,0.0,23.0,1087.367,,51.86,,CHARGE,0.0,0,,SYNTHETIC,0
doe-007,0,245,2026-09-03T09:04:05Z,2026-09-03T09:04:06Z,2026-09-03T09:04:05Z,2026-09-03T09:04:06Z,site_b,SIM,synthetic_demo,B-WAN-1,UP,1000.0,67.8253,67.61,0.0,34.99,0.8912,0.067,0,DEGRADED,17.75,0.625,6,6,71,-62.3,27.696,8.343,0,0,0,32,0,55.0,0.0,0,0,,,,,,,,,,,,,,,,,,,,,0.0,0,,SYNTHETIC,0
doe-007,0,246,2026-09-03T09:04:06Z,2026-09-03T09:04:07Z,2026-09-03T09:04:06Z,2026-09-03T09:04:07Z,site_a,SIM,synthetic_demo,A-WAN-1,UP,1000.0,425.6921,425.06,0.0,32.25,0.1229,0.045,0,DEGRADED,20.5,0.75,48,48,316,-61.6,21.248,6.169,0,0,0,31,0,301.0,0.0,0,0,MAINS,MAINS,1,0,46.75,92.0,47.9228,48.2816,-4.0,3.68637,3.68637,3.71397,3.71397,0.0,23.2,1081.45,,52.146,,CHARGE,0.0,0,,SYNTHETIC,0
doe-007,0,246,2026-09-03T09:04:06Z,2026-09-03T09:04:07Z,2026-09-03T09:04:06Z,2026-09-03T09:04:07Z,site_b,SIM,synthetic_demo,B-WAN-1,UP,1000.0,74.0715,73.61,0.0,39.31,1.8194,0.108,0,DEGRADED,20.5,0.75,6,6,60,-61.8,25.463,8.283,1,0,0,32,0,52.0,0.0,0,0,,,,,,,,,,,,,,,,,,,,,0.0,0,,SYNTHETIC,0
doe-007,0,247,2026-09-03T09:04:07Z,2026-09-03T09:04:08Z,2026-09-03T09:04:07Z,2026-09-03T09:04:08Z,site_a,SIM,synthetic_demo,A-WAN-1,UP,1000.0,425.0797,425.29,0.0,36.84,1.9808,0.079,0,DEGRADED,23.25,0.875,48,48,130,-62.6,15.793,4.78,1,2,0,31,0,340.0,0.0,0,0,MAINS,MAINS,1,0,46.8,92.0,47.9229,48.2817,-4.0,3.68638,3.68638,3.71398,3.71398,0.0,23.2,1091.298,,51.678,,CHARGE,0.0,0,,SYNTHETIC,0
doe-007,0,247,2026-09-03T09:04:07Z,2026-09-03T09:04:08Z,2026-09-03T09:04:07Z,2026-09-03T09:04:08Z,site_b,SIM,synthetic_demo,B-WAN-1,UP,1000.0,69.6362,69.57,0.0,43.77,3.3815,0.085,0,DEGRADED,23.25,0.875,6,6,57,-59.4,23.433,7.483,0,1,0,32,0,89.0,0.0,0,0,,,,,,,,,,,,,,,,,,,,,0.0,0,,SYNTHETIC,0
doe-007,0,248,2026-09-03T09:04:08Z,2026-09-03T09:04:09Z,2026-09-03T09:04:08Z,2026-09-03T09:04:09Z,site_a,SIM,synthetic_demo,A-WAN-1,UP,1000.0,485.3784,485.36,0.0,41.14,2.793,0.096,0,DEGRADED,26.0,1.0,48,48,252,-61.0,19.197,5.552,0,6,0,31,0,558.0,0.0,0,0,MAINS,MAINS,1,0,46.72,92.0,47.923,48.2818,-4.0,3.68639,3.68639,3.71399,3.71399,0.0,23.3,1089.951,,51.745,,CHARGE,0.0,0,,SYNTHETIC,0
doe-007,0,248,2026-09-03T09:04:08Z,2026-09-03T09:04:09Z,2026-09-03T09:04:08Z,2026-09-03T09:04:09Z,site_b,SIM,synthetic_demo,B-WAN-1,UP,1000.0,86.5618,86.99,0.0,44.57,1.6426,0.122,0,DEGRADED,26.0,1.0,6,6,55,-61.2,25.553,6.733,0,0,0,32,0,48.0,0.0,0,0,,,,,,,,,,,,,,,,,,,,,0.0,0,,SYNTHETIC,0
doe-007,0,249,2026-09-03T09:04:09Z,2026-09-03T09:04:10Z,2026-09-03T09:04:09Z,2026-09-03T09:04:10Z,site_a,SIM,synthetic_demo,A-WAN-1,UP,1000.0,456.8091,456.28,0.0,40.95,0.2842,0.108,0,DEGRADED,28.75,1.125,48,48,209,-60.5,18.129,5.238,1,3,0,31,0,323.0,0.0,0,0,MAINS,MAINS,1,0,46.83,92.0,47.9232,48.282,-4.0,3.6864,3.6864,3.714,3.714,0.0,23.2,1081.409,,52.156,,CHARGE,0.0,0,,SYNTHETIC,0
doe-007,0,249,2026-09-03T09:04:09Z,2026-09-03T09:04:10Z,2026-09-03T09:04:09Z,2026-09-03T09:04:10Z,site_b,SIM,synthetic_demo,B-WAN-1,UP,1000.0,73.6557,74.88,0.0,46.75,0.6662,0.116,0,DEGRADED,28.75,1.125,6,6,45,-59.7,22.167,6.902,1,1,0,32,0,41.0,0.0,0,0,,,,,,,,,,,,,,,,,,,,,0.0,0,,SYNTHETIC,0
doe-007,0,250,2026-09-03T09:04:10Z,2026-09-03T09:04:11Z,2026-09-03T09:04:10Z,2026-09-03T09:04:11Z,site_a,SIM,synthetic_demo,A-WAN-1,UP,1000.0,453.8009,452.98,0.0,44.9,0.9438,0.108,0,DEGRADED,31.5,1.25,48,48,249,-61.5,19.567,5.824,2,1,0,31,0,356.0,0.0,0,0,MAINS,MAINS,1,0,46.85,92.0,47.9233,48.2821,-4.0,3.68641,3.68641,3.71401,3.71401,0.0,23.1,1098.874,,51.33,,CHARGE,0.0,0,,SYNTHETIC,0
doe-007,0,250,2026-09-03T09:04:10Z,2026-09-03T09:04:11Z,2026-09-03T09:04:10Z,2026-09-03T09:04:11Z,site_b,SIM,synthetic_demo,B-WAN-1,UP,1000.0,71.4294,72.93,0.0,48.83,0.1119,0.093,0,DEGRADED,31.5,1.25,6,6,59,-61.5,25.137,7.878,0,0,0,32,0,49.0,0.0,0,0,,,,,,,,,,,,,,,,,,,,,0.0,0,,SYNTHETIC,0
doe-007,0,251,2026-09-03T09:04:11Z,2026-09-03T09:04:12Z,2026-09-03T09:04:11Z,2026-09-03T09:04:12Z,site_a,SIM,synthetic_demo,A-WAN-1,UP,1000.0,535.3241,535.78,0.0,46.72,0.429,0.094,0,DEGRADED,34.25,1.375,48,48,345,-62.3,21.536,6.484,0,2,0,31,0,499.0,0.0,0,0,MAINS,MAINS,1,0,46.86,92.0,47.9234,48.2822,-4.0,3.68642,3.68642,3.71402,3.71402,0.0,23.1,1096.06,,51.464,,CHARGE,0.0,0,,SYNTHETIC,0
doe-007,0,251,2026-09-03T09:04:11Z,2026-09-03T09:04:12Z,2026-09-03T09:04:11Z,2026-09-03T09:04:12Z,site_b,SIM,synthetic_demo,B-WAN-1,UP,1000.0,61.3912,61.45,0.0,51.82,0.1699,0.075,0,DEGRADED,34.25,1.375,6,6,56,-64.1,24.019,7.25,0,1,0,32,0,52.0,0.0,0,0,,,,,,,,,,,,,,,,,,,,,0.0,0,,SYNTHETIC,0
doe-007,0,252,2026-09-03T09:04:12Z,2026-09-03T09:04:13Z,2026-09-03T09:04:12Z,2026-09-03T09:04:13Z,site_a,SIM,synthetic_demo,A-WAN-1,UP,1000.0,443.8239,444.51,0.0,49.98,0.383,0.086,0,DEGRADED,37.0,1.5,48,48,167,-62.4,16.554,5.05,0,2,0,31,0,558.0,0.0,0,0,MAINS,MAINS,1,0,46.77,92.0,47.9236,48.2824,-4.0,3.68643,3.68643,3.71403,3.71403,0.0,23.2,1089.161,,51.793,,CHARGE,0.0,0,,SYNTHETIC,0
doe-007,0,252,2026-09-03T09:04:12Z,2026-09-03T09:04:13Z,2026-09-03T09:04:12Z,2026-09-03T09:04:13Z,site_b,SIM,synthetic_demo,B-WAN-1,UP,1000.0,59.4172,58.79,0.0,55.66,1.4454,0.106,0,DEGRADED,37.0,1.5,6,6,31,-63.3,19.208,6.003,0,0,0,32,0,55.0,0.0,0,0,,,,,,,,,,,,,,,,,,,,,0.0,0,,SYNTHETIC,0
doe-007,0,253,2026-09-03T09:04:13Z,2026-09-03T09:04:14Z,2026-09-03T09:04:13Z,2026-09-03T09:04:14Z,site_a,SIM,synthetic_demo,A-WAN-1,UP,1000.0,556.6773,556.98,0.0,52.01,0.8312,0.104,0,DEGRADED,39.75,1.625,48,48,146,-62.6,16.62,5.041,2,2,0,31,0,528.0,0.0,0,0,MAINS,MAINS,1,0,46.81,92.0,47.9237,48.2825,-4.0,3.68644,3.68644,3.71404,3.71404,0.0,23.2,1099.293,,51.318,,CHARGE,0.0,0,,SYNTHETIC,0
doe-007,0,253,2026-09-03T09:04:13Z,2026-09-03T09:04:14Z,2026-09-03T09:04:13Z,2026-09-03T09:04:14Z,site_b,SIM,synthetic_demo,B-WAN-1,UP,1000.0,74.5735,74.84,0.0,57.17,0.6765,0.078,0,DEGRADED,39.75,1.625,6,6,68,-60.0,28.772,7.931,1,0,0,32,0,65.0,0.0,0,0,,,,,,,,,,,,,,,,,,,,,0.0,0,,SYNTHETIC,0
doe-007,0,254,2026-09-03T09:04:14Z,2026-09-03T09:04:15Z,2026-09-03T09:04:14Z,2026-09-03T09:04:15Z,site_a,SIM,synthetic_demo,A-WAN-1,UP,1000.0,480.3796,481.35,0.0,58.53,4.3607,0.093,0,DEGRADED,42.5,1.75,48,48,329,-61.4,22.386,6.298,0,5,0,31,0,770.0,0.0,0,0,MAINS,MAINS,1,0,46.83,92.0,47.9238,48.2826,-4.0,3.68645,3.68645,3.71405,3.71405,0.0,23.2,1092.992,,51.617,,CHARGE,0.0,0,,SYNTHETIC,0
doe-007,0,254,2026-09-03T09:04:14Z,2026-09-03T09:04:15Z,2026-09-03T09:04:14Z,2026-09-03T09:04:15Z,site_b,SIM,synthetic_demo,B-WAN-1,UP,1000.0,66.4048,66.46,0.0,60.64,1.5017,0.098,0,DEGRADED,42.5,1.75,6,6,49,-60.2,23.563,6.856,0,0,0,32,0,60.0,0.0,0,0,,,,,,,,,,,,,,,,,,,,,0.0,0,,SYNTHETIC,0
doe-007,0,255,2026-09-03T09:04:15Z,2026-09-03T09:04:16Z,2026-09-03T09:04:15Z,2026-09-03T09:04:16Z,site_a,SIM,synthetic_demo,A-WAN-1,UP,1000.0,446.6781,446.12,0.0,58.62,1.0514,0.093,0,DEGRADED,45.25,1.875,48,48,115,-62.0,16.02,4.268,0,2,0,31,0,674.0,0.0,0,0,MAINS,MAINS,1,0,46.75,92.0,47.9239,48.2827,-4.0,3.68646,3.68646,3.71406,3.71406,0.0,23.2,1096.461,,51.456,,CHARGE,0.0,0,,SYNTHETIC,0
doe-007,0,255,2026-09-03T09:04:15Z,2026-09-03T09:04:16Z,2026-09-03T09:04:15Z,2026-09-03T09:04:16Z,site_b,SIM,synthetic_demo,B-WAN-1,UP,1000.0,67.069,67.27,0.0,64.58,2.4739,0.122,0,DEGRADED,45.25,1.875,6,6,42,-61.7,20.845,5.869,0,0,0,32,0,72.0,0.0,0,0,,,,,,,,,,,,,,,,,,,,,0.0,0,,SYNTHETIC,0
doe-007,0,256,2026-09-03T09:04:16Z,2026-09-03T09:04:17Z,2026-09-03T09:04:16Z,2026-09-03T09:04:17Z,site_a,SIM,synthetic_demo,A-WAN-1,UP,1000.0,455.3819,455.39,0.0,61.5,1.6215,0.105,0,DEGRADED,48.0,2.0,48,48,197,-62.1,17.312,5.299,2,1,0,31,0,329.0,0.0,0,0,MAINS,MAINS,1,0,46.74,92.0,47.9241,48.2829,-4.0,3.68647,3.68647,3.71407,3.71407,0.0,23.2,1098.638,,51.357,,CHARGE,0.0,0,,SYNTHETIC,0
doe-007,0,256,2026-09-03T09:04:16Z,2026-09-03T09:04:17Z,2026-09-03T09:04:16Z,2026-09-03T09:04:17Z,site_b,SIM,synthetic_demo,B-WAN-1,UP,1000.0,54.8758,54.29,0.0,64.68,0.0903,0.121,0,DEGRADED,48.0,2.0,6,6,23,-63.8,17.148,5.153,2,0,0,32,0,64.0,0.0,0,0,,,,,,,,,,,,,,,,,,,,,0.0,0,,SYNTHETIC,0
doe-007,0,257,2026-09-03T09:04:17Z,2026-09-03T09:04:18Z,2026-09-03T09:04:17Z,2026-09-03T09:04:18Z,site_a,SIM,synthetic_demo,A-WAN-1,UP,1000.0,472.9724,473.31,0.0,63.33,0.894,0.089,0,DEGRADED,50.75,2.125,48,48,291,-60.8,20.075,6.285,0,2,0,31,0,414.0,0.0,0,0,MAINS,MAINS,1,0,46.81,92.0,47.9242,48.283,-4.0,3.68648,3.68648,3.71408,3.71408,0.0,23.1,1096.887,,51.442,,CHARGE,0.0,0,,SYNTHETIC,0
doe-007,0,257,2026-09-03T09:04:17Z,2026-09-03T09:04:18Z,2026-09-03T09:04:17Z,2026-09-03T09:04:18Z,site_b,SIM,synthetic_demo,B-WAN-1,UP,1000.0,63.8231,63.34,0.0,68.4,0.7988,0.109,0,DEGRADED,50.75,2.125,6,6,54,-61.5,23.131,7.166,0,1,0,32,0,56.0,0.0,0,0,,,,,,,,,,,,,,,,,,,,,0.0,0,,SYNTHETIC,0
doe-007,0,258,2026-09-03T09:04:18Z,2026-09-03T09:04:19Z,2026-09-03T09:04:18Z,2026-09-03T09:04:19Z,site_a,SIM,synthetic_demo,A-WAN-1,UP,1000.0,428.9347,428.58,0.0,66.18,0.8351,0.057,0,DEGRADED,53.5,2.25,48,48,195,-62.3,18.216,5.151,1,2,0,31,0,307.0,0.0,0,0,MAINS,MAINS,1,0,46.78,92.0,47.9243,48.2831,-4.0,3.68649,3.68649,3.71409,3.71409,0.0,23.0,1088.16,,51.857,,CHARGE,0.0,0,,SYNTHETIC,0
doe-007,0,258,2026-09-03T09:04:18Z,2026-09-03T09:04:19Z,2026-09-03T09:04:18Z,2026-09-03T09:04:19Z,site_b,SIM,synthetic_demo,B-WAN-1,UP,1000.0,61.0315,61.74,0.0,71.7,1.1049,0.131,0,DEGRADED,53.5,2.25,6,6,69,-62.1,29.739,8.461,0,1,0,32,0,44.0,0.0,0,0,,,,,,,,,,,,,,,,,,,,,0.0,0,,SYNTHETIC,0
doe-007,0,259,2026-09-03T09:04:19Z,2026-09-03T09:04:20Z,2026-09-03T09:04:19Z,2026-09-03T09:04:20Z,site_a,SIM,synthetic_demo,A-WAN-1,UP,1000.0,488.4426,488.41,0.0,68.88,0.9808,0.078,0,DEGRADED,56.25,2.375,48,48,234,-62.4,18.933,5.623,1,4,0,31,0,621.0,0.0,0,0,MAINS,MAINS,1,0,46.87,92.0,47.9245,48.2833,-4.0,3.6865,3.6865,3.7141,3.7141,0.0,23.2,1079.178,,52.291,,CHARGE,0.0,0,,SYNTHETIC,0
doe-007,0,259,2026-09-03T09:04:19Z,2026-09-03T09:04:20Z,2026-09-03T09:04:19Z,2026-09-03T09:04:20Z,site_b,SIM,synthetic_demo,B-WAN-1,UP,1000.0,66.651,66.06,0.0,73.82,0.5679,0.102,0,DEGRADED,56.25,2.375,6,6,30,-61.0,18.291,4.531,0,0,0,32,0,87.0,0.0,0,0,,,,,,,,,,,,,,,,,,,,,0.0,0,,SYNTHETIC,0
doe-007,0,260,2026-09-03T09:04:20Z,2026-09-03T09:04:21Z,2026-09-03T09:04:20Z,2026-09-03T09:04:21Z,site_a,SIM,synthetic_demo,A-WAN-1,UP,1000.0,416.217,416.07,0.0,71.9,0.1958,0.11,0,DEGRADED,59.0,2.5,48,48,188,-61.4,17.514,5.199,1,1,0,31,0,356.0,0.0,0,0,MAINS,MAINS,1,0,46.83,92.0,47.9246,48.2834,-4.0,3.68651,3.68651,3.71411,3.71411,0.0,,1101.165,,51.25,,CHARGE,0.0,0,,SYNTHETIC|GAP|MISSING_MAR,0
doe-007,0,260,2026-09-03T09:04:20Z,2026-09-03T09:04:21Z,2026-09-03T09:04:20Z,2026-09-03T09:04:21Z,site_b,SIM,synthetic_demo,B-WAN-1,UP,1000.0,65.7031,65.99,0.0,76.74,0.6433,0.093,0,DEGRADED,59.0,2.5,6,6,17,-62.9,14.77,4.828,0,0,0,32,0,37.0,0.0,0,0,,,,,,,,,,,,,,,,,,,,,0.0,0,,SYNTHETIC,0
doe-007,0,261,2026-09-03T09:04:21Z,2026-09-03T09:04:22Z,2026-09-03T09:04:21Z,2026-09-03T09:04:22Z,site_a,SIM,synthetic_demo,A-WAN-1,UP,1000.0,551.1587,552.1,0.0,73.91,2.2805,0.097,0,DEGRADED,59.0,2.5,48,48,155,-63.5,16.081,4.647,0,2,0,31,0,391.0,0.0,0,0,MAINS,MAINS,1,0,46.7,92.0,47.9247,48.2835,-4.0,3.68652,3.68652,3.71412,3.71412,0.0,23.1,1080.701,,52.223,,CHARGE,0.0,0,,SYNTHETIC,0
doe-007,0,261,2026-09-03T09:04:21Z,2026-09-03T09:04:22Z,2026-09-03T09:04:21Z,2026-09-03T09:04:22Z,site_b,SIM,synthetic_demo,B-WAN-1,UP,1000.0,76.0648,,0.0,79.29,2.9091,0.089,0,DEGRADED,59.0,2.5,6,6,33,-62.6,20.949,6.56,0,0,0,32,0,81.0,0.0,0,0,,,,,,,,,,,,,,,,,,,,,0.0,0,,SYNTHETIC|GAP|MISSING_MCAR,0
doe-007,0,262,2026-09-03T09:04:22Z,2026-09-03T09:04:23Z,2026-09-03T09:04:22Z,2026-09-03T09:04:23Z,site_a,SIM,synthetic_demo,A-WAN-1,UP,1000.0,435.3327,435.42,0.0,74.44,3.3575,0.07,0,DEGRADED,59.0,2.5,48,48,167,-62.1,16.593,4.999,1,0,0,31,0,551.0,0.0,0,0,MAINS,MAINS,1,0,46.73,92.0,47.9248,48.2836,-4.0,3.68653,3.68653,3.71413,3.71413,0.0,23.1,1096.142,,51.49,,CHARGE,0.0,0,,SYNTHETIC,0
doe-007,0,262,2026-09-03T09:04:22Z,2026-09-03T09:04:23Z,2026-09-03T09:04:22Z,2026-09-03T09:04:23Z,site_b,SIM,synthetic_demo,B-WAN-1,UP,1000.0,72.3088,72.03,0.0,78.21,2.1543,0.084,0,DEGRADED,59.0,2.5,6,6,52,-62.8,23.096,7.616,0,1,0,32,0,44.0,0.0,0,0,,,,,,,,,,,,,,,,,,,,,0.0,0,,SYNTHETIC,0
doe-007,0,263,2026-09-03T09:04:23Z,2026-09-03T09:04:24Z,2026-09-03T09:04:23Z,2026-09-03T09:04:24Z,site_a,SIM,synthetic_demo,A-WAN-1,UP,1000.0,450.9415,451.93,0.0,70.91,0.1825,0.134,0,DEGRADED,59.0,2.5,48,48,86,-62.9,14.475,4.535,3,3,0,31,0,259.0,0.0,0,0,MAINS,MAINS,1,0,46.88,92.0,47.925,48.2838,-4.0,3.68654,3.68654,3.71414,3.71414,0.0,23.2,1098.765,,51.37,,CHARGE,0.0,0,,SYNTHETIC,0
doe-007,0,263,2026-09-03T09:04:23Z,2026-09-03T09:04:24Z,2026-09-03T09:04:23Z,2026-09-03T09:04:24Z,site_b,SIM,synthetic_demo,B-WAN-1,UP,1000.0,65.0158,64.91,0.0,77.04,0.9505,0.119,0,DEGRADED,59.0,2.5,6,6,46,-63.4,20.689,6.829,0,0,0,32,0,61.0,0.0,0,0,,,,,,,,,,,,,,,,,,,,,0.0,0,,SYNTHETIC,0
doe-007,0,264,2026-09-03T09:04:24Z,2026-09-03T09:04:25Z,2026-09-03T09:04:24Z,2026-09-03T09:04:25Z,site_a,SIM,synthetic_demo,A-WAN-1,UP,1000.0,442.7119,441.43,0.0,72.42,1.247,0.066,0,DEGRADED,59.0,2.5,48,48,327,-61.3,21.925,6.48,0,5,0,31,0,311.0,0.0,0,0,MAINS,MAINS,1,0,46.84,92.0,47.9251,48.2839,-4.0,3.68655,3.68655,3.71415,3.71415,0.0,23.3,1072.219,,52.644,,CHARGE,0.0,0,,SYNTHETIC,0
doe-007,0,264,2026-09-03T09:04:24Z,2026-09-03T09:04:25Z,2026-09-03T09:04:24Z,2026-09-03T09:04:25Z,site_b,SIM,synthetic_demo,B-WAN-1,UP,1000.0,76.9576,77.29,0.0,77.78,1.5704,0.08,0,DEGRADED,59.0,2.5,6,6,34,-63.9,19.543,7.008,0,1,0,32,0,45.0,0.0,0,0,,,,,,,,,,,,,,,,,,,,,0.0,0,,SYNTHETIC,0
doe-007,0,265,2026-09-03T09:04:25Z,2026-09-03T09:04:26Z,2026-09-03T09:04:25Z,2026-09-03T09:04:26Z,site_a,SIM,synthetic_demo,A-WAN-1,UP,1000.0,478.1562,479.45,0.0,72.16,0.9454,0.095,0,DEGRADED,59.0,2.5,48,48,184,-61.3,16.265,4.882,0,3,0,31,0,411.0,0.0,0,0,MAINS,MAINS,1,0,46.86,92.0,47.9252,48.284,-4.0,3.68656,3.68656,3.71416,3.71416,0.0,23.2,1095.074,,51.548,,CHARGE,0.0,0,,SYNTHETIC,0
doe-007,0,265,2026-09-03T09:04:25Z,2026-09-03T09:04:26Z,2026-09-03T09:04:25Z,2026-09-03T09:04:26Z,site_b,SIM,synthetic_demo,B-WAN-1,UP,1000.0,76.8679,76.18,0.0,76.13,0.2417,0.108,0,DEGRADED,59.0,2.5,6,6,15,-63.9,15.51,4.749,0,1,0,32,0,55.0,0.0,0,0,,,,,,,,,,,,,,,,,,,,,0.0,0,,SYNTHETIC,0
doe-007,0,266,2026-09-03T09:04:26Z,2026-09-03T09:04:27Z,2026-09-03T09:04:26Z,2026-09-03T09:04:27Z,site_a,SIM,synthetic_demo,A-WAN-1,UP,1000.0,450.1197,450.66,0.0,71.74,0.7301,0.104,0,DEGRADED,59.0,2.5,48,48,292,-61.9,20.989,5.935,0,0,0,31,0,506.0,0.0,0,0,MAINS,MAINS,1,0,46.83,92.0,47.9254,48.2842,-4.0,3.68657,3.68657,3.71417,3.71417,0.0,23.1,1086.714,,51.947,,CHARGE,0.0,0,,SYNTHETIC,0
doe-007,0,266,2026-09-03T09:04:26Z,2026-09-03T09:04:27Z,2026-09-03T09:04:26Z,2026-09-03T09:04:27Z,site_b,SIM,synthetic_demo,B-WAN-1,UP,1000.0,83.5265,84.44,0.0,76.27,1.0115,0.114,0,DEGRADED,59.0,2.5,6,6,28,-61.6,19.102,5.679,0,0,0,32,0,57.0,0.0,0,0,,,,,,,,,,,,,,,,,,,,,0.0,0,,SYNTHETIC,0
doe-007,0,267,2026-09-03T09:04:27Z,2026-09-03T09:04:28Z,2026-09-03T09:04:27Z,2026-09-03T09:04:28Z,site_a,SIM,synthetic_demo,A-WAN-1,UP,1000.0,448.5827,,0.0,70.49,0.1579,0.069,0,DEGRADED,59.0,2.5,48,48,251,-62.4,19.233,5.705,3,5,0,31,0,315.0,0.0,0,0,MAINS,MAINS,1,0,46.75,92.0,47.9255,48.2843,-4.0,3.68658,3.68658,3.71418,3.71418,0.0,23.1,1100.162,,51.315,,CHARGE,0.0,0,,SYNTHETIC|GAP|MISSING_MAR,0
doe-007,0,267,2026-09-03T09:04:27Z,2026-09-03T09:04:28Z,2026-09-03T09:04:27Z,2026-09-03T09:04:28Z,site_b,SIM,synthetic_demo,B-WAN-1,UP,1000.0,76.6493,76.63,0.0,75.66,0.1055,0.105,0,DEGRADED,59.0,2.5,6,6,33,-61.5,20.534,5.861,0,0,0,32,0,55.0,0.0,0,0,,,,,,,,,,,,,,,,,,,,,0.0,0,,SYNTHETIC,0
doe-007,0,268,2026-09-03T09:04:28Z,2026-09-03T09:04:29Z,2026-09-03T09:04:28Z,2026-09-03T09:04:29Z,site_a,SIM,synthetic_demo,A-WAN-1,UP,1000.0,442.8592,443.05,0.0,72.43,1.2227,0.081,0,DEGRADED,59.0,2.5,48,48,60,-62.2,12.973,3.977,3,5,0,31,0,390.0,0.0,0,0,MAINS,MAINS,1,0,46.81,92.0,47.9256,48.2844,-4.0,3.68659,3.68659,3.71419,3.71419,0.0,23.1,1076.08,,52.466,,CHARGE,0.0,0,,SYNTHETIC,0
doe-007,0,268,2026-09-03T09:04:28Z,2026-09-03T09:04:29Z,2026-09-03T09:04:28Z,2026-09-03T09:04:29Z,site_b,SIM,synthetic_demo,B-WAN-1,UP,1000.0,80.6464,79.69,0.0,77.59,1.6828,0.123,0,DEGRADED,59.0,2.5,6,6,35,-61.7,19.924,5.45,0,1,0,32,0,66.0,0.0,0,0,,,,,,,,,,,,,,,,,,,,,0.0,0,,SYNTHETIC,0
doe-007,0,269,2026-09-03T09:04:29Z,2026-09-03T09:04:30Z,2026-09-03T09:04:29Z,2026-09-03T09:04:30Z,site_a,SIM,synthetic_demo,A-WAN-1,UP,1000.0,440.6281,439.68,0.0,73.51,2.6468,0.078,0,DEGRADED,59.0,2.5,48,48,383,-61.1,23.021,6.892,1,3,0,31,0,293.0,0.0,0,0,MAINS,MAINS,1,0,46.79,92.0,47.9257,48.2845,-4.0,3.6866,3.6866,3.7142,3.7142,0.0,23.2,1097.583,,51.441,,CHARGE,0.0,0,,SYNTHETIC,0
doe-007,0,269,2026-09-03T09:04:29Z,2026-09-03T09:04:30Z,2026-09-03T09:04:29Z,2026-09-03T09:04:30Z,site_b,SIM,synthetic_demo,B-WAN-1,UP,1000.0,75.858,76.13,0.0,75.84,0.101,0.128,0,DEGRADED,59.0,2.5,6,6,54,-61.0,24.804,6.997,0,0,0,32,0,80.0,0.0,0,0,,,,,,,,,,,,,,,,,,,,,0.0,0,,SYNTHETIC,0
doe-007,0,270,2026-09-03T09:04:30Z,2026-09-03T09:04:31Z,2026-09-03T09:04:30Z,2026-09-03T09:04:31Z,site_a,SIM,synthetic_demo,A-WAN-1,UP,1000.0,407.4116,406.75,0.0,72.65,2.7738,0.088,0,DEGRADED,59.0,2.5,48,48,169,-62.8,16.938,5.055,0,0,0,31,0,253.0,0.0,0,0,MAINS,MAINS,1,0,46.91,92.0,47.9259,48.2847,-4.0,3.68661,3.68661,3.71421,3.71421,0.0,23.1,1087.496,,51.921,,CHARGE,0.0,0,,SYNTHETIC,0
doe-007,0,270,2026-09-03T09:04:30Z,2026-09-03T09:04:31Z,2026-09-03T09:04:30Z,2026-09-03T09:04:31Z,site_b,SIM,synthetic_demo,B-WAN-1,UP,1000.0,80.6155,80.54,0.0,79.68,3.4549,0.092,0,DEGRADED,59.0,2.5,6,6,41,-63.9,20.53,7.463,0,1,0,32,0,52.0,0.0,0,0,,,,,,,,,,,,,,,,,,,,,0.0,0,,SYNTHETIC,0
doe-007,0,271,2026-09-03T09:04:31Z,2026-09-03T09:04:32Z,2026-09-03T09:04:31Z,2026-09-03T09:04:32Z,site_a,SIM,synthetic_demo,A-WAN-1,UP,1000.0,435.7085,435.48,0.0,73.45,2.3953,0.119,0,DEGRADED,59.0,2.5,48,48,257,-61.8,19.869,5.845,1,2,0,31,0,311.0,0.0,0,0,MAINS,MAINS,1,0,46.88,92.0,47.926,48.2848,-4.0,3.68662,3.68662,3.71422,3.71422,0.0,23.2,1089.497,,51.828,,CHARGE,0.0,0,,SYNTHETIC,0
doe-007,0,271,2026-09-03T09:04:31Z,2026-09-03T09:04:32Z,2026-09-03T09:04:31Z,2026-09-03T09:04:32Z,site_b,SIM,synthetic_demo,B-WAN-1,UP,1000.0,106.9797,107.96,0.0,77.23,1.194,0.101,0,DEGRADED,59.0,2.5,6,6,63,-62.2,26.205,8.164,0,1,0,32,0,65.0,0.0,0,0,,,,,,,,,,,,,,,,,,,,,0.0,0,,SYNTHETIC,0
doe-007,0,272,2026-09-03T09:04:32Z,2026-09-03T09:04:33Z,2026-09-03T09:04:32Z,2026-09-03T09:04:33Z,site_a,SIM,synthetic_demo,A-WAN-1,UP,1000.0,487.1455,487.11,0.0,71.25,0.7669,0.111,0,DEGRADED,59.0,2.5,48,48,326,-61.6,22.054,6.37,0,3,0,31,0,423.0,0.0,0,0,MAINS,MAINS,1,0,46.85,92.0,47.9261,48.2849,-4.0,3.68663,3.68663,3.71423,3.71423,0.0,23.3,1091.637,,51.729,,CHARGE,0.0,0,,SYNTHETIC,0
doe-007,0,272,2026-09-03T09:04:32Z,2026-09-03T09:04:33Z,2026-09-03T09:04:32Z,2026-09-03T09:04:33Z,site_b,SIM,synthetic_demo,B-WAN-1,UP,1000.0,83.1614,82.44,0.0,77.56,2.3382,0.095,0,DEGRADED,59.0,2.5,6,6,33,-60.4,20.513,5.028,0,2,0,32,0,78.0,0.0,0,0,,,,,,,,,,,,,,,,,,,,,0.0,0,,SYNTHETIC,0
doe-007,0,273,2026-09-03T09:04:33Z,2026-09-03T09:04:34Z,2026-09-03T09:04:33Z,2026-09-03T09:04:34Z,site_a,SIM,synthetic_demo,A-WAN-1,UP,1000.0,431.195,431.59,0.0,70.52,0.3368,0.066,0,DEGRADED,59.0,2.5,48,48,266,-60.7,20.459,5.656,1,5,0,31,0,285.0,0.0,0,0,MAINS,MAINS,1,0,46.72,92.0,47.9263,48.2851,-4.0,3.68664,3.68664,3.71424,3.71424,0.0,23.0,1091.119,,51.757,,CHARGE,0.0,0,,SYNTHETIC,0
doe-007,0,273,2026-09-03T09:04:33Z,2026-09-03T09:04:34Z,2026-09-03T09:04:33Z,2026-09-03T09:04:34Z,site_b,SIM,synthetic_demo,B-WAN-1,UP,1000.0,90.6003,90.92,0.0,76.59,0.9839,0.057,0,DEGRADED,59.0,2.5,6,6,79,-62.6,31.328,9.169,0,1,0,32,0,81.0,0.0,0,0,,,,,,,,,,,,,,,,,,,,,0.0,0,,SYNTHETIC,0
doe-007,0,274,2026-09-03T09:04:34Z,2026-09-03T09:04:35Z,2026-09-03T09:04:34Z,2026-09-03T09:04:35Z,site_a,SIM,synthetic_demo,A-WAN-1,UP,1000.0,406.666,406.82,0.0,71.11,0.232,0.093,0,DEGRADED,59.0,2.5,48,48,121,-60.6,15.451,4.324,2,1,0,31,0,434.0,0.0,0,0,MAINS,MAINS,1,0,46.83,92.0,47.9264,48.2852,-4.0,3.68664,3.68664,3.71424,3.71424,0.0,23.1,1078.135,,52.383,,CHARGE,0.0,0,,SYNTHETIC,0
doe-007,0,274,2026-09-03T09:04:34Z,2026-09-03T09:04:35Z,2026-09-03T09:04:34Z,2026-09-03T09:04:35Z,site_b,SIM,synthetic_demo,B-WAN-1,UP,1000.0,80.4254,79.64,0.0,77.83,1.9809,0.09,0,DEGRADED,59.0,2.5,6,6,65,-59.9,24.974,8.0,0,1,0,32,0,55.0,0.0,0,0,,,,,,,,,,,,,,,,,,,,,0.0,0,,SYNTHETIC,0
doe-007,0,275,2026-09-03T09:04:35Z,2026-09-03T09:04:36Z,2026-09-03T09:04:35Z,2026-09-03T09:04:36Z,site_a,SIM,synthetic_demo,A-WAN-1,UP,1000.0,424.1011,424.46,0.0,72.42,0.5305,0.115,0,DEGRADED,59.0,2.5,48,48,216,-61.8,17.42,5.621,0,4,0,31,0,282.0,0.0,0,0,MAINS,MAINS,1,0,46.89,92.0,47.9265,48.2853,-4.0,3.68665,3.68665,3.71425,3.71425,0.0,23.1,1098.357,,51.421,,CHARGE,0.0,0,,SYNTHETIC,0
doe-007,0,275,2026-09-03T09:04:35Z,2026-09-03T09:04:36Z,2026-09-03T09:04:35Z,2026-09-03T09:04:36Z,site_b,SIM,synthetic_demo,B-WAN-1,UP,1000.0,71.0164,71.17,0.0,76.23,1.2319,0.079,0,DEGRADED,59.0,2.5,6,6,56,-61.8,23.498,7.422,0,0,0,32,0,34.0,0.0,0,0,,,,,,,,,,,,,,,,,,,,,0.0,0,,SYNTHETIC,0
doe-007,0,276,2026-09-03T09:04:36Z,2026-09-03T09:04:37Z,2026-09-03T09:04:36Z,2026-09-03T09:04:37Z,site_a,SIM,synthetic_demo,A-WAN-1,UP,1000.0,436.7963,436.6,0.0,73.79,2.1717,0.101,0,DEGRADED,59.0,2.5,48,48,124,-61.6,15.592,4.38,0,4,0,31,0,352.0,0.0,0,0,MAINS,MAINS,1,0,46.88,92.0,47.9266,48.2854,-4.0,3.68666,3.68666,3.71426,3.71426,0.0,23.1,1091.493,,51.747,,CHARGE,0.0,0,,SYNTHETIC,0
doe-007,0,276,2026-09-03T09:04:36Z,2026-09-03T09:04:37Z,2026-09-03T09:04:36Z,2026-09-03T09:04:37Z,site_b,SIM,synthetic_demo,B-WAN-1,UP,1000.0,91.2443,90.45,0.0,76.24,0.0804,0.097,0,DEGRADED,59.0,2.5,6,6,44,-62.0,22.03,6.697,1,1,0,32,0,55.0,0.0,0,0,,,,,,,,,,,,,,,,,,,,,0.0,0,,SYNTHETIC,0
doe-007,0,277,2026-09-03T09:04:37Z,2026-09-03T09:04:38Z,2026-09-03T09:04:37Z,2026-09-03T09:04:38Z,site_a,SIM,synthetic_demo,A-WAN-1,UP,1000.0,472.8011,473.05,0.0,73.36,2.1604,0.098,0,DEGRADED,59.0,2.5,48,48,160,-62.4,16.324,5.283,0,2,0,31,0,287.0,0.0,0,0,MAINS,MAINS,1,0,46.92,92.0,47.9268,48.2856,-4.0,3.68667,3.68667,3.71427,3.71427,0.0,23.1,1083.596,,52.127,,CHARGE,0.0,0,,SYNTHETIC,0
doe-007,0,277,2026-09-03T09:04:37Z,2026-09-03T09:04:38Z,2026-09-03T09:04:37Z,2026-09-03T09:04:38Z,site_b,SIM,synthetic_demo,B-WAN-1,UP,1000.0,82.6138,83.13,0.0,76.44,1.1302,0.161,0,DEGRADED,59.0,2.5,6,6,26,-61.9,17.482,5.453,0,0,0,32,0,73.0,0.0,0,0,,,,,,,,,,,,,,,,,,,,,0.0,0,,SYNTHETIC,0
doe-007,0,278,2026-09-03T09:04:38Z,2026-09-03T09:04:39Z,2026-09-03T09:04:38Z,2026-09-03T09:04:39Z,site_a,SIM,synthetic_demo,A-WAN-1,UP,1000.0,483.6253,483.84,0.0,71.6,0.632,0.077,0,DEGRADED,59.0,2.5,48,48,229,-61.3,18.199,5.844,1,1,0,31,0,331.0,0.0,0,0,MAINS,MAINS,1,0,46.86,92.0,47.9269,48.2857,-4.0,3.68668,3.68668,3.71428,3.71428,0.0,23.1,1084.827,,52.07,,CHARGE,0.0,0,,SYNTHETIC,0
doe-007,0,278,2026-09-03T09:04:38Z,2026-09-03T09:04:39Z,2026-09-03T09:04:38Z,2026-09-03T09:04:39Z,site_b,SIM,synthetic_demo,B-WAN-1,UP,1000.0,67.4331,67.21,0.0,77.56,0.9477,0.091,0,DEGRADED,59.0,2.5,6,6,39,-63.1,19.81,6.657,0,1,0,32,0,84.0,0.0,0,0,,,,,,,,,,,,,,,,,,,,,0.0,0,,SYNTHETIC,0
doe-007,0,279,2026-09-03T09:04:39Z,2026-09-03T09:04:40Z,2026-09-03T09:04:39Z,2026-09-03T09:04:40Z,site_a,SIM,synthetic_demo,A-WAN-1,UP,1000.0,451.2351,451.12,0.0,73.91,2.5917,0.054,0,DEGRADED,59.0,2.5,48,48,187,-61.9,18.08,5.058,0,0,0,31,0,292.0,0.0,0,0,MAINS,MAINS,1,0,46.85,92.0,47.927,48.2858,-4.0,3.68669,3.68669,3.71429,3.71429,0.0,23.4,1087.812,,51.93,,CHARGE,0.0,0,,SYNTHETIC,0
doe-007,0,279,2026-09-03T09:04:39Z,2026-09-03T09:04:40Z,2026-09-03T09:04:39Z,2026-09-03T09:04:40Z,site_b,SIM,synthetic_demo,B-WAN-1,UP,1000.0,73.9385,73.95,0.0,76.52,0.5607,0.083,0,DEGRADED,59.0,2.5,6,6,20,-60.7,17.366,5.1,1,0,0,32,0,37.0,0.0,0,0,,,,,,,,,,,,,,,,,,,,,0.0,0,,SYNTHETIC,0
doe-007,0,280,2026-09-03T09:04:40Z,2026-09-03T09:04:41Z,2026-09-03T09:04:40Z,2026-09-03T09:04:41Z,site_a,SIM,synthetic_demo,A-WAN-1,UP,1000.0,489.7598,490.19,0.0,74.91,3.7375,0.102,0,DEGRADED,59.0,2.5,48,48,122,-61.4,15.641,4.56,1,1,0,31,0,396.0,0.0,0,0,MAINS,MAINS,1,0,46.86,92.0,47.9272,48.286,-4.0,3.6867,3.6867,3.7143,3.7143,0.0,23.2,1090.041,,51.827,,CHARGE,0.0,0,,SYNTHETIC,0
doe-007,0,280,2026-09-03T09:04:40Z,2026-09-03T09:04:41Z,2026-09-03T09:04:40Z,2026-09-03T09:04:41Z,site_b,SIM,synthetic_demo,B-WAN-1,UP,1000.0,68.0514,69.03,0.0,80.14,4.7481,0.153,0,DEGRADED,59.0,2.5,6,6,23,-62.5,18.262,5.186,0,0,0,32,0,56.0,0.0,0,0,,,,,,,,,,,,,,,,,,,,,0.0,0,,SYNTHETIC,0
doe-007,0,281,2026-09-03T09:04:41Z,2026-09-03T09:04:42Z,2026-09-03T09:04:41Z,2026-09-03T09:04:42Z,site_a,SIM,synthetic_demo,A-WAN-1,UP,1000.0,445.1346,444.21,0.0,71.81,0.7051,0.066,0,DEGRADED,59.0,2.5,48,48,192,-61.7,16.559,5.27,0,0,0,31,0,358.0,0.0,0,0,MAINS,MAINS,1,0,46.87,92.0,47.9273,48.2861,-4.0,3.68671,3.68671,3.71431,3.71431,0.0,23.0,1092.28,,51.723,,CHARGE,0.0,0,,SYNTHETIC,0
doe-007,0,281,2026-09-03T09:04:41Z,2026-09-03T09:04:42Z,2026-09-03T09:04:41Z,2026-09-03T09:04:42Z,site_b,SIM,synthetic_demo,B-WAN-1,UP,1000.0,68.6067,70.0,0.0,76.77,1.5656,0.065,0,DEGRADED,59.0,2.5,6,6,67,-59.3,27.886,8.359,0,0,0,32,0,76.0,0.0,0,0,,,,,,,,,,,,,,,,,,,,,0.0,0,,SYNTHETIC,0
doe-007,0,282,2026-09-03T09:04:42Z,2026-09-03T09:04:43Z,2026-09-03T09:04:42Z,2026-09-03T09:04:43Z,site_a,SIM,synthetic_demo,A-WAN-1,UP,1000.0,750.1786,750.62,0.0,73.19,1.5071,0.113,0,DEGRADED,59.0,2.5,48,48,278,-61.5,19.604,5.902,2,0,0,31,0,328.0,0.0,0,0,MAINS,MAINS,1,0,46.81,92.0,47.9274,48.2862,-4.0,3.68672,3.68672,3.71432,3.71432,0.0,23.1,1079.168,,52.354,,CHARGE,0.0,0,,SYNTHETIC,0
doe-007,0,282,2026-09-03T09:04:42Z,2026-09-03T09:04:43Z,2026-09-03T09:04:42Z,2026-09-03T09:04:43Z,site_b,SIM,synthetic_demo,B-WAN-1,UP,1000.0,68.7598,68.23,0.0,77.52,1.3612,0.089,0,DEGRADED,59.0,2.5,6,6,58,-61.6,25.65,7.635,0,0,0,32,0,61.0,0.0,0,0,,,,,,,,,,,,,,,,,,,,,0.0,0,,SYNTHETIC,0
doe-007,0,283,2026-09-03T09:04:43Z,2026-09-03T09:04:44Z,2026-09-03T09:04:43Z,2026-09-03T09:04:44Z,site_a,SIM,synthetic_demo,A-WAN-1,UP,1000.0,503.176,502.76,0.0,72.9,2.0131,0.084,0,DEGRADED,59.0,2.5,48,48,173,-62.0,16.631,4.96,0,2,0,31,0,337.0,0.0,0,0,MAINS,MAINS,1,0,46.87,92.0,47.9275,48.2863,-4.0,3.68673,3.68673,3.71433,3.71433,0.0,23.1,1093.804,,51.656,,CHARGE,0.0,0,,SYNTHETIC,0
doe-007,0,283,2026-09-03T09:04:43Z,2026-09-03T09:04:44Z,2026-09-03T09:04:43Z,2026-09-03T09:04:44Z,site_b,SIM,synthetic_demo,B-WAN-1,UP,1000.0,87.7142,87.79,0.0,76.39,0.7165,0.084,0,DEGRADED,59.0,2.5,6,6,37,-61.4,19.386,6.137,0,0,0,32,0,54.0,0.0,0,0,,,,,,,,,,,,,,,,,,,,,0.0,0,,SYNTHETIC,0
doe-007,0,284,2026-09-03T09:04:44Z,2026-09-03T09:04:45Z,2026-09-03T09:04:44Z,2026-09-03T09:04:45Z,site_a,SIM,synthetic_demo,A-WAN-1,UP,1000.0,450.396,450.28,0.0,73.04,1.794,0.07,0,DEGRADED,59.0,2.5,48,48,279,-61.4,20.017,5.869,4,1,0,31,0,353.0,0.0,0,0,MAINS,MAINS,1,0,46.89,92.0,47.9277,48.2865,-4.0,3.68674,3.68674,3.71434,3.71434,0.0,23.1,1071.362,,52.741,,CHARGE,0.0,0,,SYNTHETIC,0
doe-007,0,284,2026-09-03T09:04:44Z,2026-09-03T09:04:45Z,2026-09-03T09:04:44Z,2026-09-03T09:04:45Z,site_b,SIM,synthetic_demo,B-WAN-1,UP,1000.0,68.8376,68.88,0.0,79.16,3.079,0.088,0,DEGRADED,59.0,2.5,6,6,22,-61.0,17.26,4.908,0,0,0,32,0,47.0,0.0,0,0,,,,,,,,,,,,,,,,,,,,,0.0,0,,SYNTHETIC,0
doe-007,0,285,2026-09-03T09:04:45Z,2026-09-03T09:04:46Z,2026-09-03T09:04:45Z,2026-09-03T09:04:46Z,site_a,SIM,synthetic_demo,A-WAN-1,UP,1000.0,423.201,422.83,0.0,71.81,0.3117,0.094,0,DEGRADED,59.0,2.5,48,48,198,-61.5,17.43,5.272,0,2,0,31,0,313.0,0.0,0,0,MAINS,MAINS,1,0,46.72,92.0,47.9278,48.2866,-4.0,3.68675,3.68675,3.71435,3.71435,0.0,23.2,1074.639,,52.583,,CHARGE,0.0,0,,SYNTHETIC,0
doe-007,0,285,2026-09-03T09:04:45Z,2026-09-03T09:04:46Z,2026-09-03T09:04:45Z,2026-09-03T09:04:46Z,site_b,SIM,synthetic_demo,B-WAN-1,UP,1000.0,111.0698,111.22,0.0,75.64,0.3758,0.125,0,DEGRADED,59.0,2.5,6,6,21,-61.5,17.754,4.073,0,0,0,32,0,85.0,0.0,0,0,,,,,,,,,,,,,,,,,,,,,0.0,0,,SYNTHETIC,0
doe-007,0,286,2026-09-03T09:04:46Z,2026-09-03T09:04:47Z,2026-09-03T09:04:46Z,2026-09-03T09:04:47Z,site_a,SIM,synthetic_demo,A-WAN-1,UP,1000.0,427.8969,428.37,0.0,73.07,2.1889,0.075,0,DEGRADED,59.0,2.5,48,48,265,-63.3,19.245,5.883,1,2,0,31,0,223.0,0.0,0,0,MAINS,MAINS,1,0,46.93,92.0,47.9279,48.2867,-4.0,3.68676,3.68676,3.71436,3.71436,0.0,23.3,1086.846,,51.995,,CHARGE,0.0,0,,SYNTHETIC,0
doe-007,0,286,2026-09-03T09:04:46Z,2026-09-03T09:04:47Z,2026-09-03T09:04:46Z,2026-09-03T09:04:47Z,site_b,SIM,synthetic_demo,B-WAN-1,UP,1000.0,100.0845,99.88,0.0,76.22,0.2531,0.082,0,DEGRADED,59.0,2.5,6,6,26,-61.7,18.988,4.782,0,1,0,32,0,67.0,0.0,0,0,,,,,,,,,,,,,,,,,,,,,0.0,0,,SYNTHETIC,0
doe-007,0,287,2026-09-03T09:04:47Z,2026-09-03T09:04:48Z,2026-09-03T09:04:47Z,2026-09-03T09:04:48Z,site_a,SIM,synthetic_demo,A-WAN-1,UP,1000.0,410.7339,411.88,0.0,71.29,0.0756,0.127,0,DEGRADED,59.0,2.5,48,48,121,-62.1,15.296,4.757,0,5,0,31,0,247.0,0.0,0,0,MAINS,MAINS,1,0,46.86,92.0,47.9281,48.2869,-4.0,3.68677,3.68677,3.71437,3.71437,0.0,23.1,1092.862,,51.712,,CHARGE,0.0,0,,SYNTHETIC,0
doe-007,0,287,2026-09-03T09:04:47Z,2026-09-03T09:04:48Z,2026-09-03T09:04:47Z,2026-09-03T09:04:48Z,site_b,SIM,synthetic_demo,B-WAN-1,UP,1000.0,83.1212,83.17,0.0,78.18,1.9282,0.081,0,DEGRADED,59.0,2.5,6,6,54,-61.9,25.493,8.034,1,0,0,32,0,73.0,0.0,0,0,,,,,,,,,,,,,,,,,,,,,0.0,0,,SYNTHETIC,0
doe-007,0,288,2026-09-03T09:04:48Z,2026-09-03T09:04:49Z,2026-09-03T09:04:48Z,2026-09-03T09:04:49Z,site_a,SIM,synthetic_demo,A-WAN-1,UP,1000.0,487.7351,488.05,0.0,74.56,2.8862,0.123,0,DEGRADED,59.0,2.5,48,48,130,-61.8,15.266,4.536,0,5,0,31,0,385.0,0.0,0,0,MAINS,MAINS,1,0,46.84,92.0,47.9282,48.287,-4.0,3.68678,3.68678,3.71438,3.71438,0.0,23.1,1092.037,,51.753,,CHARGE,0.0,0,,SYNTHETIC,0
doe-007,0,288,2026-09-03T09:04:48Z,2026-09-03T09:04:49Z,2026-09-03T09:04:48Z,2026-09-03T09:04:49Z,site_b,SIM,synthetic_demo,B-WAN-1,UP,1000.0,73.7317,73.83,0.0,79.57,2.877,0.124,0,DEGRADED,59.0,2.5,6,6,34,-60.8,19.923,5.605,0,1,0,32,0,50.0,0.0,0,0,,,,,,,,,,,,,,,,,,,,,0.0,0,,SYNTHETIC,0
doe-007,0,289,2026-09-03T09:04:49Z,2026-09-03T09:04:50Z,2026-09-03T09:04:49Z,2026-09-03T09:04:50Z,site_a,SIM,synthetic_demo,A-WAN-1,UP,1000.0,427.5058,427.55,0.0,73.18,1.7246,0.052,0,DEGRADED,59.0,2.5,48,48,253,-62.6,19.908,5.83,0,2,0,31,0,170.0,0.0,0,0,MAINS,MAINS,1,0,46.86,92.0,47.9283,48.2871,-4.0,3.68679,3.68679,3.71439,3.71439,0.0,23.2,1077.15,,52.471,,CHARGE,0.0,0,,SYNTHETIC,0
doe-007,0,289,2026-09-03T09:04:49Z,2026-09-03T09:04:50Z,2026-09-03T09:04:49Z,2026-09-03T09:04:50Z,site_b,SIM,synthetic_demo,B-WAN-1,UP,1000.0,84.2212,84.34,0.0,78.34,2.2156,0.112,0,DEGRADED,59.0,2.5,6,6,71,-60.3,28.062,8.665,0,0,0,32,0,64.0,0.0,0,0,,,,,,,,,,,,,,,,,,,,,0.0,0,,SYNTHETIC,0
doe-007,0,290,2026-09-03T09:04:50Z,2026-09-03T09:04:51Z,2026-09-03T09:04:50Z,2026-09-03T09:04:51Z,site_a,SIM,synthetic_demo,A-WAN-1,UP,1000.0,486.5048,487.12,0.0,70.84,0.5069,0.091,0,DEGRADED,59.0,2.5,48,48,201,-62.5,18.122,5.486,2,3,0,31,0,362.0,0.0,0,0,MAINS,MAINS,1,0,46.92,92.0,47.9284,48.2872,-4.0,3.6868,3.6868,3.7144,3.7144,0.0,23.1,1087.019,,51.998,,CHARGE,0.0,0,,SYNTHETIC,0
doe-007,0,290,2026-09-03T09:04:50Z,2026-09-03T09:04:51Z,2026-09-03T09:04:50Z,2026-09-03T09:04:51Z,site_b,SIM,synthetic_demo,B-WAN-1,UP,1000.0,106.8447,107.5,0.0,77.66,1.6625,0.083,0,DEGRADED,59.0,2.5,6,6,63,-61.6,26.386,8.05,0,0,0,32,0,77.0,0.0,0,0,,,,,,,,,,,,,,,,,,,,,0.0,0,,SYNTHETIC,0
doe-007,0,291,2026-09-03T09:04:51Z,2026-09-03T09:04:52Z,2026-09-03T09:04:51Z,2026-09-03T09:04:52Z,site_a,SIM,synthetic_demo,A-WAN-1,UP,1000.0,465.0872,465.03,0.0,73.64,2.6463,0.09,0,DEGRADED,59.0,2.5,48,48,123,-61.5,14.523,4.579,2,1,0,31,0,242.0,0.0,0,0,MAINS,MAINS,1,0,46.92,92.0,47.9286,48.2874,-4.0,3.68681,3.68681,3.71441,3.71441,0.0,23.1,1074.889,,52.587,,CHARGE,0.0,0,,SYNTHETIC,0
doe-007,0,291,2026-09-03T09:04:51Z,2026-09-03T09:04:52Z,2026-09-03T09:04:51Z,2026-09-03T09:04:52Z,site_b,SIM,synthetic_demo,B-WAN-1,UP,1000.0,84.9816,84.63,0.0,76.12,0.4348,0.095,0,DEGRADED,59.0,2.5,6,6,80,-61.3,30.59,9.675,0,0,0,32,0,54.0,0.0,0,0,,,,,,,,,,,,,,,,,,,,,0.0,0,,SYNTHETIC,0
doe-007,0,292,2026-09-03T09:04:52Z,2026-09-03T09:04:53Z,2026-09-03T09:04:52Z,2026-09-03T09:04:53Z,site_a,SIM,synthetic_demo,A-WAN-1,UP,1000.0,418.0164,418.22,0.0,71.97,0.8265,0.107,0,DEGRADED,59.0,2.5,48,48,324,-61.1,21.601,6.332,2,7,0,31,0,383.0,0.0,0,0,MAINS,MAINS,1,0,46.97,92.0,47.9287,48.2875,-4.0,3.68682,3.68682,3.71442,3.71442,0.0,23.2,1083.267,,52.183,,CHARGE,0.0,0,,SYNTHETIC,0
doe-007,0,292,2026-09-03T09:04:52Z,2026-09-03T09:04:53Z,2026-09-03T09:04:52Z,2026-09-03T09:04:53Z,site_b,SIM,synthetic_demo,B-WAN-1,UP,1000.0,99.3657,100.41,0.0,78.36,2.1765,0.082,0,DEGRADED,59.0,2.5,6,6,72,-62.9,30.628,9.117,0,0,0,32,0,80.0,0.0,0,0,,,,,,,,,,,,,,,,,,,,,0.0,0,,SYNTHETIC,0
doe-007,0,293,2026-09-03T09:04:53Z,2026-09-03T09:04:54Z,2026-09-03T09:04:53Z,2026-09-03T09:04:54Z,site_a,SIM,synthetic_demo,A-WAN-1,UP,1000.0,509.8992,509.29,0.0,71.95,0.8395,0.06,0,DEGRADED,59.0,2.5,48,48,172,-62.1,17.475,5.001,2,2,0,31,0,251.0,0.0,0,0,MAINS,MAINS,1,0,46.94,92.0,47.9288,48.2876,-4.0,3.68683,3.68683,3.71443,3.71443,0.0,23.0,1086.278,,52.041,,CHARGE,0.0,0,,SYNTHETIC,0
doe-007,0,293,2026-09-03T09:04:53Z,2026-09-03T09:04:54Z,2026-09-03T09:04:53Z,2026-09-03T09:04:54Z,site_b,SIM,synthetic_demo,B-WAN-1,UP,1000.0,85.1388,85.38,0.0,77.4,1.1792,0.104,0,DEGRADED,59.0,2.5,6,6,52,-62.9,23.599,7.687,0,1,0,32,0,43.0,0.0,0,0,,,,,,,,,,,,,,,,,,,,,0.0,0,,SYNTHETIC,0
doe-007,0,294,2026-09-03T09:04:54Z,2026-09-03T09:04:55Z,2026-09-03T09:04:54Z,2026-09-03T09:04:55Z,site_a,SIM,synthetic_demo,A-WAN-1,UP,1000.0,412.6577,412.03,0.0,71.67,0.7128,0.081,0,DEGRADED,59.0,2.5,48,48,119,-61.9,15.231,4.532,2,5,0,31,0,257.0,0.0,0,0,MAINS,MAINS,1,0,46.9,92.0,47.929,48.2878,-4.0,3.68684,3.68684,3.71444,3.71444,0.0,23.1,1095.593,,51.601,,CHARGE,0.0,0,,SYNTHETIC,0
doe-007,0,294,2026-09-03T09:04:54Z,2026-09-03T09:04:55Z,2026-09-03T09:04:54Z,2026-09-03T09:04:55Z,site_b,SIM,synthetic_demo,B-WAN-1,UP,1000.0,81.9176,81.91,0.0,75.94,0.291,0.121,0,DEGRADED,59.0,2.5,6,6,44,-64.0,21.516,7.498,0,0,0,32,0,31.0,0.0,0,0,,,,,,,,,,,,,,,,,,,,,0.0,0,,SYNTHETIC,0
doe-007,0,295,2026-09-03T09:04:55Z,2026-09-03T09:04:56Z,2026-09-03T09:04:55Z,2026-09-03T09:04:56Z,site_a,SIM,synthetic_demo,A-WAN-1,UP,1000.0,388.2459,387.53,0.0,74.98,3.9082,0.11,0,DEGRADED,59.0,2.5,48,48,197,-62.9,17.899,5.322,1,1,0,31,0,282.0,0.0,0,0,MAINS,MAINS,1,0,46.86,92.0,47.9291,48.2879,-4.0,3.68685,3.68685,3.71445,3.71445,0.0,23.1,1099.421,,51.424,,CHARGE,0.0,0,,SYNTHETIC,0
doe-007,0,295,2026-09-03T09:04:55Z,2026-09-03T09:04:56Z,2026-09-03T09:04:55Z,2026-09-03T09:04:56Z,site_b,SIM,synthetic_demo,B-WAN-1,UP,1000.0,92.2792,92.24,0.0,78.0,1.9043,0.068,0,DEGRADED,59.0,2.5,6,6,37,-61.8,21.113,6.958,0,1,0,32,0,52.0,0.0,0,0,,,,,,,,,,,,,,,,,,,,,0.0,0,,SYNTHETIC,0
doe-007,0,296,2026-09-03T09:04:56Z,2026-09-03T09:04:57Z,2026-09-03T09:04:56Z,2026-09-03T09:04:57Z,site_a,SIM,synthetic_demo,A-WAN-1,UP,1000.0,459.4864,459.89,0.0,72.06,1.3507,0.08,0,DEGRADED,59.0,2.5,48,48,118,-63.0,14.855,4.431,2,2,0,31,0,334.0,0.0,0,0,MAINS,MAINS,1,0,46.86,92.0,47.9292,48.288,-4.0,3.68686,3.68686,3.71446,3.71446,0.0,23.1,1091.494,,51.8,,CHARGE,0.0,0,,SYNTHETIC,0
doe-007,0,296,2026-09-03T09:04:56Z,2026-09-03T09:04:57Z,2026-09-03T09:04:56Z,2026-09-03T09:04:57Z,site_b,SIM,synthetic_demo,B-WAN-1,UP,1000.0,102.0326,102.52,0.0,78.23,2.9619,0.089,0,DEGRADED,59.0,2.5,6,6,66,-60.5,27.705,8.268,0,0,0,32,0,55.0,0.0,0,0,,,,,,,,,,,,,,,,,,,,,0.0,0,,SYNTHETIC,0
doe-007,0,297,2026-09-03T09:04:57Z,2026-09-03T09:04:58Z,2026-09-03T09:04:57Z,2026-09-03T09:04:58Z,site_a,SIM,synthetic_demo,A-WAN-1,UP,1000.0,410.2476,411.52,0.0,72.29,1.3827,0.124,0,DEGRADED,59.0,2.5,48,48,207,-63.1,18.392,5.568,3,4,0,31,0,322.0,0.0,0,0,MAINS,MAINS,1,0,46.98,92.0,47.9293,48.2881,-4.0,3.68687,3.68687,3.71447,3.71447,0.0,23.1,1102.897,,51.268,,CHARGE,0.0,0,,SYNTHETIC,0
doe-007,0,297,2026-09-03T09:04:57Z,2026-09-03T09:04:58Z,2026-09-03T09:04:57Z,2026-09-03T09:04:58Z,site_b,SIM,synthetic_demo,B-WAN-1,UP,1000.0,103.6711,103.83,0.0,79.92,3.4889,0.08,0,DEGRADED,59.0,2.5,6,6,27,-62.7,18.891,5.692,0,0,0,32,0,78.0,0.0,0,0,,,,,,,,,,,,,,,,,,,,,0.0,0,,SYNTHETIC,0
doe-007,0,298,2026-09-03T09:04:58Z,2026-09-03T09:04:59Z,2026-09-03T09:04:58Z,2026-09-03T09:04:59Z,site_a,SIM,synthetic_demo,A-WAN-1,UP,1000.0,519.8086,519.86,0.0,70.73,0.3605,0.069,0,DEGRADED,59.0,2.5,48,48,378,-60.8,22.492,6.913,1,2,0,31,0,337.0,0.0,0,0,MAINS,MAINS,1,0,47.05,92.0,47.9295,48.2883,-4.0,3.68688,3.68688,3.71448,3.71448,0.0,23.1,1085.25,,52.104,,CHARGE,0.0,0,,SYNTHETIC,0
doe-007,0,298,2026-09-03T09:04:58Z,2026-09-03T09:04:59Z,2026-09-03T09:04:58Z,2026-09-03T09:04:59Z,site_b,SIM,synthetic_demo,B-WAN-1,UP,1000.0,84.6601,84.68,0.0,76.73,0.2819,0.088,0,DEGRADED,59.0,2.5,6,6,54,-61.7,24.75,7.969,0,0,0,32,0,59.0,0.0,0,0,,,,,,,,,,,,,,,,,,,,,0.0,0,,SYNTHETIC,0
doe-007,0,299,2026-09-03T09:04:59Z,2026-09-03T09:05:00Z,2026-09-03T09:04:59Z,2026-09-03T09:05:00Z,site_a,SIM,synthetic_demo,A-WAN-1,UP,1000.0,458.5709,459.27,0.0,71.04,0.0022,0.111,0,DEGRADED,59.0,2.5,48,48,210,-62.5,17.901,5.358,2,1,0,31,0,258.0,0.0,0,0,MAINS,MAINS,1,0,46.97,92.0,47.9296,48.2884,-4.0,3.68689,3.68689,3.71449,3.71449,0.0,23.1,1084.538,,52.141,,CHARGE,0.0,0,,SYNTHETIC,0
doe-007,0,299,2026-09-03T09:04:59Z,2026-09-03T09:05:00Z,2026-09-03T09:04:59Z,2026-09-03T09:05:00Z,site_b,SIM,synthetic_demo,B-WAN-1,UP,1000.0,83.8849,83.61,0.0,78.55,2.6414,0.107,0,DEGRADED,59.0,2.5,6,6,23,-60.7,16.364,4.785,0,0,0,32,0,41.0,0.0,0,0,,,,,,,,,,,,,,,,,,,,,0.0,0,,SYNTHETIC,0
doe-007,0,300,2026-09-03T09:05:00Z,2026-09-03T09:05:01Z,2026-09-03T09:05:00Z,2026-09-03T09:05:01Z,site_a,SIM,synthetic_demo,A-WAN-1,UP,1000.0,418.513,418.23,0.0,71.5,0.4594,0.082,0,DEGRADED,59.0,2.5,48,48,251,-61.8,19.456,5.617,0,5,0,31,0,281.0,0.0,0,0,MAINS,MAINS,1,0,46.89,92.0,47.9297,48.2885,-4.0,3.6869,3.6869,3.7145,3.7145,0.0,23.2,1097.322,,51.536,,CHARGE,0.0,0,,SYNTHETIC,0
doe-007,0,300,2026-09-03T09:05:00Z,2026-09-03T09:05:01Z,2026-09-03T09:05:00Z,2026-09-03T09:05:01Z,site_b,SIM,synthetic_demo,B-WAN-1,UP,1000.0,94.1175,94.19,0.0,76.12,0.1606,0.103,0,DEGRADED,59.0,2.5,6,6,9,-65.1,13.837,4.015,0,0,0,32,0,84.0,0.0,0,0,,,,,,,,,,,,,,,,,,,,,0.0,0,,SYNTHETIC,0
doe-007,0,301,2026-09-03T09:05:01Z,2026-09-03T09:05:02Z,2026-09-03T09:05:01Z,2026-09-03T09:05:02Z,site_a,SIM,synthetic_demo,A-WAN-1,UP,1000.0,418.1181,416.73,0.0,71.13,0.093,0.125,0,DEGRADED,59.0,2.5,48,48,162,-61.5,16.123,4.897,3,0,0,31,0,344.0,0.0,0,0,MAINS,MAINS,1,0,46.91,92.0,47.9299,48.2887,-4.0,3.68691,3.68691,3.71451,3.71451,0.0,22.9,1099.374,,51.443,,CHARGE,0.0,0,,SYNTHETIC,0
doe-007,0,301,2026-09-03T09:05:01Z,2026-09-03T09:05:02Z,2026-09-03T09:05:01Z,2026-09-03T09:05:02Z,site_b,SIM,synthetic_demo,B-WAN-1,UP,1000.0,85.7419,85.56,0.0,77.99,2.6866,0.104,0,DEGRADED,59.0,2.5,6,6,26,-61.2,19.399,4.965,0,0,0,32,0,75.0,0.0,0,0,,,,,,,,,,,,,,,,,,,,,0.0,0,,SYNTHETIC,0
doe-007,0,302,2026-09-03T09:05:02Z,2026-09-03T09:05:03Z,2026-09-03T09:05:02Z,2026-09-03T09:05:03Z,site_a,SIM,synthetic_demo,A-WAN-1,UP,1000.0,386.0392,385.78,0.0,76.48,5.1903,0.068,0,DEGRADED,59.0,2.5,48,48,274,-62.0,20.115,6.045,1,6,0,31,0,302.0,0.0,0,0,MAINS,MAINS,1,0,46.94,92.0,47.93,48.2888,-4.0,3.68692,3.68692,3.71452,3.71452,0.0,23.1,1109.524,,50.975,,CHARGE,0.0,0,,SYNTHETIC,0
doe-007,0,302,2026-09-03T09:05:02Z,2026-09-03T09:05:03Z,2026-09-03T09:05:02Z,2026-09-03T09:05:03Z,site_b,SIM,synthetic_demo,B-WAN-1,UP,1000.0,90.6827,90.07,0.0,76.54,0.4822,0.065,0,DEGRADED,59.0,2.5,6,6,63,-61.3,25.235,8.382,0,1,0,32,0,54.0,0.0,0,0,,,,,,,,,,,,,,,,,,,,,0.0,0,,SYNTHETIC,0
doe-007,0,303,2026-09-03T09:05:03Z,2026-09-03T09:05:04Z,2026-09-03T09:05:03Z,2026-09-03T09:05:04Z,site_a,SIM,synthetic_demo,A-WAN-1,UP,1000.0,431.4838,431.15,0.0,70.69,0.5982,0.079,0,DEGRADED,59.0,2.5,48,48,259,-62.8,19.529,5.603,2,2,0,31,0,289.0,0.0,0,0,MAINS,MAINS,1,0,46.98,92.0,47.9301,48.2889,-4.0,3.68693,3.68693,3.71453,3.71453,0.0,23.1,1083.552,,52.199,,CHARGE,0.0,0,,SYNTHETIC,0
doe-007,0,303,2026-09-03T09:05:03Z,2026-09-03T09:05:04Z,2026-09-03T09:05:03Z,2026-09-03T09:05:04Z,site_b,SIM,synthetic_demo,B-WAN-1,UP,1000.0,76.5145,76.23,0.0,76.71,0.982,0.133,0,DEGRADED,59.0,2.5,6,6,35,-60.7,18.547,5.87,0,0,0,32,0,47.0,0.0,0,0,,,,,,,,,,,,,,,,,,,,,0.0,0,,SYNTHETIC,0
doe-007,0,304,2026-09-03T09:05:04Z,2026-09-03T09:05:05Z,2026-09-03T09:05:04Z,2026-09-03T09:05:05Z,site_a,SIM,synthetic_demo,A-WAN-1,UP,1000.0,412.5655,412.05,0.0,71.57,0.3475,0.071,0,DEGRADED,59.0,2.5,48,48,124,-61.7,14.741,4.548,0,3,0,31,0,253.0,0.0,0,0,MAINS,MAINS,1,0,46.95,92.0,47.9302,48.289,-4.0,3.68694,3.68694,3.71454,3.71454,0.0,23.3,1100.894,,51.379,,CHARGE,0.0,0,,SYNTHETIC,0
doe-007,0,304,2026-09-03T09:05:04Z,2026-09-03T09:05:05Z,2026-09-03T09:05:04Z,2026-09-03T09:05:05Z,site_b,SIM,synthetic_demo,B-WAN-1,UP,1000.0,97.7926,98.77,0.0,76.5,0.8801,0.099,0,DEGRADED,59.0,2.5,6,6,37,-62.8,20.048,6.575,0,1,0,32,0,100.0,0.0,0,0,,,,,,,,,,,,,,,,,,,,,0.0,0,,SYNTHETIC,0
doe-007,0,305,2026-09-03T09:05:05Z,2026-09-03T09:05:06Z,2026-09-03T09:05:05Z,2026-09-03T09:05:06Z,site_a,SIM,synthetic_demo,A-WAN-1,UP,1000.0,458.4323,458.81,0.0,72.09,1.2662,0.108,0,DEGRADED,59.0,2.5,48,48,131,-62.5,15.884,4.66,1,4,0,31,0,350.0,0.0,0,0,MAINS,MAINS,1,0,46.88,92.0,47.9304,48.2892,-4.0,3.68695,3.68695,3.71455,3.71455,0.0,23.1,1096.591,,51.584,,CHARGE,0.0,0,,SYNTHETIC,0
doe-007,0,305,2026-09-03T09:05:05Z,2026-09-03T09:05:06Z,2026-09-03T09:05:05Z,2026-09-03T09:05:06Z,site_b,SIM,synthetic_demo,B-WAN-1,UP,1000.0,100.3041,100.26,0.0,76.02,0.0904,0.111,0,DEGRADED,59.0,2.5,6,6,19,-61.6,14.277,4.908,0,2,0,32,0,59.0,0.0,0,0,,,,,,,,,,,,,,,,,,,,,0.0,0,,SYNTHETIC,0
doe-007,0,306,2026-09-03T09:05:06Z,2026-09-03T09:05:07Z,2026-09-03T09:05:06Z,2026-09-03T09:05:07Z,site_a,SIM,synthetic_demo,A-WAN-1,UP,1000.0,437.5718,437.5,0.0,72.23,1.6051,0.098,0,DEGRADED,59.0,2.5,48,48,247,-63.4,18.678,5.914,1,2,0,31,0,437.0,0.0,0,0,MAINS,MAINS,1,0,46.92,92.0,47.9305,48.2893,-4.0,3.68696,3.68696,3.71456,3.71456,0.0,23.1,1069.046,,52.916,,CHARGE,0.0,0,,SYNTHETIC,0
doe-007,0,306,2026-09-03T09:05:06Z,2026-09-03T09:05:07Z,2026-09-03T09:05:06Z,2026-09-03T09:05:07Z,site_b,SIM,synthetic_demo,B-WAN-1,UP,1000.0,74.4393,74.49,0.0,77.38,1.2226,0.116,0,DEGRADED,59.0,2.5,6,6,31,-60.7,19.155,5.684,0,0,0,32,0,65.0,0.0,0,0,,,,,,,,,,,,,,,,,,,,,0.0,0,,SYNTHETIC,0
doe-007,0,307,2026-09-03T09:05:07Z,2026-09-03T09:05:08Z,2026-09-03T09:05:07Z,2026-09-03T09:05:08Z,site_a,SIM,synthetic_demo,A-WAN-1,UP,1000.0,414.993,413.87,0.0,70.89,0.222,0.049,0,DEGRADED,59.0,2.5,48,48,185,-60.2,17.3,5.246,0,3,0,31,0,284.0,0.0,0,0,MAINS,MAINS,1,0,47.03,92.0,47.9306,48.2894,-4.0,3.68697,3.68697,3.71457,3.71457,0.0,23.2,1097.615,,51.541,,CHARGE,0.0,0,,SYNTHETIC,0
doe-007,0,307,2026-09-03T09:05:07Z,2026-09-03T09:05:08Z,2026-09-03T09:05:07Z,2026-09-03T09:05:08Z,site_b,SIM,synthetic_demo,B-WAN-1,UP,1000.0,71.5148,70.7,0.0,76.13,0.1646,0.092,0,DEGRADED,59.0,2.5,6,6,60,-63.9,28.133,9.097,0,0,0,32,0,62.0,0.0,0,0,,,,,,,,,,,,,,,,,,,,,0.0,0,,SYNTHETIC,0
doe-007,0,308,2026-09-03T09:05:08Z,2026-09-03T09:05:09Z,2026-09-03T09:05:08Z,2026-09-03T09:05:09Z,site_a,SIM,synthetic_demo,A-WAN-1,UP,1000.0,424.2789,425.14,0.0,70.42,0.1375,0.082,0,DEGRADED,59.0,2.5,48,48,138,-62.2,15.72,4.745,1,1,0,31,0,313.0,0.0,0,0,MAINS,MAINS,1,0,46.9,92.0,47.9308,48.2896,-4.0,3.68698,3.68698,3.71458,3.71458,0.0,23.2,1082.449,,52.266,,CHARGE,0.0,0,,SYNTHETIC,0
doe-007,0,308,2026-09-03T09:05:08Z,2026-09-03T09:05:09Z,2026-09-03T09:05:08Z,2026-09-03T09:05:09Z,site_b,SIM,synthetic_demo,B-WAN-1,UP,1000.0,96.0801,96.25,0.0,77.56,1.7738,0.132,0,DEGRADED,59.0,2.5,6,6,21,-64.8,16.653,5.738,0,1,0,32,0,105.0,0.0,0,0,,,,,,,,,,,,,,,,,,,,,0.0,0,,SYNTHETIC,0
doe-007,0,309,2026-09-03T09:05:09Z,2026-09-03T09:05:10Z,2026-09-03T09:05:09Z,2026-09-03T09:05:10Z,site_a,SIM,synthetic_demo,A-WAN-1,UP,1000.0,430.3167,430.23,0.0,73.06,1.7245,0.052,0,DEGRADED,59.0,2.5,48,48,225,-61.6,18.732,5.774,1,2,0,31,0,240.0,0.0,0,0,MAINS,MAINS,1,0,47.03,92.0,47.9309,48.2897,-4.0,3.68699,3.68699,3.71459,3.71459,0.0,23.3,1082.346,,52.273,,CHARGE,0.0,0,,SYNTHETIC,0
doe-007,0,309,2026-09-03T09:05:09Z,2026-09-03T09:05:10Z,2026-09-03T09:05:09Z,2026-09-03T09:05:10Z,site_b,SIM,synthetic_demo,B-WAN-1,UP,1000.0,118.0323,118.04,0.0,76.14,0.5655,0.104,0,DEGRADED,59.0,2.5,6,6,41,-64.6,21.696,7.027,0,1,0,32,0,89.0,0.0,0,0,,,,,,,,,,,,,,,,,,,,,0.0,0,,SYNTHETIC,0
doe-007,0,310,2026-09-03T09:05:10Z,2026-09-03T09:05:11Z,2026-09-03T09:05:10Z,2026-09-03T09:05:11Z,site_a,SIM,synthetic_demo,A-WAN-1,UP,1000.0,401.2333,401.09,0.0,75.21,4.5298,0.066,0,DEGRADED,59.0,2.5,48,48,205,-62.3,17.998,5.175,1,4,0,31,0,304.0,0.0,0,0,MAINS,MAINS,1,0,46.89,92.0,47.931,48.2898,-4.0,3.687,3.687,3.7146,3.7146,0.0,23.3,1083.332,,52.229,,CHARGE,0.0,0,,SYNTHETIC,0
doe-007,0,310,2026-09-03T09:05:10Z,2026-09-03T09:05:11Z,2026-09-03T09:05:10Z,2026-09-03T09:05:11Z,site_b,SIM,synthetic_demo,B-WAN-1,UP,1000.0,77.9515,78.73,0.0,77.93,1.9946,0.103,0,DEGRADED,59.0,2.5,6,6,30,-61.6,19.488,6.808,0,1,0,32,0,69.0,0.0,0,0,,,,,,,,,,,,,,,,,,,,,0.0,0,,SYNTHETIC,0
doe-007,0,311,2026-09-03T09:05:11Z,2026-09-03T09:05:12Z,2026-09-03T09:05:11Z,2026-09-03T09:05:12Z,site_a,SIM,synthetic_demo,A-WAN-1,UP,1000.0,381.592,381.55,0.0,74.42,2.6342,0.075,0,DEGRADED,59.0,2.5,48,48,122,-62.1,15.377,4.531,0,1,0,31,0,199.0,0.0,0,0,MAINS,MAINS,1,0,46.91,92.0,47.9311,48.2899,-4.0,3.68701,3.68701,3.71461,3.71461,0.0,23.2,1072.272,,52.77,,CHARGE,0.0,0,,SYNTHETIC,0
doe-007,0,311,2026-09-03T09:05:11Z,2026-09-03T09:05:12Z,2026-09-03T09:05:11Z,2026-09-03T09:05:12Z,site_b,SIM,synthetic_demo,B-WAN-1,UP,1000.0,70.9048,70.58,0.0,76.38,0.6456,0.135,0,DEGRADED,59.0,2.5,6,6,55,-61.1,23.605,6.82,0,1,0,32,0,62.0,0.0,0,0,,,,,,,,,,,,,,,,,,,,,0.0,0,,SYNTHETIC,0
doe-007,0,312,2026-09-03T09:05:12Z,2026-09-03T09:05:13Z,2026-09-03T09:05:12Z,2026-09-03T09:05:13Z,site_a,SIM,synthetic_demo,A-WAN-1,UP,1000.0,390.425,390.11,0.0,74.81,3.9267,0.107,0,DEGRADED,59.0,2.5,48,48,142,-61.8,16.689,4.73,0,3,0,31,0,215.0,0.0,0,0,MAINS,MAINS,1,0,46.96,92.0,47.9313,48.2901,-4.0,3.68702,3.68702,3.71462,3.71462,0.0,23.1,1100.356,,51.426,,CHARGE,0.0,0,,SYNTHETIC,0
doe-007,0,312,2026-09-03T09:05:12Z,2026-09-03T09:05:13Z,2026-09-03T09:05:12Z,2026-09-03T09:05:13Z,site_b,SIM,synthetic_demo,B-WAN-1,UP,1000.0,90.2574,89.23,0.0,78.52,2.5115,0.119,0,DEGRADED,59.0,2.5,6,6,46,-60.5,22.428,7.111,0,0,0,32,0,40.0,0.0,0,0,,,,,,,,,,,,,,,,,,,,,0.0,0,,SYNTHETIC,0
doe-007,0,313,2026-09-03T09:05:13Z,2026-09-03T09:05:14Z,2026-09-03T09:05:13Z,2026-09-03T09:05:14Z,site_a,SIM,synthetic_demo,A-WAN-1,UP,1000.0,445.0412,445.12,0.0,73.42,2.2273,0.085,0,DEGRADED,59.0,2.5,48,48,183,-62.5,17.475,5.085,1,3,0,31,0,301.0,0.0,0,0,MAINS,MAINS,1,0,46.96,92.0,47.9314,48.2902,-4.0,3.68703,3.68703,3.71463,3.71463,0.0,23.3,1084.532,,52.179,,CHARGE,0.0,0,,SYNTHETIC,0
doe-007,0,313,2026-09-03T09:05:13Z,2026-09-03T09:05:14Z,2026-09-03T09:05:13Z,2026-09-03T09:05:14Z,site_b,SIM,synthetic_demo,B-WAN-1,UP,1000.0,72.87,73.74,0.0,76.92,1.1383,0.111,0,DEGRADED,59.0,2.5,6,6,71,-63.8,28.539,9.074,1,1,0,32,0,52.0,0.0,0,0,,,,,,,,,,,,,,,,,,,,,0.0,0,,SYNTHETIC,0
doe-007,0,314,2026-09-03T09:05:14Z,2026-09-03T09:05:15Z,2026-09-03T09:05:14Z,2026-09-03T09:05:15Z,site_a,SIM,synthetic_demo,A-WAN-1,UP,1000.0,392.96,393.24,0.0,72.63,2.4556,0.07,0,DEGRADED,59.0,2.5,48,48,183,-62.8,17.681,4.997,1,7,0,31,0,245.0,0.0,0,0,MAINS,MAINS,1,0,46.98,92.0,47.9315,48.2903,-4.0,3.68704,3.68704,3.71464,3.71464,0.0,23.3,1094.907,,51.687,,CHARGE,0.0,0,,SYNTHETIC,0
doe-007,0,314,2026-09-03T09:05:14Z,2026-09-03T09:05:15Z,2026-09-03T09:05:14Z,2026-09-03T09:05:15Z,site_b,SIM,synthetic_demo,B-WAN-1,UP,1000.0,94.6061,95.04,0.0,78.29,1.9449,0.105,0,DEGRADED,59.0,2.5,6,6,57,-61.5,23.559,8.135,0,0,0,32,0,56.0,0.0,0,0,,,,,,,,,,,,,,,,,,,,,0.0,0,,SYNTHETIC,0
doe-007,0,315,2026-09-03T09:05:15Z,2026-09-03T09:05:16Z,2026-09-03T09:05:15Z,2026-09-03T09:05:16Z,site_a,SIM,synthetic_demo,A-WAN-1,UP,1000.0,460.5234,461.03,0.0,71.34,0.4964,0.104,0,DEGRADED,59.0,2.5,48,48,368,-61.3,22.307,6.833,1,4,0,31,0,284.0,0.0,0,0,MAINS,MAINS,1,0,46.98,92.0,47.9317,48.2905,-4.0,3.68705,3.68705,3.71465,3.71465,0.0,23.1,1088.288,,52.004,,CHARGE,0.0,0,,SYNTHETIC,0
doe-007,0,315,2026-09-03T09:05:15Z,2026-09-03T09:05:16Z,2026-09-03T09:05:15Z,2026-09-03T09:05:16Z,site_b,SIM,synthetic_demo,B-WAN-1,UP,1000.0,76.5665,76.91,0.0,76.26,0.3171,0.108,0,DEGRADED,59.0,2.5,6,6,61,-60.7,23.184,7.816,0,1,0,32,0,64.0,0.0,0,0,,,,,,,,,,,,,,,,,,,,,0.0,0,,SYNTHETIC,0
doe-007,0,316,2026-09-03T09:05:16Z,2026-09-03T09:05:17Z,2026-09-03T09:05:16Z,2026-09-03T09:05:17Z,site_a,SIM,synthetic_demo,A-WAN-1,UP,1000.0,472.2604,471.59,0.0,70.94,0.031,0.136,0,DEGRADED,59.0,2.5,48,48,217,-61.9,18.556,5.337,0,2,0,31,0,411.0,0.0,0,0,MAINS,MAINS,1,0,46.96,92.0,47.9318,48.2906,-4.0,3.68706,3.68706,3.71466,3.71466,0.0,23.0,1081.392,,52.339,,CHARGE,0.0,0,,SYNTHETIC,0
doe-007,0,316,2026-09-03T09:05:16Z,2026-09-03T09:05:17Z,2026-09-03T09:05:16Z,2026-09-03T09:05:17Z,site_b,SIM,synthetic_demo,B-WAN-1,UP,1000.0,71.6618,70.97,0.0,76.56,0.4426,0.086,0,DEGRADED,59.0,2.5,6,6,42,-62.7,20.827,7.301,0,1,0,32,0,50.0,0.0,0,0,,,,,,,,,,,,,,,,,,,,,0.0,0,,SYNTHETIC,0
doe-007,0,317,2026-09-03T09:05:17Z,2026-09-03T09:05:18Z,2026-09-03T09:05:17Z,2026-09-03T09:05:18Z,site_a,SIM,synthetic_demo,A-WAN-1,UP,1000.0,449.466,449.53,0.0,72.01,0.8912,0.106,0,DEGRADED,59.0,2.5,48,48,197,-61.8,18.086,5.201,1,2,0,31,0,292.0,0.0,0,0,MAINS,MAINS,1,0,46.91,92.0,47.9319,48.2907,-4.0,3.68707,3.68707,3.71467,3.71467,0.0,23.2,1085.863,,52.126,,CHARGE,0.0,0,,SYNTHETIC,0
doe-007,0,317,2026-09-03T09:05:17Z,2026-09-03T09:05:18Z,2026-09-03T09:05:17Z,2026-09-03T09:05:18Z,site_b,SIM,synthetic_demo,B-WAN-1,UP,1000.0,81.8921,81.62,0.0,77.48,1.488,0.094,0,DEGRADED,59.0,2.5,6,6,41,-63.8,20.977,7.16,0,0,0,32,0,79.0,0.0,0,0,,,,,,,,,,,,,,,,,,,,,0.0,0,,SYNTHETIC,0
doe-007,0,318,2026-09-03T09:05:18Z,2026-09-03T09:05:19Z,2026-09-03T09:05:18Z,2026-09-03T09:05:19Z,site_a,SIM,synthetic_demo,A-WAN-1,UP,1000.0,483.7632,484.54,0.0,71.29,0.6176,0.07,0,DEGRADED,59.0,2.5,48,48,282,-61.5,20.197,6.017,1,5,0,31,0,469.0,0.0,0,0,MAINS,MAINS,1,0,47.06,92.0,47.932,48.2908,-4.0,3.68708,3.68708,3.71468,3.71468,0.0,23.3,1095.189,,51.685,,CHARGE,0.0,0,,SYNTHETIC,0
doe-007,0,318,2026-09-03T09:05:18Z,2026-09-03T09:05:19Z,2026-09-03T09:05:18Z,2026-09-03T09:05:19Z,site_b,SIM,synthetic_demo,B-WAN-1,UP,1000.0,80.877,81.69,0.0,78.64,2.483,0.08,0,DEGRADED,59.0,2.5,6,6,52,-60.8,25.638,7.138,0,2,0,32,0,78.0,0.0,0,0,,,,,,,,,,,,,,,,,,,,,0.0,0,,SYNTHETIC,0
doe-007,0,319,2026-09-03T09:05:19Z,2026-09-03T09:05:20Z,2026-09-03T09:05:19Z,2026-09-03T09:05:20Z,site_a,SIM,synthetic_demo,A-WAN-1,UP,1000.0,645.6662,644.99,0.0,73.06,2.207,0.087,0,DEGRADED,59.0,2.5,48,48,145,-63.0,16.561,4.568,1,3,0,31,0,465.0,0.0,0,0,MAINS,MAINS,1,0,47.01,92.0,47.9322,48.291,-4.0,3.68709,3.68709,3.71469,3.71469,0.0,23.1,1078.678,,52.478,,CHARGE,0.0,0,,SYNTHETIC,0
doe-007,0,319,2026-09-03T09:05:19Z,2026-09-03T09:05:20Z,2026-09-03T09:05:19Z,2026-09-03T09:05:20Z,site_b,SIM,synthetic_demo,B-WAN-1,UP,1000.0,68.5916,69.75,0.0,76.41,0.0642,0.112,0,DEGRADED,59.0,2.5,6,6,48,-63.2,24.462,6.984,0,0,0,32,0,55.0,0.0,0,0,,,,,,,,,,,,,,,,,,,,,0.0,0,,SYNTHETIC,0
doe-007,0,320,2026-09-03T09:05:20Z,2026-09-03T09:05:21Z,2026-09-03T09:05:20Z,2026-09-03T09:05:21Z,site_a,SIM,synthetic_demo,A-WAN-1,UP,1000.0,514.5088,514.7,0.0,72.17,1.8772,0.047,0,DEGRADED,59.0,2.5,48,48,208,-61.0,17.572,5.303,0,1,0,31,0,447.0,0.0,0,0,MAINS,MAINS,1,0,46.92,92.0,47.9323,48.2911,-4.0,3.6871,3.6871,3.7147,3.7147,0.0,23.2,1094.558,,51.72,,CHARGE,0.0,0,,SYNTHETIC,0
doe-007,0,320,2026-09-03T09:05:20Z,2026-09-03T09:05:21Z,2026-09-03T09:05:20Z,2026-09-03T09:05:21Z,site_b,SIM,synthetic_demo,B-WAN-1,UP,1000.0,91.6421,92.06,0.0,77.66,2.1156,0.141,0,DEGRADED,59.0,2.5,6,6,17,-63.9,14.685,5.11,0,0,0,32,0,46.0,0.0,0,0,,,,,,,,,,,,,,,,,,,,,0.0,0,,SYNTHETIC,0
doe-007,0,321,2026-09-03T09:05:21Z,2026-09-03T09:05:22Z,2026-09-03T09:05:21Z,2026-09-03T09:05:22Z,site_a,SIM,synthetic_demo,A-WAN-1,UP,1000.0,485.7474,485.3,0.0,73.46,2.9192,0.081,0,DEGRADED,59.0,2.5,48,48,119,-61.6,15.016,4.395,1,2,0,31,0,325.0,0.0,0,0,MAINS,MAINS,1,0,46.94,92.0,47.9324,48.2912,-4.0,3.68711,3.68711,3.71471,3.71471,0.0,23.3,1083.059,,52.272,,CHARGE,0.0,0,,SYNTHETIC,0
doe-007,0,321,2026-09-03T09:05:21Z,2026-09-03T09:05:22Z,2026-09-03T09:05:21Z,2026-09-03T09:05:22Z,site_b,SIM,synthetic_demo,B-WAN-1,UP,1000.0,66.4575,65.94,0.0,77.86,1.7381,0.117,0,DEGRADED,59.0,2.5,6,6,40,-62.9,21.045,6.457,0,1,0,32,0,27.0,0.0,0,0,,,,,,,,,,,,,,,,,,,,,0.0,0,,SYNTHETIC,0
doe-007,0,322,2026-09-03T09:05:22Z,2026-09-03T09:05:23Z,2026-09-03T09:05:22Z,2026-09-03T09:05:23Z,site_a,SIM,synthetic_demo,A-WAN-1,UP,1000.0,481.6661,482.07,0.0,72.87,2.2168,0.072,0,DEGRADED,59.0,2.5,48,48,122,-62.8,15.671,4.481,0,1,0,31,0,400.0,0.0,0,0,MAINS,MAINS,1,0,46.98,92.0,47.9326,48.2914,-4.0,3.68712,3.68712,3.71472,3.71472,0.0,23.1,1086.11,,52.127,,CHARGE,0.0,0,,SYNTHETIC,0
doe-007,0,322,2026-09-03T09:05:22Z,2026-09-03T09:05:23Z,2026-09-03T09:05:22Z,2026-09-03T09:05:23Z,site_b,SIM,synthetic_demo,B-WAN-1,UP,1000.0,76.9897,77.75,0.0,76.7,1.0427,0.091,0,DEGRADED,59.0,2.5,6,6,48,-59.6,22.988,6.842,0,0,0,32,0,69.0,0.0,0,0,,,,,,,,,,,,,,,,,,,,,0.0,0,,SYNTHETIC,0
doe-007,0,323,2026-09-03T09:05:23Z,2026-09-03T09:05:24Z,2026-09-03T09:05:23Z,2026-09-03T09:05:24Z,site_a,SIM,synthetic_demo,A-WAN-1,UP,1000.0,424.9098,425.45,0.0,74.16,3.0098,0.087,0,DEGRADED,59.0,2.5,48,48,242,-60.5,19.102,5.566,2,2,0,31,0,495.0,0.0,0,0,MAINS,MAINS,1,0,46.92,92.0,47.9327,48.2915,-4.0,3.68713,3.68713,3.71473,3.71473,0.0,23.2,1091.4,,51.877,,CHARGE,0.0,0,,SYNTHETIC,0
doe-007,0,323,2026-09-03T09:05:23Z,2026-09-03T09:05:24Z,2026-09-03T09:05:23Z,2026-09-03T09:05:24Z,site_b,SIM,synthetic_demo,B-WAN-1,UP,1000.0,110.4029,111.16,0.0,77.2,0.979,0.132,0,DEGRADED,59.0,2.5,6,6,41,-61.5,21.461,6.398,0,1,0,32,0,79.0,0.0,0,0,,,,,,,,,,,,,,,,,,,,,0.0,0,,SYNTHETIC,0
doe-007,0,324,2026-09-03T09:05:24Z,2026-09-03T09:05:25Z,2026-09-03T09:05:24Z,2026-09-03T09:05:25Z,site_a,SIM,synthetic_demo,A-WAN-1,UP,1000.0,452.838,452.62,0.0,75.68,3.9079,0.077,0,DEGRADED,59.0,2.5,48,48,151,-61.1,15.494,4.749,0,7,0,31,0,429.0,0.0,0,0,MAINS,MAINS,1,0,46.92,92.0,47.9328,48.2916,-4.0,3.68714,3.68714,3.71474,3.71474,0.0,23.3,1083.538,,52.257,,CHARGE,0.0,0,,SYNTHETIC,0
doe-007,0,324,2026-09-03T09:05:24Z,2026-09-03T09:05:25Z,2026-09-03T09:05:24Z,2026-09-03T09:05:25Z,site_b,SIM,synthetic_demo,B-WAN-1,UP,1000.0,114.465,114.83,0.0,76.74,1.1482,0.096,0,DEGRADED,59.0,2.5,6,6,76,-61.0,29.38,9.268,0,0,0,32,0,81.0,0.0,0,0,,,,,,,,,,,,,,,,,,,,,0.0,0,,SYNTHETIC,0
doe-007,0,325,2026-09-03T09:05:25Z,2026-09-03T09:05:26Z,2026-09-03T09:05:25Z,2026-09-03T09:05:26Z,site_a,SIM,synthetic_demo,A-WAN-1,UP,1000.0,500.5062,500.41,0.0,72.88,1.8979,0.105,0,DEGRADED,59.0,2.5,48,48,271,-62.8,19.368,5.958,2,3,0,31,0,309.0,0.0,0,0,MAINS,MAINS,1,0,46.89,92.0,47.9329,48.2917,-4.0,3.68715,3.68715,3.71475,3.71475,0.0,23.2,1103.094,,51.333,,CHARGE,0.0,0,,SYNTHETIC,0
doe-007,0,325,2026-09-03T09:05:25Z,2026-09-03T09:05:26Z,2026-09-03T09:05:25Z,2026-09-03T09:05:26Z,site_b,SIM,synthetic_demo,B-WAN-1,UP,1000.0,88.0447,88.14,0.0,76.49,0.6444,0.116,0,DEGRADED,59.0,2.5,6,6,55,-63.1,22.157,7.802,0,0,0,32,0,76.0,0.0,0,0,,,,,,,,,,,,,,,,,,,,,0.0,0,,SYNTHETIC,0
doe-007,0,326,2026-09-03T09:05:26Z,2026-09-03T09:05:27Z,2026-09-03T09:05:26Z,2026-09-03T09:05:27Z,site_a,SIM,synthetic_demo,A-WAN-1,UP,1000.0,417.6382,417.92,0.0,73.94,3.5348,0.105,0,DEGRADED,59.0,2.5,48,48,258,-62.7,19.632,5.704,1,2,0,31,0,351.0,0.0,0,0,MAINS,MAINS,1,0,46.96,92.0,47.9331,48.2919,-4.0,3.68716,3.68716,3.71476,3.71476,0.0,23.1,1099.444,,51.506,,CHARGE,0.0,0,,SYNTHETIC,0
doe-007,0,326,2026-09-03T09:05:26Z,2026-09-03T09:05:27Z,2026-09-03T09:05:26Z,2026-09-03T09:05:27Z,site_b,SIM,synthetic_demo,B-WAN-1,UP,1000.0,64.423,64.33,0.0,80.34,2.8841,0.131,0,DEGRADED,59.0,2.5,6,6,50,-63.3,25.784,7.466,0,0,0,32,0,74.0,0.0,0,0,,,,,,,,,,,,,,,,,,,,,0.0,0,,SYNTHETIC,0
doe-007,0,327,2026-09-03T09:05:27Z,2026-09-03T09:05:28Z,2026-09-03T09:05:27Z,2026-09-03T09:05:28Z,site_a,SIM,synthetic_demo,A-WAN-1,UP,1000.0,438.3899,438.79,0.0,71.4,0.7269,0.082,0,DEGRADED,59.0,2.5,48,48,241,-62.9,19.613,5.742,2,0,0,31,0,304.0,0.0,0,0,MAINS,MAINS,1,0,46.98,92.0,47.9332,48.292,-4.0,3.68717,3.68717,3.71477,3.71477,0.0,23.3,1096.528,,51.646,,CHARGE,0.0,0,,SYNTHETIC,0
doe-007,0,327,2026-09-03T09:05:27Z,2026-09-03T09:05:28Z,2026-09-03T09:05:27Z,2026-09-03T09:05:28Z,site_b,SIM,synthetic_demo,B-WAN-1,UP,1000.0,75.3921,74.68,0.0,79.44,3.7295,0.07,0,DEGRADED,59.0,2.5,6,6,46,-62.8,22.247,7.322,0,0,0,32,0,60.0,0.0,0,0,,,,,,,,,,,,,,,,,,,,,0.0,0,,SYNTHETIC,0
doe-007,0,328,2026-09-03T09:05:28Z,2026-09-03T09:05:29Z,2026-09-03T09:05:28Z,2026-09-03T09:05:29Z,site_a,SIM,synthetic_demo,A-WAN-1,UP,1000.0,416.5172,417.16,0.0,72.54,1.7173,0.051,0,DEGRADED,59.0,2.5,48,48,257,-62.3,19.474,5.812,1,2,0,31,0,286.0,0.0,0,0,MAINS,MAINS,1,0,47.0,92.0,47.9333,48.2921,-4.0,3.68718,3.68718,3.71478,3.71478,0.0,23.0,1088.681,,52.02,,CHARGE,0.0,0,,SYNTHETIC,0
doe-007,0,328,2026-09-03T09:05:28Z,2026-09-03T09:05:29Z,2026-09-03T09:05:28Z,2026-09-03T09:05:29Z,site_b,SIM,synthetic_demo,B-WAN-1,UP,1000.0,78.7731,78.2,0.0,77.48,0.9875,0.092,0,DEGRADED,59.0,2.5,6,6,53,-63.9,23.429,7.819,0,1,0,32,0,95.0,0.0,0,0,,,,,,,,,,,,,,,,,,,,,0.0,0,,SYNTHETIC,0
doe-007,0,329,2026-09-03T09:05:29Z,2026-09-03T09:05:30Z,2026-09-03T09:05:29Z,2026-09-03T09:05:30Z,site_a,SIM,synthetic_demo,A-WAN-1,UP,1000.0,418.3508,418.79,0.0,72.98,1.9007,0.072,0,DEGRADED,59.0,2.5,48,48,233,-61.5,17.903,5.797,3,0,0,31,0,177.0,0.0,0,0,MAINS,MAINS,1,0,47.03,92.0,47.9335,48.2923,-4.0,3.68719,3.68719,3.71479,3.71479,0.0,23.2,1086.904,,52.108,,CHARGE,0.0,0,,SYNTHETIC,0
doe-007,0,329,2026-09-03T09:05:29Z,2026-09-03T09:05:30Z,2026-09-03T09:05:29Z,2026-09-03T09:05:30Z,site_b,SIM,synthetic_demo,B-WAN-1,UP,1000.0,80.0058,80.1,0.0,77.05,1.0924,0.103,0,DEGRADED,59.0,2.5,6,6,29,-61.7,19.652,5.835,0,0,0,32,0,64.0,0.0,0,0,,,,,,,,,,,,,,,,,,,,,0.0,0,,SYNTHETIC,0
doe-007,0,330,2026-09-03T09:05:30Z,2026-09-03T09:05:31Z,2026-09-03T09:05:30Z,2026-09-03T09:05:31Z,site_a,SIM,synthetic_demo,A-WAN-1,UP,1000.0,439.9494,439.44,0.0,17.76,1.7609,0.071,0,UP,4.0,0.0,48,48,216,-62.8,17.91,5.49,0,3,0,31,0,447.0,0.0,0,0,MAINS,MAINS,1,0,46.93,92.0,47.9336,48.2924,-4.0,3.6872,3.6872,3.7148,3.7148,0.0,23.1,1094.415,,51.753,,CHARGE,0.0,0,,SYNTHETIC,0
doe-007,0,330,2026-09-03T09:05:30Z,2026-09-03T09:05:31Z,2026-09-03T09:05:30Z,2026-09-03T09:05:31Z,site_b,SIM,synthetic_demo,B-WAN-1,UP,1000.0,76.2166,76.75,0.0,22.21,0.5541,0.082,0,UP,4.0,0.0,6,6,51,-61.6,23.852,7.211,1,1,0,32,0,102.0,0.0,0,0,,,,,,,,,,,,,,,,,,,,,0.0,0,,SYNTHETIC,0
doe-007,0,331,2026-09-03T09:05:31Z,2026-09-03T09:05:32Z,2026-09-03T09:05:31Z,2026-09-03T09:05:32Z,site_a,SIM,synthetic_demo,A-WAN-1,UP,1000.0,418.3693,417.45,0.0,17.64,1.5323,0.081,0,UP,4.0,0.0,48,48,441,-61.8,24.09,7.375,3,3,0,31,0,400.0,0.0,0,0,MAINS,MAINS,1,0,47.06,92.0,47.9337,48.2925,-4.0,3.68721,3.68721,3.71481,3.71481,0.0,23.2,1089.943,,51.968,,CHARGE,0.0,0,,SYNTHETIC,0
doe-007,0,331,2026-09-03T09:05:31Z,2026-09-03T09:05:32Z,2026-09-03T09:05:31Z,2026-09-03T09:05:32Z,site_b,SIM,synthetic_demo,B-WAN-1,UP,1000.0,66.8922,67.36,0.0,21.1,0.1791,0.114,0,UP,4.0,0.0,6,6,53,-61.9,22.033,7.144,0,2,0,32,0,62.0,0.0,0,0,,,,,,,,,,,,,,,,,,,,,0.0,0,,SYNTHETIC,0
doe-007,0,332,2026-09-03T09:05:32Z,2026-09-03T09:05:33Z,2026-09-03T09:05:32Z,2026-09-03T09:05:33Z,site_a,SIM,synthetic_demo,A-WAN-1,UP,1000.0,401.0787,401.76,0.0,16.21,0.3165,0.07,0,UP,4.0,0.0,48,48,224,-60.6,17.908,5.572,2,2,0,31,0,342.0,0.0,0,0,MAINS,MAINS,1,0,46.95,92.0,47.9338,48.2926,-4.0,3.68722,3.68722,3.71482,3.71482,0.0,23.2,1086.435,,52.139,,CHARGE,0.0,0,,SYNTHETIC,0
doe-007,0,332,2026-09-03T09:05:32Z,2026-09-03T09:05:33Z,2026-09-03T09:05:32Z,2026-09-03T09:05:33Z,site_b,SIM,synthetic_demo,B-WAN-1,UP,1000.0,72.2149,71.45,0.0,20.67,0.2265,0.099,0,UP,4.0,0.0,6,6,46,-62.3,23.136,6.551,0,2,0,32,0,70.0,0.0,0,0,,,,,,,,,,,,,,,,,,,,,0.0,0,,SYNTHETIC,0
doe-007,0,333,2026-09-03T09:05:33Z,2026-09-03T09:05:34Z,2026-09-03T09:05:33Z,2026-09-03T09:05:34Z,site_a,SIM,synthetic_demo,A-WAN-1,UP,1000.0,468.9515,468.86,0.0,16.29,0.2016,0.044,0,UP,4.0,0.0,48,48,232,-62.0,18.455,5.551,5,1,0,31,0,301.0,0.0,0,0,MAINS,MAINS,1,0,47.06,92.0,47.934,48.2928,-4.0,3.68723,3.68723,3.71483,3.71483,0.0,23.1,1094.288,,51.767,,CHARGE,0.0,0,,SYNTHETIC,0
doe-007,0,333,2026-09-03T09:05:33Z,2026-09-03T09:05:34Z,2026-09-03T09:05:33Z,2026-09-03T09:05:34Z,site_b,SIM,synthetic_demo,B-WAN-1,UP,1000.0,82.7037,82.64,0.0,22.83,1.7553,0.078,0,UP,4.0,0.0,6,6,37,-62.9,20.566,5.904,0,0,0,32,0,53.0,0.0,0,0,,,,,,,,,,,,,,,,,,,,,0.0,0,,SYNTHETIC,0
doe-007,0,334,2026-09-03T09:05:34Z,2026-09-03T09:05:35Z,2026-09-03T09:05:34Z,2026-09-03T09:05:35Z,site_a,SIM,synthetic_demo,A-WAN-1,UP,1000.0,473.1583,473.04,0.0,17.23,1.3881,0.063,0,UP,4.0,0.0,48,48,100,-62.3,14.442,4.454,3,3,0,31,0,416.0,0.0,0,0,MAINS,MAINS,1,0,46.92,92.0,47.9341,48.2929,-4.0,3.68724,3.68724,3.71484,3.71484,0.0,23.2,1086.148,,52.158,,CHARGE,0.0,0,,SYNTHETIC,0
doe-007,0,334,2026-09-03T09:05:34Z,2026-09-03T09:05:35Z,2026-09-03T09:05:34Z,2026-09-03T09:05:35Z,site_b,SIM,synthetic_demo,B-WAN-1,UP,1000.0,71.1224,71.12,0.0,21.73,1.0491,0.072,0,UP,4.0,0.0,6,6,29,-58.1,19.206,4.941,1,0,0,32,0,76.0,0.0,0,0,,,,,,,,,,,,,,,,,,,,,0.0,0,,SYNTHETIC,0
doe-007,0,335,2026-09-03T09:05:35Z,2026-09-03T09:05:36Z,2026-09-03T09:05:35Z,2026-09-03T09:05:36Z,site_a,SIM,synthetic_demo,A-WAN-1,UP,1000.0,442.2064,442.34,0.0,18.82,2.9295,0.099,0,UP,4.0,0.0,48,48,169,-61.4,17.046,4.97,1,5,0,31,0,291.0,0.0,0,0,MAINS,MAINS,1,0,47.01,92.0,47.9342,48.293,-4.0,3.68725,3.68725,3.71485,3.71485,0.0,23.4,1103.28,,51.351,,CHARGE,0.0,0,,SYNTHETIC,0
doe-007,0,335,2026-09-03T09:05:35Z,2026-09-03T09:05:36Z,2026-09-03T09:05:35Z,2026-09-03T09:05:36Z,site_b,SIM,synthetic_demo,B-WAN-1,UP,1000.0,67.4353,66.82,0.0,21.54,0.7001,0.108,0,UP,4.0,0.0,6,6,23,-64.8,17.552,5.449,0,0,0,32,0,43.0,0.0,0,0,,,,,,,,,,,,,,,,,,,,,0.0,0,,SYNTHETIC,0
doe-007,0,336,2026-09-03T09:05:36Z,2026-09-03T09:05:37Z,2026-09-03T09:05:36Z,2026-09-03T09:05:37Z,site_a,SIM,synthetic_demo,A-WAN-1,UP,1000.0,400.5899,400.29,0.0,16.55,0.5295,0.065,0,UP,4.0,0.0,48,48,383,-62.1,22.15,7.093,1,7,0,31,0,320.0,0.0,0,0,MAINS,MAINS,1,0,47.03,92.0,47.9344,48.2932,-4.0,3.68726,3.68726,3.71486,3.71486,0.0,23.2,1091.177,,51.923,,CHARGE,0.0,0,,SYNTHETIC,0
doe-007,0,336,2026-09-03T09:05:36Z,2026-09-03T09:05:37Z,2026-09-03T09:05:36Z,2026-09-03T09:05:37Z,site_b,SIM,synthetic_demo,B-WAN-1,UP,1000.0,68.6693,69.0,0.0,20.05,0.4513,0.101,0,UP,4.0,0.0,6,6,33,-62.7,20.059,6.152,0,0,0,32,0,27.0,0.0,0,0,,,,,,,,,,,,,,,,,,,,,0.0,0,,SYNTHETIC,0
doe-007,0,337,2026-09-03T09:05:37Z,2026-09-03T09:05:38Z,2026-09-03T09:05:37Z,2026-09-03T09:05:38Z,site_a,SIM,synthetic_demo,A-WAN-1,UP,1000.0,409.9366,410.59,0.0,17.3,1.6862,0.086,0,UP,4.0,0.0,48,48,176,-63.3,17.1,5.184,1,1,0,31,0,274.0,0.0,0,0,MAINS,MAINS,1,0,46.97,92.0,47.9345,48.2933,-4.0,3.68727,3.68727,3.71487,3.71487,0.0,23.1,1087.419,,52.105,,CHARGE,0.0,0,,SYNTHETIC,0
doe-007,0,337,2026-09-03T09:05:37Z,2026-09-03T09:05:38Z,2026-09-03T09:05:37Z,2026-09-03T09:05:38Z,site_b,SIM,synthetic_demo,B-WAN-1,UP,1000.0,69.7232,70.29,0.0,21.84,1.2215,0.142,0,UP,4.0,0.0,6,6,71,-61.8,29.397,8.566,0,0,0,32,0,71.0,0.0,0,0,,,,,,,,,,,,,,,,,,,,,0.0,0,,SYNTHETIC,0
doe-007,0,338,2026-09-03T09:05:38Z,2026-09-03T09:05:39Z,2026-09-03T09:05:38Z,2026-09-03T09:05:39Z,site_a,SIM,synthetic_demo,A-WAN-1,UP,1000.0,411.9746,412.54,0.0,17.95,1.8608,0.053,0,UP,4.0,0.0,48,48,142,-61.6,16.214,4.572,0,1,0,31,0,208.0,0.0,0,0,MAINS,MAINS,1,0,46.99,92.0,47.9346,48.2934,-4.0,3.68728,3.68728,3.71488,3.71488,0.0,23.3,1082.515,,52.344,,CHARGE,0.0,0,,SYNTHETIC,0
doe-007,0,338,2026-09-03T09:05:38Z,2026-09-03T09:05:39Z,2026-09-03T09:05:38Z,2026-09-03T09:05:39Z,site_b,SIM,synthetic_demo,B-WAN-1,UP,1000.0,84.2404,83.42,0.0,24.25,3.1222,0.098,0,UP,4.0,0.0,6,6,40,-60.8,20.866,6.07,0,0,0,32,0,64.0,0.0,0,0,,,,,,,,,,,,,,,,,,,,,0.0,0,,SYNTHETIC,0
doe-007,0,339,2026-09-03T09:05:39Z,2026-09-03T09:05:40Z,2026-09-03T09:05:39Z,2026-09-03T09:05:40Z,site_a,SIM,synthetic_demo,A-WAN-1,UP,1000.0,523.0048,,0.0,17.65,0.957,,0,UP,4.0,0.0,48,48,191,-62.0,17.524,5.428,1,0,0,31,0,256.0,0.0,0,0,MAINS,MAINS,1,0,47.05,92.0,47.9347,48.2935,-4.0,3.68729,3.68729,3.71489,3.71489,0.0,23.2,1088.491,,52.059,,CHARGE,0.0,0,,SYNTHETIC|GAP|MISSING_MAR,0
doe-007,0,339,2026-09-03T09:05:39Z,2026-09-03T09:05:40Z,2026-09-03T09:05:39Z,2026-09-03T09:05:40Z,site_b,SIM,synthetic_demo,B-WAN-1,UP,1000.0,66.6924,66.24,0.0,21.81,0.9533,0.118,0,UP,4.0,0.0,6,6,49,-63.8,24.544,7.212,0,0,0,32,0,62.0,0.0,0,0,,,,,,,,,,,,,,,,,,,,,0.0,0,,SYNTHETIC,0
doe-007,0,340,2026-09-03T09:05:40Z,2026-09-03T09:05:41Z,2026-09-03T09:05:40Z,2026-09-03T09:05:41Z,site_a,SIM,synthetic_demo,A-WAN-1,UP,1000.0,424.4503,424.61,0.0,18.99,2.6303,0.12,0,UP,4.0,0.0,48,48,234,-61.3,18.371,5.515,1,2,0,31,0,433.0,0.0,0,0,MAINS,MAINS,1,0,46.99,92.0,47.9349,48.2937,-4.0,3.6873,3.6873,3.7149,3.7149,0.0,23.2,1088.061,,52.082,,CHARGE,0.0,0,,SYNTHETIC,0
doe-007,0,340,2026-09-03T09:05:40Z,2026-09-03T09:05:41Z,2026-09-03T09:05:40Z,2026-09-03T09:05:41Z,site_b,SIM,synthetic_demo,B-WAN-1,UP,1000.0,87.0293,87.69,0.0,24.38,2.7373,0.115,0,UP,4.0,0.0,6,6,39,-61.0,20.058,6.151,0,0,0,32,0,59.0,0.0,0,0,,,,,,,,,,,,,,,,,,,,,0.0,0,,SYNTHETIC,0
doe-007,0,341,2026-09-03T09:05:41Z,2026-09-03T09:05:42Z,2026-09-03T09:05:41Z,2026-09-03T09:05:42Z,site_a,SIM,synthetic_demo,A-WAN-1,UP,1000.0,487.7318,488.05,0.0,16.94,1.01,0.088,0,UP,4.0,0.0,48,48,110,-61.6,15.417,4.495,0,3,0,31,0,274.0,0.0,0,0,MAINS,MAINS,1,0,47.01,92.0,47.935,48.2938,-4.0,3.68731,3.68731,3.71491,3.71491,0.0,23.2,1089.489,,52.017,,CHARGE,0.0,0,,SYNTHETIC,0
doe-007,0,341,2026-09-03T09:05:41Z,2026-09-03T09:05:42Z,2026-09-03T09:05:41Z,2026-09-03T09:05:42Z,site_b,SIM,synthetic_demo,B-WAN-1,UP,1000.0,91.5827,91.67,0.0,23.14,2.0164,0.091,0,UP,4.0,0.0,6,6,25,-60.7,16.267,5.516,0,0,0,32,0,49.0,0.0,0,0,,,,,,,,,,,,,,,,,,,,,0.0,0,,SYNTHETIC,0
doe-007,0,342,2026-09-03T09:05:42Z,2026-09-03T09:05:43Z,2026-09-03T09:05:42Z,2026-09-03T09:05:43Z,site_a,SIM,synthetic_demo,A-WAN-1,UP,1000.0,446.4522,446.21,0.0,18.27,2.1993,0.069,0,UP,4.0,0.0,48,48,338,-61.8,21.528,6.381,0,5,0,31,0,382.0,0.0,0,0,MAINS,MAINS,1,0,47.07,92.0,47.9351,48.2939,-4.0,3.68732,3.68732,3.71492,3.71492,0.0,23.1,1090.307,,51.98,,CHARGE,0.0,0,,SYNTHETIC,0
doe-007,0,342,2026-09-03T09:05:42Z,2026-09-03T09:05:43Z,2026-09-03T09:05:42Z,2026-09-03T09:05:43Z,site_b,SIM,synthetic_demo,B-WAN-1,UP,1000.0,61.1683,60.69,0.0,21.74,1.1213,0.089,0,UP,4.0,0.0,6,6,68,-63.0,26.445,8.254,3,0,0,32,0,87.0,0.0,0,0,,,,,,,,,,,,,,,,,,,,,0.0,0,,SYNTHETIC,0
doe-007,0,343,2026-09-03T09:05:43Z,2026-09-03T09:05:44Z,2026-09-03T09:05:43Z,2026-09-03T09:05:44Z,site_a,SIM,synthetic_demo,A-WAN-1,UP,1000.0,417.8061,417.78,0.0,18.08,1.9999,0.042,0,UP,4.0,0.0,48,48,146,-62.4,15.712,4.796,2,3,0,31,0,372.0,0.0,0,0,MAINS,MAINS,1,0,47.04,92.0,47.9353,48.2941,-4.0,3.68733,3.68733,3.71493,3.71493,0.0,23.1,1082.82,,52.343,,CHARGE,0.0,0,,SYNTHETIC,0
doe-007,0,343,2026-09-03T09:05:43Z,2026-09-03T09:05:44Z,2026-09-03T09:05:43Z,2026-09-03T09:05:44Z,site_b,SIM,synthetic_demo,B-WAN-1,UP,1000.0,75.3156,75.24,0.0,21.78,0.9989,0.143,0,UP,4.0,0.0,6,6,51,-62.6,22.377,6.321,0,1,0,32,0,50.0,0.0,0,0,,,,,,,,,,,,,,,,,,,,,0.0,0,,SYNTHETIC,0
doe-007,0,344,2026-09-03T09:05:44Z,2026-09-03T09:05:45Z,2026-09-03T09:05:44Z,2026-09-03T09:05:45Z,site_a,SIM,synthetic_demo,A-WAN-1,UP,1000.0,379.9291,379.86,0.0,16.49,0.3972,0.076,0,UP,4.0,0.0,48,48,194,-63.3,17.25,5.405,2,2,0,31,0,269.0,0.0,0,0,MAINS,MAINS,1,0,46.94,92.0,47.9354,48.2942,-4.0,3.68734,3.68734,3.71494,3.71494,0.0,23.1,1084.498,,52.264,,CHARGE,0.0,0,,SYNTHETIC,0
doe-007,0,344,2026-09-03T09:05:44Z,2026-09-03T09:05:45Z,2026-09-03T09:05:44Z,2026-09-03T09:05:45Z,site_b,SIM,synthetic_demo,B-WAN-1,UP,1000.0,65.6635,65.53,0.0,21.75,0.8288,0.116,0,UP,4.0,0.0,6,6,25,-61.9,18.573,4.8,0,0,0,32,0,59.0,0.0,0,0,,,,,,,,,,,,,,,,,,,,,0.0,0,,SYNTHETIC,0
doe-007,0,345,2026-09-03T09:05:45Z,2026-09-03T09:05:46Z,2026-09-03T09:05:45Z,2026-09-03T09:05:46Z,site_a,SIM,synthetic_demo,A-WAN-1,UP,1000.0,405.5627,405.78,0.0,17.23,0.8658,0.086,0,UP,4.0,0.0,48,48,251,-61.9,18.705,5.58,0,4,0,31,0,281.0,0.0,0,0,MAINS,MAINS,1,0,46.88,92.0,47.9355,48.2943,-4.0,3.68735,3.68735,3.71495,3.71495,0.0,23.1,1104.913,,51.301,,CHARGE,0.0,0,,SYNTHETIC,0
doe-007,0,345,2026-09-03T09:05:45Z,2026-09-03T09:05:46Z,2026-09-03T09:05:45Z,2026-09-03T09:05:46Z,site_b,SIM,synthetic_demo,B-WAN-1,UP,1000.0,81.6927,81.16,0.0,20.87,0.2266,0.117,0,UP,4.0,0.0,6,6,56,-62.5,27.011,7.249,1,0,0,32,0,39.0,0.0,0,0,,,,,,,,,,,,,,,,,,,,,0.0,0,,SYNTHETIC,0
doe-007,0,346,2026-09-03T09:05:46Z,2026-09-03T09:05:47Z,2026-09-03T09:05:46Z,2026-09-03T09:05:47Z,site_a,SIM,synthetic_demo,A-WAN-1,UP,1000.0,420.8011,420.62,0.0,19.72,3.7483,0.067,0,UP,4.0,0.0,48,48,284,-63.1,20.044,6.084,2,1,0,31,0,334.0,0.0,0,0,MAINS,MAINS,1,0,47.05,92.0,47.9356,48.2944,-4.0,3.68736,3.68736,3.71496,3.71496,0.0,23.2,1082.968,,52.344,,CHARGE,0.0,0,,SYNTHETIC,0
doe-007,0,346,2026-09-03T09:05:46Z,2026-09-03T09:05:47Z,2026-09-03T09:05:46Z,2026-09-03T09:05:47Z,site_b,SIM,synthetic_demo,B-WAN-1,UP,1000.0,78.0538,78.3,0.0,22.96,1.999,0.102,0,UP,4.0,0.0,6,6,84,-63.5,31.624,9.801,0,0,0,32,0,51.0,0.0,0,0,,,,,,,,,,,,,,,,,,,,,0.0,0,,SYNTHETIC,0
doe-007,0,347,2026-09-03T09:05:47Z,2026-09-03T09:05:48Z,2026-09-03T09:05:47Z,2026-09-03T09:05:48Z,site_a,SIM,synthetic_demo,A-WAN-1,UP,1000.0,415.9875,415.6,0.0,17.27,0.7354,0.073,0,UP,4.0,0.0,48,48,142,-61.6,16.096,4.838,0,2,0,31,0,286.0,0.0,0,0,MAINS,MAINS,1,0,47.04,92.0,47.9358,48.2946,-4.0,3.68737,3.68737,3.71497,3.71497,0.0,23.0,1103.818,,51.358,,CHARGE,0.0,0,,SYNTHETIC,0
doe-007,0,347,2026-09-03T09:05:47Z,2026-09-03T09:05:48Z,2026-09-03T09:05:47Z,2026-09-03T09:05:48Z,site_b,SIM,synthetic_demo,B-WAN-1,UP,1000.0,73.6798,73.64,0.0,22.99,1.6289,0.115,0,UP,4.0,0.0,6,6,46,-61.6,22.224,7.147,0,0,0,32,0,59.0,0.0,0,0,,,,,,,,,,,,,,,,,,,,,0.0,0,,SYNTHETIC,0
doe-007,0,348,2026-09-03T09:05:48Z,2026-09-03T09:05:49Z,2026-09-03T09:05:48Z,2026-09-03T09:05:49Z,site_a,SIM,synthetic_demo,A-WAN-1,UP,1000.0,403.9055,403.87,0.0,16.24,0.0678,0.116,0,UP,4.0,0.0,48,48,269,-61.4,19.287,5.846,0,2,0,31,0,186.0,0.0,0,0,MAINS,MAINS,1,0,47.09,92.0,47.9359,48.2947,-4.0,3.68738,3.68738,3.71498,3.71498,0.0,23.2,1098.177,,51.624,,CHARGE,0.0,0,,SYNTHETIC,0
doe-007,0,348,2026-09-03T09:05:48Z,2026-09-03T09:05:49Z,2026-09-03T09:05:48Z,2026-09-03T09:05:49Z,site_b,SIM,synthetic_demo,B-WAN-1,UP,1000.0,67.5064,66.63,0.0,22.72,1.645,0.108,0,UP,4.0,0.0,6,6,32,-63.4,21.422,6.175,2,0,0,32,0,32.0,0.0,0,0,,,,,,,,,,,,,,,,,,,,,0.0,0,,SYNTHETIC,0
doe-007,0,349,2026-09-03T09:05:49Z,2026-09-03T09:05:50Z,2026-09-03T09:05:49Z,2026-09-03T09:05:50Z,site_a,SIM,synthetic_demo,A-WAN-1,UP,1000.0,483.6297,483.57,0.0,16.6,0.556,0.094,0,UP,4.0,0.0,48,48,132,,15.268,4.615,1,1,0,31,0,183.0,0.0,0,0,MAINS,MAINS,1,0,46.96,92.0,47.936,48.2948,-4.0,3.68739,3.68739,3.71499,3.71499,0.0,23.3,1078.138,,52.586,,CHARGE,0.0,0,,SYNTHETIC|GAP|MISSING_MAR,0
doe-007,0,349,2026-09-03T09:05:49Z,2026-09-03T09:05:50Z,2026-09-03T09:05:49Z,2026-09-03T09:05:50Z,site_b,SIM,synthetic_demo,B-WAN-1,UP,1000.0,80.7794,80.61,0.0,23.19,1.8053,0.05,0,UP,4.0,0.0,6,6,37,-60.9,21.613,6.183,0,0,0,32,0,58.0,0.0,0,0,,,,,,,,,,,,,,,,,,,,,0.0,0,,SYNTHETIC,0
doe-007,0,350,2026-09-03T09:05:50Z,2026-09-03T09:05:51Z,2026-09-03T09:05:50Z,2026-09-03T09:05:51Z,site_a,SIM,synthetic_demo,A-WAN-1,UP,1000.0,527.5965,528.04,0.0,17.46,0.9635,0.084,0,UP,4.0,0.0,48,48,177,-62.5,17.892,5.26,0,5,0,31,0,280.0,0.0,0,0,MAINS,MAINS,1,0,47.03,92.0,47.9362,48.295,-4.0,3.6874,3.6874,3.715,3.715,0.0,23.3,1093.523,,51.849,,CHARGE,0.0,0,,SYNTHETIC,0
doe-007,0,350,2026-09-03T09:05:50Z,2026-09-03T09:05:51Z,2026-09-03T09:05:50Z,2026-09-03T09:05:51Z,site_b,SIM,synthetic_demo,B-WAN-1,UP,1000.0,69.4105,69.81,0.0,21.92,1.1085,0.111,0,UP,4.0,0.0,6,6,70,-61.6,28.389,8.793,0,2,0,32,0,46.0,0.0,0,0,,,,,,,,,,,,,,,,,,,,,0.0,0,,SYNTHETIC,0
doe-007,0,351,2026-09-03T09:05:51Z,2026-09-03T09:05:52Z,2026-09-03T09:05:51Z,2026-09-03T09:05:52Z,site_a,SIM,synthetic_demo,A-WAN-1,UP,1000.0,473.7532,473.86,0.0,21.63,5.3615,0.094,0,UP,4.0,0.0,48,48,159,-62.9,16.782,4.788,0,4,0,31,0,239.0,0.0,0,0,MAINS,MAINS,1,0,47.07,92.0,47.9363,48.2951,-4.0,3.68741,3.68741,3.71501,3.71501,0.0,23.1,1095.524,,51.757,,CHARGE,0.0,0,,SYNTHETIC,0
doe-007,0,351,2026-09-03T09:05:51Z,2026-09-03T09:05:52Z,2026-09-03T09:05:51Z,2026-09-03T09:05:52Z,site_b,SIM,synthetic_demo,B-WAN-1,UP,1000.0,78.1449,77.79,0.0,22.58,0.733,0.079,0,UP,4.0,0.0,6,6,35,-64.4,19.24,6.505,1,0,0,32,0,63.0,0.0,0,0,,,,,,,,,,,,,,,,,,,,,0.0,0,,SYNTHETIC,0
doe-007,0,352,2026-09-03T09:05:52Z,2026-09-03T09:05:53Z,2026-09-03T09:05:52Z,2026-09-03T09:05:53Z,site_a,SIM,synthetic_demo,A-WAN-1,UP,1000.0,452.2184,452.17,0.0,17.59,1.9722,0.093,0,UP,4.0,0.0,48,48,356,-61.6,22.031,6.734,1,2,0,31,0,408.0,0.0,0,0,MAINS,MAINS,1,0,47.04,92.0,47.9364,48.2952,-4.0,3.68742,3.68742,3.71502,3.71502,0.0,23.1,1091.86,,51.933,,CHARGE,0.0,0,,SYNTHETIC,0
doe-007,0,352,2026-09-03T09:05:52Z,2026-09-03T09:05:53Z,2026-09-03T09:05:52Z,2026-09-03T09:05:53Z,site_b,SIM,synthetic_demo,B-WAN-1,UP,1000.0,66.8134,67.44,0.0,23.38,2.5848,0.1,0,UP,4.0,0.0,6,6,36,-61.7,18.972,6.177,0,1,0,32,0,57.0,0.0,0,0,,,,,,,,,,,,,,,,,,,,,0.0,0,,SYNTHETIC,0
doe-007,0,353,2026-09-03T09:05:53Z,2026-09-03T09:05:54Z,2026-09-03T09:05:53Z,2026-09-03T09:05:54Z,site_a,SIM,synthetic_demo,A-WAN-1,UP,1000.0,521.8116,521.84,0.0,16.71,0.2406,0.105,0,UP,4.0,0.0,48,48,122,-62.1,15.456,4.541,0,4,0,31,0,225.0,0.0,0,0,MAINS,MAINS,1,0,47.0,92.0,47.9365,48.2953,-4.0,3.68743,3.68743,3.71503,3.71503,0.0,23.1,1084.931,,52.268,,CHARGE,0.0,0,,SYNTHETIC,0
doe-007,0,353,2026-09-03T09:05:53Z,2026-09-03T09:05:54Z,2026-09-03T09:05:53Z,2026-09-03T09:05:54Z,site_b,SIM,synthetic_demo,B-WAN-1,UP,1000.0,63.1798,63.64,0.0,23.25,1.4909,0.085,0,UP,4.0,0.0,6,6,11,-63.4,17.548,5.232,0,0,0,32,0,47.0,0.0,0,0,,,,,,,,,,,,,,,,,,,,,0.0,0,,SYNTHETIC,0
doe-007,0,354,2026-09-03T09:05:54Z,2026-09-03T09:05:55Z,2026-09-03T09:05:54Z,2026-09-03T09:05:55Z,site_a,SIM,synthetic_demo,A-WAN-1,UP,1000.0,442.7823,442.42,0.0,18.36,1.6371,0.099,0,UP,4.0,0.0,48,48,312,-61.1,21.001,6.496,0,2,0,31,0,284.0,0.0,0,0,MAINS,MAINS,1,0,47.01,92.0,47.9367,48.2955,-4.0,3.68744,3.68744,3.71504,3.71504,0.0,23.3,1101.139,,51.501,,CHARGE,0.0,0,,SYNTHETIC,0
doe-007,0,354,2026-09-03T09:05:54Z,2026-09-03T09:05:55Z,2026-09-03T09:05:54Z,2026-09-03T09:05:55Z,site_b,SIM,synthetic_demo,B-WAN-1,UP,1000.0,63.4202,63.7,0.0,22.58,2.063,0.097,0,UP,4.0,0.0,6,6,19,-63.1,17.699,5.034,0,0,0,32,0,34.0,0.0,0,0,,,,,,,,,,,,,,,,,,,,,0.0,0,,SYNTHETIC,0
doe-007,0,355,2026-09-03T09:05:55Z,2026-09-03T09:05:56Z,2026-09-03T09:05:55Z,2026-09-03T09:05:56Z,site_a,SIM,synthetic_demo,A-WAN-1,UP,1000.0,515.2411,515.97,0.0,17.93,1.314,0.087,0,UP,4.0,0.0,48,48,169,-61.4,16.4,4.836,2,4,0,31,0,449.0,0.0,0,0,MAINS,MAINS,1,0,47.04,92.0,47.9368,48.2956,-4.0,3.68745,3.68745,3.71505,3.71505,0.0,23.1,1100.059,,51.554,,CHARGE,0.0,0,,SYNTHETIC,0
doe-007,0,355,2026-09-03T09:05:55Z,2026-09-03T09:05:56Z,2026-09-03T09:05:55Z,2026-09-03T09:05:56Z,site_b,SIM,synthetic_demo,B-WAN-1,UP,1000.0,69.4488,68.87,0.0,24.07,2.7432,0.094,0,UP,4.0,0.0,6,6,38,-62.6,20.434,6.938,0,0,0,32,0,30.0,0.0,0,0,,,,,,,,,,,,,,,,,,,,,0.0,0,,SYNTHETIC,0
doe-007,0,356,2026-09-03T09:05:56Z,2026-09-03T09:05:57Z,2026-09-03T09:05:56Z,2026-09-03T09:05:57Z,site_a,SIM,synthetic_demo,A-WAN-1,UP,1000.0,457.084,458.08,0.0,18.71,3.0047,0.056,0,UP,4.0,0.0,48,48,117,-61.9,16.104,4.671,0,1,0,31,0,337.0,0.0,0,0,MAINS,MAINS,1,0,47.03,92.0,47.9369,48.2957,-4.0,3.68746,3.68746,3.71506,3.71506,0.0,23.2,1101.038,,51.511,,CHARGE,0.0,0,,SYNTHETIC,0
doe-007,0,356,2026-09-03T09:05:56Z,2026-09-03T09:05:57Z,2026-09-03T09:05:56Z,2026-09-03T09:05:57Z,site_b,SIM,synthetic_demo,B-WAN-1,UP,1000.0,67.089,66.51,0.0,24.34,3.7672,0.086,0,UP,4.0,0.0,6,6,67,-61.7,30.935,8.313,1,0,0,32,0,55.0,0.0,0,0,,,,,,,,,,,,,,,,,,,,,0.0,0,,SYNTHETIC,0
doe-007,0,357,2026-09-03T09:05:57Z,2026-09-03T09:05:58Z,2026-09-03T09:05:57Z,2026-09-03T09:05:58Z,site_a,SIM,synthetic_demo,A-WAN-1,UP,1000.0,475.5366,475.09,0.0,16.02,0.1454,0.124,0,UP,4.0,0.0,48,48,177,-62.8,17.164,5.303,0,2,0,31,0,280.0,0.0,0,0,MAINS,MAINS,1,0,47.09,92.0,47.9371,48.2959,-4.0,3.68747,3.68747,3.71507,3.71507,0.0,,1085.29,,52.261,,CHARGE,0.0,0,,SYNTHETIC|GAP|MISSING_MCAR,0
doe-007,0,357,2026-09-03T09:05:57Z,2026-09-03T09:05:58Z,2026-09-03T09:05:57Z,2026-09-03T09:05:58Z,site_b,SIM,synthetic_demo,B-WAN-1,UP,1000.0,98.308,97.71,0.0,21.3,0.8177,0.086,0,UP,4.0,0.0,6,6,40,-62.1,19.021,6.44,0,0,0,32,0,77.0,0.0,0,0,,,,,,,,,,,,,,,,,,,,,0.0,0,,SYNTHETIC,0
doe-007,0,358,2026-09-03T09:05:58Z,2026-09-03T09:05:59Z,2026-09-03T09:05:58Z,2026-09-03T09:05:59Z,site_a,SIM,synthetic_demo,A-WAN-1,UP,1000.0,507.7784,507.89,0.0,16.1,0.0703,0.11,0,UP,4.0,0.0,48,48,218,-62.0,18.08,5.606,0,3,0,31,0,333.0,0.0,0,0,MAINS,MAINS,1,0,47.12,92.0,47.9372,48.296,-4.0,3.68748,3.68748,3.71508,3.71508,0.0,23.2,1097.58,,51.679,,CHARGE,0.0,0,,SYNTHETIC,0
doe-007,0,358,2026-09-03T09:05:58Z,2026-09-03T09:05:59Z,2026-09-03T09:05:58Z,2026-09-03T09:05:59Z,site_b,SIM,synthetic_demo,B-WAN-1,UP,1000.0,69.778,68.8,0.0,22.81,1.6493,0.136,0,UP,4.0,0.0,6,6,53,-62.2,24.001,7.061,0,0,0,32,0,51.0,0.0,0,0,,,,,,,,,,,,,,,,,,,,,0.0,0,,SYNTHETIC,0
doe-007,0,359,2026-09-03T09:05:59Z,2026-09-03T09:06:00Z,2026-09-03T09:05:59Z,2026-09-03T09:06:00Z,site_a,SIM,synthetic_demo,A-WAN-1,UP,1000.0,454.6511,454.1,0.0,19.83,3.4579,0.073,0,UP,4.0,0.0,48,48,249,-61.8,19.084,5.635,1,5,0,31,0,306.0,0.0,0,0,MAINS,MAINS,1,0,47.01,92.0,47.9373,48.2961,-4.0,3.68749,3.68749,3.71509,3.71509,0.0,23.0,1092.226,,51.935,,CHARGE,0.0,0,,SYNTHETIC,0
doe-007,0,359,2026-09-03T09:05:59Z,2026-09-03T09:06:00Z,2026-09-03T09:05:59Z,2026-09-03T09:06:00Z,site_b,SIM,synthetic_demo,B-WAN-1,UP,1000.0,57.5563,56.76,0.0,23.06,1.5914,0.102,0,UP,4.0,0.0,6,6,23,-63.8,17.173,5.55,0,0,0,32,0,59.0,0.0,0,0,,,,,,,,,,,,,,,,,,,,,0.0,0,,SYNTHETIC,0
doe-007,0,360,2026-09-03T09:06:00Z,2026-09-03T09:06:01Z,2026-09-03T09:06:00Z,2026-09-03T09:06:01Z,site_a,SIM,synthetic_demo,A-WAN-1,UP,1000.0,417.6756,416.96,0.0,17.12,1.9055,0.092,0,UP,4.0,0.0,48,48,226,-62.0,18.051,5.65,1,2,0,31,0,411.0,0.0,0,0,MAINS,MAINS,1,0,47.07,92.0,47.9374,48.2962,-4.0,3.6875,3.6875,3.7151,3.7151,0.0,23.1,1084.384,,52.313,,CHARGE,0.0,0,,SYNTHETIC,0
doe-007,0,360,2026-09-03T09:06:00Z,2026-09-03T09:06:01Z,2026-09-03T09:06:00Z,2026-09-03T09:06:01Z,site_b,SIM,synthetic_demo,B-WAN-1,UP,1000.0,61.4125,61.76,0.0,21.81,0.3009,0.089,0,UP,4.0,0.0,6,6,46,-61.3,20.151,7.362,0,0,0,32,0,44.0,24.0,0,0,,,,,,,,,,,,,,,,,,,,,0.35,0,,SYNTHETIC,0
doe-007,0,361,2026-09-03T09:06:01Z,2026-09-03T09:06:02Z,2026-09-03T09:06:01Z,2026-09-03T09:06:02Z,site_a,SIM,synthetic_demo,A-WAN-1,UP,1000.0,401.5507,401.42,0.0,16.38,0.7033,0.087,0,UP,4.0,0.0,48,48,245,-61.7,19.686,5.676,2,5,0,31,0,277.0,0.0,0,0,MAINS,MAINS,1,0,46.99,92.0,47.9376,48.2964,-4.0,3.68751,3.68751,3.71511,3.71511,0.0,23.1,1096.12,,51.756,,CHARGE,0.0,0,,SYNTHETIC,0
doe-007,0,361,2026-09-03T09:06:01Z,2026-09-03T09:06:02Z,2026-09-03T09:06:01Z,2026-09-03T09:06:02Z,site_b,SIM,synthetic_demo,B-WAN-1,UP,1000.0,63.6262,63.3,0.0,22.94,1.7419,0.092,0,UP,4.0,0.0,6,6,42,-61.5,22.179,6.877,0,0,0,32,0,89.0,24.0,0,0,,,,,,,,,,,,,,,,,,,,,0.35,0,,SYNTHETIC,0
doe-007,0,362,2026-09-03T09:06:02Z,2026-09-03T09:06:03Z,2026-09-03T09:06:02Z,2026-09-03T09:06:03Z,site_a,SIM,synthetic_demo,A-WAN-1,UP,1000.0,502.3307,502.82,0.0,18.61,2.5392,0.088,0,UP,4.0,0.0,48,48,331,-61.5,21.07,6.373,0,6,0,31,0,300.0,0.0,0,0,MAINS,MAINS,1,0,47.07,92.0,47.9377,48.2965,-4.0,3.68751,3.68751,3.71511,3.71511,0.0,23.2,1077.386,,52.658,,CHARGE,0.0,0,,SYNTHETIC,0
doe-007,0,362,2026-09-03T09:06:02Z,2026-09-03T09:06:03Z,2026-09-03T09:06:02Z,2026-09-03T09:06:03Z,site_b,SIM,synthetic_demo,B-WAN-1,UP,1000.0,57.9589,58.3,0.0,21.39,1.0558,0.102,0,UP,4.0,0.0,6,6,38,-61.8,18.487,5.895,0,1,0,32,0,59.0,24.0,0,0,,,,,,,,,,,,,,,,,,,,,0.35,0,,SYNTHETIC,0
doe-007,0,363,2026-09-03T09:06:03Z,2026-09-03T09:06:04Z,2026-09-03T09:06:03Z,2026-09-03T09:06:04Z,site_a,SIM,synthetic_demo,A-WAN-1,UP,1000.0,471.6262,471.39,0.0,17.02,1.2283,0.065,0,UP,4.0,0.0,48,48,243,-62.2,18.953,5.667,1,1,0,31,0,277.0,0.0,0,0,MAINS,MAINS,1,0,47.08,92.0,47.9378,48.2966,-4.0,3.68752,3.68752,3.71512,3.71512,0.0,23.2,1084.395,,52.321,,CHARGE,0.0,0,,SYNTHETIC,0
doe-007,0,363,2026-09-03T09:06:03Z,2026-09-03T09:06:04Z,2026-09-03T09:06:03Z,2026-09-03T09:06:04Z,site_b,SIM,synthetic_demo,B-WAN-1,UP,1000.0,60.4209,59.55,0.0,21.63,1.0537,0.095,0,UP,4.0,0.0,6,6,68,-61.8,27.959,8.038,0,0,0,32,0,43.0,24.0,0,0,,,,,,,,,,,,,,,,,,,,,0.35,0,,SYNTHETIC,0
doe-007,0,364,2026-09-03T09:06:04Z,2026-09-03T09:06:05Z,2026-09-03T09:06:04Z,2026-09-03T09:06:05Z,site_a,SIM,synthetic_demo,A-WAN-1,UP,1000.0,462.5996,462.65,0.0,17.39,1.0347,0.102,0,UP,4.0,0.0,48,48,177,-63.2,17.421,5.261,0,4,0,31,0,272.0,0.0,0,0,MAINS,MAINS,1,0,47.12,92.0,47.938,48.2968,-4.0,3.68753,3.68753,3.71513,3.71513,0.0,23.1,1078.296,,52.619,,CHARGE,0.0,0,,SYNTHETIC,0
doe-007,0,364,2026-09-03T09:06:04Z,2026-09-03T09:06:05Z,2026-09-03T09:06:04Z,2026-09-03T09:06:05Z,site_b,SIM,synthetic_demo,B-WAN-1,UP,1000.0,58.9933,59.1,0.0,22.09,1.2783,0.113,0,UP,4.0,0.0,6,6,41,-61.1,23.482,5.941,0,0,0,32,0,57.0,24.0,0,0,,,,,,,,,,,,,,,,,,,,,0.35,0,,SYNTHETIC,0
doe-007,0,365,2026-09-03T09:06:05Z,2026-09-03T09:06:06Z,2026-09-03T09:06:05Z,2026-09-03T09:06:06Z,site_a,SIM,synthetic_demo,A-WAN-1,UP,1000.0,495.9914,496.01,0.0,16.89,0.6427,0.054,0,UP,4.0,0.0,48,48,134,-61.2,15.097,4.668,0,5,0,31,0,540.0,0.0,0,0,MAINS,MAINS,1,0,47.15,92.0,47.9381,48.2969,-4.0,3.68754,3.68754,3.71514,3.71514,0.0,23.2,1095.792,,51.782,,CHARGE,0.0,0,,SYNTHETIC,0
doe-007,0,365,2026-09-03T09:06:05Z,2026-09-03T09:06:06Z,2026-09-03T09:06:05Z,2026-09-03T09:06:06Z,site_b,SIM,synthetic_demo,B-WAN-1,UP,1000.0,63.177,64.06,0.0,23.74,1.6882,0.123,0,UP,4.0,0.0,6,6,62,-61.4,25.645,8.269,0,2,0,32,0,47.0,24.0,0,0,,,,,,,,,,,,,,,,,,,,,0.35,0,,SYNTHETIC,0
doe-007,0,366,2026-09-03T09:06:06Z,2026-09-03T09:06:07Z,2026-09-03T09:06:06Z,2026-09-03T09:06:07Z,site_a,SIM,synthetic_demo,A-WAN-1,UP,1000.0,465.0325,465.56,0.0,17.76,1.4047,0.093,0,UP,4.0,0.0,48,48,116,-62.4,15.421,4.687,1,2,0,31,0,370.0,0.0,0,0,MAINS,MAINS,1,0,47.03,92.0,47.9382,48.297,-4.0,3.68755,3.68755,3.71515,3.71515,0.0,23.1,1065.756,,53.244,,CHARGE,0.0,0,,SYNTHETIC,0
doe-007,0,366,2026-09-03T09:06:06Z,2026-09-03T09:06:07Z,2026-09-03T09:06:06Z,2026-09-03T09:06:07Z,site_b,SIM,synthetic_demo,B-WAN-1,UP,1000.0,75.4428,73.42,0.0,21.55,0.0201,0.092,0,UP,4.0,0.0,6,6,89,-61.1,29.73,9.842,0,0,0,32,0,41.0,24.0,0,0,,,,,,,,,,,,,,,,,,,,,0.35,0,,SYNTHETIC,0
doe-007,0,367,2026-09-03T09:06:07Z,2026-09-03T09:06:08Z,2026-09-03T09:06:07Z,2026-09-03T09:06:08Z,site_a,SIM,synthetic_demo,A-WAN-1,UP,1000.0,520.713,520.98,0.0,17.0,0.3624,0.085,0,UP,4.0,0.0,48,48,169,-61.4,17.106,4.877,0,0,0,31,0,312.0,0.0,0,0,MAINS,MAINS,1,0,47.13,92.0,47.9383,48.2971,-4.0,3.68756,3.68756,3.71516,3.71516,0.0,23.0,1101.853,,51.502,,CHARGE,0.0,0,,SYNTHETIC,0
doe-007,0,367,2026-09-03T09:06:07Z,2026-09-03T09:06:08Z,2026-09-03T09:06:07Z,2026-09-03T09:06:08Z,site_b,SIM,synthetic_demo,B-WAN-1,UP,1000.0,75.3827,74.45,0.0,22.95,1.8746,0.084,0,UP,4.0,0.0,6,6,55,-61.2,22.803,7.691,0,0,0,32,0,62.0,24.0,0,0,,,,,,,,,,,,,,,,,,,,,0.35,0,,SYNTHETIC,0
doe-007,0,368,2026-09-03T09:06:08Z,2026-09-03T09:06:09Z,2026-09-03T09:06:08Z,2026-09-03T09:06:09Z,site_a,SIM,synthetic_demo,A-WAN-1,UP,1000.0,431.308,431.2,0.0,17.13,0.5915,0.066,0,UP,4.0,0.0,48,48,207,-63.7,18.091,5.597,1,3,0,31,0,441.0,0.0,0,0,MAINS,MAINS,1,0,47.13,92.0,47.9385,48.2973,-4.0,3.68757,3.68757,3.71517,3.71517,0.0,23.2,1091.998,,51.97,,CHARGE,0.0,0,,SYNTHETIC,0
doe-007,0,368,2026-09-03T09:06:08Z,2026-09-03T09:06:09Z,2026-09-03T09:06:08Z,2026-09-03T09:06:09Z,site_b,SIM,synthetic_demo,B-WAN-1,UP,1000.0,70.8451,70.76,0.0,21.78,0.1379,0.101,0,UP,4.0,0.0,6,6,32,-59.4,19.665,6.181,0,0,0,32,0,61.0,24.0,0,0,,,,,,,,,,,,,,,,,,,,,0.35,0,,SYNTHETIC,0
doe-007,0,369,2026-09-03T09:06:09Z,2026-09-03T09:06:10Z,2026-09-03T09:06:09Z,2026-09-03T09:06:10Z,site_a,SIM,synthetic_demo,A-WAN-1,UP,1000.0,492.17,491.93,0.0,17.94,1.9163,0.102,0,UP,4.0,0.0,48,48,204,-63.3,17.774,5.426,1,2,0,31,0,250.0,0.0,0,0,MAINS,MAINS,1,0,47.11,92.0,47.9386,48.2974,-4.0,3.68758,3.68758,3.71518,3.71518,0.0,23.2,1091.367,,52.003,,CHARGE,0.0,0,,SYNTHETIC,0
doe-007,0,369,2026-09-03T09:06:09Z,2026-09-03T09:06:10Z,2026-09-03T09:06:09Z,2026-09-03T09:06:10Z,site_b,SIM,synthetic_demo,B-WAN-1,UP,1000.0,94.4682,94.0,0.0,23.83,2.5145,0.103,0,UP,4.0,0.0,6,6,18,-61.1,16.532,3.995,0,0,0,32,0,67.0,24.0,0,0,,,,,,,,,,,,,,,,,,,,,0.35,0,,SYNTHETIC,0
doe-007,0,370,2026-09-03T09:06:10Z,2026-09-03T09:06:11Z,2026-09-03T09:06:10Z,2026-09-03T09:06:11Z,site_a,SIM,synthetic_demo,A-WAN-1,UP,1000.0,386.8076,387.11,0.0,18.44,2.3728,0.039,0,UP,4.0,0.0,48,48,253,-62.3,20.172,5.746,2,3,0,31,0,316.0,0.0,0,0,MAINS,MAINS,1,0,47.13,92.0,47.9387,48.2975,-4.0,3.68759,3.68759,3.71519,3.71519,0.0,23.2,1080.722,,52.517,,CHARGE,0.0,0,,SYNTHETIC,0
doe-007,0,370,2026-09-03T09:06:10Z,2026-09-03T09:06:11Z,2026-09-03T09:06:10Z,2026-09-03T09:06:11Z,site_b,SIM,synthetic_demo,B-WAN-1,UP,1000.0,96.0135,96.4,0.0,21.38,0.4806,0.085,0,UP,4.0,0.0,6,6,77,-63.0,27.352,9.448,0,0,0,32,0,93.0,24.0,0,0,,,,,,,,,,,,,,,,,,,,,0.35,0,,SYNTHETIC,0
doe-007,0,371,2026-09-03T09:06:11Z,2026-09-03T09:06:12Z,2026-09-03T09:06:11Z,2026-09-03T09:06:12Z,site_a,SIM,synthetic_demo,A-WAN-1,UP,1000.0,479.3059,479.47,0.0,18.06,1.7927,0.116,0,UP,4.0,0.0,48,48,352,-62.1,21.48,6.635,1,2,0,31,0,293.0,0.0,0,0,MAINS,MAINS,1,0,47.06,92.0,47.9389,48.2977,-4.0,3.6876,3.6876,3.7152,3.7152,0.0,23.1,1085.69,,52.28,,CHARGE,0.0,0,,SYNTHETIC,0
doe-007,0,371,2026-09-03T09:06:11Z,2026-09-03T09:06:12Z,2026-09-03T09:06:11Z,2026-09-03T09:06:12Z,site_b,SIM,synthetic_demo,B-WAN-1,UP,1000.0,78.9614,78.22,0.0,24.25,2.8917,0.12,0,UP,4.0,0.0,6,6,35,-61.3,19.845,5.348,0,0,0,32,0,64.0,24.0,0,0,,,,,,,,,,,,,,,,,,,,,0.35,0,,SYNTHETIC,0
doe-007,0,372,2026-09-03T09:06:12Z,2026-09-03T09:06:13Z,2026-09-03T09:06:12Z,2026-09-03T09:06:13Z,site_a,SIM,synthetic_demo,A-WAN-1,UP,1000.0,517.5055,516.01,0.0,15.9,0.0622,0.1,0,UP,4.0,0.0,48,48,222,-61.5,18.85,5.338,1,5,0,31,0,385.0,0.0,0,0,MAINS,MAINS,1,0,47.07,92.0,47.939,48.2978,-4.0,3.68761,3.68761,3.71521,3.71521,0.0,23.2,1086.867,,52.226,,CHARGE,0.0,0,,SYNTHETIC,0
doe-007,0,372,2026-09-03T09:06:12Z,2026-09-03T09:06:13Z,2026-09-03T09:06:12Z,2026-09-03T09:06:13Z,site_b,SIM,synthetic_demo,B-WAN-1,UP,1000.0,76.2749,75.46,0.0,21.93,0.3492,0.109,0,UP,4.0,0.0,6,6,37,-63.6,19.802,6.091,0,0,0,32,0,44.0,24.0,0,0,,,,,,,,,,,,,,,,,,,,,0.35,0,,SYNTHETIC,0
doe-007,0,373,2026-09-03T09:06:13Z,2026-09-03T09:06:14Z,2026-09-03T09:06:13Z,2026-09-03T09:06:14Z,site_a,SIM,synthetic_demo,A-WAN-1,UP,1000.0,426.7522,426.2,0.0,16.41,0.2377,0.122,0,UP,4.0,0.0,48,48,200,-60.6,17.569,5.129,0,4,0,31,0,346.0,0.0,0,0,MAINS,MAINS,1,0,47.05,92.0,47.9391,48.2979,-4.0,3.68762,3.68762,3.71522,3.71522,0.0,23.2,1098.317,,51.684,,CHARGE,0.0,0,,SYNTHETIC,0
doe-007,0,373,2026-09-03T09:06:13Z,2026-09-03T09:06:14Z,2026-09-03T09:06:13Z,2026-09-03T09:06:14Z,site_b,SIM,synthetic_demo,B-WAN-1,UP,1000.0,70.1444,70.68,0.0,21.83,1.0414,0.039,0,UP,4.0,0.0,6,6,51,-61.6,22.146,7.14,0,1,0,32,0,68.0,24.0,0,0,,,,,,,,,,,,,,,,,,,,,0.35,0,,SYNTHETIC,0
doe-007,0,374,2026-09-03T09:06:14Z,2026-09-03T09:06:15Z,2026-09-03T09:06:14Z,2026-09-03T09:06:15Z,site_a,SIM,synthetic_demo,A-WAN-1,UP,1000.0,409.6354,409.78,0.0,17.29,1.5773,0.068,0,UP,4.0,0.0,48,48,219,-62.2,17.958,5.482,2,2,0,31,0,343.0,0.0,0,0,MAINS,MAINS,1,0,47.14,92.0,47.9392,48.298,-4.0,3.68763,3.68763,3.71523,3.71523,0.0,23.2,1096.818,,51.757,,CHARGE,0.0,0,,SYNTHETIC,0
doe-007,0,374,2026-09-03T09:06:14Z,2026-09-03T09:06:15Z,2026-09-03T09:06:14Z,2026-09-03T09:06:15Z,site_b,SIM,synthetic_demo,B-WAN-1,UP,1000.0,76.2428,75.76,0.0,23.19,2.1111,0.095,0,UP,4.0,0.0,6,6,62,-63.5,25.963,8.081,0,1,0,32,0,52.0,24.0,0,0,,,,,,,,,,,,,,,,,,,,,0.35,0,,SYNTHETIC,0
doe-007,0,375,2026-09-03T09:06:15Z,2026-09-03T09:06:16Z,2026-09-03T09:06:15Z,2026-09-03T09:06:16Z,site_a,SIM,synthetic_demo,A-WAN-1,UP,1000.0,408.0228,408.42,0.0,17.83,1.6262,0.086,0,UP,4.0,0.0,48,48,235,-60.0,18.995,5.389,0,4,0,31,0,502.0,0.0,0,0,MAINS,MAINS,1,0,47.1,92.0,47.9394,48.2982,-4.0,3.68764,3.68764,3.71524,3.71524,0.0,23.2,1099.152,,51.65,,CHARGE,0.0,0,,SYNTHETIC,0
doe-007,0,375,2026-09-03T09:06:15Z,2026-09-03T09:06:16Z,2026-09-03T09:06:15Z,2026-09-03T09:06:16Z,site_b,SIM,synthetic_demo,B-WAN-1,UP,1000.0,73.4565,74.36,0.0,21.78,1.0785,0.109,0,UP,4.0,0.0,6,6,31,-62.4,19.653,6.266,0,1,0,32,0,51.0,24.0,0,0,,,,,,,,,,,,,,,,,,,,,0.35,0,,SYNTHETIC,0
doe-007,0,376,2026-09-03T09:06:16Z,2026-09-03T09:06:17Z,2026-09-03T09:06:16Z,2026-09-03T09:06:17Z,site_a,SIM,synthetic_demo,A-WAN-1,UP,1000.0,414.9559,415.22,0.0,17.82,1.069,0.09,0,UP,4.0,0.0,48,48,242,-62.9,18.415,5.823,1,1,0,31,0,385.0,0.0,0,0,MAINS,MAINS,1,0,47.08,92.0,47.9395,48.2983,-4.0,3.68765,3.68765,3.71525,3.71525,0.0,23.4,1109.798,,51.157,,CHARGE,0.0,0,,SYNTHETIC,0
doe-007,0,376,2026-09-03T09:06:16Z,2026-09-03T09:06:17Z,2026-09-03T09:06:16Z,2026-09-03T09:06:17Z,site_b,SIM,synthetic_demo,B-WAN-1,UP,1000.0,66.6947,66.16,0.0,22.49,0.9706,0.073,0,UP,4.0,0.0,6,6,28,-60.3,18.388,4.801,0,1,0,32,0,40.0,24.0,0,0,,,,,,,,,,,,,,,,,,,,,0.35,0,,SYNTHETIC,0
doe-007,0,377,2026-09-03T09:06:17Z,2026-09-03T09:06:18Z,2026-09-03T09:06:17Z,2026-09-03T09:06:18Z,site_a,SIM,synthetic_demo,A-WAN-1,UP,1000.0,436.8976,437.53,0.0,21.61,5.8048,0.067,0,UP,4.0,0.0,48,48,263,-61.9,18.843,5.986,1,3,0,31,0,345.0,0.0,0,0,MAINS,MAINS,1,0,47.14,92.0,47.9396,48.2984,-4.0,3.68766,3.68766,3.71526,3.71526,0.0,23.0,1085.958,,52.283,,CHARGE,0.0,0,,SYNTHETIC|STALE,0
doe-007,0,377,2026-09-03T09:06:17Z,2026-09-03T09:06:18Z,2026-09-03T09:06:17Z,2026-09-03T09:06:18Z,site_b,SIM,synthetic_demo,B-WAN-1,UP,1000.0,91.9485,92.63,0.0,22.12,1.0839,0.099,0,UP,4.0,0.0,6,6,35,-65.2,19.009,7.274,0,1,0,32,0,81.0,24.0,0,0,,,,,,,,,,,,,,,,,,,,,0.35,0,,SYNTHETIC,0
doe-007,0,378,2026-09-03T09:06:18Z,2026-09-03T09:06:19Z,2026-09-03T09:06:18Z,2026-09-03T09:06:19Z,site_a,SIM,synthetic_demo,A-WAN-1,UP,1000.0,388.9504,387.54,0.0,16.72,0.8784,0.081,0,UP,4.0,0.0,48,48,153,-61.7,16.948,4.416,1,2,0,31,0,473.0,0.0,0,0,MAINS,MAINS,1,0,47.2,92.0,47.9397,48.2985,-4.0,3.68767,3.68767,3.71527,3.71527,0.0,23.175,1092.652,,51.965,,CHARGE,0.0,0,,SYNTHETIC|STALE,0
doe-007,0,378,2026-09-03T09:06:18Z,2026-09-03T09:06:19Z,2026-09-03T09:06:18Z,2026-09-03T09:06:19Z,site_b,SIM,synthetic_demo,B-WAN-1,UP,1000.0,68.6169,70.45,0.0,21.26,0.0918,0.116,0,UP,4.0,0.0,6,6,64,-59.8,26.832,8.421,0,0,0,32,0,53.0,24.0,0,0,,,,,,,,,,,,,,,,,,,,,0.35,0,,SYNTHETIC,0
doe-007,0,379,2026-09-03T09:06:19Z,2026-09-03T09:06:20Z,2026-09-03T09:06:19Z,2026-09-03T09:06:20Z,site_a,SIM,synthetic_demo,A-WAN-1,UP,1000.0,433.2292,434.4,0.0,19.84,4.1528,0.107,0,UP,4.0,0.0,48,48,258,-61.5,19.247,5.836,2,1,0,31,0,264.0,0.0,0,0,MAINS,MAINS,1,0,46.99,92.0,47.9399,48.2987,-4.0,3.68768,3.68768,3.71528,3.71528,0.0,23.175,1069.671,,53.085,,CHARGE,0.0,0,,SYNTHETIC|STALE,0
doe-007,0,379,2026-09-03T09:06:19Z,2026-09-03T09:06:20Z,2026-09-03T09:06:19Z,2026-09-03T09:06:20Z,site_b,SIM,synthetic_demo,B-WAN-1,UP,1000.0,86.6764,86.16,0.0,21.51,0.2418,0.104,0,UP,4.0,0.0,6,6,67,-62.4,25.881,8.652,0,1,0,32,0,61.0,24.0,0,0,,,,,,,,,,,,,,,,,,,,,0.35,0,,SYNTHETIC,0
doe-007,0,380,2026-09-03T09:06:20Z,2026-09-03T09:06:21Z,2026-09-03T09:06:20Z,2026-09-03T09:06:21Z,site_a,SIM,synthetic_demo,A-WAN-1,UP,1000.0,434.7842,434.54,0.0,16.62,0.8009,0.101,0,UP,4.0,0.0,48,48,152,-62.0,16.262,4.814,1,2,0,31,0,405.0,0.0,0,0,MAINS,MAINS,1,0,47.18,92.0,47.94,48.2988,-4.0,3.68769,3.68769,3.71529,3.71529,0.0,23.175,1091.237,,52.038,,CHARGE,0.0,0,,SYNTHETIC|STALE,0
doe-007,0,380,2026-09-03T09:06:20Z,2026-09-03T09:06:21Z,2026-09-03T09:06:20Z,2026-09-03T09:06:21Z,site_b,SIM,synthetic_demo,B-WAN-1,UP,1000.0,69.9602,70.48,0.0,21.95,0.9391,0.101,0,UP,4.0,0.0,6,6,25,-62.2,17.207,5.039,0,0,0,32,0,48.0,24.0,0,0,,,,,,,,,,,,,,,,,,,,,0.35,0,,SYNTHETIC,0
doe-007,0,381,2026-09-03T09:06:21Z,2026-09-03T09:06:22Z,2026-09-03T09:06:21Z,2026-09-03T09:06:22Z,site_a,SIM,synthetic_demo,A-WAN-1,UP,1000.0,437.984,438.26,0.0,16.44,0.3551,0.064,0,UP,4.0,0.0,48,48,139,-63.0,16.507,4.441,1,4,0,31,0,348.0,0.0,0,0,MAINS,MAINS,1,0,47.14,92.0,47.9401,48.2989,-4.0,3.6877,3.6877,3.7153,3.7153,0.0,23.175,1085.648,,52.309,,CHARGE,0.0,0,,SYNTHETIC|STALE,0
doe-007,0,381,2026-09-03T09:06:21Z,2026-09-03T09:06:22Z,2026-09-03T09:06:21Z,2026-09-03T09:06:22Z,site_b,SIM,synthetic_demo,B-WAN-1,UP,1000.0,67.8189,67.93,0.0,22.42,1.6215,0.111,0,UP,4.0,0.0,6,6,37,-62.8,22.365,7.232,0,0,0,32,0,59.0,24.0,0,0,,,,,,,,,,,,,,,,,,,,,0.35,0,,SYNTHETIC,0
doe-007,0,382,2026-09-03T09:06:22Z,2026-09-03T09:06:23Z,2026-09-03T09:06:22Z,2026-09-03T09:06:23Z,site_a,SIM,synthetic_demo,A-WAN-1,UP,1000.0,436.1382,436.73,0.0,16.95,1.6071,0.093,0,UP,4.0,0.0,48,48,224,-62.6,18.817,5.699,2,5,0,31,0,345.0,0.0,0,0,MAINS,MAINS,1,0,47.07,92.0,47.9403,48.2991,-4.0,3.68771,3.68771,3.71531,3.71531,0.0,23.175,1088.197,,52.189,,CHARGE,0.0,0,,SYNTHETIC|STALE,0
doe-007,0,382,2026-09-03T09:06:22Z,2026-09-03T09:06:23Z,2026-09-03T09:06:22Z,2026-09-03T09:06:23Z,site_b,SIM,synthetic_demo,B-WAN-1,UP,1000.0,95.7147,94.79,0.0,22.95,2.4055,0.113,0,UP,4.0,0.0,6,6,23,-62.4,16.096,5.127,0,0,0,32,0,88.0,24.0,0,0,,,,,,,,,,,,,,,,,,,,,0.35,0,,SYNTHETIC,0
doe-007,0,383,2026-09-03T09:06:23Z,2026-09-03T09:06:24Z,2026-09-03T09:06:23Z,2026-09-03T09:06:24Z,site_a,SIM,synthetic_demo,A-WAN-1,UP,1000.0,446.3601,447.54,0.0,16.74,0.4547,0.097,0,UP,4.0,0.0,48,48,242,-61.5,18.535,5.651,0,3,0,31,0,445.0,0.0,0,0,MAINS,MAINS,1,0,47.09,92.0,47.9404,48.2992,-4.0,3.68772,3.68772,3.71532,3.71532,0.0,23.2,1070.682,,53.045,,CHARGE,0.0,0,,SYNTHETIC,0
doe-007,0,383,2026-09-03T09:06:23Z,2026-09-03T09:06:24Z,2026-09-03T09:06:23Z,2026-09-03T09:06:24Z,site_b,SIM,synthetic_demo,B-WAN-1,UP,1000.0,93.6892,92.66,0.0,22.88,1.9453,0.098,0,UP,4.0,0.0,6,6,40,-58.8,22.668,5.955,0,0,0,32,0,74.0,24.0,0,0,,,,,,,,,,,,,,,,,,,,,0.35,0,,SYNTHETIC,0
doe-007,0,384,2026-09-03T09:06:24Z,2026-09-03T09:06:25Z,2026-09-03T09:06:24Z,2026-09-03T09:06:25Z,site_a,SIM,synthetic_demo,A-WAN-1,UP,1000.0,421.4735,422.07,0.0,19.32,3.5214,0.059,0,UP,4.0,0.0,48,48,120,-61.1,14.776,4.582,2,3,0,31,0,553.0,0.0,0,0,MAINS,MAINS,1,0,47.11,92.0,47.9405,48.2993,-4.0,3.68773,3.68773,3.71533,3.71533,0.0,23.4,1087.445,,52.23,,CHARGE,0.0,0,,SYNTHETIC,0
doe-007,0,384,2026-09-03T09:06:24Z,2026-09-03T09:06:25Z,2026-09-03T09:06:24Z,2026-09-03T09:06:25Z,site_b,SIM,synthetic_demo,B-WAN-1,UP,1000.0,112.3469,111.36,0.0,22.01,1.0139,0.12,0,UP,4.0,0.0,6,6,43,-61.9,18.872,6.253,0,0,0,32,0,69.0,24.0,0,0,,,,,,,,,,,,,,,,,,,,,0.35,0,,SYNTHETIC,0
doe-007,0,385,2026-09-03T09:06:25Z,2026-09-03T09:06:26Z,2026-09-03T09:06:25Z,2026-09-03T09:06:26Z,site_a,SIM,synthetic_demo,A-WAN-1,UP,1000.0,434.9844,434.38,0.0,19.12,3.1906,0.125,0,UP,4.0,0.0,48,48,244,-61.9,19.285,5.69,0,3,0,31,0,269.0,0.0,0,0,MAINS,MAINS,1,0,47.12,92.0,47.9406,48.2994,-4.0,3.68774,3.68774,3.71534,3.71534,0.0,23.2,1080.282,,52.58,,CHARGE,0.0,0,,SYNTHETIC,0
doe-007,0,385,2026-09-03T09:06:25Z,2026-09-03T09:06:26Z,2026-09-03T09:06:25Z,2026-09-03T09:06:26Z,site_b,SIM,synthetic_demo,B-WAN-1,UP,1000.0,67.7428,67.9,0.0,22.21,1.5038,0.121,0,UP,4.0,0.0,6,6,40,-64.1,22.638,6.921,1,0,0,32,0,27.0,24.0,0,0,,,,,,,,,,,,,,,,,,,,,0.35,0,,SYNTHETIC,0
doe-007,0,386,2026-09-03T09:06:26Z,2026-09-03T09:06:27Z,2026-09-03T09:06:26Z,2026-09-03T09:06:27Z,site_a,SIM,synthetic_demo,A-WAN-1,UP,1000.0,389.2369,388.59,0.0,18.03,2.3554,0.089,0,UP,4.0,0.0,48,48,211,-62.6,18.852,5.667,1,4,0,31,0,471.0,0.0,0,0,MAINS,MAINS,1,0,47.16,92.0,47.9408,48.2996,-4.0,3.68775,3.68775,3.71535,3.71535,0.0,23.2,1079.771,,52.607,,CHARGE,0.0,0,,SYNTHETIC,0
doe-007,0,386,2026-09-03T09:06:26Z,2026-09-03T09:06:27Z,2026-09-03T09:06:26Z,2026-09-03T09:06:27Z,site_b,SIM,synthetic_demo,B-WAN-1,UP,1000.0,76.2605,76.1,0.0,22.14,1.2426,0.118,0,UP,4.0,0.0,6,6,21,-60.4,17.233,4.71,1,0,0,32,0,56.0,24.0,0,0,,,,,,,,,,,,,,,,,,,,,0.35,0,,SYNTHETIC,0
doe-007,0,387,2026-09-03T09:06:27Z,2026-09-03T09:06:28Z,2026-09-03T09:06:27Z,2026-09-03T09:06:28Z,site_a,SIM,synthetic_demo,A-WAN-1,UP,1000.0,548.3295,548.61,0.0,16.9,0.5789,0.07,0,UP,4.0,0.0,48,48,169,-61.3,16.254,5.07,0,3,0,31,0,473.0,0.0,0,0,MAINS,MAINS,1,0,47.18,92.0,47.9409,48.2997,-4.0,3.68776,3.68776,3.71536,3.71536,0.0,23.1,1088.601,,52.183,,CHARGE,0.0,0,,SYNTHETIC,0
doe-007,0,387,2026-09-03T09:06:27Z,2026-09-03T09:06:28Z,2026-09-03T09:06:27Z,2026-09-03T09:06:28Z,site_b,SIM,synthetic_demo,B-WAN-1,UP,1000.0,65.4013,65.12,0.0,22.44,1.1397,0.126,0,UP,4.0,0.0,6,6,39,-59.0,21.424,5.799,0,0,0,32,0,50.0,24.0,0,0,,,,,,,,,,,,,,,,,,,,,0.35,0,,SYNTHETIC,0
doe-007,0,388,2026-09-03T09:06:28Z,2026-09-03T09:06:29Z,2026-09-03T09:06:28Z,2026-09-03T09:06:29Z,site_a,SIM,synthetic_demo,A-WAN-1,UP,1000.0,460.5211,461.84,0.0,16.02,0.1375,0.083,0,UP,4.0,0.0,48,48,231,-62.6,18.049,5.679,1,4,0,31,0,228.0,0.0,0,0,MAINS,MAINS,1,0,47.14,92.0,47.941,48.2998,-4.0,3.68777,3.68777,3.71537,3.71537,0.0,23.1,1087.788,,52.225,,CHARGE,0.0,0,,SYNTHETIC,0
doe-007,0,388,2026-09-03T09:06:28Z,2026-09-03T09:06:29Z,2026-09-03T09:06:28Z,2026-09-03T09:06:29Z,site_b,SIM,synthetic_demo,B-WAN-1,UP,1000.0,70.1512,69.86,0.0,22.93,1.6547,0.125,0,UP,4.0,0.0,6,6,49,-61.6,22.898,7.25,1,0,0,32,0,67.0,24.0,0,0,,,,,,,,,,,,,,,,,,,,,0.35,0,,SYNTHETIC,0
doe-007,0,389,2026-09-03T09:06:29Z,2026-09-03T09:06:30Z,2026-09-03T09:06:29Z,2026-09-03T09:06:30Z,site_a,SIM,synthetic_demo,A-WAN-1,UP,1000.0,378.2839,378.77,0.0,19.79,2.8495,0.083,0,UP,4.0,0.0,48,48,286,-62.5,20.068,6.258,3,3,0,31,0,139.0,0.0,0,0,MAINS,MAINS,1,0,47.18,92.0,47.9412,48.3,-4.0,3.68778,3.68778,3.71538,3.71538,0.0,23.0,1085.721,,52.327,,CHARGE,0.0,0,,SYNTHETIC,0
doe-007,0,389,2026-09-03T09:06:29Z,2026-09-03T09:06:30Z,2026-09-03T09:06:29Z,2026-09-03T09:06:30Z,site_b,SIM,synthetic_demo,B-WAN-1,UP,1000.0,63.7072,64.58,0.0,22.36,1.4129,0.099,0,UP,4.0,0.0,6,6,40,-61.5,20.845,6.07,0,1,0,32,0,54.0,24.0,0,0,,,,,,,,,,,,,,,,,,,,,0.35,0,,SYNTHETIC,0
doe-007,0,390,2026-09-03T09:06:30Z,2026-09-03T09:06:31Z,2026-09-03T09:06:30Z,2026-09-03T09:06:31Z,site_a,SIM,synthetic_demo,A-WAN-1,UP,1000.0,380.1303,379.25,0.0,17.34,1.1138,0.078,0,UP,4.0,0.0,48,48,185,-62.4,17.643,5.506,1,2,0,31,0,222.0,0.0,0,0,MAINS,MAINS,1,0,47.02,92.0,47.9413,48.3001,-4.0,3.68779,3.68779,3.71539,3.71539,0.0,,1085.381,,52.346,,CHARGE,0.0,0,,SYNTHETIC|GAP|MISSING_MAR,0
doe-007,0,390,2026-09-03T09:06:30Z,2026-09-03T09:06:31Z,2026-09-03T09:06:30Z,2026-09-03T09:06:31Z,site_b,SIM,synthetic_demo,B-WAN-1,UP,1000.0,59.7524,59.12,0.0,21.7,0.223,0.08,0,UP,4.0,0.0,6,6,51,-62.5,24.286,7.432,0,0,0,32,0,67.0,24.0,0,0,,,,,,,,,,,,,,,,,,,,,0.35,0,,SYNTHETIC,0
doe-007,0,391,2026-09-03T09:06:31Z,2026-09-03T09:06:32Z,2026-09-03T09:06:31Z,2026-09-03T09:06:32Z,site_a,SIM,synthetic_demo,A-WAN-1,UP,1000.0,399.7431,399.94,0.0,17.8,1.9332,0.063,0,UP,4.0,0.0,48,48,180,-62.1,16.428,5.254,5,2,0,31,0,328.0,0.0,0,0,MAINS,MAINS,1,0,47.12,92.0,47.9414,48.3002,-4.0,3.6878,3.6878,3.7154,3.7154,0.0,23.3,1090.965,,52.081,,CHARGE,0.0,0,,SYNTHETIC,0
doe-007,0,391,2026-09-03T09:06:31Z,2026-09-03T09:06:32Z,2026-09-03T09:06:31Z,2026-09-03T09:06:32Z,site_b,SIM,synthetic_demo,B-WAN-1,UP,1000.0,70.5972,70.95,0.0,21.26,0.1594,0.093,0,UP,4.0,0.0,6,6,42,-61.5,22.194,6.108,0,0,0,32,0,88.0,24.0,0,0,,,,,,,,,,,,,,,,,,,,,0.35,0,,SYNTHETIC,0
doe-007,0,392,2026-09-03T09:06:32Z,2026-09-03T09:06:33Z,2026-09-03T09:06:32Z,2026-09-03T09:06:33Z,site_a,SIM,synthetic_demo,A-WAN-1,UP,1000.0,386.2818,386.6,0.0,18.36,2.4476,0.087,0,UP,4.0,0.0,48,48,72,-61.0,14.461,4.046,1,2,0,31,0,188.0,0.0,0,0,MAINS,MAINS,1,0,47.27,92.0,47.9415,48.3003,-4.0,3.68781,3.68781,3.71541,3.71541,0.0,23.1,1094.389,,51.92,,CHARGE,0.0,0,,SYNTHETIC,0
doe-007,0,392,2026-09-03T09:06:32Z,2026-09-03T09:06:33Z,2026-09-03T09:06:32Z,2026-09-03T09:06:33Z,site_b,SIM,synthetic_demo,B-WAN-1,UP,1000.0,57.9883,57.58,0.0,23.92,2.9822,0.079,0,UP,4.0,0.0,6,6,60,-61.2,25.425,7.221,0,0,0,32,0,53.0,24.0,0,0,,,,,,,,,,,,,,,,,,,,,0.35,0,,SYNTHETIC,0
doe-007,0,393,2026-09-03T09:06:33Z,2026-09-03T09:06:34Z,2026-09-03T09:06:33Z,2026-09-03T09:06:34Z,site_a,SIM,synthetic_demo,A-WAN-1,UP,1000.0,478.3812,478.48,0.0,16.8,1.1897,0.085,0,UP,4.0,0.0,48,48,121,-62.1,16.53,4.486,1,4,0,31,0,423.0,0.0,0,0,MAINS,MAINS,1,0,47.15,92.0,47.9417,48.3005,-4.0,3.68782,3.68782,3.71542,3.71542,0.0,23.2,1096.464,,51.825,,CHARGE,0.0,0,,SYNTHETIC,0
doe-007,0,393,2026-09-03T09:06:33Z,2026-09-03T09:06:34Z,2026-09-03T09:06:33Z,2026-09-03T09:06:34Z,site_b,SIM,synthetic_demo,B-WAN-1,UP,1000.0,65.5952,65.59,0.0,20.89,0.1204,0.082,0,UP,4.0,0.0,6,6,44,-59.9,21.022,6.694,0,0,0,32,0,59.0,24.0,0,0,,,,,,,,,,,,,,,,,,,,,0.35,0,,SYNTHETIC,0
doe-007,0,394,2026-09-03T09:06:34Z,2026-09-03T09:06:35Z,2026-09-03T09:06:34Z,2026-09-03T09:06:35Z,site_a,SIM,synthetic_demo,A-WAN-1,UP,1000.0,406.6535,406.39,0.0,16.33,0.528,0.098,0,UP,4.0,0.0,48,48,139,-61.2,16.709,4.603,1,3,0,31,0,480.0,0.0,0,0,MAINS,MAINS,1,0,47.08,92.0,47.9418,48.3006,-4.0,3.68783,3.68783,3.71543,3.71543,0.0,23.2,1086.561,,52.3,,CHARGE,0.0,0,,SYNTHETIC,0
doe-007,0,394,2026-09-03T09:06:34Z,2026-09-03T09:06:35Z,2026-09-03T09:06:34Z,2026-09-03T09:06:35Z,site_b,SIM,synthetic_demo,B-WAN-1,UP,1000.0,61.6849,61.78,0.0,21.13,0.1808,0.126,0,UP,4.0,0.0,6,6,26,-61.2,16.504,5.518,0,0,0,32,0,86.0,24.0,0,0,,,,,,,,,,,,,,,,,,,,,0.35,0,,SYNTHETIC,0
doe-007,0,395,2026-09-03T09:06:35Z,2026-09-03T09:06:36Z,2026-09-03T09:06:35Z,2026-09-03T09:06:36Z,site_a,SIM,synthetic_demo,A-WAN-1,UP,1000.0,376.5648,376.81,0.0,16.5,0.4413,0.072,0,UP,4.0,0.0,48,48,269,-62.4,19.5,6.0,0,1,0,31,0,224.0,0.0,0,0,MAINS,MAINS,1,0,47.17,92.0,47.9419,48.3007,-4.0,3.68784,3.68784,3.71544,3.71544,0.0,23.2,1072.984,,52.964,,CHARGE,0.0,0,,SYNTHETIC,0
doe-007,0,395,2026-09-03T09:06:35Z,2026-09-03T09:06:36Z,2026-09-03T09:06:35Z,2026-09-03T09:06:36Z,site_b,SIM,synthetic_demo,B-WAN-1,UP,1000.0,57.8034,58.87,0.0,22.09,0.7223,0.116,0,UP,4.0,0.0,6,6,90,-61.4,30.004,9.585,1,0,0,32,0,85.0,24.0,0,0,,,,,,,,,,,,,,,,,,,,,0.35,0,,SYNTHETIC,0
doe-007,0,396,2026-09-03T09:06:36Z,2026-09-03T09:06:37Z,2026-09-03T09:06:36Z,2026-09-03T09:06:37Z,site_a,SIM,synthetic_demo,A-WAN-1,UP,1000.0,427.2402,426.87,0.0,17.22,1.1191,0.139,0,UP,4.0,0.0,48,48,107,-62.4,15.281,4.184,0,5,0,31,0,497.0,0.0,0,0,MAINS,MAINS,1,0,47.15,92.0,47.9421,48.3009,-4.0,3.68785,3.68785,3.71545,3.71545,0.0,23.3,1090.356,,52.123,,CHARGE,0.0,0,,SYNTHETIC,0
doe-007,0,396,2026-09-03T09:06:36Z,2026-09-03T09:06:37Z,2026-09-03T09:06:36Z,2026-09-03T09:06:37Z,site_b,SIM,synthetic_demo,B-WAN-1,UP,1000.0,61.5698,61.54,0.0,20.8,0.2669,0.118,0,UP,4.0,0.0,6,6,43,-61.2,23.478,5.938,0,0,0,32,0,45.0,24.0,0,0,,,,,,,,,,,,,,,,,,,,,0.35,0,,SYNTHETIC,0
doe-007,0,397,2026-09-03T09:06:37Z,2026-09-03T09:06:38Z,2026-09-03T09:06:37Z,2026-09-03T09:06:38Z,site_a,SIM,synthetic_demo,A-WAN-1,UP,1000.0,545.8186,545.95,0.0,16.45,0.3089,0.069,0,UP,4.0,0.0,48,48,223,-61.9,17.95,5.615,0,1,0,31,0,458.0,0.0,0,0,MAINS,MAINS,1,0,47.2,92.0,47.9422,48.301,-4.0,3.68786,3.68786,3.71546,3.71546,0.0,23.2,1095.043,,51.903,,CHARGE,0.0,0,,SYNTHETIC,0
doe-007,0,397,2026-09-03T09:06:37Z,2026-09-03T09:06:38Z,2026-09-03T09:06:37Z,2026-09-03T09:06:38Z,site_b,SIM,synthetic_demo,B-WAN-1,UP,1000.0,63.2249,63.59,0.0,26.05,4.8818,0.114,0,UP,4.0,0.0,6,6,37,-61.5,18.278,6.365,0,0,0,32,0,83.0,24.0,0,0,,,,,,,,,,,,,,,,,,,,,0.35,0,,SYNTHETIC,0
doe-007,0,398,2026-09-03T09:06:38Z,2026-09-03T09:06:39Z,2026-09-03T09:06:38Z,2026-09-03T09:06:39Z,site_a,SIM,synthetic_demo,A-WAN-1,UP,1000.0,411.3095,410.82,0.0,19.47,3.6951,0.099,0,UP,4.0,0.0,48,48,180,-61.4,16.853,5.187,0,3,0,31,0,434.0,0.0,0,0,MAINS,MAINS,1,0,47.13,92.0,47.9423,48.3011,-4.0,3.68787,3.68787,3.71547,3.71547,0.0,23.2,1083.857,,52.441,,CHARGE,0.0,0,,SYNTHETIC,0
doe-007,0,398,2026-09-03T09:06:38Z,2026-09-03T09:06:39Z,2026-09-03T09:06:38Z,2026-09-03T09:06:39Z,site_b,SIM,synthetic_demo,B-WAN-1,UP,1000.0,69.6015,68.79,0.0,21.47,0.0272,0.113,0,UP,4.0,0.0,6,6,37,-63.4,20.334,5.724,0,2,0,32,0,60.0,24.0,0,0,,,,,,,,,,,,,,,,,,,,,0.35,0,,SYNTHETIC,0
doe-007,0,399,2026-09-03T09:06:39Z,2026-09-03T09:06:40Z,2026-09-03T09:06:39Z,2026-09-03T09:06:40Z,site_a,SIM,synthetic_demo,A-WAN-1,UP,1000.0,382.7748,382.84,0.0,17.28,1.2506,0.134,0,UP,4.0,0.0,48,48,174,-61.0,16.989,4.964,1,0,0,31,0,304.0,0.0,0,0,MAINS,MAINS,1,0,47.16,92.0,47.9424,48.3012,-4.0,3.68788,3.68788,3.71548,3.71548,0.0,23.3,1085.656,,52.357,,CHARGE,0.0,0,,SYNTHETIC,0
doe-007,0,399,2026-09-03T09:06:39Z,2026-09-03T09:06:40Z,2026-09-03T09:06:39Z,2026-09-03T09:06:40Z,site_b,SIM,synthetic_demo,B-WAN-1,UP,1000.0,77.5352,76.89,0.0,23.89,2.4621,0.1,0,UP,4.0,0.0,6,6,60,-60.7,25.028,7.761,0,1,0,32,0,65.0,24.0,0,0,,,,,,,,,,,,,,,,,,,,,0.35,0,,SYNTHETIC,0
doe-007,0,400,2026-09-03T09:06:40Z,2026-09-03T09:06:41Z,2026-09-03T09:06:40Z,2026-09-03T09:06:41Z,site_a,SIM,synthetic_demo,A-WAN-1,UP,1000.0,390.1526,390.88,0.0,18.9,1.9557,0.097,0,UP,4.0,0.0,48,48,245,-61.6,18.826,5.36,1,3,0,31,0,573.0,0.0,0,0,MAINS,MAINS,1,0,47.21,92.0,47.9426,48.3014,-4.0,3.68789,3.68789,3.71549,3.71549,0.0,23.1,1075.599,,52.849,,CHARGE,0.0,0,,SYNTHETIC,0
doe-007,0,400,2026-09-03T09:06:40Z,2026-09-03T09:06:41Z,2026-09-03T09:06:40Z,2026-09-03T09:06:41Z,site_b,SIM,synthetic_demo,B-WAN-1,UP,1000.0,61.1857,61.84,0.0,22.3,1.2086,0.092,0,UP,4.0,0.0,6,6,42,-63.1,22.824,6.97,0,0,0,32,0,62.0,24.0,0,0,,,,,,,,,,,,,,,,,,,,,0.35,0,,SYNTHETIC,0
doe-007,0,401,2026-09-03T09:06:41Z,2026-09-03T09:06:42Z,2026-09-03T09:06:41Z,2026-09-03T09:06:42Z,site_a,SIM,synthetic_demo,A-WAN-1,UP,1000.0,425.7182,426.23,0.0,17.17,1.4277,0.112,0,UP,4.0,0.0,48,48,189,-61.5,17.213,5.328,2,0,0,31,0,565.0,0.0,0,0,MAINS,MAINS,1,0,47.17,92.0,47.9427,48.3015,-4.0,3.6879,3.6879,3.7155,3.7155,0.0,23.1,1078.544,,52.708,,CHARGE,0.0,0,,SYNTHETIC,0
doe-007,0,401,2026-09-03T09:06:41Z,2026-09-03T09:06:42Z,2026-09-03T09:06:41Z,2026-09-03T09:06:42Z,site_b,SIM,synthetic_demo,B-WAN-1,UP,1000.0,97.2775,98.33,0.0,20.83,0.0604,0.11,0,UP,4.0,0.0,6,6,56,-61.5,24.88,7.851,0,0,0,32,0,46.0,24.0,0,0,,,,,,,,,,,,,,,,,,,,,0.35,0,,SYNTHETIC,0
doe-007,0,402,2026-09-03T09:06:42Z,2026-09-03T09:06:43Z,2026-09-03T09:06:42Z,2026-09-03T09:06:43Z,site_a,SIM,synthetic_demo,A-WAN-1,UP,1000.0,411.7523,410.75,0.0,16.66,0.8461,0.101,0,UP,4.0,0.0,48,48,176,-62.1,17.736,5.05,1,4,0,31,0,528.0,0.0,0,0,MAINS,MAINS,1,0,47.13,92.0,47.9428,48.3016,-4.0,3.68791,3.68791,3.71551,3.71551,0.0,23.1,1091.619,,52.079,,CHARGE,0.0,0,,SYNTHETIC,0
doe-007,0,402,2026-09-03T09:06:42Z,2026-09-03T09:06:43Z,2026-09-03T09:06:42Z,2026-09-03T09:06:43Z,site_b,SIM,synthetic_demo,B-WAN-1,UP,1000.0,61.9439,61.32,0.0,21.99,1.0069,0.1,0,UP,4.0,0.0,6,6,47,-58.6,22.344,6.399,0,0,0,32,0,44.0,24.0,0,0,,,,,,,,,,,,,,,,,,,,,0.35,0,,SYNTHETIC,0
doe-007,0,403,2026-09-03T09:06:43Z,2026-09-03T09:06:44Z,2026-09-03T09:06:43Z,2026-09-03T09:06:44Z,site_a,SIM,synthetic_demo,A-WAN-1,UP,1000.0,504.3649,505.34,0.0,16.66,0.7582,0.065,0,UP,4.0,0.0,48,48,188,-61.4,17.095,5.469,1,1,0,31,0,375.0,0.0,0,0,MAINS,MAINS,1,0,47.2,92.0,47.943,48.3018,-4.0,3.68792,3.68792,3.71552,3.71552,0.0,23.0,1097.097,,51.822,,CHARGE,0.0,0,,SYNTHETIC,0
doe-007,0,403,2026-09-03T09:06:43Z,2026-09-03T09:06:44Z,2026-09-03T09:06:43Z,2026-09-03T09:06:44Z,site_b,SIM,synthetic_demo,B-WAN-1,UP,1000.0,74.3107,74.88,0.0,21.68,1.1262,0.067,0,UP,4.0,0.0,6,6,27,-63.3,21.927,5.146,0,0,0,32,0,51.0,24.0,0,0,,,,,,,,,,,,,,,,,,,,,0.35,0,,SYNTHETIC,0
doe-007,0,404,2026-09-03T09:06:44Z,2026-09-03T09:06:45Z,2026-09-03T09:06:44Z,2026-09-03T09:06:45Z,site_a,SIM,synthetic_demo,A-WAN-1,UP,1000.0,464.668,465.17,0.0,17.93,2.1243,0.082,0,UP,4.0,0.0,48,48,140,-61.8,16.162,4.596,0,3,0,31,0,566.0,0.0,0,0,MAINS,MAINS,1,0,47.18,92.0,47.9431,48.3019,-4.0,3.68793,3.68793,3.71553,3.71553,0.0,23.3,1091.899,,52.071,,CHARGE,0.0,0,,SYNTHETIC,0
doe-007,0,404,2026-09-03T09:06:44Z,2026-09-03T09:06:45Z,2026-09-03T09:06:44Z,2026-09-03T09:06:45Z,site_b,SIM,synthetic_demo,B-WAN-1,UP,1000.0,67.7376,67.56,0.0,21.74,0.5145,0.109,0,UP,4.0,0.0,6,6,54,,23.384,7.582,0,0,0,32,0,49.0,24.0,0,0,,,,,,,,,,,,,,,,,,,,,0.35,0,,SYNTHETIC|GAP|MISSING_MCAR,0
doe-007,0,405,2026-09-03T09:06:45Z,2026-09-03T09:06:46Z,2026-09-03T09:06:45Z,2026-09-03T09:06:46Z,site_a,SIM,synthetic_demo,A-WAN-1,UP,1000.0,398.3094,397.47,0.0,16.33,0.3178,0.109,0,UP,4.0,0.0,48,48,232,-62.2,18.568,5.62,0,0,0,31,0,283.0,0.0,0,0,MAINS,MAINS,1,0,47.16,92.0,47.9432,48.302,-4.0,3.68794,3.68794,3.71554,3.71554,0.0,23.3,1102.004,,51.596,,CHARGE,0.0,0,,SYNTHETIC,0
doe-007,0,405,2026-09-03T09:06:45Z,2026-09-03T09:06:46Z,2026-09-03T09:06:45Z,2026-09-03T09:06:46Z,site_b,SIM,synthetic_demo,B-WAN-1,UP,1000.0,67.5573,67.56,0.0,20.83,0.4234,0.098,0,UP,4.0,0.0,6,6,24,-62.6,18.646,5.239,0,0,0,32,0,50.0,24.0,1,0,,,,,,,,,,,,,,,,,,,,,0.65,1,,SYNTHETIC,0
doe-007,0,406,2026-09-03T09:06:46Z,2026-09-03T09:06:47Z,2026-09-03T09:06:46Z,2026-09-03T09:06:47Z,site_a,SIM,synthetic_demo,A-WAN-1,UP,1000.0,376.3279,375.74,0.0,16.12,0.8517,0.065,0,UP,4.0,0.0,48,48,261,-61.8,19.207,5.849,0,2,0,31,0,353.0,0.0,0,0,MAINS,MAINS,1,0,47.12,92.0,47.9433,48.3021,-4.0,3.68795,3.68795,3.71555,3.71555,0.0,23.3,1098.463,,51.765,,CHARGE,0.0,0,,SYNTHETIC,0
doe-007,0,406,2026-09-03T09:06:46Z,2026-09-03T09:06:47Z,2026-09-03T09:06:46Z,2026-09-03T09:06:47Z,site_b,SIM,synthetic_demo,B-WAN-1,UP,1000.0,62.4349,63.15,0.0,21.77,0.7397,0.084,0,UP,4.0,0.0,6,6,29,-62.6,17.093,5.105,0,1,0,32,0,69.0,24.0,1,0,,,,,,,,,,,,,,,,,,,,,0.65,1,,SYNTHETIC,0
doe-007,0,407,2026-09-03T09:06:47Z,2026-09-03T09:06:48Z,2026-09-03T09:06:47Z,2026-09-03T09:06:48Z,site_a,SIM,synthetic_demo,A-WAN-1,UP,1000.0,369.8098,369.87,0.0,18.22,1.9343,0.092,0,UP,4.0,0.0,48,48,206,-61.2,17.783,5.423,2,3,0,31,0,265.0,0.0,0,0,MAINS,MAINS,1,0,47.23,92.0,47.9435,48.3023,-4.0,3.68796,3.68796,3.71556,3.71556,0.0,23.3,1099.21,,51.733,,CHARGE,0.0,0,,SYNTHETIC,0
doe-007,0,407,2026-09-03T09:06:47Z,2026-09-03T09:06:48Z,2026-09-03T09:06:47Z,2026-09-03T09:06:48Z,site_b,SIM,synthetic_demo,B-WAN-1,UP,1000.0,57.8761,57.56,0.0,21.88,0.752,0.087,0,UP,4.0,0.0,6,6,52,-62.4,21.128,6.937,0,0,0,32,0,40.0,24.0,1,0,,,,,,,,,,,,,,,,,,,,,0.65,1,,SYNTHETIC,0
doe-007,0,408,2026-09-03T09:06:48Z,2026-09-03T09:06:49Z,2026-09-03T09:06:48Z,2026-09-03T09:06:49Z,site_a,SIM,synthetic_demo,A-WAN-1,UP,1000.0,424.2079,424.71,0.0,19.19,2.606,0.079,0,UP,4.0,0.0,48,48,246,-61.0,18.893,5.628,1,4,0,31,0,293.0,0.0,0,0,MAINS,MAINS,1,0,47.16,92.0,47.9436,48.3024,-4.0,3.68797,3.68797,3.71557,3.71557,0.0,23.3,1099.091,,51.741,,CHARGE,0.0,0,,SYNTHETIC,0
doe-007,0,408,2026-09-03T09:06:48Z,2026-09-03T09:06:49Z,2026-09-03T09:06:48Z,2026-09-03T09:06:49Z,site_b,SIM,synthetic_demo,B-WAN-1,UP,1000.0,53.8211,53.72,0.0,22.52,0.992,0.132,0,UP,4.0,0.0,6,6,26,-62.5,17.519,5.092,0,1,0,32,0,58.0,24.0,1,0,,,,,,,,,,,,,,,,,,,,,0.65,1,,SYNTHETIC,0
doe-007,0,409,2026-09-03T09:06:49Z,2026-09-03T09:06:50Z,2026-09-03T09:06:49Z,2026-09-03T09:06:50Z,site_a,SIM,synthetic_demo,A-WAN-1,UP,1000.0,439.041,438.5,0.0,17.5,1.7467,0.083,0,UP,4.0,0.0,48,48,157,-62.1,16.836,5.06,0,2,0,31,0,376.0,0.0,0,0,MAINS,MAINS,1,0,47.21,92.0,47.9437,48.3025,-4.0,3.68798,3.68798,3.71558,3.71558,0.0,23.1,1078.154,,52.748,,CHARGE,0.0,0,,SYNTHETIC,0
doe-007,0,409,2026-09-03T09:06:49Z,2026-09-03T09:06:50Z,2026-09-03T09:06:49Z,2026-09-03T09:06:50Z,site_b,SIM,synthetic_demo,B-WAN-1,UP,1000.0,60.0382,60.34,0.0,22.73,2.2221,0.104,0,UP,4.0,0.0,6,6,37,-63.0,19.167,6.018,0,0,0,32,0,85.0,24.0,1,0,,,,,,,,,,,,,,,,,,,,,0.65,1,,SYNTHETIC,0
doe-007,0,410,2026-09-03T09:06:50Z,2026-09-03T09:06:51Z,2026-09-03T09:06:50Z,2026-09-03T09:06:51Z,site_a,SIM,synthetic_demo,A-WAN-1,UP,1000.0,404.9005,404.31,0.0,16.26,0.4484,0.058,0,UP,4.0,0.0,48,48,217,-62.4,17.965,5.28,1,4,0,31,0,303.0,0.0,0,0,MAINS,MAINS,1,0,47.08,92.0,47.9439,48.3027,-4.0,3.68799,3.68799,3.71559,3.71559,0.0,23.0,1094.653,,51.956,,CHARGE,0.0,0,,SYNTHETIC,0
doe-007,0,410,2026-09-03T09:06:50Z,2026-09-03T09:06:51Z,2026-09-03T09:06:50Z,2026-09-03T09:06:51Z,site_b,SIM,synthetic_demo,B-WAN-1,UP,1000.0,61.3347,60.67,0.0,22.73,1.1634,0.119,0,UP,4.0,0.0,6,6,61,-61.8,24.116,8.009,0,1,0,32,0,42.0,24.0,1,0,,,,,,,,,,,,,,,,,,,,,0.65,1,,SYNTHETIC,0
doe-007,0,411,2026-09-03T09:06:51Z,2026-09-03T09:06:52Z,2026-09-03T09:06:51Z,2026-09-03T09:06:52Z,site_a,SIM,synthetic_demo,A-WAN-1,UP,1000.0,426.6535,425.24,0.0,18.56,2.3498,0.098,0,UP,4.0,0.0,48,48,183,-62.2,17.236,5.17,1,2,0,31,0,691.0,0.0,0,0,MAINS,MAINS,1,0,47.12,92.0,47.944,48.3028,-4.0,3.688,3.688,3.7156,3.7156,0.0,23.1,1087.86,,52.283,,CHARGE,0.0,0,,SYNTHETIC,0
doe-007,0,411,2026-09-03T09:06:51Z,2026-09-03T09:06:52Z,2026-09-03T09:06:51Z,2026-09-03T09:06:52Z,site_b,SIM,synthetic_demo,B-WAN-1,UP,1000.0,67.3344,67.41,0.0,21.49,0.1855,0.097,0,UP,4.0,0.0,6,6,66,-61.7,28.613,8.16,0,0,0,32,0,71.0,24.0,1,0,,,,,,,,,,,,,,,,,,,,,0.65,1,,SYNTHETIC,0
doe-007,0,412,2026-09-03T09:06:52Z,2026-09-03T09:06:53Z,2026-09-03T09:06:52Z,2026-09-03T09:06:53Z,site_a,SIM,synthetic_demo,A-WAN-1,UP,1000.0,419.1473,417.84,0.0,16.33,0.271,0.091,0,UP,4.0,0.0,48,48,198,-62.0,17.607,5.088,2,4,0,31,0,357.0,0.0,0,0,MAINS,MAINS,1,0,47.14,92.0,47.9441,48.3029,-4.0,3.68801,3.68801,3.71561,3.71561,0.0,23.1,1080.896,,52.623,,CHARGE,0.0,0,,SYNTHETIC,0
doe-007,0,412,2026-09-03T09:06:52Z,2026-09-03T09:06:53Z,2026-09-03T09:06:52Z,2026-09-03T09:06:53Z,site_b,SIM,synthetic_demo,B-WAN-1,UP,1000.0,91.9538,91.76,0.0,23.52,2.4547,0.098,0,UP,4.0,0.0,6,6,40,-60.5,20.064,6.493,0,0,0,32,0,68.0,24.0,1,0,,,,,,,,,,,,,,,,,,,,,0.65,1,,SYNTHETIC,0
doe-007,0,413,2026-09-03T09:06:53Z,2026-09-03T09:06:54Z,2026-09-03T09:06:53Z,2026-09-03T09:06:54Z,site_a,SIM,synthetic_demo,A-WAN-1,UP,1000.0,548.6139,548.27,0.0,17.09,1.5476,0.136,0,UP,4.0,0.0,48,48,145,-61.8,15.562,4.926,0,0,0,31,0,292.0,0.0,0,0,MAINS,MAINS,1,0,47.25,92.0,47.9442,48.303,-4.0,3.68802,3.68802,3.71562,3.71562,0.0,23.1,1080.755,,52.632,,CHARGE,0.0,0,,SYNTHETIC,0
doe-007,0,413,2026-09-03T09:06:53Z,2026-09-03T09:06:54Z,2026-09-03T09:06:53Z,2026-09-03T09:06:54Z,site_b,SIM,synthetic_demo,B-WAN-1,UP,1000.0,57.262,56.19,0.0,22.23,0.5776,0.097,0,UP,4.0,0.0,6,6,70,-61.6,31.566,8.259,0,0,0,32,0,40.0,24.0,1,0,,,,,,,,,,,,,,,,,,,,,0.65,1,,SYNTHETIC,0
doe-007,0,414,2026-09-03T09:06:54Z,2026-09-03T09:06:55Z,2026-09-03T09:06:54Z,2026-09-03T09:06:55Z,site_a,SIM,synthetic_demo,A-WAN-1,UP,1000.0,421.5277,420.82,0.0,16.01,0.3937,0.089,0,UP,4.0,0.0,48,48,151,-62.5,15.859,4.725,1,3,0,31,0,393.0,0.0,0,0,MAINS,MAINS,1,0,47.19,92.0,47.9444,48.3032,-4.0,3.68803,3.68803,3.71563,3.71563,0.0,23.2,1085.569,,52.402,,CHARGE,0.0,0,,SYNTHETIC,0
doe-007,0,414,2026-09-03T09:06:54Z,2026-09-03T09:06:55Z,2026-09-03T09:06:54Z,2026-09-03T09:06:55Z,site_b,SIM,synthetic_demo,B-WAN-1,UP,1000.0,52.0821,52.01,0.0,20.86,0.8043,0.081,0,UP,4.0,0.0,6,6,49,-59.7,23.323,7.08,0,0,0,32,0,50.0,24.0,1,0,,,,,,,,,,,,,,,,,,,,,0.65,1,,SYNTHETIC,0
doe-007,0,415,2026-09-03T09:06:55Z,2026-09-03T09:06:56Z,2026-09-03T09:06:55Z,2026-09-03T09:06:56Z,site_a,SIM,synthetic_demo,A-WAN-1,UP,1000.0,425.5996,425.52,0.0,18.59,1.9841,0.056,0,UP,4.0,0.0,48,48,294,-61.8,19.41,6.159,2,1,0,31,0,440.0,0.0,0,0,MAINS,MAINS,1,0,47.28,92.0,47.9445,48.3033,-4.0,3.68804,3.68804,3.71564,3.71564,0.0,23.2,1082.554,,52.55,,CHARGE,0.0,0,,SYNTHETIC,0
doe-007,0,415,2026-09-03T09:06:55Z,2026-09-03T09:06:56Z,2026-09-03T09:06:55Z,2026-09-03T09:06:56Z,site_b,SIM,synthetic_demo,B-WAN-1,UP,1000.0,58.692,58.14,0.0,21.19,0.574,0.105,0,UP,4.0,0.0,6,6,43,-62.0,20.837,6.482,1,0,0,32,0,43.0,24.0,1,0,,,,,,,,,,,,,,,,,,,,,0.65,1,,SYNTHETIC,0
doe-007,0,416,2026-09-03T09:06:56Z,2026-09-03T09:06:57Z,2026-09-03T09:06:56Z,2026-09-03T09:06:57Z,site_a,SIM,synthetic_demo,A-WAN-1,UP,1000.0,412.5025,413.73,0.0,19.72,3.0766,0.069,0,UP,4.0,0.0,48,48,56,-63.2,12.844,3.94,1,1,0,31,0,279.0,0.0,0,0,MAINS,MAINS,1,0,47.02,92.0,47.9446,48.3034,-4.0,3.68805,3.68805,3.71565,3.71565,0.0,23.2,1071.127,,53.114,,CHARGE,0.0,0,,SYNTHETIC,0
doe-007,0,416,2026-09-03T09:06:56Z,2026-09-03T09:06:57Z,2026-09-03T09:06:56Z,2026-09-03T09:06:57Z,site_b,SIM,synthetic_demo,B-WAN-1,UP,1000.0,58.6589,59.06,0.0,21.94,0.5201,0.099,0,UP,4.0,0.0,6,6,63,-62.9,26.32,7.944,0,0,0,32,0,51.0,24.0,1,0,,,,,,,,,,,,,,,,,,,,,0.65,1,,SYNTHETIC,0
doe-007,0,417,2026-09-03T09:06:57Z,2026-09-03T09:06:58Z,2026-09-03T09:06:57Z,2026-09-03T09:06:58Z,site_a,SIM,synthetic_demo,A-WAN-1,UP,1000.0,415.1445,415.53,0.0,17.51,1.7521,0.103,0,UP,4.0,0.0,48,48,144,-61.9,16.174,4.888,1,2,0,31,0,408.0,0.0,0,0,MAINS,MAINS,1,0,47.22,92.0,47.9448,48.3036,-4.0,3.68806,3.68806,3.71566,3.71566,0.0,23.1,1108.331,,51.333,,CHARGE,0.0,0,,SYNTHETIC,0
doe-007,0,417,2026-09-03T09:06:57Z,2026-09-03T09:06:58Z,2026-09-03T09:06:57Z,2026-09-03T09:06:58Z,site_b,SIM,synthetic_demo,B-WAN-1,UP,1000.0,62.1627,61.29,0.0,22.53,1.7572,0.112,0,UP,4.0,0.0,6,6,30,-61.5,18.674,5.353,0,0,0,32,0,59.0,24.0,1,0,,,,,,,,,,,,,,,,,,,,,0.65,1,,SYNTHETIC,0
doe-007,0,418,2026-09-03T09:06:58Z,2026-09-03T09:06:59Z,2026-09-03T09:06:58Z,2026-09-03T09:06:59Z,site_a,SIM,synthetic_demo,A-WAN-1,UP,1000.0,425.3863,426.14,0.0,16.95,1.0403,0.108,0,UP,4.0,0.0,48,48,105,-62.6,14.597,4.311,3,3,0,31,0,424.0,0.0,0,0,MAINS,MAINS,1,0,47.23,92.0,47.9449,48.3037,-4.0,3.68807,3.68807,3.71567,3.71567,0.0,23.2,1081.726,,52.599,,CHARGE,0.0,0,,SYNTHETIC,0
doe-007,0,418,2026-09-03T09:06:58Z,2026-09-03T09:06:59Z,2026-09-03T09:06:58Z,2026-09-03T09:06:59Z,site_b,SIM,synthetic_demo,B-WAN-1,UP,1000.0,139.9375,140.36,0.0,22.92,2.4108,0.127,0,UP,4.0,0.0,6,6,44,-65.9,21.518,7.755,0,0,0,32,0,67.0,24.0,1,0,,,,,,,,,,,,,,,,,,,,,0.65,1,,SYNTHETIC,0
doe-007,0,419,2026-09-03T09:06:59Z,2026-09-03T09:07:00Z,2026-09-03T09:06:59Z,2026-09-03T09:07:00Z,site_a,SIM,synthetic_demo,A-WAN-1,UP,1000.0,445.1173,444.81,0.0,17.67,1.0451,0.092,0,UP,4.0,0.0,48,48,213,-61.5,17.861,5.447,0,0,0,31,0,498.0,0.0,0,0,MAINS,MAINS,1,0,47.27,92.0,47.945,48.3038,-4.0,3.68808,3.68808,3.71568,3.71568,0.0,23.3,1098.348,,51.805,,CHARGE,0.0,0,,SYNTHETIC,0
doe-007,0,419,2026-09-03T09:06:59Z,2026-09-03T09:07:00Z,2026-09-03T09:06:59Z,2026-09-03T09:07:00Z,site_b,SIM,synthetic_demo,B-WAN-1,UP,1000.0,80.9931,80.57,0.0,23.25,2.3645,0.13,0,UP,4.0,0.0,6,6,24,-63.3,16.551,4.748,0,0,0,32,0,65.0,24.0,1,0,,,,,,,,,,,,,,,,,,,,,0.65,1,,SYNTHETIC,0
doe-007,0,420,2026-09-03T09:07:00Z,2026-09-03T09:07:01Z,2026-09-03T09:07:00Z,2026-09-03T09:07:01Z,site_a,SIM,synthetic_demo,A-WAN-1,UP,1000.0,482.9704,482.79,0.0,17.28,1.5948,0.123,0,UP,4.0,0.0,48,48,163,-63.0,16.538,5.066,1,2,0,31,0,537.0,0.0,0,0,MAINS,MAINS,1,0,47.23,92.0,47.9451,48.3039,-4.0,3.68809,3.68809,3.71569,3.71569,0.0,23.1,1083.762,,52.505,,CHARGE,0.0,0,,SYNTHETIC,0
doe-007,0,420,2026-09-03T09:07:00Z,2026-09-03T09:07:01Z,2026-09-03T09:07:00Z,2026-09-03T09:07:01Z,site_b,SIM,synthetic_demo,B-WAN-1,UP,1000.0,69.3429,69.83,0.0,20.78,0.1392,0.08,0,UP,4.0,0.0,6,6,76,-60.6,29.234,8.544,1,0,0,32,0,64.0,0.0,1,0,,,,,,,,,,,,,,,,,,,,,0.3,0,,SYNTHETIC,0
doe-007,0,421,2026-09-03T09:07:01Z,2026-09-03T09:07:02Z,2026-09-03T09:07:01Z,2026-09-03T09:07:02Z,site_a,SIM,synthetic_demo,A-WAN-1,UP,1000.0,441.7943,441.62,0.0,18.51,2.6616,0.049,0,UP,4.0,0.0,48,48,222,-62.6,19.397,5.65,1,2,0,31,0,290.0,0.0,0,0,MAINS,MAINS,1,0,47.17,92.0,47.9453,48.3041,-4.0,3.6881,3.6881,3.7157,3.7157,0.0,23.2,1081.785,,52.604,,CHARGE,0.0,0,,SYNTHETIC,0
doe-007,0,421,2026-09-03T09:07:01Z,2026-09-03T09:07:02Z,2026-09-03T09:07:01Z,2026-09-03T09:07:02Z,site_b,SIM,synthetic_demo,B-WAN-1,UP,1000.0,64.5427,64.07,0.0,22.98,1.6275,0.106,0,UP,4.0,0.0,6,6,39,-59.4,20.862,6.485,0,0,0,32,0,40.0,0.0,1,0,,,,,,,,,,,,,,,,,,,,,0.3,0,,SYNTHETIC,0
doe-007,0,422,2026-09-03T09:07:02Z,2026-09-03T09:07:03Z,2026-09-03T09:07:02Z,2026-09-03T09:07:03Z,site_a,SIM,synthetic_demo,A-WAN-1,UP,1000.0,424.6277,423.98,0.0,18.96,2.8575,0.091,0,UP,4.0,0.0,48,48,210,-63.1,17.684,5.386,3,4,0,31,0,281.0,0.0,0,0,MAINS,MAINS,1,0,47.2,92.0,47.9454,48.3042,-4.0,3.68811,3.68811,3.71571,3.71571,0.0,23.1,1068.31,,53.27,,CHARGE,0.0,0,,SYNTHETIC,0
doe-007,0,422,2026-09-03T09:07:02Z,2026-09-03T09:07:03Z,2026-09-03T09:07:02Z,2026-09-03T09:07:03Z,site_b,SIM,synthetic_demo,B-WAN-1,UP,1000.0,98.0363,98.04,0.0,22.22,1.6142,0.097,0,UP,4.0,0.0,6,6,37,-59.0,21.301,5.302,0,0,0,32,0,28.0,0.0,1,0,,,,,,,,,,,,,,,,,,,,,0.3,0,,SYNTHETIC,0
doe-007,0,423,2026-09-03T09:07:03Z,2026-09-03T09:07:04Z,2026-09-03T09:07:03Z,2026-09-03T09:07:04Z,site_a,SIM,synthetic_demo,A-WAN-1,UP,1000.0,454.0635,454.19,0.0,17.6,1.2429,0.104,0,UP,4.0,0.0,48,48,230,-63.5,19.191,5.87,1,4,0,31,0,382.0,0.0,0,0,MAINS,MAINS,1,0,47.21,92.0,47.9455,48.3043,-4.0,3.68812,3.68812,3.71572,3.71572,0.0,23.1,1079.056,,52.742,,CHARGE,0.0,0,,SYNTHETIC,0
doe-007,0,423,2026-09-03T09:07:03Z,2026-09-03T09:07:04Z,2026-09-03T09:07:03Z,2026-09-03T09:07:04Z,site_b,SIM,synthetic_demo,B-WAN-1,UP,1000.0,84.6629,85.52,0.0,21.36,0.9053,0.132,0,UP,4.0,0.0,6,6,30,-60.8,19.95,5.389,0,0,0,32,0,47.0,0.0,1,0,,,,,,,,,,,,,,,,,,,,,0.3,0,,SYNTHETIC,0
doe-007,0,424,2026-09-03T09:07:04Z,2026-09-03T09:07:05Z,2026-09-03T09:07:04Z,2026-09-03T09:07:05Z,site_a,SIM,synthetic_demo,A-WAN-1,UP,1000.0,471.3087,471.02,0.0,16.85,0.0861,0.061,0,UP,4.0,0.0,48,48,152,-62.2,16.321,4.8,1,2,0,31,0,445.0,0.0,0,0,MAINS,MAINS,1,0,47.11,92.0,47.9457,48.3045,-4.0,3.68813,3.68813,3.71573,3.71573,0.0,23.2,1092.646,,52.089,,CHARGE,0.0,0,,SYNTHETIC,0
doe-007,0,424,2026-09-03T09:07:04Z,2026-09-03T09:07:05Z,2026-09-03T09:07:04Z,2026-09-03T09:07:05Z,site_b,SIM,synthetic_demo,B-WAN-1,UP,1000.0,92.3371,91.22,0.0,25.5,3.8755,0.135,0,UP,4.0,0.0,6,6,53,-60.8,22.685,6.697,0,0,0,32,0,51.0,0.0,1,0,,,,,,,,,,,,,,,,,,,,,0.3,0,,SYNTHETIC,0
doe-007,0,425,2026-09-03T09:07:05Z,2026-09-03T09:07:06Z,2026-09-03T09:07:05Z,2026-09-03T09:07:06Z,site_a,SIM,synthetic_demo,A-WAN-1,UP,1000.0,456.1303,456.0,0.0,16.06,0.8927,0.116,0,UP,4.0,0.0,48,48,193,-62.6,18.251,5.288,0,3,0,31,0,349.0,0.0,0,0,MAINS,MAINS,1,0,47.21,92.0,47.9458,48.3046,-4.0,3.68814,3.68814,3.71574,3.71574,0.0,23.2,1083.917,,52.511,,CHARGE,0.0,0,,SYNTHETIC,0
doe-007,0,425,2026-09-03T09:07:05Z,2026-09-03T09:07:06Z,2026-09-03T09:07:05Z,2026-09-03T09:07:06Z,site_b,SIM,synthetic_demo,B-WAN-1,UP,1000.0,80.1951,79.89,0.0,24.0,2.979,0.097,0,UP,4.0,0.0,6,6,39,-64.0,20.066,6.635,0,1,0,32,0,44.0,0.0,1,0,,,,,,,,,,,,,,,,,,,,,0.3,0,,SYNTHETIC,0
doe-007,0,426,2026-09-03T09:07:06Z,2026-09-03T09:07:07Z,2026-09-03T09:07:06Z,2026-09-03T09:07:07Z,site_a,SIM,synthetic_demo,A-WAN-1,UP,1000.0,389.4756,389.63,0.0,16.64,0.2619,0.088,0,UP,4.0,0.0,48,48,252,-62.1,18.987,6.05,1,0,0,31,0,271.0,0.0,0,0,MAINS,MAINS,1,0,47.24,92.0,47.9459,48.3047,-4.0,3.68815,3.68815,3.71575,3.71575,0.0,23.2,1090.391,,52.202,,CHARGE,0.0,0,,SYNTHETIC,0
doe-007,0,426,2026-09-03T09:07:06Z,2026-09-03T09:07:07Z,2026-09-03T09:07:06Z,2026-09-03T09:07:07Z,site_b,SIM,synthetic_demo,B-WAN-1,UP,1000.0,108.8405,109.57,0.0,22.56,1.5236,0.077,0,UP,4.0,0.0,6,6,85,-62.7,31.093,9.098,1,1,0,32,0,61.0,0.0,1,0,,,,,,,,,,,,,,,,,,,,,0.3,0,,SYNTHETIC,0
doe-007,0,427,2026-09-03T09:07:07Z,2026-09-03T09:07:08Z,2026-09-03T09:07:07Z,2026-09-03T09:07:08Z,site_a,SIM,synthetic_demo,A-WAN-1,UP,1000.0,502.4186,502.25,0.0,15.89,0.4284,0.118,0,UP,4.0,0.0,48,48,161,-63.0,16.831,5.017,0,3,0,31,0,599.0,0.0,0,0,MAINS,MAINS,1,0,47.17,92.0,47.946,48.3048,-4.0,3.68816,3.68816,3.71576,3.71576,0.0,23.3,1079.65,,52.724,,CHARGE,0.0,0,,SYNTHETIC,0
doe-007,0,427,2026-09-03T09:07:07Z,2026-09-03T09:07:08Z,2026-09-03T09:07:07Z,2026-09-03T09:07:08Z,site_b,SIM,synthetic_demo,B-WAN-1,UP,1000.0,105.0804,104.86,0.0,24.34,3.536,0.101,0,UP,4.0,0.0,6,6,15,-62.8,13.043,4.438,0,0,0,32,0,40.0,0.0,1,0,,,,,,,,,,,,,,,,,,,,,0.3,0,,SYNTHETIC,0
doe-007,0,428,2026-09-03T09:07:08Z,2026-09-03T09:07:09Z,2026-09-03T09:07:08Z,2026-09-03T09:07:09Z,site_a,SIM,synthetic_demo,A-WAN-1,UP,1000.0,451.7529,451.91,0.0,15.87,0.3221,0.106,0,UP,4.0,0.0,48,48,236,-61.3,18.758,5.635,1,2,0,31,0,460.0,0.0,0,0,MAINS,MAINS,1,0,47.32,92.0,47.9462,48.305,-4.0,3.68817,3.68817,3.71577,3.71577,0.0,23.2,1081.889,,52.618,,CHARGE,0.0,0,,SYNTHETIC,0
doe-007,0,428,2026-09-03T09:07:08Z,2026-09-03T09:07:09Z,2026-09-03T09:07:08Z,2026-09-03T09:07:09Z,site_b,SIM,synthetic_demo,B-WAN-1,UP,1000.0,114.7543,114.34,0.0,23.47,2.4999,0.066,0,UP,4.0,0.0,6,6,41,-62.9,22.9,6.17,0,0,0,32,0,70.0,0.0,1,0,,,,,,,,,,,,,,,,,,,,,0.3,0,,SYNTHETIC,0
doe-007,0,429,2026-09-03T09:07:09Z,2026-09-03T09:07:10Z,2026-09-03T09:07:09Z,2026-09-03T09:07:10Z,site_a,SIM,synthetic_demo,A-WAN-1,UP,1000.0,425.3069,425.05,0.0,17.24,1.0029,0.085,0,UP,4.0,0.0,48,48,180,-62.1,17.538,5.039,1,2,0,31,0,279.0,0.0,0,0,MAINS,MAINS,1,0,47.3,92.0,47.9463,48.3051,-4.0,3.68818,3.68818,3.71578,3.71578,0.0,23.2,1077.398,,52.84,,CHARGE,0.0,0,,SYNTHETIC,0
doe-007,0,429,2026-09-03T09:07:09Z,2026-09-03T09:07:10Z,2026-09-03T09:07:09Z,2026-09-03T09:07:10Z,site_b,SIM,synthetic_demo,B-WAN-1,UP,1000.0,86.2866,86.34,0.0,22.49,0.2684,0.078,0,UP,4.0,0.0,6,6,68,-62.5,26.622,8.806,0,1,0,32,0,96.0,0.0,1,0,,,,,,,,,,,,,,,,,,,,,0.3,0,,SYNTHETIC,0
doe-007,0,430,2026-09-03T09:07:10Z,2026-09-03T09:07:11Z,2026-09-03T09:07:10Z,2026-09-03T09:07:11Z,site_a,SIM,synthetic_demo,A-WAN-1,UP,1000.0,439.7443,438.7,0.0,16.76,0.3257,0.09,0,UP,4.0,0.0,48,48,180,-61.4,17.028,4.988,0,2,0,31,0,316.0,0.0,0,0,MAINS,MAINS,1,0,47.23,92.0,47.9464,48.3052,-4.0,3.68819,3.68819,3.71579,3.71579,0.0,23.2,1089.258,,52.267,,CHARGE,0.0,0,,SYNTHETIC,0
doe-007,0,430,2026-09-03T09:07:10Z,2026-09-03T09:07:11Z,2026-09-03T09:07:10Z,2026-09-03T09:07:11Z,site_b,SIM,synthetic_demo,B-WAN-1,UP,1000.0,101.6533,102.21,0.0,21.65,0.6034,0.078,0,UP,4.0,0.0,6,6,41,-59.7,21.657,6.55,0,0,0,32,0,41.0,0.0,1,0,,,,,,,,,,,,,,,,,,,,,0.3,0,,SYNTHETIC,0
doe-007,0,431,2026-09-03T09:07:11Z,2026-09-03T09:07:12Z,2026-09-03T09:07:11Z,2026-09-03T09:07:12Z,site_a,SIM,synthetic_demo,A-WAN-1,UP,1000.0,481.2666,481.61,0.0,18.63,3.7156,0.093,0,UP,4.0,0.0,48,48,214,-61.7,18.473,5.619,1,2,0,31,0,312.0,0.0,0,0,MAINS,MAINS,1,0,47.25,92.0,47.9466,48.3054,-4.0,3.6882,3.6882,3.7158,3.7158,0.0,23.1,1080.616,,52.688,,CHARGE,0.0,0,,SYNTHETIC,0
doe-007,0,431,2026-09-03T09:07:11Z,2026-09-03T09:07:12Z,2026-09-03T09:07:11Z,2026-09-03T09:07:12Z,site_b,SIM,synthetic_demo,B-WAN-1,UP,1000.0,81.5787,81.71,0.0,22.6,1.0369,0.109,0,UP,4.0,0.0,6,6,43,-63.8,21.847,6.709,0,0,0,32,0,87.0,0.0,1,0,,,,,,,,,,,,,,,,,,,,,0.3,0,,SYNTHETIC,0
doe-007,0,432,2026-09-03T09:07:12Z,2026-09-03T09:07:13Z,2026-09-03T09:07:12Z,2026-09-03T09:07:13Z,site_a,SIM,synthetic_demo,A-WAN-1,UP,1000.0,440.0566,440.57,0.0,19.06,3.2047,0.097,0,UP,4.0,0.0,48,48,133,-61.0,16.423,4.908,0,3,0,31,0,166.0,0.0,0,0,MAINS,MAINS,1,0,47.2,92.0,47.9467,48.3055,-4.0,3.68821,3.68821,3.71581,3.71581,0.0,23.2,1087.108,,52.376,,CHARGE,0.0,0,,SYNTHETIC,0
doe-007,0,432,2026-09-03T09:07:12Z,2026-09-03T09:07:13Z,2026-09-03T09:07:12Z,2026-09-03T09:07:13Z,site_b,SIM,synthetic_demo,B-WAN-1,UP,1000.0,118.6332,118.5,0.0,23.34,1.9956,0.103,0,UP,4.0,0.0,6,6,42,-63.1,23.309,6.78,0,0,0,32,0,106.0,0.0,1,0,,,,,,,,,,,,,,,,,,,,,0.3,0,,SYNTHETIC,0
doe-007,0,433,2026-09-03T09:07:13Z,2026-09-03T09:07:14Z,2026-09-03T09:07:13Z,2026-09-03T09:07:14Z,site_a,SIM,synthetic_demo,A-WAN-1,UP,1000.0,408.2753,407.22,0.0,16.07,0.731,0.067,0,UP,4.0,0.0,48,48,289,-63.2,20.316,6.161,2,2,0,31,0,340.0,0.0,0,0,MAINS,MAINS,1,0,47.17,92.0,47.9468,48.3056,-4.0,3.68822,3.68822,3.71582,3.71582,0.0,23.2,1077.01,,52.87,,CHARGE,0.0,0,,SYNTHETIC,0
doe-007,0,433,2026-09-03T09:07:13Z,2026-09-03T09:07:14Z,2026-09-03T09:07:13Z,2026-09-03T09:07:14Z,site_b,SIM,synthetic_demo,B-WAN-1,UP,1000.0,90.5358,90.76,0.0,22.74,1.1692,0.057,0,UP,4.0,0.0,6,6,26,-63.5,15.906,5.552,0,0,0,32,0,48.0,0.0,1,0,,,,,,,,,,,,,,,,,,,,,0.3,0,,SYNTHETIC,0
doe-007,0,434,2026-09-03T09:07:14Z,2026-09-03T09:07:15Z,2026-09-03T09:07:14Z,2026-09-03T09:07:15Z,site_a,SIM,synthetic_demo,A-WAN-1,UP,1000.0,510.5559,510.78,0.0,17.58,1.8539,0.098,0,UP,4.0,0.0,48,48,139,-61.8,16.07,4.563,1,1,0,31,0,486.0,0.0,0,0,MAINS,MAINS,1,0,47.26,92.0,47.9469,48.3057,-4.0,3.68823,3.68823,3.71583,3.71583,0.0,23.2,1084.635,,52.501,,CHARGE,0.0,0,,SYNTHETIC,0
doe-007,0,434,2026-09-03T09:07:14Z,2026-09-03T09:07:15Z,2026-09-03T09:07:14Z,2026-09-03T09:07:15Z,site_b,SIM,synthetic_demo,B-WAN-1,UP,1000.0,75.7957,76.5,0.0,22.61,0.9245,0.106,0,UP,4.0,0.0,6,6,74,-58.8,28.553,8.599,0,0,0,32,0,98.0,0.0,1,0,,,,,,,,,,,,,,,,,,,,,0.3,0,,SYNTHETIC,0
doe-007,0,435,2026-09-03T09:07:15Z,2026-09-03T09:07:16Z,2026-09-03T09:07:15Z,2026-09-03T09:07:16Z,site_a,SIM,synthetic_demo,A-WAN-1,UP,1000.0,510.3151,509.63,0.0,17.18,1.6873,0.051,0,UP,4.0,0.0,48,48,223,-63.0,18.446,5.535,0,0,0,31,0,352.0,0.0,0,0,MAINS,MAINS,1,0,47.27,92.0,47.9471,48.3059,-4.0,3.68824,3.68824,3.71584,3.71584,0.0,23.2,1094.814,,52.015,,CHARGE,0.0,0,,SYNTHETIC,0
doe-007,0,435,2026-09-03T09:07:15Z,2026-09-03T09:07:16Z,2026-09-03T09:07:15Z,2026-09-03T09:07:16Z,site_b,SIM,synthetic_demo,B-WAN-1,UP,1000.0,75.189,75.75,0.0,22.55,2.0682,0.076,0,UP,4.0,0.0,6,6,47,-62.5,22.172,6.714,0,0,0,32,0,85.0,0.0,1,0,,,,,,,,,,,,,,,,,,,,,0.3,0,,SYNTHETIC,0
doe-007,0,436,2026-09-03T09:07:16Z,2026-09-03T09:07:17Z,2026-09-03T09:07:16Z,2026-09-03T09:07:17Z,site_a,SIM,synthetic_demo,A-WAN-1,UP,1000.0,393.6338,393.88,0.0,16.88,1.5711,0.087,0,UP,4.0,0.0,48,48,209,-61.8,18.651,5.417,0,2,0,31,0,382.0,0.0,0,0,MAINS,MAINS,1,0,47.28,92.0,47.9472,48.306,-4.0,3.68825,3.68825,3.71585,3.71585,0.0,23.2,1090.133,,52.241,,CHARGE,0.0,0,,SYNTHETIC,0
doe-007,0,436,2026-09-03T09:07:16Z,2026-09-03T09:07:17Z,2026-09-03T09:07:16Z,2026-09-03T09:07:17Z,site_b,SIM,synthetic_demo,B-WAN-1,UP,1000.0,122.6528,122.52,0.0,23.64,2.4933,0.075,0,UP,4.0,0.0,6,6,49,-64.1,23.165,7.553,0,0,0,32,0,63.0,0.0,1,0,,,,,,,,,,,,,,,,,,,,,0.3,0,,SYNTHETIC,0
doe-007,0,437,2026-09-03T09:07:17Z,2026-09-03T09:07:18Z,2026-09-03T09:07:17Z,2026-09-03T09:07:18Z,site_a,SIM,synthetic_demo,A-WAN-1,UP,1000.0,433.6272,431.54,0.0,17.12,0.3382,0.095,0,UP,4.0,0.0,48,48,143,-62.3,15.472,4.911,3,3,0,31,0,335.0,0.0,0,0,MAINS,MAINS,1,0,47.28,92.0,47.9473,48.3061,-4.0,3.68826,3.68826,3.71586,3.71586,0.0,23.2,1082.991,,52.589,,CHARGE,0.0,0,,SYNTHETIC,0
doe-007,0,437,2026-09-03T09:07:17Z,2026-09-03T09:07:18Z,2026-09-03T09:07:17Z,2026-09-03T09:07:18Z,site_b,SIM,synthetic_demo,B-WAN-1,UP,1000.0,69.7403,70.1,0.0,22.09,1.032,0.105,0,UP,4.0,0.0,6,6,50,-62.2,25.401,7.127,0,0,0,32,0,69.0,0.0,1,0,,,,,,,,,,,,,,,,,,,,,0.3,0,,SYNTHETIC,0
doe-007,0,438,2026-09-03T09:07:18Z,2026-09-03T09:07:19Z,2026-09-03T09:07:18Z,2026-09-03T09:07:19Z,site_a,SIM,synthetic_demo,A-WAN-1,UP,1000.0,439.3995,438.96,0.0,15.65,0.6027,0.077,0,UP,4.0,0.0,48,48,218,-62.3,17.665,5.405,2,2,0,31,0,373.0,0.0,0,0,MAINS,MAINS,1,0,47.29,92.0,47.9475,48.3063,-4.0,3.68827,3.68827,3.71587,3.71587,0.0,23.2,1078.153,,52.827,,CHARGE,0.0,0,,SYNTHETIC,0
doe-007,0,438,2026-09-03T09:07:18Z,2026-09-03T09:07:19Z,2026-09-03T09:07:18Z,2026-09-03T09:07:19Z,site_b,SIM,synthetic_demo,B-WAN-1,UP,1000.0,77.6392,77.91,0.0,21.75,0.9099,0.098,0,UP,4.0,0.0,6,6,26,-61.2,18.456,5.148,0,1,0,32,0,76.0,0.0,1,0,,,,,,,,,,,,,,,,,,,,,0.3,0,,SYNTHETIC,0
doe-007,0,439,2026-09-03T09:07:19Z,2026-09-03T09:07:20Z,2026-09-03T09:07:19Z,2026-09-03T09:07:20Z,site_a,SIM,synthetic_demo,A-WAN-1,UP,1000.0,439.284,439.35,0.0,17.08,0.4581,0.114,0,UP,4.0,0.0,48,48,226,-63.5,18.173,5.232,1,3,0,31,0,298.0,0.0,0,0,MAINS,MAINS,1,0,47.18,92.0,47.9476,48.3064,-4.0,3.68828,3.68828,3.71588,3.71588,0.0,23.2,1097.3,,51.908,,CHARGE,0.0,0,,SYNTHETIC,0
doe-007,0,439,2026-09-03T09:07:19Z,2026-09-03T09:07:20Z,2026-09-03T09:07:19Z,2026-09-03T09:07:20Z,site_b,SIM,synthetic_demo,B-WAN-1,UP,1000.0,80.1591,81.08,0.0,19.9,0.1888,0.101,0,UP,4.0,0.0,6,6,65,-60.5,26.09,7.619,0,1,0,32,0,73.0,0.0,1,0,,,,,,,,,,,,,,,,,,,,,0.3,0,,SYNTHETIC,0
doe-007,0,440,2026-09-03T09:07:20Z,2026-09-03T09:07:21Z,2026-09-03T09:07:20Z,2026-09-03T09:07:21Z,site_a,SIM,synthetic_demo,A-WAN-1,UP,1000.0,507.7995,507.56,0.0,17.16,1.2227,0.086,0,UP,4.0,0.0,48,48,201,,18.049,5.252,1,2,0,31,0,354.0,0.0,0,0,MAINS,MAINS,1,0,47.27,92.0,47.9477,48.3065,-4.0,3.68829,3.68829,3.71589,3.71589,0.0,23.2,1089.891,,52.264,,CHARGE,0.0,0,,SYNTHETIC|GAP|MISSING_MAR,0
doe-007,0,440,2026-09-03T09:07:20Z,2026-09-03T09:07:21Z,2026-09-03T09:07:20Z,2026-09-03T09:07:21Z,site_b,SIM,synthetic_demo,B-WAN-1,UP,1000.0,80.6852,80.39,0.0,22.11,1.542,0.114,0,UP,4.0,0.0,6,6,76,-63.1,30.175,9.605,1,0,0,32,0,81.0,0.0,1,0,,,,,,,,,,,,,,,,,,,,,0.3,0,,SYNTHETIC,0
doe-007,0,441,2026-09-03T09:07:21Z,2026-09-03T09:07:22Z,2026-09-03T09:07:21Z,2026-09-03T09:07:22Z,site_a,SIM,synthetic_demo,A-WAN-1,UP,1000.0,419.9364,419.94,0.0,20.18,4.4978,0.089,0,UP,4.0,0.0,48,48,205,-61.2,18.309,5.343,0,3,0,31,0,203.0,0.0,0,0,MAINS,MAINS,1,0,47.26,92.0,47.9478,48.3066,-4.0,3.6883,3.6883,3.7159,3.7159,0.0,23.2,1079.592,,52.765,,CHARGE,0.0,0,,SYNTHETIC,0
doe-007,0,441,2026-09-03T09:07:21Z,2026-09-03T09:07:22Z,2026-09-03T09:07:21Z,2026-09-03T09:07:22Z,site_b,SIM,synthetic_demo,B-WAN-1,UP,1000.0,90.3299,89.94,0.0,21.41,0.754,0.105,0,UP,4.0,0.0,6,6,45,-62.9,23.097,6.904,0,0,0,32,0,42.0,0.0,1,0,,,,,,,,,,,,,,,,,,,,,0.3,0,,SYNTHETIC,0
doe-007,0,442,2026-09-03T09:07:22Z,2026-09-03T09:07:23Z,2026-09-03T09:07:22Z,2026-09-03T09:07:23Z,site_a,SIM,synthetic_demo,A-WAN-1,UP,1000.0,615.5254,615.8,0.0,18.61,3.006,0.094,0,UP,4.0,0.0,48,48,329,-62.0,21.787,6.464,1,3,0,31,0,298.0,0.0,0,0,MAINS,MAINS,1,0,47.33,92.0,47.948,48.3068,-4.0,3.68831,3.68831,3.71591,3.71591,0.0,23.2,1099.916,,51.793,,CHARGE,0.0,0,,SYNTHETIC,0
doe-007,0,442,2026-09-03T09:07:22Z,2026-09-03T09:07:23Z,2026-09-03T09:07:22Z,2026-09-03T09:07:23Z,site_b,SIM,synthetic_demo,B-WAN-1,UP,1000.0,67.4906,67.54,0.0,22.15,0.7362,0.129,0,UP,4.0,0.0,6,6,75,-61.9,27.423,9.144,1,0,0,32,0,42.0,0.0,1,0,,,,,,,,,,,,,,,,,,,,,0.3,0,,SYNTHETIC,0
doe-007,0,443,2026-09-03T09:07:23Z,2026-09-03T09:07:24Z,2026-09-03T09:07:23Z,2026-09-03T09:07:24Z,site_a,SIM,synthetic_demo,A-WAN-1,UP,1000.0,407.0632,407.23,0.0,,4.0435,0.078,0,UP,4.0,0.0,48,48,258,-62.5,19.49,5.496,1,1,0,31,0,219.0,0.0,0,0,MAINS,MAINS,1,0,47.23,92.0,47.9481,48.3069,-4.0,3.68832,3.68832,3.71592,3.71592,0.0,23.3,1088.63,,52.332,,CHARGE,0.0,0,,SYNTHETIC|GAP|MISSING_MCAR,0
doe-007,0,443,2026-09-03T09:07:23Z,2026-09-03T09:07:24Z,2026-09-03T09:07:23Z,2026-09-03T09:07:24Z,site_b,SIM,synthetic_demo,B-WAN-1,UP,1000.0,72.3854,72.96,0.0,22.53,1.8898,0.099,0,UP,4.0,0.0,6,6,47,-63.6,21.838,7.121,1,1,0,32,0,84.0,0.0,1,0,,,,,,,,,,,,,,,,,,,,,0.3,0,,SYNTHETIC,0
doe-007,0,444,2026-09-03T09:07:24Z,2026-09-03T09:07:25Z,2026-09-03T09:07:24Z,2026-09-03T09:07:25Z,site_a,SIM,synthetic_demo,A-WAN-1,UP,1000.0,401.6026,401.76,0.0,15.48,0.0197,0.081,0,UP,4.0,0.0,48,48,134,-62.7,15.773,4.646,2,2,0,31,0,231.0,0.0,0,0,MAINS,MAINS,1,0,47.28,92.0,47.9482,48.307,-4.0,3.68832,3.68832,3.71592,3.71592,0.0,23.0,1098.09,,51.884,,CHARGE,0.0,0,,SYNTHETIC,0
doe-007,0,444,2026-09-03T09:07:24Z,2026-09-03T09:07:25Z,2026-09-03T09:07:24Z,2026-09-03T09:07:25Z,site_b,SIM,synthetic_demo,B-WAN-1,UP,1000.0,63.4892,63.12,0.0,22.97,1.9962,0.092,0,UP,4.0,0.0,6,6,71,-61.0,28.651,8.987,0,2,0,32,0,63.0,0.0,1,0,,,,,,,,,,,,,,,,,,,,,0.3,0,,SYNTHETIC,0
doe-007,0,445,2026-09-03T09:07:25Z,2026-09-03T09:07:26Z,2026-09-03T09:07:25Z,2026-09-03T09:07:26Z,site_a,SIM,synthetic_demo,A-WAN-1,UP,1000.0,611.6363,610.82,0.0,16.54,0.1186,0.08,0,UP,4.0,0.0,48,48,181,-61.9,17.781,5.079,3,1,0,31,0,277.0,0.0,0,0,MAINS,MAINS,1,0,47.28,92.0,47.9484,48.3072,-4.0,3.68833,3.68833,3.71593,3.71593,0.0,23.2,1097.666,,51.907,,CHARGE,0.0,0,,SYNTHETIC,0
doe-007,0,445,2026-09-03T09:07:25Z,2026-09-03T09:07:26Z,2026-09-03T09:07:25Z,2026-09-03T09:07:26Z,site_b,SIM,synthetic_demo,B-WAN-1,UP,1000.0,89.1081,89.26,0.0,21.2,0.9097,0.091,0,UP,4.0,0.0,6,6,28,-61.4,18.374,5.682,0,0,0,32,0,46.0,0.0,1,0,,,,,,,,,,,,,,,,,,,,,0.3,0,,SYNTHETIC,0
doe-007,0,446,2026-09-03T09:07:26Z,2026-09-03T09:07:27Z,2026-09-03T09:07:26Z,2026-09-03T09:07:27Z,site_a,SIM,synthetic_demo,A-WAN-1,UP,1000.0,421.1128,421.42,0.0,17.2,1.2063,0.1,0,UP,4.0,0.0,48,48,104,-60.9,14.733,4.334,0,5,0,31,0,370.0,0.0,0,0,MAINS,MAINS,1,0,47.24,92.0,47.9485,48.3073,-4.0,3.68834,3.68834,3.71594,3.71594,0.0,23.1,1081.684,,52.677,,CHARGE,0.0,0,,SYNTHETIC,0
doe-007,0,446,2026-09-03T09:07:26Z,2026-09-03T09:07:27Z,2026-09-03T09:07:26Z,2026-09-03T09:07:27Z,site_b,SIM,synthetic_demo,B-WAN-1,UP,1000.0,61.7095,61.3,0.0,21.84,0.1445,0.129,0,UP,4.0,0.0,6,6,56,-61.7,24.733,8.009,0,0,0,32,0,69.0,0.0,1,0,,,,,,,,,,,,,,,,,,,,,0.3,0,,SYNTHETIC,0
doe-007,0,447,2026-09-03T09:07:27Z,2026-09-03T09:07:28Z,2026-09-03T09:07:27Z,2026-09-03T09:07:28Z,site_a,SIM,synthetic_demo,A-WAN-1,UP,1000.0,416.0059,415.62,0.0,20.4,4.4997,0.064,0,UP,4.0,0.0,48,48,149,-62.7,16.573,4.945,1,4,0,31,0,421.0,0.0,0,0,MAINS,MAINS,1,0,47.25,92.0,47.9486,48.3074,-4.0,3.68835,3.68835,3.71595,3.71595,0.0,23.2,1078.842,,52.818,,CHARGE,0.0,0,,SYNTHETIC,0
doe-007,0,447,2026-09-03T09:07:27Z,2026-09-03T09:07:28Z,2026-09-03T09:07:27Z,2026-09-03T09:07:28Z,site_b,SIM,synthetic_demo,B-WAN-1,UP,1000.0,68.3397,67.72,0.0,21.15,0.463,0.119,0,UP,4.0,0.0,6,6,55,-61.3,22.288,7.882,1,0,0,32,0,57.0,0.0,1,0,,,,,,,,,,,,,,,,,,,,,0.3,0,,SYNTHETIC,0
doe-007,0,448,2026-09-03T09:07:28Z,2026-09-03T09:07:29Z,2026-09-03T09:07:28Z,2026-09-03T09:07:29Z,site_a,SIM,synthetic_demo,A-WAN-1,UP,1000.0,408.7497,,0.0,20.89,4.734,0.091,0,UP,4.0,0.0,48,48,292,-61.8,20.282,6.136,0,3,0,31,0,315.0,0.0,0,0,MAINS,MAINS,1,0,47.21,92.0,47.9487,48.3075,-4.0,3.68836,3.68836,3.71596,3.71596,0.0,23.3,1087.701,,52.391,,CHARGE,0.0,0,,SYNTHETIC|GAP|MISSING_MAR,0
doe-007,0,448,2026-09-03T09:07:28Z,2026-09-03T09:07:29Z,2026-09-03T09:07:28Z,2026-09-03T09:07:29Z,site_b,SIM,synthetic_demo,B-WAN-1,UP,1000.0,67.1067,66.41,0.0,24.48,3.012,0.102,0,UP,4.0,0.0,6,6,52,-61.3,25.197,6.907,0,0,0,32,0,60.0,0.0,1,0,,,,,,,,,,,,,,,,,,,,,0.3,0,,SYNTHETIC,0
doe-007,0,449,2026-09-03T09:07:29Z,2026-09-03T09:07:30Z,2026-09-03T09:07:29Z,2026-09-03T09:07:30Z,site_a,SIM,synthetic_demo,A-WAN-1,UP,1000.0,414.9592,415.25,0.0,18.27,2.1622,0.093,0,UP,4.0,0.0,48,48,201,-62.1,18.072,5.467,1,0,0,31,0,422.0,0.0,0,0,MAINS,MAINS,1,0,47.27,92.0,47.9489,48.3077,-4.0,3.68837,3.68837,3.71597,3.71597,0.0,23.2,1069.339,,53.293,,CHARGE,0.0,0,,SYNTHETIC,0
doe-007,0,449,2026-09-03T09:07:29Z,2026-09-03T09:07:30Z,2026-09-03T09:07:29Z,2026-09-03T09:07:30Z,site_b,SIM,synthetic_demo,B-WAN-1,UP,1000.0,76.6286,76.17,0.0,20.78,0.4102,0.119,0,UP,4.0,0.0,6,6,35,-61.7,20.54,6.277,0,0,0,32,0,69.0,0.0,1,0,,,,,,,,,,,,,,,,,,,,,0.3,0,,SYNTHETIC,0
doe-007,0,450,2026-09-03T09:07:30Z,2026-09-03T09:07:31Z,2026-09-03T09:07:30Z,2026-09-03T09:07:31Z,site_a,SIM,synthetic_demo,A-WAN-1,UP,1000.0,402.38,402.91,0.0,15.54,0.3109,0.07,0,UP,4.0,0.0,48,48,333,-61.0,20.889,6.468,1,2,0,31,0,352.0,0.0,0,0,MAINS,MAINS,1,0,47.28,92.0,47.949,48.3078,-4.0,3.68838,3.68838,3.71598,3.71598,0.0,23.2,1087.419,,52.41,,CHARGE,0.0,0,,SYNTHETIC,0
doe-007,0,450,2026-09-03T09:07:30Z,2026-09-03T09:07:31Z,2026-09-03T09:07:30Z,2026-09-03T09:07:31Z,site_b,SIM,synthetic_demo,B-WAN-1,UP,1000.0,68.9744,68.88,0.0,23.82,2.4416,0.078,0,UP,4.0,0.0,6,6,38,-63.9,19.134,6.533,0,1,0,32,0,72.0,0.0,1,0,,,,,,,,,,,,,,,,,,,,,0.3,0,,SYNTHETIC,0
doe-007,0,451,2026-09-03T09:07:31Z,2026-09-03T09:07:32Z,2026-09-03T09:07:31Z,2026-09-03T09:07:32Z,site_a,SIM,synthetic_demo,A-WAN-1,UP,1000.0,427.6846,428.3,0.0,17.61,1.9825,0.119,0,UP,4.0,0.0,48,48,307,-62.7,20.596,6.176,2,2,0,31,0,314.0,0.0,0,0,MAINS,MAINS,1,0,47.19,92.0,47.9491,48.3079,-4.0,3.68839,3.68839,3.71599,3.71599,0.0,23.2,1074.146,,53.06,,CHARGE,0.0,0,,SYNTHETIC,0
doe-007,0,451,2026-09-03T09:07:31Z,2026-09-03T09:07:32Z,2026-09-03T09:07:31Z,2026-09-03T09:07:32Z,site_b,SIM,synthetic_demo,B-WAN-1,UP,1000.0,73.7311,73.09,0.0,20.83,0.26,0.114,0,UP,4.0,0.0,6,6,33,-62.9,19.954,6.015,0,0,0,32,0,51.0,0.0,1,0,,,,,,,,,,,,,,,,,,,,,0.3,0,,SYNTHETIC,0
doe-007,0,452,2026-09-03T09:07:32Z,2026-09-03T09:07:33Z,2026-09-03T09:07:32Z,2026-09-03T09:07:33Z,site_a,SIM,synthetic_demo,A-WAN-1,UP,1000.0,468.4546,466.92,0.0,17.19,1.5073,0.077,0,UP,4.0,0.0,48,48,66,-60.7,14.132,4.213,3,1,0,31,0,470.0,0.0,0,0,MAINS,MAINS,1,0,47.31,92.0,47.9493,48.3081,-4.0,3.6884,3.6884,3.716,3.716,0.0,23.3,1087.834,,52.395,,CHARGE,0.0,0,,SYNTHETIC,0
doe-007,0,452,2026-09-03T09:07:32Z,2026-09-03T09:07:33Z,2026-09-03T09:07:32Z,2026-09-03T09:07:33Z,site_b,SIM,synthetic_demo,B-WAN-1,UP,1000.0,68.6044,68.93,0.0,24.83,4.2387,0.106,0,UP,4.0,0.0,6,6,37,-62.6,21.315,5.872,0,0,0,32,0,68.0,0.0,1,0,,,,,,,,,,,,,,,,,,,,,0.3,0,,SYNTHETIC,0
doe-007,0,453,2026-09-03T09:07:33Z,2026-09-03T09:07:34Z,2026-09-03T09:07:33Z,2026-09-03T09:07:34Z,site_a,SIM,synthetic_demo,A-WAN-1,UP,1000.0,434.1828,433.04,0.0,16.53,0.7127,0.107,0,UP,4.0,0.0,48,48,215,-63.3,18.83,5.47,2,6,0,31,0,423.0,0.0,0,0,MAINS,MAINS,1,0,47.16,92.0,47.9494,48.3082,-4.0,3.68841,3.68841,3.71601,3.71601,0.0,23.3,1076.531,,52.948,,CHARGE,0.0,0,,SYNTHETIC,0
doe-007,0,453,2026-09-03T09:07:33Z,2026-09-03T09:07:34Z,2026-09-03T09:07:33Z,2026-09-03T09:07:34Z,site_b,SIM,synthetic_demo,B-WAN-1,UP,1000.0,67.4743,67.46,0.0,22.01,0.4707,0.135,0,UP,4.0,0.0,6,6,25,-61.0,17.131,5.629,0,0,0,32,0,38.0,0.0,1,0,,,,,,,,,,,,,,,,,,,,,0.3,0,,SYNTHETIC,0
doe-007,0,454,2026-09-03T09:07:34Z,2026-09-03T09:07:35Z,2026-09-03T09:07:34Z,2026-09-03T09:07:35Z,site_a,SIM,synthetic_demo,A-WAN-1,UP,1000.0,461.8448,462.87,0.0,18.3,1.8332,0.098,0,UP,4.0,0.0,48,48,113,-62.3,15.076,4.495,0,3,0,31,0,265.0,0.0,0,0,MAINS,MAINS,1,0,47.27,92.0,47.9495,48.3083,-4.0,3.68842,3.68842,3.71602,3.71602,0.0,23.2,1088.673,,52.36,,CHARGE,0.0,0,,SYNTHETIC,0
doe-007,0,454,2026-09-03T09:07:34Z,2026-09-03T09:07:35Z,2026-09-03T09:07:34Z,2026-09-03T09:07:35Z,site_b,SIM,synthetic_demo,B-WAN-1,UP,1000.0,74.0685,74.47,0.0,20.66,0.1322,0.103,0,UP,4.0,0.0,6,6,41,-59.7,20.661,6.321,0,0,0,32,0,96.0,0.0,1,0,,,,,,,,,,,,,,,,,,,,,0.3,0,,SYNTHETIC,0
doe-007,0,455,2026-09-03T09:07:35Z,2026-09-03T09:07:36Z,2026-09-03T09:07:35Z,2026-09-03T09:07:36Z,site_a,SIM,synthetic_demo,A-WAN-1,UP,1000.0,638.4638,637.52,0.0,17.93,0.9938,0.065,0,UP,4.0,0.0,48,48,167,-61.1,17.314,5.251,0,1,0,31,0,593.0,0.0,0,0,MAINS,MAINS,1,0,47.32,92.0,47.9496,48.3084,-4.0,3.68843,3.68843,3.71603,3.71603,0.0,23.1,1090.421,,52.279,,CHARGE,0.0,0,,SYNTHETIC,0
doe-007,0,455,2026-09-03T09:07:35Z,2026-09-03T09:07:36Z,2026-09-03T09:07:35Z,2026-09-03T09:07:36Z,site_b,SIM,synthetic_demo,B-WAN-1,UP,1000.0,68.9967,68.98,0.0,22.03,0.9201,0.106,0,UP,4.0,0.0,6,6,63,-62.4,25.343,8.734,0,0,0,32,0,60.0,0.0,1,0,,,,,,,,,,,,,,,,,,,,,0.3,0,,SYNTHETIC,0
doe-007,0,456,2026-09-03T09:07:36Z,2026-09-03T09:07:37Z,2026-09-03T09:07:36Z,2026-09-03T09:07:37Z,site_a,SIM,synthetic_demo,A-WAN-1,UP,1000.0,467.7109,467.26,0.0,19.15,2.8973,0.071,0,UP,4.0,0.0,48,48,218,-61.0,18.044,5.59,2,5,0,31,0,318.0,0.0,0,0,MAINS,MAINS,1,0,47.29,92.0,47.9498,48.3086,-4.0,3.68844,3.68844,3.71604,3.71604,0.0,23.2,1091.463,,52.231,,CHARGE,0.0,0,,SYNTHETIC,0
doe-007,0,456,2026-09-03T09:07:36Z,2026-09-03T09:07:37Z,2026-09-03T09:07:36Z,2026-09-03T09:07:37Z,site_b,SIM,synthetic_demo,B-WAN-1,UP,1000.0,72.5728,72.48,0.0,20.52,0.2079,0.097,0,UP,4.0,0.0,6,6,46,-64.5,23.105,7.187,0,1,0,32,0,30.0,0.0,1,0,,,,,,,,,,,,,,,,,,,,,0.3,0,,SYNTHETIC,0
doe-007,0,457,2026-09-03T09:07:37Z,2026-09-03T09:07:38Z,2026-09-03T09:07:37Z,2026-09-03T09:07:38Z,site_a,SIM,synthetic_demo,A-WAN-1,UP,1000.0,430.0682,430.84,0.0,16.13,0.0568,0.09,0,UP,4.0,0.0,48,48,282,-61.1,19.371,6.015,1,3,0,31,0,410.0,0.0,0,0,MAINS,MAINS,1,0,47.4,92.0,47.9499,48.3087,-4.0,3.68845,3.68845,3.71605,3.71605,0.0,23.3,1078.571,,52.859,,CHARGE,0.0,0,,SYNTHETIC,0
doe-007,0,457,2026-09-03T09:07:37Z,2026-09-03T09:07:38Z,2026-09-03T09:07:37Z,2026-09-03T09:07:38Z,site_b,SIM,synthetic_demo,B-WAN-1,UP,1000.0,69.1785,69.3,0.0,25.02,3.9703,0.097,0,UP,4.0,0.0,6,6,40,-63.4,22.3,6.651,0,2,0,32,0,72.0,0.0,1,0,,,,,,,,,,,,,,,,,,,,,0.3,0,,SYNTHETIC,0
doe-007,0,458,2026-09-03T09:07:38Z,2026-09-03T09:07:39Z,2026-09-03T09:07:38Z,2026-09-03T09:07:39Z,site_a,SIM,synthetic_demo,A-WAN-1,UP,1000.0,419.7782,420.4,0.0,20.83,5.1916,0.097,0,UP,4.0,0.0,48,48,367,-62.6,21.918,6.663,0,1,0,31,0,419.0,0.0,0,0,MAINS,MAINS,1,0,47.42,92.0,47.95,48.3088,-4.0,3.68846,3.68846,3.71606,3.71606,0.0,23.3,1117.062,,51.04,,CHARGE,0.0,0,,SYNTHETIC,0
doe-007,0,458,2026-09-03T09:07:38Z,2026-09-03T09:07:39Z,2026-09-03T09:07:38Z,2026-09-03T09:07:39Z,site_b,SIM,synthetic_demo,B-WAN-1,UP,1000.0,68.1772,66.98,0.0,20.74,0.3591,0.115,0,UP,4.0,0.0,6,6,57,-59.1,24.883,7.65,0,0,0,32,0,65.0,0.0,1,0,,,,,,,,,,,,,,,,,,,,,0.3,0,,SYNTHETIC,0
doe-007,0,459,2026-09-03T09:07:39Z,2026-09-03T09:07:40Z,2026-09-03T09:07:39Z,2026-09-03T09:07:40Z,site_a,SIM,synthetic_demo,A-WAN-1,UP,1000.0,447.0625,447.36,0.0,17.73,1.1509,0.057,0,UP,4.0,0.0,48,48,128,-61.5,15.662,4.733,1,2,0,31,0,275.0,0.0,0,0,MAINS,MAINS,1,0,47.3,92.0,47.9501,48.3089,-4.0,3.68847,3.68847,3.71607,3.71607,0.0,23.3,1112.239,,51.264,,CHARGE,0.0,0,,SYNTHETIC,0
doe-007,0,459,2026-09-03T09:07:39Z,2026-09-03T09:07:40Z,2026-09-03T09:07:39Z,2026-09-03T09:07:40Z,site_b,SIM,synthetic_demo,B-WAN-1,UP,1000.0,76.5613,77.4,0.0,21.23,1.0484,0.102,0,UP,4.0,0.0,6,6,62,-60.2,26.349,7.662,0,0,0,32,0,81.0,0.0,1,0,,,,,,,,,,,,,,,,,,,,,0.3,0,,SYNTHETIC,0
doe-007,0,460,2026-09-03T09:07:40Z,2026-09-03T09:07:41Z,2026-09-03T09:07:40Z,2026-09-03T09:07:41Z,site_a,SIM,synthetic_demo,A-WAN-1,UP,1000.0,464.1334,464.16,0.0,16.46,0.2564,0.11,0,UP,4.0,0.0,48,48,172,-62.5,16.518,5.072,13,2,0,31,0,325.0,0.0,0,0,MAINS,MAINS,1,0,47.25,92.0,47.9503,48.3091,-4.0,3.68848,3.68848,3.71608,3.71608,0.0,23.2,1095.789,,52.036,,CHARGE,0.25,0,,SYNTHETIC,0
doe-007,0,460,2026-09-03T09:07:40Z,2026-09-03T09:07:41Z,2026-09-03T09:07:40Z,2026-09-03T09:07:41Z,site_b,SIM,synthetic_demo,B-WAN-1,UP,1000.0,68.2569,69.07,0.0,21.42,0.3963,0.099,0,UP,4.0,0.0,6,6,45,-60.6,20.251,5.845,0,0,0,32,0,33.0,0.0,1,0,,,,,,,,,,,,,,,,,,,,,0.3,0,,SYNTHETIC,0
doe-007,0,461,2026-09-03T09:07:41Z,2026-09-03T09:07:42Z,2026-09-03T09:07:41Z,2026-09-03T09:07:42Z,site_a,SIM,synthetic_demo,A-WAN-1,UP,1000.0,440.2296,439.17,0.0,17.95,1.9079,0.072,0,UP,4.0,0.0,48,48,255,-61.6,19.486,5.658,14,3,0,31,0,343.0,0.0,0,0,MAINS,MAINS,1,0,47.22,92.0,47.9504,48.3092,-4.0,3.68849,3.68849,3.71609,3.71609,0.0,23.2,1082.338,,52.685,,CHARGE,0.25,0,,SYNTHETIC,0
doe-007,0,461,2026-09-03T09:07:41Z,2026-09-03T09:07:42Z,2026-09-03T09:07:41Z,2026-09-03T09:07:42Z,site_b,SIM,synthetic_demo,B-WAN-1,UP,1000.0,74.8703,74.72,0.0,20.51,0.0959,0.083,0,UP,4.0,0.0,6,6,29,-62.3,16.897,6.245,0,2,0,32,0,67.0,0.0,1,0,,,,,,,,,,,,,,,,,,,,,0.3,0,,SYNTHETIC,0
doe-007,0,462,2026-09-03T09:07:42Z,2026-09-03T09:07:43Z,2026-09-03T09:07:42Z,2026-09-03T09:07:43Z,site_a,SIM,synthetic_demo,A-WAN-1,UP,1000.0,543.8206,543.83,0.0,16.41,0.5114,0.091,0,UP,4.0,0.0,48,48,199,-60.9,18.466,5.179,13,1,0,31,0,303.0,0.0,0,0,MAINS,MAINS,1,0,47.3,92.0,47.9505,48.3093,-4.0,3.6885,3.6885,3.7161,3.7161,0.0,23.3,1092.649,,52.191,,CHARGE,0.25,0,,SYNTHETIC,0
doe-007,0,462,2026-09-03T09:07:42Z,2026-09-03T09:07:43Z,2026-09-03T09:07:42Z,2026-09-03T09:07:43Z,site_b,SIM,synthetic_demo,B-WAN-1,UP,1000.0,68.3651,67.62,0.0,22.33,1.4437,0.089,0,UP,4.0,0.0,6,6,37,-59.5,18.903,5.675,0,1,0,32,0,25.0,0.0,1,0,,,,,,,,,,,,,,,,,,,,,0.3,0,,SYNTHETIC,0
doe-007,0,463,2026-09-03T09:07:43Z,2026-09-03T09:07:44Z,2026-09-03T09:07:43Z,2026-09-03T09:07:44Z,site_a,SIM,synthetic_demo,A-WAN-1,UP,1000.0,462.3709,462.29,0.0,17.75,1.384,0.111,0,UP,4.0,0.0,48,48,162,-62.9,16.893,5.112,14,1,0,31,0,258.0,0.0,0,0,MAINS,MAINS,1,0,47.2,92.0,47.9507,48.3095,-4.0,3.68851,3.68851,3.71611,3.71611,0.0,23.2,1103.132,,51.698,,CHARGE,0.25,0,,SYNTHETIC,0
doe-007,0,463,2026-09-03T09:07:43Z,2026-09-03T09:07:44Z,2026-09-03T09:07:43Z,2026-09-03T09:07:44Z,site_b,SIM,synthetic_demo,B-WAN-1,UP,1000.0,64.2472,64.89,0.0,22.96,1.4812,0.093,0,UP,4.0,0.0,6,6,41,-61.9,21.768,6.306,0,0,0,32,0,55.0,0.0,1,0,,,,,,,,,,,,,,,,,,,,,0.3,0,,SYNTHETIC,0
doe-007,0,464,2026-09-03T09:07:44Z,2026-09-03T09:07:45Z,2026-09-03T09:07:44Z,2026-09-03T09:07:45Z,site_a,SIM,synthetic_demo,A-WAN-1,UP,1000.0,563.9821,563.8,0.0,16.49,0.0287,0.118,0,UP,4.0,0.0,48,48,306,-62.1,20.436,6.39,12,2,0,31,0,294.0,0.0,0,0,MAINS,MAINS,1,0,47.34,92.0,47.9508,48.3096,-4.0,3.68852,3.68852,3.71612,3.71612,0.0,23.2,1098.317,,51.927,,CHARGE,0.25,0,,SYNTHETIC,0
doe-007,0,464,2026-09-03T09:07:44Z,2026-09-03T09:07:45Z,2026-09-03T09:07:44Z,2026-09-03T09:07:45Z,site_b,SIM,synthetic_demo,B-WAN-1,UP,1000.0,72.0162,71.97,0.0,22.88,1.9623,0.111,0,UP,4.0,0.0,6,6,53,-63.4,25.25,7.21,0,1,0,32,0,47.0,0.0,1,0,,,,,,,,,,,,,,,,,,,,,0.3,0,,SYNTHETIC,0
doe-007,0,465,2026-09-03T09:07:45Z,2026-09-03T09:07:46Z,2026-09-03T09:07:45Z,2026-09-03T09:07:46Z,site_a,SIM,synthetic_demo,A-WAN-1,UP,1000.0,429.2837,428.75,0.0,18.27,2.1649,0.088,0,UP,4.0,0.0,48,48,160,-61.5,17.131,4.977,13,3,0,31,0,397.0,0.0,0,0,MAINS,MAINS,1,0,47.33,92.0,47.9509,48.3097,-4.0,3.68853,3.68853,3.71613,3.71613,0.0,23.3,1085.714,,52.532,,CHARGE,0.25,0,,SYNTHETIC,0
doe-007,0,465,2026-09-03T09:07:45Z,2026-09-03T09:07:46Z,2026-09-03T09:07:45Z,2026-09-03T09:07:46Z,site_b,SIM,synthetic_demo,B-WAN-1,UP,1000.0,70.9274,72.14,0.0,21.38,0.7547,0.092,0,UP,4.0,0.0,6,6,70,-62.7,30.248,8.146,0,1,0,32,0,39.0,0.0,1,0,,,,,,,,,,,,,,,,,,,,,0.3,0,,SYNTHETIC,0
doe-007,0,466,2026-09-03T09:07:46Z,2026-09-03T09:07:47Z,2026-09-03T09:07:46Z,2026-09-03T09:07:47Z,site_a,SIM,synthetic_demo,A-WAN-1,UP,1000.0,380.7111,380.04,0.0,19.02,2.9301,0.063,0,UP,4.0,0.0,48,48,226,-61.9,18.457,5.501,13,3,0,31,0,349.0,0.0,0,0,MAINS,MAINS,1,0,47.29,92.0,47.951,48.3098,-4.0,3.68854,3.68854,3.71614,3.71614,0.0,23.2,1103.232,,51.701,,CHARGE,0.25,0,,SYNTHETIC,0
doe-007,0,466,2026-09-03T09:07:46Z,2026-09-03T09:07:47Z,2026-09-03T09:07:46Z,2026-09-03T09:07:47Z,site_b,SIM,synthetic_demo,B-WAN-1,UP,1000.0,64.5723,65.29,0.0,22.52,1.1159,0.087,0,UP,4.0,0.0,6,6,39,-60.2,21.929,6.041,0,0,0,32,0,77.0,0.0,1,0,,,,,,,,,,,,,,,,,,,,,0.3,0,,SYNTHETIC,0
doe-007,0,467,2026-09-03T09:07:47Z,2026-09-03T09:07:48Z,2026-09-03T09:07:47Z,2026-09-03T09:07:48Z,site_a,SIM,synthetic_demo,A-WAN-1,UP,1000.0,489.7851,489.8,0.0,16.76,0.6463,0.091,0,UP,4.0,0.0,48,48,212,-62.6,18.072,5.281,12,0,0,31,0,382.0,0.0,0,0,MAINS,MAINS,1,0,47.31,92.0,47.9512,48.31,-4.0,3.68855,3.68855,3.71615,3.71615,0.0,23.1,1083.118,,52.664,,CHARGE,0.25,0,,SYNTHETIC,0
doe-007,0,467,2026-09-03T09:07:47Z,2026-09-03T09:07:48Z,2026-09-03T09:07:47Z,2026-09-03T09:07:48Z,site_b,SIM,synthetic_demo,B-WAN-1,UP,1000.0,70.05,70.37,0.0,21.55,0.575,0.125,0,UP,4.0,0.0,6,6,62,-63.1,27.306,8.651,1,0,0,32,0,86.0,0.0,1,0,,,,,,,,,,,,,,,,,,,,,0.3,0,,SYNTHETIC,0
doe-007,0,468,2026-09-03T09:07:48Z,2026-09-03T09:07:49Z,2026-09-03T09:07:48Z,2026-09-03T09:07:49Z,site_a,SIM,synthetic_demo,A-WAN-1,UP,1000.0,429.6165,429.32,0.0,16.23,0.7758,0.061,0,UP,4.0,0.0,48,48,206,-61.7,17.627,5.299,12,0,0,31,0,222.0,0.0,0,0,MAINS,MAINS,1,0,47.38,92.0,47.9513,48.3101,-4.0,3.68856,3.68856,3.71616,3.71616,0.0,23.3,1096.901,,52.005,,CHARGE,0.25,0,,SYNTHETIC,0
doe-007,0,468,2026-09-03T09:07:48Z,2026-09-03T09:07:49Z,2026-09-03T09:07:48Z,2026-09-03T09:07:49Z,site_b,SIM,synthetic_demo,B-WAN-1,UP,1000.0,73.4246,73.29,0.0,22.65,1.641,0.067,0,UP,4.0,0.0,6,6,41,-59.1,20.382,5.93,0,0,0,32,0,75.0,0.0,1,0,,,,,,,,,,,,,,,,,,,,,0.3,0,,SYNTHETIC,0
doe-007,0,469,2026-09-03T09:07:49Z,2026-09-03T09:07:50Z,2026-09-03T09:07:49Z,2026-09-03T09:07:50Z,site_a,SIM,synthetic_demo,A-WAN-1,UP,1000.0,488.896,488.56,0.0,20.84,5.062,0.091,0,UP,4.0,0.0,48,48,193,-62.2,17.953,5.37,13,2,0,31,0,303.0,0.0,0,0,MAINS,MAINS,1,0,47.29,92.0,47.9514,48.3102,-4.0,3.68857,3.68857,3.71617,3.71617,0.0,23.1,1079.136,,52.863,,CHARGE,0.25,0,,SYNTHETIC,0
doe-007,0,469,2026-09-03T09:07:49Z,2026-09-03T09:07:50Z,2026-09-03T09:07:49Z,2026-09-03T09:07:50Z,site_b,SIM,synthetic_demo,B-WAN-1,UP,1000.0,84.3736,83.84,0.0,21.09,0.3177,0.1,0,UP,4.0,0.0,6,6,47,-64.4,21.738,6.486,0,0,0,32,0,84.0,0.0,1,0,,,,,,,,,,,,,,,,,,,,,0.3,0,,SYNTHETIC,0
doe-007,0,470,2026-09-03T09:07:50Z,2026-09-03T09:07:51Z,2026-09-03T09:07:50Z,2026-09-03T09:07:51Z,site_a,SIM,synthetic_demo,A-WAN-1,UP,1000.0,587.601,588.95,0.0,18.38,2.5883,0.073,0,UP,4.0,0.0,48,48,198,-61.0,17.54,5.198,13,4,0,31,0,467.0,0.0,0,0,MAINS,MAINS,1,0,47.35,92.0,47.9516,48.3104,-4.0,3.68858,3.68858,3.71618,3.71618,0.0,23.2,1093.165,,52.188,,CHARGE,0.25,0,,SYNTHETIC,0
doe-007,0,470,2026-09-03T09:07:50Z,2026-09-03T09:07:51Z,2026-09-03T09:07:50Z,2026-09-03T09:07:51Z,site_b,SIM,synthetic_demo,B-WAN-1,UP,1000.0,81.0643,80.05,0.0,21.84,0.7429,0.064,0,UP,4.0,0.0,6,6,63,-61.6,23.84,8.345,0,0,0,32,0,40.0,0.0,0,0,,,,,,,,,,,,,,,,,,,,,0.0,0,,SYNTHETIC,0
doe-007,0,471,2026-09-03T09:07:51Z,2026-09-03T09:07:52Z,2026-09-03T09:07:51Z,2026-09-03T09:07:52Z,site_a,SIM,synthetic_demo,A-WAN-1,UP,1000.0,457.2188,456.52,0.0,16.51,0.885,0.097,0,UP,4.0,0.0,48,48,191,-63.7,17.953,5.362,12,1,0,31,0,517.0,0.0,0,0,MAINS,MAINS,1,0,47.4,92.0,47.9517,48.3105,-4.0,3.68859,3.68859,3.71619,3.71619,0.0,23.3,1098.083,,51.957,,CHARGE,0.25,0,,SYNTHETIC,0
doe-007,0,471,2026-09-03T09:07:51Z,2026-09-03T09:07:52Z,2026-09-03T09:07:51Z,2026-09-03T09:07:52Z,site_b,SIM,synthetic_demo,B-WAN-1,UP,1000.0,77.6136,78.1,0.0,21.76,0.3679,0.122,0,UP,4.0,0.0,6,6,44,-63.3,22.653,7.113,0,0,0,32,0,53.0,0.0,0,0,,,,,,,,,,,,,,,,,,,,,0.0,0,,SYNTHETIC,0
doe-007,0,472,2026-09-03T09:07:52Z,2026-09-03T09:07:53Z,2026-09-03T09:07:52Z,2026-09-03T09:07:53Z,site_a,SIM,synthetic_demo,A-WAN-1,UP,1000.0,523.8037,523.96,0.0,17.54,2.1385,0.089,0,UP,4.0,0.0,48,48,166,-61.8,16.835,4.98,12,4,0,31,0,405.0,0.0,0,0,MAINS,MAINS,1,0,47.27,92.0,47.9518,48.3106,-4.0,3.6886,3.6886,3.7162,3.7162,0.0,23.3,1087.15,,52.482,,CHARGE,0.25,0,,SYNTHETIC,0
doe-007,0,472,2026-09-03T09:07:52Z,2026-09-03T09:07:53Z,2026-09-03T09:07:52Z,2026-09-03T09:07:53Z,site_b,SIM,synthetic_demo,B-WAN-1,UP,1000.0,74.2817,75.24,0.0,21.52,0.3943,0.119,0,UP,4.0,0.0,6,6,36,-62.9,20.524,6.13,0,0,0,32,0,114.0,0.0,0,0,,,,,,,,,,,,,,,,,,,,,0.0,0,,SYNTHETIC,0
doe-007,0,473,2026-09-03T09:07:53Z,2026-09-03T09:07:54Z,2026-09-03T09:07:53Z,2026-09-03T09:07:54Z,site_a,SIM,synthetic_demo,A-WAN-1,UP,1000.0,508.7108,508.37,0.0,16.77,0.8113,0.128,0,UP,4.0,0.0,48,48,213,-62.2,18.637,5.402,12,3,0,31,0,251.0,0.0,0,0,MAINS,MAINS,1,0,47.35,92.0,47.9519,48.3107,-4.0,3.68861,3.68861,3.71621,3.71621,0.0,23.4,1084.116,,52.631,,CHARGE,0.25,0,,SYNTHETIC,0
doe-007,0,473,2026-09-03T09:07:53Z,2026-09-03T09:07:54Z,2026-09-03T09:07:53Z,2026-09-03T09:07:54Z,site_b,SIM,synthetic_demo,B-WAN-1,UP,1000.0,68.5913,68.63,0.0,21.04,0.5005,0.084,0,UP,4.0,0.0,6,6,54,-59.9,24.685,6.902,0,0,0,32,0,40.0,0.0,0,0,,,,,,,,,,,,,,,,,,,,,0.0,0,,SYNTHETIC,0
doe-007,0,474,2026-09-03T09:07:54Z,2026-09-03T09:07:55Z,2026-09-03T09:07:54Z,2026-09-03T09:07:55Z,site_a,SIM,synthetic_demo,A-WAN-1,UP,1000.0,432.9996,432.91,0.0,17.3,1.7523,0.091,0,UP,4.0,0.0,48,48,90,-61.7,14.419,4.325,12,1,0,31,0,291.0,0.0,0,0,MAINS,MAINS,1,0,47.26,92.0,47.9521,48.3109,-4.0,3.68862,3.68862,3.71622,3.71622,0.0,23.3,1093.775,,52.169,,CHARGE,0.25,0,,SYNTHETIC,0
doe-007,0,474,2026-09-03T09:07:54Z,2026-09-03T09:07:55Z,2026-09-03T09:07:54Z,2026-09-03T09:07:55Z,site_b,SIM,synthetic_demo,B-WAN-1,UP,1000.0,80.0154,80.23,0.0,23.53,2.8522,0.082,0,UP,4.0,0.0,6,6,20,-59.0,18.212,4.317,1,0,0,32,0,71.0,0.0,0,0,,,,,,,,,,,,,,,,,,,,,0.0,0,,SYNTHETIC,0
doe-007,0,475,2026-09-03T09:07:55Z,2026-09-03T09:07:56Z,2026-09-03T09:07:55Z,2026-09-03T09:07:56Z,site_a,SIM,synthetic_demo,A-WAN-1,UP,1000.0,508.3488,507.81,0.0,16.87,1.003,0.068,0,UP,4.0,0.0,48,48,178,-61.2,16.782,4.876,14,5,0,31,0,465.0,0.0,0,0,MAINS,MAINS,1,0,47.37,92.0,47.9522,48.311,-4.0,3.68863,3.68863,3.71623,3.71623,0.0,23.2,1101.15,,51.823,,CHARGE,0.25,0,,SYNTHETIC,0
doe-007,0,475,2026-09-03T09:07:55Z,2026-09-03T09:07:56Z,2026-09-03T09:07:55Z,2026-09-03T09:07:56Z,site_b,SIM,synthetic_demo,B-WAN-1,UP,1000.0,66.6892,66.22,0.0,22.6,1.9933,0.112,0,UP,4.0,0.0,6,6,26,-61.1,17.239,5.078,0,1,0,32,0,55.0,0.0,0,0,,,,,,,,,,,,,,,,,,,,,0.0,0,,SYNTHETIC,0
doe-007,0,476,2026-09-03T09:07:56Z,2026-09-03T09:07:57Z,2026-09-03T09:07:56Z,2026-09-03T09:07:57Z,site_a,SIM,synthetic_demo,A-WAN-1,UP,1000.0,433.6223,433.66,0.0,18.59,2.1991,0.074,0,UP,4.0,0.0,48,48,334,-60.9,21.616,6.763,14,0,0,31,0,288.0,0.0,0,0,MAINS,MAINS,1,0,47.27,92.0,47.9523,48.3111,-4.0,3.68864,3.68864,3.71624,3.71624,0.0,23.3,1090.287,,52.342,,CHARGE,0.25,0,,SYNTHETIC,0
doe-007,0,476,2026-09-03T09:07:56Z,2026-09-03T09:07:57Z,2026-09-03T09:07:56Z,2026-09-03T09:07:57Z,site_b,SIM,synthetic_demo,B-WAN-1,UP,1000.0,90.2805,90.03,0.0,22.87,1.874,0.093,0,UP,4.0,0.0,6,6,66,-62.9,26.946,7.925,0,0,0,32,0,73.0,0.0,0,0,,,,,,,,,,,,,,,,,,,,,0.0,0,,SYNTHETIC,0
doe-007,0,477,2026-09-03T09:07:57Z,2026-09-03T09:07:58Z,2026-09-03T09:07:57Z,2026-09-03T09:07:58Z,site_a,SIM,synthetic_demo,A-WAN-1,UP,1000.0,456.5542,456.64,0.0,16.18,0.6425,0.067,0,UP,4.0,0.0,48,48,126,-62.0,15.602,4.568,15,3,0,31,0,349.0,0.0,0,0,MAINS,MAINS,1,0,47.31,92.0,47.9525,48.3113,-4.0,3.68865,3.68865,3.71625,3.71625,0.0,23.2,1084.918,,52.603,,CHARGE,0.25,0,,SYNTHETIC,0
doe-007,0,477,2026-09-03T09:07:57Z,2026-09-03T09:07:58Z,2026-09-03T09:07:57Z,2026-09-03T09:07:58Z,site_b,SIM,synthetic_demo,B-WAN-1,UP,1000.0,69.3574,69.51,0.0,22.05,1.3,0.139,0,UP,4.0,0.0,6,6,19,-61.8,16.106,4.815,0,0,0,32,0,40.0,0.0,0,0,,,,,,,,,,,,,,,,,,,,,0.0,0,,SYNTHETIC,0
doe-007,0,478,2026-09-03T09:07:58Z,2026-09-03T09:07:59Z,2026-09-03T09:07:58Z,2026-09-03T09:07:59Z,site_a,SIM,synthetic_demo,A-WAN-1,UP,1000.0,456.4976,456.62,0.0,16.5,0.0648,0.076,0,UP,4.0,0.0,48,48,293,-61.8,20.599,5.962,12,2,0,31,0,279.0,0.0,0,0,MAINS,MAINS,1,0,47.3,92.0,47.9526,48.3114,-4.0,3.68866,3.68866,3.71626,3.71626,0.0,23.1,1101.958,,51.793,,CHARGE,0.25,0,,SYNTHETIC,0
doe-007,0,478,2026-09-03T09:07:58Z,2026-09-03T09:07:59Z,2026-09-03T09:07:58Z,2026-09-03T09:07:59Z,site_b,SIM,synthetic_demo,B-WAN-1,UP,1000.0,67.3464,66.93,0.0,21.95,1.1298,0.097,0,UP,4.0,0.0,6,6,32,-62.2,18.99,5.855,0,0,0,32,0,43.0,0.0,0,0,,,,,,,,,,,,,,,,,,,,,0.0,0,,SYNTHETIC,0
doe-007,0,479,2026-09-03T09:07:59Z,2026-09-03T09:08:00Z,2026-09-03T09:07:59Z,2026-09-03T09:08:00Z,site_a,SIM,synthetic_demo,A-WAN-1,UP,1000.0,439.185,439.33,0.0,18.51,2.3404,0.14,0,UP,4.0,0.0,48,48,265,-61.5,19.685,6.038,14,8,0,31,0,264.0,0.0,0,0,MAINS,MAINS,1,0,47.41,92.0,47.9527,48.3115,-4.0,3.68867,3.68867,3.71627,3.71627,0.0,23.3,1088.687,,52.427,,CHARGE,0.25,0,,SYNTHETIC,0
doe-007,0,479,2026-09-03T09:07:59Z,2026-09-03T09:08:00Z,2026-09-03T09:07:59Z,2026-09-03T09:08:00Z,site_b,SIM,synthetic_demo,B-WAN-1,UP,1000.0,62.0119,62.09,0.0,22.24,1.2931,0.093,0,UP,4.0,0.0,6,6,36,-62.9,19.602,6.321,0,0,0,32,0,63.0,0.0,0,0,,,,,,,,,,,,,,,,,,,,,0.0,0,,SYNTHETIC,0
doe-007,0,480,2026-09-03T09:08:00Z,2026-09-03T09:08:01Z,2026-09-03T09:08:00Z,2026-09-03T09:08:01Z,site_a,SIM,synthetic_demo,A-WAN-1,UP,1000.0,430.6673,430.61,0.0,16.25,1.0247,0.094,0,UP,4.0,0.0,48,48,237,-61.6,18.994,5.673,14,3,0,31,0,403.0,0.0,0,0,MAINS,MAINS,1,0,,92.0,47.9528,48.3116,-4.0,3.68868,3.68868,3.71628,3.71628,0.0,23.2,1097.19,,52.023,,CHARGE,0.25,0,,SYNTHETIC|GAP|MISSING_MAR,0
doe-007,0,480,2026-09-03T09:08:00Z,2026-09-03T09:08:01Z,2026-09-03T09:08:00Z,2026-09-03T09:08:01Z,site_b,SIM,synthetic_demo,B-WAN-1,UP,1000.0,68.4217,69.16,0.0,23.79,3.2914,0.096,0,UP,4.0,0.0,6,6,67,-64.7,25.858,9.233,0,0,0,32,0,61.0,0.0,0,0,,,,,,,,,,,,,,,,,,,,,0.0,0,,SYNTHETIC,0
doe-007,0,481,2026-09-03T09:08:01Z,2026-09-03T09:08:02Z,2026-09-03T09:08:01Z,2026-09-03T09:08:02Z,site_a,SIM,synthetic_demo,A-WAN-1,UP,1000.0,576.395,577.84,0.0,17.52,0.9355,0.107,0,UP,4.0,0.0,48,48,367,-61.9,22.651,6.995,13,3,0,31,0,300.0,0.0,0,0,MAINS,MAINS,1,0,47.3,92.0,47.953,48.3118,-4.0,3.68869,3.68869,3.71629,3.71629,0.0,,1096.154,,52.075,,CHARGE,0.25,0,,SYNTHETIC|GAP|MISSING_MCAR,0
doe-007,0,481,2026-09-03T09:08:01Z,2026-09-03T09:08:02Z,2026-09-03T09:08:01Z,2026-09-03T09:08:02Z,site_b,SIM,synthetic_demo,B-WAN-1,UP,1000.0,94.61,95.26,0.0,21.74,0.6704,0.128,0,UP,4.0,0.0,6,6,19,-60.1,14.701,4.574,1,0,0,32,0,69.0,0.0,0,0,,,,,,,,,,,,,,,,,,,,,0.0,0,,SYNTHETIC,0
doe-007,0,482,2026-09-03T09:08:02Z,2026-09-03T09:08:03Z,2026-09-03T09:08:02Z,2026-09-03T09:08:03Z,site_a,SIM,synthetic_demo,A-WAN-1,UP,1000.0,503.5425,504.15,0.0,16.51,0.9447,0.076,0,UP,4.0,0.0,48,48,220,-62.3,17.586,5.544,12,3,0,31,0,322.0,0.0,0,0,MAINS,MAINS,1,0,47.43,92.0,47.9531,48.3119,-4.0,3.6887,3.6887,3.7163,3.7163,0.0,23.3,1085.199,,52.603,,CHARGE,0.25,0,,SYNTHETIC,0
doe-007,0,482,2026-09-03T09:08:02Z,2026-09-03T09:08:03Z,2026-09-03T09:08:02Z,2026-09-03T09:08:03Z,site_b,SIM,synthetic_demo,B-WAN-1,UP,1000.0,58.9463,60.11,0.0,24.07,2.4127,0.098,0,UP,4.0,0.0,6,6,21,-62.0,16.389,4.418,0,0,0,32,0,39.0,0.0,0,0,,,,,,,,,,,,,,,,,,,,,0.0,0,,SYNTHETIC,0
doe-007,0,483,2026-09-03T09:08:03Z,2026-09-03T09:08:04Z,2026-09-03T09:08:03Z,2026-09-03T09:08:04Z,site_a,SIM,synthetic_demo,A-WAN-1,UP,1000.0,481.6842,481.07,0.0,20.14,4.6846,0.064,0,UP,4.0,0.0,48,48,173,-61.3,17.349,5.064,13,5,0,31,0,230.0,0.0,0,0,MAINS,MAINS,1,0,47.36,92.0,47.9532,48.312,-4.0,3.68871,3.68871,3.71631,3.71631,0.0,23.3,1081.174,,52.802,,CHARGE,0.25,0,,SYNTHETIC,0
doe-007,0,483,2026-09-03T09:08:03Z,2026-09-03T09:08:04Z,2026-09-03T09:08:03Z,2026-09-03T09:08:04Z,site_b,SIM,synthetic_demo,B-WAN-1,UP,1000.0,61.941,61.69,0.0,22.79,1.7109,0.132,0,UP,4.0,0.0,6,6,47,-63.7,23.368,7.977,0,0,0,32,0,43.0,0.0,0,0,,,,,,,,,,,,,,,,,,,,,0.0,0,,SYNTHETIC,0
doe-007,0,484,2026-09-03T09:08:04Z,2026-09-03T09:08:05Z,2026-09-03T09:08:04Z,2026-09-03T09:08:05Z,site_a,SIM,synthetic_demo,A-WAN-1,UP,1000.0,606.3367,605.66,0.0,17.62,2.0651,0.111,0,UP,4.0,0.0,48,48,215,-62.4,17.596,5.438,14,2,0,31,0,405.0,0.0,0,0,MAINS,MAINS,1,0,47.42,92.0,47.9534,48.3122,-4.0,3.68872,3.68872,3.71632,3.71632,0.0,23.1,1074.402,,53.137,,CHARGE,0.25,0,,SYNTHETIC,0
doe-007,0,484,2026-09-03T09:08:04Z,2026-09-03T09:08:05Z,2026-09-03T09:08:04Z,2026-09-03T09:08:05Z,site_b,SIM,synthetic_demo,B-WAN-1,UP,1000.0,54.8832,54.95,0.0,22.24,1.7789,0.09,0,UP,4.0,0.0,6,6,53,-62.9,24.343,7.089,0,1,0,32,0,42.0,0.0,0,0,,,,,,,,,,,,,,,,,,,,,0.0,0,,SYNTHETIC,0
doe-007,0,485,2026-09-03T09:08:05Z,2026-09-03T09:08:06Z,2026-09-03T09:08:05Z,2026-09-03T09:08:06Z,site_a,SIM,synthetic_demo,A-WAN-1,UP,1000.0,468.2923,,0.0,15.64,0.0169,0.073,0,UP,4.0,0.0,48,48,278,-62.4,20.411,5.971,14,1,0,31,0,388.0,0.0,0,0,MAINS,MAINS,1,0,47.31,92.0,47.9535,48.3123,-4.0,3.68873,3.68873,3.71633,3.71633,0.0,23.2,1075.976,,53.062,,CHARGE,0.25,0,,SYNTHETIC|GAP|MISSING_MAR,0
doe-007,0,485,2026-09-03T09:08:05Z,2026-09-03T09:08:06Z,2026-09-03T09:08:05Z,2026-09-03T09:08:06Z,site_b,SIM,synthetic_demo,B-WAN-1,UP,1000.0,60.2536,59.38,0.0,21.27,0.4733,0.107,0,UP,4.0,0.0,6,6,28,-63.6,17.653,5.234,0,0,0,32,0,52.0,0.0,0,0,,,,,,,,,,,,,,,,,,,,,0.0,0,,SYNTHETIC,0
doe-007,0,486,2026-09-03T09:08:06Z,2026-09-03T09:08:07Z,2026-09-03T09:08:06Z,2026-09-03T09:08:07Z,site_a,SIM,synthetic_demo,A-WAN-1,UP,1000.0,515.0519,514.64,0.0,16.6,1.1352,0.086,0,UP,4.0,0.0,48,48,132,-61.0,15.152,4.76,14,2,0,31,0,453.0,0.0,0,0,MAINS,MAINS,1,0,47.36,92.0,47.9536,48.3124,-4.0,3.68874,3.68874,3.71634,3.71634,0.0,23.2,1096.004,,52.095,,CHARGE,0.25,0,,SYNTHETIC,0
doe-007,0,486,2026-09-03T09:08:06Z,2026-09-03T09:08:07Z,2026-09-03T09:08:06Z,2026-09-03T09:08:07Z,site_b,SIM,synthetic_demo,B-WAN-1,UP,1000.0,82.9808,83.56,0.0,21.64,0.9659,0.095,0,UP,4.0,0.0,6,6,42,-63.6,20.463,6.017,0,0,0,32,0,86.0,0.0,0,0,,,,,,,,,,,,,,,,,,,,,0.0,0,,SYNTHETIC,0
doe-007,0,487,2026-09-03T09:08:07Z,2026-09-03T09:08:08Z,2026-09-03T09:08:07Z,2026-09-03T09:08:08Z,site_a,SIM,synthetic_demo,A-WAN-1,UP,1000.0,463.0628,462.98,0.0,17.33,1.3251,0.095,0,UP,4.0,0.0,48,48,312,-61.9,20.262,6.517,13,2,0,31,0,443.0,0.0,0,0,MAINS,MAINS,1,0,47.38,92.0,47.9537,48.3125,-4.0,3.68875,3.68875,3.71635,3.71635,0.0,23.4,1078.387,,52.949,,CHARGE,0.25,0,,SYNTHETIC,0
doe-007,0,487,2026-09-03T09:08:07Z,2026-09-03T09:08:08Z,2026-09-03T09:08:07Z,2026-09-03T09:08:08Z,site_b,SIM,synthetic_demo,B-WAN-1,UP,1000.0,62.7564,62.94,0.0,21.14,0.4335,0.126,0,UP,4.0,0.0,6,6,53,-62.4,24.427,7.358,0,0,0,32,0,62.0,0.0,0,0,,,,,,,,,,,,,,,,,,,,,0.0,0,,SYNTHETIC,0
doe-007,0,488,2026-09-03T09:08:08Z,2026-09-03T09:08:09Z,2026-09-03T09:08:08Z,2026-09-03T09:08:09Z,site_a,SIM,synthetic_demo,A-WAN-1,UP,1000.0,463.1276,462.13,0.0,19.83,4.4202,0.056,0,UP,4.0,0.0,48,48,185,-64.2,17.397,5.288,15,1,0,31,0,261.0,0.0,0,0,MAINS,MAINS,1,0,47.34,92.0,47.9539,48.3127,-4.0,3.68876,3.68876,3.71636,3.71636,0.0,23.3,1082.933,,52.73,,CHARGE,0.25,0,,SYNTHETIC,0
doe-007,0,488,2026-09-03T09:08:08Z,2026-09-03T09:08:09Z,2026-09-03T09:08:08Z,2026-09-03T09:08:09Z,site_b,SIM,synthetic_demo,B-WAN-1,UP,1000.0,75.9653,76.62,0.0,21.85,0.7784,0.098,0,UP,4.0,0.0,6,6,43,-61.2,19.725,6.533,0,1,0,32,0,45.0,0.0,0,0,,,,,,,,,,,,,,,,,,,,,0.0,0,,SYNTHETIC,0
doe-007,0,489,2026-09-03T09:08:09Z,2026-09-03T09:08:10Z,2026-09-03T09:08:09Z,2026-09-03T09:08:10Z,site_a,SIM,synthetic_demo,A-WAN-1,UP,1000.0,445.3214,446.26,0.0,19.76,3.3765,0.091,0,UP,4.0,0.0,48,48,193,-62.0,18.024,5.143,12,3,0,31,0,463.0,0.0,0,0,MAINS,MAINS,1,0,47.4,92.0,47.954,48.3128,-4.0,3.68877,3.68877,3.71637,3.71637,0.0,23.2,1105.831,,51.64,,CHARGE,0.25,0,,SYNTHETIC,0
doe-007,0,489,2026-09-03T09:08:09Z,2026-09-03T09:08:10Z,2026-09-03T09:08:09Z,2026-09-03T09:08:10Z,site_b,SIM,synthetic_demo,B-WAN-1,UP,1000.0,64.3386,63.89,0.0,21.85,0.2252,0.118,0,UP,4.0,0.0,6,6,38,-59.1,20.325,5.859,0,0,0,32,0,96.0,0.0,0,0,,,,,,,,,,,,,,,,,,,,,0.0,0,,SYNTHETIC,0
doe-007,0,490,2026-09-03T09:08:10Z,2026-09-03T09:08:11Z,2026-09-03T09:08:10Z,2026-09-03T09:08:11Z,site_a,SIM,synthetic_demo,A-WAN-1,UP,1000.0,511.0619,511.79,0.0,17.23,1.1818,0.072,0,UP,4.0,0.0,48,48,320,-62.3,21.388,6.358,13,5,0,31,0,332.0,0.0,0,0,MAINS,MAINS,1,0,47.32,92.0,47.9541,48.3129,-4.0,3.68878,3.68878,3.71638,3.71638,0.0,23.1,1090.195,,52.384,,CHARGE,0.25,0,,SYNTHETIC,0
doe-007,0,490,2026-09-03T09:08:10Z,2026-09-03T09:08:11Z,2026-09-03T09:08:10Z,2026-09-03T09:08:11Z,site_b,SIM,synthetic_demo,B-WAN-1,UP,1000.0,92.4892,92.47,0.0,23.75,3.3458,0.124,0,UP,4.0,0.0,6,6,23,-61.2,16.05,4.506,0,0,0,32,0,68.0,0.0,0,0,,,,,,,,,,,,,,,,,,,,,0.0,0,,SYNTHETIC,0
doe-007,0,491,2026-09-03T09:08:11Z,2026-09-03T09:08:12Z,2026-09-03T09:08:11Z,2026-09-03T09:08:12Z,site_a,SIM,synthetic_demo,A-WAN-1,UP,1000.0,472.0629,471.74,0.0,17.38,1.3736,0.061,0,UP,4.0,0.0,48,48,229,-62.4,18.357,5.507,12,1,0,31,0,372.0,0.0,0,0,MAINS,MAINS,1,0,47.35,92.0,47.9543,48.3131,-4.0,3.68879,3.68879,3.71639,3.71639,0.0,23.2,1089.846,,52.403,,CHARGE,0.25,0,,SYNTHETIC,0
doe-007,0,491,2026-09-03T09:08:11Z,2026-09-03T09:08:12Z,2026-09-03T09:08:11Z,2026-09-03T09:08:12Z,site_b,SIM,synthetic_demo,B-WAN-1,UP,1000.0,67.2904,68.17,0.0,20.82,0.472,0.13,0,UP,4.0,0.0,6,6,29,-62.4,20.522,5.726,0,0,0,32,0,50.0,0.0,0,0,,,,,,,,,,,,,,,,,,,,,0.0,0,,SYNTHETIC,0
doe-007,0,492,2026-09-03T09:08:12Z,2026-09-03T09:08:13Z,2026-09-03T09:08:12Z,2026-09-03T09:08:13Z,site_a,SIM,synthetic_demo,A-WAN-1,UP,1000.0,488.217,488.93,0.0,19.46,3.1156,0.09,0,UP,4.0,0.0,48,48,209,-61.9,17.731,5.438,13,3,0,31,0,341.0,0.0,0,0,MAINS,MAINS,1,0,47.44,92.0,47.9544,48.3132,-4.0,3.6888,3.6888,3.7164,3.7164,0.0,23.2,1105.203,,51.678,,CHARGE,0.25,0,,SYNTHETIC,0
doe-007,0,492,2026-09-03T09:08:12Z,2026-09-03T09:08:13Z,2026-09-03T09:08:12Z,2026-09-03T09:08:13Z,site_b,SIM,synthetic_demo,B-WAN-1,UP,1000.0,110.0355,110.93,0.0,22.99,2.0394,0.083,0,UP,4.0,0.0,6,6,32,-61.8,20.09,5.76,0,0,0,32,0,62.0,0.0,0,0,,,,,,,,,,,,,,,,,,,,,0.0,0,,SYNTHETIC,0
doe-007,0,493,2026-09-03T09:08:13Z,2026-09-03T09:08:14Z,2026-09-03T09:08:13Z,2026-09-03T09:08:14Z,site_a,SIM,synthetic_demo,A-WAN-1,UP,1000.0,505.628,505.67,0.0,15.64,0.4061,0.103,0,UP,4.0,0.0,48,48,292,-62.0,20.676,5.983,13,2,0,31,0,376.0,0.0,0,0,MAINS,MAINS,1,0,47.42,92.0,47.9545,48.3133,-4.0,3.68881,3.68881,3.71641,3.71641,0.0,23.1,1091.031,,52.352,,CHARGE,0.25,0,,SYNTHETIC,0
doe-007,0,493,2026-09-03T09:08:13Z,2026-09-03T09:08:14Z,2026-09-03T09:08:13Z,2026-09-03T09:08:14Z,site_b,SIM,synthetic_demo,B-WAN-1,UP,1000.0,68.7222,67.76,0.0,25.77,4.1773,0.144,0,UP,4.0,0.0,6,6,39,-64.1,23.88,6.789,1,0,0,32,0,63.0,0.0,0,0,,,,,,,,,,,,,,,,,,,,,0.0,0,,SYNTHETIC,0
doe-007,0,494,2026-09-03T09:08:14Z,2026-09-03T09:08:15Z,2026-09-03T09:08:14Z,2026-09-03T09:08:15Z,site_a,SIM,synthetic_demo,A-WAN-1,UP,1000.0,455.0675,454.56,0.0,16.34,0.1839,0.093,0,UP,4.0,0.0,48,48,167,-62.1,16.761,5.108,14,3,0,31,0,372.0,0.0,0,0,MAINS,MAINS,1,0,47.38,92.0,47.9546,48.3134,-4.0,3.68882,3.68882,3.71642,3.71642,0.0,23.3,1094.047,,52.21,,CHARGE,0.25,0,,SYNTHETIC,0
doe-007,0,494,2026-09-03T09:08:14Z,2026-09-03T09:08:15Z,2026-09-03T09:08:14Z,2026-09-03T09:08:15Z,site_b,SIM,synthetic_demo,B-WAN-1,UP,1000.0,72.9031,74.63,0.0,23.75,2.5279,0.083,0,UP,4.0,0.0,6,6,41,-61.5,21.725,6.1,0,0,0,32,0,73.0,0.0,0,0,,,,,,,,,,,,,,,,,,,,,0.0,0,,SYNTHETIC,0
doe-007,0,495,2026-09-03T09:08:15Z,2026-09-03T09:08:16Z,2026-09-03T09:08:15Z,2026-09-03T09:08:16Z,site_a,SIM,synthetic_demo,A-WAN-1,UP,1000.0,468.1535,468.43,0.0,16.21,0.6582,0.091,0,UP,4.0,0.0,48,48,108,-61.1,14.285,4.396,14,4,0,31,0,331.0,0.0,0,0,MAINS,MAINS,1,0,47.42,92.0,47.9548,48.3136,-4.0,3.68883,3.68883,3.71643,3.71643,0.0,23.2,1081.52,,52.817,,CHARGE,0.25,0,,SYNTHETIC,0
doe-007,0,495,2026-09-03T09:08:15Z,2026-09-03T09:08:16Z,2026-09-03T09:08:15Z,2026-09-03T09:08:16Z,site_b,SIM,synthetic_demo,B-WAN-1,UP,1000.0,76.7814,75.47,0.0,24.27,3.8425,0.08,0,UP,4.0,0.0,6,6,39,-62.2,22.217,5.958,0,0,0,32,0,66.0,0.0,0,0,,,,,,,,,,,,,,,,,,,,,0.0,0,,SYNTHETIC,0
doe-007,0,496,2026-09-03T09:08:16Z,2026-09-03T09:08:17Z,2026-09-03T09:08:16Z,2026-09-03T09:08:17Z,site_a,SIM,synthetic_demo,A-WAN-1,UP,1000.0,432.998,432.52,0.0,17.89,2.353,0.108,0,UP,4.0,0.0,48,48,326,-62.9,20.508,6.583,13,3,0,31,0,251.0,0.0,0,0,MAINS,MAINS,1,0,47.42,92.0,47.9549,48.3137,-4.0,3.68884,3.68884,3.71644,3.71644,0.0,23.2,1082.398,,52.777,,CHARGE,0.25,0,,SYNTHETIC,0
doe-007,0,496,2026-09-03T09:08:16Z,2026-09-03T09:08:17Z,2026-09-03T09:08:16Z,2026-09-03T09:08:17Z,site_b,SIM,synthetic_demo,B-WAN-1,UP,1000.0,112.0168,112.62,0.0,20.84,0.1746,0.109,0,UP,4.0,0.0,6,6,28,-63.2,19.162,6.302,0,1,0,32,0,76.0,0.0,0,0,,,,,,,,,,,,,,,,,,,,,0.0,0,,SYNTHETIC,0
doe-007,0,497,2026-09-03T09:08:17Z,2026-09-03T09:08:18Z,2026-09-03T09:08:17Z,2026-09-03T09:08:18Z,site_a,SIM,synthetic_demo,A-WAN-1,UP,1000.0,598.6241,599.12,0.0,17.32,1.1303,0.059,0,UP,4.0,0.0,48,48,99,-63.6,14.228,4.261,12,2,0,31,0,380.0,0.0,0,0,MAINS,MAINS,1,0,47.38,92.0,47.955,48.3138,-4.0,3.68885,3.68885,3.71645,3.71645,0.0,23.2,1087.577,,52.529,,CHARGE,0.25,0,,SYNTHETIC,0
doe-007,0,497,2026-09-03T09:08:17Z,2026-09-03T09:08:18Z,2026-09-03T09:08:17Z,2026-09-03T09:08:18Z,site_b,SIM,synthetic_demo,B-WAN-1,UP,1000.0,79.2755,78.44,0.0,22.43,1.3435,0.092,0,UP,4.0,0.0,6,6,59,-63.5,24.219,7.371,0,0,0,32,0,38.0,0.0,0,0,,,,,,,,,,,,,,,,,,,,,0.0,0,,SYNTHETIC,0
doe-007,0,498,2026-09-03T09:08:18Z,2026-09-03T09:08:19Z,2026-09-03T09:08:18Z,2026-09-03T09:08:19Z,site_a,SIM,synthetic_demo,A-WAN-1,UP,1000.0,420.0161,419.82,0.0,17.22,1.5972,0.075,0,UP,4.0,0.0,48,48,173,-62.1,17.832,4.998,13,2,0,31,0,279.0,0.0,0,0,MAINS,MAINS,1,0,47.34,92.0,47.9552,48.314,-4.0,3.68886,3.68886,3.71646,3.71646,0.0,23.2,1088.921,,52.466,,CHARGE,0.25,0,,SYNTHETIC,0
doe-007,0,498,2026-09-03T09:08:18Z,2026-09-03T09:08:19Z,2026-09-03T09:08:18Z,2026-09-03T09:08:19Z,site_b,SIM,synthetic_demo,B-WAN-1,UP,1000.0,75.9543,75.49,0.0,23.01,2.0269,0.08,0,UP,4.0,0.0,6,6,32,-62.8,17.768,5.623,0,0,0,32,0,61.0,0.0,0,0,,,,,,,,,,,,,,,,,,,,,0.0,0,,SYNTHETIC,0
doe-007,0,499,2026-09-03T09:08:19Z,2026-09-03T09:08:20Z,2026-09-03T09:08:19Z,2026-09-03T09:08:20Z,site_a,SIM,synthetic_demo,A-WAN-1,UP,1000.0,478.9058,478.32,0.0,15.97,0.107,0.099,0,UP,4.0,0.0,48,48,157,-62.1,17.046,4.749,13,1,0,31,0,494.0,0.0,0,0,MAINS,MAINS,1,0,47.42,92.0,47.9553,48.3141,-4.0,3.68887,3.68887,3.71647,3.71647,0.0,23.2,1087.668,,52.53,,CHARGE,0.25,0,,SYNTHETIC,0
doe-007,0,499,2026-09-03T09:08:19Z,2026-09-03T09:08:20Z,2026-09-03T09:08:19Z,2026-09-03T09:08:20Z,site_b,SIM,synthetic_demo,B-WAN-1,UP,1000.0,75.6808,75.07,0.0,22.23,1.5426,0.102,0,UP,4.0,0.0,6,6,67,-58.1,26.705,7.684,0,0,0,32,0,46.0,0.0,0,0,,,,,,,,,,,,,,,,,,,,,0.0,0,,SYNTHETIC,0
doe-007,0,500,2026-09-03T09:08:20Z,2026-09-03T09:08:21Z,2026-09-03T09:08:20Z,2026-09-03T09:08:21Z,site_a,SIM,synthetic_demo,A-WAN-1,UP,1000.0,597.5398,597.37,0.0,16.05,0.1216,0.093,0,UP,4.0,0.0,48,48,232,-62.8,18.993,5.435,14,1,0,31,0,391.0,0.0,0,0,MAINS,MAINS,1,0,47.35,92.0,47.9554,48.3142,-4.0,3.68888,3.68888,3.71648,3.71648,0.0,23.3,1072.887,,53.256,,CHARGE,0.25,0,,SYNTHETIC,0
doe-007,0,500,2026-09-03T09:08:20Z,2026-09-03T09:08:21Z,2026-09-03T09:08:20Z,2026-09-03T09:08:21Z,site_b,SIM,synthetic_demo,B-WAN-1,UP,1000.0,77.2208,77.04,0.0,21.02,0.5793,0.109,0,UP,4.0,0.0,6,6,53,-63.1,24.906,7.131,0,0,0,32,0,52.0,0.0,0,1,,,,,,,,,,,,,,,,,,,,,0.25,0,,SYNTHETIC,0
doe-007,0,501,2026-09-03T09:08:21Z,2026-09-03T09:08:22Z,2026-09-03T09:08:21Z,2026-09-03T09:08:22Z,site_a,SIM,synthetic_demo,A-WAN-1,UP,1000.0,489.9353,490.04,0.0,16.73,1.0496,0.067,0,UP,4.0,0.0,48,48,109,-61.1,14.467,4.381,13,2,0,31,0,299.0,0.0,0,0,MAINS,MAINS,1,0,47.38,92.0,47.9555,48.3143,-4.0,3.68889,3.68889,3.71649,3.71649,0.0,23.2,1081.775,,52.821,,CHARGE,0.25,0,,SYNTHETIC,0
doe-007,0,501,2026-09-03T09:08:21Z,2026-09-03T09:08:22Z,2026-09-03T09:08:21Z,2026-09-03T09:08:22Z,site_b,SIM,synthetic_demo,B-WAN-1,UP,1000.0,82.6849,83.16,0.0,21.87,0.5496,0.098,0,UP,4.0,0.0,6,6,89,-62.1,33.096,9.849,0,1,0,32,0,33.0,0.0,0,0,,,,,,,,,,,,,,,,,,,,,0.0,0,,SYNTHETIC,0
doe-007,0,502,2026-09-03T09:08:22Z,2026-09-03T09:08:23Z,2026-09-03T09:08:22Z,2026-09-03T09:08:23Z,site_a,SIM,synthetic_demo,A-WAN-1,UP,1000.0,573.4543,573.03,0.0,18.65,2.5411,0.09,0,UP,4.0,0.0,48,48,191,-63.6,17.291,5.239,12,5,0,31,0,240.0,0.0,0,0,MAINS,MAINS,1,0,47.42,92.0,47.9557,48.3145,-4.0,3.6889,3.6889,3.7165,3.7165,0.0,23.2,1091.026,,52.376,,CHARGE,0.25,0,,SYNTHETIC,0
doe-007,0,502,2026-09-03T09:08:22Z,2026-09-03T09:08:23Z,2026-09-03T09:08:22Z,2026-09-03T09:08:23Z,site_b,SIM,synthetic_demo,B-WAN-1,UP,1000.0,79.3689,79.08,0.0,22.05,0.3611,0.078,0,UP,4.0,0.0,6,6,11,-61.6,13.181,4.226,0,0,0,32,0,41.0,0.0,0,0,,,,,,,,,,,,,,,,,,,,,0.0,0,,SYNTHETIC,0
doe-007,0,503,2026-09-03T09:08:23Z,2026-09-03T09:08:24Z,2026-09-03T09:08:23Z,2026-09-03T09:08:24Z,site_a,SIM,synthetic_demo,A-WAN-1,UP,1000.0,414.7309,414.72,0.0,16.8,0.8776,0.098,0,UP,4.0,0.0,48,48,206,-60.7,17.497,5.105,12,2,0,31,0,285.0,0.0,0,0,MAINS,MAINS,1,0,47.37,92.0,47.9558,48.3146,-4.0,3.68891,3.68891,3.71651,3.71651,0.0,23.2,1086.553,,52.594,,CHARGE,0.25,0,,SYNTHETIC,0
doe-007,0,503,2026-09-03T09:08:23Z,2026-09-03T09:08:24Z,2026-09-03T09:08:23Z,2026-09-03T09:08:24Z,site_b,SIM,synthetic_demo,B-WAN-1,UP,1000.0,74.5295,74.28,0.0,23.52,3.2142,0.068,0,UP,4.0,0.0,6,6,67,-61.5,28.035,8.373,1,0,0,32,0,42.0,0.0,0,0,,,,,,,,,,,,,,,,,,,,,0.0,0,,SYNTHETIC,0
doe-007,0,504,2026-09-03T09:08:24Z,2026-09-03T09:08:25Z,2026-09-03T09:08:24Z,2026-09-03T09:08:25Z,site_a,SIM,synthetic_demo,A-WAN-1,UP,1000.0,450.2591,450.65,0.0,18.55,1.997,,0,UP,4.0,0.0,48,48,362,-63.0,22.277,6.861,13,4,0,31,0,376.0,0.0,0,0,MAINS,MAINS,1,0,47.43,92.0,47.9559,48.3147,-4.0,3.68892,3.68892,3.71652,3.71652,0.0,23.3,1097.055,,52.094,,CHARGE,0.25,0,,SYNTHETIC|GAP|MISSING_MAR,0
doe-007,0,504,2026-09-03T09:08:24Z,2026-09-03T09:08:25Z,2026-09-03T09:08:24Z,2026-09-03T09:08:25Z,site_b,SIM,synthetic_demo,B-WAN-1,UP,1000.0,80.2737,79.87,0.0,21.12,0.3255,0.133,0,UP,4.0,0.0,6,6,53,-61.2,23.356,7.111,0,0,0,32,0,41.0,0.0,0,0,,,,,,,,,,,,,,,,,,,,,0.0,0,,SYNTHETIC,0
doe-007,0,505,2026-09-03T09:08:25Z,2026-09-03T09:08:26Z,2026-09-03T09:08:25Z,2026-09-03T09:08:26Z,site_a,SIM,synthetic_demo,A-WAN-1,UP,1000.0,548.4992,548.19,0.0,17.78,1.587,0.065,0,UP,4.0,0.0,48,48,197,-61.6,17.374,5.119,14,1,0,31,0,437.0,0.0,0,0,MAINS,MAINS,1,0,47.44,92.0,47.9561,48.3149,-4.0,3.68893,3.68893,3.71653,3.71653,0.0,23.3,1090.945,,52.388,,CHARGE,0.25,0,,SYNTHETIC,0
doe-007,0,505,2026-09-03T09:08:25Z,2026-09-03T09:08:26Z,2026-09-03T09:08:25Z,2026-09-03T09:08:26Z,site_b,SIM,synthetic_demo,B-WAN-1,UP,1000.0,108.8973,107.92,0.0,24.31,3.6495,0.106,0,UP,4.0,0.0,6,6,19,-59.5,15.358,4.368,0,1,0,32,0,56.0,0.0,0,0,,,,,,,,,,,,,,,,,,,,,0.0,0,,SYNTHETIC,0
doe-007,0,506,2026-09-03T09:08:26Z,2026-09-03T09:08:27Z,2026-09-03T09:08:26Z,2026-09-03T09:08:27Z,site_a,SIM,synthetic_demo,A-WAN-1,UP,1000.0,474.0577,474.04,0.0,17.81,1.8255,0.102,0,UP,4.0,0.0,48,48,50,-61.2,13.259,3.929,13,3,0,31,0,443.0,0.0,0,0,MAINS,MAINS,1,0,47.42,92.0,47.9562,48.315,-4.0,3.68894,3.68894,3.71654,3.71654,0.0,23.2,1090.887,,52.393,,CHARGE,0.25,0,,SYNTHETIC,0
doe-007,0,506,2026-09-03T09:08:26Z,2026-09-03T09:08:27Z,2026-09-03T09:08:26Z,2026-09-03T09:08:27Z,site_b,SIM,synthetic_demo,B-WAN-1,UP,1000.0,76.3441,76.57,0.0,22.76,1.8988,0.081,0,UP,4.0,0.0,6,6,31,-62.9,17.056,6.266,0,0,0,32,0,38.0,0.0,0,0,,,,,,,,,,,,,,,,,,,,,0.0,0,,SYNTHETIC,0
doe-007,0,507,2026-09-03T09:08:27Z,2026-09-03T09:08:28Z,2026-09-03T09:08:27Z,2026-09-03T09:08:28Z,site_a,SIM,synthetic_demo,A-WAN-1,UP,1000.0,460.498,460.3,0.0,16.27,0.0333,0.091,0,UP,4.0,0.0,48,48,272,-61.0,19.509,6.033,13,8,0,31,0,349.0,0.0,0,0,MAINS,MAINS,1,0,47.43,92.0,47.9563,48.3151,-4.0,3.68895,3.68895,3.71655,3.71655,0.0,23.1,1098.347,,52.04,,CHARGE,0.25,0,,SYNTHETIC,0
doe-007,0,507,2026-09-03T09:08:27Z,2026-09-03T09:08:28Z,2026-09-03T09:08:27Z,2026-09-03T09:08:28Z,site_b,SIM,synthetic_demo,B-WAN-1,UP,1000.0,88.0883,88.13,0.0,21.11,0.3704,0.126,0,UP,4.0,0.0,6,6,71,-61.8,29.831,8.323,1,1,0,32,0,46.0,0.0,0,0,,,,,,,,,,,,,,,,,,,,,0.0,0,,SYNTHETIC,0
doe-007,0,508,2026-09-03T09:08:28Z,2026-09-03T09:08:29Z,2026-09-03T09:08:28Z,2026-09-03T09:08:29Z,site_a,SIM,synthetic_demo,A-WAN-1,UP,1000.0,427.963,428.47,0.0,20.45,4.2639,0.081,0,UP,4.0,0.0,48,48,186,-62.6,17.137,5.099,12,3,0,31,0,312.0,0.0,0,0,MAINS,MAINS,1,0,,92.0,47.9564,48.3152,-4.0,3.68896,3.68896,3.71656,3.71656,0.0,23.3,1092.33,,52.33,,CHARGE,0.25,0,,SYNTHETIC|GAP|MISSING_MAR,0
doe-007,0,508,2026-09-03T09:08:28Z,2026-09-03T09:08:29Z,2026-09-03T09:08:28Z,2026-09-03T09:08:29Z,site_b,SIM,synthetic_demo,B-WAN-1,UP,1000.0,86.9207,86.72,0.0,21.45,0.3055,0.088,0,UP,4.0,0.0,6,6,38,-62.8,23.465,6.503,0,1,0,32,0,59.0,0.0,0,0,,,,,,,,,,,,,,,,,,,,,0.0,0,,SYNTHETIC,0
doe-007,0,509,2026-09-03T09:08:29Z,2026-09-03T09:08:30Z,2026-09-03T09:08:29Z,2026-09-03T09:08:30Z,site_a,SIM,synthetic_demo,A-WAN-1,UP,1000.0,511.1365,,0.0,20.52,5.0277,0.094,0,UP,4.0,0.0,48,48,162,-61.6,16.721,4.877,12,3,0,31,0,350.0,0.0,0,0,MAINS,MAINS,1,0,47.37,92.0,47.9566,48.3154,-4.0,3.68897,3.68897,3.71657,3.71657,0.0,23.1,1093.422,,52.28,,CHARGE,0.25,0,,SYNTHETIC|GAP|MISSING_MAR,0
doe-007,0,509,2026-09-03T09:08:29Z,2026-09-03T09:08:30Z,2026-09-03T09:08:29Z,2026-09-03T09:08:30Z,site_b,SIM,synthetic_demo,B-WAN-1,UP,1000.0,128.9274,128.66,0.0,21.54,0.032,0.136,0,UP,4.0,0.0,6,6,35,-61.4,20.288,6.661,0,0,0,32,0,77.0,0.0,0,0,,,,,,,,,,,,,,,,,,,,,0.0,0,,SYNTHETIC,0
doe-007,0,510,2026-09-03T09:08:30Z,2026-09-03T09:08:31Z,2026-09-03T09:08:30Z,2026-09-03T09:08:31Z,site_a,SIM,synthetic_demo,A-WAN-1,UP,1000.0,493.0162,493.6,0.0,18.12,1.7921,0.099,0,UP,4.0,0.0,48,48,155,-63.4,16.945,5.038,13,2,0,31,0,310.0,0.0,0,0,MAINS,MAINS,1,0,47.47,92.0,47.9567,48.3155,-4.0,3.68898,3.68898,3.71658,3.71658,0.0,23.3,1100.375,,51.952,,CHARGE,0.25,0,,SYNTHETIC,0
doe-007,0,510,2026-09-03T09:08:30Z,2026-09-03T09:08:31Z,2026-09-03T09:08:30Z,2026-09-03T09:08:31Z,site_b,SIM,synthetic_demo,B-WAN-1,UP,1000.0,89.5126,88.75,0.0,21.23,0.4526,0.126,0,UP,4.0,0.0,6,6,60,-61.7,24.261,7.294,0,0,0,32,0,85.0,0.0,0,0,,,,,,,,,,,,,,,,,,,,,0.0,0,,SYNTHETIC,0
doe-007,0,511,2026-09-03T09:08:31Z,2026-09-03T09:08:32Z,2026-09-03T09:08:31Z,2026-09-03T09:08:32Z,site_a,SIM,synthetic_demo,A-WAN-1,UP,1000.0,521.3886,521.26,0.0,17.27,1.3118,0.097,0,UP,4.0,0.0,48,48,259,-62.1,18.642,5.763,13,2,0,31,0,223.0,0.0,0,0,MAINS,MAINS,1,0,47.49,92.0,47.9568,48.3156,-4.0,3.68899,3.68899,3.71659,3.71659,0.0,23.3,1085.488,,52.668,,CHARGE,0.25,0,,SYNTHETIC,0
doe-007,0,511,2026-09-03T09:08:31Z,2026-09-03T09:08:32Z,2026-09-03T09:08:31Z,2026-09-03T09:08:32Z,site_b,SIM,synthetic_demo,B-WAN-1,UP,1000.0,79.7434,79.44,0.0,21.56,0.7416,0.126,0,UP,4.0,0.0,6,6,31,-61.5,18.447,5.497,0,1,0,32,0,66.0,0.0,0,0,,,,,,,,,,,,,,,,,,,,,0.0,0,,SYNTHETIC,0
doe-007,0,512,2026-09-03T09:08:32Z,2026-09-03T09:08:33Z,2026-09-03T09:08:32Z,2026-09-03T09:08:33Z,site_a,SIM,synthetic_demo,A-WAN-1,UP,1000.0,414.2703,413.72,0.0,17.94,1.9711,0.136,0,UP,4.0,0.0,48,48,101,-61.4,14.97,4.422,13,2,0,31,0,268.0,0.0,0,0,MAINS,MAINS,1,0,47.42,92.0,47.9569,48.3157,-4.0,3.689,3.689,3.7166,3.7166,0.0,23.2,1094.15,,52.253,,CHARGE,0.25,0,,SYNTHETIC,0
doe-007,0,512,2026-09-03T09:08:32Z,2026-09-03T09:08:33Z,2026-09-03T09:08:32Z,2026-09-03T09:08:33Z,site_b,SIM,synthetic_demo,B-WAN-1,UP,1000.0,83.7688,83.36,0.0,23.16,2.501,0.103,0,UP,4.0,0.0,6,6,26,-61.4,17.833,4.887,0,0,0,32,0,42.0,0.0,0,0,,,,,,,,,,,,,,,,,,,,,0.0,0,,SYNTHETIC,0
doe-007,0,513,2026-09-03T09:08:33Z,2026-09-03T09:08:34Z,2026-09-03T09:08:33Z,2026-09-03T09:08:34Z,site_a,SIM,synthetic_demo,A-WAN-1,UP,1000.0,411.9202,411.9,0.0,17.46,0.7768,0.119,0,UP,4.0,0.0,48,48,416,-61.5,23.505,7.35,13,3,0,31,0,375.0,0.0,0,0,MAINS,MAINS,1,0,47.5,92.0,47.9571,48.3159,-4.0,3.68901,3.68901,3.71661,3.71661,0.0,23.1,1089.715,,52.469,,CHARGE,0.25,0,,SYNTHETIC,0
doe-007,0,513,2026-09-03T09:08:33Z,2026-09-03T09:08:34Z,2026-09-03T09:08:33Z,2026-09-03T09:08:34Z,site_b,SIM,synthetic_demo,B-WAN-1,UP,1000.0,108.1678,108.22,0.0,21.28,0.1283,0.059,0,UP,4.0,0.0,6,6,87,-62.5,32.786,9.879,0,0,0,32,0,60.0,0.0,0,0,,,,,,,,,,,,,,,,,,,,,0.0,0,,SYNTHETIC,0
doe-007,0,514,2026-09-03T09:08:34Z,2026-09-03T09:08:35Z,2026-09-03T09:08:34Z,2026-09-03T09:08:35Z,site_a,SIM,synthetic_demo,A-WAN-1,UP,1000.0,507.9333,507.61,0.0,20.68,3.9684,0.081,0,UP,4.0,0.0,48,48,200,-62.2,17.324,5.266,13,2,0,31,0,356.0,0.0,0,0,MAINS,MAINS,1,0,47.4,92.0,47.9572,48.316,-4.0,3.68902,3.68902,3.71662,3.71662,0.0,23.3,1087.861,,52.561,,CHARGE,0.25,0,,SYNTHETIC,0
doe-007,0,514,2026-09-03T09:08:34Z,2026-09-03T09:08:35Z,2026-09-03T09:08:34Z,2026-09-03T09:08:35Z,site_b,SIM,synthetic_demo,B-WAN-1,UP,1000.0,81.4381,81.23,0.0,21.81,0.6137,0.098,0,UP,4.0,0.0,6,6,26,-64.2,16.817,5.407,0,1,0,32,0,35.0,0.0,0,0,,,,,,,,,,,,,,,,,,,,,0.0,0,,SYNTHETIC,0
doe-007,0,515,2026-09-03T09:08:35Z,2026-09-03T09:08:36Z,2026-09-03T09:08:35Z,2026-09-03T09:08:36Z,site_a,SIM,synthetic_demo,A-WAN-1,UP,1000.0,477.3884,476.92,0.0,18.38,2.5776,0.098,0,UP,4.0,0.0,48,48,238,-61.8,18.677,5.584,12,2,0,31,0,410.0,0.0,0,0,MAINS,MAINS,1,0,47.48,92.0,47.9573,48.3161,-4.0,3.68903,3.68903,3.71663,3.71663,0.0,23.1,1082.487,,52.824,,CHARGE,0.25,0,,SYNTHETIC,0
doe-007,0,515,2026-09-03T09:08:35Z,2026-09-03T09:08:36Z,2026-09-03T09:08:35Z,2026-09-03T09:08:36Z,site_b,SIM,synthetic_demo,B-WAN-1,UP,1000.0,96.0847,95.77,0.0,22.41,1.2757,0.112,0,UP,4.0,0.0,6,6,37,-60.9,20.129,5.87,0,0,0,32,0,67.0,0.0,0,0,,,,,,,,,,,,,,,,,,,,,0.0,0,,SYNTHETIC,0
doe-007,0,516,2026-09-03T09:08:36Z,2026-09-03T09:08:37Z,2026-09-03T09:08:36Z,2026-09-03T09:08:37Z,site_a,SIM,synthetic_demo,A-WAN-1,UP,1000.0,436.1863,437.18,0.0,17.34,0.8686,0.098,0,UP,4.0,0.0,48,48,276,-62.5,19.211,6.209,12,5,0,31,0,278.0,0.0,0,0,MAINS,MAINS,1,0,47.41,92.0,47.9575,48.3163,-4.0,3.68904,3.68904,3.71664,3.71664,0.0,23.1,1105.512,,51.727,,CHARGE,0.25,0,,SYNTHETIC,0
doe-007,0,516,2026-09-03T09:08:36Z,2026-09-03T09:08:37Z,2026-09-03T09:08:36Z,2026-09-03T09:08:37Z,site_b,SIM,synthetic_demo,B-WAN-1,UP,1000.0,87.0254,86.86,0.0,21.78,0.5467,,0,UP,4.0,0.0,6,6,65,-61.7,26.79,9.219,0,1,0,32,0,63.0,0.0,0,0,,,,,,,,,,,,,,,,,,,,,0.0,0,,SYNTHETIC|GAP|MISSING_MCAR,0
doe-007,0,517,2026-09-03T09:08:37Z,2026-09-03T09:08:38Z,2026-09-03T09:08:37Z,2026-09-03T09:08:38Z,site_a,SIM,synthetic_demo,A-WAN-1,UP,1000.0,477.1842,477.03,0.0,17.46,1.0628,0.1,0,UP,4.0,0.0,48,48,232,-62.4,18.712,5.856,12,2,0,31,0,405.0,0.0,0,0,MAINS,MAINS,1,0,47.36,92.0,47.9576,48.3164,-4.0,3.68905,3.68905,3.71665,3.71665,0.0,23.2,1092.458,,52.348,,CHARGE,0.25,0,,SYNTHETIC,0
doe-007,0,517,2026-09-03T09:08:37Z,2026-09-03T09:08:38Z,2026-09-03T09:08:37Z,2026-09-03T09:08:38Z,site_b,SIM,synthetic_demo,B-WAN-1,UP,1000.0,143.8671,144.01,0.0,21.27,0.654,0.107,0,UP,4.0,0.0,6,6,50,-62.6,24.155,6.902,0,0,0,32,0,73.0,0.0,0,0,,,,,,,,,,,,,,,,,,,,,0.0,0,,SYNTHETIC,0
doe-007,0,518,2026-09-03T09:08:38Z,2026-09-03T09:08:39Z,2026-09-03T09:08:38Z,2026-09-03T09:08:39Z,site_a,SIM,synthetic_demo,A-WAN-1,UP,1000.0,495.8739,496.41,0.0,15.93,0.1428,0.111,0,UP,4.0,0.0,48,48,105,-61.0,15.238,4.134,12,1,0,31,0,386.0,0.0,0,0,MAINS,MAINS,1,0,47.4,92.0,47.9577,48.3165,-4.0,3.68906,3.68906,3.71666,3.71666,0.0,23.3,1093.366,,52.307,,CHARGE,0.25,0,,SYNTHETIC,0
doe-007,0,518,2026-09-03T09:08:38Z,2026-09-03T09:08:39Z,2026-09-03T09:08:38Z,2026-09-03T09:08:39Z,site_b,SIM,synthetic_demo,B-WAN-1,UP,1000.0,86.2454,85.6,0.0,23.86,2.3434,0.098,0,UP,4.0,0.0,6,6,46,-62.9,21.619,7.1,0,0,0,32,0,39.0,0.0,0,0,,,,,,,,,,,,,,,,,,,,,0.0,0,,SYNTHETIC,0
doe-007,0,519,2026-09-03T09:08:39Z,2026-09-03T09:08:40Z,2026-09-03T09:08:39Z,2026-09-03T09:08:40Z,site_a,SIM,synthetic_demo,A-WAN-1,UP,1000.0,482.6603,482.48,0.0,15.99,0.388,0.102,0,UP,4.0,0.0,48,48,271,-61.9,19.731,5.944,12,5,0,31,0,240.0,0.0,0,0,MAINS,MAINS,1,0,47.47,92.0,47.9578,48.3166,-4.0,3.68907,3.68907,3.71667,3.71667,0.0,23.1,1070.066,,53.449,,CHARGE,0.25,0,,SYNTHETIC,0
doe-007,0,519,2026-09-03T09:08:39Z,2026-09-03T09:08:40Z,2026-09-03T09:08:39Z,2026-09-03T09:08:40Z,site_b,SIM,synthetic_demo,B-WAN-1,UP,1000.0,84.7495,85.92,0.0,21.8,0.9801,0.104,0,UP,4.0,0.0,6,6,35,-58.6,18.37,5.913,0,1,0,32,0,59.0,0.0,0,0,,,,,,,,,,,,,,,,,,,,,0.0,0,,SYNTHETIC,0
doe-007,0,520,2026-09-03T09:08:40Z,2026-09-03T09:08:41Z,2026-09-03T09:08:40Z,2026-09-03T09:08:41Z,site_a,SIM,synthetic_demo,A-WAN-1,UP,1000.0,455.9479,456.3,0.0,19.29,4.1551,0.109,0,UP,4.0,0.0,48,48,132,-61.4,16.144,4.836,0,1,0,31,0,349.0,0.0,0,0,MAINS,MAINS,1,0,47.44,92.0,47.958,48.3168,-4.0,3.68907,3.68907,3.71667,3.71667,0.0,23.3,1100.68,,51.965,,CHARGE,0.0,0,,SYNTHETIC,0
doe-007,0,520,2026-09-03T09:08:40Z,2026-09-03T09:08:41Z,2026-09-03T09:08:40Z,2026-09-03T09:08:41Z,site_b,SIM,synthetic_demo,B-WAN-1,UP,1000.0,96.7354,97.1,0.0,24.84,3.5554,0.104,0,UP,4.0,0.0,6,6,40,-58.7,22.901,5.972,0,0,0,32,0,44.0,0.0,0,0,,,,,,,,,,,,,,,,,,,,,0.0,0,,SYNTHETIC,0
doe-007,0,521,2026-09-03T09:08:41Z,2026-09-03T09:08:42Z,2026-09-03T09:08:41Z,2026-09-03T09:08:42Z,site_a,SIM,synthetic_demo,A-WAN-1,UP,1000.0,441.228,440.33,0.0,15.63,0.2018,0.101,0,UP,4.0,0.0,48,48,200,-63.3,18.03,5.266,0,4,0,31,0,316.0,0.0,0,0,MAINS,MAINS,1,0,47.47,92.0,47.9581,48.3169,-4.0,3.68908,3.68908,3.71668,3.71668,0.0,23.2,1098.193,,52.085,,CHARGE,0.0,0,,SYNTHETIC,0
doe-007,0,521,2026-09-03T09:08:41Z,2026-09-03T09:08:42Z,2026-09-03T09:08:41Z,2026-09-03T09:08:42Z,site_b,SIM,synthetic_demo,B-WAN-1,UP,1000.0,87.4434,87.67,0.0,20.91,0.2726,0.087,0,UP,4.0,0.0,6,6,63,-62.7,25.262,8.617,0,1,0,32,0,69.0,0.0,0,0,,,,,,,,,,,,,,,,,,,,,0.0,0,,SYNTHETIC,0
doe-007,0,522,2026-09-03T09:08:42Z,2026-09-03T09:08:43Z,2026-09-03T09:08:42Z,2026-09-03T09:08:43Z,site_a,SIM,synthetic_demo,A-WAN-1,UP,1000.0,445.3203,445.08,0.0,21.95,5.8744,0.056,0,UP,4.0,0.0,48,48,153,-61.4,16.069,4.799,2,5,0,31,0,404.0,0.0,0,0,MAINS,MAINS,1,0,47.35,92.0,47.9582,48.317,-4.0,3.68909,3.68909,3.71669,3.71669,0.0,23.3,1084.722,,52.734,,CHARGE,0.0,0,,SYNTHETIC,0
doe-007,0,522,2026-09-03T09:08:42Z,2026-09-03T09:08:43Z,2026-09-03T09:08:42Z,2026-09-03T09:08:43Z,site_b,SIM,synthetic_demo,B-WAN-1,UP,1000.0,87.7461,88.36,0.0,23.91,3.3781,0.129,0,UP,4.0,0.0,6,6,48,-61.4,22.02,6.73,0,0,0,32,0,49.0,0.0,0,0,,,,,,,,,,,,,,,,,,,,,0.0,0,,SYNTHETIC,0
doe-007,0,523,2026-09-03T09:08:43Z,2026-09-03T09:08:44Z,2026-09-03T09:08:43Z,2026-09-03T09:08:44Z,site_a,SIM,synthetic_demo,A-WAN-1,UP,1000.0,418.6753,418.37,0.0,16.62,1.1526,0.07,0,UP,4.0,0.0,48,48,192,-62.0,17.6,5.045,0,6,0,31,0,270.0,0.0,0,0,MAINS,MAINS,1,0,47.52,92.0,47.9584,48.3172,-4.0,3.6891,3.6891,3.7167,3.7167,0.0,23.2,1079.607,,52.987,,CHARGE,0.0,0,,SYNTHETIC,0
doe-007,0,523,2026-09-03T09:08:43Z,2026-09-03T09:08:44Z,2026-09-03T09:08:43Z,2026-09-03T09:08:44Z,site_b,SIM,synthetic_demo,B-WAN-1,UP,1000.0,89.1877,89.13,0.0,22.34,0.615,0.104,0,UP,4.0,0.0,6,6,75,-60.5,29.387,9.368,0,1,0,32,0,67.0,0.0,0,0,,,,,,,,,,,,,,,,,,,,,0.0,0,,SYNTHETIC,0
doe-007,0,524,2026-09-03T09:08:44Z,2026-09-03T09:08:45Z,2026-09-03T09:08:44Z,2026-09-03T09:08:45Z,site_a,SIM,synthetic_demo,A-WAN-1,UP,1000.0,514.1121,513.88,0.0,18.93,2.8128,0.075,0,UP,4.0,0.0,48,48,354,-61.8,21.86,6.777,0,2,0,31,0,253.0,0.0,0,0,MAINS,MAINS,1,0,47.45,92.0,47.9585,48.3173,-4.0,3.68911,3.68911,3.71671,3.71671,0.0,23.2,1086.548,,52.651,,CHARGE,0.0,0,,SYNTHETIC,0
doe-007,0,524,2026-09-03T09:08:44Z,2026-09-03T09:08:45Z,2026-09-03T09:08:44Z,2026-09-03T09:08:45Z,site_b,SIM,synthetic_demo,B-WAN-1,UP,1000.0,88.6119,87.94,0.0,22.51,2.4618,0.104,0,UP,4.0,0.0,6,6,25,-60.3,18.369,4.802,0,0,0,32,0,55.0,0.0,0,0,,,,,,,,,,,,,,,,,,,,,0.0,0,,SYNTHETIC,0
doe-007,0,525,2026-09-03T09:08:45Z,2026-09-03T09:08:46Z,2026-09-03T09:08:45Z,2026-09-03T09:08:46Z,site_a,SIM,synthetic_demo,A-WAN-1,UP,1000.0,500.6086,499.83,0.0,15.75,0.0003,0.097,0,UP,4.0,0.0,48,48,218,-62.9,17.636,5.537,2,1,0,31,0,239.0,0.0,0,0,MAINS,MAINS,1,0,47.45,92.0,47.9586,48.3174,-4.0,3.68912,3.68912,3.71672,3.71672,0.0,23.1,1091.01,,52.439,,CHARGE,0.0,0,,SYNTHETIC,0
doe-007,0,525,2026-09-03T09:08:45Z,2026-09-03T09:08:46Z,2026-09-03T09:08:45Z,2026-09-03T09:08:46Z,site_b,SIM,synthetic_demo,B-WAN-1,UP,1000.0,85.6614,86.37,0.0,22.88,1.5094,0.11,0,UP,4.0,0.0,6,6,38,-62.1,20.891,5.86,0,0,0,32,0,47.0,0.0,0,0,,,,,,,,,,,,,,,,,,,,,0.0,0,,SYNTHETIC,0
doe-007,0,526,2026-09-03T09:08:46Z,2026-09-03T09:08:47Z,2026-09-03T09:08:46Z,2026-09-03T09:08:47Z,site_a,SIM,synthetic_demo,A-WAN-1,UP,1000.0,451.1947,451.15,0.0,17.72,1.8245,0.081,0,UP,4.0,0.0,48,48,195,-62.5,18.292,5.287,0,3,0,31,0,262.0,0.0,0,0,MAINS,MAINS,1,0,47.48,92.0,47.9587,48.3175,-4.0,3.68913,3.68913,3.71673,3.71673,0.0,23.2,1085.153,,52.724,,CHARGE,0.0,0,,SYNTHETIC,0
doe-007,0,526,2026-09-03T09:08:46Z,2026-09-03T09:08:47Z,2026-09-03T09:08:46Z,2026-09-03T09:08:47Z,site_b,SIM,synthetic_demo,B-WAN-1,UP,1000.0,97.4883,96.36,0.0,25.15,4.2428,0.081,0,UP,4.0,0.0,6,6,44,-62.1,21.356,6.674,0,1,0,32,0,52.0,0.0,0,0,,,,,,,,,,,,,,,,,,,,,0.0,0,,SYNTHETIC,0
doe-007,0,527,2026-09-03T09:08:47Z,2026-09-03T09:08:48Z,2026-09-03T09:08:47Z,2026-09-03T09:08:48Z,site_a,SIM,synthetic_demo,A-WAN-1,UP,1000.0,481.5847,482.35,0.0,16.99,0.9932,0.077,0,UP,4.0,0.0,48,48,110,-61.3,15.101,4.366,1,3,0,31,0,354.0,0.0,0,0,MAINS,MAINS,1,0,47.41,92.0,47.9589,48.3177,-4.0,3.68914,3.68914,3.71674,3.71674,0.0,23.2,1079.541,,53.001,,CHARGE,0.0,0,,SYNTHETIC,0
doe-007,0,527,2026-09-03T09:08:47Z,2026-09-03T09:08:48Z,2026-09-03T09:08:47Z,2026-09-03T09:08:48Z,site_b,SIM,synthetic_demo,B-WAN-1,UP,1000.0,79.2939,80.13,0.0,21.84,1.5305,0.102,0,UP,4.0,0.0,6,6,55,-60.3,24.357,7.0,0,0,0,32,0,51.0,0.0,0,0,,,,,,,,,,,,,,,,,,,,,0.0,0,,SYNTHETIC,0
doe-007,0,528,2026-09-03T09:08:48Z,2026-09-03T09:08:49Z,2026-09-03T09:08:48Z,2026-09-03T09:08:49Z,site_a,SIM,synthetic_demo,A-WAN-1,UP,1000.0,454.6139,,0.0,17.53,1.5463,0.083,0,UP,4.0,0.0,48,48,226,-61.6,18.517,5.434,1,4,0,31,0,333.0,0.0,0,0,MAINS,MAINS,1,0,47.47,92.0,47.959,48.3178,-4.0,3.68915,3.68915,3.71675,3.71675,0.0,23.2,1083.315,,52.819,,CHARGE,0.0,0,,SYNTHETIC|GAP|MISSING_MAR,0
doe-007,0,528,2026-09-03T09:08:48Z,2026-09-03T09:08:49Z,2026-09-03T09:08:48Z,2026-09-03T09:08:49Z,site_b,SIM,synthetic_demo,B-WAN-1,UP,1000.0,77.8374,76.14,0.0,24.02,2.7703,0.101,0,UP,4.0,0.0,6,6,64,-62.4,27.871,7.115,0,0,0,32,0,50.0,0.0,0,0,,,,,,,,,,,,,,,,,,,,,0.0,0,,SYNTHETIC,0
doe-007,0,529,2026-09-03T09:08:49Z,2026-09-03T09:08:50Z,2026-09-03T09:08:49Z,2026-09-03T09:08:50Z,site_a,SIM,synthetic_demo,A-WAN-1,UP,1000.0,455.4364,455.09,0.0,19.55,3.0042,0.069,0,UP,4.0,0.0,48,48,221,-62.0,18.042,5.588,0,3,0,31,0,390.0,0.0,0,0,MAINS,MAINS,1,0,47.49,92.0,47.9591,48.3179,-4.0,3.68916,3.68916,3.71676,3.71676,0.0,23.2,1085.295,,52.726,,CHARGE,0.0,0,,SYNTHETIC,0
doe-007,0,529,2026-09-03T09:08:49Z,2026-09-03T09:08:50Z,2026-09-03T09:08:49Z,2026-09-03T09:08:50Z,site_b,SIM,synthetic_demo,B-WAN-1,UP,1000.0,79.6257,81.18,0.0,22.19,0.7552,0.113,0,UP,4.0,0.0,6,6,49,-60.9,22.985,6.89,0,1,0,32,0,57.0,0.0,0,0,,,,,,,,,,,,,,,,,,,,,0.0,0,,SYNTHETIC,0
doe-007,0,530,2026-09-03T09:08:50Z,2026-09-03T09:08:51Z,2026-09-03T09:08:50Z,2026-09-03T09:08:51Z,site_a,SIM,synthetic_demo,A-WAN-1,UP,1000.0,477.3375,477.93,0.0,16.21,0.1742,0.091,0,UP,4.0,0.0,48,48,152,-62.8,16.459,4.994,0,2,0,31,0,427.0,0.0,0,0,MAINS,MAINS,1,0,47.5,92.0,47.9593,48.3181,-4.0,3.68917,3.68917,3.71677,3.71677,0.0,23.2,1095.747,,52.225,,CHARGE,0.0,0,,SYNTHETIC,0
doe-007,0,530,2026-09-03T09:08:50Z,2026-09-03T09:08:51Z,2026-09-03T09:08:50Z,2026-09-03T09:08:51Z,site_b,SIM,synthetic_demo,B-WAN-1,UP,1000.0,90.5302,90.58,0.0,22.24,0.9124,0.095,0,UP,4.0,0.0,6,6,37,-60.6,20.662,6.536,0,0,0,32,0,62.0,0.0,0,1,,,,,,,,,,,,,,,,,,,,,0.25,0,,SYNTHETIC,0
doe-007,0,531,2026-09-03T09:08:51Z,2026-09-03T09:08:52Z,2026-09-03T09:08:51Z,2026-09-03T09:08:52Z,site_a,SIM,synthetic_demo,A-WAN-1,UP,1000.0,454.6397,455.23,0.0,16.84,0.9198,0.079,0,UP,4.0,0.0,48,48,191,-62.3,16.492,5.177,1,0,0,31,0,384.0,0.0,0,0,MAINS,MAINS,1,0,47.51,92.0,47.9594,48.3182,-4.0,3.68918,3.68918,3.71678,3.71678,0.0,23.2,1101.176,,51.97,,CHARGE,0.0,0,,SYNTHETIC,0
doe-007,0,531,2026-09-03T09:08:51Z,2026-09-03T09:08:52Z,2026-09-03T09:08:51Z,2026-09-03T09:08:52Z,site_b,SIM,synthetic_demo,B-WAN-1,UP,1000.0,85.9845,84.37,0.0,20.9,0.1269,0.076,0,UP,4.0,0.0,6,6,73,-60.5,28.597,9.137,0,0,0,32,0,48.0,0.0,0,0,,,,,,,,,,,,,,,,,,,,,0.0,0,,SYNTHETIC,0
doe-007,0,532,2026-09-03T09:08:52Z,2026-09-03T09:08:53Z,2026-09-03T09:08:52Z,2026-09-03T09:08:53Z,site_a,SIM,synthetic_demo,A-WAN-1,UP,1000.0,474.5307,474.99,0.0,17.58,1.2012,0.057,0,UP,4.0,0.0,48,48,222,-61.1,17.982,5.157,3,4,0,31,0,180.0,0.0,0,0,MAINS,MAINS,1,0,47.48,92.0,47.9595,48.3183,-4.0,3.68919,3.68919,3.71679,3.71679,0.0,23.2,1092.398,,52.391,,CHARGE,0.0,0,,SYNTHETIC,0
doe-007,0,532,2026-09-03T09:08:52Z,2026-09-03T09:08:53Z,2026-09-03T09:08:52Z,2026-09-03T09:08:53Z,site_b,SIM,synthetic_demo,B-WAN-1,UP,1000.0,79.7917,80.14,0.0,21.34,0.0712,0.123,0,UP,4.0,0.0,6,6,24,-64.3,17.131,5.275,0,0,0,32,0,50.0,0.0,0,0,,,,,,,,,,,,,,,,,,,,,0.0,0,,SYNTHETIC,0
doe-007,0,533,2026-09-03T09:08:53Z,2026-09-03T09:08:54Z,2026-09-03T09:08:53Z,2026-09-03T09:08:54Z,site_a,SIM,synthetic_demo,A-WAN-1,UP,1000.0,449.2867,449.45,0.0,18.83,2.9107,0.064,0,UP,4.0,0.0,48,48,161,-62.4,17.279,4.945,2,2,0,31,0,424.0,0.0,0,0,MAINS,MAINS,1,0,47.39,92.0,47.9596,48.3184,-4.0,3.6892,3.6892,3.7168,3.7168,0.0,23.2,1107.602,,51.674,,CHARGE,0.0,0,,SYNTHETIC,0
doe-007,0,533,2026-09-03T09:08:53Z,2026-09-03T09:08:54Z,2026-09-03T09:08:53Z,2026-09-03T09:08:54Z,site_b,SIM,synthetic_demo,B-WAN-1,UP,1000.0,131.1291,130.74,0.0,23.15,1.8406,0.126,0,UP,4.0,0.0,6,6,32,-62.0,20.039,5.681,1,1,0,32,0,60.0,0.0,0,0,,,,,,,,,,,,,,,,,,,,,0.0,0,,SYNTHETIC,0
doe-007,0,534,2026-09-03T09:08:54Z,2026-09-03T09:08:55Z,2026-09-03T09:08:54Z,2026-09-03T09:08:55Z,site_a,SIM,synthetic_demo,A-WAN-1,UP,1000.0,454.6626,453.97,0.0,17.49,1.0868,0.086,0,UP,4.0,0.0,48,48,157,-61.3,16.264,5.092,0,1,0,31,0,483.0,0.0,0,0,MAINS,MAINS,1,0,47.52,92.0,47.9598,48.3186,-4.0,3.68921,3.68921,3.71681,3.71681,0.0,23.2,1067.352,,53.626,,CHARGE,0.0,0,,SYNTHETIC,0
doe-007,0,534,2026-09-03T09:08:54Z,2026-09-03T09:08:55Z,2026-09-03T09:08:54Z,2026-09-03T09:08:55Z,site_b,SIM,synthetic_demo,B-WAN-1,UP,1000.0,105.9692,105.55,0.0,21.42,0.2723,0.106,0,UP,4.0,0.0,6,6,26,-63.9,17.554,5.514,0,1,0,32,0,39.0,0.0,0,0,,,,,,,,,,,,,,,,,,,,,0.0,0,,SYNTHETIC,0
doe-007,0,535,2026-09-03T09:08:55Z,2026-09-03T09:08:56Z,2026-09-03T09:08:55Z,2026-09-03T09:08:56Z,site_a,SIM,synthetic_demo,A-WAN-1,UP,1000.0,471.9138,471.46,0.0,20.06,4.5898,0.105,0,UP,4.0,0.0,48,48,169,-62.5,16.289,5.234,2,1,0,31,0,430.0,0.0,0,0,MAINS,MAINS,1,0,47.59,92.0,47.9599,48.3187,-4.0,3.68922,3.68922,3.71682,3.71682,0.0,23.3,1080.618,,52.97,,CHARGE,0.0,0,,SYNTHETIC,0
doe-007,0,535,2026-09-03T09:08:55Z,2026-09-03T09:08:56Z,2026-09-03T09:08:55Z,2026-09-03T09:08:56Z,site_b,SIM,synthetic_demo,B-WAN-1,UP,1000.0,75.4503,76.09,0.0,21.71,0.6423,0.119,0,UP,4.0,0.0,6,6,27,-62.2,17.467,5.531,0,0,0,32,0,41.0,0.0,0,0,,,,,,,,,,,,,,,,,,,,,0.0,0,,SYNTHETIC,0
doe-007,0,536,2026-09-03T09:08:56Z,2026-09-03T09:08:57Z,2026-09-03T09:08:56Z,2026-09-03T09:08:57Z,site_a,SIM,synthetic_demo,A-WAN-1,UP,1000.0,468.2839,468.62,0.0,18.95,2.7748,0.081,0,UP,4.0,0.0,48,48,199,-61.7,18.612,5.195,1,1,0,31,0,435.0,0.0,0,0,MAINS,MAINS,1,0,47.39,92.0,47.96,48.3188,-4.0,3.68923,3.68923,3.71683,3.71683,0.0,23.3,1092.673,,52.388,,CHARGE,0.0,0,,SYNTHETIC,0
doe-007,0,536,2026-09-03T09:08:56Z,2026-09-03T09:08:57Z,2026-09-03T09:08:56Z,2026-09-03T09:08:57Z,site_b,SIM,synthetic_demo,B-WAN-1,UP,1000.0,77.3835,78.71,0.0,21.53,0.9616,0.116,0,UP,4.0,0.0,6,6,71,-62.8,28.479,8.343,0,0,0,32,0,53.0,0.0,0,0,,,,,,,,,,,,,,,,,,,,,0.0,0,,SYNTHETIC,0
doe-007,0,537,2026-09-03T09:08:57Z,2026-09-03T09:08:58Z,2026-09-03T09:08:57Z,2026-09-03T09:08:58Z,site_a,SIM,synthetic_demo,A-WAN-1,UP,1000.0,495.8462,496.35,0.0,19.39,2.9944,,0,UP,4.0,0.0,48,48,250,-62.3,19.099,5.639,0,2,0,31,0,316.0,0.0,0,0,MAINS,MAINS,1,0,47.46,92.0,47.9602,48.319,-4.0,3.68924,3.68924,3.71684,3.71684,0.0,23.3,1111.474,,51.505,,CHARGE,0.0,0,,SYNTHETIC|GAP|MISSING_MCAR,0
doe-007,0,537,2026-09-03T09:08:57Z,2026-09-03T09:08:58Z,2026-09-03T09:08:57Z,2026-09-03T09:08:58Z,site_b,SIM,synthetic_demo,B-WAN-1,UP,1000.0,101.8692,102.02,0.0,21.53,0.6694,0.142,0,UP,4.0,0.0,6,6,73,-61.6,27.592,8.711,0,0,0,32,0,62.0,0.0,0,0,,,,,,,,,,,,,,,,,,,,,0.0,0,,SYNTHETIC,0
doe-007,0,538,2026-09-03T09:08:58Z,2026-09-03T09:08:59Z,2026-09-03T09:08:58Z,2026-09-03T09:08:59Z,site_a,SIM,synthetic_demo,A-WAN-1,UP,1000.0,453.5816,453.5,0.0,15.55,0.0319,0.082,0,UP,4.0,0.0,48,48,181,-63.0,16.558,5.238,0,3,0,31,0,368.0,0.0,0,0,MAINS,MAINS,1,0,47.46,92.0,47.9603,48.3191,-4.0,3.68925,3.68925,3.71685,3.71685,0.0,23.2,1093.289,,52.364,,CHARGE,0.0,0,,SYNTHETIC,0
doe-007,0,538,2026-09-03T09:08:58Z,2026-09-03T09:08:59Z,2026-09-03T09:08:58Z,2026-09-03T09:08:59Z,site_b,SIM,synthetic_demo,B-WAN-1,UP,1000.0,68.473,67.75,0.0,21.61,0.9619,0.134,0,UP,4.0,0.0,6,6,46,-60.7,22.186,6.473,0,0,0,32,0,44.0,0.0,0,0,,,,,,,,,,,,,,,,,,,,,0.0,0,,SYNTHETIC,0
doe-007,0,539,2026-09-03T09:08:59Z,2026-09-03T09:09:00Z,2026-09-03T09:08:59Z,2026-09-03T09:09:00Z,site_a,SIM,synthetic_demo,A-WAN-1,UP,1000.0,519.5794,520.71,0.0,17.14,1.0936,0.079,0,UP,4.0,0.0,48,48,181,-61.7,16.997,5.097,0,1,0,31,0,243.0,0.0,0,0,MAINS,MAINS,1,0,47.45,92.0,47.9604,48.3192,-4.0,3.68926,3.68926,3.71686,3.71686,0.0,23.2,1076.561,,53.181,,CHARGE,0.0,0,,SYNTHETIC,0
doe-007,0,539,2026-09-03T09:08:59Z,2026-09-03T09:09:00Z,2026-09-03T09:08:59Z,2026-09-03T09:09:00Z,site_b,SIM,synthetic_demo,B-WAN-1,UP,1000.0,73.1949,72.53,0.0,23.12,2.2907,0.109,0,UP,4.0,0.0,6,6,44,-63.7,21.751,6.412,1,0,0,32,0,91.0,0.0,0,0,,,,,,,,,,,,,,,,,,,,,0.0,0,,SYNTHETIC,0
doe-007,0,540,2026-09-03T09:09:00Z,2026-09-03T09:09:01Z,2026-09-03T09:09:00Z,2026-09-03T09:09:01Z,site_a,SIM,synthetic_demo,A-WAN-1,UP,1000.0,451.6043,452.13,0.0,15.7,0.0233,0.077,0,UP,4.0,0.0,48,48,168,-62.0,16.339,5.079,1,2,0,31,0,326.0,0.0,0,0,MAINS,MAINS,1,0,47.43,92.0,47.9605,48.3193,-4.0,3.68927,3.68927,3.71687,3.71687,0.0,23.3,1075.448,,53.238,,CHARGE,0.0,0,,SYNTHETIC,0
doe-007,0,540,2026-09-03T09:09:00Z,2026-09-03T09:09:01Z,2026-09-03T09:09:00Z,2026-09-03T09:09:01Z,site_b,SIM,synthetic_demo,B-WAN-1,UP,1000.0,74.0513,74.11,0.0,25.18,4.0797,0.096,0,UP,4.0,0.0,6,6,42,-64.1,19.389,7.19,0,0,0,32,0,59.0,0.0,0,0,,,,,,,,,,,,,,,,,,,,,0.0,0,,SYNTHETIC,0
doe-007,0,541,2026-09-03T09:09:01Z,2026-09-03T09:09:02Z,2026-09-03T09:09:01Z,2026-09-03T09:09:02Z,site_a,SIM,synthetic_demo,A-WAN-1,UP,1000.0,463.8839,462.97,0.0,17.18,0.7239,0.077,0,UP,4.0,0.0,48,48,403,-62.9,23.574,7.332,0,4,0,31,0,287.0,0.0,0,0,MAINS,MAINS,1,0,47.52,92.0,47.9607,48.3195,-4.0,3.68928,3.68928,3.71688,3.71688,0.0,23.2,1098.459,,52.126,,CHARGE,0.0,0,,SYNTHETIC,0
doe-007,0,541,2026-09-03T09:09:01Z,2026-09-03T09:09:02Z,2026-09-03T09:09:01Z,2026-09-03T09:09:02Z,site_b,SIM,synthetic_demo,B-WAN-1,UP,1000.0,68.2937,68.73,0.0,23.37,2.3669,0.14,0,UP,4.0,0.0,6,6,34,-63.5,18.166,6.079,0,1,0,32,0,59.0,0.0,0,0,,,,,,,,,,,,,,,,,,,,,0.0,0,,SYNTHETIC,0
doe-007,0,542,2026-09-03T09:09:02Z,2026-09-03T09:09:03Z,2026-09-03T09:09:02Z,2026-09-03T09:09:03Z,site_a,SIM,synthetic_demo,A-WAN-1,UP,1000.0,434.8161,434.02,0.0,18.55,2.8583,0.111,0,UP,4.0,0.0,48,48,177,-62.0,17.44,5.179,1,4,0,31,0,358.0,0.0,0,0,MAINS,MAINS,1,0,47.5,92.0,47.9608,48.3196,-4.0,3.68929,3.68929,3.71689,3.71689,0.0,23.2,1081.161,,52.962,,CHARGE,0.0,0,,SYNTHETIC,0
doe-007,0,542,2026-09-03T09:09:02Z,2026-09-03T09:09:03Z,2026-09-03T09:09:02Z,2026-09-03T09:09:03Z,site_b,SIM,synthetic_demo,B-WAN-1,UP,1000.0,67.429,68.08,0.0,22.63,2.0333,0.117,0,UP,4.0,0.0,6,6,42,-61.8,19.519,6.601,0,0,0,32,0,38.0,0.0,0,0,,,,,,,,,,,,,,,,,,,,,0.0,0,,SYNTHETIC,0
doe-007,0,543,2026-09-03T09:09:03Z,2026-09-03T09:09:04Z,2026-09-03T09:09:03Z,2026-09-03T09:09:04Z,site_a,SIM,synthetic_demo,A-WAN-1,UP,1000.0,436.0718,435.68,0.0,16.59,0.9487,0.064,0,UP,4.0,0.0,48,48,224,-61.7,18.631,5.663,0,3,0,31,0,370.0,0.0,0,0,MAINS,MAINS,1,0,47.48,92.0,47.9609,48.3197,-4.0,3.6893,3.6893,3.7169,3.7169,0.0,23.2,1084.583,,52.798,,CHARGE,0.0,0,,SYNTHETIC,0
doe-007,0,543,2026-09-03T09:09:03Z,2026-09-03T09:09:04Z,2026-09-03T09:09:03Z,2026-09-03T09:09:04Z,site_b,SIM,synthetic_demo,B-WAN-1,UP,1000.0,64.0593,65.11,0.0,23.57,2.7497,0.113,0,UP,4.0,0.0,6,6,61,-63.5,26.142,9.18,0,1,0,32,0,65.0,0.0,0,0,,,,,,,,,,,,,,,,,,,,,0.0,0,,SYNTHETIC,0
doe-007,0,544,2026-09-03T09:09:04Z,2026-09-03T09:09:05Z,2026-09-03T09:09:04Z,2026-09-03T09:09:05Z,site_a,SIM,synthetic_demo,A-WAN-1,UP,1000.0,441.3385,440.92,0.0,19.3,3.5893,0.086,0,UP,4.0,0.0,48,48,217,,18.21,5.257,0,3,0,31,0,396.0,0.0,0,0,MAINS,MAINS,1,0,47.54,92.0,47.9611,48.3199,-4.0,3.68931,3.68931,3.71691,3.71691,0.0,23.3,1085.96,,52.734,,CHARGE,0.0,0,,SYNTHETIC|GAP|MISSING_MAR,0
doe-007,0,544,2026-09-03T09:09:04Z,2026-09-03T09:09:05Z,2026-09-03T09:09:04Z,2026-09-03T09:09:05Z,site_b,SIM,synthetic_demo,B-WAN-1,UP,1000.0,79.4201,79.1,0.0,22.69,1.8105,0.076,0,UP,4.0,0.0,6,6,14,-60.8,15.948,4.493,0,0,0,32,0,62.0,0.0,0,0,,,,,,,,,,,,,,,,,,,,,0.0,0,,SYNTHETIC,0
doe-007,0,545,2026-09-03T09:09:05Z,2026-09-03T09:09:06Z,2026-09-03T09:09:05Z,2026-09-03T09:09:06Z,site_a,SIM,synthetic_demo,A-WAN-1,UP,1000.0,445.8408,445.44,0.0,17.58,1.8701,0.083,0,UP,4.0,0.0,48,48,126,-61.5,15.779,4.698,0,2,0,31,0,507.0,0.0,0,0,MAINS,MAINS,1,0,47.55,92.0,47.9612,48.32,-4.0,3.68932,3.68932,3.71692,3.71692,0.0,23.3,1071.394,,53.453,,CHARGE,0.0,0,,SYNTHETIC,0
doe-007,0,545,2026-09-03T09:09:05Z,2026-09-03T09:09:06Z,2026-09-03T09:09:05Z,2026-09-03T09:09:06Z,site_b,SIM,synthetic_demo,B-WAN-1,UP,1000.0,73.3009,73.38,0.0,23.71,2.6725,0.094,0,UP,4.0,0.0,6,6,36,-61.2,19.421,5.785,0,0,0,32,0,45.0,0.0,0,0,,,,,,,,,,,,,,,,,,,,,0.0,0,,SYNTHETIC,0
doe-007,0,546,2026-09-03T09:09:06Z,2026-09-03T09:09:07Z,2026-09-03T09:09:06Z,2026-09-03T09:09:07Z,site_a,SIM,synthetic_demo,A-WAN-1,UP,1000.0,498.5951,498.0,0.0,17.25,0.6469,0.089,0,UP,4.0,0.0,48,48,91,-62.2,14.439,4.293,1,2,0,31,0,313.0,0.0,0,0,MAINS,MAINS,1,0,47.53,92.0,47.9613,48.3201,-4.0,3.68933,3.68933,3.71693,3.71693,0.0,23.2,1091.96,,52.449,,CHARGE,0.0,0,,SYNTHETIC,0
doe-007,0,546,2026-09-03T09:09:06Z,2026-09-03T09:09:07Z,2026-09-03T09:09:06Z,2026-09-03T09:09:07Z,site_b,SIM,synthetic_demo,B-WAN-1,UP,1000.0,66.0852,65.53,0.0,21.96,0.7557,0.117,0,UP,4.0,0.0,6,6,62,-60.7,26.212,7.135,1,1,0,32,0,79.0,0.0,0,0,,,,,,,,,,,,,,,,,,,,,0.0,0,,SYNTHETIC,0
doe-007,0,547,2026-09-03T09:09:07Z,2026-09-03T09:09:08Z,2026-09-03T09:09:07Z,2026-09-03T09:09:08Z,site_a,SIM,synthetic_demo,A-WAN-1,UP,1000.0,472.1868,471.32,0.0,16.45,0.3779,0.087,0,UP,4.0,0.0,48,48,194,-62.5,17.46,5.038,3,4,0,31,0,352.0,0.0,0,0,MAINS,MAINS,1,0,47.54,92.0,47.9614,48.3202,-4.0,3.68934,3.68934,3.71694,3.71694,0.0,23.3,1080.761,,52.996,,CHARGE,0.0,0,,SYNTHETIC,0
doe-007,0,547,2026-09-03T09:09:07Z,2026-09-03T09:09:08Z,2026-09-03T09:09:07Z,2026-09-03T09:09:08Z,site_b,SIM,synthetic_demo,B-WAN-1,UP,1000.0,66.934,66.36,0.0,22.55,2.1015,0.144,0,UP,4.0,0.0,6,6,36,-61.9,21.784,6.391,0,0,0,32,0,109.0,0.0,0,0,,,,,,,,,,,,,,,,,,,,,0.0,0,,SYNTHETIC,0
doe-007,0,548,2026-09-03T09:09:08Z,2026-09-03T09:09:09Z,2026-09-03T09:09:08Z,2026-09-03T09:09:09Z,site_a,SIM,synthetic_demo,A-WAN-1,UP,1000.0,438.9938,438.68,0.0,19.15,2.8674,0.1,0,UP,4.0,0.0,48,48,213,-62.4,18.006,5.624,1,1,0,31,0,378.0,0.0,0,0,MAINS,MAINS,1,0,47.56,92.0,47.9616,48.3204,-4.0,3.68935,3.68935,3.71695,3.71695,0.0,23.3,1083.497,,52.864,,CHARGE,0.0,0,,SYNTHETIC,0
doe-007,0,548,2026-09-03T09:09:08Z,2026-09-03T09:09:09Z,2026-09-03T09:09:08Z,2026-09-03T09:09:09Z,site_b,SIM,synthetic_demo,B-WAN-1,UP,1000.0,73.3235,72.91,0.0,23.94,2.6548,0.141,0,UP,4.0,0.0,6,6,39,-60.0,21.126,6.424,0,0,0,32,0,97.0,0.0,0,0,,,,,,,,,,,,,,,,,,,,,0.0,0,,SYNTHETIC,0
doe-007,0,549,2026-09-03T09:09:09Z,2026-09-03T09:09:10Z,2026-09-03T09:09:09Z,2026-09-03T09:09:10Z,site_a,SIM,synthetic_demo,A-WAN-1,UP,1000.0,588.927,588.18,0.0,20.61,4.5556,0.105,0,UP,4.0,0.0,48,48,220,-62.7,18.282,5.842,2,2,0,31,0,336.0,0.0,0,0,MAINS,MAINS,1,0,47.48,92.0,47.9617,48.3205,-4.0,3.68936,3.68936,3.71696,3.71696,0.0,23.2,1080.585,,53.01,,CHARGE,0.0,0,,SYNTHETIC,0
doe-007,0,549,2026-09-03T09:09:09Z,2026-09-03T09:09:10Z,2026-09-03T09:09:09Z,2026-09-03T09:09:10Z,site_b,SIM,synthetic_demo,B-WAN-1,UP,1000.0,85.4395,85.26,0.0,22.38,0.8699,0.127,0,UP,4.0,0.0,6,6,27,-62.7,19.111,5.304,0,1,0,32,0,69.0,0.0,0,0,,,,,,,,,,,,,,,,,,,,,0.0,0,,SYNTHETIC,0
doe-007,0,550,2026-09-03T09:09:10Z,2026-09-03T09:09:11Z,2026-09-03T09:09:10Z,2026-09-03T09:09:11Z,site_a,SIM,synthetic_demo,A-WAN-1,UP,1000.0,466.4227,465.43,0.0,17.08,0.9284,0.056,0,UP,4.0,0.0,48,48,156,-62.2,15.934,4.73,2,4,0,31,0,345.0,0.0,0,0,MAINS,MAINS,1,0,47.6,92.0,47.9618,48.3206,-4.0,3.68937,3.68937,3.71697,3.71697,0.0,23.2,1082.087,,52.939,,CHARGE,0.0,0,,SYNTHETIC,0
doe-007,0,550,2026-09-03T09:09:10Z,2026-09-03T09:09:11Z,2026-09-03T09:09:10Z,2026-09-03T09:09:11Z,site_b,SIM,synthetic_demo,B-WAN-1,UP,1000.0,69.94,69.97,0.0,21.75,0.4118,0.094,0,UP,4.0,0.0,6,6,37,-62.4,21.803,6.649,0,1,0,32,0,105.0,0.0,0,0,,,,,,,,,,,,,,,,,,,,,0.0,0,,SYNTHETIC,0
doe-007,0,551,2026-09-03T09:09:11Z,2026-09-03T09:09:12Z,2026-09-03T09:09:11Z,2026-09-03T09:09:12Z,site_a,SIM,synthetic_demo,A-WAN-1,UP,1000.0,487.7922,488.64,0.0,17.48,1.5749,,0,UP,4.0,0.0,48,48,175,-62.3,16.537,4.978,2,3,0,31,0,381.0,0.0,0,0,MAINS,MAINS,1,0,47.56,92.0,47.9619,48.3207,-4.0,3.68938,3.68938,3.71698,3.71698,0.0,23.3,1097.222,,52.211,,CHARGE,0.0,0,,SYNTHETIC|GAP|MISSING_MAR,0
doe-007,0,551,2026-09-03T09:09:11Z,2026-09-03T09:09:12Z,2026-09-03T09:09:11Z,2026-09-03T09:09:12Z,site_b,SIM,synthetic_demo,B-WAN-1,UP,1000.0,93.4198,93.6,0.0,21.25,0.1197,0.131,0,UP,4.0,0.0,6,6,52,-63.5,23.79,7.715,0,0,0,32,0,71.0,0.0,0,0,,,,,,,,,,,,,,,,,,,,,0.0,0,,SYNTHETIC,0
doe-007,0,552,2026-09-03T09:09:12Z,2026-09-03T09:09:13Z,2026-09-03T09:09:12Z,2026-09-03T09:09:13Z,site_a,SIM,synthetic_demo,A-WAN-1,UP,1000.0,440.4693,440.33,0.0,18.76,2.0486,0.091,0,UP,4.0,0.0,48,48,237,-62.1,18.961,5.71,2,3,0,31,0,373.0,0.0,0,0,MAINS,MAINS,1,0,47.46,92.0,47.9621,48.3209,-4.0,3.68939,3.68939,3.71699,3.71699,0.0,23.3,1075.333,,53.277,,CHARGE,0.0,0,,SYNTHETIC,0
doe-007,0,552,2026-09-03T09:09:12Z,2026-09-03T09:09:13Z,2026-09-03T09:09:12Z,2026-09-03T09:09:13Z,site_b,SIM,synthetic_demo,B-WAN-1,UP,1000.0,66.2808,66.69,0.0,22.03,0.2557,0.099,0,UP,4.0,0.0,6,6,55,,25.614,7.419,0,0,0,32,0,55.0,0.0,0,0,,,,,,,,,,,,,,,,,,,,,0.0,0,,SYNTHETIC|GAP|MISSING_MAR,0
doe-007,0,553,2026-09-03T09:09:13Z,2026-09-03T09:09:14Z,2026-09-03T09:09:13Z,2026-09-03T09:09:14Z,site_a,SIM,synthetic_demo,A-WAN-1,UP,1000.0,467.9423,468.57,0.0,16.93,1.0554,0.11,0,UP,4.0,0.0,48,48,284,-61.7,20.461,6.139,2,5,0,31,0,322.0,0.0,0,0,MAINS,MAINS,1,0,47.42,92.0,47.9622,48.321,-4.0,3.6894,3.6894,3.717,3.717,0.0,23.3,1081.746,,52.964,,CHARGE,0.0,0,,SYNTHETIC,0
doe-007,0,553,2026-09-03T09:09:13Z,2026-09-03T09:09:14Z,2026-09-03T09:09:13Z,2026-09-03T09:09:14Z,site_b,SIM,synthetic_demo,B-WAN-1,UP,1000.0,58.671,58.13,0.0,22.89,1.8412,0.112,0,UP,4.0,0.0,6,6,27,-61.9,17.978,5.056,0,1,0,32,0,54.0,0.0,0,0,,,,,,,,,,,,,,,,,,,,,0.0,0,,SYNTHETIC,0
doe-007,0,554,2026-09-03T09:09:14Z,2026-09-03T09:09:15Z,2026-09-03T09:09:14Z,2026-09-03T09:09:15Z,site_a,SIM,synthetic_demo,A-WAN-1,UP,1000.0,471.4415,470.87,0.0,16.53,0.5719,0.091,0,UP,4.0,0.0,48,48,189,-60.7,17.311,5.206,0,2,0,31,0,337.0,0.0,0,0,MAINS,MAINS,1,0,47.59,92.0,47.9623,48.3211,-4.0,3.68941,3.68941,3.71701,3.71701,0.0,23.1,1088.31,,52.647,,CHARGE,0.0,0,,SYNTHETIC,0
doe-007,0,554,2026-09-03T09:09:14Z,2026-09-03T09:09:15Z,2026-09-03T09:09:14Z,2026-09-03T09:09:15Z,site_b,SIM,synthetic_demo,B-WAN-1,UP,1000.0,65.0498,65.53,0.0,23.9,3.0703,0.112,0,UP,4.0,0.0,6,6,34,-65.0,20.439,6.606,0,0,0,32,0,66.0,0.0,0,0,,,,,,,,,,,,,,,,,,,,,0.0,0,,SYNTHETIC,0
doe-007,0,555,2026-09-03T09:09:15Z,2026-09-03T09:09:16Z,2026-09-03T09:09:15Z,2026-09-03T09:09:16Z,site_a,SIM,synthetic_demo,A-WAN-1,UP,1000.0,497.0833,496.9,0.0,21.11,4.4203,0.076,0,UP,4.0,0.0,48,48,175,-63.0,17.825,5.186,2,1,0,31,0,281.0,0.0,0,0,MAINS,MAINS,1,0,47.5,92.0,47.9625,48.3213,-4.0,3.68942,3.68942,3.71702,3.71702,0.0,23.2,1083.799,,52.869,,CHARGE,0.0,0,,SYNTHETIC,0
doe-007,0,555,2026-09-03T09:09:15Z,2026-09-03T09:09:16Z,2026-09-03T09:09:15Z,2026-09-03T09:09:16Z,site_b,SIM,synthetic_demo,B-WAN-1,UP,1000.0,73.8963,73.41,0.0,21.69,0.3012,0.109,0,UP,4.0,0.0,6,6,53,-61.8,25.056,7.11,0,1,0,32,0,65.0,0.0,0,0,,,,,,,,,,,,,,,,,,,,,0.0,0,,SYNTHETIC,0
doe-007,0,556,2026-09-03T09:09:16Z,2026-09-03T09:09:17Z,2026-09-03T09:09:16Z,2026-09-03T09:09:17Z,site_a,SIM,synthetic_demo,A-WAN-1,UP,1000.0,585.9716,585.93,0.0,16.63,0.8091,0.098,0,UP,4.0,0.0,48,48,128,-61.9,15.89,4.517,2,2,0,31,0,192.0,0.0,0,0,MAINS,MAINS,1,0,47.49,92.0,47.9626,48.3214,-4.0,3.68943,3.68943,3.71703,3.71703,0.0,23.3,1076.076,,53.251,,CHARGE,0.0,0,,SYNTHETIC,0
doe-007,0,556,2026-09-03T09:09:16Z,2026-09-03T09:09:17Z,2026-09-03T09:09:16Z,2026-09-03T09:09:17Z,site_b,SIM,synthetic_demo,B-WAN-1,UP,1000.0,56.069,56.95,0.0,23.6,2.6109,0.074,0,UP,4.0,0.0,6,6,44,-61.5,20.574,6.821,0,1,0,32,0,68.0,0.0,0,0,,,,,,,,,,,,,,,,,,,,,0.0,0,,SYNTHETIC,0
doe-007,0,557,2026-09-03T09:09:17Z,2026-09-03T09:09:18Z,2026-09-03T09:09:17Z,2026-09-03T09:09:18Z,site_a,SIM,synthetic_demo,A-WAN-1,UP,1000.0,461.0971,461.04,0.0,17.9,1.7969,0.084,0,UP,4.0,0.0,48,48,161,-60.8,16.722,4.818,1,3,0,31,0,332.0,0.0,0,0,MAINS,MAINS,1,0,47.55,92.0,47.9627,48.3215,-4.0,3.68944,3.68944,3.71704,3.71704,0.0,23.2,1100.366,,52.078,,CHARGE,0.0,0,,SYNTHETIC,0
doe-007,0,557,2026-09-03T09:09:17Z,2026-09-03T09:09:18Z,2026-09-03T09:09:17Z,2026-09-03T09:09:18Z,site_b,SIM,synthetic_demo,B-WAN-1,UP,1000.0,51.7195,51.46,0.0,22.32,0.9835,0.099,0,UP,4.0,0.0,6,6,16,-60.5,13.843,5.045,1,0,0,32,0,65.0,0.0,0,0,,,,,,,,,,,,,,,,,,,,,0.0,0,,SYNTHETIC,0
doe-007,0,558,2026-09-03T09:09:18Z,2026-09-03T09:09:19Z,2026-09-03T09:09:18Z,2026-09-03T09:09:19Z,site_a,SIM,synthetic_demo,A-WAN-1,UP,1000.0,471.9044,471.41,0.0,16.68,0.4493,0.125,0,UP,4.0,0.0,48,48,164,-62.0,16.44,5.18,2,1,0,31,0,323.0,0.0,0,0,MAINS,MAINS,1,0,47.5,92.0,47.9628,48.3216,-4.0,3.68945,3.68945,3.71705,3.71705,0.0,23.2,1095.915,,52.292,,CHARGE,0.0,0,,SYNTHETIC,0
doe-007,0,558,2026-09-03T09:09:18Z,2026-09-03T09:09:19Z,2026-09-03T09:09:18Z,2026-09-03T09:09:19Z,site_b,SIM,synthetic_demo,B-WAN-1,UP,1000.0,66.6364,66.46,0.0,23.01,1.2011,0.117,0,UP,4.0,0.0,6,6,56,-61.2,24.401,7.424,1,0,0,32,0,72.0,0.0,0,0,,,,,,,,,,,,,,,,,,,,,0.0,0,,SYNTHETIC,0
doe-007,0,559,2026-09-03T09:09:19Z,2026-09-03T09:09:20Z,2026-09-03T09:09:19Z,2026-09-03T09:09:20Z,site_a,SIM,synthetic_demo,A-WAN-1,UP,1000.0,450.7124,451.86,0.0,17.46,0.8451,0.108,0,UP,4.0,0.0,48,48,234,-62.6,19.154,6.036,0,2,0,31,0,366.0,0.0,0,0,MAINS,MAINS,1,0,47.6,92.0,47.963,48.3218,-4.0,3.68946,3.68946,3.71706,3.71706,0.0,23.2,1066.589,,53.733,,CHARGE,0.0,0,,SYNTHETIC,0
doe-007,0,559,2026-09-03T09:09:19Z,2026-09-03T09:09:20Z,2026-09-03T09:09:19Z,2026-09-03T09:09:20Z,site_b,SIM,synthetic_demo,B-WAN-1,UP,1000.0,71.7467,70.94,0.0,23.08,1.7222,0.115,0,UP,4.0,0.0,6,6,43,-62.1,21.848,7.157,0,0,0,32,0,43.0,0.0,0,0,,,,,,,,,,,,,,,,,,,,,0.0,0,,SYNTHETIC,0
doe-007,0,560,2026-09-03T09:09:20Z,2026-09-03T09:09:21Z,2026-09-03T09:09:20Z,2026-09-03T09:09:21Z,site_a,SIM,synthetic_demo,A-WAN-1,UP,1000.0,456.1359,455.99,0.0,16.35,0.4175,0.098,0,UP,4.0,0.0,48,48,212,-62.1,18.713,5.628,1,1,0,31,0,179.0,0.0,0,0,MAINS,MAINS,1,0,47.52,92.0,47.9631,48.3219,-4.0,3.68947,3.68947,3.71707,3.71707,0.0,23.3,1093.192,,52.428,,CHARGE,0.0,0,,SYNTHETIC,0
doe-007,0,560,2026-09-03T09:09:20Z,2026-09-03T09:09:21Z,2026-09-03T09:09:20Z,2026-09-03T09:09:21Z,site_b,SIM,synthetic_demo,B-WAN-1,UP,1000.0,55.3402,55.1,0.0,24.52,3.4453,0.146,0,UP,4.0,0.0,6,6,24,-60.8,17.799,4.617,0,2,0,32,0,49.0,0.0,0,1,,,,,,,,,,,,,,,,,,,,,0.25,0,,SYNTHETIC,0
doe-007,0,561,2026-09-03T09:09:21Z,2026-09-03T09:09:22Z,2026-09-03T09:09:21Z,2026-09-03T09:09:22Z,site_a,SIM,synthetic_demo,A-WAN-1,UP,1000.0,441.6431,440.89,0.0,16.68,0.6573,0.11,0,UP,4.0,0.0,48,48,249,-61.5,19.362,5.89,0,2,0,31,0,422.0,0.0,0,0,MAINS,MAINS,1,0,47.5,92.0,47.9632,48.322,-4.0,3.68948,3.68948,3.71708,3.71708,0.0,23.3,1085.223,,52.815,,CHARGE,0.0,0,,SYNTHETIC,0
doe-007,0,561,2026-09-03T09:09:21Z,2026-09-03T09:09:22Z,2026-09-03T09:09:21Z,2026-09-03T09:09:22Z,site_b,SIM,synthetic_demo,B-WAN-1,UP,1000.0,60.169,59.38,0.0,22.01,1.2427,0.098,0,UP,4.0,0.0,6,6,33,-63.7,18.502,6.176,0,0,0,32,0,54.0,0.0,0,0,,,,,,,,,,,,,,,,,,,,,0.0,0,,SYNTHETIC,0
doe-007,0,562,2026-09-03T09:09:22Z,2026-09-03T09:09:23Z,2026-09-03T09:09:22Z,2026-09-03T09:09:23Z,site_a,SIM,synthetic_demo,A-WAN-1,UP,1000.0,486.4515,485.78,0.0,17.9,1.9373,0.093,0,UP,4.0,0.0,48,48,254,-62.4,19.147,5.882,0,4,0,31,0,474.0,0.0,0,0,MAINS,MAINS,1,0,47.54,92.0,47.9634,48.3222,-4.0,3.68949,3.68949,3.71709,3.71709,0.0,23.3,1089.599,,52.606,,CHARGE,0.0,0,,SYNTHETIC,0
doe-007,0,562,2026-09-03T09:09:22Z,2026-09-03T09:09:23Z,2026-09-03T09:09:22Z,2026-09-03T09:09:23Z,site_b,SIM,synthetic_demo,B-WAN-1,UP,1000.0,62.1844,62.12,0.0,21.46,0.3708,0.123,0,UP,4.0,0.0,6,6,26,-62.6,18.836,5.501,0,1,0,32,0,58.0,0.0,0,0,,,,,,,,,,,,,,,,,,,,,0.0,0,,SYNTHETIC,0
doe-007,0,563,2026-09-03T09:09:23Z,2026-09-03T09:09:24Z,2026-09-03T09:09:23Z,2026-09-03T09:09:24Z,site_a,SIM,synthetic_demo,A-WAN-1,UP,1000.0,467.1523,466.78,0.0,16.39,0.0242,0.112,0,UP,4.0,0.0,48,48,193,-61.0,17.377,4.892,1,4,0,31,0,283.0,0.0,0,0,MAINS,MAINS,1,0,47.54,92.0,47.9635,48.3223,-4.0,3.6895,3.6895,3.7171,3.7171,0.0,23.3,1093.503,,52.421,,CHARGE,0.0,0,,SYNTHETIC,0
doe-007,0,563,2026-09-03T09:09:23Z,2026-09-03T09:09:24Z,2026-09-03T09:09:23Z,2026-09-03T09:09:24Z,site_b,SIM,synthetic_demo,B-WAN-1,UP,1000.0,69.2786,70.36,0.0,23.2,1.8648,0.099,0,UP,4.0,0.0,6,6,41,-62.9,20.696,6.034,0,0,0,32,0,75.0,0.0,0,0,,,,,,,,,,,,,,,,,,,,,0.0,0,,SYNTHETIC,0
doe-007,0,564,2026-09-03T09:09:24Z,2026-09-03T09:09:25Z,2026-09-03T09:09:24Z,2026-09-03T09:09:25Z,site_a,SIM,synthetic_demo,A-WAN-1,UP,1000.0,462.761,462.43,0.0,16.58,0.3069,0.115,0,UP,4.0,0.0,48,48,398,-62.5,23.395,7.154,1,2,0,31,0,372.0,0.0,0,0,MAINS,MAINS,1,0,47.53,92.0,47.9636,48.3224,-4.0,3.68951,3.68951,3.71711,3.71711,0.0,23.3,1101.973,,52.021,,CHARGE,0.0,0,,SYNTHETIC,0
doe-007,0,564,2026-09-03T09:09:24Z,2026-09-03T09:09:25Z,2026-09-03T09:09:24Z,2026-09-03T09:09:25Z,site_b,SIM,synthetic_demo,B-WAN-1,UP,1000.0,65.0917,65.57,0.0,20.46,0.1154,0.072,0,UP,4.0,0.0,6,6,50,-62.4,25.515,7.234,0,0,0,32,0,75.0,0.0,0,0,,,,,,,,,,,,,,,,,,,,,0.0,0,,SYNTHETIC,0
doe-007,0,565,2026-09-03T09:09:25Z,2026-09-03T09:09:26Z,2026-09-03T09:09:25Z,2026-09-03T09:09:26Z,site_a,SIM,synthetic_demo,A-WAN-1,UP,1000.0,474.8092,475.28,0.0,16.77,0.4123,0.056,0,UP,4.0,0.0,48,48,277,-62.1,20.632,5.93,1,2,0,31,0,356.0,0.0,0,0,MAINS,MAINS,1,0,47.6,92.0,47.9637,48.3225,-4.0,3.68952,3.68952,3.71712,3.71712,0.0,23.2,1087.928,,52.695,,CHARGE,0.0,0,,SYNTHETIC,0
doe-007,0,565,2026-09-03T09:09:25Z,2026-09-03T09:09:26Z,2026-09-03T09:09:25Z,2026-09-03T09:09:26Z,site_b,SIM,synthetic_demo,B-WAN-1,UP,1000.0,65.9611,66.33,0.0,22.26,0.3781,0.097,0,UP,4.0,0.0,6,6,90,-61.5,32.424,10.022,0,0,0,32,0,64.0,0.0,0,0,,,,,,,,,,,,,,,,,,,,,0.0,0,,SYNTHETIC,0
doe-007,0,566,2026-09-03T09:09:26Z,2026-09-03T09:09:27Z,2026-09-03T09:09:26Z,2026-09-03T09:09:27Z,site_a,SIM,synthetic_demo,A-WAN-1,UP,1000.0,456.7193,457.87,0.0,15.76,0.3086,0.104,0,UP,4.0,0.0,48,48,112,-61.2,15.13,4.449,0,0,0,31,0,216.0,0.0,0,0,MAINS,MAINS,1,0,47.6,92.0,47.9639,48.3227,-4.0,3.68953,3.68953,3.71713,3.71713,0.0,23.3,1097.178,,52.253,,CHARGE,0.0,0,,SYNTHETIC,0
doe-007,0,566,2026-09-03T09:09:26Z,2026-09-03T09:09:27Z,2026-09-03T09:09:26Z,2026-09-03T09:09:27Z,site_b,SIM,synthetic_demo,B-WAN-1,UP,1000.0,63.5469,63.26,0.0,22.77,1.3243,0.083,0,UP,4.0,0.0,6,6,31,-62.5,19.494,5.396,0,0,0,32,0,41.0,0.0,0,0,,,,,,,,,,,,,,,,,,,,,0.0,0,,SYNTHETIC,0
doe-007,0,567,2026-09-03T09:09:27Z,2026-09-03T09:09:28Z,2026-09-03T09:09:27Z,2026-09-03T09:09:28Z,site_a,SIM,synthetic_demo,A-WAN-1,UP,1000.0,429.0293,429.51,0.0,,0.8882,0.054,0,UP,4.0,0.0,48,48,155,-62.2,15.638,4.991,1,4,0,31,0,233.0,0.0,0,0,MAINS,MAINS,1,0,47.52,92.0,47.964,48.3228,-4.0,3.68954,3.68954,3.71714,3.71714,0.0,23.2,1100.675,,52.09,,CHARGE,0.0,0,,SYNTHETIC|GAP|MISSING_MAR,0
doe-007,0,567,2026-09-03T09:09:27Z,2026-09-03T09:09:28Z,2026-09-03T09:09:27Z,2026-09-03T09:09:28Z,site_b,SIM,synthetic_demo,B-WAN-1,UP,1000.0,67.256,67.01,0.0,20.92,0.4618,0.118,0,UP,4.0,0.0,6,6,37,-63.0,21.981,6.01,0,1,0,32,0,80.0,0.0,0,0,,,,,,,,,,,,,,,,,,,,,0.0,0,,SYNTHETIC,0
doe-007,0,568,2026-09-03T09:09:28Z,2026-09-03T09:09:29Z,2026-09-03T09:09:28Z,2026-09-03T09:09:29Z,site_a,SIM,synthetic_demo,A-WAN-1,UP,1000.0,547.4066,547.47,0.0,17.87,2.1075,0.13,0,UP,4.0,0.0,48,48,188,-61.8,17.536,5.167,1,5,0,31,0,345.0,0.0,0,0,MAINS,MAINS,1,0,47.58,92.0,47.9641,48.3229,-4.0,3.68955,3.68955,3.71715,3.71715,0.0,23.2,1084.462,,52.871,,CHARGE,0.0,0,,SYNTHETIC,0
doe-007,0,568,2026-09-03T09:09:28Z,2026-09-03T09:09:29Z,2026-09-03T09:09:28Z,2026-09-03T09:09:29Z,site_b,SIM,synthetic_demo,B-WAN-1,UP,1000.0,68.5644,68.04,0.0,21.68,0.5641,0.109,0,UP,4.0,0.0,6,6,15,-59.5,15.555,4.197,0,0,0,32,0,88.0,0.0,0,0,,,,,,,,,,,,,,,,,,,,,0.0,0,,SYNTHETIC,0
doe-007,0,569,2026-09-03T09:09:29Z,2026-09-03T09:09:30Z,2026-09-03T09:09:29Z,2026-09-03T09:09:30Z,site_a,SIM,synthetic_demo,A-WAN-1,UP,1000.0,429.6034,429.77,0.0,17.33,0.7269,0.089,0,UP,4.0,0.0,48,48,115,-61.0,15.51,4.463,1,1,0,31,0,264.0,0.0,0,0,MAINS,MAINS,1,0,47.59,92.0,47.9643,48.3231,-4.0,3.68956,3.68956,3.71716,3.71716,0.0,23.3,1099.067,,52.171,,CHARGE,0.0,0,,SYNTHETIC,0
doe-007,0,569,2026-09-03T09:09:29Z,2026-09-03T09:09:30Z,2026-09-03T09:09:29Z,2026-09-03T09:09:30Z,site_b,SIM,synthetic_demo,B-WAN-1,UP,1000.0,60.3394,59.89,0.0,21.98,0.0742,0.066,0,UP,4.0,0.0,6,6,44,-63.1,24.098,6.649,0,0,0,32,0,66.0,0.0,0,0,,,,,,,,,,,,,,,,,,,,,0.0,0,,SYNTHETIC,0
doe-007,0,570,2026-09-03T09:09:30Z,2026-09-03T09:09:31Z,2026-09-03T09:09:30Z,2026-09-03T09:09:31Z,site_a,SIM,synthetic_demo,A-WAN-1,UP,1000.0,431.0141,430.23,0.0,15.78,0.1751,0.083,0,UP,4.0,0.0,48,48,205,-62.2,18.166,5.594,0,2,0,31,0,358.0,0.0,0,0,MAINS,BATTERY,0,1,47.51,92.0,47.9638,46.4454,16.9269,3.68952,3.68952,3.57273,3.57273,0.0,23.3,1100.54,,52.104,OCP_DSG,DISCHARGE,0.0,0,,SYNTHETIC,0
doe-007,0,570,2026-09-03T09:09:30Z,2026-09-03T09:09:31Z,2026-09-03T09:09:30Z,2026-09-03T09:09:31Z,site_b,SIM,synthetic_demo,B-WAN-1,UP,1000.0,66.6324,65.81,0.0,22.57,1.2661,0.097,0,UP,4.0,0.0,6,6,35,-61.9,19.478,6.522,0,0,0,32,0,52.0,0.0,0,0,,,,,,,,,,,,,,,,,,,,,0.0,0,,SYNTHETIC,0
doe-007,0,571,2026-09-03T09:09:31Z,2026-09-03T09:09:32Z,2026-09-03T09:09:31Z,2026-09-03T09:09:32Z,site_a,SIM,synthetic_demo,A-WAN-1,UP,1000.0,272.1738,272.28,0.0,17.85,2.1777,0.084,0,UP,4.0,0.0,48,12,45,-63.4,18.082,5.394,1,2,0,7,0,397.0,0.0,0,0,BATTERY,LOAD_SHED,0,1,47.43,92.0,47.9637,47.7704,2.1554,3.68952,3.68952,3.67465,3.67465,0.0,23.3,144.148,3,52.655,,DISCHARGE,0.0,0,,SYNTHETIC,0
doe-007,0,571,2026-09-03T09:09:31Z,2026-09-03T09:09:32Z,2026-09-03T09:09:31Z,2026-09-03T09:09:32Z,site_b,SIM,synthetic_demo,B-WAN-1,UP,1000.0,52.3724,52.85,0.0,23.41,2.5774,0.129,0,UP,4.0,0.0,6,6,41,-60.0,21.761,6.451,0,0,0,32,0,64.0,0.0,0,0,,,,,,,,,,,,,,,,,,,,,0.0,0,,SYNTHETIC,0
doe-007,0,572,2026-09-03T09:09:32Z,2026-09-03T09:09:33Z,2026-09-03T09:09:32Z,2026-09-03T09:09:33Z,site_a,SIM,synthetic_demo,A-WAN-1,UP,1000.0,239.2977,238.73,0.0,16.98,0.8578,0.065,0,UP,4.0,0.0,48,12,61,-62.4,19.558,5.93,0,1,0,7,0,463.0,0.0,0,0,LOAD_SHED,LOAD_SHED,0,1,47.53,92.0,47.9637,47.7746,2.1078,3.68951,3.68951,3.67497,3.67497,0.0,23.2,140.977,3,32.335,,DISCHARGE,0.0,0,,SYNTHETIC,0
doe-007,0,572,2026-09-03T09:09:32Z,2026-09-03T09:09:33Z,2026-09-03T09:09:32Z,2026-09-03T09:09:33Z,site_b,SIM,synthetic_demo,B-WAN-1,UP,1000.0,85.6753,85.44,0.0,21.81,0.7943,0.076,0,UP,4.0,0.0,6,6,38,-61.3,18.519,6.538,0,2,0,32,0,65.0,0.0,0,0,,,,,,,,,,,,,,,,,,,,,0.0,0,,SYNTHETIC,0
doe-007,0,573,2026-09-03T09:09:33Z,2026-09-03T09:09:34Z,2026-09-03T09:09:33Z,2026-09-03T09:09:34Z,site_a,SIM,synthetic_demo,A-WAN-1,UP,1000.0,369.6726,370.08,0.0,17.38,1.4754,0.062,0,UP,4.0,0.0,48,12,50,-62.0,17.608,5.217,0,1,0,7,0,575.0,0.0,0,0,LOAD_SHED,LOAD_SHED,0,1,47.55,92.0,47.9636,47.7746,2.107,3.68951,3.68951,3.67497,3.67497,0.0,23.3,140.921,3,32.335,,DISCHARGE,0.0,0,,SYNTHETIC,0
doe-007,0,573,2026-09-03T09:09:33Z,2026-09-03T09:09:34Z,2026-09-03T09:09:33Z,2026-09-03T09:09:34Z,site_b,SIM,synthetic_demo,B-WAN-1,UP,1000.0,59.4514,59.25,0.0,22.87,1.5384,0.095,0,UP,4.0,0.0,6,6,62,-60.4,27.877,7.953,0,2,0,32,0,53.0,0.0,0,0,,,,,,,,,,,,,,,,,,,,,0.0,0,,SYNTHETIC,0
doe-007,0,574,2026-09-03T09:09:34Z,2026-09-03T09:09:35Z,2026-09-03T09:09:34Z,2026-09-03T09:09:35Z,site_a,SIM,synthetic_demo,A-WAN-1,UP,1000.0,517.4799,517.42,0.0,16.24,0.438,0.06,0,UP,4.0,0.0,48,12,50,-61.1,18.458,5.427,0,1,0,7,0,447.0,0.0,0,0,LOAD_SHED,LOAD_SHED,0,1,47.61,92.0,47.9635,47.7741,2.1117,3.6895,3.6895,3.67493,3.67493,0.0,23.3,141.237,3,32.329,,DISCHARGE,0.0,0,,SYNTHETIC,0
doe-007,0,574,2026-09-03T09:09:34Z,2026-09-03T09:09:35Z,2026-09-03T09:09:34Z,2026-09-03T09:09:35Z,site_b,SIM,synthetic_demo,B-WAN-1,UP,1000.0,56.7266,56.77,0.0,21.74,0.136,0.102,0,UP,4.0,0.0,6,6,49,-61.9,21.511,7.201,0,0,0,32,0,37.0,0.0,0,0,,,,,,,,,,,,,,,,,,,,,0.0,0,,SYNTHETIC,0
doe-007,0,575,2026-09-03T09:09:35Z,2026-09-03T09:09:36Z,2026-09-03T09:09:35Z,2026-09-03T09:09:36Z,site_a,SIM,synthetic_demo,A-WAN-1,UP,1000.0,280.2662,280.89,0.0,17.16,1.0605,0.08,0,UP,4.0,0.0,48,12,66,-61.6,18.831,5.787,1,1,0,7,0,463.0,0.0,0,0,LOAD_SHED,LOAD_SHED,0,1,47.6,92.0,47.9635,47.7723,2.1314,3.6895,3.6895,3.67479,3.67479,0.0,23.3,142.549,3,32.304,,DISCHARGE,0.0,0,,SYNTHETIC,0
doe-007,0,575,2026-09-03T09:09:35Z,2026-09-03T09:09:36Z,2026-09-03T09:09:35Z,2026-09-03T09:09:36Z,site_b,SIM,synthetic_demo,B-WAN-1,UP,1000.0,84.052,83.92,0.0,22.94,1.9837,0.102,0,UP,4.0,0.0,6,6,66,-62.6,29.807,8.379,1,0,0,32,0,38.0,0.0,0,0,,,,,,,,,,,,,,,,,,,,,0.0,0,,SYNTHETIC,0
doe-007,0,576,2026-09-03T09:09:36Z,2026-09-03T09:09:37Z,2026-09-03T09:09:36Z,2026-09-03T09:09:37Z,site_a,SIM,synthetic_demo,A-WAN-1,UP,1000.0,320.1977,320.6,0.0,16.64,0.7187,0.074,0,UP,4.0,0.0,48,12,56,-62.1,19.915,4.825,0,3,0,7,0,379.0,0.0,0,0,LOAD_SHED,LOAD_SHED,0,1,47.49,92.0,47.9634,47.7701,2.1549,3.68949,3.68949,3.67462,3.67462,0.0,,144.117,3,32.275,,DISCHARGE,0.0,0,,SYNTHETIC|GAP|MISSING_MAR,0
doe-007,0,576,2026-09-03T09:09:36Z,2026-09-03T09:09:37Z,2026-09-03T09:09:36Z,2026-09-03T09:09:37Z,site_b,SIM,synthetic_demo,B-WAN-1,UP,1000.0,60.7834,61.54,0.0,22.91,1.6061,0.121,0,UP,4.0,0.0,6,6,46,-64.2,22.389,7.683,0,1,0,32,0,90.0,0.0,0,0,,,,,,,,,,,,,,,,,,,,,0.0,0,,SYNTHETIC,0
doe-007,0,577,2026-09-03T09:09:37Z,2026-09-03T09:09:38Z,2026-09-03T09:09:37Z,2026-09-03T09:09:38Z,site_a,SIM,synthetic_demo,A-WAN-1,UP,1000.0,290.2657,290.46,0.0,17.46,1.0904,0.06,0,UP,4.0,0.0,48,12,73,-61.8,19.066,6.327,0,3,0,7,0,272.0,0.0,0,0,LOAD_SHED,LOAD_SHED,0,1,47.46,92.0,47.9633,47.7726,2.1262,3.68949,3.68949,3.67482,3.67482,0.0,23.2,142.2,3,32.309,,DISCHARGE,0.0,0,,SYNTHETIC,0
doe-007,0,577,2026-09-03T09:09:37Z,2026-09-03T09:09:38Z,2026-09-03T09:09:37Z,2026-09-03T09:09:38Z,site_b,SIM,synthetic_demo,B-WAN-1,UP,1000.0,69.182,68.8,0.0,21.67,0.8696,0.08,0,UP,4.0,0.0,6,6,18,-60.0,15.331,4.622,0,0,0,32,0,53.0,0.0,0,0,,,,,,,,,,,,,,,,,,,,,0.0,0,,SYNTHETIC,0
doe-007,0,578,2026-09-03T09:09:38Z,2026-09-03T09:09:39Z,2026-09-03T09:09:38Z,2026-09-03T09:09:39Z,site_a,SIM,synthetic_demo,A-WAN-1,UP,1000.0,401.1025,400.74,0.0,16.46,1.2891,0.136,0,UP,4.0,0.0,48,12,43,-61.3,16.557,4.555,0,1,0,7,0,327.0,0.0,0,0,LOAD_SHED,LOAD_SHED,0,1,47.54,92.0,47.9633,47.768,2.1768,3.68948,3.68948,3.67446,3.67446,0.0,23.2,145.575,3,32.246,,DISCHARGE,0.0,0,,SYNTHETIC,0
doe-007,0,578,2026-09-03T09:09:38Z,2026-09-03T09:09:39Z,2026-09-03T09:09:38Z,2026-09-03T09:09:39Z,site_b,SIM,synthetic_demo,B-WAN-1,UP,1000.0,99.6406,99.3,0.0,21.39,0.4368,0.094,0,UP,4.0,0.0,6,6,34,-60.7,16.979,5.961,0,1,0,32,0,88.0,0.0,0,0,,,,,,,,,,,,,,,,,,,,,0.0,0,,SYNTHETIC,0
doe-007,0,579,2026-09-03T09:09:39Z,2026-09-03T09:09:40Z,2026-09-03T09:09:39Z,2026-09-03T09:09:40Z,site_a,SIM,synthetic_demo,A-WAN-1,UP,1000.0,269.8886,269.74,0.0,19.68,3.9608,0.07,0,UP,4.0,0.0,48,12,55,,19.289,5.486,1,1,0,7,0,421.0,0.0,0,0,LOAD_SHED,LOAD_SHED,0,1,47.53,92.0,47.9632,47.7751,2.0964,3.68948,3.68948,3.67501,3.67501,0.0,23.1,140.219,3,32.343,,DISCHARGE,0.0,0,,SYNTHETIC|GAP|MISSING_MAR,0
doe-007,0,579,2026-09-03T09:09:39Z,2026-09-03T09:09:40Z,2026-09-03T09:09:39Z,2026-09-03T09:09:40Z,site_b,SIM,synthetic_demo,B-WAN-1,UP,1000.0,69.1364,68.91,0.0,21.09,0.3848,0.088,0,UP,4.0,0.0,6,6,27,-63.2,16.818,5.661,0,0,0,32,0,53.0,0.0,0,0,,,,,,,,,,,,,,,,,,,,,0.0,0,,SYNTHETIC,0
doe-007,0,580,2026-09-03T09:09:40Z,2026-09-03T09:09:41Z,2026-09-03T09:09:40Z,2026-09-03T09:09:41Z,site_a,SIM,synthetic_demo,A-WAN-1,UP,1000.0,266.6705,267.42,0.0,18.36,2.6356,0.076,0,UP,4.0,0.0,48,12,52,-61.1,18.954,5.116,0,4,0,7,0,340.0,0.0,0,0,LOAD_SHED,LOAD_SHED,0,1,47.52,92.0,47.9631,47.7713,2.1389,3.68947,3.68947,3.67471,3.67471,0.0,23.3,143.048,3,32.29,,DISCHARGE,0.0,0,,SYNTHETIC,0
doe-007,0,580,2026-09-03T09:09:40Z,2026-09-03T09:09:41Z,2026-09-03T09:09:40Z,2026-09-03T09:09:41Z,site_b,SIM,synthetic_demo,B-WAN-1,UP,1000.0,70.8173,71.31,0.0,21.27,0.3761,0.134,0,UP,4.0,0.0,6,6,20,-65.1,16.73,5.438,0,0,0,32,0,72.0,0.0,0,0,,,,,,,,,,,,,,,,,,,,,0.0,0,,SYNTHETIC,0
doe-007,0,581,2026-09-03T09:09:41Z,2026-09-03T09:09:42Z,2026-09-03T09:09:41Z,2026-09-03T09:09:42Z,site_a,SIM,synthetic_demo,A-WAN-1,UP,1000.0,253.7463,254.25,0.0,18.61,2.9693,0.067,0,UP,4.0,0.0,48,12,44,-61.8,17.608,5.421,1,1,0,7,0,261.0,0.0,0,0,LOAD_SHED,LOAD_SHED,0,1,47.59,92.0,47.9631,47.7752,2.0947,3.68947,3.68947,3.67501,3.67501,0.0,23.3,140.105,3,32.343,,DISCHARGE,0.0,0,,SYNTHETIC,0
doe-007,0,581,2026-09-03T09:09:41Z,2026-09-03T09:09:42Z,2026-09-03T09:09:41Z,2026-09-03T09:09:42Z,site_b,SIM,synthetic_demo,B-WAN-1,UP,1000.0,67.6664,66.44,0.0,24.34,2.8137,0.109,0,UP,4.0,0.0,6,6,29,-58.9,18.941,4.942,0,0,0,32,0,42.0,0.0,0,0,,,,,,,,,,,,,,,,,,,,,0.0,0,,SYNTHETIC,0
doe-007,0,582,2026-09-03T09:09:42Z,2026-09-03T09:09:43Z,2026-09-03T09:09:42Z,2026-09-03T09:09:43Z,site_a,SIM,synthetic_demo,A-WAN-1,UP,1000.0,312.5382,313.01,0.0,20.52,4.2874,0.083,0,UP,4.0,0.0,48,12,42,-62.8,16.141,4.812,0,2,0,7,0,261.0,0.0,0,0,LOAD_SHED,LOAD_SHED,0,1,47.55,92.0,47.963,47.7675,2.1789,3.68946,3.68946,3.67443,3.67443,0.0,23.3,145.709,3,32.24,,DISCHARGE,0.0,0,,SYNTHETIC,0
doe-007,0,582,2026-09-03T09:09:42Z,2026-09-03T09:09:43Z,2026-09-03T09:09:42Z,2026-09-03T09:09:43Z,site_b,SIM,synthetic_demo,B-WAN-1,UP,1000.0,75.1426,74.77,0.0,24.03,2.3447,0.104,0,UP,4.0,0.0,6,6,47,-63.6,22.764,7.85,0,2,0,32,0,50.0,0.0,0,0,,,,,,,,,,,,,,,,,,,,,0.0,0,,SYNTHETIC,0
doe-007,0,583,2026-09-03T09:09:43Z,2026-09-03T09:09:44Z,2026-09-03T09:09:43Z,2026-09-03T09:09:44Z,site_a,SIM,synthetic_demo,A-WAN-1,UP,1000.0,257.4249,257.42,0.0,17.29,1.246,0.07,0,UP,4.0,0.0,48,12,73,-60.4,20.846,5.903,1,2,0,7,0,238.0,0.0,0,0,LOAD_SHED,LOAD_SHED,0,1,47.66,92.0,47.9629,47.7726,2.1213,3.68946,3.68946,3.67482,3.67482,0.0,23.2,141.875,3,32.309,,DISCHARGE,0.0,0,,SYNTHETIC,0
doe-007,0,583,2026-09-03T09:09:43Z,2026-09-03T09:09:44Z,2026-09-03T09:09:43Z,2026-09-03T09:09:44Z,site_b,SIM,synthetic_demo,B-WAN-1,UP,1000.0,78.823,78.44,0.0,22.75,1.7579,0.11,0,UP,4.0,0.0,6,6,19,-62.7,18.891,4.792,0,1,0,32,0,27.0,0.0,0,0,,,,,,,,,,,,,,,,,,,,,0.0,0,,SYNTHETIC,0
doe-007,0,584,2026-09-03T09:09:44Z,2026-09-03T09:09:45Z,2026-09-03T09:09:44Z,2026-09-03T09:09:45Z,site_a,SIM,synthetic_demo,A-WAN-1,UP,1000.0,248.5048,248.91,0.0,18.04,2.2101,0.089,0,UP,4.0,0.0,48,12,96,-61.6,23.801,7.231,0,1,0,7,0,308.0,0.0,0,0,LOAD_SHED,LOAD_SHED,0,1,47.52,92.0,47.9629,47.7733,2.1128,3.68945,3.68945,3.67487,3.67487,0.0,23.3,141.31,3,32.319,,DISCHARGE,0.0,0,,SYNTHETIC,0
doe-007,0,584,2026-09-03T09:09:44Z,2026-09-03T09:09:45Z,2026-09-03T09:09:44Z,2026-09-03T09:09:45Z,site_b,SIM,synthetic_demo,B-WAN-1,UP,1000.0,79.2719,79.71,0.0,23.39,2.4103,0.116,0,UP,4.0,0.0,6,6,73,-60.9,28.996,8.57,0,0,0,32,0,56.0,0.0,0,0,,,,,,,,,,,,,,,,,,,,,0.0,0,,SYNTHETIC,0
doe-007,0,585,2026-09-03T09:09:45Z,2026-09-03T09:09:46Z,2026-09-03T09:09:45Z,2026-09-03T09:09:46Z,site_a,SIM,synthetic_demo,A-WAN-1,UP,1000.0,294.3911,294.81,0.0,17.21,1.0358,0.069,0,UP,4.0,0.0,48,12,74,-63.3,21.228,6.505,0,2,0,7,0,329.0,0.0,0,0,LOAD_SHED,LOAD_SHED,0,1,47.58,92.0,47.9628,47.7737,2.1084,3.68945,3.68945,3.6749,3.6749,0.0,23.2,141.013,3,32.323,,DISCHARGE,0.0,0,,SYNTHETIC,0
doe-007,0,585,2026-09-03T09:09:45Z,2026-09-03T09:09:46Z,2026-09-03T09:09:45Z,2026-09-03T09:09:46Z,site_b,SIM,synthetic_demo,B-WAN-1,UP,1000.0,67.745,68.74,0.0,21.18,0.4627,0.113,0,UP,4.0,0.0,6,6,31,-61.3,18.519,5.317,0,0,0,32,0,40.0,0.0,0,0,,,,,,,,,,,,,,,,,,,,,0.0,0,,SYNTHETIC,0
doe-007,0,586,2026-09-03T09:09:46Z,2026-09-03T09:09:47Z,2026-09-03T09:09:46Z,2026-09-03T09:09:47Z,site_a,SIM,synthetic_demo,A-WAN-1,UP,1000.0,266.0132,266.34,0.0,17.86,1.3773,0.063,0,UP,4.0,0.0,48,48,199,-62.4,17.715,5.349,0,2,0,7,0,288.0,0.0,0,0,LOAD_SHED,BATTERY,0,1,47.59,92.0,47.9627,47.7702,2.1464,3.68944,3.68944,3.67463,3.67463,0.0,,143.543,,399.238,,DISCHARGE,0.0,0,,SYNTHETIC|GAP|MISSING_MAR,0
doe-007,0,586,2026-09-03T09:09:46Z,2026-09-03T09:09:47Z,2026-09-03T09:09:46Z,2026-09-03T09:09:47Z,site_b,SIM,synthetic_demo,B-WAN-1,UP,1000.0,72.4779,72.49,0.0,22.27,0.9586,0.093,0,UP,4.0,0.0,6,6,23,-59.8,17.231,4.226,0,0,0,32,0,49.0,0.0,0,0,,,,,,,,,,,,,,,,,,,,,0.0,0,,SYNTHETIC,0
doe-007,0,587,2026-09-03T09:09:47Z,2026-09-03T09:09:48Z,2026-09-03T09:09:47Z,2026-09-03T09:09:48Z,site_a,SIM,synthetic_demo,A-WAN-1,UP,1000.0,267.3091,267.19,0.0,17.4,1.4525,0.075,0,UP,4.0,0.0,48,48,259,-61.2,19.842,5.851,2,2,0,7,0,241.0,0.0,0,0,BATTERY,BATTERY,0,1,47.6,92.0,47.962,45.4613,27.8793,3.68939,3.68939,3.49702,3.49702,0.0,23.3,1774.1,,32.302,OCP_DSG,DISCHARGE,0.0,0,,SYNTHETIC,0
doe-007,0,587,2026-09-03T09:09:47Z,2026-09-03T09:09:48Z,2026-09-03T09:09:47Z,2026-09-03T09:09:48Z,site_b,SIM,synthetic_demo,B-WAN-1,UP,1000.0,72.3575,72.62,0.0,21.19,0.7101,0.108,0,UP,4.0,0.0,6,6,26,-61.8,18.241,5.072,0,0,0,32,0,35.0,0.0,0,0,,,,,,,,,,,,,,,,,,,,,0.0,0,,SYNTHETIC,0
doe-007,0,588,2026-09-03T09:09:48Z,2026-09-03T09:09:49Z,2026-09-03T09:09:48Z,2026-09-03T09:09:49Z,site_a,SIM,synthetic_demo,A-WAN-1,UP,1000.0,248.3326,249.24,0.0,17.08,0.9535,0.087,0,UP,4.0,0.0,48,12,55,-62.1,16.465,5.491,0,3,0,7,0,439.0,0.0,0,0,BATTERY,LOAD_SHED,0,1,47.52,92.0,47.962,47.7696,2.1446,3.68938,3.68938,3.67458,3.67458,0.0,23.3,143.421,3,32.267,,DISCHARGE,0.0,0,,SYNTHETIC,0
doe-007,0,588,2026-09-03T09:09:48Z,2026-09-03T09:09:49Z,2026-09-03T09:09:48Z,2026-09-03T09:09:49Z,site_b,SIM,synthetic_demo,B-WAN-1,UP,1000.0,76.4766,76.91,0.0,23.21,2.0231,0.153,0,UP,4.0,0.0,6,6,17,-61.0,16.407,4.235,1,1,0,32,0,58.0,0.0,0,0,,,,,,,,,,,,,,,,,,,,,0.0,0,,SYNTHETIC,0
doe-007,0,589,2026-09-03T09:09:49Z,2026-09-03T09:09:50Z,2026-09-03T09:09:49Z,2026-09-03T09:09:50Z,site_a,SIM,synthetic_demo,A-WAN-1,UP,1000.0,555.371,554.99,0.0,18.52,2.6949,0.063,0,UP,4.0,0.0,48,12,67,-60.7,18.443,5.529,0,3,0,7,0,266.0,0.0,0,0,LOAD_SHED,LOAD_SHED,0,1,47.49,92.0,47.9619,47.7728,2.1077,3.68938,3.68938,3.67483,3.67483,0.0,23.3,140.968,3,32.311,,DISCHARGE,0.0,0,,SYNTHETIC,0
doe-007,0,589,2026-09-03T09:09:49Z,2026-09-03T09:09:50Z,2026-09-03T09:09:49Z,2026-09-03T09:09:50Z,site_b,SIM,synthetic_demo,B-WAN-1,UP,1000.0,91.555,90.74,0.0,22.88,2.0064,0.11,0,UP,4.0,0.0,6,6,23,-61.8,16.565,5.094,0,0,0,32,0,66.0,0.0,0,0,,,,,,,,,,,,,,,,,,,,,0.0,0,,SYNTHETIC,0
doe-007,0,590,2026-09-03T09:09:50Z,2026-09-03T09:09:51Z,2026-09-03T09:09:50Z,2026-09-03T09:09:51Z,site_a,SIM,synthetic_demo,A-WAN-1,UP,1000.0,357.7462,356.44,0.0,20.13,4.2186,0.071,0,UP,4.0,0.0,48,12,57,-60.6,19.432,4.885,1,3,0,7,0,458.0,0.0,0,0,LOAD_SHED,LOAD_SHED,0,1,47.46,92.0,47.9618,47.7689,2.1511,3.68937,3.68937,3.67453,3.67453,0.0,23.3,143.854,3,32.257,,DISCHARGE,0.0,0,,SYNTHETIC,0
doe-007,0,590,2026-09-03T09:09:50Z,2026-09-03T09:09:51Z,2026-09-03T09:09:50Z,2026-09-03T09:09:51Z,site_b,SIM,synthetic_demo,B-WAN-1,UP,1000.0,86.6573,87.03,0.0,23.55,3.0735,0.088,0,UP,4.0,0.0,6,6,62,-60.1,24.126,7.949,0,0,0,32,0,69.0,0.0,0,1,,,,,,,,,,,,,,,,,,,,,0.25,0,,SYNTHETIC,0
doe-007,0,591,2026-09-03T09:09:51Z,2026-09-03T09:09:52Z,2026-09-03T09:09:51Z,2026-09-03T09:09:52Z,site_a,SIM,synthetic_demo,A-WAN-1,UP,1000.0,359.601,360.2,0.0,16.99,1.4237,0.069,0,UP,4.0,0.0,48,12,75,-62.0,20.933,6.134,0,3,0,7,0,466.0,0.0,0,0,LOAD_SHED,LOAD_SHED,0,1,47.51,92.0,47.9618,47.7742,2.0908,3.68937,3.68937,3.67494,3.67494,0.0,23.4,139.841,3,32.329,,DISCHARGE,0.0,0,,SYNTHETIC,0
doe-007,0,591,2026-09-03T09:09:51Z,2026-09-03T09:09:52Z,2026-09-03T09:09:51Z,2026-09-03T09:09:52Z,site_b,SIM,synthetic_demo,B-WAN-1,UP,1000.0,78.8842,78.88,0.0,21.77,0.3181,0.133,0,UP,4.0,0.0,6,6,16,-63.5,14.055,4.701,0,0,0,32,0,75.0,0.0,0,0,,,,,,,,,,,,,,,,,,,,,0.0,0,,SYNTHETIC,0
doe-007,0,592,2026-09-03T09:09:52Z,2026-09-03T09:09:53Z,2026-09-03T09:09:52Z,2026-09-03T09:09:53Z,site_a,SIM,synthetic_demo,A-WAN-1,UP,1000.0,306.6135,306.84,0.0,16.66,1.0417,0.101,0,UP,4.0,0.0,48,12,61,-63.4,18.312,5.865,0,3,0,7,0,288.0,0.0,0,0,LOAD_SHED,LOAD_SHED,0,1,47.53,92.0,47.9617,47.7694,2.1438,3.68936,3.68936,3.67457,3.67457,0.0,23.2,143.368,3,32.264,,DISCHARGE,0.0,0,,SYNTHETIC,0
doe-007,0,592,2026-09-03T09:09:52Z,2026-09-03T09:09:53Z,2026-09-03T09:09:52Z,2026-09-03T09:09:53Z,site_b,SIM,synthetic_demo,B-WAN-1,UP,1000.0,81.3497,81.35,0.0,22.8,1.7336,0.113,0,UP,4.0,0.0,6,6,13,,15.542,3.647,0,0,0,32,0,68.0,0.0,0,0,,,,,,,,,,,,,,,,,,,,,0.0,0,,SYNTHETIC|GAP|MISSING_MCAR,0
doe-007,0,593,2026-09-03T09:09:53Z,2026-09-03T09:09:54Z,2026-09-03T09:09:53Z,2026-09-03T09:09:54Z,site_a,SIM,synthetic_demo,A-WAN-1,UP,1000.0,247.9965,247.67,0.0,19.02,2.8615,0.098,0,UP,4.0,0.0,48,12,127,-62.7,26.602,7.837,0,2,0,7,0,260.0,0.0,0,0,LOAD_SHED,LOAD_SHED,0,1,47.54,92.0,47.9616,47.7707,2.1283,3.68936,3.68936,3.67467,3.67467,0.0,23.3,142.339,3,32.282,,DISCHARGE,0.0,0,,SYNTHETIC,0
doe-007,0,593,2026-09-03T09:09:53Z,2026-09-03T09:09:54Z,2026-09-03T09:09:53Z,2026-09-03T09:09:54Z,site_b,SIM,synthetic_demo,B-WAN-1,UP,1000.0,72.4405,72.35,0.0,22.86,1.0024,0.088,0,UP,4.0,0.0,6,6,107,-60.8,37.344,11.209,0,0,0,32,0,37.0,0.0,0,0,,,,,,,,,,,,,,,,,,,,,0.0,0,,SYNTHETIC,0
doe-007,0,594,2026-09-03T09:09:54Z,2026-09-03T09:09:55Z,2026-09-03T09:09:54Z,2026-09-03T09:09:55Z,site_a,SIM,synthetic_demo,A-WAN-1,UP,1000.0,305.2973,305.17,0.0,16.58,0.1267,0.076,0,UP,4.0,0.0,48,12,60,-59.5,19.338,5.52,0,3,0,7,0,280.0,0.0,0,0,LOAD_SHED,LOAD_SHED,0,1,47.54,92.0,47.9616,47.7741,2.0902,3.68935,3.68935,3.67493,3.67493,0.0,23.3,139.8,3,32.327,,DISCHARGE,0.0,0,,SYNTHETIC,0
doe-007,0,594,2026-09-03T09:09:54Z,2026-09-03T09:09:55Z,2026-09-03T09:09:54Z,2026-09-03T09:09:55Z,site_b,SIM,synthetic_demo,B-WAN-1,UP,1000.0,77.5729,77.83,0.0,23.66,2.2473,0.089,0,UP,4.0,0.0,6,6,23,-61.1,19.983,5.428,0,2,0,32,0,61.0,0.0,0,0,,,,,,,,,,,,,,,,,,,,,0.0,0,,SYNTHETIC,0
doe-007,0,595,2026-09-03T09:09:55Z,2026-09-03T09:09:56Z,2026-09-03T09:09:55Z,2026-09-03T09:09:56Z,site_a,SIM,synthetic_demo,A-WAN-1,UP,1000.0,258.287,259.28,0.0,16.02,0.1219,0.08,0,UP,4.0,0.0,48,12,73,-63.4,20.961,6.616,0,3,0,7,0,389.0,0.0,0,0,LOAD_SHED,LOAD_SHED,0,1,47.55,92.0,47.9615,47.7706,2.1278,3.68935,3.68935,3.67466,3.67466,0.0,23.3,142.305,3,32.281,,DISCHARGE,0.0,0,,SYNTHETIC,0
doe-007,0,595,2026-09-03T09:09:55Z,2026-09-03T09:09:56Z,2026-09-03T09:09:55Z,2026-09-03T09:09:56Z,site_b,SIM,synthetic_demo,B-WAN-1,UP,1000.0,68.6857,69.81,0.0,22.1,1.4464,0.103,0,UP,4.0,0.0,6,6,59,-61.0,24.413,7.937,0,0,0,32,0,47.0,0.0,0,0,,,,,,,,,,,,,,,,,,,,,0.0,0,,SYNTHETIC,0
doe-007,0,596,2026-09-03T09:09:56Z,2026-09-03T09:09:57Z,2026-09-03T09:09:56Z,2026-09-03T09:09:57Z,site_a,SIM,synthetic_demo,A-WAN-1,UP,1000.0,267.5177,266.86,0.0,16.72,0.3886,0.077,0,UP,4.0,0.0,48,12,91,-62.4,21.025,6.764,0,2,0,7,0,239.0,0.0,0,0,LOAD_SHED,LOAD_SHED,0,1,47.55,92.0,47.9614,47.7718,2.1141,3.68934,3.68934,3.67475,3.67475,0.0,23.2,141.393,3,32.297,,DISCHARGE,0.0,0,,SYNTHETIC,0
doe-007,0,596,2026-09-03T09:09:56Z,2026-09-03T09:09:57Z,2026-09-03T09:09:56Z,2026-09-03T09:09:57Z,site_b,SIM,synthetic_demo,B-WAN-1,UP,1000.0,70.8748,71.59,0.0,21.53,0.1659,0.097,0,UP,4.0,0.0,6,6,27,-62.0,20.005,5.671,0,0,0,32,0,31.0,0.0,0,0,,,,,,,,,,,,,,,,,,,,,0.0,0,,SYNTHETIC,0
doe-007,0,597,2026-09-03T09:09:57Z,2026-09-03T09:09:58Z,2026-09-03T09:09:57Z,2026-09-03T09:09:58Z,site_a,SIM,synthetic_demo,A-WAN-1,UP,1000.0,279.4737,279.63,0.0,16.89,0.818,0.066,0,UP,4.0,0.0,48,12,89,-59.7,21.866,6.576,0,3,0,7,0,271.0,0.0,0,0,LOAD_SHED,LOAD_SHED,0,1,47.46,92.0,47.9614,47.7672,2.1648,3.68934,3.68934,3.6744,3.6744,0.0,23.4,144.766,3,32.235,,DISCHARGE,0.0,0,,SYNTHETIC,0
doe-007,0,597,2026-09-03T09:09:57Z,2026-09-03T09:09:58Z,2026-09-03T09:09:57Z,2026-09-03T09:09:58Z,site_b,SIM,synthetic_demo,B-WAN-1,UP,1000.0,76.0835,76.57,0.0,23.32,1.7082,0.106,0,UP,4.0,0.0,6,6,28,-62.9,18.681,5.187,0,0,0,32,0,52.0,0.0,0,0,,,,,,,,,,,,,,,,,,,,,0.0,0,,SYNTHETIC,0
doe-007,0,598,2026-09-03T09:09:58Z,2026-09-03T09:09:59Z,2026-09-03T09:09:58Z,2026-09-03T09:09:59Z,site_a,SIM,synthetic_demo,A-WAN-1,UP,1000.0,276.8728,276.37,0.0,17.56,1.3823,0.111,0,UP,4.0,0.0,48,12,44,-62.3,18.055,5.109,2,3,0,7,0,393.0,0.0,0,0,LOAD_SHED,LOAD_SHED,0,1,47.53,92.0,47.9613,47.7677,2.1578,3.68933,3.68933,3.67444,3.67444,0.0,23.3,144.301,3,32.242,,DISCHARGE,0.0,0,,SYNTHETIC,0
doe-007,0,598,2026-09-03T09:09:58Z,2026-09-03T09:09:59Z,2026-09-03T09:09:58Z,2026-09-03T09:09:59Z,site_b,SIM,synthetic_demo,B-WAN-1,UP,1000.0,71.9036,71.87,0.0,21.86,1.4139,0.124,0,UP,4.0,0.0,6,6,58,-61.9,27.681,7.256,0,0,0,32,0,46.0,0.0,0,0,,,,,,,,,,,,,,,,,,,,,0.0,0,,SYNTHETIC,0
doe-007,0,599,2026-09-03T09:09:59Z,2026-09-03T09:10:00Z,2026-09-03T09:09:59Z,2026-09-03T09:10:00Z,site_a,SIM,synthetic_demo,A-WAN-1,UP,1000.0,262.4612,262.76,0.0,16.66,0.4128,0.108,0,UP,4.0,0.0,48,12,34,-61.9,16.491,4.66,0,3,0,7,0,332.0,0.0,0,0,LOAD_SHED,LOAD_SHED,0,1,47.45,92.0,47.9612,47.7726,2.1028,3.68933,3.68933,3.67482,3.67482,0.0,23.3,140.634,3,32.308,,DISCHARGE,0.0,0,,SYNTHETIC,0
doe-007,0,599,2026-09-03T09:09:59Z,2026-09-03T09:10:00Z,2026-09-03T09:09:59Z,2026-09-03T09:10:00Z,site_b,SIM,synthetic_demo,B-WAN-1,UP,1000.0,83.1884,84.66,0.0,23.03,1.8887,0.125,0,UP,4.0,0.0,6,6,65,-63.0,28.094,8.098,0,1,0,32,0,41.0,0.0,0,0,,,,,,,,,,,,,,,,,,,,,0.0,0,,SYNTHETIC,0
doe-007,0,600,2026-09-03T09:10:00Z,2026-09-03T09:10:01Z,2026-09-03T09:10:00Z,2026-09-03T09:10:01Z,site_a,SIM,synthetic_demo,A-WAN-1,UP,1000.0,256.3287,255.08,0.0,15.5,0.1658,0.091,0,UP,4.0,0.0,48,12,51,-62.0,16.733,5.006,0,2,0,7,0,290.0,0.0,0,0,LOAD_SHED,LOAD_SHED,0,1,47.47,92.0,47.9612,47.7701,2.1299,3.68932,3.68932,3.67462,3.67462,0.0,23.3,142.441,3,32.274,,DISCHARGE,0.0,0,,SYNTHETIC,0
doe-007,0,600,2026-09-03T09:10:00Z,2026-09-03T09:10:01Z,2026-09-03T09:10:00Z,2026-09-03T09:10:01Z,site_b,SIM,synthetic_demo,B-WAN-1,UP,1000.0,73.9517,73.73,0.0,22.37,1.3372,0.09,0,UP,4.0,0.0,6,6,71,-60.0,29.517,8.665,0,1,0,32,0,58.0,0.0,0,0,,,,,,,,,,,,,,,,,,,,,0.0,0,,SYNTHETIC,0
doe-007,0,601,2026-09-03T09:10:01Z,2026-09-03T09:10:02Z,2026-09-03T09:10:01Z,2026-09-03T09:10:02Z,site_a,SIM,synthetic_demo,A-WAN-1,UP,1000.0,257.6129,256.68,0.0,21.52,5.252,0.085,0,UP,4.0,0.0,48,12,60,-61.9,20.226,5.741,1,3,0,7,0,347.0,0.0,0,0,LOAD_SHED,LOAD_SHED,0,1,47.49,92.0,47.9611,47.7707,2.1227,3.68931,3.68931,3.67467,3.67467,0.0,23.3,141.964,3,32.282,,DISCHARGE,0.0,0,,SYNTHETIC,0
doe-007,0,601,2026-09-03T09:10:01Z,2026-09-03T09:10:02Z,2026-09-03T09:10:01Z,2026-09-03T09:10:02Z,site_b,SIM,synthetic_demo,B-WAN-1,UP,1000.0,73.7531,74.1,0.0,23.98,2.6947,0.12,0,UP,4.0,0.0,6,6,61,-63.9,26.777,9.009,0,0,0,32,0,71.0,0.0,0,0,,,,,,,,,,,,,,,,,,,,,0.0,0,,SYNTHETIC,0
doe-007,0,602,2026-09-03T09:10:02Z,2026-09-03T09:10:03Z,2026-09-03T09:10:02Z,2026-09-03T09:10:03Z,site_a,SIM,synthetic_demo,A-WAN-1,UP,1000.0,312.9418,313.3,0.0,15.71,0.2063,,0,UP,4.0,0.0,48,12,46,-62.5,17.205,4.942,0,2,0,7,0,308.0,0.0,0,0,LOAD_SHED,LOAD_SHED,0,1,47.54,92.0,47.961,47.77,2.1295,3.68931,3.68931,3.67462,3.67462,0.0,23.3,142.415,3,32.273,,DISCHARGE,0.0,0,,SYNTHETIC|GAP|MISSING_MCAR,0
doe-007,0,602,2026-09-03T09:10:02Z,2026-09-03T09:10:03Z,2026-09-03T09:10:02Z,2026-09-03T09:10:03Z,site_b,SIM,synthetic_demo,B-WAN-1,UP,1000.0,69.5098,69.39,0.0,22.61,2.0317,0.078,0,UP,4.0,0.0,6,6,23,-60.2,16.765,4.625,0,1,0,32,0,66.0,0.0,0,0,,,,,,,,,,,,,,,,,,,,,0.0,0,,SYNTHETIC,0
doe-007,0,603,2026-09-03T09:10:03Z,2026-09-03T09:10:04Z,2026-09-03T09:10:03Z,2026-09-03T09:10:04Z,site_a,SIM,synthetic_demo,A-WAN-1,UP,1000.0,291.6367,292.48,0.0,16.41,1.2642,0.087,0,UP,4.0,0.0,48,48,237,-62.9,18.703,5.787,1,3,0,7,0,276.0,0.0,0,0,LOAD_SHED,BATTERY,0,1,47.46,92.0,47.961,47.7681,2.1497,3.6893,3.6893,3.67447,3.67447,0.0,23.2,143.758,,398.336,,DISCHARGE,0.0,0,,SYNTHETIC,0
doe-007,0,603,2026-09-03T09:10:03Z,2026-09-03T09:10:04Z,2026-09-03T09:10:03Z,2026-09-03T09:10:04Z,site_b,SIM,synthetic_demo,B-WAN-1,UP,1000.0,72.5039,73.06,0.0,22.84,2.0627,0.123,0,UP,4.0,0.0,6,6,33,-62.4,19.71,5.699,0,0,0,32,0,60.0,0.0,0,0,,,,,,,,,,,,,,,,,,,,,0.0,0,,SYNTHETIC,0
doe-007,0,604,2026-09-03T09:10:04Z,2026-09-03T09:10:05Z,2026-09-03T09:10:04Z,2026-09-03T09:10:05Z,site_a,SIM,synthetic_demo,A-WAN-1,UP,1000.0,315.9381,316.53,0.0,16.27,0.2943,0.099,0,UP,4.0,0.0,48,48,288,-62.2,19.968,6.159,1,2,0,7,0,307.0,0.0,0,0,BATTERY,BATTERY,0,1,47.52,92.0,47.9603,45.4594,27.8806,3.68925,3.68925,3.49688,3.49688,0.0,23.1,1774.107,,32.277,OCP_DSG,DISCHARGE,0.0,0,,SYNTHETIC,0
doe-007,0,604,2026-09-03T09:10:04Z,2026-09-03T09:10:05Z,2026-09-03T09:10:04Z,2026-09-03T09:10:05Z,site_b,SIM,synthetic_demo,B-WAN-1,UP,1000.0,74.4366,74.09,0.0,21.64,0.3577,0.102,0,UP,4.0,0.0,6,6,35,-64.1,20.387,6.511,0,1,0,32,0,52.0,0.0,0,0,,,,,,,,,,,,,,,,,,,,,0.0,0,,SYNTHETIC,0
doe-007,0,605,2026-09-03T09:10:05Z,2026-09-03T09:10:06Z,2026-09-03T09:10:05Z,2026-09-03T09:10:06Z,site_a,SIM,synthetic_demo,A-WAN-1,UP,1000.0,435.5276,436.03,0.0,16.64,0.4207,0.054,0,UP,4.0,0.0,48,12,80,-63.4,21.611,6.628,0,3,0,7,0,328.0,0.0,0,0,BATTERY,LOAD_SHED,0,1,47.44,92.0,47.9602,47.7672,2.1519,3.68925,3.68925,3.6744,3.6744,0.0,23.4,143.904,3,32.233,,DISCHARGE,0.0,0,,SYNTHETIC,0
doe-007,0,605,2026-09-03T09:10:05Z,2026-09-03T09:10:06Z,2026-09-03T09:10:05Z,2026-09-03T09:10:06Z,site_b,SIM,synthetic_demo,B-WAN-1,UP,1000.0,73.9205,73.84,0.0,21.97,0.8827,0.089,0,UP,4.0,0.0,6,6,89,-62.3,32.546,9.351,0,0,0,32,0,59.0,0.0,0,0,,,,,,,,,,,,,,,,,,,,,0.0,0,,SYNTHETIC,0
doe-007,0,606,2026-09-03T09:10:06Z,2026-09-03T09:10:07Z,2026-09-03T09:10:06Z,2026-09-03T09:10:07Z,site_a,SIM,synthetic_demo,A-WAN-1,UP,1000.0,271.89,271.54,0.0,17.81,1.8726,0.075,0,UP,4.0,0.0,48,12,49,-63.4,17.3,5.31,0,5,0,7,0,241.0,0.0,0,0,LOAD_SHED,LOAD_SHED,0,1,47.49,92.0,47.9601,47.7706,2.1129,3.68924,3.68924,3.67466,3.67466,0.0,23.2,141.31,3,32.28,,DISCHARGE,0.0,0,,SYNTHETIC,0
doe-007,0,606,2026-09-03T09:10:06Z,2026-09-03T09:10:07Z,2026-09-03T09:10:06Z,2026-09-03T09:10:07Z,site_b,SIM,synthetic_demo,B-WAN-1,UP,1000.0,72.3095,71.47,0.0,21.29,0.9224,0.135,0,UP,4.0,0.0,6,6,44,-62.3,21.338,6.816,0,0,0,32,0,64.0,0.0,0,0,,,,,,,,,,,,,,,,,,,,,0.0,0,,SYNTHETIC,0
doe-007,0,607,2026-09-03T09:10:07Z,2026-09-03T09:10:08Z,2026-09-03T09:10:07Z,2026-09-03T09:10:08Z,site_a,SIM,synthetic_demo,A-WAN-1,UP,1000.0,218.6315,218.77,0.0,18.24,2.273,0.104,0,UP,4.0,0.0,48,12,45,-61.8,17.912,4.884,0,3,0,7,0,344.0,0.0,0,0,LOAD_SHED,LOAD_SHED,0,1,47.47,92.0,47.9601,47.7666,2.1571,3.68924,3.68924,3.67435,3.67435,0.0,23.2,144.252,3,32.225,,DISCHARGE,0.0,0,,SYNTHETIC,0
doe-007,0,607,2026-09-03T09:10:07Z,2026-09-03T09:10:08Z,2026-09-03T09:10:07Z,2026-09-03T09:10:08Z,site_b,SIM,synthetic_demo,B-WAN-1,UP,1000.0,98.2398,98.34,0.0,22.62,1.5769,0.112,0,UP,4.0,0.0,6,6,61,-64.3,26.629,8.169,0,1,0,32,0,58.0,0.0,0,0,,,,,,,,,,,,,,,,,,,,,0.0,0,,SYNTHETIC,0
doe-007,0,608,2026-09-03T09:10:08Z,2026-09-03T09:10:09Z,2026-09-03T09:10:08Z,2026-09-03T09:10:09Z,site_a,SIM,synthetic_demo,A-WAN-1,UP,1000.0,273.9995,274.06,0.0,16.89,1.2791,0.073,0,UP,4.0,0.0,48,12,51,-61.7,17.402,5.328,0,2,0,7,0,432.0,0.0,0,0,LOAD_SHED,LOAD_SHED,0,1,47.47,92.0,47.96,47.7692,2.1274,3.68923,3.68923,3.67455,3.67455,0.0,23.4,142.273,3,32.26,,DISCHARGE,0.0,0,,SYNTHETIC,0
doe-007,0,608,2026-09-03T09:10:08Z,2026-09-03T09:10:09Z,2026-09-03T09:10:08Z,2026-09-03T09:10:09Z,site_b,SIM,synthetic_demo,B-WAN-1,UP,1000.0,72.2207,72.26,0.0,22.5,1.6142,0.096,0,UP,4.0,0.0,6,6,23,-61.8,17.25,4.975,0,2,0,32,0,52.0,0.0,0,0,,,,,,,,,,,,,,,,,,,,,0.0,0,,SYNTHETIC,0
doe-007,0,609,2026-09-03T09:10:09Z,2026-09-03T09:10:10Z,2026-09-03T09:10:09Z,2026-09-03T09:10:10Z,site_a,SIM,synthetic_demo,A-WAN-1,UP,1000.0,273.217,272.97,0.0,19.02,3.0123,0.077,0,UP,4.0,0.0,48,12,55,-62.7,18.967,6.27,0,2,0,7,0,408.0,0.0,0,0,LOAD_SHED,LOAD_SHED,0,1,47.4,92.0,47.9599,47.7693,2.1255,3.68923,3.68923,3.67456,3.67456,0.0,23.3,142.145,3,32.262,,DISCHARGE,0.0,0,,SYNTHETIC,0
doe-007,0,609,2026-09-03T09:10:09Z,2026-09-03T09:10:10Z,2026-09-03T09:10:09Z,2026-09-03T09:10:10Z,site_b,SIM,synthetic_demo,B-WAN-1,UP,1000.0,72.8261,71.89,0.0,22.67,1.5004,0.081,0,UP,4.0,0.0,6,6,35,-59.9,21.323,5.844,0,0,0,32,0,60.0,0.0,0,0,,,,,,,,,,,,,,,,,,,,,0.0,0,,SYNTHETIC,0
doe-007,0,610,2026-09-03T09:10:10Z,2026-09-03T09:10:11Z,2026-09-03T09:10:10Z,2026-09-03T09:10:11Z,site_a,SIM,synthetic_demo,A-WAN-1,UP,1000.0,294.079,293.01,0.0,15.99,0.1981,0.112,0,UP,4.0,0.0,48,12,102,-61.7,22.566,7.441,0,5,0,7,0,586.0,0.0,0,0,LOAD_SHED,LOAD_SHED,0,1,47.46,92.0,47.9599,47.7689,2.1289,3.68922,3.68922,3.67453,3.67453,0.0,23.3,142.373,3,32.257,,DISCHARGE,0.0,0,,SYNTHETIC,0
doe-007,0,610,2026-09-03T09:10:10Z,2026-09-03T09:10:11Z,2026-09-03T09:10:10Z,2026-09-03T09:10:11Z,site_b,SIM,synthetic_demo,B-WAN-1,UP,1000.0,86.7123,86.88,0.0,22.76,1.9112,0.106,0,UP,4.0,0.0,6,6,33,-62.2,18.223,5.397,0,1,0,32,0,46.0,0.0,0,0,,,,,,,,,,,,,,,,,,,,,0.0,0,,SYNTHETIC,0
doe-007,0,611,2026-09-03T09:10:11Z,2026-09-03T09:10:12Z,2026-09-03T09:10:11Z,2026-09-03T09:10:12Z,site_a,SIM,synthetic_demo,A-WAN-1,UP,1000.0,273.4077,273.37,0.0,,1.561,0.068,0,UP,4.0,0.0,48,12,38,-61.1,17.011,4.424,0,2,0,7,0,383.0,0.0,0,0,LOAD_SHED,LOAD_SHED,0,1,47.48,92.0,47.9598,47.7677,2.141,3.68921,3.68921,3.67444,3.67444,0.0,23.3,143.181,3,32.241,,DISCHARGE,0.0,0,,SYNTHETIC|GAP|MISSING_MAR,0
doe-007,0,611,2026-09-03T09:10:11Z,2026-09-03T09:10:12Z,2026-09-03T09:10:11Z,2026-09-03T09:10:12Z,site_b,SIM,synthetic_demo,B-WAN-1,UP,1000.0,73.1215,72.87,0.0,21.13,0.1703,0.106,0,UP,4.0,0.0,6,6,70,-61.2,28.772,8.536,1,0,0,32,0,48.0,0.0,0,0,,,,,,,,,,,,,,,,,,,,,0.0,0,,SYNTHETIC,0
doe-007,0,612,2026-09-03T09:10:12Z,2026-09-03T09:10:13Z,2026-09-03T09:10:12Z,2026-09-03T09:10:13Z,site_a,SIM,synthetic_demo,A-WAN-1,UP,1000.0,329.6481,329.1,0.0,17.43,1.4383,0.111,0,UP,4.0,0.0,48,12,41,-62.6,15.788,4.576,1,3,0,7,0,402.0,0.0,0,0,LOAD_SHED,LOAD_SHED,0,1,47.43,92.0,47.9597,47.7628,2.1949,3.68921,3.68921,3.67406,3.67406,0.0,23.5,146.766,3,32.175,,DISCHARGE,0.0,0,,SYNTHETIC,0
doe-007,0,612,2026-09-03T09:10:12Z,2026-09-03T09:10:13Z,2026-09-03T09:10:12Z,2026-09-03T09:10:13Z,site_b,SIM,synthetic_demo,B-WAN-1,UP,1000.0,119.9087,120.62,0.0,24.9,3.7105,0.102,0,UP,4.0,0.0,6,6,36,-63.3,21.441,6.636,1,0,0,32,0,58.0,0.0,0,0,,,,,,,,,,,,,,,,,,,,,0.0,0,,SYNTHETIC,0
doe-007,0,613,2026-09-03T09:10:13Z,2026-09-03T09:10:14Z,2026-09-03T09:10:13Z,2026-09-03T09:10:14Z,site_a,SIM,synthetic_demo,A-WAN-1,UP,1000.0,286.7575,288.23,0.0,17.94,1.4633,0.052,0,UP,4.0,0.0,48,12,55,-63.2,18.859,5.774,0,2,0,7,0,331.0,0.0,0,0,LOAD_SHED,LOAD_SHED,0,1,47.44,92.0,47.9597,47.7669,2.1486,3.6892,3.6892,3.67438,3.67438,0.0,23.3,143.681,3,32.23,,DISCHARGE,0.0,0,,SYNTHETIC,0
doe-007,0,613,2026-09-03T09:10:13Z,2026-09-03T09:10:14Z,2026-09-03T09:10:13Z,2026-09-03T09:10:14Z,site_b,SIM,synthetic_demo,B-WAN-1,UP,1000.0,74.6877,74.58,0.0,21.75,0.6764,0.091,0,UP,4.0,0.0,6,6,41,-63.1,21.215,6.634,0,2,0,32,0,58.0,0.0,0,0,,,,,,,,,,,,,,,,,,,,,0.0,0,,SYNTHETIC,0
doe-007,0,614,2026-09-03T09:10:14Z,2026-09-03T09:10:15Z,2026-09-03T09:10:14Z,2026-09-03T09:10:15Z,site_a,SIM,synthetic_demo,A-WAN-1,UP,1000.0,317.9674,317.71,0.0,17.14,0.9414,0.088,0,UP,4.0,0.0,48,12,82,-63.3,22.868,6.4,0,3,0,7,0,532.0,0.0,0,0,LOAD_SHED,LOAD_SHED,0,1,47.47,92.0,47.9596,47.7733,2.0763,3.6892,3.6892,3.67487,3.67487,0.0,23.3,138.866,3,32.317,,DISCHARGE,0.0,0,,SYNTHETIC,0
doe-007,0,614,2026-09-03T09:10:14Z,2026-09-03T09:10:15Z,2026-09-03T09:10:14Z,2026-09-03T09:10:15Z,site_b,SIM,synthetic_demo,B-WAN-1,UP,1000.0,84.2581,83.98,0.0,24.02,2.0184,0.114,0,UP,4.0,0.0,6,6,44,-63.7,21.972,7.224,0,0,0,32,0,63.0,0.0,0,0,,,,,,,,,,,,,,,,,,,,,0.0,0,,SYNTHETIC,0
doe-007,0,615,2026-09-03T09:10:15Z,2026-09-03T09:10:16Z,2026-09-03T09:10:15Z,2026-09-03T09:10:16Z,site_a,SIM,synthetic_demo,A-WAN-1,UP,1000.0,244.6201,245.68,0.0,18.27,2.387,0.056,0,UP,4.0,0.0,48,12,80,-60.8,20.15,6.335,1,2,0,7,0,534.0,0.0,0,0,LOAD_SHED,LOAD_SHED,0,1,47.43,92.0,47.9595,47.7683,2.1321,3.68919,3.68919,3.67448,3.67448,0.0,23.3,142.581,3,32.249,,DISCHARGE,0.0,0,,SYNTHETIC,0
doe-007,0,615,2026-09-03T09:10:15Z,2026-09-03T09:10:16Z,2026-09-03T09:10:15Z,2026-09-03T09:10:16Z,site_b,SIM,synthetic_demo,B-WAN-1,UP,1000.0,74.2838,74.53,0.0,23.48,2.5515,0.13,0,UP,4.0,0.0,6,6,48,-59.8,24.241,6.486,0,0,0,32,0,47.0,0.0,0,0,,,,,,,,,,,,,,,,,,,,,0.0,0,,SYNTHETIC,0
doe-007,0,616,2026-09-03T09:10:16Z,2026-09-03T09:10:17Z,2026-09-03T09:10:16Z,2026-09-03T09:10:17Z,site_a,SIM,synthetic_demo,A-WAN-1,UP,1000.0,247.9516,247.43,0.0,16.71,0.6406,0.119,0,UP,4.0,0.0,48,12,66,-63.5,20.176,5.751,0,3,0,7,0,334.0,0.0,0,0,LOAD_SHED,LOAD_SHED,0,1,47.47,92.0,47.9595,47.7649,2.1692,3.68919,3.68919,3.67422,3.67422,0.0,23.4,145.055,3,32.203,,DISCHARGE,0.0,0,,SYNTHETIC,0
doe-007,0,616,2026-09-03T09:10:16Z,2026-09-03T09:10:17Z,2026-09-03T09:10:16Z,2026-09-03T09:10:17Z,site_b,SIM,synthetic_demo,B-WAN-1,UP,1000.0,67.4985,68.48,0.0,22.37,0.8764,0.108,0,UP,4.0,0.0,6,6,76,-61.6,29.756,9.28,0,1,0,32,0,41.0,0.0,0,0,,,,,,,,,,,,,,,,,,,,,0.0,0,,SYNTHETIC,0
doe-007,0,617,2026-09-03T09:10:17Z,2026-09-03T09:10:18Z,2026-09-03T09:10:17Z,2026-09-03T09:10:18Z,site_a,SIM,synthetic_demo,A-WAN-1,UP,1000.0,445.5086,445.98,0.0,18.19,2.0478,0.09,0,UP,4.0,0.0,48,12,49,-62.7,17.668,5.459,0,3,0,7,0,419.0,0.0,0,0,LOAD_SHED,LOAD_SHED,0,1,47.54,92.0,47.9594,47.7673,2.1417,3.68918,3.68918,3.67441,3.67441,0.0,23.5,143.222,3,32.235,,DISCHARGE,0.0,0,,SYNTHETIC,0
doe-007,0,617,2026-09-03T09:10:17Z,2026-09-03T09:10:18Z,2026-09-03T09:10:17Z,2026-09-03T09:10:18Z,site_b,SIM,synthetic_demo,B-WAN-1,UP,1000.0,87.3578,87.51,0.0,23.39,2.1505,0.083,0,UP,4.0,0.0,6,6,34,-62.5,19.376,6.248,0,1,0,32,0,49.0,0.0,0,0,,,,,,,,,,,,,,,,,,,,,0.0,0,,SYNTHETIC,0
doe-007,0,618,2026-09-03T09:10:18Z,2026-09-03T09:10:19Z,2026-09-03T09:10:18Z,2026-09-03T09:10:19Z,site_a,SIM,synthetic_demo,A-WAN-1,UP,1000.0,326.5644,326.57,0.0,17.01,1.5719,0.05,0,UP,4.0,0.0,48,12,53,-61.8,17.116,5.477,0,2,0,7,0,262.0,0.0,0,0,LOAD_SHED,LOAD_SHED,0,1,47.44,92.0,47.9593,47.7641,2.1765,3.68918,3.68918,3.67416,3.67416,0.0,23.3,145.542,3,32.192,,DISCHARGE,0.0,0,,SYNTHETIC,0
doe-007,0,618,2026-09-03T09:10:18Z,2026-09-03T09:10:19Z,2026-09-03T09:10:18Z,2026-09-03T09:10:19Z,site_b,SIM,synthetic_demo,B-WAN-1,UP,1000.0,68.2524,68.63,0.0,21.22,0.3837,0.112,0,UP,4.0,0.0,6,6,17,-63.0,15.302,4.871,0,0,0,32,0,61.0,0.0,0,0,,,,,,,,,,,,,,,,,,,,,0.0,0,,SYNTHETIC,0
doe-007,0,619,2026-09-03T09:10:19Z,2026-09-03T09:10:20Z,2026-09-03T09:10:19Z,2026-09-03T09:10:20Z,site_a,SIM,synthetic_demo,A-WAN-1,UP,1000.0,257.7873,256.84,0.0,16.48,0.9125,0.077,0,UP,4.0,0.0,48,12,52,-62.4,16.847,5.598,0,2,0,7,0,337.0,0.0,0,0,LOAD_SHED,LOAD_SHED,0,1,47.54,92.0,47.9593,47.7669,2.1446,3.68917,3.68917,3.67438,3.67438,0.0,23.4,143.419,3,32.23,,DISCHARGE,0.0,0,,SYNTHETIC,0
doe-007,0,619,2026-09-03T09:10:19Z,2026-09-03T09:10:20Z,2026-09-03T09:10:19Z,2026-09-03T09:10:20Z,site_b,SIM,synthetic_demo,B-WAN-1,UP,1000.0,60.8095,59.59,0.0,21.82,0.8546,0.115,0,UP,4.0,0.0,6,6,52,-61.8,24.725,7.899,0,1,0,32,0,56.0,0.0,0,0,,,,,,,,,,,,,,,,,,,,,0.0,0,,SYNTHETIC,0
doe-007,0,620,2026-09-03T09:10:20Z,2026-09-03T09:10:21Z,2026-09-03T09:10:20Z,2026-09-03T09:10:21Z,site_a,SIM,synthetic_demo,A-WAN-1,UP,1000.0,269.6468,270.06,0.0,18.14,1.9631,0.073,0,UP,4.0,0.0,48,48,194,-62.1,17.493,5.212,0,5,0,7,0,299.0,0.0,0,0,LOAD_SHED,BATTERY,0,1,47.44,92.0,47.8742,47.6773,2.1947,3.60417,3.68917,3.58902,3.67402,85.0,23.2,146.488,,390.613,,DISCHARGE,0.0,0,,SYNTHETIC,0
doe-007,0,620,2026-09-03T09:10:20Z,2026-09-03T09:10:21Z,2026-09-03T09:10:20Z,2026-09-03T09:10:21Z,site_b,SIM,synthetic_demo,B-WAN-1,UP,1000.0,72.1285,71.86,0.0,21.76,1.5645,0.105,0,UP,4.0,0.0,6,6,63,-63.3,28.31,8.707,0,1,0,32,0,61.0,0.0,0,1,,,,,,,,,,,,,,,,,,,,,0.25,0,,SYNTHETIC,0
doe-007,0,621,2026-09-03T09:10:21Z,2026-09-03T09:10:22Z,2026-09-03T09:10:21Z,2026-09-03T09:10:22Z,site_a,SIM,synthetic_demo,A-WAN-1,UP,1000.0,250.0265,250.06,0.0,17.71,1.7866,0.09,0,UP,4.0,0.0,48,48,148,-62.4,16.36,4.888,1,0,0,7,0,261.0,0.0,0,0,BATTERY,BATTERY,0,1,47.48,92.0,47.8735,45.3705,27.9036,3.60411,3.68911,3.41158,3.49658,85.0,23.3,1772.102,,32.288,OCP_DSG,DISCHARGE,0.0,0,,SYNTHETIC,0
doe-007,0,621,2026-09-03T09:10:21Z,2026-09-03T09:10:22Z,2026-09-03T09:10:21Z,2026-09-03T09:10:22Z,site_b,SIM,synthetic_demo,B-WAN-1,UP,1000.0,77.1336,78.19,0.0,22.07,0.7879,0.126,0,UP,4.0,0.0,6,6,42,-62.1,20.678,6.649,0,0,0,32,0,78.0,0.0,0,0,,,,,,,,,,,,,,,,,,,,,0.0,0,,SYNTHETIC,0
doe-007,0,622,2026-09-03T09:10:22Z,2026-09-03T09:10:23Z,2026-09-03T09:10:22Z,2026-09-03T09:10:23Z,site_a,SIM,synthetic_demo,A-WAN-1,UP,1000.0,229.8818,229.97,0.0,16.98,1.0913,0.083,0,UP,4.0,0.0,48,12,77,-62.1,20.466,6.226,1,1,0,7,0,312.0,0.0,0,0,BATTERY,LOAD_SHED,0,1,47.47,92.0,47.8734,47.6759,2.2021,3.60411,3.68911,3.58892,3.67392,85.0,23.3,146.979,3,32.153,,DISCHARGE,0.0,0,,SYNTHETIC,0
doe-007,0,622,2026-09-03T09:10:22Z,2026-09-03T09:10:23Z,2026-09-03T09:10:22Z,2026-09-03T09:10:23Z,site_b,SIM,synthetic_demo,B-WAN-1,UP,1000.0,79.2978,79.03,0.0,22.13,0.9828,0.094,0,UP,4.0,0.0,6,6,73,-63.3,27.851,8.564,0,0,0,32,0,57.0,0.0,0,0,,,,,,,,,,,,,,,,,,,,,0.0,0,,SYNTHETIC,0
doe-007,0,623,2026-09-03T09:10:23Z,2026-09-03T09:10:24Z,2026-09-03T09:10:23Z,2026-09-03T09:10:24Z,site_a,SIM,synthetic_demo,A-WAN-1,UP,1000.0,291.1794,291.67,0.0,17.22,2.2547,0.095,0,UP,4.0,0.0,48,12,52,-61.9,18.162,5.59,0,1,0,7,0,333.0,0.0,0,0,LOAD_SHED,LOAD_SHED,0,1,47.46,92.0,47.8734,47.6851,2.0989,3.6041,3.6891,3.58962,3.67462,85.0,23.3,140.121,3,32.276,,DISCHARGE,0.0,0,,SYNTHETIC,0
doe-007,0,623,2026-09-03T09:10:23Z,2026-09-03T09:10:24Z,2026-09-03T09:10:23Z,2026-09-03T09:10:24Z,site_b,SIM,synthetic_demo,B-WAN-1,UP,1000.0,82.5866,82.83,0.0,21.82,0.696,0.125,0,UP,4.0,0.0,6,6,35,-62.2,20.514,5.805,1,0,0,32,0,71.0,0.0,0,0,,,,,,,,,,,,,,,,,,,,,0.0,0,,SYNTHETIC,0
doe-007,0,624,2026-09-03T09:10:24Z,2026-09-03T09:10:25Z,2026-09-03T09:10:24Z,2026-09-03T09:10:25Z,site_a,SIM,synthetic_demo,A-WAN-1,UP,1000.0,228.3765,228.65,0.0,17.82,0.9711,0.08,0,UP,4.0,0.0,48,12,97,-62.5,22.865,7.776,0,2,0,7,0,272.0,0.0,0,0,LOAD_SHED,LOAD_SHED,0,1,47.52,92.0,47.8733,47.6846,2.1034,3.6041,3.6891,3.58959,3.67459,85.0,23.3,140.416,3,32.27,,DISCHARGE,0.0,0,,SYNTHETIC,0
doe-007,0,624,2026-09-03T09:10:24Z,2026-09-03T09:10:25Z,2026-09-03T09:10:24Z,2026-09-03T09:10:25Z,site_b,SIM,synthetic_demo,B-WAN-1,UP,1000.0,63.8725,63.51,0.0,21.13,0.6093,0.12,0,UP,4.0,0.0,6,6,79,-61.0,29.59,9.375,0,1,0,32,0,74.0,0.0,0,0,,,,,,,,,,,,,,,,,,,,,0.0,0,,SYNTHETIC,0
doe-007,0,625,2026-09-03T09:10:25Z,2026-09-03T09:10:26Z,2026-09-03T09:10:25Z,2026-09-03T09:10:26Z,site_a,SIM,synthetic_demo,A-WAN-1,UP,1000.0,349.8647,349.8,0.0,17.2,1.3156,0.072,0,UP,4.0,0.0,48,12,61,-60.4,18.428,4.874,0,0,0,7,0,247.0,0.0,0,0,LOAD_SHED,LOAD_SHED,0,1,47.45,92.0,47.8732,47.6849,2.0993,3.60409,3.68909,3.58961,3.67461,85.0,23.4,140.147,3,32.274,,DISCHARGE,0.0,0,,SYNTHETIC,0
doe-007,0,625,2026-09-03T09:10:25Z,2026-09-03T09:10:26Z,2026-09-03T09:10:25Z,2026-09-03T09:10:26Z,site_b,SIM,synthetic_demo,B-WAN-1,UP,1000.0,85.5261,85.51,0.0,21.49,0.0048,0.083,0,UP,4.0,0.0,6,6,48,-60.9,22.292,6.919,0,0,0,32,0,74.0,0.0,0,0,,,,,,,,,,,,,,,,,,,,,0.0,0,,SYNTHETIC,0
doe-007,0,626,2026-09-03T09:10:26Z,2026-09-03T09:10:27Z,2026-09-03T09:10:26Z,2026-09-03T09:10:27Z,site_a,SIM,synthetic_demo,A-WAN-1,UP,1000.0,248.2646,248.68,0.0,15.98,0.0385,0.105,0,UP,4.0,0.0,48,12,54,-60.5,17.876,5.449,0,0,0,7,0,511.0,0.0,0,0,LOAD_SHED,LOAD_SHED,0,1,47.47,92.0,47.8732,47.6797,2.1568,3.60409,3.68909,3.58921,3.67421,85.0,23.4,143.968,3,32.204,,DISCHARGE,0.0,0,,SYNTHETIC,0
doe-007,0,626,2026-09-03T09:10:26Z,2026-09-03T09:10:27Z,2026-09-03T09:10:26Z,2026-09-03T09:10:27Z,site_b,SIM,synthetic_demo,B-WAN-1,UP,1000.0,69.3338,69.24,0.0,21.82,0.2658,0.107,0,UP,4.0,0.0,6,6,65,-64.2,27.207,9.17,0,1,0,32,0,55.0,0.0,0,0,,,,,,,,,,,,,,,,,,,,,0.0,0,,SYNTHETIC,0
doe-007,0,627,2026-09-03T09:10:27Z,2026-09-03T09:10:28Z,2026-09-03T09:10:27Z,2026-09-03T09:10:28Z,site_a,SIM,synthetic_demo,A-WAN-1,UP,1000.0,342.9606,342.73,0.0,18.06,1.6255,0.084,0,UP,4.0,0.0,48,12,49,-60.4,19.131,4.866,0,0,0,7,0,407.0,0.0,0,0,LOAD_SHED,LOAD_SHED,0,1,47.42,92.0,47.8731,47.6828,2.1219,3.60408,3.68908,3.58944,3.67444,85.0,23.4,141.645,3,32.245,,DISCHARGE,0.0,0,,SYNTHETIC,0
doe-007,0,627,2026-09-03T09:10:27Z,2026-09-03T09:10:28Z,2026-09-03T09:10:27Z,2026-09-03T09:10:28Z,site_b,SIM,synthetic_demo,B-WAN-1,UP,1000.0,88.6877,88.35,0.0,22.44,1.5972,0.094,0,UP,4.0,0.0,6,6,37,-60.4,18.883,6.016,0,0,0,32,0,50.0,0.0,0,0,,,,,,,,,,,,,,,,,,,,,0.0,0,,SYNTHETIC,0
doe-007,0,628,2026-09-03T09:10:28Z,2026-09-03T09:10:29Z,2026-09-03T09:10:28Z,2026-09-03T09:10:29Z,site_a,SIM,synthetic_demo,A-WAN-1,UP,1000.0,233.0081,232.57,0.0,16.87,0.7061,0.082,0,UP,4.0,0.0,48,12,42,-61.3,16.236,5.252,0,2,0,7,0,296.0,0.0,0,0,LOAD_SHED,LOAD_SHED,0,1,47.45,92.0,47.873,47.679,2.1625,3.60408,3.68908,3.58916,3.67416,85.0,23.2,144.346,3,32.195,,DISCHARGE,0.0,0,,SYNTHETIC,0
doe-007,0,628,2026-09-03T09:10:28Z,2026-09-03T09:10:29Z,2026-09-03T09:10:28Z,2026-09-03T09:10:29Z,site_b,SIM,synthetic_demo,B-WAN-1,UP,1000.0,67.3854,66.24,0.0,22.52,1.2914,0.167,0,UP,4.0,0.0,6,6,39,-63.4,21.446,6.229,0,1,0,32,0,65.0,0.0,0,0,,,,,,,,,,,,,,,,,,,,,0.0,0,,SYNTHETIC,0
doe-007,0,629,2026-09-03T09:10:29Z,2026-09-03T09:10:30Z,2026-09-03T09:10:29Z,2026-09-03T09:10:30Z,site_a,SIM,synthetic_demo,A-WAN-1,UP,1000.0,262.2038,261.48,0.0,16.06,0.0335,0.079,0,UP,4.0,0.0,48,12,58,-61.5,19.311,5.716,0,1,0,7,0,319.0,0.0,0,0,LOAD_SHED,LOAD_SHED,0,1,47.39,92.0,47.873,47.6742,2.2155,3.60407,3.68907,3.58879,3.67379,85.0,23.2,147.872,3,32.131,,DISCHARGE,0.0,0,,SYNTHETIC,0
doe-007,0,629,2026-09-03T09:10:29Z,2026-09-03T09:10:30Z,2026-09-03T09:10:29Z,2026-09-03T09:10:30Z,site_b,SIM,synthetic_demo,B-WAN-1,UP,1000.0,89.4858,88.99,0.0,23.85,3.0493,0.107,0,UP,4.0,0.0,6,6,122,-61.4,40.596,12.084,0,0,0,32,0,39.0,0.0,0,0,,,,,,,,,,,,,,,,,,,,,0.0,0,,SYNTHETIC,0
doe-007,0,630,2026-09-03T09:10:30Z,2026-09-03T09:10:31Z,2026-09-03T09:10:30Z,2026-09-03T09:10:31Z,site_a,SIM,synthetic_demo,A-WAN-1,UP,1000.0,295.4205,295.38,0.0,16.45,0.5842,0.057,0,UP,4.0,0.0,48,12,58,-62.9,19.421,5.933,0,2,0,7,0,307.0,0.0,0,0,LOAD_SHED,LOAD_SHED,0,1,47.4,92.0,47.8729,47.6822,2.1257,3.60407,3.68907,3.5894,3.6744,85.0,23.3,141.897,3,32.238,,DISCHARGE,0.0,0,,SYNTHETIC,0
doe-007,0,630,2026-09-03T09:10:30Z,2026-09-03T09:10:31Z,2026-09-03T09:10:30Z,2026-09-03T09:10:31Z,site_a,SIM,synthetic_demo,A-WAN-1,UP,1000.0,295.4205,295.38,0.0,16.45,0.5842,0.057,0,UP,4.0,0.0,48,12,58,-62.9,19.421,5.933,0,2,0,7,0,307.0,0.0,0,0,LOAD_SHED,LOAD_SHED,0,1,47.4,92.0,47.8729,47.6822,2.1257,3.60407,3.68907,3.5894,3.6744,85.0,23.3,141.897,3,32.238,,DISCHARGE,0.0,0,,SYNTHETIC|DUPLICATE,0
doe-007,0,630,2026-09-03T09:10:30Z,2026-09-03T09:10:31Z,2026-09-03T09:10:30Z,2026-09-03T09:10:31Z,site_b,SIM,synthetic_demo,B-WAN-1,UP,1000.0,77.0602,76.74,0.0,22.58,2.2581,0.099,0,UP,4.0,0.0,6,6,38,-63.0,20.329,6.065,0,0,0,32,0,70.0,0.0,0,0,,,,,,,,,,,,,,,,,,,,,0.0,0,,SYNTHETIC,0
doe-007,0,631,2026-09-03T09:10:31Z,2026-09-03T09:10:32Z,2026-09-03T09:10:31Z,2026-09-03T09:10:32Z,site_a,SIM,synthetic_demo,A-WAN-1,UP,1000.0,283.9158,283.12,0.0,20.52,3.8377,0.088,0,UP,4.0,0.0,48,12,44,-61.3,19.13,5.026,0,0,0,7,0,346.0,0.0,0,0,LOAD_SHED,LOAD_SHED,0,1,47.43,92.0,47.8728,47.6785,2.1662,3.60406,3.68906,3.58912,3.67412,85.0,,144.592,3,32.188,,DISCHARGE,0.0,0,,SYNTHETIC|GAP|MISSING_MAR,0
doe-007,0,631,2026-09-03T09:10:31Z,2026-09-03T09:10:32Z,2026-09-03T09:10:31Z,2026-09-03T09:10:32Z,site_b,SIM,synthetic_demo,B-WAN-1,UP,1000.0,81.5576,82.46,0.0,23.5,2.8302,0.098,0,UP,4.0,0.0,6,6,54,-63.4,25.42,7.805,0,0,0,32,0,50.0,0.0,0,0,,,,,,,,,,,,,,,,,,,,,0.0,0,,SYNTHETIC,0
doe-007,0,632,2026-09-03T09:10:32Z,2026-09-03T09:10:33Z,2026-09-03T09:10:32Z,2026-09-03T09:10:33Z,site_a,SIM,synthetic_demo,A-WAN-1,UP,1000.0,262.1784,262.36,0.0,18.95,2.7843,0.099,0,UP,4.0,0.0,48,12,51,-60.7,18.171,5.749,0,1,0,7,0,282.0,0.0,0,0,LOAD_SHED,LOAD_SHED,0,1,47.4,92.0,47.8727,47.6833,2.1124,3.60406,3.68906,3.58948,3.67448,85.0,23.2,141.017,3,32.252,,DISCHARGE,0.0,0,,SYNTHETIC,0
doe-007,0,632,2026-09-03T09:10:32Z,2026-09-03T09:10:33Z,2026-09-03T09:10:32Z,2026-09-03T09:10:33Z,site_b,SIM,synthetic_demo,B-WAN-1,UP,1000.0,65.8963,65.62,0.0,22.2,0.9441,0.092,0,UP,4.0,0.0,6,6,44,-62.3,21.755,6.564,1,1,0,32,0,66.0,0.0,0,0,,,,,,,,,,,,,,,,,,,,,0.0,0,,SYNTHETIC,0
doe-007,0,633,2026-09-03T09:10:33Z,2026-09-03T09:10:34Z,2026-09-03T09:10:33Z,2026-09-03T09:10:34Z,site_a,SIM,synthetic_demo,A-WAN-1,UP,1000.0,295.9806,296.24,0.0,15.79,0.5237,0.101,0,UP,4.0,0.0,48,12,54,,19.064,5.335,0,0,0,7,0,270.0,0.0,0,0,LOAD_SHED,LOAD_SHED,0,1,47.44,92.0,47.8727,47.6787,2.1628,3.60405,3.68905,3.58913,3.67413,85.0,23.3,144.364,3,32.191,,DISCHARGE,0.0,0,,SYNTHETIC|GAP|MISSING_MAR,0
doe-007,0,633,2026-09-03T09:10:33Z,2026-09-03T09:10:34Z,2026-09-03T09:10:33Z,2026-09-03T09:10:34Z,site_b,SIM,synthetic_demo,B-WAN-1,UP,1000.0,67.7908,68.01,0.0,21.24,0.4519,0.095,0,UP,4.0,0.0,6,6,83,-61.5,30.435,9.418,0,0,0,32,0,59.0,0.0,0,0,,,,,,,,,,,,,,,,,,,,,0.0,0,,SYNTHETIC,0
doe-007,0,634,2026-09-03T09:10:34Z,2026-09-03T09:10:35Z,2026-09-03T09:10:34Z,2026-09-03T09:10:35Z,site_a,SIM,synthetic_demo,A-WAN-1,UP,1000.0,237.4363,237.12,0.0,19.29,2.3937,0.103,0,UP,4.0,0.0,48,12,57,-64.0,17.003,5.829,0,0,0,7,0,458.0,0.0,0,0,LOAD_SHED,LOAD_SHED,0,1,47.42,92.0,47.8726,47.6837,2.1058,3.60405,3.68905,3.58952,3.67452,85.0,23.4,140.573,3,32.258,,DISCHARGE,0.0,0,,SYNTHETIC,0
doe-007,0,634,2026-09-03T09:10:34Z,2026-09-03T09:10:35Z,2026-09-03T09:10:34Z,2026-09-03T09:10:35Z,site_b,SIM,synthetic_demo,B-WAN-1,UP,1000.0,89.6165,90.16,0.0,20.13,0.0918,0.111,0,UP,4.0,0.0,6,6,76,-60.8,29.363,9.16,1,0,0,32,0,48.0,0.0,0,0,,,,,,,,,,,,,,,,,,,,,0.0,0,,SYNTHETIC,0
doe-007,0,635,2026-09-03T09:10:35Z,2026-09-03T09:10:36Z,2026-09-03T09:10:35Z,2026-09-03T09:10:36Z,site_a,SIM,synthetic_demo,A-WAN-1,UP,1000.0,214.3335,215.54,0.0,17.7,1.3147,0.064,0,UP,4.0,0.0,48,12,53,-61.8,17.858,5.422,1,1,0,7,0,494.0,0.0,0,0,LOAD_SHED,LOAD_SHED,0,1,47.47,92.0,47.8725,47.6771,2.1785,3.60404,3.68904,3.58901,3.67401,85.0,23.2,145.406,3,32.17,,DISCHARGE,0.0,0,,SYNTHETIC,0
doe-007,0,635,2026-09-03T09:10:35Z,2026-09-03T09:10:36Z,2026-09-03T09:10:35Z,2026-09-03T09:10:36Z,site_b,SIM,synthetic_demo,B-WAN-1,UP,1000.0,75.9961,74.77,0.0,21.33,1.2277,0.113,0,UP,4.0,0.0,6,6,38,-63.4,22.937,6.252,0,0,0,32,0,57.0,0.0,0,0,,,,,,,,,,,,,,,,,,,,,0.0,0,,SYNTHETIC,0
doe-007,0,636,2026-09-03T09:10:36Z,2026-09-03T09:10:37Z,2026-09-03T09:10:36Z,2026-09-03T09:10:37Z,site_a,SIM,synthetic_demo,A-WAN-1,UP,1000.0,255.2762,254.38,0.0,17.93,2.5705,0.046,0,UP,4.0,0.0,48,12,73,-60.8,20.609,5.693,1,1,0,7,0,508.0,0.0,0,0,LOAD_SHED,LOAD_SHED,0,1,47.36,92.0,47.8725,47.6821,2.1228,3.60404,3.68904,3.58939,3.67439,85.0,23.3,141.703,3,32.236,,DISCHARGE,0.0,0,,SYNTHETIC,0
doe-007,0,636,2026-09-03T09:10:36Z,2026-09-03T09:10:37Z,2026-09-03T09:10:36Z,2026-09-03T09:10:37Z,site_b,SIM,synthetic_demo,B-WAN-1,UP,1000.0,68.1325,68.52,0.0,23.04,1.9246,0.118,0,UP,4.0,0.0,6,6,47,-64.4,23.574,6.948,0,0,0,32,0,24.0,0.0,0,0,,,,,,,,,,,,,,,,,,,,,0.0,0,,SYNTHETIC,0
doe-007,0,637,2026-09-03T09:10:37Z,2026-09-03T09:10:38Z,2026-09-03T09:10:37Z,2026-09-03T09:10:38Z,site_a,SIM,synthetic_demo,A-WAN-1,UP,1000.0,230.506,229.57,0.0,17.18,0.9454,,0,UP,4.0,0.0,48,48,216,-61.2,18.001,5.193,2,4,0,7,0,554.0,0.0,0,0,LOAD_SHED,BATTERY,0,1,47.46,92.0,47.8724,47.6821,2.1211,3.60403,3.68903,3.5894,3.6744,85.0,23.3,141.594,,403.801,,DISCHARGE,0.0,0,,SYNTHETIC|GAP|MISSING_MAR,0
doe-007,0,637,2026-09-03T09:10:37Z,2026-09-03T09:10:38Z,2026-09-03T09:10:37Z,2026-09-03T09:10:38Z,site_b,SIM,synthetic_demo,B-WAN-1,UP,1000.0,69.4703,69.11,0.0,23.76,2.8058,0.09,0,UP,4.0,0.0,6,6,34,-61.0,20.771,5.686,0,0,0,32,0,26.0,0.0,0,0,,,,,,,,,,,,,,,,,,,,,0.0,0,,SYNTHETIC,0
doe-007,0,638,2026-09-03T09:10:38Z,2026-09-03T09:10:39Z,2026-09-03T09:10:38Z,2026-09-03T09:10:39Z,site_a,SIM,synthetic_demo,A-WAN-1,UP,1000.0,258.4616,258.5,0.0,16.66,0.2181,0.071,0,UP,4.0,0.0,48,48,165,-61.5,17.21,5.206,1,5,0,7,0,303.0,0.0,0,0,BATTERY,BATTERY,0,1,47.48,92.0,47.8717,45.3678,27.9147,3.60398,3.68898,3.41137,3.49637,85.0,23.3,1772.698,,32.253,OCP_DSG,DISCHARGE,0.0,0,,SYNTHETIC,0
doe-007,0,638,2026-09-03T09:10:38Z,2026-09-03T09:10:39Z,2026-09-03T09:10:38Z,2026-09-03T09:10:39Z,site_b,SIM,synthetic_demo,B-WAN-1,UP,1000.0,74.3579,73.9,0.0,22.21,1.1362,0.106,0,UP,4.0,0.0,6,6,82,-60.7,28.623,9.046,0,0,0,32,0,54.0,0.0,0,0,,,,,,,,,,,,,,,,,,,,,0.0,0,,SYNTHETIC,0
doe-007,0,639,2026-09-03T09:10:39Z,2026-09-03T09:10:40Z,2026-09-03T09:10:39Z,2026-09-03T09:10:40Z,site_a,SIM,synthetic_demo,A-WAN-1,UP,1000.0,262.0014,261.33,0.0,17.53,1.6076,0.074,0,UP,4.0,0.0,48,12,54,-62.0,17.235,5.049,1,4,0,7,0,457.0,0.0,0,0,BATTERY,LOAD_SHED,0,1,47.43,92.0,47.8717,47.679,2.1473,3.60397,3.68897,3.58916,3.67416,85.0,23.3,143.333,3,32.194,,DISCHARGE,0.0,0,,SYNTHETIC,0
doe-007,0,639,2026-09-03T09:10:39Z,2026-09-03T09:10:40Z,2026-09-03T09:10:39Z,2026-09-03T09:10:40Z,site_b,SIM,synthetic_demo,B-WAN-1,UP,1000.0,97.2113,96.23,0.0,22.47,1.1614,0.133,0,UP,4.0,0.0,6,6,22,-62.2,18.302,5.0,0,0,0,32,0,51.0,0.0,0,0,,,,,,,,,,,,,,,,,,,,,0.0,0,,SYNTHETIC,0
doe-007,0,640,2026-09-03T09:10:40Z,2026-09-03T09:10:41Z,2026-09-03T09:10:40Z,2026-09-03T09:10:41Z,site_a,SIM,synthetic_demo,A-WAN-1,UP,1000.0,259.4287,259.08,0.0,18.47,2.7155,0.043,0,UP,4.0,0.0,48,12,101,-63.4,23.817,7.303,0,3,0,7,0,413.0,0.0,0,0,LOAD_SHED,LOAD_SHED,0,1,47.35,92.0,47.8716,47.6789,2.148,3.60397,3.68897,3.58915,3.67415,85.0,23.3,143.381,3,32.192,,DISCHARGE,0.0,0,,SYNTHETIC,0
doe-007,0,640,2026-09-03T09:10:40Z,2026-09-03T09:10:41Z,2026-09-03T09:10:40Z,2026-09-03T09:10:41Z,site_b,SIM,synthetic_demo,B-WAN-1,UP,1000.0,69.2951,68.15,0.0,21.28,0.1723,0.087,0,UP,4.0,0.0,6,6,27,-62.5,16.288,4.882,0,1,0,32,0,51.0,0.0,0,0,,,,,,,,,,,,,,,,,,,,,0.0,0,,SYNTHETIC,0
doe-007,0,641,2026-09-03T09:10:41Z,2026-09-03T09:10:42Z,2026-09-03T09:10:41Z,2026-09-03T09:10:42Z,site_a,SIM,synthetic_demo,A-WAN-1,UP,1000.0,256.5445,256.72,0.0,16.09,0.2584,0.079,0,UP,4.0,0.0,48,12,83,-62.9,21.219,6.716,0,3,0,7,0,312.0,0.0,0,0,LOAD_SHED,LOAD_SHED,0,1,47.41,92.0,47.8715,47.6788,2.1482,3.60396,3.68896,3.58914,3.67414,85.0,23.5,143.393,3,32.191,,DISCHARGE,0.0,0,,SYNTHETIC,0
doe-007,0,641,2026-09-03T09:10:41Z,2026-09-03T09:10:42Z,2026-09-03T09:10:41Z,2026-09-03T09:10:42Z,site_b,SIM,synthetic_demo,B-WAN-1,UP,1000.0,74.3924,74.05,0.0,22.09,0.7478,0.122,0,UP,4.0,0.0,6,6,51,-64.4,26.794,7.857,0,0,0,32,0,102.0,0.0,0,0,,,,,,,,,,,,,,,,,,,,,0.0,0,,SYNTHETIC,0
doe-007,0,642,2026-09-03T09:10:42Z,2026-09-03T09:10:43Z,2026-09-03T09:10:42Z,2026-09-03T09:10:43Z,site_a,SIM,synthetic_demo,A-WAN-1,UP,1000.0,303.8759,303.15,0.0,16.83,0.8961,0.092,0,UP,4.0,0.0,48,12,67,-61.5,18.876,5.68,2,4,0,7,0,426.0,0.0,0,0,LOAD_SHED,LOAD_SHED,0,1,47.43,92.0,47.8714,47.6758,2.1806,3.60396,3.68896,3.58891,3.67391,85.0,23.3,145.548,3,32.151,,DISCHARGE,0.0,0,,SYNTHETIC,0
doe-007,0,642,2026-09-03T09:10:42Z,2026-09-03T09:10:43Z,2026-09-03T09:10:42Z,2026-09-03T09:10:43Z,site_b,SIM,synthetic_demo,B-WAN-1,UP,1000.0,106.0465,106.09,0.0,22.34,1.582,0.098,0,UP,4.0,0.0,6,6,41,-60.0,20.305,6.316,0,0,0,32,0,89.0,0.0,0,0,,,,,,,,,,,,,,,,,,,,,0.0,0,,SYNTHETIC,0
doe-007,0,643,2026-09-03T09:10:43Z,2026-09-03T09:10:44Z,2026-09-03T09:10:43Z,2026-09-03T09:10:44Z,site_a,SIM,synthetic_demo,A-WAN-1,UP,1000.0,212.8256,213.08,0.0,17.66,1.6839,0.086,0,UP,4.0,0.0,48,12,52,-60.7,17.778,5.959,1,3,0,7,0,403.0,0.0,0,0,LOAD_SHED,LOAD_SHED,0,1,47.41,92.0,47.8714,47.6791,2.1431,3.60395,3.68895,3.58917,3.67417,85.0,23.4,143.051,3,32.196,,DISCHARGE,0.0,0,,SYNTHETIC,0
doe-007,0,643,2026-09-03T09:10:43Z,2026-09-03T09:10:44Z,2026-09-03T09:10:43Z,2026-09-03T09:10:44Z,site_b,SIM,synthetic_demo,B-WAN-1,UP,1000.0,69.6774,69.88,0.0,24.06,2.983,0.076,0,UP,4.0,0.0,6,6,33,-59.5,20.75,5.5,0,0,0,32,0,69.0,0.0,0,0,,,,,,,,,,,,,,,,,,,,,0.0,0,,SYNTHETIC,0
doe-007,0,644,2026-09-03T09:10:44Z,2026-09-03T09:10:45Z,2026-09-03T09:10:44Z,2026-09-03T09:10:45Z,site_a,SIM,synthetic_demo,A-WAN-1,UP,1000.0,269.6414,269.47,0.0,15.83,0.3172,0.057,0,UP,4.0,0.0,48,12,58,-62.6,17.785,6.008,0,5,0,7,0,288.0,0.0,0,0,LOAD_SHED,LOAD_SHED,0,1,47.29,92.0,47.8713,47.6761,2.1761,3.60395,3.68895,3.58893,3.67393,85.0,23.4,145.248,3,32.155,,DISCHARGE,0.0,0,,SYNTHETIC,0
doe-007,0,644,2026-09-03T09:10:44Z,2026-09-03T09:10:45Z,2026-09-03T09:10:44Z,2026-09-03T09:10:45Z,site_b,SIM,synthetic_demo,B-WAN-1,UP,1000.0,67.9825,68.21,0.0,21.74,0.2478,0.103,0,UP,4.0,0.0,6,6,36,-62.1,20.031,5.797,0,0,0,32,0,79.0,0.0,0,0,,,,,,,,,,,,,,,,,,,,,0.0,0,,SYNTHETIC,0
doe-007,0,645,2026-09-03T09:10:45Z,2026-09-03T09:10:46Z,2026-09-03T09:10:45Z,2026-09-03T09:10:46Z,site_a,SIM,synthetic_demo,A-WAN-1,UP,1000.0,332.3272,332.05,0.0,20.83,4.205,0.075,0,UP,4.0,0.0,48,12,66,-63.1,19.536,5.983,1,3,0,7,0,504.0,0.0,0,0,LOAD_SHED,LOAD_SHED,0,1,,92.0,47.8712,47.6782,2.1517,3.60394,3.68894,3.5891,3.6741,85.0,23.4,143.622,3,32.184,,DISCHARGE,0.0,0,,SYNTHETIC|GAP|MISSING_MAR,0
doe-007,0,645,2026-09-03T09:10:45Z,2026-09-03T09:10:46Z,2026-09-03T09:10:45Z,2026-09-03T09:10:46Z,site_b,SIM,synthetic_demo,B-WAN-1,UP,1000.0,86.6844,85.89,0.0,21.73,1.0522,0.094,0,UP,4.0,0.0,6,6,53,-64.3,25.284,7.802,0,0,0,32,0,46.0,0.0,0,0,,,,,,,,,,,,,,,,,,,,,0.0,0,,SYNTHETIC,0
doe-007,0,646,2026-09-03T09:10:46Z,2026-09-03T09:10:47Z,2026-09-03T09:10:46Z,2026-09-03T09:10:47Z,site_a,SIM,synthetic_demo,A-WAN-1,UP,1000.0,266.1373,265.54,0.0,17.73,1.9929,0.065,0,UP,4.0,0.0,48,12,47,-61.5,16.455,5.218,0,5,0,7,0,613.0,0.0,0,0,LOAD_SHED,LOAD_SHED,0,1,47.45,92.0,47.8712,47.6819,2.1097,3.60394,3.68894,3.58938,3.67438,85.0,23.5,140.832,3,32.233,,DISCHARGE,0.0,0,,SYNTHETIC,0
doe-007,0,646,2026-09-03T09:10:46Z,2026-09-03T09:10:47Z,2026-09-03T09:10:46Z,2026-09-03T09:10:47Z,site_b,SIM,synthetic_demo,B-WAN-1,UP,1000.0,73.4577,73.28,0.0,22.88,1.2177,0.09,0,UP,4.0,0.0,6,6,62,-60.8,26.722,7.669,0,0,0,32,0,57.0,0.0,0,0,,,,,,,,,,,,,,,,,,,,,0.0,0,,SYNTHETIC,0
doe-007,0,647,2026-09-03T09:10:47Z,2026-09-03T09:10:48Z,2026-09-03T09:10:47Z,2026-09-03T09:10:48Z,site_a,SIM,synthetic_demo,A-WAN-1,UP,1000.0,328.5651,328.44,0.0,16.66,0.6531,0.108,0,UP,4.0,0.0,48,12,76,-63.3,20.894,6.506,0,3,0,7,0,434.0,0.0,0,0,LOAD_SHED,LOAD_SHED,0,1,47.39,92.0,47.8711,47.6734,2.2046,3.60393,3.68893,3.58872,3.67372,85.0,23.3,147.138,3,32.118,,DISCHARGE,0.0,0,,SYNTHETIC,0
doe-007,0,647,2026-09-03T09:10:47Z,2026-09-03T09:10:48Z,2026-09-03T09:10:47Z,2026-09-03T09:10:48Z,site_b,SIM,synthetic_demo,B-WAN-1,UP,1000.0,107.3679,106.92,0.0,20.86,0.386,0.091,0,UP,4.0,0.0,6,6,41,-63.2,21.58,6.837,0,0,0,32,0,69.0,0.0,0,0,,,,,,,,,,,,,,,,,,,,,0.0,0,,SYNTHETIC,0
doe-007,0,648,2026-09-03T09:10:48Z,2026-09-03T09:10:49Z,2026-09-03T09:10:48Z,2026-09-03T09:10:49Z,site_a,SIM,synthetic_demo,A-WAN-1,UP,1000.0,368.4844,367.83,0.0,17.08,1.1757,0.084,0,UP,4.0,0.0,48,12,67,-60.3,17.781,5.621,0,3,0,7,0,295.0,0.0,0,0,LOAD_SHED,LOAD_SHED,0,1,47.37,92.0,47.871,47.6763,2.1708,3.60393,3.68893,3.58895,3.67395,85.0,23.3,144.896,3,32.158,,DISCHARGE,0.0,0,,SYNTHETIC,0
doe-007,0,648,2026-09-03T09:10:48Z,2026-09-03T09:10:49Z,2026-09-03T09:10:48Z,2026-09-03T09:10:49Z,site_b,SIM,synthetic_demo,B-WAN-1,UP,1000.0,87.538,86.92,0.0,22.16,1.4136,0.078,0,UP,4.0,0.0,6,6,30,-62.0,18.195,5.541,0,1,0,32,0,75.0,0.0,0,0,,,,,,,,,,,,,,,,,,,,,0.0,0,,SYNTHETIC,0
doe-007,0,649,2026-09-03T09:10:49Z,2026-09-03T09:10:50Z,2026-09-03T09:10:49Z,2026-09-03T09:10:50Z,site_a,SIM,synthetic_demo,A-WAN-1,UP,1000.0,280.1502,280.46,0.0,16.24,0.1359,0.088,0,UP,4.0,0.0,48,12,46,-63.2,18.935,5.781,0,3,0,7,0,425.0,0.0,0,0,LOAD_SHED,LOAD_SHED,0,1,47.38,92.0,47.871,47.6808,2.1202,3.60392,3.68892,3.58929,3.67429,85.0,23.3,141.529,3,32.218,,DISCHARGE,0.0,0,,SYNTHETIC,0
doe-007,0,649,2026-09-03T09:10:49Z,2026-09-03T09:10:50Z,2026-09-03T09:10:49Z,2026-09-03T09:10:50Z,site_b,SIM,synthetic_demo,B-WAN-1,UP,1000.0,79.6622,80.23,0.0,21.24,0.1078,0.055,0,UP,4.0,0.0,6,6,70,-60.9,29.478,8.511,0,0,0,32,0,59.0,0.0,0,0,,,,,,,,,,,,,,,,,,,,,0.0,0,,SYNTHETIC,0
doe-007,0,650,2026-09-03T09:10:50Z,2026-09-03T09:10:51Z,2026-09-03T09:10:50Z,2026-09-03T09:10:51Z,site_a,SIM,synthetic_demo,A-WAN-1,UP,1000.0,301.3013,301.73,0.0,19.24,3.0756,0.087,0,UP,4.0,0.0,48,12,28,-60.8,14.786,4.221,0,4,0,7,0,439.0,0.0,0,0,LOAD_SHED,LOAD_SHED,0,1,47.42,92.0,47.8709,47.678,2.1505,3.60392,3.68892,3.58908,3.67408,85.0,23.3,143.541,3,32.181,,DISCHARGE,0.0,0,,SYNTHETIC,0
doe-007,0,650,2026-09-03T09:10:50Z,2026-09-03T09:10:51Z,2026-09-03T09:10:50Z,2026-09-03T09:10:51Z,site_b,SIM,synthetic_demo,B-WAN-1,UP,1000.0,114.7483,114.42,0.0,20.99,0.2719,0.082,0,UP,4.0,0.0,6,6,33,-60.9,18.86,6.024,0,0,0,32,0,67.0,0.0,0,1,,,,,,,,,,,,,,,,,,,,,0.25,0,,SYNTHETIC,0
doe-007,0,651,2026-09-03T09:10:51Z,2026-09-03T09:10:52Z,2026-09-03T09:10:51Z,2026-09-03T09:10:52Z,site_a,SIM,synthetic_demo,A-WAN-1,UP,1000.0,286.6007,286.51,0.0,16.82,0.0303,0.11,0,UP,4.0,0.0,48,12,37,-63.5,15.532,5.306,0,4,0,7,0,298.0,0.0,0,0,LOAD_SHED,LOAD_SHED,0,1,47.43,92.0,47.8708,47.6738,2.1971,3.60391,3.68891,3.58875,3.67375,85.0,23.4,146.639,3,32.124,,DISCHARGE,0.0,0,,SYNTHETIC,0
doe-007,0,651,2026-09-03T09:10:51Z,2026-09-03T09:10:52Z,2026-09-03T09:10:51Z,2026-09-03T09:10:52Z,site_b,SIM,synthetic_demo,B-WAN-1,UP,1000.0,88.975,89.38,0.0,21.2,0.4371,0.067,0,UP,4.0,0.0,6,6,42,-63.4,21.411,7.085,0,0,0,32,0,85.0,0.0,0,0,,,,,,,,,,,,,,,,,,,,,0.0,0,,SYNTHETIC,0
doe-007,0,652,2026-09-03T09:10:52Z,2026-09-03T09:10:53Z,2026-09-03T09:10:52Z,2026-09-03T09:10:53Z,site_a,SIM,synthetic_demo,A-WAN-1,UP,1000.0,238.5796,238.35,0.0,17.13,1.4672,0.102,0,UP,4.0,0.0,48,12,83,-61.2,21.179,6.561,0,4,0,7,0,280.0,0.0,0,0,LOAD_SHED,LOAD_SHED,0,1,47.33,92.0,47.8708,47.6827,2.097,3.60391,3.68891,3.58944,3.67444,85.0,23.4,139.984,3,32.243,,DISCHARGE,0.0,0,,SYNTHETIC,0
doe-007,0,652,2026-09-03T09:10:52Z,2026-09-03T09:10:53Z,2026-09-03T09:10:52Z,2026-09-03T09:10:53Z,site_b,SIM,synthetic_demo,B-WAN-1,UP,1000.0,74.8807,74.26,0.0,23.47,2.3613,0.06,0,UP,4.0,0.0,6,6,15,-59.5,14.474,3.778,0,0,0,32,0,97.0,0.0,0,0,,,,,,,,,,,,,,,,,,,,,0.0,0,,SYNTHETIC,0
doe-007,0,653,2026-09-03T09:10:53Z,2026-09-03T09:10:54Z,2026-09-03T09:10:53Z,2026-09-03T09:10:54Z,site_a,SIM,synthetic_demo,A-WAN-1,UP,1000.0,298.4661,298.79,0.0,18.72,2.5056,0.103,0,UP,4.0,0.0,48,12,54,-62.2,18.016,5.805,0,3,0,7,0,269.0,0.0,0,0,LOAD_SHED,LOAD_SHED,0,1,47.34,92.0,47.8707,47.6774,2.1548,3.6039,3.6889,3.58903,3.67403,85.0,23.3,143.83,3,32.173,,DISCHARGE,0.0,0,,SYNTHETIC,0
doe-007,0,653,2026-09-03T09:10:53Z,2026-09-03T09:10:54Z,2026-09-03T09:10:53Z,2026-09-03T09:10:54Z,site_b,SIM,synthetic_demo,B-WAN-1,UP,1000.0,115.6678,115.76,0.0,21.75,0.2178,0.113,0,UP,4.0,0.0,6,6,51,-60.5,23.132,7.175,1,0,0,32,0,90.0,0.0,0,0,,,,,,,,,,,,,,,,,,,,,0.0,0,,SYNTHETIC,0
doe-007,0,654,2026-09-03T09:10:54Z,2026-09-03T09:10:55Z,2026-09-03T09:10:54Z,2026-09-03T09:10:55Z,site_a,SIM,synthetic_demo,A-WAN-1,UP,1000.0,294.605,294.82,0.0,16.06,0.0161,0.092,0,UP,4.0,0.0,48,48,188,-62.2,17.343,4.865,0,5,0,7,0,516.0,0.0,0,0,LOAD_SHED,BATTERY,0,1,47.39,92.0,47.8706,47.6763,2.167,3.60389,3.68889,3.58894,3.67394,85.0,23.4,144.636,,395.004,,DISCHARGE,0.0,0,,SYNTHETIC,0
doe-007,0,654,2026-09-03T09:10:54Z,2026-09-03T09:10:55Z,2026-09-03T09:10:54Z,2026-09-03T09:10:55Z,site_b,SIM,synthetic_demo,B-WAN-1,UP,1000.0,79.5691,79.39,0.0,21.71,0.7893,0.076,0,UP,4.0,0.0,6,6,22,-62.4,17.779,4.86,0,0,0,32,0,68.0,0.0,0,0,,,,,,,,,,,,,,,,,,,,,0.0,0,,SYNTHETIC,0
doe-007,0,655,2026-09-03T09:10:55Z,2026-09-03T09:10:56Z,2026-09-03T09:10:55Z,2026-09-03T09:10:56Z,site_a,SIM,synthetic_demo,A-WAN-1,UP,1000.0,316.5353,316.27,0.0,18.15,1.4097,0.079,0,UP,4.0,0.0,48,48,246,-62.1,19.307,5.756,1,6,0,7,0,373.0,0.0,0,0,BATTERY,BATTERY,0,1,47.35,92.0,47.8699,45.3605,27.9762,3.60384,3.68884,3.41081,3.49581,85.0,23.4,1776.317,,32.162,OCP_DSG,DISCHARGE,0.0,0,,SYNTHETIC,0
doe-007,0,655,2026-09-03T09:10:55Z,2026-09-03T09:10:56Z,2026-09-03T09:10:55Z,2026-09-03T09:10:56Z,site_b,SIM,synthetic_demo,B-WAN-1,UP,1000.0,80.5512,80.26,0.0,23.24,1.7198,0.076,0,UP,4.0,0.0,6,6,61,-62.0,27.832,7.658,0,0,0,32,0,58.0,0.0,0,0,,,,,,,,,,,,,,,,,,,,,0.0,0,,SYNTHETIC,0
doe-007,0,656,2026-09-03T09:10:56Z,2026-09-03T09:10:57Z,2026-09-03T09:10:56Z,2026-09-03T09:10:57Z,site_a,SIM,synthetic_demo,A-WAN-1,UP,1000.0,260.4658,260.71,0.0,18.25,2.1563,0.119,0,UP,4.0,0.0,48,12,44,-61.6,15.915,4.993,1,5,0,7,0,419.0,0.0,0,0,BATTERY,LOAD_SHED,0,1,47.42,92.0,47.8699,47.6691,2.2388,3.60384,3.68884,3.58839,3.67339,85.0,23.3,149.406,3,32.06,,DISCHARGE,0.0,0,,SYNTHETIC,0
doe-007,0,656,2026-09-03T09:10:56Z,2026-09-03T09:10:57Z,2026-09-03T09:10:56Z,2026-09-03T09:10:57Z,site_b,SIM,synthetic_demo,B-WAN-1,UP,1000.0,68.4251,69.95,0.0,22.34,0.9759,0.106,0,UP,4.0,0.0,6,6,35,-61.7,20.652,6.373,0,0,0,32,0,64.0,0.0,0,0,,,,,,,,,,,,,,,,,,,,,0.0,0,,SYNTHETIC,0
doe-007,0,657,2026-09-03T09:10:57Z,2026-09-03T09:10:58Z,2026-09-03T09:10:57Z,2026-09-03T09:10:58Z,site_a,SIM,synthetic_demo,A-WAN-1,UP,1000.0,252.8009,253.93,0.0,18.89,2.8905,0.081,0,UP,4.0,0.0,48,12,56,-62.4,18.097,5.576,0,8,0,7,0,450.0,0.0,0,0,LOAD_SHED,LOAD_SHED,0,1,47.33,92.0,47.8698,47.6777,2.1421,3.60383,3.68883,3.58905,3.67405,85.0,23.5,142.982,3,32.175,,DISCHARGE,0.0,0,,SYNTHETIC,0
doe-007,0,657,2026-09-03T09:10:57Z,2026-09-03T09:10:58Z,2026-09-03T09:10:57Z,2026-09-03T09:10:58Z,site_b,SIM,synthetic_demo,B-WAN-1,UP,1000.0,64.3396,64.56,0.0,22.75,1.7713,0.121,0,UP,4.0,0.0,6,6,54,-62.2,25.531,7.273,0,1,0,32,0,101.0,0.0,0,0,,,,,,,,,,,,,,,,,,,,,0.0,0,,SYNTHETIC,0
doe-007,0,658,2026-09-03T09:10:58Z,2026-09-03T09:10:59Z,2026-09-03T09:10:58Z,2026-09-03T09:10:59Z,site_a,SIM,synthetic_demo,A-WAN-1,UP,1000.0,325.5036,325.26,0.0,16.74,0.4814,0.079,0,UP,4.0,0.0,48,12,54,-60.8,19.459,4.708,0,5,0,7,0,339.0,0.0,0,0,LOAD_SHED,LOAD_SHED,0,1,,92.0,47.8697,47.6779,2.1389,3.60383,3.68883,3.58907,3.67407,85.0,23.4,142.769,3,32.178,,DISCHARGE,0.0,0,,SYNTHETIC|GAP|MISSING_MCAR,0
doe-007,0,658,2026-09-03T09:10:58Z,2026-09-03T09:10:59Z,2026-09-03T09:10:58Z,2026-09-03T09:10:59Z,site_b,SIM,synthetic_demo,B-WAN-1,UP,1000.0,67.1593,66.49,0.0,21.76,0.3208,0.127,0,UP,4.0,0.0,6,6,47,-61.9,20.683,6.879,0,0,0,32,0,61.0,0.0,0,0,,,,,,,,,,,,,,,,,,,,,0.0,0,,SYNTHETIC,0
doe-007,0,659,2026-09-03T09:10:59Z,2026-09-03T09:11:00Z,2026-09-03T09:10:59Z,2026-09-03T09:11:00Z,site_a,SIM,synthetic_demo,A-WAN-1,UP,1000.0,319.1057,320.45,0.0,17.49,1.6262,0.073,0,UP,4.0,0.0,48,12,63,-62.6,18.53,6.334,0,5,0,7,0,218.0,0.0,0,0,LOAD_SHED,LOAD_SHED,0,1,47.43,92.0,47.8697,47.6766,2.1519,3.60382,3.68882,3.58897,3.67397,85.0,23.3,143.634,3,32.161,,DISCHARGE,0.0,0,,SYNTHETIC,0
doe-007,0,659,2026-09-03T09:10:59Z,2026-09-03T09:11:00Z,2026-09-03T09:10:59Z,2026-09-03T09:11:00Z,site_b,SIM,synthetic_demo,B-WAN-1,UP,1000.0,72.9995,72.83,0.0,21.1,0.4819,0.104,0,UP,4.0,0.0,6,6,22,-60.9,16.842,5.256,0,0,0,32,0,63.0,0.0,0,0,,,,,,,,,,,,,,,,,,,,,0.0,0,,SYNTHETIC,0
doe-007,0,660,2026-09-03T09:11:00Z,2026-09-03T09:11:01Z,2026-09-03T09:11:00Z,2026-09-03T09:11:01Z,site_a,SIM,synthetic_demo,A-WAN-1,UP,1000.0,251.3245,251.67,0.0,17.07,0.5299,0.063,0,UP,4.0,0.0,48,12,67,-62.3,18.809,5.75,0,6,0,7,0,325.0,0.0,0,0,LOAD_SHED,LOAD_SHED,0,1,47.33,92.0,47.8696,47.6804,2.1097,3.60382,3.68882,3.58926,3.67426,85.0,23.3,140.826,3,32.211,,DISCHARGE,0.0,0,,SYNTHETIC,0
doe-007,0,660,2026-09-03T09:11:00Z,2026-09-03T09:11:01Z,2026-09-03T09:11:00Z,2026-09-03T09:11:01Z,site_b,SIM,synthetic_demo,B-WAN-1,UP,1000.0,75.3238,75.91,0.0,22.4,0.7395,0.1,0,UP,4.0,0.0,6,6,31,-63.0,21.166,5.757,0,1,0,32,0,38.0,0.0,0,0,,,,,,,,,,,,,,,,,,,,,0.0,0,,SYNTHETIC,0
doe-007,0,661,2026-09-03T09:11:01Z,2026-09-03T09:11:02Z,2026-09-03T09:11:01Z,2026-09-03T09:11:02Z,site_a,SIM,synthetic_demo,A-WAN-1,UP,1000.0,349.7681,349.17,0.0,17.6,2.164,0.09,0,UP,4.0,0.0,48,12,85,-61.5,20.852,6.561,0,8,0,7,0,271.0,0.0,0,0,LOAD_SHED,LOAD_SHED,0,1,47.42,92.0,47.8695,47.6759,2.1584,3.60381,3.68881,3.58892,3.67392,85.0,23.5,144.062,3,32.152,,DISCHARGE,0.0,0,,SYNTHETIC,0
doe-007,0,661,2026-09-03T09:11:01Z,2026-09-03T09:11:02Z,2026-09-03T09:11:01Z,2026-09-03T09:11:02Z,site_b,SIM,synthetic_demo,B-WAN-1,UP,1000.0,65.0534,64.09,0.0,22.34,1.3584,0.12,0,UP,4.0,0.0,6,6,62,-63.4,27.697,7.942,0,0,0,32,0,78.0,0.0,0,0,,,,,,,,,,,,,,,,,,,,,0.0,0,,SYNTHETIC,0
doe-007,0,662,2026-09-03T09:11:02Z,2026-09-03T09:11:03Z,2026-09-03T09:11:02Z,2026-09-03T09:11:03Z,site_a,SIM,synthetic_demo,A-WAN-1,UP,1000.0,279.5763,280.56,0.0,16.4,0.0753,0.086,0,UP,4.0,0.0,48,12,67,-62.2,19.28,6.482,0,5,0,7,0,374.0,0.0,0,0,LOAD_SHED,LOAD_SHED,0,1,47.31,92.0,47.8695,47.6755,2.1621,3.6038,3.6888,3.58889,3.67389,85.0,23.4,144.307,3,32.146,,DISCHARGE,0.0,0,,SYNTHETIC,0
doe-007,0,662,2026-09-03T09:11:02Z,2026-09-03T09:11:03Z,2026-09-03T09:11:02Z,2026-09-03T09:11:03Z,site_b,SIM,synthetic_demo,B-WAN-1,UP,1000.0,55.2896,55.79,0.0,22.04,1.2171,0.124,0,UP,4.0,0.0,6,6,37,-60.2,21.181,6.477,0,0,0,32,0,34.0,0.0,0,0,,,,,,,,,,,,,,,,,,,,,0.0,0,,SYNTHETIC,0
doe-007,0,663,2026-09-03T09:11:03Z,2026-09-03T09:11:04Z,2026-09-03T09:11:03Z,2026-09-03T09:11:04Z,site_a,SIM,synthetic_demo,A-WAN-1,UP,1000.0,254.0447,255.01,0.0,18.27,2.3899,0.081,0,UP,4.0,0.0,48,12,45,-60.8,17.532,4.863,0,6,0,7,0,390.0,0.0,0,0,LOAD_SHED,LOAD_SHED,0,1,47.41,92.0,47.8694,47.6777,2.1372,3.6038,3.6888,3.58905,3.67405,85.0,23.4,142.651,3,32.175,,DISCHARGE,0.0,0,,SYNTHETIC,0
doe-007,0,663,2026-09-03T09:11:03Z,2026-09-03T09:11:04Z,2026-09-03T09:11:03Z,2026-09-03T09:11:04Z,site_b,SIM,synthetic_demo,B-WAN-1,UP,1000.0,61.7401,61.6,0.0,23.74,2.8027,0.102,0,UP,4.0,0.0,6,6,34,-62.3,18.088,5.806,1,0,0,32,0,53.0,0.0,0,0,,,,,,,,,,,,,,,,,,,,,0.0,0,,SYNTHETIC,0
doe-007,0,664,2026-09-03T09:11:04Z,2026-09-03T09:11:05Z,2026-09-03T09:11:04Z,2026-09-03T09:11:05Z,site_a,SIM,synthetic_demo,A-WAN-1,UP,1000.0,245.4903,246.04,0.0,17.7,1.5694,0.055,0,UP,4.0,0.0,48,12,64,-64.0,18.744,5.89,0,7,0,7,0,358.0,0.0,0,0,LOAD_SHED,LOAD_SHED,0,1,47.31,92.0,47.8693,47.6749,2.1672,3.60379,3.68879,3.58884,3.67384,85.0,23.5,144.648,3,32.138,,DISCHARGE,0.0,0,,SYNTHETIC,0
doe-007,0,664,2026-09-03T09:11:04Z,2026-09-03T09:11:05Z,2026-09-03T09:11:04Z,2026-09-03T09:11:05Z,site_b,SIM,synthetic_demo,B-WAN-1,UP,1000.0,56.9514,57.86,0.0,21.94,1.0501,0.118,0,UP,4.0,0.0,6,6,37,-61.5,20.938,6.846,0,0,0,32,0,82.0,0.0,0,0,,,,,,,,,,,,,,,,,,,,,0.0,0,,SYNTHETIC,0
doe-007,0,665,2026-09-03T09:11:05Z,2026-09-03T09:11:06Z,2026-09-03T09:11:05Z,2026-09-03T09:11:06Z,site_a,SIM,synthetic_demo,A-WAN-1,UP,1000.0,302.7901,303.54,0.0,16.72,0.4792,0.066,0,UP,4.0,0.0,48,12,63,-62.8,20.255,6.205,0,6,0,7,0,369.0,0.0,0,0,LOAD_SHED,LOAD_SHED,0,1,47.34,92.0,47.8693,47.6714,2.2055,3.60379,3.68879,3.58857,3.67357,85.0,23.3,147.191,3,32.092,,DISCHARGE,0.0,0,,SYNTHETIC,0
doe-007,0,665,2026-09-03T09:11:05Z,2026-09-03T09:11:06Z,2026-09-03T09:11:05Z,2026-09-03T09:11:06Z,site_b,SIM,synthetic_demo,B-WAN-1,UP,1000.0,52.469,52.74,0.0,25.36,4.3432,0.097,0,UP,4.0,0.0,6,6,50,-63.1,22.561,7.534,0,1,0,32,0,76.0,0.0,0,0,,,,,,,,,,,,,,,,,,,,,0.0,0,,SYNTHETIC,0
doe-007,0,666,2026-09-03T09:11:06Z,2026-09-03T09:11:07Z,2026-09-03T09:11:06Z,2026-09-03T09:11:07Z,site_a,SIM,synthetic_demo,A-WAN-1,UP,1000.0,290.3842,290.72,0.0,17.11,0.8561,0.11,0,UP,4.0,0.0,48,12,48,-61.1,16.639,4.878,0,6,0,7,0,382.0,0.0,0,0,LOAD_SHED,LOAD_SHED,0,1,47.33,92.0,47.8692,47.6773,2.1393,3.60378,3.68878,3.58902,3.67402,85.0,23.5,142.79,3,32.17,,DISCHARGE,0.0,0,,SYNTHETIC,0
doe-007,0,666,2026-09-03T09:11:06Z,2026-09-03T09:11:07Z,2026-09-03T09:11:06Z,2026-09-03T09:11:07Z,site_b,SIM,synthetic_demo,B-WAN-1,UP,1000.0,50.4409,49.77,0.0,22.93,1.4614,0.088,0,UP,4.0,0.0,6,6,43,-61.9,20.43,6.15,0,1,0,32,0,73.0,0.0,0,0,,,,,,,,,,,,,,,,,,,,,0.0,0,,SYNTHETIC,0
doe-007,0,667,2026-09-03T09:11:07Z,2026-09-03T09:11:08Z,2026-09-03T09:11:07Z,2026-09-03T09:11:08Z,site_a,SIM,synthetic_demo,A-WAN-1,UP,1000.0,305.3965,305.31,0.0,18.93,2.3833,0.087,0,UP,4.0,0.0,48,12,83,-62.5,21.579,6.927,1,6,0,7,0,483.0,0.0,0,0,LOAD_SHED,LOAD_SHED,0,1,47.35,92.0,47.8691,47.677,2.1414,3.60378,3.68878,3.589,3.674,85.0,23.5,142.929,3,32.167,,DISCHARGE,0.0,0,,SYNTHETIC,0
doe-007,0,667,2026-09-03T09:11:07Z,2026-09-03T09:11:08Z,2026-09-03T09:11:07Z,2026-09-03T09:11:08Z,site_b,SIM,synthetic_demo,B-WAN-1,UP,1000.0,59.023,58.8,0.0,22.07,1.2087,0.096,0,UP,4.0,0.0,6,6,42,-61.4,22.718,5.983,0,0,0,32,0,70.0,0.0,0,0,,,,,,,,,,,,,,,,,,,,,0.0,0,,SYNTHETIC,0
doe-007,0,668,2026-09-03T09:11:08Z,2026-09-03T09:11:09Z,2026-09-03T09:11:08Z,2026-09-03T09:11:09Z,site_a,SIM,synthetic_demo,A-WAN-1,UP,1000.0,263.0136,263.32,0.0,16.77,1.4529,0.042,0,UP,4.0,0.0,48,12,37,-59.8,16.322,4.728,1,5,0,7,0,415.0,0.0,0,0,LOAD_SHED,LOAD_SHED,0,1,47.43,92.0,47.8691,47.6805,2.1021,3.60377,3.68877,3.58927,3.67427,85.0,23.4,140.319,3,32.213,,DISCHARGE,0.0,0,,SYNTHETIC,0
doe-007,0,668,2026-09-03T09:11:08Z,2026-09-03T09:11:09Z,2026-09-03T09:11:08Z,2026-09-03T09:11:09Z,site_b,SIM,synthetic_demo,B-WAN-1,UP,1000.0,55.0131,55.95,0.0,21.73,1.5395,0.141,0,UP,4.0,0.0,6,6,40,-63.0,21.231,6.312,0,2,0,32,0,62.0,0.0,0,0,,,,,,,,,,,,,,,,,,,,,0.0,0,,SYNTHETIC,0
doe-007,0,669,2026-09-03T09:11:09Z,2026-09-03T09:11:10Z,2026-09-03T09:11:09Z,2026-09-03T09:11:10Z,site_a,SIM,synthetic_demo,A-WAN-1,UP,1000.0,298.7115,298.36,0.0,18.38,2.4716,0.099,0,UP,4.0,0.0,48,12,53,-62.1,18.886,5.141,0,5,0,7,0,429.0,0.0,0,0,LOAD_SHED,LOAD_SHED,0,1,47.3,92.0,47.869,47.6809,2.097,3.60377,3.68877,3.5893,3.6743,85.0,23.4,139.98,3,32.219,,DISCHARGE,0.0,0,,SYNTHETIC,0
doe-007,0,669,2026-09-03T09:11:09Z,2026-09-03T09:11:10Z,2026-09-03T09:11:09Z,2026-09-03T09:11:10Z,site_b,SIM,synthetic_demo,B-WAN-1,UP,1000.0,55.656,57.02,0.0,22.5,1.293,0.082,0,UP,4.0,0.0,6,6,42,-61.4,20.556,6.802,0,1,0,32,0,66.0,0.0,0,0,,,,,,,,,,,,,,,,,,,,,0.0,0,,SYNTHETIC,0
doe-007,0,670,2026-09-03T09:11:10Z,2026-09-03T09:11:11Z,2026-09-03T09:11:10Z,2026-09-03T09:11:11Z,site_a,SIM,synthetic_demo,A-WAN-1,UP,1000.0,413.9884,414.18,0.0,16.52,0.5068,0.089,0,UP,4.0,0.0,48,12,50,-63.3,16.863,5.542,2,5,0,7,0,567.0,0.0,0,0,LOAD_SHED,LOAD_SHED,0,1,47.37,92.0,47.8689,47.6789,2.1186,3.60376,3.68876,3.58914,3.67414,85.0,23.5,141.418,3,32.192,,DISCHARGE,0.0,0,,SYNTHETIC,0
doe-007,0,670,2026-09-03T09:11:10Z,2026-09-03T09:11:11Z,2026-09-03T09:11:10Z,2026-09-03T09:11:11Z,site_b,SIM,synthetic_demo,B-WAN-1,UP,1000.0,64.2324,63.49,0.0,21.63,1.4483,0.064,0,UP,4.0,0.0,6,6,49,-62.3,21.992,7.173,0,1,0,32,0,96.0,0.0,0,0,,,,,,,,,,,,,,,,,,,,,0.0,0,,SYNTHETIC,0
doe-007,0,671,2026-09-03T09:11:11Z,2026-09-03T09:11:12Z,2026-09-03T09:11:11Z,2026-09-03T09:11:12Z,site_a,SIM,synthetic_demo,A-WAN-1,UP,1000.0,266.8249,266.43,0.0,16.53,0.3501,0.076,0,UP,4.0,0.0,48,48,303,-62.1,20.469,6.427,0,3,0,7,0,262.0,0.0,0,0,LOAD_SHED,BATTERY,0,1,,92.0,47.8689,47.6774,2.1343,3.60376,3.68876,3.58903,3.67403,85.0,23.4,142.457,,400.735,,DISCHARGE,0.0,0,,SYNTHETIC|GAP|MISSING_MCAR,0
doe-007,0,671,2026-09-03T09:11:11Z,2026-09-03T09:11:12Z,2026-09-03T09:11:11Z,2026-09-03T09:11:12Z,site_b,SIM,synthetic_demo,B-WAN-1,UP,1000.0,63.8321,63.22,0.0,24.15,2.7501,0.107,0,UP,4.0,0.0,6,6,41,-61.5,18.921,6.367,0,1,0,32,0,87.0,0.0,0,0,,,,,,,,,,,,,,,,,,,,,0.0,0,,SYNTHETIC,0
doe-007,0,672,2026-09-03T09:11:12Z,2026-09-03T09:11:13Z,2026-09-03T09:11:12Z,2026-09-03T09:11:13Z,site_a,SIM,synthetic_demo,A-WAN-1,UP,1000.0,234.982,234.85,0.0,18.75,2.789,0.081,0,UP,4.0,0.0,48,48,195,-63.4,17.664,5.322,0,4,0,7,0,360.0,0.0,0,0,BATTERY,BATTERY,0,1,47.4,92.0,47.8682,45.3642,27.9147,3.6037,3.6887,3.41109,3.49609,85.0,23.4,1772.561,,32.205,OCP_DSG,DISCHARGE,0.0,0,,SYNTHETIC,0
doe-007,0,672,2026-09-03T09:11:12Z,2026-09-03T09:11:13Z,2026-09-03T09:11:12Z,2026-09-03T09:11:13Z,site_b,SIM,synthetic_demo,B-WAN-1,UP,1000.0,103.6159,103.99,0.0,21.75,1.0909,0.124,0,UP,4.0,0.0,6,6,63,-62.0,24.957,7.707,1,1,0,32,0,69.0,0.0,0,0,,,,,,,,,,,,,,,,,,,,,0.0,0,,SYNTHETIC,0
doe-007,0,673,2026-09-03T09:11:13Z,2026-09-03T09:11:14Z,2026-09-03T09:11:13Z,2026-09-03T09:11:14Z,site_a,SIM,synthetic_demo,A-WAN-1,UP,1000.0,406.644,406.81,0.0,17.14,1.178,0.083,0,UP,4.0,0.0,48,12,105,-63.0,24.309,7.027,0,6,0,7,0,374.0,0.0,0,0,BATTERY,LOAD_SHED,0,1,47.36,92.0,47.8681,47.6746,2.157,3.6037,3.6887,3.58882,3.67382,85.0,23.3,143.963,3,32.133,,DISCHARGE,0.0,0,,SYNTHETIC,0
doe-007,0,673,2026-09-03T09:11:13Z,2026-09-03T09:11:14Z,2026-09-03T09:11:13Z,2026-09-03T09:11:14Z,site_b,SIM,synthetic_demo,B-WAN-1,UP,1000.0,67.5383,67.78,0.0,23.37,2.3516,0.126,0,UP,4.0,0.0,6,6,48,-63.6,22.796,7.771,0,0,0,32,0,56.0,0.0,0,0,,,,,,,,,,,,,,,,,,,,,0.0,0,,SYNTHETIC,0
doe-007,0,674,2026-09-03T09:11:14Z,2026-09-03T09:11:15Z,2026-09-03T09:11:14Z,2026-09-03T09:11:15Z,site_a,SIM,synthetic_demo,A-WAN-1,UP,1000.0,257.2233,258.69,0.0,19.69,2.9614,0.117,0,UP,4.0,0.0,48,12,120,-61.8,27.624,8.179,0,6,0,7,0,396.0,0.0,0,0,LOAD_SHED,LOAD_SHED,0,1,47.38,92.0,47.868,47.6767,2.133,3.60369,3.68869,3.58898,3.67398,85.0,23.3,142.369,3,32.161,,DISCHARGE,0.0,0,,SYNTHETIC,0
doe-007,0,674,2026-09-03T09:11:14Z,2026-09-03T09:11:15Z,2026-09-03T09:11:14Z,2026-09-03T09:11:15Z,site_b,SIM,synthetic_demo,B-WAN-1,UP,1000.0,79.4267,78.96,0.0,23.24,2.053,0.102,0,UP,4.0,0.0,6,6,39,-63.1,20.894,7.243,0,0,0,32,0,59.0,0.0,0,0,,,,,,,,,,,,,,,,,,,,,0.0,0,,SYNTHETIC,0
doe-007,0,675,2026-09-03T09:11:15Z,2026-09-03T09:11:16Z,2026-09-03T09:11:15Z,2026-09-03T09:11:16Z,site_a,SIM,synthetic_demo,A-WAN-1,UP,1000.0,263.2886,263.16,0.0,16.57,0.1239,0.086,0,UP,4.0,0.0,48,12,42,-62.7,17.579,5.156,0,3,0,7,0,385.0,0.0,0,0,LOAD_SHED,LOAD_SHED,0,1,47.41,92.0,47.868,47.6704,2.203,3.60369,3.68869,3.58849,3.67349,85.0,23.4,147.02,3,32.076,,DISCHARGE,0.0,0,,SYNTHETIC,0
doe-007,0,675,2026-09-03T09:11:15Z,2026-09-03T09:11:16Z,2026-09-03T09:11:15Z,2026-09-03T09:11:16Z,site_b,SIM,synthetic_demo,B-WAN-1,UP,1000.0,71.1899,70.96,0.0,21.84,0.8566,0.077,0,UP,4.0,0.0,6,6,36,-63.4,21.468,6.703,0,0,0,32,0,87.0,0.0,0,0,,,,,,,,,,,,,,,,,,,,,0.0,0,,SYNTHETIC,0
doe-007,0,676,2026-09-03T09:11:16Z,2026-09-03T09:11:17Z,2026-09-03T09:11:16Z,2026-09-03T09:11:17Z,site_a,SIM,synthetic_demo,A-WAN-1,UP,1000.0,298.0292,298.3,0.0,19.66,4.1627,0.082,0,UP,4.0,0.0,48,12,49,-61.8,16.86,5.161,0,3,0,7,0,321.0,0.0,0,0,LOAD_SHED,LOAD_SHED,0,1,47.3,92.0,47.8679,47.6748,2.1527,3.60368,3.68868,3.58883,3.67383,85.0,23.4,143.681,3,32.135,,DISCHARGE,0.0,0,,SYNTHETIC,0
doe-007,0,676,2026-09-03T09:11:16Z,2026-09-03T09:11:17Z,2026-09-03T09:11:16Z,2026-09-03T09:11:17Z,site_b,SIM,synthetic_demo,B-WAN-1,UP,1000.0,72.409,73.38,0.0,22.54,0.848,0.121,0,UP,4.0,0.0,6,6,51,-63.2,23.681,7.753,0,0,0,32,0,112.0,0.0,0,0,,,,,,,,,,,,,,,,,,,,,0.0,0,,SYNTHETIC,0
doe-007,0,677,2026-09-03T09:11:17Z,2026-09-03T09:11:18Z,2026-09-03T09:11:17Z,2026-09-03T09:11:18Z,site_a,SIM,synthetic_demo,A-WAN-1,UP,1000.0,271.5958,271.12,0.0,17.84,1.5996,0.145,0,UP,4.0,0.0,48,12,52,-60.9,17.43,4.849,0,3,0,7,0,322.0,0.0,0,0,LOAD_SHED,LOAD_SHED,0,1,47.24,92.0,47.8678,47.6727,2.1752,3.60368,3.68868,3.58867,3.67367,85.0,23.4,145.176,3,32.108,,DISCHARGE,0.0,0,,SYNTHETIC,0
doe-007,0,677,2026-09-03T09:11:17Z,2026-09-03T09:11:18Z,2026-09-03T09:11:17Z,2026-09-03T09:11:18Z,site_b,SIM,synthetic_demo,B-WAN-1,UP,1000.0,80.2117,80.03,0.0,22.43,1.3883,0.107,0,UP,4.0,0.0,6,6,13,-61.7,15.58,4.913,0,0,0,32,0,65.0,0.0,0,0,,,,,,,,,,,,,,,,,,,,,0.0,0,,SYNTHETIC,0
doe-007,0,678,2026-09-03T09:11:18Z,2026-09-03T09:11:19Z,2026-09-03T09:11:18Z,2026-09-03T09:11:19Z,site_a,SIM,synthetic_demo,A-WAN-1,UP,1000.0,304.861,305.29,0.0,17.66,1.8595,0.063,0,UP,4.0,0.0,48,12,57,-64.0,19.105,5.827,0,3,0,7,0,256.0,0.0,0,0,LOAD_SHED,LOAD_SHED,0,1,47.33,92.0,47.8678,47.6798,2.0952,3.60367,3.68867,3.58922,3.67422,85.0,23.3,139.858,3,32.203,,DISCHARGE,0.0,0,,SYNTHETIC,0
doe-007,0,678,2026-09-03T09:11:18Z,2026-09-03T09:11:19Z,2026-09-03T09:11:18Z,2026-09-03T09:11:19Z,site_b,SIM,synthetic_demo,B-WAN-1,UP,1000.0,72.6384,73.88,0.0,23.45,1.3773,0.101,0,UP,4.0,0.0,6,6,12,-60.3,15.052,4.093,0,1,0,32,0,85.0,0.0,0,0,,,,,,,,,,,,,,,,,,,,,0.0,0,,SYNTHETIC,0
doe-007,0,679,2026-09-03T09:11:19Z,2026-09-03T09:11:20Z,2026-09-03T09:11:19Z,2026-09-03T09:11:20Z,site_a,SIM,synthetic_demo,A-WAN-1,UP,1000.0,454.875,454.43,0.0,18.45,1.7347,0.097,0,UP,4.0,0.0,48,12,59,-60.9,18.531,5.49,1,3,0,7,0,413.0,0.0,0,0,LOAD_SHED,LOAD_SHED,0,1,47.21,92.0,47.8677,47.6786,2.1077,3.60367,3.68867,3.58913,3.67413,85.0,23.4,140.686,3,32.187,,DISCHARGE,0.0,0,,SYNTHETIC,0
doe-007,0,679,2026-09-03T09:11:19Z,2026-09-03T09:11:20Z,2026-09-03T09:11:19Z,2026-09-03T09:11:20Z,site_b,SIM,synthetic_demo,B-WAN-1,UP,1000.0,86.9484,87.06,0.0,22.01,1.2637,0.091,0,UP,4.0,0.0,6,6,34,-61.6,19.579,5.444,0,0,0,32,0,45.0,0.0,0,0,,,,,,,,,,,,,,,,,,,,,0.0,0,,SYNTHETIC,0
doe-007,0,680,2026-09-03T09:11:20Z,2026-09-03T09:11:21Z,2026-09-03T09:11:20Z,2026-09-03T09:11:21Z,site_a,SIM,synthetic_demo,A-WAN-1,UP,1000.0,273.1217,273.19,0.0,16.56,0.2478,0.094,0,UP,4.0,0.0,48,12,37,-61.1,16.936,4.119,0,5,0,7,0,400.0,0.0,0,0,LOAD_SHED,LOAD_SHED,0,1,47.33,92.0,47.8676,47.6774,2.1204,3.60366,3.68866,3.58903,3.67403,85.0,23.5,141.533,3,32.171,,DISCHARGE,0.0,0,,SYNTHETIC,0
doe-007,0,680,2026-09-03T09:11:20Z,2026-09-03T09:11:21Z,2026-09-03T09:11:20Z,2026-09-03T09:11:21Z,site_b,SIM,synthetic_demo,B-WAN-1,UP,1000.0,80.2909,80.61,0.0,20.79,0.0793,0.16,0,UP,4.0,0.0,6,6,55,-64.4,25.761,7.817,0,0,0,32,0,55.0,0.0,0,0,,,,,,,,,,,,,,,,,,,,,0.0,0,,SYNTHETIC,0
doe-007,0,681,2026-09-03T09:11:21Z,2026-09-03T09:11:22Z,2026-09-03T09:11:21Z,2026-09-03T09:11:22Z,site_a,SIM,synthetic_demo,A-WAN-1,UP,1000.0,254.574,254.62,0.0,16.79,1.1464,0.062,0,UP,4.0,0.0,48,12,86,-62.9,23.08,6.679,0,4,0,7,0,255.0,0.0,0,0,LOAD_SHED,LOAD_SHED,0,1,47.35,92.0,47.8675,47.6677,2.2278,3.60366,3.68866,3.58829,3.67329,85.0,23.4,148.668,3,32.041,,DISCHARGE,0.0,0,,SYNTHETIC,0
doe-007,0,681,2026-09-03T09:11:21Z,2026-09-03T09:11:22Z,2026-09-03T09:11:21Z,2026-09-03T09:11:22Z,site_b,SIM,synthetic_demo,B-WAN-1,UP,1000.0,68.6616,69.55,0.0,21.42,0.6134,0.099,0,UP,4.0,0.0,6,6,46,-62.9,22.737,6.751,1,0,0,32,0,54.0,0.0,0,0,,,,,,,,,,,,,,,,,,,,,0.0,0,,SYNTHETIC,0
doe-007,0,682,2026-09-03T09:11:22Z,2026-09-03T09:11:23Z,2026-09-03T09:11:22Z,2026-09-03T09:11:23Z,site_a,SIM,synthetic_demo,A-WAN-1,UP,1000.0,222.5448,223.4,0.0,16.72,0.8615,0.079,0,UP,4.0,0.0,48,12,49,-60.4,16.845,5.079,0,3,0,7,0,262.0,0.0,0,0,LOAD_SHED,LOAD_SHED,0,1,47.31,92.0,47.8675,47.6774,2.1189,3.60365,3.68865,3.58903,3.67403,85.0,23.5,141.434,3,32.171,,DISCHARGE,0.0,0,,SYNTHETIC,0
doe-007,0,682,2026-09-03T09:11:22Z,2026-09-03T09:11:23Z,2026-09-03T09:11:22Z,2026-09-03T09:11:23Z,site_b,SIM,synthetic_demo,B-WAN-1,UP,1000.0,73.9163,73.48,0.0,22.48,1.0688,0.099,0,UP,4.0,0.0,6,6,62,-63.5,25.227,7.715,0,1,0,32,0,76.0,0.0,0,0,,,,,,,,,,,,,,,,,,,,,0.0,0,,SYNTHETIC,0
doe-007,0,683,2026-09-03T09:11:23Z,2026-09-03T09:11:24Z,2026-09-03T09:11:23Z,2026-09-03T09:11:24Z,site_a,SIM,synthetic_demo,A-WAN-1,UP,1000.0,314.5387,313.44,0.0,16.13,0.1441,0.086,0,UP,4.0,0.0,48,12,45,-61.2,17.349,5.041,0,3,0,7,0,269.0,0.0,0,0,LOAD_SHED,LOAD_SHED,0,1,47.27,92.0,47.8674,47.6729,2.1688,3.60365,3.68865,3.58868,3.67368,85.0,23.3,144.748,3,32.11,,DISCHARGE,0.0,0,,SYNTHETIC,0
doe-007,0,683,2026-09-03T09:11:23Z,2026-09-03T09:11:24Z,2026-09-03T09:11:23Z,2026-09-03T09:11:24Z,site_b,SIM,synthetic_demo,B-WAN-1,UP,1000.0,78.2698,77.33,0.0,22.86,1.3581,0.119,0,UP,4.0,0.0,6,6,57,-59.4,26.547,7.752,0,1,0,32,0,49.0,0.0,0,0,,,,,,,,,,,,,,,,,,,,,0.0,0,,SYNTHETIC,0
doe-007,0,684,2026-09-03T09:11:24Z,2026-09-03T09:11:25Z,2026-09-03T09:11:24Z,2026-09-03T09:11:25Z,site_a,SIM,synthetic_demo,A-WAN-1,UP,1000.0,367.2484,366.92,0.0,16.81,0.4175,0.053,0,UP,4.0,0.0,48,12,49,-61.4,17.216,5.707,0,3,0,7,0,342.0,0.0,0,0,LOAD_SHED,LOAD_SHED,0,1,47.33,92.0,47.8673,47.6749,2.1459,3.60364,3.68864,3.58884,3.67384,85.0,23.4,143.228,3,32.137,,DISCHARGE,0.0,0,,SYNTHETIC,0
doe-007,0,684,2026-09-03T09:11:24Z,2026-09-03T09:11:25Z,2026-09-03T09:11:24Z,2026-09-03T09:11:25Z,site_b,SIM,synthetic_demo,B-WAN-1,UP,1000.0,81.0521,80.66,0.0,21.03,0.0959,0.114,0,UP,4.0,0.0,6,6,35,-66.7,20.603,7.982,0,0,0,32,0,43.0,0.0,0,0,,,,,,,,,,,,,,,,,,,,,0.0,0,,SYNTHETIC,0
doe-007,0,685,2026-09-03T09:11:25Z,2026-09-03T09:11:26Z,2026-09-03T09:11:25Z,2026-09-03T09:11:26Z,site_a,SIM,synthetic_demo,A-WAN-1,UP,1000.0,301.1565,301.6,0.0,15.72,0.2362,0.063,0,UP,4.0,0.0,48,12,56,-62.4,17.986,5.363,0,4,0,7,0,334.0,0.0,0,0,LOAD_SHED,LOAD_SHED,0,1,47.34,92.0,47.8673,47.6744,2.1504,3.60364,3.68864,3.5888,3.6738,85.0,23.4,143.526,3,32.13,,DISCHARGE,0.0,0,,SYNTHETIC,0
doe-007,0,685,2026-09-03T09:11:25Z,2026-09-03T09:11:26Z,2026-09-03T09:11:25Z,2026-09-03T09:11:26Z,site_b,SIM,synthetic_demo,B-WAN-1,UP,1000.0,61.3702,60.58,0.0,21.07,0.1357,0.096,0,UP,4.0,0.0,6,6,17,-62.9,14.851,5.021,0,0,0,32,0,39.0,0.0,0,0,,,,,,,,,,,,,,,,,,,,,0.0,0,,SYNTHETIC,0
doe-007,0,686,2026-09-03T09:11:26Z,2026-09-03T09:11:27Z,2026-09-03T09:11:26Z,2026-09-03T09:11:27Z,site_a,SIM,synthetic_demo,A-WAN-1,UP,1000.0,308.2758,308.43,0.0,19.4,4.031,0.088,0,UP,4.0,0.0,48,12,31,-62.0,14.994,4.753,0,3,0,7,0,462.0,0.0,0,0,LOAD_SHED,LOAD_SHED,0,1,47.26,92.0,47.8672,47.6753,2.1395,3.60363,3.68863,3.58887,3.67387,85.0,23.3,142.801,3,32.143,,DISCHARGE,0.0,0,,SYNTHETIC,0
doe-007,0,686,2026-09-03T09:11:26Z,2026-09-03T09:11:27Z,2026-09-03T09:11:26Z,2026-09-03T09:11:27Z,site_b,SIM,synthetic_demo,B-WAN-1,UP,1000.0,62.4829,62.89,0.0,22.6,1.7655,0.119,0,UP,4.0,0.0,6,6,19,-64.2,17.67,4.627,0,0,0,32,0,76.0,0.0,0,0,,,,,,,,,,,,,,,,,,,,,0.0,0,,SYNTHETIC,0
doe-007,0,687,2026-09-03T09:11:27Z,2026-09-03T09:11:28Z,2026-09-03T09:11:27Z,2026-09-03T09:11:28Z,site_a,SIM,synthetic_demo,A-WAN-1,UP,1000.0,310.2282,311.07,0.0,17.83,2.3113,0.091,0,UP,4.0,0.0,48,12,44,-61.9,18.53,5.042,0,3,0,7,0,321.0,0.0,0,0,LOAD_SHED,LOAD_SHED,0,1,47.3,92.0,47.8671,47.672,2.176,3.60363,3.68863,3.58861,3.67361,85.0,23.4,145.227,3,32.098,,DISCHARGE,0.0,0,,SYNTHETIC,0
doe-007,0,687,2026-09-03T09:11:27Z,2026-09-03T09:11:28Z,2026-09-03T09:11:27Z,2026-09-03T09:11:28Z,site_b,SIM,synthetic_demo,B-WAN-1,UP,1000.0,54.474,53.84,0.0,21.77,0.9088,0.122,0,UP,4.0,0.0,6,6,26,-62.7,15.603,5.576,0,1,0,32,0,30.0,0.0,0,0,,,,,,,,,,,,,,,,,,,,,0.0,0,,SYNTHETIC,0
doe-007,0,688,2026-09-03T09:11:28Z,2026-09-03T09:11:29Z,2026-09-03T09:11:28Z,2026-09-03T09:11:29Z,site_a,SIM,synthetic_demo,A-WAN-1,UP,1000.0,289.1811,288.69,0.0,18.68,2.6476,0.078,0,UP,4.0,0.0,48,48,240,-62.4,18.722,5.84,0,0,0,7,0,334.0,0.0,0,0,LOAD_SHED,BATTERY,0,1,47.27,92.0,47.8671,47.6778,2.1095,3.60362,3.68862,3.58907,3.67407,85.0,,140.808,,405.115,,DISCHARGE,0.0,0,,SYNTHETIC|GAP|MISSING_MAR,0
doe-007,0,688,2026-09-03T09:11:28Z,2026-09-03T09:11:29Z,2026-09-03T09:11:28Z,2026-09-03T09:11:29Z,site_b,SIM,synthetic_demo,B-WAN-1,UP,1000.0,58.6002,58.84,0.0,21.98,1.2872,0.104,0,UP,4.0,0.0,6,6,72,-62.8,27.683,8.419,0,0,0,32,0,93.0,0.0,0,0,,,,,,,,,,,,,,,,,,,,,0.0,0,,SYNTHETIC,0
doe-007,0,689,2026-09-03T09:11:29Z,2026-09-03T09:11:30Z,2026-09-03T09:11:29Z,2026-09-03T09:11:30Z,site_a,SIM,synthetic_demo,A-WAN-1,UP,1000.0,244.1543,244.9,0.0,18.33,1.9161,12.475,0,UP,4.0,0.0,48,48,265,-61.9,19.965,5.741,0,1,0,7,0,462.0,0.0,0,0,BATTERY,BATTERY,0,1,47.3,92.0,47.8664,45.3574,27.9713,3.60357,3.68857,3.41057,3.49557,85.0,23.5,1775.887,,32.12,OCP_DSG,DISCHARGE,0.15,0,,SYNTHETIC,0
doe-007,0,689,2026-09-03T09:11:29Z,2026-09-03T09:11:30Z,2026-09-03T09:11:29Z,2026-09-03T09:11:30Z,site_b,SIM,synthetic_demo,B-WAN-1,UP,1000.0,65.7749,65.94,0.0,22.24,0.8317,0.141,0,UP,4.0,0.0,6,6,38,-63.2,17.867,5.656,0,1,0,32,0,75.0,0.0,0,0,,,,,,,,,,,,,,,,,,,,,0.0,0,,SYNTHETIC,0
doe-007,0,690,2026-09-03T09:11:30Z,2026-09-03T09:11:31Z,2026-09-03T09:11:30Z,2026-09-03T09:11:31Z,site_a,SIM,synthetic_demo,A-WAN-1,UP,1000.0,284.0589,283.05,0.0,16.87,0.9559,12.518,0,UP,4.0,0.0,48,12,63,-63.1,18.165,5.892,0,1,0,7,0,397.0,0.0,0,0,BATTERY,LOAD_SHED,0,1,47.24,92.0,47.8663,47.6752,2.131,3.60356,3.68856,3.58886,3.67386,85.0,23.4,142.231,3,32.139,,DISCHARGE,0.15,0,,SYNTHETIC,0
doe-007,0,690,2026-09-03T09:11:30Z,2026-09-03T09:11:31Z,2026-09-03T09:11:30Z,2026-09-03T09:11:31Z,site_b,SIM,synthetic_demo,B-WAN-1,UP,1000.0,77.034,76.6,0.0,22.26,0.5477,0.128,0,UP,4.0,0.0,6,6,61,-59.7,26.826,7.535,0,0,0,32,0,31.0,0.0,0,0,,,,,,,,,,,,,,,,,,,,,0.0,0,,SYNTHETIC,0
doe-007,0,691,2026-09-03T09:11:31Z,2026-09-03T09:11:32Z,2026-09-03T09:11:31Z,2026-09-03T09:11:32Z,site_a,SIM,synthetic_demo,A-WAN-1,UP,1000.0,312.3862,312.19,0.0,18.08,1.6398,12.575,0,UP,4.0,0.0,48,12,57,-63.0,18.486,5.984,1,2,0,7,0,457.0,0.0,0,0,LOAD_SHED,LOAD_SHED,0,1,47.31,92.0,47.8662,47.672,2.1657,3.60356,3.68856,3.58861,3.67361,85.0,23.4,144.542,3,32.097,,DISCHARGE,0.15,0,,SYNTHETIC,0
doe-007,0,691,2026-09-03T09:11:31Z,2026-09-03T09:11:32Z,2026-09-03T09:11:31Z,2026-09-03T09:11:32Z,site_b,SIM,synthetic_demo,B-WAN-1,UP,1000.0,95.8713,95.05,0.0,22.6,2.0354,,0,UP,4.0,0.0,6,6,23,-62.0,17.009,4.761,0,0,0,32,0,70.0,0.0,0,0,,,,,,,,,,,,,,,,,,,,,0.0,0,,SYNTHETIC|GAP|MISSING_MAR,0
doe-007,0,692,2026-09-03T09:11:32Z,2026-09-03T09:11:33Z,2026-09-03T09:11:32Z,2026-09-03T09:11:33Z,site_a,SIM,synthetic_demo,A-WAN-1,UP,1000.0,252.4718,252.13,0.0,17.93,2.5175,12.474,0,UP,4.0,0.0,48,12,68,-62.3,19.074,5.616,0,1,0,7,0,304.0,0.0,0,0,LOAD_SHED,LOAD_SHED,0,1,47.33,92.0,47.8662,47.675,2.131,3.60355,3.68855,3.58885,3.67385,85.0,23.3,142.233,3,32.138,,DISCHARGE,0.15,0,,SYNTHETIC,0
doe-007,0,692,2026-09-03T09:11:32Z,2026-09-03T09:11:33Z,2026-09-03T09:11:32Z,2026-09-03T09:11:33Z,site_b,SIM,synthetic_demo,B-WAN-1,UP,1000.0,63.9588,63.37,0.0,22.69,2.2322,0.084,0,UP,4.0,0.0,6,6,48,-61.5,22.865,6.549,0,0,0,32,0,50.0,0.0,0,0,,,,,,,,,,,,,,,,,,,,,0.0,0,,SYNTHETIC,0
doe-007,0,693,2026-09-03T09:11:33Z,2026-09-03T09:11:34Z,2026-09-03T09:11:33Z,2026-09-03T09:11:34Z,site_a,SIM,synthetic_demo,A-WAN-1,UP,1000.0,256.168,257.08,0.0,16.46,0.4402,12.455,0,UP,4.0,0.0,48,12,84,-62.9,22.233,6.938,0,2,0,7,0,320.0,0.0,0,0,LOAD_SHED,LOAD_SHED,0,1,47.27,92.0,47.8661,47.6761,2.1188,3.60355,3.68855,3.58893,3.67393,85.0,23.4,141.418,3,32.152,,DISCHARGE,0.15,0,,SYNTHETIC,0
doe-007,0,693,2026-09-03T09:11:33Z,2026-09-03T09:11:34Z,2026-09-03T09:11:33Z,2026-09-03T09:11:34Z,site_b,SIM,synthetic_demo,B-WAN-1,UP,1000.0,69.1601,68.51,0.0,22.34,1.5525,0.11,0,UP,4.0,0.0,6,6,71,-61.7,28.114,8.45,0,2,0,32,0,80.0,0.0,0,0,,,,,,,,,,,,,,,,,,,,,0.0,0,,SYNTHETIC,0
doe-007,0,694,2026-09-03T09:11:34Z,2026-09-03T09:11:35Z,2026-09-03T09:11:34Z,2026-09-03T09:11:35Z,site_a,SIM,synthetic_demo,A-WAN-1,UP,1000.0,264.8613,264.24,0.0,16.74,0.5574,12.505,0,UP,4.0,0.0,48,12,33,-63.0,16.285,5.053,0,3,0,7,0,636.0,0.0,0,0,LOAD_SHED,LOAD_SHED,0,1,47.36,92.0,47.866,47.6775,2.1018,3.60354,3.68854,3.58904,3.67404,85.0,23.4,140.292,3,32.171,,DISCHARGE,0.15,0,,SYNTHETIC,0
doe-007,0,694,2026-09-03T09:11:34Z,2026-09-03T09:11:35Z,2026-09-03T09:11:34Z,2026-09-03T09:11:35Z,site_b,SIM,synthetic_demo,B-WAN-1,UP,1000.0,74.5921,74.74,0.0,23.08,1.927,0.108,0,UP,4.0,0.0,6,6,50,-61.5,21.413,6.8,0,0,0,32,0,94.0,0.0,0,0,,,,,,,,,,,,,,,,,,,,,0.0,0,,SYNTHETIC,0
doe-007,0,695,2026-09-03T09:11:35Z,2026-09-03T09:11:36Z,2026-09-03T09:11:35Z,2026-09-03T09:11:36Z,site_a,SIM,synthetic_demo,A-WAN-1,UP,1000.0,340.0376,339.83,0.0,20.23,4.4478,12.618,0,UP,4.0,0.0,48,12,72,-62.8,20.363,6.279,0,2,0,7,0,386.0,0.0,0,0,LOAD_SHED,LOAD_SHED,0,1,47.28,92.0,47.866,47.6716,2.1673,3.60354,3.68854,3.58858,3.67358,85.0,23.5,144.644,3,32.091,,DISCHARGE,0.15,0,,SYNTHETIC,0
doe-007,0,695,2026-09-03T09:11:35Z,2026-09-03T09:11:36Z,2026-09-03T09:11:35Z,2026-09-03T09:11:36Z,site_b,SIM,synthetic_demo,B-WAN-1,UP,1000.0,111.5244,112.32,0.0,20.74,0.4882,0.097,0,UP,4.0,0.0,6,6,25,-61.8,18.135,5.364,0,0,0,32,0,64.0,0.0,0,0,,,,,,,,,,,,,,,,,,,,,0.0,0,,SYNTHETIC,0
doe-007,0,696,2026-09-03T09:11:36Z,2026-09-03T09:11:37Z,2026-09-03T09:11:36Z,2026-09-03T09:11:37Z,site_a,SIM,synthetic_demo,A-WAN-1,UP,1000.0,225.7913,225.75,0.0,17.45,0.8381,12.383,0,UP,4.0,0.0,48,12,46,-62.1,17.333,5.272,0,1,0,7,0,289.0,0.0,0,0,LOAD_SHED,LOAD_SHED,0,1,47.38,92.0,47.8659,47.6638,2.253,3.60353,3.68853,3.58799,3.67299,85.0,23.3,150.336,3,31.988,,DISCHARGE,0.15,0,,SYNTHETIC,0
doe-007,0,696,2026-09-03T09:11:36Z,2026-09-03T09:11:37Z,2026-09-03T09:11:36Z,2026-09-03T09:11:37Z,site_b,SIM,synthetic_demo,B-WAN-1,UP,1000.0,97.2018,96.12,0.0,21.56,0.7374,0.119,0,UP,4.0,0.0,6,6,55,-61.1,24.83,7.109,1,1,0,32,0,49.0,0.0,0,0,,,,,,,,,,,,,,,,,,,,,0.0,0,,SYNTHETIC,0
doe-007,0,697,2026-09-03T09:11:37Z,2026-09-03T09:11:38Z,2026-09-03T09:11:37Z,2026-09-03T09:11:38Z,site_a,SIM,synthetic_demo,A-WAN-1,UP,1000.0,248.272,248.6,0.0,16.45,1.0444,0.1,0,UP,4.0,0.0,48,12,86,-60.5,21.816,6.554,0,2,0,7,0,365.0,0.0,0,0,LOAD_SHED,LOAD_SHED,0,1,47.39,92.0,47.8658,47.6726,2.1547,3.60353,3.68853,3.58866,3.67366,85.0,23.4,143.807,3,32.105,,DISCHARGE,0.0,0,,SYNTHETIC,0
doe-007,0,697,2026-09-03T09:11:37Z,2026-09-03T09:11:38Z,2026-09-03T09:11:37Z,2026-09-03T09:11:38Z,site_b,SIM,synthetic_demo,B-WAN-1,UP,1000.0,76.4128,75.69,0.0,21.74,0.5544,0.111,0,UP,4.0,0.0,6,6,62,-61.8,27.285,8.239,0,1,0,32,0,48.0,0.0,0,0,,,,,,,,,,,,,,,,,,,,,0.0,0,,SYNTHETIC,0
doe-007,0,698,2026-09-03T09:11:38Z,2026-09-03T09:11:39Z,2026-09-03T09:11:38Z,2026-09-03T09:11:39Z,site_a,SIM,synthetic_demo,A-WAN-1,UP,1000.0,281.6393,282.1,0.0,18.75,2.9688,0.077,0,UP,4.0,0.0,48,12,61,-62.8,18.029,5.884,0,1,0,7,0,231.0,0.0,0,0,LOAD_SHED,LOAD_SHED,0,1,47.3,92.0,47.8658,47.6738,2.1398,3.60352,3.68852,3.58876,3.67376,85.0,23.4,142.819,3,32.122,,DISCHARGE,0.0,0,,SYNTHETIC,0
doe-007,0,698,2026-09-03T09:11:38Z,2026-09-03T09:11:39Z,2026-09-03T09:11:38Z,2026-09-03T09:11:39Z,site_b,SIM,synthetic_demo,B-WAN-1,UP,1000.0,98.5288,98.24,0.0,21.21,0.2557,0.118,0,UP,4.0,0.0,6,6,30,-61.5,19.029,5.228,0,0,0,32,0,45.0,0.0,0,0,,,,,,,,,,,,,,,,,,,,,0.0,0,,SYNTHETIC,0
doe-007,0,699,2026-09-03T09:11:39Z,2026-09-03T09:11:40Z,2026-09-03T09:11:39Z,2026-09-03T09:11:40Z,site_a,SIM,synthetic_demo,A-WAN-1,UP,1000.0,283.4579,284.2,0.0,16.82,1.4275,0.11,0,UP,4.0,0.0,48,12,52,-62.2,16.837,5.198,0,2,0,7,0,300.0,0.0,0,0,LOAD_SHED,LOAD_SHED,0,1,47.21,92.0,47.8657,47.6647,2.2408,3.60352,3.68852,3.58805,3.67305,85.0,23.2,149.53,3,32.0,,DISCHARGE,0.0,0,,SYNTHETIC,0
doe-007,0,699,2026-09-03T09:11:39Z,2026-09-03T09:11:40Z,2026-09-03T09:11:39Z,2026-09-03T09:11:40Z,site_b,SIM,synthetic_demo,B-WAN-1,UP,1000.0,89.2937,88.98,0.0,20.45,0.3832,0.093,0,UP,4.0,0.0,6,6,78,-60.8,31.397,8.81,0,1,0,32,0,56.0,0.0,0,0,,,,,,,,,,,,,,,,,,,,,0.0,0,,SYNTHETIC,0
doe-007,0,700,2026-09-03T09:11:40Z,2026-09-03T09:11:41Z,2026-09-03T09:11:40Z,2026-09-03T09:11:41Z,site_b,SIM,synthetic_demo,B-WAN-1,UP,1000.0,83.8042,83.47,0.0,21.48,0.3313,0.096,0,UP,4.0,0.0,6,6,35,-62.2,21.833,5.98,0,0,0,32,0,64.0,0.0,0,0,,,,,,,,,,,,,,,,,,,,,0.0,0,,SYNTHETIC,0
doe-007,0,701,2026-09-03T09:11:41Z,2026-09-03T09:11:42Z,2026-09-03T09:11:41Z,2026-09-03T09:11:42Z,site_b,SIM,synthetic_demo,B-WAN-1,UP,1000.0,80.7735,81.06,0.0,20.82,0.2723,0.103,0,UP,4.0,0.0,6,6,29,-63.2,18.349,6.264,0,0,0,32,0,35.0,0.0,0,0,,,,,,,,,,,,,,,,,,,,,0.0,0,,SYNTHETIC,0
doe-007,0,702,2026-09-03T09:11:42Z,2026-09-03T09:11:43Z,2026-09-03T09:11:42Z,2026-09-03T09:11:43Z,site_b,SIM,synthetic_demo,B-WAN-1,UP,1000.0,162.7445,162.8,0.0,22.59,1.4396,0.057,0,UP,4.0,0.0,6,6,29,-61.5,19.574,5.784,0,0,0,32,0,51.0,0.0,0,0,,,,,,,,,,,,,,,,,,,,,0.0,0,,SYNTHETIC,0
doe-007,0,703,2026-09-03T09:11:43Z,2026-09-03T09:11:44Z,2026-09-03T09:11:43Z,2026-09-03T09:11:44Z,site_b,SIM,synthetic_demo,B-WAN-1,UP,1000.0,82.1588,80.99,0.0,22.18,1.4206,0.114,0,UP,4.0,0.0,6,6,40,-61.0,24.715,6.623,0,0,0,32,0,69.0,0.0,0,0,,,,,,,,,,,,,,,,,,,,,0.0,0,,SYNTHETIC,0
doe-007,0,704,2026-09-03T09:11:44Z,2026-09-03T09:11:45Z,2026-09-03T09:11:44Z,2026-09-03T09:11:45Z,site_b,SIM,synthetic_demo,B-WAN-1,UP,1000.0,77.8113,78.41,0.0,21.37,0.2291,0.142,0,UP,4.0,0.0,6,6,63,-61.7,25.905,8.906,1,0,0,32,0,53.0,0.0,0,0,,,,,,,,,,,,,,,,,,,,,0.0,0,,SYNTHETIC,0
doe-007,0,705,2026-09-03T09:11:45Z,2026-09-03T09:11:46Z,2026-09-03T09:11:45Z,2026-09-03T09:11:46Z,site_b,SIM,synthetic_demo,B-WAN-1,UP,1000.0,69.5798,68.98,0.0,21.72,0.2504,0.053,0,UP,4.0,0.0,6,6,75,-61.4,28.388,9.549,1,0,0,32,0,32.0,0.0,0,0,,,,,,,,,,,,,,,,,,,,,0.0,0,,SYNTHETIC,0
doe-007,0,706,2026-09-03T09:11:46Z,2026-09-03T09:11:47Z,2026-09-03T09:11:46Z,2026-09-03T09:11:47Z,site_b,SIM,synthetic_demo,B-WAN-1,UP,1000.0,67.8766,68.17,0.0,21.55,0.3927,0.119,0,UP,4.0,0.0,6,6,18,-61.9,16.629,4.496,0,1,0,32,0,44.0,0.0,0,0,,,,,,,,,,,,,,,,,,,,,0.0,0,,SYNTHETIC,0
doe-007,0,707,2026-09-03T09:11:47Z,2026-09-03T09:11:48Z,2026-09-03T09:11:47Z,2026-09-03T09:11:48Z,site_b,SIM,synthetic_demo,B-WAN-1,UP,1000.0,66.3209,66.29,0.0,21.64,0.1052,0.111,0,UP,4.0,0.0,6,6,31,-59.6,18.458,5.331,0,1,0,32,0,51.0,0.0,0,0,,,,,,,,,,,,,,,,,,,,,0.0,0,,SYNTHETIC,0
doe-007,0,708,2026-09-03T09:11:48Z,2026-09-03T09:11:49Z,2026-09-03T09:11:48Z,2026-09-03T09:11:49Z,site_b,SIM,synthetic_demo,B-WAN-1,UP,1000.0,62.3496,64.13,0.0,21.78,0.6276,0.097,0,UP,4.0,0.0,6,6,35,-64.4,21.002,6.554,0,0,0,32,0,48.0,0.0,0,0,,,,,,,,,,,,,,,,,,,,,0.0,0,,SYNTHETIC,0
doe-007,0,709,2026-09-03T09:11:49Z,2026-09-03T09:11:50Z,2026-09-03T09:11:49Z,2026-09-03T09:11:50Z,site_b,SIM,synthetic_demo,B-WAN-1,UP,1000.0,61.7685,61.23,0.0,22.61,2.0057,0.138,0,UP,4.0,0.0,6,6,29,-63.7,19.503,5.849,0,1,0,32,0,47.0,0.0,0,0,,,,,,,,,,,,,,,,,,,,,0.0,0,,SYNTHETIC,0
doe-007,0,710,2026-09-03T09:11:50Z,2026-09-03T09:11:51Z,2026-09-03T09:11:50Z,2026-09-03T09:11:51Z,site_b,SIM,synthetic_demo,B-WAN-1,UP,1000.0,67.2877,68.15,0.0,24.11,2.9928,12.19,0,UP,4.0,0.0,6,6,89,-61.7,32.595,9.961,0,0,0,32,0,49.0,0.0,0,0,,,,,,,,,,,,,,,,,,,,,0.15,0,,SYNTHETIC,0
doe-007,0,711,2026-09-03T09:11:51Z,2026-09-03T09:11:52Z,2026-09-03T09:11:51Z,2026-09-03T09:11:52Z,site_b,SIM,synthetic_demo,B-WAN-1,UP,1000.0,60.798,60.05,0.0,24.47,3.7764,12.215,0,UP,4.0,0.0,6,6,45,-61.5,22.043,6.68,0,0,0,32,0,50.0,0.0,0,0,,,,,,,,,,,,,,,,,,,,,0.15,0,,SYNTHETIC,0
doe-007,0,712,2026-09-03T09:11:52Z,2026-09-03T09:11:53Z,2026-09-03T09:11:52Z,2026-09-03T09:11:53Z,site_b,SIM,synthetic_demo,B-WAN-1,UP,1000.0,60.9708,61.09,0.0,21.4,0.6167,12.169,0,UP,4.0,0.0,6,6,84,-63.1,30.282,9.488,1,0,0,32,0,103.0,0.0,0,0,,,,,,,,,,,,,,,,,,,,,0.15,0,,SYNTHETIC,0
doe-007,0,713,2026-09-03T09:11:53Z,2026-09-03T09:11:54Z,2026-09-03T09:11:53Z,2026-09-03T09:11:54Z,site_b,SIM,synthetic_demo,B-WAN-1,UP,1000.0,58.7417,58.17,0.0,21.78,0.2689,12.209,0,UP,4.0,0.0,6,6,42,-61.0,24.052,6.237,0,0,0,32,0,58.0,0.0,0,0,,,,,,,,,,,,,,,,,,,,,0.15,0,,SYNTHETIC,0
doe-007,0,714,2026-09-03T09:11:54Z,2026-09-03T09:11:55Z,2026-09-03T09:11:54Z,2026-09-03T09:11:55Z,site_b,SIM,synthetic_demo,B-WAN-1,UP,1000.0,61.4987,62.3,0.0,22.57,1.4562,12.159,0,UP,4.0,0.0,6,6,48,-63.4,23.914,7.328,0,0,0,32,0,54.0,0.0,0,0,,,,,,,,,,,,,,,,,,,,,0.15,0,,SYNTHETIC,0
doe-007,0,715,2026-09-03T09:11:55Z,2026-09-03T09:11:56Z,2026-09-03T09:11:55Z,2026-09-03T09:11:56Z,site_b,SIM,synthetic_demo,B-WAN-1,UP,1000.0,65.2649,65.58,0.0,22.46,1.7745,12.206,0,UP,4.0,0.0,6,6,19,-62.2,15.315,5.178,0,0,0,32,0,38.0,0.0,0,0,,,,,,,,,,,,,,,,,,,,,0.15,0,,SYNTHETIC,0
doe-007,0,716,2026-09-03T09:11:56Z,2026-09-03T09:11:57Z,2026-09-03T09:11:56Z,2026-09-03T09:11:57Z,site_b,SIM,synthetic_demo,B-WAN-1,UP,1000.0,61.3096,61.53,0.0,22.3,0.776,0.115,0,UP,4.0,0.0,6,6,29,-60.7,18.106,5.587,0,0,0,32,0,93.0,0.0,0,0,,,,,,,,,,,,,,,,,,,,,0.0,0,,SYNTHETIC,0
doe-007,0,717,2026-09-03T09:11:57Z,2026-09-03T09:11:58Z,2026-09-03T09:11:57Z,2026-09-03T09:11:58Z,site_b,SIM,synthetic_demo,B-WAN-1,UP,1000.0,56.553,57.41,0.0,22.07,0.7475,0.094,0,UP,4.0,0.0,6,6,32,-62.6,20.392,5.835,0,0,0,32,0,61.0,0.0,0,0,,,,,,,,,,,,,,,,,,,,,0.0,0,,SYNTHETIC,0
doe-007,0,718,2026-09-03T09:11:58Z,2026-09-03T09:11:59Z,2026-09-03T09:11:58Z,2026-09-03T09:11:59Z,site_b,SIM,synthetic_demo,B-WAN-1,UP,1000.0,65.6679,65.35,0.0,22.0,0.5846,0.071,0,UP,4.0,0.0,6,6,65,-63.2,27.959,8.415,0,0,0,32,0,67.0,0.0,0,0,,,,,,,,,,,,,,,,,,,,,0.0,0,,SYNTHETIC,0
doe-007,0,719,2026-09-03T09:11:59Z,2026-09-03T09:12:00Z,2026-09-03T09:11:59Z,2026-09-03T09:12:00Z,site_b,SIM,synthetic_demo,B-WAN-1,UP,1000.0,61.365,61.35,0.0,21.17,0.5897,0.095,0,UP,4.0,0.0,6,6,35,-60.9,20.763,5.579,0,0,0,32,0,60.0,0.0,0,0,,,,,,,,,,,,,,,,,,,,,0.0,0,,SYNTHETIC,0
doe-007,0,720,2026-09-03T09:12:00Z,2026-09-03T09:12:01Z,2026-09-03T09:12:00Z,2026-09-03T09:12:01Z,site_b,SIM,synthetic_demo,B-WAN-1,UP,1000.0,84.9437,84.11,0.0,22.02,1.1402,0.077,0,UP,4.0,0.0,6,6,27,-60.5,18.123,4.795,0,1,0,32,0,129.0,0.0,0,0,,,,,,,,,,,,,,,,,,,,,0.0,0,,SYNTHETIC,0
doe-007,0,721,2026-09-03T09:12:01Z,2026-09-03T09:12:02Z,2026-09-03T09:12:01Z,2026-09-03T09:12:02Z,site_b,SIM,synthetic_demo,B-WAN-1,UP,1000.0,74.0082,73.75,0.0,22.48,0.5734,0.109,0,UP,4.0,0.0,6,6,28,-60.9,16.843,5.585,0,0,0,32,0,72.0,0.0,0,0,,,,,,,,,,,,,,,,,,,,,0.0,0,,SYNTHETIC,0
doe-007,0,722,2026-09-03T09:12:02Z,2026-09-03T09:12:03Z,2026-09-03T09:12:02Z,2026-09-03T09:12:03Z,site_b,SIM,synthetic_demo,B-WAN-1,UP,1000.0,70.0945,69.0,0.0,22.58,2.0491,0.105,0,UP,4.0,0.0,6,6,72,-60.6,28.907,8.713,0,0,0,32,0,62.0,0.0,0,0,,,,,,,,,,,,,,,,,,,,,0.0,0,,SYNTHETIC,0
doe-007,0,723,2026-09-03T09:12:03Z,2026-09-03T09:12:04Z,2026-09-03T09:12:03Z,2026-09-03T09:12:04Z,site_b,SIM,synthetic_demo,B-WAN-1,UP,1000.0,67.7325,67.54,0.0,22.93,1.6487,0.1,0,UP,4.0,0.0,6,6,52,-62.1,23.502,6.812,1,0,0,32,0,56.0,0.0,0,0,,,,,,,,,,,,,,,,,,,,,0.0,0,,SYNTHETIC,0
doe-007,0,724,2026-09-03T09:12:04Z,2026-09-03T09:12:05Z,2026-09-03T09:12:04Z,2026-09-03T09:12:05Z,site_b,SIM,synthetic_demo,B-WAN-1,UP,1000.0,80.4723,80.36,0.0,24.68,3.5059,0.122,0,UP,4.0,0.0,6,6,46,-61.9,21.827,7.126,0,0,0,32,0,60.0,0.0,0,0,,,,,,,,,,,,,,,,,,,,,0.0,0,,SYNTHETIC,0
doe-007,0,725,2026-09-03T09:12:05Z,2026-09-03T09:12:06Z,2026-09-03T09:12:05Z,2026-09-03T09:12:06Z,site_b,SIM,synthetic_demo,B-WAN-1,UP,1000.0,78.0479,78.67,0.0,22.23,1.1666,0.118,0,UP,4.0,0.0,6,6,53,-60.8,23.596,7.112,0,1,0,32,0,52.0,0.0,0,0,,,,,,,,,,,,,,,,,,,,,0.0,0,,SYNTHETIC,0
doe-007,0,726,2026-09-03T09:12:06Z,2026-09-03T09:12:07Z,2026-09-03T09:12:06Z,2026-09-03T09:12:07Z,site_b,SIM,synthetic_demo,B-WAN-1,UP,1000.0,75.8519,75.5,0.0,22.11,0.8639,0.116,0,UP,4.0,0.0,6,6,54,-63.2,25.244,7.974,1,2,0,32,0,99.0,0.0,0,0,,,,,,,,,,,,,,,,,,,,,0.0,0,,SYNTHETIC,0
doe-007,0,727,2026-09-03T09:12:07Z,2026-09-03T09:12:08Z,2026-09-03T09:12:07Z,2026-09-03T09:12:08Z,site_b,SIM,synthetic_demo,B-WAN-1,UP,1000.0,73.4411,73.25,0.0,23.37,2.0127,0.132,0,UP,4.0,0.0,6,6,74,-62.7,30.575,9.653,0,0,0,32,0,60.0,0.0,0,0,,,,,,,,,,,,,,,,,,,,,0.0,0,,SYNTHETIC,0
doe-007,0,728,2026-09-03T09:12:08Z,2026-09-03T09:12:09Z,2026-09-03T09:12:08Z,2026-09-03T09:12:09Z,site_b,SIM,synthetic_demo,B-WAN-1,UP,1000.0,73.0073,73.31,0.0,21.73,0.2975,0.106,0,UP,4.0,0.0,6,6,43,-60.9,22.322,6.582,0,0,0,32,0,69.0,0.0,0,0,,,,,,,,,,,,,,,,,,,,,0.0,0,,SYNTHETIC,0
doe-007,0,729,2026-09-03T09:12:09Z,2026-09-03T09:12:10Z,2026-09-03T09:12:09Z,2026-09-03T09:12:10Z,site_b,SIM,synthetic_demo,B-WAN-1,UP,1000.0,89.5209,89.1,0.0,22.44,1.6344,0.083,0,UP,4.0,0.0,6,6,80,-59.7,28.597,9.268,0,1,0,32,0,65.0,0.0,0,0,,,,,,,,,,,,,,,,,,,,,0.0,0,,SYNTHETIC,0
doe-007,0,729,2026-09-03T09:12:09Z,2026-09-03T09:12:10Z,2026-09-03T09:12:09Z,2026-09-03T09:12:10Z,site_b,SIM,synthetic_demo,B-WAN-1,UP,1000.0,89.5209,89.1,0.0,22.44,1.6344,0.083,0,UP,4.0,0.0,6,6,80,-59.7,28.597,9.268,0,1,0,32,0,65.0,0.0,0,0,,,,,,,,,,,,,,,,,,,,,0.0,0,,SYNTHETIC|DUPLICATE,0
doe-007,0,730,2026-09-03T09:12:10Z,2026-09-03T09:12:11Z,2026-09-03T09:12:10Z,2026-09-03T09:12:11Z,site_b,SIM,synthetic_demo,B-WAN-1,UP,1000.0,72.1005,72.14,0.0,21.04,0.61,0.054,0,UP,4.0,0.0,6,6,60,-62.5,24.983,8.076,0,0,0,32,0,67.0,0.0,0,0,,,,,,,,,,,,,,,,,,,,,0.0,0,,SYNTHETIC,0
doe-007,0,731,2026-09-03T09:12:11Z,2026-09-03T09:12:12Z,2026-09-03T09:12:11Z,2026-09-03T09:12:12Z,site_b,SIM,synthetic_demo,B-WAN-1,UP,1000.0,80.2491,79.75,0.0,20.67,0.5084,0.091,0,UP,4.0,0.0,6,6,49,-62.5,24.059,7.172,1,0,0,32,0,83.0,0.0,0,0,,,,,,,,,,,,,,,,,,,,,0.0,0,,SYNTHETIC,0
doe-007,0,732,2026-09-03T09:12:12Z,2026-09-03T09:12:13Z,2026-09-03T09:12:12Z,2026-09-03T09:12:13Z,site_b,SIM,synthetic_demo,B-WAN-1,UP,1000.0,67.183,67.69,0.0,21.86,1.0544,0.167,0,UP,4.0,0.0,6,6,38,-62.4,20.846,7.016,0,1,0,32,0,50.0,0.0,0,0,,,,,,,,,,,,,,,,,,,,,0.0,0,,SYNTHETIC,0
doe-007,0,733,2026-09-03T09:12:13Z,2026-09-03T09:12:14Z,2026-09-03T09:12:13Z,2026-09-03T09:12:14Z,site_b,SIM,synthetic_demo,B-WAN-1,UP,1000.0,120.8576,120.74,0.0,21.52,0.5574,0.099,0,UP,4.0,0.0,6,6,63,-62.7,26.725,8.279,0,0,0,32,0,47.0,0.0,0,0,,,,,,,,,,,,,,,,,,,,,0.0,0,,SYNTHETIC,0
doe-007,0,734,2026-09-03T09:12:14Z,2026-09-03T09:12:15Z,2026-09-03T09:12:14Z,2026-09-03T09:12:15Z,site_b,SIM,synthetic_demo,B-WAN-1,UP,1000.0,65.1788,65.88,0.0,20.99,0.3205,0.076,0,UP,4.0,0.0,6,6,44,-59.9,23.22,6.744,0,0,0,32,0,68.0,0.0,0,0,,,,,,,,,,,,,,,,,,,,,0.0,0,,SYNTHETIC,0
doe-007,0,735,2026-09-03T09:12:15Z,2026-09-03T09:12:16Z,2026-09-03T09:12:15Z,2026-09-03T09:12:16Z,site_a,SIM,synthetic_demo,A-WAN-1,UP,1000.0,295.0401,294.98,0.0,16.61,0.8862,0.1,0,UP,4.0,0.0,48,12,57,-63.4,19.007,5.466,1,4,0,7,0,251.0,0.0,0,0,LOAD_SHED,LOAD_SHED,0,1,47.12,92.0,47.862,47.6707,2.1328,3.60323,3.68823,3.58851,3.67351,85.0,23.5,142.341,3,32.078,,DISCHARGE,0.0,0,,SYNTHETIC,0
doe-007,0,700,2026-09-03T09:11:40Z,2026-09-03T09:11:41Z,2026-09-03T09:11:40Z,2026-09-03T09:11:41Z,site_a,SIM,synthetic_demo,,,,,,,,,,,,,,,,,,,,,,,,,,,,,,,,,,,,,,,,,,,,,,,,,,,,SYNTHETIC|GAP|OUT_OF_ORDER,1
doe-007,0,701,2026-09-03T09:11:41Z,2026-09-03T09:11:42Z,2026-09-03T09:11:41Z,2026-09-03T09:11:42Z,site_a,SIM,synthetic_demo,,,,,,,,,,,,,,,,,,,,,,,,,,,,,,,,,,,,,,,,,,,,,,,,,,,,SYNTHETIC|GAP|OUT_OF_ORDER,1
doe-007,0,702,2026-09-03T09:11:42Z,2026-09-03T09:11:43Z,2026-09-03T09:11:42Z,2026-09-03T09:11:43Z,site_a,SIM,synthetic_demo,,,,,,,,,,,,,,,,,,,,,,,,,,,,,,,,,,,,,,,,,,,,,,,,,,,,SYNTHETIC|GAP|OUT_OF_ORDER,1
doe-007,0,703,2026-09-03T09:11:43Z,2026-09-03T09:11:44Z,2026-09-03T09:11:43Z,2026-09-03T09:11:44Z,site_a,SIM,synthetic_demo,,,,,,,,,,,,,,,,,,,,,,,,,,,,,,,,,,,,,,,,,,,,,,,,,,,,SYNTHETIC|GAP|OUT_OF_ORDER,1
doe-007,0,704,2026-09-03T09:11:44Z,2026-09-03T09:11:45Z,2026-09-03T09:11:44Z,2026-09-03T09:11:45Z,site_a,SIM,synthetic_demo,,,,,,,,,,,,,,,,,,,,,,,,,,,,,,,,,,,,,,,,,,,,,,,,,,,,SYNTHETIC|GAP|OUT_OF_ORDER,1
doe-007,0,705,2026-09-03T09:11:45Z,2026-09-03T09:11:46Z,2026-09-03T09:11:45Z,2026-09-03T09:11:46Z,site_a,SIM,synthetic_demo,,,,,,,,,,,,,,,,,,,,,,,,,,,,,,,,,,,,,,,,,,,,,,,,,,,,SYNTHETIC|GAP|OUT_OF_ORDER,1
doe-007,0,706,2026-09-03T09:11:46Z,2026-09-03T09:11:47Z,2026-09-03T09:11:46Z,2026-09-03T09:11:47Z,site_a,SIM,synthetic_demo,,,,,,,,,,,,,,,,,,,,,,,,,,,,,,,,,,,,,,,,,,,,,,,,,,,,SYNTHETIC|GAP|OUT_OF_ORDER,1
doe-007,0,707,2026-09-03T09:11:47Z,2026-09-03T09:11:48Z,2026-09-03T09:11:47Z,2026-09-03T09:11:48Z,site_a,SIM,synthetic_demo,,,,,,,,,,,,,,,,,,,,,,,,,,,,,,,,,,,,,,,,,,,,,,,,,,,,SYNTHETIC|GAP|OUT_OF_ORDER,1
doe-007,0,708,2026-09-03T09:11:48Z,2026-09-03T09:11:49Z,2026-09-03T09:11:48Z,2026-09-03T09:11:49Z,site_a,SIM,synthetic_demo,,,,,,,,,,,,,,,,,,,,,,,,,,,,,,,,,,,,,,,,,,,,,,,,,,,,SYNTHETIC|GAP|OUT_OF_ORDER,1
doe-007,0,709,2026-09-03T09:11:49Z,2026-09-03T09:11:50Z,2026-09-03T09:11:49Z,2026-09-03T09:11:50Z,site_a,SIM,synthetic_demo,,,,,,,,,,,,,,,,,,,,,,,,,,,,,,,,,,,,,,,,,,,,,,,,,,,,SYNTHETIC|GAP|OUT_OF_ORDER,1
doe-007,0,710,2026-09-03T09:11:50Z,2026-09-03T09:11:51Z,2026-09-03T09:11:50Z,2026-09-03T09:11:51Z,site_a,SIM,synthetic_demo,,,,,,,,,,,,,,,,,,,,,,,,,,,,,,,,,,,,,,,,,,,,,,,,,,,,SYNTHETIC|GAP|OUT_OF_ORDER,1
doe-007,0,711,2026-09-03T09:11:51Z,2026-09-03T09:11:52Z,2026-09-03T09:11:51Z,2026-09-03T09:11:52Z,site_a,SIM,synthetic_demo,,,,,,,,,,,,,,,,,,,,,,,,,,,,,,,,,,,,,,,,,,,,,,,,,,,,SYNTHETIC|GAP|OUT_OF_ORDER,1
doe-007,0,712,2026-09-03T09:11:52Z,2026-09-03T09:11:53Z,2026-09-03T09:11:52Z,2026-09-03T09:11:53Z,site_a,SIM,synthetic_demo,,,,,,,,,,,,,,,,,,,,,,,,,,,,,,,,,,,,,,,,,,,,,,,,,,,,SYNTHETIC|GAP|OUT_OF_ORDER,1
doe-007,0,713,2026-09-03T09:11:53Z,2026-09-03T09:11:54Z,2026-09-03T09:11:53Z,2026-09-03T09:11:54Z,site_a,SIM,synthetic_demo,,,,,,,,,,,,,,,,,,,,,,,,,,,,,,,,,,,,,,,,,,,,,,,,,,,,SYNTHETIC|GAP|OUT_OF_ORDER,1
doe-007,0,714,2026-09-03T09:11:54Z,2026-09-03T09:11:55Z,2026-09-03T09:11:54Z,2026-09-03T09:11:55Z,site_a,SIM,synthetic_demo,,,,,,,,,,,,,,,,,,,,,,,,,,,,,,,,,,,,,,,,,,,,,,,,,,,,SYNTHETIC|GAP|OUT_OF_ORDER,1
doe-007,0,715,2026-09-03T09:11:55Z,2026-09-03T09:11:56Z,2026-09-03T09:11:55Z,2026-09-03T09:11:56Z,site_a,SIM,synthetic_demo,,,,,,,,,,,,,,,,,,,,,,,,,,,,,,,,,,,,,,,,,,,,,,,,,,,,SYNTHETIC|GAP|OUT_OF_ORDER,1
doe-007,0,716,2026-09-03T09:11:56Z,2026-09-03T09:11:57Z,2026-09-03T09:11:56Z,2026-09-03T09:11:57Z,site_a,SIM,synthetic_demo,,,,,,,,,,,,,,,,,,,,,,,,,,,,,,,,,,,,,,,,,,,,,,,,,,,,SYNTHETIC|GAP|OUT_OF_ORDER,1
doe-007,0,717,2026-09-03T09:11:57Z,2026-09-03T09:11:58Z,2026-09-03T09:11:57Z,2026-09-03T09:11:58Z,site_a,SIM,synthetic_demo,,,,,,,,,,,,,,,,,,,,,,,,,,,,,,,,,,,,,,,,,,,,,,,,,,,,SYNTHETIC|GAP|OUT_OF_ORDER,1
doe-007,0,718,2026-09-03T09:11:58Z,2026-09-03T09:11:59Z,2026-09-03T09:11:58Z,2026-09-03T09:11:59Z,site_a,SIM,synthetic_demo,,,,,,,,,,,,,,,,,,,,,,,,,,,,,,,,,,,,,,,,,,,,,,,,,,,,SYNTHETIC|GAP|OUT_OF_ORDER,1
doe-007,0,719,2026-09-03T09:11:59Z,2026-09-03T09:12:00Z,2026-09-03T09:11:59Z,2026-09-03T09:12:00Z,site_a,SIM,synthetic_demo,,,,,,,,,,,,,,,,,,,,,,,,,,,,,,,,,,,,,,,,,,,,,,,,,,,,SYNTHETIC|GAP|OUT_OF_ORDER,1
doe-007,0,720,2026-09-03T09:12:00Z,2026-09-03T09:12:01Z,2026-09-03T09:12:00Z,2026-09-03T09:12:01Z,site_a,SIM,synthetic_demo,,,,,,,,,,,,,,,,,,,,,,,,,,,,,,,,,,,,,,,,,,,,,,,,,,,,SYNTHETIC|GAP|OUT_OF_ORDER,1
doe-007,0,721,2026-09-03T09:12:01Z,2026-09-03T09:12:02Z,2026-09-03T09:12:01Z,2026-09-03T09:12:02Z,site_a,SIM,synthetic_demo,,,,,,,,,,,,,,,,,,,,,,,,,,,,,,,,,,,,,,,,,,,,,,,,,,,,SYNTHETIC|GAP|OUT_OF_ORDER,1
doe-007,0,722,2026-09-03T09:12:02Z,2026-09-03T09:12:03Z,2026-09-03T09:12:02Z,2026-09-03T09:12:03Z,site_a,SIM,synthetic_demo,,,,,,,,,,,,,,,,,,,,,,,,,,,,,,,,,,,,,,,,,,,,,,,,,,,,SYNTHETIC|GAP|OUT_OF_ORDER,1
doe-007,0,723,2026-09-03T09:12:03Z,2026-09-03T09:12:04Z,2026-09-03T09:12:03Z,2026-09-03T09:12:04Z,site_a,SIM,synthetic_demo,,,,,,,,,,,,,,,,,,,,,,,,,,,,,,,,,,,,,,,,,,,,,,,,,,,,SYNTHETIC|GAP|OUT_OF_ORDER,1
doe-007,0,724,2026-09-03T09:12:04Z,2026-09-03T09:12:05Z,2026-09-03T09:12:04Z,2026-09-03T09:12:05Z,site_a,SIM,synthetic_demo,,,,,,,,,,,,,,,,,,,,,,,,,,,,,,,,,,,,,,,,,,,,,,,,,,,,SYNTHETIC|GAP|OUT_OF_ORDER,1
doe-007,0,735,2026-09-03T09:12:15Z,2026-09-03T09:12:16Z,2026-09-03T09:12:15Z,2026-09-03T09:12:16Z,site_b,SIM,synthetic_demo,B-WAN-1,UP,1000.0,65.7064,65.94,0.0,22.09,1.2816,0.109,0,UP,4.0,0.0,6,6,38,-62.4,21.008,6.396,0,0,0,32,0,53.0,0.0,0,0,,,,,,,,,,,,,,,,,,,,,0.0,0,,SYNTHETIC,0
doe-007,0,736,2026-09-03T09:12:16Z,2026-09-03T09:12:17Z,2026-09-03T09:12:16Z,2026-09-03T09:12:17Z,site_a,SIM,synthetic_demo,A-WAN-1,UP,1000.0,285.4969,285.17,0.0,16.7,0.3048,0.068,0,UP,4.0,0.0,48,12,59,-63.2,19.072,5.753,0,4,0,7,0,387.0,0.0,0,0,LOAD_SHED,LOAD_SHED,0,1,47.18,92.0,47.8619,47.67,2.1393,3.60323,3.68823,3.58846,3.67346,85.0,23.5,142.772,3,32.07,,DISCHARGE,0.0,0,,SYNTHETIC,0
doe-007,0,725,2026-09-03T09:12:05Z,2026-09-03T09:12:06Z,2026-09-03T09:12:05Z,2026-09-03T09:12:06Z,site_a,SIM,synthetic_demo,,,,,,,,,,,,,,,,,,,,,,,,,,,,,,,,,,,,,,,,,,,,,,,,,,,,SYNTHETIC|GAP|OUT_OF_ORDER,1
doe-007,0,726,2026-09-03T09:12:06Z,2026-09-03T09:12:07Z,2026-09-03T09:12:06Z,2026-09-03T09:12:07Z,site_a,SIM,synthetic_demo,,,,,,,,,,,,,,,,,,,,,,,,,,,,,,,,,,,,,,,,,,,,,,,,,,,,SYNTHETIC|GAP|OUT_OF_ORDER,1
doe-007,0,727,2026-09-03T09:12:07Z,2026-09-03T09:12:08Z,2026-09-03T09:12:07Z,2026-09-03T09:12:08Z,site_a,SIM,synthetic_demo,,,,,,,,,,,,,,,,,,,,,,,,,,,,,,,,,,,,,,,,,,,,,,,,,,,,SYNTHETIC|GAP|OUT_OF_ORDER,1
doe-007,0,728,2026-09-03T09:12:08Z,2026-09-03T09:12:09Z,2026-09-03T09:12:08Z,2026-09-03T09:12:09Z,site_a,SIM,synthetic_demo,,,,,,,,,,,,,,,,,,,,,,,,,,,,,,,,,,,,,,,,,,,,,,,,,,,,SYNTHETIC|GAP|OUT_OF_ORDER,1
doe-007,0,729,2026-09-03T09:12:09Z,2026-09-03T09:12:10Z,2026-09-03T09:12:09Z,2026-09-03T09:12:10Z,site_a,SIM,synthetic_demo,,,,,,,,,,,,,,,,,,,,,,,,,,,,,,,,,,,,,,,,,,,,,,,,,,,,SYNTHETIC|GAP|OUT_OF_ORDER,1
doe-007,0,730,2026-09-03T09:12:10Z,2026-09-03T09:12:11Z,2026-09-03T09:12:10Z,2026-09-03T09:12:11Z,site_a,SIM,synthetic_demo,,,,,,,,,,,,,,,,,,,,,,,,,,,,,,,,,,,,,,,,,,,,,,,,,,,,SYNTHETIC|GAP|OUT_OF_ORDER,1
doe-007,0,731,2026-09-03T09:12:11Z,2026-09-03T09:12:12Z,2026-09-03T09:12:11Z,2026-09-03T09:12:12Z,site_a,SIM,synthetic_demo,,,,,,,,,,,,,,,,,,,,,,,,,,,,,,,,,,,,,,,,,,,,,,,,,,,,SYNTHETIC|GAP|OUT_OF_ORDER,1
doe-007,0,732,2026-09-03T09:12:12Z,2026-09-03T09:12:13Z,2026-09-03T09:12:12Z,2026-09-03T09:12:13Z,site_a,SIM,synthetic_demo,,,,,,,,,,,,,,,,,,,,,,,,,,,,,,,,,,,,,,,,,,,,,,,,,,,,SYNTHETIC|GAP|OUT_OF_ORDER,1
doe-007,0,733,2026-09-03T09:12:13Z,2026-09-03T09:12:14Z,2026-09-03T09:12:13Z,2026-09-03T09:12:14Z,site_a,SIM,synthetic_demo,,,,,,,,,,,,,,,,,,,,,,,,,,,,,,,,,,,,,,,,,,,,,,,,,,,,SYNTHETIC|GAP|OUT_OF_ORDER,1
doe-007,0,734,2026-09-03T09:12:14Z,2026-09-03T09:12:15Z,2026-09-03T09:12:14Z,2026-09-03T09:12:15Z,site_a,SIM,synthetic_demo,,,,,,,,,,,,,,,,,,,,,,,,,,,,,,,,,,,,,,,,,,,,,,,,,,,,SYNTHETIC|GAP|OUT_OF_ORDER,1
doe-007,0,736,2026-09-03T09:12:16Z,2026-09-03T09:12:17Z,2026-09-03T09:12:16Z,2026-09-03T09:12:17Z,site_b,SIM,synthetic_demo,B-WAN-1,UP,1000.0,69.4033,69.41,0.0,20.17,0.412,0.075,0,UP,4.0,0.0,6,6,42,-60.5,23.816,5.851,0,0,0,32,0,87.0,0.0,0,0,,,,,,,,,,,,,,,,,,,,,0.0,0,,SYNTHETIC,0
doe-007,0,737,2026-09-03T09:12:17Z,2026-09-03T09:12:18Z,2026-09-03T09:12:17Z,2026-09-03T09:12:18Z,site_a,SIM,synthetic_demo,A-WAN-1,UP,1000.0,275.3881,277.14,0.0,17.29,1.3336,0.057,0,UP,4.0,0.0,48,12,45,-61.0,15.91,5.665,0,3,0,7,0,283.0,0.0,0,0,LOAD_SHED,LOAD_SHED,0,1,47.25,92.0,47.8619,47.6739,2.095,3.60322,3.68822,3.58876,3.67376,85.0,23.6,139.824,3,32.122,,DISCHARGE,0.0,0,,SYNTHETIC,0
doe-007,0,737,2026-09-03T09:12:17Z,2026-09-03T09:12:18Z,2026-09-03T09:12:17Z,2026-09-03T09:12:18Z,site_b,SIM,synthetic_demo,B-WAN-1,UP,1000.0,58.7372,58.99,0.0,23.07,2.5625,0.103,0,UP,4.0,0.0,6,6,26,-62.9,17.105,5.573,0,0,0,32,0,55.0,0.0,0,0,,,,,,,,,,,,,,,,,,,,,0.0,0,,SYNTHETIC,0
doe-007,0,738,2026-09-03T09:12:18Z,2026-09-03T09:12:19Z,2026-09-03T09:12:18Z,2026-09-03T09:12:19Z,site_a,SIM,synthetic_demo,A-WAN-1,UP,1000.0,317.0286,317.2,0.0,17.06,1.5537,0.096,0,UP,4.0,0.0,48,12,64,-60.6,19.549,5.496,0,3,0,7,0,326.0,0.0,0,0,LOAD_SHED,LOAD_SHED,0,1,47.18,92.0,47.8618,47.6746,2.087,3.60322,3.68822,3.58881,3.67381,85.0,23.6,139.296,3,32.131,,DISCHARGE,0.0,0,,SYNTHETIC,0
doe-007,0,738,2026-09-03T09:12:18Z,2026-09-03T09:12:19Z,2026-09-03T09:12:18Z,2026-09-03T09:12:19Z,site_b,SIM,synthetic_demo,B-WAN-1,UP,1000.0,58.1008,57.9,0.0,21.27,0.1975,0.126,0,UP,4.0,0.0,6,6,54,-62.2,23.867,7.341,0,1,0,32,0,35.0,0.0,0,0,,,,,,,,,,,,,,,,,,,,,0.0,0,,SYNTHETIC,0
doe-007,0,739,2026-09-03T09:12:19Z,2026-09-03T09:12:20Z,2026-09-03T09:12:19Z,2026-09-03T09:12:20Z,site_a,SIM,synthetic_demo,A-WAN-1,UP,1000.0,291.2749,291.42,0.0,16.42,0.2277,0.074,0,UP,4.0,0.0,48,48,133,-63.0,15.85,4.76,2,1,0,7,0,481.0,0.0,0,0,LOAD_SHED,BATTERY,0,1,47.16,92.0,47.8617,47.6721,2.114,3.60321,3.68821,3.58862,3.67362,85.0,23.5,141.091,,403.369,,DISCHARGE,0.0,0,,SYNTHETIC,0
doe-007,0,739,2026-09-03T09:12:19Z,2026-09-03T09:12:20Z,2026-09-03T09:12:19Z,2026-09-03T09:12:20Z,site_b,SIM,synthetic_demo,B-WAN-1,UP,1000.0,55.3649,54.66,0.0,22.07,1.4619,0.095,0,UP,4.0,0.0,6,6,32,-61.9,18.984,5.73,1,1,0,32,0,64.0,0.0,0,0,,,,,,,,,,,,,,,,,,,,,0.0,0,,SYNTHETIC,0
doe-007,0,740,2026-09-03T09:12:20Z,2026-09-03T09:12:21Z,2026-09-03T09:12:20Z,2026-09-03T09:12:21Z,site_a,SIM,synthetic_demo,A-WAN-1,UP,1000.0,251.4842,251.96,0.0,18.49,2.3524,0.077,0,UP,4.0,0.0,48,48,250,-63.1,18.826,5.693,2,2,0,7,0,385.0,0.0,0,0,BATTERY,BATTERY,0,1,47.27,92.0,47.861,45.3531,27.959,3.60316,3.68816,3.41024,3.49524,85.0,23.5,1774.936,,32.063,OCP_DSG,DISCHARGE,0.0,0,,SYNTHETIC,0
doe-007,0,740,2026-09-03T09:12:20Z,2026-09-03T09:12:21Z,2026-09-03T09:12:20Z,2026-09-03T09:12:21Z,site_b,SIM,synthetic_demo,B-WAN-1,UP,1000.0,51.1792,50.46,0.0,23.16,2.2145,0.097,0,UP,4.0,0.0,6,6,46,-63.5,22.058,6.943,0,1,0,32,0,73.0,0.0,0,0,,,,,,,,,,,,,,,,,,,,,0.0,0,,SYNTHETIC,0
doe-007,0,741,2026-09-03T09:12:21Z,2026-09-03T09:12:22Z,2026-09-03T09:12:21Z,2026-09-03T09:12:22Z,site_a,SIM,synthetic_demo,A-WAN-1,UP,1000.0,287.1412,287.65,0.0,17.61,1.5479,0.067,0,UP,4.0,0.0,48,12,51,-61.4,17.196,5.035,1,2,0,7,0,352.0,0.0,0,0,BATTERY,LOAD_SHED,0,1,47.22,92.0,47.861,47.6695,2.134,3.60315,3.68815,3.58843,3.67343,85.0,23.5,142.415,3,32.062,,DISCHARGE,0.0,0,,SYNTHETIC,0
doe-007,0,741,2026-09-03T09:12:21Z,2026-09-03T09:12:22Z,2026-09-03T09:12:21Z,2026-09-03T09:12:22Z,site_b,SIM,synthetic_demo,B-WAN-1,UP,1000.0,47.5134,47.39,0.0,21.41,0.2001,0.104,0,UP,4.0,0.0,6,6,22,-61.1,17.309,4.442,0,0,0,32,0,33.0,0.0,0,0,,,,,,,,,,,,,,,,,,,,,0.0,0,,SYNTHETIC,0
doe-007,0,742,2026-09-03T09:12:22Z,2026-09-03T09:12:23Z,2026-09-03T09:12:22Z,2026-09-03T09:12:23Z,site_a,SIM,synthetic_demo,A-WAN-1,UP,1000.0,255.9072,256.79,0.0,19.21,3.536,0.073,0,UP,4.0,0.0,48,12,28,-62.7,15.813,5.124,0,2,0,7,0,386.0,0.0,0,0,LOAD_SHED,LOAD_SHED,0,1,47.23,92.0,47.8609,47.6669,2.163,3.60315,3.68815,3.58822,3.67322,85.0,23.5,144.34,3,32.026,,DISCHARGE,0.0,0,,SYNTHETIC,0
doe-007,0,742,2026-09-03T09:12:22Z,2026-09-03T09:12:23Z,2026-09-03T09:12:22Z,2026-09-03T09:12:23Z,site_b,SIM,synthetic_demo,B-WAN-1,UP,1000.0,60.8213,59.9,0.0,22.77,1.373,0.125,0,UP,4.0,0.0,6,6,22,-63.5,17.728,5.349,0,1,0,32,0,31.0,0.0,0,0,,,,,,,,,,,,,,,,,,,,,0.0,0,,SYNTHETIC,0
doe-007,0,743,2026-09-03T09:12:23Z,2026-09-03T09:12:24Z,2026-09-03T09:12:23Z,2026-09-03T09:12:24Z,site_a,SIM,synthetic_demo,A-WAN-1,UP,1000.0,325.6766,325.42,0.0,18.9,2.8826,0.047,0,UP,4.0,0.0,48,12,30,-61.0,16.297,4.807,0,2,0,7,0,281.0,0.0,0,0,LOAD_SHED,LOAD_SHED,0,1,47.15,92.0,47.8608,47.6681,2.1486,3.60314,3.68814,3.58832,3.67332,85.0,23.5,143.385,3,32.042,,DISCHARGE,0.0,0,,SYNTHETIC,0
doe-007,0,743,2026-09-03T09:12:23Z,2026-09-03T09:12:24Z,2026-09-03T09:12:23Z,2026-09-03T09:12:24Z,site_b,SIM,synthetic_demo,B-WAN-1,UP,1000.0,81.0667,81.52,0.0,24.35,2.7498,0.146,0,UP,4.0,0.0,6,6,39,-63.8,21.905,7.147,0,1,0,32,0,37.0,0.0,0,0,,,,,,,,,,,,,,,,,,,,,0.0,0,,SYNTHETIC,0
doe-007,0,744,2026-09-03T09:12:24Z,2026-09-03T09:12:25Z,2026-09-03T09:12:24Z,2026-09-03T09:12:25Z,site_a,SIM,synthetic_demo,A-WAN-1,UP,1000.0,338.4726,338.4,0.0,17.24,0.848,0.08,0,UP,4.0,0.0,48,12,55,-60.1,19.095,5.628,0,2,0,7,0,347.0,0.0,0,0,LOAD_SHED,LOAD_SHED,0,1,47.12,92.0,47.8608,47.6694,2.1332,3.60314,3.68814,3.58842,3.67342,85.0,23.6,142.361,3,32.06,,DISCHARGE,0.0,0,,SYNTHETIC,0
doe-007,0,744,2026-09-03T09:12:24Z,2026-09-03T09:12:25Z,2026-09-03T09:12:24Z,2026-09-03T09:12:25Z,site_b,SIM,synthetic_demo,B-WAN-1,UP,1000.0,47.5498,47.35,0.0,22.44,1.3012,0.129,0,UP,4.0,0.0,6,6,45,-62.8,22.977,6.76,0,0,0,32,0,77.0,0.0,0,0,,,,,,,,,,,,,,,,,,,,,0.0,0,,SYNTHETIC,0
doe-007,0,745,2026-09-03T09:12:25Z,2026-09-03T09:12:26Z,2026-09-03T09:12:25Z,2026-09-03T09:12:26Z,site_a,SIM,synthetic_demo,A-WAN-1,UP,1000.0,330.9471,330.34,0.0,16.9,0.439,0.073,0,UP,4.0,0.0,48,12,47,-62.1,17.738,5.367,0,2,0,7,0,330.0,0.0,0,0,LOAD_SHED,LOAD_SHED,0,1,47.22,92.0,47.8607,47.6697,2.129,3.60313,3.68813,3.58844,3.67344,85.0,23.5,142.085,3,32.064,,DISCHARGE,0.0,0,,SYNTHETIC,0
doe-007,0,745,2026-09-03T09:12:25Z,2026-09-03T09:12:26Z,2026-09-03T09:12:25Z,2026-09-03T09:12:26Z,site_b,SIM,synthetic_demo,B-WAN-1,UP,1000.0,51.225,51.95,0.0,21.34,0.8904,0.108,0,UP,4.0,0.0,6,6,55,-60.8,26.21,7.524,0,1,0,32,0,118.0,0.0,0,0,,,,,,,,,,,,,,,,,,,,,0.0,0,,SYNTHETIC,0
doe-007,0,746,2026-09-03T09:12:26Z,2026-09-03T09:12:27Z,2026-09-03T09:12:26Z,2026-09-03T09:12:27Z,site_a,SIM,synthetic_demo,A-WAN-1,UP,1000.0,305.7849,306.18,0.0,16.23,0.7634,0.056,0,UP,4.0,0.0,48,12,25,-59.2,15.493,3.726,1,2,0,7,0,560.0,0.0,0,0,LOAD_SHED,LOAD_SHED,0,1,47.23,92.0,47.8606,47.6717,2.1063,3.60313,3.68813,3.58859,3.67359,85.0,23.5,140.575,3,32.091,,DISCHARGE,0.0,0,,SYNTHETIC,0
doe-007,0,746,2026-09-03T09:12:26Z,2026-09-03T09:12:27Z,2026-09-03T09:12:26Z,2026-09-03T09:12:27Z,site_b,SIM,synthetic_demo,B-WAN-1,UP,1000.0,51.4847,51.84,0.0,24.35,3.0249,0.076,0,UP,4.0,0.0,6,6,30,-61.5,17.102,5.718,0,0,0,32,0,73.0,0.0,0,0,,,,,,,,,,,,,,,,,,,,,0.0,0,,SYNTHETIC,0
doe-007,0,747,2026-09-03T09:12:27Z,2026-09-03T09:12:28Z,2026-09-03T09:12:27Z,2026-09-03T09:12:28Z,site_a,SIM,synthetic_demo,A-WAN-1,UP,1000.0,349.2576,348.46,0.0,18.27,2.2869,0.058,0,UP,4.0,0.0,48,12,35,-61.8,16.496,4.284,0,3,0,7,0,633.0,0.0,0,0,LOAD_SHED,LOAD_SHED,0,1,47.09,92.0,47.8606,47.6692,2.1333,3.60312,3.68812,3.5884,3.6734,85.0,23.5,142.369,3,32.057,,DISCHARGE,0.0,0,,SYNTHETIC,0
doe-007,0,747,2026-09-03T09:12:27Z,2026-09-03T09:12:28Z,2026-09-03T09:12:27Z,2026-09-03T09:12:28Z,site_b,SIM,synthetic_demo,B-WAN-1,UP,1000.0,56.687,56.4,0.0,20.44,0.209,0.126,0,UP,4.0,0.0,6,6,86,-63.0,31.727,10.139,1,0,0,32,0,89.0,0.0,0,0,,,,,,,,,,,,,,,,,,,,,0.0,0,,SYNTHETIC,0
doe-007,0,748,2026-09-03T09:12:28Z,2026-09-03T09:12:29Z,2026-09-03T09:12:28Z,2026-09-03T09:12:29Z,site_a,SIM,synthetic_demo,A-WAN-1,UP,1000.0,251.3239,251.81,0.0,17.28,0.5776,0.082,0,UP,4.0,0.0,48,12,42,-62.6,17.242,4.863,0,2,0,7,0,313.0,0.0,0,0,LOAD_SHED,LOAD_SHED,0,1,47.23,92.0,47.8605,47.666,2.1679,3.60311,3.68811,3.58816,3.67316,85.0,23.6,144.664,3,32.015,,DISCHARGE,0.0,0,,SYNTHETIC,0
doe-007,0,748,2026-09-03T09:12:28Z,2026-09-03T09:12:29Z,2026-09-03T09:12:28Z,2026-09-03T09:12:29Z,site_b,SIM,synthetic_demo,B-WAN-1,UP,1000.0,64.0793,64.98,0.0,21.57,0.9345,0.088,0,UP,4.0,0.0,6,6,39,-62.7,21.631,6.59,0,1,0,32,0,104.0,0.0,0,0,,,,,,,,,,,,,,,,,,,,,0.0,0,,SYNTHETIC,0
doe-007,0,749,2026-09-03T09:12:29Z,2026-09-03T09:12:30Z,2026-09-03T09:12:29Z,2026-09-03T09:12:30Z,site_a,SIM,synthetic_demo,A-WAN-1,UP,1000.0,251.143,250.8,0.0,16.38,0.348,0.096,0,UP,4.0,0.0,48,12,42,-61.9,16.456,5.705,1,2,0,7,0,274.0,0.0,0,0,LOAD_SHED,LOAD_SHED,0,1,47.27,92.0,47.8604,47.6709,2.1132,3.60311,3.68811,3.58853,3.67353,85.0,23.4,141.034,3,32.08,,DISCHARGE,0.0,0,,SYNTHETIC,0
doe-007,0,749,2026-09-03T09:12:29Z,2026-09-03T09:12:30Z,2026-09-03T09:12:29Z,2026-09-03T09:12:30Z,site_b,SIM,synthetic_demo,B-WAN-1,UP,1000.0,56.1983,56.46,0.0,22.59,1.5939,0.094,0,UP,4.0,0.0,6,6,36,-61.6,18.389,5.512,0,0,0,32,0,70.0,0.0,0,0,,,,,,,,,,,,,,,,,,,,,0.0,0,,SYNTHETIC,0
doe-007,0,750,2026-09-03T09:12:30Z,2026-09-03T09:12:31Z,2026-09-03T09:12:30Z,2026-09-03T09:12:31Z,site_a,SIM,synthetic_demo,A-WAN-1,UP,1000.0,283.0764,283.53,0.0,17.67,2.0467,0.08,0,UP,4.0,0.0,48,12,40,-62.1,15.877,4.529,0,3,0,7,0,301.0,0.0,0,0,LOAD_SHED,LOAD_SHED,0,1,47.29,92.0,47.8604,47.6704,2.1177,3.6031,3.6881,3.58849,3.67349,85.0,23.5,141.333,3,32.073,,DISCHARGE,0.0,0,,SYNTHETIC,0
doe-007,0,750,2026-09-03T09:12:30Z,2026-09-03T09:12:31Z,2026-09-03T09:12:30Z,2026-09-03T09:12:31Z,site_b,SIM,synthetic_demo,B-WAN-1,UP,1000.0,70.853,72.29,0.0,21.19,0.5477,0.096,0,UP,4.0,0.0,6,6,87,-62.2,31.75,10.014,0,0,0,32,0,107.0,0.0,0,0,,,,,,,,,,,,,,,,,,,,,0.0,0,,SYNTHETIC,0
doe-007,0,751,2026-09-03T09:12:31Z,2026-09-03T09:12:32Z,2026-09-03T09:12:31Z,2026-09-03T09:12:32Z,site_a,SIM,synthetic_demo,A-WAN-1,UP,1000.0,239.9578,240.07,0.0,15.95,0.8447,12.456,0,UP,4.0,0.0,48,12,71,-62.2,20.18,6.293,0,3,0,7,0,247.0,0.0,0,0,LOAD_SHED,LOAD_SHED,0,1,47.18,92.0,47.8603,47.6694,2.1285,3.6031,3.6881,3.58841,3.67341,85.0,23.4,142.045,3,32.06,,DISCHARGE,0.15,0,,SYNTHETIC,0
doe-007,0,751,2026-09-03T09:12:31Z,2026-09-03T09:12:32Z,2026-09-03T09:12:31Z,2026-09-03T09:12:32Z,site_b,SIM,synthetic_demo,B-WAN-1,UP,1000.0,57.0523,56.76,0.0,21.41,0.2748,0.09,0,UP,4.0,0.0,6,6,27,-62.7,19.064,6.651,1,1,0,32,0,48.0,0.0,0,0,,,,,,,,,,,,,,,,,,,,,0.0,0,,SYNTHETIC,0
doe-007,0,752,2026-09-03T09:12:32Z,2026-09-03T09:12:33Z,2026-09-03T09:12:32Z,2026-09-03T09:12:33Z,site_a,SIM,synthetic_demo,A-WAN-1,UP,1000.0,269.5894,270.51,0.0,16.84,1.047,12.487,0,UP,4.0,0.0,48,12,60,-60.7,18.838,5.251,0,2,0,7,0,453.0,0.0,0,0,LOAD_SHED,LOAD_SHED,0,1,47.23,92.0,47.8602,47.6702,2.1185,3.60309,3.68809,3.58848,3.67348,85.0,23.5,141.381,3,32.071,,DISCHARGE,0.15,0,,SYNTHETIC,0
doe-007,0,752,2026-09-03T09:12:32Z,2026-09-03T09:12:33Z,2026-09-03T09:12:32Z,2026-09-03T09:12:33Z,site_b,SIM,synthetic_demo,B-WAN-1,UP,1000.0,85.2123,84.16,0.0,23.57,2.048,0.13,0,UP,4.0,0.0,6,6,71,-61.9,27.2,8.842,0,0,0,32,0,77.0,0.0,0,0,,,,,,,,,,,,,,,,,,,,,0.0,0,,SYNTHETIC,0
doe-007,0,753,2026-09-03T09:12:33Z,2026-09-03T09:12:34Z,2026-09-03T09:12:33Z,2026-09-03T09:12:34Z,site_a,SIM,synthetic_demo,A-WAN-1,UP,1000.0,322.8501,323.3,0.0,18.27,2.137,12.632,0,UP,4.0,0.0,48,12,59,-62.2,19.026,5.547,0,4,0,7,0,401.0,0.0,0,0,LOAD_SHED,LOAD_SHED,0,1,47.09,92.0,47.8602,47.6682,2.1399,3.60309,3.68809,3.58832,3.67332,85.0,23.6,142.806,3,32.044,,DISCHARGE,0.15,0,,SYNTHETIC,0
doe-007,0,753,2026-09-03T09:12:33Z,2026-09-03T09:12:34Z,2026-09-03T09:12:33Z,2026-09-03T09:12:34Z,site_b,SIM,synthetic_demo,B-WAN-1,UP,1000.0,57.2527,57.29,0.0,21.59,0.1943,0.091,0,UP,4.0,0.0,6,6,25,-62.5,16.107,5.368,1,0,0,32,0,72.0,0.0,0,0,,,,,,,,,,,,,,,,,,,,,0.0,0,,SYNTHETIC,0
doe-007,0,754,2026-09-03T09:12:34Z,2026-09-03T09:12:35Z,2026-09-03T09:12:34Z,2026-09-03T09:12:35Z,site_a,SIM,synthetic_demo,A-WAN-1,UP,1000.0,306.6766,305.92,0.0,16.92,0.4476,12.566,0,UP,4.0,0.0,48,12,51,-63.3,17.68,5.81,0,3,0,7,0,292.0,0.0,0,0,LOAD_SHED,LOAD_SHED,0,1,47.25,92.0,47.8601,47.6678,2.1437,3.60308,3.68808,3.58829,3.67329,85.0,23.4,143.059,3,32.039,,DISCHARGE,0.15,0,,SYNTHETIC,0
doe-007,0,754,2026-09-03T09:12:34Z,2026-09-03T09:12:35Z,2026-09-03T09:12:34Z,2026-09-03T09:12:35Z,site_b,SIM,synthetic_demo,B-WAN-1,UP,1000.0,62.6634,63.11,0.0,22.44,1.2484,0.064,0,UP,4.0,0.0,6,6,55,-61.7,23.801,6.741,0,0,0,32,0,62.0,0.0,0,0,,,,,,,,,,,,,,,,,,,,,0.0,0,,SYNTHETIC,0
doe-007,0,755,2026-09-03T09:12:35Z,2026-09-03T09:12:36Z,2026-09-03T09:12:35Z,2026-09-03T09:12:36Z,site_a,SIM,synthetic_demo,A-WAN-1,UP,1000.0,354.3288,354.88,0.0,17.09,0.4875,12.693,0,UP,4.0,0.0,48,12,76,-63.5,19.282,6.305,0,2,0,7,0,553.0,0.0,0,0,LOAD_SHED,LOAD_SHED,0,1,47.22,92.0,47.86,47.6655,2.1688,3.60308,3.68808,3.58811,3.67311,85.0,23.5,144.725,3,32.008,,DISCHARGE,0.15,0,,SYNTHETIC,0
doe-007,0,755,2026-09-03T09:12:35Z,2026-09-03T09:12:36Z,2026-09-03T09:12:35Z,2026-09-03T09:12:36Z,site_b,SIM,synthetic_demo,B-WAN-1,UP,1000.0,69.3122,67.79,0.0,23.69,1.9097,0.093,0,UP,4.0,0.0,6,6,53,-60.8,24.208,6.694,1,1,0,32,0,86.0,0.0,0,0,,,,,,,,,,,,,,,,,,,,,0.0,0,,SYNTHETIC,0
doe-007,0,756,2026-09-03T09:12:36Z,2026-09-03T09:12:37Z,2026-09-03T09:12:36Z,2026-09-03T09:12:37Z,site_a,SIM,synthetic_demo,A-WAN-1,UP,1000.0,335.0873,333.95,0.0,20.43,4.2427,12.594,0,UP,4.0,0.0,48,48,297,-61.4,20.687,6.158,1,1,0,7,0,360.0,0.0,0,0,LOAD_SHED,BATTERY,0,1,47.13,92.0,47.8599,47.6719,2.0962,3.60307,3.68807,3.58861,3.67361,85.0,23.4,139.902,,406.481,,DISCHARGE,0.15,0,,SYNTHETIC,0
doe-007,0,756,2026-09-03T09:12:36Z,2026-09-03T09:12:37Z,2026-09-03T09:12:36Z,2026-09-03T09:12:37Z,site_b,SIM,synthetic_demo,B-WAN-1,UP,1000.0,69.9271,69.38,0.0,21.85,0.9448,0.107,0,UP,4.0,0.0,6,6,41,-61.8,23.064,6.483,0,0,0,32,0,60.0,0.0,0,0,,,,,,,,,,,,,,,,,,,,,0.0,0,,SYNTHETIC,0
doe-007,0,757,2026-09-03T09:12:37Z,2026-09-03T09:12:38Z,2026-09-03T09:12:37Z,2026-09-03T09:12:38Z,site_a,SIM,synthetic_demo,A-WAN-1,UP,1000.0,380.2123,380.46,0.0,16.3,0.3386,12.728,0,UP,4.0,0.0,48,48,205,-61.2,17.434,5.338,2,2,0,7,0,402.0,0.0,0,0,BATTERY,BATTERY,0,1,47.14,92.0,47.8593,45.352,27.9515,3.60302,3.68802,3.41015,3.49515,85.0,23.6,1774.419,,32.048,OCP_DSG,DISCHARGE,0.15,0,,SYNTHETIC,0
doe-007,0,757,2026-09-03T09:12:37Z,2026-09-03T09:12:38Z,2026-09-03T09:12:37Z,2026-09-03T09:12:38Z,site_b,SIM,synthetic_demo,B-WAN-1,UP,1000.0,62.207,62.57,0.0,22.79,1.2651,0.112,0,UP,4.0,0.0,6,6,26,-62.3,15.82,5.561,0,0,0,32,0,67.0,0.0,0,0,,,,,,,,,,,,,,,,,,,,,0.0,0,,SYNTHETIC,0
doe-007,0,758,2026-09-03T09:12:38Z,2026-09-03T09:12:39Z,2026-09-03T09:12:38Z,2026-09-03T09:12:39Z,site_a,SIM,synthetic_demo,A-WAN-1,UP,1000.0,488.1658,488.4,0.0,18.77,2.214,12.89,0,UP,4.0,0.0,48,12,83,-63.2,24.131,7.081,0,4,0,7,0,332.0,0.0,0,0,BATTERY,LOAD_SHED,0,1,47.12,92.0,47.8592,47.6663,2.1507,3.60301,3.68801,3.58817,3.67317,85.0,23.6,143.521,3,32.017,,DISCHARGE,0.15,0,,SYNTHETIC,0
doe-007,0,758,2026-09-03T09:12:38Z,2026-09-03T09:12:39Z,2026-09-03T09:12:38Z,2026-09-03T09:12:39Z,site_b,SIM,synthetic_demo,B-WAN-1,UP,1000.0,64.6111,64.73,0.0,23.16,2.1074,0.106,0,UP,4.0,0.0,6,6,53,-60.0,23.978,7.254,0,1,0,32,0,26.0,0.0,0,0,,,,,,,,,,,,,,,,,,,,,0.0,0,,SYNTHETIC,0
doe-007,0,759,2026-09-03T09:12:39Z,2026-09-03T09:12:40Z,2026-09-03T09:12:39Z,2026-09-03T09:12:40Z,site_a,SIM,synthetic_demo,A-WAN-1,UP,1000.0,413.341,412.85,0.0,16.01,0.4441,12.768,0,UP,4.0,0.0,48,12,76,-61.6,20.305,5.809,1,4,0,7,0,380.0,0.0,0,0,LOAD_SHED,LOAD_SHED,0,1,47.19,92.0,47.8591,47.6675,2.1359,3.60301,3.68801,3.58827,3.67327,85.0,23.5,142.539,3,32.034,,DISCHARGE,0.15,0,,SYNTHETIC,0
doe-007,0,759,2026-09-03T09:12:39Z,2026-09-03T09:12:40Z,2026-09-03T09:12:39Z,2026-09-03T09:12:40Z,site_b,SIM,synthetic_demo,B-WAN-1,UP,1000.0,58.8788,57.81,0.0,24.95,3.3401,0.088,0,UP,4.0,0.0,6,6,23,-63.2,17.319,5.407,1,0,0,32,0,68.0,0.0,0,0,,,,,,,,,,,,,,,,,,,,,0.0,0,,SYNTHETIC,0
doe-007,0,760,2026-09-03T09:12:40Z,2026-09-03T09:12:41Z,2026-09-03T09:12:40Z,2026-09-03T09:12:41Z,site_a,SIM,synthetic_demo,A-WAN-1,UP,1000.0,362.8403,363.02,0.0,15.8,0.403,0.077,0,UP,4.0,0.0,48,12,59,-61.3,19.641,5.151,0,3,0,7,0,388.0,0.0,0,0,LOAD_SHED,LOAD_SHED,0,1,47.14,92.0,47.9441,47.7545,2.1134,3.688,3.688,3.67342,3.67342,0.0,23.4,141.292,3,32.056,,DISCHARGE,0.0,0,,SYNTHETIC,0
doe-007,0,760,2026-09-03T09:12:40Z,2026-09-03T09:12:41Z,2026-09-03T09:12:40Z,2026-09-03T09:12:41Z,site_b,SIM,synthetic_demo,B-WAN-1,UP,1000.0,92.1732,92.85,0.0,21.42,1.0182,0.06,0,UP,4.0,0.0,6,6,42,-60.8,22.468,6.146,0,1,0,32,0,65.0,0.0,0,0,,,,,,,,,,,,,,,,,,,,,0.0,0,,SYNTHETIC,0
doe-007,0,761,2026-09-03T09:12:41Z,2026-09-03T09:12:42Z,2026-09-03T09:12:41Z,2026-09-03T09:12:42Z,site_a,SIM,synthetic_demo,A-WAN-1,UP,1000.0,318.6589,318.4,0.0,15.57,0.2491,12.616,0,UP,4.0,0.0,48,12,64,-61.7,21.241,5.959,0,3,0,7,0,307.0,0.0,0,0,LOAD_SHED,LOAD_SHED,0,1,47.16,92.0,47.944,47.7547,2.1106,3.688,3.688,3.67344,3.67344,0.0,23.4,141.107,3,32.058,,DISCHARGE,0.15,0,,SYNTHETIC,0
doe-007,0,761,2026-09-03T09:12:41Z,2026-09-03T09:12:42Z,2026-09-03T09:12:41Z,2026-09-03T09:12:42Z,site_b,SIM,synthetic_demo,B-WAN-1,UP,1000.0,55.4182,56.14,0.0,22.53,0.8175,0.077,0,UP,4.0,0.0,6,6,72,-62.2,29.398,8.23,0,0,0,32,0,42.0,0.0,0,0,,,,,,,,,,,,,,,,,,,,,0.0,0,,SYNTHETIC,0
doe-007,0,762,2026-09-03T09:12:42Z,2026-09-03T09:12:43Z,2026-09-03T09:12:42Z,2026-09-03T09:12:43Z,site_a,SIM,synthetic_demo,A-WAN-1,UP,1000.0,349.5406,349.72,0.0,17.62,1.4864,12.65,0,UP,4.0,0.0,48,12,48,-64.1,18.217,5.516,1,2,0,7,0,393.0,0.0,0,0,LOAD_SHED,LOAD_SHED,0,1,47.26,92.0,47.9439,47.7518,2.1416,3.68799,3.68799,3.67322,3.67322,0.0,23.5,143.168,3,32.02,,DISCHARGE,0.15,0,,SYNTHETIC,0
doe-007,0,762,2026-09-03T09:12:42Z,2026-09-03T09:12:43Z,2026-09-03T09:12:42Z,2026-09-03T09:12:43Z,site_b,SIM,synthetic_demo,B-WAN-1,UP,1000.0,59.7153,59.28,0.0,24.97,3.4272,0.098,0,UP,4.0,0.0,6,6,29,-62.3,20.32,5.823,0,1,0,32,0,53.0,0.0,0,0,,,,,,,,,,,,,,,,,,,,,0.0,0,,SYNTHETIC,0
doe-007,0,763,2026-09-03T09:12:43Z,2026-09-03T09:12:44Z,2026-09-03T09:12:43Z,2026-09-03T09:12:44Z,site_a,SIM,synthetic_demo,A-WAN-1,UP,1000.0,308.3768,308.14,0.0,17.13,0.3406,0.096,0,UP,4.0,0.0,48,12,53,-62.3,17.471,5.106,0,3,0,7,0,330.0,0.0,0,0,LOAD_SHED,LOAD_SHED,0,1,47.15,92.0,47.9438,47.7553,2.1019,3.68799,3.68799,3.67349,3.67349,0.0,23.5,140.524,3,32.067,,DISCHARGE,0.0,0,,SYNTHETIC,0
doe-007,0,763,2026-09-03T09:12:43Z,2026-09-03T09:12:44Z,2026-09-03T09:12:43Z,2026-09-03T09:12:44Z,site_b,SIM,synthetic_demo,B-WAN-1,UP,1000.0,48.992,49.33,0.0,21.67,0.8578,0.101,0,UP,4.0,0.0,6,6,30,-60.3,19.403,5.535,0,0,0,32,0,35.0,0.0,0,0,,,,,,,,,,,,,,,,,,,,,0.0,0,,SYNTHETIC,0
doe-007,0,764,2026-09-03T09:12:44Z,2026-09-03T09:12:45Z,2026-09-03T09:12:44Z,2026-09-03T09:12:45Z,site_a,SIM,synthetic_demo,A-WAN-1,UP,1000.0,395.4964,395.65,0.0,17.66,1.9409,0.08,0,UP,4.0,0.0,48,12,59,-62.6,19.087,5.703,0,3,0,7,0,304.0,0.0,0,0,LOAD_SHED,LOAD_SHED,0,1,47.24,92.0,47.9438,47.7515,2.1441,3.68798,3.68798,3.67319,3.67319,0.0,23.5,143.335,3,32.015,,DISCHARGE,0.0,0,,SYNTHETIC,0
doe-007,0,764,2026-09-03T09:12:44Z,2026-09-03T09:12:45Z,2026-09-03T09:12:44Z,2026-09-03T09:12:45Z,site_b,SIM,synthetic_demo,B-WAN-1,UP,1000.0,51.6917,51.23,0.0,21.96,0.8474,0.101,0,UP,4.0,0.0,6,6,23,-61.8,16.772,5.208,0,0,0,32,0,46.0,0.0,0,0,,,,,,,,,,,,,,,,,,,,,0.0,0,,SYNTHETIC,0
doe-007,0,765,2026-09-03T09:12:45Z,2026-09-03T09:12:46Z,2026-09-03T09:12:45Z,2026-09-03T09:12:46Z,site_a,SIM,synthetic_demo,A-WAN-1,UP,1000.0,301.9148,301.7,0.0,16.89,0.595,0.098,0,UP,4.0,0.0,48,12,63,-63.1,18.357,5.676,0,2,0,7,0,356.0,0.0,0,0,LOAD_SHED,LOAD_SHED,0,1,47.21,92.0,47.9437,47.7502,2.1576,3.68798,3.68798,3.67309,3.67309,0.0,23.4,144.237,3,31.998,,DISCHARGE,0.0,0,,SYNTHETIC,0
doe-007,0,765,2026-09-03T09:12:45Z,2026-09-03T09:12:46Z,2026-09-03T09:12:45Z,2026-09-03T09:12:46Z,site_b,SIM,synthetic_demo,B-WAN-1,UP,1000.0,46.9209,47.21,0.0,21.23,0.0167,0.088,0,UP,4.0,0.0,6,6,61,-62.4,25.795,7.932,0,0,0,32,0,67.0,0.0,0,0,,,,,,,,,,,,,,,,,,,,,0.0,0,,SYNTHETIC,0
doe-007,0,766,2026-09-03T09:12:46Z,2026-09-03T09:12:47Z,2026-09-03T09:12:46Z,2026-09-03T09:12:47Z,site_a,SIM,synthetic_demo,A-WAN-1,UP,1000.0,323.9051,322.43,0.0,18.42,2.4132,0.11,0,UP,4.0,0.0,48,12,67,-60.3,19.216,6.286,0,2,0,7,0,224.0,0.0,0,0,LOAD_SHED,LOAD_SHED,0,1,47.15,92.0,47.9436,47.7497,2.162,3.68797,3.68797,3.67305,3.67305,0.0,23.6,144.524,3,31.992,,DISCHARGE,0.0,0,,SYNTHETIC,0
doe-007,0,766,2026-09-03T09:12:46Z,2026-09-03T09:12:47Z,2026-09-03T09:12:46Z,2026-09-03T09:12:47Z,site_b,SIM,synthetic_demo,B-WAN-1,UP,1000.0,44.4138,44.25,0.0,20.7,0.0804,0.068,0,UP,4.0,0.0,6,6,53,-62.3,25.882,7.116,0,0,0,32,0,30.0,0.0,0,0,,,,,,,,,,,,,,,,,,,,,0.0,0,,SYNTHETIC,0
doe-007,0,767,2026-09-03T09:12:47Z,2026-09-03T09:12:48Z,2026-09-03T09:12:47Z,2026-09-03T09:12:48Z,site_a,SIM,synthetic_demo,A-WAN-1,UP,1000.0,419.7478,420.37,0.0,19.98,3.33,0.051,0,UP,4.0,0.0,48,12,42,-59.9,16.448,4.778,1,2,0,7,0,319.0,0.0,0,0,LOAD_SHED,LOAD_SHED,0,1,47.15,92.0,47.9436,47.7536,2.1177,3.68797,3.68797,3.67336,3.67336,0.0,23.5,141.575,3,32.044,,DISCHARGE,0.0,0,,SYNTHETIC,0
doe-007,0,767,2026-09-03T09:12:47Z,2026-09-03T09:12:48Z,2026-09-03T09:12:47Z,2026-09-03T09:12:48Z,site_b,SIM,synthetic_demo,B-WAN-1,UP,1000.0,45.5548,44.58,0.0,22.59,1.6199,0.129,0,UP,4.0,0.0,6,6,14,-60.8,13.438,4.523,0,0,0,32,0,90.0,0.0,0,0,,,,,,,,,,,,,,,,,,,,,0.0,0,,SYNTHETIC,0
doe-007,0,768,2026-09-03T09:12:48Z,2026-09-03T09:12:49Z,2026-09-03T09:12:48Z,2026-09-03T09:12:49Z,site_a,SIM,synthetic_demo,A-WAN-1,UP,1000.0,240.3599,240.49,0.0,16.68,0.6093,0.074,0,UP,4.0,0.0,48,12,84,-63.1,21.639,6.699,1,2,0,7,0,201.0,0.0,0,0,LOAD_SHED,LOAD_SHED,0,1,47.14,92.0,47.9435,47.7554,2.0968,3.68796,3.68796,3.67349,3.67349,0.0,23.5,140.188,3,32.068,,DISCHARGE,0.0,0,,SYNTHETIC,0
doe-007,0,768,2026-09-03T09:12:48Z,2026-09-03T09:12:49Z,2026-09-03T09:12:48Z,2026-09-03T09:12:49Z,site_b,SIM,synthetic_demo,B-WAN-1,UP,1000.0,63.1139,62.66,0.0,22.21,0.9196,0.143,0,UP,4.0,0.0,6,6,38,-61.5,21.745,6.031,0,0,0,32,0,63.0,0.0,0,0,,,,,,,,,,,,,,,,,,,,,0.0,0,,SYNTHETIC,0
doe-007,0,769,2026-09-03T09:12:49Z,2026-09-03T09:12:50Z,2026-09-03T09:12:49Z,2026-09-03T09:12:50Z,site_a,SIM,synthetic_demo,A-WAN-1,UP,1000.0,272.0552,272.53,0.0,19.48,2.7786,0.048,0,UP,4.0,0.0,48,12,46,-60.3,18.595,5.261,2,3,0,7,0,312.0,0.0,0,0,LOAD_SHED,LOAD_SHED,0,1,47.22,92.0,47.9434,47.7484,2.1749,3.68796,3.68796,3.67295,3.67295,0.0,23.6,145.384,3,31.974,,DISCHARGE,0.0,0,,SYNTHETIC,0
doe-007,0,769,2026-09-03T09:12:49Z,2026-09-03T09:12:50Z,2026-09-03T09:12:49Z,2026-09-03T09:12:50Z,site_b,SIM,synthetic_demo,B-WAN-1,UP,1000.0,48.5635,48.59,0.0,24.38,3.0636,0.103,0,UP,4.0,0.0,6,6,33,-62.7,19.964,5.935,1,1,0,32,0,39.0,0.0,0,0,,,,,,,,,,,,,,,,,,,,,0.0,0,,SYNTHETIC,0
doe-007,0,770,2026-09-03T09:12:50Z,2026-09-03T09:12:51Z,2026-09-03T09:12:50Z,2026-09-03T09:12:51Z,site_a,SIM,synthetic_demo,A-WAN-1,UP,1000.0,340.7259,341.57,0.0,18.57,2.5525,0.085,0,UP,4.0,0.0,48,12,83,-62.5,20.579,6.682,0,2,0,7,0,316.0,0.0,0,0,LOAD_SHED,LOAD_SHED,0,1,47.12,92.0,47.9434,47.7529,2.1234,3.68795,3.68795,3.6733,3.6733,0.0,23.4,141.956,3,32.035,,DISCHARGE,0.0,0,,SYNTHETIC,0
doe-007,0,770,2026-09-03T09:12:50Z,2026-09-03T09:12:51Z,2026-09-03T09:12:50Z,2026-09-03T09:12:51Z,site_b,SIM,synthetic_demo,B-WAN-1,UP,1000.0,39.7279,39.57,0.0,22.19,1.318,0.068,0,UP,4.0,0.0,6,6,38,-61.7,20.718,6.244,0,0,0,32,0,32.0,0.0,0,0,,,,,,,,,,,,,,,,,,,,,0.0,0,,SYNTHETIC,0
doe-007,0,771,2026-09-03T09:12:51Z,2026-09-03T09:12:52Z,2026-09-03T09:12:51Z,2026-09-03T09:12:52Z,site_a,SIM,synthetic_demo,A-WAN-1,UP,1000.0,263.9699,264.41,0.0,19.0,2.7963,,0,UP,4.0,0.0,48,12,59,-60.6,18.019,5.463,0,3,0,7,0,213.0,0.0,0,0,LOAD_SHED,LOAD_SHED,0,1,47.08,92.0,47.9433,47.7503,2.1522,3.68795,3.68795,3.6731,3.6731,0.0,23.5,143.873,3,31.999,,DISCHARGE,0.0,0,,SYNTHETIC|GAP|MISSING_MAR,0
doe-007,0,771,2026-09-03T09:12:51Z,2026-09-03T09:12:52Z,2026-09-03T09:12:51Z,2026-09-03T09:12:52Z,site_b,SIM,synthetic_demo,B-WAN-1,UP,1000.0,41.9277,42.49,0.0,22.34,1.1229,0.091,0,UP,4.0,0.0,6,6,41,-62.9,21.127,5.828,1,0,0,32,0,47.0,0.0,0,0,,,,,,,,,,,,,,,,,,,,,0.0,0,,SYNTHETIC,0
doe-007,0,772,2026-09-03T09:12:52Z,2026-09-03T09:12:53Z,2026-09-03T09:12:52Z,2026-09-03T09:12:53Z,site_a,SIM,synthetic_demo,A-WAN-1,UP,1000.0,318.916,319.56,0.0,18.25,2.1629,0.069,0,UP,4.0,0.0,48,12,56,-64.5,18.118,6.124,0,3,0,7,0,267.0,0.0,0,0,LOAD_SHED,LOAD_SHED,0,1,47.17,92.0,47.9432,47.7504,2.1502,3.68794,3.68794,3.6731,3.6731,0.0,23.5,143.738,3,32.001,,DISCHARGE,0.0,0,,SYNTHETIC,0
doe-007,0,772,2026-09-03T09:12:52Z,2026-09-03T09:12:53Z,2026-09-03T09:12:52Z,2026-09-03T09:12:53Z,site_b,SIM,synthetic_demo,B-WAN-1,UP,1000.0,113.6781,112.93,0.0,21.95,0.6464,0.095,0,UP,4.0,0.0,6,6,49,-63.4,24.346,7.392,0,1,0,32,0,69.0,0.0,0,0,,,,,,,,,,,,,,,,,,,,,0.0,0,,SYNTHETIC,0
doe-007,0,773,2026-09-03T09:12:53Z,2026-09-03T09:12:54Z,2026-09-03T09:12:53Z,2026-09-03T09:12:54Z,site_a,SIM,synthetic_demo,A-WAN-1,UP,1000.0,266.3029,266.14,0.0,17.05,0.6024,0.123,0,UP,4.0,0.0,48,48,166,-61.7,16.5,4.821,2,2,0,7,0,192.0,0.0,0,0,LOAD_SHED,BATTERY,0,1,47.19,92.0,47.9432,47.7491,2.1638,3.68794,3.68794,3.67301,3.67301,0.0,23.5,144.645,,392.848,,DISCHARGE,0.0,0,,SYNTHETIC,0
doe-007,0,773,2026-09-03T09:12:53Z,2026-09-03T09:12:54Z,2026-09-03T09:12:53Z,2026-09-03T09:12:54Z,site_b,SIM,synthetic_demo,B-WAN-1,UP,1000.0,54.1073,54.42,0.0,23.13,1.7344,0.092,0,UP,4.0,0.0,6,6,70,-63.4,28.5,9.094,0,0,0,32,0,46.0,0.0,0,0,,,,,,,,,,,,,,,,,,,,,0.0,0,,SYNTHETIC,0
doe-007,0,774,2026-09-03T09:12:54Z,2026-09-03T09:12:55Z,2026-09-03T09:12:54Z,2026-09-03T09:12:55Z,site_a,SIM,synthetic_demo,A-WAN-1,UP,1000.0,273.4444,273.11,0.0,17.84,1.9091,0.063,0,UP,4.0,0.0,48,48,169,-61.7,15.926,4.985,0,4,0,7,0,337.0,0.0,0,0,BATTERY,BATTERY,0,1,47.04,92.0,47.9425,45.4389,27.91,3.68788,3.68788,3.4953,3.4953,0.0,23.5,1775.18,,32.009,OCP_DSG,DISCHARGE,0.0,0,,SYNTHETIC,0
doe-007,0,774,2026-09-03T09:12:54Z,2026-09-03T09:12:55Z,2026-09-03T09:12:54Z,2026-09-03T09:12:55Z,site_b,SIM,synthetic_demo,B-WAN-1,UP,1000.0,52.6894,51.27,0.0,22.19,1.4842,0.121,0,UP,4.0,0.0,6,6,22,-59.7,17.911,5.191,0,0,0,32,0,51.0,0.0,0,0,,,,,,,,,,,,,,,,,,,,,0.0,0,,SYNTHETIC,0
doe-007,0,775,2026-09-03T09:12:55Z,2026-09-03T09:12:56Z,2026-09-03T09:12:55Z,2026-09-03T09:12:56Z,site_a,SIM,synthetic_demo,A-WAN-1,UP,1000.0,331.6039,331.59,0.0,17.27,2.3984,0.104,0,UP,4.0,0.0,48,12,77,-61.7,20.88,6.092,0,3,0,7,0,278.0,0.0,0,0,BATTERY,LOAD_SHED,0,1,47.18,92.0,47.9424,47.7485,2.1621,3.68788,3.68788,3.67296,3.67296,0.0,23.6,144.531,3,31.974,,DISCHARGE,0.0,0,,SYNTHETIC,0
doe-007,0,775,2026-09-03T09:12:55Z,2026-09-03T09:12:56Z,2026-09-03T09:12:55Z,2026-09-03T09:12:56Z,site_b,SIM,synthetic_demo,B-WAN-1,UP,1000.0,43.6865,43.56,0.0,22.42,1.1385,0.11,0,UP,4.0,0.0,6,6,37,-60.4,20.919,6.686,0,0,0,32,0,57.0,0.0,0,0,,,,,,,,,,,,,,,,,,,,,0.0,0,,SYNTHETIC,0
doe-007,0,776,2026-09-03T09:12:56Z,2026-09-03T09:12:57Z,2026-09-03T09:12:56Z,2026-09-03T09:12:57Z,site_a,SIM,synthetic_demo,A-WAN-1,UP,1000.0,266.3074,266.99,0.0,17.73,1.8482,0.108,0,UP,4.0,0.0,48,12,97,-63.0,22.968,7.194,1,3,0,7,0,254.0,0.0,0,0,LOAD_SHED,LOAD_SHED,0,1,47.05,92.0,47.9423,47.7482,2.1642,3.68787,3.68787,3.67294,3.67294,0.0,23.6,144.669,3,31.971,,DISCHARGE,0.0,0,,SYNTHETIC,0
doe-007,0,776,2026-09-03T09:12:56Z,2026-09-03T09:12:57Z,2026-09-03T09:12:56Z,2026-09-03T09:12:57Z,site_b,SIM,synthetic_demo,B-WAN-1,UP,1000.0,49.8352,49.46,0.0,23.21,1.3352,0.119,0,UP,4.0,0.0,6,6,28,-64.1,17.673,6.362,0,0,0,32,0,39.0,0.0,0,0,,,,,,,,,,,,,,,,,,,,,0.0,0,,SYNTHETIC,0
doe-007,0,777,2026-09-03T09:12:57Z,2026-09-03T09:12:58Z,2026-09-03T09:12:57Z,2026-09-03T09:12:58Z,site_a,SIM,synthetic_demo,A-WAN-1,UP,1000.0,260.0683,260.62,0.0,15.93,0.2049,0.072,0,UP,4.0,0.0,48,12,52,-63.1,18.353,5.993,0,3,0,7,0,263.0,0.0,0,0,LOAD_SHED,LOAD_SHED,0,1,47.13,92.0,47.9423,47.7503,2.14,3.68787,3.68787,3.6731,3.6731,0.0,23.6,143.06,3,31.999,,DISCHARGE,0.0,0,,SYNTHETIC,0
doe-007,0,777,2026-09-03T09:12:57Z,2026-09-03T09:12:58Z,2026-09-03T09:12:57Z,2026-09-03T09:12:58Z,site_b,SIM,synthetic_demo,B-WAN-1,UP,1000.0,64.996,64.84,0.0,21.48,0.0127,0.097,0,UP,4.0,0.0,6,6,65,-60.8,27.777,8.33,0,0,0,32,0,50.0,0.0,0,0,,,,,,,,,,,,,,,,,,,,,0.0,0,,SYNTHETIC,0
doe-007,0,778,2026-09-03T09:12:58Z,2026-09-03T09:12:59Z,2026-09-03T09:12:58Z,2026-09-03T09:12:59Z,site_a,SIM,synthetic_demo,A-WAN-1,UP,1000.0,328.9325,329.58,0.0,15.62,0.0039,0.064,0,UP,4.0,0.0,48,12,45,-62.8,16.426,4.974,0,2,0,7,0,414.0,0.0,0,0,LOAD_SHED,LOAD_SHED,0,1,47.18,92.0,47.9422,47.754,2.0976,3.68786,3.68786,3.67339,3.67339,0.0,23.4,140.238,3,32.049,,DISCHARGE,0.0,0,,SYNTHETIC,0
doe-007,0,778,2026-09-03T09:12:58Z,2026-09-03T09:12:59Z,2026-09-03T09:12:58Z,2026-09-03T09:12:59Z,site_b,SIM,synthetic_demo,B-WAN-1,UP,1000.0,52.4976,52.18,0.0,21.72,0.5035,0.089,0,UP,4.0,0.0,6,6,38,-62.3,21.705,6.369,1,0,0,32,0,42.0,0.0,0,0,,,,,,,,,,,,,,,,,,,,,0.0,0,,SYNTHETIC,0
doe-007,0,779,2026-09-03T09:12:59Z,2026-09-03T09:13:00Z,2026-09-03T09:12:59Z,2026-09-03T09:13:00Z,site_a,SIM,synthetic_demo,A-WAN-1,UP,1000.0,328.3441,327.6,0.0,19.16,2.3222,0.083,0,UP,4.0,0.0,48,12,70,-62.7,19.976,6.798,0,2,0,7,0,435.0,0.0,0,0,LOAD_SHED,LOAD_SHED,0,1,47.07,92.0,47.9421,47.7485,2.1591,3.68786,3.68786,3.67296,3.67296,0.0,23.4,144.328,3,31.974,,DISCHARGE,0.0,0,,SYNTHETIC,0
doe-007,0,779,2026-09-03T09:12:59Z,2026-09-03T09:13:00Z,2026-09-03T09:12:59Z,2026-09-03T09:13:00Z,site_b,SIM,synthetic_demo,B-WAN-1,UP,1000.0,59.2524,58.89,0.0,22.07,1.9671,0.086,0,UP,4.0,0.0,6,6,39,-62.6,22.338,6.195,0,0,0,32,0,47.0,0.0,0,0,,,,,,,,,,,,,,,,,,,,,0.0,0,,SYNTHETIC,0
doe-007,0,780,2026-09-03T09:13:00Z,2026-09-03T09:13:01Z,2026-09-03T09:13:00Z,2026-09-03T09:13:01Z,site_a,SIM,synthetic_demo,A-WAN-1,UP,1000.0,326.4029,326.31,0.0,16.99,1.2433,0.051,0,UP,4.0,0.0,48,12,63,-67.1,31.498,11.896,1,2,0,7,0,564.0,0.0,0,0,LOAD_SHED,MAINS_RECOVERY_HOLD,1,1,47.11,92.0,47.9421,47.7563,2.0707,3.68785,3.68785,3.67356,3.67356,0.0,23.5,138.442,3,32.08,,DISCHARGE,0.0,0,,SYNTHETIC,0
doe-007,0,780,2026-09-03T09:13:00Z,2026-09-03T09:13:01Z,2026-09-03T09:13:00Z,2026-09-03T09:13:01Z,site_b,SIM,synthetic_demo,B-WAN-1,UP,1000.0,103.1848,103.43,0.0,21.26,0.3825,0.107,0,UP,4.0,0.0,6,6,99,-66.3,49.782,16.816,0,0,0,32,0,78.0,0.0,0,0,,,,,,,,,,,,,,,,,,,,,0.0,0,,SYNTHETIC,0
doe-007,0,781,2026-09-03T09:13:01Z,2026-09-03T09:13:02Z,2026-09-03T09:13:01Z,2026-09-03T09:13:02Z,site_a,SIM,synthetic_demo,A-WAN-1,UP,1000.0,423.6645,424.77,0.0,16.74,0.7135,0.104,0,UP,4.0,0.0,48,12,79,-67.5,34.5,12.312,0,4,0,7,0,754.0,0.0,0,0,MAINS_RECOVERY_HOLD,MAINS_RECOVERY_HOLD,1,1,47.1,92.0,47.942,47.7519,2.1195,3.68785,3.68785,3.67322,3.67322,0.0,23.6,141.69,3,32.02,,DISCHARGE,0.0,0,,SYNTHETIC,0
doe-007,0,781,2026-09-03T09:13:01Z,2026-09-03T09:13:02Z,2026-09-03T09:13:01Z,2026-09-03T09:13:02Z,site_b,SIM,synthetic_demo,B-WAN-1,UP,1000.0,72.6451,73.28,0.0,22.78,1.7781,0.09,0,UP,4.0,0.0,6,6,62,-66.1,38.068,13.484,0,0,0,32,0,72.0,0.0,0,0,,,,,,,,,,,,,,,,,,,,,0.0,0,,SYNTHETIC,0
doe-007,0,782,2026-09-03T09:13:02Z,2026-09-03T09:13:03Z,2026-09-03T09:13:02Z,2026-09-03T09:13:03Z,site_a,SIM,synthetic_demo,A-WAN-1,UP,1000.0,292.4868,292.63,0.0,18.18,2.3535,0.1,0,UP,4.0,0.0,48,12,86,-67.3,34.776,12.413,0,2,0,7,0,511.0,0.0,0,0,MAINS_RECOVERY_HOLD,MAINS_RECOVERY_HOLD,1,1,47.04,92.0,47.9419,47.7495,2.1452,3.68784,3.68784,3.67304,3.67304,0.0,23.6,143.405,3,31.988,,DISCHARGE,0.0,0,,SYNTHETIC,0
doe-007,0,782,2026-09-03T09:13:02Z,2026-09-03T09:13:03Z,2026-09-03T09:13:02Z,2026-09-03T09:13:03Z,site_b,SIM,synthetic_demo,B-WAN-1,UP,1000.0,100.4769,100.72,0.0,21.8,0.9223,0.111,0,UP,4.0,0.0,6,6,91,-67.2,45.749,16.949,0,0,0,32,0,91.0,0.0,0,0,,,,,,,,,,,,,,,,,,,,,0.0,0,,SYNTHETIC,0
doe-007,0,783,2026-09-03T09:13:03Z,2026-09-03T09:13:04Z,2026-09-03T09:13:03Z,2026-09-03T09:13:04Z,site_a,SIM,synthetic_demo,A-WAN-1,UP,1000.0,368.8793,368.35,0.0,17.03,0.5404,0.092,0,UP,4.0,0.0,48,12,63,-67.1,32.697,11.488,1,2,0,7,0,505.0,0.0,0,0,MAINS_RECOVERY_HOLD,MAINS_RECOVERY_HOLD,1,1,47.08,92.0,47.9419,47.7535,2.0996,3.68784,3.68784,3.67335,3.67335,0.0,23.6,140.365,3,32.042,,DISCHARGE,0.0,0,,SYNTHETIC,0
doe-007,0,783,2026-09-03T09:13:03Z,2026-09-03T09:13:04Z,2026-09-03T09:13:03Z,2026-09-03T09:13:04Z,site_b,SIM,synthetic_demo,B-WAN-1,UP,1000.0,77.3719,77.3,0.0,22.02,0.6426,0.148,0,UP,4.0,0.0,6,6,77,-65.6,44.74,14.367,0,0,0,32,0,69.0,0.0,0,0,,,,,,,,,,,,,,,,,,,,,0.0,0,,SYNTHETIC,0
doe-007,0,784,2026-09-03T09:13:04Z,2026-09-03T09:13:05Z,2026-09-03T09:13:04Z,2026-09-03T09:13:05Z,site_a,SIM,synthetic_demo,A-WAN-1,UP,1000.0,298.36,298.69,0.0,16.86,0.4093,0.097,0,UP,4.0,0.0,48,12,102,-67.5,37.938,13.115,0,3,0,7,0,853.0,0.0,0,0,MAINS_RECOVERY_HOLD,MAINS_RECOVERY_HOLD,1,1,47.1,92.0,47.9418,47.7521,2.1145,3.68783,3.68783,3.67324,3.67324,0.0,23.5,141.361,3,32.023,,DISCHARGE,0.0,0,,SYNTHETIC,0
doe-007,0,784,2026-09-03T09:13:04Z,2026-09-03T09:13:05Z,2026-09-03T09:13:04Z,2026-09-03T09:13:05Z,site_b,SIM,synthetic_demo,B-WAN-1,UP,1000.0,70.1533,70.58,0.0,22.45,2.1683,0.11,0,UP,4.0,0.0,6,6,78,-69.1,44.341,16.136,1,2,0,32,0,116.0,0.0,0,0,,,,,,,,,,,,,,,,,,,,,0.0,0,,SYNTHETIC,0
doe-007,0,785,2026-09-03T09:13:05Z,2026-09-03T09:13:06Z,2026-09-03T09:13:05Z,2026-09-03T09:13:06Z,site_a,SIM,synthetic_demo,A-WAN-1,UP,1000.0,511.0202,510.88,0.0,16.86,0.7636,0.025,0,UP,4.0,0.0,48,12,59,-66.5,31.053,11.143,1,4,0,7,0,520.0,0.0,0,0,MAINS_RECOVERY_HOLD,MAINS_RECOVERY_HOLD,1,1,47.1,92.0,47.9417,47.7429,2.2164,3.68782,3.68782,3.67253,3.67253,0.0,23.7,148.146,3,31.9,,DISCHARGE,0.0,0,,SYNTHETIC,0
doe-007,0,785,2026-09-03T09:13:05Z,2026-09-03T09:13:06Z,2026-09-03T09:13:05Z,2026-09-03T09:13:06Z,site_b,SIM,synthetic_demo,B-WAN-1,UP,1000.0,89.9521,90.13,0.0,22.28,1.7715,0.124,0,UP,4.0,0.0,6,6,75,-67.4,42.624,15.238,0,0,0,32,0,68.0,0.0,0,0,,,,,,,,,,,,,,,,,,,,,0.0,0,,SYNTHETIC,0
doe-007,0,786,2026-09-03T09:13:06Z,2026-09-03T09:13:07Z,2026-09-03T09:13:06Z,2026-09-03T09:13:07Z,site_a,SIM,synthetic_demo,A-WAN-1,UP,1000.0,360.5165,359.36,0.0,16.61,0.343,0.108,0,UP,4.0,0.0,48,12,93,-66.3,36.248,12.689,1,3,0,7,0,640.0,0.0,0,0,MAINS_RECOVERY_HOLD,MAINS_RECOVERY_HOLD,1,1,47.16,92.0,47.9416,47.7465,2.1758,3.68782,3.68782,3.67281,3.67281,0.0,23.4,145.442,3,31.948,,DISCHARGE,0.0,0,,SYNTHETIC,0
doe-007,0,786,2026-09-03T09:13:06Z,2026-09-03T09:13:07Z,2026-09-03T09:13:06Z,2026-09-03T09:13:07Z,site_b,SIM,synthetic_demo,B-WAN-1,UP,1000.0,78.2885,79.08,0.0,22.43,1.0297,0.089,0,UP,4.0,0.0,6,6,55,-67.6,38.086,13.705,0,0,0,32,0,76.0,0.0,0,0,,,,,,,,,,,,,,,,,,,,,0.0,0,,SYNTHETIC,0
doe-007,0,787,2026-09-03T09:13:07Z,2026-09-03T09:13:08Z,2026-09-03T09:13:07Z,2026-09-03T09:13:08Z,site_a,SIM,synthetic_demo,A-WAN-1,UP,1000.0,269.8309,269.42,0.0,16.68,0.5583,0.085,0,UP,4.0,0.0,48,12,67,-68.4,34.015,12.436,1,2,0,7,0,416.0,0.0,0,0,MAINS_RECOVERY_HOLD,MAINS_RECOVERY_HOLD,1,1,47.16,92.0,47.9416,47.7494,2.1429,3.68781,3.68781,3.67303,3.67303,0.0,23.6,143.249,3,31.987,,DISCHARGE,0.0,0,,SYNTHETIC,0
doe-007,0,787,2026-09-03T09:13:07Z,2026-09-03T09:13:08Z,2026-09-03T09:13:07Z,2026-09-03T09:13:08Z,site_b,SIM,synthetic_demo,B-WAN-1,UP,1000.0,77.3473,76.74,0.0,21.06,0.2572,0.074,0,UP,4.0,0.0,6,6,79,-65.9,43.425,15.097,0,0,0,32,0,62.0,0.0,0,0,,,,,,,,,,,,,,,,,,,,,0.0,0,,SYNTHETIC,0
doe-007,0,788,2026-09-03T09:13:08Z,2026-09-03T09:13:09Z,2026-09-03T09:13:08Z,2026-09-03T09:13:09Z,site_a,SIM,synthetic_demo,A-WAN-1,UP,1000.0,355.8441,355.66,0.0,17.87,1.3337,0.082,0,UP,4.0,0.0,48,12,53,-66.8,32.545,11.37,0,2,0,7,0,798.0,0.0,0,0,MAINS_RECOVERY_HOLD,MAINS_RECOVERY_HOLD,1,1,47.19,92.0,47.9415,47.751,2.1236,3.68781,3.68781,3.67316,3.67316,0.0,23.4,141.965,3,32.009,,DISCHARGE,0.0,0,,SYNTHETIC,0
doe-007,0,788,2026-09-03T09:13:08Z,2026-09-03T09:13:09Z,2026-09-03T09:13:08Z,2026-09-03T09:13:09Z,site_b,SIM,synthetic_demo,B-WAN-1,UP,1000.0,125.6318,125.58,0.0,24.67,3.3138,0.115,0,UP,4.0,0.0,6,6,68,-64.7,41.594,13.804,0,0,0,32,0,63.0,0.0,0,0,,,,,,,,,,,,,,,,,,,,,0.0,0,,SYNTHETIC,0
doe-007,0,789,2026-09-03T09:13:09Z,2026-09-03T09:13:10Z,2026-09-03T09:13:09Z,2026-09-03T09:13:10Z,site_a,SIM,synthetic_demo,A-WAN-1,UP,1000.0,353.6236,352.9,0.0,15.99,0.0641,0.078,0,UP,4.0,0.0,48,12,115,-67.1,38.104,14.046,1,3,0,7,0,601.0,0.0,0,0,MAINS_RECOVERY_HOLD,MAINS_RECOVERY_HOLD,1,1,47.14,92.0,47.9414,47.748,2.1564,3.6878,3.6878,3.67292,3.67292,0.0,23.4,144.147,3,31.969,,DISCHARGE,0.0,0,,SYNTHETIC,0
doe-007,0,789,2026-09-03T09:13:09Z,2026-09-03T09:13:10Z,2026-09-03T09:13:09Z,2026-09-03T09:13:10Z,site_b,SIM,synthetic_demo,B-WAN-1,UP,1000.0,228.4266,228.13,0.0,21.77,0.7267,0.089,0,UP,4.0,0.0,6,6,91,-65.8,48.003,15.16,0,2,0,32,0,119.0,0.0,0,0,,,,,,,,,,,,,,,,,,,,,0.0,0,,SYNTHETIC,0
doe-007,0,790,2026-09-03T09:13:10Z,2026-09-03T09:13:11Z,2026-09-03T09:13:10Z,2026-09-03T09:13:11Z,site_a,SIM,synthetic_demo,A-WAN-1,UP,1000.0,358.2884,358.5,0.0,18.56,2.9956,0.099,0,UP,4.0,0.0,48,48,324,-66.7,34.602,12.041,0,2,0,7,0,747.0,0.0,0,0,MAINS_RECOVERY_HOLD,MAINS_RECOVERY_HOLD,1,1,47.07,92.0,47.9414,47.748,2.1557,3.6878,3.6878,3.67292,3.67292,0.0,23.5,144.101,,394.025,,DISCHARGE,0.0,0,,SYNTHETIC,0
doe-007,0,790,2026-09-03T09:13:10Z,2026-09-03T09:13:11Z,2026-09-03T09:13:10Z,2026-09-03T09:13:11Z,site_b,SIM,synthetic_demo,B-WAN-1,UP,1000.0,89.6259,90.23,0.0,22.91,2.1013,0.116,0,UP,4.0,0.0,6,6,75,-65.7,43.539,14.259,0,1,0,32,0,55.0,0.0,0,0,,,,,,,,,,,,,,,,,,,,,0.0,0,,SYNTHETIC,0
doe-007,0,791,2026-09-03T09:13:11Z,2026-09-03T09:13:12Z,2026-09-03T09:13:11Z,2026-09-03T09:13:12Z,site_a,SIM,synthetic_demo,A-WAN-1,UP,1000.0,344.8396,344.29,0.0,16.16,0.3178,0.113,0,UP,4.0,0.0,48,48,221,-67.0,32.015,11.126,2,5,0,7,0,623.0,0.0,0,0,MAINS_RECOVERY_HOLD,MAINS_RECOVERY_HOLD,1,1,47.08,92.0,47.9407,45.4379,27.9015,3.68774,3.68774,3.49522,3.49522,0.0,23.6,1774.599,,31.995,OCP_DSG,DISCHARGE,0.0,0,,SYNTHETIC,0
doe-007,0,791,2026-09-03T09:13:11Z,2026-09-03T09:13:12Z,2026-09-03T09:13:11Z,2026-09-03T09:13:12Z,site_b,SIM,synthetic_demo,B-WAN-1,UP,1000.0,104.2738,105.04,0.0,25.3,3.9278,0.105,0,UP,4.0,0.0,6,6,71,-65.3,41.188,13.932,0,2,0,32,0,119.0,0.0,0,0,,,,,,,,,,,,,,,,,,,,,0.0,0,,SYNTHETIC,0
doe-007,0,792,2026-09-03T09:13:12Z,2026-09-03T09:13:13Z,2026-09-03T09:13:12Z,2026-09-03T09:13:13Z,site_a,SIM,synthetic_demo,A-WAN-1,UP,1000.0,309.8891,309.55,0.0,15.64,0.1579,0.078,0,UP,4.0,0.0,48,12,43,-66.8,31.714,11.132,0,3,0,7,0,613.0,0.0,0,0,MAINS_RECOVERY_HOLD,MAINS_RECOVERY_HOLD,1,1,46.99,92.0,47.9406,47.7517,2.106,3.68774,3.68774,3.67321,3.67321,0.0,23.6,140.788,3,32.017,,DISCHARGE,0.0,0,,SYNTHETIC,0
doe-007,0,792,2026-09-03T09:13:12Z,2026-09-03T09:13:13Z,2026-09-03T09:13:12Z,2026-09-03T09:13:13Z,site_b,SIM,synthetic_demo,B-WAN-1,UP,1000.0,91.6966,91.63,0.0,21.52,0.1288,0.091,0,UP,4.0,0.0,6,6,74,-66.5,43.21,14.797,0,0,0,32,0,65.0,0.0,0,0,,,,,,,,,,,,,,,,,,,,,0.0,0,,SYNTHETIC,0
doe-007,0,793,2026-09-03T09:13:13Z,2026-09-03T09:13:14Z,2026-09-03T09:13:13Z,2026-09-03T09:13:14Z,site_a,SIM,synthetic_demo,A-WAN-1,UP,1000.0,371.1945,,0.0,17.52,1.1731,0.066,0,UP,4.0,0.0,48,12,60,-66.9,32.854,11.541,0,5,0,7,0,540.0,0.0,0,0,MAINS_RECOVERY_HOLD,MAINS_RECOVERY_HOLD,1,1,47.07,92.0,47.9405,47.7485,2.1409,3.68773,3.68773,3.67296,3.67296,0.0,23.5,143.11,3,31.974,,DISCHARGE,0.0,0,,SYNTHETIC|GAP|MISSING_MAR,0
doe-007,0,793,2026-09-03T09:13:13Z,2026-09-03T09:13:14Z,2026-09-03T09:13:13Z,2026-09-03T09:13:14Z,site_b,SIM,synthetic_demo,B-WAN-1,UP,1000.0,110.8875,110.75,0.0,21.69,0.9003,0.091,0,UP,4.0,0.0,6,6,77,-66.2,45.235,15.301,0,0,0,32,0,73.0,0.0,0,0,,,,,,,,,,,,,,,,,,,,,0.0,0,,SYNTHETIC,0
doe-007,0,794,2026-09-03T09:13:14Z,2026-09-03T09:13:15Z,2026-09-03T09:13:14Z,2026-09-03T09:13:15Z,site_a,SIM,synthetic_demo,A-WAN-1,UP,1000.0,298.8371,298.97,0.0,18.37,2.0709,0.08,0,UP,4.0,0.0,48,12,131,-66.2,41.159,14.019,0,4,0,7,0,469.0,0.0,0,0,MAINS_RECOVERY_HOLD,MAINS_RECOVERY_HOLD,1,1,47.13,92.0,47.9405,47.7508,2.1142,3.68773,3.68773,3.67314,3.67314,0.0,23.5,141.338,3,32.005,,DISCHARGE,0.0,0,,SYNTHETIC,0
doe-007,0,794,2026-09-03T09:13:14Z,2026-09-03T09:13:15Z,2026-09-03T09:13:14Z,2026-09-03T09:13:15Z,site_b,SIM,synthetic_demo,B-WAN-1,UP,1000.0,113.0974,113.69,0.0,23.02,2.1355,0.072,0,UP,4.0,0.0,6,6,47,-67.8,36.57,13.552,0,0,0,32,0,85.0,0.0,0,0,,,,,,,,,,,,,,,,,,,,,0.0,0,,SYNTHETIC,0
doe-007,0,795,2026-09-03T09:13:15Z,2026-09-03T09:13:16Z,2026-09-03T09:13:15Z,2026-09-03T09:13:16Z,site_a,SIM,synthetic_demo,A-WAN-1,UP,1000.0,342.1665,341.45,0.0,17.19,0.6889,0.094,0,UP,4.0,0.0,48,12,106,-67.5,36.947,13.584,0,5,0,7,0,623.0,0.0,0,0,MAINS_RECOVERY_HOLD,MAINS_RECOVERY_HOLD,1,1,47.03,92.0,47.9404,47.7494,2.1297,3.68772,3.68772,3.67303,3.67303,0.0,23.6,142.365,3,31.986,,DISCHARGE,0.0,0,,SYNTHETIC,0
doe-007,0,795,2026-09-03T09:13:15Z,2026-09-03T09:13:16Z,2026-09-03T09:13:15Z,2026-09-03T09:13:16Z,site_b,SIM,synthetic_demo,B-WAN-1,UP,1000.0,101.0114,101.32,0.0,23.73,2.6296,0.124,0,UP,4.0,0.0,6,6,51,-68.4,38.623,13.307,0,0,0,32,0,56.0,0.0,0,0,,,,,,,,,,,,,,,,,,,,,0.0,0,,SYNTHETIC,0
doe-007,0,796,2026-09-03T09:13:16Z,2026-09-03T09:13:17Z,2026-09-03T09:13:16Z,2026-09-03T09:13:17Z,site_a,SIM,synthetic_demo,A-WAN-1,UP,1000.0,307.4361,307.67,0.0,16.33,0.3223,0.086,0,UP,4.0,0.0,48,12,78,-67.6,32.327,12.48,1,4,0,7,0,394.0,0.0,0,0,MAINS_RECOVERY_HOLD,MAINS_RECOVERY_HOLD,1,1,47.05,92.0,47.9403,47.7468,2.1572,3.68772,3.68772,3.67283,3.67283,0.0,23.6,144.197,3,31.952,,DISCHARGE,0.0,0,,SYNTHETIC,0
doe-007,0,796,2026-09-03T09:13:16Z,2026-09-03T09:13:17Z,2026-09-03T09:13:16Z,2026-09-03T09:13:17Z,site_b,SIM,synthetic_demo,B-WAN-1,UP,1000.0,93.0715,92.3,0.0,22.96,2.6492,0.056,0,UP,4.0,0.0,6,6,55,-66.0,37.935,13.07,0,0,0,32,0,42.0,0.0,0,0,,,,,,,,,,,,,,,,,,,,,0.0,0,,SYNTHETIC,0
doe-007,0,797,2026-09-03T09:13:17Z,2026-09-03T09:13:18Z,2026-09-03T09:13:17Z,2026-09-03T09:13:18Z,site_a,SIM,synthetic_demo,A-WAN-1,UP,1000.0,312.4809,312.55,0.0,19.41,2.7142,0.073,0,UP,4.0,0.0,48,12,131,-66.3,40.394,14.326,1,4,0,7,0,319.0,0.0,0,0,MAINS_RECOVERY_HOLD,MAINS_RECOVERY_HOLD,1,1,47.02,92.0,47.9403,47.7489,2.1331,3.68771,3.68771,3.67299,3.67299,0.0,23.5,142.593,3,31.98,,DISCHARGE,0.0,0,,SYNTHETIC,0
doe-007,0,797,2026-09-03T09:13:17Z,2026-09-03T09:13:18Z,2026-09-03T09:13:17Z,2026-09-03T09:13:18Z,site_b,SIM,synthetic_demo,B-WAN-1,UP,1000.0,95.9135,95.7,0.0,21.11,0.9771,0.129,0,UP,4.0,0.0,6,6,51,-65.9,37.915,12.829,0,0,0,32,0,77.0,0.0,0,0,,,,,,,,,,,,,,,,,,,,,0.0,0,,SYNTHETIC,0
doe-007,0,798,2026-09-03T09:13:18Z,2026-09-03T09:13:19Z,2026-09-03T09:13:18Z,2026-09-03T09:13:19Z,site_a,SIM,synthetic_demo,A-WAN-1,UP,1000.0,459.463,460.01,0.0,16.05,0.0773,0.091,0,UP,4.0,0.0,48,12,83,-67.5,35.603,12.241,0,4,0,7,0,590.0,0.0,0,0,MAINS_RECOVERY_HOLD,MAINS_RECOVERY_HOLD,1,1,47.05,92.0,47.9402,47.7498,2.1228,3.68771,3.68771,3.67306,3.67306,0.0,23.6,141.904,3,31.991,,DISCHARGE,0.0,0,,SYNTHETIC,0
doe-007,0,798,2026-09-03T09:13:18Z,2026-09-03T09:13:19Z,2026-09-03T09:13:18Z,2026-09-03T09:13:19Z,site_b,SIM,synthetic_demo,B-WAN-1,UP,1000.0,106.0959,106.27,0.0,23.41,1.7178,0.093,0,UP,4.0,0.0,6,6,34,-69.5,35.098,12.678,0,0,0,32,0,73.0,0.0,0,0,,,,,,,,,,,,,,,,,,,,,0.0,0,,SYNTHETIC,0
doe-007,0,799,2026-09-03T09:13:19Z,2026-09-03T09:13:20Z,2026-09-03T09:13:19Z,2026-09-03T09:13:20Z,site_a,SIM,synthetic_demo,A-WAN-1,UP,1000.0,379.5079,378.84,0.0,18.76,2.7593,0.094,0,UP,4.0,0.0,48,12,47,-67.8,31.724,11.319,0,4,0,7,0,465.0,0.0,0,0,MAINS_RECOVERY_HOLD,MAINS_RECOVERY_HOLD,1,1,47.14,92.0,47.9401,47.7494,2.1264,3.6877,3.6877,3.67303,3.67303,0.0,23.6,142.149,3,31.986,,DISCHARGE,0.0,0,,SYNTHETIC,0
doe-007,0,799,2026-09-03T09:13:19Z,2026-09-03T09:13:20Z,2026-09-03T09:13:19Z,2026-09-03T09:13:20Z,site_b,SIM,synthetic_demo,B-WAN-1,UP,1000.0,88.4963,88.53,0.0,21.43,0.1872,0.085,0,UP,4.0,0.0,6,6,43,-66.4,36.853,11.754,0,0,0,32,0,52.0,0.0,0,0,,,,,,,,,,,,,,,,,,,,,0.0,0,,SYNTHETIC,0
doe-007,0,800,2026-09-03T09:13:20Z,2026-09-03T09:13:21Z,2026-09-03T09:13:20Z,2026-09-03T09:13:21Z,site_a,SIM,synthetic_demo,A-WAN-1,UP,1000.0,344.0152,344.6,0.0,15.68,0.0128,0.092,0,UP,4.0,0.0,48,12,99,-67.6,36.586,12.96,0,4,0,7,0,496.0,0.0,0,0,MAINS_RECOVERY_HOLD,MAINS_RECOVERY_HOLD,1,1,47.02,92.0,47.9401,47.7471,2.1513,3.6877,3.6877,3.67285,3.67285,0.0,23.5,143.805,3,31.955,,DISCHARGE,0.0,0,,SYNTHETIC,0
doe-007,0,800,2026-09-03T09:13:20Z,2026-09-03T09:13:21Z,2026-09-03T09:13:20Z,2026-09-03T09:13:21Z,site_b,SIM,synthetic_demo,B-WAN-1,UP,1000.0,96.5501,97.19,0.0,20.94,0.4604,0.108,0,UP,4.0,0.0,6,6,80,-66.6,44.375,14.971,0,0,0,32,0,48.0,0.0,0,0,,,,,,,,,,,,,,,,,,,,,0.0,0,,SYNTHETIC,0
doe-007,0,801,2026-09-03T09:13:21Z,2026-09-03T09:13:22Z,2026-09-03T09:13:21Z,2026-09-03T09:13:22Z,site_a,SIM,synthetic_demo,A-WAN-1,UP,1000.0,306.4824,306.8,0.0,18.45,3.085,0.079,0,UP,4.0,0.0,48,12,71,-66.8,33.53,11.587,0,4,0,7,0,292.0,0.0,0,0,MAINS_RECOVERY_HOLD,MAINS_RECOVERY_HOLD,1,1,47.12,92.0,47.94,47.7435,2.1904,3.68769,3.68769,3.67258,3.67258,0.0,23.6,146.407,3,31.908,,DISCHARGE,0.0,0,,SYNTHETIC,0
doe-007,0,801,2026-09-03T09:13:21Z,2026-09-03T09:13:22Z,2026-09-03T09:13:21Z,2026-09-03T09:13:22Z,site_b,SIM,synthetic_demo,B-WAN-1,UP,1000.0,92.4733,91.93,0.0,23.18,1.4989,0.092,0,UP,4.0,0.0,6,6,40,-69.6,34.882,12.792,0,0,0,32,0,109.0,0.0,0,0,,,,,,,,,,,,,,,,,,,,,0.0,0,,SYNTHETIC,0
doe-007,0,802,2026-09-03T09:13:22Z,2026-09-03T09:13:23Z,2026-09-03T09:13:22Z,2026-09-03T09:13:23Z,site_a,SIM,synthetic_demo,A-WAN-1,UP,1000.0,390.2661,389.91,0.0,19.94,3.3797,0.071,0,UP,4.0,0.0,48,12,100,-66.8,37.158,13.307,0,3,0,7,0,425.0,0.0,0,0,MAINS_RECOVERY_HOLD,MAINS_RECOVERY_HOLD,1,1,46.98,92.0,47.9399,47.7468,2.1531,3.68769,3.68769,3.67283,3.67283,0.0,23.7,143.923,3,31.951,,DISCHARGE,0.0,0,,SYNTHETIC,0
doe-007,0,802,2026-09-03T09:13:22Z,2026-09-03T09:13:23Z,2026-09-03T09:13:22Z,2026-09-03T09:13:23Z,site_b,SIM,synthetic_demo,B-WAN-1,UP,1000.0,87.6165,87.26,0.0,21.31,1.0524,0.083,0,UP,4.0,0.0,6,6,61,-66.4,39.687,13.558,0,0,0,32,0,89.0,0.0,0,0,,,,,,,,,,,,,,,,,,,,,0.0,0,,SYNTHETIC,0
doe-007,0,803,2026-09-03T09:13:23Z,2026-09-03T09:13:24Z,2026-09-03T09:13:23Z,2026-09-03T09:13:24Z,site_a,SIM,synthetic_demo,A-WAN-1,UP,1000.0,336.8915,338.31,0.0,16.89,1.3595,0.08,0,UP,4.0,0.0,48,12,51,-66.6,31.422,11.089,0,3,0,7,0,447.0,0.0,0,0,MAINS_RECOVERY_HOLD,MAINS_RECOVERY_HOLD,1,1,47.13,92.0,47.9399,47.744,2.1831,3.68768,3.68768,3.67262,3.67262,0.0,23.5,145.917,3,31.915,,DISCHARGE,0.0,0,,SYNTHETIC,0
doe-007,0,803,2026-09-03T09:13:23Z,2026-09-03T09:13:24Z,2026-09-03T09:13:23Z,2026-09-03T09:13:24Z,site_b,SIM,synthetic_demo,B-WAN-1,UP,1000.0,100.8736,101.32,0.0,25.28,3.7786,0.103,0,UP,4.0,0.0,6,6,54,-69.4,39.762,13.832,0,0,0,32,0,93.0,0.0,0,0,,,,,,,,,,,,,,,,,,,,,0.0,0,,SYNTHETIC,0
doe-007,0,804,2026-09-03T09:13:24Z,2026-09-03T09:13:25Z,2026-09-03T09:13:24Z,2026-09-03T09:13:25Z,site_a,SIM,synthetic_demo,A-WAN-1,UP,1000.0,352.9795,353.85,0.0,18.15,2.6215,0.078,0,UP,4.0,0.0,48,12,74,-66.6,32.304,11.545,1,5,0,7,0,364.0,0.0,0,0,MAINS_RECOVERY_HOLD,MAINS_RECOVERY_HOLD,1,1,47.16,92.0,47.9398,47.748,2.138,3.68768,3.68768,3.67292,3.67292,0.0,23.6,142.916,3,31.968,,DISCHARGE,0.0,0,,SYNTHETIC,0
doe-007,0,804,2026-09-03T09:13:24Z,2026-09-03T09:13:25Z,2026-09-03T09:13:24Z,2026-09-03T09:13:25Z,site_b,SIM,synthetic_demo,B-WAN-1,UP,1000.0,92.2516,91.95,0.0,21.79,0.8055,0.112,0,UP,4.0,0.0,6,6,47,-68.3,35.776,12.834,0,1,0,32,0,115.0,0.0,0,0,,,,,,,,,,,,,,,,,,,,,0.0,0,,SYNTHETIC,0
doe-007,0,805,2026-09-03T09:13:25Z,2026-09-03T09:13:26Z,2026-09-03T09:13:25Z,2026-09-03T09:13:26Z,site_a,SIM,synthetic_demo,A-WAN-1,UP,1000.0,340.7154,341.08,0.0,16.85,0.8146,0.086,0,UP,4.0,0.0,48,12,45,-68.5,31.871,11.468,0,3,0,7,0,442.0,0.0,0,0,MAINS_RECOVERY_HOLD,MAINS_RECOVERY_HOLD,1,1,47.03,92.0,47.9397,47.7519,2.0943,3.68767,3.68767,3.67322,3.67322,0.0,23.7,140.011,3,32.019,,DISCHARGE,0.0,0,,SYNTHETIC,0
doe-007,0,805,2026-09-03T09:13:25Z,2026-09-03T09:13:26Z,2026-09-03T09:13:25Z,2026-09-03T09:13:26Z,site_b,SIM,synthetic_demo,B-WAN-1,UP,1000.0,80.9581,80.64,0.0,24.02,2.5903,0.111,0,UP,4.0,0.0,6,6,51,-65.4,37.72,13.095,0,0,0,32,0,92.0,0.0,0,0,,,,,,,,,,,,,,,,,,,,,0.0,0,,SYNTHETIC,0
doe-007,0,806,2026-09-03T09:13:26Z,2026-09-03T09:13:27Z,2026-09-03T09:13:26Z,2026-09-03T09:13:27Z,site_a,SIM,synthetic_demo,A-WAN-1,UP,1000.0,482.4811,482.73,0.0,17.77,2.207,0.098,0,UP,4.0,0.0,48,12,78,-68.3,34.596,12.751,0,3,0,7,0,390.0,0.0,0,0,MAINS_RECOVERY_HOLD,MAINS_RECOVERY_HOLD,1,1,47.17,92.0,47.9397,47.75,2.1144,3.68767,3.68767,3.67308,3.67308,0.0,23.6,141.347,3,31.994,,DISCHARGE,0.0,0,,SYNTHETIC,0
doe-007,0,806,2026-09-03T09:13:26Z,2026-09-03T09:13:27Z,2026-09-03T09:13:26Z,2026-09-03T09:13:27Z,site_b,SIM,synthetic_demo,B-WAN-1,UP,1000.0,210.0882,210.12,0.0,22.29,1.0172,0.107,0,UP,4.0,0.0,6,6,58,-66.8,39.682,13.367,0,0,0,32,0,100.0,0.0,0,0,,,,,,,,,,,,,,,,,,,,,0.0,0,,SYNTHETIC,0
doe-007,0,807,2026-09-03T09:13:27Z,2026-09-03T09:13:28Z,2026-09-03T09:13:27Z,2026-09-03T09:13:28Z,site_a,SIM,synthetic_demo,A-WAN-1,UP,1000.0,606.699,606.7,0.0,16.52,0.3334,0.081,0,UP,4.0,0.0,48,48,208,-67.1,31.153,11.504,2,2,0,7,0,476.0,0.0,0,0,MAINS_RECOVERY_HOLD,MAINS_RECOVERY_HOLD,1,1,47.01,92.0,47.9396,47.7426,2.1963,3.68766,3.68766,3.67251,3.67251,0.0,23.6,146.8,,386.483,,DISCHARGE,0.0,0,,SYNTHETIC,0
doe-007,0,807,2026-09-03T09:13:27Z,2026-09-03T09:13:28Z,2026-09-03T09:13:27Z,2026-09-03T09:13:28Z,site_b,SIM,synthetic_demo,B-WAN-1,UP,1000.0,84.5636,83.64,0.0,21.21,0.1353,0.112,0,UP,4.0,0.0,6,6,96,-69.2,47.933,17.321,0,1,0,32,0,41.0,0.0,0,0,,,,,,,,,,,,,,,,,,,,,0.0,0,,SYNTHETIC,0
doe-007,0,808,2026-09-03T09:13:28Z,2026-09-03T09:13:29Z,2026-09-03T09:13:28Z,2026-09-03T09:13:29Z,site_a,SIM,synthetic_demo,A-WAN-1,UP,1000.0,382.4593,381.87,0.0,18.26,1.895,0.092,0,UP,4.0,0.0,48,48,188,-66.2,32.035,10.66,1,4,0,7,0,594.0,0.0,0,0,MAINS_RECOVERY_HOLD,MAINS_RECOVERY_HOLD,1,1,46.98,92.0,47.9389,45.4303,27.9664,3.68761,3.68761,3.49464,3.49464,0.0,23.5,1778.43,,31.901,OCP_DSG,DISCHARGE,0.0,0,,SYNTHETIC,0
doe-007,0,808,2026-09-03T09:13:28Z,2026-09-03T09:13:29Z,2026-09-03T09:13:28Z,2026-09-03T09:13:29Z,site_b,SIM,synthetic_demo,B-WAN-1,UP,1000.0,94.0133,95.84,0.0,21.07,0.2384,0.101,0,UP,4.0,0.0,6,6,64,-65.7,41.789,13.868,0,0,0,32,0,72.0,0.0,0,0,,,,,,,,,,,,,,,,,,,,,0.0,0,,SYNTHETIC,0
doe-007,0,809,2026-09-03T09:13:29Z,2026-09-03T09:13:30Z,2026-09-03T09:13:29Z,2026-09-03T09:13:30Z,site_a,SIM,synthetic_demo,A-WAN-1,UP,1000.0,533.7754,532.38,0.0,17.59,1.5287,0.081,0,UP,4.0,0.0,48,12,57,-66.7,32.911,11.902,1,2,0,7,0,736.0,0.0,0,0,MAINS_RECOVERY_HOLD,MAINS_RECOVERY_HOLD,1,1,47.11,92.0,47.9388,47.7446,2.1649,3.6876,3.6876,3.67266,3.67266,0.0,23.6,144.706,3,31.921,,DISCHARGE,0.0,0,,SYNTHETIC,0
doe-007,0,809,2026-09-03T09:13:29Z,2026-09-03T09:13:30Z,2026-09-03T09:13:29Z,2026-09-03T09:13:30Z,site_b,SIM,synthetic_demo,B-WAN-1,UP,1000.0,91.1744,91.74,0.0,22.24,1.1807,0.088,0,UP,4.0,0.0,6,6,90,-68.5,47.464,15.71,0,0,0,32,0,76.0,0.0,0,0,,,,,,,,,,,,,,,,,,,,,0.0,0,,SYNTHETIC,0
doe-007,0,810,2026-09-03T09:13:30Z,2026-09-03T09:13:31Z,2026-09-03T09:13:30Z,2026-09-03T09:13:31Z,site_a,SIM,synthetic_demo,A-WAN-1,UP,1000.0,736.9255,738.18,0.0,17.33,1.2159,0.119,0,UP,4.0,0.0,48,12,49,-67.3,31.433,11.451,1,3,0,7,0,439.0,0.0,0,0,MAINS_RECOVERY_HOLD,MAINS_RECOVERY_HOLD,1,1,47.13,92.0,47.9388,47.7426,2.1865,3.6876,3.6876,3.67251,3.67251,0.0,23.7,146.14,3,31.895,,DISCHARGE,0.0,0,,SYNTHETIC,0
doe-007,0,810,2026-09-03T09:13:30Z,2026-09-03T09:13:31Z,2026-09-03T09:13:30Z,2026-09-03T09:13:31Z,site_b,SIM,synthetic_demo,B-WAN-1,UP,1000.0,95.1985,95.3,0.0,21.27,0.1897,0.105,0,UP,4.0,0.0,6,6,90,-66.9,46.621,16.395,0,1,0,32,0,95.0,0.0,0,0,,,,,,,,,,,,,,,,,,,,,0.0,0,,SYNTHETIC,0
doe-007,0,811,2026-09-03T09:13:31Z,2026-09-03T09:13:32Z,2026-09-03T09:13:31Z,2026-09-03T09:13:32Z,site_a,SIM,synthetic_demo,A-WAN-1,UP,1000.0,374.4708,374.22,0.0,16.38,0.3494,0.08,0,UP,4.0,0.0,48,12,83,-67.8,35.351,12.731,0,2,0,7,0,487.0,0.0,0,0,MAINS_RECOVERY_HOLD,MAINS_RECOVERY_HOLD,1,1,47.1,92.0,47.9387,47.7505,2.0976,3.68759,3.68759,3.67312,3.67312,0.0,23.6,140.221,3,32.0,,DISCHARGE,0.0,0,,SYNTHETIC,0
doe-007,0,811,2026-09-03T09:13:31Z,2026-09-03T09:13:32Z,2026-09-03T09:13:31Z,2026-09-03T09:13:32Z,site_b,SIM,synthetic_demo,B-WAN-1,UP,1000.0,87.5632,87.2,0.0,22.1,1.0571,0.117,0,UP,4.0,0.0,6,6,44,-71.1,34.585,14.064,0,1,0,32,0,69.0,0.0,0,0,,,,,,,,,,,,,,,,,,,,,0.0,0,,SYNTHETIC,0
doe-007,0,812,2026-09-03T09:13:32Z,2026-09-03T09:13:33Z,2026-09-03T09:13:32Z,2026-09-03T09:13:33Z,site_a,SIM,synthetic_demo,A-WAN-1,UP,1000.0,459.2966,458.79,0.0,16.61,0.8211,0.083,0,UP,4.0,0.0,48,12,115,-65.2,39.875,13.324,0,5,0,7,0,493.0,0.0,0,0,MAINS_RECOVERY_HOLD,MAINS_RECOVERY_HOLD,1,1,46.99,92.0,47.9386,47.7415,2.1972,3.68759,3.68759,3.67243,3.67243,0.0,23.6,146.852,3,31.88,,DISCHARGE,0.0,0,,SYNTHETIC,0
doe-007,0,812,2026-09-03T09:13:32Z,2026-09-03T09:13:33Z,2026-09-03T09:13:32Z,2026-09-03T09:13:33Z,site_b,SIM,synthetic_demo,B-WAN-1,UP,1000.0,103.6362,103.03,0.0,21.02,0.1256,0.1,0,UP,4.0,0.0,6,6,47,-66.2,35.877,12.503,0,0,0,32,0,126.0,0.0,0,0,,,,,,,,,,,,,,,,,,,,,0.0,0,,SYNTHETIC,0
doe-007,0,813,2026-09-03T09:13:33Z,2026-09-03T09:13:34Z,2026-09-03T09:13:33Z,2026-09-03T09:13:34Z,site_a,SIM,synthetic_demo,A-WAN-1,UP,1000.0,354.9613,355.07,0.0,18.32,2.2741,0.068,0,UP,4.0,0.0,48,12,46,-66.9,30.331,10.895,0,2,0,7,0,416.0,0.0,0,0,MAINS_RECOVERY_HOLD,MAINS_RECOVERY_HOLD,1,1,47.01,92.0,47.9385,47.7502,2.1,3.68758,3.68758,3.67309,3.67309,0.0,23.6,140.384,3,31.996,,DISCHARGE,0.0,0,,SYNTHETIC,0
doe-007,0,813,2026-09-03T09:13:33Z,2026-09-03T09:13:34Z,2026-09-03T09:13:33Z,2026-09-03T09:13:34Z,site_b,SIM,synthetic_demo,B-WAN-1,UP,1000.0,100.7341,100.23,0.0,22.22,1.2316,0.147,0,UP,4.0,0.0,6,6,67,-65.5,43.259,13.819,0,0,0,32,0,220.0,0.0,0,0,,,,,,,,,,,,,,,,,,,,,0.0,0,,SYNTHETIC,0
doe-007,0,814,2026-09-03T09:13:34Z,2026-09-03T09:13:35Z,2026-09-03T09:13:34Z,2026-09-03T09:13:35Z,site_a,SIM,synthetic_demo,A-WAN-1,UP,1000.0,319.9625,319.05,0.0,16.33,0.3589,0.097,0,UP,4.0,0.0,48,12,53,-68.2,31.675,12.051,0,2,0,7,0,405.0,0.0,0,0,MAINS_RECOVERY_HOLD,MAINS_RECOVERY_HOLD,1,1,47.04,92.0,47.9385,47.7467,2.1378,3.68758,3.68758,3.67282,3.67282,0.0,23.5,142.9,3,31.949,,DISCHARGE,0.0,0,,SYNTHETIC,0
doe-007,0,814,2026-09-03T09:13:34Z,2026-09-03T09:13:35Z,2026-09-03T09:13:34Z,2026-09-03T09:13:35Z,site_b,SIM,synthetic_demo,B-WAN-1,UP,1000.0,100.2485,100.09,0.0,21.73,1.0367,0.127,0,UP,4.0,0.0,6,6,87,-66.0,47.126,15.668,1,1,0,32,0,109.0,0.0,0,0,,,,,,,,,,,,,,,,,,,,,0.0,0,,SYNTHETIC,0
doe-007,0,815,2026-09-03T09:13:35Z,2026-09-03T09:13:36Z,2026-09-03T09:13:35Z,2026-09-03T09:13:36Z,site_a,SIM,synthetic_demo,A-WAN-1,UP,1000.0,413.689,413.53,0.0,16.53,0.763,0.082,0,UP,4.0,0.0,48,12,162,-69.3,43.466,15.434,3,3,0,7,0,381.0,0.0,0,0,MAINS_RECOVERY_HOLD,MAINS_RECOVERY_HOLD,1,1,47.1,92.0,47.9384,47.7506,2.0936,3.68757,3.68757,3.67312,3.67312,0.0,23.4,139.955,3,32.002,,DISCHARGE,0.0,0,,SYNTHETIC,0
doe-007,0,815,2026-09-03T09:13:35Z,2026-09-03T09:13:36Z,2026-09-03T09:13:35Z,2026-09-03T09:13:36Z,site_b,SIM,synthetic_demo,B-WAN-1,UP,1000.0,86.4357,86.22,0.0,23.47,2.2523,0.105,0,UP,4.0,0.0,6,6,49,-67.1,37.264,12.988,0,0,0,32,0,85.0,0.0,0,0,,,,,,,,,,,,,,,,,,,,,0.0,0,,SYNTHETIC,0
doe-007,0,816,2026-09-03T09:13:36Z,2026-09-03T09:13:37Z,2026-09-03T09:13:36Z,2026-09-03T09:13:37Z,site_a,SIM,synthetic_demo,A-WAN-1,UP,1000.0,406.1322,405.87,0.0,18.9,2.7068,0.075,0,UP,4.0,0.0,48,12,129,-66.4,40.574,14.048,0,2,0,7,0,313.0,0.0,0,0,MAINS_RECOVERY_HOLD,MAINS_RECOVERY_HOLD,1,1,47.02,92.0,47.9383,47.7513,2.0853,3.68756,3.68756,3.67318,3.67318,0.0,23.5,139.407,3,32.011,,DISCHARGE,0.0,0,,SYNTHETIC,0
doe-007,0,816,2026-09-03T09:13:36Z,2026-09-03T09:13:37Z,2026-09-03T09:13:36Z,2026-09-03T09:13:37Z,site_b,SIM,synthetic_demo,B-WAN-1,UP,1000.0,132.3884,132.33,0.0,21.33,1.204,0.075,0,UP,4.0,0.0,6,6,77,-67.2,43.748,15.209,0,1,0,32,0,123.0,0.0,0,0,,,,,,,,,,,,,,,,,,,,,0.0,0,,SYNTHETIC,0
doe-007,0,817,2026-09-03T09:13:37Z,2026-09-03T09:13:38Z,2026-09-03T09:13:37Z,2026-09-03T09:13:38Z,site_a,SIM,synthetic_demo,A-WAN-1,UP,1000.0,425.6878,425.51,0.0,16.36,0.3461,0.051,0,UP,4.0,0.0,48,12,46,,30.138,11.179,1,2,0,7,0,425.0,0.0,0,0,MAINS_RECOVERY_HOLD,MAINS_RECOVERY_HOLD,1,1,47.09,92.0,47.9383,47.7431,2.176,3.68756,3.68756,3.67255,3.67255,0.0,23.6,145.44,3,31.901,,DISCHARGE,0.0,0,,SYNTHETIC|GAP|MISSING_MAR,0
doe-007,0,817,2026-09-03T09:13:37Z,2026-09-03T09:13:38Z,2026-09-03T09:13:37Z,2026-09-03T09:13:38Z,site_b,SIM,synthetic_demo,B-WAN-1,UP,1000.0,82.4552,82.89,0.0,22.59,2.0422,0.094,0,UP,4.0,0.0,6,6,73,-66.9,41.252,14.066,0,0,0,32,0,136.0,0.0,0,0,,,,,,,,,,,,,,,,,,,,,0.0,0,,SYNTHETIC,0
doe-007,0,818,2026-09-03T09:13:38Z,2026-09-03T09:13:39Z,2026-09-03T09:13:38Z,2026-09-03T09:13:39Z,site_a,SIM,synthetic_demo,A-WAN-1,UP,1000.0,322.482,321.87,0.0,16.71,0.01,0.106,0,UP,4.0,0.0,48,12,48,-66.4,30.422,10.672,0,2,0,7,0,507.0,0.0,0,0,MAINS_RECOVERY_HOLD,MAINS_RECOVERY_HOLD,1,1,,92.0,47.9382,47.7465,2.1369,3.68755,3.68755,3.67281,3.67281,0.0,23.7,142.836,3,31.947,,DISCHARGE,0.0,0,,SYNTHETIC|GAP|MISSING_MAR,0
doe-007,0,818,2026-09-03T09:13:38Z,2026-09-03T09:13:39Z,2026-09-03T09:13:38Z,2026-09-03T09:13:39Z,site_b,SIM,synthetic_demo,B-WAN-1,UP,1000.0,107.3586,107.11,0.0,22.37,1.0117,0.084,0,UP,4.0,0.0,6,6,57,-69.3,41.227,13.723,0,0,0,32,0,168.0,0.0,0,0,,,,,,,,,,,,,,,,,,,,,0.0,0,,SYNTHETIC,0
doe-007,0,819,2026-09-03T09:13:39Z,2026-09-03T09:13:40Z,2026-09-03T09:13:39Z,2026-09-03T09:13:40Z,site_a,SIM,synthetic_demo,A-WAN-1,UP,1000.0,424.6996,425.12,0.0,17.81,1.2464,0.082,0,UP,4.0,0.0,48,12,75,-65.6,31.85,12.068,0,4,0,7,0,369.0,0.0,0,0,MAINS_RECOVERY_HOLD,MAINS_RECOVERY_HOLD,1,1,47.0,92.0,47.9381,47.7442,2.1619,3.68755,3.68755,3.67263,3.67263,0.0,23.6,144.505,3,31.916,,DISCHARGE,0.0,0,,SYNTHETIC,0
doe-007,0,819,2026-09-03T09:13:39Z,2026-09-03T09:13:40Z,2026-09-03T09:13:39Z,2026-09-03T09:13:40Z,site_b,SIM,synthetic_demo,B-WAN-1,UP,1000.0,106.2764,105.77,0.0,23.5,3.0207,0.103,0,UP,4.0,0.0,6,6,81,-63.5,42.773,14.815,0,0,0,32,0,108.0,0.0,0,0,,,,,,,,,,,,,,,,,,,,,0.0,0,,SYNTHETIC,0
doe-007,0,820,2026-09-03T09:13:40Z,2026-09-03T09:13:41Z,2026-09-03T09:13:40Z,2026-09-03T09:13:41Z,site_a,SIM,synthetic_demo,A-WAN-1,UP,1000.0,391.118,392.15,0.0,16.42,0.4931,0.093,0,UP,4.0,0.0,48,12,120,-66.3,38.492,13.834,0,3,0,7,0,612.0,0.0,0,0,MAINS_RECOVERY_HOLD,MAINS_RECOVERY_HOLD,1,1,47.08,92.0,47.9381,47.747,2.1305,3.68754,3.68754,3.67284,3.67284,0.0,23.5,142.414,3,31.953,,DISCHARGE,0.0,0,,SYNTHETIC,0
doe-007,0,820,2026-09-03T09:13:40Z,2026-09-03T09:13:41Z,2026-09-03T09:13:40Z,2026-09-03T09:13:41Z,site_b,SIM,synthetic_demo,B-WAN-1,UP,1000.0,82.6398,83.15,0.0,23.81,2.7816,0.152,0,UP,4.0,0.0,6,6,76,-67.4,41.062,15.138,0,1,0,32,0,92.0,0.0,0,0,,,,,,,,,,,,,,,,,,,,,0.0,0,,SYNTHETIC,0
doe-007,0,821,2026-09-03T09:13:41Z,2026-09-03T09:13:42Z,2026-09-03T09:13:41Z,2026-09-03T09:13:42Z,site_a,SIM,synthetic_demo,A-WAN-1,UP,1000.0,332.138,332.77,0.0,18.69,2.402,0.067,0,UP,4.0,0.0,48,12,96,-65.8,36.862,13.174,0,2,0,7,0,330.0,0.0,0,0,MAINS_RECOVERY_HOLD,MAINS_RECOVERY_HOLD,1,1,47.02,92.0,47.938,47.7443,2.1592,3.68754,3.68754,3.67264,3.67264,0.0,23.6,144.325,3,31.918,,DISCHARGE,0.0,0,,SYNTHETIC,0
doe-007,0,821,2026-09-03T09:13:41Z,2026-09-03T09:13:42Z,2026-09-03T09:13:41Z,2026-09-03T09:13:42Z,site_b,SIM,synthetic_demo,B-WAN-1,UP,1000.0,90.1026,89.88,0.0,21.65,0.024,0.065,0,UP,4.0,0.0,6,6,48,-68.0,37.136,13.497,0,1,0,32,0,154.0,0.0,0,0,,,,,,,,,,,,,,,,,,,,,0.0,0,,SYNTHETIC,0
doe-007,0,822,2026-09-03T09:13:42Z,2026-09-03T09:13:43Z,2026-09-03T09:13:42Z,2026-09-03T09:13:43Z,site_a,SIM,synthetic_demo,A-WAN-1,UP,1000.0,422.9379,422.76,0.0,16.02,0.9182,0.074,0,UP,4.0,0.0,48,12,66,-67.2,32.178,12.103,0,3,0,7,0,439.0,0.0,0,0,MAINS_RECOVERY_HOLD,MAINS_RECOVERY_HOLD,1,1,47.06,92.0,47.9379,47.7484,2.1131,3.68753,3.68753,3.67295,3.67295,0.0,23.6,141.254,3,31.972,,DISCHARGE,0.0,0,,SYNTHETIC,0
doe-007,0,822,2026-09-03T09:13:42Z,2026-09-03T09:13:43Z,2026-09-03T09:13:42Z,2026-09-03T09:13:43Z,site_b,SIM,synthetic_demo,B-WAN-1,UP,1000.0,162.7378,161.91,0.0,23.34,2.3339,0.091,0,UP,4.0,0.0,6,6,38,-69.2,35.023,12.7,0,1,0,32,0,133.0,0.0,0,0,,,,,,,,,,,,,,,,,,,,,0.0,0,,SYNTHETIC,0
doe-007,0,823,2026-09-03T09:13:43Z,2026-09-03T09:13:44Z,2026-09-03T09:13:43Z,2026-09-03T09:13:44Z,site_a,SIM,synthetic_demo,A-WAN-1,UP,1000.0,398.7539,399.67,0.0,17.77,1.2269,0.082,0,UP,4.0,0.0,48,12,80,-66.0,34.947,12.564,2,4,0,7,0,892.0,0.0,0,0,MAINS_RECOVERY_HOLD,MAINS_RECOVERY_HOLD,1,1,47.01,92.0,47.9379,47.7438,2.1632,3.68753,3.68753,3.6726,3.6726,0.0,23.6,144.589,3,31.911,,DISCHARGE,0.0,0,,SYNTHETIC,0
doe-007,0,823,2026-09-03T09:13:43Z,2026-09-03T09:13:44Z,2026-09-03T09:13:43Z,2026-09-03T09:13:44Z,site_b,SIM,synthetic_demo,B-WAN-1,UP,1000.0,89.0028,88.67,0.0,21.2,0.524,0.097,0,UP,4.0,0.0,6,6,70,-67.6,42.353,14.651,0,0,0,32,0,73.0,0.0,0,0,,,,,,,,,,,,,,,,,,,,,0.0,0,,SYNTHETIC,0
doe-007,0,824,2026-09-03T09:13:44Z,2026-09-03T09:13:45Z,2026-09-03T09:13:44Z,2026-09-03T09:13:45Z,site_a,SIM,synthetic_demo,A-WAN-1,UP,1000.0,401.5642,399.63,0.0,16.76,0.2933,0.036,0,UP,4.0,0.0,48,48,70,-68.0,27.813,10.124,2,2,0,7,0,501.0,0.0,0,0,MAINS_RECOVERY_HOLD,MAINS_RECOVERY_HOLD,1,1,46.95,92.0,47.9378,47.7459,2.1393,3.68752,3.68752,3.67276,3.67276,0.0,23.5,142.997,,396.452,,DISCHARGE,0.0,0,,SYNTHETIC,0
doe-007,0,824,2026-09-03T09:13:44Z,2026-09-03T09:13:45Z,2026-09-03T09:13:44Z,2026-09-03T09:13:45Z,site_b,SIM,synthetic_demo,B-WAN-1,UP,1000.0,132.664,133.17,0.0,25.31,3.9003,0.102,0,UP,4.0,0.0,6,6,67,-69.0,41.339,14.972,1,0,0,32,0,105.0,0.0,0,0,,,,,,,,,,,,,,,,,,,,,0.0,0,,SYNTHETIC,0
doe-007,0,825,2026-09-03T09:13:45Z,2026-09-03T09:13:46Z,2026-09-03T09:13:45Z,2026-09-03T09:13:46Z,site_a,SIM,synthetic_demo,A-WAN-1,UP,1000.0,468.1391,467.66,0.0,18.9,3.0949,0.091,0,UP,4.0,0.0,48,48,229,-68.3,31.935,11.639,1,3,0,7,0,444.0,0.0,0,0,MAINS_RECOVERY_HOLD,MAINS_RECOVERY_HOLD,1,1,47.04,92.0,47.9371,45.4319,27.929,3.68747,3.68747,3.49476,3.49476,0.0,23.5,1776.11,,31.918,OCP_DSG,DISCHARGE,0.0,0,,SYNTHETIC,0
doe-007,0,825,2026-09-03T09:13:45Z,2026-09-03T09:13:46Z,2026-09-03T09:13:45Z,2026-09-03T09:13:46Z,site_b,SIM,synthetic_demo,B-WAN-1,UP,1000.0,92.2631,92.94,0.0,22.69,1.8216,0.109,0,UP,4.0,0.0,6,6,54,-65.8,36.282,13.148,0,1,0,32,0,59.0,0.0,0,0,,,,,,,,,,,,,,,,,,,,,0.0,0,,SYNTHETIC,0
doe-007,0,826,2026-09-03T09:13:46Z,2026-09-03T09:13:47Z,2026-09-03T09:13:46Z,2026-09-03T09:13:47Z,site_a,SIM,synthetic_demo,A-WAN-1,UP,1000.0,415.673,415.84,0.0,18.01,1.6411,0.082,0,UP,4.0,0.0,48,12,95,-65.0,36.457,13.494,0,3,0,7,0,469.0,0.0,0,0,MAINS_RECOVERY_HOLD,MAINS_RECOVERY_HOLD,1,1,46.95,92.0,47.937,47.7457,2.1328,3.68746,3.68746,3.67275,3.67275,0.0,23.5,142.565,3,31.935,,DISCHARGE,0.0,0,,SYNTHETIC,0
doe-007,0,826,2026-09-03T09:13:46Z,2026-09-03T09:13:47Z,2026-09-03T09:13:46Z,2026-09-03T09:13:47Z,site_b,SIM,synthetic_demo,B-WAN-1,UP,1000.0,91.7132,91.06,0.0,20.09,0.0043,0.085,0,UP,4.0,0.0,6,6,62,-68.2,41.294,14.411,0,2,0,32,0,75.0,0.0,0,0,,,,,,,,,,,,,,,,,,,,,0.0,0,,SYNTHETIC,0
doe-007,0,827,2026-09-03T09:13:47Z,2026-09-03T09:13:48Z,2026-09-03T09:13:47Z,2026-09-03T09:13:48Z,site_a,SIM,synthetic_demo,A-WAN-1,UP,1000.0,327.8791,328.23,0.0,17.2,1.7429,0.092,0,UP,4.0,0.0,48,12,128,-67.4,39.804,14.387,0,2,0,7,0,547.0,0.0,0,0,MAINS_RECOVERY_HOLD,MAINS_RECOVERY_HOLD,1,1,47.0,92.0,47.937,47.7487,2.099,3.68746,3.68746,3.67298,3.67298,0.0,23.7,140.314,3,31.975,,DISCHARGE,0.0,0,,SYNTHETIC,0
doe-007,0,827,2026-09-03T09:13:47Z,2026-09-03T09:13:48Z,2026-09-03T09:13:47Z,2026-09-03T09:13:48Z,site_b,SIM,synthetic_demo,B-WAN-1,UP,1000.0,91.1024,91.26,0.0,22.16,1.2711,0.079,0,UP,4.0,0.0,6,6,65,-67.3,39.324,14.476,0,1,0,32,0,90.0,0.0,0,0,,,,,,,,,,,,,,,,,,,,,0.0,0,,SYNTHETIC,0
doe-007,0,828,2026-09-03T09:13:48Z,2026-09-03T09:13:49Z,2026-09-03T09:13:48Z,2026-09-03T09:13:49Z,site_a,SIM,synthetic_demo,A-WAN-1,UP,1000.0,372.2335,372.34,0.0,19.9,3.9979,0.058,0,UP,4.0,0.0,48,12,88,-67.3,34.273,12.77,0,3,0,7,0,262.0,0.0,0,0,MAINS_RECOVERY_HOLD,MAINS_RECOVERY_HOLD,1,1,47.01,92.0,47.9369,47.7417,2.1759,3.68745,3.68745,3.67244,3.67244,0.0,23.6,145.433,3,31.882,,DISCHARGE,0.0,0,,SYNTHETIC,0
doe-007,0,828,2026-09-03T09:13:48Z,2026-09-03T09:13:49Z,2026-09-03T09:13:48Z,2026-09-03T09:13:49Z,site_b,SIM,synthetic_demo,B-WAN-1,UP,1000.0,104.9182,104.68,0.0,21.45,0.231,12.342,0,UP,4.0,0.0,6,6,63,-65.1,42.53,13.828,0,0,0,32,0,77.0,0.0,0,0,,,,,,,,,,,,,,,,,,,,,0.15,0,,SYNTHETIC,0
doe-007,0,829,2026-09-03T09:13:49Z,2026-09-03T09:13:50Z,2026-09-03T09:13:49Z,2026-09-03T09:13:50Z,site_a,SIM,synthetic_demo,A-WAN-1,UP,1000.0,304.0074,303.76,0.0,18.12,1.7518,0.106,0,UP,4.0,0.0,48,12,84,-66.9,35.692,12.409,0,6,0,7,0,284.0,0.0,0,0,MAINS_RECOVERY_HOLD,MAINS_RECOVERY_HOLD,1,1,47.04,92.0,47.9368,47.7442,2.1471,3.68745,3.68745,3.67263,3.67263,0.0,23.7,143.511,3,31.915,,DISCHARGE,0.0,0,,SYNTHETIC,0
doe-007,0,829,2026-09-03T09:13:49Z,2026-09-03T09:13:50Z,2026-09-03T09:13:49Z,2026-09-03T09:13:50Z,site_b,SIM,synthetic_demo,B-WAN-1,UP,1000.0,99.3135,99.74,0.0,23.11,1.8324,12.261,0,UP,4.0,0.0,6,6,64,-66.8,40.56,13.85,0,0,0,32,0,116.0,0.0,0,0,,,,,,,,,,,,,,,,,,,,,0.15,0,,SYNTHETIC,0
doe-007,0,830,2026-09-03T09:13:50Z,2026-09-03T09:13:51Z,2026-09-03T09:13:50Z,2026-09-03T09:13:51Z,site_a,SIM,synthetic_demo,A-WAN-1,UP,1000.0,340.6808,340.08,0.0,18.14,1.8084,0.088,0,UP,4.0,0.0,48,12,62,-65.7,31.989,11.016,0,2,0,7,0,375.0,0.0,0,0,MAINS_RECOVERY_HOLD,MAINS_RECOVERY_HOLD,1,1,47.02,92.0,47.9368,47.7486,2.0977,3.68744,3.68744,3.67297,3.67297,0.0,23.5,140.228,3,31.974,,DISCHARGE,0.0,0,,SYNTHETIC,0
doe-007,0,830,2026-09-03T09:13:50Z,2026-09-03T09:13:51Z,2026-09-03T09:13:50Z,2026-09-03T09:13:51Z,site_b,SIM,synthetic_demo,B-WAN-1,UP,1000.0,84.7538,85.99,0.0,22.91,2.1273,12.252,0,UP,4.0,0.0,6,6,49,-66.5,38.106,12.684,1,1,0,32,0,72.0,0.0,0,0,,,,,,,,,,,,,,,,,,,,,0.15,0,,SYNTHETIC,0
doe-007,0,831,2026-09-03T09:13:51Z,2026-09-03T09:13:52Z,2026-09-03T09:13:51Z,2026-09-03T09:13:52Z,site_a,SIM,synthetic_demo,A-WAN-1,UP,1000.0,331.6295,332.21,0.0,15.89,0.1233,0.116,0,UP,4.0,0.0,48,12,81,-64.9,35.324,11.947,0,2,0,7,0,278.0,0.0,0,0,MAINS_RECOVERY_HOLD,MAINS_RECOVERY_HOLD,1,1,46.95,92.0,47.9367,47.7483,2.1001,3.68744,3.68744,3.67295,3.67295,0.0,23.6,140.388,3,31.97,,DISCHARGE,0.0,0,,SYNTHETIC,0
doe-007,0,831,2026-09-03T09:13:51Z,2026-09-03T09:13:52Z,2026-09-03T09:13:51Z,2026-09-03T09:13:52Z,site_b,SIM,synthetic_demo,B-WAN-1,UP,1000.0,106.871,107.42,0.0,22.74,1.4007,12.341,0,UP,4.0,0.0,6,6,67,-64.8,40.877,13.274,0,0,0,32,0,82.0,0.0,0,0,,,,,,,,,,,,,,,,,,,,,0.15,0,,SYNTHETIC,0
doe-007,0,832,2026-09-03T09:13:52Z,2026-09-03T09:13:53Z,2026-09-03T09:13:52Z,2026-09-03T09:13:53Z,site_a,SIM,synthetic_demo,A-WAN-1,UP,1000.0,449.6769,449.04,0.0,17.77,2.5412,0.111,0,UP,4.0,0.0,48,12,151,-68.4,41.475,15.624,0,4,0,7,0,481.0,0.0,0,0,MAINS_RECOVERY_HOLD,MAINS_RECOVERY_HOLD,1,1,47.06,92.0,47.9366,47.7436,2.1513,3.68743,3.68743,3.67259,3.67259,0.0,23.6,143.794,3,31.908,,DISCHARGE,0.0,0,,SYNTHETIC,0
doe-007,0,832,2026-09-03T09:13:52Z,2026-09-03T09:13:53Z,2026-09-03T09:13:52Z,2026-09-03T09:13:53Z,site_b,SIM,synthetic_demo,B-WAN-1,UP,1000.0,123.5515,123.92,0.0,21.16,0.3442,12.375,0,UP,4.0,0.0,6,6,37,-71.8,33.929,13.803,0,0,0,32,0,86.0,0.0,0,0,,,,,,,,,,,,,,,,,,,,,0.15,0,,SYNTHETIC,0
doe-007,0,833,2026-09-03T09:13:53Z,2026-09-03T09:13:54Z,2026-09-03T09:13:53Z,2026-09-03T09:13:54Z,site_a,SIM,synthetic_demo,A-WAN-1,UP,1000.0,402.8932,404.9,0.0,19.74,3.5002,0.101,0,UP,4.0,0.0,48,12,70,-66.5,34.762,11.083,0,2,0,7,0,531.0,0.0,0,0,MAINS_RECOVERY_HOLD,MAINS_RECOVERY_HOLD,1,1,47.06,92.0,47.9366,47.7491,2.0901,3.68743,3.68743,3.67301,3.67301,0.0,23.6,139.722,3,31.98,,DISCHARGE,0.0,0,,SYNTHETIC,0
doe-007,0,833,2026-09-03T09:13:53Z,2026-09-03T09:13:54Z,2026-09-03T09:13:53Z,2026-09-03T09:13:54Z,site_b,SIM,synthetic_demo,B-WAN-1,UP,1000.0,106.2316,106.33,0.0,21.93,0.8219,12.329,0,UP,4.0,0.0,6,6,71,-67.4,42.948,14.814,0,0,0,32,0,67.0,0.0,0,0,,,,,,,,,,,,,,,,,,,,,0.15,0,,SYNTHETIC,0
doe-007,0,834,2026-09-03T09:13:54Z,2026-09-03T09:13:55Z,2026-09-03T09:13:54Z,2026-09-03T09:13:55Z,site_a,SIM,synthetic_demo,A-WAN-1,UP,1000.0,648.2628,647.94,0.0,16.91,0.7575,0.048,0,UP,4.0,0.0,48,12,65,-66.4,33.293,10.944,0,6,0,7,0,584.0,0.0,0,0,MAINS_RECOVERY_HOLD,MAINS_RECOVERY_HOLD,1,1,47.01,92.0,47.9365,47.7449,2.1355,3.68742,3.68742,3.67269,3.67269,0.0,23.5,142.741,3,31.925,,DISCHARGE,0.0,0,,SYNTHETIC,0
doe-007,0,834,2026-09-03T09:13:54Z,2026-09-03T09:13:55Z,2026-09-03T09:13:54Z,2026-09-03T09:13:55Z,site_b,SIM,synthetic_demo,B-WAN-1,UP,1000.0,111.5829,111.89,0.0,22.04,1.4646,12.338,0,UP,4.0,0.0,6,6,110,-65.8,52.747,17.576,1,0,0,32,0,49.0,0.0,0,0,,,,,,,,,,,,,,,,,,,,,0.15,0,,SYNTHETIC,0
doe-007,0,835,2026-09-03T09:13:55Z,2026-09-03T09:13:56Z,2026-09-03T09:13:55Z,2026-09-03T09:13:56Z,site_a,SIM,synthetic_demo,A-WAN-1,UP,1000.0,443.0452,441.94,0.0,19.81,3.3065,0.081,0,UP,4.0,0.0,48,12,76,-69.3,35.059,13.309,0,4,0,7,0,600.0,0.0,0,0,MAINS_RECOVERY_HOLD,MAINS_RECOVERY_HOLD,1,1,46.92,92.0,47.9364,47.7455,2.1285,3.68742,3.68742,3.67273,3.67273,0.0,23.4,142.274,3,31.932,,DISCHARGE,0.0,0,,SYNTHETIC,0
doe-007,0,835,2026-09-03T09:13:55Z,2026-09-03T09:13:56Z,2026-09-03T09:13:55Z,2026-09-03T09:13:56Z,site_b,SIM,synthetic_demo,B-WAN-1,UP,1000.0,172.9096,173.58,0.0,20.76,0.0124,12.486,0,UP,4.0,0.0,6,6,45,-67.6,34.365,12.411,0,0,0,32,0,67.0,0.0,0,0,,,,,,,,,,,,,,,,,,,,,0.15,0,,SYNTHETIC,0
doe-007,0,836,2026-09-03T09:13:56Z,2026-09-03T09:13:57Z,2026-09-03T09:13:56Z,2026-09-03T09:13:57Z,site_a,SIM,synthetic_demo,A-WAN-1,UP,1000.0,401.8097,403.36,0.0,17.44,1.2309,0.108,0,UP,4.0,0.0,48,12,73,-65.9,34.63,12.002,0,2,0,7,0,528.0,0.0,0,0,MAINS_RECOVERY_HOLD,MAINS_RECOVERY_HOLD,1,1,46.99,92.0,47.9363,47.7486,2.0926,3.68741,3.68741,3.67297,3.67297,0.0,23.7,139.882,3,31.975,,DISCHARGE,0.0,0,,SYNTHETIC,0
doe-007,0,836,2026-09-03T09:13:56Z,2026-09-03T09:13:57Z,2026-09-03T09:13:56Z,2026-09-03T09:13:57Z,site_b,SIM,synthetic_demo,B-WAN-1,UP,1000.0,120.0728,120.29,0.0,24.19,4.0067,12.354,0,UP,4.0,0.0,6,6,66,-68.5,39.715,14.589,0,0,0,32,0,102.0,0.0,0,0,,,,,,,,,,,,,,,,,,,,,0.15,0,,SYNTHETIC,0
doe-007,0,837,2026-09-03T09:13:57Z,2026-09-03T09:13:58Z,2026-09-03T09:13:57Z,2026-09-03T09:13:58Z,site_a,SIM,synthetic_demo,A-WAN-1,UP,1000.0,599.1328,598.81,0.0,17.4,1.1358,0.078,0,UP,4.0,0.0,48,12,68,-67.5,33.34,11.912,0,2,0,7,0,560.0,0.0,0,0,MAINS_RECOVERY_HOLD,MAINS_RECOVERY_HOLD,1,1,46.93,92.0,47.9363,47.7344,2.2511,3.68741,3.68741,3.67187,3.67187,0.0,23.5,150.434,3,31.785,,DISCHARGE,0.0,0,,SYNTHETIC,0
doe-007,0,837,2026-09-03T09:13:57Z,2026-09-03T09:13:58Z,2026-09-03T09:13:57Z,2026-09-03T09:13:58Z,site_b,SIM,synthetic_demo,B-WAN-1,UP,1000.0,99.3935,99.33,0.0,24.18,2.7896,12.31,0,UP,4.0,0.0,6,6,109,-65.3,52.794,16.972,0,0,0,32,0,85.0,0.0,0,0,,,,,,,,,,,,,,,,,,,,,0.15,0,,SYNTHETIC,0
doe-007,0,838,2026-09-03T09:13:58Z,2026-09-03T09:13:59Z,2026-09-03T09:13:58Z,2026-09-03T09:13:59Z,site_a,SIM,synthetic_demo,A-WAN-1,UP,1000.0,407.6831,408.3,0.0,15.97,0.1218,0.065,0,UP,4.0,0.0,48,12,54,-66.9,30.879,11.155,1,2,0,7,0,471.0,0.0,0,0,MAINS_RECOVERY_HOLD,MAINS_RECOVERY_HOLD,1,1,46.97,92.0,47.9362,47.7445,2.1375,3.6874,3.6874,3.67265,3.67265,0.0,23.7,142.87,3,31.919,,DISCHARGE,0.0,0,,SYNTHETIC,0
doe-007,0,838,2026-09-03T09:13:58Z,2026-09-03T09:13:59Z,2026-09-03T09:13:58Z,2026-09-03T09:13:59Z,site_b,SIM,synthetic_demo,B-WAN-1,UP,1000.0,100.1682,99.86,0.0,24.52,3.3082,12.324,0,UP,4.0,0.0,6,6,36,-67.7,35.376,11.795,0,0,0,32,0,67.0,0.0,0,0,,,,,,,,,,,,,,,,,,,,,0.15,0,,SYNTHETIC,0
doe-007,0,839,2026-09-03T09:13:59Z,2026-09-03T09:14:00Z,2026-09-03T09:13:59Z,2026-09-03T09:14:00Z,site_a,SIM,synthetic_demo,A-WAN-1,UP,1000.0,345.018,345.1,0.0,16.65,0.4348,0.052,0,UP,4.0,0.0,48,12,41,-68.9,30.038,11.005,0,3,0,7,0,389.0,0.0,0,0,MAINS_RECOVERY_HOLD,MAINS_RECOVERY_HOLD,1,1,46.93,92.0,47.9361,47.7458,2.1225,3.6874,3.6874,3.67275,3.67275,0.0,23.5,141.875,3,31.936,,DISCHARGE,0.0,0,,SYNTHETIC,0
doe-007,0,839,2026-09-03T09:13:59Z,2026-09-03T09:14:00Z,2026-09-03T09:13:59Z,2026-09-03T09:14:00Z,site_b,SIM,synthetic_demo,B-WAN-1,UP,1000.0,96.948,97.54,0.0,21.23,0.6548,12.296,0,UP,4.0,0.0,6,6,38,-67.9,33.609,13.085,0,2,0,32,0,78.0,0.0,0,0,,,,,,,,,,,,,,,,,,,,,0.15,0,,SYNTHETIC,0
doe-007,0,840,2026-09-03T09:14:00Z,2026-09-03T09:14:01Z,2026-09-03T09:14:00Z,2026-09-03T09:14:01Z,site_a,SIM,synthetic_demo,A-WAN-1,UP,1000.0,398.1896,396.99,0.0,17.93,2.442,0.076,0,UP,4.0,0.0,48,48,191,-68.1,31.392,11.068,1,2,0,7,0,629.0,0.0,0,0,MAINS_RECOVERY_HOLD,CHARGE_DELAY,1,2,47.0,92.0,47.9361,47.9361,0.0,3.6874,3.6874,3.6874,3.6874,0.0,23.5,1782.828,,31.775,,STANDBY,0.0,0,,SYNTHETIC,0
doe-007,0,840,2026-09-03T09:14:00Z,2026-09-03T09:14:01Z,2026-09-03T09:14:00Z,2026-09-03T09:14:01Z,site_b,SIM,synthetic_demo,B-WAN-1,UP,1000.0,142.4735,142.72,0.0,21.65,1.0014,0.08,0,UP,4.0,0.0,6,6,57,-66.9,40.462,13.846,0,1,0,32,0,108.0,0.0,0,0,,,,,,,,,,,,,,,,,,,,,0.0,0,,SYNTHETIC,0
doe-007,0,841,2026-09-03T09:14:01Z,2026-09-03T09:14:02Z,2026-09-03T09:14:01Z,2026-09-03T09:14:02Z,site_a,SIM,synthetic_demo,A-WAN-1,UP,1000.0,524.6138,525.15,0.0,17.16,1.1946,0.078,0,UP,4.0,0.0,48,48,423,-66.6,37.993,12.997,2,0,0,7,0,312.0,0.0,0,0,CHARGE_DELAY,CHARGE_DELAY,1,2,46.99,92.0,47.9361,47.9361,0.0,3.68739,3.68739,3.68739,3.68739,0.0,23.5,144.297,,392.588,,STANDBY,0.0,0,,SYNTHETIC,0
doe-007,0,841,2026-09-03T09:14:01Z,2026-09-03T09:14:02Z,2026-09-03T09:14:01Z,2026-09-03T09:14:02Z,site_b,SIM,synthetic_demo,B-WAN-1,UP,1000.0,93.6706,92.84,0.0,21.51,0.7156,0.103,0,UP,4.0,0.0,6,6,22,-66.4,30.873,11.077,0,0,0,32,0,69.0,0.0,0,0,,,,,,,,,,,,,,,,,,,,,0.0,0,,SYNTHETIC,0
doe-007,0,842,2026-09-03T09:14:02Z,2026-09-03T09:14:03Z,2026-09-03T09:14:02Z,2026-09-03T09:14:03Z,site_a,SIM,synthetic_demo,A-WAN-1,UP,1000.0,411.4154,412.19,0.0,16.67,0.8428,0.09,0,UP,4.0,0.0,48,48,273,-65.7,33.364,11.737,0,2,0,7,0,457.0,0.0,0,0,CHARGE_DELAY,CHARGE_DELAY,1,2,46.95,92.0,47.9361,47.9361,0.0,3.68739,3.68739,3.68739,3.68739,0.0,23.7,1773.325,,31.945,,STANDBY,0.0,0,,SYNTHETIC,0
doe-007,0,842,2026-09-03T09:14:02Z,2026-09-03T09:14:03Z,2026-09-03T09:14:02Z,2026-09-03T09:14:03Z,site_b,SIM,synthetic_demo,B-WAN-1,UP,1000.0,86.836,88.16,0.0,21.19,0.5417,0.071,0,UP,4.0,0.0,6,6,52,-66.9,38.174,13.526,0,1,0,32,0,42.0,0.0,0,0,,,,,,,,,,,,,,,,,,,,,0.0,0,,SYNTHETIC,0
doe-007,0,843,2026-09-03T09:14:03Z,2026-09-03T09:14:04Z,2026-09-03T09:14:03Z,2026-09-03T09:14:04Z,site_a,SIM,synthetic_demo,A-WAN-1,UP,1000.0,426.696,426.38,0.0,16.5,0.3584,0.086,0,UP,4.0,0.0,48,48,238,-66.8,32.585,11.596,2,2,0,7,0,571.0,0.0,0,0,CHARGE_DELAY,CHARGE_DELAY,1,2,46.99,92.0,47.9361,47.9361,0.0,3.68739,3.68739,3.68739,3.68739,0.0,23.5,1771.277,,31.982,,STANDBY,0.0,0,,SYNTHETIC,0
doe-007,0,843,2026-09-03T09:14:03Z,2026-09-03T09:14:04Z,2026-09-03T09:14:03Z,2026-09-03T09:14:04Z,site_b,SIM,synthetic_demo,B-WAN-1,UP,1000.0,105.9466,104.95,0.0,22.12,0.8615,0.084,0,UP,4.0,0.0,6,6,44,-66.4,35.585,12.48,0,0,0,32,0,92.0,0.0,0,0,,,,,,,,,,,,,,,,,,,,,0.0,0,,SYNTHETIC,0
doe-007,0,844,2026-09-03T09:14:04Z,2026-09-03T09:14:05Z,2026-09-03T09:14:04Z,2026-09-03T09:14:05Z,site_a,SIM,synthetic_demo,A-WAN-1,UP,1000.0,373.7195,373.55,0.0,16.6,0.0579,0.085,0,UP,4.0,0.0,48,48,368,-66.0,36.783,12.696,0,4,0,7,0,542.0,0.0,0,0,CHARGE_DELAY,CHARGE_DELAY,1,2,47.0,92.0,47.9361,47.9361,0.0,3.68739,3.68739,3.68739,3.68739,0.0,23.4,1780.685,,31.813,,STANDBY,0.0,0,,SYNTHETIC,0
doe-007,0,844,2026-09-03T09:14:04Z,2026-09-03T09:14:05Z,2026-09-03T09:14:04Z,2026-09-03T09:14:05Z,site_b,SIM,synthetic_demo,B-WAN-1,UP,1000.0,142.053,141.95,0.0,21.22,0.2793,0.074,0,UP,4.0,0.0,6,6,35,-66.0,34.967,11.925,0,0,0,32,0,56.0,0.0,0,0,,,,,,,,,,,,,,,,,,,,,0.0,0,,SYNTHETIC,0
doe-007,0,845,2026-09-03T09:14:05Z,2026-09-03T09:14:06Z,2026-09-03T09:14:05Z,2026-09-03T09:14:06Z,site_a,SIM,synthetic_demo,A-WAN-1,UP,1000.0,425.1573,425.09,0.0,18.1,2.5416,0.098,0,UP,4.0,0.0,48,48,483,-66.5,39.526,13.31,2,4,0,7,0,591.0,0.0,0,0,CHARGE_DELAY,CHARGE_DELAY,1,2,46.91,92.0,47.9361,47.9361,0.0,3.68739,3.68739,3.68739,3.68739,0.0,23.4,1775.467,,31.907,,STANDBY,0.0,0,,SYNTHETIC,0
doe-007,0,845,2026-09-03T09:14:05Z,2026-09-03T09:14:06Z,2026-09-03T09:14:05Z,2026-09-03T09:14:06Z,site_b,SIM,synthetic_demo,B-WAN-1,UP,1000.0,104.5068,104.1,0.0,22.52,1.0386,0.09,0,UP,4.0,0.0,6,6,79,-67.7,44.54,15.015,0,0,0,32,0,74.0,0.0,0,0,,,,,,,,,,,,,,,,,,,,,0.0,0,,SYNTHETIC,0
doe-007,0,846,2026-09-03T09:14:06Z,2026-09-03T09:14:07Z,2026-09-03T09:14:06Z,2026-09-03T09:14:07Z,site_a,SIM,synthetic_demo,A-WAN-1,UP,1000.0,362.9717,363.84,0.0,17.83,1.8987,0.088,0,UP,4.0,0.0,48,48,598,-66.6,42.837,15.071,0,2,0,7,0,369.0,0.0,0,0,CHARGE_DELAY,CHARGE_DELAY,1,2,46.98,92.0,47.9361,47.9361,0.0,3.68739,3.68739,3.68739,3.68739,0.0,23.6,1775.63,,31.904,,STANDBY,0.0,0,,SYNTHETIC,0
doe-007,0,846,2026-09-03T09:14:06Z,2026-09-03T09:14:07Z,2026-09-03T09:14:06Z,2026-09-03T09:14:07Z,site_b,SIM,synthetic_demo,B-WAN-1,UP,1000.0,98.2792,99.46,0.0,22.24,1.4277,0.073,0,UP,4.0,0.0,6,6,44,-66.4,36.671,12.417,0,1,0,32,0,72.0,0.0,0,0,,,,,,,,,,,,,,,,,,,,,0.0,0,,SYNTHETIC,0
doe-007,0,847,2026-09-03T09:14:07Z,2026-09-03T09:14:08Z,2026-09-03T09:14:07Z,2026-09-03T09:14:08Z,site_a,SIM,synthetic_demo,A-WAN-1,UP,1000.0,500.3545,500.34,0.0,19.63,3.7064,0.092,0,UP,4.0,0.0,48,48,207,-66.4,31.377,11.134,1,4,0,7,0,557.0,0.0,0,0,CHARGE_DELAY,CHARGE_DELAY,1,2,47.04,92.0,47.9361,47.9361,0.0,3.68739,3.68739,3.68739,3.68739,0.0,23.6,1776.268,,31.892,,STANDBY,0.0,0,,SYNTHETIC,0
doe-007,0,847,2026-09-03T09:14:07Z,2026-09-03T09:14:08Z,2026-09-03T09:14:07Z,2026-09-03T09:14:08Z,site_b,SIM,synthetic_demo,B-WAN-1,UP,1000.0,94.3539,95.02,0.0,21.41,0.1664,0.086,0,UP,4.0,0.0,6,6,43,-68.2,34.655,13.426,0,0,0,32,0,87.0,0.0,0,0,,,,,,,,,,,,,,,,,,,,,0.0,0,,SYNTHETIC,0
doe-007,0,848,2026-09-03T09:14:08Z,2026-09-03T09:14:09Z,2026-09-03T09:14:08Z,2026-09-03T09:14:09Z,site_a,SIM,synthetic_demo,A-WAN-1,UP,1000.0,446.3596,447.47,0.0,18.18,1.7287,0.06,0,UP,4.0,0.0,48,48,170,-67.3,30.142,11.012,1,1,0,7,0,538.0,0.0,0,0,CHARGE_DELAY,CHARGE_DELAY,1,2,46.99,92.0,47.9361,47.9361,0.0,3.68739,3.68739,3.68739,3.68739,0.0,23.6,1778.648,,31.85,,STANDBY,0.0,0,,SYNTHETIC,0
doe-007,0,848,2026-09-03T09:14:08Z,2026-09-03T09:14:09Z,2026-09-03T09:14:08Z,2026-09-03T09:14:09Z,site_b,SIM,synthetic_demo,B-WAN-1,UP,1000.0,89.8089,89.88,0.0,22.28,1.5926,0.121,0,UP,4.0,0.0,6,6,39,-66.8,34.095,11.679,0,0,0,32,0,84.0,0.0,0,0,,,,,,,,,,,,,,,,,,,,,0.0,0,,SYNTHETIC,0
doe-007,0,849,2026-09-03T09:14:09Z,2026-09-03T09:14:10Z,2026-09-03T09:14:09Z,2026-09-03T09:14:10Z,site_a,SIM,synthetic_demo,A-WAN-1,UP,1000.0,395.5561,395.9,0.0,18.39,2.0138,0.084,0,UP,4.0,0.0,48,48,290,-67.5,34.153,11.684,0,9,0,7,0,528.0,0.0,0,0,CHARGE_DELAY,CHARGE_DELAY,1,2,47.08,92.0,47.9361,47.9361,0.0,3.68739,3.68739,3.68739,3.68739,0.0,23.5,1773.787,,31.937,,STANDBY,0.0,0,,SYNTHETIC,0
doe-007,0,849,2026-09-03T09:14:09Z,2026-09-03T09:14:10Z,2026-09-03T09:14:09Z,2026-09-03T09:14:10Z,site_b,SIM,synthetic_demo,B-WAN-1,UP,1000.0,112.363,111.51,0.0,22.63,1.1537,0.075,0,UP,4.0,0.0,6,6,45,-66.3,38.928,12.43,0,0,0,32,0,91.0,0.0,0,0,,,,,,,,,,,,,,,,,,,,,0.0,0,,SYNTHETIC,0
doe-007,0,850,2026-09-03T09:14:10Z,2026-09-03T09:14:11Z,2026-09-03T09:14:10Z,2026-09-03T09:14:11Z,site_a,SIM,synthetic_demo,A-WAN-1,UP,1000.0,434.0837,434.02,0.0,17.0,1.7659,0.107,0,UP,4.0,0.0,48,48,331,-66.1,35.145,12.277,1,2,0,7,0,588.0,0.0,0,0,CHARGE_DELAY,CHARGE_DELAY,1,2,46.9,92.0,47.9361,47.9361,0.0,3.68739,3.68739,3.68739,3.68739,0.0,23.5,1774.656,,31.921,,STANDBY,0.0,0,,SYNTHETIC,0
doe-007,0,850,2026-09-03T09:14:10Z,2026-09-03T09:14:11Z,2026-09-03T09:14:10Z,2026-09-03T09:14:11Z,site_b,SIM,synthetic_demo,B-WAN-1,UP,1000.0,98.527,98.01,0.0,22.92,2.0438,0.106,0,UP,4.0,0.0,6,6,39,-65.1,35.241,12.155,0,2,0,32,0,109.0,0.0,0,0,,,,,,,,,,,,,,,,,,,,,0.0,0,,SYNTHETIC,0
doe-007,0,851,2026-09-03T09:14:11Z,2026-09-03T09:14:12Z,2026-09-03T09:14:11Z,2026-09-03T09:14:12Z,site_a,SIM,synthetic_demo,A-WAN-1,UP,1000.0,566.4631,566.87,0.0,18.77,2.9403,0.071,0,UP,4.0,0.0,48,48,279,-67.3,33.13,12.336,1,1,0,7,0,625.0,0.0,0,0,CHARGE_DELAY,CHARGE_DELAY,1,2,47.01,92.0,47.9361,47.9361,0.0,3.68739,3.68739,3.68739,3.68739,0.0,23.5,1777.933,,31.862,,STANDBY,0.0,0,,SYNTHETIC,0
doe-007,0,851,2026-09-03T09:14:11Z,2026-09-03T09:14:12Z,2026-09-03T09:14:11Z,2026-09-03T09:14:12Z,site_b,SIM,synthetic_demo,B-WAN-1,UP,1000.0,119.0127,119.18,0.0,22.45,1.5967,0.105,0,UP,4.0,0.0,6,6,42,-69.1,34.608,11.999,0,0,0,32,0,125.0,0.0,0,0,,,,,,,,,,,,,,,,,,,,,0.0,0,,SYNTHETIC,0
doe-007,0,852,2026-09-03T09:14:12Z,2026-09-03T09:14:13Z,2026-09-03T09:14:12Z,2026-09-03T09:14:13Z,site_a,SIM,synthetic_demo,A-WAN-1,UP,1000.0,402.4111,401.86,0.0,17.76,1.69,0.073,0,UP,4.0,0.0,48,48,259,-66.3,33.391,11.292,0,3,0,7,0,538.0,0.0,0,0,CHARGE_DELAY,CHARGE_DELAY,1,2,46.99,92.0,47.9361,47.9361,0.0,3.68739,3.68739,3.68739,3.68739,0.0,23.6,1771.152,,31.984,,STANDBY,0.0,0,,SYNTHETIC,0
doe-007,0,852,2026-09-03T09:14:12Z,2026-09-03T09:14:13Z,2026-09-03T09:14:12Z,2026-09-03T09:14:13Z,site_b,SIM,synthetic_demo,B-WAN-1,UP,1000.0,95.4502,94.2,0.0,20.64,0.5117,0.092,0,UP,4.0,0.0,6,6,28,-65.8,34.357,10.862,0,0,0,32,0,71.0,0.0,0,0,,,,,,,,,,,,,,,,,,,,,0.0,0,,SYNTHETIC,0
doe-007,0,853,2026-09-03T09:14:13Z,2026-09-03T09:14:14Z,2026-09-03T09:14:13Z,2026-09-03T09:14:14Z,site_a,SIM,synthetic_demo,A-WAN-1,UP,1000.0,361.5887,361.52,0.0,17.88,1.8346,0.063,0,UP,4.0,0.0,48,48,156,-65.8,29.834,10.394,0,4,0,7,0,669.0,0.0,0,0,CHARGE_DELAY,CHARGE_DELAY,1,2,46.99,92.0,47.9361,47.9361,0.0,3.68739,3.68739,3.68739,3.68739,0.0,23.6,1774.62,,31.922,,STANDBY,0.0,0,,SYNTHETIC,0
doe-007,0,853,2026-09-03T09:14:13Z,2026-09-03T09:14:14Z,2026-09-03T09:14:13Z,2026-09-03T09:14:14Z,site_b,SIM,synthetic_demo,B-WAN-1,UP,1000.0,100.7882,100.88,0.0,21.6,0.6613,0.11,0,UP,4.0,0.0,6,6,35,-66.9,32.716,11.976,0,0,0,32,0,119.0,0.0,0,0,,,,,,,,,,,,,,,,,,,,,0.0,0,,SYNTHETIC,0
doe-007,0,854,2026-09-03T09:14:14Z,2026-09-03T09:14:15Z,2026-09-03T09:14:14Z,2026-09-03T09:14:15Z,site_a,SIM,synthetic_demo,A-WAN-1,UP,1000.0,334.079,335.04,0.0,19.1,3.1362,0.093,0,UP,4.0,0.0,48,48,93,-66.9,28.111,10.092,0,2,0,7,0,379.0,0.0,0,0,CHARGE_DELAY,CHARGE_DELAY,1,2,46.85,92.0,47.9361,47.9361,0.0,3.68739,3.68739,3.68739,3.68739,0.0,23.5,1774.86,,31.918,,STANDBY,0.0,0,,SYNTHETIC,0
doe-007,0,854,2026-09-03T09:14:14Z,2026-09-03T09:14:15Z,2026-09-03T09:14:14Z,2026-09-03T09:14:15Z,site_b,SIM,synthetic_demo,B-WAN-1,UP,1000.0,129.0611,128.77,0.0,24.09,2.4587,0.141,0,UP,4.0,0.0,6,6,74,-68.0,43.754,15.57,0,1,0,32,0,143.0,0.0,0,0,,,,,,,,,,,,,,,,,,,,,0.0,0,,SYNTHETIC,0
doe-007,0,855,2026-09-03T09:14:15Z,2026-09-03T09:14:16Z,2026-09-03T09:14:15Z,2026-09-03T09:14:16Z,site_a,SIM,synthetic_demo,A-WAN-1,UP,1000.0,338.3457,338.31,0.0,16.38,0.7422,0.053,0,UP,4.0,0.0,48,48,265,-67.1,33.403,11.851,0,2,0,7,0,376.0,0.0,0,0,CHARGE_DELAY,CHARGE_DELAY,1,2,46.99,92.0,47.9361,47.9361,0.0,3.68739,3.68739,3.68739,3.68739,0.0,23.7,1777.354,,31.873,,STANDBY,0.0,0,,SYNTHETIC,0
doe-007,0,855,2026-09-03T09:14:15Z,2026-09-03T09:14:16Z,2026-09-03T09:14:15Z,2026-09-03T09:14:16Z,site_b,SIM,synthetic_demo,B-WAN-1,UP,1000.0,110.8222,111.31,0.0,21.68,1.528,0.122,0,UP,4.0,0.0,6,6,16,-65.0,29.29,10.198,0,0,0,32,0,104.0,0.0,0,0,,,,,,,,,,,,,,,,,,,,,0.0,0,,SYNTHETIC,0
doe-007,0,856,2026-09-03T09:14:16Z,2026-09-03T09:14:17Z,2026-09-03T09:14:16Z,2026-09-03T09:14:17Z,site_a,SIM,synthetic_demo,A-WAN-1,UP,1000.0,355.927,356.45,0.0,18.87,2.5779,0.109,0,UP,4.0,0.0,48,48,256,-67.6,33.443,11.537,0,4,0,7,0,433.0,0.0,0,0,CHARGE_DELAY,CHARGE_DELAY,1,2,46.86,92.0,47.9361,47.9361,0.0,3.68739,3.68739,3.68739,3.68739,0.0,23.7,1774.475,,31.924,,STANDBY,0.0,0,,SYNTHETIC,0
doe-007,0,856,2026-09-03T09:14:16Z,2026-09-03T09:14:17Z,2026-09-03T09:14:16Z,2026-09-03T09:14:17Z,site_b,SIM,synthetic_demo,B-WAN-1,UP,1000.0,153.179,153.58,0.0,20.99,0.1016,0.09,0,UP,4.0,0.0,6,6,109,-68.7,48.47,17.96,0,1,0,32,0,68.0,0.0,0,0,,,,,,,,,,,,,,,,,,,,,0.0,0,,SYNTHETIC,0
doe-007,0,857,2026-09-03T09:14:17Z,2026-09-03T09:14:18Z,2026-09-03T09:14:17Z,2026-09-03T09:14:18Z,site_a,SIM,synthetic_demo,A-WAN-1,UP,1000.0,330.1279,329.41,0.0,19.2,2.0006,0.078,0,UP,4.0,0.0,48,48,414,-66.1,37.268,13.098,0,6,0,7,0,610.0,0.0,0,0,CHARGE_DELAY,CHARGE_DELAY,1,2,47.05,92.0,47.9361,47.9361,0.0,3.68739,3.68739,3.68739,3.68739,0.0,23.6,1773.038,,31.95,,STANDBY,0.0,0,,SYNTHETIC,0
doe-007,0,857,2026-09-03T09:14:17Z,2026-09-03T09:14:18Z,2026-09-03T09:14:17Z,2026-09-03T09:14:18Z,site_b,SIM,synthetic_demo,B-WAN-1,UP,1000.0,105.7056,106.58,0.0,23.13,2.7113,0.116,0,UP,4.0,0.0,6,6,57,-65.4,38.194,13.302,0,2,0,32,0,64.0,0.0,0,0,,,,,,,,,,,,,,,,,,,,,0.0,0,,SYNTHETIC,0
doe-007,0,858,2026-09-03T09:14:18Z,2026-09-03T09:14:19Z,2026-09-03T09:14:18Z,2026-09-03T09:14:19Z,site_a,SIM,synthetic_demo,A-WAN-1,UP,1000.0,329.5501,328.67,0.0,17.26,1.3173,0.066,0,UP,4.0,0.0,48,48,152,-66.6,29.604,10.633,1,2,0,7,0,517.0,0.0,0,0,CHARGE_DELAY,CHARGE_DELAY,1,2,47.02,92.0,47.9361,47.9361,0.0,3.68739,3.68739,3.68739,3.68739,0.0,23.6,1774.611,,31.922,,STANDBY,0.0,0,,SYNTHETIC,0
doe-007,0,858,2026-09-03T09:14:18Z,2026-09-03T09:14:19Z,2026-09-03T09:14:18Z,2026-09-03T09:14:19Z,site_b,SIM,synthetic_demo,B-WAN-1,UP,1000.0,103.2084,103.63,0.0,23.01,1.7759,0.118,0,UP,4.0,0.0,6,6,29,-66.2,31.786,11.512,0,0,0,32,0,78.0,0.0,0,0,,,,,,,,,,,,,,,,,,,,,0.0,0,,SYNTHETIC,0
doe-007,0,859,2026-09-03T09:14:19Z,2026-09-03T09:14:20Z,2026-09-03T09:14:19Z,2026-09-03T09:14:20Z,site_a,SIM,synthetic_demo,A-WAN-1,UP,1000.0,381.5802,381.4,0.0,17.09,0.8229,0.062,0,UP,4.0,0.0,48,48,271,-66.3,32.939,11.969,0,2,0,7,0,575.0,0.0,0,0,CHARGE_DELAY,CHARGE_DELAY,1,2,47.02,92.0,47.9361,47.9361,0.0,3.68739,3.68739,3.68739,3.68739,0.0,23.8,1779.032,,31.843,,STANDBY,0.0,0,,SYNTHETIC,0
doe-007,0,859,2026-09-03T09:14:19Z,2026-09-03T09:14:20Z,2026-09-03T09:14:19Z,2026-09-03T09:14:20Z,site_b,SIM,synthetic_demo,B-WAN-1,UP,1000.0,103.4059,102.91,0.0,22.16,0.8145,0.094,0,UP,4.0,0.0,6,6,35,-66.2,32.951,11.837,0,0,0,32,0,78.0,0.0,0,0,,,,,,,,,,,,,,,,,,,,,0.0,0,,SYNTHETIC,0
doe-007,0,860,2026-09-03T09:14:20Z,2026-09-03T09:14:21Z,2026-09-03T09:14:20Z,2026-09-03T09:14:21Z,site_a,SIM,synthetic_demo,A-WAN-1,UP,1000.0,437.0772,436.95,0.0,16.51,0.292,0.09,0,UP,4.0,0.0,48,48,159,-67.3,30.624,10.834,1,1,0,7,0,537.0,0.0,0,0,CHARGE_DELAY,CHARGE_DELAY,1,2,47.0,92.0,47.9361,47.9361,0.0,3.68739,3.68739,3.68739,3.68739,0.0,23.5,1774.131,,31.931,,STANDBY,0.0,0,,SYNTHETIC,0
doe-007,0,860,2026-09-03T09:14:20Z,2026-09-03T09:14:21Z,2026-09-03T09:14:20Z,2026-09-03T09:14:21Z,site_b,SIM,synthetic_demo,B-WAN-1,UP,1000.0,174.0807,173.58,0.0,23.59,2.3822,0.117,0,UP,4.0,0.0,6,6,48,-64.2,35.293,12.343,0,1,0,32,0,89.0,0.0,0,0,,,,,,,,,,,,,,,,,,,,,0.0,0,,SYNTHETIC,0
doe-007,0,861,2026-09-03T09:14:21Z,2026-09-03T09:14:22Z,2026-09-03T09:14:21Z,2026-09-03T09:14:22Z,site_a,SIM,synthetic_demo,A-WAN-1,UP,1000.0,322.3294,322.19,0.0,15.96,0.6177,0.108,0,UP,4.0,0.0,48,48,424,-67.6,36.818,13.528,0,7,0,7,0,419.0,0.0,0,0,CHARGE_DELAY,CHARGE_DELAY,1,2,47.08,92.0,47.9361,47.9361,0.0,3.68739,3.68739,3.68739,3.68739,0.0,23.8,1774.762,,31.919,,STANDBY,0.0,0,,SYNTHETIC,0
doe-007,0,861,2026-09-03T09:14:21Z,2026-09-03T09:14:22Z,2026-09-03T09:14:21Z,2026-09-03T09:14:22Z,site_b,SIM,synthetic_demo,B-WAN-1,UP,1000.0,115.7492,115.87,0.0,21.7,0.1675,0.077,0,UP,4.0,0.0,6,6,61,-67.1,38.783,13.369,0,0,0,32,0,144.0,0.0,0,0,,,,,,,,,,,,,,,,,,,,,0.0,0,,SYNTHETIC,0
doe-007,0,862,2026-09-03T09:14:22Z,2026-09-03T09:14:23Z,2026-09-03T09:14:22Z,2026-09-03T09:14:23Z,site_a,SIM,synthetic_demo,A-WAN-1,UP,1000.0,363.4674,363.38,0.0,16.5,0.2904,0.079,0,UP,4.0,0.0,48,48,264,-66.8,33.287,11.54,0,4,0,7,0,604.0,0.0,0,0,CHARGE_DELAY,CHARGE_DELAY,1,2,47.04,92.0,47.9361,47.9361,0.0,3.68739,3.68739,3.68739,3.68739,0.0,23.7,1775.361,,31.908,,STANDBY,0.0,0,,SYNTHETIC,0
doe-007,0,862,2026-09-03T09:14:22Z,2026-09-03T09:14:23Z,2026-09-03T09:14:22Z,2026-09-03T09:14:23Z,site_b,SIM,synthetic_demo,B-WAN-1,UP,1000.0,111.7537,112.16,0.0,25.53,4.6065,0.094,0,UP,4.0,0.0,6,6,72,-69.5,43.096,15.749,0,1,0,32,0,75.0,0.0,0,0,,,,,,,,,,,,,,,,,,,,,0.0,0,,SYNTHETIC,0
doe-007,0,863,2026-09-03T09:14:23Z,2026-09-03T09:14:24Z,2026-09-03T09:14:23Z,2026-09-03T09:14:24Z,site_a,SIM,synthetic_demo,A-WAN-1,UP,1000.0,327.8156,327.96,0.0,15.68,0.0331,0.086,0,UP,4.0,0.0,48,48,160,-68.7,29.578,10.872,1,2,0,7,0,455.0,0.0,0,0,CHARGE_DELAY,CHARGE_DELAY,1,2,46.94,92.0,47.9361,47.9361,0.0,3.68739,3.68739,3.68739,3.68739,0.0,23.7,1772.034,,31.968,,STANDBY,0.0,0,,SYNTHETIC,0
doe-007,0,863,2026-09-03T09:14:23Z,2026-09-03T09:14:24Z,2026-09-03T09:14:23Z,2026-09-03T09:14:24Z,site_b,SIM,synthetic_demo,B-WAN-1,UP,1000.0,110.8137,110.65,0.0,21.65,0.7499,0.112,0,UP,4.0,0.0,6,6,33,-67.3,35.367,11.651,0,0,0,32,0,88.0,0.0,0,0,,,,,,,,,,,,,,,,,,,,,0.0,0,,SYNTHETIC,0
doe-007,0,864,2026-09-03T09:14:24Z,2026-09-03T09:14:25Z,2026-09-03T09:14:24Z,2026-09-03T09:14:25Z,site_a,SIM,synthetic_demo,A-WAN-1,UP,1000.0,460.0693,460.55,0.0,17.53,0.8515,0.065,0,UP,4.0,0.0,48,48,472,-67.9,39.149,13.841,3,1,0,7,0,428.0,0.0,0,0,CHARGE_DELAY,CHARGE_DELAY,1,2,47.02,92.0,47.9361,47.9361,0.0,3.68739,3.68739,3.68739,3.68739,0.0,23.7,1774.76,,31.919,,STANDBY,0.0,0,,SYNTHETIC,0
doe-007,0,864,2026-09-03T09:14:24Z,2026-09-03T09:14:25Z,2026-09-03T09:14:24Z,2026-09-03T09:14:25Z,site_b,SIM,synthetic_demo,B-WAN-1,UP,1000.0,110.9989,110.13,0.0,20.7,0.4645,0.131,0,UP,4.0,0.0,6,6,48,-64.2,37.537,12.946,0,1,0,32,0,141.0,0.0,0,0,,,,,,,,,,,,,,,,,,,,,0.0,0,,SYNTHETIC,0
doe-007,0,865,2026-09-03T09:14:25Z,2026-09-03T09:14:26Z,2026-09-03T09:14:25Z,2026-09-03T09:14:26Z,site_a,SIM,synthetic_demo,A-WAN-1,UP,1000.0,392.5063,392.25,0.0,16.74,1.2733,0.087,0,UP,4.0,0.0,48,48,321,-67.4,34.942,12.145,0,5,0,7,0,485.0,0.0,0,0,CHARGE_DELAY,CHARGE_DELAY,1,2,46.93,92.0,47.9361,47.9361,0.0,3.68739,3.68739,3.68739,3.68739,0.0,23.6,1776.444,,31.889,,STANDBY,0.0,0,,SYNTHETIC,0
doe-007,0,865,2026-09-03T09:14:25Z,2026-09-03T09:14:26Z,2026-09-03T09:14:25Z,2026-09-03T09:14:26Z,site_b,SIM,synthetic_demo,B-WAN-1,UP,1000.0,102.5235,102.1,0.0,24.26,3.1831,0.114,0,UP,4.0,0.0,6,6,119,-67.6,50.956,18.386,0,0,0,32,0,79.0,0.0,0,0,,,,,,,,,,,,,,,,,,,,,0.0,0,,SYNTHETIC,0
doe-007,0,866,2026-09-03T09:14:26Z,2026-09-03T09:14:27Z,2026-09-03T09:14:26Z,2026-09-03T09:14:27Z,site_a,SIM,synthetic_demo,A-WAN-1,UP,1000.0,409.0835,409.19,0.0,17.74,0.9056,0.076,0,UP,4.0,0.0,48,48,274,-66.9,33.267,11.808,1,1,0,7,0,632.0,0.0,0,0,CHARGE_DELAY,CHARGE_DELAY,1,2,47.03,92.0,47.9361,47.9361,0.0,3.68739,3.68739,3.68739,3.68739,0.0,23.6,1777.041,,31.878,,STANDBY,0.0,0,,SYNTHETIC,0
doe-007,0,866,2026-09-03T09:14:26Z,2026-09-03T09:14:27Z,2026-09-03T09:14:26Z,2026-09-03T09:14:27Z,site_b,SIM,synthetic_demo,B-WAN-1,UP,1000.0,162.6695,163.15,0.0,23.22,2.5281,0.105,0,UP,4.0,0.0,6,6,42,-64.1,34.844,11.188,0,0,0,32,0,133.0,0.0,0,0,,,,,,,,,,,,,,,,,,,,,0.0,0,,SYNTHETIC,0
doe-007,0,867,2026-09-03T09:14:27Z,2026-09-03T09:14:28Z,2026-09-03T09:14:27Z,2026-09-03T09:14:28Z,site_a,SIM,synthetic_demo,A-WAN-1,UP,1000.0,422.3232,422.62,0.0,17.96,1.8455,0.093,0,UP,4.0,0.0,48,48,182,-65.9,30.764,10.724,2,3,0,7,0,565.0,0.0,0,0,CHARGE_DELAY,CHARGE_DELAY,1,2,46.98,92.0,47.9361,47.9361,0.0,3.68739,3.68739,3.68739,3.68739,0.0,23.6,1773.445,,31.943,,STANDBY,0.0,0,,SYNTHETIC,0
doe-007,0,867,2026-09-03T09:14:27Z,2026-09-03T09:14:28Z,2026-09-03T09:14:27Z,2026-09-03T09:14:28Z,site_b,SIM,synthetic_demo,B-WAN-1,UP,1000.0,96.4034,95.77,0.0,22.17,0.5085,0.095,0,UP,4.0,0.0,6,6,88,-69.5,45.833,16.894,0,0,0,32,0,119.0,0.0,0,0,,,,,,,,,,,,,,,,,,,,,0.0,0,,SYNTHETIC,0
doe-007,0,868,2026-09-03T09:14:28Z,2026-09-03T09:14:29Z,2026-09-03T09:14:28Z,2026-09-03T09:14:29Z,site_a,SIM,synthetic_demo,A-WAN-1,UP,1000.0,358.8436,359.61,0.0,19.66,2.5714,0.078,0,UP,4.0,0.0,48,48,316,-66.8,35.26,12.037,0,0,0,7,0,657.0,0.0,0,0,CHARGE_DELAY,CHARGE_DELAY,1,2,47.02,92.0,47.9361,47.9361,0.0,3.68739,3.68739,3.68739,3.68739,0.0,23.5,1773.099,,31.949,,STANDBY,0.0,0,,SYNTHETIC,0
doe-007,0,868,2026-09-03T09:14:28Z,2026-09-03T09:14:29Z,2026-09-03T09:14:28Z,2026-09-03T09:14:29Z,site_b,SIM,synthetic_demo,B-WAN-1,UP,1000.0,114.854,114.96,0.0,21.29,0.6695,0.062,0,UP,4.0,0.0,6,6,31,-66.8,33.182,10.531,0,1,0,32,0,82.0,0.0,0,0,,,,,,,,,,,,,,,,,,,,,0.0,0,,SYNTHETIC,0
doe-007,0,869,2026-09-03T09:14:29Z,2026-09-03T09:14:30Z,2026-09-03T09:14:29Z,2026-09-03T09:14:30Z,site_a,SIM,synthetic_demo,A-WAN-1,UP,1000.0,346.2829,346.87,0.0,16.88,0.8924,0.03,0,UP,4.0,0.0,48,48,207,-66.5,31.853,11.045,1,3,0,7,0,590.0,0.0,0,0,CHARGE_DELAY,CHARGE_DELAY,1,2,47.1,92.0,47.9361,47.9361,0.0,3.68739,3.68739,3.68739,3.68739,0.0,23.5,1775.092,,31.913,,STANDBY,0.0,0,,SYNTHETIC,0
doe-007,0,869,2026-09-03T09:14:29Z,2026-09-03T09:14:30Z,2026-09-03T09:14:29Z,2026-09-03T09:14:30Z,site_b,SIM,synthetic_demo,B-WAN-1,UP,1000.0,105.6818,105.81,0.0,25.08,3.9955,0.079,0,UP,4.0,0.0,6,6,62,-65.9,41.164,13.036,0,0,0,32,0,69.0,0.0,0,0,,,,,,,,,,,,,,,,,,,,,0.0,0,,SYNTHETIC,0
doe-007,0,870,2026-09-03T09:14:30Z,2026-09-03T09:14:31Z,2026-09-03T09:14:30Z,2026-09-03T09:14:31Z,site_a,SIM,synthetic_demo,A-WAN-1,UP,1000.0,420.0828,419.84,0.0,20.78,4.021,0.063,0,UP,4.0,0.0,48,48,260,-67.6,33.742,11.517,1,5,0,7,0,464.0,0.0,0,0,CHARGE_DELAY,MAINS,1,2,47.08,92.0,47.9362,48.295,-4.0,3.6874,3.6874,3.715,3.715,0.0,23.6,1772.939,,31.952,,CHARGE,0.0,0,,SYNTHETIC,0
doe-007,0,870,2026-09-03T09:14:30Z,2026-09-03T09:14:31Z,2026-09-03T09:14:30Z,2026-09-03T09:14:31Z,site_b,SIM,synthetic_demo,B-WAN-1,UP,1000.0,105.9753,105.98,0.0,21.75,1.1152,0.113,0,UP,4.0,0.0,6,6,66,-66.2,39.304,13.743,0,0,0,32,0,65.0,0.0,0,0,,,,,,,,,,,,,,,,,,,,,0.0,0,,SYNTHETIC,0
doe-007,0,871,2026-09-03T09:14:31Z,2026-09-03T09:14:32Z,2026-09-03T09:14:31Z,2026-09-03T09:14:32Z,site_a,SIM,synthetic_demo,A-WAN-1,UP,1000.0,350.2073,349.29,0.0,16.68,0.1735,0.087,0,UP,4.0,0.0,48,48,202,-65.7,30.943,10.975,1,4,0,7,0,458.0,0.0,0,0,MAINS,MAINS,1,2,47.02,92.0,47.9363,48.2951,-4.0,3.68741,3.68741,3.71501,3.71501,0.0,23.6,1773.239,,31.948,,CHARGE,0.0,0,,SYNTHETIC,0
doe-007,0,871,2026-09-03T09:14:31Z,2026-09-03T09:14:32Z,2026-09-03T09:14:31Z,2026-09-03T09:14:32Z,site_b,SIM,synthetic_demo,B-WAN-1,UP,1000.0,102.735,103.22,0.0,21.2,0.5217,0.117,0,UP,4.0,0.0,6,6,59,-66.9,38.286,13.31,0,0,0,32,0,49.0,0.0,0,0,,,,,,,,,,,,,,,,,,,,,0.0,0,,SYNTHETIC,0
doe-007,0,872,2026-09-03T09:14:32Z,2026-09-03T09:14:33Z,2026-09-03T09:14:32Z,2026-09-03T09:14:33Z,site_a,SIM,synthetic_demo,A-WAN-1,UP,1000.0,376.8503,375.9,0.0,19.04,2.4794,0.047,0,UP,4.0,0.0,48,48,150,-67.1,30.171,10.669,0,3,0,7,0,473.0,0.0,0,0,MAINS,MAINS,1,2,47.05,92.0,47.9364,48.2952,-4.0,3.68742,3.68742,3.71502,3.71502,0.0,23.6,1772.991,,31.954,,CHARGE,0.0,0,,SYNTHETIC,0
doe-007,0,872,2026-09-03T09:14:32Z,2026-09-03T09:14:33Z,2026-09-03T09:14:32Z,2026-09-03T09:14:33Z,site_b,SIM,synthetic_demo,B-WAN-1,UP,1000.0,125.9612,125.72,0.0,23.24,2.2894,0.121,0,UP,4.0,0.0,6,6,48,-66.2,38.486,13.13,1,1,0,32,0,66.0,0.0,0,0,,,,,,,,,,,,,,,,,,,,,0.0,0,,SYNTHETIC,0
doe-007,0,873,2026-09-03T09:14:33Z,2026-09-03T09:14:34Z,2026-09-03T09:14:33Z,2026-09-03T09:14:34Z,site_a,SIM,synthetic_demo,A-WAN-1,UP,1000.0,310.0812,310.11,0.0,16.32,0.4239,0.093,0,UP,4.0,0.0,48,48,288,-66.6,33.298,12.118,0,6,0,7,0,412.0,0.0,0,0,MAINS,MAINS,1,2,46.98,92.0,47.9366,48.2954,-4.0,3.68743,3.68743,3.71503,3.71503,0.0,23.6,1774.128,,31.936,,CHARGE,0.0,0,,SYNTHETIC,0
doe-007,0,873,2026-09-03T09:14:33Z,2026-09-03T09:14:34Z,2026-09-03T09:14:33Z,2026-09-03T09:14:34Z,site_b,SIM,synthetic_demo,B-WAN-1,UP,1000.0,110.5207,110.59,0.0,23.36,1.8257,0.122,0,UP,4.0,0.0,6,6,52,-64.9,36.923,12.575,0,0,0,32,0,98.0,0.0,0,0,,,,,,,,,,,,,,,,,,,,,0.0,0,,SYNTHETIC,0
doe-007,0,874,2026-09-03T09:14:34Z,2026-09-03T09:14:35Z,2026-09-03T09:14:34Z,2026-09-03T09:14:35Z,site_a,SIM,synthetic_demo,A-WAN-1,UP,1000.0,318.2043,317.8,0.0,16.44,0.3854,0.111,0,UP,4.0,0.0,48,48,248,-67.5,32.633,11.724,1,6,0,7,0,515.0,0.0,0,0,MAINS,MAINS,1,2,46.99,92.0,47.9367,48.2955,-4.0,3.68744,3.68744,3.71504,3.71504,0.0,23.6,1774.286,,31.934,,CHARGE,0.0,0,,SYNTHETIC,0
doe-007,0,874,2026-09-03T09:14:34Z,2026-09-03T09:14:35Z,2026-09-03T09:14:34Z,2026-09-03T09:14:35Z,site_b,SIM,synthetic_demo,B-WAN-1,UP,1000.0,95.7047,95.91,0.0,23.94,3.0493,0.116,0,UP,4.0,0.0,6,6,44,-64.2,35.502,11.94,0,0,0,32,0,58.0,0.0,0,0,,,,,,,,,,,,,,,,,,,,,0.0,0,,SYNTHETIC,0
doe-007,0,875,2026-09-03T09:14:35Z,2026-09-03T09:14:36Z,2026-09-03T09:14:35Z,2026-09-03T09:14:36Z,site_a,SIM,synthetic_demo,A-WAN-1,UP,1000.0,348.434,348.86,0.0,16.46,0.4302,0.089,0,UP,4.0,0.0,48,48,467,-66.9,39.448,13.848,2,4,0,7,0,491.0,0.0,0,0,MAINS,MAINS,1,2,47.06,92.0,47.9368,48.2956,-4.0,3.68745,3.68745,3.71505,3.71505,0.0,23.5,1775.834,,31.908,,CHARGE,0.0,0,,SYNTHETIC,0
doe-007,0,875,2026-09-03T09:14:35Z,2026-09-03T09:14:36Z,2026-09-03T09:14:35Z,2026-09-03T09:14:36Z,site_b,SIM,synthetic_demo,B-WAN-1,UP,1000.0,113.6191,114.11,0.0,21.71,0.5616,0.145,0,UP,4.0,0.0,6,6,49,-65.9,35.614,12.725,0,1,0,32,0,81.0,0.0,0,0,,,,,,,,,,,,,,,,,,,,,0.0,0,,SYNTHETIC,0
doe-007,0,876,2026-09-03T09:14:36Z,2026-09-03T09:14:37Z,2026-09-03T09:14:36Z,2026-09-03T09:14:37Z,site_a,SIM,synthetic_demo,A-WAN-1,UP,1000.0,374.7378,374.42,0.0,16.51,0.2975,0.088,0,UP,4.0,0.0,48,48,270,-67.4,32.919,11.739,2,4,0,7,0,500.0,0.0,0,0,MAINS,MAINS,1,2,47.08,92.0,47.937,48.2958,-4.0,3.68746,3.68746,3.71506,3.71506,0.0,23.5,1773.359,,31.954,,CHARGE,0.0,0,,SYNTHETIC,0
doe-007,0,876,2026-09-03T09:14:36Z,2026-09-03T09:14:37Z,2026-09-03T09:14:36Z,2026-09-03T09:14:37Z,site_b,SIM,synthetic_demo,B-WAN-1,UP,1000.0,104.8056,105.83,0.0,23.35,1.4171,0.134,0,UP,4.0,0.0,6,6,38,-67.6,35.602,11.769,0,1,0,32,0,45.0,0.0,0,0,,,,,,,,,,,,,,,,,,,,,0.0,0,,SYNTHETIC,0
doe-007,0,877,2026-09-03T09:14:37Z,2026-09-03T09:14:38Z,2026-09-03T09:14:37Z,2026-09-03T09:14:38Z,site_a,SIM,synthetic_demo,A-WAN-1,UP,1000.0,359.9457,360.76,0.0,18.79,2.7344,0.102,0,UP,4.0,0.0,48,48,218,-67.2,31.411,11.241,0,2,0,7,0,668.0,0.0,0,0,MAINS,MAINS,1,2,46.98,92.0,47.9371,48.2959,-4.0,3.68747,3.68747,3.71507,3.71507,0.0,23.5,1775.355,,31.92,,CHARGE,0.0,0,,SYNTHETIC,0
doe-007,0,877,2026-09-03T09:14:37Z,2026-09-03T09:14:38Z,2026-09-03T09:14:37Z,2026-09-03T09:14:38Z,site_b,SIM,synthetic_demo,B-WAN-1,UP,1000.0,124.4591,124.55,0.0,20.8,0.5242,0.086,0,UP,4.0,0.0,6,6,75,-65.4,44.873,14.436,0,0,0,32,0,66.0,0.0,0,0,,,,,,,,,,,,,,,,,,,,,0.0,0,,SYNTHETIC,0
doe-007,0,878,2026-09-03T09:14:38Z,2026-09-03T09:14:39Z,2026-09-03T09:14:38Z,2026-09-03T09:14:39Z,site_a,SIM,synthetic_demo,A-WAN-1,UP,1000.0,317.1879,316.93,0.0,16.33,0.3122,0.097,0,UP,4.0,0.0,48,48,285,-67.1,34.323,11.691,0,5,0,7,0,594.0,0.0,0,0,MAINS,MAINS,1,2,47.07,92.0,47.9372,48.296,-4.0,3.68748,3.68748,3.71508,3.71508,0.0,23.8,1778.244,,31.87,,CHARGE,0.0,0,,SYNTHETIC,0
doe-007,0,878,2026-09-03T09:14:38Z,2026-09-03T09:14:39Z,2026-09-03T09:14:38Z,2026-09-03T09:14:39Z,site_b,SIM,synthetic_demo,B-WAN-1,UP,1000.0,111.9311,112.55,0.0,21.8,0.8731,0.116,0,UP,4.0,0.0,6,6,87,-69.0,46.958,16.798,0,0,0,32,0,52.0,0.0,0,0,,,,,,,,,,,,,,,,,,,,,0.0,0,,SYNTHETIC,0
doe-007,0,879,2026-09-03T09:14:39Z,2026-09-03T09:14:40Z,2026-09-03T09:14:39Z,2026-09-03T09:14:40Z,site_a,SIM,synthetic_demo,A-WAN-1,UP,1000.0,358.8628,359.99,0.0,20.08,3.6781,0.085,0,UP,4.0,0.0,48,48,432,-66.8,37.806,13.492,0,5,0,7,0,499.0,0.0,0,0,MAINS,MAINS,1,2,47.02,92.0,47.9373,48.2961,-4.0,3.68749,3.68749,3.71509,3.71509,0.0,23.5,1774.72,,31.935,,CHARGE,0.0,0,,SYNTHETIC,0
doe-007,0,879,2026-09-03T09:14:39Z,2026-09-03T09:14:40Z,2026-09-03T09:14:39Z,2026-09-03T09:14:40Z,site_b,SIM,synthetic_demo,B-WAN-1,UP,1000.0,122.5813,122.11,0.0,21.59,0.3353,0.074,0,UP,4.0,0.0,6,6,85,-67.5,45.171,15.76,0,0,0,32,0,81.0,0.0,0,0,,,,,,,,,,,,,,,,,,,,,0.0,0,,SYNTHETIC,0
doe-007,0,880,2026-09-03T09:14:40Z,2026-09-03T09:14:41Z,2026-09-03T09:14:40Z,2026-09-03T09:14:41Z,site_a,SIM,synthetic_demo,A-WAN-1,UP,1000.0,351.5944,351.33,0.0,18.03,1.7118,0.098,0,UP,4.0,0.0,48,48,168,-66.5,30.213,10.784,0,3,0,7,0,515.0,0.0,0,0,MAINS,MAINS,1,2,47.1,92.0,47.9375,48.2963,-4.0,3.6875,3.6875,3.7151,3.7151,0.0,23.5,1772.33,,31.98,,CHARGE,0.0,0,,SYNTHETIC,0
doe-007,0,880,2026-09-03T09:14:40Z,2026-09-03T09:14:41Z,2026-09-03T09:14:40Z,2026-09-03T09:14:41Z,site_b,SIM,synthetic_demo,B-WAN-1,UP,1000.0,117.7882,117.9,0.0,22.12,1.183,0.079,0,UP,4.0,0.0,6,6,89,-66.3,45.266,15.275,0,0,0,32,0,121.0,0.0,0,0,,,,,,,,,,,,,,,,,,,,,0.0,0,,SYNTHETIC,0
doe-007,0,881,2026-09-03T09:14:41Z,2026-09-03T09:14:42Z,2026-09-03T09:14:41Z,2026-09-03T09:14:42Z,site_a,SIM,synthetic_demo,A-WAN-1,UP,1000.0,438.5048,438.32,0.0,18.04,2.1783,0.073,0,UP,4.0,0.0,48,48,217,-65.5,32.394,11.412,0,3,0,7,0,533.0,0.0,0,0,MAINS,MAINS,1,2,47.11,92.0,47.9376,48.2964,-4.0,3.68751,3.68751,3.71511,3.71511,0.0,23.6,1774.807,,31.937,,CHARGE,0.0,0,,SYNTHETIC,0
doe-007,0,881,2026-09-03T09:14:41Z,2026-09-03T09:14:42Z,2026-09-03T09:14:41Z,2026-09-03T09:14:42Z,site_b,SIM,synthetic_demo,B-WAN-1,UP,1000.0,106.2596,106.14,0.0,22.42,1.2993,0.114,0,UP,4.0,0.0,6,6,43,-67.7,35.468,13.546,1,0,0,32,0,90.0,0.0,0,0,,,,,,,,,,,,,,,,,,,,,0.0,0,,SYNTHETIC,0
doe-007,0,882,2026-09-03T09:14:42Z,2026-09-03T09:14:43Z,2026-09-03T09:14:42Z,2026-09-03T09:14:43Z,site_a,SIM,synthetic_demo,A-WAN-1,UP,1000.0,439.0136,439.17,0.0,18.27,1.7186,0.106,0,UP,4.0,0.0,48,48,297,-67.4,33.936,12.043,0,6,0,7,0,328.0,0.0,0,0,MAINS,MAINS,1,2,47.09,92.0,47.9377,48.2965,-4.0,3.68752,3.68752,3.71512,3.71512,0.0,23.6,1779.262,,31.858,,CHARGE,0.0,0,,SYNTHETIC,0
doe-007,0,882,2026-09-03T09:14:42Z,2026-09-03T09:14:43Z,2026-09-03T09:14:42Z,2026-09-03T09:14:43Z,site_b,SIM,synthetic_demo,B-WAN-1,UP,1000.0,113.9689,114.4,0.0,21.31,0.386,0.072,0,UP,4.0,0.0,6,6,19,-67.7,28.743,10.837,0,0,0,32,0,71.0,0.0,0,0,,,,,,,,,,,,,,,,,,,,,0.0,0,,SYNTHETIC,0
doe-007,0,883,2026-09-03T09:14:43Z,2026-09-03T09:14:44Z,2026-09-03T09:14:43Z,2026-09-03T09:14:44Z,site_a,SIM,synthetic_demo,A-WAN-1,UP,1000.0,333.8445,334.98,0.0,16.81,1.3417,0.102,0,UP,4.0,0.0,48,48,540,-66.1,41.234,14.559,0,6,0,7,0,497.0,0.0,0,0,MAINS,MAINS,1,2,47.07,92.0,47.9378,48.2966,-4.0,3.68753,3.68753,3.71513,3.71513,0.0,23.4,1776.41,,31.911,,CHARGE,0.0,0,,SYNTHETIC,0
doe-007,0,883,2026-09-03T09:14:43Z,2026-09-03T09:14:44Z,2026-09-03T09:14:43Z,2026-09-03T09:14:44Z,site_b,SIM,synthetic_demo,B-WAN-1,UP,1000.0,117.0851,117.74,0.0,21.98,0.5915,0.086,0,UP,4.0,0.0,6,6,72,-67.9,41.413,14.834,1,0,0,32,0,65.0,0.0,0,0,,,,,,,,,,,,,,,,,,,,,0.0,0,,SYNTHETIC,0
doe-007,0,884,2026-09-03T09:14:44Z,2026-09-03T09:14:45Z,2026-09-03T09:14:44Z,2026-09-03T09:14:45Z,site_a,SIM,synthetic_demo,A-WAN-1,UP,1000.0,433.0167,432.53,0.0,19.34,2.7794,0.102,0,UP,4.0,0.0,48,48,302,-67.0,34.814,12.292,5,3,0,7,0,473.0,0.0,0,0,MAINS,MAINS,1,2,46.98,92.0,47.938,48.2968,-4.0,3.68754,3.68754,3.71514,3.71514,0.0,23.5,1780.128,,31.846,,CHARGE,0.0,0,,SYNTHETIC,0
doe-007,0,884,2026-09-03T09:14:44Z,2026-09-03T09:14:45Z,2026-09-03T09:14:44Z,2026-09-03T09:14:45Z,site_b,SIM,synthetic_demo,B-WAN-1,UP,1000.0,123.2348,123.75,0.0,21.89,0.4904,0.119,0,UP,4.0,0.0,6,6,94,-68.8,49.132,17.378,0,0,0,32,0,108.0,0.0,0,0,,,,,,,,,,,,,,,,,,,,,0.0,0,,SYNTHETIC,0
doe-007,0,885,2026-09-03T09:14:45Z,2026-09-03T09:14:46Z,2026-09-03T09:14:45Z,2026-09-03T09:14:46Z,site_a,SIM,synthetic_demo,A-WAN-1,UP,1000.0,344.9531,344.5,0.0,17.33,1.6441,0.09,0,UP,4.0,0.0,48,48,247,-67.1,33.665,11.889,0,8,0,7,0,232.0,0.0,0,0,MAINS,MAINS,1,2,47.1,92.0,47.9381,48.2969,-4.0,3.68755,3.68755,3.71515,3.71515,0.0,23.6,1776.239,,31.917,,CHARGE,0.0,0,,SYNTHETIC,0
doe-007,0,885,2026-09-03T09:14:45Z,2026-09-03T09:14:46Z,2026-09-03T09:14:45Z,2026-09-03T09:14:46Z,site_b,SIM,synthetic_demo,B-WAN-1,UP,1000.0,134.996,134.52,0.0,22.53,2.2088,0.114,0,UP,4.0,0.0,6,6,26,-67.7,32.057,11.814,0,1,0,32,0,85.0,0.0,0,0,,,,,,,,,,,,,,,,,,,,,0.0,0,,SYNTHETIC,0
doe-007,0,886,2026-09-03T09:14:46Z,2026-09-03T09:14:47Z,2026-09-03T09:14:46Z,2026-09-03T09:14:47Z,site_a,SIM,synthetic_demo,A-WAN-1,UP,1000.0,323.5287,323.4,0.0,16.77,1.246,0.054,0,UP,4.0,0.0,48,48,290,-68.1,34.069,11.774,2,2,0,7,0,519.0,0.0,0,0,MAINS,MAINS,1,2,47.05,92.0,47.9382,48.297,-4.0,3.68756,3.68756,3.71516,3.71516,0.0,23.4,1776.683,,31.911,,CHARGE,0.0,0,,SYNTHETIC,0
doe-007,0,886,2026-09-03T09:14:46Z,2026-09-03T09:14:47Z,2026-09-03T09:14:46Z,2026-09-03T09:14:47Z,site_b,SIM,synthetic_demo,B-WAN-1,UP,1000.0,135.8827,135.98,0.0,21.66,0.101,0.134,0,UP,4.0,0.0,6,6,50,-64.6,38.416,12.171,0,1,0,32,0,68.0,0.0,0,0,,,,,,,,,,,,,,,,,,,,,0.0,0,,SYNTHETIC,0
doe-007,0,887,2026-09-03T09:14:47Z,2026-09-03T09:14:48Z,2026-09-03T09:14:47Z,2026-09-03T09:14:48Z,site_a,SIM,synthetic_demo,A-WAN-1,UP,1000.0,415.0687,414.64,0.0,18.32,2.1614,0.087,0,UP,4.0,0.0,48,48,400,-67.5,37.262,13.271,0,4,0,7,0,756.0,0.0,0,0,MAINS,MAINS,1,2,47.05,92.0,47.9383,48.2971,-4.0,3.68756,3.68756,3.71516,3.71516,0.0,23.5,1777.72,,31.894,,CHARGE,0.0,0,,SYNTHETIC,0
doe-007,0,887,2026-09-03T09:14:47Z,2026-09-03T09:14:48Z,2026-09-03T09:14:47Z,2026-09-03T09:14:48Z,site_b,SIM,synthetic_demo,B-WAN-1,UP,1000.0,129.5702,128.72,0.0,23.08,2.0796,0.112,0,UP,4.0,0.0,6,6,70,-68.8,41.977,15.237,0,0,0,32,0,70.0,0.0,0,0,,,,,,,,,,,,,,,,,,,,,0.0,0,,SYNTHETIC,0
doe-007,0,888,2026-09-03T09:14:48Z,2026-09-03T09:14:49Z,2026-09-03T09:14:48Z,2026-09-03T09:14:49Z,site_a,SIM,synthetic_demo,A-WAN-1,UP,1000.0,325.8821,324.95,0.0,15.76,0.1652,0.042,0,UP,4.0,0.0,48,48,354,,35.818,12.955,1,2,0,7,0,661.0,0.0,0,0,MAINS,MAINS,1,2,47.01,92.0,47.9385,48.2973,-4.0,3.68757,3.68757,3.71517,3.71517,0.0,23.6,1776.139,,31.924,,CHARGE,0.0,0,,SYNTHETIC|GAP|MISSING_MAR,0
doe-007,0,888,2026-09-03T09:14:48Z,2026-09-03T09:14:49Z,2026-09-03T09:14:48Z,2026-09-03T09:14:49Z,site_b,SIM,synthetic_demo,B-WAN-1,UP,1000.0,114.4598,116.34,0.0,24.79,3.6859,0.105,0,UP,4.0,0.0,6,6,88,-65.2,46.75,15.303,0,2,0,32,0,108.0,0.0,0,0,,,,,,,,,,,,,,,,,,,,,0.0,0,,SYNTHETIC,0
doe-007,0,889,2026-09-03T09:14:49Z,2026-09-03T09:14:50Z,2026-09-03T09:14:49Z,2026-09-03T09:14:50Z,site_a,SIM,synthetic_demo,A-WAN-1,UP,1000.0,362.4896,361.86,0.0,16.24,0.5926,0.079,0,UP,4.0,0.0,48,48,261,-66.4,32.812,11.541,1,2,0,7,0,501.0,0.0,0,0,MAINS,MAINS,1,2,47.14,92.0,47.9386,48.2974,-4.0,3.68758,3.68758,3.71518,3.71518,0.0,23.5,1776.187,,31.925,,CHARGE,0.0,0,,SYNTHETIC,0
doe-007,0,889,2026-09-03T09:14:49Z,2026-09-03T09:14:50Z,2026-09-03T09:14:49Z,2026-09-03T09:14:50Z,site_b,SIM,synthetic_demo,B-WAN-1,UP,1000.0,110.7238,110.82,0.0,21.23,0.6842,0.078,0,UP,4.0,0.0,6,6,32,-66.4,32.315,11.259,0,0,0,32,0,81.0,0.0,0,0,,,,,,,,,,,,,,,,,,,,,0.0,0,,SYNTHETIC,0
doe-007,0,890,2026-09-03T09:14:50Z,2026-09-03T09:14:51Z,2026-09-03T09:14:50Z,2026-09-03T09:14:51Z,site_a,SIM,synthetic_demo,A-WAN-1,UP,1000.0,446.0499,447.24,0.0,17.73,2.3617,0.075,0,UP,4.0,0.0,48,48,250,-67.3,33.867,11.771,1,4,0,7,0,830.0,0.0,0,0,MAINS,MAINS,1,2,47.02,92.0,47.9387,48.2975,-4.0,3.68759,3.68759,3.71519,3.71519,0.0,23.5,1773.494,,31.975,,CHARGE,0.0,0,,SYNTHETIC,0
doe-007,0,890,2026-09-03T09:14:50Z,2026-09-03T09:14:51Z,2026-09-03T09:14:50Z,2026-09-03T09:14:51Z,site_b,SIM,synthetic_demo,B-WAN-1,UP,1000.0,164.6277,164.5,0.0,22.46,0.5941,0.087,0,UP,4.0,0.0,6,6,86,-67.5,45.41,15.817,0,0,0,32,0,88.0,0.0,0,0,,,,,,,,,,,,,,,,,,,,,0.0,0,,SYNTHETIC,0
doe-007,0,891,2026-09-03T09:14:51Z,2026-09-03T09:14:52Z,2026-09-03T09:14:51Z,2026-09-03T09:14:52Z,site_a,SIM,synthetic_demo,A-WAN-1,UP,1000.0,353.3216,353.03,0.0,16.77,0.6763,0.082,0,UP,4.0,0.0,48,48,274,-67.1,32.583,11.905,0,2,0,7,0,329.0,0.0,0,0,MAINS,MAINS,1,2,47.03,92.0,47.9389,48.2977,-4.0,3.6876,3.6876,3.7152,3.7152,0.0,23.6,1772.18,,32.0,,CHARGE,0.0,0,,SYNTHETIC,0
doe-007,0,891,2026-09-03T09:14:51Z,2026-09-03T09:14:52Z,2026-09-03T09:14:51Z,2026-09-03T09:14:52Z,site_b,SIM,synthetic_demo,B-WAN-1,UP,1000.0,104.5202,104.26,0.0,24.7,3.6152,0.079,0,UP,4.0,0.0,6,6,73,-67.9,41.875,15.102,0,0,0,32,0,94.0,0.0,0,0,,,,,,,,,,,,,,,,,,,,,0.0,0,,SYNTHETIC,0
doe-007,0,892,2026-09-03T09:14:52Z,2026-09-03T09:14:53Z,2026-09-03T09:14:52Z,2026-09-03T09:14:53Z,site_a,SIM,synthetic_demo,A-WAN-1,UP,1000.0,382.0503,382.45,0.0,18.01,1.8173,0.077,0,UP,4.0,0.0,48,48,530,-67.1,41.047,14.216,3,6,0,7,0,439.0,0.0,0,0,MAINS,MAINS,1,2,47.03,92.0,47.939,48.2978,-4.0,3.68761,3.68761,3.71521,3.71521,0.0,23.5,1775.902,,31.935,,CHARGE,0.0,0,,SYNTHETIC,0
doe-007,0,892,2026-09-03T09:14:52Z,2026-09-03T09:14:53Z,2026-09-03T09:14:52Z,2026-09-03T09:14:53Z,site_b,SIM,synthetic_demo,B-WAN-1,UP,1000.0,114.1329,114.52,0.0,24.95,3.7823,0.118,0,UP,4.0,0.0,6,6,76,-63.9,44.303,13.957,0,1,0,32,0,57.0,0.0,0,0,,,,,,,,,,,,,,,,,,,,,0.0,0,,SYNTHETIC,0
doe-007,0,893,2026-09-03T09:14:53Z,2026-09-03T09:14:54Z,2026-09-03T09:14:53Z,2026-09-03T09:14:54Z,site_a,SIM,synthetic_demo,A-WAN-1,UP,1000.0,318.5201,317.63,0.0,17.24,1.3887,0.12,0,UP,4.0,0.0,48,48,70,-67.4,27.524,10.0,0,4,0,7,0,561.0,0.0,0,0,MAINS,MAINS,1,2,47.1,92.0,47.9391,48.2979,-4.0,3.68762,3.68762,3.71522,3.71522,0.0,23.7,1776.437,,31.927,,CHARGE,0.0,0,,SYNTHETIC,0
doe-007,0,893,2026-09-03T09:14:53Z,2026-09-03T09:14:54Z,2026-09-03T09:14:53Z,2026-09-03T09:14:54Z,site_b,SIM,synthetic_demo,B-WAN-1,UP,1000.0,97.2762,97.04,0.0,21.27,0.2231,0.084,0,UP,4.0,0.0,6,6,52,-65.1,35.832,13.001,1,0,0,32,0,104.0,0.0,0,0,,,,,,,,,,,,,,,,,,,,,0.0,0,,SYNTHETIC,0
doe-007,0,894,2026-09-03T09:14:54Z,2026-09-03T09:14:55Z,2026-09-03T09:14:54Z,2026-09-03T09:14:55Z,site_a,SIM,synthetic_demo,A-WAN-1,UP,1000.0,389.1873,388.88,0.0,16.7,0.8417,0.055,0,UP,4.0,0.0,48,48,379,-66.9,36.594,12.862,0,3,0,7,0,547.0,0.0,0,0,MAINS,MAINS,1,2,47.02,92.0,47.9392,48.298,-4.0,3.68763,3.68763,3.71523,3.71523,0.0,23.5,1774.669,,31.961,,CHARGE,0.0,0,,SYNTHETIC,0
doe-007,0,894,2026-09-03T09:14:54Z,2026-09-03T09:14:55Z,2026-09-03T09:14:54Z,2026-09-03T09:14:55Z,site_b,SIM,synthetic_demo,B-WAN-1,UP,1000.0,128.2021,127.55,0.0,22.62,2.3176,0.107,0,UP,4.0,0.0,6,6,35,-67.4,34.019,11.481,0,1,0,32,0,101.0,0.0,0,0,,,,,,,,,,,,,,,,,,,,,0.0,0,,SYNTHETIC,0
doe-007,0,895,2026-09-03T09:14:55Z,2026-09-03T09:14:56Z,2026-09-03T09:14:55Z,2026-09-03T09:14:56Z,site_a,SIM,synthetic_demo,A-WAN-1,UP,1000.0,741.4919,741.2,0.0,19.72,3.2185,0.109,0,UP,4.0,0.0,48,48,420,-65.8,38.413,13.041,3,4,0,31,0,564.0,0.0,0,0,MAINS,MAINS,1,2,47.11,92.0,47.9394,48.2982,-4.0,3.68764,3.68764,3.71524,3.71524,0.0,23.6,1775.739,,31.943,,CHARGE,0.0,0,,SYNTHETIC,0
doe-007,0,895,2026-09-03T09:14:55Z,2026-09-03T09:14:56Z,2026-09-03T09:14:55Z,2026-09-03T09:14:56Z,site_b,SIM,synthetic_demo,B-WAN-1,UP,1000.0,113.1083,113.34,0.0,22.09,1.1471,0.104,0,UP,4.0,0.0,6,6,62,-67.1,39.393,14.223,0,0,0,32,0,99.0,0.0,0,0,,,,,,,,,,,,,,,,,,,,,0.0,0,,SYNTHETIC,0
doe-007,0,896,2026-09-03T09:14:56Z,2026-09-03T09:14:57Z,2026-09-03T09:14:56Z,2026-09-03T09:14:57Z,site_a,SIM,synthetic_demo,A-WAN-1,UP,1000.0,731.3187,731.22,0.0,17.51,1.9411,0.104,0,UP,4.0,0.0,48,48,259,-66.8,33.08,11.708,1,3,0,31,0,484.0,0.0,0,0,MAINS,MAINS,1,2,47.03,92.0,47.9395,48.2983,-4.0,3.68765,3.68765,3.71525,3.71525,0.0,23.4,1085.982,,52.234,,CHARGE,0.0,0,,SYNTHETIC,0
doe-007,0,896,2026-09-03T09:14:56Z,2026-09-03T09:14:57Z,2026-09-03T09:14:56Z,2026-09-03T09:14:57Z,site_b,SIM,synthetic_demo,B-WAN-1,UP,1000.0,92.7658,92.08,0.0,23.79,2.354,0.098,0,UP,4.0,0.0,6,6,69,-65.2,41.577,14.408,0,0,0,32,0,77.0,0.0,0,0,,,,,,,,,,,,,,,,,,,,,0.0,0,,SYNTHETIC,0
doe-007,0,897,2026-09-03T09:14:57Z,2026-09-03T09:14:58Z,2026-09-03T09:14:57Z,2026-09-03T09:14:58Z,site_a,SIM,synthetic_demo,A-WAN-1,UP,1000.0,701.2467,701.36,0.0,15.64,0.255,0.089,0,UP,4.0,0.0,48,48,231,-66.2,31.756,11.133,0,3,0,31,0,442.0,0.0,0,0,MAINS,MAINS,1,2,47.02,92.0,47.9396,48.2984,-4.0,3.68766,3.68766,3.71526,3.71526,0.0,23.6,1081.437,,52.456,,CHARGE,0.0,0,,SYNTHETIC,0
doe-007,0,897,2026-09-03T09:14:57Z,2026-09-03T09:14:58Z,2026-09-03T09:14:57Z,2026-09-03T09:14:58Z,site_b,SIM,synthetic_demo,B-WAN-1,UP,1000.0,103.5461,103.35,0.0,22.63,1.68,0.106,0,UP,4.0,0.0,6,6,63,,41.953,15.25,1,0,0,32,0,53.0,0.0,0,0,,,,,,,,,,,,,,,,,,,,,0.0,0,,SYNTHETIC|GAP|MISSING_MCAR,0
doe-007,0,898,2026-09-03T09:14:58Z,2026-09-03T09:14:59Z,2026-09-03T09:14:58Z,2026-09-03T09:14:59Z,site_a,SIM,synthetic_demo,A-WAN-1,UP,1000.0,700.1633,699.59,0.0,17.75,1.3103,0.06,0,UP,4.0,0.0,48,48,285,-67.3,33.664,12.051,0,4,0,31,0,599.0,0.0,0,0,MAINS,MAINS,1,2,47.03,92.0,47.9397,48.2985,-4.0,3.68767,3.68767,3.71527,3.71527,0.0,23.6,1092.724,,51.917,,CHARGE,0.0,0,,SYNTHETIC,0
doe-007,0,898,2026-09-03T09:14:58Z,2026-09-03T09:14:59Z,2026-09-03T09:14:58Z,2026-09-03T09:14:59Z,site_b,SIM,synthetic_demo,B-WAN-1,UP,1000.0,107.0411,107.32,0.0,22.14,1.0668,0.113,0,UP,4.0,0.0,6,6,28,-67.9,32.358,11.989,0,1,0,32,0,77.0,0.0,0,0,,,,,,,,,,,,,,,,,,,,,0.0,0,,SYNTHETIC,0
doe-007,0,899,2026-09-03T09:14:59Z,2026-09-03T09:15:00Z,2026-09-03T09:14:59Z,2026-09-03T09:15:00Z,site_a,SIM,synthetic_demo,A-WAN-1,UP,1000.0,600.9057,600.56,0.0,18.93,3.0968,0.106,0,UP,4.0,0.0,48,48,261,-66.8,33.315,11.866,0,2,0,31,0,402.0,0.0,0,0,MAINS,MAINS,1,2,47.05,92.0,47.9399,48.2987,-4.0,3.68768,3.68768,3.71528,3.71528,0.0,23.6,1083.782,,52.348,,CHARGE,0.0,0,,SYNTHETIC,0
doe-007,0,899,2026-09-03T09:14:59Z,2026-09-03T09:15:00Z,2026-09-03T09:14:59Z,2026-09-03T09:15:00Z,site_b,SIM,synthetic_demo,B-WAN-1,UP,1000.0,111.9652,112.52,0.0,22.8,1.1449,0.072,0,UP,4.0,0.0,6,6,64,-66.0,39.264,14.068,0,0,0,32,0,61.0,0.0,0,0,,,,,,,,,,,,,,,,,,,,,0.0,0,,SYNTHETIC,0
