t,soc_true,soc_ref,soc_prior,soc_post,v_batt,i_batt,i_ref,p_gen_avail,p_gen,p_crit_term,p_aux_term,aux_sched,aux_cmd,relay,pred_min,valid,residual_w,service_ok
1.0,0.449996,0.446104,0.446109,0.446109,13.174539,0.614465,0.616452,40.0,40.0,17.875976,24.693897,1.0,1.0,1.0,,0.0,-2.242761,1.0
11.0,0.449919,0.446026,0.448364,0.448364,13.165824,1.030744,1.032761,40.0,40.0,17.438697,30.0,1.0,1.0,1.0,,10.0,0.344074,1.0
21.0,0.449841,0.445947,0.449957,0.449957,13.165083,1.041015,1.043019,40.0,40.0,17.55894,30.0,1.0,1.0,1.0,,20.0,0.343446,1.0
31.0,0.449765,0.445869,0.451212,0.451212,13.164654,1.037206,1.03924,40.0,40.0,17.51369,30.0,1.0,1.0,1.0,,30.0,0.351089,1.0
41.0,0.449688,0.44579,0.452131,0.452131,13.162089,1.1432,1.145145,40.0,40.0,18.758973,30.0,1.0,1.0,1.0,,40.0,0.353966,1.0
51.0,0.449611,0.445712,0.45283,0.45283,13.161883,1.129856,1.131896,40.0,40.0,18.601689,30.0,1.0,1.0,1.0,,50.0,0.347187,1.0
61.0,0.449535,0.445634,0.453421,0.453421,13.163587,1.020546,1.022503,40.0,40.0,17.316571,30.0,1.0,1.0,1.0,,60.0,0.35008,1.0
71.0,0.44946,0.445557,0.453922,0.453922,13.161945,1.083337,1.08534,40.0,40.0,18.05419,30.0,1.0,1.0,1.0,,70.0,0.344812,1.0
81.0,0.449384,0.445479,0.454325,0.454325,13.161121,1.10503,1.106957,40.0,40.0,18.308713,30.0,1.0,1.0,1.0,,80.0,0.345483,1.0
91.0,0.449308,0.445402,0.454652,0.454652,13.161495,1.066505,1.068332,40.0,40.0,17.855629,30.0,1.0,1.0,1.0,,90.0,0.351527,1.0
101.0,0.44923,0.445323,0.454912,0.454912,13.159853,1.131376,1.133329,40.0,40.0,18.617528,30.0,1.0,1.0,1.0,,100.0,0.353523,1.0
111.0,0.449155,0.445246,0.455168,0.455168,13.160739,1.068545,1.070451,40.0,40.0,17.878918,30.0,1.0,1.0,1.0,,110.0,0.347945,1.0
121.0,0.449078,0.445167,0.45539,0.45539,13.161032,1.036338,1.03816,40.0,40.0,17.500118,30.0,1.0,1.0,1.0,,120.0,0.337289,1.0
131.0,0.449001,0.445089,0.45555,0.45555,13.159797,1.082926,1.084986,40.0,40.0,18.047271,30.0,1.0,1.0,1.0,,130.0,0.34918,1.0
141.0,0.448925,0.445011,0.4557,0.4557,13.160101,1.051914,1.053921,40.0,40.0,17.682573,30.0,1.0,1.0,1.0,,140.0,0.35664,1.0
151.0,0.448848,0.444932,0.455806,0.455806,13.158307,1.128316,1.130173,40.0,40.0,18.579954,30.0,1.0,1.0,1.0,,150.0,0.354739,1.0
161.0,0.448772,0.444855,0.455914,0.455914,13.158308,1.11415,1.116218,40.0,40.0,18.413255,30.0,1.0,1.0,1.0,,160.0,0.351935,1.0
171.0,0.448695,0.444777,0.456011,0.456011,13.159326,1.048531,1.050536,40.0,40.0,17.642036,30.0,1.0,1.0,1.0,,170.0,0.347532,1.0
181.0,0.448619,0.444699,0.456078,0.456078,13.158863,1.059255,1.061251,40.0,40.0,17.767798,30.0,1.0,1.0,1.0,,180.0,0.343898,1.0
191.0,0.448542,0.44462,0.456139,0.456139,13.156815,1.151067,1.153181,40.0,40.0,18.84615,30.0,1.0,1.0,1.0,,190.0,0.351771,1.0
201.0,0.448465,0.444542,0.456185,0.456185,13.15791,1.083061,1.08507,40.0,40.0,18.047027,30.0,1.0,1.0,1.0,,200.0,0.342985,1.0
211.0,0.448388,0.444462,0.45624,0.45624,13.156924,1.121516,1.12359,40.0,40.0,18.498557,30.0,1.0,1.0,1.0,,210.0,0.356384,1.0
221.0,0.448311,0.444384,0.456282,0.456282,13.157708,1.070433,1.072382,40.0,40.0,17.898239,30.0,1.0,1.0,1.0,,220.0,0.349793,1.0
231.0,0.448233,0.444305,0.456291,0.456291,13.156918,1.099867,1.101973,40.0,40.0,18.243817,30.0,1.0,1.0,1.0,,230.0,0.343343,1.0
241.0,0.448156,0.444226,0.45631,0.45631,13.157476,1.061287,1.063432,40.0,40.0,17.7904,30.0,1.0,1.0,1.0,,240.0,0.344547,1.0
251.0,0.44808,0.444149,0.45631,0.45631,13.156443,1.104464,1.106354,40.0,40.0,18.297441,30.0,1.0,1.0,1.0,,250.0,0.343384,1.0
261.0,0.448005,0.444071,0.456331,0.456331,13.156952,1.069632,1.07153,40.0,40.0,17.888083,30.0,1.0,1.0,1.0,,260.0,0.343288,1.0
271.0,0.447928,0.443993,0.456335,0.456335,13.157018,1.057238,1.059299,40.0,40.0,17.742321,30.0,1.0,1.0,1.0,,270.0,0.352101,1.0
281.0,0.447852,0.443915,0.456345,0.456345,13.156234,1.088867,1.090718,40.0,40.0,18.113721,30.0,1.0,1.0,1.0,,280.0,0.348856,1.0
291.0,0.447776,0.443838,0.456326,0.456326,13.156667,1.058802,1.060898,40.0,40.0,17.760387,30.0,1.0,1.0,1.0,,290.0,0.350747,1.0
301.0,0.447699,0.443759,0.456318,0.456318,13.155215,1.124849,1.126912,40.0,40.0,18.536056,30.0,1.0,1.0,1.0,,300.0,0.344225,1.0
311.0,0.447623,0.443682,0.456299,0.456299,13.155674,1.094149,1.096179,40.0,40.0,18.175319,30.0,1.0,1.0,1.0,,310.0,0.34432,1.0
321.0,0.447546,0.443603,0.456271,0.456271,13.155335,1.104141,1.106271,40.0,40.0,18.292541,30.0,1.0,1.0,1.0,,320.0,0.345763,1.0
331.0,0.44747,0.443526,0.456247,0.456247,13.15573,1.077074,1.078985,40.0,40.0,17.974479,30.0,1.0,1.0,1.0,,330.0,0.353967,1.0
341.0,0.447393,0.443447,0.456215,0.456215,13.155635,1.074921,1.076971,40.0,40.0,17.949056,30.0,1.0,1.0,1.0,,340.0,0.348295,1.0
351.0,0.447317,0.443369,0.456191,0.456191,13.156729,1.012852,1.015006,40.0,40.0,17.219791,30.0,1.0,1.0,1.0,,350.0,0.364774,1.0
361.0,0.447239,0.44329,0.456156,0.456156,13.155056,1.091418,1.093438,40.0,40.0,18.14258,30.0,1.0,1.0,1.0,,359.0,0.352221,1.0
371.0,0.447162,0.443211,0.45613,0.45613,13.153745,1.152256,1.154344,40.0,40.0,18.856981,30.0,1.0,1.0,1.0,,369.0,0.341951,1.0
381.0,0.447085,0.443133,0.456095,0.456095,13.154236,1.121248,1.12332,40.0,40.0,18.4927,30.0,1.0,1.0,1.0,,379.0,0.341123,1.0
391.0,0.447008,0.443054,0.456055,0.456055,13.153717,1.142125,1.144002,40.0,40.0,18.737771,30.0,1.0,1.0,1.0,,389.0,0.348195,1.0
401.0,0.446932,0.442976,0.456011,0.456011,13.156144,1.012983,1.015027,40.0,40.0,17.220801,30.0,1.0,1.0,1.0,,399.0,0.350052,1.0
411.0,0.446855,0.442898,0.455975,0.455975,13.154516,1.090702,1.092711,40.0,40.0,18.133629,30.0,1.0,1.0,1.0,,409.0,0.345352,1.0
421.0,0.446778,0.442819,0.455942,0.455942,13.154605,1.08085,1.082785,40.0,40.0,18.017815,30.0,1.0,1.0,1.0,,419.0,0.349288,1.0
431.0,0.4467,0.44274,0.455904,0.455904,13.15422,1.095339,1.097384,40.0,40.0,18.187899,30.0,1.0,1.0,1.0,,429.0,0.351292,1.0
441.0,0.446624,0.442661,0.455852,0.455852,13.153219,1.14175,1.143712,40.0,40.0,18.732857,30.0,1.0,1.0,1.0,,439.0,0.351587,1.0
451.0,0.446546,0.442582,0.455804,0.455804,13.153682,1.113158,1.115097,40.0,40.0,18.396986,30.0,1.0,1.0,1.0,,449.0,0.342926,1.0
461.0,0.446469,0.442504,0.455759,0.455759,13.155041,1.039399,1.041399,40.0,40.0,17.530582,30.0,1.0,1.0,1.0,,459.0,0.350682,1.0
471.0,0.446392,0.442425,0.455718,0.455718,13.153815,1.097784,1.099709,40.0,40.0,18.216261,30.0,1.0,1.0,1.0,,469.0,0.347439,1.0
481.0,0.446316,0.442347,0.455675,0.455675,13.154797,1.043611,1.045719,40.0,40.0,17.579906,30.0,1.0,1.0,1.0,,479.0,0.356901,1.0
491.0,0.446239,0.442269,0.455628,0.455628,13.154475,1.055978,1.057991,40.0,40.0,17.725089,30.0,1.0,1.0,1.0,,489.0,0.352047,1.0
501.0,0.446163,0.442191,0.455581,0.455581,13.153317,1.111388,1.113456,40.0,40.0,18.3758,30.0,1.0,1.0,1.0,,499.0,0.343925,1.0
511.0,0.446087,0.442113,0.45554,0.45554,13.153515,1.097761,1.099605,40.0,40.0,18.215693,30.0,1.0,1.0,1.0,,509.0,0.351569,1.0
521.0,0.446012,0.442037,0.455499,0.455499,13.154209,1.059198,1.061231,40.0,40.0,17.762715,30.0,1.0,1.0,1.0,,519.0,0.3471,1.0
531.0,0.445936,0.441959,0.455463,0.455463,13.153143,1.110388,1.112335,40.0,40.0,18.363855,30.0,1.0,1.0,1.0,,529.0,0.353542,1.0
541.0,0.44586,0.441882,0.455406,0.455406,13.153975,1.06483,1.066671,40.0,40.0,17.828745,30.0,1.0,1.0,1.0,,539.0,0.351077,1.0
551.0,0.445785,0.441806,0.455356,0.455356,13.153539,1.084281,1.08617,40.0,40.0,18.057149,30.0,1.0,1.0,1.0,,549.0,0.3614,1.0
561.0,0.445709,0.441728,0.455294,0.455294,13.153278,1.094491,1.096594,40.0,40.0,18.176998,30.0,1.0,1.0,1.0,,559.0,0.354873,1.0
571.0,0.445632,0.441649,0.455232,0.455232,13.153263,1.091663,1.093625,40.0,40.0,18.14372,30.0,1.0,1.0,1.0,,569.0,0.343711,1.0
581.0,0.445557,0.441572,0.455179,0.455179,13.153761,1.063526,1.06555,40.0,40.0,17.813209,30.0,1.0,1.0,1.0,,579.0,0.349238,1.0
591.0,0.44548,0.441493,0.455117,0.455117,13.154174,1.039179,1.041213,40.0,40.0,17.527187,30.0,1.0,1.0,1.0,,589.0,0.349777,1.0
601.0,0.445402,0.441414,0.455057,0.455057,13.153252,1.082766,1.084779,40.0,40.0,18.039043,30.0,1.0,1.0,1.0,,599.0,0.345436,1.0
611.0,0.445324,0.441335,0.454999,0.454999,13.153001,1.092367,1.094414,40.0,40.0,18.151738,30.0,1.0,1.0,1.0,,609.0,0.356417,1.0
621.0,0.445247,0.441256,0.454934,0.454934,13.152219,1.12917,1.131086,40.0,40.0,18.583862,30.0,1.0,1.0,1.0,,619.0,0.341087,1.0
631.0,0.44517,0.441177,0.454873,0.454873,13.152968,1.087995,1.08997,40.0,40.0,18.100276,30.0,1.0,1.0,1.0,,629.0,0.348917,1.0
641.0,0.445094,0.4411,0.454825,0.454825,13.153636,1.05147,1.053423,40.0,40.0,17.671265,30.0,1.0,1.0,1.0,,639.0,0.34149,1.0
651.0,0.445017,0.441021,0.454764,0.454764,13.153655,1.047579,1.04954,40.0,40.0,17.625515,30.0,1.0,1.0,1.0,,649.0,0.348234,1.0
661.0,0.444942,0.440944,0.454704,0.454704,13.154255,1.014826,1.016854,40.0,40.0,17.240767,30.0,1.0,1.0,1.0,,659.0,0.347933,1.0
671.0,0.444865,0.440865,0.454638,0.454638,13.152846,1.084043,1.085983,40.0,40.0,18.053673,30.0,1.0,1.0,1.0,,669.0,0.342561,1.0
681.0,0.444788,0.440788,0.454572,0.454572,13.153369,1.054886,1.056828,40.0,40.0,17.711203,30.0,1.0,1.0,1.0,,679.0,0.349809,1.0
691.0,0.444712,0.44071,0.454513,0.454513,13.153833,1.028863,1.030913,40.0,40.0,17.405509,30.0,1.0,1.0,1.0,,689.0,0.347829,1.0
701.0,0.444636,0.440632,0.454452,0.454452,13.153466,1.045249,1.047318,40.0,40.0,17.597929,30.0,1.0,1.0,1.0,,699.0,0.3475,1.0
711.0,0.444558,0.440552,0.454386,0.454386,13.152099,1.112144,1.114245,40.0,40.0,18.383475,30.0,1.0,1.0,1.0,,709.0,0.349244,1.0
721.0,0.444482,0.440475,0.454319,0.454319,13.153363,1.045596,1.04765,40.0,40.0,17.601915,30.0,1.0,1.0,1.0,,719.0,0.344161,1.0
731.0,0.444405,0.440397,0.454259,0.454259,13.152095,1.108038,1.109988,40.0,40.0,18.335182,30.0,1.0,1.0,1.0,,729.0,0.344756,1.0
741.0,0.444329,0.440319,0.454194,0.454194,13.15246,1.087259,1.089368,40.0,40.0,18.09113,30.0,1.0,1.0,1.0,,739.0,0.339676,1.0
751.0,0.444253,0.440241,0.454132,0.454132,13.152563,1.079874,1.081851,40.0,40.0,18.004366,30.0,1.0,1.0,1.0,,749.0,0.347656,1.0
761.0,0.444176,0.440162,0.454063,0.454063,13.153085,1.050806,1.052945,40.0,40.0,17.662934,30.0,1.0,1.0,1.0,,759.0,0.353558,1.0
771.0,0.444099,0.440084,0.453994,0.453994,13.152784,1.063873,1.065944,40.0,40.0,17.816355,30.0,1.0,1.0,1.0,,769.0,0.342715,1.0
781.0,0.444021,0.440004,0.45393,0.45393,13.15317,1.041608,1.04358,40.0,40.0,17.554823,30.0,1.0,1.0,1.0,,779.0,0.349803,1.0
791.0,0.443944,0.439925,0.453866,0.453866,13.151595,1.119542,1.121492,40.0,40.0,18.469984,30.0,1.0,1.0,1.0,,789.0,0.345852,1.0
801.0,0.443868,0.439848,0.453798,0.453798,13.153168,1.037495,1.039468,40.0,40.0,17.506434,30.0,1.0,1.0,1.0,,799.0,0.351345,1.0
811.0,0.44379,0.439769,0.45373,0.45373,13.15269,1.059595,1.061542,40.0,40.0,17.765948,30.0,1.0,1.0,1.0,,809.0,0.345061,1.0
821.0,0.443714,0.439691,0.453662,0.453662,13.152528,1.06588,1.067896,40.0,40.0,17.839718,30.0,1.0,1.0,1.0,,819.0,0.339912,1.0
831.0,0.443638,0.439613,0.453598,0.453598,13.151712,1.105834,1.107808,40.0,40.0,18.308875,30.0,1.0,1.0,1.0,,829.0,0.362329,1.0
841.0,0.443562,0.439536,0.453528,0.453528,13.153218,1.027328,1.029272,40.0,40.0,17.386889,30.0,1.0,1.0,1.0,,839.0,0.345684,1.0
851.0,0.443487,0.439459,0.453465,0.453465,13.15249,1.062915,1.064865,40.0,40.0,17.804814,30.0,1.0,1.0,1.0,,849.0,0.357578,1.0
861.0,0.44341,0.439381,0.4534,0.4534,13.151919,1.090007,1.092026,40.0,40.0,18.122927,30.0,1.0,1.0,1.0,,859.0,0.354007,1.0
871.0,0.443333,0.439302,0.453328,0.453328,13.152324,1.067181,1.069122,40.0,40.0,17.854837,30.0,1.0,1.0,1.0,,869.0,0.340634,1.0
881.0,0.443257,0.439224,0.453262,0.453262,13.152682,1.047296,1.04927,40.0,40.0,17.621277,30.0,1.0,1.0,1.0,,879.0,0.348637,1.0
891.0,0.44318,0.439145,0.453199,0.453199,13.152574,1.050488,1.052343,40.0,40.0,17.65872,30.0,1.0,1.0,1.0,,889.0,0.349689,1.0
901.0,0.443104,0.439068,0.453131,0.453131,13.151222,1.117892,1.119852,40.0,40.0,18.450211,30.0,1.0,1.0,1.0,,899.0,0.349778,1.0
911.0,0.443027,0.43899,0.453063,0.453063,13.151374,1.108353,1.110238,40.0,40.0,18.338174,30.0,1.0,1.0,1.0,,909.0,0.355626,1.0
921.0,0.442951,0.438911,0.452992,0.452992,13.151097,1.120502,1.122635,40.0,40.0,18.480787,30.0,1.0,1.0,1.0,,919.0,0.347582,1.0
931.0,0.442875,0.438834,0.452929,0.452929,13.150669,1.140923,1.142964,40.0,40.0,18.72052,30.0,1.0,1.0,1.0,,929.0,0.32812,1.0
941.0,0.442799,0.438757,0.452859,0.452859,13.151635,1.090012,1.092005,40.0,40.0,18.122701,30.0,1.0,1.0,1.0,,939.0,0.351725,1.0
951.0,0.442723,0.438679,0.452793,0.452793,13.152128,1.063174,1.065114,40.0,40.0,17.807519,30.0,1.0,1.0,1.0,,949.0,0.348306,1.0
961.0,0.442646,0.4386,0.452725,0.452725,13.15245,1.044734,1.046778,40.0,40.0,17.59092,30.0,1.0,1.0,1.0,,959.0,0.352485,1.0
971.0,0.442569,0.438522,0.452657,0.452657,13.151828,1.074682,1.076763,40.0,40.0,17.942584,30.0,1.0,1.0,1.0,,969.0,0.350628,1.0
981.0,0.442493,0.438444,0.452592,0.452592,13.15144,1.092705,1.094726,40.0,40.0,18.154193,30.0,1.0,1.0,1.0,,979.0,0.353296,1.0
991.0,0.442417,0.438366,0.452523,0.452523,13.151451,1.090459,1.092587,40.0,40.0,18.127787,30.0,1.0,1.0,1.0,,989.0,0.35579,1.0
1001.0,0.442339,0.438287,0.452447,0.452447,13.151689,1.075992,1.077988,40.0,40.0,17.957862,30.0,1.0,1.0,1.0,,999.0,0.346194,1.0
1011.0,0.442263,0.438209,0.45238,0.45238,13.152739,1.020892,1.022648,40.0,40.0,17.310741,30.0,1.0,1.0,1.0,,1009.0,0.353669,1.0
1021.0,0.442187,0.438132,0.452312,0.452312,13.150815,1.117637,1.11952,40.0,40.0,18.446807,30.0,1.0,1.0,1.0,,1019.0,0.353128,1.0
1031.0,0.442111,0.438054,0.452242,0.452242,13.152643,1.022943,1.025057,40.0,40.0,17.334778,30.0,1.0,1.0,1.0,,1029.0,0.342429,1.0
1041.0,0.442035,0.437977,0.452171,0.452171,13.15196,1.056158,1.058199,40.0,40.0,17.724835,30.0,1.0,1.0,1.0,,1039.0,0.340492,1.0
1051.0,0.441959,0.437899,0.452103,0.452103,13.151774,1.064052,1.065944,40.0,40.0,17.817503,30.0,1.0,1.0,1.0,,1049.0,0.344231,1.0
1061.0,0.441882,0.43782,0.452029,0.452029,13.15126,1.088272,1.090282,40.0,40.0,18.101871,30.0,1.0,1.0,1.0,,1059.0,0.344955,1.0
1071.0,0.441806,0.437743,0.45196,0.45196,13.15253,1.022128,1.024289,40.0,40.0,17.325092,30.0,1.0,1.0,1.0,,1069.0,0.346286,1.0
1081.0,0.441731,0.437666,0.45189,0.45189,13.151697,1.063367,1.065405,40.0,40.0,17.809377,30.0,1.0,1.0,1.0,,1079.0,0.344487,1.0
1091.0,0.441655,0.437589,0.451817,0.451817,13.151151,1.089813,1.091798,40.0,40.0,18.119889,30.0,1.0,1.0,1.0,,1088.0,0.343167,1.0
1101.0,0.441579,0.437511,0.451748,0.451748,13.151264,1.082384,1.08453,40.0,40.0,18.032626,30.0,1.0,1.0,1.0,,1098.0,0.340311,1.0
1111.0,0.441502,0.437433,0.451682,0.451682,13.151346,1.076412,1.078445,40.0,40.0,17.962472,30.0,1.0,1.0,1.0,,1108.0,0.347659,1.0
1121.0,0.441426,0.437355,0.451615,0.451615,13.149531,1.167408,1.16942,40.0,40.0,19.030823,30.0,1.0,1.0,1.0,,1118.0,0.344602,1.0
1131.0,0.441349,0.437276,0.451543,0.451543,13.150624,1.109766,1.111733,40.0,40.0,18.354043,30.0,1.0,1.0,1.0,,1128.0,0.354346,1.0
1141.0,0.441274,0.437199,0.451472,0.451472,13.151418,1.067796,1.069682,40.0,40.0,17.8612,30.0,1.0,1.0,1.0,,1138.0,0.351953,1.0
1151.0,0.441197,0.437121,0.4514,0.4514,13.151398,1.067045,1.068914,40.0,40.0,17.852347,30.0,1.0,1.0,1.0,,1148.0,0.353636,1.0
1161.0,0.44112,0.437043,0.451329,0.451329,13.1515,1.060061,1.062227,40.0,40.0,17.770306,30.0,1.0,1.0,1.0,,1158.0,0.340876,1.0
1171.0,0.441043,0.436964,0.451254,0.451254,13.150209,1.123957,1.125853,40.0,40.0,18.520523,30.0,1.0,1.0,1.0,,1167.0,0.351903,1.0
1181.0,0.440968,0.436887,0.45118,0.45118,13.151636,1.050047,1.052011,40.0,40.0,17.65265,30.0,1.0,1.0,1.0,,1177.0,0.347044,1.0
1191.0,0.440892,0.43681,0.451113,0.451113,13.152369,1.011223,1.013262,40.0,40.0,17.196677,30.0,1.0,1.0,1.0,,1187.0,0.339679,1.0
1201.0,0.440815,0.436731,0.451042,0.451042,13.151664,1.045354,1.04738,40.0,40.0,17.597475,30.0,1.0,1.0,1.0,,1197.0,0.352683,1.0
1211.0,0.440738,0.436652,0.450966,0.450966,13.150691,1.092919,1.094933,40.0,40.0,18.15598,30.0,1.0,1.0,1.0,,1207.0,0.346665,1.0
1221.0,0.440662,0.436575,0.450893,0.450893,13.151865,1.031644,1.033716,40.0,40.0,17.436405,30.0,1.0,1.0,1.0,,1217.0,0.343375,1.0
1231.0,0.440585,0.436496,0.450823,0.450823,13.150604,1.094188,1.096117,40.0,40.0,18.170813,30.0,1.0,1.0,1.0,,1227.0,0.346792,1.0
1241.0,0.440508,0.436418,0.450752,0.450752,13.151162,1.063947,1.065924,40.0,40.0,17.815687,30.0,1.0,1.0,1.0,,1237.0,0.339239,1.0
1251.0,0.440432,0.43634,0.450681,0.450681,13.150305,1.106098,1.108202,40.0,40.0,18.310589,30.0,1.0,1.0,1.0,,1247.0,0.353017,1.0
1261.0,0.440355,0.436261,0.450607,0.450607,13.151304,1.053163,1.055084,40.0,40.0,17.688986,30.0,1.0,1.0,1.0,,1257.0,0.34196,1.0
1271.0,0.440277,0.436182,0.450541,0.450541,13.151063,1.063552,1.06555,40.0,40.0,17.810951,30.0,1.0,1.0,1.0,,1267.0,0.343423,1.0
1281.0,0.440201,0.436104,0.450469,0.450469,13.149817,1.125562,1.127556,40.0,40.0,18.53901,30.0,1.0,1.0,1.0,,1277.0,0.344486,1.0
1291.0,0.440124,0.436026,0.450397,0.450397,13.150099,1.109412,1.111213,40.0,40.0,18.349364,30.0,1.0,1.0,1.0,,1287.0,0.342959,1.0
1301.0,0.440048,0.435948,0.450327,0.450327,13.150898,1.067081,1.069059,40.0,40.0,17.852297,30.0,1.0,1.0,1.0,,1297.0,0.341266,1.0
1311.0,0.43997,0.435869,0.450256,0.450256,13.150077,1.107075,1.10922,40.0,40.0,18.321856,30.0,1.0,1.0,1.0,,1307.0,0.343761,1.0
1321.0,0.439893,0.43579,0.450182,0.450182,13.149487,1.135298,1.137274,40.0,40.0,18.653163,30.0,1.0,1.0,1.0,,1317.0,0.349677,1.0
1331.0,0.439817,0.435712,0.450109,0.450109,13.150073,1.103863,1.105981,40.0,40.0,18.28407,30.0,1.0,1.0,1.0,,1327.0,0.342352,1.0
1341.0,0.439739,0.435633,0.450034,0.450034,13.150875,1.061083,1.063016,40.0,40.0,17.781725,30.0,1.0,1.0,1.0,,1337.0,0.343951,1.0
1351.0,0.439662,0.435554,0.449959,0.449959,13.151232,1.040966,1.043144,40.0,40.0,17.54546,30.0,1.0,1.0,1.0,,1347.0,0.35375,1.0
1361.0,0.439586,0.435476,0.449886,0.449886,13.151145,1.044077,1.045968,40.0,40.0,17.581976,30.0,1.0,1.0,1.0,,1357.0,0.355255,1.0
1371.0,0.439509,0.435397,0.44981,0.44981,13.149682,1.116887,1.118855,40.0,40.0,18.436847,30.0,1.0,1.0,1.0,,1367.0,0.350386,1.0
1381.0,0.439434,0.43532,0.449739,0.449739,13.151251,1.03569,1.037724,40.0,40.0,17.483437,30.0,1.0,1.0,1.0,,1377.0,0.352256,1.0
1391.0,0.439357,0.435242,0.44967,0.44967,13.150567,1.068997,1.071115,40.0,40.0,17.874514,30.0,1.0,1.0,1.0,,1387.0,0.343168,1.0
1401.0,0.439282,0.435165,0.449596,0.449596,13.151524,1.019116,1.021236,40.0,40.0,17.288743,30.0,1.0,1.0,1.0,,1397.0,0.347644,1.0
1411.0,0.439205,0.435087,0.449522,0.449522,13.151108,1.038586,1.040548,40.0,40.0,17.517363,30.0,1.0,1.0,1.0,,1407.0,0.347547,1.0
1421.0,0.43913,0.43501,0.449452,0.449452,13.149725,1.108065,1.109947,40.0,40.0,18.333145,30.0,1.0,1.0,1.0,,1417.0,0.348061,1.0
1431.0,0.439054,0.434933,0.449375,0.449375,13.150132,1.086,1.08806,40.0,40.0,18.074055,30.0,1.0,1.0,1.0,,1427.0,0.342709,1.0
1441.0,0.438977,0.434854,0.4493,0.4493,13.149529,1.114847,1.11682,40.0,40.0,18.412714,30.0,1.0,1.0,1.0,,1437.0,0.336567,1.0
1451.0,0.4389,0.434775,0.449223,0.449223,13.150624,1.057217,1.059258,40.0,40.0,17.736026,30.0,1.0,1.0,1.0,,1447.0,0.356184,1.0
1461.0,0.438824,0.434698,0.44915,0.44915,13.149937,1.090987,1.092981,40.0,40.0,18.132513,30.0,1.0,1.0,1.0,,1457.0,0.349637,1.0
1471.0,0.438748,0.43462,0.449076,0.449076,13.149885,1.09212,1.094186,40.0,40.0,18.145785,30.0,1.0,1.0,1.0,,1467.0,0.357059,1.0
1481.0,0.438671,0.434542,0.449006,0.449006,13.149987,1.085326,1.087333,40.0,40.0,18.065989,30.0,1.0,1.0,1.0,,1477.0,0.349535,1.0
1491.0,0.438593,0.434463,0.448927,0.448927,13.149222,1.122356,1.124607,40.0,40.0,18.500709,30.0,1.0,1.0,1.0,,1487.0,0.344404,1.0
1501.0,0.438517,0.434384,0.448846,0.448846,13.150236,1.068862,1.07099,40.0,40.0,17.872607,30.0,1.0,1.0,1.0,,1497.0,0.346676,1.0
1511.0,0.43844,0.434306,0.448771,0.448771,13.150313,1.063338,1.065238,40.0,40.0,17.807715,30.0,1.0,1.0,1.0,,1507.0,0.350737,1.0
1521.0,0.438364,0.434229,0.448696,0.448696,13.15033,1.061225,1.063183,40.0,40.0,17.782882,30.0,1.0,1.0,1.0,,1517.0,0.345832,1.0
1531.0,0.438287,0.43415,0.448619,0.448619,13.14933,1.110316,1.112376,40.0,40.0,18.359226,30.0,1.0,1.0,1.0,,1527.0,0.349791,1.0
1541.0,0.43821,0.434071,0.448546,0.448546,13.149924,1.078392,1.080273,40.0,40.0,17.98438,30.0,1.0,1.0,1.0,,1537.0,0.350491,1.0
1551.0,0.438133,0.433993,0.448475,0.448475,13.14947,1.099798,1.101827,40.0,40.0,18.235676,30.0,1.0,1.0,1.0,,1547.0,0.348458,1.0
1561.0,0.438057,0.433915,0.448403,0.448403,13.150545,1.043587,1.045594,40.0,40.0,17.575656,30.0,1.0,1.0,1.0,,1557.0,0.349222,1.0
1571.0,0.43798,0.433837,0.448332,0.448332,13.149308,1.10505,1.106894,40.0,40.0,18.297276,30.0,1.0,1.0,1.0,,1567.0,0.352516,1.0
1581.0,0.437903,0.433758,0.448257,0.448257,13.149664,1.085117,1.087208,40.0,40.0,18.063215,30.0,1.0,1.0,1.0,,1577.0,0.351075,1.0
1591.0,0.437826,0.433679,0.448183,0.448183,13.149427,1.095271,1.097197,40.0,40.0,18.182393,30.0,1.0,1.0,1.0,,1587.0,0.344761,1.0
1601.0,0.43775,0.433601,0.448111,0.448111,13.149251,1.102787,1.104776,40.0,40.0,18.270607,30.0,1.0,1.0,1.0,,1597.0,0.349751,1.0
1611.0,0.437673,0.433522,0.448034,0.448034,13.150068,1.05939,1.061376,40.0,40.0,17.761053,30.0,1.0,1.0,1.0,,1607.0,0.35033,1.0
1621.0,0.437596,0.433444,0.447961,0.447961,13.14995,1.063771,1.065903,40.0,40.0,17.812467,30.0,1.0,1.0,1.0,,1617.0,0.351007,1.0
1631.0,0.43752,0.433367,0.44789,0.44789,13.148775,1.122541,1.124587,40.0,40.0,18.502429,30.0,1.0,1.0,1.0,,1627.0,0.350806,1.0
1641.0,0.437444,0.433289,0.447814,0.447814,13.148646,1.127646,1.129695,40.0,40.0,18.562331,30.0,1.0,1.0,1.0,,1637.0,0.356222,1.0
1651.0,0.437367,0.433211,0.447739,0.447739,13.14967,1.073782,1.075642,40.0,40.0,17.929923,30.0,1.0,1.0,1.0,,1647.0,0.341837,1.0
1661.0,0.437292,0.433134,0.447663,0.447663,13.150057,1.052964,1.055042,40.0,40.0,17.685477,30.0,1.0,1.0,1.0,,1657.0,0.353948,1.0
1671.0,0.437215,0.433055,0.447585,0.447585,13.148801,1.115368,1.117422,40.0,40.0,18.418112,30.0,1.0,1.0,1.0,,1667.0,0.355524,1.0
1681.0,0.437139,0.432977,0.447512,0.447512,13.149797,1.063033,1.065031,40.0,40.0,17.803634,30.0,1.0,1.0,1.0,,1677.0,0.353049,1.0
1691.0,0.437061,0.432898,0.447437,0.447437,13.149175,1.092808,1.094829,40.0,40.0,18.153185,30.0,1.0,1.0,1.0,,1687.0,0.344715,1.0
1701.0,0.436985,0.43282,0.447362,0.447362,13.149609,1.069133,1.071281,40.0,40.0,17.875202,30.0,1.0,1.0,1.0,,1697.0,0.340726,1.0
1711.0,0.436909,0.432742,0.447288,0.447288,13.149585,1.068979,1.070907,40.0,40.0,17.873363,30.0,1.0,1.0,1.0,,1707.0,0.352775,1.0
1721.0,0.436831,0.432663,0.447211,0.447211,13.150495,1.020672,1.022648,40.0,40.0,17.306105,30.0,1.0,1.0,1.0,,1717.0,0.344076,1.0
1731.0,0.436754,0.432585,0.447137,0.447137,13.148536,1.119,1.12087,40.0,40.0,18.460555,30.0,1.0,1.0,1.0,,1727.0,0.350451,1.0
1741.0,0.436678,0.432507,0.447062,0.447062,13.148368,1.126023,1.127847,40.0,40.0,18.542973,30.0,1.0,1.0,1.0,,1737.0,0.346881,1.0
1751.0,0.436602,0.432429,0.446988,0.446988,13.149472,1.068215,1.070243,40.0,40.0,17.864273,30.0,1.0,1.0,1.0,,1747.0,0.342175,1.0
1761.0,0.436526,0.432351,0.446913,0.446913,13.148236,1.129993,1.132021,40.0,40.0,18.589511,30.0,1.0,1.0,1.0,,1757.0,0.351422,1.0
1771.0,0.436449,0.432274,0.44684,0.44684,13.149347,1.071758,1.073711,40.0,40.0,17.905817,30.0,1.0,1.0,1.0,,1767.0,0.341814,1.0
1781.0,0.436373,0.432196,0.446769,0.446769,13.148601,1.10851,1.110404,40.0,40.0,18.337272,30.0,1.0,1.0,1.0,,1777.0,0.343142,1.0
1791.0,0.436295,0.432116,0.446694,0.446694,13.148668,1.102969,1.10488,40.0,40.0,18.272175,30.0,1.0,1.0,1.0,,1787.0,0.346251,1.0
1801.0,0.436219,0.432038,0.446619,0.446619,13.149311,1.068505,1.070513,40.0,40.0,17.867529,30.0,1.0,1.0,1.0,,1797.0,0.34803,1.0
1811.0,0.436142,0.43196,0.44654,0.44654,13.149349,1.065029,1.066962,40.0,40.0,17.826682,30.0,1.0,1.0,1.0,,1807.0,0.352106,1.0
1821.0,0.436066,0.431882,0.446468,0.446468,13.149041,1.079469,1.081477,40.0,40.0,17.996203,30.0,1.0,1.0,1.0,,1817.0,0.355922,1.0
1831.0,0.435989,0.431804,0.446389,0.446389,13.149199,1.069591,1.071572,40.0,40.0,17.880195,30.0,1.0,1.0,1.0,,1827.0,0.34618,1.0
1841.0,0.435912,0.431725,0.446317,0.446317,13.149412,1.057023,1.05905,40.0,40.0,17.732602,30.0,1.0,1.0,1.0,,1837.0,0.359696,1.0
1851.0,0.435837,0.431648,0.446244,0.446244,13.149228,1.065246,1.06717,40.0,40.0,17.829126,30.0,1.0,1.0,1.0,,1847.0,0.35045,1.0
1861.0,0.43576,0.43157,0.446175,0.446175,13.148557,1.097809,1.099813,40.0,40.0,18.211394,30.0,1.0,1.0,1.0,,1857.0,0.34293,1.0
1871.0,0.435683,0.431491,0.446101,0.446101,13.148637,1.09213,1.09402,40.0,40.0,18.144688,30.0,1.0,1.0,1.0,,1867.0,0.3549,1.0
1881.0,0.435606,0.431412,0.446021,0.446021,13.148727,1.085591,1.087561,40.0,40.0,18.067891,30.0,1.0,1.0,1.0,,1877.0,0.344519,1.0
1891.0,0.435529,0.431334,0.445948,0.445948,13.148618,1.089786,1.091694,40.0,40.0,18.117109,30.0,1.0,1.0,1.0,,1887.0,0.360925,1.0
1901.0,0.435453,0.431257,0.445875,0.445875,13.149356,1.05074,1.052613,40.0,40.0,17.658662,30.0,1.0,1.0,1.0,,1897.0,0.348785,1.0
1911.0,0.435378,0.43118,0.445803,0.445803,13.148067,1.115393,1.117547,40.0,40.0,18.417673,30.0,1.0,1.0,1.0,,1907.0,0.352493,1.0
1921.0,0.435302,0.431102,0.445728,0.445728,13.149257,1.05317,1.055126,40.0,40.0,17.687141,30.0,1.0,1.0,1.0,,1917.0,0.351156,1.0
1931.0,0.435226,0.431024,0.445655,0.445655,13.148828,1.073818,1.075704,40.0,40.0,17.929545,30.0,1.0,1.0,1.0,,1927.0,0.345571,1.0
1941.0,0.435148,0.430945,0.445579,0.445579,13.148276,1.099832,1.101765,40.0,40.0,18.234905,30.0,1.0,1.0,1.0,,1937.0,0.348994,1.0
1951.0,0.435071,0.430866,0.445504,0.445504,13.148194,1.102358,1.104382,40.0,40.0,18.264521,30.0,1.0,1.0,1.0,,1947.0,0.346726,1.0
1961.0,0.434994,0.430788,0.445429,0.445429,13.148123,1.104146,1.106126,40.0,40.0,18.285475,30.0,1.0,1.0,1.0,,1957.0,0.354695,1.0
1971.0,0.434917,0.430709,0.445351,0.445351,13.148754,1.070413,1.072236,40.0,40.0,17.889427,30.0,1.0,1.0,1.0,,1967.0,0.351609,1.0
1981.0,0.43484,0.430631,0.445279,0.445279,13.149334,1.039073,1.041192,40.0,40.0,17.521438,30.0,1.0,1.0,1.0,,1977.0,0.349363,1.0
1991.0,0.434764,0.430552,0.445204,0.445204,13.147928,1.109159,1.11113,40.0,40.0,18.344226,30.0,1.0,1.0,1.0,,1987.0,0.348669,1.0
2001.0,0.434686,0.430473,0.445129,0.445129,13.148972,1.053811,1.055832,40.0,40.0,17.694416,30.0,1.0,1.0,1.0,,1997.0,0.339638,1.0
2011.0,0.434609,0.430394,0.445052,0.445052,13.148193,1.091876,1.093791,40.0,40.0,18.141275,30.0,1.0,1.0,1.0,,2007.0,0.358373,1.0
2021.0,0.434532,0.430316,0.444978,0.444978,13.148663,1.066463,1.068623,40.0,40.0,17.842892,30.0,1.0,1.0,1.0,,2017.0,0.348836,1.0
2031.0,0.434455,0.430238,0.444903,0.444903,13.14862,1.067021,1.068976,40.0,40.0,17.849414,30.0,1.0,1.0,1.0,,2027.0,0.34295,1.0
2041.0,0.434379,0.43016,0.444829,0.444829,13.148091,1.092465,1.094456,40.0,40.0,18.148092,30.0,1.0,1.0,1.0,,2037.0,0.349742,1.0
2051.0,0.434303,0.430082,0.444756,0.444756,13.147995,1.096002,1.097986,40.0,40.0,18.189592,30.0,1.0,1.0,1.0,,2047.0,0.344386,1.0
2061.0,0.434225,0.430003,0.444682,0.444682,13.148533,1.066759,1.068748,40.0,40.0,17.846248,30.0,1.0,1.0,1.0,,2057.0,0.352798,1.0
2071.0,0.434148,0.429924,0.444606,0.444606,13.147225,1.131737,1.133827,40.0,40.0,18.608995,30.0,1.0,1.0,1.0,,2067.0,0.342509,1.0
2081.0,0.434071,0.429845,0.44453,0.44453,13.148261,1.077006,1.078964,40.0,40.0,17.966489,30.0,1.0,1.0,1.0,,2077.0,0.357834,1.0
2091.0,0.433994,0.429767,0.444453,0.444453,13.148576,1.059586,1.061563,40.0,40.0,17.761942,30.0,1.0,1.0,1.0,,2087.0,0.348334,1.0
2101.0,0.433917,0.429689,0.444377,0.444377,13.148472,1.063216,1.065321,40.0,40.0,17.80453,30.0,1.0,1.0,1.0,,2097.0,0.347199,1.0
2111.0,0.433841,0.429611,0.444301,0.444301,13.149203,1.024546,1.026573,40.0,40.0,17.350487,30.0,1.0,1.0,1.0,,2107.0,0.340768,1.0
2121.0,0.433766,0.429534,0.444228,0.444228,13.148727,1.047735,1.049664,40.0,40.0,17.622726,30.0,1.0,1.0,1.0,,2117.0,0.337803,1.0
2131.0,0.433689,0.429455,0.444152,0.444152,13.147279,1.119852,1.1217,40.0,40.0,18.46931,30.0,1.0,1.0,1.0,,2127.0,0.353476,1.0
2141.0,0.433612,0.429377,0.444076,0.444076,13.14783,1.090258,1.092254,40.0,40.0,18.121887,30.0,1.0,1.0,1.0,,2137.0,0.341532,1.0
2151.0,0.433537,0.4293,0.444001,0.444001,13.148506,1.05469,1.056808,40.0,40.0,17.704313,30.0,1.0,1.0,1.0,,2147.0,0.349954,1.0
2161.0,0.43346,0.429222,0.443924,0.443924,13.148037,1.077022,1.079193,40.0,40.0,17.966454,30.0,1.0,1.0,1.0,,2157.0,0.342216,1.0
2171.0,0.433384,0.429144,0.443852,0.443852,13.148345,1.059795,1.061729,40.0,40.0,17.764182,30.0,1.0,1.0,1.0,,2167.0,0.34651,1.0
2181.0,0.433308,0.429066,0.443778,0.443778,13.14781,1.085684,1.087561,40.0,40.0,18.068085,30.0,1.0,1.0,1.0,,2177.0,0.349283,1.0
2191.0,0.433231,0.428988,0.443705,0.443705,13.148209,1.063784,1.065841,40.0,40.0,17.810958,30.0,1.0,1.0,1.0,,2187.0,0.345059,1.0
2201.0,0.433153,0.428908,0.443626,0.443626,13.147822,1.08149,1.083471,40.0,40.0,18.01878,30.0,1.0,1.0,1.0,,2197.0,0.349821,1.0
2211.0,0.433077,0.428831,0.443552,0.443552,13.149551,0.991947,0.993846,40.0,40.0,16.96745,30.0,1.0,1.0,1.0,,2207.0,0.348661,1.0
2221.0,0.433002,0.428754,0.443481,0.443481,13.148786,1.029824,1.031723,40.0,40.0,17.412168,30.0,1.0,1.0,1.0,,2217.0,0.352522,1.0
2231.0,0.432925,0.428675,0.443407,0.443407,13.147999,1.068492,1.070471,40.0,40.0,17.866116,30.0,1.0,1.0,1.0,,2227.0,0.341333,1.0
2241.0,0.432849,0.428598,0.443334,0.443334,13.148466,1.043335,1.045345,40.0,40.0,17.570748,30.0,1.0,1.0,1.0,,2237.0,0.349428,1.0
2251.0,0.432773,0.42852,0.443259,0.443259,13.147331,1.099813,1.101807,40.0,40.0,18.233745,30.0,1.0,1.0,1.0,,2247.0,0.355938,1.0
2261.0,0.432695,0.428441,0.443182,0.443182,13.147341,1.097302,1.099377,40.0,40.0,18.204241,30.0,1.0,1.0,1.0,,2257.0,0.355409,1.0
2271.0,0.432619,0.428363,0.443109,0.443109,13.147312,1.097178,1.099128,40.0,40.0,18.202744,30.0,1.0,1.0,1.0,,2267.0,0.345142,1.0
2281.0,0.432542,0.428284,0.443035,0.443035,13.147683,1.076552,1.078632,40.0,40.0,17.960589,30.0,1.0,1.0,1.0,,2277.0,0.347977,1.0
2291.0,0.432466,0.428206,0.442958,0.442958,13.147476,1.085756,1.087748,40.0,40.0,18.068607,30.0,1.0,1.0,1.0,,2287.0,0.348604,1.0
2301.0,0.432388,0.428127,0.44288,0.44288,13.148236,1.045056,1.046985,40.0,40.0,17.590765,30.0,1.0,1.0,1.0,,2297.0,0.357915,1.0
2311.0,0.432312,0.42805,0.442808,0.442808,13.147579,1.077296,1.079442,40.0,40.0,17.969237,30.0,1.0,1.0,1.0,,2307.0,0.353935,1.0
2321.0,0.432238,0.427973,0.442738,0.442738,13.14864,1.022163,1.024164,40.0,40.0,17.321948,30.0,1.0,1.0,1.0,,2317.0,0.348685,1.0
2331.0,0.432162,0.427896,0.442663,0.442663,13.147875,1.059975,1.062082,40.0,40.0,17.765852,30.0,1.0,1.0,1.0,,2327.0,0.346851,1.0
2341.0,0.432085,0.427818,0.442589,0.442589,13.148405,1.031245,1.033239,40.0,40.0,17.42853,30.0,1.0,1.0,1.0,,2337.0,0.349831,1.0
2351.0,0.432009,0.42774,0.442515,0.442515,13.146763,1.113498,1.115429,40.0,40.0,18.394087,30.0,1.0,1.0,1.0,,2347.0,0.346293,1.0
2361.0,0.431933,0.427662,0.442441,0.442441,13.146913,1.104457,1.106562,40.0,40.0,18.287942,30.0,1.0,1.0,1.0,,2356.0,0.354448,1.0
2371.0,0.431856,0.427584,0.442364,0.442364,13.14781,1.057111,1.059237,40.0,40.0,17.732121,30.0,1.0,1.0,1.0,,2366.0,0.342506,1.0
2381.0,0.431779,0.427505,0.442288,0.442288,13.146913,1.101096,1.103011,40.0,40.0,18.248418,30.0,1.0,1.0,1.0,,2376.0,0.346104,1.0
2391.0,0.431702,0.427427,0.442213,0.442213,13.147472,1.07079,1.072859,40.0,40.0,17.892636,30.0,1.0,1.0,1.0,,2386.0,0.351031,1.0
2401.0,0.431627,0.427349,0.442138,0.442138,13.147604,1.06276,1.064823,40.0,40.0,17.798342,30.0,1.0,1.0,1.0,,2396.0,0.344587,1.0
2411.0,0.43155,0.427271,0.442064,0.442064,13.146608,1.111946,1.113996,40.0,40.0,18.375692,30.0,1.0,1.0,1.0,,2406.0,0.350129,1.0
2421.0,0.431474,0.427193,0.44199,0.44199,13.147832,1.047991,1.049996,40.0,40.0,17.624904,30.0,1.0,1.0,1.0,,2416.0,0.349888,1.0
2431.0,0.431397,0.427115,0.441918,0.441918,13.147414,1.06787,1.069869,40.0,40.0,17.858244,30.0,1.0,1.0,1.0,,2426.0,0.34392,1.0
2441.0,0.431321,0.427038,0.441842,0.441842,13.146926,1.09126,1.09348,40.0,40.0,18.132785,30.0,1.0,1.0,1.0,,2436.0,0.349667,1.0
2451.0,0.431244,0.426959,0.441767,0.441767,13.147525,1.059052,1.061044,40.0,40.0,17.754672,30.0,1.0,1.0,1.0,,2446.0,0.351519,1.0
2461.0,0.431169,0.426882,0.44169,0.44169,13.147035,1.082761,1.084613,40.0,40.0,18.03297,30.0,1.0,1.0,1.0,,2456.0,0.347748,1.0
2471.0,0.431092,0.426804,0.441615,0.441615,13.149356,0.962806,0.964795,40.0,40.0,16.624586,30.0,1.0,1.0,1.0,,2466.0,0.342071,1.0
2481.0,0.431016,0.426726,0.441542,0.441542,13.146931,1.085065,1.087022,40.0,40.0,18.059956,30.0,1.0,1.0,1.0,,2476.0,0.352969,1.0
2491.0,0.43094,0.426649,0.441468,0.441468,13.148135,1.022281,1.024185,40.0,40.0,17.322868,30.0,1.0,1.0,1.0,,2486.0,0.353977,1.0
2501.0,0.430863,0.42657,0.44139,0.44139,13.146292,1.11434,1.116218,40.0,40.0,18.403526,30.0,1.0,1.0,1.0,,2496.0,0.350454,1.0
2511.0,0.430787,0.426492,0.441312,0.441312,13.147222,1.065467,1.067419,40.0,40.0,17.829814,30.0,1.0,1.0,1.0,,2506.0,0.344076,1.0
2521.0,0.43071,0.426413,0.441236,0.441236,13.14602,1.124995,1.127016,40.0,40.0,18.528518,30.0,1.0,1.0,1.0,,2516.0,0.356437,1.0
2531.0,0.430634,0.426336,0.441161,0.441161,13.147611,1.042521,1.044452,40.0,40.0,17.560377,30.0,1.0,1.0,1.0,,2526.0,0.34922,1.0
2541.0,0.430557,0.426257,0.441084,0.441084,13.146209,1.112274,1.114225,40.0,40.0,18.379153,30.0,1.0,1.0,1.0,,2536.0,0.350233,1.0
2551.0,0.430479,0.426178,0.441006,0.441006,13.146086,1.116386,1.118336,40.0,40.0,18.427368,30.0,1.0,1.0,1.0,,2546.0,0.350178,1.0
2561.0,0.430403,0.4261,0.440929,0.440929,13.147289,1.053476,1.055354,40.0,40.0,17.688881,30.0,1.0,1.0,1.0,,2556.0,0.349503,1.0
2571.0,0.430326,0.426021,0.440852,0.440852,13.146801,1.076648,1.078674,40.0,40.0,17.96087,30.0,1.0,1.0,1.0,,2566.0,0.346116,1.0
2581.0,0.430249,0.425943,0.440776,0.440776,13.147123,1.058694,1.060691,40.0,40.0,17.750082,30.0,1.0,1.0,1.0,,2576.0,0.355177,1.0
2591.0,0.430171,0.425864,0.440697,0.440697,13.147092,1.058173,1.060192,40.0,40.0,17.743927,30.0,1.0,1.0,1.0,,2586.0,0.346983,1.0
2601.0,0.430095,0.425785,0.440623,0.440623,13.147323,1.044848,1.04684,40.0,40.0,17.587473,30.0,1.0,1.0,1.0,,2596.0,0.347669,1.0
2611.0,0.430018,0.425707,0.44055,0.44055,13.145256,1.148866,1.150855,40.0,40.0,18.808376,30.0,1.0,1.0,1.0,,2606.0,0.361566,1.0
2621.0,0.429942,0.425629,0.440474,0.440474,13.147427,1.036589,1.038679,40.0,40.0,17.49046,30.0,1.0,1.0,1.0,,2616.0,0.351755,1.0
2631.0,0.429865,0.425551,0.440396,0.440396,13.147159,1.048706,1.050827,40.0,40.0,17.632681,30.0,1.0,1.0,1.0,,2626.0,0.344386,1.0
2641.0,0.429788,0.425472,0.440322,0.440322,13.144776,1.168479,1.170458,40.0,40.0,19.038447,30.0,1.0,1.0,1.0,,2636.0,0.350174,1.0
2651.0,0.429711,0.425394,0.440245,0.440245,13.147792,1.01295,1.014965,40.0,40.0,17.212839,30.0,1.0,1.0,1.0,,2646.0,0.359635,1.0
2661.0,0.429635,0.425316,0.440172,0.440172,13.145468,1.129917,1.131896,40.0,40.0,18.585832,30.0,1.0,1.0,1.0,,2656.0,0.344654,1.0
2671.0,0.429557,0.425236,0.440097,0.440097,13.146475,1.076518,1.078466,40.0,40.0,17.95903,30.0,1.0,1.0,1.0,,2666.0,0.351085,1.0
2681.0,0.42948,0.425158,0.440015,0.440015,13.146432,1.077006,1.079089,40.0,40.0,17.964718,30.0,1.0,1.0,1.0,,2676.0,0.34479,1.0
2691.0,0.429402,0.425078,0.439938,0.439938,13.146196,1.087108,1.089098,40.0,40.0,18.083265,30.0,1.0,1.0,1.0,,2686.0,0.351775,1.0
2701.0,0.429325,0.424999,0.439862,0.439862,13.146629,1.063178,1.065197,40.0,40.0,17.802329,30.0,1.0,1.0,1.0,,2696.0,0.342159,1.0
2711.0,0.429248,0.424921,0.439788,0.439788,13.14612,1.087619,1.0897,40.0,40.0,18.089192,30.0,1.0,1.0,1.0,,2706.0,0.342326,1.0
2721.0,0.42917,0.424841,0.439711,0.439711,13.145274,1.128766,1.130754,40.0,40.0,18.572098,30.0,1.0,1.0,1.0,,2716.0,0.344224,1.0
2731.0,0.429093,0.424763,0.439635,0.439635,13.14588,1.096199,1.098318,40.0,40.0,18.189829,30.0,1.0,1.0,1.0,,2726.0,0.353207,1.0
2741.0,0.429017,0.424685,0.439559,0.439559,13.14634,1.071362,1.073379,40.0,40.0,17.898273,30.0,1.0,1.0,1.0,,2736.0,0.350473,1.0
2751.0,0.428941,0.424607,0.439487,0.439487,13.146588,1.057515,1.059507,40.0,40.0,17.735713,30.0,1.0,1.0,1.0,,2746.0,0.34908,1.0
2761.0,0.428864,0.424529,0.439409,0.439409,13.146511,1.059932,1.061833,40.0,40.0,17.764056,30.0,1.0,1.0,1.0,,2756.0,0.362492,1.0
2771.0,0.428787,0.424451,0.439336,0.439336,13.145693,1.100124,1.102097,40.0,40.0,18.235789,30.0,1.0,1.0,1.0,,2766.0,0.344293,1.0
2781.0,0.42871,0.424372,0.43926,0.43926,13.146425,1.061164,1.063079,40.0,40.0,17.778465,30.0,1.0,1.0,1.0,,2776.0,0.35658,1.0
2791.0,0.428634,0.424295,0.439185,0.439185,13.145408,1.111781,1.113747,40.0,40.0,18.372556,30.0,1.0,1.0,1.0,,2786.0,0.347459,1.0
2801.0,0.428558,0.424216,0.439108,0.439108,13.14685,1.036634,1.038575,40.0,40.0,17.490456,30.0,1.0,1.0,1.0,,2796.0,0.359791,1.0
2811.0,0.428482,0.424138,0.439035,0.439035,13.144947,1.132377,1.134409,40.0,40.0,18.614223,30.0,1.0,1.0,1.0,,2806.0,0.361217,1.0
2821.0,0.428405,0.42406,0.438959,0.438959,13.146349,1.05916,1.061231,40.0,40.0,17.754827,30.0,1.0,1.0,1.0,,2816.0,0.340267,1.0
2831.0,0.428329,0.423982,0.438884,0.438884,13.145542,1.099102,1.101101,40.0,40.0,18.223627,30.0,1.0,1.0,1.0,,2825.0,0.344974,1.0
2841.0,0.428252,0.423905,0.43881,0.43881,13.147219,1.012053,1.014072,40.0,40.0,17.201783,30.0,1.0,1.0,1.0,,2835.0,0.344667,1.0
2851.0,0.428175,0.423826,0.438734,0.438734,13.146176,1.063491,1.065405,40.0,40.0,17.805577,30.0,1.0,1.0,1.0,,2845.0,0.357006,1.0
2861.0,0.428099,0.423748,0.438656,0.438656,13.145958,1.073334,1.07533,40.0,40.0,17.921093,30.0,1.0,1.0,1.0,,2855.0,0.351077,1.0
2871.0,0.428022,0.42367,0.438578,0.438578,13.145662,1.08687,1.088932,40.0,40.0,18.079941,30.0,1.0,1.0,1.0,,2865.0,0.342614,1.0
2881.0,0.427945,0.423591,0.438499,0.438499,13.145061,1.115671,1.117775,40.0,40.0,18.417937,30.0,1.0,1.0,1.0,,2875.0,0.345804,1.0
2891.0,0.427868,0.423512,0.438418,0.438418,13.145735,1.079439,1.08156,40.0,40.0,17.992657,30.0,1.0,1.0,1.0,,2885.0,0.35379,1.0
2901.0,0.427792,0.423434,0.438344,0.438344,13.146143,1.057372,1.059507,40.0,40.0,17.733614,30.0,1.0,1.0,1.0,,2895.0,0.348966,1.0
2911.0,0.427716,0.423357,0.438268,0.438268,13.145373,1.095344,1.097404,40.0,40.0,18.179284,30.0,1.0,1.0,1.0,,2905.0,0.354231,1.0
2921.0,0.427639,0.423279,0.438191,0.438191,13.147099,1.005763,1.007842,40.0,40.0,17.127715,30.0,1.0,1.0,1.0,,2915.0,0.35653,1.0
2931.0,0.427562,0.4232,0.438118,0.438118,13.144212,1.151366,1.153388,40.0,40.0,18.836695,30.0,1.0,1.0,1.0,,2925.0,0.343815,1.0
2941.0,0.427486,0.423122,0.438043,0.438043,13.146072,1.054945,1.056994,40.0,40.0,17.705015,30.0,1.0,1.0,1.0,,2935.0,0.34482,1.0
2951.0,0.42741,0.423044,0.437968,0.437968,13.145636,1.075802,1.077802,40.0,40.0,17.9498,30.0,1.0,1.0,1.0,,2945.0,0.354848,1.0
2961.0,0.427333,0.422966,0.43789,0.43789,13.146895,1.010029,1.011912,40.0,40.0,17.177687,30.0,1.0,1.0,1.0,,2955.0,0.353411,1.0
2971.0,0.427257,0.422888,0.437816,0.437816,13.145414,1.084381,1.086315,40.0,40.0,18.050448,30.0,1.0,1.0,1.0,,2965.0,0.35675,1.0
2981.0,0.427181,0.422811,0.437741,0.437741,13.145218,1.092961,1.095079,40.0,40.0,18.151122,30.0,1.0,1.0,1.0,,2975.0,0.344692,1.0
2991.0,0.427103,0.422731,0.437666,0.437666,13.145251,1.089307,1.091299,40.0,40.0,18.108193,30.0,1.0,1.0,1.0,,2985.0,0.34405,1.0
3001.0,0.427027,0.422653,0.437588,0.437588,13.144672,1.11726,1.119291,40.0,40.0,18.43623,30.0,1.0,1.0,1.0,,2995.0,0.353068,1.0
3011.0,0.426949,0.422574,0.437511,0.437511,13.145104,1.093314,1.095203,40.0,40.0,18.155154,30.0,1.0,1.0,1.0,,3005.0,0.354401,1.0
3021.0,0.426872,0.422495,0.437431,0.437431,13.14552,1.070411,1.072506,40.0,40.0,17.88631,30.0,1.0,1.0,1.0,,3014.0,0.353795,1.0
3031.0,0.426796,0.422417,0.437354,0.437354,13.14563,1.063351,1.065405,40.0,40.0,17.80342,30.0,1.0,1.0,1.0,,3024.0,0.357675,1.0
3041.0,0.426719,0.422339,0.437279,0.437279,13.145241,1.081516,1.083574,40.0,40.0,18.016596,30.0,1.0,1.0,1.0,,3034.0,0.343442,1.0
3051.0,0.426643,0.422262,0.437207,0.437207,13.145617,1.061165,1.063141,40.0,40.0,17.777707,30.0,1.0,1.0,1.0,,3044.0,0.341633,1.0
3061.0,0.426566,0.422183,0.437131,0.437131,13.145606,1.060068,1.062082,40.0,40.0,17.764799,30.0,1.0,1.0,1.0,,3054.0,0.349247,1.0
3071.0,0.426489,0.422104,0.437055,0.437055,13.143981,1.14119,1.142943,40.0,40.0,18.716841,30.0,1.0,1.0,1.0,,3064.0,0.349988,1.0
3081.0,0.426412,0.422026,0.436978,0.436978,13.144854,1.094953,1.096906,40.0,40.0,18.174178,30.0,1.0,1.0,1.0,,3074.0,0.351744,1.0
3091.0,0.426335,0.421947,0.436905,0.436905,13.144668,1.102876,1.10488,40.0,40.0,18.267134,30.0,1.0,1.0,1.0,,3084.0,0.349647,1.0
3101.0,0.426257,0.421867,0.436827,0.436827,13.145085,1.079361,1.081228,40.0,40.0,17.99111,30.0,1.0,1.0,1.0,,3094.0,0.346309,1.0
3111.0,0.42618,0.421789,0.436753,0.436753,13.144763,1.094143,1.096158,40.0,40.0,18.164571,30.0,1.0,1.0,1.0,,3104.0,0.348789,1.0
3121.0,0.426104,0.421711,0.436678,0.436678,13.144498,1.106345,1.108452,40.0,40.0,18.307745,30.0,1.0,1.0,1.0,,3114.0,0.352033,1.0
3131.0,0.426027,0.421633,0.436601,0.436601,13.144914,1.083726,1.085776,40.0,40.0,18.042259,30.0,1.0,1.0,1.0,,3124.0,0.347134,1.0
3141.0,0.425951,0.421555,0.436527,0.436527,13.144213,1.117885,1.119894,40.0,40.0,18.443118,30.0,1.0,1.0,1.0,,3134.0,0.344472,1.0
3151.0,0.425874,0.421476,0.436447,0.436447,13.144798,1.086294,1.08833,40.0,40.0,18.072329,30.0,1.0,1.0,1.0,,3144.0,0.34411,1.0
3161.0,0.425797,0.421398,0.436371,0.436371,13.144345,1.107942,1.109905,40.0,40.0,18.326369,30.0,1.0,1.0,1.0,,3154.0,0.346169,1.0
3171.0,0.425721,0.42132,0.436298,0.436298,13.144071,1.120713,1.122759,40.0,40.0,18.476218,30.0,1.0,1.0,1.0,,3164.0,0.351676,1.0
3181.0,0.425644,0.421241,0.436219,0.436219,13.144359,1.104099,1.106147,40.0,40.0,18.281206,30.0,1.0,1.0,1.0,,3174.0,0.349476,1.0
3191.0,0.425567,0.421163,0.436142,0.436142,13.145327,1.053247,1.05525,40.0,40.0,17.684342,30.0,1.0,1.0,1.0,,3184.0,0.34853,1.0
3201.0,0.425491,0.421085,0.436071,0.436071,13.145463,1.045008,1.047193,40.0,40.0,17.587616,30.0,1.0,1.0,1.0,,3194.0,0.343756,1.0
3211.0,0.425414,0.421007,0.435992,0.435992,13.144321,1.101556,1.103613,40.0,40.0,18.251274,30.0,1.0,1.0,1.0,,3204.0,0.345241,1.0
3221.0,0.425337,0.420928,0.435914,0.435914,13.145217,1.054151,1.056288,40.0,40.0,17.694868,30.0,1.0,1.0,1.0,,3214.0,0.349263,1.0
3231.0,0.425261,0.42085,0.435837,0.435837,13.144538,1.087483,1.089513,40.0,40.0,18.086054,30.0,1.0,1.0,1.0,,3224.0,0.348802,1.0
3241.0,0.425185,0.420773,0.43576,0.43576,13.144329,1.096855,1.098816,40.0,40.0,18.196024,30.0,1.0,1.0,1.0,,3234.0,0.342581,1.0
3251.0,0.425108,0.420694,0.435686,0.435686,13.145317,1.044809,1.046923,40.0,40.0,17.585144,30.0,1.0,1.0,1.0,,3244.0,0.354458,1.0
3261.0,0.425031,0.420616,0.435613,0.435613,13.144332,1.093464,1.095473,40.0,40.0,18.156162,30.0,1.0,1.0,1.0,,3254.0,0.35182,1.0
3271.0,0.424954,0.420537,0.435537,0.435537,13.144904,1.062676,1.064698,40.0,40.0,17.794792,30.0,1.0,1.0,1.0,,3264.0,0.349548,1.0
3281.0,0.424879,0.420461,0.435463,0.435463,13.145708,1.020613,1.02271,40.0,40.0,17.301046,30.0,1.0,1.0,1.0,,3274.0,0.353819,1.0
3291.0,0.424802,0.420382,0.435387,0.435387,13.145031,1.05338,1.055292,40.0,40.0,17.685628,30.0,1.0,1.0,1.0,,3284.0,0.348946,1.0
3301.0,0.424725,0.420303,0.435312,0.435312,13.144099,1.099265,1.101184,40.0,40.0,18.22413,30.0,1.0,1.0,1.0,,3294.0,0.349284,1.0
3311.0,0.424648,0.420225,0.435234,0.435234,13.144587,1.072693,1.074728,40.0,40.0,17.912248,30.0,1.0,1.0,1.0,,3304.0,0.351943,1.0
3321.0,0.424572,0.420147,0.435157,0.435157,13.14468,1.066513,1.068457,40.0,40.0,17.839688,30.0,1.0,1.0,1.0,,3314.0,0.341748,1.0
3331.0,0.424495,0.420068,0.435081,0.435081,13.144543,1.071844,1.073981,40.0,40.0,17.902222,30.0,1.0,1.0,1.0,,3324.0,0.344489,1.0
3341.0,0.424417,0.419989,0.435004,0.435004,13.144695,1.062217,1.064221,40.0,40.0,17.789197,30.0,1.0,1.0,1.0,,3334.0,0.346121,1.0
3351.0,0.424342,0.419912,0.434928,0.434928,13.14457,1.067513,1.069475,40.0,40.0,17.851337,30.0,1.0,1.0,1.0,,3344.0,0.35741,1.0
3361.0,0.424264,0.419833,0.43485,0.43485,13.143306,1.130003,1.131979,40.0,40.0,18.584646,30.0,1.0,1.0,1.0,,3354.0,0.342808,1.0
3371.0,0.424189,0.419756,0.434778,0.434778,13.144296,1.078373,1.080314,40.0,40.0,17.978737,30.0,1.0,1.0,1.0,,3364.0,0.357861,1.0
3381.0,0.424112,0.419677,0.434701,0.434701,13.143641,1.11008,1.112003,40.0,40.0,18.350804,30.0,1.0,1.0,1.0,,3374.0,0.343506,1.0
3391.0,0.424035,0.419598,0.434628,0.434628,13.143323,1.124711,1.126539,40.0,40.0,18.522467,30.0,1.0,1.0,1.0,,3384.0,0.355252,1.0
3401.0,0.423958,0.41952,0.434549,0.434549,13.144701,1.052729,1.054627,40.0,40.0,17.677665,30.0,1.0,1.0,1.0,,3393.0,0.350124,1.0
3411.0,0.42388,0.419441,0.434475,0.434475,13.143354,1.119561,1.121679,40.0,40.0,18.461963,30.0,1.0,1.0,1.0,,3403.0,0.343466,1.0
3421.0,0.423803,0.419362,0.4344,0.4344,13.14362,1.104165,1.106147,40.0,40.0,18.281252,30.0,1.0,1.0,1.0,,3413.0,0.357875,1.0
3431.0,0.423726,0.419283,0.434322,0.434322,13.144746,1.045214,1.047401,40.0,40.0,17.589363,30.0,1.0,1.0,1.0,,3423.0,0.351541,1.0
3441.0,0.42365,0.419205,0.434246,0.434246,13.143196,1.122863,1.124753,40.0,40.0,18.500619,30.0,1.0,1.0,1.0,,3433.0,0.358497,1.0
3451.0,0.423574,0.419128,0.434172,0.434172,13.144328,1.063733,1.065861,40.0,40.0,17.806673,30.0,1.0,1.0,1.0,,3443.0,0.349585,1.0
3461.0,0.423497,0.41905,0.434095,0.434095,13.143364,1.111496,1.113456,40.0,40.0,18.367174,30.0,1.0,1.0,1.0,,3453.0,0.352316,1.0
3471.0,0.423422,0.418973,0.43402,0.43402,13.144832,1.03541,1.037309,40.0,40.0,17.474198,30.0,1.0,1.0,1.0,,3463.0,0.353004,1.0
3481.0,0.423345,0.418894,0.433944,0.433944,13.14325,1.114332,1.11628,40.0,40.0,18.400391,30.0,1.0,1.0,1.0,,3473.0,0.351883,1.0
3491.0,0.423267,0.418815,0.433866,0.433866,13.144412,1.053318,1.055416,40.0,40.0,17.684318,30.0,1.0,1.0,1.0,,3483.0,0.350975,1.0
3501.0,0.423191,0.418736,0.433788,0.433788,13.144415,1.05149,1.05363,40.0,40.0,17.662837,30.0,1.0,1.0,1.0,,3493.0,0.355342,1.0
3511.0,0.423114,0.418659,0.433712,0.433712,13.14251,1.14745,1.149505,40.0,40.0,18.788916,30.0,1.0,1.0,1.0,,3503.0,0.349375,1.0
3521.0,0.423039,0.418582,0.433633,0.433633,13.144036,1.068385,1.07043,40.0,40.0,17.861079,30.0,1.0,1.0,1.0,,3513.0,0.346025,1.0
3531.0,0.422961,0.418502,0.433558,0.433558,13.143126,1.11292,1.114951,40.0,40.0,18.383672,30.0,1.0,1.0,1.0,,3523.0,0.352799,1.0
3541.0,0.422885,0.418425,0.433482,0.433482,13.143891,1.072549,1.074562,40.0,40.0,17.90988,30.0,1.0,1.0,1.0,,3533.0,0.344019,1.0
3551.0,0.422809,0.418347,0.433407,0.433407,13.143997,1.065794,1.067813,40.0,40.0,17.830585,30.0,1.0,1.0,1.0,,3543.0,0.349276,1.0
3561.0,0.422732,0.418269,0.433329,0.433329,13.143241,1.10268,1.104714,40.0,40.0,18.263424,30.0,1.0,1.0,1.0,,3553.0,0.359885,1.0
3571.0,0.422656,0.41819,0.433253,0.433253,13.144681,1.027644,1.029688,40.0,40.0,17.382763,30.0,1.0,1.0,1.0,,3563.0,0.351538,1.0
3581.0,0.42258,0.418114,0.433177,0.433177,13.144165,1.052915,1.054918,40.0,40.0,17.679343,30.0,1.0,1.0,1.0,,3572.0,0.34031,1.0
3591.0,0.422503,0.418034,0.433098,0.433098,13.143292,1.095537,1.097467,40.0,40.0,18.17952,30.0,1.0,1.0,1.0,,3582.0,0.346796,1.0
3601.0,0.422428,0.417957,0.433024,0.433024,13.143017,1.108473,1.110383,40.0,40.0,18.331295,30.0,1.0,1.0,1.0,,3592.0,0.345889,1.0
3611.0,0.422351,0.417879,0.432947,0.432947,13.143761,1.068796,1.070762,40.0,40.0,17.865647,30.0,1.0,1.0,1.0,,3602.0,0.338177,1.0
3621.0,0.422274,0.417801,0.43287,0.43287,13.144207,1.044455,1.046362,40.0,40.0,17.579942,30.0,1.0,1.0,1.0,,3612.0,0.349276,1.0
3631.0,0.422198,0.417723,0.432797,0.432797,13.143875,1.059963,1.061999,40.0,40.0,17.761923,30.0,1.0,1.0,1.0,,3622.0,0.356179,1.0
3641.0,0.422121,0.417644,0.432723,0.432723,13.14309,1.098169,1.100145,40.0,40.0,18.210253,30.0,1.0,1.0,1.0,,3632.0,0.356318,1.0
3651.0,0.422044,0.417566,0.43265,0.43265,13.143273,1.08742,1.089451,40.0,40.0,18.084082,30.0,1.0,1.0,1.0,,3642.0,0.35793,1.0
3661.0,0.421967,0.417487,0.432573,0.432573,13.143206,1.088951,1.090967,40.0,40.0,18.102019,30.0,1.0,1.0,1.0,,3652.0,0.353734,1.0
3671.0,0.421891,0.417409,0.432496,0.432496,13.143632,1.065819,1.067896,40.0,40.0,17.830527,30.0,1.0,1.0,1.0,,3662.0,0.347707,1.0
3681.0,0.421813,0.41733,0.43242,0.43242,13.143154,1.088379,1.090344,40.0,40.0,18.095249,30.0,1.0,1.0,1.0,,3672.0,0.352829,1.0
3691.0,0.421736,0.417251,0.432343,0.432343,13.143116,1.088277,1.09024,40.0,40.0,18.094003,30.0,1.0,1.0,1.0,,3682.0,0.358175,1.0
3701.0,0.42166,0.417174,0.432268,0.432268,13.144496,1.016621,1.018433,40.0,40.0,17.25301,30.0,1.0,1.0,1.0,,3692.0,0.354698,1.0
3711.0,0.421582,0.417094,0.432192,0.432192,13.143333,1.074029,1.076078,40.0,40.0,17.926748,30.0,1.0,1.0,1.0,,3702.0,0.354696,1.0
3721.0,0.421506,0.417017,0.432117,0.432117,13.144254,1.025671,1.027715,40.0,40.0,17.35918,30.0,1.0,1.0,1.0,,3712.0,0.346122,1.0
3731.0,0.421429,0.416938,0.432044,0.432044,13.142031,1.137493,1.139496,40.0,40.0,18.671393,30.0,1.0,1.0,1.0,,3722.0,0.352506,1.0
3741.0,0.421351,0.416858,0.431966,0.431966,13.142494,1.111777,1.113685,40.0,40.0,18.369605,30.0,1.0,1.0,1.0,,3732.0,0.35954,1.0
3751.0,0.421274,0.41678,0.43189,0.43189,13.142997,1.084452,1.086482,40.0,40.0,18.048936,30.0,1.0,1.0,1.0,,3742.0,0.365258,1.0
3761.0,0.421199,0.416703,0.431814,0.431814,13.143423,1.061618,1.063681,40.0,40.0,17.780949,30.0,1.0,1.0,1.0,,3752.0,0.344259,1.0
3771.0,0.421123,0.416626,0.43174,0.43174,13.143851,1.038617,1.040652,40.0,40.0,17.510987,30.0,1.0,1.0,1.0,,3762.0,0.345018,1.0
3781.0,0.421047,0.416548,0.431662,0.431662,13.143941,1.032656,1.034692,40.0,40.0,17.44099,30.0,1.0,1.0,1.0,,3772.0,0.353926,1.0
3791.0,0.42097,0.41647,0.431585,0.431585,13.142802,1.089188,1.091009,40.0,40.0,18.104407,30.0,1.0,1.0,1.0,,3782.0,0.345393,1.0
3801.0,0.420894,0.416391,0.431508,0.431508,13.143117,1.07148,1.073628,40.0,40.0,17.896576,30.0,1.0,1.0,1.0,,3792.0,0.348622,1.0
3811.0,0.420818,0.416314,0.431433,0.431433,13.142361,1.108839,1.111006,40.0,40.0,18.334952,30.0,1.0,1.0,1.0,,3802.0,0.356332,1.0
3821.0,0.420741,0.416235,0.431357,0.431357,13.143734,1.037005,1.038928,40.0,40.0,17.491922,30.0,1.0,1.0,1.0,,3812.0,0.339491,1.0
3831.0,0.420663,0.416156,0.431279,0.431279,13.142851,1.080264,1.082391,40.0,40.0,17.999562,30.0,1.0,1.0,1.0,,3822.0,0.348049,1.0
3841.0,0.420587,0.416078,0.431203,0.431203,13.142704,1.086307,1.088184,40.0,40.0,18.070456,30.0,1.0,1.0,1.0,,3832.0,0.351715,1.0
3851.0,0.420511,0.416001,0.431124,0.431124,13.144098,1.013879,1.015816,40.0,40.0,17.220418,30.0,1.0,1.0,1.0,,3842.0,0.335722,1.0
3861.0,0.420435,0.415923,0.431046,0.431046,13.142051,1.116874,1.11898,40.0,40.0,18.429077,30.0,1.0,1.0,1.0,,3852.0,0.346618,1.0
3871.0,0.420359,0.415846,0.430972,0.430972,13.143033,1.065435,1.067377,40.0,40.0,17.825448,30.0,1.0,1.0,1.0,,3862.0,0.345735,1.0
3881.0,0.420283,0.415768,0.430896,0.430896,13.143126,1.059354,1.061376,40.0,40.0,17.754059,30.0,1.0,1.0,1.0,,3872.0,0.359753,1.0
3891.0,0.420206,0.415689,0.430819,0.430819,13.142396,1.094776,1.09674,40.0,40.0,18.169698,30.0,1.0,1.0,1.0,,3882.0,0.351847,1.0
3901.0,0.42013,0.415612,0.430746,0.430746,13.143776,1.023089,1.025078,40.0,40.0,17.328387,30.0,1.0,1.0,1.0,,3892.0,0.348248,1.0
3911.0,0.420055,0.415535,0.430672,0.430672,13.142957,1.063698,1.065716,40.0,40.0,17.804952,30.0,1.0,1.0,1.0,,3902.0,0.35716,1.0
3921.0,0.419977,0.415456,0.430594,0.430594,13.142728,1.073557,1.07558,40.0,40.0,17.920618,30.0,1.0,1.0,1.0,,3912.0,0.3303,1.0
3931.0,0.4199,0.415377,0.430518,0.430518,13.142096,1.103981,1.105835,40.0,40.0,18.277586,30.0,1.0,1.0,1.0,,3922.0,0.35354,1.0
3941.0,0.419825,0.4153,0.430443,0.430443,13.143107,1.051251,1.053194,40.0,40.0,17.658796,30.0,1.0,1.0,1.0,,3932.0,0.35411,1.0
3951.0,0.419748,0.415222,0.430365,0.430365,13.143261,1.041706,1.043871,40.0,40.0,17.546745,30.0,1.0,1.0,1.0,,3942.0,0.341983,1.0
3961.0,0.419673,0.415145,0.430296,0.430296,13.143275,1.039932,1.041919,40.0,40.0,17.525903,30.0,1.0,1.0,1.0,,3952.0,0.357384,1.0
3971.0,0.419595,0.415066,0.430219,0.430219,13.14208,1.098915,1.100748,40.0,40.0,18.218032,30.0,1.0,1.0,1.0,,3962.0,0.346697,1.0
3981.0,0.419517,0.414986,0.430142,0.430142,13.142169,1.092218,1.094227,40.0,40.0,18.139403,30.0,1.0,1.0,1.0,,3972.0,0.341285,1.0
3991.0,0.41944,0.414907,0.430068,0.430068,13.142207,1.088423,1.090365,40.0,40.0,18.094842,30.0,1.0,1.0,1.0,,3982.0,0.347425,1.0
4001.0,0.419363,0.414829,0.429992,0.429992,13.143047,1.043929,1.04603,40.0,40.0,17.572674,30.0,1.0,1.0,1.0,,3992.0,0.339666,1.0
4011.0,0.419289,0.414753,0.429917,0.429917,13.14243,1.074757,1.076846,40.0,40.0,17.934439,30.0,1.0,1.0,1.0,,4002.0,0.348484,1.0
4021.0,0.419213,0.414676,0.429842,0.429842,13.143198,1.034204,1.036187,40.0,40.0,17.45851,30.0,1.0,1.0,1.0,,4012.0,0.351329,1.0
4031.0,0.419136,0.414597,0.429765,0.429765,13.141413,1.12362,1.125604,40.0,40.0,18.507721,30.0,1.0,1.0,1.0,,4022.0,0.347207,1.0
4041.0,0.419059,0.414518,0.429686,0.429686,13.14276,1.052996,1.054835,40.0,40.0,17.678977,30.0,1.0,1.0,1.0,,4032.0,0.352692,1.0
4051.0,0.418983,0.41444,0.429609,0.429609,13.141936,1.093629,1.095764,40.0,40.0,18.155765,30.0,1.0,1.0,1.0,,4041.0,0.347257,1.0
4061.0,0.418906,0.414362,0.429533,0.429533,13.141127,1.133231,1.135302,40.0,40.0,18.620384,30.0,1.0,1.0,1.0,,4051.0,0.358033,1.0
4071.0,0.418829,0.414283,0.429456,0.429456,13.143177,1.02688,1.028712,40.0,40.0,17.372394,30.0,1.0,1.0,1.0,,4061.0,0.345283,1.0
4081.0,0.418752,0.414205,0.429383,0.429383,13.142261,1.071965,1.074022,40.0,40.0,17.901458,30.0,1.0,1.0,1.0,,4071.0,0.360439,1.0
4091.0,0.418676,0.414127,0.42931,0.42931,13.14211,1.078102,1.080169,40.0,40.0,17.973443,30.0,1.0,1.0,1.0,,4081.0,0.343493,1.0
4101.0,0.4186,0.414049,0.429239,0.429239,13.141721,1.0966,1.098567,40.0,40.0,18.190471,30.0,1.0,1.0,1.0,,4091.0,0.344237,1.0
4111.0,0.418523,0.413971,0.429162,0.429162,13.141471,1.107909,1.109843,40.0,40.0,18.323134,30.0,1.0,1.0,1.0,,4101.0,0.343155,1.0
4121.0,0.418447,0.413893,0.429088,0.429088,13.141542,1.102742,1.104776,40.0,40.0,18.262482,30.0,1.0,1.0,1.0,,4111.0,0.342144,1.0
4131.0,0.41837,0.413815,0.429013,0.429013,13.14234,1.060207,1.06229,40.0,40.0,17.763341,30.0,1.0,1.0,1.0,,4121.0,0.34728,1.0
4141.0,0.418293,0.413736,0.428937,0.428937,13.142124,1.069576,1.071696,40.0,40.0,17.873245,30.0,1.0,1.0,1.0,,4131.0,0.353239,1.0
4151.0,0.418217,0.413658,0.428862,0.428862,13.143103,1.018167,1.020052,40.0,40.0,17.269923,30.0,1.0,1.0,1.0,,4141.0,0.351473,1.0
4161.0,0.41814,0.41358,0.428785,0.428785,13.142064,1.06954,1.071634,40.0,40.0,17.872767,30.0,1.0,1.0,1.0,,4151.0,0.341376,1.0
4171.0,0.418064,0.413502,0.428711,0.428711,13.141746,1.084386,1.08644,40.0,40.0,18.046942,30.0,1.0,1.0,1.0,,4161.0,0.352204,1.0
4181.0,0.417989,0.413426,0.428636,0.428636,13.142258,1.057294,1.059403,40.0,40.0,17.729015,30.0,1.0,1.0,1.0,,4171.0,0.347272,1.0
4191.0,0.417912,0.413347,0.428562,0.428562,13.141215,1.108691,1.110757,40.0,40.0,18.332067,30.0,1.0,1.0,1.0,,4181.0,0.351395,1.0
4201.0,0.417835,0.413268,0.428486,0.428486,13.141169,1.109308,1.1114,40.0,40.0,18.339282,30.0,1.0,1.0,1.0,,4191.0,0.337825,1.0
4211.0,0.417759,0.413191,0.428409,0.428409,13.142413,1.044543,1.046549,40.0,40.0,17.579297,30.0,1.0,1.0,1.0,,4201.0,0.35051,1.0
4221.0,0.417683,0.413114,0.428335,0.428335,13.141886,1.070023,1.07205,40.0,40.0,17.878272,30.0,1.0,1.0,1.0,,4211.0,0.349235,1.0
4231.0,0.417606,0.413034,0.428262,0.428262,13.141345,1.095693,1.097778,40.0,40.0,18.179441,30.0,1.0,1.0,1.0,,4221.0,0.348796,1.0
4241.0,0.41753,0.412957,0.428187,0.428187,13.141567,1.082884,1.084986,40.0,40.0,18.029115,30.0,1.0,1.0,1.0,,4231.0,0.351898,1.0
4251.0,0.417453,0.412878,0.428109,0.428109,13.141548,1.082175,1.084218,40.0,40.0,18.020767,30.0,1.0,1.0,1.0,,4241.0,0.353695,1.0
4261.0,0.417376,0.4128,0.428033,0.428033,13.142105,1.052142,1.054108,40.0,40.0,17.668319,30.0,1.0,1.0,1.0,,4251.0,0.35231,1.0
4271.0,0.417299,0.412722,0.427955,0.427955,13.141144,1.099535,1.101537,40.0,40.0,18.224392,30.0,1.0,1.0,1.0,,4261.0,0.335085,1.0
4281.0,0.417223,0.412643,0.427878,0.427878,13.141068,1.101832,1.103842,40.0,40.0,18.25132,30.0,1.0,1.0,1.0,,4271.0,0.342556,1.0
4291.0,0.417147,0.412566,0.427802,0.427802,13.14198,1.053866,1.055956,40.0,40.0,17.688473,30.0,1.0,1.0,1.0,,4281.0,0.350449,1.0
4301.0,0.417071,0.412488,0.427726,0.427726,13.141829,1.0602,1.062124,40.0,40.0,17.762769,30.0,1.0,1.0,1.0,,4291.0,0.339409,1.0
4311.0,0.416994,0.41241,0.427652,0.427652,13.141388,1.081143,1.083221,40.0,40.0,18.008479,30.0,1.0,1.0,1.0,,4301.0,0.351553,1.0
4321.0,0.416917,0.412331,0.427576,0.427576,13.140842,1.10714,1.109116,40.0,40.0,18.31347,30.0,1.0,1.0,1.0,,4311.0,0.347388,1.0
4331.0,0.41684,0.412253,0.427502,0.427502,13.141704,1.061521,1.063515,40.0,40.0,17.778172,30.0,1.0,1.0,1.0,,4321.0,0.353846,1.0
4341.0,0.416763,0.412174,0.427422,0.427422,13.141213,1.084649,1.086752,40.0,40.0,18.049512,30.0,1.0,1.0,1.0,,4331.0,0.357632,1.0
4351.0,0.416687,0.412096,0.427347,0.427347,13.14158,1.064567,1.06665,40.0,40.0,17.813851,30.0,1.0,1.0,1.0,,4341.0,0.341625,1.0
4361.0,0.416609,0.412017,0.42727,0.42727,13.139635,1.161887,1.163854,40.0,40.0,18.955607,30.0,1.0,1.0,1.0,,4351.0,0.353913,1.0
4371.0,0.416533,0.411939,0.427195,0.427195,13.140943,1.093653,1.095577,40.0,40.0,18.155077,30.0,1.0,1.0,1.0,,4361.0,0.348947,1.0
4381.0,0.416456,0.411861,0.42712,0.42712,13.14156,1.060675,1.062809,40.0,40.0,17.768093,30.0,1.0,1.0,1.0,,4371.0,0.3518,1.0
4391.0,0.41638,0.411783,0.427046,0.427046,13.141392,1.067839,1.069786,40.0,40.0,17.852134,30.0,1.0,1.0,1.0,,4381.0,0.348316,1.0
4401.0,0.416303,0.411704,0.426967,0.426967,13.140402,1.1164,1.118274,40.0,40.0,18.421854,30.0,1.0,1.0,1.0,,4391.0,0.337877,1.0
4411.0,0.416225,0.411625,0.426888,0.426888,13.141695,1.048599,1.05064,40.0,40.0,17.626293,30.0,1.0,1.0,1.0,,4401.0,0.357068,1.0
4421.0,0.416148,0.411546,0.426808,0.426808,13.140493,1.108032,1.110175,40.0,40.0,18.323614,30.0,1.0,1.0,1.0,,4411.0,0.355286,1.0
4431.0,0.416072,0.411469,0.426734,0.426734,13.141394,1.060916,1.062767,40.0,40.0,17.770775,30.0,1.0,1.0,1.0,,4421.0,0.350931,1.0
4441.0,0.415995,0.41139,0.426659,0.426659,13.14035,1.112313,1.114204,40.0,40.0,18.373777,30.0,1.0,1.0,1.0,,4431.0,0.344814,1.0
4451.0,0.415918,0.411312,0.426584,0.426584,13.141329,1.060883,1.063058,40.0,40.0,17.770321,30.0,1.0,1.0,1.0,,4441.0,0.356174,1.0
4461.0,0.415841,0.411233,0.426506,0.426506,13.141198,1.065776,1.067793,40.0,40.0,17.827697,30.0,1.0,1.0,1.0,,4451.0,0.349195,1.0
4471.0,0.415766,0.411156,0.426434,0.426434,13.140844,1.082771,1.084737,40.0,40.0,18.027087,30.0,1.0,1.0,1.0,,4461.0,0.342609,1.0
4481.0,0.415689,0.411078,0.426359,0.426359,13.140812,1.082898,1.084862,40.0,40.0,18.028551,30.0,1.0,1.0,1.0,,4471.0,0.344602,1.0
4491.0,0.415612,0.410999,0.426283,0.426283,13.140926,1.075258,1.077158,40.0,40.0,17.938871,30.0,1.0,1.0,1.0,,4481.0,0.357572,1.0
4501.0,0.415536,0.410921,0.426209,0.426209,13.140341,1.103821,1.105877,40.0,40.0,18.273972,30.0,1.0,1.0,1.0,,4491.0,0.353109,1.0
4511.0,0.41546,0.410844,0.426135,0.426135,13.141732,1.031599,1.033654,40.0,40.0,17.426532,30.0,1.0,1.0,1.0,,4501.0,0.357624,1.0
4521.0,0.415383,0.410765,0.426058,0.426058,13.139978,1.119222,1.121243,40.0,40.0,18.454596,30.0,1.0,1.0,1.0,,4511.0,0.34891,1.0
4531.0,0.415306,0.410687,0.425982,0.425982,13.141317,1.049405,1.051388,40.0,40.0,17.635415,30.0,1.0,1.0,1.0,,4521.0,0.343022,1.0
4541.0,0.415231,0.41061,0.42591,0.42591,13.140843,1.072443,1.074541,40.0,40.0,17.905711,30.0,1.0,1.0,1.0,,4531.0,0.354219,1.0
4551.0,0.415154,0.410532,0.425831,0.425831,13.141496,1.037572,1.039572,40.0,40.0,17.496513,30.0,1.0,1.0,1.0,,4541.0,0.352932,1.0
4561.0,0.415078,0.410454,0.425755,0.425755,13.140973,1.062777,1.064636,40.0,40.0,17.792243,30.0,1.0,1.0,1.0,,4551.0,0.341844,1.0
4571.0,0.415001,0.410375,0.425676,0.425676,13.140805,1.069738,1.071946,40.0,40.0,17.873884,30.0,1.0,1.0,1.0,,4561.0,0.345854,1.0
4581.0,0.414925,0.410297,0.425603,0.425603,13.140234,1.097302,1.09919,40.0,40.0,18.197264,30.0,1.0,1.0,1.0,,4571.0,0.359376,1.0
4591.0,0.414848,0.410219,0.425523,0.425523,13.140656,1.07419,1.076203,40.0,40.0,17.926063,30.0,1.0,1.0,1.0,,4581.0,0.351654,1.0
4601.0,0.414771,0.41014,0.425455,0.425455,13.140899,1.060053,1.06204,40.0,40.0,17.760159,30.0,1.0,1.0,1.0,,4590.0,0.344597,1.0
4611.0,0.414695,0.410063,0.42537,0.42537,13.139982,1.10553,1.107517,40.0,40.0,18.293707,30.0,1.0,1.0,1.0,,4600.0,0.347037,1.0
4621.0,0.41462,0.409986,0.425292,0.425292,13.140709,1.067423,1.069288,40.0,40.0,17.846593,30.0,1.0,1.0,1.0,,4610.0,0.348337,1.0
4631.0,0.414544,0.409908,0.425215,0.425215,13.140895,1.056407,1.058406,40.0,40.0,17.71731,30.0,1.0,1.0,1.0,,4620.0,0.353776,1.0
4641.0,0.414466,0.409829,0.425139,0.425139,13.139794,1.110623,1.112605,40.0,40.0,18.353366,30.0,1.0,1.0,1.0,,4630.0,0.345181,1.0
4651.0,0.414389,0.40975,0.42506,0.42506,13.139704,1.113319,1.115304,40.0,40.0,18.384962,30.0,1.0,1.0,1.0,,4640.0,0.341081,1.0
4661.0,0.414313,0.409672,0.424984,0.424984,13.140245,1.084279,1.086274,40.0,40.0,18.044234,30.0,1.0,1.0,1.0,,4650.0,0.342626,1.0
4671.0,0.414237,0.409595,0.42491,0.42491,13.140732,1.058202,1.060338,40.0,40.0,17.738244,30.0,1.0,1.0,1.0,,4660.0,0.354233,1.0
4681.0,0.414161,0.409517,0.424836,0.424836,13.140959,1.04519,1.047193,40.0,40.0,17.585545,30.0,1.0,1.0,1.0,,4670.0,0.340395,1.0
4691.0,0.414084,0.409439,0.424757,0.424757,13.141422,1.019931,1.022067,40.0,40.0,17.289112,30.0,1.0,1.0,1.0,,4680.0,0.352584,1.0
4701.0,0.414008,0.409361,0.42468,0.42468,13.140079,1.08704,1.088953,40.0,40.0,18.076515,30.0,1.0,1.0,1.0,,4690.0,0.354059,1.0
4711.0,0.413932,0.409283,0.424602,0.424602,13.139621,1.108757,1.110923,40.0,40.0,18.331272,30.0,1.0,1.0,1.0,,4700.0,0.350681,1.0
4721.0,0.413856,0.409206,0.424526,0.424526,13.140284,1.073717,1.075746,40.0,40.0,17.920147,30.0,1.0,1.0,1.0,,4710.0,0.355236,1.0
4731.0,0.413779,0.409127,0.424449,0.424449,13.140329,1.069645,1.071468,40.0,40.0,17.872346,30.0,1.0,1.0,1.0,,4720.0,0.346912,1.0
4741.0,0.413702,0.409048,0.424372,0.424372,13.140037,1.082697,1.084862,40.0,40.0,18.025438,30.0,1.0,1.0,1.0,,4730.0,0.350475,1.0
4751.0,0.413625,0.40897,0.424297,0.424297,13.140524,1.056063,1.058095,40.0,40.0,17.712916,30.0,1.0,1.0,1.0,,4740.0,0.355573,1.0
4761.0,0.413548,0.408892,0.42422,0.42422,13.139169,1.123628,1.125687,40.0,40.0,18.505558,30.0,1.0,1.0,1.0,,4750.0,0.343568,1.0
4771.0,0.41347,0.408812,0.424141,0.424141,13.139039,1.128224,1.130152,40.0,40.0,18.559439,30.0,1.0,1.0,1.0,,4760.0,0.343878,1.0
4781.0,0.413393,0.408734,0.424065,0.424065,13.139796,1.087942,1.089991,40.0,40.0,18.086835,30.0,1.0,1.0,1.0,,4770.0,0.344409,1.0
4791.0,0.413316,0.408655,0.423987,0.423987,13.139708,1.090668,1.092462,40.0,40.0,18.11879,30.0,1.0,1.0,1.0,,4780.0,0.340839,1.0
4801.0,0.413239,0.408576,0.42391,0.42391,13.139317,1.108829,1.110653,40.0,40.0,18.331813,30.0,1.0,1.0,1.0,,4790.0,0.348392,1.0
4811.0,0.413163,0.408498,0.423833,0.423833,13.140047,1.07021,1.072236,40.0,40.0,17.878706,30.0,1.0,1.0,1.0,,4800.0,0.338244,1.0
4821.0,0.413087,0.408421,0.423757,0.423757,13.139473,1.098355,1.100291,40.0,40.0,18.208893,30.0,1.0,1.0,1.0,,4810.0,0.344003,1.0
4831.0,0.413011,0.408343,0.423678,0.423678,13.140176,1.060946,1.06312,40.0,40.0,17.769968,30.0,1.0,1.0,1.0,,4820.0,0.351369,1.0
4841.0,0.412935,0.408266,0.423605,0.423605,13.139629,1.087666,1.089721,40.0,40.0,18.083429,30.0,1.0,1.0,1.0,,4830.0,0.339481,1.0
4851.0,0.412858,0.408187,0.423531,0.423531,13.138728,1.131886,1.133931,40.0,40.0,18.602148,30.0,1.0,1.0,1.0,,4840.0,0.347942,1.0
4861.0,0.412782,0.40811,0.423455,0.423455,13.140063,1.062356,1.064325,40.0,40.0,17.786429,30.0,1.0,1.0,1.0,,4850.0,0.351992,1.0
4871.0,0.412707,0.408032,0.423378,0.423378,13.140129,1.057801,1.059943,40.0,40.0,17.73297,30.0,1.0,1.0,1.0,,4860.0,0.34988,1.0
4881.0,0.412631,0.407955,0.423302,0.423302,13.139968,1.064604,1.066588,40.0,40.0,17.812755,30.0,1.0,1.0,1.0,,4870.0,0.357556,1.0
4891.0,0.412554,0.407876,0.42322,0.42322,13.140154,1.053406,1.055416,40.0,40.0,17.681339,30.0,1.0,1.0,1.0,,4880.0,0.346732,1.0
4901.0,0.412477,0.407798,0.423142,0.423142,13.139291,1.095847,1.097903,40.0,40.0,18.179242,30.0,1.0,1.0,1.0,,4890.0,0.353791,1.0
4911.0,0.4124,0.407719,0.423069,0.423069,13.139267,1.095278,1.097155,40.0,40.0,18.172534,30.0,1.0,1.0,1.0,,4900.0,0.353389,1.0
4921.0,0.412323,0.407641,0.422992,0.422992,13.138927,1.110867,1.112916,40.0,40.0,18.355372,30.0,1.0,1.0,1.0,,4910.0,0.349664,1.0
4931.0,0.412246,0.407562,0.422913,0.422913,13.138735,1.118861,1.120932,40.0,40.0,18.449109,30.0,1.0,1.0,1.0,,4919.0,0.336742,1.0
4941.0,0.412169,0.407484,0.422837,0.422837,13.138805,1.113759,1.115699,40.0,40.0,18.389237,30.0,1.0,1.0,1.0,,4929.0,0.350653,1.0
4951.0,0.412094,0.407406,0.422762,0.422762,13.139701,1.06676,1.068706,40.0,40.0,17.837834,30.0,1.0,1.0,1.0,,4939.0,0.352566,1.0
4961.0,0.412017,0.407328,0.422686,0.422686,13.138474,1.127729,1.129757,40.0,40.0,18.553053,30.0,1.0,1.0,1.0,,4949.0,0.355361,1.0
4971.0,0.411941,0.407251,0.42261,0.42261,13.139927,1.052234,1.054295,40.0,40.0,17.667357,30.0,1.0,1.0,1.0,,4959.0,0.34619,1.0
4981.0,0.411864,0.407172,0.422536,0.422536,13.138442,1.126404,1.128283,40.0,40.0,18.537445,30.0,1.0,1.0,1.0,,4969.0,0.352505,1.0
4991.0,0.411787,0.407094,0.42246,0.42246,13.139005,1.095913,1.097903,40.0,40.0,18.179736,30.0,1.0,1.0,1.0,,4979.0,0.342044,1.0
5001.0,0.411711,0.407015,0.422381,0.422381,13.139622,1.062911,1.064968,40.0,40.0,17.792531,30.0,1.0,1.0,1.0,,4989.0,0.360038,1.0
5011.0,0.411634,0.406937,0.422304,0.422304,13.139567,1.064112,1.066235,40.0,40.0,17.806598,30.0,1.0,1.0,1.0,,4999.0,0.335873,1.0
5021.0,0.411558,0.40686,0.42223,0.42223,13.140049,1.038164,1.040216,40.0,40.0,17.502123,30.0,1.0,1.0,1.0,,5009.0,0.349775,1.0
5031.0,0.411483,0.406783,0.422156,0.422156,13.140242,1.02714,1.029272,40.0,40.0,17.372762,30.0,1.0,1.0,1.0,,5019.0,0.343751,1.0
5041.0,0.411404,0.406703,0.422078,0.422078,13.138318,1.123103,1.124981,40.0,40.0,18.498538,30.0,1.0,1.0,1.0,,5029.0,0.344047,1.0
5051.0,0.411328,0.406625,0.422004,0.422004,13.138015,1.137043,1.138832,40.0,40.0,18.662018,30.0,1.0,1.0,1.0,,5039.0,0.354031,1.0
5061.0,0.411251,0.406547,0.421929,0.421929,13.140523,1.007513,1.009483,40.0,40.0,17.142366,30.0,1.0,1.0,1.0,,5049.0,0.34831,1.0
5071.0,0.411175,0.406468,0.421851,0.421851,13.138639,1.102067,1.104049,40.0,40.0,18.251687,30.0,1.0,1.0,1.0,,5059.0,0.342601,1.0
5081.0,0.411096,0.406388,0.421773,0.421773,13.138864,1.088261,1.090282,40.0,40.0,18.089684,30.0,1.0,1.0,1.0,,5069.0,0.350953,1.0
5091.0,0.41102,0.40631,0.421696,0.421696,13.139396,1.059626,1.061584,40.0,40.0,17.753722,30.0,1.0,1.0,1.0,,5079.0,0.354526,1.0
5101.0,0.410942,0.406231,0.421618,0.421618,13.139325,1.061483,1.063453,40.0,40.0,17.775468,30.0,1.0,1.0,1.0,,5089.0,0.350412,1.0
5111.0,0.410866,0.406153,0.42154,0.42154,13.13859,1.097332,1.099398,40.0,40.0,18.196003,30.0,1.0,1.0,1.0,,5099.0,0.348361,1.0
5121.0,0.410789,0.406075,0.421462,0.421462,13.138637,1.093611,1.095764,40.0,40.0,18.152321,30.0,1.0,1.0,1.0,,5109.0,0.354468,1.0
5131.0,0.410712,0.405996,0.421386,0.421386,13.138123,1.118021,1.12008,40.0,40.0,18.438635,30.0,1.0,1.0,1.0,,5119.0,0.345473,1.0
5141.0,0.410636,0.405918,0.42131,0.42131,13.138415,1.101663,1.103634,40.0,40.0,18.24672,30.0,1.0,1.0,1.0,,5129.0,0.352463,1.0
5151.0,0.410559,0.405839,0.421233,0.421233,13.138975,1.071301,1.073275,40.0,40.0,17.890501,30.0,1.0,1.0,1.0,,5139.0,0.356501,1.0
5161.0,0.410482,0.405761,0.421158,0.421158,13.13878,1.079757,1.081851,40.0,40.0,17.989671,30.0,1.0,1.0,1.0,,5149.0,0.347845,1.0
5171.0,0.410406,0.405683,0.421083,0.421083,13.13847,1.094196,1.096221,40.0,40.0,18.159038,30.0,1.0,1.0,1.0,,5159.0,0.356234,1.0
5181.0,0.410329,0.405605,0.421005,0.421005,13.138729,1.079385,1.081436,40.0,40.0,17.985253,30.0,1.0,1.0,1.0,,5169.0,0.361868,1.0
5191.0,0.410253,0.405528,0.42093,0.42093,13.13914,1.057188,1.059092,40.0,40.0,17.72483,30.0,1.0,1.0,1.0,,5179.0,0.356372,1.0
5201.0,0.410177,0.40545,0.420854,0.420854,13.138348,1.096236,1.098256,40.0,40.0,18.182885,30.0,1.0,1.0,1.0,,5189.0,0.347747,1.0
5211.0,0.410101,0.405372,0.420777,0.420777,13.138567,1.083439,1.085381,40.0,40.0,18.032734,30.0,1.0,1.0,1.0,,5199.0,0.351208,1.0
5221.0,0.410023,0.405293,0.4207,0.4207,13.138854,1.06707,1.068976,40.0,40.0,17.840669,30.0,1.0,1.0,1.0,,5209.0,0.345163,1.0
5231.0,0.409947,0.405215,0.420623,0.420623,13.138796,1.068468,1.07043,40.0,40.0,17.857049,30.0,1.0,1.0,1.0,,5219.0,0.350302,1.0
5241.0,0.40987,0.405137,0.420546,0.420546,13.138978,1.057648,1.059549,40.0,40.0,17.730082,30.0,1.0,1.0,1.0,,5229.0,0.357736,1.0
5251.0,0.409795,0.405059,0.42047,0.42047,13.1392,1.045071,1.047172,40.0,40.0,17.582496,30.0,1.0,1.0,1.0,,5239.0,0.350885,1.0
5261.0,0.409717,0.40498,0.420393,0.420393,13.138256,1.091365,1.093417,40.0,40.0,18.125559,30.0,1.0,1.0,1.0,,5249.0,0.347879,1.0
5271.0,0.409641,0.404902,0.420314,0.420314,13.138716,1.066474,1.068478,40.0,40.0,17.833536,30.0,1.0,1.0,1.0,,5259.0,0.349406,1.0
5281.0,0.409565,0.404825,0.420239,0.420239,13.138807,1.060401,1.062539,40.0,40.0,17.762259,30.0,1.0,1.0,1.0,,5269.0,0.348762,1.0
5291.0,0.409488,0.404746,0.420163,0.420163,13.139093,1.044124,1.046362,40.0,40.0,17.571274,30.0,1.0,1.0,1.0,,5279.0,0.354796,1.0
5301.0,0.409412,0.404669,0.420085,0.420085,13.139253,1.034763,1.036706,40.0,40.0,17.46142,30.0,1.0,1.0,1.0,,5289.0,0.35439,1.0
5311.0,0.409337,0.404592,0.42001,0.42001,13.13916,1.038337,1.040423,40.0,40.0,17.503335,30.0,1.0,1.0,1.0,,5299.0,0.342547,1.0
5321.0,0.409259,0.404512,0.419932,0.419932,13.138446,1.072724,1.074624,40.0,40.0,17.906718,30.0,1.0,1.0,1.0,,5309.0,0.355721,1.0
5331.0,0.409183,0.404435,0.419856,0.419856,13.137975,1.095473,1.097591,40.0,40.0,18.173551,30.0,1.0,1.0,1.0,,5319.0,0.340899,1.0
5341.0,0.409106,0.404356,0.419776,0.419776,13.138337,1.075285,1.077282,40.0,40.0,17.936703,30.0,1.0,1.0,1.0,,5329.0,0.351968,1.0
5351.0,0.409029,0.404278,0.4197,0.4197,13.138018,1.089839,1.091943,40.0,40.0,18.107398,30.0,1.0,1.0,1.0,,5339.0,0.347187,1.0
5361.0,0.408953,0.4042,0.41962,0.41962,13.137651,1.10715,1.10922,40.0,40.0,18.310435,30.0,1.0,1.0,1.0,,5349.0,0.360495,1.0
5371.0,0.408875,0.40412,0.419538,0.419538,13.138084,1.08291,1.084924,40.0,40.0,18.026051,30.0,1.0,1.0,1.0,,5359.0,0.357888,1.0
5381.0,0.408799,0.404043,0.419461,0.419461,13.138078,1.081896,1.083761,40.0,40.0,18.014136,30.0,1.0,1.0,1.0,,5369.0,0.360834,1.0
5391.0,0.408721,0.403964,0.419384,0.419384,13.137568,1.10611,1.108119,40.0,40.0,18.298128,30.0,1.0,1.0,1.0,,5379.0,0.344611,1.0
5401.0,0.408626,0.403867,0.41931,0.41931,13.084698,3.796299,3.797912,5.0,5.0,18.424975,30.0,1.0,1.0,1.0,,5389.0,0.335004,1.0
5411.0,0.40836,0.403595,0.418977,0.418977,13.083386,3.791181,3.792866,5.0,5.0,18.360635,30.0,1.0,1.0,1.0,,5399.0,0.334524,1.0
5421.0,0.408094,0.403324,0.418648,0.418648,13.08294,3.745191,3.747016,5.0,5.0,17.821031,30.0,1.0,1.0,1.0,,5409.0,0.336652,1.0
5431.0,0.407827,0.403052,0.418315,0.418315,13.080936,3.781649,3.783355,5.0,5.0,18.240814,30.0,1.0,1.0,1.0,,5419.0,0.333359,1.0
5441.0,0.407561,0.40278,0.417981,0.417981,13.080571,3.737498,3.739228,5.0,5.0,17.723095,30.0,1.0,1.0,1.0,,5429.0,0.332361,1.0
5451.0,0.407294,0.402508,0.417648,0.417648,13.078971,3.758877,3.760596,5.0,5.0,17.967814,30.0,1.0,1.0,1.0,,5439.0,0.328975,1.0
5461.0,0.407027,0.402236,0.417316,0.417316,13.076885,3.807902,3.809686,5.0,5.0,18.534149,30.0,1.0,1.0,1.0,,5449.0,0.334157,1.0
5471.0,0.40676,0.401963,0.416981,0.416981,13.077397,3.726805,3.728555,5.0,5.0,17.587427,30.0,1.0,1.0,1.0,,5459.0,0.330997,1.0
5481.0,0.406493,0.401691,0.416652,0.416652,13.076272,3.731711,3.733601,5.0,5.0,17.641055,30.0,1.0,1.0,1.0,,5469.0,0.323269,1.0
5491.0,0.406227,0.40142,0.416322,0.416322,13.076201,3.685222,3.687086,5.0,5.0,17.097163,30.0,1.0,1.0,1.0,,5479.0,0.3418,1.0
5501.0,0.405961,0.401149,0.415993,0.415993,13.074996,3.699043,3.700895,5.0,5.0,17.254804,30.0,1.0,1.0,1.0,,5489.0,0.340325,1.0
5511.0,0.405693,0.400876,0.415661,0.415661,13.072287,3.79105,3.792721,5.0,5.0,18.321475,30.0,1.0,1.0,1.0,,5499.0,0.337965,1.0
5521.0,0.405426,0.400604,0.415333,0.415333,13.070482,3.83925,3.841001,5.0,5.0,18.87877,30.0,1.0,1.0,1.0,,5509.0,0.33019,1.0
5531.0,0.40516,0.400332,0.415004,0.415004,13.071182,3.761455,3.763109,5.0,5.0,17.971772,30.0,1.0,1.0,1.0,,5519.0,0.332523,1.0
5541.0,0.404892,0.400059,0.414674,0.414674,13.069931,3.784774,3.786533,5.0,5.0,18.240129,30.0,1.0,1.0,1.0,,5529.0,0.331317,1.0
5551.0,0.404627,0.399789,0.414348,0.414348,13.070679,3.708387,3.710053,5.0,5.0,17.349744,30.0,1.0,1.0,1.0,,5539.0,0.326015,1.0
5561.0,0.40436,0.399516,0.414018,0.414018,13.069297,3.741795,3.74361,5.0,5.0,17.73564,30.0,1.0,1.0,1.0,,5549.0,0.336202,1.0
5571.0,0.404093,0.399245,0.41369,0.41369,13.068427,3.750885,3.75283,5.0,5.0,17.838962,30.0,1.0,1.0,1.0,,5559.0,0.337224,1.0
5581.0,0.403827,0.398973,0.413362,0.413362,13.068738,3.701204,3.702868,5.0,5.0,17.259356,30.0,1.0,1.0,1.0,,5569.0,0.338333,1.0
5591.0,0.40356,0.3987,0.413033,0.413033,13.066505,3.782311,3.783916,5.0,5.0,18.199743,30.0,1.0,1.0,1.0,,5579.0,0.339617,1.0
5601.0,0.403292,0.398428,0.412702,0.412702,13.066161,3.768272,3.770086,5.0,5.0,18.034537,30.0,1.0,1.0,1.0,,5589.0,0.335271,1.0
5611.0,0.403025,0.398155,0.412374,0.412374,13.065617,3.765946,3.767802,5.0,5.0,18.005522,30.0,1.0,1.0,1.0,,5599.0,0.340158,1.0
5621.0,0.402758,0.397884,0.412048,0.412048,13.065091,3.764086,3.765954,5.0,5.0,17.982022,30.0,1.0,1.0,1.0,,5609.0,0.334574,1.0
5631.0,0.402492,0.397612,0.411725,0.411725,13.064555,3.764057,3.765705,5.0,5.0,17.979878,30.0,1.0,1.0,1.0,,5619.0,0.327174,1.0
5641.0,0.402224,0.397339,0.411398,0.411398,13.063969,3.766832,3.768591,5.0,5.0,18.010325,30.0,1.0,1.0,1.0,,5629.0,0.326667,1.0
5651.0,0.401957,0.397067,0.41107,0.41107,13.062927,3.794326,3.796106,5.0,5.0,18.328012,30.0,1.0,1.0,1.0,,5639.0,0.325196,1.0
5661.0,0.401689,0.396794,0.410743,0.410743,13.064224,3.703178,3.704944,5.0,5.0,17.267476,30.0,1.0,1.0,1.0,,5649.0,0.325731,1.0
5671.0,0.401422,0.396522,0.41042,0.41042,13.062606,3.762153,3.764002,5.0,5.0,17.951071,30.0,1.0,1.0,1.0,,5659.0,0.336248,1.0
5681.0,0.401156,0.39625,0.410098,0.410098,13.06227,3.756704,3.758707,5.0,5.0,17.886282,30.0,1.0,1.0,1.0,,5669.0,0.342369,1.0
5691.0,0.400889,0.395977,0.409772,0.409772,13.060699,3.814824,3.81658,5.0,5.0,18.559868,30.0,1.0,1.0,1.0,,5679.0,0.337482,1.0
5701.0,0.400621,0.395704,0.409444,0.409444,13.061566,3.749157,3.751065,5.0,5.0,17.795767,30.0,1.0,1.0,1.0,,5689.0,0.31377,1.0
5711.0,0.400355,0.395433,0.409121,0.409121,13.060912,3.762369,3.764168,5.0,5.0,17.947892,30.0,1.0,1.0,1.0,,5699.0,0.325649,1.0
5721.0,0.400087,0.39516,0.408797,0.408797,13.060721,3.75214,3.753951,5.0,5.0,17.827775,30.0,1.0,1.0,1.0,,5709.0,0.333238,1.0
5731.0,0.39982,0.394888,0.408476,0.408476,13.05975,3.782909,3.784871,5.0,5.0,18.183879,30.0,1.0,1.0,1.0,,5719.0,0.336143,1.0
5741.0,0.399553,0.394616,0.40815,0.40815,13.058515,3.827725,3.829559,5.0,5.0,18.703082,30.0,1.0,1.0,1.0,,5729.0,0.340581,1.0
5751.0,0.399287,0.394344,0.407827,0.407827,13.059536,3.758227,3.759932,5.0,5.0,17.894885,30.0,1.0,1.0,1.0,,5739.0,0.334346,1.0
5761.0,0.39902,0.394072,0.407505,0.407505,13.059205,3.757867,3.7596,5.0,5.0,17.889567,30.0,1.0,1.0,1.0,,5749.0,0.330096,1.0
5771.0,0.398753,0.3938,0.407183,0.407183,13.058321,3.786657,3.788318,5.0,5.0,18.222821,30.0,1.0,1.0,1.0,,5759.0,0.323868,1.0
5781.0,0.398486,0.393528,0.406859,0.406859,13.059407,3.715231,3.717072,5.0,5.0,17.392292,30.0,1.0,1.0,1.0,,5769.0,0.338359,1.0
5791.0,0.39822,0.393256,0.406538,0.406538,13.057972,3.773181,3.774987,5.0,5.0,18.064268,30.0,1.0,1.0,1.0,,5779.0,0.328964,1.0
5801.0,0.397953,0.392984,0.40622,0.40622,13.056721,3.822176,3.824118,5.0,5.0,18.632145,30.0,1.0,1.0,1.0,,5789.0,0.337426,1.0
5811.0,0.397685,0.392711,0.405898,0.405898,13.057138,3.785885,3.787716,5.0,5.0,18.209797,30.0,1.0,1.0,1.0,,5799.0,0.328187,1.0
5821.0,0.397418,0.392438,0.405579,0.405579,13.057864,3.734708,3.736508,5.0,5.0,17.614621,30.0,1.0,1.0,1.0,,5809.0,0.331953,1.0
5831.0,0.397151,0.392166,0.405261,0.405261,13.056302,3.800737,3.802501,5.0,5.0,18.380392,30.0,1.0,1.0,1.0,,5819.0,0.329218,1.0
5841.0,0.396883,0.391893,0.404939,0.404939,13.057008,3.751151,3.753038,5.0,5.0,17.803763,30.0,1.0,1.0,1.0,,5829.0,0.339853,1.0
5851.0,0.396615,0.39162,0.404619,0.404619,13.056204,3.778973,3.780677,5.0,5.0,18.125935,30.0,1.0,1.0,1.0,,5839.0,0.334809,1.0
5861.0,0.396348,0.391348,0.404298,0.404298,13.056451,3.754022,3.755737,5.0,5.0,17.835425,30.0,1.0,1.0,1.0,,5849.0,0.33265,1.0
5871.0,0.396081,0.391075,0.40398,0.40398,13.05546,3.792216,3.794071,5.0,5.0,18.278037,30.0,1.0,1.0,1.0,,5859.0,0.337158,1.0
5881.0,0.395815,0.390804,0.403662,0.403662,13.0565,3.727677,3.72951,5.0,5.0,17.527963,30.0,1.0,1.0,1.0,,5869.0,0.330332,1.0
5891.0,0.395547,0.390531,0.403344,0.403344,13.055499,3.767115,3.768986,5.0,5.0,17.985092,30.0,1.0,1.0,1.0,,5879.0,0.33069,1.0
5901.0,0.39528,0.390258,0.403029,0.403029,13.05529,3.766406,3.768342,5.0,5.0,17.976112,30.0,1.0,1.0,1.0,,5889.0,0.331028,1.0
5911.0,0.395012,0.389986,0.402709,0.402709,13.054965,3.771872,3.77372,5.0,5.0,18.038839,30.0,1.0,1.0,1.0,,5899.0,0.335547,1.0
5921.0,0.394745,0.389713,0.40239,0.40239,13.054372,3.791452,3.793302,5.0,5.0,18.265427,30.0,1.0,1.0,1.0,,5909.0,0.347369,1.0
5931.0,0.394478,0.389441,0.402072,0.402072,13.055294,3.734154,3.735906,5.0,5.0,17.599571,30.0,1.0,1.0,1.0,,5919.0,0.32846,1.0
5941.0,0.394211,0.389169,0.401754,0.401754,13.053959,3.792068,3.793655,5.0,5.0,18.271219,30.0,1.0,1.0,1.0,,5929.0,0.338807,1.0
5951.0,0.393943,0.388896,0.40144,0.40144,13.054123,3.773377,3.775111,5.0,5.0,18.053562,30.0,1.0,1.0,1.0,,5939.0,0.334439,1.0
5961.0,0.393675,0.388623,0.401124,0.401124,13.054401,3.749292,3.751086,5.0,5.0,17.773317,30.0,1.0,1.0,1.0,,5949.0,0.325945,1.0
5971.0,0.393408,0.38835,0.400811,0.400811,13.053989,3.760813,3.762694,5.0,5.0,17.906433,30.0,1.0,1.0,1.0,,5959.0,0.321728,1.0
5981.0,0.393142,0.388078,0.400495,0.400495,13.053176,3.793085,3.794818,5.0,5.0,18.280433,30.0,1.0,1.0,1.0,,5969.0,0.339687,1.0
5991.0,0.392874,0.387805,0.400176,0.400176,13.053367,3.773891,3.775589,5.0,5.0,18.057012,30.0,1.0,1.0,1.0,,5979.0,0.333985,1.0
6001.0,0.392606,0.387533,0.399862,0.399862,13.053321,3.767257,3.769048,5.0,5.0,17.979414,30.0,1.0,1.0,1.0,,5989.0,0.328483,1.0
6011.0,0.392341,0.387262,0.39955,0.39955,13.05324,3.763364,3.765165,5.0,5.0,17.933701,30.0,1.0,1.0,1.0,,5999.0,0.331604,1.0
6021.0,0.392075,0.386991,0.399235,0.399235,13.053347,3.749526,3.751356,5.0,5.0,17.772511,30.0,1.0,1.0,1.0,,6009.0,0.33236,1.0
6031.0,0.391807,0.386718,0.39892,0.39892,13.05237,3.790817,3.792575,5.0,5.0,18.251226,30.0,1.0,1.0,1.0,,6019.0,0.336101,1.0
6041.0,0.39154,0.386445,0.398603,0.398603,13.052967,3.751885,3.753744,5.0,5.0,17.798779,30.0,1.0,1.0,1.0,,6029.0,0.331996,1.0
6051.0,0.391272,0.386173,0.398289,0.398289,13.05228,3.778604,3.780344,5.0,5.0,18.108358,30.0,1.0,1.0,1.0,,6039.0,0.334819,1.0
6061.0,0.391005,0.3859,0.397977,0.397977,13.052882,3.739666,3.74145,5.0,5.0,17.65585,30.0,1.0,1.0,1.0,,6049.0,0.335495,1.0
6071.0,0.390739,0.385629,0.397666,0.397666,13.052747,3.739074,3.74091,5.0,5.0,17.648496,30.0,1.0,1.0,1.0,,6059.0,0.335913,1.0
6081.0,0.390472,0.385357,0.397351,0.397351,13.052685,3.734551,3.736384,5.0,5.0,17.595492,30.0,1.0,1.0,1.0,,6069.0,0.33769,1.0
6091.0,0.390204,0.385083,0.397037,0.397037,13.051333,3.795365,3.797165,5.0,5.0,18.300789,30.0,1.0,1.0,1.0,,6079.0,0.332547,1.0
6101.0,0.389938,0.384812,0.396724,0.396724,13.052887,3.708851,3.710634,5.0,5.0,17.29615,30.0,1.0,1.0,1.0,,6089.0,0.339652,1.0
6111.0,0.389671,0.38454,0.396415,0.396415,13.05041,3.827988,3.829891,5.0,5.0,18.678405,30.0,1.0,1.0,1.0,,6099.0,0.340996,1.0
6121.0,0.389404,0.384268,0.396103,0.396103,13.05226,3.726207,3.727974,5.0,5.0,17.496672,30.0,1.0,1.0,1.0,,6109.0,0.331546,1.0
6131.0,0.389136,0.383995,0.395789,0.395789,13.051165,3.774474,3.776212,5.0,5.0,18.056385,30.0,1.0,1.0,1.0,,6119.0,0.334812,1.0
6141.0,0.388869,0.383723,0.395478,0.395478,13.05144,3.753371,3.755073,5.0,5.0,17.811,30.0,1.0,1.0,1.0,,6129.0,0.339985,1.0
6151.0,0.388602,0.38345,0.395168,0.395168,13.050852,3.776273,3.777956,5.0,5.0,18.07633,30.0,1.0,1.0,1.0,,6139.0,0.335973,1.0
6161.0,0.388334,0.383177,0.394854,0.394854,13.050392,3.79241,3.79434,5.0,5.0,18.263106,30.0,1.0,1.0,1.0,,6149.0,0.341929,1.0
6171.0,0.388068,0.382905,0.394544,0.394544,13.050221,3.794397,3.795981,5.0,5.0,18.285718,30.0,1.0,1.0,1.0,,6159.0,0.330176,1.0
6181.0,0.3878,0.382632,0.394235,0.394235,13.050882,3.753603,3.755301,5.0,5.0,17.811825,30.0,1.0,1.0,1.0,,6169.0,0.331619,1.0
6191.0,0.387533,0.38236,0.393923,0.393923,13.050619,3.760282,3.762091,5.0,5.0,17.888907,30.0,1.0,1.0,1.0,,6179.0,0.337786,1.0
6201.0,0.387266,0.382087,0.39361,0.39361,13.051165,3.725384,3.727413,5.0,5.0,17.48342,30.0,1.0,1.0,1.0,,6189.0,0.338963,1.0
6211.0,0.387,0.381816,0.393301,0.393301,13.051177,3.718612,3.720311,5.0,5.0,17.404409,30.0,1.0,1.0,1.0,,6199.0,0.323678,1.0
6221.0,0.386733,0.381544,0.392995,0.392995,13.050391,3.7521,3.753972,5.0,5.0,17.792638,30.0,1.0,1.0,1.0,,6209.0,0.339917,1.0
6231.0,0.386467,0.381273,0.392688,0.392688,13.050767,3.726881,3.72868,5.0,5.0,17.499561,30.0,1.0,1.0,1.0,,6219.0,0.33386,1.0
6241.0,0.3862,0.381001,0.392383,0.392383,13.049364,3.791998,3.793946,5.0,5.0,18.254819,30.0,1.0,1.0,1.0,,6229.0,0.328495,1.0
6251.0,0.385932,0.380727,0.392074,0.392074,13.049301,3.788145,3.789897,5.0,5.0,18.209644,30.0,1.0,1.0,1.0,,6239.0,0.342647,1.0
6261.0,0.385664,0.380454,0.391768,0.391768,13.049702,3.761169,3.763047,5.0,5.0,17.896172,30.0,1.0,1.0,1.0,,6249.0,0.329235,1.0
6271.0,0.385396,0.380181,0.391459,0.391459,13.049969,3.740751,3.742343,5.0,5.0,17.658775,30.0,1.0,1.0,1.0,,6259.0,0.336824,1.0
6281.0,0.385128,0.379907,0.391151,0.391151,13.049458,3.760045,3.761946,5.0,5.0,17.882229,30.0,1.0,1.0,1.0,,6269.0,0.331083,1.0
6291.0,0.384861,0.379635,0.390844,0.390844,13.049099,3.772201,3.774073,5.0,5.0,18.022885,30.0,1.0,1.0,1.0,,6279.0,0.334359,1.0
6301.0,0.384594,0.379363,0.390538,0.390538,13.049619,3.739568,3.741513,5.0,5.0,17.6438,30.0,1.0,1.0,1.0,,6289.0,0.328789,1.0
6311.0,0.384327,0.379091,0.390231,0.390231,13.049024,3.763864,3.765642,5.0,5.0,17.925339,30.0,1.0,1.0,1.0,,6299.0,0.345083,1.0
6321.0,0.384059,0.378818,0.389924,0.389924,13.049298,3.743462,3.745188,5.0,5.0,17.688166,30.0,1.0,1.0,1.0,,6309.0,0.334821,1.0
6331.0,0.383792,0.378546,0.389615,0.389615,13.049053,3.749896,3.751626,5.0,5.0,17.762428,30.0,1.0,1.0,1.0,,6319.0,0.339156,1.0
6341.0,0.383524,0.378272,0.389309,0.389309,13.048626,3.765141,3.766868,5.0,5.0,17.938899,30.0,1.0,1.0,1.0,,6329.0,0.330785,1.0
6351.0,0.383255,0.377998,0.389001,0.389001,13.047676,3.807011,3.808793,5.0,5.0,18.424274,30.0,1.0,1.0,1.0,,6339.0,0.332312,1.0
6361.0,0.382989,0.377726,0.388695,0.388695,13.048594,3.754456,3.756381,5.0,5.0,17.814104,30.0,1.0,1.0,1.0,,6349.0,0.330443,1.0
6371.0,0.382721,0.377454,0.388389,0.388389,13.047399,3.809423,3.811181,5.0,5.0,18.451475,30.0,1.0,1.0,1.0,,6359.0,0.320629,1.0
6381.0,0.382453,0.377181,0.388081,0.388081,13.047574,3.794321,3.796064,5.0,5.0,18.275855,30.0,1.0,1.0,1.0,,6369.0,0.333885,1.0
6391.0,0.382187,0.37691,0.387776,0.387776,13.048246,3.754547,3.756402,5.0,5.0,17.814003,30.0,1.0,1.0,1.0,,6379.0,0.340101,1.0
6401.0,0.38192,0.376637,0.387469,0.387469,13.047848,3.768744,3.770502,5.0,5.0,17.97833,30.0,1.0,1.0,1.0,,6389.0,0.336691,1.0
6411.0,0.381653,0.376364,0.387166,0.387166,13.047744,3.768191,3.770149,5.0,5.0,17.971522,30.0,1.0,1.0,1.0,,6399.0,0.33633,1.0
6421.0,0.381385,0.376092,0.386862,0.386862,13.047278,3.78605,3.787841,5.0,5.0,18.178337,30.0,1.0,1.0,1.0,,6409.0,0.335563,1.0
6431.0,0.381118,0.375819,0.38656,0.38656,13.047401,3.773988,3.775818,5.0,5.0,18.038009,30.0,1.0,1.0,1.0,,6419.0,0.344889,1.0
6441.0,0.38085,0.375546,0.386254,0.386254,13.046727,3.802289,3.803976,5.0,5.0,18.365948,30.0,1.0,1.0,1.0,,6429.0,0.336852,1.0
6451.0,0.380582,0.375272,0.38595,0.38595,13.047024,3.780842,3.782504,5.0,5.0,18.116709,30.0,1.0,1.0,1.0,,6439.0,0.331059,1.0
6461.0,0.380315,0.375,0.385646,0.385646,13.047324,3.759891,3.761718,5.0,5.0,17.873258,30.0,1.0,1.0,1.0,,6449.0,0.316211,1.0
6471.0,0.380047,0.374727,0.385342,0.385342,13.046982,3.771285,3.773139,5.0,5.0,18.005058,30.0,1.0,1.0,1.0,,6459.0,0.329538,1.0
6481.0,0.379779,0.374454,0.385037,0.385037,13.047636,3.731997,3.733684,5.0,5.0,17.548827,30.0,1.0,1.0,1.0,,6469.0,0.327134,1.0
6491.0,0.379511,0.374181,0.384735,0.384735,13.046979,3.759633,3.761365,5.0,5.0,17.86909,30.0,1.0,1.0,1.0,,6479.0,0.330992,1.0
6501.0,0.379245,0.37391,0.384436,0.384436,13.047243,3.740994,3.742946,5.0,5.0,17.65249,30.0,1.0,1.0,1.0,,6489.0,0.341046,1.0
6511.0,0.378979,0.373639,0.384137,0.384137,13.046722,3.762255,3.76394,5.0,5.0,17.898818,30.0,1.0,1.0,1.0,,6499.0,0.337027,1.0
6521.0,0.378712,0.373366,0.383833,0.383833,13.047712,3.705888,3.707706,5.0,5.0,17.244416,30.0,1.0,1.0,1.0,,6509.0,0.317017,1.0
6531.0,0.378444,0.373093,0.383528,0.383528,13.046653,3.754026,3.755862,5.0,5.0,17.802573,30.0,1.0,1.0,1.0,,6519.0,0.335161,1.0
6541.0,0.378176,0.37282,0.383226,0.383226,13.04604,3.779646,3.781632,5.0,5.0,18.09943,30.0,1.0,1.0,1.0,,6529.0,0.338682,1.0
6551.0,0.37791,0.372549,0.382926,0.382926,13.045371,3.8085,3.810392,5.0,5.0,18.433805,30.0,1.0,1.0,1.0,,6539.0,0.3333,1.0
6561.0,0.377644,0.372277,0.382625,0.382625,13.04661,3.740038,3.741741,5.0,5.0,17.639223,30.0,1.0,1.0,1.0,,6549.0,0.338142,1.0
6571.0,0.377376,0.372004,0.382325,0.382325,13.046244,3.752626,3.754408,5.0,5.0,17.784867,30.0,1.0,1.0,1.0,,6559.0,0.336509,1.0
6581.0,0.377109,0.371731,0.382025,0.382025,13.045711,3.774212,3.776046,5.0,5.0,18.034919,30.0,1.0,1.0,1.0,,6569.0,0.326993,1.0
6591.0,0.376841,0.371458,0.381724,0.381724,13.045673,3.770189,3.7721,5.0,5.0,17.987856,30.0,1.0,1.0,1.0,,6579.0,0.336337,1.0
6601.0,0.376573,0.371185,0.381424,0.381424,13.045417,3.777514,3.779223,5.0,5.0,18.072453,30.0,1.0,1.0,1.0,,6589.0,0.33576,1.0
6611.0,0.376306,0.370913,0.381121,0.381121,13.046063,3.739003,3.740827,5.0,5.0,17.625318,30.0,1.0,1.0,1.0,,6599.0,0.330721,1.0
6621.0,0.376039,0.37064,0.380821,0.380821,13.045068,3.784193,3.785972,5.0,5.0,18.149196,30.0,1.0,1.0,1.0,,6609.0,0.341375,1.0
6631.0,0.375771,0.370368,0.38052,0.38052,13.044157,3.825043,3.826797,5.0,5.0,18.622653,30.0,1.0,1.0,1.0,,6619.0,0.333154,1.0
6641.0,0.375503,0.370094,0.380217,0.380217,13.045284,3.761451,3.763358,5.0,5.0,17.884601,30.0,1.0,1.0,1.0,,6629.0,0.32988,1.0
6651.0,0.375235,0.369821,0.379919,0.379919,13.044577,3.791944,3.79378,5.0,5.0,18.237957,30.0,1.0,1.0,1.0,,6639.0,0.318697,1.0
6661.0,0.374968,0.369549,0.379618,0.379618,13.045212,3.753897,3.755696,5.0,5.0,17.796224,30.0,1.0,1.0,1.0,,6649.0,0.339911,1.0
6671.0,0.374701,0.369276,0.379317,0.379317,13.045087,3.754818,3.756589,5.0,5.0,17.806559,30.0,1.0,1.0,1.0,,6659.0,0.327662,1.0
6681.0,0.374432,0.369003,0.379018,0.379018,13.044528,3.777398,3.779119,5.0,5.0,18.068098,30.0,1.0,1.0,1.0,,6669.0,0.335618,1.0
6691.0,0.374166,0.368732,0.378721,0.378721,13.045896,3.702524,3.704321,5.0,5.0,17.199144,30.0,1.0,1.0,1.0,,6679.0,0.326597,1.0
6701.0,0.373899,0.368459,0.378421,0.378421,13.044366,3.775147,3.777001,5.0,5.0,18.041291,30.0,1.0,1.0,1.0,,6689.0,0.331049,1.0
6711.0,0.373632,0.368187,0.378119,0.378119,13.044783,3.748427,3.750338,5.0,5.0,17.73098,30.0,1.0,1.0,1.0,,6699.0,0.337087,1.0
6721.0,0.373365,0.367915,0.377822,0.377822,13.043708,3.797802,3.799656,5.0,5.0,18.303338,30.0,1.0,1.0,1.0,,6709.0,0.334788,1.0
6731.0,0.373099,0.367643,0.377523,0.377523,13.044454,3.754468,3.756298,5.0,5.0,17.800346,30.0,1.0,1.0,1.0,,6719.0,0.328227,1.0
6741.0,0.372831,0.36737,0.377223,0.377223,13.043461,3.799496,3.801484,5.0,5.0,18.322261,30.0,1.0,1.0,1.0,,6729.0,0.328658,1.0
6751.0,0.372564,0.367098,0.376926,0.376926,13.043829,3.775237,3.777209,5.0,5.0,18.040522,30.0,1.0,1.0,1.0,,6739.0,0.339791,1.0
6761.0,0.372296,0.366824,0.376628,0.376628,13.043511,3.785682,3.787592,5.0,5.0,18.161295,30.0,1.0,1.0,1.0,,6749.0,0.335745,1.0
6771.0,0.37203,0.366553,0.376332,0.376332,13.043319,3.79045,3.792305,5.0,5.0,18.216261,30.0,1.0,1.0,1.0,,6759.0,0.338271,1.0
6781.0,0.371763,0.366281,0.376034,0.376034,13.043532,3.773899,3.775797,5.0,5.0,18.023912,30.0,1.0,1.0,1.0,,6769.0,0.328616,1.0
6791.0,0.371495,0.366008,0.375739,0.375739,13.042884,3.80155,3.803311,5.0,5.0,18.344261,30.0,1.0,1.0,1.0,,6779.0,0.330429,1.0
6801.0,0.371227,0.365734,0.375443,0.375443,13.042846,3.797417,3.799117,5.0,5.0,18.295926,30.0,1.0,1.0,1.0,,6789.0,0.339184,1.0
6811.0,0.37096,0.365462,0.375147,0.375147,13.04399,3.733677,3.735574,5.0,5.0,17.556249,30.0,1.0,1.0,1.0,,6799.0,0.33171,1.0
6821.0,0.370693,0.36519,0.374849,0.374849,13.042165,3.821252,3.823039,5.0,5.0,18.571618,30.0,1.0,1.0,1.0,,6809.0,0.336115,1.0
6831.0,0.370425,0.364917,0.374552,0.374552,13.042956,3.775347,3.777416,5.0,5.0,18.038859,30.0,1.0,1.0,1.0,,6819.0,0.326712,1.0
6841.0,0.370158,0.364644,0.374256,0.374256,13.042483,3.793973,3.795877,5.0,5.0,18.254517,30.0,1.0,1.0,1.0,,6829.0,0.331364,1.0
6851.0,0.369891,0.364373,0.373961,0.373961,13.042426,3.791594,3.793448,5.0,5.0,18.226572,30.0,1.0,1.0,1.0,,6839.0,0.333268,1.0
6861.0,0.369623,0.364099,0.373666,0.373666,13.042346,3.789969,3.791786,5.0,5.0,18.207349,30.0,1.0,1.0,1.0,,6849.0,0.328115,1.0
6871.0,0.369356,0.363827,0.373369,0.373369,13.043957,3.702339,3.704031,5.0,5.0,17.190575,30.0,1.0,1.0,1.0,,6859.0,0.330496,1.0
6881.0,0.369089,0.363554,0.373072,0.373072,13.04222,3.785351,3.787072,5.0,5.0,18.153062,30.0,1.0,1.0,1.0,,6869.0,0.340909,1.0
6891.0,0.368821,0.363282,0.372774,0.372774,13.042617,3.759541,3.761261,5.0,5.0,17.853356,30.0,1.0,1.0,1.0,,6879.0,0.332695,1.0
6901.0,0.368553,0.363008,0.372475,0.372475,13.041717,3.799674,3.80138,5.0,5.0,18.318416,30.0,1.0,1.0,1.0,,6889.0,0.332102,1.0
6911.0,0.368286,0.362736,0.37218,0.37218,13.043224,3.717247,3.719169,5.0,5.0,17.362039,30.0,1.0,1.0,1.0,,6899.0,0.334265,1.0
6921.0,0.368018,0.362463,0.371886,0.371886,13.041814,3.783749,3.785474,5.0,5.0,18.133004,30.0,1.0,1.0,1.0,,6909.0,0.327186,1.0
6931.0,0.36775,0.36219,0.37159,0.37159,13.041434,3.797364,3.799179,5.0,5.0,18.290513,30.0,1.0,1.0,1.0,,6919.0,0.336854,1.0
6941.0,0.367483,0.361917,0.371296,0.371296,13.041878,3.769246,3.770917,5.0,5.0,17.96406,30.0,1.0,1.0,1.0,,6929.0,0.334461,1.0
6951.0,0.367217,0.361646,0.371004,0.371004,13.042628,3.725828,3.727558,5.0,5.0,17.460155,30.0,1.0,1.0,1.0,,6939.0,0.331753,1.0
6961.0,0.366948,0.361372,0.370708,0.370708,13.041955,3.754251,3.755945,5.0,5.0,17.789423,30.0,1.0,1.0,1.0,,6949.0,0.327304,1.0
6971.0,0.366681,0.3611,0.370415,0.370415,13.042334,3.729626,3.731379,5.0,5.0,17.503471,30.0,1.0,1.0,1.0,,6959.0,0.337623,1.0
6981.0,0.366413,0.360826,0.370121,0.370121,13.04084,3.800051,3.801858,5.0,5.0,18.319827,30.0,1.0,1.0,1.0,,6969.0,0.323857,1.0
6991.0,0.366144,0.360552,0.369825,0.369825,13.041405,3.76534,3.766992,5.0,5.0,17.916906,30.0,1.0,1.0,1.0,,6979.0,0.336274,1.0
7001.0,0.365877,0.36028,0.369532,0.369532,13.041893,3.735169,3.736944,5.0,5.0,17.566653,30.0,1.0,1.0,1.0,,6989.0,0.333469,1.0
7011.0,0.365609,0.360006,0.369238,0.369238,13.040531,3.798791,3.800612,5.0,5.0,18.304087,30.0,1.0,1.0,1.0,,6999.0,0.333043,1.0
7021.0,0.365342,0.359734,0.368948,0.368948,13.040985,3.770277,3.772059,5.0,5.0,17.973075,30.0,1.0,1.0,1.0,,7009.0,0.3299,1.0
7031.0,0.365074,0.359461,0.368652,0.368652,13.041274,3.749796,3.751626,5.0,5.0,17.735178,30.0,1.0,1.0,1.0,,7019.0,0.34021,1.0
7041.0,0.364806,0.359187,0.368359,0.368359,13.041073,3.754428,3.756443,5.0,5.0,17.788525,30.0,1.0,1.0,1.0,,7029.0,0.343323,1.0
7051.0,0.364538,0.358914,0.368065,0.368065,13.040788,3.763322,3.765186,5.0,5.0,17.891291,30.0,1.0,1.0,1.0,,7039.0,0.334964,1.0
7061.0,0.364271,0.358642,0.367772,0.367772,13.040373,3.779291,3.781071,5.0,5.0,18.076135,30.0,1.0,1.0,1.0,,7049.0,0.330073,1.0
7071.0,0.364004,0.35837,0.36748,0.36748,13.040632,3.760929,3.76286,5.0,5.0,17.862867,30.0,1.0,1.0,1.0,,7059.0,0.333243,1.0
7081.0,0.363738,0.358098,0.367188,0.367188,13.041376,3.717765,3.719605,5.0,5.0,17.36194,30.0,1.0,1.0,1.0,,7069.0,0.336641,1.0
7091.0,0.363469,0.357825,0.366897,0.366897,13.039624,3.80132,3.802937,5.0,5.0,18.330499,30.0,1.0,1.0,1.0,,7079.0,0.329714,1.0
7101.0,0.363202,0.357553,0.366606,0.366606,13.040865,3.732736,3.73466,5.0,5.0,17.534847,30.0,1.0,1.0,1.0,,7089.0,0.335163,1.0
7111.0,0.362935,0.35728,0.366315,0.366315,13.040598,3.740808,3.742821,5.0,5.0,17.628087,30.0,1.0,1.0,1.0,,7099.0,0.336751,1.0
7121.0,0.362667,0.357006,0.366022,0.366022,13.039762,3.777746,3.779555,5.0,5.0,18.056048,30.0,1.0,1.0,1.0,,7109.0,0.331217,1.0
7131.0,0.362399,0.356733,0.365726,0.365726,13.039745,3.773011,3.774842,5.0,5.0,18.000773,30.0,1.0,1.0,1.0,,7119.0,0.330127,1.0
7141.0,0.36213,0.356459,0.365433,0.365433,13.039224,3.793749,3.795524,5.0,5.0,18.240843,30.0,1.0,1.0,1.0,,7129.0,0.339283,1.0
7151.0,0.361864,0.356188,0.365144,0.365144,13.039288,3.785334,3.787156,5.0,5.0,18.142938,30.0,1.0,1.0,1.0,,7139.0,0.330615,1.0
7161.0,0.361596,0.355915,0.364852,0.364852,13.040164,3.73531,3.737152,5.0,5.0,17.562523,30.0,1.0,1.0,1.0,,7149.0,0.331861,1.0
7171.0,0.361328,0.355642,0.36456,0.36456,13.03964,3.756257,3.75825,5.0,5.0,17.805043,30.0,1.0,1.0,1.0,,7159.0,0.331542,1.0
7181.0,0.361061,0.355369,0.364268,0.364268,13.039447,3.760659,3.762299,5.0,5.0,17.855724,30.0,1.0,1.0,1.0,,7169.0,0.333003,1.0
7191.0,0.360793,0.355096,0.363979,0.363979,13.039469,3.754082,3.755903,5.0,5.0,17.779111,30.0,1.0,1.0,1.0,,7179.0,0.336014,1.0
7201.0,0.360525,0.354823,0.363685,0.363685,13.039806,3.731209,3.732999,5.0,5.0,17.513496,30.0,1.0,1.0,1.0,,7189.0,0.330418,1.0
7211.0,0.360258,0.354551,0.363394,0.363394,13.039227,3.755514,3.757336,5.0,5.0,17.794988,30.0,1.0,1.0,1.0,,7199.0,0.329235,1.0
7221.0,0.359991,0.354278,0.363102,0.363102,13.039387,3.741907,3.743569,5.0,5.0,17.636855,30.0,1.0,1.0,1.0,,7209.0,0.33635,1.0
7231.0,0.359723,0.354005,0.362814,0.362814,13.038245,3.794651,3.796417,5.0,5.0,18.248048,30.0,1.0,1.0,1.0,,7219.0,0.340722,1.0
7241.0,0.359455,0.353731,0.362519,0.362519,13.039021,3.749341,3.751273,5.0,5.0,17.722314,30.0,1.0,1.0,1.0,,7229.0,0.33766,1.0
7251.0,0.359188,0.35346,0.362233,0.362233,13.039074,3.74161,3.743423,5.0,5.0,17.632345,30.0,1.0,1.0,1.0,,7239.0,0.331793,1.0
7261.0,0.358921,0.353188,0.361943,0.361943,13.038471,3.767079,3.768861,5.0,5.0,17.927311,30.0,1.0,1.0,1.0,,7249.0,0.332182,1.0
7271.0,0.358654,0.352915,0.361652,0.361652,13.039492,3.709655,3.711527,5.0,5.0,17.261103,30.0,1.0,1.0,1.0,,7259.0,0.344276,1.0
7281.0,0.358386,0.352642,0.36136,0.36136,13.037443,3.808613,3.810392,5.0,5.0,18.40811,30.0,1.0,1.0,1.0,,7269.0,0.34658,1.0
7291.0,0.358117,0.352368,0.361071,0.361071,13.036824,3.834223,3.836038,5.0,5.0,18.704597,30.0,1.0,1.0,1.0,,7279.0,0.3342,1.0
7301.0,0.35785,0.352095,0.360779,0.360779,13.037505,3.793889,3.795815,5.0,5.0,18.236648,30.0,1.0,1.0,1.0,,7289.0,0.331903,1.0
7311.0,0.357582,0.351823,0.36049,0.36049,13.037607,3.783353,3.784996,5.0,5.0,18.114143,30.0,1.0,1.0,1.0,,7299.0,0.340414,1.0
7321.0,0.357315,0.35155,0.360203,0.360203,13.038414,3.736625,3.738606,5.0,5.0,17.572007,30.0,1.0,1.0,1.0,,7309.0,0.337698,1.0
7331.0,0.357048,0.351278,0.359918,0.359918,13.037779,3.763954,3.765829,5.0,5.0,17.888535,30.0,1.0,1.0,1.0,,7319.0,0.334277,1.0
7341.0,0.356781,0.351005,0.359628,0.359628,13.037669,3.76426,3.76612,5.0,5.0,17.891733,30.0,1.0,1.0,1.0,,7329.0,0.331695,1.0
7351.0,0.356514,0.350734,0.359339,0.359339,13.038571,3.713018,3.714767,5.0,5.0,17.297263,30.0,1.0,1.0,1.0,,7339.0,0.330799,1.0
7361.0,0.356246,0.35046,0.359049,0.359049,13.037554,3.759278,3.761012,5.0,5.0,17.833261,30.0,1.0,1.0,1.0,,7349.0,0.328996,1.0
7371.0,0.355979,0.350187,0.358761,0.358761,13.037609,3.750962,3.752705,5.0,5.0,17.736483,30.0,1.0,1.0,1.0,,7359.0,0.331375,1.0
7381.0,0.35571,0.349914,0.358468,0.358468,13.036724,3.790326,3.792222,5.0,5.0,18.192462,30.0,1.0,1.0,1.0,,7369.0,0.327097,1.0
7391.0,0.355443,0.349642,0.358182,0.358182,13.036861,3.778065,3.779805,5.0,5.0,18.049977,30.0,1.0,1.0,1.0,,7379.0,0.321628,1.0
7401.0,0.355175,0.349368,0.357891,0.357891,13.036856,3.772628,3.774343,5.0,5.0,17.986558,30.0,1.0,1.0,1.0,,7389.0,0.331532,1.0
7411.0,0.354908,0.349096,0.357605,0.357605,13.035516,3.835697,3.837533,5.0,5.0,18.717295,30.0,1.0,1.0,1.0,,7399.0,0.326702,1.0
7421.0,0.35464,0.348823,0.357315,0.357315,13.036547,3.777571,3.779431,5.0,5.0,18.04315,30.0,1.0,1.0,1.0,,7409.0,0.335361,1.0
7431.0,0.354372,0.348549,0.357026,0.357026,13.037247,3.735935,3.737858,5.0,5.0,17.560066,30.0,1.0,1.0,1.0,,7419.0,0.323226,1.0
7441.0,0.354103,0.348275,0.356742,0.356742,13.035733,3.807494,3.809209,5.0,5.0,18.389245,30.0,1.0,1.0,1.0,,7429.0,0.325639,1.0
7451.0,0.353836,0.348003,0.356455,0.356455,13.037484,3.712904,3.714663,5.0,5.0,17.292322,30.0,1.0,1.0,1.0,,7439.0,0.331839,1.0
7461.0,0.353567,0.347729,0.356168,0.356168,13.035372,3.814657,3.816456,5.0,5.0,18.471513,30.0,1.0,1.0,1.0,,7449.0,0.33307,1.0
7471.0,0.3533,0.347456,0.35588,0.35588,13.036008,3.77686,3.778538,5.0,5.0,18.033045,30.0,1.0,1.0,1.0,,7459.0,0.328074,1.0
7481.0,0.353032,0.347183,0.355593,0.355593,13.036371,3.752673,3.754616,5.0,5.0,17.752274,30.0,1.0,1.0,1.0,,7469.0,0.339295,1.0
7491.0,0.352764,0.34691,0.355304,0.355304,13.036503,3.740337,3.742136,5.0,5.0,17.608893,30.0,1.0,1.0,1.0,,7479.0,0.33926,1.0
7501.0,0.352496,0.346637,0.355017,0.355017,13.036258,3.747348,3.748968,5.0,5.0,17.689816,30.0,1.0,1.0,1.0,,7489.0,0.327824,1.0
7511.0,0.352228,0.346364,0.35473,0.35473,13.035583,3.776255,3.777936,5.0,5.0,18.024557,30.0,1.0,1.0,1.0,,7499.0,0.333741,1.0
7521.0,0.35196,0.34609,0.354444,0.354444,13.034378,3.831881,3.833588,5.0,5.0,18.668908,30.0,1.0,1.0,1.0,,7509.0,0.337687,1.0
7531.0,0.351691,0.345816,0.354157,0.354157,13.035321,3.77804,3.779846,5.0,5.0,18.044474,30.0,1.0,1.0,1.0,,7519.0,0.333445,1.0
7541.0,0.351424,0.345543,0.353868,0.353868,13.035834,3.746597,3.748428,5.0,5.0,17.679645,30.0,1.0,1.0,1.0,,7529.0,0.338686,1.0
7551.0,0.351156,0.34527,0.353579,0.353579,13.035562,3.754812,3.756568,5.0,5.0,17.774496,30.0,1.0,1.0,1.0,,7539.0,0.335062,1.0
7561.0,0.350888,0.344997,0.353294,0.353294,13.035789,3.737645,3.739478,5.0,5.0,17.575121,30.0,1.0,1.0,1.0,,7549.0,0.336602,1.0
7571.0,0.350619,0.344723,0.353006,0.353006,13.034532,3.796199,3.797995,5.0,5.0,18.253489,30.0,1.0,1.0,1.0,,7559.0,0.335891,1.0
7581.0,0.350352,0.34445,0.35272,0.35272,13.034284,3.803396,3.805139,5.0,5.0,18.336538,30.0,1.0,1.0,1.0,,7569.0,0.329698,1.0
7591.0,0.350083,0.344177,0.35243,0.35243,13.034398,3.791935,3.793801,5.0,5.0,18.203329,30.0,1.0,1.0,1.0,,7579.0,0.324104,1.0
7601.0,0.349816,0.343904,0.352144,0.352144,13.035255,3.743039,3.74496,5.0,5.0,17.636223,30.0,1.0,1.0,1.0,,7589.0,0.332057,1.0
7611.0,0.349548,0.343631,0.351859,0.351859,13.034353,3.783479,3.785328,5.0,5.0,18.104607,30.0,1.0,1.0,1.0,,7599.0,0.327766,1.0
7621.0,0.34928,0.343358,0.351574,0.351574,13.034729,3.758751,3.760534,5.0,5.0,17.817616,30.0,1.0,1.0,1.0,,7609.0,0.331408,1.0
7631.0,0.349014,0.343086,0.35129,0.35129,13.035064,3.736658,3.738398,5.0,5.0,17.561199,30.0,1.0,1.0,1.0,,7619.0,0.337866,1.0
7641.0,0.348747,0.342814,0.351006,0.351006,13.034481,3.761176,3.762922,5.0,5.0,17.84505,30.0,1.0,1.0,1.0,,7629.0,0.338507,1.0
7651.0,0.348481,0.342543,0.350722,0.350722,13.034673,3.746606,3.748531,5.0,5.0,17.675851,30.0,1.0,1.0,1.0,,7639.0,0.332335,1.0
7661.0,0.348212,0.342269,0.350436,0.350436,13.033791,3.785797,3.787571,5.0,5.0,18.129727,30.0,1.0,1.0,1.0,,7649.0,0.339086,1.0
7671.0,0.347944,0.341995,0.350147,0.350147,13.033877,3.775724,3.77752,5.0,5.0,18.012603,30.0,1.0,1.0,1.0,,7659.0,0.334463,1.0
7681.0,0.347676,0.341722,0.349863,0.349863,13.033582,3.785337,3.787259,5.0,5.0,18.123656,30.0,1.0,1.0,1.0,,7669.0,0.338075,1.0
7691.0,0.347408,0.341449,0.349578,0.349578,13.034167,3.749832,3.751501,5.0,5.0,17.711759,30.0,1.0,1.0,1.0,,7679.0,0.329321,1.0
7701.0,0.34714,0.341176,0.349296,0.349296,13.033236,3.79198,3.793759,5.0,5.0,18.199907,30.0,1.0,1.0,1.0,,7689.0,0.337979,1.0
7711.0,0.346873,0.340903,0.349011,0.349011,13.033206,3.788041,3.790021,5.0,5.0,18.153897,30.0,1.0,1.0,1.0,,7699.0,0.337719,1.0
7721.0,0.346605,0.34063,0.348726,0.348726,13.033928,3.745525,3.747452,5.0,5.0,17.660763,30.0,1.0,1.0,1.0,,7709.0,0.32975,1.0
7731.0,0.346337,0.340357,0.348441,0.348441,13.032455,3.815207,3.816954,5.0,5.0,18.467982,30.0,1.0,1.0,1.0,,7719.0,0.330407,1.0
7741.0,0.346069,0.340083,0.348156,0.348156,13.032878,3.78809,3.789938,5.0,5.0,18.153357,30.0,1.0,1.0,1.0,,7729.0,0.334138,1.0
7751.0,0.345802,0.339811,0.347872,0.347872,13.033862,3.732768,3.734515,5.0,5.0,17.511833,30.0,1.0,1.0,1.0,,7739.0,0.326907,1.0
7761.0,0.345534,0.339538,0.347588,0.347588,13.032372,3.803228,3.805014,5.0,5.0,18.328085,30.0,1.0,1.0,1.0,,7749.0,0.339834,1.0
7771.0,0.345267,0.339266,0.347305,0.347305,13.033426,3.744128,3.745687,5.0,5.0,17.642792,30.0,1.0,1.0,1.0,,7759.0,0.341218,1.0
7781.0,0.345,0.338994,0.347022,0.347022,13.032528,3.784831,3.786657,5.0,5.0,18.114191,30.0,1.0,1.0,1.0,,7769.0,0.335429,1.0
7791.0,0.344731,0.33872,0.346737,0.346737,13.032198,3.795856,3.797684,5.0,5.0,18.241568,30.0,1.0,1.0,1.0,,7779.0,0.340346,1.0
7801.0,0.344464,0.338447,0.346454,0.346454,13.032546,3.772664,3.774509,5.0,5.0,17.972444,30.0,1.0,1.0,1.0,,7789.0,0.332456,1.0
7811.0,0.344197,0.338175,0.346173,0.346173,13.032131,3.788657,3.790395,5.0,5.0,18.157439,30.0,1.0,1.0,1.0,,7799.0,0.338777,1.0
7821.0,0.343929,0.337902,0.345891,0.345891,13.031834,3.798298,3.799989,5.0,5.0,18.268794,30.0,1.0,1.0,1.0,,7809.0,0.332605,1.0
7831.0,0.343661,0.337629,0.345608,0.345608,13.031772,3.795991,3.797829,5.0,5.0,18.241689,30.0,1.0,1.0,1.0,,7819.0,0.333273,1.0
7841.0,0.343393,0.337355,0.345324,0.345324,13.032025,3.777216,3.779098,5.0,5.0,18.023735,30.0,1.0,1.0,1.0,,7829.0,0.3333,1.0
7851.0,0.343125,0.337082,0.345041,0.345041,13.032463,3.749542,3.751522,5.0,5.0,17.702667,30.0,1.0,1.0,1.0,,7839.0,0.338577,1.0
7861.0,0.342858,0.33681,0.344759,0.344759,13.032326,3.751354,3.753141,5.0,5.0,17.723335,30.0,1.0,1.0,1.0,,7849.0,0.330323,1.0
7871.0,0.342591,0.336537,0.344476,0.344476,13.031479,3.789206,3.790873,5.0,5.0,18.161629,30.0,1.0,1.0,1.0,,7859.0,0.334908,1.0
7881.0,0.342323,0.336264,0.344192,0.344192,13.030984,3.808969,3.810787,5.0,5.0,18.390258,30.0,1.0,1.0,1.0,,7869.0,0.330742,1.0
7891.0,0.342056,0.335992,0.34391,0.34391,13.03177,3.763633,3.765518,5.0,5.0,17.864568,30.0,1.0,1.0,1.0,,7879.0,0.348029,1.0
7901.0,0.341789,0.335719,0.343628,0.343628,13.030876,3.80391,3.805845,5.0,5.0,18.33094,30.0,1.0,1.0,1.0,,7889.0,0.328936,1.0
7911.0,0.34152,0.335446,0.343342,0.343342,13.031783,3.751851,3.753578,5.0,5.0,17.727304,30.0,1.0,1.0,1.0,,7899.0,0.330969,1.0
7921.0,0.341253,0.335173,0.34306,0.34306,13.031617,3.754866,3.756589,5.0,5.0,17.761877,30.0,1.0,1.0,1.0,,7909.0,0.339147,1.0
7931.0,0.340986,0.334901,0.342779,0.342779,13.032201,3.72011,3.721889,5.0,5.0,17.358766,30.0,1.0,1.0,1.0,,7919.0,0.34345,1.0
7941.0,0.340719,0.334629,0.342495,0.342495,13.031231,3.764361,3.766141,5.0,5.0,17.871243,30.0,1.0,1.0,1.0,,7929.0,0.333399,1.0
7951.0,0.340452,0.334357,0.342211,0.342211,13.030951,3.773336,3.775153,5.0,5.0,17.974892,30.0,1.0,1.0,1.0,,7939.0,0.330263,1.0
7961.0,0.340185,0.334085,0.341931,0.341931,13.030024,3.815425,3.817328,5.0,5.0,18.462228,30.0,1.0,1.0,1.0,,7949.0,0.320761,1.0
7971.0,0.339917,0.333811,0.341646,0.341646,13.030511,3.78472,3.786636,5.0,5.0,18.106065,30.0,1.0,1.0,1.0,,7959.0,0.331646,1.0
7981.0,0.339649,0.333538,0.341363,0.341363,13.030246,3.792552,3.794424,5.0,5.0,18.196437,30.0,1.0,1.0,1.0,,7969.0,0.328128,1.0
7991.0,0.33938,0.333263,0.341079,0.341079,13.029872,3.805736,3.807568,5.0,5.0,18.348801,30.0,1.0,1.0,1.0,,7979.0,0.338109,1.0
8001.0,0.339111,0.332989,0.340799,0.340799,13.02992,3.79743,3.79922,5.0,5.0,18.252179,30.0,1.0,1.0,1.0,,7989.0,0.343005,1.0
8011.0,0.338844,0.332717,0.340517,0.340517,13.03052,3.761578,3.7634,5.0,5.0,17.836417,30.0,1.0,1.0,1.0,,7999.0,0.334309,1.0
8021.0,0.338577,0.332445,0.340236,0.340236,13.030793,3.742436,3.744129,5.0,5.0,17.614255,30.0,1.0,1.0,1.0,,8009.0,0.325191,1.0
8031.0,0.338309,0.332172,0.339956,0.339956,13.031435,3.704088,3.70592,5.0,5.0,17.169491,30.0,1.0,1.0,1.0,,8019.0,0.328923,1.0
8041.0,0.338042,0.331899,0.339674,0.339674,13.030354,3.753852,3.755779,5.0,5.0,17.74582,30.0,1.0,1.0,1.0,,8029.0,0.331353,1.0
8051.0,0.337774,0.331626,0.339394,0.339394,13.030383,3.746957,3.748843,5.0,5.0,17.665571,30.0,1.0,1.0,1.0,,8039.0,0.335908,1.0
8061.0,0.337505,0.331352,0.339114,0.339114,13.02979,3.771167,3.772952,5.0,5.0,17.945695,30.0,1.0,1.0,1.0,,8049.0,0.332616,1.0
8071.0,0.337237,0.331078,0.338833,0.338833,13.029097,3.800936,3.802751,5.0,5.0,18.290234,30.0,1.0,1.0,1.0,,8059.0,0.340178,1.0
8081.0,0.336969,0.330805,0.338549,0.338549,13.028572,3.822063,3.824077,5.0,5.0,18.534618,30.0,1.0,1.0,1.0,,8069.0,0.331638,1.0
8091.0,0.336701,0.330532,0.338264,0.338264,13.030501,3.718331,3.720186,5.0,5.0,17.332377,30.0,1.0,1.0,1.0,,8079.0,0.328101,1.0
8101.0,0.336433,0.330259,0.337982,0.337982,13.029116,3.783481,3.785141,5.0,5.0,18.086905,30.0,1.0,1.0,1.0,,8089.0,0.32861,1.0
8111.0,0.336166,0.329986,0.337703,0.337703,13.028948,3.786648,3.788547,5.0,5.0,18.12324,30.0,1.0,1.0,1.0,,8099.0,0.328432,1.0
8121.0,0.335898,0.329713,0.337422,0.337422,13.028131,3.822739,3.824388,5.0,5.0,18.540984,30.0,1.0,1.0,1.0,,8109.0,0.334906,1.0
8131.0,0.335632,0.329442,0.337143,0.337143,13.029286,3.758924,3.760742,5.0,5.0,17.801336,30.0,1.0,1.0,1.0,,8119.0,0.336251,1.0
8141.0,0.335364,0.329169,0.336862,0.336862,13.029535,3.740646,3.742447,5.0,5.0,17.589189,30.0,1.0,1.0,1.0,,8129.0,0.335541,1.0
8151.0,0.335095,0.328895,0.336582,0.336582,13.02811,3.80764,3.809582,5.0,5.0,18.364982,30.0,1.0,1.0,1.0,,8139.0,0.342476,1.0
8161.0,0.334827,0.328621,0.3363,0.3363,13.028575,3.778087,3.779763,5.0,5.0,18.022225,30.0,1.0,1.0,1.0,,8149.0,0.327842,1.0
8171.0,0.334559,0.328348,0.336018,0.336018,13.029331,3.733984,3.735864,5.0,5.0,17.510885,30.0,1.0,1.0,1.0,,8159.0,0.340997,1.0
8181.0,0.334292,0.328076,0.335738,0.335738,13.028457,3.773478,3.775257,5.0,5.0,17.96813,30.0,1.0,1.0,1.0,,8169.0,0.33422,1.0
8191.0,0.334024,0.327803,0.335457,0.335457,13.02826,3.77803,3.779805,5.0,5.0,18.020508,30.0,1.0,1.0,1.0,,8179.0,0.333091,1.0
8201.0,0.333756,0.32753,0.335178,0.335178,13.028906,3.739621,3.741513,5.0,5.0,17.575148,30.0,1.0,1.0,1.0,,8189.0,0.325197,1.0
8211.0,0.333489,0.327257,0.334899,0.334899,13.028672,3.746179,3.748033,5.0,5.0,17.650779,30.0,1.0,1.0,1.0,,8199.0,0.329165,1.0
8221.0,0.33322,0.326983,0.33462,0.33462,13.026908,3.830316,3.832134,5.0,5.0,18.625078,30.0,1.0,1.0,1.0,,8209.0,0.329254,1.0
8231.0,0.332952,0.32671,0.334338,0.334338,13.027158,3.812135,3.814026,5.0,5.0,18.414108,30.0,1.0,1.0,1.0,,8219.0,0.345368,1.0
8241.0,0.332684,0.326436,0.334056,0.334056,13.027647,3.781478,3.783439,5.0,5.0,18.058605,30.0,1.0,1.0,1.0,,8229.0,0.325441,1.0
8251.0,0.332416,0.326164,0.333779,0.333779,13.027515,3.782846,3.784581,5.0,5.0,18.0741,30.0,1.0,1.0,1.0,,8239.0,0.329287,1.0
8261.0,0.332149,0.325891,0.3335,0.3335,13.027984,3.753715,3.755467,5.0,5.0,17.736275,30.0,1.0,1.0,1.0,,8249.0,0.337944,1.0
8271.0,0.331882,0.325619,0.333222,0.333222,13.027813,3.757236,3.758935,5.0,5.0,17.776715,30.0,1.0,1.0,1.0,,8259.0,0.331471,1.0
8281.0,0.331614,0.325346,0.332941,0.332941,13.02748,3.768651,3.770481,5.0,5.0,17.9086,30.0,1.0,1.0,1.0,,8269.0,0.32378,1.0
8291.0,0.331347,0.325073,0.332662,0.332662,13.027451,3.764702,3.766618,5.0,5.0,17.862487,30.0,1.0,1.0,1.0,,8279.0,0.335365,1.0
8301.0,0.331079,0.3248,0.332383,0.332383,13.026839,3.790668,3.792596,5.0,5.0,18.162938,30.0,1.0,1.0,1.0,,8289.0,0.337432,1.0
8311.0,0.330811,0.324527,0.332103,0.332103,13.026931,3.780294,3.782151,5.0,5.0,18.042391,30.0,1.0,1.0,1.0,,8299.0,0.332447,1.0
8321.0,0.330544,0.324254,0.331825,0.331825,13.027069,3.76796,3.769775,5.0,5.0,17.899161,30.0,1.0,1.0,1.0,,8309.0,0.334662,1.0
8331.0,0.330276,0.323981,0.331547,0.331547,13.026024,3.81564,3.817307,5.0,5.0,18.451075,30.0,1.0,1.0,1.0,,8319.0,0.33269,1.0
8341.0,0.330008,0.323708,0.33127,0.33127,13.026218,3.800282,3.802045,5.0,5.0,18.272832,30.0,1.0,1.0,1.0,,8329.0,0.337415,1.0
8351.0,0.329742,0.323436,0.330995,0.330995,13.026484,3.781717,3.783542,5.0,5.0,18.057448,30.0,1.0,1.0,1.0,,8339.0,0.321077,1.0
8361.0,0.329474,0.323163,0.330715,0.330715,13.025506,3.82607,3.827939,5.0,5.0,18.57081,30.0,1.0,1.0,1.0,,8349.0,0.342464,1.0
8371.0,0.329204,0.322888,0.330431,0.330431,13.02601,3.794021,3.795815,5.0,5.0,18.199179,30.0,1.0,1.0,1.0,,8359.0,0.334749,1.0
8381.0,0.328936,0.322615,0.330152,0.330152,13.026309,3.773414,3.775195,5.0,5.0,17.960138,30.0,1.0,1.0,1.0,,8369.0,0.326099,1.0
8391.0,0.328667,0.322341,0.329873,0.329873,13.025417,3.813095,3.814857,5.0,5.0,18.419359,30.0,1.0,1.0,1.0,,8379.0,0.347861,1.0
8401.0,0.3284,0.322069,0.329595,0.329595,13.025535,3.801805,3.803706,5.0,5.0,18.288245,30.0,1.0,1.0,1.0,,8389.0,0.331168,1.0
8411.0,0.328133,0.321796,0.329316,0.329316,13.025489,3.798923,3.800716,5.0,5.0,18.254521,30.0,1.0,1.0,1.0,,8399.0,0.338509,1.0
8421.0,0.327866,0.321524,0.32904,0.32904,13.025841,3.775884,3.777666,5.0,5.0,17.987329,30.0,1.0,1.0,1.0,,8409.0,0.330047,1.0
8431.0,0.327599,0.321252,0.328763,0.328763,13.02501,3.813001,3.814919,5.0,5.0,18.416883,30.0,1.0,1.0,1.0,,8419.0,0.333721,1.0
8441.0,0.327331,0.320978,0.328484,0.328484,13.025534,3.780605,3.782463,5.0,5.0,18.041282,30.0,1.0,1.0,1.0,,8429.0,0.338015,1.0
8451.0,0.327061,0.320703,0.328203,0.328203,13.025834,3.759016,3.760762,5.0,5.0,17.790805,30.0,1.0,1.0,1.0,,8439.0,0.338135,1.0
8461.0,0.326793,0.32043,0.327924,0.327924,13.025987,3.745772,3.74768,5.0,5.0,17.637032,30.0,1.0,1.0,1.0,,8449.0,0.331917,1.0
8471.0,0.326525,0.320157,0.327648,0.327648,13.025113,3.784936,3.786761,5.0,5.0,18.090311,30.0,1.0,1.0,1.0,,8459.0,0.32625,1.0
8481.0,0.326258,0.319885,0.32737,0.32737,13.025055,3.782718,3.784498,5.0,5.0,18.064283,30.0,1.0,1.0,1.0,,8469.0,0.340279,1.0
8491.0,0.32599,0.319612,0.327093,0.327093,13.023277,3.867897,3.86972,5.0,5.0,19.050341,30.0,1.0,1.0,1.0,,8479.0,0.338028,1.0
8501.0,0.325722,0.319338,0.326812,0.326812,13.024418,3.804092,3.805969,5.0,5.0,18.311093,30.0,1.0,1.0,1.0,,8489.0,0.326073,1.0
8511.0,0.325454,0.319065,0.326535,0.326535,13.025243,3.756536,3.758374,5.0,5.0,17.759935,30.0,1.0,1.0,1.0,,8499.0,0.328783,1.0
8521.0,0.325188,0.318794,0.326258,0.326258,13.024735,3.777518,3.779202,5.0,5.0,18.002628,30.0,1.0,1.0,1.0,,8509.0,0.327191,1.0
8531.0,0.32492,0.31852,0.325979,0.325979,13.024832,3.76683,3.768446,5.0,5.0,17.878463,30.0,1.0,1.0,1.0,,8519.0,0.332727,1.0
8541.0,0.324651,0.318246,0.325699,0.325699,13.025211,3.741863,3.743589,5.0,5.0,17.588899,30.0,1.0,1.0,1.0,,8529.0,0.343096,1.0
8551.0,0.324383,0.317973,0.325421,0.325421,13.024039,3.796051,3.797829,5.0,5.0,18.216145,30.0,1.0,1.0,1.0,,8539.0,0.348802,1.0
8561.0,0.324115,0.317699,0.32514,0.32514,13.023551,3.815179,3.817017,5.0,5.0,18.437267,30.0,1.0,1.0,1.0,,8549.0,0.333588,1.0
8571.0,0.323846,0.317425,0.324861,0.324861,13.023496,3.812252,3.814192,5.0,5.0,18.402995,30.0,1.0,1.0,1.0,,8559.0,0.322627,1.0
8581.0,0.323576,0.31715,0.32458,0.32458,13.022724,3.845564,3.847334,5.0,5.0,18.788327,30.0,1.0,1.0,1.0,,8569.0,0.326902,1.0
8591.0,0.323307,0.316876,0.3243,0.3243,13.02265,3.843441,3.845258,5.0,5.0,18.763347,30.0,1.0,1.0,1.0,,8579.0,0.332793,1.0
8601.0,0.323039,0.316603,0.324019,0.324019,13.023581,3.790485,3.792347,5.0,5.0,18.14976,30.0,1.0,1.0,1.0,,8589.0,0.329127,1.0
8611.0,0.322771,0.31633,0.323741,0.323741,13.023956,3.765872,3.767719,5.0,5.0,17.864351,30.0,1.0,1.0,1.0,,8599.0,0.343375,1.0
8621.0,0.322503,0.316056,0.323465,0.323465,13.024346,3.740416,3.742136,5.0,5.0,17.569149,30.0,1.0,1.0,1.0,,8609.0,0.329071,1.0
8631.0,0.322234,0.315782,0.323185,0.323185,13.023386,3.783499,3.785224,5.0,5.0,18.067732,30.0,1.0,1.0,1.0,,8619.0,0.336498,1.0
8641.0,0.321965,0.315508,0.322904,0.322904,13.022927,3.801262,3.803083,5.0,5.0,18.273058,30.0,1.0,1.0,1.0,,8629.0,0.324307,1.0
8651.0,0.321699,0.315236,0.322628,0.322628,13.02378,3.752805,3.754678,5.0,5.0,17.711558,30.0,1.0,1.0,1.0,,8639.0,0.327648,1.0
8661.0,0.321431,0.314963,0.32235,0.32235,13.023712,3.750861,3.752685,5.0,5.0,17.688692,30.0,1.0,1.0,1.0,,8649.0,0.338169,1.0
8671.0,0.321163,0.31469,0.322074,0.322074,13.02299,3.782387,3.784228,5.0,5.0,18.053436,30.0,1.0,1.0,1.0,,8659.0,0.335775,1.0
8681.0,0.320895,0.314417,0.321796,0.321796,13.023745,3.738433,3.740225,5.0,5.0,17.544051,30.0,1.0,1.0,1.0,,8669.0,0.330319,1.0
8691.0,0.320628,0.314144,0.321523,0.321523,13.022867,3.778112,3.779742,5.0,5.0,18.003239,30.0,1.0,1.0,1.0,,8679.0,0.340343,1.0
8701.0,0.320359,0.31387,0.321245,0.321245,13.023022,3.76436,3.766016,5.0,5.0,17.843595,30.0,1.0,1.0,1.0,,8689.0,0.340365,1.0
8711.0,0.32009,0.313596,0.320966,0.320966,13.022498,3.785332,3.787052,5.0,5.0,18.08607,30.0,1.0,1.0,1.0,,8698.0,0.331894,1.0
8721.0,0.319822,0.313323,0.320689,0.320689,13.022328,3.788615,3.790374,5.0,5.0,18.123732,30.0,1.0,1.0,1.0,,8708.0,0.333279,1.0
8731.0,0.319554,0.313049,0.320411,0.320411,13.02273,3.762493,3.76423,5.0,5.0,17.820863,30.0,1.0,1.0,1.0,,8718.0,0.336245,1.0
8741.0,0.319287,0.312777,0.320135,0.320135,13.021643,3.812765,3.814462,5.0,5.0,18.402648,30.0,1.0,1.0,1.0,,8728.0,0.337819,1.0
8751.0,0.319019,0.312504,0.319857,0.319857,13.021559,3.811713,3.813507,5.0,5.0,18.390108,30.0,1.0,1.0,1.0,,8738.0,0.332493,1.0
8761.0,0.318752,0.312231,0.31958,0.31958,13.023807,3.691761,3.693503,5.0,5.0,17.000643,30.0,1.0,1.0,1.0,,8748.0,0.338313,1.0
8771.0,0.318484,0.311958,0.319304,0.319304,13.023227,3.715983,3.717736,5.0,5.0,17.280838,30.0,1.0,1.0,1.0,,8758.0,0.326038,1.0
8781.0,0.318215,0.311684,0.319026,0.319026,13.022161,3.764421,3.766328,5.0,5.0,17.841402,30.0,1.0,1.0,1.0,,8768.0,0.332555,1.0
8791.0,0.317947,0.31141,0.318748,0.318748,13.021335,3.801111,3.802813,5.0,5.0,18.265886,30.0,1.0,1.0,1.0,,8778.0,0.326527,1.0
8801.0,0.317678,0.311137,0.318472,0.318472,13.02206,3.758577,3.760264,5.0,5.0,17.773003,30.0,1.0,1.0,1.0,,8788.0,0.334397,1.0
8811.0,0.317412,0.310866,0.318198,0.318198,13.02314,3.698707,3.700563,5.0,5.0,17.079336,30.0,1.0,1.0,1.0,,8798.0,0.339265,1.0
8821.0,0.317145,0.310593,0.317923,0.317923,13.02067,3.819449,3.821315,5.0,5.0,18.477162,30.0,1.0,1.0,1.0,,8808.0,0.329759,1.0
8831.0,0.316878,0.31032,0.317644,0.317644,13.021339,3.780127,3.782006,5.0,5.0,18.021535,30.0,1.0,1.0,1.0,,8818.0,0.341505,1.0
8841.0,0.31661,0.310047,0.317366,0.317366,13.021639,3.759287,3.761095,5.0,5.0,17.779856,30.0,1.0,1.0,1.0,,8828.0,0.343569,1.0
8851.0,0.316342,0.309774,0.317087,0.317087,13.02073,3.800213,3.802024,5.0,5.0,18.253376,30.0,1.0,1.0,1.0,,8838.0,0.339757,1.0
8861.0,0.316073,0.3095,0.316809,0.316809,13.019992,3.832164,3.833982,5.0,5.0,18.622895,30.0,1.0,1.0,1.0,,8848.0,0.334328,1.0
8871.0,0.315805,0.309227,0.316533,0.316533,13.020935,3.778663,3.780448,5.0,5.0,18.003125,30.0,1.0,1.0,1.0,,8858.0,0.327543,1.0
8881.0,0.315537,0.308954,0.316256,0.316256,13.021306,3.754133,3.756049,5.0,5.0,17.718724,30.0,1.0,1.0,1.0,,8868.0,0.33759,1.0
8891.0,0.315269,0.30868,0.315977,0.315977,13.020717,3.778641,3.780531,5.0,5.0,18.002132,30.0,1.0,1.0,1.0,,8878.0,0.345141,1.0
8901.0,0.315001,0.308407,0.315702,0.315702,13.021211,3.748013,3.749549,5.0,5.0,17.647135,30.0,1.0,1.0,1.0,,8888.0,0.33218,1.0
8911.0,0.314734,0.308135,0.315427,0.315427,13.020344,3.787015,3.788692,5.0,5.0,18.098382,30.0,1.0,1.0,1.0,,8898.0,0.334802,1.0
8921.0,0.314466,0.307862,0.315151,0.315151,13.020159,3.791028,3.792804,5.0,5.0,18.144484,30.0,1.0,1.0,1.0,,8908.0,0.336904,1.0
8931.0,0.314199,0.307589,0.314874,0.314874,13.020355,3.775732,3.777583,5.0,5.0,17.967032,30.0,1.0,1.0,1.0,,8918.0,0.330386,1.0
8941.0,0.313931,0.307316,0.314598,0.314598,13.02074,3.750666,3.752456,5.0,5.0,17.676447,30.0,1.0,1.0,1.0,,8928.0,0.334454,1.0
8951.0,0.313663,0.307043,0.314322,0.314322,13.020037,3.781079,3.782961,5.0,5.0,18.028221,30.0,1.0,1.0,1.0,,8938.0,0.343033,1.0
8961.0,0.313395,0.306769,0.314045,0.314045,13.019726,3.791372,3.793364,5.0,5.0,18.147021,30.0,1.0,1.0,1.0,,8948.0,0.330639,1.0
8971.0,0.313127,0.306496,0.313768,0.313768,13.020101,3.766719,3.76855,5.0,5.0,17.861227,30.0,1.0,1.0,1.0,,8958.0,0.338202,1.0
8981.0,0.312859,0.306223,0.313493,0.313493,13.020232,3.7546,3.756402,5.0,5.0,17.720551,30.0,1.0,1.0,1.0,,8968.0,0.326154,1.0
8991.0,0.312592,0.305951,0.31322,0.31322,13.019902,3.766203,3.767844,5.0,5.0,17.854544,30.0,1.0,1.0,1.0,,8978.0,0.3321,1.0
9001.0,0.312322,0.305675,0.312942,0.312942,13.019073,3.802266,3.803913,5.0,5.0,18.271643,30.0,1.0,1.0,1.0,,8988.0,0.331901,1.0
9011.0,0.312054,0.305403,0.312667,0.312667,13.018523,3.824959,3.826631,5.0,5.0,18.533985,30.0,1.0,1.0,1.0,,8998.0,0.330709,1.0
9021.0,0.311786,0.305129,0.312391,0.312391,13.019691,3.759865,3.761801,5.0,5.0,17.780042,30.0,1.0,1.0,1.0,,9008.0,0.334641,1.0
9031.0,0.311518,0.304856,0.312117,0.312117,13.019578,3.760144,3.762029,5.0,5.0,17.782905,30.0,1.0,1.0,1.0,,9018.0,0.339703,1.0
9041.0,0.31125,0.304582,0.311845,0.311845,13.018272,3.82108,3.822893,5.0,5.0,18.487955,30.0,1.0,1.0,1.0,,9028.0,0.336307,1.0
9051.0,0.310982,0.304309,0.311569,0.311569,13.018604,3.79867,3.800612,5.0,5.0,18.22818,30.0,1.0,1.0,1.0,,9038.0,0.339048,1.0
9061.0,0.310714,0.304036,0.311293,0.311293,13.018756,3.785681,3.787612,5.0,5.0,18.077466,30.0,1.0,1.0,1.0,,9048.0,0.339887,1.0
9071.0,0.310447,0.303763,0.311018,0.311018,13.019318,3.75163,3.753474,5.0,5.0,17.682905,30.0,1.0,1.0,1.0,,9058.0,0.333977,1.0
9081.0,0.310178,0.30349,0.310743,0.310743,13.018551,3.785085,3.786782,5.0,5.0,18.069837,30.0,1.0,1.0,1.0,,9068.0,0.334559,1.0
9091.0,0.309909,0.303215,0.310467,0.310467,13.018597,3.776874,3.778704,5.0,5.0,17.974392,30.0,1.0,1.0,1.0,,9078.0,0.32882,1.0
9101.0,0.30964,0.302941,0.31019,0.31019,13.01918,3.741354,3.743132,5.0,5.0,17.562787,30.0,1.0,1.0,1.0,,9088.0,0.326109,1.0
9111.0,0.309371,0.302667,0.309911,0.309911,13.017802,3.805737,3.807527,5.0,5.0,18.307729,30.0,1.0,1.0,1.0,,9098.0,0.332183,1.0
9121.0,0.309103,0.302394,0.309632,0.309632,13.017934,3.793645,3.795379,5.0,5.0,18.167407,30.0,1.0,1.0,1.0,,9108.0,0.331055,1.0
9131.0,0.308835,0.302121,0.30936,0.30936,13.018605,3.753984,3.755799,5.0,5.0,17.707916,30.0,1.0,1.0,1.0,,9118.0,0.33052,1.0
9141.0,0.308568,0.301848,0.309087,0.309087,13.018062,3.776435,3.778206,5.0,5.0,17.967473,30.0,1.0,1.0,1.0,,9128.0,0.330458,1.0
9151.0,0.3083,0.301575,0.308811,0.308811,13.018377,3.755078,3.756879,5.0,5.0,17.71989,30.0,1.0,1.0,1.0,,9138.0,0.329007,1.0
9161.0,0.308032,0.301301,0.308536,0.308536,13.017313,3.803808,3.805575,5.0,5.0,18.283615,30.0,1.0,1.0,1.0,,9148.0,0.333587,1.0
9171.0,0.307764,0.301028,0.308259,0.308259,13.018485,3.738577,3.740433,5.0,5.0,17.528138,30.0,1.0,1.0,1.0,,9158.0,0.338235,1.0
9181.0,0.307496,0.300755,0.307986,0.307986,13.01727,3.795169,3.796957,5.0,5.0,18.182894,30.0,1.0,1.0,1.0,,9168.0,0.332418,1.0
9191.0,0.307227,0.300481,0.307711,0.307711,13.01713,3.796588,3.798369,5.0,5.0,18.198931,30.0,1.0,1.0,1.0,,9178.0,0.326024,1.0
9201.0,0.30696,0.300209,0.307439,0.307439,13.018342,3.729604,3.731358,5.0,5.0,17.423194,30.0,1.0,1.0,1.0,,9188.0,0.340627,1.0
9211.0,0.306693,0.299936,0.307166,0.307166,13.018114,3.735909,3.737692,5.0,5.0,17.495837,30.0,1.0,1.0,1.0,,9198.0,0.338524,1.0
9221.0,0.306424,0.299662,0.306891,0.306891,13.017797,3.746457,3.748262,5.0,5.0,17.617573,30.0,1.0,1.0,1.0,,9208.0,0.340208,1.0
9231.0,0.306155,0.299388,0.306614,0.306614,13.016548,3.804491,3.806322,5.0,5.0,18.288958,30.0,1.0,1.0,1.0,,9218.0,0.344781,1.0
9241.0,0.305887,0.299114,0.306339,0.306339,13.017233,3.763867,3.76558,5.0,5.0,17.818369,30.0,1.0,1.0,1.0,,9228.0,0.34156,1.0
9251.0,0.30562,0.298842,0.306071,0.306071,13.017171,3.761918,3.76367,5.0,5.0,17.79547,30.0,1.0,1.0,1.0,,9238.0,0.33944,1.0
9261.0,0.305351,0.298568,0.305795,0.305795,13.016628,3.784078,3.785951,5.0,5.0,18.051605,30.0,1.0,1.0,1.0,,9248.0,0.334638,1.0
9271.0,0.305084,0.298295,0.305519,0.305519,13.016331,3.793873,3.795545,5.0,5.0,18.164622,30.0,1.0,1.0,1.0,,9258.0,0.341193,1.0
9281.0,0.304816,0.298023,0.305245,0.305245,13.017113,3.748784,3.750608,5.0,5.0,17.642378,30.0,1.0,1.0,1.0,,9268.0,0.336014,1.0
9291.0,0.30455,0.297751,0.304972,0.304972,13.018134,3.691747,3.693482,5.0,5.0,16.981757,30.0,1.0,1.0,1.0,,9278.0,0.340338,1.0
9301.0,0.304282,0.297478,0.304697,0.304697,13.016458,3.771645,3.773492,5.0,5.0,17.906295,30.0,1.0,1.0,1.0,,9288.0,0.328934,1.0
9311.0,0.304013,0.297204,0.304421,0.304421,13.015711,3.804086,3.805886,5.0,5.0,18.281397,30.0,1.0,1.0,1.0,,9298.0,0.328568,1.0
9321.0,0.303745,0.29693,0.304148,0.304148,13.016363,3.765215,3.767013,5.0,5.0,17.83113,30.0,1.0,1.0,1.0,,9308.0,0.329739,1.0
9331.0,0.303477,0.296657,0.303869,0.303869,13.014752,3.841925,3.8437,5.0,5.0,18.718552,30.0,1.0,1.0,1.0,,9318.0,0.330394,1.0
9341.0,0.303209,0.296384,0.303598,0.303598,13.014911,3.828427,3.83014,5.0,5.0,18.561993,30.0,1.0,1.0,1.0,,9328.0,0.327496,1.0
9351.0,0.302942,0.296111,0.303326,0.303326,13.016233,3.755809,3.757585,5.0,5.0,17.721197,30.0,1.0,1.0,1.0,,9338.0,0.335284,1.0
9361.0,0.302674,0.295838,0.303051,0.303051,13.015362,3.79487,3.796583,5.0,5.0,18.172935,30.0,1.0,1.0,1.0,,9348.0,0.334055,1.0
9371.0,0.302405,0.295565,0.302775,0.302775,13.015042,3.805517,3.807319,5.0,5.0,18.295772,30.0,1.0,1.0,1.0,,9358.0,0.339538,1.0
9381.0,0.302137,0.295291,0.302497,0.302497,13.014932,3.80547,3.807194,5.0,5.0,18.294851,30.0,1.0,1.0,1.0,,9368.0,0.332646,1.0
9391.0,0.301869,0.295018,0.302222,0.302222,13.016423,3.723787,3.725502,5.0,5.0,17.349079,30.0,1.0,1.0,1.0,,9378.0,0.325659,1.0
9401.0,0.301601,0.294745,0.301948,0.301948,13.014914,3.795435,3.797289,5.0,5.0,18.177996,30.0,1.0,1.0,1.0,,9388.0,0.334436,1.0
9411.0,0.301332,0.294471,0.301672,0.301672,13.015515,3.759032,3.76097,5.0,5.0,17.756303,30.0,1.0,1.0,1.0,,9398.0,0.332,1.0
9421.0,0.301065,0.294198,0.301399,0.301399,13.014778,3.791257,3.793115,5.0,5.0,18.128907,30.0,1.0,1.0,1.0,,9408.0,0.320622,1.0
9431.0,0.300796,0.293924,0.301119,0.301119,13.013793,3.835907,3.83772,5.0,5.0,18.645215,30.0,1.0,1.0,1.0,,9418.0,0.329913,1.0
9441.0,0.300528,0.293651,0.300845,0.300845,13.014268,3.806334,3.808004,5.0,5.0,18.302651,30.0,1.0,1.0,1.0,,9428.0,0.334125,1.0
9451.0,0.30026,0.293378,0.300573,0.300573,13.014437,3.792172,3.793967,5.0,5.0,18.138393,30.0,1.0,1.0,1.0,,9438.0,0.330968,1.0
9461.0,0.299994,0.293106,0.300306,0.300306,13.014792,3.769055,3.770834,5.0,5.0,17.870534,30.0,1.0,1.0,1.0,,9448.0,0.339943,1.0
9471.0,0.299726,0.292833,0.300032,0.300032,13.014408,3.773212,3.774842,5.0,5.0,17.917623,30.0,1.0,1.0,1.0,,9458.0,0.334639,1.0
9481.0,0.299474,0.292576,0.299757,0.299757,13.057331,1.571944,1.573913,5.0,5.0,17.139421,5.347294,1.0,0.0,0.0,,9468.0,2.968119,1.0
9491.0,0.29939,0.29249,0.299756,0.299756,13.066175,1.179833,1.18192,5.0,5.0,17.945259,0.0,1.0,0.0,0.0,,9478.0,0.331959,1.0
9501.0,0.299306,0.292405,0.299754,0.299754,13.066693,1.209856,1.211864,5.0,5.0,18.296644,0.0,1.0,0.0,0.0,,9488.0,0.335491,1.0
9511.0,0.299223,0.29232,0.299752,0.299752,13.069032,1.144019,1.146058,5.0,5.0,17.529683,0.0,1.0,0.0,0.0,,9498.0,0.336255,1.0
9521.0,0.299138,0.292233,0.299743,0.299743,13.069362,1.177208,1.1792,5.0,5.0,17.917941,0.0,1.0,0.0,0.0,,9508.0,0.339294,1.0
9531.0,0.299054,0.292147,0.299735,0.299735,13.069253,1.230532,1.232506,5.0,5.0,18.541078,0.0,1.0,0.0,0.0,,9518.0,0.344331,1.0
9541.0,0.29897,0.292061,0.299725,0.299725,13.070867,1.193167,1.19521,5.0,5.0,18.10607,0.0,1.0,0.0,0.0,,9528.0,0.340213,1.0
9551.0,0.298886,0.291975,0.29971,0.29971,13.071774,1.189607,1.191763,5.0,5.0,18.065428,0.0,1.0,0.0,0.0,,9538.0,0.344765,1.0
9561.0,0.298801,0.291889,0.299695,0.299695,13.071864,1.225276,1.227273,5.0,5.0,18.482505,0.0,1.0,0.0,0.0,,9548.0,0.34827,1.0
9571.0,0.298717,0.291803,0.29968,0.29968,13.072525,1.22952,1.23155,5.0,5.0,18.532842,0.0,1.0,0.0,0.0,,9558.0,0.330814,1.0
9581.0,0.298633,0.291717,0.299658,0.299658,13.073895,1.195657,1.197495,5.0,5.0,18.138418,0.0,1.0,0.0,0.0,,9568.0,0.344594,1.0
9591.0,0.298548,0.291631,0.29964,0.29964,13.073997,1.224193,1.226172,5.0,5.0,18.472184,0.0,1.0,0.0,0.0,,9578.0,0.336767,1.0
9601.0,0.298465,0.291546,0.299617,0.299617,13.075817,1.163884,1.165869,5.0,5.0,17.76893,0.0,1.0,0.0,0.0,,9588.0,0.337877,1.0
9611.0,0.298381,0.29146,0.29959,0.29959,13.075671,1.201597,1.203724,5.0,5.0,18.209783,0.0,1.0,0.0,0.0,,9598.0,0.330385,1.0
9621.0,0.298297,0.291375,0.299558,0.299558,13.076529,1.186531,1.188628,5.0,5.0,18.034514,0.0,1.0,0.0,0.0,,9608.0,0.34029,1.0
9631.0,0.298213,0.291289,0.299528,0.299528,13.076233,1.228691,1.230761,5.0,5.0,18.527232,0.0,1.0,0.0,0.0,,9618.0,0.340551,1.0
9641.0,0.29813,0.291204,0.299497,0.299497,13.07726,1.202046,1.20387,5.0,5.0,18.21674,0.0,1.0,0.0,0.0,,9628.0,0.337929,1.0
9651.0,0.298047,0.291119,0.299461,0.299461,13.077745,1.201299,1.20333,5.0,5.0,18.208527,0.0,1.0,0.0,0.0,,9638.0,0.334248,1.0
9661.0,0.297964,0.291035,0.299425,0.299425,13.079103,1.155163,1.157106,5.0,5.0,17.670341,0.0,1.0,0.0,0.0,,9648.0,0.334217,1.0
9671.0,0.297881,0.290949,0.299389,0.299389,13.078509,1.206719,1.20877,5.0,5.0,18.272733,0.0,1.0,0.0,0.0,,9658.0,0.326644,1.0
9681.0,0.297797,0.290864,0.299349,0.299349,13.079351,1.183701,1.185762,5.0,5.0,18.004404,0.0,1.0,0.0,0.0,,9668.0,0.337788,1.0
9691.0,0.297713,0.290778,0.299308,0.299308,13.079745,1.182151,1.184163,5.0,5.0,17.986693,0.0,1.0,0.0,0.0,,9678.0,0.326939,1.0
9701.0,0.29763,0.290693,0.299269,0.299269,13.081032,1.134009,1.136028,5.0,5.0,17.424863,0.0,1.0,0.0,0.0,,9688.0,0.33797,1.0
9711.0,0.297545,0.290607,0.299231,0.299231,13.080186,1.193313,1.195273,5.0,5.0,18.117732,0.0,1.0,0.0,0.0,,9698.0,0.336565,1.0
9721.0,0.297461,0.290521,0.29919,0.29919,13.080109,1.212684,1.214709,5.0,5.0,18.344248,0.0,1.0,0.0,0.0,,9708.0,0.344517,1.0
9731.0,0.297377,0.290435,0.299146,0.299146,13.081494,1.15614,1.158082,5.0,5.0,17.684237,0.0,1.0,0.0,0.0,,9718.0,0.326098,1.0
9741.0,0.297293,0.29035,0.2991,0.2991,13.080488,1.220858,1.222746,5.0,5.0,18.440277,0.0,1.0,0.0,0.0,,9728.0,0.344414,1.0
9751.0,0.297209,0.290264,0.299055,0.299055,13.08091,1.21181,1.213775,5.0,5.0,18.334888,0.0,1.0,0.0,0.0,,9738.0,0.319183,1.0
9761.0,0.297125,0.290178,0.299005,0.299005,13.082316,1.151443,1.153368,5.0,5.0,17.630131,0.0,1.0,0.0,0.0,,9748.0,0.334021,1.0
9771.0,0.297041,0.290093,0.298961,0.298961,13.081351,1.211639,1.213567,5.0,5.0,18.333361,0.0,1.0,0.0,0.0,,9758.0,0.337192,1.0
9781.0,0.296958,0.290007,0.298908,0.298908,13.082333,1.1716,1.173593,5.0,5.0,17.865981,0.0,1.0,0.0,0.0,,9768.0,0.334334,1.0
9791.0,0.296875,0.289922,0.298862,0.298862,13.081612,1.218047,1.22015,5.0,5.0,18.40861,0.0,1.0,0.0,0.0,,9778.0,0.335017,1.0
9801.0,0.296791,0.289837,0.298812,0.298812,13.082443,1.184143,1.186198,5.0,5.0,18.012852,0.0,1.0,0.0,0.0,,9788.0,0.331046,1.0
9811.0,0.296706,0.289751,0.298761,0.298761,13.081857,1.221727,1.223867,5.0,5.0,18.451933,0.0,1.0,0.0,0.0,,9798.0,0.336014,1.0
9821.0,0.296622,0.289665,0.298709,0.298709,13.082265,1.208126,1.210203,5.0,5.0,18.293254,0.0,1.0,0.0,0.0,,9808.0,0.331809,1.0
9831.0,0.296538,0.289579,0.298658,0.298658,13.082299,1.212879,1.214751,5.0,5.0,18.348893,0.0,1.0,0.0,0.0,,9818.0,0.329169,1.0
9841.0,0.296455,0.289494,0.298609,0.298609,13.082677,1.200003,1.201876,5.0,5.0,18.19866,0.0,1.0,0.0,0.0,,9828.0,0.333261,1.0
9851.0,0.29637,0.289408,0.298551,0.298551,13.08298,1.189745,1.191888,5.0,5.0,18.078968,0.0,1.0,0.0,0.0,,9838.0,0.337232,1.0
9861.0,0.296287,0.289322,0.298494,0.298494,13.083298,1.178592,1.180716,5.0,5.0,17.948807,0.0,1.0,0.0,0.0,,9848.0,0.335492,1.0
9871.0,0.296202,0.289236,0.298438,0.298438,13.083762,1.159298,1.161383,5.0,5.0,17.72353,0.0,1.0,0.0,0.0,,9858.0,0.332226,1.0
9881.0,0.296118,0.28915,0.298382,0.298382,13.083668,1.167964,1.169856,5.0,5.0,17.82484,0.0,1.0,0.0,0.0,,9868.0,0.339816,1.0
9891.0,0.296035,0.289065,0.298326,0.298326,13.083394,1.18584,1.187818,5.0,5.0,18.033709,0.0,1.0,0.0,0.0,,9878.0,0.334335,1.0
9901.0,0.295951,0.288979,0.298269,0.298269,13.083754,1.170633,1.172659,5.0,5.0,17.856153,0.0,1.0,0.0,0.0,,9888.0,0.344244,1.0
9911.0,0.295868,0.288895,0.298209,0.298209,13.084317,1.145279,1.147263,5.0,5.0,17.56006,0.0,1.0,0.0,0.0,,9898.0,0.332183,1.0
9921.0,0.295784,0.288809,0.298151,0.298151,13.083065,1.211321,1.213277,5.0,5.0,18.331505,0.0,1.0,0.0,0.0,,9908.0,0.327858,1.0
9931.0,0.2957,0.288723,0.298091,0.298091,13.083912,1.169929,1.171994,5.0,5.0,17.848085,0.0,1.0,0.0,0.0,,9918.0,0.333887,1.0
9941.0,0.295616,0.288637,0.298034,0.298034,13.084379,1.147674,1.149588,5.0,5.0,17.588156,0.0,1.0,0.0,0.0,,9928.0,0.335298,1.0
9951.0,0.295533,0.288552,0.297973,0.297973,13.085023,1.116588,1.118585,5.0,5.0,17.225046,0.0,1.0,0.0,0.0,,9938.0,0.350188,1.0
9961.0,0.295448,0.288466,0.297914,0.297914,13.081883,1.27754,1.279498,5.0,5.0,19.104936,0.0,1.0,0.0,0.0,,9948.0,0.338595,1.0
9971.0,0.295364,0.28838,0.297849,0.297849,13.083657,1.187691,1.189687,5.0,5.0,18.055644,0.0,1.0,0.0,0.0,,9958.0,0.34389,1.0
9981.0,0.29528,0.288295,0.297786,0.297786,13.084965,1.1213,1.123299,5.0,5.0,17.280129,0.0,1.0,0.0,0.0,,9968.0,0.333613,1.0
9991.0,0.295196,0.288209,0.297725,0.297725,13.08464,1.138184,1.140202,5.0,5.0,17.477372,0.0,1.0,0.0,0.0,,9978.0,0.326768,1.0
10001.0,0.295113,0.288124,0.29766,0.29766,13.084516,1.144678,1.14664,5.0,5.0,17.55324,0.0,1.0,0.0,0.0,,9988.0,0.337612,1.0
10011.0,0.295028,0.288038,0.297592,0.297592,13.083879,1.176426,1.178453,5.0,5.0,17.924066,0.0,1.0,0.0,0.0,,9998.0,0.335832,1.0
10021.0,0.294945,0.287952,0.297529,0.297529,13.08485,1.126401,1.12847,5.0,5.0,17.339702,0.0,1.0,0.0,0.0,,10008.0,0.33589,1.0
10031.0,0.29486,0.287865,0.297461,0.297461,13.08362,1.187939,1.18977,5.0,5.0,18.05851,0.0,1.0,0.0,0.0,,10018.0,0.336239,1.0
10041.0,0.294777,0.287781,0.297397,0.297397,13.083533,1.191765,1.193612,5.0,5.0,18.103183,0.0,1.0,0.0,0.0,,10028.0,0.327625,1.0
10051.0,0.294695,0.287697,0.297333,0.297333,13.084762,1.128688,1.130692,5.0,5.0,17.366369,0.0,1.0,0.0,0.0,,10038.0,0.336581,1.0
10061.0,0.294611,0.287612,0.297266,0.297266,13.083895,1.171489,1.173448,5.0,5.0,17.866323,0.0,1.0,0.0,0.0,,10048.0,0.341603,1.0
10071.0,0.294527,0.287526,0.2972,0.2972,13.083616,1.18415,1.186053,5.0,5.0,18.01417,0.0,1.0,0.0,0.0,,10058.0,0.342556,1.0
10081.0,0.294443,0.28744,0.297132,0.297132,13.083096,1.208598,1.210535,5.0,5.0,18.299675,0.0,1.0,0.0,0.0,,10068.0,0.338055,1.0
10091.0,0.294359,0.287354,0.297063,0.297063,13.082703,1.226712,1.228622,5.0,5.0,18.511184,0.0,1.0,0.0,0.0,,10078.0,0.330792,1.0
10101.0,0.294275,0.287269,0.296993,0.296993,13.083479,1.185113,1.187174,5.0,5.0,18.025289,0.0,1.0,0.0,0.0,,10088.0,0.341161,1.0
10111.0,0.294192,0.287184,0.29693,0.29693,13.083723,1.170861,1.17295,5.0,5.0,17.858786,0.0,1.0,0.0,0.0,,10098.0,0.341388,1.0
10121.0,0.29411,0.2871,0.296865,0.296865,13.084742,1.116916,1.11898,5.0,5.0,17.228597,0.0,1.0,0.0,0.0,,10108.0,0.336213,1.0
10131.0,0.294025,0.287014,0.296795,0.296795,13.083918,1.156263,1.158331,5.0,5.0,17.688184,0.0,1.0,0.0,0.0,,10118.0,0.338379,1.0
10141.0,0.293941,0.286927,0.296727,0.296727,13.083154,1.192325,1.194421,5.0,5.0,18.10934,0.0,1.0,0.0,0.0,,10127.0,0.337557,1.0
10151.0,0.293857,0.286842,0.29666,0.29666,13.083579,1.167894,1.169959,5.0,5.0,17.823919,0.0,1.0,0.0,0.0,,10136.0,0.338808,1.0
10161.0,0.293774,0.286757,0.296592,0.296592,13.083337,1.17772,1.179844,5.0,5.0,17.938639,0.0,1.0,0.0,0.0,,10146.0,0.341512,1.0
10171.0,0.293689,0.286671,0.296521,0.296521,13.083102,1.186382,1.188337,5.0,5.0,18.039739,0.0,1.0,0.0,0.0,,10156.0,0.339031,1.0
10181.0,0.293605,0.286584,0.296449,0.296449,13.083701,1.152271,1.154157,5.0,5.0,17.64125,0.0,1.0,0.0,0.0,,10166.0,0.329852,1.0
10191.0,0.293521,0.286499,0.296378,0.296378,13.082189,1.226523,1.228519,5.0,5.0,18.508411,0.0,1.0,0.0,0.0,,10176.0,0.336027,1.0
10201.0,0.293438,0.286414,0.296309,0.296309,13.082939,1.185308,1.187403,5.0,5.0,18.027001,0.0,1.0,0.0,0.0,,10186.0,0.340953,1.0
10211.0,0.293355,0.286329,0.296235,0.296235,13.083573,1.149681,1.151769,5.0,5.0,17.61081,0.0,1.0,0.0,0.0,,10196.0,0.328269,1.0
10221.0,0.293271,0.286243,0.296164,0.296164,13.082417,1.20504,1.207026,5.0,5.0,18.257311,0.0,1.0,0.0,0.0,,10206.0,0.332393,1.0
10231.0,0.293187,0.286158,0.296091,0.296091,13.082154,1.215057,1.217118,5.0,5.0,18.374219,0.0,1.0,0.0,0.0,,10216.0,0.336469,1.0
10241.0,0.293103,0.286073,0.296018,0.296018,13.083089,1.163756,1.165931,5.0,5.0,17.774995,0.0,1.0,0.0,0.0,,10226.0,0.33296,1.0
10251.0,0.29302,0.285988,0.295948,0.295948,13.082653,1.182562,1.184475,5.0,5.0,17.994568,0.0,1.0,0.0,0.0,,10236.0,0.345489,1.0
10261.0,0.292936,0.285902,0.295874,0.295874,13.082891,1.166583,1.168527,5.0,5.0,17.80787,0.0,1.0,0.0,0.0,,10246.0,0.325787,1.0
10271.0,0.292851,0.285815,0.2958,0.2958,13.082129,1.201153,1.202998,5.0,5.0,18.211523,0.0,1.0,0.0,0.0,,10256.0,0.331579,1.0
10281.0,0.292767,0.285729,0.295722,0.295722,13.083073,1.148929,1.151042,5.0,5.0,17.6015,0.0,1.0,0.0,0.0,,10266.0,0.330447,1.0
10291.0,0.292684,0.285644,0.29565,0.29565,13.082474,1.175632,1.177497,5.0,5.0,17.913302,0.0,1.0,0.0,0.0,,10276.0,0.335856,1.0
10301.0,0.2926,0.285558,0.295579,0.295579,13.082755,1.157247,1.15912,5.0,5.0,17.698489,0.0,1.0,0.0,0.0,,10286.0,0.335331,1.0
10311.0,0.292516,0.285473,0.295506,0.295506,13.082419,1.170461,1.172389,5.0,5.0,17.852747,0.0,1.0,0.0,0.0,,10296.0,0.333571,1.0
10321.0,0.292433,0.285388,0.29543,0.29543,13.081675,1.20455,1.206569,5.0,5.0,18.250784,0.0,1.0,0.0,0.0,,10306.0,0.324765,1.0
10331.0,0.292349,0.285303,0.295353,0.295353,13.081405,1.214289,1.216433,5.0,5.0,18.364428,0.0,1.0,0.0,0.0,,10316.0,0.336314,1.0
10341.0,0.292265,0.285217,0.295279,0.295279,13.081764,1.191645,1.193549,5.0,5.0,18.0999,0.0,1.0,0.0,0.0,,10326.0,0.336158,1.0
10351.0,0.292181,0.285131,0.2952,0.2952,13.082191,1.165405,1.167571,5.0,5.0,17.793356,0.0,1.0,0.0,0.0,,10336.0,0.344364,1.0
10361.0,0.292096,0.285044,0.295123,0.295123,13.080807,1.231284,1.233502,5.0,5.0,18.562591,0.0,1.0,0.0,0.0,,10346.0,0.335616,1.0
10371.0,0.292014,0.28496,0.295051,0.295051,13.081426,1.195813,1.197785,5.0,5.0,18.1483,0.0,1.0,0.0,0.0,,10356.0,0.340906,1.0
10381.0,0.291929,0.284874,0.294972,0.294972,13.081805,1.171861,1.173801,5.0,5.0,17.86848,0.0,1.0,0.0,0.0,,10366.0,0.331431,1.0
10391.0,0.291845,0.284788,0.294897,0.294897,13.081177,1.199274,1.201129,5.0,5.0,18.188525,0.0,1.0,0.0,0.0,,10376.0,0.334217,1.0
10401.0,0.291761,0.284703,0.294825,0.294825,13.08125,1.191283,1.193425,5.0,5.0,18.095116,0.0,1.0,0.0,0.0,,10386.0,0.3378,1.0
10411.0,0.291677,0.284617,0.294747,0.294747,13.082335,1.131249,1.133225,5.0,5.0,17.393893,0.0,1.0,0.0,0.0,,10396.0,0.343067,1.0
10421.0,0.291592,0.284529,0.294669,0.294669,13.080301,1.2299,1.231966,5.0,5.0,18.545842,0.0,1.0,0.0,0.0,,10406.0,0.344552,1.0
10431.0,0.291507,0.284443,0.294593,0.294593,13.081783,1.149496,1.151603,5.0,5.0,17.606805,0.0,1.0,0.0,0.0,,10416.0,0.337099,1.0
10441.0,0.291423,0.284357,0.294511,0.294511,13.080925,1.188323,1.190351,5.0,5.0,18.060143,0.0,1.0,0.0,0.0,,10426.0,0.335826,1.0
10451.0,0.291339,0.284272,0.294434,0.294434,13.08085,1.187803,1.189811,5.0,5.0,18.053979,0.0,1.0,0.0,0.0,,10436.0,0.344123,1.0
10461.0,0.291255,0.284185,0.294357,0.294357,13.080694,1.190953,1.192947,5.0,5.0,18.090667,0.0,1.0,0.0,0.0,,10446.0,0.33237,1.0
10471.0,0.29117,0.284099,0.294279,0.294279,13.080303,1.206025,1.207981,5.0,5.0,18.266552,0.0,1.0,0.0,0.0,,10456.0,0.345485,1.0
10481.0,0.291087,0.284014,0.294201,0.294201,13.080524,1.190222,1.192407,5.0,5.0,18.081933,0.0,1.0,0.0,0.0,,10466.0,0.334955,1.0
10491.0,0.291002,0.283928,0.294124,0.294124,13.081779,1.121306,1.123465,5.0,5.0,17.277003,0.0,1.0,0.0,0.0,,10476.0,0.334171,1.0
10501.0,0.290919,0.283842,0.294046,0.294046,13.079873,1.213968,1.215976,5.0,5.0,18.359,0.0,1.0,0.0,0.0,,10486.0,0.33641,1.0
10511.0,0.290835,0.283757,0.293974,0.293974,13.080681,1.168111,1.170209,5.0,5.0,17.82344,0.0,1.0,0.0,0.0,,10496.0,0.336031,1.0
10521.0,0.290752,0.283672,0.293896,0.293896,13.081233,1.135536,1.137586,5.0,5.0,17.442924,0.0,1.0,0.0,0.0,,10506.0,0.342568,1.0
10531.0,0.290667,0.283586,0.293817,0.293817,13.079356,1.226349,1.228269,5.0,5.0,18.503271,0.0,1.0,0.0,0.0,,10515.0,0.342696,1.0
10541.0,0.290584,0.283501,0.293742,0.293742,13.081921,1.090834,1.09294,5.0,5.0,16.92064,0.0,1.0,0.0,0.0,,10525.0,0.342686,1.0
10551.0,0.290501,0.283416,0.293666,0.293666,13.079853,1.191987,1.193861,5.0,5.0,18.101856,0.0,1.0,0.0,0.0,,10535.0,0.342162,1.0
10561.0,0.290417,0.283331,0.293588,0.293588,13.07983,1.188461,1.190538,5.0,5.0,18.060592,0.0,1.0,0.0,0.0,,10545.0,0.329431,1.0
10571.0,0.290333,0.283245,0.293512,0.293512,13.079155,1.217956,1.219984,5.0,5.0,18.404872,0.0,1.0,0.0,0.0,,10555.0,0.343534,1.0
10581.0,0.290249,0.283159,0.29343,0.29343,13.080555,1.141419,1.143483,5.0,5.0,17.511053,0.0,1.0,0.0,0.0,,10565.0,0.334296,1.0
10591.0,0.290165,0.283073,0.293356,0.293356,13.079736,1.178358,1.180301,5.0,5.0,17.942306,0.0,1.0,0.0,0.0,,10575.0,0.34386,1.0
10601.0,0.29008,0.282987,0.29328,0.29328,13.080229,1.148067,1.150128,5.0,5.0,17.588494,0.0,1.0,0.0,0.0,,10585.0,0.327206,1.0
10611.0,0.289996,0.282901,0.293202,0.293202,13.078331,1.24007,1.24212,5.0,5.0,18.662621,0.0,1.0,0.0,0.0,,10595.0,0.333095,1.0
10621.0,0.289913,0.282816,0.293122,0.293122,13.080381,1.130629,1.132623,5.0,5.0,17.384662,0.0,1.0,0.0,0.0,,10605.0,0.333948,1.0
10631.0,0.289829,0.28273,0.293046,0.293046,13.079038,1.194276,1.196124,5.0,5.0,18.127772,0.0,1.0,0.0,0.0,,10615.0,0.326043,1.0
10641.0,0.289745,0.282644,0.292967,0.292967,13.079607,1.160296,1.162463,5.0,5.0,17.730899,0.0,1.0,0.0,0.0,,10625.0,0.342563,1.0
10651.0,0.289662,0.282559,0.29289,0.29289,13.080084,1.131296,1.133287,5.0,5.0,17.392162,0.0,1.0,0.0,0.0,,10635.0,0.331873,1.0
10661.0,0.289578,0.282474,0.292813,0.292813,13.079096,1.176805,1.178826,5.0,5.0,17.923477,0.0,1.0,0.0,0.0,,10645.0,0.334618,1.0
10671.0,0.289495,0.282389,0.292731,0.292731,13.078554,1.199816,1.201772,5.0,5.0,18.192043,0.0,1.0,0.0,0.0,,10655.0,0.33456,1.0
10681.0,0.289411,0.282303,0.292651,0.292651,13.078761,1.184124,1.186177,5.0,5.0,18.00873,0.0,1.0,0.0,0.0,,10665.0,0.341665,1.0
10691.0,0.289327,0.282217,0.292574,0.292574,13.07796,1.219975,1.22206,5.0,5.0,18.427191,0.0,1.0,0.0,0.0,,10675.0,0.334943,1.0
10701.0,0.289243,0.282131,0.292493,0.292493,13.078991,1.162284,1.164373,5.0,5.0,17.753517,0.0,1.0,0.0,0.0,,10685.0,0.339855,1.0
10711.0,0.289159,0.282046,0.292415,0.292415,13.078268,1.194304,1.196207,5.0,5.0,18.12727,0.0,1.0,0.0,0.0,,10695.0,0.336577,1.0
10721.0,0.289074,0.28196,0.292334,0.292334,13.078527,1.175738,1.177705,5.0,5.0,17.910393,0.0,1.0,0.0,0.0,,10705.0,0.337154,1.0
10731.0,0.28899,0.281874,0.292256,0.292256,13.07841,1.176691,1.178785,5.0,5.0,17.921416,0.0,1.0,0.0,0.0,,10715.0,0.336393,1.0
10741.0,0.288906,0.281788,0.292176,0.292176,13.078115,1.186473,1.188565,5.0,5.0,18.035514,0.0,1.0,0.0,0.0,,10725.0,0.335411,1.0
10751.0,0.288821,0.2817,0.292092,0.292092,13.076958,1.239907,1.241933,5.0,5.0,18.659191,0.0,1.0,0.0,0.0,,10735.0,0.324772,1.0
10761.0,0.288737,0.281615,0.292011,0.292011,13.07711,1.227221,1.229121,5.0,5.0,18.511,0.0,1.0,0.0,0.0,,10745.0,0.331843,1.0
10771.0,0.288654,0.28153,0.291934,0.291934,13.076649,1.246067,1.248121,5.0,5.0,18.730891,0.0,1.0,0.0,0.0,,10755.0,0.341325,1.0
10781.0,0.288569,0.281444,0.291852,0.291852,13.077985,1.172566,1.174569,5.0,5.0,17.872719,0.0,1.0,0.0,0.0,,10765.0,0.340498,1.0
10791.0,0.288484,0.281357,0.291772,0.291772,13.078164,1.157996,1.160013,5.0,5.0,17.702503,0.0,1.0,0.0,0.0,,10775.0,0.333967,1.0
10801.0,0.2884,0.281271,0.291693,0.291693,13.076732,1.225945,1.227979,5.0,5.0,18.495665,0.0,1.0,0.0,0.0,,10785.0,0.340314,1.0
10811.0,0.288316,0.281186,0.291616,0.291616,13.078597,1.12585,1.127722,5.0,5.0,17.326961,0.0,1.0,0.0,0.0,,10795.0,0.333796,1.0
10821.0,0.288233,0.281101,0.291535,0.291535,13.07845,1.128553,1.130463,5.0,5.0,17.35842,0.0,1.0,0.0,0.0,,10805.0,0.342615,1.0
10831.0,0.288148,0.281014,0.291449,0.291449,13.077983,1.147016,1.148924,5.0,5.0,17.573894,0.0,1.0,0.0,0.0,,10815.0,0.341224,1.0
10841.0,0.288064,0.280928,0.29137,0.29137,13.076797,1.202572,1.204555,5.0,5.0,18.222397,0.0,1.0,0.0,0.0,,10825.0,0.335612,1.0
10851.0,0.28798,0.280843,0.29129,0.29129,13.077803,1.146116,1.148135,5.0,5.0,17.563184,0.0,1.0,0.0,0.0,,10835.0,0.335707,1.0
10861.0,0.287897,0.280757,0.291211,0.291211,13.078201,1.120935,1.122863,5.0,5.0,17.269074,0.0,1.0,0.0,0.0,,10845.0,0.33181,1.0
10871.0,0.287812,0.280671,0.291132,0.291132,13.076401,1.207498,1.209601,5.0,5.0,18.279575,0.0,1.0,0.0,0.0,,10855.0,0.335724,1.0
10881.0,0.28773,0.280587,0.291055,0.291055,13.076843,1.18053,1.182377,5.0,5.0,17.96466,0.0,1.0,0.0,0.0,,10865.0,0.338039,1.0
10891.0,0.287647,0.280502,0.290978,0.290978,13.076821,1.176984,1.179076,5.0,5.0,17.923172,0.0,1.0,0.0,0.0,,10875.0,0.338253,1.0
10901.0,0.287563,0.280416,0.290898,0.290898,13.076692,1.178409,1.180363,5.0,5.0,17.939704,0.0,1.0,0.0,0.0,,10885.0,0.336048,1.0
10911.0,0.287479,0.280331,0.290817,0.290817,13.076289,1.194084,1.196083,5.0,5.0,18.122588,0.0,1.0,0.0,0.0,,10895.0,0.338497,1.0
10921.0,0.287396,0.280246,0.290736,0.290736,13.076358,1.185577,1.18761,5.0,5.0,18.023179,0.0,1.0,0.0,0.0,,10905.0,0.338517,1.0
10931.0,0.287312,0.280161,0.290656,0.290656,13.077243,1.13552,1.137524,5.0,5.0,17.438685,0.0,1.0,0.0,0.0,,10915.0,0.349674,1.0
10941.0,0.287229,0.280075,0.290575,0.290575,13.077242,1.130567,1.132644,5.0,5.0,17.380763,0.0,1.0,0.0,0.0,,10925.0,0.334428,1.0
10951.0,0.287145,0.27999,0.290496,0.290496,13.075781,1.200053,1.201939,5.0,5.0,18.191844,0.0,1.0,0.0,0.0,,10935.0,0.338107,1.0
10961.0,0.28706,0.279903,0.290412,0.290412,13.076087,1.17898,1.180799,5.0,5.0,17.94574,0.0,1.0,0.0,0.0,,10945.0,0.330727,1.0
10971.0,0.286976,0.279818,0.290331,0.290331,13.075164,1.221085,1.223078,5.0,5.0,18.437116,0.0,1.0,0.0,0.0,,10955.0,0.338967,1.0
10981.0,0.286894,0.279734,0.29025,0.29025,13.076055,1.17098,1.173074,5.0,5.0,17.852149,0.0,1.0,0.0,0.0,,10965.0,0.342409,1.0
10991.0,0.28681,0.279648,0.290173,0.290173,13.0758,1.178911,1.180986,5.0,5.0,17.944635,0.0,1.0,0.0,0.0,,10975.0,0.34289,1.0
11001.0,0.286725,0.279561,0.290089,0.290089,13.074907,1.218928,1.220939,5.0,5.0,18.411611,0.0,1.0,0.0,0.0,,10985.0,0.337182,1.0
11011.0,0.286641,0.279476,0.290005,0.290005,13.075558,1.180601,1.182585,5.0,5.0,17.96414,0.0,1.0,0.0,0.0,,10995.0,0.335132,1.0
11021.0,0.286557,0.27939,0.289921,0.289921,13.07515,1.196367,1.19845,5.0,5.0,18.148068,0.0,1.0,0.0,0.0,,11005.0,0.339751,1.0
11031.0,0.286474,0.279305,0.289843,0.289843,13.075524,1.172412,1.174528,5.0,5.0,17.868341,0.0,1.0,0.0,0.0,,11015.0,0.334927,1.0
11041.0,0.28639,0.27922,0.289762,0.289762,13.074819,1.203354,1.205344,5.0,5.0,18.22941,0.0,1.0,0.0,0.0,,11025.0,0.342552,1.0
11051.0,0.286306,0.279134,0.28968,0.28968,13.075624,1.156965,1.159016,5.0,5.0,17.687816,0.0,1.0,0.0,0.0,,11035.0,0.334295,1.0
11061.0,0.286222,0.279048,0.289599,0.289599,13.074291,1.219661,1.22179,5.0,5.0,18.419511,0.0,1.0,0.0,0.0,,11045.0,0.336032,1.0
11071.0,0.286138,0.278962,0.289515,0.289515,13.075423,1.156825,1.158871,5.0,5.0,17.685964,0.0,1.0,0.0,0.0,,11055.0,0.332684,1.0
11081.0,0.286052,0.278874,0.289431,0.289431,13.074302,1.208116,1.210099,5.0,5.0,18.284535,0.0,1.0,0.0,0.0,,11065.0,0.333804,1.0
11091.0,0.285968,0.278789,0.289347,0.289347,13.075081,1.163133,1.165059,5.0,5.0,17.759376,0.0,1.0,0.0,0.0,,11075.0,0.33345,1.0
11101.0,0.285883,0.278702,0.289264,0.289264,13.073849,1.220718,1.222642,5.0,5.0,18.431383,0.0,1.0,0.0,0.0,,11085.0,0.334788,1.0
11111.0,0.2858,0.278617,0.28918,0.28918,13.074697,1.172392,1.17432,5.0,5.0,17.867241,0.0,1.0,0.0,0.0,,11095.0,0.348646,1.0
11121.0,0.285716,0.278531,0.289098,0.289098,13.073752,1.215504,1.217575,5.0,5.0,18.370319,0.0,1.0,0.0,0.0,,11105.0,0.325971,1.0
11131.0,0.285632,0.278446,0.289018,0.289018,13.075138,1.139802,1.141843,5.0,5.0,17.486616,0.0,1.0,0.0,0.0,,11115.0,0.342405,1.0
11141.0,0.285548,0.27836,0.288934,0.288934,13.074311,1.176859,1.178909,5.0,5.0,17.919063,0.0,1.0,0.0,0.0,,11125.0,0.339219,1.0
11151.0,0.285464,0.278274,0.288851,0.288851,13.074866,1.143432,1.145435,5.0,5.0,17.528791,0.0,1.0,0.0,0.0,,11135.0,0.334702,1.0
11161.0,0.28538,0.278189,0.28877,0.28877,13.074324,1.165981,1.167945,5.0,5.0,17.791888,0.0,1.0,0.0,0.0,,11145.0,0.339842,1.0
11171.0,0.285296,0.278102,0.288691,0.288691,13.074214,1.16628,1.16836,5.0,5.0,17.795276,0.0,1.0,0.0,0.0,,11155.0,0.333075,1.0
11181.0,0.285212,0.278017,0.28861,0.28861,13.073155,1.215244,1.217201,5.0,5.0,18.36663,0.0,1.0,0.0,0.0,,11165.0,0.341665,1.0
11191.0,0.285129,0.277932,0.288526,0.288526,13.074997,1.116502,1.118357,5.0,5.0,17.214021,0.0,1.0,0.0,0.0,,11175.0,0.340481,1.0
11201.0,0.285046,0.277847,0.288445,0.288445,13.073256,1.200607,1.202645,5.0,5.0,18.195607,0.0,1.0,0.0,0.0,,11185.0,0.343493,1.0
11211.0,0.284962,0.277762,0.288362,0.288362,13.074461,1.13406,1.136028,5.0,5.0,17.418785,0.0,1.0,0.0,0.0,,11195.0,0.340732,1.0
11221.0,0.284878,0.277676,0.288279,0.288279,13.07291,1.208151,1.210079,5.0,5.0,18.283438,0.0,1.0,0.0,0.0,,11205.0,0.328686,1.0
11231.0,0.284794,0.277591,0.288199,0.288199,13.073098,1.193393,1.195439,5.0,5.0,18.1111,0.0,1.0,0.0,0.0,,11215.0,0.332617,1.0
11241.0,0.284709,0.277504,0.288116,0.288116,13.073556,1.164232,1.166159,5.0,5.0,17.770637,0.0,1.0,0.0,0.0,,11225.0,0.330307,1.0
11251.0,0.284624,0.277417,0.288031,0.288031,13.072777,1.198535,1.200464,5.0,5.0,18.170872,0.0,1.0,0.0,0.0,,11235.0,0.333099,1.0
11261.0,0.284539,0.27733,0.287948,0.287948,13.07291,1.186186,1.188046,5.0,5.0,18.02664,0.0,1.0,0.0,0.0,,11245.0,0.329678,1.0
11271.0,0.284455,0.277244,0.287864,0.287864,13.072882,1.182372,1.184475,5.0,5.0,17.982014,0.0,1.0,0.0,0.0,,11255.0,0.332552,1.0
11281.0,0.284371,0.277158,0.287782,0.287782,13.072027,1.220741,1.22287,5.0,5.0,18.429664,0.0,1.0,0.0,0.0,,11265.0,0.327678,1.0
11291.0,0.284287,0.277073,0.287698,0.287698,13.072578,1.187623,1.189666,5.0,5.0,18.04309,0.0,1.0,0.0,0.0,,11275.0,0.328179,1.0
11301.0,0.284202,0.276986,0.287617,0.287617,13.072031,1.210251,1.212363,5.0,5.0,18.307033,0.0,1.0,0.0,0.0,,11285.0,0.342597,1.0
11311.0,0.28412,0.276902,0.287537,0.287537,13.072596,1.176886,1.178889,5.0,5.0,17.917574,0.0,1.0,0.0,0.0,,11295.0,0.329849,1.0
11321.0,0.284037,0.276817,0.287458,0.287458,13.071676,1.218983,1.220856,5.0,5.0,18.408733,0.0,1.0,0.0,0.0,,11305.0,0.337578,1.0
11331.0,0.283953,0.276731,0.287376,0.287376,13.072242,1.184964,1.187008,5.0,5.0,18.011649,0.0,1.0,0.0,0.0,,11315.0,0.344582,1.0
11341.0,0.28387,0.276647,0.287294,0.287294,13.072873,1.147987,1.149879,5.0,5.0,17.579999,0.0,1.0,0.0,0.0,,11325.0,0.337149,1.0
11351.0,0.283785,0.276561,0.287211,0.287211,13.071827,1.196167,1.198035,5.0,5.0,18.142167,0.0,1.0,0.0,0.0,,11335.0,0.329957,1.0
11361.0,0.283701,0.276475,0.287127,0.287127,13.07161,1.20198,1.204057,5.0,5.0,18.209897,0.0,1.0,0.0,0.0,,11345.0,0.341248,1.0
11371.0,0.283618,0.276389,0.287046,0.287046,13.071333,1.211081,1.213069,5.0,5.0,18.31598,0.0,1.0,0.0,0.0,,11355.0,0.339346,1.0
11381.0,0.283533,0.276303,0.286964,0.286964,13.071776,1.183217,1.185222,5.0,5.0,17.990727,0.0,1.0,0.0,0.0,,11365.0,0.339643,1.0
11391.0,0.28345,0.276218,0.28688,0.28688,13.072792,1.1265,1.128387,5.0,5.0,17.328712,0.0,1.0,0.0,0.0,,11375.0,0.339928,1.0
11401.0,0.283367,0.276133,0.286796,0.286796,13.07133,1.196318,1.198325,5.0,5.0,18.143409,0.0,1.0,0.0,0.0,,11385.0,0.330617,1.0
11411.0,0.283284,0.276049,0.286713,0.286713,13.072919,1.110376,1.112252,5.0,5.0,17.140325,0.0,1.0,0.0,0.0,,11395.0,0.335523,1.0
11421.0,0.283201,0.275964,0.28663,0.28663,13.071395,1.183314,1.185264,5.0,5.0,17.991457,0.0,1.0,0.0,0.0,,11405.0,0.339215,1.0
11431.0,0.283116,0.275877,0.286547,0.286547,13.070976,1.199191,1.201129,5.0,5.0,18.176614,0.0,1.0,0.0,0.0,,11415.0,0.332949,1.0
11441.0,0.283032,0.275791,0.286464,0.286464,13.070482,1.219186,1.221209,5.0,5.0,18.40981,0.0,1.0,0.0,0.0,,11425.0,0.346696,1.0
11451.0,0.282947,0.275705,0.28638,0.28638,13.070526,1.211463,1.21336,5.0,5.0,18.319577,0.0,1.0,0.0,0.0,,11435.0,0.332945,1.0
11461.0,0.282864,0.27562,0.286298,0.286298,13.071838,1.139788,1.14178,5.0,5.0,17.483096,0.0,1.0,0.0,0.0,,11445.0,0.337428,1.0
11471.0,0.282781,0.275535,0.286215,0.286215,13.071188,1.167863,1.169856,5.0,5.0,17.810617,0.0,1.0,0.0,0.0,,11455.0,0.34632,1.0
11481.0,0.282698,0.27545,0.286133,0.286133,13.070771,1.184449,1.186468,5.0,5.0,18.004064,0.0,1.0,0.0,0.0,,11465.0,0.337921,1.0
11491.0,0.282613,0.275363,0.28605,0.28605,13.07013,1.211567,1.213505,5.0,5.0,18.320367,0.0,1.0,0.0,0.0,,11475.0,0.342485,1.0
11501.0,0.282528,0.275277,0.285965,0.285965,13.069119,1.257522,1.25948,5.0,5.0,18.856381,0.0,1.0,0.0,0.0,,11485.0,0.351209,1.0
11511.0,0.282444,0.275191,0.285882,0.285882,13.070711,1.171196,1.17324,5.0,5.0,17.849082,0.0,1.0,0.0,0.0,,11495.0,0.335895,1.0
11521.0,0.282361,0.275106,0.285799,0.285799,13.070224,1.191227,1.193279,5.0,5.0,18.082712,0.0,1.0,0.0,0.0,,11505.0,0.33094,1.0
11531.0,0.282278,0.275022,0.28572,0.28572,13.070603,1.167247,1.169129,5.0,5.0,17.802807,0.0,1.0,0.0,0.0,,11515.0,0.327261,1.0
11541.0,0.282195,0.274937,0.28564,0.28564,13.070164,1.184698,1.186738,5.0,5.0,18.00633,0.0,1.0,0.0,0.0,,11525.0,0.348523,1.0
11551.0,0.28211,0.274851,0.285555,0.285555,13.070695,1.152224,1.154364,5.0,5.0,17.627297,0.0,1.0,0.0,0.0,,11535.0,0.335728,1.0
11561.0,0.282026,0.274765,0.285469,0.285469,13.070181,1.173245,1.175296,5.0,5.0,17.872477,0.0,1.0,0.0,0.0,,11545.0,0.343281,1.0
11571.0,0.281943,0.274679,0.285384,0.285384,13.070215,1.166472,1.168444,5.0,5.0,17.793349,0.0,1.0,0.0,0.0,,11555.0,0.348917,1.0
11581.0,0.281859,0.274594,0.285299,0.285299,13.069738,1.185741,1.187652,5.0,5.0,18.018074,0.0,1.0,0.0,0.0,,11565.0,0.340477,1.0
11591.0,0.281776,0.274509,0.285217,0.285217,13.069718,1.181956,1.183852,5.0,5.0,17.973815,0.0,1.0,0.0,0.0,,11575.0,0.33767,1.0
11601.0,0.281691,0.274423,0.285135,0.285135,13.07075,1.12368,1.125563,5.0,5.0,17.293688,0.0,1.0,0.0,0.0,,11585.0,0.333229,1.0
11611.0,0.281606,0.274336,0.285051,0.285051,13.069024,1.20613,1.208168,5.0,5.0,18.255615,0.0,1.0,0.0,0.0,,11595.0,0.346287,1.0
11621.0,0.281523,0.274251,0.284967,0.284967,13.069642,1.169789,1.171828,5.0,5.0,17.83152,0.0,1.0,0.0,0.0,,11605.0,0.338786,1.0
11631.0,0.281439,0.274165,0.284883,0.284883,13.068532,1.221249,1.223306,5.0,5.0,18.43179,0.0,1.0,0.0,0.0,,11615.0,0.342744,1.0
11641.0,0.281354,0.274078,0.284799,0.284799,13.068137,1.235821,1.23778,5.0,5.0,18.601661,0.0,1.0,0.0,0.0,,11625.0,0.340836,1.0
11651.0,0.28127,0.273993,0.284713,0.284713,13.06905,1.184096,1.186094,5.0,5.0,17.998112,0.0,1.0,0.0,0.0,,11635.0,0.3371,1.0
11661.0,0.281185,0.273906,0.284629,0.284629,13.068814,1.190378,1.192262,5.0,5.0,18.071288,0.0,1.0,0.0,0.0,,11645.0,0.333256,1.0
11671.0,0.281101,0.27382,0.284547,0.284547,13.068676,1.192397,1.194401,5.0,5.0,18.094736,0.0,1.0,0.0,0.0,,11655.0,0.333294,1.0
11681.0,0.281017,0.273734,0.284464,0.284464,13.068601,1.190978,1.192822,5.0,5.0,18.078074,0.0,1.0,0.0,0.0,,11665.0,0.336403,1.0
11691.0,0.280932,0.273648,0.284377,0.284377,13.068324,1.199714,1.201419,5.0,5.0,18.179874,0.0,1.0,0.0,0.0,,11675.0,0.338374,1.0
11701.0,0.280847,0.273561,0.284294,0.284294,13.067995,1.211071,1.213048,5.0,5.0,18.312248,0.0,1.0,0.0,0.0,,11685.0,0.329712,1.0
11711.0,0.280764,0.273476,0.284209,0.284209,13.069701,1.1192,1.121098,5.0,5.0,17.240274,0.0,1.0,0.0,0.0,,11695.0,0.333707,1.0
11721.0,0.280681,0.273391,0.284127,0.284127,13.06797,1.202667,1.204638,5.0,5.0,18.214005,0.0,1.0,0.0,0.0,,11705.0,0.328104,1.0
11731.0,0.280596,0.273305,0.28404,0.28404,13.068753,1.157326,1.159286,5.0,5.0,17.684919,0.0,1.0,0.0,0.0,,11715.0,0.346622,1.0
11741.0,0.280513,0.27322,0.283959,0.283959,13.069146,1.132213,1.134346,5.0,5.0,17.391816,0.0,1.0,0.0,0.0,,11725.0,0.32739,1.0
11751.0,0.280428,0.273133,0.283874,0.283874,13.067244,1.223815,1.225798,5.0,5.0,18.46037,0.0,1.0,0.0,0.0,,11735.0,0.3409,1.0
11761.0,0.280343,0.273047,0.283789,0.283789,13.068644,1.147153,1.149215,5.0,5.0,17.565915,0.0,1.0,0.0,0.0,,11745.0,0.330873,1.0
11771.0,0.28026,0.272961,0.283708,0.283708,13.067914,1.179374,1.181339,5.0,5.0,17.941722,0.0,1.0,0.0,0.0,,11755.0,0.33267,1.0
11781.0,0.280175,0.272875,0.283627,0.283627,13.067107,1.215315,1.217305,5.0,5.0,18.360888,0.0,1.0,0.0,0.0,,11765.0,0.337102,1.0
11791.0,0.28009,0.272788,0.283538,0.283538,13.067202,1.204781,1.206735,5.0,5.0,18.237882,0.0,1.0,0.0,0.0,,11775.0,0.33417,1.0
11801.0,0.280006,0.272702,0.283456,0.283456,13.067577,1.180364,1.182294,5.0,5.0,17.95294,0.0,1.0,0.0,0.0,,11785.0,0.334426,1.0
11811.0,0.279922,0.272616,0.283373,0.283373,13.067405,1.184069,1.186011,5.0,5.0,17.996061,0.0,1.0,0.0,0.0,,11795.0,0.339419,1.0
11821.0,0.279839,0.272532,0.283291,0.283291,13.068296,1.133926,1.135883,5.0,5.0,17.410969,0.0,1.0,0.0,0.0,,11805.0,0.343053,1.0
11831.0,0.279755,0.272446,0.283207,0.283207,13.06816,1.135717,1.137814,5.0,5.0,17.431771,0.0,1.0,0.0,0.0,,11815.0,0.345037,1.0
11841.0,0.279671,0.27236,0.283121,0.283121,13.067587,1.159954,1.161819,5.0,5.0,17.714429,0.0,1.0,0.0,0.0,,11824.0,0.334773,1.0
11851.0,0.279587,0.272275,0.283039,0.283039,13.066875,1.191224,1.193279,5.0,5.0,18.079113,0.0,1.0,0.0,0.0,,11834.0,0.337597,1.0
11861.0,0.279503,0.272189,0.282955,0.282955,13.067036,1.177985,1.179989,5.0,5.0,17.92457,0.0,1.0,0.0,0.0,,11844.0,0.34658,1.0
11871.0,0.279418,0.272102,0.28287,0.28287,13.067163,1.165874,1.167717,5.0,5.0,17.78317,0.0,1.0,0.0,0.0,,11854.0,0.330364,1.0
11881.0,0.279333,0.272016,0.282786,0.282786,13.066339,1.202403,1.204389,5.0,5.0,18.209174,0.0,1.0,0.0,0.0,,11864.0,0.33384,1.0
11891.0,0.279249,0.27193,0.282702,0.282702,13.065027,1.26422,1.26627,5.0,5.0,18.930048,0.0,1.0,0.0,0.0,,11874.0,0.339035,1.0
11901.0,0.279165,0.271843,0.282614,0.282614,13.066167,1.200642,1.202645,5.0,5.0,18.18841,0.0,1.0,0.0,0.0,,11884.0,0.337149,1.0
11911.0,0.27908,0.271757,0.282529,0.282529,13.066351,1.185895,1.187901,5.0,5.0,18.016281,0.0,1.0,0.0,0.0,,11894.0,0.338209,1.0
11921.0,0.278996,0.271671,0.282444,0.282444,13.065927,1.202312,1.204285,5.0,5.0,18.207668,0.0,1.0,0.0,0.0,,11904.0,0.334754,1.0
11931.0,0.278911,0.271585,0.28236,0.28236,13.066042,1.191203,1.193321,5.0,5.0,18.077973,0.0,1.0,0.0,0.0,,11914.0,0.341181,1.0
11941.0,0.278827,0.271499,0.282276,0.282276,13.066476,1.16401,1.165972,5.0,5.0,17.760679,0.0,1.0,0.0,0.0,,11924.0,0.331586,1.0
11951.0,0.278743,0.271413,0.282193,0.282193,13.066837,1.140425,1.142528,5.0,5.0,17.485434,0.0,1.0,0.0,0.0,,11934.0,0.339792,1.0
11961.0,0.278658,0.271326,0.282109,0.282109,13.066807,1.136389,1.138416,5.0,5.0,17.438241,0.0,1.0,0.0,0.0,,11944.0,0.329403,1.0
11971.0,0.278575,0.271242,0.282027,0.282027,13.066528,1.146136,1.148176,5.0,5.0,17.55186,0.0,1.0,0.0,0.0,,11954.0,0.328143,1.0
11981.0,0.278491,0.271156,0.281942,0.281942,13.065861,1.174889,1.176916,5.0,5.0,17.887156,0.0,1.0,0.0,0.0,,11964.0,0.333337,1.0
11991.0,0.278406,0.271069,0.281854,0.281854,13.065446,1.190807,1.192843,5.0,5.0,18.072716,0.0,1.0,0.0,0.0,,11974.0,0.341374,1.0
12001.0,0.278322,0.270984,0.281772,0.281772,13.066348,1.139644,1.14176,5.0,5.0,17.475818,0.0,1.0,0.0,0.0,,11984.0,0.32708,1.0
12011.0,0.27824,0.2709,0.281695,0.281695,13.064985,1.20489,1.206735,5.0,5.0,18.236772,0.0,1.0,0.0,0.0,,11994.0,0.339287,1.0
12021.0,0.278156,0.270814,0.28161,0.28161,13.06568,1.164393,1.166305,5.0,5.0,17.764324,0.0,1.0,0.0,0.0,,12004.0,0.339471,1.0
12031.0,0.278072,0.270729,0.281526,0.281526,13.065325,1.17743,1.179532,5.0,5.0,17.916284,0.0,1.0,0.0,0.0,,12014.0,0.347122,1.0
12041.0,0.277988,0.270643,0.281442,0.281442,13.064217,1.22885,1.230948,5.0,5.0,18.515881,0.0,1.0,0.0,0.0,,12024.0,0.340262,1.0
12051.0,0.277905,0.270557,0.281357,0.281357,13.065429,1.161938,1.163937,5.0,5.0,17.735377,0.0,1.0,0.0,0.0,,12034.0,0.328511,1.0
12061.0,0.27782,0.270471,0.281275,0.281275,13.064736,1.192087,1.194131,5.0,5.0,18.086917,0.0,1.0,0.0,0.0,,12044.0,0.338486,1.0
12071.0,0.277736,0.270385,0.281188,0.281188,13.063537,1.24807,1.250032,5.0,5.0,18.739679,0.0,1.0,0.0,0.0,,12054.0,0.336673,1.0
12081.0,0.277653,0.270301,0.281104,0.281104,13.065412,1.147592,1.149692,5.0,5.0,17.567727,0.0,1.0,0.0,0.0,,12064.0,0.333836,1.0
12091.0,0.27757,0.270215,0.281021,0.281021,13.065272,1.149818,1.15179,5.0,5.0,17.593596,0.0,1.0,0.0,0.0,,12074.0,0.332926,1.0
12101.0,0.277484,0.270128,0.280938,0.280938,13.064565,1.180264,1.182273,5.0,5.0,17.948594,0.0,1.0,0.0,0.0,,12084.0,0.334961,1.0
12111.0,0.277401,0.270043,0.280856,0.280856,13.064232,1.192211,1.194234,5.0,5.0,18.087823,0.0,1.0,0.0,0.0,,12094.0,0.332246,1.0
12121.0,0.277317,0.269957,0.280775,0.280775,13.063489,1.225042,1.226961,5.0,5.0,18.470595,0.0,1.0,0.0,0.0,,12104.0,0.326167,1.0
12131.0,0.277234,0.269873,0.280695,0.280695,13.064562,1.165624,1.167447,5.0,5.0,17.777538,0.0,1.0,0.0,0.0,,12114.0,0.345345,1.0
12141.0,0.277151,0.269788,0.280611,0.280611,13.064591,1.159335,1.161487,5.0,5.0,17.704089,0.0,1.0,0.0,0.0,,12124.0,0.327353,1.0
12151.0,0.277067,0.269702,0.280531,0.280531,13.063819,1.193594,1.195522,5.0,5.0,18.10354,0.0,1.0,0.0,0.0,,12134.0,0.332718,1.0
12161.0,0.276984,0.269617,0.280447,0.280447,13.063214,1.219613,1.221437,5.0,5.0,18.406865,0.0,1.0,0.0,0.0,,12144.0,0.333384,1.0
12171.0,0.276899,0.269531,0.280363,0.280363,13.06324,1.212832,1.214896,5.0,5.0,18.327675,0.0,1.0,0.0,0.0,,12154.0,0.338785,1.0
12181.0,0.276814,0.269444,0.280278,0.280278,13.062718,1.234052,1.236077,5.0,5.0,18.575008,0.0,1.0,0.0,0.0,,12164.0,0.343747,1.0
12191.0,0.276731,0.269359,0.280195,0.280195,13.063962,1.165517,1.167488,5.0,5.0,17.775667,0.0,1.0,0.0,0.0,,12174.0,0.33135,1.0
12201.0,0.276647,0.269273,0.280112,0.280112,13.063934,1.161897,1.164,5.0,5.0,17.733336,0.0,1.0,0.0,0.0,,12184.0,0.338122,1.0
12211.0,0.276563,0.269188,0.28003,0.28003,13.064059,1.150542,1.152558,5.0,5.0,17.600803,0.0,1.0,0.0,0.0,,12194.0,0.337894,1.0
12221.0,0.276478,0.269101,0.279945,0.279945,13.063071,1.195368,1.197349,5.0,5.0,18.123473,0.0,1.0,0.0,0.0,,12204.0,0.328001,1.0
12231.0,0.276394,0.269015,0.279861,0.279861,13.064916,1.095648,1.097633,5.0,5.0,16.960298,0.0,1.0,0.0,0.0,,12214.0,0.343245,1.0
12241.0,0.276308,0.268928,0.279776,0.279776,13.061898,1.244162,1.246149,5.0,5.0,18.692205,0.0,1.0,0.0,0.0,,12224.0,0.334498,1.0
12251.0,0.276224,0.268842,0.279689,0.279689,13.062622,1.20185,1.203787,5.0,5.0,18.198711,0.0,1.0,0.0,0.0,,12234.0,0.345619,1.0
12261.0,0.27614,0.268755,0.279606,0.279606,13.063146,1.169839,1.17187,5.0,5.0,17.825311,0.0,1.0,0.0,0.0,,12244.0,0.341866,1.0
12271.0,0.276056,0.26867,0.279525,0.279525,13.06291,1.177079,1.179138,5.0,5.0,17.90964,0.0,1.0,0.0,0.0,,12254.0,0.337299,1.0
12281.0,0.275972,0.268584,0.279445,0.279445,13.061185,1.259779,1.261764,5.0,5.0,18.873832,0.0,1.0,0.0,0.0,,12264.0,0.338643,1.0
12291.0,0.275888,0.268499,0.279365,0.279365,13.061453,1.241184,1.242992,5.0,5.0,18.656919,0.0,1.0,0.0,0.0,,12274.0,0.351391,1.0
12301.0,0.275804,0.268412,0.27928,0.27928,13.063047,1.154412,1.156399,5.0,5.0,17.644974,0.0,1.0,0.0,0.0,,12284.0,0.330488,1.0
12311.0,0.275719,0.268326,0.279195,0.279195,13.062758,1.163894,1.165848,5.0,5.0,17.755454,0.0,1.0,0.0,0.0,,12294.0,0.334973,1.0
12321.0,0.275635,0.26824,0.27911,0.27911,13.062357,1.179073,1.181194,5.0,5.0,17.932356,0.0,1.0,0.0,0.0,,12304.0,0.340338,1.0
12331.0,0.27555,0.268154,0.279025,0.279025,13.060918,1.247135,1.249035,5.0,5.0,18.725842,0.0,1.0,0.0,0.0,,12314.0,0.338848,1.0
12341.0,0.275465,0.268067,0.278941,0.278941,13.06204,1.184301,1.186219,5.0,5.0,17.993084,0.0,1.0,0.0,0.0,,12324.0,0.331665,1.0
12351.0,0.27538,0.26798,0.278857,0.278857,13.061911,1.1854,1.187403,5.0,5.0,18.005787,0.0,1.0,0.0,0.0,,12334.0,0.329466,1.0
12361.0,0.275295,0.267893,0.278773,0.278773,13.062208,1.164739,1.16672,5.0,5.0,17.764748,0.0,1.0,0.0,0.0,,12344.0,0.337146,1.0
12371.0,0.27521,0.267807,0.278689,0.278689,13.063174,1.110191,1.112086,5.0,5.0,17.128487,0.0,1.0,0.0,0.0,,12354.0,0.3363,1.0
12381.0,0.275127,0.267722,0.278603,0.278603,13.062217,1.154253,1.156358,5.0,5.0,17.642264,0.0,1.0,0.0,0.0,,12364.0,0.347217,1.0
12391.0,0.275042,0.267636,0.278518,0.278518,13.061445,1.18837,1.190247,5.0,5.0,18.03999,0.0,1.0,0.0,0.0,,12374.0,0.332409,1.0
12401.0,0.274959,0.26755,0.278433,0.278433,13.061337,1.189061,1.191057,5.0,5.0,18.047947,0.0,1.0,0.0,0.0,,12384.0,0.338771,1.0
12411.0,0.274874,0.267464,0.278348,0.278348,13.061717,1.164232,1.166222,5.0,5.0,17.758309,0.0,1.0,0.0,0.0,,12394.0,0.335764,1.0
12421.0,0.274791,0.267379,0.278268,0.278268,13.062338,1.128011,1.129799,5.0,5.0,17.335836,0.0,1.0,0.0,0.0,,12404.0,0.337326,1.0
12431.0,0.274707,0.267293,0.278182,0.278182,13.060751,1.203637,1.20551,5.0,5.0,18.217578,0.0,1.0,0.0,0.0,,12414.0,0.332567,1.0
12441.0,0.274623,0.267207,0.278096,0.278096,13.061859,1.14197,1.143982,5.0,5.0,17.498403,0.0,1.0,0.0,0.0,,12424.0,0.338859,1.0
12451.0,0.274538,0.267121,0.278012,0.278012,13.060762,1.192678,1.194754,5.0,5.0,18.089583,0.0,1.0,0.0,0.0,,12434.0,0.336947,1.0
12461.0,0.274455,0.267035,0.277928,0.277928,13.060644,1.193859,1.195813,5.0,5.0,18.103244,0.0,1.0,0.0,0.0,,12444.0,0.327401,1.0
12471.0,0.274369,0.266948,0.277839,0.277839,13.059533,1.244711,1.246792,5.0,5.0,18.695977,0.0,1.0,0.0,0.0,,12454.0,0.336835,1.0
12481.0,0.274286,0.266863,0.277756,0.277756,13.061372,1.146135,1.148156,5.0,5.0,17.546567,0.0,1.0,0.0,0.0,,12464.0,0.338703,1.0
12491.0,0.274201,0.266777,0.277674,0.277674,13.060817,1.169141,1.171102,5.0,5.0,17.814711,0.0,1.0,0.0,0.0,,12474.0,0.326862,1.0
12501.0,0.274117,0.266691,0.27759,0.27759,13.061049,1.15228,1.154178,5.0,5.0,17.618012,0.0,1.0,0.0,0.0,,12484.0,0.337064,1.0
12511.0,0.274032,0.266605,0.277505,0.277505,13.059598,1.221017,1.223036,5.0,5.0,18.419318,0.0,1.0,0.0,0.0,,12494.0,0.333056,1.0
12521.0,0.273949,0.266519,0.277419,0.277419,13.06135,1.126564,1.128677,5.0,5.0,17.317938,0.0,1.0,0.0,0.0,,12504.0,0.331078,1.0
12531.0,0.273863,0.266432,0.277336,0.277336,13.059883,1.195778,1.197723,5.0,5.0,18.124848,0.0,1.0,0.0,0.0,,12514.0,0.339675,1.0
12541.0,0.273778,0.266345,0.277249,0.277249,13.059506,1.20944,1.21147,5.0,5.0,18.284014,0.0,1.0,0.0,0.0,,12524.0,0.325939,1.0
12551.0,0.273692,0.266257,0.277163,0.277163,13.060091,1.173676,1.175691,5.0,5.0,17.86693,0.0,1.0,0.0,0.0,,12534.0,0.343544,1.0
12561.0,0.273608,0.266171,0.277077,0.277077,13.059947,1.176046,1.178183,5.0,5.0,17.894456,0.0,1.0,0.0,0.0,,12544.0,0.33968,1.0
12571.0,0.273524,0.266086,0.276992,0.276992,13.059756,1.180873,1.182834,5.0,5.0,17.950628,0.0,1.0,0.0,0.0,,12554.0,0.345172,1.0
12581.0,0.27344,0.265999,0.276912,0.276912,13.060022,1.162106,1.164104,5.0,5.0,17.731717,0.0,1.0,0.0,0.0,,12564.0,0.343745,1.0
12591.0,0.273356,0.265914,0.276829,0.276829,13.06,1.158314,1.160262,5.0,5.0,17.687409,0.0,1.0,0.0,0.0,,12574.0,0.340029,1.0
12601.0,0.273274,0.26583,0.276748,0.276748,13.059583,1.175307,1.177144,5.0,5.0,17.88544,0.0,1.0,0.0,0.0,,12584.0,0.344741,1.0
12611.0,0.273189,0.265744,0.276663,0.276663,13.059053,1.197017,1.199094,5.0,5.0,18.138428,0.0,1.0,0.0,0.0,,12594.0,0.340734,1.0
12621.0,0.273105,0.265658,0.27658,0.27658,13.058607,1.214647,1.21662,5.0,5.0,18.343846,0.0,1.0,0.0,0.0,,12604.0,0.339881,1.0
12631.0,0.27302,0.265571,0.276497,0.276497,13.057845,1.248305,1.250198,5.0,5.0,18.736069,0.0,1.0,0.0,0.0,,12614.0,0.329662,1.0
12641.0,0.272935,0.265484,0.27641,0.27641,13.058075,1.231028,1.233025,5.0,5.0,18.534563,0.0,1.0,0.0,0.0,,12624.0,0.335191,1.0
12651.0,0.272851,0.265398,0.276323,0.276323,13.058745,1.191505,1.193528,5.0,5.0,18.073729,0.0,1.0,0.0,0.0,,12634.0,0.329427,1.0
12661.0,0.272766,0.265312,0.276238,0.276238,13.0585,1.198895,1.200921,5.0,5.0,18.159773,0.0,1.0,0.0,0.0,,12644.0,0.337832,1.0
12671.0,0.272684,0.265228,0.276159,0.276159,13.058831,1.177441,1.179283,5.0,5.0,17.909571,0.0,1.0,0.0,0.0,,12654.0,0.343138,1.0
12681.0,0.2726,0.265143,0.276077,0.276077,13.059633,1.131767,1.133599,5.0,5.0,17.376965,0.0,1.0,0.0,0.0,,12664.0,0.348095,1.0
12691.0,0.272514,0.265055,0.275991,0.275991,13.058078,1.205287,1.20713,5.0,5.0,18.233964,0.0,1.0,0.0,0.0,,12674.0,0.329964,1.0
12701.0,0.272432,0.26497,0.275909,0.275909,13.059035,1.15189,1.153887,5.0,5.0,17.611383,0.0,1.0,0.0,0.0,,12684.0,0.339951,1.0
12711.0,0.272348,0.264885,0.275823,0.275823,13.059319,1.132288,1.134284,5.0,5.0,17.382735,0.0,1.0,0.0,0.0,,12694.0,0.33852,1.0
12721.0,0.272264,0.264799,0.275744,0.275744,13.058774,1.15524,1.157272,5.0,5.0,17.650239,0.0,1.0,0.0,0.0,,12704.0,0.341725,1.0
12731.0,0.272181,0.264714,0.27566,0.27566,13.057961,1.191884,1.193819,5.0,5.0,18.077317,0.0,1.0,0.0,0.0,,12714.0,0.333686,1.0
12741.0,0.272098,0.26463,0.275581,0.275581,13.059582,1.104606,1.106541,5.0,5.0,17.059693,0.0,1.0,0.0,0.0,,12724.0,0.330672,1.0
12751.0,0.272014,0.264544,0.275498,0.275498,13.057879,1.186509,1.188524,5.0,5.0,18.01447,0.0,1.0,0.0,0.0,,12734.0,0.333463,1.0
12761.0,0.271931,0.264459,0.275414,0.275414,13.056906,1.231228,1.233212,5.0,5.0,18.535618,0.0,1.0,0.0,0.0,,12744.0,0.332291,1.0
12771.0,0.271847,0.264373,0.275329,0.275329,13.057272,1.207298,1.209123,5.0,5.0,18.256581,0.0,1.0,0.0,0.0,,12754.0,0.332313,1.0
12781.0,0.271763,0.264288,0.275247,0.275247,13.057421,1.194819,1.196913,5.0,5.0,18.111015,0.0,1.0,0.0,0.0,,12764.0,0.340807,1.0
12791.0,0.271681,0.264204,0.275164,0.275164,13.057801,1.170899,1.172784,5.0,5.0,17.832095,0.0,1.0,0.0,0.0,,12774.0,0.33938,1.0
12801.0,0.271597,0.264118,0.275081,0.275081,13.057179,1.197483,1.199426,5.0,5.0,18.14187,0.0,1.0,0.0,0.0,,12784.0,0.335603,1.0
12811.0,0.271513,0.264032,0.275,0.275,13.05653,1.2254,1.227626,5.0,5.0,18.467147,0.0,1.0,0.0,0.0,,12794.0,0.329761,1.0
12821.0,0.271428,0.263946,0.274915,0.274915,13.057432,1.174047,1.176189,5.0,5.0,17.868468,0.0,1.0,0.0,0.0,,12804.0,0.344062,1.0
12831.0,0.271346,0.263862,0.274831,0.274831,13.057629,1.159396,1.161383,5.0,5.0,17.697587,0.0,1.0,0.0,0.0,,12814.0,0.337799,1.0
12841.0,0.271261,0.263775,0.274745,0.274745,13.05667,1.20288,1.2047,5.0,5.0,18.204342,0.0,1.0,0.0,0.0,,12824.0,0.351508,1.0
12851.0,0.271177,0.26369,0.274663,0.274663,13.057891,1.135403,1.137316,5.0,5.0,17.417663,0.0,1.0,0.0,0.0,,12834.0,0.336318,1.0
12861.0,0.271093,0.263604,0.274579,0.274579,13.057467,1.151985,1.154095,5.0,5.0,17.61088,0.0,1.0,0.0,0.0,,12844.0,0.338172,1.0
12871.0,0.27101,0.263519,0.274495,0.274495,13.057056,1.16803,1.170105,5.0,5.0,17.797807,0.0,1.0,0.0,0.0,,12854.0,0.33793,1.0
12881.0,0.270926,0.263433,0.274411,0.274411,13.056636,1.184115,1.18624,5.0,5.0,17.985194,0.0,1.0,0.0,0.0,,12864.0,0.334289,1.0
12891.0,0.270841,0.263347,0.274328,0.274328,13.056802,1.170412,1.172431,5.0,5.0,17.825357,0.0,1.0,0.0,0.0,,12874.0,0.337828,1.0
12901.0,0.270755,0.263259,0.274243,0.274243,13.056784,1.165334,1.167551,5.0,5.0,17.766044,0.0,1.0,0.0,0.0,,12884.0,0.336859,1.0
12911.0,0.27067,0.263172,0.274157,0.274157,13.055487,1.225667,1.227667,5.0,5.0,18.469123,0.0,1.0,0.0,0.0,,12894.0,0.332023,1.0
12921.0,0.270585,0.263085,0.274074,0.274074,13.056139,1.187044,1.189043,5.0,5.0,18.018865,0.0,1.0,0.0,0.0,,12904.0,0.339356,1.0
12931.0,0.270502,0.263,0.273992,0.273992,13.057091,1.133652,1.1358,5.0,5.0,17.396406,0.0,1.0,0.0,0.0,,12914.0,0.348354,1.0
12941.0,0.270418,0.262915,0.273908,0.273908,13.056161,1.1762,1.17812,5.0,5.0,17.892272,0.0,1.0,0.0,0.0,,12924.0,0.345111,1.0
12951.0,0.270334,0.26283,0.273824,0.273824,13.054708,1.245373,1.247208,5.0,5.0,18.698341,0.0,1.0,0.0,0.0,,12934.0,0.330766,1.0
12961.0,0.27025,0.262743,0.273738,0.273738,13.056051,1.171439,1.17349,5.0,5.0,17.836567,0.0,1.0,0.0,0.0,,12944.0,0.340843,1.0
12971.0,0.270167,0.262658,0.273655,0.273655,13.055539,1.192772,1.194733,5.0,5.0,18.08511,0.0,1.0,0.0,0.0,,12954.0,0.337596,1.0
12981.0,0.270082,0.262572,0.273569,0.273569,13.054868,1.221756,1.223929,5.0,5.0,18.422782,0.0,1.0,0.0,0.0,,12964.0,0.33383,1.0
12991.0,0.269999,0.262487,0.273486,0.273486,13.05534,1.192645,1.194712,5.0,5.0,18.083407,0.0,1.0,0.0,0.0,,12974.0,0.339896,1.0
13001.0,0.269916,0.262402,0.273401,0.273401,13.056047,1.151869,1.153949,5.0,5.0,17.608057,0.0,1.0,0.0,0.0,,12984.0,0.32998,1.0
13011.0,0.269832,0.262316,0.273318,0.273318,13.055735,1.162663,1.164415,5.0,5.0,17.733761,0.0,1.0,0.0,0.0,,12994.0,0.333384,1.0
13021.0,0.269746,0.262229,0.273232,0.273232,13.054412,1.224462,1.226442,5.0,5.0,18.45388,0.0,1.0,0.0,0.0,,13004.0,0.332939,1.0
13031.0,0.269662,0.262144,0.273147,0.273147,13.054849,1.197087,1.199031,5.0,5.0,18.134744,0.0,1.0,0.0,0.0,,13014.0,0.341285,1.0
13041.0,0.269578,0.262058,0.273064,0.273064,13.054415,1.214084,1.216142,5.0,5.0,18.332726,0.0,1.0,0.0,0.0,,13024.0,0.33046,1.0
13051.0,0.269494,0.261972,0.27298,0.27298,13.055389,1.159179,1.161217,5.0,5.0,17.692728,0.0,1.0,0.0,0.0,,13034.0,0.338639,1.0
13061.0,0.269411,0.261886,0.272899,0.272899,13.055949,1.125593,1.127598,5.0,5.0,17.301152,0.0,1.0,0.0,0.0,,13044.0,0.334644,1.0
13071.0,0.269326,0.2618,0.272815,0.272815,13.055274,1.154732,1.156649,5.0,5.0,17.640684,0.0,1.0,0.0,0.0,,13054.0,0.333208,1.0
13081.0,0.269242,0.261714,0.272733,0.272733,13.054635,1.182007,1.183893,5.0,5.0,17.958461,0.0,1.0,0.0,0.0,,13064.0,0.339694,1.0
13091.0,0.269157,0.261627,0.27265,0.27265,13.055161,1.149549,1.151457,5.0,5.0,17.580061,0.0,1.0,0.0,0.0,,13074.0,0.335484,1.0
13101.0,0.269072,0.26154,0.272565,0.272565,13.054701,1.167557,1.169482,5.0,5.0,17.78983,0.0,1.0,0.0,0.0,,13084.0,0.333486,1.0
13111.0,0.268988,0.261456,0.272486,0.272486,13.054066,1.195234,1.197245,5.0,5.0,18.112277,0.0,1.0,0.0,0.0,,13094.0,0.337967,1.0
13121.0,0.268903,0.261369,0.2724,0.2724,13.054198,1.182938,1.185035,5.0,5.0,17.968873,0.0,1.0,0.0,0.0,,13104.0,0.327567,1.0
13131.0,0.268819,0.261283,0.272316,0.272316,13.054343,1.170315,1.172327,5.0,5.0,17.821647,0.0,1.0,0.0,0.0,,13114.0,0.324689,1.0
13141.0,0.268736,0.261197,0.272234,0.272234,13.054465,1.15925,1.161321,5.0,5.0,17.692601,0.0,1.0,0.0,0.0,,13124.0,0.337552,1.0
13151.0,0.26865,0.26111,0.272149,0.272149,13.053835,1.185829,1.187756,5.0,5.0,18.002241,0.0,1.0,0.0,0.0,,13134.0,0.345706,1.0
13161.0,0.268567,0.261025,0.272065,0.272065,13.054388,1.152551,1.154489,5.0,5.0,17.614308,0.0,1.0,0.0,0.0,,13144.0,0.338623,1.0
13171.0,0.268482,0.260938,0.271981,0.271981,13.053896,1.172277,1.174341,5.0,5.0,17.844095,0.0,1.0,0.0,0.0,,13154.0,0.332675,1.0
13181.0,0.268398,0.260853,0.271896,0.271896,13.053954,1.164303,1.166305,5.0,5.0,17.751057,0.0,1.0,0.0,0.0,,13164.0,0.339033,1.0
13191.0,0.268313,0.260766,0.271809,0.271809,13.052956,1.209737,1.211615,5.0,5.0,18.280393,0.0,1.0,0.0,0.0,,13174.0,0.33687,1.0
13201.0,0.268229,0.26068,0.271725,0.271725,13.053267,1.188716,1.190704,5.0,5.0,18.035333,0.0,1.0,0.0,0.0,,13184.0,0.336133,1.0
13211.0,0.268145,0.260594,0.27164,0.27164,13.053303,1.181756,1.183665,5.0,5.0,17.954123,0.0,1.0,0.0,0.0,,13194.0,0.344519,1.0
13221.0,0.268061,0.260508,0.271553,0.271553,13.054257,1.127934,1.129882,5.0,5.0,17.326781,0.0,1.0,0.0,0.0,,13204.0,0.336727,1.0
13231.0,0.267977,0.260423,0.271468,0.271468,13.052976,1.188354,1.190414,5.0,5.0,18.030795,0.0,1.0,0.0,0.0,,13214.0,0.32697,1.0
13241.0,0.267891,0.260336,0.271384,0.271384,13.05219,1.22285,1.224864,5.0,5.0,18.432629,0.0,1.0,0.0,0.0,,13224.0,0.32661,1.0
13251.0,0.267806,0.260249,0.271298,0.271298,13.052885,1.181726,1.183602,5.0,5.0,17.953338,0.0,1.0,0.0,0.0,,13234.0,0.334263,1.0
13261.0,0.267722,0.260163,0.271215,0.271215,13.052679,1.187169,1.18923,5.0,5.0,18.016656,0.0,1.0,0.0,0.0,,13244.0,0.343369,1.0
13271.0,0.267638,0.260077,0.271131,0.271131,13.052978,1.166764,1.168817,5.0,5.0,17.77877,0.0,1.0,0.0,0.0,,13254.0,0.33386,1.0
13281.0,0.267554,0.259992,0.271048,0.271048,13.053063,1.15763,1.159618,5.0,5.0,17.67223,0.0,1.0,0.0,0.0,,13264.0,0.323576,1.0
13291.0,0.26747,0.259906,0.27096,0.27096,13.051848,1.214591,1.216558,5.0,5.0,18.335853,0.0,1.0,0.0,0.0,,13274.0,0.329605,1.0
13301.0,0.267387,0.259821,0.270876,0.270876,13.053245,1.138495,1.140576,5.0,5.0,17.449046,0.0,1.0,0.0,0.0,,13284.0,0.333606,1.0
13311.0,0.267304,0.259736,0.270791,0.270791,13.052388,1.177546,1.179346,5.0,5.0,17.904016,0.0,1.0,0.0,0.0,,13294.0,0.334294,1.0
13321.0,0.26722,0.259651,0.27071,0.27071,13.052006,1.192129,1.194131,5.0,5.0,18.073832,0.0,1.0,0.0,0.0,,13304.0,0.333997,1.0
13331.0,0.267137,0.259565,0.270626,0.270626,13.052093,1.182745,1.184724,5.0,5.0,17.964387,0.0,1.0,0.0,0.0,,13314.0,0.335622,1.0
13341.0,0.267053,0.25948,0.270542,0.270542,13.052171,1.17389,1.175919,5.0,5.0,17.861114,0.0,1.0,0.0,0.0,,13324.0,0.336036,1.0
13351.0,0.266969,0.259394,0.270458,0.270458,13.05246,1.153918,1.155963,5.0,5.0,17.628276,0.0,1.0,0.0,0.0,,13334.0,0.335,1.0
13361.0,0.266885,0.259308,0.270372,0.270372,13.050559,1.245599,1.247519,5.0,5.0,18.696361,0.0,1.0,0.0,0.0,,13344.0,0.330617,1.0
13371.0,0.2668,0.259222,0.270287,0.270287,13.052087,1.16241,1.16456,5.0,5.0,17.727022,0.0,1.0,0.0,0.0,,13354.0,0.343045,1.0
13381.0,0.266717,0.259137,0.270202,0.270202,13.051616,1.181561,1.183665,5.0,5.0,17.95006,0.0,1.0,0.0,0.0,,13364.0,0.336452,1.0
13391.0,0.266634,0.259052,0.270116,0.270116,13.051072,1.20462,1.20659,5.0,5.0,18.218631,0.0,1.0,0.0,0.0,,13374.0,0.33444,1.0
13401.0,0.26655,0.258966,0.270032,0.270032,13.0514,1.182624,1.184495,5.0,5.0,17.962246,0.0,1.0,0.0,0.0,,13384.0,0.3335,1.0
13411.0,0.266465,0.25888,0.269944,0.269944,13.051622,1.165939,1.167758,5.0,5.0,17.767732,0.0,1.0,0.0,0.0,,13394.0,0.338023,1.0
13421.0,0.266382,0.258794,0.26986,0.26986,13.051366,1.174002,1.175961,5.0,5.0,17.86157,0.0,1.0,0.0,0.0,,13404.0,0.337608,1.0
13431.0,0.266297,0.258708,0.269776,0.269776,13.050674,1.203891,1.205822,5.0,5.0,18.209688,0.0,1.0,0.0,0.0,,13414.0,0.336963,1.0
13441.0,0.266213,0.258622,0.269694,0.269694,13.051876,1.137416,1.139496,5.0,5.0,17.435057,0.0,1.0,0.0,0.0,,13424.0,0.332189,1.0
13451.0,0.266129,0.258536,0.269613,0.269613,13.050373,1.20895,1.210847,5.0,5.0,18.26841,0.0,1.0,0.0,0.0,,13434.0,0.333196,1.0
13461.0,0.266044,0.25845,0.269528,0.269528,13.051575,1.142327,1.144355,5.0,5.0,17.49207,0.0,1.0,0.0,0.0,,13444.0,0.33549,1.0
13471.0,0.26596,0.258364,0.269443,0.269443,13.050555,1.188949,1.190954,5.0,5.0,18.035169,0.0,1.0,0.0,0.0,,13454.0,0.335638,1.0
13481.0,0.265875,0.258277,0.269357,0.269357,13.052007,1.10958,1.111587,5.0,5.0,17.110268,0.0,1.0,0.0,0.0,,13464.0,0.337549,1.0
13491.0,0.26579,0.258191,0.269273,0.269273,13.050012,1.205971,1.207961,5.0,5.0,18.233253,0.0,1.0,0.0,0.0,,13474.0,0.327524,1.0
13501.0,0.265707,0.258106,0.269192,0.269192,13.050916,1.155076,1.157064,5.0,5.0,17.640199,0.0,1.0,0.0,0.0,,13484.0,0.338819,1.0
13511.0,0.265624,0.258021,0.269109,0.269109,13.050434,1.174753,1.17675,5.0,5.0,17.869361,0.0,1.0,0.0,0.0,,13494.0,0.339112,1.0
13521.0,0.26554,0.257935,0.269024,0.269024,13.050576,1.162513,1.164498,5.0,5.0,17.72665,0.0,1.0,0.0,0.0,,13504.0,0.333605,1.0
13531.0,0.265455,0.257849,0.26894,0.26894,13.050338,1.169252,1.171143,5.0,5.0,17.80505,0.0,1.0,0.0,0.0,,13514.0,0.350025,1.0
13541.0,0.265371,0.257763,0.268861,0.268861,13.049136,1.225575,1.227418,5.0,5.0,18.461085,0.0,1.0,0.0,0.0,,13524.0,0.345535,1.0
13551.0,0.265288,0.257678,0.268775,0.268775,13.049561,1.199013,1.200983,5.0,5.0,18.151562,0.0,1.0,0.0,0.0,,13534.0,0.325409,1.0
13561.0,0.265204,0.257592,0.268695,0.268695,13.049374,1.203242,1.205365,5.0,5.0,18.200716,0.0,1.0,0.0,0.0,,13544.0,0.337571,1.0
13571.0,0.265119,0.257505,0.268611,0.268611,13.048711,1.231584,1.233585,5.0,5.0,18.530743,0.0,1.0,0.0,0.0,,13554.0,0.341596,1.0
13581.0,0.265034,0.257419,0.268525,0.268525,13.049755,1.17296,1.175005,5.0,5.0,17.847721,0.0,1.0,0.0,0.0,,13564.0,0.332893,1.0
13591.0,0.26495,0.257333,0.268436,0.268436,13.049795,1.16582,1.167758,5.0,5.0,17.764433,0.0,1.0,0.0,0.0,,13574.0,0.333439,1.0
13601.0,0.264866,0.257248,0.268356,0.268356,13.0487,1.216679,1.218717,5.0,5.0,18.356796,0.0,1.0,0.0,0.0,,13584.0,0.32416,1.0
13611.0,0.264783,0.257162,0.268273,0.268273,13.049838,1.153549,1.15561,5.0,5.0,17.621272,0.0,1.0,0.0,0.0,,13594.0,0.334246,1.0
13621.0,0.2647,0.257077,0.268189,0.268189,13.049489,1.166724,1.168734,5.0,5.0,17.774669,0.0,1.0,0.0,0.0,,13604.0,0.339304,1.0
13631.0,0.264616,0.256992,0.268107,0.268107,13.048595,1.207331,1.209331,5.0,5.0,18.247598,0.0,1.0,0.0,0.0,,13614.0,0.330269,1.0
13641.0,0.264532,0.256906,0.268024,0.268024,13.049139,1.174408,1.176397,5.0,5.0,17.863968,0.0,1.0,0.0,0.0,,13624.0,0.34345,1.0
13651.0,0.264448,0.256821,0.267943,0.267943,13.049188,1.16691,1.168817,5.0,5.0,17.776526,0.0,1.0,0.0,0.0,,13633.0,0.336249,1.0
13661.0,0.264363,0.256734,0.267858,0.267858,13.047834,1.230551,1.23263,5.0,5.0,18.517732,0.0,1.0,0.0,0.0,,13643.0,0.341051,1.0
13671.0,0.26428,0.256649,0.267775,0.267775,13.048999,1.166165,1.168091,5.0,5.0,17.767632,0.0,1.0,0.0,0.0,,13653.0,0.336001,1.0
13681.0,0.264196,0.256563,0.267694,0.267694,13.048613,1.180589,1.182626,5.0,5.0,17.935548,0.0,1.0,0.0,0.0,,13663.0,0.333982,1.0
13691.0,0.264112,0.256478,0.267611,0.267611,13.047734,1.220687,1.222746,5.0,5.0,18.402515,0.0,1.0,0.0,0.0,,13673.0,0.331171,1.0
13701.0,0.264028,0.256392,0.267525,0.267525,13.048047,1.199534,1.201523,5.0,5.0,18.156027,0.0,1.0,0.0,0.0,,13683.0,0.346528,1.0
13711.0,0.263945,0.256307,0.267439,0.267439,13.047434,1.225718,1.227771,5.0,5.0,18.460894,0.0,1.0,0.0,0.0,,13693.0,0.337459,1.0
13721.0,0.26386,0.25622,0.267352,0.267352,13.046885,1.248166,1.250198,5.0,5.0,18.722219,0.0,1.0,0.0,0.0,,13703.0,0.330766,1.0
13731.0,0.263775,0.256134,0.267266,0.267266,13.048389,1.166058,1.167945,5.0,5.0,17.76574,0.0,1.0,0.0,0.0,,13713.0,0.325208,1.0
13741.0,0.263691,0.256048,0.267182,0.267182,13.048064,1.177395,1.179449,5.0,5.0,17.897701,0.0,1.0,0.0,0.0,,13723.0,0.332273,1.0
13751.0,0.263606,0.255961,0.267097,0.267097,13.048722,1.138292,1.140182,5.0,5.0,17.442077,0.0,1.0,0.0,0.0,,13733.0,0.335641,1.0
13761.0,0.263521,0.255874,0.267013,0.267013,13.047412,1.199795,1.201855,5.0,5.0,18.15839,0.0,1.0,0.0,0.0,,13743.0,0.33429,1.0
13771.0,0.263437,0.255788,0.266927,0.266927,13.047509,1.189525,1.191493,5.0,5.0,18.038653,0.0,1.0,0.0,0.0,,13753.0,0.335674,1.0
13781.0,0.263352,0.255702,0.266841,0.266841,13.046846,1.218171,1.220212,5.0,5.0,18.372191,0.0,1.0,0.0,0.0,,13763.0,0.343447,1.0
13791.0,0.263267,0.255615,0.266755,0.266755,13.047507,1.178921,1.180903,5.0,5.0,17.914921,0.0,1.0,0.0,0.0,,13773.0,0.340953,1.0
13801.0,0.263184,0.25553,0.266676,0.266676,13.047308,1.184181,1.18626,5.0,5.0,17.976079,0.0,1.0,0.0,0.0,,13783.0,0.339035,1.0
13811.0,0.263099,0.255443,0.266592,0.266592,13.047327,1.177803,1.179657,5.0,5.0,17.901687,0.0,1.0,0.0,0.0,,13793.0,0.334058,1.0
13821.0,0.263014,0.255356,0.266509,0.266509,13.047305,1.173295,1.175421,5.0,5.0,17.849064,0.0,1.0,0.0,0.0,,13803.0,0.326888,1.0
13831.0,0.26293,0.255271,0.266425,0.266425,13.046793,1.194383,1.196207,5.0,5.0,18.094575,0.0,1.0,0.0,0.0,,13813.0,0.338871,1.0
13841.0,0.262844,0.255184,0.266338,0.266338,13.047477,1.153885,1.155963,5.0,5.0,17.622757,0.0,1.0,0.0,0.0,,13823.0,0.326791,1.0
13851.0,0.26276,0.255097,0.266251,0.266251,13.046543,1.196162,1.19818,5.0,5.0,18.115061,0.0,1.0,0.0,0.0,,13833.0,0.336032,1.0
13861.0,0.262675,0.255011,0.266168,0.266168,13.045794,1.229205,1.231135,5.0,5.0,18.49978,0.0,1.0,0.0,0.0,,13843.0,0.343589,1.0
13871.0,0.262591,0.254925,0.266083,0.266083,13.046944,1.165328,1.167426,5.0,5.0,17.755717,0.0,1.0,0.0,0.0,,13853.0,0.336363,1.0
13881.0,0.262506,0.254838,0.265999,0.265999,13.045944,1.211145,1.213193,5.0,5.0,18.289237,0.0,1.0,0.0,0.0,,13863.0,0.342899,1.0
13891.0,0.262423,0.254754,0.265916,0.265916,13.045767,1.215613,1.217492,5.0,5.0,18.341166,0.0,1.0,0.0,0.0,,13873.0,0.336033,1.0
13901.0,0.262339,0.254668,0.26583,0.26583,13.046278,1.184483,1.186447,5.0,5.0,17.97852,0.0,1.0,0.0,0.0,,13883.0,0.337981,1.0
13911.0,0.262256,0.254583,0.265748,0.265748,13.046539,1.166157,1.168277,5.0,5.0,17.764972,0.0,1.0,0.0,0.0,,13893.0,0.333083,1.0
13921.0,0.262172,0.254497,0.265662,0.265662,13.046309,1.172909,1.17486,5.0,5.0,17.843509,0.0,1.0,0.0,0.0,,13903.0,0.33687,1.0
13931.0,0.262088,0.254411,0.265579,0.265579,13.045959,1.185756,1.187818,5.0,5.0,17.993034,0.0,1.0,0.0,0.0,,13913.0,0.339194,1.0
13941.0,0.262005,0.254326,0.265497,0.265497,13.04526,1.216718,1.218863,5.0,5.0,18.353506,0.0,1.0,0.0,0.0,,13923.0,0.332002,1.0
13951.0,0.26192,0.254239,0.265411,0.265411,13.045101,1.219209,1.221188,5.0,5.0,18.382394,0.0,1.0,0.0,0.0,,13933.0,0.336422,1.0
13961.0,0.261836,0.254154,0.265327,0.265327,13.046121,1.162365,1.164394,5.0,5.0,17.72029,0.0,1.0,0.0,0.0,,13943.0,0.339857,1.0
13971.0,0.261752,0.254069,0.265246,0.265246,13.04509,1.209951,1.212031,5.0,5.0,18.274378,0.0,1.0,0.0,0.0,,13953.0,0.348896,1.0
13981.0,0.261668,0.253983,0.265164,0.265164,13.046127,1.151951,1.15397,5.0,5.0,17.598793,0.0,1.0,0.0,0.0,,13963.0,0.332853,1.0
13991.0,0.261586,0.253899,0.265082,0.265082,13.046214,1.142967,1.145041,5.0,5.0,17.494068,0.0,1.0,0.0,0.0,,13973.0,0.341786,1.0
14001.0,0.261501,0.253813,0.264998,0.264998,13.045166,1.191199,1.193051,5.0,5.0,18.055691,0.0,1.0,0.0,0.0,,13983.0,0.344013,1.0
14011.0,0.261417,0.253727,0.264915,0.264915,13.044839,1.202637,1.204534,5.0,5.0,18.18878,0.0,1.0,0.0,0.0,,13993.0,0.33527,1.0
14021.0,0.261332,0.253639,0.264827,0.264827,13.044655,1.206331,1.208417,5.0,5.0,18.231678,0.0,1.0,0.0,0.0,,14003.0,0.328026,1.0
14031.0,0.261247,0.253553,0.264741,0.264741,13.044948,1.186134,1.188316,5.0,5.0,17.996375,0.0,1.0,0.0,0.0,,14013.0,0.339159,1.0
14041.0,0.261164,0.253468,0.264657,0.264657,13.044153,1.221954,1.223909,5.0,5.0,18.413386,0.0,1.0,0.0,0.0,,14023.0,0.326787,1.0
14051.0,0.26108,0.253382,0.264572,0.264572,13.044047,1.222011,1.22395,5.0,5.0,18.413942,0.0,1.0,0.0,0.0,,14033.0,0.337662,1.0
14061.0,0.260994,0.253295,0.264484,0.264484,13.045018,1.166814,1.168776,5.0,5.0,17.771047,0.0,1.0,0.0,0.0,,14043.0,0.342032,1.0
14071.0,0.26091,0.253209,0.264399,0.264399,13.044613,1.182476,1.184495,5.0,5.0,17.953345,0.0,1.0,0.0,0.0,,14053.0,0.349087,1.0
14081.0,0.260825,0.253123,0.264316,0.264316,13.043907,1.213004,1.214979,5.0,5.0,18.308713,0.0,1.0,0.0,0.0,,14063.0,0.342032,1.0
14091.0,0.260741,0.253036,0.264229,0.264229,13.043949,1.205539,1.207545,5.0,5.0,18.221675,0.0,1.0,0.0,0.0,,14073.0,0.333556,1.0
14101.0,0.260656,0.25295,0.264143,0.264143,13.044825,1.155547,1.157604,5.0,5.0,17.639408,0.0,1.0,0.0,0.0,,14083.0,0.323685,1.0
14111.0,0.260572,0.252864,0.264059,0.264059,13.043573,1.214204,1.216288,5.0,5.0,18.322344,0.0,1.0,0.0,0.0,,14093.0,0.335407,1.0
14121.0,0.260488,0.252778,0.263971,0.263971,13.044724,1.150475,1.152537,5.0,5.0,17.58013,0.0,1.0,0.0,0.0,,14103.0,0.337833,1.0
14131.0,0.260403,0.252692,0.26389,0.26389,13.042719,1.247538,1.249616,5.0,5.0,18.710235,0.0,1.0,0.0,0.0,,14113.0,0.328322,1.0
14141.0,0.26032,0.252607,0.263804,0.263804,13.043366,1.20965,1.211698,5.0,5.0,18.269007,0.0,1.0,0.0,0.0,,14123.0,0.333733,1.0
14151.0,0.260236,0.252521,0.263721,0.263721,13.04432,1.156091,1.158144,5.0,5.0,17.645223,0.0,1.0,0.0,0.0,,14133.0,0.339501,1.0
14161.0,0.260153,0.252436,0.263638,0.263638,13.04403,1.16614,1.168132,5.0,5.0,17.762156,0.0,1.0,0.0,0.0,,14143.0,0.341733,1.0
14171.0,0.26007,0.252351,0.263557,0.263557,13.04389,1.168327,1.170333,5.0,5.0,17.787517,0.0,1.0,0.0,0.0,,14153.0,0.333397,1.0
14181.0,0.259985,0.252265,0.263474,0.263474,13.043116,1.202521,1.204493,5.0,5.0,18.185571,0.0,1.0,0.0,0.0,,14163.0,0.327746,1.0
14191.0,0.259901,0.252179,0.26339,0.26339,13.043403,1.182727,1.184578,5.0,5.0,17.954985,0.0,1.0,0.0,0.0,,14173.0,0.344579,1.0
14201.0,0.259816,0.252092,0.263307,0.263307,13.043056,1.194827,1.196726,5.0,5.0,18.095766,0.0,1.0,0.0,0.0,,14183.0,0.327365,1.0
14211.0,0.259732,0.252006,0.263225,0.263225,13.044334,1.124419,1.126331,5.0,5.0,17.27577,0.0,1.0,0.0,0.0,,14193.0,0.335673,1.0
14221.0,0.259648,0.25192,0.263143,0.263143,13.042327,1.221813,1.223888,5.0,5.0,18.409747,0.0,1.0,0.0,0.0,,14203.0,0.346088,1.0
14231.0,0.259563,0.251833,0.263056,0.263056,13.043221,1.170658,1.17268,5.0,5.0,17.814017,0.0,1.0,0.0,0.0,,14213.0,0.329569,1.0
14241.0,0.259478,0.251747,0.262971,0.262971,13.043196,1.166573,1.168547,5.0,5.0,17.766341,0.0,1.0,0.0,0.0,,14223.0,0.331765,1.0
14251.0,0.259394,0.251662,0.262887,0.262887,13.043469,1.147698,1.149713,5.0,5.0,17.54644,0.0,1.0,0.0,0.0,,14233.0,0.337715,1.0
14261.0,0.25931,0.251576,0.262802,0.262802,13.042517,1.191131,1.192989,5.0,5.0,18.05208,0.0,1.0,0.0,0.0,,14242.0,0.337284,1.0
14271.0,0.259226,0.25149,0.262719,0.262719,13.04228,1.198064,1.199862,5.0,5.0,18.132686,0.0,1.0,0.0,0.0,,14252.0,0.336456,1.0
14281.0,0.259141,0.251403,0.262632,0.262632,13.043107,1.150379,1.152412,5.0,5.0,17.577351,0.0,1.0,0.0,0.0,,14262.0,0.345779,1.0
14291.0,0.259056,0.251317,0.26255,0.26255,13.04183,1.210346,1.212363,5.0,5.0,18.275463,0.0,1.0,0.0,0.0,,14272.0,0.333791,1.0
14301.0,0.258972,0.25123,0.262466,0.262466,13.04103,1.245867,1.247768,5.0,5.0,18.688868,0.0,1.0,0.0,0.0,,14282.0,0.332919,1.0
14311.0,0.258888,0.251145,0.262379,0.262379,13.043037,1.138471,1.140493,5.0,5.0,17.438377,0.0,1.0,0.0,0.0,,14292.0,0.340992,1.0
14321.0,0.258804,0.251059,0.262295,0.262295,13.042013,1.18577,1.187693,5.0,5.0,17.989015,0.0,1.0,0.0,0.0,,14302.0,0.333369,1.0
14331.0,0.25872,0.250973,0.262208,0.262208,13.041648,1.199143,1.201046,5.0,5.0,18.144601,0.0,1.0,0.0,0.0,,14312.0,0.333734,1.0
14341.0,0.258636,0.250887,0.262126,0.262126,13.041288,1.212423,1.214543,5.0,5.0,18.299095,0.0,1.0,0.0,0.0,,14322.0,0.336932,1.0
14351.0,0.258552,0.250802,0.26204,0.26204,13.041671,1.187934,1.18977,5.0,5.0,18.013893,0.0,1.0,0.0,0.0,,14332.0,0.330096,1.0
14361.0,0.258469,0.250717,0.261958,0.261958,13.042013,1.165994,1.168028,5.0,5.0,17.758348,0.0,1.0,0.0,0.0,,14342.0,0.338056,1.0
14371.0,0.258385,0.250632,0.261875,0.261875,13.040586,1.233749,1.235641,5.0,5.0,18.547053,0.0,1.0,0.0,0.0,,14352.0,0.335176,1.0
14381.0,0.2583,0.250545,0.261789,0.261789,13.041573,1.177802,1.179823,5.0,5.0,17.895608,0.0,1.0,0.0,0.0,,14361.0,0.343882,1.0
14391.0,0.258216,0.250459,0.261702,0.261702,13.041591,1.171861,1.173801,5.0,5.0,17.826342,0.0,1.0,0.0,0.0,,14371.0,0.33732,1.0
14401.0,0.258132,0.250373,0.261616,0.261616,13.041427,1.17488,1.176895,5.0,5.0,17.861379,0.0,1.0,0.0,0.0,,14381.0,0.326253,1.0
14411.0,0.258048,0.250287,0.261534,0.261534,13.041468,1.167811,1.169773,5.0,5.0,17.778975,0.0,1.0,0.0,0.0,,14391.0,0.32722,1.0
14421.0,0.257964,0.250202,0.261448,0.261448,13.040764,1.198666,1.200713,5.0,5.0,18.138085,0.0,1.0,0.0,0.0,,14401.0,0.329188,1.0
14431.0,0.257879,0.250115,0.261362,0.261362,13.041168,1.172564,1.174507,5.0,5.0,17.83409,0.0,1.0,0.0,0.0,,14411.0,0.339117,1.0
14441.0,0.257795,0.250029,0.261279,0.261279,13.040607,1.196199,1.19818,5.0,5.0,18.109148,0.0,1.0,0.0,0.0,,14421.0,0.337376,1.0
14451.0,0.257712,0.249944,0.261199,0.261199,13.041179,1.162191,1.164228,5.0,5.0,17.713128,0.0,1.0,0.0,0.0,,14431.0,0.331102,1.0
14461.0,0.257629,0.249859,0.261116,0.261116,13.041618,1.135084,1.137087,5.0,5.0,17.397424,0.0,1.0,0.0,0.0,,14441.0,0.342709,1.0
14471.0,0.257543,0.249772,0.261029,0.261029,13.040229,1.200092,1.202084,5.0,5.0,18.154138,0.0,1.0,0.0,0.0,,14451.0,0.331384,1.0
14481.0,0.257459,0.249686,0.260946,0.260946,13.040302,1.191109,1.193051,5.0,5.0,18.049454,0.0,1.0,0.0,0.0,,14461.0,0.329662,1.0
14491.0,0.257374,0.249599,0.260861,0.260861,13.040595,1.170636,1.172721,5.0,5.0,17.811011,0.0,1.0,0.0,0.0,,14471.0,0.337589,1.0
14501.0,0.257289,0.249512,0.260772,0.260772,13.040363,1.177049,1.1792,5.0,5.0,17.885549,0.0,1.0,0.0,0.0,,14481.0,0.341113,1.0
14511.0,0.257204,0.249426,0.260688,0.260688,13.039174,1.232431,1.234457,5.0,5.0,18.530117,0.0,1.0,0.0,0.0,,14491.0,0.327808,1.0
14521.0,0.257121,0.249341,0.260603,0.260603,13.039889,1.191206,1.193155,5.0,5.0,18.050146,0.0,1.0,0.0,0.0,,14501.0,0.341486,1.0
14531.0,0.257037,0.249255,0.260518,0.260518,13.040137,1.173375,1.175379,5.0,5.0,17.842474,0.0,1.0,0.0,0.0,,14511.0,0.335618,1.0
14541.0,0.256954,0.24917,0.260435,0.260435,13.040652,1.142496,1.144314,5.0,5.0,17.482884,0.0,1.0,0.0,0.0,,14521.0,0.334973,1.0
14551.0,0.256871,0.249086,0.260353,0.260353,13.040202,1.160771,1.162816,5.0,5.0,17.695548,0.0,1.0,0.0,0.0,,14531.0,0.341387,1.0
14561.0,0.256787,0.249,0.260271,0.260271,13.039201,1.206941,1.208729,5.0,5.0,18.232908,0.0,1.0,0.0,0.0,,14541.0,0.335578,1.0
14571.0,0.256703,0.248914,0.260187,0.260187,13.039421,1.190351,1.192303,5.0,5.0,18.039678,0.0,1.0,0.0,0.0,,14550.0,0.329031,1.0
14581.0,0.256618,0.248827,0.260102,0.260102,13.039625,1.174396,1.176355,5.0,5.0,17.853838,0.0,1.0,0.0,0.0,,14560.0,0.341799,1.0
14591.0,0.256533,0.248741,0.26002,0.26002,13.039259,1.187928,1.189811,5.0,5.0,18.011251,0.0,1.0,0.0,0.0,,14570.0,0.341407,1.0
14601.0,0.256448,0.248654,0.259935,0.259935,13.039513,1.169415,1.171288,5.0,5.0,17.795638,0.0,1.0,0.0,0.0,,14580.0,0.328198,1.0
14611.0,0.256364,0.248568,0.25985,0.25985,13.039577,1.160971,1.163065,5.0,5.0,17.697232,0.0,1.0,0.0,0.0,,14590.0,0.336993,1.0
14621.0,0.25628,0.248482,0.259766,0.259766,13.039425,1.16349,1.165495,5.0,5.0,17.726455,0.0,1.0,0.0,0.0,,14600.0,0.334797,1.0
14631.0,0.256194,0.248395,0.25968,0.25968,13.03835,1.212811,1.214813,5.0,5.0,18.300433,0.0,1.0,0.0,0.0,,14610.0,0.332256,1.0
14641.0,0.256112,0.248311,0.259593,0.259593,13.040523,1.097208,1.099149,5.0,5.0,16.954586,0.0,1.0,0.0,0.0,,14620.0,0.342361,1.0
14651.0,0.256028,0.248225,0.259512,0.259512,13.03886,1.177206,1.179117,5.0,5.0,17.885807,0.0,1.0,0.0,0.0,,14630.0,0.329885,1.0
14661.0,0.255943,0.248138,0.259426,0.259426,13.03804,1.213388,1.215436,5.0,5.0,18.306826,0.0,1.0,0.0,0.0,,14640.0,0.33854,1.0
14671.0,0.255858,0.248052,0.259345,0.259345,13.038741,1.172371,1.17432,5.0,5.0,17.829292,0.0,1.0,0.0,0.0,,14650.0,0.338785,1.0
14681.0,0.255773,0.247965,0.259258,0.259258,13.037918,1.208782,1.210722,5.0,5.0,18.252988,0.0,1.0,0.0,0.0,,14660.0,0.324852,1.0
14691.0,0.255688,0.247879,0.259172,0.259172,13.038406,1.178712,1.180633,5.0,5.0,17.902889,0.0,1.0,0.0,0.0,,14670.0,0.334168,1.0
14701.0,0.255605,0.247793,0.25909,0.25909,13.038335,1.177291,1.1792,5.0,5.0,17.886245,0.0,1.0,0.0,0.0,,14680.0,0.330913,1.0
14711.0,0.255519,0.247706,0.259005,0.259005,13.037707,1.203866,1.205884,5.0,5.0,18.195439,0.0,1.0,0.0,0.0,,14690.0,0.337383,1.0
14721.0,0.255436,0.247621,0.258922,0.258922,13.03746,1.211522,1.213443,5.0,5.0,18.284446,0.0,1.0,0.0,0.0,,14700.0,0.329565,1.0
14731.0,0.255352,0.247535,0.258838,0.258838,13.037818,1.18821,1.189978,5.0,5.0,18.013008,0.0,1.0,0.0,0.0,,14710.0,0.327113,1.0
14741.0,0.255267,0.247448,0.258753,0.258753,13.037496,1.199156,1.201046,5.0,5.0,18.140301,0.0,1.0,0.0,0.0,,14720.0,0.341359,1.0
14751.0,0.255183,0.247363,0.258668,0.258668,13.03768,1.184849,1.186987,5.0,5.0,17.973672,0.0,1.0,0.0,0.0,,14730.0,0.338227,1.0
14761.0,0.255099,0.247277,0.258581,0.258581,13.037762,1.175572,1.177601,5.0,5.0,17.865591,0.0,1.0,0.0,0.0,,14740.0,0.339894,1.0
14771.0,0.255014,0.24719,0.258494,0.258494,13.037829,1.166661,1.16863,5.0,5.0,17.761757,0.0,1.0,0.0,0.0,,14750.0,0.338097,1.0
14781.0,0.254928,0.247102,0.258408,0.258408,13.037037,1.201318,1.203288,5.0,5.0,18.16501,0.0,1.0,0.0,0.0,,14760.0,0.337109,1.0
14791.0,0.254844,0.247016,0.258326,0.258326,13.03761,1.166901,1.168963,5.0,5.0,17.764331,0.0,1.0,0.0,0.0,,14770.0,0.328639,1.0
14801.0,0.254759,0.24693,0.258241,0.258241,13.036775,1.204203,1.206382,5.0,5.0,18.198369,0.0,1.0,0.0,0.0,,14780.0,0.32556,1.0
14811.0,0.254674,0.246843,0.258157,0.258157,13.037849,1.143972,1.146058,5.0,5.0,17.49723,0.0,1.0,0.0,0.0,,14790.0,0.331314,1.0
14821.0,0.25459,0.246758,0.258075,0.258075,13.036681,1.198765,1.200651,5.0,5.0,18.134864,0.0,1.0,0.0,0.0,,14800.0,0.34417,1.0
14831.0,0.254507,0.246672,0.257993,0.257993,13.035598,1.249188,1.251215,5.0,5.0,18.721536,0.0,1.0,0.0,0.0,,14810.0,0.339586,1.0
14841.0,0.254422,0.246586,0.257912,0.257912,13.035652,1.241336,1.243324,5.0,5.0,18.63005,0.0,1.0,0.0,0.0,,14820.0,0.338323,1.0
14851.0,0.254339,0.246501,0.257827,0.257827,13.036149,1.210981,1.212986,5.0,5.0,18.27671,0.0,1.0,0.0,0.0,,14830.0,0.3395,1.0
14861.0,0.254255,0.246416,0.257743,0.257743,13.036738,1.176153,1.178245,5.0,5.0,17.871292,0.0,1.0,0.0,0.0,,14840.0,0.33425,1.0
14871.0,0.254173,0.246332,0.257661,0.257661,13.037101,1.153213,1.155278,5.0,5.0,17.604215,0.0,1.0,0.0,0.0,,14850.0,0.344404,1.0
14881.0,0.254088,0.246245,0.257579,0.257579,13.035277,1.240942,1.242868,5.0,5.0,18.625043,0.0,1.0,0.0,0.0,,14860.0,0.32565,1.0
14891.0,0.254003,0.246159,0.257492,0.257492,13.03546,1.226231,1.228103,5.0,5.0,18.453749,0.0,1.0,0.0,0.0,,14870.0,0.332246,1.0
14901.0,0.253919,0.246072,0.257408,0.257408,13.034737,1.257711,1.259729,5.0,5.0,18.819917,0.0,1.0,0.0,0.0,,14880.0,0.337519,1.0
14911.0,0.253834,0.245986,0.257324,0.257324,13.035871,1.194605,1.196581,5.0,5.0,18.085501,0.0,1.0,0.0,0.0,,14890.0,0.341683,1.0
14921.0,0.25375,0.2459,0.257238,0.257238,13.035978,1.183987,1.185949,5.0,5.0,17.961819,0.0,1.0,0.0,0.0,,14900.0,0.335321,1.0
14931.0,0.253666,0.245814,0.257151,0.257151,13.035958,1.179948,1.18192,5.0,5.0,17.914711,0.0,1.0,0.0,0.0,,14910.0,0.34038,1.0
14941.0,0.253582,0.245729,0.257068,0.257068,13.035824,1.181868,1.183789,5.0,5.0,17.936956,0.0,1.0,0.0,0.0,,14920.0,0.339181,1.0
14951.0,0.253498,0.245642,0.256981,0.256981,13.036123,1.161293,1.163211,5.0,5.0,17.697399,0.0,1.0,0.0,0.0,,14930.0,0.338972,1.0
14961.0,0.253415,0.245558,0.256901,0.256901,13.035198,1.20391,1.205863,5.0,5.0,18.193255,0.0,1.0,0.0,0.0,,14940.0,0.332735,1.0
14971.0,0.253332,0.245473,0.256815,0.256815,13.036549,1.130289,1.132249,5.0,5.0,17.336376,0.0,1.0,0.0,0.0,,14950.0,0.332493,1.0
14981.0,0.253247,0.245387,0.256727,0.256727,13.035893,1.158499,1.160594,5.0,5.0,17.664594,0.0,1.0,0.0,0.0,,14960.0,0.336113,1.0
14991.0,0.253162,0.2453,0.256638,0.256638,13.034414,1.228484,1.230408,5.0,5.0,18.478866,0.0,1.0,0.0,0.0,,14970.0,0.33444,1.0
15001.0,0.253079,0.245215,0.256556,0.256556,13.034819,1.203057,1.205095,5.0,5.0,18.1829,0.0,1.0,0.0,0.0,,14980.0,0.333721,1.0
15011.0,0.252995,0.245129,0.256469,0.256469,13.036252,1.124778,1.126788,5.0,5.0,17.271824,0.0,1.0,0.0,0.0,,14990.0,0.321814,1.0
15021.0,0.25291,0.245043,0.256387,0.256387,13.034226,1.222779,1.224698,5.0,5.0,18.412153,0.0,1.0,0.0,0.0,,15000.0,0.340279,1.0
15031.0,0.252827,0.244958,0.256301,0.256301,13.03498,1.179427,1.181464,5.0,5.0,17.907615,0.0,1.0,0.0,0.0,,15010.0,0.333452,1.0
15041.0,0.252743,0.244872,0.256215,0.256215,13.034257,1.211234,1.213193,5.0,5.0,18.277617,0.0,1.0,0.0,0.0,,15020.0,0.334162,1.0
15051.0,0.252657,0.244784,0.25613,0.25613,13.034457,1.195256,1.197245,5.0,5.0,18.091572,0.0,1.0,0.0,0.0,,15030.0,0.336489,1.0
15061.0,0.252572,0.244697,0.256045,0.256045,13.034182,1.203717,1.205697,5.0,5.0,18.189912,0.0,1.0,0.0,0.0,,15040.0,0.333329,1.0
15071.0,0.252487,0.24461,0.255958,0.255958,13.034501,1.181796,1.183789,5.0,5.0,17.934714,0.0,1.0,0.0,0.0,,15050.0,0.339224,1.0
15081.0,0.252402,0.244523,0.255871,0.255871,13.033898,1.207102,1.20902,5.0,5.0,18.229059,0.0,1.0,0.0,0.0,,15060.0,0.34446,1.0
15091.0,0.252318,0.244438,0.255786,0.255786,13.033666,1.214074,1.215831,5.0,5.0,18.310074,0.0,1.0,0.0,0.0,,15070.0,0.337722,1.0
15101.0,0.252233,0.244352,0.255703,0.255703,13.033722,1.205887,1.207919,5.0,5.0,18.214713,0.0,1.0,0.0,0.0,,15080.0,0.35193,1.0
15111.0,0.252148,0.244264,0.255621,0.255621,13.03427,1.17227,1.174175,5.0,5.0,17.823429,0.0,1.0,0.0,0.0,,15090.0,0.341057,1.0
15121.0,0.252065,0.244179,0.255541,0.255541,13.034145,1.173887,1.17594,5.0,5.0,17.84215,0.0,1.0,0.0,0.0,,15100.0,0.335019,1.0
15131.0,0.251981,0.244094,0.25546,0.25546,13.033669,1.193213,1.195127,5.0,5.0,18.066916,0.0,1.0,0.0,0.0,,15110.0,0.3305,1.0
15141.0,0.251895,0.244007,0.255374,0.255374,13.033887,1.176486,1.178411,5.0,5.0,17.87218,0.0,1.0,0.0,0.0,,15120.0,0.337715,1.0
15151.0,0.251812,0.243921,0.255291,0.255291,13.034354,1.147777,1.149838,5.0,5.0,17.538013,0.0,1.0,0.0,0.0,,15130.0,0.338218,1.0
15161.0,0.251728,0.243836,0.255208,0.255208,13.034178,1.151877,1.153804,5.0,5.0,17.585616,0.0,1.0,0.0,0.0,,15140.0,0.334291,1.0
15171.0,0.251644,0.24375,0.255123,0.255123,13.033245,1.194257,1.196228,5.0,5.0,18.078641,0.0,1.0,0.0,0.0,,15150.0,0.340871,1.0
15181.0,0.251558,0.243662,0.255038,0.255038,13.033152,1.193215,1.19519,5.0,5.0,18.066389,0.0,1.0,0.0,0.0,,15160.0,0.339653,1.0
15191.0,0.251474,0.243576,0.254953,0.254953,13.033242,1.183604,1.185513,5.0,5.0,17.954468,0.0,1.0,0.0,0.0,,15170.0,0.330324,1.0
15201.0,0.25139,0.24349,0.25487,0.25487,13.032978,1.192004,1.193965,5.0,5.0,18.052094,0.0,1.0,0.0,0.0,,15180.0,0.341105,1.0
15211.0,0.251305,0.243404,0.254785,0.254785,13.032809,1.195432,1.197412,5.0,5.0,18.091863,0.0,1.0,0.0,0.0,,15190.0,0.340905,1.0
15221.0,0.251221,0.243319,0.2547,0.2547,13.034314,1.113592,1.115823,5.0,5.0,17.139484,0.0,1.0,0.0,0.0,,15200.0,0.332374,1.0
15231.0,0.251137,0.243233,0.254617,0.254617,13.032953,1.177939,1.179906,5.0,5.0,17.888127,0.0,1.0,0.0,0.0,,15210.0,0.340205,1.0
15241.0,0.251052,0.243146,0.254535,0.254535,13.03274,1.183545,1.185513,5.0,5.0,17.953242,0.0,1.0,0.0,0.0,,15220.0,0.339231,1.0
15251.0,0.250968,0.24306,0.254449,0.254449,13.033226,1.15345,1.155507,5.0,5.0,17.60298,0.0,1.0,0.0,0.0,,15230.0,0.342642,1.0
15261.0,0.250884,0.242974,0.254362,0.254362,13.034181,1.099852,1.101994,5.0,5.0,16.979183,0.0,1.0,0.0,0.0,,15240.0,0.337982,1.0
15271.0,0.250801,0.24289,0.254281,0.254281,13.033034,1.153757,1.155693,5.0,5.0,17.606354,0.0,1.0,0.0,0.0,,15250.0,0.339563,1.0
15281.0,0.250717,0.242804,0.254195,0.254195,13.032227,1.189818,1.191826,5.0,5.0,18.025815,0.0,1.0,0.0,0.0,,15260.0,0.348614,1.0
15291.0,0.250634,0.242719,0.254113,0.254113,13.033479,1.121072,1.123133,5.0,5.0,17.225841,0.0,1.0,0.0,0.0,,15270.0,0.339892,1.0
15301.0,0.25055,0.242633,0.254032,0.254032,13.031873,1.198059,1.199903,5.0,5.0,18.121477,0.0,1.0,0.0,0.0,,15280.0,0.33986,1.0
15311.0,0.250465,0.242547,0.253946,0.253946,13.032611,1.155216,1.157126,5.0,5.0,17.622926,0.0,1.0,0.0,0.0,,15290.0,0.33184,1.0
15321.0,0.250383,0.242463,0.253867,0.253867,13.032249,1.169202,1.171288,5.0,5.0,17.785556,0.0,1.0,0.0,0.0,,15300.0,0.339435,1.0
15331.0,0.250298,0.242377,0.253785,0.253785,13.031344,1.21016,1.212134,5.0,5.0,18.261942,0.0,1.0,0.0,0.0,,15310.0,0.338158,1.0
15341.0,0.250213,0.242289,0.2537,0.2537,13.030989,1.222667,1.224615,5.0,5.0,18.40731,0.0,1.0,0.0,0.0,,15320.0,0.33973,1.0
15351.0,0.25013,0.242205,0.253617,0.253617,13.032226,1.154913,1.156711,5.0,5.0,17.618991,0.0,1.0,0.0,0.0,,15330.0,0.328884,1.0
15361.0,0.250046,0.242118,0.253534,0.253534,13.031584,1.182273,1.184392,5.0,5.0,17.937192,0.0,1.0,0.0,0.0,,15340.0,0.333409,1.0
15371.0,0.249961,0.242032,0.25345,0.25345,13.030617,1.22636,1.228394,5.0,5.0,18.449945,0.0,1.0,0.0,0.0,,15350.0,0.339282,1.0
15381.0,0.249878,0.241947,0.253367,0.253367,13.031725,1.164837,1.166824,5.0,5.0,17.734134,0.0,1.0,0.0,0.0,,15360.0,0.330481,1.0
15391.0,0.249793,0.241861,0.253282,0.253282,13.030718,1.21098,1.212965,5.0,5.0,18.270821,0.0,1.0,0.0,0.0,,15370.0,0.334106,1.0
15401.0,0.249709,0.241775,0.253198,0.253198,13.030015,1.241726,1.243677,5.0,5.0,18.628345,0.0,1.0,0.0,0.0,,15380.0,0.332438,1.0
15411.0,0.249625,0.241689,0.253113,0.253113,13.031436,1.164076,1.166118,5.0,5.0,17.724966,0.0,1.0,0.0,0.0,,15390.0,0.334781,1.0
15421.0,0.249541,0.241603,0.25303,0.25303,13.031083,1.176961,1.179013,5.0,5.0,17.874765,0.0,1.0,0.0,0.0,,15400.0,0.341907,1.0
15431.0,0.249456,0.241517,0.252945,0.252945,13.030574,1.197652,1.199737,5.0,5.0,18.115349,0.0,1.0,0.0,0.0,,15410.0,0.330201,1.0
15441.0,0.249373,0.241432,0.25286,0.25286,13.031017,1.170071,1.172057,5.0,5.0,17.794398,0.0,1.0,0.0,0.0,,15420.0,0.337064,1.0
15451.0,0.249289,0.241346,0.252777,0.252777,13.030607,1.18603,1.188046,5.0,5.0,17.97995,0.0,1.0,0.0,0.0,,15430.0,0.336318,1.0
15461.0,0.249205,0.24126,0.252694,0.252694,13.029955,1.214032,1.215748,5.0,5.0,18.305551,0.0,1.0,0.0,0.0,,15440.0,0.338858,1.0
15471.0,0.249121,0.241174,0.252609,0.252609,13.030403,1.186143,1.188129,5.0,5.0,17.981042,0.0,1.0,0.0,0.0,,15450.0,0.339784,1.0
15481.0,0.249036,0.241088,0.252525,0.252525,13.030365,1.182756,1.184703,5.0,5.0,17.94153,0.0,1.0,0.0,0.0,,15460.0,0.347745,1.0
15491.0,0.248951,0.241001,0.252439,0.252439,13.029995,1.195923,1.197806,5.0,5.0,18.094582,0.0,1.0,0.0,0.0,,15470.0,0.336097,1.0
15501.0,0.248867,0.240915,0.252355,0.252355,13.03053,1.163491,1.165349,5.0,5.0,17.717202,0.0,1.0,0.0,0.0,,15480.0,0.335476,1.0
15511.0,0.248782,0.240829,0.252274,0.252274,13.029933,1.188705,1.1906,5.0,5.0,18.010397,0.0,1.0,0.0,0.0,,15490.0,0.335644,1.0
15521.0,0.248698,0.240743,0.252187,0.252187,13.03073,1.142815,1.144792,5.0,5.0,17.476467,0.0,1.0,0.0,0.0,,15500.0,0.341062,1.0
15531.0,0.248615,0.240658,0.252106,0.252106,13.029617,1.194816,1.196747,5.0,5.0,18.08128,0.0,1.0,0.0,0.0,,15510.0,0.335105,1.0
15541.0,0.248531,0.240572,0.252023,0.252023,13.029426,1.199653,1.201606,5.0,5.0,18.137436,0.0,1.0,0.0,0.0,,15520.0,0.329344,1.0
15551.0,0.248446,0.240485,0.251937,0.251937,13.029576,1.186474,1.188337,5.0,5.0,17.984023,0.0,1.0,0.0,0.0,,15530.0,0.329224,1.0
15561.0,0.248362,0.2404,0.251853,0.251853,13.029199,1.200539,1.202603,5.0,5.0,18.147514,0.0,1.0,0.0,0.0,,15540.0,0.334323,1.0
15571.0,0.248278,0.240314,0.25177,0.25177,13.02898,1.20661,1.208417,5.0,5.0,18.21802,0.0,1.0,0.0,0.0,,15550.0,0.342303,1.0
15581.0,0.248193,0.240227,0.251682,0.251682,13.028974,1.20139,1.203371,5.0,5.0,18.157184,0.0,1.0,0.0,0.0,,15560.0,0.340829,1.0
15591.0,0.248107,0.240139,0.251593,0.251593,13.028512,1.219168,1.221064,5.0,5.0,18.36383,0.0,1.0,0.0,0.0,,15570.0,0.321683,1.0
15601.0,0.248022,0.240053,0.251507,0.251507,13.028803,1.198932,1.200963,5.0,5.0,18.128366,0.0,1.0,0.0,0.0,,15580.0,0.326395,1.0
15611.0,0.247937,0.239966,0.251425,0.251425,13.028562,1.205825,1.20767,5.0,5.0,18.208425,0.0,1.0,0.0,0.0,,15590.0,0.33865,1.0
15621.0,0.247852,0.239879,0.251341,0.251341,13.028694,1.193646,1.195709,5.0,5.0,18.066658,0.0,1.0,0.0,0.0,,15600.0,0.340593,1.0
15631.0,0.247768,0.239793,0.251258,0.251258,13.027339,1.25785,1.259792,5.0,5.0,18.813226,0.0,1.0,0.0,0.0,,15609.0,0.337391,1.0
15641.0,0.247686,0.239709,0.251176,0.251176,13.028133,1.212878,1.214855,5.0,5.0,18.290139,0.0,1.0,0.0,0.0,,15619.0,0.332723,1.0
15651.0,0.247602,0.239624,0.251093,0.251093,13.028886,1.169581,1.171475,5.0,5.0,17.786458,0.0,1.0,0.0,0.0,,15629.0,0.33435,1.0
15661.0,0.247519,0.239539,0.251014,0.251014,13.028702,1.17425,1.176293,5.0,5.0,17.840666,0.0,1.0,0.0,0.0,,15639.0,0.333767,1.0
15671.0,0.247434,0.239453,0.250932,0.250932,13.028401,1.184361,1.186198,5.0,5.0,17.958156,0.0,1.0,0.0,0.0,,15649.0,0.334159,1.0
15681.0,0.24735,0.239367,0.250845,0.250845,13.028048,1.197257,1.199384,5.0,5.0,18.10804,0.0,1.0,0.0,0.0,,15659.0,0.344426,1.0
15691.0,0.247267,0.239282,0.250759,0.250759,13.027216,1.234773,1.236846,5.0,5.0,18.54423,0.0,1.0,0.0,0.0,,15669.0,0.337112,1.0
15701.0,0.247182,0.239196,0.250677,0.250677,13.027484,1.215949,1.217907,5.0,5.0,18.325206,0.0,1.0,0.0,0.0,,15679.0,0.339073,1.0
15711.0,0.247098,0.239109,0.250592,0.250592,13.027351,1.217332,1.21934,5.0,5.0,18.341172,0.0,1.0,0.0,0.0,,15689.0,0.345964,1.0
15721.0,0.247014,0.239023,0.250509,0.250509,13.027075,1.226331,1.228415,5.0,5.0,18.445716,0.0,1.0,0.0,0.0,,15699.0,0.340648,1.0
15731.0,0.246929,0.238937,0.250426,0.250426,13.027528,1.197865,1.199966,5.0,5.0,18.114563,0.0,1.0,0.0,0.0,,15709.0,0.338767,1.0
15741.0,0.246845,0.238851,0.250341,0.250341,13.028349,1.150858,1.152869,5.0,5.0,17.567746,0.0,1.0,0.0,0.0,,15719.0,0.333503,1.0
15751.0,0.24676,0.238765,0.250256,0.250256,13.027468,1.190578,1.192719,5.0,5.0,18.029603,0.0,1.0,0.0,0.0,,15729.0,0.339535,1.0
15761.0,0.246676,0.238678,0.250171,0.250171,13.026488,1.235247,1.23724,5.0,5.0,18.548947,0.0,1.0,0.0,0.0,,15739.0,0.341545,1.0
15771.0,0.246591,0.238592,0.250089,0.250089,13.026369,1.236011,1.237967,5.0,5.0,18.557715,0.0,1.0,0.0,0.0,,15749.0,0.351154,1.0
15781.0,0.246507,0.238506,0.250004,0.250004,13.026808,1.208604,1.210619,5.0,5.0,18.2389,0.0,1.0,0.0,0.0,,15759.0,0.334275,1.0
15791.0,0.246422,0.238419,0.249921,0.249921,13.026616,1.212804,1.214772,5.0,5.0,18.287625,0.0,1.0,0.0,0.0,,15769.0,0.334245,1.0
15801.0,0.246338,0.238334,0.249835,0.249835,13.027609,1.157192,1.15912,5.0,5.0,17.640774,0.0,1.0,0.0,0.0,,15779.0,0.338961,1.0
15811.0,0.246254,0.238248,0.249754,0.249754,13.02613,1.227568,1.229619,5.0,5.0,18.459097,0.0,1.0,0.0,0.0,,15789.0,0.334804,1.0
15821.0,0.246171,0.238163,0.24967,0.24967,13.02738,1.159134,1.161279,5.0,5.0,17.663173,0.0,1.0,0.0,0.0,,15799.0,0.339691,1.0
15831.0,0.246086,0.238076,0.249583,0.249583,13.027274,1.159007,1.161009,5.0,5.0,17.661583,0.0,1.0,0.0,0.0,,15809.0,0.335855,1.0
15841.0,0.246002,0.23799,0.249501,0.249501,13.026207,1.208309,1.210141,5.0,5.0,18.234813,0.0,1.0,0.0,0.0,,15819.0,0.339369,1.0
15851.0,0.245916,0.237903,0.249415,0.249415,13.025563,1.235502,1.237427,5.0,5.0,18.550887,0.0,1.0,0.0,0.0,,15829.0,0.328299,1.0
15861.0,0.245833,0.237818,0.249334,0.249334,13.025848,1.2162,1.218136,5.0,5.0,18.32635,0.0,1.0,0.0,0.0,,15839.0,0.331221,1.0
15871.0,0.245749,0.237733,0.249251,0.249251,13.026444,1.180903,1.182813,5.0,5.0,17.915798,0.0,1.0,0.0,0.0,,15849.0,0.337265,1.0
15881.0,0.245667,0.237648,0.249168,0.249168,13.026607,1.167934,1.169856,5.0,5.0,17.764886,0.0,1.0,0.0,0.0,,15859.0,0.336939,1.0
15891.0,0.245583,0.237563,0.249083,0.249083,13.026493,1.168687,1.170562,5.0,5.0,17.773541,0.0,1.0,0.0,0.0,,15869.0,0.330134,1.0
15901.0,0.245498,0.237476,0.249,0.249,13.02548,1.214963,1.216911,5.0,5.0,18.31154,0.0,1.0,0.0,0.0,,15879.0,0.337453,1.0
15911.0,0.245414,0.237391,0.248917,0.248917,13.025881,1.189675,1.191639,5.0,5.0,18.017398,0.0,1.0,0.0,0.0,,15889.0,0.335312,1.0
15921.0,0.24533,0.237305,0.248834,0.248834,13.025715,1.193002,1.194941,5.0,5.0,18.055976,0.0,1.0,0.0,0.0,,15899.0,0.330946,1.0
15931.0,0.245246,0.237219,0.24875,0.24875,13.025474,1.200206,1.202208,5.0,5.0,18.139634,0.0,1.0,0.0,0.0,,15909.0,0.34177,1.0
15941.0,0.245163,0.237134,0.248667,0.248667,13.02619,1.158794,1.16076,5.0,5.0,17.657975,0.0,1.0,0.0,0.0,,15919.0,0.342764,1.0
15951.0,0.245079,0.237048,0.248581,0.248581,13.025336,1.197231,1.199156,5.0,5.0,18.104833,0.0,1.0,0.0,0.0,,15929.0,0.342279,1.0
15961.0,0.244995,0.236962,0.248495,0.248495,13.025592,1.179121,1.181069,5.0,5.0,17.894138,0.0,1.0,0.0,0.0,,15939.0,0.32388,1.0
15971.0,0.24491,0.236876,0.248413,0.248413,13.026023,1.15161,1.153617,5.0,5.0,17.574115,0.0,1.0,0.0,0.0,,15949.0,0.333538,1.0
15981.0,0.244826,0.23679,0.248329,0.248329,13.025684,1.163877,1.165889,5.0,5.0,17.716659,0.0,1.0,0.0,0.0,,15959.0,0.339452,1.0
15991.0,0.244742,0.236705,0.248243,0.248243,13.025872,1.149231,1.15125,5.0,5.0,17.546239,0.0,1.0,0.0,0.0,,15969.0,0.331474,1.0
16001.0,0.244656,0.236617,0.248155,0.248155,13.024147,1.231468,1.233565,5.0,5.0,18.502339,0.0,1.0,0.0,0.0,,15979.0,0.340109,1.0
16011.0,0.244572,0.23653,0.248069,0.248069,13.025107,1.177054,1.178993,5.0,5.0,17.869552,0.0,1.0,0.0,0.0,,15989.0,0.344081,1.0
16021.0,0.244487,0.236444,0.247984,0.247984,13.02423,1.21632,1.218136,5.0,5.0,18.325994,0.0,1.0,0.0,0.0,,15999.0,0.334223,1.0
16031.0,0.244402,0.236357,0.247899,0.247899,13.023394,1.253717,1.255867,5.0,5.0,18.760644,0.0,1.0,0.0,0.0,,16009.0,0.337208,1.0
16041.0,0.244319,0.236272,0.247814,0.247814,13.025917,1.120064,1.122115,5.0,5.0,17.206517,0.0,1.0,0.0,0.0,,16019.0,0.33121,1.0
16051.0,0.244234,0.236186,0.247728,0.247728,13.025467,1.137867,1.13987,5.0,5.0,17.413443,0.0,1.0,0.0,0.0,,16029.0,0.337331,1.0
16061.0,0.24415,0.2361,0.247643,0.247643,13.024871,1.163139,1.16508,5.0,5.0,17.707216,0.0,1.0,0.0,0.0,,16039.0,0.332663,1.0
16071.0,0.244067,0.236015,0.247564,0.247564,13.024588,1.172815,1.174819,5.0,5.0,17.819624,0.0,1.0,0.0,0.0,,16049.0,0.342348,1.0
16081.0,0.243983,0.235929,0.247481,0.247481,13.024221,1.186385,1.188358,5.0,5.0,17.977302,0.0,1.0,0.0,0.0,,16059.0,0.333068,1.0
16091.0,0.243899,0.235844,0.247395,0.247395,13.025042,1.139461,1.141573,5.0,5.0,17.431581,0.0,1.0,0.0,0.0,,16069.0,0.336882,1.0
16101.0,0.243815,0.235758,0.247312,0.247312,13.023253,1.225639,1.227688,5.0,5.0,18.433465,0.0,1.0,0.0,0.0,,16079.0,0.329945,1.0
16111.0,0.24373,0.235672,0.247229,0.247229,13.023389,1.213521,1.215498,5.0,5.0,18.292472,0.0,1.0,0.0,0.0,,16089.0,0.338853,1.0
16121.0,0.243645,0.235585,0.247145,0.247145,13.023836,1.185178,1.187091,5.0,5.0,17.962844,0.0,1.0,0.0,0.0,,16099.0,0.335247,1.0
16131.0,0.243561,0.235499,0.247061,0.247061,13.022665,1.239861,1.24185,5.0,5.0,18.598454,0.0,1.0,0.0,0.0,,16109.0,0.329965,1.0
16141.0,0.243477,0.235413,0.246974,0.246974,13.023965,1.168334,1.170375,5.0,5.0,17.766784,0.0,1.0,0.0,0.0,,16119.0,0.332524,1.0
16151.0,0.243393,0.235328,0.246889,0.246889,13.024031,1.160048,1.162006,5.0,5.0,17.670339,0.0,1.0,0.0,0.0,,16129.0,0.328475,1.0
16161.0,0.24331,0.235242,0.246805,0.246805,13.023209,1.197068,1.198969,5.0,5.0,18.100661,0.0,1.0,0.0,0.0,,16139.0,0.332084,1.0
16171.0,0.243225,0.235156,0.246721,0.246721,13.02301,1.2019,1.204057,5.0,5.0,18.15672,0.0,1.0,0.0,0.0,,16149.0,0.334875,1.0
16181.0,0.243142,0.235071,0.246636,0.246636,13.023658,1.164125,1.166139,5.0,5.0,17.717444,0.0,1.0,0.0,0.0,,16159.0,0.32711,1.0
16191.0,0.243059,0.234986,0.246554,0.246554,13.023314,1.176716,1.178681,5.0,5.0,17.863726,0.0,1.0,0.0,0.0,,16169.0,0.337231,1.0
16201.0,0.243004,0.23493,0.246471,0.246471,13.105795,-3.027318,-3.025071,60.0,60.0,17.863597,0.0,1.0,0.0,0.0,,16179.0,0.356497,1.0
16211.0,0.243218,0.235148,0.246788,0.246788,13.107972,-3.020589,-3.01824,60.0,60.0,17.936586,0.0,1.0,0.0,0.0,,16189.0,0.360888,1.0
16221.0,0.24343,0.235364,0.247105,0.247105,13.109814,-3.002094,-2.999758,60.0,60.0,18.148446,0.0,1.0,0.0,0.0,,16199.0,0.367969,1.0
16231.0,0.243642,0.23558,0.247416,0.247416,13.112427,-3.028272,-3.025964,60.0,60.0,17.834455,0.0,1.0,0.0,0.0,,16209.0,0.370885,1.0
16241.0,0.243854,0.235796,0.247727,0.247727,13.114204,-3.016056,-3.013713,60.0,60.0,17.972913,0.0,1.0,0.0,0.0,,16219.0,0.361472,1.0
16251.0,0.244066,0.236012,0.248036,0.248036,13.115833,-3.001012,-2.998637,60.0,60.0,18.144981,0.0,1.0,0.0,0.0,,16229.0,0.362528,1.0
16261.0,0.244279,0.236229,0.248341,0.248341,13.118146,-3.02434,-3.022019,60.0,60.0,17.865092,0.0,1.0,0.0,0.0,,16239.0,0.366727,1.0
16271.0,0.244491,0.236445,0.248649,0.248649,13.120386,-3.048644,-3.046273,60.0,60.0,17.573858,0.0,1.0,0.0,0.0,,16249.0,0.366833,1.0
16281.0,0.244704,0.236662,0.248957,0.248957,13.121226,-3.004647,-3.002312,60.0,60.0,18.087853,0.0,1.0,0.0,0.0,,16259.0,0.365276,1.0
16291.0,0.244917,0.236879,0.249264,0.249264,13.122706,-2.996743,-2.994401,60.0,60.0,18.176639,0.0,1.0,0.0,0.0,,16269.0,0.365628,1.0
16301.0,0.24513,0.237095,0.249566,0.249566,13.124466,-3.006987,-3.004617,60.0,60.0,18.051674,0.0,1.0,0.0,0.0,,16279.0,0.36085,1.0
16311.0,0.245343,0.237312,0.249866,0.249866,13.125463,-2.981236,-2.978868,60.0,60.0,18.351274,0.0,1.0,0.0,0.0,,16289.0,0.371425,1.0
16321.0,0.245555,0.237529,0.250166,0.250166,13.127771,-3.02577,-3.023348,60.0,60.0,17.822274,0.0,1.0,0.0,0.0,,16299.0,0.357851,1.0
16331.0,0.245768,0.237745,0.250464,0.250464,13.129392,-3.038137,-3.035932,60.0,60.0,17.672671,0.0,1.0,0.0,0.0,,16309.0,0.362346,1.0
16341.0,0.24598,0.237962,0.25076,0.25076,13.130214,-3.012649,-3.010452,60.0,60.0,17.96973,0.0,1.0,0.0,0.0,,16319.0,0.35892,1.0
16351.0,0.246192,0.238178,0.251052,0.251052,13.131492,-3.013149,-3.01066,60.0,60.0,17.960425,0.0,1.0,0.0,0.0,,16329.0,0.366689,1.0
16361.0,0.246405,0.238395,0.251346,0.251346,13.133529,-3.054468,-3.05215,60.0,60.0,17.469614,0.0,1.0,0.0,0.0,,16339.0,0.365945,1.0
16371.0,0.246618,0.238611,0.251637,0.251637,13.133431,-2.989531,-2.987216,60.0,60.0,18.232594,0.0,1.0,0.0,0.0,,16349.0,0.366637,1.0
16381.0,0.24683,0.238828,0.251925,0.251925,13.135011,-3.01247,-3.009996,60.0,60.0,17.958908,0.0,1.0,0.0,0.0,,16359.0,0.361849,0.0
16391.0,0.247043,0.239044,0.252215,0.252215,13.136673,-3.041718,-3.039358,60.0,60.0,17.610822,0.0,1.0,0.0,0.0,,16369.0,0.365833,1.0
16401.0,0.247254,0.23926,0.252502,0.252502,13.137275,-3.019519,-3.017243,60.0,60.0,17.86999,0.0,1.0,0.0,0.0,,16379.0,0.369394,1.0
16411.0,0.247468,0.239477,0.25279,0.25279,13.137918,-3.000556,-2.998263,60.0,60.0,18.091063,0.0,1.0,0.0,0.0,,16389.0,0.364475,1.0
16421.0,0.247679,0.239692,0.253073,0.253073,13.139407,-3.02751,-3.025009,60.0,60.0,17.770337,0.0,1.0,0.0,0.0,,16399.0,0.356485,1.0
16431.0,0.247892,0.239909,0.25336,0.25336,13.139704,-2.994717,-2.992345,60.0,60.0,18.154887,0.0,1.0,0.0,0.0,,16409.0,0.363885,1.0
16441.0,0.248105,0.240126,0.253645,0.253645,13.141052,-3.017218,-3.014896,60.0,60.0,17.886831,0.0,1.0,0.0,0.0,,16419.0,0.360749,1.0
16451.0,0.248317,0.240342,0.253926,0.253926,13.140827,-2.961373,-2.959058,60.0,60.0,18.543733,0.0,1.0,0.0,0.0,,16429.0,0.354951,1.0
16461.0,0.248529,0.240558,0.254204,0.254204,13.142704,-3.014518,-3.012114,60.0,60.0,17.914121,0.0,1.0,0.0,0.0,,16439.0,0.368175,1.0
16471.0,0.24874,0.240774,0.254482,0.254482,13.143894,-3.034057,-3.031654,60.0,60.0,17.681225,0.0,1.0,0.0,0.0,,16449.0,0.366834,1.0
16481.0,0.248951,0.240988,0.254759,0.254759,13.144199,-3.010183,-3.007961,60.0,60.0,17.961045,0.0,1.0,0.0,0.0,,16459.0,0.35867,1.0
16491.0,0.249163,0.241204,0.255036,0.255036,13.144893,-3.006955,-3.004659,60.0,60.0,17.997126,0.0,1.0,0.0,0.0,,16469.0,0.357404,1.0
16501.0,0.249376,0.241421,0.255309,0.255309,13.145313,-2.990791,-2.988649,60.0,60.0,18.186014,0.0,1.0,0.0,0.0,,16479.0,0.367141,1.0
16511.0,0.249589,0.241638,0.255585,0.255585,13.146379,-3.008676,-3.006445,60.0,60.0,17.972893,0.0,1.0,0.0,0.0,,16489.0,0.358815,1.0
16521.0,0.249801,0.241854,0.255855,0.255855,13.147312,-3.021192,-3.018863,60.0,60.0,17.823222,0.0,1.0,0.0,0.0,,16499.0,0.36567,1.0
16531.0,0.250012,0.242069,0.256126,0.256126,13.146885,-2.965627,-2.963439,60.0,60.0,18.477677,0.0,1.0,0.0,0.0,,16509.0,0.357633,1.0
16541.0,0.250224,0.242285,0.256394,0.256394,13.147905,-2.984872,-2.982606,60.0,60.0,18.248681,0.0,1.0,0.0,0.0,,16519.0,0.352981,1.0
16551.0,0.250436,0.242501,0.256665,0.256665,13.149631,-3.040973,-3.038839,60.0,60.0,17.584337,0.0,1.0,0.0,0.0,,16529.0,0.367978,1.0
16561.0,0.250649,0.242718,0.256935,0.256935,13.150181,-3.037685,-3.03533,60.0,60.0,17.621499,0.0,1.0,0.0,0.0,,16539.0,0.364921,1.0
16571.0,0.250861,0.242933,0.257206,0.257206,13.150482,-3.023016,-3.020794,60.0,60.0,17.793208,0.0,1.0,0.0,0.0,,16549.0,0.364607,1.0
16581.0,0.251073,0.24315,0.257476,0.257476,13.151843,-3.062921,-3.060643,60.0,60.0,17.320166,0.0,1.0,0.0,0.0,,16559.0,0.372519,1.0
16591.0,0.251285,0.243365,0.257742,0.257742,13.149937,-2.937345,-2.935073,60.0,60.0,18.802184,0.0,1.0,0.0,0.0,,16569.0,0.359702,1.0
16601.0,0.251497,0.243581,0.258007,0.258007,13.152389,-3.034661,-3.032236,60.0,60.0,17.65107,0.0,1.0,0.0,0.0,,16579.0,0.36087,1.0
16611.0,0.25171,0.243798,0.258271,0.258271,13.15297,-3.036968,-3.034686,60.0,60.0,17.622363,0.0,1.0,0.0,0.0,,16589.0,0.354173,1.0
16621.0,0.251922,0.244014,0.258537,0.258537,13.152293,-2.975922,-2.973531,60.0,60.0,18.342235,0.0,1.0,0.0,0.0,,16599.0,0.355634,1.0
16631.0,0.252134,0.244231,0.258798,0.258798,13.153951,-3.034671,-3.032277,60.0,60.0,17.646722,0.0,1.0,0.0,0.0,,16609.0,0.36318,1.0
16641.0,0.252346,0.244447,0.25906,0.25906,13.153553,-2.989285,-2.986946,60.0,60.0,18.181692,0.0,1.0,0.0,0.0,,16619.0,0.356639,1.0
16651.0,0.252558,0.244662,0.259318,0.259318,13.15382,-2.978574,-2.976293,60.0,60.0,18.306975,0.0,1.0,0.0,0.0,,16629.0,0.370296,1.0
16661.0,0.252769,0.244877,0.259576,0.259576,13.154916,-3.010967,-3.00875,60.0,60.0,17.922965,0.0,1.0,0.0,0.0,,16639.0,0.36946,1.0
16671.0,0.252981,0.245094,0.259831,0.259831,13.154258,-2.953878,-2.95179,60.0,60.0,18.596343,0.0,1.0,0.0,0.0,,16649.0,0.356238,1.0
16681.0,0.253194,0.24531,0.260089,0.260089,13.155766,-3.007818,-3.00551,60.0,60.0,17.957724,0.0,1.0,0.0,0.0,,16659.0,0.363706,1.0
16691.0,0.253406,0.245526,0.260345,0.260345,13.156536,-3.02471,-3.022497,60.0,60.0,17.756905,0.0,1.0,0.0,0.0,,16669.0,0.371614,1.0
16701.0,0.253617,0.245741,0.2606,0.2606,13.156766,-3.014748,-3.012488,60.0,60.0,17.873501,0.0,1.0,0.0,0.0,,16679.0,0.355143,1.0
16711.0,0.253829,0.245957,0.260854,0.260854,13.157607,-3.036294,-3.034042,60.0,60.0,17.617699,0.0,1.0,0.0,0.0,,16689.0,0.358301,1.0
16721.0,0.254042,0.246173,0.261112,0.261112,13.158501,-3.06063,-3.058338,60.0,60.0,17.328892,0.0,1.0,0.0,0.0,,16699.0,0.369965,1.0
16731.0,0.254254,0.24639,0.261366,0.261366,13.157412,-2.984045,-2.981858,60.0,60.0,18.233037,0.0,1.0,0.0,0.0,,16709.0,0.365067,1.0
16741.0,0.254467,0.246607,0.261621,0.261621,13.157438,-2.964595,-2.962318,60.0,60.0,18.461837,0.0,1.0,0.0,0.0,,16719.0,0.363591,1.0
16751.0,0.254679,0.246823,0.261875,0.261875,13.158513,-2.999577,-2.997204,60.0,60.0,18.047318,0.0,1.0,0.0,0.0,,16729.0,0.371687,1.0
16761.0,0.254892,0.24704,0.262126,0.262126,13.15891,-2.999967,-2.997619,60.0,60.0,18.041662,0.0,1.0,0.0,0.0,,16739.0,0.354713,1.0
16771.0,0.255103,0.247254,0.262376,0.262376,13.158927,-2.982118,-2.979782,60.0,60.0,18.251666,0.0,1.0,0.0,0.0,,16749.0,0.377837,1.0
16781.0,0.255315,0.247471,0.262627,0.262627,13.159906,-3.012875,-3.010639,60.0,60.0,17.887072,0.0,1.0,0.0,0.0,,16759.0,0.36299,1.0
16791.0,0.255528,0.247688,0.262877,0.262877,13.159909,-2.994002,-2.991846,60.0,60.0,18.109192,0.0,1.0,0.0,0.0,,16769.0,0.357211,1.0
16801.0,0.25574,0.247903,0.263124,0.263124,13.160181,-2.989637,-2.987236,60.0,60.0,18.159827,0.0,1.0,0.0,0.0,,16779.0,0.35586,1.0
16811.0,0.255951,0.248118,0.263371,0.263371,13.161213,-3.024592,-3.022227,60.0,60.0,17.74564,0.0,1.0,0.0,0.0,,16789.0,0.35614,1.0
16821.0,0.256161,0.248333,0.263619,0.263619,13.160124,-2.951734,-2.94936,60.0,60.0,18.606072,0.0,1.0,0.0,0.0,,16799.0,0.363675,1.0
16831.0,0.256372,0.248548,0.263866,0.263866,13.160803,-2.969183,-2.967052,60.0,60.0,18.398908,0.0,1.0,0.0,0.0,,16809.0,0.351652,1.0
16841.0,0.256584,0.248763,0.264114,0.264114,13.162085,-3.017279,-3.015042,60.0,60.0,17.829362,0.0,1.0,0.0,0.0,,16819.0,0.356105,1.0
16851.0,0.256794,0.248978,0.264356,0.264356,13.161683,-2.980172,-2.977892,60.0,60.0,18.267221,0.0,1.0,0.0,0.0,,16829.0,0.371962,1.0
16861.0,0.257007,0.249194,0.264601,0.264601,13.163346,-3.047883,-3.045588,60.0,60.0,17.465683,0.0,1.0,0.0,0.0,,16839.0,0.362965,1.0
16871.0,0.257218,0.249409,0.264847,0.264847,13.16193,-2.95894,-2.95669,60.0,60.0,18.516487,0.0,1.0,0.0,0.0,,16849.0,0.36199,1.0
16881.0,0.25743,0.249625,0.265091,0.265091,13.163541,-3.024351,-3.021894,60.0,60.0,17.742187,0.0,1.0,0.0,0.0,,16859.0,0.361412,1.0
16891.0,0.257642,0.249841,0.265332,0.265332,13.163777,-3.019918,-3.017617,60.0,60.0,17.793737,0.0,1.0,0.0,0.0,,16869.0,0.370331,1.0
16901.0,0.257854,0.250057,0.265577,0.265577,13.163781,-3.0039,-3.001627,60.0,60.0,17.982298,0.0,1.0,0.0,0.0,,16879.0,0.365845,1.0
16911.0,0.258066,0.250273,0.265818,0.265818,13.163953,-2.996561,-2.994297,60.0,60.0,18.06823,0.0,1.0,0.0,0.0,,16889.0,0.368952,1.0
16921.0,0.258278,0.250489,0.266059,0.266059,13.164368,-3.001608,-2.999301,60.0,60.0,18.007694,0.0,1.0,0.0,0.0,,16899.0,0.363256,1.0
16931.0,0.25849,0.250705,0.266301,0.266301,13.164592,-2.997358,-2.995148,60.0,60.0,18.057129,0.0,1.0,0.0,0.0,,16909.0,0.355602,1.0
16941.0,0.258702,0.250921,0.266542,0.266542,13.164959,-3.000222,-2.997848,60.0,60.0,18.022429,0.0,1.0,0.0,0.0,,16919.0,0.363812,1.0
16951.0,0.258914,0.251136,0.266782,0.266782,13.163861,-2.928768,-2.926456,60.0,60.0,18.866584,0.0,1.0,0.0,0.0,,16929.0,0.35625,1.0
16961.0,0.259126,0.251353,0.267023,0.267023,13.165787,-3.01154,-3.009207,60.0,60.0,17.886947,0.0,1.0,0.0,0.0,,16939.0,0.356798,1.0
16971.0,0.259338,0.251569,0.267262,0.267262,13.166196,-3.017077,-3.014772,60.0,60.0,17.820646,0.0,1.0,0.0,0.0,,16949.0,0.364541,1.0
16981.0,0.25955,0.251785,0.267501,0.267501,13.166969,-3.041149,-3.038839,60.0,60.0,17.535108,0.0,1.0,0.0,0.0,,16959.0,0.355914,1.0
16991.0,0.259762,0.252001,0.26774,0.26774,13.166888,-3.02176,-3.019465,60.0,60.0,17.763635,0.0,1.0,0.0,0.0,,16969.0,0.361746,1.0
17001.0,0.259974,0.252217,0.267977,0.267977,13.166068,-2.96505,-2.962858,60.0,60.0,18.4336,0.0,1.0,0.0,0.0,,16979.0,0.360386,1.0
17011.0,0.260186,0.252433,0.268212,0.268212,13.167713,-3.033987,-3.031633,60.0,60.0,17.617427,0.0,1.0,0.0,0.0,,16989.0,0.367206,1.0
17021.0,0.260399,0.252649,0.268453,0.268453,13.16743,-3.004507,-3.002063,60.0,60.0,17.965343,0.0,1.0,0.0,0.0,,16999.0,0.358207,1.0
17031.0,0.260611,0.252865,0.268689,0.268689,13.167604,-2.998626,-2.996249,60.0,60.0,18.034132,0.0,1.0,0.0,0.0,,17009.0,0.356818,1.0
17041.0,0.260824,0.253082,0.268926,0.268926,13.168437,-3.02613,-3.023742,60.0,60.0,17.707993,0.0,1.0,0.0,0.0,,17019.0,0.370684,1.0
17051.0,0.261034,0.253297,0.26916,0.26916,13.167429,-2.960725,-2.958518,60.0,60.0,18.480918,0.0,1.0,0.0,0.0,,17029.0,0.361939,1.0
17061.0,0.261247,0.253513,0.269395,0.269395,13.16928,-3.040481,-3.038175,60.0,60.0,17.536688,0.0,1.0,0.0,0.0,,17039.0,0.364385,1.0
17071.0,0.261458,0.253728,0.269629,0.269629,13.168287,-2.975736,-2.973448,60.0,60.0,18.301871,0.0,1.0,0.0,0.0,,17049.0,0.359567,1.0
17081.0,0.261671,0.253945,0.269864,0.269864,13.168989,-2.99706,-2.994629,60.0,60.0,18.048855,0.0,1.0,0.0,0.0,,17059.0,0.37423,1.0
17091.0,0.261881,0.25416,0.270094,0.270094,13.169433,-3.005938,-3.0036,60.0,60.0,17.943104,0.0,1.0,0.0,0.0,,17069.0,0.375459,1.0
17101.0,0.262094,0.254376,0.270328,0.270328,13.170177,-3.029516,-3.026982,60.0,60.0,17.663405,0.0,1.0,0.0,0.0,,17079.0,0.359898,1.0
17111.0,0.262305,0.254592,0.270565,0.270565,13.169678,-2.990024,-2.987797,60.0,60.0,18.12988,0.0,1.0,0.0,0.0,,17089.0,0.358165,1.0
17121.0,0.262516,0.254807,0.270797,0.270797,13.169686,-2.976693,-2.974445,60.0,60.0,18.286878,0.0,1.0,0.0,0.0,,17099.0,0.370949,1.0
17131.0,0.262728,0.255022,0.271027,0.271027,13.169549,-2.955929,-2.953638,60.0,60.0,18.531789,0.0,1.0,0.0,0.0,,17109.0,0.365742,1.0
17141.0,0.26294,0.255238,0.271256,0.271256,13.16996,-2.962902,-2.960698,60.0,60.0,18.448571,0.0,1.0,0.0,0.0,,17119.0,0.364369,1.0
17151.0,0.263152,0.255454,0.271488,0.271488,13.171797,-3.042738,-3.040313,60.0,60.0,17.503258,0.0,1.0,0.0,0.0,,17129.0,0.363099,1.0
17161.0,0.263363,0.255669,0.271718,0.271718,13.16986,-2.930232,-2.92793,60.0,60.0,18.83363,0.0,1.0,0.0,0.0,,17139.0,0.360315,1.0
17171.0,0.263574,0.255883,0.271946,0.271946,13.171416,-2.996248,-2.993944,60.0,60.0,18.051918,0.0,1.0,0.0,0.0,,17149.0,0.360085,1.0
17181.0,0.263785,0.256099,0.272178,0.272178,13.171487,-2.986198,-2.983914,60.0,60.0,18.170118,0.0,1.0,0.0,0.0,,17159.0,0.360615,1.0
17191.0,0.263998,0.256316,0.27241,0.27241,13.171606,-2.978136,-2.975815,60.0,60.0,18.264765,0.0,1.0,0.0,0.0,,17169.0,0.366069,1.0
17201.0,0.264211,0.256532,0.272642,0.272642,13.172988,-3.034619,-3.032236,60.0,60.0,17.595664,0.0,1.0,0.0,0.0,,17179.0,0.36227,1.0
17211.0,0.264422,0.256747,0.272874,0.272874,13.171664,-2.953636,-2.951499,60.0,60.0,18.553208,0.0,1.0,0.0,0.0,,17189.0,0.370833,1.0
17221.0,0.264634,0.256963,0.273102,0.273102,13.173457,-3.031385,-3.029038,60.0,60.0,17.632495,0.0,1.0,0.0,0.0,,17199.0,0.357419,1.0
17231.0,0.264845,0.257179,0.273331,0.273331,13.171942,-2.940572,-2.938375,60.0,60.0,18.706363,0.0,1.0,0.0,0.0,,17209.0,0.365301,1.0
17241.0,0.265057,0.257395,0.273558,0.273558,13.172738,-2.967552,-2.965225,60.0,60.0,18.386434,0.0,1.0,0.0,0.0,,17219.0,0.369233,1.0
17251.0,0.26527,0.257611,0.273785,0.273785,13.174772,-3.057742,-3.055306,60.0,60.0,17.318374,0.0,1.0,0.0,0.0,,17229.0,0.363747,1.0
17261.0,0.265481,0.257826,0.274013,0.274013,13.173865,-2.998169,-2.99602,60.0,60.0,18.022728,0.0,1.0,0.0,0.0,,17239.0,0.36419,1.0
17271.0,0.265693,0.258043,0.274238,0.274238,13.174304,-3.006776,-3.004306,60.0,60.0,17.92014,0.0,1.0,0.0,0.0,,17249.0,0.343618,1.0
17281.0,0.265905,0.258258,0.274467,0.274467,13.174978,-3.027703,-3.025424,60.0,60.0,17.671754,0.0,1.0,0.0,0.0,,17259.0,0.359401,1.0
17291.0,0.266117,0.258474,0.274693,0.274693,13.17485,-3.007606,-3.00522,60.0,60.0,17.908898,0.0,1.0,0.0,0.0,,17269.0,0.371179,1.0
17301.0,0.266329,0.25869,0.274923,0.274923,13.174861,-2.99479,-2.992407,60.0,60.0,18.059871,0.0,1.0,0.0,0.0,,17279.0,0.354789,1.0
17311.0,0.26654,0.258905,0.275151,0.275151,13.175045,-2.991002,-2.988815,60.0,60.0,18.104013,0.0,1.0,0.0,0.0,,17289.0,0.372409,1.0
17321.0,0.266752,0.259121,0.275378,0.275378,13.175483,-3.000132,-2.997744,60.0,60.0,17.995255,0.0,1.0,0.0,0.0,,17299.0,0.353151,1.0
17331.0,0.266964,0.259337,0.275607,0.275607,13.176399,-3.033306,-3.030969,60.0,60.0,17.601883,0.0,1.0,0.0,0.0,,17309.0,0.368602,1.0
17341.0,0.267176,0.259553,0.275834,0.275834,13.176199,-3.009719,-3.007358,60.0,60.0,17.880365,0.0,1.0,0.0,0.0,,17319.0,0.367703,1.0
17351.0,0.267387,0.259768,0.276059,0.276059,13.176,-2.98657,-2.984142,60.0,60.0,18.153682,0.0,1.0,0.0,0.0,,17329.0,0.356658,1.0
17361.0,0.267599,0.259984,0.276285,0.276285,13.17668,-3.007764,-3.005386,60.0,60.0,17.90211,0.0,1.0,0.0,0.0,,17339.0,0.374158,1.0
17371.0,0.26781,0.260199,0.276511,0.276511,13.176684,-2.994943,-2.992469,60.0,60.0,18.05318,0.0,1.0,0.0,0.0,,17349.0,0.36486,1.0
17381.0,0.268023,0.260415,0.276739,0.276739,13.177346,-3.015266,-3.012986,60.0,60.0,17.811908,0.0,1.0,0.0,0.0,,17359.0,0.360688,1.0
17391.0,0.268236,0.260632,0.276964,0.276964,13.178507,-3.060854,-3.058712,60.0,60.0,17.271486,0.0,1.0,0.0,0.0,,17369.0,0.359847,1.0
17401.0,0.268448,0.260849,0.277192,0.277192,13.177181,-2.979592,-2.977373,60.0,60.0,18.232751,0.0,1.0,0.0,0.0,,17379.0,0.35867,1.0
17411.0,0.268658,0.261063,0.277414,0.277414,13.177617,-2.989368,-2.987091,60.0,60.0,18.116379,0.0,1.0,0.0,0.0,,17389.0,0.35749,1.0
17421.0,0.26887,0.261278,0.277635,0.277635,13.178872,-3.040351,-3.03805,60.0,60.0,17.512144,0.0,1.0,0.0,0.0,,17399.0,0.359254,1.0
17431.0,0.269082,0.261495,0.277858,0.277858,13.178523,-3.009038,-3.006735,60.0,60.0,17.88214,0.0,1.0,0.0,0.0,,17409.0,0.364376,1.0
17441.0,0.269293,0.26171,0.278077,0.278077,13.179267,-3.034149,-3.031841,60.0,60.0,17.584167,0.0,1.0,0.0,0.0,,17419.0,0.35825,1.0
17451.0,0.269504,0.261924,0.278299,0.278299,13.178488,-2.981627,-2.979221,60.0,60.0,18.205289,0.0,1.0,0.0,0.0,,17429.0,0.362129,1.0
17461.0,0.269716,0.26214,0.278521,0.278521,13.179734,-3.032153,-3.029827,60.0,60.0,17.606427,0.0,1.0,0.0,0.0,,17438.0,0.373051,1.0
17471.0,0.269927,0.262355,0.278743,0.278743,13.179667,-3.01565,-3.013443,60.0,60.0,17.801119,0.0,1.0,0.0,0.0,,17448.0,0.366282,1.0
17481.0,0.270138,0.26257,0.278965,0.278965,13.179759,-3.007695,-3.005303,60.0,60.0,17.894638,0.0,1.0,0.0,0.0,,17458.0,0.365936,1.0
17491.0,0.27035,0.262786,0.279187,0.279187,13.179616,-2.986872,-2.984433,60.0,60.0,18.140462,0.0,1.0,0.0,0.0,,17468.0,0.355861,1.0
17501.0,0.270562,0.263002,0.279408,0.279408,13.180249,-3.005934,-3.003641,60.0,60.0,17.914082,0.0,1.0,0.0,0.0,,17478.0,0.370749,1.0
17511.0,0.270774,0.263218,0.27963,0.27963,13.179524,-2.955636,-2.953326,60.0,60.0,18.508871,0.0,1.0,0.0,0.0,,17488.0,0.356797,1.0
17521.0,0.270985,0.263433,0.27985,0.27985,13.17934,-2.933741,-2.931585,60.0,60.0,18.767418,0.0,1.0,0.0,0.0,,17498.0,0.367911,1.0
17531.0,0.271198,0.26365,0.280073,0.280073,13.181682,-3.03952,-3.037136,60.0,60.0,17.514297,0.0,1.0,0.0,0.0,,17508.0,0.353126,1.0
17541.0,0.271409,0.263865,0.280294,0.280294,13.18166,-3.025556,-3.023327,60.0,60.0,17.678974,0.0,1.0,0.0,0.0,,17518.0,0.358379,1.0
17551.0,0.271621,0.264081,0.280515,0.280515,13.181357,-2.996962,-2.994588,60.0,60.0,18.01686,0.0,1.0,0.0,0.0,,17528.0,0.365768,1.0
17561.0,0.271832,0.264296,0.280737,0.280737,13.180746,-2.952855,-2.950481,60.0,60.0,18.538428,0.0,1.0,0.0,0.0,,17538.0,0.365254,1.0
17571.0,0.272043,0.264511,0.280958,0.280958,13.182144,-3.01141,-3.009123,60.0,60.0,17.844431,0.0,1.0,0.0,0.0,,17548.0,0.360429,1.0
17581.0,0.272256,0.264727,0.281182,0.281182,13.181446,-2.962426,-2.960034,60.0,60.0,18.423749,0.0,1.0,0.0,0.0,,17558.0,0.350009,1.0
17591.0,0.272467,0.264943,0.281402,0.281402,13.183449,-3.051535,-3.049201,60.0,60.0,17.367836,0.0,1.0,0.0,0.0,,17568.0,0.358263,1.0
17601.0,0.27268,0.26516,0.281624,0.281624,13.182104,-2.969395,-2.967094,60.0,60.0,18.339846,0.0,1.0,0.0,0.0,,17578.0,0.35204,1.0
17611.0,0.272891,0.265374,0.281842,0.281842,13.182878,-2.99614,-2.993715,60.0,60.0,18.022476,0.0,1.0,0.0,0.0,,17588.0,0.363827,1.0
17621.0,0.273102,0.265589,0.282062,0.282062,13.183099,-2.9949,-2.992615,60.0,60.0,18.036511,0.0,1.0,0.0,0.0,,17598.0,0.36698,1.0
17631.0,0.273314,0.265805,0.282282,0.282282,13.18356,-3.005247,-3.002935,60.0,60.0,17.913273,0.0,1.0,0.0,0.0,,17608.0,0.359404,1.0
17641.0,0.273525,0.26602,0.282503,0.282503,13.183662,-2.997515,-2.995252,60.0,60.0,18.004167,0.0,1.0,0.0,0.0,,17618.0,0.358392,1.0
17651.0,0.273738,0.266237,0.282722,0.282722,13.184343,-3.018785,-3.016661,60.0,60.0,17.751543,0.0,1.0,0.0,0.0,,17628.0,0.360077,1.0
17661.0,0.273949,0.266452,0.282942,0.282942,13.18374,-2.974999,-2.972701,60.0,60.0,18.269429,0.0,1.0,0.0,0.0,,17638.0,0.357566,1.0
17671.0,0.274159,0.266667,0.283163,0.283163,13.183815,-2.966448,-2.964083,60.0,60.0,18.370055,0.0,1.0,0.0,0.0,,17648.0,0.358062,1.0
17681.0,0.27437,0.266881,0.283381,0.283381,13.184495,-2.988517,-2.986157,60.0,60.0,18.10803,0.0,1.0,0.0,0.0,,17658.0,0.366921,1.0
17691.0,0.274582,0.267097,0.283599,0.283599,13.184828,-2.992505,-2.990206,60.0,60.0,18.060117,0.0,1.0,0.0,0.0,,17668.0,0.364757,1.0
17701.0,0.274794,0.267313,0.28382,0.28382,13.185273,-3.00198,-2.999717,60.0,60.0,17.947204,0.0,1.0,0.0,0.0,,17678.0,0.358504,1.0
17711.0,0.275005,0.267528,0.284037,0.284037,13.18606,-3.029265,-3.027086,60.0,60.0,17.623324,0.0,1.0,0.0,0.0,,17688.0,0.355695,1.0
17721.0,0.275217,0.267744,0.284255,0.284255,13.186223,-3.02426,-3.021915,60.0,60.0,17.681903,0.0,1.0,0.0,0.0,,17698.0,0.352145,1.0
17731.0,0.275429,0.26796,0.284474,0.284474,13.185978,-2.998733,-2.996332,60.0,60.0,17.983595,0.0,1.0,0.0,0.0,,17708.0,0.36131,1.0
17741.0,0.27564,0.268174,0.28469,0.28469,13.186271,-3.001088,-2.998886,60.0,60.0,17.955032,0.0,1.0,0.0,0.0,,17718.0,0.358734,1.0
17751.0,0.275852,0.26839,0.28491,0.28491,13.185455,-2.946239,-2.943961,60.0,60.0,18.604,0.0,1.0,0.0,0.0,,17728.0,0.362462,1.0
17761.0,0.276063,0.268605,0.285129,0.285129,13.187396,-3.032589,-3.030325,60.0,60.0,17.580498,0.0,1.0,0.0,0.0,,17738.0,0.358403,1.0
17771.0,0.276275,0.268821,0.285351,0.285351,13.187198,-3.009207,-3.006922,60.0,60.0,17.856799,0.0,1.0,0.0,0.0,,17748.0,0.357353,1.0
17781.0,0.276486,0.269036,0.285569,0.285569,13.187432,-3.008585,-3.00632,60.0,60.0,17.863498,0.0,1.0,0.0,0.0,,17758.0,0.366219,1.0
17791.0,0.276696,0.269251,0.285784,0.285784,13.186545,-2.950568,-2.948342,60.0,60.0,18.550083,0.0,1.0,0.0,0.0,,17768.0,0.359639,1.0
17801.0,0.276908,0.269466,0.286003,0.286003,13.187372,-2.979795,-2.977497,60.0,60.0,18.20321,0.0,1.0,0.0,0.0,,17778.0,0.36786,1.0
17811.0,0.277119,0.269681,0.286222,0.286222,13.187945,-2.996185,-2.99384,60.0,60.0,18.008365,0.0,1.0,0.0,0.0,,17788.0,0.367476,1.0
17821.0,0.277331,0.269898,0.286438,0.286438,13.18819,-2.995433,-2.993072,60.0,60.0,18.016589,0.0,1.0,0.0,0.0,,17798.0,0.357843,1.0
17831.0,0.277542,0.270113,0.286655,0.286655,13.188523,-2.999598,-2.997432,60.0,60.0,17.966561,0.0,1.0,0.0,0.0,,17808.0,0.356175,1.0
17841.0,0.277754,0.270328,0.286872,0.286872,13.18963,-3.043047,-3.04077,60.0,60.0,17.451085,0.0,1.0,0.0,0.0,,17818.0,0.358048,1.0
17851.0,0.277966,0.270544,0.287088,0.287088,13.189546,-3.025834,-3.023369,60.0,60.0,17.654351,0.0,1.0,0.0,0.0,,17828.0,0.359072,1.0
17861.0,0.278176,0.270758,0.287304,0.287304,13.188147,-2.941751,-2.93933,60.0,60.0,18.649847,0.0,1.0,0.0,0.0,,17838.0,0.35944,1.0
17871.0,0.278388,0.270974,0.287522,0.287522,13.189273,-2.986069,-2.983769,60.0,60.0,18.124132,0.0,1.0,0.0,0.0,,17848.0,0.367187,1.0
17881.0,0.2786,0.27119,0.287741,0.287741,13.189524,-2.985769,-2.983582,60.0,60.0,18.127001,0.0,1.0,0.0,0.0,,17858.0,0.354694,1.0
17891.0,0.278813,0.271407,0.28796,0.28796,13.19059,-3.026661,-3.024407,60.0,60.0,17.641773,0.0,1.0,0.0,0.0,,17868.0,0.366759,1.0
17901.0,0.279024,0.271622,0.288176,0.288176,13.190542,-3.011465,-3.00902,60.0,60.0,17.821168,0.0,1.0,0.0,0.0,,17878.0,0.359285,1.0
17911.0,0.279235,0.271837,0.288393,0.288393,13.191002,-3.022183,-3.019901,60.0,60.0,17.693483,0.0,1.0,0.0,0.0,,17888.0,0.358343,1.0
17921.0,0.279446,0.272051,0.288609,0.288609,13.190459,-2.981827,-2.979699,60.0,60.0,18.171005,0.0,1.0,0.0,0.0,,17898.0,0.36021,1.0
17931.0,0.279656,0.272266,0.288822,0.288822,13.190105,-2.951079,-2.948882,60.0,60.0,18.534656,0.0,1.0,0.0,0.0,,17908.0,0.367312,1.0
17941.0,0.279867,0.272481,0.289036,0.289036,13.191235,-2.996065,-2.99384,60.0,60.0,18.000972,0.0,1.0,0.0,0.0,,17918.0,0.352893,1.0
17951.0,0.280079,0.272696,0.289253,0.289253,13.190193,-2.929851,-2.927494,60.0,60.0,18.784843,0.0,1.0,0.0,0.0,,17928.0,0.352734,1.0
17961.0,0.280291,0.272912,0.289471,0.289471,13.192311,-3.02465,-3.02231,60.0,60.0,17.660842,0.0,1.0,0.0,0.0,,17938.0,0.364819,1.0
17971.0,0.280502,0.273127,0.289686,0.289686,13.191693,-2.980476,-2.978224,60.0,60.0,18.183658,0.0,1.0,0.0,0.0,,17948.0,0.353193,1.0
17981.0,0.280713,0.273343,0.289901,0.289901,13.193344,-3.051652,-3.049305,60.0,60.0,17.339449,0.0,1.0,0.0,0.0,,17958.0,0.36123,1.0
17991.0,0.280925,0.273558,0.290114,0.290114,13.193027,-3.022441,-3.020129,60.0,60.0,17.684962,0.0,1.0,0.0,0.0,,17968.0,0.354604,1.0
18001.0,0.281136,0.273773,0.290326,0.290326,13.192531,-2.984298,-2.982004,60.0,60.0,18.136326,0.0,1.0,0.0,0.0,,17978.0,0.360258,1.0
18011.0,0.281347,0.273988,0.29054,0.29054,13.192591,-2.974635,-2.972431,60.0,60.0,18.250174,0.0,1.0,0.0,0.0,,17988.0,0.360998,1.0
18021.0,0.281558,0.274203,0.290755,0.290755,13.192895,-2.977551,-2.975255,60.0,60.0,18.214969,0.0,1.0,0.0,0.0,,17998.0,0.358964,1.0
18031.0,0.281769,0.274418,0.290971,0.290971,13.192672,-2.95327,-2.951,60.0,60.0,18.502036,0.0,1.0,0.0,0.0,,18008.0,0.373273,1.0
18041.0,0.281981,0.274634,0.291186,0.291186,13.19457,-3.036929,-3.03452,60.0,60.0,17.509837,0.0,1.0,0.0,0.0,,18018.0,0.35908,1.0
18051.0,0.282193,0.274849,0.291399,0.291399,13.193978,-2.993646,-2.991452,60.0,60.0,18.022168,0.0,1.0,0.0,0.0,,18028.0,0.366943,1.0
18061.0,0.282404,0.275065,0.291613,0.291613,13.19429,-2.996676,-2.994401,60.0,60.0,17.985572,0.0,1.0,0.0,0.0,,18038.0,0.367554,1.0
18071.0,0.282616,0.275281,0.291829,0.291829,13.194408,-2.989367,-2.986987,60.0,60.0,18.071506,0.0,1.0,0.0,0.0,,18048.0,0.358963,1.0
18081.0,0.282829,0.275497,0.292046,0.292046,13.19506,-3.009203,-3.006715,60.0,60.0,17.835684,0.0,1.0,0.0,0.0,,18058.0,0.363503,1.0
18091.0,0.283039,0.275712,0.292262,0.292262,13.195472,-3.01766,-3.015395,60.0,60.0,17.734783,0.0,1.0,0.0,0.0,,18068.0,0.362407,1.0
18101.0,0.28325,0.275927,0.292477,0.292477,13.194518,-2.95622,-2.953949,60.0,60.0,18.462344,0.0,1.0,0.0,0.0,,18078.0,0.3635,1.0
18111.0,0.283461,0.276141,0.292692,0.292692,13.195453,-2.991363,-2.988856,60.0,60.0,18.045162,0.0,1.0,0.0,0.0,,18088.0,0.37047,1.0
18121.0,0.283673,0.276358,0.292907,0.292907,13.196611,-3.03713,-3.034894,60.0,60.0,17.501921,0.0,1.0,0.0,0.0,,18098.0,0.370549,1.0
18131.0,0.283884,0.276572,0.293122,0.293122,13.19557,-2.971254,-2.968817,60.0,60.0,18.282149,0.0,1.0,0.0,0.0,,18108.0,0.358419,1.0
18141.0,0.284096,0.276788,0.293337,0.293337,13.195945,-2.977316,-2.97513,60.0,60.0,18.209618,0.0,1.0,0.0,0.0,,18118.0,0.37014,1.0
18151.0,0.284307,0.277004,0.29355,0.29355,13.195867,-2.96027,-2.957978,60.0,60.0,18.410987,0.0,1.0,0.0,0.0,,18128.0,0.364973,1.0
18161.0,0.284517,0.277217,0.293762,0.293762,13.196976,-3.004641,-3.002354,60.0,60.0,17.88437,0.0,1.0,0.0,0.0,,18138.0,0.366637,1.0
18171.0,0.284727,0.277431,0.293973,0.293973,13.196507,-2.968372,-2.966035,60.0,60.0,18.31367,0.0,1.0,0.0,0.0,,18148.0,0.364026,1.0
18181.0,0.284939,0.277647,0.294191,0.294191,13.198087,-3.035579,-3.033274,60.0,60.0,17.516219,0.0,1.0,0.0,0.0,,18158.0,0.369047,1.0
18191.0,0.285152,0.277864,0.294409,0.294409,13.197863,-3.010815,-3.008542,60.0,60.0,17.809122,0.0,1.0,0.0,0.0,,18168.0,0.362124,1.0
18201.0,0.285363,0.278079,0.294622,0.294622,13.198288,-3.019407,-3.016952,60.0,60.0,17.706559,0.0,1.0,0.0,0.0,,18178.0,0.371121,1.0
18211.0,0.285573,0.278293,0.294833,0.294833,13.197616,-2.972724,-2.970354,60.0,60.0,18.259359,0.0,1.0,0.0,0.0,,18188.0,0.373445,1.0
18221.0,0.285784,0.278508,0.295044,0.295044,13.198226,-2.99104,-2.988752,60.0,60.0,18.041546,0.0,1.0,0.0,0.0,,18198.0,0.374339,1.0
18231.0,0.285996,0.278724,0.295259,0.295259,13.199426,-3.038994,-3.036659,60.0,60.0,17.472271,0.0,1.0,0.0,0.0,,18208.0,0.361498,1.0
18241.0,0.286206,0.278938,0.295472,0.295472,13.199362,-3.023363,-3.021126,60.0,60.0,17.656958,0.0,1.0,0.0,0.0,,18218.0,0.354976,1.0
18251.0,0.286418,0.279153,0.295688,0.295688,13.198596,-2.971269,-2.9689,60.0,60.0,18.273932,0.0,1.0,0.0,0.0,,18228.0,0.357764,1.0
18261.0,0.286629,0.279369,0.295903,0.295903,13.199395,-2.998944,-2.996726,60.0,60.0,17.945122,0.0,1.0,0.0,0.0,,18238.0,0.368761,1.0
18271.0,0.286841,0.279584,0.296118,0.296118,13.199146,-2.973373,-2.970977,60.0,60.0,18.247641,0.0,1.0,0.0,0.0,,18248.0,0.36863,1.0
18281.0,0.287053,0.2798,0.296334,0.296334,13.199468,-2.97653,-2.974341,60.0,60.0,18.209516,0.0,1.0,0.0,0.0,,18258.0,0.36616,1.0
18291.0,0.287263,0.280014,0.296548,0.296548,13.19947,-2.964147,-2.96184,60.0,60.0,18.355682,0.0,1.0,0.0,0.0,,18268.0,0.360201,1.0
18301.0,0.287474,0.28023,0.29676,0.29676,13.200393,-2.998244,-2.995958,60.0,60.0,17.950715,0.0,1.0,0.0,0.0,,18278.0,0.37001,1.0
18311.0,0.287685,0.280445,0.296972,0.296972,13.199848,-2.957629,-2.955424,60.0,60.0,18.431618,0.0,1.0,0.0,0.0,,18288.0,0.355601,1.0
18321.0,0.287898,0.280661,0.29719,0.29719,13.201431,-3.024893,-3.022517,60.0,60.0,17.6333,0.0,1.0,0.0,0.0,,18298.0,0.36633,1.0
18331.0,0.288109,0.280876,0.297403,0.297403,13.200856,-2.982719,-2.980425,60.0,60.0,18.132747,0.0,1.0,0.0,0.0,,18308.0,0.366889,1.0
18341.0,0.288321,0.281092,0.297616,0.297616,13.201784,-3.017068,-3.014606,60.0,60.0,17.724729,0.0,1.0,0.0,0.0,,18318.0,0.367793,1.0
18351.0,0.288532,0.281307,0.297831,0.297831,13.202311,-3.031088,-3.028809,60.0,60.0,17.557777,0.0,1.0,0.0,0.0,,18328.0,0.359002,1.0
18361.0,0.288743,0.281522,0.298044,0.298044,13.202437,-3.024519,-3.022185,60.0,60.0,17.634991,0.0,1.0,0.0,0.0,,18338.0,0.360581,1.0
18371.0,0.288954,0.281737,0.298257,0.298257,13.203277,-3.054591,-3.052378,60.0,60.0,17.277632,0.0,1.0,0.0,0.0,,18348.0,0.358082,1.0
18381.0,0.289165,0.281952,0.298472,0.298472,13.203227,-3.03922,-3.036991,60.0,60.0,17.459272,0.0,1.0,0.0,0.0,,18358.0,0.358421,1.0
18391.0,0.289376,0.282166,0.298686,0.298686,13.20257,-2.993084,-2.990808,60.0,60.0,18.005797,0.0,1.0,0.0,0.0,,18368.0,0.367082,1.0
18401.0,0.289587,0.282382,0.2989,0.2989,13.202463,-2.974456,-2.972181,60.0,60.0,18.226024,0.0,1.0,0.0,0.0,,18378.0,0.359274,1.0
18411.0,0.289798,0.282597,0.299111,0.299111,13.203249,-3.001918,-2.999551,60.0,60.0,17.899664,0.0,1.0,0.0,0.0,,18388.0,0.371332,1.0
18421.0,0.290009,0.282812,0.299326,0.299326,13.203897,-3.022037,-3.019652,60.0,60.0,17.660351,0.0,1.0,0.0,0.0,,18398.0,0.373221,1.0
18431.0,0.29022,0.283027,0.299538,0.299538,13.202355,-2.93054,-2.928262,60.0,60.0,18.744829,0.0,1.0,0.0,0.0,,18408.0,0.350934,1.0
18441.0,0.290432,0.283242,0.299753,0.299753,13.203764,-2.989418,-2.987029,60.0,60.0,18.045888,0.0,1.0,0.0,0.0,,18418.0,0.36518,1.0
18451.0,0.290642,0.283456,0.299966,0.299966,13.20444,-3.011557,-3.009227,60.0,60.0,17.782644,0.0,1.0,0.0,0.0,,18428.0,0.356358,1.0
18461.0,0.290853,0.283671,0.30018,0.30018,13.204291,-2.990936,-2.988607,60.0,60.0,18.026559,0.0,1.0,0.0,0.0,,18438.0,0.359829,1.0
18471.0,0.291064,0.283886,0.300397,0.300397,13.203587,-2.942208,-2.939849,60.0,60.0,18.603828,0.0,1.0,0.0,0.0,,18448.0,0.361992,1.0
18481.0,0.291275,0.284101,0.300615,0.300615,13.205079,-3.005416,-3.00306,60.0,60.0,17.853446,0.0,1.0,0.0,0.0,,18458.0,0.36442,1.0
18491.0,0.291486,0.284317,0.300836,0.300836,13.204414,-2.958425,-2.956171,60.0,60.0,18.410146,0.0,1.0,0.0,0.0,,18468.0,0.3636,1.0
18501.0,0.291699,0.284534,0.301059,0.301059,13.205932,-3.022283,-3.01988,60.0,60.0,17.651945,0.0,1.0,0.0,0.0,,18478.0,0.360121,1.0
18511.0,0.29191,0.284748,0.30128,0.30128,13.206017,-3.014054,-3.011719,60.0,60.0,17.748905,0.0,1.0,0.0,0.0,,18488.0,0.356639,1.0
18521.0,0.292122,0.284964,0.301505,0.301505,13.205594,-2.979183,-2.976791,60.0,60.0,18.161878,0.0,1.0,0.0,0.0,,18498.0,0.366792,1.0
18531.0,0.292332,0.285178,0.301729,0.301729,13.20602,-2.988228,-2.985866,60.0,60.0,18.053908,0.0,1.0,0.0,0.0,,18508.0,0.364176,1.0
18541.0,0.292543,0.285393,0.301957,0.301957,13.206401,-2.994868,-2.992511,60.0,60.0,17.974471,0.0,1.0,0.0,0.0,,18518.0,0.369092,1.0
18551.0,0.292754,0.285608,0.302186,0.302186,13.206875,-3.006497,-3.00414,60.0,60.0,17.835857,0.0,1.0,0.0,0.0,,18528.0,0.360602,1.0
18561.0,0.292965,0.285823,0.302422,0.302422,13.20605,-2.951248,-2.94909,60.0,60.0,18.490576,0.0,1.0,0.0,0.0,,18538.0,0.351992,1.0
18571.0,0.293177,0.286039,0.302656,0.302656,13.206911,-2.981958,-2.979699,60.0,60.0,18.125584,0.0,1.0,0.0,0.0,,18548.0,0.369583,1.0
18581.0,0.293388,0.286254,0.302894,0.302894,13.206961,-2.971798,-2.969669,60.0,60.0,18.245451,0.0,1.0,0.0,0.0,,18558.0,0.368827,1.0
18591.0,0.293599,0.286468,0.303131,0.303131,13.208048,-3.014441,-3.01228,60.0,60.0,17.738868,0.0,1.0,0.0,0.0,,18568.0,0.373223,1.0
18601.0,0.293809,0.286683,0.303371,0.303371,13.207789,-2.988578,-2.986427,60.0,60.0,18.045056,0.0,1.0,0.0,0.0,,18578.0,0.372665,1.0
18611.0,0.294022,0.286899,0.303613,0.303613,13.20789,-2.98022,-2.977933,60.0,60.0,18.143504,0.0,1.0,0.0,0.0,,18588.0,0.355255,1.0
18621.0,0.294233,0.287114,0.303853,0.303853,13.208104,-2.978502,-2.976189,60.0,60.0,18.163234,0.0,1.0,0.0,0.0,,18598.0,0.360329,1.0
18631.0,0.294444,0.287329,0.304095,0.304095,13.208325,-2.976701,-2.974403,60.0,60.0,18.183918,0.0,1.0,0.0,0.0,,18608.0,0.362409,1.0
18641.0,0.294654,0.287543,0.304338,0.304338,13.208475,-2.971976,-2.96971,60.0,60.0,18.239333,0.0,1.0,0.0,0.0,,18618.0,0.362733,1.0
18651.0,0.294866,0.28776,0.304586,0.304586,13.209484,-3.010005,-3.007774,60.0,60.0,17.787398,0.0,1.0,0.0,0.0,,18628.0,0.357973,1.0
18661.0,0.295078,0.287975,0.304834,0.304834,13.209065,-2.975592,-2.97322,60.0,60.0,18.195052,0.0,1.0,0.0,0.0,,18638.0,0.362064,1.0
18671.0,0.295289,0.28819,0.305082,0.305082,13.20914,-2.966525,-2.964207,60.0,60.0,18.301955,0.0,1.0,0.0,0.0,,18648.0,0.365215,1.0
18681.0,0.2955,0.288405,0.305328,0.305328,13.208867,-2.939519,-2.937171,60.0,60.0,18.6217,0.0,1.0,0.0,0.0,,18657.0,0.364244,1.0
18691.0,0.295713,0.288622,0.305582,0.305582,13.210525,-3.010771,-3.008314,60.0,60.0,17.775543,0.0,1.0,0.0,0.0,,18667.0,0.373251,1.0
18701.0,0.295924,0.288837,0.305833,0.305833,13.210356,-2.989331,-2.98707,60.0,60.0,18.029299,0.0,1.0,0.0,0.0,,18677.0,0.360035,1.0
18711.0,0.296135,0.289051,0.306085,0.306085,13.211643,-3.042303,-3.040085,60.0,60.0,17.399975,0.0,1.0,0.0,0.0,,18687.0,0.367521,1.0
18721.0,0.296345,0.289266,0.306339,0.306339,13.211176,-3.005877,-3.003662,60.0,60.0,17.831612,0.0,1.0,0.0,0.0,,18697.0,0.356985,1.0
18731.0,0.296556,0.289481,0.306595,0.306595,13.211397,-3.004229,-3.001959,60.0,60.0,17.850489,0.0,1.0,0.0,0.0,,18707.0,0.364812,1.0
18741.0,0.296768,0.289697,0.306853,0.306853,13.21204,-3.023785,-3.021396,60.0,60.0,17.617689,0.0,1.0,0.0,0.0,,18717.0,0.35235,1.0
18751.0,0.296979,0.289912,0.30711,0.30711,13.211849,-3.001026,-2.998782,60.0,60.0,17.887119,0.0,1.0,0.0,0.0,,18727.0,0.358366,1.0
18761.0,0.297191,0.290127,0.307369,0.307369,13.211471,-2.968865,-2.966595,60.0,60.0,18.268121,0.0,1.0,0.0,0.0,,18737.0,0.36317,1.0
18771.0,0.297401,0.290342,0.307627,0.307627,13.21178,-2.971991,-2.96969,60.0,60.0,18.230364,0.0,1.0,0.0,0.0,,18747.0,0.365833,1.0
18781.0,0.297612,0.290557,0.307887,0.307887,13.212374,-2.989439,-2.986967,60.0,60.0,18.02263,0.0,1.0,0.0,0.0,,18757.0,0.368944,1.0
18791.0,0.297822,0.29077,0.308145,0.308145,13.21164,-2.939699,-2.937482,60.0,60.0,18.612282,0.0,1.0,0.0,0.0,,18767.0,0.36002,1.0
18801.0,0.298033,0.290985,0.308405,0.308405,13.213719,-3.033041,-3.030782,60.0,60.0,17.503776,0.0,1.0,0.0,0.0,,18777.0,0.361885,1.0
18811.0,0.298243,0.291199,0.308666,0.308666,13.21417,-3.043299,-3.040999,60.0,60.0,17.381321,0.0,1.0,0.0,0.0,,18787.0,0.360262,1.0
18821.0,0.298454,0.291414,0.308929,0.308929,13.213137,-2.977684,-2.975296,60.0,60.0,18.159485,0.0,1.0,0.0,0.0,,18797.0,0.369945,1.0
18831.0,0.298665,0.291629,0.30919,0.30919,13.214956,-3.057864,-3.055555,60.0,60.0,17.207054,0.0,1.0,0.0,0.0,,18807.0,0.354927,1.0
18841.0,0.298876,0.291844,0.309456,0.309456,13.213266,-2.958496,-2.95613,60.0,60.0,18.385888,0.0,1.0,0.0,0.0,,18817.0,0.364229,1.0
18851.0,0.299087,0.292059,0.309719,0.309719,13.214502,-3.008594,-3.006133,60.0,60.0,17.790563,0.0,1.0,0.0,0.0,,18827.0,0.362221,1.0
18861.0,0.2993,0.292276,0.309985,0.309985,13.215053,-3.023202,-3.020981,60.0,60.0,17.616437,0.0,1.0,0.0,0.0,,18837.0,0.360106,1.0
18871.0,0.299511,0.292491,0.310252,0.310252,13.214937,-3.004172,-3.001876,60.0,60.0,17.841653,0.0,1.0,0.0,0.0,,18847.0,0.353755,1.0
18881.0,0.299723,0.292707,0.310521,0.310521,13.214206,-2.953727,-2.951416,60.0,60.0,18.439761,0.0,1.0,0.0,0.0,,18857.0,0.356127,1.0
18891.0,0.299935,0.292923,0.31079,0.31079,13.216145,-3.039326,-3.037074,60.0,60.0,17.422902,0.0,1.0,0.0,0.0,,18867.0,0.36494,1.0
18901.0,0.300145,0.293137,0.311059,0.311059,13.215292,-2.988396,-2.986032,60.0,60.0,18.027153,0.0,1.0,0.0,0.0,,18877.0,0.354905,1.0
18911.0,0.300356,0.293352,0.311328,0.311328,13.216507,-3.046208,-3.043864,60.0,60.0,17.340582,0.0,1.0,0.0,0.0,,18887.0,0.359314,1.0
18921.0,0.300567,0.293567,0.3116,0.3116,13.214858,-2.95778,-2.955361,60.0,60.0,18.390137,0.0,1.0,0.0,0.0,,18897.0,0.354002,1.0
18931.0,0.300778,0.293781,0.311869,0.311869,13.21547,-2.984872,-2.982647,60.0,60.0,18.068323,0.0,1.0,0.0,0.0,,18907.0,0.361388,1.0
18941.0,0.300989,0.293996,0.312139,0.312139,13.214973,-2.955242,-2.953056,60.0,60.0,18.419826,0.0,1.0,0.0,0.0,,18917.0,0.368911,1.0
18951.0,0.3012,0.294211,0.312406,0.312406,13.214953,-2.950141,-2.947823,60.0,60.0,18.480169,0.0,1.0,0.0,0.0,,18927.0,0.369982,1.0
18961.0,0.30141,0.294425,0.312677,0.312677,13.215669,-2.982793,-2.980425,60.0,60.0,18.092367,0.0,1.0,0.0,0.0,,18937.0,0.366041,1.0
18971.0,0.30162,0.294639,0.312946,0.312946,13.215415,-2.965875,-2.963522,60.0,60.0,18.292988,0.0,1.0,0.0,0.0,,18947.0,0.363464,1.0
18981.0,0.30183,0.294853,0.313217,0.313217,13.215927,-2.987803,-2.985471,60.0,60.0,18.032465,0.0,1.0,0.0,0.0,,18957.0,0.36139,1.0
18991.0,0.30204,0.295067,0.313487,0.313487,13.215647,-2.96972,-2.967405,60.0,60.0,18.246932,0.0,1.0,0.0,0.0,,18967.0,0.373553,1.0
19001.0,0.302251,0.295282,0.313758,0.313758,13.215944,-2.980717,-2.978432,60.0,60.0,18.116168,0.0,1.0,0.0,0.0,,18977.0,0.359521,1.0
19011.0,0.302462,0.295497,0.314032,0.314032,13.215919,-2.974886,-2.97268,60.0,60.0,18.185154,0.0,1.0,0.0,0.0,,18987.0,0.358949,1.0
19021.0,0.302674,0.295712,0.314306,0.314306,13.216414,-2.995645,-2.993279,60.0,60.0,17.938471,0.0,1.0,0.0,0.0,,18997.0,0.363005,1.0
19031.0,0.302885,0.295927,0.314577,0.314577,13.216014,-2.970935,-2.968693,60.0,60.0,18.231596,0.0,1.0,0.0,0.0,,19007.0,0.36757,1.0
19041.0,0.303096,0.296142,0.314847,0.314847,13.216184,-2.975266,-2.972971,60.0,60.0,18.17996,0.0,1.0,0.0,0.0,,19017.0,0.355441,1.0
19051.0,0.303306,0.296356,0.315117,0.315117,13.216029,-2.9634,-2.960823,60.0,60.0,18.320619,0.0,1.0,0.0,0.0,,19027.0,0.360086,1.0
19061.0,0.303517,0.296571,0.315391,0.315391,13.217317,-3.024691,-3.02233,60.0,60.0,17.59272,0.0,1.0,0.0,0.0,,19037.0,0.35697,1.0
19071.0,0.303728,0.296787,0.315664,0.315664,13.216615,-2.984466,-2.982004,60.0,60.0,18.070061,0.0,1.0,0.0,0.0,,19047.0,0.364746,1.0
19081.0,0.303939,0.297002,0.315935,0.315935,13.216985,-2.999018,-2.996643,60.0,60.0,17.897075,0.0,1.0,0.0,0.0,,19057.0,0.361443,1.0
19091.0,0.304149,0.297215,0.316204,0.316204,13.216247,-2.957549,-2.95532,60.0,60.0,18.38919,0.0,1.0,0.0,0.0,,19067.0,0.364729,1.0
19101.0,0.304361,0.297431,0.316478,0.316478,13.215978,-2.939193,-2.937108,60.0,60.0,18.606855,0.0,1.0,0.0,0.0,,19077.0,0.372381,1.0
19111.0,0.304572,0.297646,0.316752,0.316752,13.216502,-2.961376,-2.959037,60.0,60.0,18.343281,0.0,1.0,0.0,0.0,,19087.0,0.364176,1.0
19121.0,0.304782,0.29786,0.317024,0.317024,13.216637,-2.964313,-2.961944,60.0,60.0,18.308206,0.0,1.0,0.0,0.0,,19097.0,0.371255,1.0
19131.0,0.304994,0.298076,0.317296,0.317296,13.218546,-3.057034,-3.054683,60.0,60.0,17.207047,0.0,1.0,0.0,0.0,,19107.0,0.352749,1.0
19141.0,0.305205,0.298291,0.317572,0.317572,13.21701,-2.974389,-2.972202,60.0,60.0,18.188123,0.0,1.0,0.0,0.0,,19117.0,0.364881,1.0
19151.0,0.305417,0.298507,0.317847,0.317847,13.217615,-3.000414,-2.998014,60.0,60.0,17.878884,0.0,1.0,0.0,0.0,,19127.0,0.356915,1.0
19161.0,0.305629,0.298723,0.318122,0.318122,13.217748,-3.002811,-3.000423,60.0,60.0,17.850189,0.0,1.0,0.0,0.0,,19137.0,0.359169,1.0
19171.0,0.30584,0.298937,0.318394,0.318394,13.217316,-2.976503,-2.974258,60.0,60.0,18.162317,0.0,1.0,0.0,0.0,,19147.0,0.367487,1.0
19181.0,0.306051,0.299153,0.318668,0.318668,13.217915,-3.002718,-3.000506,60.0,60.0,17.85084,0.0,1.0,0.0,0.0,,19157.0,0.353777,1.0
19191.0,0.306263,0.299369,0.318944,0.318944,13.217317,-2.967525,-2.965142,60.0,60.0,18.268447,0.0,1.0,0.0,0.0,,19167.0,0.359205,1.0
19201.0,0.306474,0.299584,0.319217,0.319217,13.217642,-2.979683,-2.97729,60.0,60.0,18.123864,0.0,1.0,0.0,0.0,,19177.0,0.37028,1.0
19211.0,0.306684,0.299798,0.319491,0.319491,13.217142,-2.950319,-2.947948,60.0,60.0,18.47229,0.0,1.0,0.0,0.0,,19187.0,0.354497,1.0
19221.0,0.306896,0.300013,0.319764,0.319764,13.217788,-2.978696,-2.976418,60.0,60.0,18.135146,0.0,1.0,0.0,0.0,,19197.0,0.358278,1.0
19231.0,0.307107,0.300229,0.320039,0.320039,13.217736,-2.971571,-2.969295,60.0,60.0,18.2195,0.0,1.0,0.0,0.0,,19207.0,0.376174,1.0
19241.0,0.307318,0.300443,0.320311,0.320311,13.217833,-2.972467,-2.970126,60.0,60.0,18.208648,0.0,1.0,0.0,0.0,,19217.0,0.364568,1.0
19251.0,0.307529,0.300658,0.320586,0.320586,13.217704,-2.96174,-2.959411,60.0,60.0,18.335794,0.0,1.0,0.0,0.0,,19227.0,0.363725,1.0
19261.0,0.307741,0.300874,0.320862,0.320862,13.21799,-2.971596,-2.969274,60.0,60.0,18.218531,0.0,1.0,0.0,0.0,,19237.0,0.360048,1.0
19271.0,0.30795,0.301088,0.321134,0.321134,13.217843,-2.960322,-2.957998,60.0,60.0,18.352196,0.0,1.0,0.0,0.0,,19247.0,0.37641,1.0
19281.0,0.308162,0.301303,0.321408,0.321408,13.217438,-2.935065,-2.93254,60.0,60.0,18.65182,0.0,1.0,0.0,0.0,,19257.0,0.352771,1.0
19291.0,0.308374,0.301519,0.321682,0.321682,13.218584,-2.989126,-2.986842,60.0,60.0,18.009719,0.0,1.0,0.0,0.0,,19267.0,0.376533,1.0
19301.0,0.308584,0.301733,0.321956,0.321956,13.218464,-2.978875,-2.976625,60.0,60.0,18.131229,0.0,1.0,0.0,0.0,,19277.0,0.364011,1.0
19311.0,0.308794,0.301947,0.322229,0.322229,13.217795,-2.94077,-2.938417,60.0,60.0,18.583448,0.0,1.0,0.0,0.0,,19287.0,0.355575,1.0
19321.0,0.309005,0.302162,0.322502,0.322502,13.218636,-2.979565,-2.977186,60.0,60.0,18.122607,0.0,1.0,0.0,0.0,,19297.0,0.345876,1.0
19331.0,0.309216,0.302377,0.322778,0.322778,13.218619,-2.974125,-2.971828,60.0,60.0,18.186964,0.0,1.0,0.0,0.0,,19307.0,0.357131,1.0
19341.0,0.309428,0.302592,0.323051,0.323051,13.21854,-2.965805,-2.963543,60.0,60.0,18.285531,0.0,1.0,0.0,0.0,,19317.0,0.361506,1.0
19351.0,0.309639,0.302807,0.323326,0.323326,13.21908,-2.988986,-2.986738,60.0,60.0,18.010045,0.0,1.0,0.0,0.0,,19327.0,0.358999,1.0
19361.0,0.30985,0.303022,0.323599,0.323599,13.218706,-2.965663,-2.963107,60.0,60.0,18.286766,0.0,1.0,0.0,0.0,,19337.0,0.371178,1.0
19371.0,0.310059,0.303236,0.323869,0.323869,13.219495,-3.002039,-2.999696,60.0,60.0,17.854625,0.0,1.0,0.0,0.0,,19347.0,0.356428,1.0
19381.0,0.31027,0.303451,0.324144,0.324144,13.219616,-3.003887,-3.001544,60.0,60.0,17.832455,0.0,1.0,0.0,0.0,,19357.0,0.347159,1.0
19391.0,0.310482,0.303666,0.324419,0.324419,13.219296,-2.983253,-2.981007,60.0,60.0,18.077245,0.0,1.0,0.0,0.0,,19367.0,0.365265,1.0
19401.0,0.310692,0.30388,0.324691,0.324691,13.218727,-2.950006,-2.947636,60.0,60.0,18.471808,0.0,1.0,0.0,0.0,,19377.0,0.356607,1.0
19411.0,0.310902,0.304094,0.324963,0.324963,13.219597,-2.990471,-2.988212,60.0,60.0,17.991111,0.0,1.0,0.0,0.0,,19387.0,0.350848,1.0
19421.0,0.311114,0.30431,0.325239,0.325239,13.219585,-2.985328,-2.98298,60.0,60.0,18.051944,0.0,1.0,0.0,0.0,,19397.0,0.358874,1.0
19431.0,0.311325,0.304525,0.325512,0.325512,13.22069,-3.037303,-3.034873,60.0,60.0,17.434473,0.0,1.0,0.0,0.0,,19407.0,0.365188,1.0
19441.0,0.311536,0.30474,0.325787,0.325787,13.219708,-2.982811,-2.98055,60.0,60.0,18.081374,0.0,1.0,0.0,0.0,,19417.0,0.362139,1.0
19451.0,0.311747,0.304955,0.326061,0.326061,13.220204,-3.003735,-3.001461,60.0,60.0,17.832673,0.0,1.0,0.0,0.0,,19427.0,0.37187,1.0
19461.0,0.311958,0.305169,0.326334,0.326334,13.218559,-2.91577,-2.913352,60.0,60.0,18.876972,0.0,1.0,0.0,0.0,,19437.0,0.366808,1.0
19471.0,0.312168,0.305384,0.326609,0.326609,13.219565,-2.962815,-2.960428,60.0,60.0,18.318161,0.0,1.0,0.0,0.0,,19447.0,0.361139,1.0
19481.0,0.312379,0.305599,0.326883,0.326883,13.220232,-2.992655,-2.990414,60.0,60.0,17.963595,0.0,1.0,0.0,0.0,,19457.0,0.354107,1.0
19491.0,0.312589,0.305813,0.327155,0.327155,13.219929,-2.973107,-2.970832,60.0,60.0,18.195515,0.0,1.0,0.0,0.0,,19467.0,0.362073,1.0
19501.0,0.3128,0.306028,0.327427,0.327427,13.220464,-2.996117,-2.993778,60.0,60.0,17.922035,0.0,1.0,0.0,0.0,,19477.0,0.359311,1.0
19511.0,0.313011,0.306243,0.327699,0.327699,13.220628,-3.000107,-2.997827,60.0,60.0,17.87442,0.0,1.0,0.0,0.0,,19487.0,0.360665,1.0
19521.0,0.313223,0.306459,0.327974,0.327974,13.22167,-3.048593,-3.046356,60.0,60.0,17.298318,0.0,1.0,0.0,0.0,,19497.0,0.368042,1.0
19531.0,0.313434,0.306673,0.328244,0.328244,13.220119,-2.965336,-2.962858,60.0,60.0,18.286884,0.0,1.0,0.0,0.0,,19507.0,0.361719,1.0
19541.0,0.313645,0.306888,0.328516,0.328516,13.221342,-3.023291,-3.020981,60.0,60.0,17.598381,0.0,1.0,0.0,0.0,,19517.0,0.365736,1.0
19551.0,0.313857,0.307104,0.328792,0.328792,13.221866,-3.045289,-3.043034,60.0,60.0,17.336843,0.0,1.0,0.0,0.0,,19527.0,0.363309,1.0
19561.0,0.314069,0.30732,0.329065,0.329065,13.221182,-3.005769,-3.003454,60.0,60.0,17.805987,0.0,1.0,0.0,0.0,,19537.0,0.356185,1.0
19571.0,0.31428,0.307535,0.329339,0.329339,13.219872,-2.934529,-2.932104,60.0,60.0,18.65177,0.0,1.0,0.0,0.0,,19547.0,0.356976,1.0
19581.0,0.31449,0.307749,0.329609,0.329609,13.220684,-2.972087,-2.969752,60.0,60.0,18.205567,0.0,1.0,0.0,0.0,,19557.0,0.360181,1.0
19591.0,0.314702,0.307965,0.329881,0.329881,13.220932,-2.980317,-2.977933,60.0,60.0,18.107599,0.0,1.0,0.0,0.0,,19567.0,0.371693,1.0
19601.0,0.314912,0.308178,0.330149,0.330149,13.221159,-2.987969,-2.985554,60.0,60.0,18.016516,0.0,1.0,0.0,0.0,,19577.0,0.350607,1.0
19611.0,0.315122,0.308393,0.33042,0.33042,13.222115,-3.032496,-3.030242,60.0,60.0,17.487439,0.0,1.0,0.0,0.0,,19587.0,0.352097,1.0
19621.0,0.315333,0.308608,0.330692,0.330692,13.220964,-2.969652,-2.967218,60.0,60.0,18.233619,0.0,1.0,0.0,0.0,,19597.0,0.370836,1.0
19631.0,0.315544,0.308822,0.330964,0.330964,13.221178,-2.976298,-2.973926,60.0,60.0,18.154463,0.0,1.0,0.0,0.0,,19607.0,0.363632,1.0
19641.0,0.315754,0.309036,0.331235,0.331235,13.221252,-2.976062,-2.973801,60.0,60.0,18.157062,0.0,1.0,0.0,0.0,,19617.0,0.355994,1.0
19651.0,0.315965,0.309252,0.331507,0.331507,13.221296,-2.973877,-2.971475,60.0,60.0,18.182782,0.0,1.0,0.0,0.0,,19627.0,0.370273,1.0
19661.0,0.316175,0.309466,0.331779,0.331779,13.222211,-3.016519,-3.01419,60.0,60.0,17.676108,0.0,1.0,0.0,0.0,,19637.0,0.363162,1.0
19671.0,0.316386,0.30968,0.33205,0.33205,13.221605,-2.981367,-2.979076,60.0,60.0,18.093388,0.0,1.0,0.0,0.0,,19647.0,0.359626,1.0
19681.0,0.316597,0.309896,0.33232,0.33232,13.222202,-3.007322,-3.005074,60.0,60.0,17.784889,0.0,1.0,0.0,0.0,,19657.0,0.360404,1.0
19691.0,0.316809,0.310111,0.332593,0.332593,13.222717,-3.029033,-3.026525,60.0,60.0,17.526759,0.0,1.0,0.0,0.0,,19667.0,0.350584,1.0
19701.0,0.317019,0.310326,0.332865,0.332865,13.222452,-3.011379,-3.009123,60.0,60.0,17.736238,0.0,1.0,0.0,0.0,,19677.0,0.37291,1.0
19711.0,0.31723,0.31054,0.333137,0.333137,13.220474,-2.906341,-2.903987,60.0,60.0,18.983461,0.0,1.0,0.0,0.0,,19687.0,0.363438,1.0
19721.0,0.317441,0.310755,0.333406,0.333406,13.222707,-3.016041,-3.013609,60.0,60.0,17.68042,0.0,1.0,0.0,0.0,,19697.0,0.358464,1.0
19731.0,0.317652,0.31097,0.333678,0.333678,13.222338,-2.992686,-2.990372,60.0,60.0,17.95759,0.0,1.0,0.0,0.0,,19707.0,0.350518,1.0
19741.0,0.317863,0.311185,0.333949,0.333949,13.223248,-3.034944,-3.032609,60.0,60.0,17.455421,0.0,1.0,0.0,0.0,,19717.0,0.352253,1.0
19751.0,0.318074,0.3114,0.334219,0.334219,13.222192,-2.976643,-2.974383,60.0,60.0,18.147687,0.0,1.0,0.0,0.0,,19727.0,0.362205,1.0
19761.0,0.318285,0.311614,0.334488,0.334488,13.222167,-2.971028,-2.968651,60.0,60.0,18.214145,0.0,1.0,0.0,0.0,,19737.0,0.361631,1.0
19771.0,0.318496,0.31183,0.33476,0.33476,13.22105,-2.909609,-2.907413,60.0,60.0,18.943324,0.0,1.0,0.0,0.0,,19747.0,0.363897,1.0
19781.0,0.318708,0.312045,0.33503,0.33503,13.222217,-2.964587,-2.962152,60.0,60.0,18.290181,0.0,1.0,0.0,0.0,,19757.0,0.354145,1.0
19791.0,0.318918,0.31226,0.335298,0.335298,13.222567,-2.978322,-2.976148,60.0,60.0,18.126828,0.0,1.0,0.0,0.0,,19767.0,0.357104,1.0
19801.0,0.319129,0.312475,0.335568,0.335568,13.222188,-2.954627,-2.952267,60.0,60.0,18.408033,0.0,1.0,0.0,0.0,,19777.0,0.365757,1.0
19811.0,0.31934,0.312689,0.335837,0.335837,13.222304,-2.956338,-2.95397,60.0,60.0,18.387492,0.0,1.0,0.0,0.0,,19787.0,0.349076,1.0
19821.0,0.31955,0.312904,0.336105,0.336105,13.2227,-2.972389,-2.970063,60.0,60.0,18.196636,0.0,1.0,0.0,0.0,,19797.0,0.354142,1.0
19831.0,0.319763,0.31312,0.336375,0.336375,13.22394,-3.030804,-3.028622,60.0,60.0,17.502503,0.0,1.0,0.0,0.0,,19807.0,0.376466,1.0
19841.0,0.319973,0.313335,0.336644,0.336644,13.222915,-2.974359,-2.972078,60.0,60.0,18.172765,0.0,1.0,0.0,0.0,,19817.0,0.357031,1.0
19851.0,0.320184,0.31355,0.336914,0.336914,13.223359,-2.992594,-2.99031,60.0,60.0,17.955952,0.0,1.0,0.0,0.0,,19827.0,0.365918,1.0
19861.0,0.320395,0.313764,0.337185,0.337185,13.22418,-3.030252,-3.027916,60.0,60.0,17.508379,0.0,1.0,0.0,0.0,,19837.0,0.366373,1.0
19871.0,0.320606,0.313979,0.337453,0.337453,13.222848,-2.958117,-2.95588,60.0,60.0,18.365019,0.0,1.0,0.0,0.0,,19847.0,0.362547,1.0
19881.0,0.320818,0.314195,0.337722,0.337722,13.223986,-3.011416,-3.008999,60.0,60.0,17.731669,0.0,1.0,0.0,0.0,,19857.0,0.370234,1.0
19891.0,0.321028,0.314409,0.337989,0.337989,13.224216,-3.019399,-3.017118,60.0,60.0,17.636637,0.0,1.0,0.0,0.0,,19867.0,0.373492,1.0
19901.0,0.321239,0.314623,0.338255,0.338255,13.224017,-3.0049,-3.002458,60.0,60.0,17.808645,0.0,1.0,0.0,0.0,,19877.0,0.364026,1.0
19911.0,0.32145,0.314838,0.338524,0.338524,13.224992,-3.05037,-3.048017,60.0,60.0,17.26824,0.0,1.0,0.0,0.0,,19887.0,0.363149,1.0
19921.0,0.32166,0.315052,0.338792,0.338792,13.223456,-2.967947,-2.965433,60.0,60.0,18.247159,0.0,1.0,0.0,0.0,,19897.0,0.362866,1.0
19931.0,0.321871,0.315268,0.339059,0.339059,13.224182,-3.000474,-2.99818,60.0,60.0,17.86055,0.0,1.0,0.0,0.0,,19907.0,0.358371,1.0
19941.0,0.322082,0.315483,0.339324,0.339324,13.223881,-2.980799,-2.978619,60.0,60.0,18.094044,0.0,1.0,0.0,0.0,,19916.0,0.361102,1.0
19951.0,0.322293,0.315697,0.33959,0.33959,13.224032,-2.984319,-2.982004,60.0,60.0,18.052007,0.0,1.0,0.0,0.0,,19926.0,0.362659,1.0
19961.0,0.322504,0.315913,0.339856,0.339856,13.224281,-2.992452,-2.990102,60.0,60.0,17.955155,0.0,1.0,0.0,0.0,,19936.0,0.359519,1.0
19971.0,0.322715,0.316127,0.340121,0.340121,13.224848,-3.017311,-3.014959,60.0,60.0,17.659625,0.0,1.0,0.0,0.0,,19946.0,0.367643,1.0
19981.0,0.322925,0.316341,0.340387,0.340387,13.22403,-2.971535,-2.969253,60.0,60.0,18.203199,0.0,1.0,0.0,0.0,,19956.0,0.355709,1.0
19991.0,0.323135,0.316556,0.340653,0.340653,13.223882,-2.959765,-2.957479,60.0,60.0,18.342787,0.0,1.0,0.0,0.0,,19966.0,0.369838,1.0
20001.0,0.323346,0.31677,0.34092,0.34092,13.224946,-3.009821,-3.0074,60.0,60.0,17.747943,0.0,1.0,0.0,0.0,,19976.0,0.358898,1.0
20011.0,0.323557,0.316985,0.341186,0.341186,13.22385,-2.949607,-2.947325,60.0,60.0,18.463011,0.0,1.0,0.0,0.0,,19986.0,0.370945,1.0
20021.0,0.323768,0.3172,0.341451,0.341451,13.223783,-2.942009,-2.9396,60.0,60.0,18.553034,0.0,1.0,0.0,0.0,,19996.0,0.350298,1.0
20031.0,0.323978,0.317414,0.341717,0.341717,13.223554,-2.926143,-2.923818,60.0,60.0,18.741272,0.0,1.0,0.0,0.0,,20006.0,0.364333,1.0
20041.0,0.324189,0.317629,0.341982,0.341982,13.225117,-3.00146,-2.999073,60.0,60.0,17.846372,0.0,1.0,0.0,0.0,,20016.0,0.363881,1.0
20051.0,0.3244,0.317843,0.342245,0.342245,13.225837,-3.034069,-3.031758,60.0,60.0,17.458749,0.0,1.0,0.0,0.0,,20026.0,0.356061,1.0
20061.0,0.324611,0.318059,0.342511,0.342511,13.225576,-3.016166,-3.013775,60.0,60.0,17.671205,0.0,1.0,0.0,0.0,,20036.0,0.36106,1.0
20071.0,0.324822,0.318274,0.342777,0.342777,13.224948,-2.979847,-2.977518,60.0,60.0,18.102447,0.0,1.0,0.0,0.0,,20046.0,0.361459,1.0
20081.0,0.325032,0.318488,0.343039,0.343039,13.225751,-3.01683,-3.014543,60.0,60.0,17.662884,0.0,1.0,0.0,0.0,,20056.0,0.360378,1.0
20091.0,0.325242,0.318702,0.343302,0.343302,13.224489,-2.948311,-2.946162,60.0,60.0,18.476652,0.0,1.0,0.0,0.0,,20066.0,0.369386,1.0
20101.0,0.325454,0.318917,0.343567,0.343567,13.22565,-3.002933,-3.000547,60.0,60.0,17.827527,0.0,1.0,0.0,0.0,,20076.0,0.35388,1.0
20111.0,0.325664,0.319132,0.343832,0.343832,13.224733,-2.951961,-2.949838,60.0,60.0,18.432844,0.0,1.0,0.0,0.0,,20086.0,0.354361,1.0
20121.0,0.325875,0.319347,0.344099,0.344099,13.225537,-2.988598,-2.986364,60.0,60.0,17.997378,0.0,1.0,0.0,0.0,,20096.0,0.373272,1.0
20131.0,0.326086,0.319561,0.344361,0.344361,13.225361,-2.97551,-2.973261,60.0,60.0,18.152657,0.0,1.0,0.0,0.0,,20106.0,0.366683,1.0
20141.0,0.326296,0.319776,0.344623,0.344623,13.226541,-3.031497,-3.029308,60.0,60.0,17.487259,0.0,1.0,0.0,0.0,,20116.0,0.367185,1.0
20151.0,0.326508,0.319991,0.344886,0.344886,13.22665,-3.032544,-3.030242,60.0,60.0,17.474573,0.0,1.0,0.0,0.0,,20126.0,0.363176,1.0
20161.0,0.326718,0.320205,0.345149,0.345149,13.225291,-2.959032,-2.956753,60.0,60.0,18.34773,0.0,1.0,0.0,0.0,,20136.0,0.370044,1.0
20171.0,0.326929,0.320419,0.34541,0.34541,13.22568,-2.974759,-2.972389,60.0,60.0,18.160683,0.0,1.0,0.0,0.0,,20146.0,0.369336,1.0
20181.0,0.327139,0.320634,0.345673,0.345673,13.225075,-2.939796,-2.937441,60.0,60.0,18.575817,0.0,1.0,0.0,0.0,,20156.0,0.359353,1.0
20191.0,0.327349,0.320848,0.345932,0.345932,13.225633,-2.964246,-2.961819,60.0,60.0,18.28516,0.0,1.0,0.0,0.0,,20166.0,0.36257,1.0
20201.0,0.327559,0.321062,0.346194,0.346194,13.225409,-2.948519,-2.946204,60.0,60.0,18.471761,0.0,1.0,0.0,0.0,,20176.0,0.362469,1.0
20211.0,0.32777,0.321277,0.346453,0.346453,13.226354,-2.992553,-2.990227,60.0,60.0,17.948416,0.0,1.0,0.0,0.0,,20186.0,0.354691,1.0
20221.0,0.32798,0.321491,0.346713,0.346713,13.226376,-2.989461,-2.987153,60.0,60.0,17.984931,0.0,1.0,0.0,0.0,,20196.0,0.358053,1.0
20231.0,0.328192,0.321707,0.346974,0.346974,13.226164,-2.973981,-2.971808,60.0,60.0,18.168598,0.0,1.0,0.0,0.0,,20206.0,0.362314,1.0
20241.0,0.328403,0.321922,0.347238,0.347238,13.226696,-2.996643,-2.994235,60.0,60.0,17.899114,0.0,1.0,0.0,0.0,,20216.0,0.373842,1.0
20251.0,0.328615,0.322137,0.347499,0.347499,13.227176,-3.016626,-3.014232,60.0,60.0,17.661447,0.0,1.0,0.0,0.0,,20226.0,0.356082,1.0
20261.0,0.328827,0.322353,0.347761,0.347761,13.226952,-3.000399,-2.998097,60.0,60.0,17.853998,0.0,1.0,0.0,0.0,,20236.0,0.35596,1.0
20271.0,0.329037,0.322568,0.348022,0.348022,13.226776,-2.987159,-2.984973,60.0,60.0,18.011091,0.0,1.0,0.0,0.0,,20246.0,0.361379,1.0
20281.0,0.329249,0.322783,0.348283,0.348283,13.228112,-3.050812,-3.048495,60.0,60.0,17.254504,0.0,1.0,0.0,0.0,,20256.0,0.350784,1.0
20291.0,0.32946,0.322998,0.348543,0.348543,13.226533,-2.96584,-2.963605,60.0,60.0,18.263912,0.0,1.0,0.0,0.0,,20266.0,0.371522,1.0
20301.0,0.329671,0.323213,0.348804,0.348804,13.226993,-2.98489,-2.982523,60.0,60.0,18.037357,0.0,1.0,0.0,0.0,,20276.0,0.35737,1.0
20311.0,0.329881,0.323427,0.349062,0.349062,13.228158,-3.040324,-3.03805,60.0,60.0,17.378452,0.0,1.0,0.0,0.0,,20286.0,0.367875,1.0
20321.0,0.330093,0.323643,0.349322,0.349322,13.226824,-2.96778,-2.965599,60.0,60.0,18.240198,0.0,1.0,0.0,0.0,,20296.0,0.363049,1.0
20331.0,0.330303,0.323857,0.349581,0.349581,13.228692,-3.058797,-3.056552,60.0,60.0,17.158453,0.0,1.0,0.0,0.0,,20306.0,0.361502,1.0
20341.0,0.330514,0.324072,0.349839,0.349839,13.227781,-3.008042,-3.005822,60.0,60.0,17.761367,0.0,1.0,0.0,0.0,,20316.0,0.367737,1.0
20351.0,0.330725,0.324287,0.3501,0.3501,13.226075,-2.916542,-2.914245,60.0,60.0,18.848236,0.0,1.0,0.0,0.0,,20326.0,0.36579,1.0
20361.0,0.330937,0.324502,0.350359,0.350359,13.227449,-2.982282,-2.979948,60.0,60.0,18.066981,0.0,1.0,0.0,0.0,,20336.0,0.374458,1.0
20371.0,0.331147,0.324716,0.350617,0.350617,13.227423,-2.97692,-2.974632,60.0,60.0,18.130479,0.0,1.0,0.0,0.0,,20346.0,0.350932,1.0
20381.0,0.331358,0.324931,0.350876,0.350876,13.227409,-2.971818,-2.969565,60.0,60.0,18.190874,0.0,1.0,0.0,0.0,,20356.0,0.365439,1.0
20391.0,0.331569,0.325146,0.351135,0.351135,13.228034,-2.999351,-2.996934,60.0,60.0,17.863501,0.0,1.0,0.0,0.0,,20366.0,0.369522,1.0
20401.0,0.33178,0.325362,0.351396,0.351396,13.228058,-2.996105,-2.99384,60.0,60.0,17.90183,0.0,1.0,0.0,0.0,,20376.0,0.357246,1.0
20411.0,0.331991,0.325576,0.351654,0.351654,13.227819,-2.979779,-2.977518,60.0,60.0,18.095605,0.0,1.0,0.0,0.0,,20386.0,0.360316,1.0
20421.0,0.332202,0.325791,0.351913,0.351913,13.226741,-2.920192,-2.917838,60.0,60.0,18.80333,0.0,1.0,0.0,0.0,,20396.0,0.356748,1.0
20431.0,0.332413,0.326006,0.352171,0.352171,13.228623,-3.011968,-3.00958,60.0,60.0,17.712646,0.0,1.0,0.0,0.0,,20406.0,0.357265,1.0
20441.0,0.332623,0.32622,0.352427,0.352427,13.22762,-2.956896,-2.954655,60.0,60.0,18.366838,0.0,1.0,0.0,0.0,,20416.0,0.365553,1.0
20451.0,0.332834,0.326435,0.352681,0.352681,13.228343,-2.989309,-2.986967,60.0,60.0,17.98147,0.0,1.0,0.0,0.0,,20426.0,0.366755,1.0
20461.0,0.333044,0.326649,0.352938,0.352938,13.228686,-3.002862,-3.000547,60.0,60.0,17.820208,0.0,1.0,0.0,0.0,,20436.0,0.369008,1.0
20471.0,0.333255,0.326864,0.353193,0.353193,13.228265,-2.97708,-2.974736,60.0,60.0,18.126345,0.0,1.0,0.0,0.0,,20446.0,0.373535,1.0
20481.0,0.333465,0.327078,0.353447,0.353447,13.228045,-2.961764,-2.95939,60.0,60.0,18.308121,0.0,1.0,0.0,0.0,,20456.0,0.363488,1.0
20491.0,0.333675,0.327292,0.353701,0.353701,13.228874,-3.000078,-2.997515,60.0,60.0,17.852644,0.0,1.0,0.0,0.0,,20466.0,0.362751,1.0
20501.0,0.333886,0.327507,0.353958,0.353958,13.230227,-3.064851,-3.062595,60.0,60.0,17.082614,0.0,1.0,0.0,0.0,,20476.0,0.360549,1.0
20511.0,0.334098,0.327723,0.354216,0.354216,13.229702,-3.033173,-3.030782,60.0,60.0,17.458855,0.0,1.0,0.0,0.0,,20486.0,0.368514,1.0
20521.0,0.334309,0.327938,0.354473,0.354473,13.227998,-2.941886,-2.939704,60.0,60.0,18.543408,0.0,1.0,0.0,0.0,,20496.0,0.356974,1.0
20531.0,0.33452,0.328153,0.35473,0.35473,13.229462,-3.012161,-3.010058,60.0,60.0,17.708103,0.0,1.0,0.0,0.0,,20506.0,0.364827,1.0
20541.0,0.334732,0.328368,0.354985,0.354985,13.228603,-2.963783,-2.961321,60.0,60.0,18.28276,0.0,1.0,0.0,0.0,,20516.0,0.361728,1.0
20551.0,0.334943,0.328583,0.355241,0.355241,13.229543,-3.007301,-3.004991,60.0,60.0,17.765392,0.0,1.0,0.0,0.0,,20526.0,0.365138,1.0
20561.0,0.335153,0.328797,0.355494,0.355494,13.229819,-3.017502,-3.015332,60.0,60.0,17.64395,0.0,1.0,0.0,0.0,,20536.0,0.357221,1.0
20571.0,0.335364,0.329012,0.355747,0.355747,13.229155,-2.979238,-2.976916,60.0,60.0,18.098444,0.0,1.0,0.0,0.0,,20546.0,0.360204,1.0
20581.0,0.335574,0.329226,0.356001,0.356001,13.229766,-3.00637,-3.00414,60.0,60.0,17.775809,0.0,1.0,0.0,0.0,,20556.0,0.367992,1.0
20591.0,0.335785,0.329441,0.356254,0.356254,13.229407,-2.983779,-2.981505,60.0,60.0,18.044049,0.0,1.0,0.0,0.0,,20566.0,0.353571,1.0
20601.0,0.335996,0.329656,0.35651,0.35651,13.228314,-2.923642,-2.921451,60.0,60.0,18.758402,0.0,1.0,0.0,0.0,,20576.0,0.362011,1.0
20611.0,0.336207,0.329871,0.356766,0.356766,13.23061,-3.036527,-3.034146,60.0,60.0,17.416711,0.0,1.0,0.0,0.0,,20586.0,0.36116,1.0
20621.0,0.336418,0.330085,0.35702,0.35702,13.230823,-3.043121,-3.040791,60.0,60.0,17.338101,0.0,1.0,0.0,0.0,,20596.0,0.364183,1.0
20631.0,0.336628,0.3303,0.357272,0.357272,13.229802,-2.986688,-2.984454,60.0,60.0,18.008579,0.0,1.0,0.0,0.0,,20606.0,0.36144,1.0
20641.0,0.336838,0.330514,0.357524,0.357524,13.229446,-2.964492,-2.962214,60.0,60.0,18.272139,0.0,1.0,0.0,0.0,,20616.0,0.353541,1.0
20651.0,0.33705,0.33073,0.357777,0.357777,13.229621,-2.968672,-2.966512,60.0,60.0,18.222224,0.0,1.0,0.0,0.0,,20626.0,0.360764,1.0
20661.0,0.337262,0.330945,0.35803,0.35803,13.229858,-2.976351,-2.974009,60.0,60.0,18.130734,0.0,1.0,0.0,0.0,,20636.0,0.36191,1.0
20671.0,0.337472,0.33116,0.358284,0.358284,13.229666,-2.962282,-2.959909,60.0,60.0,18.297698,0.0,1.0,0.0,0.0,,20646.0,0.356519,1.0
20681.0,0.337682,0.331374,0.358532,0.358532,13.230143,-2.98271,-2.980467,60.0,60.0,18.054734,0.0,1.0,0.0,0.0,,20656.0,0.363156,1.0
20691.0,0.337893,0.331588,0.358778,0.358778,13.230342,-2.988768,-2.986551,60.0,60.0,17.982527,0.0,1.0,0.0,0.0,,20665.0,0.359938,1.0
20701.0,0.338104,0.331803,0.359031,0.359031,13.230868,-3.011055,-3.00877,60.0,60.0,17.7174,0.0,1.0,0.0,0.0,,20675.0,0.361354,1.0
20711.0,0.338315,0.332018,0.359283,0.359283,13.229841,-2.954344,-2.952101,60.0,60.0,18.391162,0.0,1.0,0.0,0.0,,20685.0,0.363317,1.0
20721.0,0.338525,0.332232,0.359533,0.359533,13.229981,-2.957455,-2.955133,60.0,60.0,18.353978,0.0,1.0,0.0,0.0,,20695.0,0.365198,1.0
20731.0,0.338735,0.332446,0.35978,0.35978,13.230717,-2.990852,-2.988462,60.0,60.0,17.95686,0.0,1.0,0.0,0.0,,20705.0,0.359578,1.0
20741.0,0.338947,0.332662,0.36003,0.36003,13.230534,-2.977036,-2.974777,60.0,60.0,18.120829,0.0,1.0,0.0,0.0,,20715.0,0.36522,1.0
20751.0,0.339157,0.332876,0.360279,0.360279,13.231327,-3.013355,-3.01093,60.0,60.0,17.688954,0.0,1.0,0.0,0.0,,20725.0,0.360636,1.0
20761.0,0.339368,0.33309,0.360526,0.360526,13.230601,-2.97204,-2.969731,60.0,60.0,18.179764,0.0,1.0,0.0,0.0,,20735.0,0.363066,1.0
20771.0,0.339578,0.333305,0.360774,0.360774,13.231629,-3.020398,-3.018198,60.0,60.0,17.604799,0.0,1.0,0.0,0.0,,20745.0,0.355688,1.0
20781.0,0.339787,0.333518,0.361025,0.361025,13.230452,-2.956526,-2.954323,60.0,60.0,18.363728,0.0,1.0,0.0,0.0,,20755.0,0.34875,1.0
20791.0,0.339998,0.333733,0.361276,0.361276,13.231228,-2.991802,-2.989521,60.0,60.0,17.944252,0.0,1.0,0.0,0.0,,20765.0,0.352598,1.0
20801.0,0.340208,0.333947,0.361526,0.361526,13.230451,-2.947984,-2.945622,60.0,60.0,18.464796,0.0,1.0,0.0,0.0,,20775.0,0.352678,1.0
20811.0,0.340419,0.334161,0.361775,0.361775,13.231071,-2.975442,-2.973033,60.0,60.0,18.138261,0.0,1.0,0.0,0.0,,20785.0,0.355092,1.0
20821.0,0.34063,0.334376,0.362023,0.362023,13.231324,-2.983953,-2.981609,60.0,60.0,18.036873,0.0,1.0,0.0,0.0,,20795.0,0.365054,1.0
20831.0,0.340839,0.33459,0.362274,0.362274,13.229662,-2.895166,-2.89294,60.0,60.0,19.091796,0.0,1.0,0.0,0.0,,20805.0,0.358255,1.0
20841.0,0.341051,0.334806,0.362522,0.362522,13.231766,-2.997717,-2.99546,60.0,60.0,17.872822,0.0,1.0,0.0,0.0,,20815.0,0.3667,1.0
20851.0,0.341263,0.335021,0.362772,0.362772,13.231069,-2.95755,-2.955278,60.0,60.0,18.349971,0.0,1.0,0.0,0.0,,20825.0,0.356275,1.0
20861.0,0.341474,0.335236,0.363023,0.363023,13.231169,-2.958045,-2.955922,60.0,60.0,18.343859,0.0,1.0,0.0,0.0,,20835.0,0.370296,1.0
20871.0,0.341686,0.335452,0.363272,0.363272,13.232756,-3.034348,-3.032007,60.0,60.0,17.436667,0.0,1.0,0.0,0.0,,20845.0,0.362578,1.0
20881.0,0.341897,0.335667,0.363522,0.363522,13.232062,-2.994695,-2.992345,60.0,60.0,17.907792,0.0,1.0,0.0,0.0,,20855.0,0.363593,1.0
20891.0,0.342108,0.335882,0.363769,0.363769,13.231515,-2.962291,-2.95995,60.0,60.0,18.292696,0.0,1.0,0.0,0.0,,20865.0,0.369007,1.0
20901.0,0.342319,0.336097,0.364017,0.364017,13.232039,-2.984669,-2.982336,60.0,60.0,18.026497,0.0,1.0,0.0,0.0,,20875.0,0.367801,1.0
20911.0,0.34253,0.336312,0.364266,0.364266,13.232108,-2.983772,-2.981526,60.0,60.0,18.03693,0.0,1.0,0.0,0.0,,20885.0,0.359538,1.0
20921.0,0.342741,0.336527,0.364516,0.364516,13.231585,-2.952901,-2.950793,60.0,60.0,18.403619,0.0,1.0,0.0,0.0,,20895.0,0.356973,1.0
20931.0,0.342952,0.336742,0.364764,0.364764,13.23322,-3.031905,-3.029536,60.0,60.0,17.464316,0.0,1.0,0.0,0.0,,20905.0,0.369143,1.0
20941.0,0.343162,0.336956,0.365012,0.365012,13.232313,-2.981525,-2.9792,60.0,60.0,18.062976,0.0,1.0,0.0,0.0,,20915.0,0.356261,1.0
20951.0,0.343371,0.337169,0.365257,0.365257,13.232535,-2.989243,-2.987091,60.0,60.0,17.971036,0.0,1.0,0.0,0.0,,20925.0,0.359034,1.0
20961.0,0.343583,0.337384,0.365501,0.365501,13.232111,-2.963038,-2.960823,60.0,60.0,18.282278,0.0,1.0,0.0,0.0,,20935.0,0.356311,1.0
20971.0,0.343793,0.337599,0.365749,0.365749,13.232345,-2.970647,-2.96834,60.0,60.0,18.191618,0.0,1.0,0.0,0.0,,20945.0,0.363693,1.0
20981.0,0.344005,0.337814,0.365993,0.365993,13.233449,-3.022457,-3.020046,60.0,60.0,17.575521,0.0,1.0,0.0,0.0,,20955.0,0.360552,1.0
20991.0,0.344216,0.338029,0.366241,0.366241,13.233218,-3.006375,-3.003911,60.0,60.0,17.76646,0.0,1.0,0.0,0.0,,20965.0,0.358296,1.0
21001.0,0.344427,0.338244,0.366486,0.366486,13.233139,-2.997975,-2.995626,60.0,60.0,17.866093,0.0,1.0,0.0,0.0,,20975.0,0.353678,1.0
21011.0,0.344637,0.338458,0.366731,0.366731,13.23237,-2.954603,-2.952205,60.0,60.0,18.381408,0.0,1.0,0.0,0.0,,20985.0,0.367905,1.0
21021.0,0.344847,0.338672,0.36698,0.36698,13.233336,-2.999781,-2.997599,60.0,60.0,17.84418,0.0,1.0,0.0,0.0,,20995.0,0.369195,1.0
21031.0,0.345058,0.338887,0.367226,0.367226,13.232751,-2.965596,-2.963294,60.0,60.0,18.250309,0.0,1.0,0.0,0.0,,21005.0,0.358782,1.0
21041.0,0.34527,0.339103,0.367471,0.367471,13.234634,-3.057145,-3.054829,60.0,60.0,17.161746,0.0,1.0,0.0,0.0,,21015.0,0.357538,1.0
21051.0,0.345481,0.339318,0.367717,0.367717,13.233186,-2.978546,-2.97621,60.0,60.0,18.0959,0.0,1.0,0.0,0.0,,21025.0,0.357248,1.0
21061.0,0.345691,0.339532,0.367963,0.367963,13.23355,-2.993223,-2.990954,60.0,60.0,17.921221,0.0,1.0,0.0,0.0,,21035.0,0.36278,1.0
21071.0,0.345902,0.339746,0.368204,0.368204,13.233408,-2.981819,-2.979595,60.0,60.0,18.056574,0.0,1.0,0.0,0.0,,21045.0,0.356958,1.0
21081.0,0.346112,0.339961,0.368446,0.368446,13.233295,-2.971905,-2.969544,60.0,60.0,18.174204,0.0,1.0,0.0,0.0,,21055.0,0.36006,1.0
21091.0,0.346322,0.340174,0.368688,0.368688,13.233475,-2.977188,-2.974881,60.0,60.0,18.111205,0.0,1.0,0.0,0.0,,21065.0,0.36178,1.0
21101.0,0.346531,0.340387,0.368928,0.368928,13.233294,-2.964143,-2.961882,60.0,60.0,18.266071,0.0,1.0,0.0,0.0,,21075.0,0.362316,1.0
21111.0,0.346741,0.340601,0.369171,0.369171,13.233112,-2.950807,-2.948467,60.0,60.0,18.424369,0.0,1.0,0.0,0.0,,21085.0,0.368853,1.0
21121.0,0.346951,0.340816,0.369414,0.369414,13.23413,-2.998577,-2.996166,60.0,60.0,17.856308,0.0,1.0,0.0,0.0,,21095.0,0.371646,1.0
21131.0,0.347162,0.341031,0.369658,0.369658,13.23412,-2.993595,-2.991327,60.0,60.0,17.915295,0.0,1.0,0.0,0.0,,21105.0,0.367314,1.0
21141.0,0.347374,0.341246,0.369905,0.369905,13.23358,-2.961449,-2.95912,60.0,60.0,18.297187,0.0,1.0,0.0,0.0,,21115.0,0.35667,1.0
21151.0,0.347584,0.34146,0.370149,0.370149,13.233376,-2.946895,-2.944563,60.0,60.0,18.46998,0.0,1.0,0.0,0.0,,21125.0,0.353841,1.0
21161.0,0.347794,0.341674,0.370391,0.370391,13.233914,-2.970184,-2.9678,60.0,60.0,18.192922,0.0,1.0,0.0,0.0,,21135.0,0.362517,1.0
21171.0,0.348006,0.34189,0.370634,0.370634,13.234102,-2.975084,-2.972763,60.0,60.0,18.134429,0.0,1.0,0.0,0.0,,21145.0,0.363426,1.0
21181.0,0.348217,0.342105,0.370879,0.370879,13.234072,-2.969141,-2.966845,60.0,60.0,18.204854,0.0,1.0,0.0,0.0,,21155.0,0.368484,1.0
21191.0,0.348427,0.342319,0.371122,0.371122,13.233783,-2.950259,-2.947989,60.0,60.0,18.429085,0.0,1.0,0.0,0.0,,21165.0,0.358189,1.0
21201.0,0.348637,0.342533,0.371362,0.371362,13.234082,-2.961524,-2.959265,60.0,60.0,18.294979,0.0,1.0,0.0,0.0,,21175.0,0.369062,1.0
21211.0,0.348847,0.342747,0.371605,0.371605,13.234377,-2.972372,-2.970022,60.0,60.0,18.1658,0.0,1.0,0.0,0.0,,21185.0,0.366866,1.0
21221.0,0.349059,0.342963,0.371848,0.371848,13.234499,-2.973941,-2.971766,60.0,60.0,18.146908,0.0,1.0,0.0,0.0,,21195.0,0.364061,1.0
21231.0,0.34927,0.343178,0.37209,0.37209,13.234378,-2.96331,-2.961051,60.0,60.0,18.27305,0.0,1.0,0.0,0.0,,21205.0,0.358193,1.0
21241.0,0.34948,0.343392,0.372331,0.372331,13.234762,-2.978725,-2.976542,60.0,60.0,18.089581,0.0,1.0,0.0,0.0,,21215.0,0.361422,1.0
21251.0,0.349692,0.343608,0.372573,0.372573,13.23526,-2.999356,-2.997079,60.0,60.0,17.844056,0.0,1.0,0.0,0.0,,21225.0,0.36994,1.0
21261.0,0.349903,0.343822,0.372815,0.372815,13.235212,-2.992588,-2.990144,60.0,60.0,17.924291,0.0,1.0,0.0,0.0,,21235.0,0.368618,1.0
21271.0,0.350115,0.344038,0.373058,0.373058,13.236184,-3.037591,-3.035371,60.0,60.0,17.388973,0.0,1.0,0.0,0.0,,21245.0,0.364536,1.0
21281.0,0.350326,0.344253,0.373298,0.373298,13.236029,-3.025171,-3.022891,60.0,60.0,17.536411,0.0,1.0,0.0,0.0,,21255.0,0.36082,1.0
21291.0,0.350538,0.344469,0.373541,0.373541,13.235214,-2.978982,-2.976791,60.0,60.0,18.08533,0.0,1.0,0.0,0.0,,21265.0,0.362029,1.0
21301.0,0.350748,0.344683,0.373781,0.373781,13.235384,-2.983411,-2.981152,60.0,60.0,18.032454,0.0,1.0,0.0,0.0,,21275.0,0.364316,1.0
21311.0,0.350959,0.344898,0.374021,0.374021,13.235297,-2.974772,-2.972472,60.0,60.0,18.134948,0.0,1.0,0.0,0.0,,21285.0,0.358414,1.0
21321.0,0.351169,0.345112,0.374259,0.374259,13.23552,-2.982039,-2.97974,60.0,60.0,18.048334,0.0,1.0,0.0,0.0,,21295.0,0.360277,1.0
21331.0,0.351381,0.345328,0.374502,0.374502,13.23577,-2.990079,-2.98788,60.0,60.0,17.952496,0.0,1.0,0.0,0.0,,21305.0,0.36754,1.0
21341.0,0.351592,0.345543,0.374742,0.374742,13.236477,-3.021883,-3.01961,60.0,60.0,17.574127,0.0,1.0,0.0,0.0,,21315.0,0.365569,1.0
21351.0,0.351803,0.345758,0.374983,0.374983,13.235624,-2.97395,-2.971558,60.0,60.0,18.143801,0.0,1.0,0.0,0.0,,21325.0,0.364051,1.0
21361.0,0.352014,0.345973,0.375225,0.375225,13.235962,-2.986749,-2.984516,60.0,60.0,17.991406,0.0,1.0,0.0,0.0,,21335.0,0.368787,1.0
21371.0,0.352225,0.346187,0.375466,0.375466,13.235707,-2.969499,-2.967052,60.0,60.0,18.196272,0.0,1.0,0.0,0.0,,21345.0,0.357218,1.0
21381.0,0.352435,0.346402,0.375705,0.375705,13.236667,-3.014281,-3.012114,60.0,60.0,17.663605,0.0,1.0,0.0,0.0,,21355.0,0.363936,1.0
21391.0,0.352647,0.346617,0.375944,0.375944,13.236479,-3.000233,-2.998055,60.0,60.0,17.830409,0.0,1.0,0.0,0.0,,21365.0,0.361349,1.0
21401.0,0.352857,0.346831,0.376184,0.376184,13.235943,-2.96891,-2.966616,60.0,60.0,18.202612,0.0,1.0,0.0,0.0,,21375.0,0.36203,1.0
21411.0,0.353067,0.347046,0.376421,0.376421,13.236091,-2.972159,-2.969731,60.0,60.0,18.163761,0.0,1.0,0.0,0.0,,21385.0,0.366105,1.0
21421.0,0.353278,0.347261,0.37666,0.37666,13.236154,-2.970998,-2.968755,60.0,60.0,18.177339,0.0,1.0,0.0,0.0,,21395.0,0.361752,1.0
21431.0,0.353489,0.347475,0.376899,0.376899,13.237512,-3.036254,-3.033876,60.0,60.0,17.40119,0.0,1.0,0.0,0.0,,21405.0,0.357959,1.0
21441.0,0.353699,0.347689,0.377137,0.377137,13.236812,-2.996251,-2.993944,60.0,60.0,17.87665,0.0,1.0,0.0,0.0,,21415.0,0.351942,1.0
21451.0,0.35391,0.347904,0.377376,0.377376,13.235886,-2.944608,-2.942237,60.0,60.0,18.49043,0.0,1.0,0.0,0.0,,21425.0,0.362158,1.0
21461.0,0.354121,0.348119,0.377613,0.377613,13.236927,-2.993565,-2.991037,60.0,60.0,17.908135,0.0,1.0,0.0,0.0,,21435.0,0.362819,1.0
21471.0,0.354332,0.348334,0.377848,0.377848,13.237498,-3.018361,-3.01608,60.0,60.0,17.613058,0.0,1.0,0.0,0.0,,21445.0,0.357442,1.0
21481.0,0.354542,0.348548,0.378084,0.378084,13.236098,-2.942697,-2.940493,60.0,60.0,18.512492,0.0,1.0,0.0,0.0,,21455.0,0.368397,1.0
21491.0,0.354753,0.348762,0.378321,0.378321,13.237938,-3.032464,-3.030138,60.0,60.0,17.444913,0.0,1.0,0.0,0.0,,21465.0,0.352244,1.0
21501.0,0.354965,0.348978,0.378561,0.378561,13.237556,-3.008225,-3.006029,60.0,60.0,17.732906,0.0,1.0,0.0,0.0,,21475.0,0.365237,1.0
21511.0,0.355173,0.349191,0.378797,0.378797,13.237285,-2.990819,-2.988233,60.0,60.0,17.939682,0.0,1.0,0.0,0.0,,21485.0,0.362391,1.0
21521.0,0.355385,0.349406,0.379033,0.379033,13.238168,-3.031389,-3.029121,60.0,60.0,17.457014,0.0,1.0,0.0,0.0,,21495.0,0.361863,1.0
21531.0,0.355595,0.34962,0.379271,0.379271,13.237416,-2.988927,-2.986551,60.0,60.0,17.96174,0.0,1.0,0.0,0.0,,21505.0,0.360334,1.0
21541.0,0.355805,0.349835,0.379507,0.379507,13.238179,-3.023591,-3.021251,60.0,60.0,17.54931,0.0,1.0,0.0,0.0,,21515.0,0.361156,1.0
21551.0,0.356016,0.350049,0.379744,0.379744,13.238015,-3.010972,-3.008604,60.0,60.0,17.699142,0.0,1.0,0.0,0.0,,21525.0,0.368893,1.0
21561.0,0.356228,0.350265,0.379981,0.379981,13.237764,-2.993604,-2.991369,60.0,60.0,17.90543,0.0,1.0,0.0,0.0,,21535.0,0.355826,1.0
21571.0,0.356439,0.35048,0.380219,0.380219,13.238801,-3.042131,-3.039774,60.0,60.0,17.328109,0.0,1.0,0.0,0.0,,21545.0,0.362755,1.0
21581.0,0.356649,0.350694,0.380456,0.380456,13.23846,-3.020374,-3.018115,60.0,60.0,17.586636,0.0,1.0,0.0,0.0,,21555.0,0.360151,1.0
21591.0,0.35686,0.350909,0.380693,0.380693,13.238339,-3.009959,-3.007628,60.0,60.0,17.710266,0.0,1.0,0.0,0.0,,21565.0,0.365199,1.0
