run_id,replicate_id,step,timestamp_utc,interval_end_utc,observed_time_utc,ingest_time_utc,site_id,mode,evidence_class,active_wan_id,wan_state,wan_capacity_mbps,offered_load_mbps,throughput_mbps,queue_delay_ms,rtt_ms,jitter_ms,loss_pct,failover_active,vpn_state,vpn_latency_ms,vpn_loss_pct,ap_total,ap_online,wifi_clients,mean_rssi_dbm,channel_util_pct,retry_pct,auth_failures,roaming_events,rogue_ap_count,assets_ready,assets_degraded,flows_per_s,scan_rate_pps,lateral_events,c2_beacons,power_state_start,power_state_end,mains_present,ats_transitions,soc_pct,soh_pct,pack_ocv_v,pack_voltage_v,pack_current_a,cell_ocv_min_v,cell_ocv_max_v,cell_min_v,cell_max_v,cell_imbalance_mv,battery_temp_c,load_w,shed_groups,autonomy_min,protection_trip,charge_state,detector_score,detector_alert,alert_latency_s,quality_flags,telemetry_gap_marker
doe-000,0,0,2026-09-03T09:00:00Z,2026-09-03T09:00:01Z,2026-09-03T09:00:00Z,2026-09-03T09:00:01Z,site_a,SIM,synthetic_demo,A-WAN-1,UP,1000.0,400.0625,400.0,0.0,16.34,0.7367,0.082,0,UP,4.0,0.0,48,48,195,-61.9,17.879,5.396,0,3,0,31,0,338.0,0.0,0,0,MAINS,MAINS,1,0,53.51,92.0,48.3869,48.7457,-4.0,3.72207,3.72207,3.74967,3.74967,0.0,23.1,305.712,,211.037,,CHARGE,0.0,0,,SYNTHETIC,0
doe-000,0,0,2026-09-03T09:00:00Z,2026-09-03T09:00:01Z,2026-09-03T09:00:00Z,2026-09-03T09:00:01Z,site_b,SIM,synthetic_demo,B-WAN-1,UP,1000.0,73.7552,74.07,0.0,23.51,2.1737,0.054,0,UP,4.0,0.0,6,6,28,-59.8,17.641,6.213,0,0,0,32,0,42.0,0.0,0,0,,,,,,,,,,,,,,,,,,,,,0.0,0,,SYNTHETIC,0
doe-000,0,1,2026-09-03T09:00:01Z,2026-09-03T09:00:02Z,2026-09-03T09:00:01Z,2026-09-03T09:00:02Z,site_a,SIM,synthetic_demo,A-WAN-1,UP,1000.0,368.0389,367.43,0.0,19.53,3.5883,0.101,0,UP,4.0,0.0,48,48,235,-62.7,19.366,5.763,3,1,0,31,0,345.0,0.0,0,0,MAINS,MAINS,1,0,53.56,92.0,48.3871,48.7459,-4.0,3.72208,3.72208,3.74968,3.74968,0.0,22.9,1088.621,,59.267,,CHARGE,0.0,0,,SYNTHETIC,0
doe-000,0,1,2026-09-03T09:00:01Z,2026-09-03T09:00:02Z,2026-09-03T09:00:01Z,2026-09-03T09:00:02Z,site_b,SIM,synthetic_demo,B-WAN-1,UP,1000.0,99.8051,98.75,0.0,22.28,1.8272,0.115,0,UP,4.0,0.0,6,6,39,-61.2,20.917,6.266,0,0,0,32,0,54.0,0.0,0,0,,,,,,,,,,,,,,,,,,,,,0.0,0,,SYNTHETIC,0
doe-000,0,2,2026-09-03T09:00:02Z,2026-09-03T09:00:03Z,2026-09-03T09:00:02Z,2026-09-03T09:00:03Z,site_a,SIM,synthetic_demo,A-WAN-1,UP,1000.0,349.5297,349.09,0.0,17.64,1.4223,0.03,0,UP,4.0,0.0,48,48,174,-61.6,17.292,5.083,0,3,0,31,0,398.0,0.0,0,0,MAINS,MAINS,1,0,53.53,92.0,48.3873,48.7461,-4.0,3.7221,3.7221,3.7497,3.7497,0.0,22.9,1068.249,,60.4,,CHARGE,0.0,0,,SYNTHETIC,0
doe-000,0,2,2026-09-03T09:00:02Z,2026-09-03T09:00:03Z,2026-09-03T09:00:02Z,2026-09-03T09:00:03Z,site_b,SIM,synthetic_demo,B-WAN-1,UP,1000.0,59.2577,59.82,0.0,22.64,2.2926,0.129,0,UP,4.0,0.0,6,6,67,-61.2,26.898,8.762,0,0,0,32,0,54.0,0.0,0,0,,,,,,,,,,,,,,,,,,,,,0.0,0,,SYNTHETIC,0
doe-000,0,3,2026-09-03T09:00:03Z,2026-09-03T09:00:04Z,2026-09-03T09:00:03Z,2026-09-03T09:00:04Z,site_a,SIM,synthetic_demo,A-WAN-1,UP,1000.0,359.3262,359.4,0.0,16.37,0.1029,0.073,0,UP,4.0,0.0,48,48,241,-61.7,19.583,5.686,1,4,0,31,0,423.0,0.0,0,0,MAINS,MAINS,1,0,53.53,92.0,48.3875,48.7463,-4.0,3.72212,3.72212,3.74972,3.74972,0.0,23.1,1088.125,,59.3,,CHARGE,0.0,0,,SYNTHETIC,0
doe-000,0,3,2026-09-03T09:00:03Z,2026-09-03T09:00:04Z,2026-09-03T09:00:03Z,2026-09-03T09:00:04Z,site_b,SIM,synthetic_demo,B-WAN-1,UP,1000.0,62.0033,63.13,0.0,21.68,0.9296,0.127,0,UP,4.0,0.0,6,6,37,-63.5,20.831,6.021,0,0,0,32,0,46.0,0.0,0,0,,,,,,,,,,,,,,,,,,,,,0.0,0,,SYNTHETIC|STALE,0
doe-000,0,4,2026-09-03T09:00:04Z,2026-09-03T09:00:05Z,2026-09-03T09:00:04Z,2026-09-03T09:00:05Z,site_a,SIM,synthetic_demo,A-WAN-1,UP,1000.0,349.6661,349.4,0.0,15.77,0.0325,0.079,0,UP,4.0,0.0,48,48,348,-63.359,23.003,6.37,2,3,0,31,0,624.0,0.0,0,0,MAINS,MAINS,1,0,53.52,92.0,48.3877,48.7465,-4.0,3.72213,3.72213,3.74973,3.74973,0.0,23.2,1104.648,,58.415,,CHARGE,0.0,0,,SYNTHETIC|STALE,0
doe-000,0,4,2026-09-03T09:00:04Z,2026-09-03T09:00:05Z,2026-09-03T09:00:04Z,2026-09-03T09:00:05Z,site_b,SIM,synthetic_demo,B-WAN-1,UP,1000.0,63.2841,63.39,0.0,21.44,0.3274,0.071,0,UP,4.0,0.0,6,6,31,-63.359,19.793,5.934,0,0,0,32,0,71.0,0.0,0,0,,,,,,,,,,,,,,,,,,,,,0.0,0,,SYNTHETIC|STALE,0
doe-000,0,5,2026-09-03T09:00:05Z,2026-09-03T09:00:06Z,2026-09-03T09:00:05Z,2026-09-03T09:00:06Z,site_a,SIM,synthetic_demo,A-WAN-1,UP,1000.0,406.3283,405.87,0.0,18.18,2.1391,0.076,0,UP,4.0,0.0,48,48,232,-63.359,18.4,5.747,0,6,0,31,0,408.0,0.0,0,0,MAINS,MAINS,1,0,53.53,92.0,48.3879,48.7467,-4.0,3.72215,3.72215,3.74975,3.74975,0.0,22.9,1099.663,,58.683,,CHARGE,0.0,0,,SYNTHETIC|STALE,0
doe-000,0,5,2026-09-03T09:00:05Z,2026-09-03T09:00:06Z,2026-09-03T09:00:05Z,2026-09-03T09:00:06Z,site_b,SIM,synthetic_demo,B-WAN-1,UP,1000.0,94.1197,94.44,0.0,23.95,2.569,0.094,0,UP,4.0,0.0,6,6,47,-63.359,21.125,7.063,0,1,0,32,0,57.0,0.0,0,0,,,,,,,,,,,,,,,,,,,,,0.0,0,,SYNTHETIC|STALE,0
doe-000,0,6,2026-09-03T09:00:06Z,2026-09-03T09:00:07Z,2026-09-03T09:00:06Z,2026-09-03T09:00:07Z,site_a,SIM,synthetic_demo,A-WAN-1,UP,1000.0,474.2792,475.8,0.0,15.17,0.1158,0.087,0,UP,4.0,0.0,48,48,154,-63.359,15.523,5.102,0,0,0,31,0,459.0,0.0,0,0,MAINS,MAINS,1,0,53.54,92.0,48.3881,48.7469,-4.0,3.72216,3.72216,3.74976,3.74976,0.0,23.0,1100.908,,58.619,,CHARGE,0.0,0,,SYNTHETIC|STALE,0
doe-000,0,6,2026-09-03T09:00:06Z,2026-09-03T09:00:07Z,2026-09-03T09:00:06Z,2026-09-03T09:00:07Z,site_b,SIM,synthetic_demo,B-WAN-1,UP,1000.0,54.6724,54.31,0.0,21.45,0.9649,0.1,0,UP,4.0,0.0,6,6,37,-64.3,19.274,6.353,0,1,0,32,0,60.0,0.0,0,0,,,,,,,,,,,,,,,,,,,,,0.0,0,,SYNTHETIC,0
doe-000,0,7,2026-09-03T09:00:07Z,2026-09-03T09:00:08Z,2026-09-03T09:00:07Z,2026-09-03T09:00:08Z,site_a,SIM,synthetic_demo,A-WAN-1,UP,1000.0,418.4721,418.05,0.0,16.98,0.9098,0.111,0,UP,4.0,0.0,48,48,292,-62.5,20.755,6.452,2,2,0,31,0,334.0,0.0,0,0,MAINS,MAINS,1,0,53.49,92.0,48.3883,48.7471,-4.0,3.72218,3.72218,3.74978,3.74978,0.0,23.0,1088.2,,59.306,,CHARGE,0.0,0,,SYNTHETIC,0
doe-000,0,7,2026-09-03T09:00:07Z,2026-09-03T09:00:08Z,2026-09-03T09:00:07Z,2026-09-03T09:00:08Z,site_b,SIM,synthetic_demo,B-WAN-1,UP,1000.0,53.5524,54.43,0.0,24.81,2.9591,0.099,0,UP,4.0,0.0,6,6,56,-61.5,25.552,7.959,0,0,0,32,0,63.0,0.0,0,0,,,,,,,,,,,,,,,,,,,,,0.0,0,,SYNTHETIC,0
doe-000,0,8,2026-09-03T09:00:08Z,2026-09-03T09:00:09Z,2026-09-03T09:00:08Z,2026-09-03T09:00:09Z,site_a,SIM,synthetic_demo,A-WAN-1,UP,1000.0,359.2863,358.42,0.0,17.11,0.0862,0.075,0,UP,4.0,0.0,48,48,139,-61.5,15.293,4.922,1,1,0,31,0,347.0,0.0,0,0,MAINS,MAINS,1,0,53.59,92.0,48.3886,48.7474,-4.0,3.7222,3.7222,3.7498,3.7498,0.0,23.2,1098.895,,58.732,,CHARGE,0.0,0,,SYNTHETIC,0
doe-000,0,8,2026-09-03T09:00:08Z,2026-09-03T09:00:09Z,2026-09-03T09:00:08Z,2026-09-03T09:00:09Z,site_b,SIM,synthetic_demo,B-WAN-1,UP,1000.0,59.6177,59.8,0.0,22.17,0.8689,0.092,0,UP,4.0,0.0,6,6,41,-61.5,20.708,6.213,0,1,0,32,0,90.0,0.0,0,0,,,,,,,,,,,,,,,,,,,,,0.0,0,,SYNTHETIC,0
doe-000,0,9,2026-09-03T09:00:09Z,2026-09-03T09:00:10Z,2026-09-03T09:00:09Z,2026-09-03T09:00:10Z,site_a,SIM,synthetic_demo,A-WAN-1,UP,1000.0,366.6448,366.64,0.0,16.05,0.5401,0.079,0,UP,4.0,0.0,48,48,183,-61.3,17.08,4.938,0,4,0,31,0,360.0,0.0,0,0,MAINS,MAINS,1,0,53.53,92.0,48.3888,48.7476,-4.0,3.72221,3.72221,3.74981,3.74981,0.0,22.8,1092.593,,59.073,,CHARGE,0.0,0,,SYNTHETIC,0
doe-000,0,9,2026-09-03T09:00:09Z,2026-09-03T09:00:10Z,2026-09-03T09:00:09Z,2026-09-03T09:00:10Z,site_b,SIM,synthetic_demo,B-WAN-1,UP,1000.0,60.6002,60.99,0.0,21.95,1.4401,0.122,0,UP,4.0,0.0,6,6,71,-62.9,29.892,9.166,0,0,0,32,0,43.0,0.0,0,0,,,,,,,,,,,,,,,,,,,,,0.0,0,,SYNTHETIC,0
doe-000,0,10,2026-09-03T09:00:10Z,2026-09-03T09:00:11Z,2026-09-03T09:00:10Z,2026-09-03T09:00:11Z,site_a,SIM,synthetic_demo,A-WAN-1,UP,1000.0,351.8356,352.73,0.0,19.23,2.7546,0.11,0,UP,4.0,0.0,48,48,176,-61.8,17.037,5.175,0,0,0,31,0,388.0,0.0,0,0,MAINS,MAINS,1,0,53.52,92.0,48.389,48.7478,-4.0,3.72223,3.72223,3.74983,3.74983,0.0,22.9,1086.902,,59.385,,CHARGE,0.0,0,,SYNTHETIC,0
doe-000,0,10,2026-09-03T09:00:10Z,2026-09-03T09:00:11Z,2026-09-03T09:00:10Z,2026-09-03T09:00:11Z,site_b,SIM,synthetic_demo,B-WAN-1,UP,1000.0,52.3041,51.37,0.0,20.95,0.5128,0.086,0,UP,4.0,0.0,6,6,47,-64.2,23.29,7.978,0,0,0,32,0,83.0,0.0,0,0,,,,,,,,,,,,,,,,,,,,,0.0,0,,SYNTHETIC,0
doe-000,0,11,2026-09-03T09:00:11Z,2026-09-03T09:00:12Z,2026-09-03T09:00:11Z,2026-09-03T09:00:12Z,site_a,SIM,synthetic_demo,A-WAN-1,UP,1000.0,372.6564,372.66,0.0,16.3,0.1371,0.087,0,UP,4.0,0.0,48,48,210,-62.3,17.617,5.147,1,2,0,31,0,349.0,0.0,0,0,MAINS,MAINS,1,0,53.51,92.0,48.3892,48.748,-4.0,3.72224,3.72224,3.74984,3.74984,0.0,,1094.531,,58.974,,CHARGE,0.0,0,,SYNTHETIC|GAP|MISSING_MCAR,0
doe-000,0,11,2026-09-03T09:00:11Z,2026-09-03T09:00:12Z,2026-09-03T09:00:11Z,2026-09-03T09:00:12Z,site_b,SIM,synthetic_demo,B-WAN-1,UP,1000.0,58.8622,58.77,0.0,23.06,1.6148,0.131,0,UP,4.0,0.0,6,6,77,-59.7,28.814,8.831,0,2,0,32,0,85.0,0.0,0,0,,,,,,,,,,,,,,,,,,,,,0.0,0,,SYNTHETIC,0
doe-000,0,12,2026-09-03T09:00:12Z,2026-09-03T09:00:13Z,2026-09-03T09:00:12Z,2026-09-03T09:00:13Z,site_a,SIM,synthetic_demo,A-WAN-1,UP,1000.0,340.4224,340.02,0.0,18.09,2.3064,0.079,0,UP,4.0,0.0,48,48,101,-62.3,14.896,4.378,0,1,0,31,0,379.0,0.0,0,0,MAINS,MAINS,1,0,53.68,92.0,48.3894,48.7482,-4.0,3.72226,3.72226,3.74986,3.74986,0.0,23.0,1074.563,,60.073,,CHARGE,0.0,0,,SYNTHETIC,0
doe-000,0,12,2026-09-03T09:00:12Z,2026-09-03T09:00:13Z,2026-09-03T09:00:12Z,2026-09-03T09:00:13Z,site_b,SIM,synthetic_demo,B-WAN-1,UP,1000.0,56.4591,55.59,0.0,23.87,3.0357,0.115,0,UP,4.0,0.0,6,6,38,-63.5,21.039,6.483,0,0,0,32,0,57.0,0.0,0,0,,,,,,,,,,,,,,,,,,,,,0.0,0,,SYNTHETIC,0
doe-000,0,13,2026-09-03T09:00:13Z,2026-09-03T09:00:14Z,2026-09-03T09:00:13Z,2026-09-03T09:00:14Z,site_a,SIM,synthetic_demo,A-WAN-1,UP,1000.0,373.0313,373.05,0.0,18.57,2.237,0.05,0,UP,4.0,0.0,48,48,91,-61.9,14.131,4.248,0,1,0,31,0,561.0,0.0,0,0,MAINS,MAINS,1,0,53.5,92.0,48.3896,48.7484,-4.0,3.72228,3.72228,3.74988,3.74988,0.0,23.0,1082.285,,59.647,,CHARGE,0.0,0,,SYNTHETIC,0
doe-000,0,13,2026-09-03T09:00:13Z,2026-09-03T09:00:14Z,2026-09-03T09:00:13Z,2026-09-03T09:00:14Z,site_b,SIM,synthetic_demo,B-WAN-1,UP,1000.0,63.15,63.5,0.0,22.22,1.2856,0.097,0,UP,4.0,0.0,6,6,46,-60.3,22.838,6.608,0,0,0,32,0,58.0,0.0,0,0,,,,,,,,,,,,,,,,,,,,,0.0,0,,SYNTHETIC,0
doe-000,0,14,2026-09-03T09:00:14Z,2026-09-03T09:00:15Z,2026-09-03T09:00:14Z,2026-09-03T09:00:15Z,site_a,SIM,synthetic_demo,A-WAN-1,UP,1000.0,371.0345,371.51,0.0,16.6,1.3444,0.119,0,UP,4.0,0.0,48,48,128,-61.4,15.812,4.515,1,1,0,31,0,283.0,0.0,0,0,MAINS,MAINS,1,0,53.52,92.0,48.3898,48.7486,-4.0,3.72229,3.72229,3.74989,3.74989,0.0,22.9,1091.991,,59.12,,CHARGE,0.0,0,,SYNTHETIC,0
doe-000,0,14,2026-09-03T09:00:14Z,2026-09-03T09:00:15Z,2026-09-03T09:00:14Z,2026-09-03T09:00:15Z,site_b,SIM,synthetic_demo,B-WAN-1,UP,1000.0,59.3688,59.29,0.0,21.55,0.0756,0.124,0,UP,4.0,0.0,6,6,21,-63.3,14.861,4.374,1,0,0,32,0,69.0,0.0,0,0,,,,,,,,,,,,,,,,,,,,,0.0,0,,SYNTHETIC,0
doe-000,0,15,2026-09-03T09:00:15Z,2026-09-03T09:00:16Z,2026-09-03T09:00:15Z,2026-09-03T09:00:16Z,site_a,SIM,synthetic_demo,A-WAN-1,UP,1000.0,381.4667,381.95,0.0,17.92,1.6601,0.12,0,UP,4.0,0.0,48,48,227,-61.7,18.385,5.442,1,4,0,31,0,340.0,0.0,0,0,MAINS,MAINS,1,0,53.51,92.0,48.39,48.7488,-4.0,3.72231,3.72231,3.74991,3.74991,0.0,23.0,1093.461,,59.043,,CHARGE,0.0,0,,SYNTHETIC,0
doe-000,0,15,2026-09-03T09:00:15Z,2026-09-03T09:00:16Z,2026-09-03T09:00:15Z,2026-09-03T09:00:16Z,site_b,SIM,synthetic_demo,B-WAN-1,UP,1000.0,71.0137,72.0,0.0,26.57,5.2421,0.134,0,UP,4.0,0.0,6,6,26,-62.6,17.444,5.391,0,1,0,32,0,76.0,0.0,0,0,,,,,,,,,,,,,,,,,,,,,0.0,0,,SYNTHETIC,0
doe-000,0,16,2026-09-03T09:00:16Z,2026-09-03T09:00:17Z,2026-09-03T09:00:16Z,2026-09-03T09:00:17Z,site_a,SIM,synthetic_demo,A-WAN-1,UP,1000.0,368.7699,368.66,0.0,18.76,2.8535,0.095,0,UP,4.0,0.0,48,48,147,-63.0,15.727,4.927,1,2,0,31,0,381.0,0.0,0,0,MAINS,MAINS,1,0,53.61,92.0,48.3902,48.749,-4.0,3.72233,3.72233,3.74993,3.74993,0.0,22.9,1084.683,,59.523,,CHARGE,0.0,0,,SYNTHETIC,0
doe-000,0,16,2026-09-03T09:00:16Z,2026-09-03T09:00:17Z,2026-09-03T09:00:16Z,2026-09-03T09:00:17Z,site_b,SIM,synthetic_demo,B-WAN-1,UP,1000.0,62.4293,62.5,0.0,24.84,3.442,0.06,0,UP,4.0,0.0,6,6,68,-62.4,26.435,8.051,0,0,0,32,0,57.0,0.0,0,0,,,,,,,,,,,,,,,,,,,,,0.0,0,,SYNTHETIC,0
doe-000,0,17,2026-09-03T09:00:17Z,2026-09-03T09:00:18Z,2026-09-03T09:00:17Z,2026-09-03T09:00:18Z,site_a,SIM,synthetic_demo,A-WAN-1,UP,1000.0,385.2976,384.59,0.0,17.39,0.6502,0.117,0,UP,4.0,0.0,48,48,257,-61.4,19.923,5.975,0,5,0,31,0,356.0,0.0,0,0,MAINS,MAINS,1,0,53.54,92.0,48.3904,48.7492,-4.0,3.72234,3.72234,3.74994,3.74994,0.0,22.8,1084.283,,59.548,,CHARGE,0.0,0,,SYNTHETIC,0
doe-000,0,17,2026-09-03T09:00:17Z,2026-09-03T09:00:18Z,2026-09-03T09:00:17Z,2026-09-03T09:00:18Z,site_b,SIM,synthetic_demo,B-WAN-1,UP,1000.0,70.4233,71.06,0.0,22.45,1.6112,0.128,0,UP,4.0,0.0,6,6,33,-60.4,19.96,5.931,0,2,0,32,0,84.0,0.0,0,0,,,,,,,,,,,,,,,,,,,,,0.0,0,,SYNTHETIC,0
doe-000,0,18,2026-09-03T09:00:18Z,2026-09-03T09:00:19Z,2026-09-03T09:00:18Z,2026-09-03T09:00:19Z,site_a,SIM,synthetic_demo,A-WAN-1,UP,1000.0,400.8629,400.37,0.0,16.54,0.648,0.042,0,UP,4.0,0.0,48,48,253,-60.4,19.076,5.573,0,3,0,31,0,446.0,0.0,0,0,MAINS,MAINS,1,0,53.64,92.0,48.3907,48.7495,-4.0,3.72236,3.72236,3.74996,3.74996,0.0,23.1,1080.657,,59.751,,CHARGE,0.0,0,,SYNTHETIC,0
doe-000,0,18,2026-09-03T09:00:18Z,2026-09-03T09:00:19Z,2026-09-03T09:00:18Z,2026-09-03T09:00:19Z,site_b,SIM,synthetic_demo,B-WAN-1,UP,1000.0,86.2521,86.24,0.0,26.15,4.4926,0.111,0,UP,4.0,0.0,6,6,48,-63.0,22.474,7.261,0,0,0,32,0,75.0,0.0,0,0,,,,,,,,,,,,,,,,,,,,,0.0,0,,SYNTHETIC,0
doe-000,0,19,2026-09-03T09:00:19Z,2026-09-03T09:00:20Z,2026-09-03T09:00:19Z,2026-09-03T09:00:20Z,site_a,SIM,synthetic_demo,A-WAN-1,UP,1000.0,410.9842,410.7,0.0,15.92,0.7545,0.067,0,UP,4.0,0.0,48,48,234,-61.1,19.202,5.671,1,0,0,31,0,373.0,0.0,0,0,MAINS,MAINS,1,0,53.67,92.0,48.3909,48.7497,-4.0,3.72237,3.72237,3.74997,3.74997,0.0,23.0,1074.742,,60.082,,CHARGE,0.0,0,,SYNTHETIC,0
doe-000,0,19,2026-09-03T09:00:19Z,2026-09-03T09:00:20Z,2026-09-03T09:00:19Z,2026-09-03T09:00:20Z,site_b,SIM,synthetic_demo,B-WAN-1,UP,1000.0,69.3179,68.98,0.0,21.55,0.4926,0.113,0,UP,4.0,0.0,6,6,27,-64.1,18.805,6.14,0,0,0,32,0,31.0,0.0,0,0,,,,,,,,,,,,,,,,,,,,,0.0,0,,SYNTHETIC,0
doe-000,0,20,2026-09-03T09:00:20Z,2026-09-03T09:00:21Z,2026-09-03T09:00:20Z,2026-09-03T09:00:21Z,site_a,SIM,synthetic_demo,A-WAN-1,UP,1000.0,410.6302,411.65,0.0,18.25,2.1084,0.076,0,UP,4.0,0.0,48,48,206,-61.8,17.564,5.083,1,2,0,31,0,367.0,0.0,0,0,MAINS,MAINS,1,0,53.63,92.0,48.3911,48.7499,-4.0,3.72239,3.72239,3.74999,3.74999,0.0,23.0,1093.341,,59.063,,CHARGE,0.0,0,,SYNTHETIC,0
doe-000,0,20,2026-09-03T09:00:20Z,2026-09-03T09:00:21Z,2026-09-03T09:00:20Z,2026-09-03T09:00:21Z,site_b,SIM,synthetic_demo,B-WAN-1,UP,1000.0,69.8529,69.79,0.0,21.88,1.4653,0.15,0,UP,4.0,0.0,6,6,29,-63.9,18.971,6.447,0,1,0,32,0,76.0,0.0,0,0,,,,,,,,,,,,,,,,,,,,,0.0,0,,SYNTHETIC,0
doe-000,0,21,2026-09-03T09:00:21Z,2026-09-03T09:00:22Z,2026-09-03T09:00:21Z,2026-09-03T09:00:22Z,site_a,SIM,synthetic_demo,A-WAN-1,UP,1000.0,387.4686,386.52,0.0,17.76,2.1973,0.082,0,UP,4.0,0.0,48,48,217,-61.3,18.052,5.31,1,3,0,31,0,253.0,0.0,0,0,MAINS,MAINS,1,0,53.53,92.0,48.3913,48.7501,-4.0,3.72241,3.72241,3.75001,3.75001,0.0,23.2,1101.658,,58.62,,CHARGE,0.0,0,,SYNTHETIC,0
doe-000,0,21,2026-09-03T09:00:21Z,2026-09-03T09:00:22Z,2026-09-03T09:00:21Z,2026-09-03T09:00:22Z,site_b,SIM,synthetic_demo,B-WAN-1,UP,1000.0,64.512,64.41,0.0,21.46,0.6108,0.09,0,UP,4.0,0.0,6,6,56,-63.4,25.974,7.187,0,1,0,32,0,60.0,0.0,0,0,,,,,,,,,,,,,,,,,,,,,0.0,0,,SYNTHETIC,0
doe-000,0,22,2026-09-03T09:00:22Z,2026-09-03T09:00:23Z,2026-09-03T09:00:22Z,2026-09-03T09:00:23Z,site_a,SIM,synthetic_demo,A-WAN-1,UP,1000.0,405.1077,404.96,0.0,16.33,0.0442,0.094,0,UP,4.0,0.0,48,48,215,-62.5,18.47,5.463,2,1,0,31,0,409.0,0.0,0,0,MAINS,MAINS,1,0,53.59,92.0,48.3915,48.7503,-4.0,3.72242,3.72242,3.75002,3.75002,0.0,23.0,1090.835,,59.204,,CHARGE,0.0,0,,SYNTHETIC,0
doe-000,0,22,2026-09-03T09:00:22Z,2026-09-03T09:00:23Z,2026-09-03T09:00:22Z,2026-09-03T09:00:23Z,site_b,SIM,synthetic_demo,B-WAN-1,UP,1000.0,70.4738,70.06,0.0,23.17,3.1102,,0,UP,4.0,0.0,6,6,36,-61.2,21.354,6.56,1,0,0,32,0,74.0,0.0,0,0,,,,,,,,,,,,,,,,,,,,,0.0,0,,SYNTHETIC|GAP|MISSING_MCAR,0
doe-000,0,23,2026-09-03T09:00:23Z,2026-09-03T09:00:24Z,2026-09-03T09:00:23Z,2026-09-03T09:00:24Z,site_a,SIM,synthetic_demo,A-WAN-1,UP,1000.0,401.7379,402.59,0.0,18.45,2.3734,0.076,0,UP,4.0,0.0,48,48,186,-61.6,17.307,5.137,1,1,0,31,0,252.0,0.0,0,0,MAINS,MAINS,1,0,53.6,92.0,48.3917,48.7505,-4.0,3.72244,3.72244,3.75004,3.75004,0.0,23.0,1082.499,,59.663,,CHARGE,0.0,0,,SYNTHETIC,0
doe-000,0,23,2026-09-03T09:00:23Z,2026-09-03T09:00:24Z,2026-09-03T09:00:23Z,2026-09-03T09:00:24Z,site_b,SIM,synthetic_demo,B-WAN-1,UP,1000.0,82.1758,81.77,0.0,22.12,1.602,0.078,0,UP,4.0,0.0,6,6,56,-62.6,24.515,7.166,0,0,0,32,0,120.0,0.0,0,0,,,,,,,,,,,,,,,,,,,,,0.0,0,,SYNTHETIC,0
doe-000,0,24,2026-09-03T09:00:24Z,2026-09-03T09:00:25Z,2026-09-03T09:00:24Z,2026-09-03T09:00:25Z,site_a,SIM,synthetic_demo,A-WAN-1,UP,1000.0,441.0454,441.48,0.0,16.81,0.4623,0.08,0,UP,4.0,0.0,48,48,133,-61.3,16.19,4.61,0,3,0,31,0,371.0,0.0,0,0,MAINS,MAINS,1,0,53.66,92.0,48.3919,48.7507,-4.0,3.72245,3.72245,3.75005,3.75005,0.0,23.1,1087.318,,59.401,,CHARGE,0.0,0,,SYNTHETIC,0
doe-000,0,24,2026-09-03T09:00:24Z,2026-09-03T09:00:25Z,2026-09-03T09:00:24Z,2026-09-03T09:00:25Z,site_b,SIM,synthetic_demo,B-WAN-1,UP,1000.0,72.3357,72.05,0.0,22.56,0.4232,0.092,0,UP,4.0,0.0,6,6,23,-61.6,15.901,5.233,1,1,0,32,0,92.0,0.0,0,0,,,,,,,,,,,,,,,,,,,,,0.0,0,,SYNTHETIC,0
doe-000,0,25,2026-09-03T09:00:25Z,2026-09-03T09:00:26Z,2026-09-03T09:00:25Z,2026-09-03T09:00:26Z,site_a,SIM,synthetic_demo,A-WAN-1,UP,1000.0,495.1482,495.92,0.0,16.85,0.6791,0.062,0,UP,4.0,0.0,48,48,151,-61.9,16.595,4.688,1,0,0,31,0,269.0,0.0,0,0,MAINS,MAINS,1,0,53.62,92.0,48.3921,48.7509,-4.0,3.72247,3.72247,3.75007,3.75007,0.0,22.9,1079.469,,59.835,,CHARGE,0.0,0,,SYNTHETIC,0
doe-000,0,25,2026-09-03T09:00:25Z,2026-09-03T09:00:26Z,2026-09-03T09:00:25Z,2026-09-03T09:00:26Z,site_b,SIM,synthetic_demo,B-WAN-1,UP,1000.0,73.327,72.97,0.0,22.16,1.6755,0.092,0,UP,4.0,0.0,6,6,39,-62.6,20.543,6.392,0,0,0,32,0,111.0,0.0,0,0,,,,,,,,,,,,,,,,,,,,,0.0,0,,SYNTHETIC,0
doe-000,0,26,2026-09-03T09:00:26Z,2026-09-03T09:00:27Z,2026-09-03T09:00:26Z,2026-09-03T09:00:27Z,site_a,SIM,synthetic_demo,A-WAN-1,UP,1000.0,567.1337,567.86,0.0,18.51,2.8603,0.095,0,UP,4.0,0.0,48,48,198,-62.6,17.613,5.05,0,4,0,31,0,350.0,0.0,0,0,MAINS,MAINS,1,0,53.62,92.0,48.3923,48.7511,-4.0,3.72249,3.72249,3.75009,3.75009,0.0,22.9,1087.914,,59.374,,CHARGE,0.0,0,,SYNTHETIC,0
doe-000,0,26,2026-09-03T09:00:26Z,2026-09-03T09:00:27Z,2026-09-03T09:00:26Z,2026-09-03T09:00:27Z,site_b,SIM,synthetic_demo,B-WAN-1,UP,1000.0,69.5825,69.99,0.0,21.22,0.1499,0.096,0,UP,4.0,0.0,6,6,72,-61.7,28.008,9.118,0,0,0,32,0,56.0,0.0,0,0,,,,,,,,,,,,,,,,,,,,,0.0,0,,SYNTHETIC,0
doe-000,0,27,2026-09-03T09:00:27Z,2026-09-03T09:00:28Z,2026-09-03T09:00:27Z,2026-09-03T09:00:28Z,site_a,SIM,synthetic_demo,A-WAN-1,UP,1000.0,462.3159,462.32,0.0,18.0,1.5373,0.072,0,UP,4.0,0.0,48,48,311,-62.1,20.987,6.494,1,2,0,31,0,307.0,0.0,0,0,MAINS,MAINS,1,0,53.58,92.0,48.3925,48.7513,-4.0,3.7225,3.7225,3.7501,3.7501,0.0,23.0,1089.816,,59.273,,CHARGE,0.0,0,,SYNTHETIC,0
doe-000,0,27,2026-09-03T09:00:27Z,2026-09-03T09:00:28Z,2026-09-03T09:00:27Z,2026-09-03T09:00:28Z,site_b,SIM,synthetic_demo,B-WAN-1,UP,1000.0,74.2997,74.54,0.0,21.44,0.3216,0.081,0,UP,4.0,0.0,6,6,42,-60.7,19.312,6.476,0,1,0,32,0,57.0,0.0,0,0,,,,,,,,,,,,,,,,,,,,,0.0,0,,SYNTHETIC,0
doe-000,0,28,2026-09-03T09:00:28Z,2026-09-03T09:00:29Z,2026-09-03T09:00:28Z,2026-09-03T09:00:29Z,site_a,SIM,synthetic_demo,A-WAN-1,UP,1000.0,434.7173,433.81,0.0,16.07,0.2742,0.101,0,UP,4.0,0.0,48,48,295,-62.9,20.531,6.169,1,5,0,31,0,385.0,0.0,0,0,MAINS,MAINS,1,0,53.5,92.0,48.3928,48.7516,-4.0,3.72252,3.72252,3.75012,3.75012,0.0,23.0,1081.625,,59.724,,CHARGE,0.0,0,,SYNTHETIC,0
doe-000,0,28,2026-09-03T09:00:28Z,2026-09-03T09:00:29Z,2026-09-03T09:00:28Z,2026-09-03T09:00:29Z,site_b,SIM,synthetic_demo,B-WAN-1,UP,1000.0,69.596,69.58,0.0,21.23,0.1773,0.078,0,UP,4.0,0.0,6,6,89,-60.0,34.177,9.211,0,0,0,32,0,63.0,0.0,0,0,,,,,,,,,,,,,,,,,,,,,0.0,0,,SYNTHETIC,0
doe-000,0,29,2026-09-03T09:00:29Z,2026-09-03T09:00:30Z,2026-09-03T09:00:29Z,2026-09-03T09:00:30Z,site_a,SIM,synthetic_demo,A-WAN-1,UP,1000.0,428.081,427.6,0.0,17.52,2.0647,0.063,0,UP,4.0,0.0,48,48,176,-61.5,17.068,5.047,2,2,0,31,0,331.0,0.0,0,0,MAINS,MAINS,1,0,53.53,92.0,48.393,48.7518,-4.0,3.72254,3.72254,3.75014,3.75014,0.0,23.1,1087.861,,59.385,,CHARGE,0.0,0,,SYNTHETIC,0
doe-000,0,29,2026-09-03T09:00:29Z,2026-09-03T09:00:30Z,2026-09-03T09:00:29Z,2026-09-03T09:00:30Z,site_b,SIM,synthetic_demo,B-WAN-1,UP,1000.0,72.3986,73.63,0.0,21.07,0.3937,0.082,0,UP,4.0,0.0,6,6,53,-64.6,25.192,7.427,0,0,0,32,0,72.0,0.0,0,0,,,,,,,,,,,,,,,,,,,,,0.0,0,,SYNTHETIC,0
doe-000,0,30,2026-09-03T09:00:30Z,2026-09-03T09:00:31Z,2026-09-03T09:00:30Z,2026-09-03T09:00:31Z,site_a,SIM,synthetic_demo,A-WAN-1,UP,1000.0,413.2033,413.34,0.0,16.4,0.3783,0.088,0,UP,4.0,0.0,48,48,219,-62.2,18.31,5.57,1,1,0,31,0,295.0,0.0,0,0,MAINS,MAINS,1,0,53.51,92.0,48.3932,48.752,-4.0,3.72255,3.72255,3.75015,3.75015,0.0,23.0,1090.521,,59.243,,CHARGE,0.0,0,,SYNTHETIC,0
doe-000,0,30,2026-09-03T09:00:30Z,2026-09-03T09:00:31Z,2026-09-03T09:00:30Z,2026-09-03T09:00:31Z,site_b,SIM,synthetic_demo,B-WAN-1,UP,1000.0,64.2743,64.77,0.0,22.37,0.4091,0.082,0,UP,4.0,0.0,6,6,27,-62.8,18.83,5.432,0,0,0,32,0,71.0,0.0,0,0,,,,,,,,,,,,,,,,,,,,,0.0,0,,SYNTHETIC,0
doe-000,0,31,2026-09-03T09:00:31Z,2026-09-03T09:00:32Z,2026-09-03T09:00:31Z,2026-09-03T09:00:32Z,site_a,SIM,synthetic_demo,A-WAN-1,UP,1000.0,475.6485,475.47,0.0,17.89,0.5366,0.106,0,UP,4.0,0.0,48,48,232,-62.0,19.176,5.532,2,6,0,31,0,214.0,0.0,0,0,MAINS,MAINS,1,0,53.55,92.0,48.3934,48.7522,-4.0,3.72257,3.72257,3.75017,3.75017,0.0,23.1,1091.517,,59.191,,CHARGE,0.0,0,,SYNTHETIC,0
doe-000,0,31,2026-09-03T09:00:31Z,2026-09-03T09:00:32Z,2026-09-03T09:00:31Z,2026-09-03T09:00:32Z,site_b,SIM,synthetic_demo,B-WAN-1,UP,1000.0,68.9654,68.96,0.0,21.18,0.6669,0.099,0,UP,4.0,0.0,6,6,43,-62.3,22.69,6.228,1,1,0,32,0,52.0,0.0,0,0,,,,,,,,,,,,,,,,,,,,,0.0,0,,SYNTHETIC,0
doe-000,0,32,2026-09-03T09:00:32Z,2026-09-03T09:00:33Z,2026-09-03T09:00:32Z,2026-09-03T09:00:33Z,site_a,SIM,synthetic_demo,A-WAN-1,UP,1000.0,447.1995,446.63,0.0,17.33,1.7916,0.105,0,UP,4.0,0.0,48,48,164,-61.1,17.506,4.752,0,3,0,31,0,318.0,0.0,0,0,MAINS,MAINS,1,0,53.57,92.0,48.3936,48.7524,-4.0,3.72258,3.72258,3.75018,3.75018,0.0,23.0,1078.921,,59.885,,CHARGE,0.0,0,,SYNTHETIC,0
doe-000,0,32,2026-09-03T09:00:32Z,2026-09-03T09:00:33Z,2026-09-03T09:00:32Z,2026-09-03T09:00:33Z,site_b,SIM,synthetic_demo,B-WAN-1,UP,1000.0,69.3848,68.85,0.0,22.46,1.3935,0.096,0,UP,4.0,0.0,6,6,34,-58.9,20.179,6.215,1,2,0,32,0,55.0,0.0,0,0,,,,,,,,,,,,,,,,,,,,,0.0,0,,SYNTHETIC,0
doe-000,0,33,2026-09-03T09:00:33Z,2026-09-03T09:00:34Z,2026-09-03T09:00:33Z,2026-09-03T09:00:34Z,site_a,SIM,synthetic_demo,A-WAN-1,UP,1000.0,410.718,411.27,0.0,16.88,1.0413,0.04,0,UP,4.0,0.0,48,48,286,-62.3,20.0,6.101,0,2,0,31,0,292.0,0.0,0,0,MAINS,MAINS,1,0,53.65,92.0,48.3938,48.7526,-4.0,3.7226,3.7226,3.7502,3.7502,0.0,23.1,1082.772,,59.675,,CHARGE,0.0,0,,SYNTHETIC,0
doe-000,0,33,2026-09-03T09:00:33Z,2026-09-03T09:00:34Z,2026-09-03T09:00:33Z,2026-09-03T09:00:34Z,site_b,SIM,synthetic_demo,B-WAN-1,UP,1000.0,66.7866,67.23,0.0,22.9,1.0509,0.102,0,UP,4.0,0.0,6,6,53,-61.9,23.084,7.308,0,0,0,32,0,56.0,0.0,0,0,,,,,,,,,,,,,,,,,,,,,0.0,0,,SYNTHETIC,0
doe-000,0,34,2026-09-03T09:00:34Z,2026-09-03T09:00:35Z,2026-09-03T09:00:34Z,2026-09-03T09:00:35Z,site_a,SIM,synthetic_demo,A-WAN-1,UP,1000.0,414.083,414.09,0.0,18.28,1.4575,0.079,0,UP,4.0,0.0,48,48,171,-62.2,16.565,5.03,2,5,0,31,0,312.0,0.0,0,0,MAINS,MAINS,1,0,53.5,92.0,48.394,48.7528,-4.0,3.72262,3.72262,3.75022,3.75022,0.0,23.0,1092.139,,59.166,,CHARGE,0.0,0,,SYNTHETIC,0
doe-000,0,34,2026-09-03T09:00:34Z,2026-09-03T09:00:35Z,2026-09-03T09:00:34Z,2026-09-03T09:00:35Z,site_b,SIM,synthetic_demo,B-WAN-1,UP,1000.0,64.8354,65.54,0.0,21.47,0.3313,0.089,0,UP,4.0,0.0,6,6,25,-60.5,19.721,4.871,0,0,0,32,0,55.0,0.0,0,0,,,,,,,,,,,,,,,,,,,,,0.0,0,,SYNTHETIC,0
doe-000,0,35,2026-09-03T09:00:35Z,2026-09-03T09:00:36Z,2026-09-03T09:00:35Z,2026-09-03T09:00:36Z,site_a,SIM,synthetic_demo,A-WAN-1,UP,1000.0,391.7984,392.01,0.0,18.74,2.4132,0.07,0,UP,4.0,0.0,48,48,312,-62.3,21.056,6.174,1,4,0,31,0,168.0,0.0,0,0,MAINS,MAINS,1,0,53.56,92.0,48.3942,48.753,-4.0,3.72263,3.72263,3.75023,3.75023,0.0,22.9,1090.866,,59.237,,CHARGE,0.0,0,,SYNTHETIC,0
doe-000,0,35,2026-09-03T09:00:35Z,2026-09-03T09:00:36Z,2026-09-03T09:00:35Z,2026-09-03T09:00:36Z,site_b,SIM,synthetic_demo,B-WAN-1,UP,1000.0,73.7842,73.61,0.0,23.55,2.1831,0.134,0,UP,4.0,0.0,6,6,33,-62.9,18.177,6.533,0,0,0,32,0,51.0,0.0,0,0,,,,,,,,,,,,,,,,,,,,,0.0,0,,SYNTHETIC,0
doe-000,0,36,2026-09-03T09:00:36Z,2026-09-03T09:00:37Z,2026-09-03T09:00:36Z,2026-09-03T09:00:37Z,site_a,SIM,synthetic_demo,A-WAN-1,UP,1000.0,514.0597,514.83,0.0,17.16,1.6571,0.069,0,UP,4.0,0.0,48,48,300,-62.3,20.28,6.295,3,2,0,31,0,387.0,0.0,0,0,MAINS,MAINS,1,0,53.63,92.0,48.3944,48.7532,-4.0,3.72265,3.72265,3.75025,3.75025,0.0,22.9,1095.612,,58.984,,CHARGE,0.0,0,,SYNTHETIC,0
doe-000,0,36,2026-09-03T09:00:36Z,2026-09-03T09:00:37Z,2026-09-03T09:00:36Z,2026-09-03T09:00:37Z,site_b,SIM,synthetic_demo,B-WAN-1,UP,1000.0,63.0347,64.44,0.0,25.23,4.3061,0.091,0,UP,4.0,0.0,6,6,48,-61.8,23.826,6.531,0,2,0,32,0,83.0,0.0,0,0,,,,,,,,,,,,,,,,,,,,,0.0,0,,SYNTHETIC,0
doe-000,0,37,2026-09-03T09:00:37Z,2026-09-03T09:00:38Z,2026-09-03T09:00:37Z,2026-09-03T09:00:38Z,site_a,SIM,synthetic_demo,A-WAN-1,UP,1000.0,432.6797,432.2,0.0,16.61,0.6649,0.079,0,UP,4.0,0.0,48,48,190,-61.7,17.139,4.998,0,7,0,31,0,319.0,0.0,0,0,MAINS,MAINS,1,0,53.63,92.0,48.3946,48.7534,-4.0,3.72266,3.72266,3.75026,3.75026,0.0,23.0,1082.625,,59.694,,CHARGE,0.0,0,,SYNTHETIC,0
doe-000,0,37,2026-09-03T09:00:37Z,2026-09-03T09:00:38Z,2026-09-03T09:00:37Z,2026-09-03T09:00:38Z,site_b,SIM,synthetic_demo,B-WAN-1,UP,1000.0,65.3696,66.54,0.0,21.46,0.5214,0.094,0,UP,4.0,0.0,6,6,41,-63.8,19.552,6.618,0,0,0,32,0,67.0,0.0,0,0,,,,,,,,,,,,,,,,,,,,,0.0,0,,SYNTHETIC,0
doe-000,0,38,2026-09-03T09:00:38Z,2026-09-03T09:00:39Z,2026-09-03T09:00:38Z,2026-09-03T09:00:39Z,site_a,SIM,synthetic_demo,A-WAN-1,UP,1000.0,413.0923,412.72,0.0,17.23,1.1808,0.09,0,UP,4.0,0.0,48,48,311,-62.8,21.243,6.338,0,4,0,31,0,238.0,0.0,0,0,MAINS,MAINS,1,0,,92.0,48.3949,48.7537,-4.0,3.72268,3.72268,3.75028,3.75028,0.0,22.9,1090.851,,59.246,,CHARGE,0.0,0,,SYNTHETIC|GAP|MISSING_MAR,0
doe-000,0,38,2026-09-03T09:00:38Z,2026-09-03T09:00:39Z,2026-09-03T09:00:38Z,2026-09-03T09:00:39Z,site_b,SIM,synthetic_demo,B-WAN-1,UP,1000.0,64.2134,65.38,0.0,21.44,0.5267,0.111,0,UP,4.0,0.0,6,6,20,-63.1,17.919,4.947,0,0,0,32,0,76.0,0.0,0,0,,,,,,,,,,,,,,,,,,,,,0.0,0,,SYNTHETIC,0
doe-000,0,39,2026-09-03T09:00:39Z,2026-09-03T09:00:40Z,2026-09-03T09:00:39Z,2026-09-03T09:00:40Z,site_a,SIM,synthetic_demo,A-WAN-1,UP,1000.0,433.8284,433.54,0.0,16.45,0.5583,0.083,0,UP,4.0,0.0,48,48,181,-61.3,17.301,5.175,0,6,0,31,0,266.0,0.0,0,0,MAINS,MAINS,1,0,53.62,92.0,48.3951,48.7539,-4.0,3.7227,3.7227,3.7503,3.7503,0.0,22.9,1080.588,,59.812,,CHARGE,0.0,0,,SYNTHETIC,0
doe-000,0,39,2026-09-03T09:00:39Z,2026-09-03T09:00:40Z,2026-09-03T09:00:39Z,2026-09-03T09:00:40Z,site_b,SIM,synthetic_demo,B-WAN-1,UP,1000.0,68.6586,69.48,0.0,23.99,2.8945,0.103,0,UP,4.0,0.0,6,6,68,-63.3,26.284,8.769,0,1,0,32,0,84.0,0.0,0,0,,,,,,,,,,,,,,,,,,,,,0.0,0,,SYNTHETIC,0
doe-000,0,40,2026-09-03T09:00:40Z,2026-09-03T09:00:41Z,2026-09-03T09:00:40Z,2026-09-03T09:00:41Z,site_a,SIM,synthetic_demo,A-WAN-1,UP,1000.0,562.9388,563.59,0.0,17.41,1.4358,0.071,0,UP,4.0,0.0,48,48,182,-62.7,18.005,4.732,2,1,0,31,0,309.0,0.0,0,0,MAINS,MAINS,1,0,53.6,92.0,48.3953,48.7541,-4.0,3.72271,3.72271,3.75031,3.75031,0.0,22.9,1091.675,,59.207,,CHARGE,0.0,0,,SYNTHETIC,0
doe-000,0,40,2026-09-03T09:00:40Z,2026-09-03T09:00:41Z,2026-09-03T09:00:40Z,2026-09-03T09:00:41Z,site_b,SIM,synthetic_demo,B-WAN-1,UP,1000.0,63.0652,63.51,0.0,21.33,0.1458,0.147,0,UP,4.0,0.0,6,6,25,-60.1,18.797,5.213,0,0,0,32,0,77.0,0.0,0,0,,,,,,,,,,,,,,,,,,,,,0.0,0,,SYNTHETIC,0
doe-000,0,41,2026-09-03T09:00:41Z,2026-09-03T09:00:42Z,2026-09-03T09:00:41Z,2026-09-03T09:00:42Z,site_a,SIM,synthetic_demo,A-WAN-1,UP,1000.0,400.7996,400.35,0.0,15.98,0.0307,0.101,0,UP,4.0,0.0,48,48,288,-62.4,20.494,6.211,1,1,0,31,0,289.0,0.0,0,0,MAINS,MAINS,1,0,53.54,92.0,48.3955,48.7543,-4.0,3.72273,3.72273,3.75033,3.75033,0.0,23.1,1074.77,,60.141,,CHARGE,0.0,0,,SYNTHETIC,0
doe-000,0,41,2026-09-03T09:00:41Z,2026-09-03T09:00:42Z,2026-09-03T09:00:41Z,2026-09-03T09:00:42Z,site_b,SIM,synthetic_demo,B-WAN-1,UP,1000.0,58.3974,58.35,0.0,20.9,0.2769,0.108,0,UP,4.0,0.0,6,6,56,-63.2,26.716,7.375,0,0,0,32,0,69.0,0.0,0,0,,,,,,,,,,,,,,,,,,,,,0.0,0,,SYNTHETIC,0
doe-000,0,42,2026-09-03T09:00:42Z,2026-09-03T09:00:43Z,2026-09-03T09:00:42Z,2026-09-03T09:00:43Z,site_a,SIM,synthetic_demo,A-WAN-1,UP,1000.0,428.6703,427.96,0.0,18.91,2.5707,0.068,0,UP,4.0,0.0,48,48,320,-61.5,20.996,6.388,1,4,0,31,0,192.0,0.0,0,0,MAINS,MAINS,1,0,53.57,92.0,48.3957,48.7545,-4.0,3.72275,3.72275,3.75035,3.75035,0.0,23.1,1085.524,,59.548,,CHARGE,0.0,0,,SYNTHETIC,0
doe-000,0,42,2026-09-03T09:00:42Z,2026-09-03T09:00:43Z,2026-09-03T09:00:42Z,2026-09-03T09:00:43Z,site_b,SIM,synthetic_demo,B-WAN-1,UP,1000.0,64.0198,63.61,0.0,22.29,1.8045,0.099,0,UP,4.0,0.0,6,6,28,-61.9,19.21,4.549,0,1,0,32,0,48.0,0.0,0,0,,,,,,,,,,,,,,,,,,,,,0.0,0,,SYNTHETIC,0
doe-000,0,43,2026-09-03T09:00:43Z,2026-09-03T09:00:44Z,2026-09-03T09:00:43Z,2026-09-03T09:00:44Z,site_a,SIM,synthetic_demo,A-WAN-1,UP,1000.0,483.8692,484.39,0.0,15.34,0.0359,0.103,0,UP,4.0,0.0,48,48,236,-63.1,18.409,5.772,3,3,0,31,0,378.0,0.0,0,0,MAINS,MAINS,1,0,53.71,92.0,48.3959,48.7547,-4.0,3.72276,3.72276,3.75036,3.75036,0.0,23.1,1092.816,,59.153,,CHARGE,0.0,0,,SYNTHETIC,0
doe-000,0,43,2026-09-03T09:00:43Z,2026-09-03T09:00:44Z,2026-09-03T09:00:43Z,2026-09-03T09:00:44Z,site_b,SIM,synthetic_demo,B-WAN-1,UP,1000.0,78.0504,78.42,0.0,22.62,1.2969,0.105,0,UP,4.0,0.0,6,6,28,-62.0,19.223,5.661,2,1,0,32,0,79.0,0.0,0,0,,,,,,,,,,,,,,,,,,,,,0.0,0,,SYNTHETIC,0
doe-000,0,44,2026-09-03T09:00:44Z,2026-09-03T09:00:45Z,2026-09-03T09:00:44Z,2026-09-03T09:00:45Z,site_a,SIM,synthetic_demo,A-WAN-1,UP,1000.0,429.1302,428.83,0.0,15.95,0.376,0.096,0,UP,4.0,0.0,48,48,202,-61.6,16.915,5.272,0,4,0,31,0,278.0,0.0,0,0,MAINS,MAINS,1,0,53.59,92.0,48.3961,48.7549,-4.0,3.72278,3.72278,3.75038,3.75038,0.0,22.8,1083.749,,59.651,,CHARGE,0.0,0,,SYNTHETIC,0
doe-000,0,44,2026-09-03T09:00:44Z,2026-09-03T09:00:45Z,2026-09-03T09:00:44Z,2026-09-03T09:00:45Z,site_b,SIM,synthetic_demo,B-WAN-1,UP,1000.0,70.5843,70.87,0.0,22.06,1.1395,0.104,0,UP,4.0,0.0,6,6,44,-63.6,19.772,6.838,0,0,0,32,0,61.0,0.0,0,0,,,,,,,,,,,,,,,,,,,,,0.0,0,,SYNTHETIC,0
doe-000,0,45,2026-09-03T09:00:45Z,2026-09-03T09:00:46Z,2026-09-03T09:00:45Z,2026-09-03T09:00:46Z,site_a,SIM,synthetic_demo,A-WAN-1,UP,1000.0,483.2485,482.57,0.0,19.64,2.4899,0.069,0,UP,4.0,0.0,48,48,170,-62.3,17.105,4.926,2,5,0,31,0,372.0,0.0,0,0,MAINS,MAINS,1,0,53.6,92.0,48.3963,48.7551,-4.0,3.72279,3.72279,3.75039,3.75039,0.0,23.2,1085.855,,59.538,,CHARGE,0.0,0,,SYNTHETIC,0
doe-000,0,45,2026-09-03T09:00:45Z,2026-09-03T09:00:46Z,2026-09-03T09:00:45Z,2026-09-03T09:00:46Z,site_b,SIM,synthetic_demo,B-WAN-1,UP,1000.0,67.0332,66.99,0.0,21.68,0.7293,0.068,0,UP,4.0,0.0,6,6,52,-63.1,24.829,7.586,0,0,0,32,0,35.0,0.0,0,0,,,,,,,,,,,,,,,,,,,,,0.0,0,,SYNTHETIC,0
doe-000,0,46,2026-09-03T09:00:46Z,2026-09-03T09:00:47Z,2026-09-03T09:00:46Z,2026-09-03T09:00:47Z,site_a,SIM,synthetic_demo,A-WAN-1,UP,1000.0,444.0366,443.89,0.0,19.38,2.8805,0.101,0,UP,4.0,0.0,48,48,193,-60.7,16.818,4.997,1,5,0,31,0,305.0,0.0,0,0,MAINS,MAINS,1,0,53.63,92.0,48.3965,48.7553,-4.0,3.72281,3.72281,3.75041,3.75041,0.0,23.0,1084.325,,59.625,,CHARGE,0.0,0,,SYNTHETIC,0
doe-000,0,46,2026-09-03T09:00:46Z,2026-09-03T09:00:47Z,2026-09-03T09:00:46Z,2026-09-03T09:00:47Z,site_b,SIM,synthetic_demo,B-WAN-1,UP,1000.0,67.5275,67.97,0.0,23.0,1.8737,0.153,0,UP,4.0,0.0,6,6,32,-60.8,17.487,5.977,0,0,0,32,0,43.0,0.0,0,0,,,,,,,,,,,,,,,,,,,,,0.0,0,,SYNTHETIC,0
doe-000,0,47,2026-09-03T09:00:47Z,2026-09-03T09:00:48Z,2026-09-03T09:00:47Z,2026-09-03T09:00:48Z,site_a,SIM,synthetic_demo,A-WAN-1,UP,1000.0,381.2976,380.85,0.0,19.13,3.3813,0.087,0,UP,4.0,0.0,48,48,156,-62.4,16.51,4.663,3,3,0,31,0,342.0,0.0,0,0,MAINS,MAINS,1,0,53.67,92.0,48.3967,48.7555,-4.0,3.72283,3.72283,3.75043,3.75043,0.0,23.2,1089.309,,59.355,,CHARGE,0.0,0,,SYNTHETIC,0
doe-000,0,47,2026-09-03T09:00:47Z,2026-09-03T09:00:48Z,2026-09-03T09:00:47Z,2026-09-03T09:00:48Z,site_b,SIM,synthetic_demo,B-WAN-1,UP,1000.0,58.565,58.44,0.0,22.51,1.415,0.105,0,UP,4.0,0.0,6,6,21,-61.0,17.802,4.504,0,0,0,32,0,37.0,0.0,0,0,,,,,,,,,,,,,,,,,,,,,0.0,0,,SYNTHETIC,0
doe-000,0,48,2026-09-03T09:00:48Z,2026-09-03T09:00:49Z,2026-09-03T09:00:48Z,2026-09-03T09:00:49Z,site_a,SIM,synthetic_demo,A-WAN-1,UP,1000.0,742.2298,741.87,0.0,17.94,1.6642,0.051,0,UP,4.0,0.0,48,48,171,-61.9,16.139,4.906,0,0,0,31,0,284.0,0.0,0,0,MAINS,MAINS,1,0,53.7,92.0,48.397,48.7558,-4.0,3.72284,3.72284,3.75044,3.75044,0.0,23.0,1081.922,,59.763,,CHARGE,0.0,0,,SYNTHETIC,0
doe-000,0,48,2026-09-03T09:00:48Z,2026-09-03T09:00:49Z,2026-09-03T09:00:48Z,2026-09-03T09:00:49Z,site_b,SIM,synthetic_demo,B-WAN-1,UP,1000.0,64.9458,64.91,0.0,23.63,2.5022,0.08,0,UP,4.0,0.0,6,6,21,-62.2,17.653,4.9,0,1,0,32,0,66.0,0.0,0,0,,,,,,,,,,,,,,,,,,,,,0.0,0,,SYNTHETIC,0
doe-000,0,49,2026-09-03T09:00:49Z,2026-09-03T09:00:50Z,2026-09-03T09:00:49Z,2026-09-03T09:00:50Z,site_a,SIM,synthetic_demo,A-WAN-1,UP,1000.0,387.3441,387.8,0.0,17.56,1.1139,0.097,0,UP,4.0,0.0,48,48,182,-63.2,16.707,5.425,0,2,0,31,0,270.0,0.0,0,0,MAINS,MAINS,1,0,53.69,92.0,48.3972,48.756,-4.0,3.72286,3.72286,3.75046,3.75046,0.0,23.0,1081.481,,59.79,,CHARGE,0.0,0,,SYNTHETIC,0
doe-000,0,49,2026-09-03T09:00:49Z,2026-09-03T09:00:50Z,2026-09-03T09:00:49Z,2026-09-03T09:00:50Z,site_b,SIM,synthetic_demo,B-WAN-1,UP,1000.0,57.3198,57.3,0.0,21.24,0.4236,0.104,0,UP,4.0,0.0,6,6,30,-59.4,19.542,5.481,0,0,0,32,0,49.0,0.0,0,0,,,,,,,,,,,,,,,,,,,,,0.0,0,,SYNTHETIC,0
doe-000,0,50,2026-09-03T09:00:50Z,2026-09-03T09:00:51Z,2026-09-03T09:00:50Z,2026-09-03T09:00:51Z,site_a,SIM,synthetic_demo,A-WAN-1,UP,1000.0,431.7468,432.09,0.0,16.18,0.6357,0.069,0,UP,4.0,0.0,48,48,210,-62.1,18.827,5.536,1,4,0,31,0,312.0,0.0,0,0,MAINS,MAINS,1,0,53.66,92.0,48.3974,48.7562,-4.0,3.72287,3.72287,3.75047,3.75047,0.0,23.0,1086.661,,59.507,,CHARGE,0.0,0,,SYNTHETIC,0
doe-000,0,50,2026-09-03T09:00:50Z,2026-09-03T09:00:51Z,2026-09-03T09:00:50Z,2026-09-03T09:00:51Z,site_b,SIM,synthetic_demo,B-WAN-1,UP,1000.0,62.6057,63.19,0.0,21.76,0.6459,0.124,0,UP,4.0,0.0,6,6,25,-61.8,20.925,5.265,0,1,0,32,0,69.0,0.0,0,0,,,,,,,,,,,,,,,,,,,,,0.0,0,,SYNTHETIC,0
doe-000,0,51,2026-09-03T09:00:51Z,2026-09-03T09:00:52Z,2026-09-03T09:00:51Z,2026-09-03T09:00:52Z,site_a,SIM,synthetic_demo,A-WAN-1,UP,1000.0,428.669,429.05,0.0,15.81,0.0877,0.081,0,UP,4.0,0.0,48,48,156,-61.4,17.33,4.869,0,2,0,31,0,250.0,0.0,0,0,MAINS,MAINS,1,0,53.7,92.0,48.3976,48.7564,-4.0,3.72289,3.72289,3.75049,3.75049,0.0,22.9,1071.541,,60.35,,CHARGE,0.0,0,,SYNTHETIC,0
doe-000,0,51,2026-09-03T09:00:51Z,2026-09-03T09:00:52Z,2026-09-03T09:00:51Z,2026-09-03T09:00:52Z,site_b,SIM,synthetic_demo,B-WAN-1,UP,1000.0,60.962,61.16,0.0,21.9,0.5362,0.124,0,UP,4.0,0.0,6,6,67,-63.8,26.532,9.469,0,0,0,32,0,42.0,0.0,0,0,,,,,,,,,,,,,,,,,,,,,0.0,0,,SYNTHETIC,0
doe-000,0,52,2026-09-03T09:00:52Z,2026-09-03T09:00:53Z,2026-09-03T09:00:52Z,2026-09-03T09:00:53Z,site_a,SIM,synthetic_demo,A-WAN-1,UP,1000.0,642.8425,641.44,0.0,19.62,3.18,0.075,0,UP,4.0,0.0,48,48,84,-61.2,14.77,4.044,2,4,0,31,0,383.0,0.0,0,0,MAINS,MAINS,1,0,53.59,92.0,48.3978,48.7566,-4.0,3.72291,3.72291,3.75051,3.75051,0.0,23.1,1114.255,,58.039,,CHARGE,0.0,0,,SYNTHETIC,0
doe-000,0,52,2026-09-03T09:00:52Z,2026-09-03T09:00:53Z,2026-09-03T09:00:52Z,2026-09-03T09:00:53Z,site_b,SIM,synthetic_demo,B-WAN-1,UP,1000.0,64.1492,63.81,0.0,21.21,0.2514,0.097,0,UP,4.0,0.0,6,6,80,-62.5,31.621,9.903,0,1,0,32,0,44.0,0.0,0,0,,,,,,,,,,,,,,,,,,,,,0.0,0,,SYNTHETIC,0
doe-000,0,53,2026-09-03T09:00:53Z,2026-09-03T09:00:54Z,2026-09-03T09:00:53Z,2026-09-03T09:00:54Z,site_a,SIM,synthetic_demo,A-WAN-1,UP,1000.0,439.4674,439.6,0.0,17.76,1.7976,0.089,0,UP,4.0,0.0,48,48,316,-61.4,21.535,6.362,0,3,0,31,0,411.0,0.0,0,0,MAINS,MAINS,1,0,53.64,92.0,48.398,48.7568,-4.0,3.72292,3.72292,3.75052,3.75052,0.0,23.0,1080.226,,59.87,,CHARGE,0.0,0,,SYNTHETIC,0
doe-000,0,53,2026-09-03T09:00:53Z,2026-09-03T09:00:54Z,2026-09-03T09:00:53Z,2026-09-03T09:00:54Z,site_b,SIM,synthetic_demo,B-WAN-1,UP,1000.0,90.4757,90.46,0.0,22.9,1.839,0.067,0,UP,4.0,0.0,6,6,31,-62.1,20.038,5.121,1,0,0,32,0,41.0,0.0,0,0,,,,,,,,,,,,,,,,,,,,,0.0,0,,SYNTHETIC,0
doe-000,0,54,2026-09-03T09:00:54Z,2026-09-03T09:00:55Z,2026-09-03T09:00:54Z,2026-09-03T09:00:55Z,site_a,SIM,synthetic_demo,A-WAN-1,UP,1000.0,409.8819,410.13,0.0,16.55,0.9115,0.081,0,UP,4.0,0.0,48,48,346,-63.0,21.775,6.835,1,0,0,31,0,281.0,0.0,0,0,MAINS,MAINS,1,0,53.62,92.0,48.3982,48.757,-4.0,3.72294,3.72294,3.75054,3.75054,0.0,23.0,1086.483,,59.528,,CHARGE,0.0,0,,SYNTHETIC,0
doe-000,0,54,2026-09-03T09:00:54Z,2026-09-03T09:00:55Z,2026-09-03T09:00:54Z,2026-09-03T09:00:55Z,site_b,SIM,synthetic_demo,B-WAN-1,UP,1000.0,77.4091,77.48,0.0,22.01,1.1129,0.11,0,UP,4.0,0.0,6,6,37,-61.1,20.549,6.889,0,0,0,32,0,51.0,0.0,0,0,,,,,,,,,,,,,,,,,,,,,0.0,0,,SYNTHETIC,0
doe-000,0,55,2026-09-03T09:00:55Z,2026-09-03T09:00:56Z,2026-09-03T09:00:55Z,2026-09-03T09:00:56Z,site_a,SIM,synthetic_demo,A-WAN-1,UP,1000.0,459.5573,459.55,0.0,16.15,0.3325,0.112,0,UP,4.0,0.0,48,48,301,-61.6,20.099,6.232,2,4,0,31,0,407.0,0.0,0,0,MAINS,MAINS,1,0,53.69,92.0,48.3984,48.7572,-4.0,3.72296,3.72296,3.75056,3.75056,0.0,23.1,1074.352,,60.203,,CHARGE,0.0,0,,SYNTHETIC,0
doe-000,0,55,2026-09-03T09:00:55Z,2026-09-03T09:00:56Z,2026-09-03T09:00:55Z,2026-09-03T09:00:56Z,site_b,SIM,synthetic_demo,B-WAN-1,UP,1000.0,77.016,77.53,0.0,24.04,2.6391,0.11,0,UP,4.0,0.0,6,6,60,-62.0,29.111,8.123,0,1,0,32,0,75.0,0.0,0,0,,,,,,,,,,,,,,,,,,,,,0.0,0,,SYNTHETIC,0
doe-000,0,56,2026-09-03T09:00:56Z,2026-09-03T09:00:57Z,2026-09-03T09:00:56Z,2026-09-03T09:00:57Z,site_a,SIM,synthetic_demo,A-WAN-1,UP,1000.0,472.0007,471.52,0.0,16.72,0.9283,0.11,0,UP,4.0,0.0,48,48,203,-61.7,17.951,5.213,2,2,0,31,0,311.0,0.0,0,0,MAINS,MAINS,1,0,53.63,92.0,48.3986,48.7574,-4.0,3.72297,3.72297,3.75057,3.75057,0.0,23.0,1093.811,,59.135,,CHARGE,0.0,0,,SYNTHETIC,0
doe-000,0,56,2026-09-03T09:00:56Z,2026-09-03T09:00:57Z,2026-09-03T09:00:56Z,2026-09-03T09:00:57Z,site_b,SIM,synthetic_demo,B-WAN-1,UP,1000.0,115.035,115.1,0.0,22.02,0.9489,0.105,0,UP,4.0,0.0,6,6,77,-62.5,28.88,8.641,0,2,0,32,0,98.0,0.0,0,0,,,,,,,,,,,,,,,,,,,,,0.0,0,,SYNTHETIC,0
doe-000,0,57,2026-09-03T09:00:57Z,2026-09-03T09:00:58Z,2026-09-03T09:00:57Z,2026-09-03T09:00:58Z,site_a,SIM,synthetic_demo,A-WAN-1,UP,1000.0,459.6036,459.33,0.0,18.08,2.0005,0.076,0,UP,4.0,0.0,48,48,223,-62.0,18.218,5.546,1,1,0,31,0,377.0,0.0,0,0,MAINS,MAINS,1,0,53.68,92.0,48.3988,48.7576,-4.0,3.72299,3.72299,3.75059,3.75059,0.0,23.0,1081.299,,59.822,,CHARGE,0.0,0,,SYNTHETIC,0
doe-000,0,57,2026-09-03T09:00:57Z,2026-09-03T09:00:58Z,2026-09-03T09:00:57Z,2026-09-03T09:00:58Z,site_b,SIM,synthetic_demo,B-WAN-1,UP,1000.0,71.8612,70.96,0.0,22.97,1.5707,0.129,0,UP,4.0,0.0,6,6,68,-62.1,29.396,8.21,0,0,0,32,0,82.0,0.0,0,0,,,,,,,,,,,,,,,,,,,,,0.0,0,,SYNTHETIC,0
doe-000,0,58,2026-09-03T09:00:58Z,2026-09-03T09:00:59Z,2026-09-03T09:00:58Z,2026-09-03T09:00:59Z,site_a,SIM,synthetic_demo,A-WAN-1,UP,1000.0,469.6396,468.3,0.0,19.55,3.5449,0.08,0,UP,4.0,0.0,48,48,273,-61.9,19.914,6.098,2,2,0,31,0,299.0,0.0,0,0,MAINS,MAINS,1,0,53.73,92.0,48.3991,48.7579,-4.0,3.723,3.723,3.7506,3.7506,0.0,23.0,1079.602,,59.918,,CHARGE,0.0,0,,SYNTHETIC,0
doe-000,0,58,2026-09-03T09:00:58Z,2026-09-03T09:00:59Z,2026-09-03T09:00:58Z,2026-09-03T09:00:59Z,site_b,SIM,synthetic_demo,B-WAN-1,UP,1000.0,67.6303,68.07,0.0,20.8,0.3056,0.127,0,UP,4.0,0.0,6,6,55,-61.5,24.576,7.193,0,0,0,32,0,55.0,0.0,0,0,,,,,,,,,,,,,,,,,,,,,0.0,0,,SYNTHETIC,0
doe-000,0,59,2026-09-03T09:00:59Z,2026-09-03T09:01:00Z,2026-09-03T09:00:59Z,2026-09-03T09:01:00Z,site_a,SIM,synthetic_demo,A-WAN-1,UP,1000.0,443.8391,443.91,0.0,17.16,0.4771,0.054,0,UP,4.0,0.0,48,48,282,-62.8,20.812,5.79,2,1,0,31,0,238.0,0.0,0,0,MAINS,MAINS,1,0,53.65,92.0,48.3993,48.7581,-4.0,3.72302,3.72302,3.75062,3.75062,0.0,23.0,1122.799,,57.616,,CHARGE,0.0,0,,SYNTHETIC,0
doe-000,0,59,2026-09-03T09:00:59Z,2026-09-03T09:01:00Z,2026-09-03T09:00:59Z,2026-09-03T09:01:00Z,site_b,SIM,synthetic_demo,B-WAN-1,UP,1000.0,69.2551,68.93,0.0,21.9,1.4211,0.107,0,UP,4.0,0.0,6,6,25,-62.8,18.32,5.485,0,2,0,32,0,107.0,0.0,0,0,,,,,,,,,,,,,,,,,,,,,0.0,0,,SYNTHETIC,0
doe-000,0,60,2026-09-03T09:01:00Z,2026-09-03T09:01:01Z,2026-09-03T09:01:00Z,2026-09-03T09:01:01Z,site_a,SIM,synthetic_demo,A-WAN-1,UP,1000.0,491.2056,492.15,0.0,16.56,0.8294,0.056,0,UP,4.0,0.0,48,48,407,-62.0,23.993,7.216,1,2,0,31,0,337.0,0.0,0,0,MAINS,MAINS,1,0,53.62,92.0,48.3995,48.7583,-4.0,3.72304,3.72304,3.75064,3.75064,0.0,22.9,1085.337,,59.607,,CHARGE,0.0,0,,SYNTHETIC,0
doe-000,0,60,2026-09-03T09:01:00Z,2026-09-03T09:01:01Z,2026-09-03T09:01:00Z,2026-09-03T09:01:01Z,site_b,SIM,synthetic_demo,B-WAN-1,UP,1000.0,72.8005,73.25,0.0,21.65,1.0515,0.127,0,UP,4.0,0.0,6,6,52,-63.0,24.534,7.453,0,0,0,32,0,66.0,0.0,0,0,,,,,,,,,,,,,,,,,,,,,0.0,0,,SYNTHETIC,0
doe-000,0,61,2026-09-03T09:01:01Z,2026-09-03T09:01:02Z,2026-09-03T09:01:01Z,2026-09-03T09:01:02Z,site_a,SIM,synthetic_demo,A-WAN-1,UP,1000.0,476.7536,477.57,0.0,15.81,0.3094,0.126,0,UP,4.0,0.0,48,48,179,-62.2,17.317,5.071,1,2,0,31,0,317.0,0.0,0,0,MAINS,MAINS,1,0,53.61,92.0,48.3997,48.7585,-4.0,3.72305,3.72305,3.75065,3.75065,0.0,23.1,1094.196,,59.127,,CHARGE,0.0,0,,SYNTHETIC,0
doe-000,0,61,2026-09-03T09:01:01Z,2026-09-03T09:01:02Z,2026-09-03T09:01:01Z,2026-09-03T09:01:02Z,site_b,SIM,synthetic_demo,B-WAN-1,UP,1000.0,74.9029,74.91,0.0,21.2,0.3885,0.078,0,UP,4.0,0.0,6,6,39,-61.2,21.008,6.381,0,0,0,32,0,65.0,0.0,0,0,,,,,,,,,,,,,,,,,,,,,0.0,0,,SYNTHETIC,0
doe-000,0,62,2026-09-03T09:01:02Z,2026-09-03T09:01:03Z,2026-09-03T09:01:02Z,2026-09-03T09:01:03Z,site_a,SIM,synthetic_demo,A-WAN-1,UP,1000.0,490.6579,490.52,0.0,17.66,1.2176,0.063,0,UP,4.0,0.0,48,48,181,-62.4,16.984,5.062,1,4,0,31,0,331.0,0.0,0,0,MAINS,MAINS,1,0,53.66,92.0,48.3999,48.7587,-4.0,3.72307,3.72307,3.75067,3.75067,0.0,23.1,1084.221,,59.674,,CHARGE,0.0,0,,SYNTHETIC,0
doe-000,0,62,2026-09-03T09:01:02Z,2026-09-03T09:01:03Z,2026-09-03T09:01:02Z,2026-09-03T09:01:03Z,site_b,SIM,synthetic_demo,B-WAN-1,UP,1000.0,72.1769,72.15,0.0,24.11,3.0803,0.093,0,UP,4.0,0.0,6,6,46,-63.8,23.772,7.696,0,1,0,32,0,69.0,0.0,0,0,,,,,,,,,,,,,,,,,,,,,0.0,0,,SYNTHETIC,0
doe-000,0,63,2026-09-03T09:01:03Z,2026-09-03T09:01:04Z,2026-09-03T09:01:03Z,2026-09-03T09:01:04Z,site_a,SIM,synthetic_demo,A-WAN-1,UP,1000.0,454.1654,454.24,0.0,17.07,1.3756,0.09,0,UP,4.0,0.0,48,48,238,-62.2,18.859,5.58,1,1,0,31,0,344.0,0.0,0,0,MAINS,MAINS,1,0,53.67,92.0,48.4001,48.7589,-4.0,3.72308,3.72308,3.75068,3.75068,0.0,23.1,1083.895,,59.695,,CHARGE,0.0,0,,SYNTHETIC,0
doe-000,0,63,2026-09-03T09:01:03Z,2026-09-03T09:01:04Z,2026-09-03T09:01:03Z,2026-09-03T09:01:04Z,site_b,SIM,synthetic_demo,B-WAN-1,UP,1000.0,64.9103,65.81,0.0,22.22,1.3106,0.104,0,UP,4.0,0.0,6,6,34,-59.6,21.141,5.882,0,0,0,32,0,55.0,0.0,0,0,,,,,,,,,,,,,,,,,,,,,0.0,0,,SYNTHETIC,0
doe-000,0,64,2026-09-03T09:01:04Z,2026-09-03T09:01:05Z,2026-09-03T09:01:04Z,2026-09-03T09:01:05Z,site_a,SIM,synthetic_demo,A-WAN-1,UP,1000.0,463.1874,463.05,0.0,16.01,0.3099,0.081,0,UP,4.0,0.0,48,48,227,-61.8,18.164,5.516,0,5,0,31,0,460.0,0.0,0,0,MAINS,MAINS,1,0,53.69,92.0,48.4003,48.7591,-4.0,3.7231,3.7231,3.7507,3.7507,0.0,23.0,1078.848,,59.977,,CHARGE,0.0,0,,SYNTHETIC,0
doe-000,0,64,2026-09-03T09:01:04Z,2026-09-03T09:01:05Z,2026-09-03T09:01:04Z,2026-09-03T09:01:05Z,site_b,SIM,synthetic_demo,B-WAN-1,UP,1000.0,75.3536,76.01,0.0,23.75,2.8874,0.091,0,UP,4.0,0.0,6,6,82,-61.8,33.415,9.344,0,0,0,32,0,53.0,0.0,0,0,,,,,,,,,,,,,,,,,,,,,0.0,0,,SYNTHETIC,0
doe-000,0,65,2026-09-03T09:01:05Z,2026-09-03T09:01:06Z,2026-09-03T09:01:05Z,2026-09-03T09:01:06Z,site_a,SIM,synthetic_demo,A-WAN-1,UP,1000.0,580.6435,580.45,0.0,17.07,0.9714,0.103,0,UP,4.0,0.0,48,48,266,-61.4,20.637,5.907,1,0,0,31,0,265.0,0.0,0,0,MAINS,MAINS,1,0,53.74,92.0,48.4005,48.7593,-4.0,3.72312,3.72312,3.75072,3.75072,0.0,22.9,1094.206,,59.138,,CHARGE,0.0,0,,SYNTHETIC,0
doe-000,0,65,2026-09-03T09:01:05Z,2026-09-03T09:01:06Z,2026-09-03T09:01:05Z,2026-09-03T09:01:06Z,site_b,SIM,synthetic_demo,B-WAN-1,UP,1000.0,98.9679,98.66,0.0,20.56,0.1816,0.084,0,UP,4.0,0.0,6,6,43,-62.8,21.479,6.371,0,0,0,32,0,62.0,0.0,0,0,,,,,,,,,,,,,,,,,,,,,0.0,0,,SYNTHETIC,0
doe-000,0,66,2026-09-03T09:01:06Z,2026-09-03T09:01:07Z,2026-09-03T09:01:06Z,2026-09-03T09:01:07Z,site_a,SIM,synthetic_demo,A-WAN-1,UP,1000.0,483.62,483.4,0.0,19.6,3.5362,0.094,0,UP,4.0,0.0,48,48,254,-61.6,19.495,5.711,1,1,0,31,0,391.0,0.0,0,0,MAINS,MAINS,1,0,53.75,92.0,48.4007,48.7595,-4.0,3.72313,3.72313,3.75073,3.75073,0.0,23.0,1107.324,,58.44,,CHARGE,0.0,0,,SYNTHETIC,0
doe-000,0,66,2026-09-03T09:01:06Z,2026-09-03T09:01:07Z,2026-09-03T09:01:06Z,2026-09-03T09:01:07Z,site_b,SIM,synthetic_demo,B-WAN-1,UP,1000.0,76.079,76.14,0.0,25.64,4.3488,0.064,0,UP,4.0,0.0,6,6,55,-63.5,22.425,7.563,0,0,0,32,0,37.0,0.0,0,0,,,,,,,,,,,,,,,,,,,,,0.0,0,,SYNTHETIC,0
doe-000,0,67,2026-09-03T09:01:07Z,2026-09-03T09:01:08Z,2026-09-03T09:01:07Z,2026-09-03T09:01:08Z,site_a,SIM,synthetic_demo,A-WAN-1,UP,1000.0,440.3458,440.52,0.0,16.05,0.2818,0.086,0,UP,4.0,0.0,48,48,165,-62.7,16.795,5.024,2,2,0,31,0,293.0,0.0,0,0,MAINS,MAINS,1,0,53.74,92.0,48.4009,48.7597,-4.0,3.72315,3.72315,3.75075,3.75075,0.0,23.1,1090.105,,59.366,,CHARGE,0.0,0,,SYNTHETIC,0
doe-000,0,67,2026-09-03T09:01:07Z,2026-09-03T09:01:08Z,2026-09-03T09:01:07Z,2026-09-03T09:01:08Z,site_b,SIM,synthetic_demo,B-WAN-1,UP,1000.0,72.7307,72.87,0.0,21.65,0.9876,0.119,0,UP,4.0,0.0,6,6,26,-62.6,18.066,4.9,0,0,0,32,0,50.0,0.0,0,0,,,,,,,,,,,,,,,,,,,,,0.0,0,,SYNTHETIC,0
doe-000,0,68,2026-09-03T09:01:08Z,2026-09-03T09:01:09Z,2026-09-03T09:01:08Z,2026-09-03T09:01:09Z,site_a,SIM,synthetic_demo,A-WAN-1,UP,1000.0,497.7818,498.22,0.0,16.0,0.482,0.104,0,UP,4.0,0.0,48,48,264,-62.6,19.604,6.08,1,2,0,31,0,480.0,0.0,0,0,MAINS,MAINS,1,0,53.67,92.0,48.4012,48.76,-4.0,3.72317,3.72317,3.75077,3.75077,0.0,23.0,1077.02,,60.09,,CHARGE,0.0,0,,SYNTHETIC,0
doe-000,0,68,2026-09-03T09:01:08Z,2026-09-03T09:01:09Z,2026-09-03T09:01:08Z,2026-09-03T09:01:09Z,site_b,SIM,synthetic_demo,B-WAN-1,UP,1000.0,63.6625,63.61,0.0,21.39,0.0746,0.127,0,UP,4.0,0.0,6,6,39,-61.5,19.126,5.812,0,0,0,32,0,75.0,0.0,0,0,,,,,,,,,,,,,,,,,,,,,0.0,0,,SYNTHETIC,0
doe-000,0,69,2026-09-03T09:01:09Z,2026-09-03T09:01:10Z,2026-09-03T09:01:09Z,2026-09-03T09:01:10Z,site_a,SIM,synthetic_demo,A-WAN-1,UP,1000.0,496.5989,496.65,0.0,17.69,1.4228,0.068,0,UP,4.0,0.0,48,48,179,-61.8,18.114,5.064,1,1,0,31,0,329.0,0.0,0,0,MAINS,MAINS,1,0,53.68,92.0,48.4014,48.7602,-4.0,3.72318,3.72318,3.75078,3.75078,0.0,23.0,1079.797,,59.938,,CHARGE,0.0,0,,SYNTHETIC,0
doe-000,0,69,2026-09-03T09:01:09Z,2026-09-03T09:01:10Z,2026-09-03T09:01:09Z,2026-09-03T09:01:10Z,site_b,SIM,synthetic_demo,B-WAN-1,UP,1000.0,67.8747,67.55,0.0,23.39,1.7793,0.098,0,UP,4.0,0.0,6,6,17,-65.5,18.326,5.967,0,0,0,32,0,62.0,0.0,0,0,,,,,,,,,,,,,,,,,,,,,0.0,0,,SYNTHETIC,0
doe-000,0,70,2026-09-03T09:01:10Z,2026-09-03T09:01:11Z,2026-09-03T09:01:10Z,2026-09-03T09:01:11Z,site_a,SIM,synthetic_demo,A-WAN-1,UP,1000.0,411.1379,411.89,0.0,16.88,0.3631,0.103,0,UP,4.0,0.0,48,48,69,-62.2,14.22,4.108,2,0,0,31,0,268.0,0.0,0,0,MAINS,MAINS,1,0,53.67,92.0,48.4016,48.7604,-4.0,3.7232,3.7232,3.7508,3.7508,0.0,23.0,1084.141,,59.7,,CHARGE,0.0,0,,SYNTHETIC,0
doe-000,0,70,2026-09-03T09:01:10Z,2026-09-03T09:01:11Z,2026-09-03T09:01:10Z,2026-09-03T09:01:11Z,site_b,SIM,synthetic_demo,B-WAN-1,UP,1000.0,85.8975,85.57,0.0,23.54,2.2513,0.13,0,UP,4.0,0.0,6,6,40,-61.8,19.898,6.994,0,0,0,32,0,46.0,0.0,0,0,,,,,,,,,,,,,,,,,,,,,0.0,0,,SYNTHETIC,0
doe-000,0,71,2026-09-03T09:01:11Z,2026-09-03T09:01:12Z,2026-09-03T09:01:11Z,2026-09-03T09:01:12Z,site_a,SIM,synthetic_demo,A-WAN-1,UP,1000.0,421.5162,421.09,0.0,17.96,1.4286,0.079,0,UP,4.0,0.0,48,48,158,-63.3,16.173,5.068,0,4,0,31,0,218.0,0.0,0,0,MAINS,MAINS,1,0,53.63,92.0,48.4018,48.7606,-4.0,3.72321,3.72321,3.75081,3.75081,0.0,22.9,1091.448,,59.303,,CHARGE,0.0,0,,SYNTHETIC,0
doe-000,0,71,2026-09-03T09:01:11Z,2026-09-03T09:01:12Z,2026-09-03T09:01:11Z,2026-09-03T09:01:12Z,site_b,SIM,synthetic_demo,B-WAN-1,UP,1000.0,64.0969,64.41,0.0,21.21,0.6615,0.11,0,UP,4.0,0.0,6,6,33,-62.8,17.495,6.259,1,0,0,32,0,73.0,0.0,0,0,,,,,,,,,,,,,,,,,,,,,0.0,0,,SYNTHETIC,0
doe-000,0,72,2026-09-03T09:01:12Z,2026-09-03T09:01:13Z,2026-09-03T09:01:12Z,2026-09-03T09:01:13Z,site_a,SIM,synthetic_demo,A-WAN-1,UP,1000.0,446.9719,446.88,0.0,16.97,1.1084,0.082,0,UP,4.0,0.0,48,48,225,-61.3,18.771,5.487,3,1,0,31,0,566.0,0.0,0,0,MAINS,MAINS,1,0,53.64,92.0,48.402,48.7608,-4.0,3.72323,3.72323,3.75083,3.75083,0.0,23.0,1072.993,,60.326,,CHARGE,0.0,0,,SYNTHETIC,0
doe-000,0,72,2026-09-03T09:01:12Z,2026-09-03T09:01:13Z,2026-09-03T09:01:12Z,2026-09-03T09:01:13Z,site_b,SIM,synthetic_demo,B-WAN-1,UP,1000.0,67.2274,67.18,0.0,23.0,2.7203,0.105,0,UP,4.0,0.0,6,6,41,-62.0,20.994,7.06,0,0,0,32,0,38.0,0.0,0,0,,,,,,,,,,,,,,,,,,,,,0.0,0,,SYNTHETIC,0
doe-000,0,73,2026-09-03T09:01:13Z,2026-09-03T09:01:14Z,2026-09-03T09:01:13Z,2026-09-03T09:01:14Z,site_a,SIM,synthetic_demo,A-WAN-1,UP,1000.0,435.7814,435.86,0.0,16.94,0.7387,0.094,0,UP,4.0,0.0,48,48,189,-60.0,17.304,5.243,1,3,0,31,0,724.0,0.0,0,0,MAINS,MAINS,1,0,53.65,92.0,48.4022,48.761,-4.0,3.72325,3.72325,3.75085,3.75085,0.0,23.1,1087.623,,59.517,,CHARGE,0.0,0,,SYNTHETIC,0
doe-000,0,73,2026-09-03T09:01:13Z,2026-09-03T09:01:14Z,2026-09-03T09:01:13Z,2026-09-03T09:01:14Z,site_b,SIM,synthetic_demo,B-WAN-1,UP,1000.0,65.4913,65.77,0.0,22.51,1.9981,0.087,0,UP,4.0,0.0,6,6,47,-62.0,23.303,6.337,0,0,0,32,0,73.0,0.0,0,0,,,,,,,,,,,,,,,,,,,,,0.0,0,,SYNTHETIC,0
doe-000,0,74,2026-09-03T09:01:14Z,2026-09-03T09:01:15Z,2026-09-03T09:01:14Z,2026-09-03T09:01:15Z,site_a,SIM,synthetic_demo,A-WAN-1,UP,1000.0,412.378,412.54,0.0,17.98,2.6374,0.065,0,UP,4.0,0.0,48,48,85,-61.2,14.085,4.318,0,3,0,31,0,365.0,0.0,0,0,MAINS,MAINS,1,0,53.7,92.0,48.4024,48.7612,-4.0,3.72326,3.72326,3.75086,3.75086,0.0,23.1,1101.288,,58.782,,CHARGE,0.0,0,,SYNTHETIC,0
doe-000,0,74,2026-09-03T09:01:14Z,2026-09-03T09:01:15Z,2026-09-03T09:01:14Z,2026-09-03T09:01:15Z,site_b,SIM,synthetic_demo,B-WAN-1,UP,1000.0,67.4209,68.09,0.0,21.84,0.6545,0.105,0,UP,4.0,0.0,6,6,60,-62.3,24.363,7.806,1,0,0,32,0,84.0,0.0,0,0,,,,,,,,,,,,,,,,,,,,,0.0,0,,SYNTHETIC,0
doe-000,0,75,2026-09-03T09:01:15Z,2026-09-03T09:01:16Z,2026-09-03T09:01:15Z,2026-09-03T09:01:16Z,site_a,SIM,synthetic_demo,A-WAN-1,UP,1000.0,498.8939,498.45,0.0,18.55,2.3895,0.065,0,UP,4.0,0.0,48,48,125,-62.6,15.973,4.75,2,1,0,31,0,981.0,0.0,0,0,MAINS,MAINS,1,0,53.74,92.0,48.4026,48.7614,-4.0,3.72328,3.72328,3.75088,3.75088,0.0,23.1,1088.029,,59.501,,CHARGE,0.0,0,,SYNTHETIC,0
doe-000,0,75,2026-09-03T09:01:15Z,2026-09-03T09:01:16Z,2026-09-03T09:01:15Z,2026-09-03T09:01:16Z,site_b,SIM,synthetic_demo,B-WAN-1,UP,1000.0,78.8179,78.22,0.0,23.68,2.5561,0.095,0,UP,4.0,0.0,6,6,63,-62.9,25.793,8.454,0,0,0,32,0,59.0,0.0,0,0,,,,,,,,,,,,,,,,,,,,,0.0,0,,SYNTHETIC,0
doe-000,0,76,2026-09-03T09:01:16Z,2026-09-03T09:01:17Z,2026-09-03T09:01:16Z,2026-09-03T09:01:17Z,site_a,SIM,synthetic_demo,A-WAN-1,UP,1000.0,456.6017,456.18,0.0,17.6,1.7893,0.103,0,UP,4.0,0.0,48,48,307,-62.0,20.464,6.407,1,2,0,31,0,311.0,0.0,0,0,MAINS,MAINS,1,0,53.77,92.0,48.4028,48.7616,-4.0,3.72329,3.72329,3.75089,3.75089,0.0,23.0,1087.306,,59.543,,CHARGE,0.0,0,,SYNTHETIC,0
doe-000,0,76,2026-09-03T09:01:16Z,2026-09-03T09:01:17Z,2026-09-03T09:01:16Z,2026-09-03T09:01:17Z,site_b,SIM,synthetic_demo,B-WAN-1,UP,1000.0,75.6075,75.15,0.0,22.26,0.8922,0.078,0,UP,4.0,0.0,6,6,48,-64.4,22.043,7.239,0,0,0,32,0,69.0,0.0,0,0,,,,,,,,,,,,,,,,,,,,,0.0,0,,SYNTHETIC,0
doe-000,0,77,2026-09-03T09:01:17Z,2026-09-03T09:01:18Z,2026-09-03T09:01:17Z,2026-09-03T09:01:18Z,site_a,SIM,synthetic_demo,A-WAN-1,UP,1000.0,482.888,483.16,0.0,17.43,1.9643,0.112,0,UP,4.0,0.0,48,48,127,-62.4,15.412,4.72,0,3,0,31,0,441.0,0.0,0,0,MAINS,MAINS,1,0,53.66,92.0,48.403,48.7618,-4.0,3.72331,3.72331,3.75091,3.75091,0.0,23.1,1081.56,,59.862,,CHARGE,0.0,0,,SYNTHETIC,0
doe-000,0,77,2026-09-03T09:01:17Z,2026-09-03T09:01:18Z,2026-09-03T09:01:17Z,2026-09-03T09:01:18Z,site_b,SIM,synthetic_demo,B-WAN-1,UP,1000.0,81.7446,81.87,0.0,21.55,0.9106,0.127,0,UP,4.0,0.0,6,6,66,-59.6,27.924,8.402,0,1,0,32,0,37.0,0.0,0,0,,,,,,,,,,,,,,,,,,,,,0.0,0,,SYNTHETIC,0
doe-000,0,78,2026-09-03T09:01:18Z,2026-09-03T09:01:19Z,2026-09-03T09:01:18Z,2026-09-03T09:01:19Z,site_a,SIM,synthetic_demo,A-WAN-1,UP,1000.0,474.5781,474.39,0.0,18.87,3.2014,0.093,0,UP,4.0,0.0,48,48,171,-61.2,16.798,4.895,3,1,0,31,0,277.0,0.0,0,0,MAINS,MAINS,1,0,53.74,92.0,48.4033,48.7621,-4.0,3.72333,3.72333,3.75093,3.75093,0.0,23.1,1095.623,,59.096,,CHARGE,0.0,0,,SYNTHETIC,0
doe-000,0,78,2026-09-03T09:01:18Z,2026-09-03T09:01:19Z,2026-09-03T09:01:18Z,2026-09-03T09:01:19Z,site_b,SIM,synthetic_demo,B-WAN-1,UP,1000.0,81.0092,81.66,0.0,21.52,0.6436,,0,UP,4.0,0.0,6,6,27,-62.0,19.011,6.197,0,0,0,32,0,33.0,0.0,0,0,,,,,,,,,,,,,,,,,,,,,0.0,0,,SYNTHETIC|GAP|MISSING_MCAR,0
doe-000,0,79,2026-09-03T09:01:19Z,2026-09-03T09:01:20Z,2026-09-03T09:01:19Z,2026-09-03T09:01:20Z,site_a,SIM,synthetic_demo,A-WAN-1,UP,1000.0,476.2357,475.43,0.0,16.72,0.8642,0.105,0,UP,4.0,0.0,48,48,296,-62.4,21.331,6.294,3,4,0,31,0,324.0,0.0,0,0,MAINS,MAINS,1,0,53.63,92.0,48.4035,48.7623,-4.0,3.72334,3.72334,3.75094,3.75094,0.0,23.1,1084.903,,59.683,,CHARGE,0.0,0,,SYNTHETIC,0
doe-000,0,79,2026-09-03T09:01:19Z,2026-09-03T09:01:20Z,2026-09-03T09:01:19Z,2026-09-03T09:01:20Z,site_b,SIM,synthetic_demo,B-WAN-1,UP,1000.0,89.0659,89.55,0.0,22.13,1.062,0.13,0,UP,4.0,0.0,6,6,41,-61.5,21.06,6.516,0,0,0,32,0,74.0,0.0,0,0,,,,,,,,,,,,,,,,,,,,,0.0,0,,SYNTHETIC,0
doe-000,0,80,2026-09-03T09:01:20Z,2026-09-03T09:01:21Z,2026-09-03T09:01:20Z,2026-09-03T09:01:21Z,site_a,SIM,synthetic_demo,A-WAN-1,UP,1000.0,440.5721,440.52,0.0,19.08,3.5229,0.08,0,UP,4.0,0.0,48,48,126,-61.0,15.516,4.499,0,2,0,31,0,435.0,0.0,0,0,MAINS,MAINS,1,0,53.68,92.0,48.4037,48.7625,-4.0,3.72336,3.72336,3.75096,3.75096,0.0,23.1,1088.883,,59.468,,CHARGE,0.0,0,,SYNTHETIC,0
doe-000,0,80,2026-09-03T09:01:20Z,2026-09-03T09:01:21Z,2026-09-03T09:01:20Z,2026-09-03T09:01:21Z,site_b,SIM,synthetic_demo,B-WAN-1,UP,1000.0,70.7991,70.28,0.0,22.74,1.3663,0.092,0,UP,4.0,0.0,6,6,67,-62.0,24.77,8.268,0,1,0,32,0,69.0,0.0,0,0,,,,,,,,,,,,,,,,,,,,,0.0,0,,SYNTHETIC,0
doe-000,0,81,2026-09-03T09:01:21Z,2026-09-03T09:01:22Z,2026-09-03T09:01:21Z,2026-09-03T09:01:22Z,site_a,SIM,synthetic_demo,A-WAN-1,UP,1000.0,441.7567,441.38,0.0,16.53,0.0041,0.073,0,UP,4.0,0.0,48,48,206,-61.7,17.684,5.383,1,2,0,31,0,325.0,0.0,0,0,MAINS,MAINS,1,0,53.7,92.0,48.4039,48.7627,-4.0,3.72338,3.72338,3.75098,3.75098,0.0,23.0,1086.215,,59.616,,CHARGE,0.0,0,,SYNTHETIC,0
doe-000,0,81,2026-09-03T09:01:21Z,2026-09-03T09:01:22Z,2026-09-03T09:01:21Z,2026-09-03T09:01:22Z,site_b,SIM,synthetic_demo,B-WAN-1,UP,1000.0,85.8219,86.09,0.0,21.03,0.3389,0.121,0,UP,4.0,0.0,6,6,35,-62.7,18.936,5.89,0,1,0,32,0,49.0,0.0,0,0,,,,,,,,,,,,,,,,,,,,,0.0,0,,SYNTHETIC,0
doe-000,0,82,2026-09-03T09:01:22Z,2026-09-03T09:01:23Z,2026-09-03T09:01:22Z,2026-09-03T09:01:23Z,site_a,SIM,synthetic_demo,A-WAN-1,UP,1000.0,488.3401,488.93,0.0,16.38,0.0416,0.095,0,UP,4.0,0.0,48,48,110,-63.0,14.973,4.47,0,2,0,31,0,464.0,0.0,0,0,MAINS,MAINS,1,0,53.66,92.0,48.4041,48.7629,-4.0,3.72339,3.72339,3.75099,3.75099,0.0,23.2,1087.492,,59.549,,CHARGE,0.0,0,,SYNTHETIC,0
doe-000,0,82,2026-09-03T09:01:22Z,2026-09-03T09:01:23Z,2026-09-03T09:01:22Z,2026-09-03T09:01:23Z,site_b,SIM,synthetic_demo,B-WAN-1,UP,1000.0,101.6756,101.5,0.0,21.01,0.3967,0.116,0,UP,4.0,0.0,6,6,41,-62.4,21.195,7.197,0,0,0,32,0,46.0,0.0,0,0,,,,,,,,,,,,,,,,,,,,,0.0,0,,SYNTHETIC,0
doe-000,0,83,2026-09-03T09:01:23Z,2026-09-03T09:01:24Z,2026-09-03T09:01:23Z,2026-09-03T09:01:24Z,site_a,SIM,synthetic_demo,A-WAN-1,UP,1000.0,445.1007,444.82,0.0,18.75,2.8095,0.098,0,UP,4.0,0.0,48,48,180,-62.1,17.435,5.147,3,1,0,31,0,344.0,0.0,0,0,MAINS,MAINS,1,0,53.77,92.0,48.4043,48.7631,-4.0,3.72341,3.72341,3.75101,3.75101,0.0,23.0,1083.376,,59.778,,CHARGE,0.0,0,,SYNTHETIC,0
doe-000,0,83,2026-09-03T09:01:23Z,2026-09-03T09:01:24Z,2026-09-03T09:01:23Z,2026-09-03T09:01:24Z,site_b,SIM,synthetic_demo,B-WAN-1,UP,1000.0,71.7661,71.95,0.0,21.61,0.1161,0.073,0,UP,4.0,0.0,6,6,37,-61.5,20.378,6.109,0,1,0,32,0,42.0,0.0,0,0,,,,,,,,,,,,,,,,,,,,,0.0,0,,SYNTHETIC,0
doe-000,0,84,2026-09-03T09:01:24Z,2026-09-03T09:01:25Z,2026-09-03T09:01:24Z,2026-09-03T09:01:25Z,site_a,SIM,synthetic_demo,A-WAN-1,UP,1000.0,435.2556,435.15,0.0,16.71,0.8891,0.063,0,UP,4.0,0.0,48,48,181,-62.8,17.526,5.151,1,1,0,31,0,254.0,0.0,0,0,MAINS,MAINS,1,0,53.7,92.0,48.4045,48.7633,-4.0,3.72342,3.72342,3.75102,3.75102,0.0,23.1,1090.917,,59.368,,CHARGE,0.0,0,,SYNTHETIC,0
doe-000,0,84,2026-09-03T09:01:24Z,2026-09-03T09:01:25Z,2026-09-03T09:01:24Z,2026-09-03T09:01:25Z,site_b,SIM,synthetic_demo,B-WAN-1,UP,1000.0,65.6703,66.53,0.0,21.85,1.2479,0.088,0,UP,4.0,0.0,6,6,68,-63.1,26.676,9.08,0,1,0,32,0,39.0,0.0,0,0,,,,,,,,,,,,,,,,,,,,,0.0,0,,SYNTHETIC,0
doe-000,0,85,2026-09-03T09:01:25Z,2026-09-03T09:01:26Z,2026-09-03T09:01:25Z,2026-09-03T09:01:26Z,site_a,SIM,synthetic_demo,A-WAN-1,UP,1000.0,513.8788,513.98,0.0,19.55,3.337,0.076,0,UP,4.0,0.0,48,48,393,-60.7,23.119,7.034,1,2,0,31,0,283.0,0.0,0,0,MAINS,MAINS,1,0,53.69,92.0,48.4047,48.7635,-4.0,3.72344,3.72344,3.75104,3.75104,0.0,23.0,1086.438,,59.615,,CHARGE,0.0,0,,SYNTHETIC,0
doe-000,0,85,2026-09-03T09:01:25Z,2026-09-03T09:01:26Z,2026-09-03T09:01:25Z,2026-09-03T09:01:26Z,site_b,SIM,synthetic_demo,B-WAN-1,UP,1000.0,105.0368,105.35,0.0,22.77,1.6928,0.09,0,UP,4.0,0.0,6,6,51,-62.8,24.124,7.287,0,0,0,32,0,77.0,0.0,0,0,,,,,,,,,,,,,,,,,,,,,0.0,0,,SYNTHETIC,0
doe-000,0,86,2026-09-03T09:01:26Z,2026-09-03T09:01:27Z,2026-09-03T09:01:26Z,2026-09-03T09:01:27Z,site_a,SIM,synthetic_demo,A-WAN-1,UP,1000.0,411.0152,410.77,0.0,17.51,0.8774,0.112,0,UP,4.0,0.0,48,48,177,-61.6,17.2,5.325,2,1,0,31,0,276.0,0.0,0,0,MAINS,MAINS,1,0,53.76,92.0,48.4049,48.7637,-4.0,3.72346,3.72346,3.75106,3.75106,0.0,23.1,1099.631,,58.902,,CHARGE,0.0,0,,SYNTHETIC,0
doe-000,0,86,2026-09-03T09:01:26Z,2026-09-03T09:01:27Z,2026-09-03T09:01:26Z,2026-09-03T09:01:27Z,site_b,SIM,synthetic_demo,B-WAN-1,UP,1000.0,70.5866,70.88,0.0,21.74,1.2492,0.115,0,UP,4.0,0.0,6,6,75,-59.8,27.81,9.498,0,1,0,32,0,78.0,0.0,0,0,,,,,,,,,,,,,,,,,,,,,0.0,0,,SYNTHETIC,0
doe-000,0,87,2026-09-03T09:01:27Z,2026-09-03T09:01:28Z,2026-09-03T09:01:27Z,2026-09-03T09:01:28Z,site_a,SIM,synthetic_demo,A-WAN-1,UP,1000.0,586.5708,586.02,0.0,18.9,3.1542,0.067,0,UP,4.0,0.0,48,48,217,-62.2,18.18,5.625,1,2,0,31,0,380.0,0.0,0,0,MAINS,MAINS,1,0,53.64,92.0,48.4051,48.7639,-4.0,3.72347,3.72347,3.75107,3.75107,0.0,22.9,1093.016,,59.262,,CHARGE,0.0,0,,SYNTHETIC,0
doe-000,0,87,2026-09-03T09:01:27Z,2026-09-03T09:01:28Z,2026-09-03T09:01:27Z,2026-09-03T09:01:28Z,site_b,SIM,synthetic_demo,B-WAN-1,UP,1000.0,79.8801,78.92,0.0,21.74,0.5124,0.121,0,UP,4.0,0.0,6,6,46,-61.5,22.22,6.529,1,1,0,32,0,42.0,0.0,0,0,,,,,,,,,,,,,,,,,,,,,0.0,0,,SYNTHETIC,0
doe-000,0,88,2026-09-03T09:01:28Z,2026-09-03T09:01:29Z,2026-09-03T09:01:28Z,2026-09-03T09:01:29Z,site_a,SIM,synthetic_demo,A-WAN-1,UP,1000.0,513.0627,512.8,0.0,16.77,0.3718,0.069,0,UP,4.0,0.0,48,48,111,-62.5,14.643,4.423,1,3,0,31,0,469.0,0.0,0,0,MAINS,MAINS,1,0,53.74,92.0,48.4054,48.7642,-4.0,3.72349,3.72349,3.75109,3.75109,0.0,23.1,1104.719,,58.637,,CHARGE,0.0,0,,SYNTHETIC,0
doe-000,0,88,2026-09-03T09:01:28Z,2026-09-03T09:01:29Z,2026-09-03T09:01:28Z,2026-09-03T09:01:29Z,site_b,SIM,synthetic_demo,B-WAN-1,UP,1000.0,69.5394,69.57,0.0,21.25,0.1623,0.135,0,UP,4.0,0.0,6,6,40,-61.8,19.891,6.267,0,0,0,32,0,59.0,0.0,0,0,,,,,,,,,,,,,,,,,,,,,0.0,0,,SYNTHETIC,0
doe-000,0,89,2026-09-03T09:01:29Z,2026-09-03T09:01:30Z,2026-09-03T09:01:29Z,2026-09-03T09:01:30Z,site_a,SIM,synthetic_demo,A-WAN-1,UP,1000.0,483.1911,483.18,0.0,16.21,0.8939,0.08,0,UP,4.0,0.0,48,48,238,-61.9,18.474,5.956,1,3,0,31,0,359.0,0.0,0,0,MAINS,MAINS,1,0,53.78,92.0,48.4056,48.7644,-4.0,3.7235,3.7235,3.7511,3.7511,0.0,22.9,1078.204,,60.081,,CHARGE,0.0,0,,SYNTHETIC,0
doe-000,0,89,2026-09-03T09:01:29Z,2026-09-03T09:01:30Z,2026-09-03T09:01:29Z,2026-09-03T09:01:30Z,site_b,SIM,synthetic_demo,B-WAN-1,UP,1000.0,77.5599,77.84,0.0,23.11,1.931,0.1,0,UP,4.0,0.0,6,6,28,-61.5,18.83,5.777,0,0,0,32,0,48.0,0.0,0,0,,,,,,,,,,,,,,,,,,,,,0.0,0,,SYNTHETIC,0
doe-000,0,90,2026-09-03T09:01:30Z,2026-09-03T09:01:31Z,2026-09-03T09:01:30Z,2026-09-03T09:01:31Z,site_a,SIM,synthetic_demo,A-WAN-1,UP,1000.0,429.3039,429.72,0.0,17.63,1.9776,0.067,0,UP,4.0,0.0,48,48,185,-62.9,17.637,5.268,1,2,0,31,0,277.0,0.0,0,0,MAINS,MAINS,1,0,53.71,92.0,48.4058,48.7646,-4.0,3.72352,3.72352,3.75112,3.75112,0.0,23.0,1076.051,,60.204,,CHARGE,0.0,0,,SYNTHETIC,0
doe-000,0,90,2026-09-03T09:01:30Z,2026-09-03T09:01:31Z,2026-09-03T09:01:30Z,2026-09-03T09:01:31Z,site_b,SIM,synthetic_demo,B-WAN-1,UP,1000.0,65.9903,65.18,0.0,21.79,1.0153,0.081,0,UP,4.0,0.0,6,6,48,-61.6,24.199,7.889,0,1,0,32,0,59.0,0.0,0,0,,,,,,,,,,,,,,,,,,,,,0.0,0,,SYNTHETIC,0
doe-000,0,91,2026-09-03T09:01:31Z,2026-09-03T09:01:32Z,2026-09-03T09:01:31Z,2026-09-03T09:01:32Z,site_a,SIM,synthetic_demo,A-WAN-1,UP,1000.0,491.1958,491.35,0.0,16.67,0.5923,0.111,0,UP,4.0,0.0,48,48,161,-62.0,15.885,4.999,2,0,0,31,0,265.0,0.0,0,0,MAINS,MAINS,1,0,53.75,92.0,48.406,48.7648,-4.0,3.72354,3.72354,3.75114,3.75114,0.0,23.1,1092.495,,59.301,,CHARGE,0.0,0,,SYNTHETIC,0
doe-000,0,91,2026-09-03T09:01:31Z,2026-09-03T09:01:32Z,2026-09-03T09:01:31Z,2026-09-03T09:01:32Z,site_b,SIM,synthetic_demo,B-WAN-1,UP,1000.0,93.7538,93.99,0.0,23.03,1.6123,0.137,0,UP,4.0,0.0,6,6,10,-61.8,13.809,4.367,0,0,0,32,0,61.0,0.0,0,0,,,,,,,,,,,,,,,,,,,,,0.0,0,,SYNTHETIC,0
doe-000,0,92,2026-09-03T09:01:32Z,2026-09-03T09:01:33Z,2026-09-03T09:01:32Z,2026-09-03T09:01:33Z,site_a,SIM,synthetic_demo,A-WAN-1,UP,1000.0,505.5109,505.16,0.0,17.4,1.4066,0.068,0,UP,4.0,0.0,48,48,262,-62.0,19.649,5.885,1,2,0,31,0,285.0,0.0,0,0,MAINS,MAINS,1,0,53.72,92.0,48.4062,48.765,-4.0,3.72355,3.72355,3.75115,3.75115,0.0,23.1,1088.901,,59.499,,CHARGE,0.0,0,,SYNTHETIC,0
doe-000,0,92,2026-09-03T09:01:32Z,2026-09-03T09:01:33Z,2026-09-03T09:01:32Z,2026-09-03T09:01:33Z,site_b,SIM,synthetic_demo,B-WAN-1,UP,1000.0,59.251,59.02,0.0,21.55,0.7964,0.079,0,UP,4.0,0.0,6,6,53,-61.1,24.996,6.844,0,0,0,32,0,50.0,0.0,0,0,,,,,,,,,,,,,,,,,,,,,0.0,0,,SYNTHETIC,0
doe-000,0,93,2026-09-03T09:01:33Z,2026-09-03T09:01:34Z,2026-09-03T09:01:33Z,2026-09-03T09:01:34Z,site_a,SIM,synthetic_demo,A-WAN-1,UP,1000.0,467.3175,467.73,0.0,17.32,1.7463,0.093,0,UP,4.0,0.0,48,48,137,-62.1,15.971,4.711,2,4,0,31,0,310.0,0.0,0,0,MAINS,MAINS,1,0,53.78,92.0,48.4064,48.7652,-4.0,3.72357,3.72357,3.75117,3.75117,0.0,23.1,1090.312,,59.425,,CHARGE,0.0,0,,SYNTHETIC,0
doe-000,0,93,2026-09-03T09:01:33Z,2026-09-03T09:01:34Z,2026-09-03T09:01:33Z,2026-09-03T09:01:34Z,site_b,SIM,synthetic_demo,B-WAN-1,UP,1000.0,62.8589,63.16,0.0,21.54,0.4573,0.099,0,UP,4.0,0.0,6,6,17,-62.4,14.212,5.449,0,0,0,32,0,58.0,0.0,0,0,,,,,,,,,,,,,,,,,,,,,0.0,0,,SYNTHETIC,0
doe-000,0,94,2026-09-03T09:01:34Z,2026-09-03T09:01:35Z,2026-09-03T09:01:34Z,2026-09-03T09:01:35Z,site_a,SIM,synthetic_demo,A-WAN-1,UP,1000.0,497.8427,498.04,0.0,16.66,0.5542,0.107,0,UP,4.0,0.0,48,48,165,-62.2,16.784,4.94,0,3,0,31,0,353.0,0.0,0,0,MAINS,MAINS,1,0,53.78,92.0,48.4066,48.7654,-4.0,3.72359,3.72359,3.75119,3.75119,0.0,23.0,1095.373,,59.153,,CHARGE,0.0,0,,SYNTHETIC,0
doe-000,0,94,2026-09-03T09:01:34Z,2026-09-03T09:01:35Z,2026-09-03T09:01:34Z,2026-09-03T09:01:35Z,site_b,SIM,synthetic_demo,B-WAN-1,UP,1000.0,84.3209,83.99,0.0,22.11,1.3815,0.074,0,UP,4.0,0.0,6,6,53,-62.4,26.934,6.83,0,2,0,32,0,42.0,0.0,0,0,,,,,,,,,,,,,,,,,,,,,0.0,0,,SYNTHETIC,0
doe-000,0,95,2026-09-03T09:01:35Z,2026-09-03T09:01:36Z,2026-09-03T09:01:35Z,2026-09-03T09:01:36Z,site_a,SIM,synthetic_demo,A-WAN-1,UP,1000.0,582.7539,583.33,0.0,18.02,1.7503,0.077,0,UP,4.0,0.0,48,48,203,-62.4,17.801,5.401,1,1,0,31,0,263.0,0.0,0,0,MAINS,MAINS,1,0,53.72,92.0,48.4068,48.7656,-4.0,3.7236,3.7236,3.7512,3.7512,0.0,22.9,1096.573,,59.091,,CHARGE,0.0,0,,SYNTHETIC,0
doe-000,0,95,2026-09-03T09:01:35Z,2026-09-03T09:01:36Z,2026-09-03T09:01:35Z,2026-09-03T09:01:36Z,site_b,SIM,synthetic_demo,B-WAN-1,UP,1000.0,73.8702,73.35,0.0,22.41,1.7494,0.094,0,UP,4.0,0.0,6,6,38,-62.1,20.833,6.675,0,0,0,32,0,85.0,0.0,0,0,,,,,,,,,,,,,,,,,,,,,0.0,0,,SYNTHETIC,0
doe-000,0,96,2026-09-03T09:01:36Z,2026-09-03T09:01:37Z,2026-09-03T09:01:36Z,2026-09-03T09:01:37Z,site_a,SIM,synthetic_demo,A-WAN-1,UP,1000.0,537.0066,536.53,0.0,16.8,0.5379,0.11,0,UP,4.0,0.0,48,48,244,-61.8,19.368,5.596,2,2,0,31,0,349.0,0.0,0,0,MAINS,MAINS,1,0,53.69,92.0,48.407,48.7658,-4.0,3.72362,3.72362,3.75122,3.75122,0.0,23.2,1073.98,,60.337,,CHARGE,0.0,0,,SYNTHETIC,0
doe-000,0,96,2026-09-03T09:01:36Z,2026-09-03T09:01:37Z,2026-09-03T09:01:36Z,2026-09-03T09:01:37Z,site_b,SIM,synthetic_demo,B-WAN-1,UP,1000.0,51.7129,51.44,0.0,22.73,1.8088,0.12,0,UP,4.0,0.0,6,6,79,-59.5,32.147,9.156,0,0,0,32,0,51.0,0.0,0,0,,,,,,,,,,,,,,,,,,,,,0.0,0,,SYNTHETIC,0
doe-000,0,97,2026-09-03T09:01:37Z,2026-09-03T09:01:38Z,2026-09-03T09:01:37Z,2026-09-03T09:01:38Z,site_a,SIM,synthetic_demo,A-WAN-1,UP,1000.0,551.2448,552.28,0.0,16.17,0.3899,0.095,0,UP,4.0,0.0,48,48,151,-61.5,16.871,4.731,1,4,0,31,0,355.0,0.0,0,0,MAINS,MAINS,1,0,53.75,92.0,48.4072,48.766,-4.0,3.72363,3.72363,3.75123,3.75123,0.0,23.1,1085.098,,59.721,,CHARGE,0.0,0,,SYNTHETIC,0
doe-000,0,97,2026-09-03T09:01:37Z,2026-09-03T09:01:38Z,2026-09-03T09:01:37Z,2026-09-03T09:01:38Z,site_b,SIM,synthetic_demo,B-WAN-1,UP,1000.0,54.823,55.21,0.0,24.83,3.4853,0.083,0,UP,4.0,0.0,6,6,31,-61.8,17.886,5.777,1,0,0,32,0,40.0,0.0,0,0,,,,,,,,,,,,,,,,,,,,,0.0,0,,SYNTHETIC,0
doe-000,0,98,2026-09-03T09:01:38Z,2026-09-03T09:01:39Z,2026-09-03T09:01:38Z,2026-09-03T09:01:39Z,site_a,SIM,synthetic_demo,A-WAN-1,UP,1000.0,563.6239,563.42,0.0,16.65,0.7111,0.129,0,UP,4.0,0.0,48,48,171,-62.7,16.219,5.115,2,2,0,31,0,310.0,0.0,0,0,MAINS,MAINS,1,0,53.77,92.0,48.4075,48.7663,-4.0,3.72365,3.72365,3.75125,3.75125,0.0,23.1,1092.387,,59.326,,CHARGE,0.0,0,,SYNTHETIC,0
doe-000,0,98,2026-09-03T09:01:38Z,2026-09-03T09:01:39Z,2026-09-03T09:01:38Z,2026-09-03T09:01:39Z,site_b,SIM,synthetic_demo,B-WAN-1,UP,1000.0,76.1741,76.03,0.0,23.04,1.9678,0.107,0,UP,4.0,0.0,6,6,55,-59.8,26.107,7.462,0,0,0,32,0,45.0,0.0,0,0,,,,,,,,,,,,,,,,,,,,,0.0,0,,SYNTHETIC,0
doe-000,0,99,2026-09-03T09:01:39Z,2026-09-03T09:01:40Z,2026-09-03T09:01:39Z,2026-09-03T09:01:40Z,site_a,SIM,synthetic_demo,A-WAN-1,UP,1000.0,462.0005,461.74,0.0,17.02,1.0912,0.068,0,UP,4.0,0.0,48,48,224,-62.4,18.301,5.591,2,4,0,31,0,284.0,0.0,0,0,MAINS,MAINS,1,0,53.82,92.0,48.4077,48.7665,-4.0,3.72367,3.72367,3.75127,3.75127,0.0,23.0,1075.715,,60.248,,CHARGE,0.0,0,,SYNTHETIC,0
doe-000,0,99,2026-09-03T09:01:39Z,2026-09-03T09:01:40Z,2026-09-03T09:01:39Z,2026-09-03T09:01:40Z,site_b,SIM,synthetic_demo,B-WAN-1,UP,1000.0,55.4047,55.74,0.0,22.99,1.1412,0.106,0,UP,4.0,0.0,6,6,51,-63.1,23.833,6.786,0,0,0,32,0,56.0,0.0,0,0,,,,,,,,,,,,,,,,,,,,,0.0,0,,SYNTHETIC,0
doe-000,0,100,2026-09-03T09:01:40Z,2026-09-03T09:01:41Z,2026-09-03T09:01:40Z,2026-09-03T09:01:41Z,site_a,SIM,synthetic_demo,A-WAN-1,UP,1000.0,529.3015,528.26,0.0,15.88,0.5303,0.102,0,UP,4.0,0.0,48,48,201,-62.3,17.989,5.222,0,3,0,31,0,438.0,0.0,0,0,MAINS,MAINS,1,0,53.83,92.0,48.4079,48.7667,-4.0,3.72368,3.72368,3.75128,3.75128,0.0,23.2,1092.291,,59.336,,CHARGE,0.0,0,,SYNTHETIC,0
doe-000,0,100,2026-09-03T09:01:40Z,2026-09-03T09:01:41Z,2026-09-03T09:01:40Z,2026-09-03T09:01:41Z,site_b,SIM,synthetic_demo,B-WAN-1,UP,1000.0,95.6739,94.28,0.0,21.17,0.2384,0.119,0,UP,4.0,0.0,6,6,45,-63.0,22.528,6.572,0,1,0,32,0,62.0,0.0,0,0,,,,,,,,,,,,,,,,,,,,,0.0,0,,SYNTHETIC,0
doe-000,0,101,2026-09-03T09:01:41Z,2026-09-03T09:01:42Z,2026-09-03T09:01:41Z,2026-09-03T09:01:42Z,site_a,SIM,synthetic_demo,A-WAN-1,UP,1000.0,529.4217,529.46,0.0,18.04,1.9943,0.098,0,UP,4.0,0.0,48,48,190,-61.5,17.401,5.05,1,1,0,31,0,297.0,0.0,0,0,MAINS,MAINS,1,0,53.71,92.0,48.4081,48.7669,-4.0,3.7237,3.7237,3.7513,3.7513,0.0,23.0,1090.555,,59.433,,CHARGE,0.0,0,,SYNTHETIC,0
doe-000,0,101,2026-09-03T09:01:41Z,2026-09-03T09:01:42Z,2026-09-03T09:01:41Z,2026-09-03T09:01:42Z,site_b,SIM,synthetic_demo,B-WAN-1,UP,1000.0,56.6563,55.98,0.0,22.16,1.4832,0.112,0,UP,4.0,0.0,6,6,43,-62.5,22.112,6.736,0,0,0,32,0,55.0,0.0,0,0,,,,,,,,,,,,,,,,,,,,,0.0,0,,SYNTHETIC,0
doe-000,0,102,2026-09-03T09:01:42Z,2026-09-03T09:01:43Z,2026-09-03T09:01:42Z,2026-09-03T09:01:43Z,site_a,SIM,synthetic_demo,A-WAN-1,UP,1000.0,536.0567,536.1,0.0,17.21,1.7933,0.09,0,UP,4.0,0.0,48,48,261,-62.9,19.763,6.018,3,5,0,31,0,297.0,0.0,0,0,MAINS,MAINS,1,0,53.7,92.0,48.4083,48.7671,-4.0,3.72371,3.72371,3.75131,3.75131,0.0,23.1,1098.303,,59.017,,CHARGE,0.0,0,,SYNTHETIC,0
doe-000,0,102,2026-09-03T09:01:42Z,2026-09-03T09:01:43Z,2026-09-03T09:01:42Z,2026-09-03T09:01:43Z,site_b,SIM,synthetic_demo,B-WAN-1,UP,1000.0,46.3469,45.99,0.0,20.57,0.3588,0.111,0,UP,4.0,0.0,6,6,32,-61.2,17.132,5.708,0,0,0,32,0,46.0,0.0,0,0,,,,,,,,,,,,,,,,,,,,,0.0,0,,SYNTHETIC,0
doe-000,0,103,2026-09-03T09:01:43Z,2026-09-03T09:01:44Z,2026-09-03T09:01:43Z,2026-09-03T09:01:44Z,site_a,SIM,synthetic_demo,A-WAN-1,UP,1000.0,450.6834,451.46,0.0,16.72,1.109,0.103,0,UP,4.0,0.0,48,48,71,-61.6,14.349,4.211,1,3,0,31,0,316.0,0.0,0,0,MAINS,MAINS,1,0,53.77,92.0,48.4085,48.7673,-4.0,3.72373,3.72373,3.75133,3.75133,0.0,23.1,1101.116,,58.869,,CHARGE,0.0,0,,SYNTHETIC,0
doe-000,0,103,2026-09-03T09:01:43Z,2026-09-03T09:01:44Z,2026-09-03T09:01:43Z,2026-09-03T09:01:44Z,site_b,SIM,synthetic_demo,B-WAN-1,UP,1000.0,148.2904,148.2,0.0,21.17,0.7246,0.084,0,UP,4.0,0.0,6,6,28,-62.7,18.352,6.252,1,0,0,32,0,69.0,0.0,0,0,,,,,,,,,,,,,,,,,,,,,0.0,0,,SYNTHETIC,0
doe-000,0,104,2026-09-03T09:01:44Z,2026-09-03T09:01:45Z,2026-09-03T09:01:44Z,2026-09-03T09:01:45Z,site_a,SIM,synthetic_demo,A-WAN-1,UP,1000.0,484.9058,484.61,0.0,18.19,2.392,0.095,0,UP,4.0,0.0,48,48,209,-61.8,17.92,5.27,0,3,0,31,0,327.0,0.0,0,0,MAINS,MAINS,1,0,53.76,92.0,48.4087,48.7675,-4.0,3.72375,3.72375,3.75135,3.75135,0.0,,1096.632,,59.112,,CHARGE,0.0,0,,SYNTHETIC|GAP|MISSING_MAR,0
doe-000,0,104,2026-09-03T09:01:44Z,2026-09-03T09:01:45Z,2026-09-03T09:01:44Z,2026-09-03T09:01:45Z,site_b,SIM,synthetic_demo,B-WAN-1,UP,1000.0,69.7582,70.48,0.0,21.69,0.4022,0.091,0,UP,4.0,0.0,6,6,56,-61.4,27.115,7.341,0,1,0,32,0,44.0,0.0,0,0,,,,,,,,,,,,,,,,,,,,,0.0,0,,SYNTHETIC,0
doe-000,0,105,2026-09-03T09:01:45Z,2026-09-03T09:01:46Z,2026-09-03T09:01:45Z,2026-09-03T09:01:46Z,site_a,SIM,synthetic_demo,A-WAN-1,UP,1000.0,445.4155,446.22,0.0,16.6,0.565,0.096,0,UP,4.0,0.0,48,48,141,-61.7,15.588,4.8,1,3,0,31,0,167.0,0.0,0,0,MAINS,MAINS,1,0,53.81,92.0,48.4089,48.7677,-4.0,3.72376,3.72376,3.75136,3.75136,0.0,23.1,1079.293,,60.065,,CHARGE,0.0,0,,SYNTHETIC,0
doe-000,0,105,2026-09-03T09:01:45Z,2026-09-03T09:01:46Z,2026-09-03T09:01:45Z,2026-09-03T09:01:46Z,site_b,SIM,synthetic_demo,B-WAN-1,UP,1000.0,61.9204,62.3,0.0,21.44,0.7044,0.098,0,UP,4.0,0.0,6,6,55,-63.9,22.529,8.355,0,0,0,32,0,50.0,0.0,0,0,,,,,,,,,,,,,,,,,,,,,0.0,0,,SYNTHETIC,0
doe-000,0,106,2026-09-03T09:01:46Z,2026-09-03T09:01:47Z,2026-09-03T09:01:46Z,2026-09-03T09:01:47Z,site_a,SIM,synthetic_demo,A-WAN-1,UP,1000.0,431.9337,431.7,0.0,16.05,0.6349,0.068,0,UP,4.0,0.0,48,48,174,-61.6,17.197,4.906,0,1,0,31,0,166.0,0.0,0,0,MAINS,MAINS,1,0,53.83,92.0,48.4091,48.7679,-4.0,3.72378,3.72378,3.75138,3.75138,0.0,23.2,1093.417,,59.291,,CHARGE,0.0,0,,SYNTHETIC,0
doe-000,0,106,2026-09-03T09:01:46Z,2026-09-03T09:01:47Z,2026-09-03T09:01:46Z,2026-09-03T09:01:47Z,site_b,SIM,synthetic_demo,B-WAN-1,UP,1000.0,83.0059,82.43,0.0,23.39,2.9798,0.104,0,UP,4.0,0.0,6,6,51,-62.7,23.634,7.829,0,0,0,32,0,28.0,0.0,0,0,,,,,,,,,,,,,,,,,,,,,0.0,0,,SYNTHETIC,0
doe-000,0,107,2026-09-03T09:01:47Z,2026-09-03T09:01:48Z,2026-09-03T09:01:47Z,2026-09-03T09:01:48Z,site_a,SIM,synthetic_demo,A-WAN-1,UP,1000.0,463.1521,462.75,0.0,18.28,2.1548,0.103,0,UP,4.0,0.0,48,48,147,-62.1,15.92,4.988,2,3,0,31,0,296.0,0.0,0,0,MAINS,MAINS,1,0,53.8,92.0,48.4093,48.7681,-4.0,3.7238,3.7238,3.7514,3.7514,0.0,23.0,1108.17,,58.505,,CHARGE,0.0,0,,SYNTHETIC,0
doe-000,0,107,2026-09-03T09:01:47Z,2026-09-03T09:01:48Z,2026-09-03T09:01:47Z,2026-09-03T09:01:48Z,site_b,SIM,synthetic_demo,B-WAN-1,UP,1000.0,75.2169,75.88,0.0,22.43,1.5332,0.102,0,UP,4.0,0.0,6,6,26,-62.3,20.11,5.531,0,0,0,32,0,58.0,0.0,0,0,,,,,,,,,,,,,,,,,,,,,0.0,0,,SYNTHETIC,0
doe-000,0,108,2026-09-03T09:01:48Z,2026-09-03T09:01:49Z,2026-09-03T09:01:48Z,2026-09-03T09:01:49Z,site_a,SIM,synthetic_demo,A-WAN-1,UP,1000.0,542.2389,541.74,0.0,19.02,3.3372,0.091,0,UP,4.0,0.0,48,48,215,-62.6,18.074,5.402,0,2,0,31,0,493.0,0.0,0,0,MAINS,MAINS,1,0,53.88,92.0,48.4096,48.7684,-4.0,3.72381,3.72381,3.75141,3.75141,0.0,23.0,1105.498,,58.649,,CHARGE,0.0,0,,SYNTHETIC,0
doe-000,0,108,2026-09-03T09:01:48Z,2026-09-03T09:01:49Z,2026-09-03T09:01:48Z,2026-09-03T09:01:49Z,site_b,SIM,synthetic_demo,B-WAN-1,UP,1000.0,106.2354,105.72,0.0,22.58,1.4473,0.14,0,UP,4.0,0.0,6,6,39,-61.1,21.406,6.807,0,1,0,32,0,72.0,0.0,0,0,,,,,,,,,,,,,,,,,,,,,0.0,0,,SYNTHETIC,0
doe-000,0,109,2026-09-03T09:01:49Z,2026-09-03T09:01:50Z,2026-09-03T09:01:49Z,2026-09-03T09:01:50Z,site_a,SIM,synthetic_demo,A-WAN-1,UP,1000.0,435.843,436.51,0.0,17.2,1.0619,0.096,0,UP,4.0,0.0,48,48,246,-61.4,18.328,5.811,0,5,0,31,0,326.0,0.0,0,0,MAINS,MAINS,1,0,53.79,92.0,48.4098,48.7686,-4.0,3.72383,3.72383,3.75143,3.75143,0.0,23.1,1082.165,,59.916,,CHARGE,0.0,0,,SYNTHETIC,0
doe-000,0,109,2026-09-03T09:01:49Z,2026-09-03T09:01:50Z,2026-09-03T09:01:49Z,2026-09-03T09:01:50Z,site_b,SIM,synthetic_demo,B-WAN-1,UP,1000.0,77.0894,77.13,0.0,21.24,0.1772,0.11,0,UP,4.0,0.0,6,6,36,-61.3,20.661,5.984,0,0,0,32,0,67.0,0.0,0,0,,,,,,,,,,,,,,,,,,,,,0.0,0,,SYNTHETIC,0
doe-000,0,110,2026-09-03T09:01:50Z,2026-09-03T09:01:51Z,2026-09-03T09:01:50Z,2026-09-03T09:01:51Z,site_a,SIM,synthetic_demo,A-WAN-1,UP,1000.0,489.3857,489.24,0.0,19.18,3.0331,0.089,0,UP,4.0,0.0,48,48,156,-62.3,16.77,5.185,0,7,0,31,0,428.0,0.0,0,0,MAINS,MAINS,1,0,53.66,92.0,48.41,48.7688,-4.0,3.72384,3.72384,3.75144,3.75144,0.0,23.1,1092.594,,59.347,,CHARGE,0.0,0,,SYNTHETIC,0
doe-000,0,110,2026-09-03T09:01:50Z,2026-09-03T09:01:51Z,2026-09-03T09:01:50Z,2026-09-03T09:01:51Z,site_b,SIM,synthetic_demo,B-WAN-1,UP,1000.0,80.0628,79.56,0.0,22.81,1.451,0.101,0,UP,4.0,0.0,6,6,52,-61.6,23.281,7.112,0,0,0,32,0,78.0,0.0,0,0,,,,,,,,,,,,,,,,,,,,,0.0,0,,SYNTHETIC,0
doe-000,0,111,2026-09-03T09:01:51Z,2026-09-03T09:01:52Z,2026-09-03T09:01:51Z,2026-09-03T09:01:52Z,site_a,SIM,synthetic_demo,A-WAN-1,UP,1000.0,622.617,622.43,0.0,17.37,1.3647,0.101,0,UP,4.0,0.0,48,48,205,-62.2,18.528,5.476,1,1,0,31,0,269.0,0.0,0,0,MAINS,MAINS,1,0,53.85,92.0,48.4102,48.769,-4.0,3.72386,3.72386,3.75146,3.75146,0.0,23.0,1094.432,,59.25,,CHARGE,0.0,0,,SYNTHETIC,0
doe-000,0,111,2026-09-03T09:01:51Z,2026-09-03T09:01:52Z,2026-09-03T09:01:51Z,2026-09-03T09:01:52Z,site_b,SIM,synthetic_demo,B-WAN-1,UP,1000.0,85.6292,86.43,0.0,24.04,3.1891,0.112,0,UP,4.0,0.0,6,6,50,-61.4,23.889,7.05,1,0,0,32,0,65.0,0.0,0,0,,,,,,,,,,,,,,,,,,,,,0.0,0,,SYNTHETIC,0
doe-000,0,112,2026-09-03T09:01:52Z,2026-09-03T09:01:53Z,2026-09-03T09:01:52Z,2026-09-03T09:01:53Z,site_a,SIM,synthetic_demo,A-WAN-1,UP,1000.0,436.051,436.0,0.0,16.76,1.3986,0.093,0,UP,4.0,0.0,48,48,324,-61.6,21.084,6.568,0,5,0,31,0,289.0,0.0,0,0,MAINS,MAINS,1,0,53.87,92.0,48.4104,48.7692,-4.0,3.72388,3.72388,3.75148,3.75148,0.0,23.1,1102.739,,58.806,,CHARGE,0.0,0,,SYNTHETIC,0
doe-000,0,112,2026-09-03T09:01:52Z,2026-09-03T09:01:53Z,2026-09-03T09:01:52Z,2026-09-03T09:01:53Z,site_b,SIM,synthetic_demo,B-WAN-1,UP,1000.0,72.5465,72.64,0.0,21.84,1.0636,0.129,0,UP,4.0,0.0,6,6,45,-62.4,23.923,7.699,0,0,0,32,0,67.0,0.0,0,0,,,,,,,,,,,,,,,,,,,,,0.0,0,,SYNTHETIC,0
doe-000,0,113,2026-09-03T09:01:53Z,2026-09-03T09:01:54Z,2026-09-03T09:01:53Z,2026-09-03T09:01:54Z,site_a,SIM,synthetic_demo,A-WAN-1,UP,1000.0,459.5065,459.36,0.0,16.79,0.6094,0.065,0,UP,4.0,0.0,48,48,105,-62.5,15.796,4.515,2,2,0,31,0,358.0,0.0,0,0,MAINS,MAINS,1,0,53.83,92.0,48.4106,48.7694,-4.0,3.72389,3.72389,3.75149,3.75149,0.0,23.1,1090.546,,59.466,,CHARGE,0.0,0,,SYNTHETIC,0
doe-000,0,113,2026-09-03T09:01:53Z,2026-09-03T09:01:54Z,2026-09-03T09:01:53Z,2026-09-03T09:01:54Z,site_b,SIM,synthetic_demo,B-WAN-1,UP,1000.0,93.1255,93.9,0.0,22.98,1.4867,0.11,0,UP,4.0,0.0,6,6,42,-60.7,21.287,6.317,0,0,0,32,0,49.0,0.0,0,0,,,,,,,,,,,,,,,,,,,,,0.0,0,,SYNTHETIC,0
doe-000,0,114,2026-09-03T09:01:54Z,2026-09-03T09:01:55Z,2026-09-03T09:01:54Z,2026-09-03T09:01:55Z,site_a,SIM,synthetic_demo,A-WAN-1,UP,1000.0,444.441,444.38,0.0,19.62,2.6473,0.112,0,UP,4.0,0.0,48,48,286,-62.8,19.792,6.103,1,3,0,31,0,405.0,0.0,0,0,MAINS,MAINS,1,0,53.85,92.0,48.4108,48.7696,-4.0,3.72391,3.72391,3.75151,3.75151,0.0,23.1,1086.914,,59.668,,CHARGE,0.0,0,,SYNTHETIC,0
doe-000,0,114,2026-09-03T09:01:54Z,2026-09-03T09:01:55Z,2026-09-03T09:01:54Z,2026-09-03T09:01:55Z,site_b,SIM,synthetic_demo,B-WAN-1,UP,1000.0,66.406,66.65,0.0,22.73,1.2788,0.099,0,UP,4.0,0.0,6,6,55,-60.6,25.306,7.322,0,0,0,32,0,38.0,0.0,0,0,,,,,,,,,,,,,,,,,,,,,0.0,0,,SYNTHETIC,0
doe-000,0,115,2026-09-03T09:01:55Z,2026-09-03T09:01:56Z,2026-09-03T09:01:55Z,2026-09-03T09:01:56Z,site_a,SIM,synthetic_demo,A-WAN-1,UP,1000.0,503.0185,502.93,0.0,18.32,2.4816,0.064,0,UP,4.0,0.0,48,48,211,-61.2,17.895,5.5,3,2,0,31,0,732.0,0.0,0,0,MAINS,MAINS,1,0,53.71,92.0,48.411,48.7698,-4.0,3.72392,3.72392,3.75152,3.75152,0.0,23.1,1093.428,,59.315,,CHARGE,0.0,0,,SYNTHETIC,0
doe-000,0,115,2026-09-03T09:01:55Z,2026-09-03T09:01:56Z,2026-09-03T09:01:55Z,2026-09-03T09:01:56Z,site_b,SIM,synthetic_demo,B-WAN-1,UP,1000.0,69.4863,68.98,0.0,21.62,0.8253,0.125,0,UP,4.0,0.0,6,6,31,-60.3,17.878,5.369,1,2,0,32,0,43.0,0.0,0,0,,,,,,,,,,,,,,,,,,,,,0.0,0,,SYNTHETIC,0
doe-000,0,116,2026-09-03T09:01:56Z,2026-09-03T09:01:57Z,2026-09-03T09:01:56Z,2026-09-03T09:01:57Z,site_a,SIM,synthetic_demo,A-WAN-1,UP,1000.0,561.3721,561.24,0.0,17.77,0.9042,0.087,0,UP,4.0,0.0,48,48,217,-61.8,17.786,5.627,6,1,0,31,0,491.0,0.0,0,0,MAINS,MAINS,1,0,53.8,92.0,48.4112,48.77,-4.0,3.72394,3.72394,3.75154,3.75154,0.0,23.0,1090.436,,59.481,,CHARGE,0.0,0,,SYNTHETIC,0
doe-000,0,116,2026-09-03T09:01:56Z,2026-09-03T09:01:57Z,2026-09-03T09:01:56Z,2026-09-03T09:01:57Z,site_b,SIM,synthetic_demo,B-WAN-1,UP,1000.0,78.4195,78.28,0.0,24.47,3.7211,0.12,0,UP,4.0,0.0,6,6,42,-62.7,20.178,6.17,0,0,0,32,0,56.0,0.0,0,0,,,,,,,,,,,,,,,,,,,,,0.0,0,,SYNTHETIC,0
doe-000,0,117,2026-09-03T09:01:57Z,2026-09-03T09:01:58Z,2026-09-03T09:01:57Z,2026-09-03T09:01:58Z,site_a,SIM,synthetic_demo,A-WAN-1,UP,1000.0,602.8915,602.68,0.0,16.7,0.9177,0.06,0,UP,4.0,0.0,48,48,281,-61.4,20.345,5.964,0,4,0,31,0,293.0,0.0,0,0,MAINS,MAINS,1,0,53.85,92.0,48.4114,48.7702,-4.0,3.72396,3.72396,3.75156,3.75156,0.0,,1080.282,,60.042,,CHARGE,0.0,0,,SYNTHETIC|GAP|MISSING_MAR,0
doe-000,0,117,2026-09-03T09:01:57Z,2026-09-03T09:01:58Z,2026-09-03T09:01:57Z,2026-09-03T09:01:58Z,site_b,SIM,synthetic_demo,B-WAN-1,UP,1000.0,57.2868,58.15,0.0,22.66,1.5307,0.089,0,UP,4.0,0.0,6,6,51,-60.0,25.315,7.318,0,0,0,32,0,32.0,0.0,0,0,,,,,,,,,,,,,,,,,,,,,0.0,0,,SYNTHETIC,0
doe-000,0,118,2026-09-03T09:01:58Z,2026-09-03T09:01:59Z,2026-09-03T09:01:58Z,2026-09-03T09:01:59Z,site_a,SIM,synthetic_demo,A-WAN-1,UP,1000.0,447.386,447.97,0.0,19.96,3.5948,0.079,0,UP,4.0,0.0,48,48,157,-61.0,16.17,4.599,0,5,0,31,0,402.0,0.0,0,0,MAINS,MAINS,1,0,53.77,92.0,48.4117,48.7705,-4.0,3.72397,3.72397,3.75157,3.75157,0.0,23.1,1082.196,,59.939,,CHARGE,0.0,0,,SYNTHETIC,0
doe-000,0,118,2026-09-03T09:01:58Z,2026-09-03T09:01:59Z,2026-09-03T09:01:58Z,2026-09-03T09:01:59Z,site_b,SIM,synthetic_demo,B-WAN-1,UP,1000.0,66.4212,66.55,0.0,22.3,1.2223,0.1,0,UP,4.0,0.0,6,6,60,-61.5,25.363,7.819,0,0,0,32,0,40.0,0.0,0,0,,,,,,,,,,,,,,,,,,,,,0.0,0,,SYNTHETIC,0
doe-000,0,119,2026-09-03T09:01:59Z,2026-09-03T09:02:00Z,2026-09-03T09:01:59Z,2026-09-03T09:02:00Z,site_a,SIM,synthetic_demo,A-WAN-1,UP,1000.0,433.6977,432.81,0.0,16.65,0.0931,0.072,0,UP,4.0,0.0,48,48,212,-62.6,17.998,5.563,1,1,0,31,0,466.0,0.0,0,0,MAINS,MAINS,1,0,53.89,92.0,48.4119,48.7707,-4.0,3.72399,3.72399,3.75159,3.75159,0.0,23.1,1095.552,,59.211,,CHARGE,0.0,0,,SYNTHETIC,0
doe-000,0,119,2026-09-03T09:01:59Z,2026-09-03T09:02:00Z,2026-09-03T09:01:59Z,2026-09-03T09:02:00Z,site_b,SIM,synthetic_demo,B-WAN-1,UP,1000.0,50.0889,50.65,0.0,22.17,0.8583,0.137,0,UP,4.0,0.0,6,6,66,-63.0,28.986,7.695,0,2,0,32,0,57.0,0.0,0,0,,,,,,,,,,,,,,,,,,,,,0.0,0,,SYNTHETIC,0
doe-000,0,120,2026-09-03T09:02:00Z,2026-09-03T09:02:01Z,2026-09-03T09:02:00Z,2026-09-03T09:02:01Z,site_a,SIM,synthetic_demo,A-WAN-1,UP,1000.0,532.5411,532.49,0.0,20.12,3.6147,0.116,0,UP,4.0,0.0,48,48,265,-61.4,19.67,6.089,2,2,0,31,0,286.0,0.0,0,0,MAINS,MAINS,1,0,53.79,92.0,48.4121,48.7709,-4.0,3.72401,3.72401,3.75161,3.75161,0.0,23.2,1081.53,,59.981,,CHARGE,0.0,0,,SYNTHETIC,0
doe-000,0,120,2026-09-03T09:02:00Z,2026-09-03T09:02:01Z,2026-09-03T09:02:00Z,2026-09-03T09:02:01Z,site_b,SIM,synthetic_demo,B-WAN-1,UP,1000.0,66.529,65.94,0.0,25.05,3.3334,0.095,0,UP,4.0,0.0,6,6,41,-59.4,20.662,6.604,0,1,0,32,0,48.0,0.0,0,0,,,,,,,,,,,,,,,,,,,,,0.0,0,,SYNTHETIC,0
doe-000,0,121,2026-09-03T09:02:01Z,2026-09-03T09:02:02Z,2026-09-03T09:02:01Z,2026-09-03T09:02:02Z,site_a,SIM,synthetic_demo,A-WAN-1,UP,1000.0,541.4658,541.38,0.0,17.96,0.8825,0.076,0,UP,4.0,0.0,48,48,130,-61.0,16.417,4.717,1,2,0,31,0,434.0,0.0,0,0,MAINS,MAINS,1,0,53.71,92.0,48.4123,48.7711,-4.0,3.72402,3.72402,3.75162,3.75162,0.0,23.0,1089.886,,59.524,,CHARGE,0.0,0,,SYNTHETIC,0
doe-000,0,121,2026-09-03T09:02:01Z,2026-09-03T09:02:02Z,2026-09-03T09:02:01Z,2026-09-03T09:02:02Z,site_b,SIM,synthetic_demo,B-WAN-1,UP,1000.0,57.9021,56.86,0.0,21.01,0.1648,0.115,0,UP,4.0,0.0,6,6,29,-63.0,19.004,5.641,0,0,0,32,0,57.0,0.0,0,0,,,,,,,,,,,,,,,,,,,,,0.0,0,,SYNTHETIC,0
doe-000,0,122,2026-09-03T09:02:02Z,2026-09-03T09:02:03Z,2026-09-03T09:02:02Z,2026-09-03T09:02:03Z,site_a,SIM,synthetic_demo,A-WAN-2,UP,0.0,454.3071,0.31,,,,,1,DOWN,0.0,100.0,48,48,105,-61.2,14.562,4.188,1,4,0,31,0,473.0,0.0,0,0,MAINS,MAINS,1,0,53.86,92.0,48.4125,48.7713,-4.0,3.72404,3.72404,3.75164,3.75164,0.0,23.1,1085.782,,59.752,,CHARGE,0.0,0,,SYNTHETIC|SATURATED,0
doe-000,0,122,2026-09-03T09:02:02Z,2026-09-03T09:02:03Z,2026-09-03T09:02:02Z,2026-09-03T09:02:03Z,site_b,SIM,synthetic_demo,B-WAN-1,UP,1000.0,64.2971,63.88,0.0,17.71,0.8931,0.11,0,DOWN,0.0,100.0,6,6,54,-62.6,24.51,7.513,0,0,0,32,0,52.0,0.0,0,0,,,,,,,,,,,,,,,,,,,,,0.0,0,,SYNTHETIC,0
doe-000,0,123,2026-09-03T09:02:03Z,2026-09-03T09:02:04Z,2026-09-03T09:02:03Z,2026-09-03T09:02:04Z,site_a,SIM,synthetic_demo,A-WAN-2,UP,0.0,472.8374,0.47,,,,,1,DOWN,0.0,100.0,48,48,158,-61.2,16.439,4.817,1,1,0,31,0,372.0,0.0,0,0,MAINS,MAINS,1,0,53.78,92.0,48.4127,48.7715,-4.0,3.72405,3.72405,3.75165,3.75165,0.0,23.1,1077.797,,60.197,,CHARGE,0.0,0,,SYNTHETIC|SATURATED,0
doe-000,0,123,2026-09-03T09:02:03Z,2026-09-03T09:02:04Z,2026-09-03T09:02:03Z,2026-09-03T09:02:04Z,site_b,SIM,synthetic_demo,B-WAN-1,UP,1000.0,119.3746,120.19,0.0,17.73,0.4961,0.109,0,DOWN,0.0,100.0,6,6,34,-62.0,19.434,6.382,0,1,0,32,0,58.0,0.0,0,0,,,,,,,,,,,,,,,,,,,,,0.0,0,,SYNTHETIC,0
doe-000,0,124,2026-09-03T09:02:04Z,2026-09-03T09:02:05Z,2026-09-03T09:02:04Z,2026-09-03T09:02:05Z,site_a,SIM,synthetic_demo,A-WAN-2,UP,1000.0,460.1733,1000.58,387.3178,406.97,4.1945,0.06,0,DOWN,0.0,100.0,48,48,257,-61.9,19.076,5.653,0,0,0,31,0,398.0,0.0,0,0,MAINS,MAINS,1,0,53.83,92.0,48.4129,48.7717,-4.0,3.72407,3.72407,3.75167,3.75167,0.0,23.0,1079.192,,60.122,,CHARGE,0.15,0,,SYNTHETIC,0
doe-000,0,124,2026-09-03T09:02:04Z,2026-09-03T09:02:05Z,2026-09-03T09:02:04Z,2026-09-03T09:02:05Z,site_b,SIM,synthetic_demo,B-WAN-1,UP,1000.0,58.6629,59.51,0.0,17.3,0.7249,0.08,0,DOWN,0.0,100.0,6,6,49,-63.6,23.956,7.854,0,0,0,32,0,53.0,0.0,0,0,,,,,,,,,,,,,,,,,,,,,0.0,0,,SYNTHETIC,0
doe-000,0,125,2026-09-03T09:02:05Z,2026-09-03T09:02:06Z,2026-09-03T09:02:05Z,2026-09-03T09:02:06Z,site_a,SIM,synthetic_demo,A-WAN-2,UP,1000.0,439.8995,826.34,0.0,17.76,2.3615,0.142,0,DOWN,0.0,100.0,48,48,278,-62.2,20.104,5.993,2,1,0,31,0,195.0,0.0,0,0,MAINS,MAINS,1,0,53.78,92.0,48.4131,48.7719,-4.0,3.72409,3.72409,3.75169,3.75169,0.0,23.1,1070.012,,60.641,,CHARGE,0.0,0,,SYNTHETIC,0
doe-000,0,125,2026-09-03T09:02:05Z,2026-09-03T09:02:06Z,2026-09-03T09:02:05Z,2026-09-03T09:02:06Z,site_b,SIM,synthetic_demo,B-WAN-1,UP,1000.0,64.5363,64.36,0.0,18.38,0.2355,0.123,0,DOWN,0.0,100.0,6,6,25,-63.0,19.261,5.353,0,0,0,32,0,45.0,0.0,0,0,,,,,,,,,,,,,,,,,,,,,0.0,0,,SYNTHETIC,0
doe-000,0,126,2026-09-03T09:02:06Z,2026-09-03T09:02:07Z,2026-09-03T09:02:06Z,2026-09-03T09:02:07Z,site_a,SIM,synthetic_demo,A-WAN-2,UP,1000.0,504.804,504.44,0.0,15.28,0.3177,0.13,0,DOWN,0.0,100.0,48,48,223,-62.5,18.192,5.621,0,4,0,31,0,352.0,0.0,0,0,MAINS,MAINS,1,0,53.79,92.0,48.4133,48.7721,-4.0,3.7241,3.7241,3.7517,3.7517,0.0,23.1,1080.831,,60.036,,CHARGE,0.0,0,,SYNTHETIC,0
doe-000,0,126,2026-09-03T09:02:06Z,2026-09-03T09:02:07Z,2026-09-03T09:02:06Z,2026-09-03T09:02:07Z,site_b,SIM,synthetic_demo,B-WAN-1,UP,1000.0,70.7765,71.39,0.0,17.43,0.8246,0.094,0,DOWN,0.0,100.0,6,6,39,-60.5,20.315,6.09,0,0,0,32,0,96.0,0.0,0,0,,,,,,,,,,,,,,,,,,,,,0.0,0,,SYNTHETIC,0
doe-000,0,127,2026-09-03T09:02:07Z,2026-09-03T09:02:08Z,2026-09-03T09:02:07Z,2026-09-03T09:02:08Z,site_a,SIM,synthetic_demo,A-WAN-2,UP,1000.0,429.071,429.63,0.0,17.7,2.2329,0.14,0,DOWN,0.0,100.0,48,48,130,-61.3,15.798,4.786,0,3,0,31,0,345.0,0.0,0,0,MAINS,MAINS,1,0,53.79,92.0,48.4135,48.7723,-4.0,3.72412,3.72412,3.75172,3.75172,0.0,23.0,1093.233,,59.358,,CHARGE,0.0,0,,SYNTHETIC,0
doe-000,0,127,2026-09-03T09:02:07Z,2026-09-03T09:02:08Z,2026-09-03T09:02:07Z,2026-09-03T09:02:08Z,site_b,SIM,synthetic_demo,B-WAN-1,UP,1000.0,100.137,100.08,0.0,16.79,0.1432,0.082,0,DOWN,0.0,100.0,6,6,59,-61.6,24.742,7.577,0,0,0,32,0,62.0,0.0,0,0,,,,,,,,,,,,,,,,,,,,,0.0,0,,SYNTHETIC,0
doe-000,0,128,2026-09-03T09:02:08Z,2026-09-03T09:02:09Z,2026-09-03T09:02:08Z,2026-09-03T09:02:09Z,site_a,SIM,synthetic_demo,A-WAN-2,UP,1000.0,451.852,451.33,0.0,17.74,2.5656,0.071,0,RECONNECTING,0.0,100.0,48,48,140,-61.5,15.728,4.924,1,3,0,31,0,327.0,0.0,0,0,MAINS,MAINS,1,0,53.77,92.0,48.4138,48.7726,-4.0,3.72413,3.72413,3.75173,3.75173,0.0,23.0,1086.886,,59.707,,CHARGE,0.0,0,,SYNTHETIC,0
doe-000,0,128,2026-09-03T09:02:08Z,2026-09-03T09:02:09Z,2026-09-03T09:02:08Z,2026-09-03T09:02:09Z,site_b,SIM,synthetic_demo,B-WAN-1,UP,1000.0,56.1465,56.64,0.0,18.81,1.7533,0.086,0,RECONNECTING,0.0,100.0,6,6,53,-64.3,23.553,7.344,0,0,0,32,0,75.0,0.0,0,0,,,,,,,,,,,,,,,,,,,,,0.0,0,,SYNTHETIC,0
doe-000,0,129,2026-09-03T09:02:09Z,2026-09-03T09:02:10Z,2026-09-03T09:02:09Z,2026-09-03T09:02:10Z,site_a,SIM,synthetic_demo,A-WAN-2,UP,1000.0,411.1959,410.06,0.0,19.61,0.8939,0.115,0,UP,4.0,0.0,48,48,104,-61.4,14.552,4.332,1,4,0,31,0,320.0,0.0,0,0,MAINS,MAINS,1,0,53.85,92.0,48.414,48.7728,-4.0,3.72415,3.72415,3.75175,3.75175,0.0,23.3,1086.805,,59.715,,CHARGE,0.0,0,,SYNTHETIC,0
doe-000,0,129,2026-09-03T09:02:09Z,2026-09-03T09:02:10Z,2026-09-03T09:02:09Z,2026-09-03T09:02:10Z,site_b,SIM,synthetic_demo,B-WAN-1,UP,1000.0,59.4855,58.64,0.0,22.8,1.9171,0.09,0,UP,4.0,0.0,6,6,70,-61.6,27.576,8.705,0,1,0,32,0,48.0,0.0,0,0,,,,,,,,,,,,,,,,,,,,,0.0,0,,SYNTHETIC,0
doe-000,0,130,2026-09-03T09:02:10Z,2026-09-03T09:02:11Z,2026-09-03T09:02:10Z,2026-09-03T09:02:11Z,site_a,SIM,synthetic_demo,A-WAN-2,UP,1000.0,445.3024,445.76,0.0,24.27,5.5322,0.096,0,UP,4.0,0.0,48,48,127,-62.0,15.117,4.72,0,5,0,31,0,201.0,0.0,0,0,MAINS,MAINS,1,0,53.86,92.0,48.4142,48.773,-4.0,3.72417,3.72417,3.75177,3.75177,0.0,23.1,1111.617,,58.384,,CHARGE,0.0,0,,SYNTHETIC,0
doe-000,0,130,2026-09-03T09:02:10Z,2026-09-03T09:02:11Z,2026-09-03T09:02:10Z,2026-09-03T09:02:11Z,site_b,SIM,synthetic_demo,B-WAN-1,UP,1000.0,61.5363,61.13,0.0,23.06,1.7715,0.115,0,UP,4.0,0.0,6,6,71,-61.0,29.38,8.752,1,0,0,32,0,49.0,0.0,0,0,,,,,,,,,,,,,,,,,,,,,0.0,0,,SYNTHETIC,0
doe-000,0,131,2026-09-03T09:02:11Z,2026-09-03T09:02:12Z,2026-09-03T09:02:11Z,2026-09-03T09:02:12Z,site_a,SIM,synthetic_demo,A-WAN-2,UP,1000.0,459.9551,460.47,0.0,19.9,0.9161,0.139,0,UP,4.0,0.0,48,48,178,-61.7,17.51,5.148,2,5,0,31,0,306.0,0.0,0,0,MAINS,MAINS,1,0,53.88,92.0,48.4144,48.7732,-4.0,3.72418,3.72418,3.75178,3.75178,0.0,22.9,1084.518,,59.846,,CHARGE,0.0,0,,SYNTHETIC,0
doe-000,0,131,2026-09-03T09:02:11Z,2026-09-03T09:02:12Z,2026-09-03T09:02:11Z,2026-09-03T09:02:12Z,site_b,SIM,synthetic_demo,B-WAN-1,UP,1000.0,160.5155,161.09,0.0,22.62,1.6045,0.101,0,UP,4.0,0.0,6,6,57,-64.0,25.847,8.137,0,0,0,32,0,39.0,0.0,0,0,,,,,,,,,,,,,,,,,,,,,0.0,0,,SYNTHETIC,0
doe-000,0,132,2026-09-03T09:02:12Z,2026-09-03T09:02:13Z,2026-09-03T09:02:12Z,2026-09-03T09:02:13Z,site_a,SIM,synthetic_demo,A-WAN-2,UP,1000.0,504.6746,504.05,0.0,20.74,1.2027,0.095,0,UP,4.0,0.0,48,48,289,-61.7,19.852,6.102,1,3,0,31,0,348.0,0.0,0,0,MAINS,MAINS,1,0,53.91,92.0,48.4146,48.7734,-4.0,3.7242,3.7242,3.7518,3.7518,0.0,23.1,1079.005,,60.155,,CHARGE,0.0,0,,SYNTHETIC,0
doe-000,0,132,2026-09-03T09:02:12Z,2026-09-03T09:02:13Z,2026-09-03T09:02:12Z,2026-09-03T09:02:13Z,site_b,SIM,synthetic_demo,B-WAN-1,UP,1000.0,84.8633,85.21,0.0,21.25,0.3936,0.078,0,UP,4.0,0.0,6,6,60,-62.8,24.598,7.487,0,0,0,32,0,43.0,0.0,0,0,,,,,,,,,,,,,,,,,,,,,0.0,0,,SYNTHETIC,0
doe-000,0,133,2026-09-03T09:02:13Z,2026-09-03T09:02:14Z,2026-09-03T09:02:13Z,2026-09-03T09:02:14Z,site_a,SIM,synthetic_demo,A-WAN-2,UP,1000.0,461.1441,461.56,0.0,19.65,0.9355,0.085,0,UP,4.0,0.0,48,48,311,-61.1,21.008,6.371,0,3,0,31,0,349.0,0.0,0,0,MAINS,MAINS,1,0,53.86,92.0,48.4148,48.7736,-4.0,3.72422,3.72422,3.75182,3.75182,0.0,23.1,1092.433,,59.418,,CHARGE,0.0,0,,SYNTHETIC,0
doe-000,0,133,2026-09-03T09:02:13Z,2026-09-03T09:02:14Z,2026-09-03T09:02:13Z,2026-09-03T09:02:14Z,site_b,SIM,synthetic_demo,B-WAN-1,UP,1000.0,63.1189,62.03,0.0,23.7,1.6044,0.086,0,UP,4.0,0.0,6,6,50,-62.7,23.831,6.908,0,0,0,32,0,54.0,0.0,0,0,,,,,,,,,,,,,,,,,,,,,0.0,0,,SYNTHETIC,0
doe-000,0,134,2026-09-03T09:02:14Z,2026-09-03T09:02:15Z,2026-09-03T09:02:14Z,2026-09-03T09:02:15Z,site_a,SIM,synthetic_demo,A-WAN-2,UP,1000.0,458.4804,458.11,0.0,22.66,2.9961,0.121,0,UP,4.0,0.0,48,48,141,-62.2,15.509,4.98,0,1,0,31,0,270.0,0.0,0,0,MAINS,MAINS,1,0,53.86,92.0,48.415,48.7738,-4.0,3.72423,3.72423,3.75183,3.75183,0.0,23.3,1076.43,,60.304,,CHARGE,0.0,0,,SYNTHETIC,0
doe-000,0,134,2026-09-03T09:02:14Z,2026-09-03T09:02:15Z,2026-09-03T09:02:14Z,2026-09-03T09:02:15Z,site_b,SIM,synthetic_demo,B-WAN-1,UP,1000.0,89.8743,89.98,0.0,24.89,3.1611,0.074,0,UP,4.0,0.0,6,6,49,-60.3,22.447,7.55,0,0,0,32,0,87.0,0.0,0,0,,,,,,,,,,,,,,,,,,,,,0.0,0,,SYNTHETIC,0
doe-000,0,135,2026-09-03T09:02:15Z,2026-09-03T09:02:16Z,2026-09-03T09:02:15Z,2026-09-03T09:02:16Z,site_a,SIM,synthetic_demo,A-WAN-2,UP,1000.0,489.4924,490.22,0.0,20.31,1.6888,0.111,0,UP,4.0,0.0,48,48,159,-61.4,16.833,4.836,1,5,0,31,0,381.0,0.0,0,0,MAINS,MAINS,1,0,53.86,92.0,48.4152,48.774,-4.0,3.72425,3.72425,3.75185,3.75185,0.0,23.2,1085.47,,59.804,,CHARGE,0.0,0,,SYNTHETIC,0
doe-000,0,135,2026-09-03T09:02:15Z,2026-09-03T09:02:16Z,2026-09-03T09:02:15Z,2026-09-03T09:02:16Z,site_b,SIM,synthetic_demo,B-WAN-1,UP,1000.0,78.3236,78.92,0.0,20.96,0.0298,0.052,0,UP,4.0,0.0,6,6,25,-60.3,17.509,5.348,1,0,0,32,0,90.0,0.0,0,0,,,,,,,,,,,,,,,,,,,,,0.0,0,,SYNTHETIC,0
doe-000,0,136,2026-09-03T09:02:16Z,2026-09-03T09:02:17Z,2026-09-03T09:02:16Z,2026-09-03T09:02:17Z,site_a,SIM,synthetic_demo,A-WAN-2,UP,1000.0,439.9553,439.49,0.0,21.2,2.477,0.101,0,UP,4.0,0.0,48,48,184,-61.7,16.901,5.11,1,0,0,31,0,410.0,0.0,0,0,MAINS,MAINS,1,0,53.84,92.0,48.4154,48.7742,-4.0,3.72426,3.72426,3.75186,3.75186,0.0,23.0,1094.094,,59.336,,CHARGE,0.0,0,,SYNTHETIC,0
doe-000,0,136,2026-09-03T09:02:16Z,2026-09-03T09:02:17Z,2026-09-03T09:02:16Z,2026-09-03T09:02:17Z,site_b,SIM,synthetic_demo,B-WAN-1,UP,1000.0,82.7028,83.07,0.0,22.73,1.9689,0.101,0,UP,4.0,0.0,6,6,48,-61.6,23.983,7.364,0,0,0,32,0,55.0,0.0,0,0,,,,,,,,,,,,,,,,,,,,,0.0,0,,SYNTHETIC|STALE,0
doe-000,0,137,2026-09-03T09:02:17Z,2026-09-03T09:02:18Z,2026-09-03T09:02:17Z,2026-09-03T09:02:18Z,site_a,SIM,synthetic_demo,A-WAN-2,UP,1000.0,480.4008,479.89,0.0,19.75,0.6175,0.102,0,UP,4.0,0.0,48,48,233,-62.387,18.562,5.378,1,1,0,31,0,309.0,0.0,0,0,MAINS,MAINS,1,0,53.78,92.0,48.4156,48.7744,-4.0,3.72428,3.72428,3.75188,3.75188,0.0,23.1,1084.719,,59.851,,CHARGE,0.0,0,,SYNTHETIC|STALE,0
doe-000,0,137,2026-09-03T09:02:17Z,2026-09-03T09:02:18Z,2026-09-03T09:02:17Z,2026-09-03T09:02:18Z,site_b,SIM,synthetic_demo,B-WAN-1,UP,1000.0,84.5077,84.2,0.0,21.7,0.4827,0.139,0,UP,4.0,0.0,6,6,25,-62.387,17.682,4.522,0,0,0,32,0,95.0,0.0,0,0,,,,,,,,,,,,,,,,,,,,,0.0,0,,SYNTHETIC|STALE,0
doe-000,0,138,2026-09-03T09:02:18Z,2026-09-03T09:02:19Z,2026-09-03T09:02:18Z,2026-09-03T09:02:19Z,site_a,SIM,synthetic_demo,A-WAN-2,UP,1000.0,449.9627,450.41,0.0,20.92,2.029,0.124,0,UP,4.0,0.0,48,48,204,-62.387,18.789,5.415,4,2,0,31,0,180.0,0.0,0,0,MAINS,MAINS,1,0,53.86,92.0,48.4159,48.7747,-4.0,3.7243,3.7243,3.7519,3.7519,0.0,23.1,1088.731,,59.633,,CHARGE,0.0,0,,SYNTHETIC|STALE,0
doe-000,0,138,2026-09-03T09:02:18Z,2026-09-03T09:02:19Z,2026-09-03T09:02:18Z,2026-09-03T09:02:19Z,site_b,SIM,synthetic_demo,B-WAN-1,UP,1000.0,68.8642,68.85,0.0,24.02,2.5648,0.133,0,UP,4.0,0.0,6,6,23,-62.387,17.776,5.174,0,0,0,32,0,64.0,0.0,0,0,,,,,,,,,,,,,,,,,,,,,0.0,0,,SYNTHETIC|STALE,0
doe-000,0,139,2026-09-03T09:02:19Z,2026-09-03T09:02:20Z,2026-09-03T09:02:19Z,2026-09-03T09:02:20Z,site_a,SIM,synthetic_demo,A-WAN-2,UP,1000.0,501.9226,502.08,0.0,19.54,0.4345,0.091,0,UP,4.0,0.0,48,48,269,-62.387,19.984,6.02,1,3,0,31,0,381.0,0.0,0,0,MAINS,MAINS,1,0,53.83,92.0,48.4161,48.7749,-4.0,3.72431,3.72431,3.75191,3.75191,0.0,23.1,1080.039,,60.116,,CHARGE,0.0,0,,SYNTHETIC|STALE,0
doe-000,0,139,2026-09-03T09:02:19Z,2026-09-03T09:02:20Z,2026-09-03T09:02:19Z,2026-09-03T09:02:20Z,site_b,SIM,synthetic_demo,B-WAN-1,UP,1000.0,73.7914,73.5,0.0,23.48,1.8385,0.142,0,UP,4.0,0.0,6,6,19,-62.387,15.519,4.581,0,2,0,32,0,115.0,0.0,0,0,,,,,,,,,,,,,,,,,,,,,0.0,0,,SYNTHETIC|STALE,0
doe-000,0,140,2026-09-03T09:02:20Z,2026-09-03T09:02:21Z,2026-09-03T09:02:20Z,2026-09-03T09:02:21Z,site_a,SIM,synthetic_demo,A-WAN-2,UP,1000.0,463.0771,462.85,0.0,22.48,3.2295,0.092,0,UP,4.0,0.0,48,48,290,-62.387,20.063,6.113,1,2,0,31,0,236.0,0.0,0,0,MAINS,MAINS,1,0,53.86,92.0,48.4163,48.7751,-4.0,3.72433,3.72433,3.75193,3.75193,0.0,23.1,1113.288,,58.323,,CHARGE,0.0,0,,SYNTHETIC|STALE,0
doe-000,0,140,2026-09-03T09:02:20Z,2026-09-03T09:02:21Z,2026-09-03T09:02:20Z,2026-09-03T09:02:21Z,site_b,SIM,synthetic_demo,B-WAN-1,UP,1000.0,92.4663,93.6,0.0,20.6,0.0176,0.107,0,UP,4.0,0.0,6,6,45,-59.3,20.733,6.302,0,0,0,32,0,51.0,0.0,0,0,,,,,,,,,,,,,,,,,,,,,0.0,0,,SYNTHETIC,0
doe-000,0,141,2026-09-03T09:02:21Z,2026-09-03T09:02:22Z,2026-09-03T09:02:21Z,2026-09-03T09:02:22Z,site_a,SIM,synthetic_demo,A-WAN-2,UP,1000.0,471.8641,471.57,0.0,18.91,0.2224,0.092,0,UP,4.0,0.0,48,48,141,-61.9,15.718,4.725,1,1,0,31,0,362.0,0.0,0,0,MAINS,MAINS,1,0,53.87,92.0,48.4165,48.7753,-4.0,3.72434,3.72434,3.75194,3.75194,0.0,23.2,1076.354,,60.327,,CHARGE,0.0,0,,SYNTHETIC,0
doe-000,0,141,2026-09-03T09:02:21Z,2026-09-03T09:02:22Z,2026-09-03T09:02:21Z,2026-09-03T09:02:22Z,site_b,SIM,synthetic_demo,B-WAN-1,UP,1000.0,77.023,76.96,0.0,22.72,2.0246,0.088,0,UP,4.0,0.0,6,6,38,-61.9,17.234,6.249,0,1,0,32,0,98.0,0.0,0,0,,,,,,,,,,,,,,,,,,,,,0.0,0,,SYNTHETIC,0
doe-000,0,142,2026-09-03T09:02:22Z,2026-09-03T09:02:23Z,2026-09-03T09:02:22Z,2026-09-03T09:02:23Z,site_a,SIM,synthetic_demo,A-WAN-2,UP,1000.0,432.5571,431.87,0.0,18.47,0.2803,0.092,0,UP,4.0,0.0,48,48,413,-62.8,24.052,7.385,0,1,0,31,0,309.0,0.0,0,0,MAINS,MAINS,1,0,53.82,92.0,48.4167,48.7755,-4.0,3.72436,3.72436,3.75196,3.75196,0.0,23.0,1100.175,,59.024,,CHARGE,0.0,0,,SYNTHETIC,0
doe-000,0,142,2026-09-03T09:02:22Z,2026-09-03T09:02:23Z,2026-09-03T09:02:22Z,2026-09-03T09:02:23Z,site_b,SIM,synthetic_demo,B-WAN-1,UP,1000.0,93.4847,93.87,0.0,23.76,2.3425,0.121,0,UP,4.0,0.0,6,6,37,-62.5,23.245,6.044,1,0,0,32,0,122.0,0.0,0,0,,,,,,,,,,,,,,,,,,,,,0.0,0,,SYNTHETIC,0
doe-000,0,143,2026-09-03T09:02:23Z,2026-09-03T09:02:24Z,2026-09-03T09:02:23Z,2026-09-03T09:02:24Z,site_a,SIM,synthetic_demo,A-WAN-2,UP,1000.0,471.1465,471.65,0.0,22.61,4.032,0.092,0,UP,4.0,0.0,48,48,109,-62.7,15.181,4.538,1,4,0,31,0,367.0,0.0,0,0,MAINS,MAINS,1,0,53.82,92.0,48.4169,48.7757,-4.0,3.72438,3.72438,3.75198,3.75198,0.0,23.1,1084.886,,59.859,,CHARGE,0.0,0,,SYNTHETIC,0
doe-000,0,143,2026-09-03T09:02:23Z,2026-09-03T09:02:24Z,2026-09-03T09:02:23Z,2026-09-03T09:02:24Z,site_b,SIM,synthetic_demo,B-WAN-1,UP,1000.0,75.8086,75.95,0.0,22.34,2.0352,0.092,0,UP,4.0,0.0,6,6,53,-60.3,22.013,7.254,0,1,0,32,0,57.0,0.0,0,0,,,,,,,,,,,,,,,,,,,,,0.0,0,,SYNTHETIC,0
doe-000,0,144,2026-09-03T09:02:24Z,2026-09-03T09:02:25Z,2026-09-03T09:02:24Z,2026-09-03T09:02:25Z,site_a,SIM,synthetic_demo,A-WAN-2,UP,1000.0,448.2058,447.54,0.0,19.89,0.4987,0.118,0,UP,4.0,0.0,48,48,224,-62.4,18.375,5.692,0,0,0,31,0,426.0,0.0,0,0,MAINS,MAINS,1,0,53.81,92.0,48.4171,48.7759,-4.0,3.72439,3.72439,3.75199,3.75199,0.0,23.1,1071.099,,60.632,,CHARGE,0.0,0,,SYNTHETIC,0
doe-000,0,144,2026-09-03T09:02:24Z,2026-09-03T09:02:25Z,2026-09-03T09:02:24Z,2026-09-03T09:02:25Z,site_b,SIM,synthetic_demo,B-WAN-1,UP,1000.0,77.5899,77.21,0.0,24.27,3.0791,0.083,0,UP,4.0,0.0,6,6,77,-61.1,29.86,9.816,0,0,0,32,0,62.0,0.0,0,0,,,,,,,,,,,,,,,,,,,,,0.0,0,,SYNTHETIC,0
doe-000,0,145,2026-09-03T09:02:25Z,2026-09-03T09:02:26Z,2026-09-03T09:02:25Z,2026-09-03T09:02:26Z,site_a,SIM,synthetic_demo,A-WAN-2,UP,1000.0,472.1076,472.27,0.0,23.73,4.8883,0.102,0,UP,4.0,0.0,48,48,260,-63.1,19.03,5.762,0,3,0,31,0,499.0,0.0,0,0,MAINS,MAINS,1,0,53.85,92.0,48.4173,48.7761,-4.0,3.72441,3.72441,3.75201,3.75201,0.0,23.2,1072.117,,60.577,,CHARGE,0.0,0,,SYNTHETIC,0
doe-000,0,145,2026-09-03T09:02:25Z,2026-09-03T09:02:26Z,2026-09-03T09:02:25Z,2026-09-03T09:02:26Z,site_b,SIM,synthetic_demo,B-WAN-1,UP,1000.0,147.308,146.7,0.0,21.44,0.4686,0.061,0,UP,4.0,0.0,6,6,51,-61.6,24.586,7.569,1,1,0,32,0,70.0,0.0,0,0,,,,,,,,,,,,,,,,,,,,,0.0,0,,SYNTHETIC,0
doe-000,0,146,2026-09-03T09:02:26Z,2026-09-03T09:02:27Z,2026-09-03T09:02:26Z,2026-09-03T09:02:27Z,site_a,SIM,synthetic_demo,A-WAN-2,UP,1000.0,467.2791,466.89,0.0,23.27,4.0311,0.097,0,UP,4.0,0.0,48,48,146,-62.6,15.92,4.606,1,6,0,31,0,258.0,0.0,0,0,MAINS,MAINS,1,0,53.87,92.0,48.4175,48.7763,-4.0,3.72443,3.72443,3.75203,3.75203,0.0,23.0,1093.05,,59.419,,CHARGE,0.0,0,,SYNTHETIC,0
doe-000,0,146,2026-09-03T09:02:26Z,2026-09-03T09:02:27Z,2026-09-03T09:02:26Z,2026-09-03T09:02:27Z,site_b,SIM,synthetic_demo,B-WAN-1,UP,1000.0,77.3038,77.56,0.0,22.54,1.1261,0.122,0,UP,4.0,0.0,6,6,35,-64.0,21.462,5.717,1,0,0,32,0,77.0,0.0,0,0,,,,,,,,,,,,,,,,,,,,,0.0,0,,SYNTHETIC,0
doe-000,0,147,2026-09-03T09:02:27Z,2026-09-03T09:02:28Z,2026-09-03T09:02:27Z,2026-09-03T09:02:28Z,site_a,SIM,synthetic_demo,A-WAN-2,UP,1000.0,438.5843,438.74,0.0,19.4,0.5249,0.074,0,UP,4.0,0.0,48,48,211,-62.8,18.58,5.634,3,3,0,31,0,256.0,0.0,0,0,MAINS,MAINS,1,0,53.81,92.0,48.4177,48.7765,-4.0,3.72444,3.72444,3.75204,3.75204,0.0,23.1,1080.66,,60.103,,CHARGE,0.0,0,,SYNTHETIC,0
doe-000,0,147,2026-09-03T09:02:27Z,2026-09-03T09:02:28Z,2026-09-03T09:02:27Z,2026-09-03T09:02:28Z,site_b,SIM,synthetic_demo,B-WAN-1,UP,1000.0,75.1786,75.37,0.0,22.57,2.0937,0.122,0,UP,4.0,0.0,6,6,36,-63.6,21.547,5.66,0,0,0,32,0,50.0,0.0,0,0,,,,,,,,,,,,,,,,,,,,,0.0,0,,SYNTHETIC,0
doe-000,0,148,2026-09-03T09:02:28Z,2026-09-03T09:02:29Z,2026-09-03T09:02:28Z,2026-09-03T09:02:29Z,site_a,SIM,synthetic_demo,A-WAN-2,UP,1000.0,466.6689,465.71,0.0,21.04,1.9858,0.093,0,UP,4.0,0.0,48,48,269,-61.7,19.245,5.844,0,2,0,31,0,438.0,0.0,0,0,MAINS,MAINS,1,0,53.83,92.0,48.4179,48.7767,-4.0,3.72446,3.72446,3.75206,3.75206,0.0,23.0,1087.542,,59.726,,CHARGE,0.0,0,,SYNTHETIC,0
doe-000,0,148,2026-09-03T09:02:28Z,2026-09-03T09:02:29Z,2026-09-03T09:02:28Z,2026-09-03T09:02:29Z,site_b,SIM,synthetic_demo,B-WAN-1,UP,1000.0,101.4059,102.16,0.0,21.8,0.6407,0.134,0,UP,4.0,0.0,6,6,50,-60.7,25.337,7.37,0,0,0,32,0,83.0,0.0,0,0,,,,,,,,,,,,,,,,,,,,,0.0,0,,SYNTHETIC,0
doe-000,0,149,2026-09-03T09:02:29Z,2026-09-03T09:02:30Z,2026-09-03T09:02:29Z,2026-09-03T09:02:30Z,site_a,SIM,synthetic_demo,A-WAN-2,UP,1000.0,418.08,418.26,0.0,21.75,3.6103,0.125,0,UP,4.0,0.0,48,48,270,-60.9,19.174,5.822,0,5,0,31,0,252.0,0.0,0,0,MAINS,MAINS,1,0,53.92,92.0,48.4182,48.777,-4.0,3.72447,3.72447,3.75207,3.75207,0.0,23.1,1110.886,,58.473,,CHARGE,0.0,0,,SYNTHETIC,0
doe-000,0,149,2026-09-03T09:02:29Z,2026-09-03T09:02:30Z,2026-09-03T09:02:29Z,2026-09-03T09:02:30Z,site_b,SIM,synthetic_demo,B-WAN-1,UP,1000.0,76.3516,76.31,0.0,23.0,2.1972,0.11,0,UP,4.0,0.0,6,6,66,-60.5,29.94,8.166,0,0,0,32,0,36.0,0.0,0,0,,,,,,,,,,,,,,,,,,,,,0.0,0,,SYNTHETIC,0
doe-000,0,150,2026-09-03T09:02:30Z,2026-09-03T09:02:31Z,2026-09-03T09:02:30Z,2026-09-03T09:02:31Z,site_a,SIM,synthetic_demo,A-WAN-2,UP,1000.0,477.7911,478.05,0.0,19.71,0.4781,0.161,0,UP,4.0,0.0,48,48,100,-61.2,14.18,4.173,2,2,0,31,0,316.0,0.0,0,0,MAINS,MAINS,1,0,53.88,92.0,48.4184,48.7772,-4.0,3.72449,3.72449,3.75209,3.75209,0.0,23.1,1097.971,,59.164,,CHARGE,0.0,0,,SYNTHETIC,0
doe-000,0,150,2026-09-03T09:02:30Z,2026-09-03T09:02:31Z,2026-09-03T09:02:30Z,2026-09-03T09:02:31Z,site_b,SIM,synthetic_demo,B-WAN-1,UP,1000.0,83.9628,83.31,0.0,22.04,0.7132,0.118,0,UP,4.0,0.0,6,6,41,-63.9,19.612,6.829,0,0,0,32,0,63.0,0.0,0,0,,,,,,,,,,,,,,,,,,,,,0.0,0,,SYNTHETIC,0
doe-000,0,151,2026-09-03T09:02:31Z,2026-09-03T09:02:32Z,2026-09-03T09:02:31Z,2026-09-03T09:02:32Z,site_a,SIM,synthetic_demo,A-WAN-2,UP,1000.0,442.3843,442.07,0.0,18.99,0.0086,0.106,0,UP,4.0,0.0,48,48,296,-61.6,20.49,6.075,0,6,0,31,0,425.0,0.0,0,0,MAINS,MAINS,1,0,53.92,92.0,48.4186,48.7774,-4.0,3.72451,3.72451,3.75211,3.75211,0.0,23.0,1097.091,,59.214,,CHARGE,0.0,0,,SYNTHETIC,0
doe-000,0,151,2026-09-03T09:02:31Z,2026-09-03T09:02:32Z,2026-09-03T09:02:31Z,2026-09-03T09:02:32Z,site_b,SIM,synthetic_demo,B-WAN-1,UP,1000.0,90.9001,91.36,0.0,22.09,0.6187,0.12,0,UP,4.0,0.0,6,6,25,-61.0,18.007,4.58,0,0,0,32,0,58.0,0.0,0,0,,,,,,,,,,,,,,,,,,,,,0.0,0,,SYNTHETIC,0
doe-000,0,152,2026-09-03T09:02:32Z,2026-09-03T09:02:33Z,2026-09-03T09:02:32Z,2026-09-03T09:02:33Z,site_a,SIM,synthetic_demo,A-WAN-2,UP,1000.0,441.9161,441.53,0.0,22.09,3.1741,0.097,0,UP,4.0,0.0,48,48,233,-63.7,18.905,5.948,2,3,0,31,0,275.0,0.0,0,0,MAINS,MAINS,1,0,53.94,92.0,48.4188,48.7776,-4.0,3.72452,3.72452,3.75212,3.75212,0.0,23.1,1096.28,,59.261,,CHARGE,0.0,0,,SYNTHETIC,0
doe-000,0,152,2026-09-03T09:02:32Z,2026-09-03T09:02:33Z,2026-09-03T09:02:32Z,2026-09-03T09:02:33Z,site_b,SIM,synthetic_demo,B-WAN-1,UP,1000.0,79.0302,78.58,0.0,22.07,0.9472,0.107,0,UP,4.0,0.0,6,6,30,-61.2,16.364,5.65,0,0,0,32,0,29.0,0.0,0,0,,,,,,,,,,,,,,,,,,,,,0.0,0,,SYNTHETIC,0
doe-000,0,153,2026-09-03T09:02:33Z,2026-09-03T09:02:34Z,2026-09-03T09:02:33Z,2026-09-03T09:02:34Z,site_a,SIM,synthetic_demo,A-WAN-2,UP,1000.0,457.9791,457.48,0.0,23.93,4.7212,0.099,0,UP,4.0,0.0,48,48,227,-61.5,18.548,5.559,1,2,0,31,0,443.0,0.0,0,0,MAINS,MAINS,1,0,53.91,92.0,48.419,48.7778,-4.0,3.72454,3.72454,3.75214,3.75214,0.0,23.1,1086.508,,59.796,,CHARGE,0.0,0,,SYNTHETIC,0
doe-000,0,153,2026-09-03T09:02:33Z,2026-09-03T09:02:34Z,2026-09-03T09:02:33Z,2026-09-03T09:02:34Z,site_b,SIM,synthetic_demo,B-WAN-1,UP,1000.0,95.9021,96.69,0.0,22.71,1.6798,0.094,0,UP,4.0,0.0,6,6,37,-61.7,19.295,5.679,0,0,0,32,0,98.0,0.0,0,0,,,,,,,,,,,,,,,,,,,,,0.0,0,,SYNTHETIC,0
doe-000,0,154,2026-09-03T09:02:34Z,2026-09-03T09:02:35Z,2026-09-03T09:02:34Z,2026-09-03T09:02:35Z,site_a,SIM,synthetic_demo,A-WAN-2,UP,1000.0,465.1482,465.16,0.0,21.16,2.0418,0.125,0,UP,4.0,0.0,48,48,140,-62.7,15.658,4.917,1,3,0,31,0,609.0,0.0,0,0,MAINS,MAINS,1,0,,92.0,48.4192,48.778,-4.0,3.72455,3.72455,3.75215,3.75215,0.0,23.1,1085.301,,59.866,,CHARGE,0.0,0,,SYNTHETIC|GAP|MISSING_MCAR,0
doe-000,0,154,2026-09-03T09:02:34Z,2026-09-03T09:02:35Z,2026-09-03T09:02:34Z,2026-09-03T09:02:35Z,site_b,SIM,synthetic_demo,B-WAN-1,UP,1000.0,92.2955,93.39,0.0,24.12,3.0185,0.106,0,UP,4.0,0.0,6,6,30,-60.3,16.69,6.151,0,0,0,32,0,63.0,0.0,0,0,,,,,,,,,,,,,,,,,,,,,0.0,0,,SYNTHETIC,0
doe-000,0,155,2026-09-03T09:02:35Z,2026-09-03T09:02:36Z,2026-09-03T09:02:35Z,2026-09-03T09:02:36Z,site_a,SIM,synthetic_demo,A-WAN-2,UP,1000.0,471.2128,471.08,0.0,21.66,2.1593,0.114,0,UP,4.0,0.0,48,48,169,-62.0,16.836,4.878,2,3,0,31,0,273.0,0.0,0,0,MAINS,MAINS,1,0,53.91,92.0,48.4194,48.7782,-4.0,3.72457,3.72457,3.75217,3.75217,0.0,22.9,1103.139,,58.9,,CHARGE,0.0,0,,SYNTHETIC,0
doe-000,0,155,2026-09-03T09:02:35Z,2026-09-03T09:02:36Z,2026-09-03T09:02:35Z,2026-09-03T09:02:36Z,site_b,SIM,synthetic_demo,B-WAN-1,UP,1000.0,79.5542,79.22,0.0,22.95,2.2859,0.092,0,UP,4.0,0.0,6,6,38,-62.5,20.703,6.36,1,0,0,32,0,53.0,0.0,0,0,,,,,,,,,,,,,,,,,,,,,0.0,0,,SYNTHETIC,0
doe-000,0,156,2026-09-03T09:02:36Z,2026-09-03T09:02:37Z,2026-09-03T09:02:36Z,2026-09-03T09:02:37Z,site_a,SIM,synthetic_demo,A-WAN-2,UP,1000.0,433.0346,433.12,0.0,21.19,1.9211,0.104,0,UP,4.0,0.0,48,48,106,-62.5,15.865,4.587,1,2,0,31,0,455.0,0.0,0,0,MAINS,MAINS,1,0,53.91,92.0,48.4196,48.7784,-4.0,3.72459,3.72459,3.75219,3.75219,0.0,,1077.588,,60.3,,CHARGE,0.0,0,,SYNTHETIC|GAP|MISSING_MAR,0
doe-000,0,156,2026-09-03T09:02:36Z,2026-09-03T09:02:37Z,2026-09-03T09:02:36Z,2026-09-03T09:02:37Z,site_b,SIM,synthetic_demo,B-WAN-1,UP,1000.0,79.5399,79.92,0.0,23.43,2.1413,0.095,0,UP,4.0,0.0,6,6,43,-60.9,21.208,6.998,0,1,0,32,0,77.0,0.0,0,0,,,,,,,,,,,,,,,,,,,,,0.0,0,,SYNTHETIC,0
doe-000,0,157,2026-09-03T09:02:37Z,2026-09-03T09:02:38Z,2026-09-03T09:02:37Z,2026-09-03T09:02:38Z,site_a,SIM,synthetic_demo,A-WAN-2,UP,1000.0,413.6162,413.06,0.0,21.75,2.9633,0.14,0,UP,4.0,0.0,48,48,148,-62.0,16.596,4.902,2,1,0,31,0,326.0,0.0,0,0,MAINS,MAINS,1,0,53.9,92.0,48.4198,48.7786,-4.0,3.7246,3.7246,3.7522,3.7522,0.0,23.0,1088.722,,59.686,,CHARGE,0.0,0,,SYNTHETIC,0
doe-000,0,157,2026-09-03T09:02:37Z,2026-09-03T09:02:38Z,2026-09-03T09:02:37Z,2026-09-03T09:02:38Z,site_b,SIM,synthetic_demo,B-WAN-1,UP,1000.0,69.2588,69.11,0.0,21.73,1.0187,0.119,0,UP,4.0,0.0,6,6,72,-59.6,28.689,8.14,0,0,0,32,0,50.0,0.0,0,0,,,,,,,,,,,,,,,,,,,,,0.0,0,,SYNTHETIC,0
doe-000,0,158,2026-09-03T09:02:38Z,2026-09-03T09:02:39Z,2026-09-03T09:02:38Z,2026-09-03T09:02:39Z,site_a,SIM,synthetic_demo,A-WAN-2,UP,1000.0,418.8964,419.37,0.0,22.95,3.5477,0.097,0,UP,4.0,0.0,48,48,237,-60.1,19.305,5.588,1,1,0,31,0,414.0,0.0,0,0,MAINS,MAINS,1,0,53.82,92.0,48.42,48.7788,-4.0,3.72462,3.72462,3.75222,3.75222,0.0,23.1,1071.75,,60.634,,CHARGE,0.0,0,,SYNTHETIC,0
doe-000,0,158,2026-09-03T09:02:38Z,2026-09-03T09:02:39Z,2026-09-03T09:02:38Z,2026-09-03T09:02:39Z,site_b,SIM,synthetic_demo,B-WAN-1,UP,1000.0,77.5106,77.94,0.0,22.81,1.9068,0.07,0,UP,4.0,0.0,6,6,85,-62.2,33.079,9.989,0,0,0,32,0,63.0,0.0,0,0,,,,,,,,,,,,,,,,,,,,,0.0,0,,SYNTHETIC,0
doe-000,0,159,2026-09-03T09:02:39Z,2026-09-03T09:02:40Z,2026-09-03T09:02:39Z,2026-09-03T09:02:40Z,site_a,SIM,synthetic_demo,A-WAN-2,UP,1000.0,444.6425,445.35,0.0,19.58,0.1076,0.093,0,UP,4.0,0.0,48,48,232,-62.7,18.72,5.865,1,6,0,31,0,550.0,0.0,0,0,MAINS,MAINS,1,0,53.95,92.0,48.4203,48.7791,-4.0,3.72464,3.72464,3.75224,3.75224,0.0,23.1,1084.478,,59.925,,CHARGE,0.0,0,,SYNTHETIC,0
doe-000,0,159,2026-09-03T09:02:39Z,2026-09-03T09:02:40Z,2026-09-03T09:02:39Z,2026-09-03T09:02:40Z,site_b,SIM,synthetic_demo,B-WAN-1,UP,1000.0,68.0755,68.75,0.0,22.52,1.7611,0.076,0,UP,4.0,0.0,6,6,29,-61.4,19.036,5.514,0,0,0,32,0,60.0,0.0,0,0,,,,,,,,,,,,,,,,,,,,,0.0,0,,SYNTHETIC,0
doe-000,0,160,2026-09-03T09:02:40Z,2026-09-03T09:02:41Z,2026-09-03T09:02:40Z,2026-09-03T09:02:41Z,site_a,SIM,synthetic_demo,A-WAN-2,UP,1000.0,425.9737,425.71,0.0,18.25,0.1732,0.108,0,UP,4.0,0.0,48,48,152,-61.1,16.619,4.725,0,5,0,31,0,313.0,0.0,0,0,MAINS,MAINS,1,0,53.88,92.0,48.4205,48.7793,-4.0,3.72465,3.72465,3.75225,3.75225,0.0,23.0,1093.613,,59.427,,CHARGE,0.0,0,,SYNTHETIC,0
doe-000,0,160,2026-09-03T09:02:40Z,2026-09-03T09:02:41Z,2026-09-03T09:02:40Z,2026-09-03T09:02:41Z,site_b,SIM,synthetic_demo,B-WAN-1,UP,1000.0,67.044,65.86,0.0,22.51,1.672,0.088,0,UP,4.0,0.0,6,6,46,-62.2,24.473,6.976,0,1,0,32,0,89.0,0.0,0,0,,,,,,,,,,,,,,,,,,,,,0.0,0,,SYNTHETIC,0
doe-000,0,161,2026-09-03T09:02:41Z,2026-09-03T09:02:42Z,2026-09-03T09:02:41Z,2026-09-03T09:02:42Z,site_a,SIM,synthetic_demo,A-WAN-2,UP,1000.0,539.6361,540.03,0.0,20.83,1.7556,0.113,0,UP,4.0,0.0,48,48,147,-61.7,16.16,4.601,4,2,0,31,0,344.0,0.0,0,0,MAINS,MAINS,1,0,53.99,92.0,48.4207,48.7795,-4.0,3.72467,3.72467,3.75227,3.75227,0.0,23.1,1082.248,,60.054,,CHARGE,0.0,0,,SYNTHETIC,0
doe-000,0,161,2026-09-03T09:02:41Z,2026-09-03T09:02:42Z,2026-09-03T09:02:41Z,2026-09-03T09:02:42Z,site_b,SIM,synthetic_demo,B-WAN-1,UP,1000.0,70.4504,70.51,0.0,21.39,0.3835,0.088,0,UP,4.0,0.0,6,6,34,-61.0,18.355,5.223,0,1,0,32,0,72.0,0.0,0,0,,,,,,,,,,,,,,,,,,,,,0.0,0,,SYNTHETIC,0
doe-000,0,162,2026-09-03T09:02:42Z,2026-09-03T09:02:43Z,2026-09-03T09:02:42Z,2026-09-03T09:02:43Z,site_a,SIM,synthetic_demo,A-WAN-2,UP,1000.0,421.6041,421.53,0.0,20.59,1.5475,0.12,0,UP,4.0,0.0,48,48,252,-62.7,19.301,5.864,3,5,0,31,0,372.0,0.0,0,0,MAINS,MAINS,1,0,53.97,92.0,48.4209,48.7797,-4.0,3.72468,3.72468,3.75228,3.75228,0.0,23.2,1085.275,,59.889,,CHARGE,0.0,0,,SYNTHETIC,0
doe-000,0,162,2026-09-03T09:02:42Z,2026-09-03T09:02:43Z,2026-09-03T09:02:42Z,2026-09-03T09:02:43Z,site_b,SIM,synthetic_demo,B-WAN-1,UP,1000.0,74.6006,75.61,0.0,23.27,2.4152,0.068,0,UP,4.0,0.0,6,6,45,-59.9,23.52,6.14,0,1,0,32,0,63.0,0.0,0,0,,,,,,,,,,,,,,,,,,,,,0.0,0,,SYNTHETIC,0
doe-000,0,163,2026-09-03T09:02:43Z,2026-09-03T09:02:44Z,2026-09-03T09:02:43Z,2026-09-03T09:02:44Z,site_a,SIM,synthetic_demo,A-WAN-2,UP,1000.0,494.583,494.19,0.0,20.02,0.7243,0.142,0,UP,4.0,0.0,48,48,115,-61.8,14.796,4.442,0,4,0,31,0,401.0,0.0,0,0,MAINS,MAINS,1,0,53.98,92.0,48.4211,48.7799,-4.0,3.7247,3.7247,3.7523,3.7523,0.0,23.0,1085.578,,59.875,,CHARGE,0.0,0,,SYNTHETIC,0
doe-000,0,163,2026-09-03T09:02:43Z,2026-09-03T09:02:44Z,2026-09-03T09:02:43Z,2026-09-03T09:02:44Z,site_b,SIM,synthetic_demo,B-WAN-1,UP,1000.0,70.1322,70.9,0.0,24.21,3.3878,0.086,0,UP,4.0,0.0,6,6,32,-60.9,19.47,6.081,0,0,0,32,0,68.0,0.0,0,0,,,,,,,,,,,,,,,,,,,,,0.0,0,,SYNTHETIC,0
doe-000,0,164,2026-09-03T09:02:44Z,2026-09-03T09:02:45Z,2026-09-03T09:02:44Z,2026-09-03T09:02:45Z,site_a,SIM,synthetic_demo,A-WAN-2,UP,1000.0,473.0728,472.18,0.0,19.68,1.1418,0.125,0,UP,4.0,0.0,48,48,333,-62.6,21.418,6.541,0,1,0,31,0,225.0,0.0,0,0,MAINS,MAINS,1,0,53.93,92.0,48.4213,48.7801,-4.0,3.72472,3.72472,3.75232,3.75232,0.0,23.1,1096.392,,59.287,,CHARGE,0.0,0,,SYNTHETIC,0
doe-000,0,164,2026-09-03T09:02:44Z,2026-09-03T09:02:45Z,2026-09-03T09:02:44Z,2026-09-03T09:02:45Z,site_b,SIM,synthetic_demo,B-WAN-1,UP,1000.0,69.9331,69.79,0.0,21.98,0.711,0.107,0,UP,4.0,0.0,6,6,34,-62.2,18.145,5.479,0,0,0,32,0,63.0,0.0,0,0,,,,,,,,,,,,,,,,,,,,,0.0,0,,SYNTHETIC,0
doe-000,0,165,2026-09-03T09:02:45Z,2026-09-03T09:02:46Z,2026-09-03T09:02:45Z,2026-09-03T09:02:46Z,site_a,SIM,synthetic_demo,A-WAN-2,UP,1000.0,467.7066,467.97,0.0,20.56,1.0465,0.096,0,UP,4.0,0.0,48,48,151,-61.8,16.371,4.854,0,1,0,31,0,367.0,0.0,0,0,MAINS,MAINS,1,0,53.96,92.0,48.4215,48.7803,-4.0,3.72473,3.72473,3.75233,3.75233,0.0,23.1,1090.514,,59.609,,CHARGE,0.0,0,,SYNTHETIC,0
doe-000,0,165,2026-09-03T09:02:45Z,2026-09-03T09:02:46Z,2026-09-03T09:02:45Z,2026-09-03T09:02:46Z,site_b,SIM,synthetic_demo,B-WAN-1,UP,1000.0,69.1337,70.05,0.0,21.25,0.0203,0.125,0,UP,4.0,0.0,6,6,52,-61.2,23.169,7.215,0,0,0,32,0,57.0,0.0,0,0,,,,,,,,,,,,,,,,,,,,,0.0,0,,SYNTHETIC,0
doe-000,0,166,2026-09-03T09:02:46Z,2026-09-03T09:02:47Z,2026-09-03T09:02:46Z,2026-09-03T09:02:47Z,site_a,SIM,synthetic_demo,A-WAN-2,UP,1000.0,465.1872,465.63,0.0,19.12,0.1699,0.109,0,UP,4.0,0.0,48,48,251,-61.6,19.106,5.731,1,4,0,31,0,228.0,0.0,0,0,MAINS,MAINS,1,0,53.92,92.0,48.4217,48.7805,-4.0,3.72475,3.72475,3.75235,3.75235,0.0,23.1,1073.895,,60.534,,CHARGE,0.0,0,,SYNTHETIC,0
doe-000,0,166,2026-09-03T09:02:46Z,2026-09-03T09:02:47Z,2026-09-03T09:02:46Z,2026-09-03T09:02:47Z,site_b,SIM,synthetic_demo,B-WAN-1,UP,1000.0,77.3505,77.79,0.0,20.9,0.0101,0.076,0,UP,4.0,0.0,6,6,50,-59.7,23.649,7.352,0,2,0,32,0,50.0,0.0,0,0,,,,,,,,,,,,,,,,,,,,,0.0,0,,SYNTHETIC,0
doe-000,0,167,2026-09-03T09:02:47Z,2026-09-03T09:02:48Z,2026-09-03T09:02:47Z,2026-09-03T09:02:48Z,site_a,SIM,synthetic_demo,A-WAN-2,UP,1000.0,512.5358,512.4,0.0,22.28,3.2846,0.126,0,UP,4.0,0.0,48,48,144,-61.8,16.328,4.948,1,3,0,31,0,225.0,0.0,0,0,MAINS,MAINS,1,0,53.92,92.0,48.4219,48.7807,-4.0,3.72476,3.72476,3.75236,3.75236,0.0,23.0,1090.561,,59.612,,CHARGE,0.0,0,,SYNTHETIC,0
doe-000,0,167,2026-09-03T09:02:47Z,2026-09-03T09:02:48Z,2026-09-03T09:02:47Z,2026-09-03T09:02:48Z,site_b,SIM,synthetic_demo,B-WAN-1,UP,1000.0,116.7696,117.02,0.0,22.85,1.3926,0.144,0,UP,4.0,0.0,6,6,63,-62.7,25.945,8.457,0,1,0,32,0,70.0,0.0,0,0,,,,,,,,,,,,,,,,,,,,,0.0,0,,SYNTHETIC,0
doe-000,0,168,2026-09-03T09:02:48Z,2026-09-03T09:02:49Z,2026-09-03T09:02:48Z,2026-09-03T09:02:49Z,site_a,SIM,synthetic_demo,A-WAN-2,UP,1000.0,460.8457,460.9,0.0,21.19,1.7201,0.088,0,UP,4.0,0.0,48,48,273,-62.4,19.659,5.986,1,4,0,31,0,417.0,0.0,0,0,MAINS,MAINS,1,0,53.84,92.0,48.4221,48.7809,-4.0,3.72478,3.72478,3.75238,3.75238,0.0,23.0,1101.49,,59.023,,CHARGE,0.0,0,,SYNTHETIC,0
doe-000,0,168,2026-09-03T09:02:48Z,2026-09-03T09:02:49Z,2026-09-03T09:02:48Z,2026-09-03T09:02:49Z,site_b,SIM,synthetic_demo,B-WAN-1,UP,1000.0,61.0723,61.24,0.0,21.74,0.1439,0.081,0,UP,4.0,0.0,6,6,67,-61.9,29.086,7.737,0,1,0,32,0,58.0,0.0,0,0,,,,,,,,,,,,,,,,,,,,,0.0,0,,SYNTHETIC,0
doe-000,0,169,2026-09-03T09:02:49Z,2026-09-03T09:02:50Z,2026-09-03T09:02:49Z,2026-09-03T09:02:50Z,site_a,SIM,synthetic_demo,A-WAN-2,UP,1000.0,434.3596,434.44,0.0,19.72,1.1351,0.144,0,UP,4.0,0.0,48,48,128,-62.3,15.446,4.791,2,1,0,31,0,235.0,0.0,0,0,MAINS,MAINS,1,0,53.9,92.0,48.4224,48.7812,-4.0,3.7248,3.7248,3.7524,3.7524,0.0,23.2,1080.166,,60.191,,CHARGE,0.0,0,,SYNTHETIC,0
doe-000,0,169,2026-09-03T09:02:49Z,2026-09-03T09:02:50Z,2026-09-03T09:02:49Z,2026-09-03T09:02:50Z,site_b,SIM,synthetic_demo,B-WAN-1,UP,1000.0,99.2466,99.26,0.0,21.04,0.4462,0.107,0,UP,4.0,0.0,6,6,32,-63.1,17.579,5.832,2,1,0,32,0,51.0,0.0,0,0,,,,,,,,,,,,,,,,,,,,,0.0,0,,SYNTHETIC,0
doe-000,0,170,2026-09-03T09:02:50Z,2026-09-03T09:02:51Z,2026-09-03T09:02:50Z,2026-09-03T09:02:51Z,site_a,SIM,synthetic_demo,A-WAN-2,UP,1000.0,469.2352,467.99,0.0,22.65,3.2377,0.058,0,UP,4.0,0.0,48,48,249,-61.6,18.779,5.831,2,1,0,31,0,310.0,0.0,0,0,MAINS,MAINS,1,0,53.97,92.0,48.4226,48.7814,-4.0,3.72481,3.72481,3.75241,3.75241,0.0,23.1,1092.584,,59.51,,CHARGE,0.0,0,,SYNTHETIC,0
doe-000,0,170,2026-09-03T09:02:50Z,2026-09-03T09:02:51Z,2026-09-03T09:02:50Z,2026-09-03T09:02:51Z,site_b,SIM,synthetic_demo,B-WAN-1,UP,1000.0,93.0326,92.62,0.0,22.15,1.3821,0.133,0,UP,4.0,0.0,6,6,35,-60.7,19.137,5.305,0,0,0,32,0,59.0,0.0,0,0,,,,,,,,,,,,,,,,,,,,,0.0,0,,SYNTHETIC,0
doe-000,0,171,2026-09-03T09:02:51Z,2026-09-03T09:02:52Z,2026-09-03T09:02:51Z,2026-09-03T09:02:52Z,site_a,SIM,synthetic_demo,A-WAN-2,UP,1000.0,426.6839,427.66,0.0,21.81,2.2136,0.123,0,UP,4.0,0.0,48,48,268,-61.8,19.981,5.898,1,1,0,31,0,223.0,0.0,0,0,MAINS,MAINS,1,0,53.94,92.0,48.4228,48.7816,-4.0,3.72483,3.72483,3.75243,3.75243,0.0,23.2,1088.283,,59.748,,CHARGE,0.0,0,,SYNTHETIC,0
doe-000,0,171,2026-09-03T09:02:51Z,2026-09-03T09:02:52Z,2026-09-03T09:02:51Z,2026-09-03T09:02:52Z,site_b,SIM,synthetic_demo,B-WAN-1,UP,1000.0,103.342,103.92,0.0,20.14,0.1116,0.081,0,UP,4.0,0.0,6,6,56,-61.9,24.762,7.191,0,0,0,32,0,75.0,0.0,0,0,,,,,,,,,,,,,,,,,,,,,0.0,0,,SYNTHETIC,0
doe-000,0,172,2026-09-03T09:02:52Z,2026-09-03T09:02:53Z,2026-09-03T09:02:52Z,2026-09-03T09:02:53Z,site_a,SIM,synthetic_demo,A-WAN-2,UP,1000.0,412.6617,412.73,0.0,18.72,0.1644,0.134,0,UP,4.0,0.0,48,48,340,-62.2,22.117,6.794,2,2,0,31,0,310.0,0.0,0,0,MAINS,MAINS,1,0,53.96,92.0,48.423,48.7818,-4.0,3.72485,3.72485,3.75245,3.75245,0.0,23.1,1080.605,,60.175,,CHARGE,0.0,0,,SYNTHETIC,0
doe-000,0,172,2026-09-03T09:02:52Z,2026-09-03T09:02:53Z,2026-09-03T09:02:52Z,2026-09-03T09:02:53Z,site_b,SIM,synthetic_demo,B-WAN-1,UP,1000.0,59.0244,59.76,0.0,21.63,0.3871,0.088,0,UP,4.0,0.0,6,6,68,-63.4,27.37,8.735,0,1,0,32,0,75.0,0.0,0,0,,,,,,,,,,,,,,,,,,,,,0.0,0,,SYNTHETIC,0
doe-000,0,173,2026-09-03T09:02:53Z,2026-09-03T09:02:54Z,2026-09-03T09:02:53Z,2026-09-03T09:02:54Z,site_a,SIM,synthetic_demo,A-WAN-2,UP,1000.0,504.335,503.41,0.0,20.63,1.6013,0.123,0,UP,4.0,0.0,48,48,247,-61.3,18.722,5.694,0,0,0,31,0,361.0,0.0,0,0,MAINS,MAINS,1,0,53.91,92.0,48.4232,48.782,-4.0,3.72486,3.72486,3.75246,3.75246,0.0,23.2,1090.883,,59.611,,CHARGE,0.0,0,,SYNTHETIC,0
doe-000,0,173,2026-09-03T09:02:53Z,2026-09-03T09:02:54Z,2026-09-03T09:02:53Z,2026-09-03T09:02:54Z,site_b,SIM,synthetic_demo,B-WAN-1,UP,1000.0,72.1596,73.0,0.0,22.01,0.9171,0.082,0,UP,4.0,0.0,6,6,29,-64.5,18.186,5.765,0,0,0,32,0,64.0,0.0,0,0,,,,,,,,,,,,,,,,,,,,,0.0,0,,SYNTHETIC,0
doe-000,0,174,2026-09-03T09:02:54Z,2026-09-03T09:02:55Z,2026-09-03T09:02:54Z,2026-09-03T09:02:55Z,site_a,SIM,synthetic_demo,A-WAN-2,UP,1000.0,527.4169,528.92,0.0,19.63,1.0012,0.074,0,UP,4.0,0.0,48,48,266,-62.1,19.407,5.998,3,4,0,31,0,386.0,0.0,0,0,MAINS,MAINS,1,0,53.93,92.0,48.4234,48.7822,-4.0,3.72488,3.72488,3.75248,3.75248,0.0,23.0,1091.872,,59.56,,CHARGE,0.0,0,,SYNTHETIC,0
doe-000,0,174,2026-09-03T09:02:54Z,2026-09-03T09:02:55Z,2026-09-03T09:02:54Z,2026-09-03T09:02:55Z,site_b,SIM,synthetic_demo,B-WAN-1,UP,1000.0,64.6431,64.43,0.0,21.06,0.0601,0.072,0,UP,4.0,0.0,6,6,45,-61.1,22.987,6.865,0,0,0,32,0,53.0,0.0,0,0,,,,,,,,,,,,,,,,,,,,,0.0,0,,SYNTHETIC,0
doe-000,0,175,2026-09-03T09:02:55Z,2026-09-03T09:02:56Z,2026-09-03T09:02:55Z,2026-09-03T09:02:56Z,site_a,SIM,synthetic_demo,A-WAN-2,UP,1000.0,425.7908,426.23,0.0,20.11,1.7109,0.107,0,UP,4.0,0.0,48,48,129,-62.1,15.401,4.744,0,1,0,31,0,270.0,0.0,0,0,MAINS,MAINS,1,0,53.89,92.0,48.4236,48.7824,-4.0,3.72489,3.72489,3.75249,3.75249,0.0,23.1,1105.786,,58.813,,CHARGE,0.0,0,,SYNTHETIC,0
doe-000,0,175,2026-09-03T09:02:55Z,2026-09-03T09:02:56Z,2026-09-03T09:02:55Z,2026-09-03T09:02:56Z,site_b,SIM,synthetic_demo,B-WAN-1,UP,1000.0,58.2959,58.82,0.0,21.43,0.2854,0.104,0,UP,4.0,0.0,6,6,25,-61.2,16.994,5.703,1,0,0,32,0,44.0,0.0,0,0,,,,,,,,,,,,,,,,,,,,,0.0,0,,SYNTHETIC,0
doe-000,0,176,2026-09-03T09:02:56Z,2026-09-03T09:02:57Z,2026-09-03T09:02:56Z,2026-09-03T09:02:57Z,site_a,SIM,synthetic_demo,A-WAN-2,UP,1000.0,432.8737,433.16,0.0,21.55,2.1642,0.126,0,UP,4.0,0.0,48,48,146,-63.0,16.323,5.01,2,5,0,31,0,279.0,0.0,0,0,MAINS,MAINS,1,0,53.94,92.0,48.4238,48.7826,-4.0,3.72491,3.72491,3.75251,3.75251,0.0,23.0,1088.566,,59.746,,CHARGE,0.0,0,,SYNTHETIC,0
doe-000,0,176,2026-09-03T09:02:56Z,2026-09-03T09:02:57Z,2026-09-03T09:02:56Z,2026-09-03T09:02:57Z,site_b,SIM,synthetic_demo,B-WAN-1,UP,1000.0,58.3252,58.9,0.0,22.34,1.5788,0.107,0,UP,4.0,0.0,6,6,35,-61.8,20.985,5.592,0,0,0,32,0,61.0,0.0,0,0,,,,,,,,,,,,,,,,,,,,,0.0,0,,SYNTHETIC,0
doe-000,0,177,2026-09-03T09:02:57Z,2026-09-03T09:02:58Z,2026-09-03T09:02:57Z,2026-09-03T09:02:58Z,site_a,SIM,synthetic_demo,A-WAN-2,UP,1000.0,439.1153,438.69,0.0,18.67,0.2218,0.122,0,UP,4.0,0.0,48,48,51,-62.6,13.077,3.97,0,5,0,31,0,316.0,0.0,0,0,MAINS,MAINS,1,0,53.88,92.0,48.424,48.7828,-4.0,3.72493,3.72493,3.75253,3.75253,0.0,23.0,1072.24,,60.658,,CHARGE,0.0,0,,SYNTHETIC,0
doe-000,0,177,2026-09-03T09:02:57Z,2026-09-03T09:02:58Z,2026-09-03T09:02:57Z,2026-09-03T09:02:58Z,site_b,SIM,synthetic_demo,B-WAN-1,UP,1000.0,81.0953,81.23,0.0,21.83,1.5375,0.109,0,UP,4.0,0.0,6,6,24,-62.3,16.106,5.345,0,0,0,32,0,77.0,0.0,0,0,,,,,,,,,,,,,,,,,,,,,0.0,0,,SYNTHETIC,0
doe-000,0,178,2026-09-03T09:02:58Z,2026-09-03T09:02:59Z,2026-09-03T09:02:58Z,2026-09-03T09:02:59Z,site_a,SIM,synthetic_demo,A-WAN-2,UP,1000.0,397.9036,397.62,0.0,23.15,4.3277,0.122,0,UP,4.0,0.0,48,48,196,-62.1,17.301,5.207,1,3,0,31,0,236.0,0.0,0,0,MAINS,MAINS,1,0,53.95,92.0,48.4242,48.783,-4.0,3.72494,3.72494,3.75254,3.75254,0.0,23.1,1106.038,,58.807,,CHARGE,0.0,0,,SYNTHETIC,0
doe-000,0,178,2026-09-03T09:02:58Z,2026-09-03T09:02:59Z,2026-09-03T09:02:58Z,2026-09-03T09:02:59Z,site_b,SIM,synthetic_demo,B-WAN-1,UP,1000.0,68.7065,68.61,0.0,21.68,0.8309,0.122,0,UP,4.0,0.0,6,6,43,-62.9,20.134,6.417,0,0,0,32,0,61.0,0.0,0,0,,,,,,,,,,,,,,,,,,,,,0.0,0,,SYNTHETIC,0
doe-000,0,179,2026-09-03T09:02:59Z,2026-09-03T09:03:00Z,2026-09-03T09:02:59Z,2026-09-03T09:03:00Z,site_a,SIM,synthetic_demo,A-WAN-2,UP,1000.0,433.7046,434.81,0.0,20.37,1.6841,0.109,0,UP,4.0,0.0,48,48,175,-62.8,17.026,5.037,0,1,0,31,0,388.0,0.0,0,0,MAINS,MAINS,1,0,53.96,92.0,48.4245,48.7833,-4.0,3.72496,3.72496,3.75256,3.75256,0.0,23.0,1083.695,,60.023,,CHARGE,0.0,0,,SYNTHETIC,0
doe-000,0,179,2026-09-03T09:02:59Z,2026-09-03T09:03:00Z,2026-09-03T09:02:59Z,2026-09-03T09:03:00Z,site_b,SIM,synthetic_demo,B-WAN-1,UP,1000.0,54.5907,53.92,0.0,22.39,1.9351,0.091,0,UP,4.0,0.0,6,6,54,-61.9,24.209,6.849,0,2,0,32,0,35.0,0.0,0,0,,,,,,,,,,,,,,,,,,,,,0.0,0,,SYNTHETIC,0
doe-000,0,180,2026-09-03T09:03:00Z,2026-09-03T09:03:01Z,2026-09-03T09:03:00Z,2026-09-03T09:03:01Z,site_a,SIM,synthetic_demo,A-WAN-2,UP,1000.0,463.1866,462.62,0.0,18.31,0.1283,0.091,0,UP,4.0,0.0,48,48,202,-62.6,17.942,5.319,1,1,0,31,0,302.0,0.0,0,0,MAINS,MAINS,1,0,53.94,92.0,48.4247,48.7835,-4.0,3.72497,3.72497,3.75257,3.75257,0.0,23.0,1099.54,,59.16,,CHARGE,0.0,0,,SYNTHETIC,0
doe-000,0,180,2026-09-03T09:03:00Z,2026-09-03T09:03:01Z,2026-09-03T09:03:00Z,2026-09-03T09:03:01Z,site_b,SIM,synthetic_demo,B-WAN-1,UP,1000.0,57.6833,58.03,0.0,23.56,2.4061,0.095,0,UP,4.0,0.0,6,6,49,-59.7,23.652,7.163,0,0,0,32,0,47.0,0.0,0,0,,,,,,,,,,,,,,,,,,,,,0.0,0,,SYNTHETIC,0
doe-000,0,181,2026-09-03T09:03:01Z,2026-09-03T09:03:02Z,2026-09-03T09:03:01Z,2026-09-03T09:03:02Z,site_a,SIM,synthetic_demo,A-WAN-2,UP,1000.0,431.3313,430.93,0.0,19.8,0.9932,0.096,0,UP,4.0,0.0,48,48,216,-62.5,17.911,5.515,0,1,0,31,0,218.0,0.0,0,0,MAINS,MAINS,1,0,54.03,92.0,48.4249,48.7837,-4.0,3.72499,3.72499,3.75259,3.75259,0.0,23.1,1096.97,,59.302,,CHARGE,0.0,0,,SYNTHETIC,0
doe-000,0,181,2026-09-03T09:03:01Z,2026-09-03T09:03:02Z,2026-09-03T09:03:01Z,2026-09-03T09:03:02Z,site_b,SIM,synthetic_demo,B-WAN-1,UP,1000.0,65.9499,65.95,0.0,21.86,1.5191,0.082,0,UP,4.0,0.0,6,6,34,-61.4,18.105,5.609,0,0,0,32,0,59.0,0.0,0,0,,,,,,,,,,,,,,,,,,,,,0.0,0,,SYNTHETIC,0
doe-000,0,182,2026-09-03T09:03:02Z,2026-09-03T09:03:03Z,2026-09-03T09:03:02Z,2026-09-03T09:03:03Z,site_a,SIM,synthetic_demo,A-WAN-2,UP,1000.0,427.4423,427.86,0.0,19.57,1.0473,0.108,0,UP,4.0,0.0,48,48,211,-61.3,17.896,5.353,1,1,0,31,0,413.0,0.0,0,0,MAINS,MAINS,1,0,53.91,92.0,48.4251,48.7839,-4.0,3.72501,3.72501,3.75261,3.75261,0.0,23.1,1085.903,,59.909,,CHARGE,0.0,0,,SYNTHETIC,0
doe-000,0,182,2026-09-03T09:03:02Z,2026-09-03T09:03:03Z,2026-09-03T09:03:02Z,2026-09-03T09:03:03Z,site_b,SIM,synthetic_demo,B-WAN-1,UP,1000.0,81.9192,81.74,0.0,20.39,0.1391,0.085,0,UP,4.0,0.0,6,6,37,-63.6,20.554,6.147,0,0,0,32,0,61.0,0.0,0,0,,,,,,,,,,,,,,,,,,,,,0.0,0,,SYNTHETIC,0
doe-000,0,183,2026-09-03T09:03:03Z,2026-09-03T09:03:04Z,2026-09-03T09:03:03Z,2026-09-03T09:03:04Z,site_a,SIM,synthetic_demo,A-WAN-2,UP,1000.0,416.124,414.88,0.0,22.71,3.1093,0.12,0,UP,4.0,0.0,48,48,336,-61.2,22.002,6.452,1,3,0,31,0,209.0,0.0,0,0,MAINS,MAINS,1,0,53.94,92.0,48.4253,48.7841,-4.0,3.72502,3.72502,3.75262,3.75262,0.0,23.2,1082.443,,60.103,,CHARGE,0.0,0,,SYNTHETIC,0
doe-000,0,183,2026-09-03T09:03:03Z,2026-09-03T09:03:04Z,2026-09-03T09:03:03Z,2026-09-03T09:03:04Z,site_b,SIM,synthetic_demo,B-WAN-1,UP,1000.0,62.8174,62.14,0.0,23.28,1.1392,0.078,0,UP,4.0,0.0,6,6,57,-63.0,25.562,7.465,0,0,0,32,0,37.0,0.0,0,0,,,,,,,,,,,,,,,,,,,,,0.0,0,,SYNTHETIC,0
doe-000,0,184,2026-09-03T09:03:04Z,2026-09-03T09:03:05Z,2026-09-03T09:03:04Z,2026-09-03T09:03:05Z,site_a,SIM,synthetic_demo,A-WAN-2,UP,1000.0,430.2682,429.53,0.0,18.83,0.2577,0.095,0,UP,4.0,0.0,48,48,253,-62.3,20.382,6.017,0,2,0,31,0,408.0,0.0,0,0,MAINS,MAINS,1,0,54.0,92.0,48.4255,48.7843,-4.0,3.72504,3.72504,3.75264,3.75264,0.0,23.0,1099.438,,59.177,,CHARGE,0.0,0,,SYNTHETIC,0
doe-000,0,184,2026-09-03T09:03:04Z,2026-09-03T09:03:05Z,2026-09-03T09:03:04Z,2026-09-03T09:03:05Z,site_b,SIM,synthetic_demo,B-WAN-1,UP,1000.0,74.2082,74.88,0.0,22.36,1.219,0.126,0,UP,4.0,0.0,6,6,60,-61.8,26.732,7.756,0,1,0,32,0,42.0,0.0,0,0,,,,,,,,,,,,,,,,,,,,,0.0,0,,SYNTHETIC,0
doe-000,0,185,2026-09-03T09:03:05Z,2026-09-03T09:03:06Z,2026-09-03T09:03:05Z,2026-09-03T09:03:06Z,site_a,SIM,synthetic_demo,A-WAN-2,UP,1000.0,406.6379,408.18,0.0,19.16,0.3739,0.143,0,UP,4.0,0.0,48,48,241,-63.1,18.909,5.714,0,2,0,31,0,333.0,0.0,0,0,MAINS,MAINS,1,0,53.99,92.0,48.4257,48.7845,-4.0,3.72506,3.72506,3.75266,3.75266,0.0,23.1,1092.929,,59.532,,CHARGE,0.0,0,,SYNTHETIC,0
doe-000,0,185,2026-09-03T09:03:05Z,2026-09-03T09:03:06Z,2026-09-03T09:03:05Z,2026-09-03T09:03:06Z,site_b,SIM,synthetic_demo,B-WAN-1,UP,1000.0,75.371,74.73,0.0,21.5,0.0053,0.078,0,UP,4.0,0.0,6,6,15,-58.9,16.026,4.692,1,0,0,32,0,64.0,0.0,0,0,,,,,,,,,,,,,,,,,,,,,0.0,0,,SYNTHETIC,0
doe-000,0,186,2026-09-03T09:03:06Z,2026-09-03T09:03:07Z,2026-09-03T09:03:06Z,2026-09-03T09:03:07Z,site_a,SIM,synthetic_demo,A-WAN-2,UP,1000.0,451.1139,451.02,0.0,19.21,0.3178,0.134,0,UP,4.0,0.0,48,48,289,-62.0,20.577,6.337,2,5,0,31,0,357.0,0.0,0,0,MAINS,MAINS,1,0,53.92,92.0,48.4259,48.7847,-4.0,3.72507,3.72507,3.75267,3.75267,0.0,23.0,1088.63,,59.769,,CHARGE,0.0,0,,SYNTHETIC,0
doe-000,0,186,2026-09-03T09:03:06Z,2026-09-03T09:03:07Z,2026-09-03T09:03:06Z,2026-09-03T09:03:07Z,site_b,SIM,synthetic_demo,B-WAN-1,UP,1000.0,65.0028,65.6,0.0,21.31,0.5409,0.08,0,UP,4.0,0.0,6,6,33,-63.2,20.232,5.623,0,0,0,32,0,25.0,0.0,0,0,,,,,,,,,,,,,,,,,,,,,0.0,0,,SYNTHETIC,0
doe-000,0,187,2026-09-03T09:03:07Z,2026-09-03T09:03:08Z,2026-09-03T09:03:07Z,2026-09-03T09:03:08Z,site_a,SIM,synthetic_demo,A-WAN-2,UP,1000.0,447.7821,448.04,0.0,19.77,0.7838,0.085,0,UP,4.0,0.0,48,48,259,-61.6,19.196,5.84,3,2,0,31,0,368.0,0.0,0,0,MAINS,MAINS,1,0,53.93,92.0,48.4261,48.7849,-4.0,3.72509,3.72509,3.75269,3.75269,0.0,23.2,1096.936,,59.32,,CHARGE,0.0,0,,SYNTHETIC,0
doe-000,0,187,2026-09-03T09:03:07Z,2026-09-03T09:03:08Z,2026-09-03T09:03:07Z,2026-09-03T09:03:08Z,site_b,SIM,synthetic_demo,B-WAN-1,UP,1000.0,58.0209,57.22,0.0,21.3,0.2694,0.12,0,UP,4.0,0.0,6,6,21,-63.0,15.929,4.663,0,0,0,32,0,50.0,0.0,0,0,,,,,,,,,,,,,,,,,,,,,0.0,0,,SYNTHETIC,0
doe-000,0,188,2026-09-03T09:03:08Z,2026-09-03T09:03:09Z,2026-09-03T09:03:08Z,2026-09-03T09:03:09Z,site_a,SIM,synthetic_demo,A-WAN-2,UP,1000.0,392.4834,392.97,0.0,20.02,0.9466,0.082,0,UP,4.0,0.0,48,48,205,-61.9,17.647,5.416,1,2,0,31,0,371.0,0.0,0,0,MAINS,MAINS,1,0,54.01,92.0,48.4263,48.7851,-4.0,3.7251,3.7251,3.7527,3.7527,0.0,23.1,1078.417,,60.341,,CHARGE,0.0,0,,SYNTHETIC,0
doe-000,0,188,2026-09-03T09:03:08Z,2026-09-03T09:03:09Z,2026-09-03T09:03:08Z,2026-09-03T09:03:09Z,site_b,SIM,synthetic_demo,B-WAN-1,UP,1000.0,76.2567,76.31,0.0,24.08,2.645,0.121,0,UP,4.0,0.0,6,6,49,-61.1,25.972,7.069,0,1,0,32,0,48.0,0.0,0,0,,,,,,,,,,,,,,,,,,,,,0.0,0,,SYNTHETIC,0
doe-000,0,189,2026-09-03T09:03:09Z,2026-09-03T09:03:10Z,2026-09-03T09:03:09Z,2026-09-03T09:03:10Z,site_a,SIM,synthetic_demo,A-WAN-2,UP,1000.0,448.5956,448.6,0.0,19.77,1.26,0.103,0,UP,4.0,0.0,48,48,173,-62.6,17.768,4.95,0,3,0,31,0,339.0,0.0,0,0,MAINS,MAINS,1,0,53.96,92.0,48.4266,48.7854,-4.0,3.72512,3.72512,3.75272,3.75272,0.0,23.1,1092.233,,59.58,,CHARGE,0.0,0,,SYNTHETIC,0
doe-000,0,189,2026-09-03T09:03:09Z,2026-09-03T09:03:10Z,2026-09-03T09:03:09Z,2026-09-03T09:03:10Z,site_b,SIM,synthetic_demo,B-WAN-1,UP,1000.0,70.1095,69.92,0.0,21.64,0.1542,0.084,0,UP,4.0,0.0,6,6,58,-60.3,24.195,7.518,0,0,0,32,0,52.0,0.0,0,0,,,,,,,,,,,,,,,,,,,,,0.0,0,,SYNTHETIC,0
doe-000,0,190,2026-09-03T09:03:10Z,2026-09-03T09:03:11Z,2026-09-03T09:03:10Z,2026-09-03T09:03:11Z,site_a,SIM,synthetic_demo,A-WAN-2,UP,1000.0,458.051,458.69,0.0,20.57,1.8382,0.136,0,UP,4.0,0.0,48,48,114,-61.7,15.554,4.509,0,1,0,31,0,408.0,0.0,0,0,MAINS,MAINS,1,0,53.97,92.0,48.4268,48.7856,-4.0,3.72514,3.72514,3.75274,3.75274,0.0,,1085.571,,59.949,,CHARGE,0.0,0,,SYNTHETIC|GAP|MISSING_MCAR,0
doe-000,0,190,2026-09-03T09:03:10Z,2026-09-03T09:03:11Z,2026-09-03T09:03:10Z,2026-09-03T09:03:11Z,site_b,SIM,synthetic_demo,B-WAN-1,UP,1000.0,66.9166,66.29,0.0,24.32,3.3324,0.097,0,UP,4.0,0.0,6,6,34,-61.6,20.79,5.765,0,1,0,32,0,67.0,0.0,0,0,,,,,,,,,,,,,,,,,,,,,0.0,0,,SYNTHETIC,0
doe-000,0,191,2026-09-03T09:03:11Z,2026-09-03T09:03:12Z,2026-09-03T09:03:11Z,2026-09-03T09:03:12Z,site_a,SIM,synthetic_demo,A-WAN-2,UP,1000.0,506.8075,507.15,0.0,20.2,1.3742,0.113,0,UP,4.0,0.0,48,48,186,-62.7,16.684,5.143,1,1,0,31,0,400.0,0.0,0,0,MAINS,MAINS,1,0,53.98,92.0,48.427,48.7858,-4.0,3.72515,3.72515,3.75275,3.75275,0.0,23.1,1089.729,,59.723,,CHARGE,0.0,0,,SYNTHETIC,0
doe-000,0,191,2026-09-03T09:03:11Z,2026-09-03T09:03:12Z,2026-09-03T09:03:11Z,2026-09-03T09:03:12Z,site_b,SIM,synthetic_demo,B-WAN-1,UP,1000.0,72.5254,72.37,0.0,22.11,0.7291,0.107,0,UP,4.0,0.0,6,6,47,-64.0,21.669,6.78,1,0,0,32,0,58.0,0.0,0,0,,,,,,,,,,,,,,,,,,,,,0.0,0,,SYNTHETIC,0
doe-000,0,192,2026-09-03T09:03:12Z,2026-09-03T09:03:13Z,2026-09-03T09:03:12Z,2026-09-03T09:03:13Z,site_a,SIM,synthetic_demo,A-WAN-2,UP,1000.0,529.432,529.89,0.0,20.73,1.5694,0.155,0,UP,4.0,0.0,48,48,197,-63.2,17.363,5.535,0,2,0,31,0,392.0,0.0,0,0,MAINS,MAINS,1,0,53.97,92.0,48.4272,48.786,-4.0,3.72517,3.72517,3.75277,3.75277,0.0,23.2,1087.416,,59.853,,CHARGE,0.0,0,,SYNTHETIC,0
doe-000,0,192,2026-09-03T09:03:12Z,2026-09-03T09:03:13Z,2026-09-03T09:03:12Z,2026-09-03T09:03:13Z,site_b,SIM,synthetic_demo,B-WAN-1,UP,1000.0,83.7067,83.82,0.0,20.91,0.1157,0.119,0,UP,4.0,0.0,6,6,65,-62.5,26.806,8.393,0,1,0,32,0,51.0,0.0,0,0,,,,,,,,,,,,,,,,,,,,,0.0,0,,SYNTHETIC,0
doe-000,0,193,2026-09-03T09:03:13Z,2026-09-03T09:03:14Z,2026-09-03T09:03:13Z,2026-09-03T09:03:14Z,site_a,SIM,synthetic_demo,A-WAN-2,UP,1000.0,551.5485,552.14,0.0,20.55,2.6267,0.143,0,UP,4.0,0.0,48,48,266,-60.6,19.043,5.942,2,1,0,31,0,448.0,0.0,0,0,MAINS,MAINS,1,0,53.95,92.0,48.4274,48.7862,-4.0,3.72518,3.72518,3.75278,3.75278,0.0,23.0,1083.869,,60.051,,CHARGE,0.0,0,,SYNTHETIC,0
doe-000,0,193,2026-09-03T09:03:13Z,2026-09-03T09:03:14Z,2026-09-03T09:03:13Z,2026-09-03T09:03:14Z,site_b,SIM,synthetic_demo,B-WAN-1,UP,1000.0,81.598,81.69,0.0,24.73,3.6791,0.118,0,UP,4.0,0.0,6,6,60,-60.5,26.479,7.84,0,2,0,32,0,64.0,0.0,0,0,,,,,,,,,,,,,,,,,,,,,0.0,0,,SYNTHETIC,0
doe-000,0,194,2026-09-03T09:03:14Z,2026-09-03T09:03:15Z,2026-09-03T09:03:14Z,2026-09-03T09:03:15Z,site_a,SIM,synthetic_demo,A-WAN-2,UP,1000.0,452.0029,451.86,0.0,21.78,2.74,0.123,0,UP,4.0,0.0,48,48,127,-61.9,15.951,4.536,0,3,0,31,0,469.0,0.0,0,0,MAINS,MAINS,1,0,53.99,92.0,48.4276,48.7864,-4.0,3.7252,3.7252,3.7528,3.7528,0.0,23.1,1105.558,,58.876,,CHARGE,0.0,0,,SYNTHETIC,0
doe-000,0,194,2026-09-03T09:03:14Z,2026-09-03T09:03:15Z,2026-09-03T09:03:14Z,2026-09-03T09:03:15Z,site_b,SIM,synthetic_demo,B-WAN-1,UP,1000.0,67.5845,67.38,0.0,22.65,2.0795,0.119,0,UP,4.0,0.0,6,6,43,-60.9,20.392,6.444,0,0,0,32,0,29.0,0.0,0,0,,,,,,,,,,,,,,,,,,,,,0.0,0,,SYNTHETIC,0
doe-000,0,195,2026-09-03T09:03:15Z,2026-09-03T09:03:16Z,2026-09-03T09:03:15Z,2026-09-03T09:03:16Z,site_a,SIM,synthetic_demo,A-WAN-2,UP,1000.0,460.8862,460.97,0.0,22.71,3.8506,0.12,0,UP,4.0,0.0,48,48,314,-62.4,20.981,6.631,0,1,0,31,0,395.0,0.0,0,0,MAINS,MAINS,1,0,54.08,92.0,48.4278,48.7866,-4.0,3.72522,3.72522,3.75282,3.75282,0.0,23.1,1098.24,,59.271,,CHARGE,0.0,0,,SYNTHETIC,0
doe-000,0,195,2026-09-03T09:03:15Z,2026-09-03T09:03:16Z,2026-09-03T09:03:15Z,2026-09-03T09:03:16Z,site_b,SIM,synthetic_demo,B-WAN-1,UP,1000.0,67.2193,67.6,0.0,22.31,1.7611,0.092,0,UP,4.0,0.0,6,6,45,-61.8,23.06,6.49,0,0,0,32,0,52.0,0.0,0,0,,,,,,,,,,,,,,,,,,,,,0.0,0,,SYNTHETIC,0
doe-000,0,196,2026-09-03T09:03:16Z,2026-09-03T09:03:17Z,2026-09-03T09:03:16Z,2026-09-03T09:03:17Z,site_a,SIM,synthetic_demo,A-WAN-2,UP,1000.0,472.8683,472.38,0.0,20.65,1.5258,0.103,0,UP,4.0,0.0,48,48,158,-62.1,17.131,4.725,0,5,0,31,0,497.0,0.0,0,0,MAINS,MAINS,1,0,54.01,92.0,48.428,48.7868,-4.0,3.72523,3.72523,3.75283,3.75283,0.0,23.0,1091.41,,59.644,,CHARGE,0.0,0,,SYNTHETIC,0
doe-000,0,196,2026-09-03T09:03:16Z,2026-09-03T09:03:17Z,2026-09-03T09:03:16Z,2026-09-03T09:03:17Z,site_b,SIM,synthetic_demo,B-WAN-1,UP,1000.0,81.6326,81.1,0.0,22.01,0.4041,0.089,0,UP,4.0,0.0,6,6,48,-59.8,22.229,6.763,0,0,0,32,0,61.0,0.0,0,0,,,,,,,,,,,,,,,,,,,,,0.0,0,,SYNTHETIC,0
doe-000,0,197,2026-09-03T09:03:17Z,2026-09-03T09:03:18Z,2026-09-03T09:03:17Z,2026-09-03T09:03:18Z,site_a,SIM,synthetic_demo,A-WAN-2,UP,1000.0,442.2532,443.25,0.0,19.6,0.6805,0.12,0,UP,4.0,0.0,48,48,63,-62.5,13.448,4.176,2,1,0,31,0,335.0,0.0,0,0,MAINS,MAINS,1,0,54.02,92.0,48.4282,48.787,-4.0,3.72525,3.72525,3.75285,3.75285,0.0,23.0,1081.464,,60.196,,CHARGE,0.0,0,,SYNTHETIC,0
doe-000,0,197,2026-09-03T09:03:17Z,2026-09-03T09:03:18Z,2026-09-03T09:03:17Z,2026-09-03T09:03:18Z,site_b,SIM,synthetic_demo,B-WAN-1,UP,1000.0,70.8907,70.04,0.0,22.87,1.8395,0.112,0,UP,4.0,0.0,6,6,31,-62.5,18.383,5.664,0,0,0,32,0,53.0,0.0,0,0,,,,,,,,,,,,,,,,,,,,,0.0,0,,SYNTHETIC,0
doe-000,0,198,2026-09-03T09:03:18Z,2026-09-03T09:03:19Z,2026-09-03T09:03:18Z,2026-09-03T09:03:19Z,site_a,SIM,synthetic_demo,A-WAN-2,UP,1000.0,496.0307,495.73,0.0,19.19,0.5861,0.091,0,UP,4.0,0.0,48,48,101,-62.1,14.748,4.296,0,1,0,31,0,527.0,0.0,0,0,MAINS,MAINS,1,0,54.02,92.0,48.4284,48.7872,-4.0,3.72526,3.72526,3.75286,3.75286,0.0,23.1,1099.957,,59.186,,CHARGE,0.0,0,,SYNTHETIC,0
doe-000,0,198,2026-09-03T09:03:18Z,2026-09-03T09:03:19Z,2026-09-03T09:03:18Z,2026-09-03T09:03:19Z,site_b,SIM,synthetic_demo,B-WAN-1,UP,1000.0,89.5717,89.39,0.0,22.42,1.6313,0.094,0,UP,4.0,0.0,6,6,53,-62.3,23.833,7.743,0,0,0,32,0,64.0,0.0,0,0,,,,,,,,,,,,,,,,,,,,,0.0,0,,SYNTHETIC,0
doe-000,0,199,2026-09-03T09:03:19Z,2026-09-03T09:03:20Z,2026-09-03T09:03:19Z,2026-09-03T09:03:20Z,site_a,SIM,synthetic_demo,A-WAN-2,UP,1000.0,434.926,434.23,0.0,19.91,0.5361,13.202,0,UP,4.0,0.0,48,48,117,-62.0,16.384,4.581,0,2,0,31,0,382.0,0.0,0,0,MAINS,MAINS,1,0,54.08,92.0,48.4287,48.7875,-4.0,3.72528,3.72528,3.75288,3.75288,0.0,23.1,1102.039,,59.077,,CHARGE,0.15,0,,SYNTHETIC,0
doe-000,0,199,2026-09-03T09:03:19Z,2026-09-03T09:03:20Z,2026-09-03T09:03:19Z,2026-09-03T09:03:20Z,site_b,SIM,synthetic_demo,B-WAN-1,UP,1000.0,261.2881,261.86,0.0,24.54,2.5666,0.075,0,UP,4.0,0.0,6,6,51,-62.1,25.122,7.32,0,0,0,32,0,61.0,0.0,0,0,,,,,,,,,,,,,,,,,,,,,0.0,0,,SYNTHETIC,0
doe-000,0,200,2026-09-03T09:03:20Z,2026-09-03T09:03:21Z,2026-09-03T09:03:20Z,2026-09-03T09:03:21Z,site_a,SIM,synthetic_demo,A-WAN-2,UP,1000.0,462.4626,462.73,0.0,19.42,0.3501,13.235,0,UP,4.0,0.0,48,48,128,-61.7,15.068,4.472,1,2,0,31,0,381.0,0.0,0,0,MAINS,MAINS,1,0,54.04,92.0,48.4289,48.7877,-4.0,3.7253,3.7253,3.7529,3.7529,0.0,23.1,1090.602,,59.699,,CHARGE,0.15,0,,SYNTHETIC,0
doe-000,0,200,2026-09-03T09:03:20Z,2026-09-03T09:03:21Z,2026-09-03T09:03:20Z,2026-09-03T09:03:21Z,site_b,SIM,synthetic_demo,B-WAN-1,UP,1000.0,64.6581,64.48,0.0,23.32,2.019,0.079,0,UP,4.0,0.0,6,6,42,-63.5,21.515,6.766,0,0,0,32,0,60.0,0.0,0,0,,,,,,,,,,,,,,,,,,,,,0.0,0,,SYNTHETIC,0
doe-000,0,201,2026-09-03T09:03:21Z,2026-09-03T09:03:22Z,2026-09-03T09:03:21Z,2026-09-03T09:03:22Z,site_a,SIM,synthetic_demo,A-WAN-2,UP,1000.0,462.586,462.47,0.0,20.01,1.8769,13.265,0,UP,4.0,0.0,48,48,135,-62.5,16.211,4.58,0,1,0,31,0,468.0,0.0,0,0,MAINS,MAINS,1,0,54.11,92.0,48.4291,48.7879,-4.0,3.72531,3.72531,3.75291,3.75291,0.0,,1094.787,,59.474,,CHARGE,0.15,0,,SYNTHETIC|GAP|MISSING_MAR,0
doe-000,0,201,2026-09-03T09:03:21Z,2026-09-03T09:03:22Z,2026-09-03T09:03:21Z,2026-09-03T09:03:22Z,site_b,SIM,synthetic_demo,B-WAN-1,UP,1000.0,75.8214,75.23,0.0,22.67,1.6369,0.088,0,UP,4.0,0.0,6,6,85,-59.1,30.568,9.063,1,0,0,32,0,31.0,0.0,0,0,,,,,,,,,,,,,,,,,,,,,0.0,0,,SYNTHETIC,0
doe-000,0,202,2026-09-03T09:03:22Z,2026-09-03T09:03:23Z,2026-09-03T09:03:22Z,2026-09-03T09:03:23Z,site_a,SIM,synthetic_demo,A-WAN-2,UP,1000.0,442.0428,441.89,0.0,20.42,0.8841,,0,UP,4.0,0.0,48,48,214,-61.0,18.477,5.595,0,2,0,31,0,456.0,0.0,0,0,MAINS,MAINS,1,0,54.09,92.0,48.4293,48.7881,-4.0,3.72533,3.72533,3.75293,3.75293,0.0,23.1,1088.716,,59.808,,CHARGE,0.0,0,,SYNTHETIC|GAP|MISSING_MAR,0
doe-000,0,202,2026-09-03T09:03:22Z,2026-09-03T09:03:23Z,2026-09-03T09:03:22Z,2026-09-03T09:03:23Z,site_b,SIM,synthetic_demo,B-WAN-1,UP,1000.0,93.5843,93.42,0.0,22.19,1.4611,0.115,0,UP,4.0,0.0,6,6,66,-60.7,28.011,7.971,0,0,0,32,0,47.0,0.0,0,0,,,,,,,,,,,,,,,,,,,,,0.0,0,,SYNTHETIC,0
doe-000,0,203,2026-09-03T09:03:23Z,2026-09-03T09:03:24Z,2026-09-03T09:03:23Z,2026-09-03T09:03:24Z,site_a,SIM,synthetic_demo,A-WAN-2,UP,1000.0,435.0902,434.46,0.0,20.16,1.5242,13.217,0,UP,4.0,0.0,48,48,174,-61.0,17.842,4.971,0,2,0,31,0,333.0,0.0,0,0,MAINS,MAINS,1,0,54.04,92.0,48.4295,48.7883,-4.0,3.72535,3.72535,3.75295,3.75295,0.0,23.0,1081.771,,60.195,,CHARGE,0.15,0,,SYNTHETIC,0
doe-000,0,203,2026-09-03T09:03:23Z,2026-09-03T09:03:24Z,2026-09-03T09:03:23Z,2026-09-03T09:03:24Z,site_b,SIM,synthetic_demo,B-WAN-1,UP,1000.0,65.9354,66.1,0.0,22.0,1.0566,0.082,0,UP,4.0,0.0,6,6,50,-61.9,23.698,7.423,1,0,0,32,0,36.0,0.0,0,0,,,,,,,,,,,,,,,,,,,,,0.0,0,,SYNTHETIC,0
doe-000,0,204,2026-09-03T09:03:24Z,2026-09-03T09:03:25Z,2026-09-03T09:03:24Z,2026-09-03T09:03:25Z,site_a,SIM,synthetic_demo,A-WAN-2,UP,1000.0,434.1461,433.59,0.0,21.16,1.942,13.199,0,UP,4.0,0.0,48,48,298,-61.2,20.627,6.257,1,4,0,31,0,263.0,0.0,0,0,MAINS,MAINS,1,0,54.02,92.0,48.4297,48.7885,-4.0,3.72536,3.72536,3.75296,3.75296,0.0,23.0,1088.541,,59.823,,CHARGE,0.15,0,,SYNTHETIC,0
doe-000,0,204,2026-09-03T09:03:24Z,2026-09-03T09:03:25Z,2026-09-03T09:03:24Z,2026-09-03T09:03:25Z,site_b,SIM,synthetic_demo,B-WAN-1,UP,1000.0,87.2172,86.8,0.0,23.92,2.8393,0.13,0,UP,4.0,0.0,6,6,25,-61.6,18.267,5.23,0,0,0,32,0,58.0,0.0,0,0,,,,,,,,,,,,,,,,,,,,,0.0,0,,SYNTHETIC,0
doe-000,0,205,2026-09-03T09:03:25Z,2026-09-03T09:03:26Z,2026-09-03T09:03:25Z,2026-09-03T09:03:26Z,site_a,SIM,synthetic_demo,A-WAN-2,UP,1000.0,495.19,495.72,0.0,20.77,1.502,13.349,0,UP,4.0,0.0,48,48,291,-61.6,19.964,6.242,1,1,0,31,0,508.0,0.0,0,0,MAINS,MAINS,1,0,54.02,92.0,48.4299,48.7887,-4.0,3.72538,3.72538,3.75298,3.75298,0.0,23.2,1093.35,,59.563,,CHARGE,0.15,0,,SYNTHETIC,0
doe-000,0,205,2026-09-03T09:03:25Z,2026-09-03T09:03:26Z,2026-09-03T09:03:25Z,2026-09-03T09:03:26Z,site_b,SIM,synthetic_demo,B-WAN-1,UP,1000.0,85.5119,85.84,0.0,23.28,1.3882,0.107,0,UP,4.0,0.0,6,6,39,-62.2,20.482,6.708,0,0,0,32,0,66.0,0.0,0,0,,,,,,,,,,,,,,,,,,,,,0.0,0,,SYNTHETIC,0
doe-000,0,206,2026-09-03T09:03:26Z,2026-09-03T09:03:27Z,2026-09-03T09:03:26Z,2026-09-03T09:03:27Z,site_a,SIM,synthetic_demo,A-WAN-2,UP,1000.0,420.6173,420.6,0.0,19.55,0.3623,0.088,0,UP,4.0,0.0,48,48,201,-61.9,18.413,5.499,2,3,0,31,0,360.0,0.0,0,0,MAINS,MAINS,1,0,54.1,92.0,48.4301,48.7889,-4.0,3.72539,3.72539,3.75299,3.75299,0.0,23.2,1093.869,,59.537,,CHARGE,0.0,0,,SYNTHETIC,0
doe-000,0,206,2026-09-03T09:03:26Z,2026-09-03T09:03:27Z,2026-09-03T09:03:26Z,2026-09-03T09:03:27Z,site_b,SIM,synthetic_demo,B-WAN-1,UP,1000.0,84.5839,85.63,0.0,22.63,2.0033,0.098,0,UP,4.0,0.0,6,6,54,-63.7,24.903,8.136,0,0,0,32,0,73.0,0.0,0,0,,,,,,,,,,,,,,,,,,,,,0.0,0,,SYNTHETIC,0
doe-000,0,207,2026-09-03T09:03:27Z,2026-09-03T09:03:28Z,2026-09-03T09:03:27Z,2026-09-03T09:03:28Z,site_a,SIM,synthetic_demo,A-WAN-2,UP,1000.0,413.071,413.49,0.0,20.03,0.9207,0.124,0,UP,4.0,0.0,48,48,188,-61.9,17.001,5.4,1,3,0,31,0,297.0,0.0,0,0,MAINS,MAINS,1,0,54.03,92.0,48.4303,48.7891,-4.0,3.72541,3.72541,3.75301,3.75301,0.0,23.1,1077.055,,60.47,,CHARGE,0.0,0,,SYNTHETIC,0
doe-000,0,207,2026-09-03T09:03:27Z,2026-09-03T09:03:28Z,2026-09-03T09:03:27Z,2026-09-03T09:03:28Z,site_b,SIM,synthetic_demo,B-WAN-1,UP,1000.0,72.2818,72.46,0.0,21.54,0.8207,0.119,0,UP,4.0,0.0,6,6,28,-63.2,16.115,5.322,0,0,0,32,0,80.0,0.0,0,0,,,,,,,,,,,,,,,,,,,,,0.0,0,,SYNTHETIC,0
doe-000,0,208,2026-09-03T09:03:28Z,2026-09-03T09:03:29Z,2026-09-03T09:03:28Z,2026-09-03T09:03:29Z,site_a,SIM,synthetic_demo,A-WAN-2,UP,1000.0,415.0073,414.51,0.0,18.84,0.2085,0.121,0,UP,4.0,0.0,48,48,374,-62.3,21.79,6.835,1,2,0,31,0,279.0,0.0,0,0,MAINS,MAINS,1,0,54.04,92.0,48.4305,48.7893,-4.0,3.72543,3.72543,3.75303,3.75303,0.0,,1086.281,,59.959,,CHARGE,0.0,0,,SYNTHETIC|GAP|MISSING_MAR,0
doe-000,0,208,2026-09-03T09:03:28Z,2026-09-03T09:03:29Z,2026-09-03T09:03:28Z,2026-09-03T09:03:29Z,site_b,SIM,synthetic_demo,B-WAN-1,UP,1000.0,79.5672,79.63,0.0,23.41,2.5022,0.079,0,UP,4.0,0.0,6,6,67,-64.8,26.772,8.814,0,0,0,32,0,50.0,0.0,0,0,,,,,,,,,,,,,,,,,,,,,0.0,0,,SYNTHETIC,0
doe-000,0,209,2026-09-03T09:03:29Z,2026-09-03T09:03:30Z,2026-09-03T09:03:29Z,2026-09-03T09:03:30Z,site_a,SIM,synthetic_demo,A-WAN-2,UP,1000.0,469.3237,469.02,0.0,19.67,0.9333,0.107,0,UP,4.0,0.0,48,48,217,-63.0,18.217,5.676,3,1,0,31,0,535.0,0.0,0,0,MAINS,MAINS,1,0,53.95,92.0,48.4308,48.7896,-4.0,3.72544,3.72544,3.75304,3.75304,0.0,23.2,1093.745,,59.552,,CHARGE,0.0,0,,SYNTHETIC,0
doe-000,0,209,2026-09-03T09:03:29Z,2026-09-03T09:03:30Z,2026-09-03T09:03:29Z,2026-09-03T09:03:30Z,site_b,SIM,synthetic_demo,B-WAN-1,UP,1000.0,70.1565,69.39,0.0,24.57,3.5119,0.119,0,UP,4.0,0.0,6,6,23,-60.7,15.808,5.513,0,0,0,32,0,45.0,0.0,0,0,,,,,,,,,,,,,,,,,,,,,0.0,0,,SYNTHETIC,0
doe-000,0,210,2026-09-03T09:03:30Z,2026-09-03T09:03:31Z,2026-09-03T09:03:30Z,2026-09-03T09:03:31Z,site_a,SIM,synthetic_demo,A-WAN-2,UP,1000.0,394.1751,393.88,0.0,21.62,2.935,0.132,0,UP,4.0,0.0,48,48,216,-62.0,18.431,5.459,2,2,0,31,0,330.0,0.0,0,0,MAINS,MAINS,1,0,53.97,92.0,48.431,48.7898,-4.0,3.72546,3.72546,3.75306,3.75306,0.0,23.1,1086.481,,59.953,,CHARGE,0.0,0,,SYNTHETIC,0
doe-000,0,210,2026-09-03T09:03:30Z,2026-09-03T09:03:31Z,2026-09-03T09:03:30Z,2026-09-03T09:03:31Z,site_b,SIM,synthetic_demo,B-WAN-1,UP,1000.0,69.006,69.25,0.0,21.93,0.6191,0.116,0,UP,4.0,0.0,6,6,61,-61.1,25.118,7.931,0,0,0,32,0,47.0,0.0,0,0,,,,,,,,,,,,,,,,,,,,,0.0,0,,SYNTHETIC,0
doe-000,0,211,2026-09-03T09:03:31Z,2026-09-03T09:03:32Z,2026-09-03T09:03:31Z,2026-09-03T09:03:32Z,site_a,SIM,synthetic_demo,A-WAN-2,UP,1000.0,419.7664,420.02,0.0,19.56,0.2037,0.099,0,UP,4.0,0.0,48,48,170,-62.0,16.628,4.926,1,5,0,31,0,331.0,0.0,0,0,MAINS,MAINS,1,0,54.01,92.0,48.4312,48.79,-4.0,3.72547,3.72547,3.75307,3.75307,0.0,23.0,1103.635,,59.024,,CHARGE,0.0,0,,SYNTHETIC,0
doe-000,0,211,2026-09-03T09:03:31Z,2026-09-03T09:03:32Z,2026-09-03T09:03:31Z,2026-09-03T09:03:32Z,site_b,SIM,synthetic_demo,B-WAN-1,UP,1000.0,63.6553,64.25,0.0,24.7,3.0067,0.113,0,UP,4.0,0.0,6,6,52,-64.0,23.823,7.732,0,1,0,32,0,54.0,0.0,0,0,,,,,,,,,,,,,,,,,,,,,0.0,0,,SYNTHETIC,0
doe-000,0,212,2026-09-03T09:03:32Z,2026-09-03T09:03:33Z,2026-09-03T09:03:32Z,2026-09-03T09:03:33Z,site_a,SIM,synthetic_demo,A-WAN-2,UP,1000.0,431.8303,432.35,0.0,19.65,0.8649,0.098,0,UP,4.0,0.0,48,48,239,-62.6,19.015,5.55,3,2,0,31,0,510.0,0.0,0,0,MAINS,MAINS,1,0,54.08,92.0,48.4314,48.7902,-4.0,3.72549,3.72549,3.75309,3.75309,0.0,22.8,1085.619,,60.006,,CHARGE,0.0,0,,SYNTHETIC,0
doe-000,0,212,2026-09-03T09:03:32Z,2026-09-03T09:03:33Z,2026-09-03T09:03:32Z,2026-09-03T09:03:33Z,site_b,SIM,synthetic_demo,B-WAN-1,UP,1000.0,68.2924,68.75,0.0,22.44,1.655,0.116,0,UP,4.0,0.0,6,6,60,-63.7,24.528,8.359,1,0,0,32,0,75.0,0.0,0,0,,,,,,,,,,,,,,,,,,,,,0.0,0,,SYNTHETIC,0
doe-000,0,213,2026-09-03T09:03:33Z,2026-09-03T09:03:34Z,2026-09-03T09:03:33Z,2026-09-03T09:03:34Z,site_a,SIM,synthetic_demo,A-WAN-2,UP,1000.0,435.7967,436.99,0.0,19.34,0.3483,0.099,0,UP,4.0,0.0,48,48,242,-61.4,18.953,5.817,1,2,0,31,0,219.0,0.0,0,0,MAINS,MAINS,1,0,53.96,92.0,48.4316,48.7904,-4.0,3.72551,3.72551,3.75311,3.75311,0.0,23.0,1088.274,,59.862,,CHARGE,0.0,0,,SYNTHETIC,0
doe-000,0,213,2026-09-03T09:03:33Z,2026-09-03T09:03:34Z,2026-09-03T09:03:33Z,2026-09-03T09:03:34Z,site_b,SIM,synthetic_demo,B-WAN-1,UP,1000.0,58.6832,58.99,0.0,20.85,0.2512,0.069,0,UP,4.0,0.0,6,6,26,-61.1,16.973,5.532,0,0,0,32,0,71.0,0.0,0,0,,,,,,,,,,,,,,,,,,,,,0.0,0,,SYNTHETIC,0
doe-000,0,214,2026-09-03T09:03:34Z,2026-09-03T09:03:35Z,2026-09-03T09:03:34Z,2026-09-03T09:03:35Z,site_a,SIM,synthetic_demo,A-WAN-2,UP,1000.0,398.1553,398.57,0.0,20.68,1.5851,0.1,0,UP,4.0,0.0,48,48,223,-62.4,18.488,5.354,1,5,0,31,0,403.0,0.0,0,0,MAINS,MAINS,1,0,53.97,92.0,48.4318,48.7906,-4.0,3.72552,3.72552,3.75312,3.75312,0.0,23.0,1091.107,,59.71,,CHARGE,0.0,0,,SYNTHETIC,0
doe-000,0,214,2026-09-03T09:03:34Z,2026-09-03T09:03:35Z,2026-09-03T09:03:34Z,2026-09-03T09:03:35Z,site_b,SIM,synthetic_demo,B-WAN-1,UP,1000.0,57.5234,57.18,0.0,22.16,0.9049,0.101,0,UP,4.0,0.0,6,6,45,-62.6,21.004,6.937,0,0,0,32,0,75.0,0.0,0,0,,,,,,,,,,,,,,,,,,,,,0.0,0,,SYNTHETIC,0
doe-000,0,215,2026-09-03T09:03:35Z,2026-09-03T09:03:36Z,2026-09-03T09:03:35Z,2026-09-03T09:03:36Z,site_a,SIM,synthetic_demo,A-WAN-2,UP,1000.0,377.1948,376.66,0.0,19.36,0.7194,0.081,0,UP,4.0,0.0,48,48,259,-62.6,18.649,5.892,0,5,0,31,0,272.0,0.0,0,0,MAINS,MAINS,1,0,53.99,92.0,48.432,48.7908,-4.0,3.72554,3.72554,3.75314,3.75314,0.0,22.9,1073.812,,60.674,,CHARGE,0.0,0,,SYNTHETIC,0
doe-000,0,215,2026-09-03T09:03:35Z,2026-09-03T09:03:36Z,2026-09-03T09:03:35Z,2026-09-03T09:03:36Z,site_b,SIM,synthetic_demo,B-WAN-1,UP,1000.0,89.0163,89.19,0.0,21.12,0.1795,0.092,0,UP,4.0,0.0,6,6,32,-61.7,18.629,6.026,0,0,0,32,0,80.0,0.0,0,0,,,,,,,,,,,,,,,,,,,,,0.0,0,,SYNTHETIC,0
doe-000,0,216,2026-09-03T09:03:36Z,2026-09-03T09:03:37Z,2026-09-03T09:03:36Z,2026-09-03T09:03:37Z,site_a,SIM,synthetic_demo,A-WAN-2,UP,1000.0,402.81,403.45,0.0,22.24,3.0074,0.085,0,UP,4.0,0.0,48,48,296,-62.7,20.459,6.374,1,5,0,31,0,345.0,0.0,0,0,MAINS,MAINS,1,0,54.14,92.0,48.4322,48.791,-4.0,3.72556,3.72556,3.75316,3.75316,0.0,23.1,1098.277,,59.325,,CHARGE,0.0,0,,SYNTHETIC,0
doe-000,0,216,2026-09-03T09:03:36Z,2026-09-03T09:03:37Z,2026-09-03T09:03:36Z,2026-09-03T09:03:37Z,site_b,SIM,synthetic_demo,B-WAN-1,UP,1000.0,43.9185,43.99,0.0,22.9,1.7201,0.08,0,UP,4.0,0.0,6,6,49,-63.4,23.603,7.672,1,0,0,32,0,52.0,0.0,0,0,,,,,,,,,,,,,,,,,,,,,0.0,0,,SYNTHETIC,0
doe-000,0,217,2026-09-03T09:03:37Z,2026-09-03T09:03:38Z,2026-09-03T09:03:37Z,2026-09-03T09:03:38Z,site_a,SIM,synthetic_demo,A-WAN-2,UP,1000.0,442.0557,443.29,0.0,21.94,3.093,0.097,0,UP,4.0,0.0,48,48,184,-60.7,17.134,4.748,0,4,0,31,0,302.0,0.0,0,0,MAINS,MAINS,1,0,54.03,92.0,48.4324,48.7912,-4.0,3.72557,3.72557,3.75317,3.75317,0.0,23.0,1080.686,,60.294,,CHARGE,0.0,0,,SYNTHETIC,0
doe-000,0,217,2026-09-03T09:03:37Z,2026-09-03T09:03:38Z,2026-09-03T09:03:37Z,2026-09-03T09:03:38Z,site_b,SIM,synthetic_demo,B-WAN-1,UP,1000.0,52.4285,53.5,0.0,24.02,2.6915,0.052,0,UP,4.0,0.0,6,6,35,-62.6,17.692,6.197,0,1,0,32,0,28.0,0.0,0,0,,,,,,,,,,,,,,,,,,,,,0.0,0,,SYNTHETIC,0
doe-000,0,218,2026-09-03T09:03:38Z,2026-09-03T09:03:39Z,2026-09-03T09:03:38Z,2026-09-03T09:03:39Z,site_a,SIM,synthetic_demo,A-WAN-2,UP,1000.0,480.2704,480.14,0.0,19.5,0.5705,0.101,0,UP,4.0,0.0,48,48,110,-61.2,15.228,4.147,1,3,0,31,0,242.0,0.0,0,0,MAINS,MAINS,1,0,54.11,92.0,48.4326,48.7914,-4.0,3.72559,3.72559,3.75319,3.75319,0.0,23.1,1088.394,,59.869,,CHARGE,0.0,0,,SYNTHETIC,0
doe-000,0,218,2026-09-03T09:03:38Z,2026-09-03T09:03:39Z,2026-09-03T09:03:38Z,2026-09-03T09:03:39Z,site_b,SIM,synthetic_demo,B-WAN-1,UP,1000.0,50.5037,50.22,0.0,22.48,2.73,0.084,0,UP,4.0,0.0,6,6,25,-62.3,16.423,5.001,0,1,0,32,0,36.0,0.0,0,0,,,,,,,,,,,,,,,,,,,,,0.0,0,,SYNTHETIC,0
doe-000,0,219,2026-09-03T09:03:39Z,2026-09-03T09:03:40Z,2026-09-03T09:03:39Z,2026-09-03T09:03:40Z,site_a,SIM,synthetic_demo,A-WAN-2,UP,1000.0,399.2764,398.14,0.0,24.08,4.8043,0.124,0,UP,4.0,0.0,48,48,151,-62.2,15.736,4.899,0,5,0,31,0,275.0,0.0,0,0,MAINS,MAINS,1,0,54.08,92.0,48.4328,48.7916,-4.0,3.7256,3.7256,3.7532,3.7532,0.0,23.3,1097.905,,59.354,,CHARGE,0.0,0,,SYNTHETIC,0
doe-000,0,219,2026-09-03T09:03:39Z,2026-09-03T09:03:40Z,2026-09-03T09:03:39Z,2026-09-03T09:03:40Z,site_b,SIM,synthetic_demo,B-WAN-1,UP,1000.0,64.1694,64.52,0.0,21.33,1.2937,0.111,0,UP,4.0,0.0,6,6,29,-62.3,18.609,5.886,0,0,0,32,0,96.0,0.0,0,0,,,,,,,,,,,,,,,,,,,,,0.0,0,,SYNTHETIC,0
doe-000,0,220,2026-09-03T09:03:40Z,2026-09-03T09:03:41Z,2026-09-03T09:03:40Z,2026-09-03T09:03:41Z,site_a,SIM,synthetic_demo,A-WAN-2,UP,1000.0,426.3264,427.59,0.0,19.69,0.0624,0.15,0,UP,4.0,0.0,48,48,235,-62.6,18.443,5.745,1,3,0,31,0,434.0,0.0,0,0,MAINS,MAINS,1,0,54.06,92.0,48.4331,48.7919,-4.0,3.72562,3.72562,3.75322,3.75322,0.0,23.2,1065.045,,61.188,,CHARGE,0.0,0,,SYNTHETIC,0
doe-000,0,220,2026-09-03T09:03:40Z,2026-09-03T09:03:41Z,2026-09-03T09:03:40Z,2026-09-03T09:03:41Z,site_b,SIM,synthetic_demo,B-WAN-1,UP,1000.0,56.9542,56.82,0.0,21.3,0.7827,0.161,0,UP,4.0,0.0,6,6,38,-62.6,20.906,5.906,0,0,0,32,0,59.0,0.0,0,0,,,,,,,,,,,,,,,,,,,,,0.0,0,,SYNTHETIC,0
doe-000,0,221,2026-09-03T09:03:41Z,2026-09-03T09:03:42Z,2026-09-03T09:03:41Z,2026-09-03T09:03:42Z,site_a,SIM,synthetic_demo,A-WAN-2,UP,1000.0,392.5422,392.78,0.0,19.17,0.5596,0.111,0,UP,4.0,0.0,48,48,265,-62.1,19.573,5.824,1,5,0,31,0,254.0,0.0,0,0,MAINS,MAINS,1,0,54.09,92.0,48.4333,48.7921,-4.0,3.72564,3.72564,3.75324,3.75324,0.0,23.2,1099.751,,59.259,,CHARGE,0.0,0,,SYNTHETIC,0
doe-000,0,221,2026-09-03T09:03:41Z,2026-09-03T09:03:42Z,2026-09-03T09:03:41Z,2026-09-03T09:03:42Z,site_b,SIM,synthetic_demo,B-WAN-1,UP,1000.0,81.5893,81.83,0.0,22.11,1.3826,0.067,0,UP,4.0,0.0,6,6,40,-60.7,19.744,6.519,0,1,0,32,0,49.0,0.0,0,0,,,,,,,,,,,,,,,,,,,,,0.0,0,,SYNTHETIC,0
doe-000,0,222,2026-09-03T09:03:42Z,2026-09-03T09:03:43Z,2026-09-03T09:03:42Z,2026-09-03T09:03:43Z,site_a,SIM,synthetic_demo,A-WAN-2,UP,1000.0,467.3315,467.85,0.0,19.8,1.3033,0.082,0,UP,4.0,0.0,48,48,209,-62.1,18.572,5.219,2,1,0,31,0,429.0,0.0,0,0,MAINS,MAINS,1,0,54.06,92.0,48.4335,48.7923,-4.0,3.72565,3.72565,3.75325,3.75325,0.0,,1086.65,,59.976,,CHARGE,0.0,0,,SYNTHETIC|GAP|MISSING_MAR,0
doe-000,0,222,2026-09-03T09:03:42Z,2026-09-03T09:03:43Z,2026-09-03T09:03:42Z,2026-09-03T09:03:43Z,site_b,SIM,synthetic_demo,B-WAN-1,UP,1000.0,72.1524,73.19,0.0,21.75,0.4858,0.106,0,UP,4.0,0.0,6,6,29,-62.6,20.154,5.947,0,0,0,32,0,38.0,0.0,0,0,,,,,,,,,,,,,,,,,,,,,0.0,0,,SYNTHETIC,0
doe-000,0,223,2026-09-03T09:03:43Z,2026-09-03T09:03:44Z,2026-09-03T09:03:43Z,2026-09-03T09:03:44Z,site_a,SIM,synthetic_demo,A-WAN-2,UP,1000.0,500.8274,500.52,0.0,22.07,2.9432,0.091,0,UP,4.0,0.0,48,48,84,-62.7,13.779,4.431,0,5,0,31,0,348.0,0.0,0,0,MAINS,MAINS,1,0,54.05,92.0,48.4337,48.7925,-4.0,3.72567,3.72567,3.75327,3.75327,0.0,23.0,1080.078,,60.344,,CHARGE,0.0,0,,SYNTHETIC,0
doe-000,0,223,2026-09-03T09:03:43Z,2026-09-03T09:03:44Z,2026-09-03T09:03:43Z,2026-09-03T09:03:44Z,site_b,SIM,synthetic_demo,B-WAN-1,UP,1000.0,91.9404,92.84,0.0,22.88,2.3253,0.123,0,UP,4.0,0.0,6,6,43,-62.0,21.932,6.754,0,1,0,32,0,78.0,0.0,0,0,,,,,,,,,,,,,,,,,,,,,0.0,0,,SYNTHETIC,0
doe-000,0,224,2026-09-03T09:03:44Z,2026-09-03T09:03:45Z,2026-09-03T09:03:44Z,2026-09-03T09:03:45Z,site_a,SIM,synthetic_demo,A-WAN-2,UP,1000.0,479.0412,479.65,0.0,20.27,1.294,0.08,0,UP,4.0,0.0,48,48,267,-62.5,19.604,5.967,0,1,0,31,0,530.0,0.0,0,0,MAINS,MAINS,1,0,54.05,92.0,48.4339,48.7927,-4.0,3.72568,3.72568,3.75328,3.75328,0.0,23.0,1086.839,,59.971,,CHARGE,0.0,0,,SYNTHETIC,0
doe-000,0,224,2026-09-03T09:03:44Z,2026-09-03T09:03:45Z,2026-09-03T09:03:44Z,2026-09-03T09:03:45Z,site_b,SIM,synthetic_demo,B-WAN-1,UP,1000.0,67.6802,67.92,0.0,22.94,2.3576,0.106,0,UP,4.0,0.0,6,6,47,-59.0,22.183,6.132,0,1,0,32,0,45.0,0.0,0,0,,,,,,,,,,,,,,,,,,,,,0.0,0,,SYNTHETIC,0
doe-000,0,225,2026-09-03T09:03:45Z,2026-09-03T09:03:46Z,2026-09-03T09:03:45Z,2026-09-03T09:03:46Z,site_a,SIM,synthetic_demo,A-WAN-1,UP,0.0,441.5354,0.08,,,,,1,DOWN,0.0,100.0,48,48,364,-63.8,22.344,7.2,0,1,0,31,0,398.0,0.0,0,0,MAINS,MAINS,1,0,54.1,92.0,48.4341,48.7929,-4.0,3.7257,3.7257,3.7533,3.7533,0.0,23.1,1089.933,,59.804,,CHARGE,0.0,0,,SYNTHETIC|SATURATED,0
doe-000,0,225,2026-09-03T09:03:45Z,2026-09-03T09:03:46Z,2026-09-03T09:03:45Z,2026-09-03T09:03:46Z,site_b,SIM,synthetic_demo,B-WAN-1,UP,1000.0,74.5656,74.82,0.0,18.14,0.8572,0.091,0,DOWN,0.0,100.0,6,6,43,-61.4,18.738,7.184,0,0,0,32,0,74.0,0.0,0,0,,,,,,,,,,,,,,,,,,,,,0.0,0,,SYNTHETIC,0
doe-000,0,226,2026-09-03T09:03:46Z,2026-09-03T09:03:47Z,2026-09-03T09:03:46Z,2026-09-03T09:03:47Z,site_a,SIM,synthetic_demo,A-WAN-1,UP,0.0,457.2679,-0.55,,,,,1,DOWN,0.0,100.0,48,48,221,-61.3,18.805,5.433,2,4,0,31,0,444.0,0.0,0,0,MAINS,MAINS,1,0,54.0,92.0,48.4343,48.7931,-4.0,3.72572,3.72572,3.75332,3.75332,0.0,23.0,1078.647,,60.432,,CHARGE,0.0,0,,SYNTHETIC|SATURATED,0
doe-000,0,226,2026-09-03T09:03:46Z,2026-09-03T09:03:47Z,2026-09-03T09:03:46Z,2026-09-03T09:03:47Z,site_b,SIM,synthetic_demo,B-WAN-1,UP,1000.0,79.8656,79.88,0.0,17.39,0.1355,0.086,0,DOWN,0.0,100.0,6,6,38,-61.5,22.625,6.296,0,0,0,32,0,86.0,0.0,0,0,,,,,,,,,,,,,,,,,,,,,0.0,0,,SYNTHETIC,0
doe-000,0,227,2026-09-03T09:03:47Z,2026-09-03T09:03:48Z,2026-09-03T09:03:47Z,2026-09-03T09:03:48Z,site_a,SIM,synthetic_demo,A-WAN-1,UP,1000.0,479.7286,1000.04,378.5319,393.1,2.3437,0.092,0,DOWN,0.0,100.0,48,48,342,-61.2,22.786,6.62,4,6,0,31,0,262.0,0.0,0,0,MAINS,MAINS,1,0,54.11,92.0,48.4345,48.7933,-4.0,3.72573,3.72573,3.75333,3.75333,0.0,23.1,1108.159,,58.826,,CHARGE,0.15,0,,SYNTHETIC,0
doe-000,0,227,2026-09-03T09:03:47Z,2026-09-03T09:03:48Z,2026-09-03T09:03:47Z,2026-09-03T09:03:48Z,site_b,SIM,synthetic_demo,B-WAN-1,UP,1000.0,76.9036,75.87,0.0,18.08,1.5902,0.089,0,DOWN,0.0,100.0,6,6,49,-63.6,24.458,7.849,0,0,0,32,0,70.0,0.0,0,0,,,,,,,,,,,,,,,,,,,,,0.0,0,,SYNTHETIC,0
doe-000,0,228,2026-09-03T09:03:48Z,2026-09-03T09:03:49Z,2026-09-03T09:03:48Z,2026-09-03T09:03:49Z,site_a,SIM,synthetic_demo,A-WAN-1,UP,1000.0,469.25,848.2,0.0,13.0,1.8071,0.096,0,DOWN,0.0,100.0,48,48,147,,15.939,4.953,0,6,0,31,0,370.0,0.0,0,0,MAINS,MAINS,1,0,54.16,92.0,48.4347,48.7935,-4.0,3.72575,3.72575,3.75335,3.75335,0.0,23.1,1090.795,,59.765,,CHARGE,0.0,0,,SYNTHETIC|GAP|MISSING_MCAR,0
doe-000,0,228,2026-09-03T09:03:48Z,2026-09-03T09:03:49Z,2026-09-03T09:03:48Z,2026-09-03T09:03:49Z,site_b,SIM,synthetic_demo,B-WAN-1,UP,1000.0,75.1919,75.42,0.0,18.15,1.2348,0.122,0,DOWN,0.0,100.0,6,6,49,-61.8,22.404,7.456,0,0,0,32,0,63.0,0.0,0,0,,,,,,,,,,,,,,,,,,,,,0.0,0,,SYNTHETIC,0
doe-000,0,229,2026-09-03T09:03:49Z,2026-09-03T09:03:50Z,2026-09-03T09:03:49Z,2026-09-03T09:03:50Z,site_a,SIM,synthetic_demo,A-WAN-1,UP,1000.0,509.8319,510.04,0.0,12.52,0.5131,0.058,0,DOWN,0.0,100.0,48,48,268,-61.7,19.388,6.028,2,2,0,31,0,304.0,0.0,0,0,MAINS,MAINS,1,0,54.05,92.0,48.4349,48.7937,-4.0,3.72577,3.72577,3.75337,3.75337,0.0,23.0,1065.965,,61.16,,CHARGE,0.0,0,,SYNTHETIC,0
doe-000,0,229,2026-09-03T09:03:49Z,2026-09-03T09:03:50Z,2026-09-03T09:03:49Z,2026-09-03T09:03:50Z,site_b,SIM,synthetic_demo,B-WAN-1,UP,1000.0,83.7276,83.08,0.0,19.86,2.6251,0.116,0,DOWN,0.0,100.0,6,6,47,-62.8,24.115,6.833,0,1,0,32,0,66.0,0.0,0,0,,,,,,,,,,,,,,,,,,,,,0.0,0,,SYNTHETIC,0
doe-000,0,230,2026-09-03T09:03:50Z,2026-09-03T09:03:51Z,2026-09-03T09:03:50Z,2026-09-03T09:03:51Z,site_a,SIM,synthetic_demo,A-WAN-1,UP,1000.0,455.514,455.17,0.0,13.91,1.7338,0.113,0,DOWN,0.0,100.0,48,48,242,-62.3,19.074,5.985,0,3,0,31,0,186.0,0.0,0,0,MAINS,MAINS,1,0,54.1,92.0,48.4352,48.794,-4.0,3.72578,3.72578,3.75338,3.75338,0.0,23.3,1095.048,,59.538,,CHARGE,0.0,0,,SYNTHETIC,0
doe-000,0,230,2026-09-03T09:03:50Z,2026-09-03T09:03:51Z,2026-09-03T09:03:50Z,2026-09-03T09:03:51Z,site_b,SIM,synthetic_demo,B-WAN-1,UP,1000.0,84.715,84.33,0.0,17.12,0.4716,0.132,0,DOWN,0.0,100.0,6,6,57,-63.9,24.482,8.425,0,1,0,32,0,37.0,0.0,0,0,,,,,,,,,,,,,,,,,,,,,0.0,0,,SYNTHETIC,0
doe-000,0,231,2026-09-03T09:03:51Z,2026-09-03T09:03:52Z,2026-09-03T09:03:51Z,2026-09-03T09:03:52Z,site_a,SIM,synthetic_demo,A-WAN-1,UP,1000.0,429.9836,430.06,0.0,12.83,1.0217,0.093,0,RECONNECTING,0.0,100.0,48,48,260,-61.9,19.527,5.613,3,4,0,31,0,370.0,0.0,0,0,MAINS,MAINS,1,0,54.07,92.0,48.4354,48.7942,-4.0,3.7258,3.7258,3.7534,3.7534,0.0,23.2,1098.57,,59.35,,CHARGE,0.0,0,,SYNTHETIC,0
doe-000,0,231,2026-09-03T09:03:51Z,2026-09-03T09:03:52Z,2026-09-03T09:03:51Z,2026-09-03T09:03:52Z,site_b,SIM,synthetic_demo,B-WAN-1,UP,1000.0,83.8049,84.32,0.0,18.76,2.3457,0.105,0,RECONNECTING,0.0,100.0,6,6,34,-62.6,18.708,5.332,0,1,0,32,0,57.0,0.0,0,0,,,,,,,,,,,,,,,,,,,,,0.0,0,,SYNTHETIC,0
doe-000,0,232,2026-09-03T09:03:52Z,2026-09-03T09:03:53Z,2026-09-03T09:03:52Z,2026-09-03T09:03:53Z,site_a,SIM,synthetic_demo,A-WAN-1,UP,1000.0,467.3183,468.32,0.0,17.39,1.4112,0.093,0,UP,4.0,0.0,48,48,172,-63.8,17.227,5.463,1,2,0,31,0,454.0,0.0,0,0,MAINS,MAINS,1,0,54.16,92.0,48.4356,48.7944,-4.0,3.72581,3.72581,3.75341,3.75341,0.0,23.2,1102.066,,59.164,,CHARGE,0.0,0,,SYNTHETIC,0
doe-000,0,232,2026-09-03T09:03:52Z,2026-09-03T09:03:53Z,2026-09-03T09:03:52Z,2026-09-03T09:03:53Z,site_b,SIM,synthetic_demo,B-WAN-1,UP,1000.0,98.2617,98.21,0.0,22.52,1.4368,0.114,0,UP,4.0,0.0,6,6,31,-60.7,20.484,5.594,0,0,0,32,0,63.0,0.0,0,0,,,,,,,,,,,,,,,,,,,,,0.0,0,,SYNTHETIC,0
doe-000,0,233,2026-09-03T09:03:53Z,2026-09-03T09:03:54Z,2026-09-03T09:03:53Z,2026-09-03T09:03:54Z,site_a,SIM,synthetic_demo,A-WAN-1,UP,1000.0,648.1678,648.14,0.0,18.58,2.5927,0.084,0,UP,4.0,0.0,48,48,207,-62.3,17.868,5.602,0,2,0,31,0,393.0,0.0,0,0,MAINS,MAINS,1,0,54.16,92.0,48.4358,48.7946,-4.0,3.72583,3.72583,3.75343,3.75343,0.0,23.0,1097.413,,59.418,,CHARGE,0.0,0,,SYNTHETIC,0
doe-000,0,233,2026-09-03T09:03:53Z,2026-09-03T09:03:54Z,2026-09-03T09:03:53Z,2026-09-03T09:03:54Z,site_b,SIM,synthetic_demo,B-WAN-1,UP,1000.0,86.1083,85.36,0.0,22.1,0.508,0.118,0,UP,4.0,0.0,6,6,47,-62.7,25.088,6.87,1,1,0,32,0,133.0,0.0,0,0,,,,,,,,,,,,,,,,,,,,,0.0,0,,SYNTHETIC,0
doe-000,0,234,2026-09-03T09:03:54Z,2026-09-03T09:03:55Z,2026-09-03T09:03:54Z,2026-09-03T09:03:55Z,site_a,SIM,synthetic_demo,A-WAN-1,UP,1000.0,494.5867,494.74,0.0,20.37,4.0041,0.092,0,UP,4.0,0.0,48,48,267,-60.6,20.251,5.896,1,2,0,31,0,459.0,0.0,0,0,MAINS,MAINS,1,0,54.11,92.0,48.436,48.7948,-4.0,3.72585,3.72585,3.75345,3.75345,0.0,23.1,1106.545,,58.93,,CHARGE,0.0,0,,SYNTHETIC,0
doe-000,0,234,2026-09-03T09:03:54Z,2026-09-03T09:03:55Z,2026-09-03T09:03:54Z,2026-09-03T09:03:55Z,site_b,SIM,synthetic_demo,B-WAN-1,UP,1000.0,103.1691,102.32,0.0,21.02,0.2489,0.09,0,UP,4.0,0.0,6,6,26,-60.8,17.493,5.389,0,0,0,32,0,78.0,0.0,0,0,,,,,,,,,,,,,,,,,,,,,0.0,0,,SYNTHETIC,0
doe-000,0,235,2026-09-03T09:03:55Z,2026-09-03T09:03:56Z,2026-09-03T09:03:55Z,2026-09-03T09:03:56Z,site_a,SIM,synthetic_demo,A-WAN-1,UP,1000.0,422.9474,422.55,0.0,18.51,2.3115,0.092,0,UP,4.0,0.0,48,48,238,-61.7,18.811,5.564,1,4,0,31,0,311.0,0.0,0,0,MAINS,MAINS,1,0,54.09,92.0,48.4362,48.795,-4.0,3.72586,3.72586,3.75346,3.75346,0.0,23.0,1081.263,,60.311,,CHARGE,0.0,0,,SYNTHETIC,0
doe-000,0,235,2026-09-03T09:03:55Z,2026-09-03T09:03:56Z,2026-09-03T09:03:55Z,2026-09-03T09:03:56Z,site_b,SIM,synthetic_demo,B-WAN-1,UP,1000.0,91.0028,90.36,0.0,21.68,0.6142,0.081,0,UP,4.0,0.0,6,6,30,-61.2,21.547,6.014,0,0,0,32,0,86.0,0.0,0,0,,,,,,,,,,,,,,,,,,,,,0.0,0,,SYNTHETIC,0
doe-000,0,236,2026-09-03T09:03:56Z,2026-09-03T09:03:57Z,2026-09-03T09:03:56Z,2026-09-03T09:03:57Z,site_a,SIM,synthetic_demo,A-WAN-1,UP,1000.0,524.7926,525.05,0.0,18.87,3.5362,0.098,0,UP,4.0,0.0,48,48,175,-61.3,17.599,5.021,0,0,0,31,0,252.0,0.0,0,0,MAINS,MAINS,1,0,54.11,92.0,48.4364,48.7952,-4.0,3.72588,3.72588,3.75348,3.75348,0.0,23.1,1087.717,,59.956,,CHARGE,0.0,0,,SYNTHETIC,0
doe-000,0,236,2026-09-03T09:03:56Z,2026-09-03T09:03:57Z,2026-09-03T09:03:56Z,2026-09-03T09:03:57Z,site_b,SIM,synthetic_demo,B-WAN-1,UP,1000.0,109.1842,109.53,0.0,21.06,0.502,0.093,0,UP,4.0,0.0,6,6,34,-61.6,19.886,5.735,0,0,0,32,0,57.0,0.0,0,0,,,,,,,,,,,,,,,,,,,,,0.0,0,,SYNTHETIC,0
doe-000,0,237,2026-09-03T09:03:57Z,2026-09-03T09:03:58Z,2026-09-03T09:03:57Z,2026-09-03T09:03:58Z,site_a,SIM,synthetic_demo,A-WAN-1,UP,1000.0,461.3619,461.6,0.0,16.23,0.3934,0.071,0,UP,4.0,0.0,48,48,248,-60.5,18.806,5.573,0,1,0,31,0,408.0,0.0,0,0,MAINS,MAINS,1,0,54.05,92.0,48.4366,48.7954,-4.0,3.72589,3.72589,3.75349,3.75349,0.0,23.2,1108.294,,58.845,,CHARGE,0.0,0,,SYNTHETIC,0
doe-000,0,237,2026-09-03T09:03:57Z,2026-09-03T09:03:58Z,2026-09-03T09:03:57Z,2026-09-03T09:03:58Z,site_b,SIM,synthetic_demo,B-WAN-1,UP,1000.0,113.7027,114.09,0.0,23.0,1.8627,0.133,0,UP,4.0,0.0,6,6,41,-63.3,21.999,7.466,0,0,0,32,0,54.0,0.0,0,0,,,,,,,,,,,,,,,,,,,,,0.0,0,,SYNTHETIC,0
doe-000,0,238,2026-09-03T09:03:58Z,2026-09-03T09:03:59Z,2026-09-03T09:03:58Z,2026-09-03T09:03:59Z,site_a,SIM,synthetic_demo,A-WAN-1,UP,1000.0,570.8199,571.64,0.0,15.86,0.4073,0.052,0,UP,4.0,0.0,48,48,170,-61.0,16.424,4.878,0,0,0,31,0,459.0,0.0,0,0,MAINS,MAINS,1,0,54.13,92.0,48.4368,48.7956,-4.0,3.72591,3.72591,3.75351,3.75351,0.0,23.1,1087.048,,59.998,,CHARGE,0.0,0,,SYNTHETIC,0
doe-000,0,238,2026-09-03T09:03:58Z,2026-09-03T09:03:59Z,2026-09-03T09:03:58Z,2026-09-03T09:03:59Z,site_b,SIM,synthetic_demo,B-WAN-1,UP,1000.0,71.6619,71.01,0.0,23.89,2.6129,0.103,0,UP,4.0,0.0,6,6,60,-60.8,26.497,7.747,0,0,0,32,0,42.0,0.0,0,0,,,,,,,,,,,,,,,,,,,,,0.0,0,,SYNTHETIC,0
doe-000,0,239,2026-09-03T09:03:59Z,2026-09-03T09:04:00Z,2026-09-03T09:03:59Z,2026-09-03T09:04:00Z,site_a,SIM,synthetic_demo,A-WAN-1,UP,1000.0,396.3645,396.89,0.0,17.39,1.2458,0.086,0,UP,4.0,0.0,48,48,163,-61.4,16.366,4.935,0,0,0,31,0,265.0,0.0,0,0,MAINS,MAINS,1,0,54.15,92.0,48.437,48.7958,-4.0,3.72593,3.72593,3.75353,3.75353,0.0,23.0,1091.685,,59.746,,CHARGE,0.0,0,,SYNTHETIC,0
doe-000,0,239,2026-09-03T09:03:59Z,2026-09-03T09:04:00Z,2026-09-03T09:03:59Z,2026-09-03T09:04:00Z,site_b,SIM,synthetic_demo,B-WAN-1,UP,1000.0,64.6109,63.45,0.0,22.76,1.8582,0.117,0,UP,4.0,0.0,6,6,57,-64.0,23.193,7.956,0,0,0,32,0,37.0,0.0,0,0,,,,,,,,,,,,,,,,,,,,,0.0,0,,SYNTHETIC,0
doe-000,0,240,2026-09-03T09:04:00Z,2026-09-03T09:04:01Z,2026-09-03T09:04:00Z,2026-09-03T09:04:01Z,site_a,SIM,synthetic_demo,A-WAN-1,UP,1000.0,415.7214,415.37,0.0,15.51,0.0165,0.127,0,UP,4.0,0.0,48,48,249,-61.3,18.842,5.863,1,1,0,31,0,456.0,0.0,0,0,MAINS,MAINS,1,0,54.1,92.0,48.4373,48.7961,-4.0,3.72594,3.72594,3.75354,3.75354,0.0,23.2,1071.608,,60.868,,CHARGE,0.0,0,,SYNTHETIC,0
doe-000,0,240,2026-09-03T09:04:00Z,2026-09-03T09:04:01Z,2026-09-03T09:04:00Z,2026-09-03T09:04:01Z,site_b,SIM,synthetic_demo,B-WAN-1,UP,1000.0,73.2181,73.93,0.0,22.05,1.2915,0.126,0,UP,4.0,0.0,6,6,47,-63.0,22.899,7.266,1,1,0,32,0,67.0,0.0,0,0,,,,,,,,,,,,,,,,,,,,,0.0,0,,SYNTHETIC,0
doe-000,0,241,2026-09-03T09:04:01Z,2026-09-03T09:04:02Z,2026-09-03T09:04:01Z,2026-09-03T09:04:02Z,site_a,SIM,synthetic_demo,A-WAN-1,UP,1000.0,452.2763,451.8,0.0,19.13,0.591,0.087,0,DEGRADED,6.75,0.125,48,48,126,-61.6,15.774,4.486,0,2,0,31,0,514.0,0.0,0,0,MAINS,MAINS,1,0,54.11,92.0,48.4375,48.7963,-4.0,3.72596,3.72596,3.75356,3.75356,0.0,23.1,1088.443,,59.929,,CHARGE,0.0,0,,SYNTHETIC,0
doe-000,0,241,2026-09-03T09:04:01Z,2026-09-03T09:04:02Z,2026-09-03T09:04:01Z,2026-09-03T09:04:02Z,site_b,SIM,synthetic_demo,B-WAN-1,UP,1000.0,77.2899,78.03,0.0,25.21,1.6814,0.117,0,DEGRADED,6.75,0.125,6,6,16,-62.0,16.858,4.358,0,0,0,32,0,73.0,0.0,0,0,,,,,,,,,,,,,,,,,,,,,0.0,0,,SYNTHETIC,0
doe-000,0,242,2026-09-03T09:04:02Z,2026-09-03T09:04:03Z,2026-09-03T09:04:02Z,2026-09-03T09:04:03Z,site_a,SIM,synthetic_demo,A-WAN-1,UP,1000.0,419.1086,419.56,0.0,21.69,0.0011,0.114,0,DEGRADED,9.5,0.25,48,48,257,-62.7,19.069,6.091,0,4,0,31,0,291.0,0.0,0,0,MAINS,MAINS,1,0,54.18,92.0,48.4377,48.7965,-4.0,3.72598,3.72598,3.75358,3.75358,0.0,23.2,1087.85,,59.965,,CHARGE,0.0,0,,SYNTHETIC,0
doe-000,0,242,2026-09-03T09:04:02Z,2026-09-03T09:04:03Z,2026-09-03T09:04:02Z,2026-09-03T09:04:03Z,site_b,SIM,synthetic_demo,B-WAN-1,UP,1000.0,84.702,84.85,0.0,26.74,0.3346,0.086,0,DEGRADED,9.5,0.25,6,6,29,-60.4,19.355,5.929,0,1,0,32,0,90.0,0.0,0,0,,,,,,,,,,,,,,,,,,,,,0.0,0,,SYNTHETIC,0
doe-000,0,243,2026-09-03T09:04:03Z,2026-09-03T09:04:04Z,2026-09-03T09:04:03Z,2026-09-03T09:04:04Z,site_a,SIM,synthetic_demo,A-WAN-1,UP,1000.0,436.6668,436.07,0.0,25.92,1.6174,0.081,0,DEGRADED,12.25,0.375,48,48,432,-61.8,24.849,7.833,3,2,0,31,0,354.0,0.0,0,0,MAINS,MAINS,1,0,54.09,92.0,48.4379,48.7967,-4.0,3.72599,3.72599,3.75359,3.75359,0.0,23.1,1092.169,,59.73,,CHARGE,0.0,0,,SYNTHETIC,0
doe-000,0,243,2026-09-03T09:04:03Z,2026-09-03T09:04:04Z,2026-09-03T09:04:03Z,2026-09-03T09:04:04Z,site_b,SIM,synthetic_demo,B-WAN-1,UP,1000.0,63.7281,65.19,0.0,32.05,2.7312,0.127,0,DEGRADED,12.25,0.375,6,6,72,-61.6,29.082,8.751,0,2,0,32,0,48.0,0.0,0,0,,,,,,,,,,,,,,,,,,,,,0.0,0,,SYNTHETIC,0
doe-000,0,244,2026-09-03T09:04:04Z,2026-09-03T09:04:05Z,2026-09-03T09:04:04Z,2026-09-03T09:04:05Z,site_a,SIM,synthetic_demo,A-WAN-1,UP,1000.0,394.6162,394.64,0.0,27.75,0.5606,0.047,0,DEGRADED,15.0,0.5,48,48,232,-62.1,19.346,5.412,2,1,0,31,0,171.0,0.0,0,0,MAINS,MAINS,1,0,54.19,92.0,48.4381,48.7969,-4.0,3.72601,3.72601,3.75361,3.75361,0.0,23.1,1094.849,,59.587,,CHARGE,0.0,0,,SYNTHETIC,0
doe-000,0,244,2026-09-03T09:04:04Z,2026-09-03T09:04:05Z,2026-09-03T09:04:04Z,2026-09-03T09:04:05Z,site_b,SIM,synthetic_demo,B-WAN-1,UP,1000.0,68.9522,68.94,0.0,32.34,0.3168,0.065,0,DEGRADED,15.0,0.5,6,6,33,-63.1,18.23,5.863,0,0,0,32,0,91.0,0.0,0,0,,,,,,,,,,,,,,,,,,,,,0.0,0,,SYNTHETIC,0
doe-000,0,245,2026-09-03T09:04:05Z,2026-09-03T09:04:06Z,2026-09-03T09:04:05Z,2026-09-03T09:04:06Z,site_a,SIM,synthetic_demo,A-WAN-1,UP,1000.0,451.9511,452.79,0.0,31.07,0.3771,0.081,0,DEGRADED,17.75,0.625,48,48,133,-61.8,15.857,4.669,1,4,0,31,0,311.0,0.0,0,0,MAINS,MAINS,1,0,54.13,92.0,48.4383,48.7971,-4.0,3.72602,3.72602,3.75362,3.75362,0.0,23.1,1087.367,,60.0,,CHARGE,0.0,0,,SYNTHETIC,0
doe-000,0,245,2026-09-03T09:04:05Z,2026-09-03T09:04:06Z,2026-09-03T09:04:05Z,2026-09-03T09:04:06Z,site_b,SIM,synthetic_demo,B-WAN-1,UP,1000.0,75.4342,75.63,0.0,35.5,0.8976,0.079,0,DEGRADED,17.75,0.625,6,6,71,-62.0,27.696,8.343,0,0,0,32,0,59.0,0.0,0,0,,,,,,,,,,,,,,,,,,,,,0.0,0,,SYNTHETIC,0
doe-000,0,246,2026-09-03T09:04:06Z,2026-09-03T09:04:07Z,2026-09-03T09:04:06Z,2026-09-03T09:04:07Z,site_a,SIM,synthetic_demo,A-WAN-1,UP,1000.0,481.8391,482.34,0.0,32.23,0.1263,0.118,0,DEGRADED,20.5,0.75,48,48,316,-62.6,21.248,6.169,0,0,0,31,0,303.0,0.0,0,0,MAINS,MAINS,1,0,54.16,92.0,48.4385,48.7973,-4.0,3.72604,3.72604,3.75364,3.75364,0.0,23.1,1081.45,,60.331,,CHARGE,0.0,0,,SYNTHETIC,0
doe-000,0,246,2026-09-03T09:04:06Z,2026-09-03T09:04:07Z,2026-09-03T09:04:06Z,2026-09-03T09:04:07Z,site_b,SIM,synthetic_demo,B-WAN-1,UP,1000.0,70.6576,70.25,0.0,39.0,1.8136,0.126,0,DEGRADED,20.5,0.75,6,6,60,-62.1,25.463,8.283,1,0,0,32,0,58.0,0.0,0,0,,,,,,,,,,,,,,,,,,,,,0.0,0,,SYNTHETIC,0
doe-000,0,247,2026-09-03T09:04:07Z,2026-09-03T09:04:08Z,2026-09-03T09:04:07Z,2026-09-03T09:04:08Z,site_a,SIM,synthetic_demo,A-WAN-1,UP,1000.0,460.5589,459.95,0.0,37.02,2.0155,0.091,0,DEGRADED,23.25,0.875,48,48,130,-62.3,15.793,4.78,1,2,0,31,0,329.0,0.0,0,0,MAINS,MAINS,1,0,54.07,92.0,48.4387,48.7975,-4.0,3.72606,3.72606,3.75366,3.75366,0.0,23.1,1091.298,,59.789,,CHARGE,0.0,0,,SYNTHETIC,0
doe-000,0,247,2026-09-03T09:04:07Z,2026-09-03T09:04:08Z,2026-09-03T09:04:07Z,2026-09-03T09:04:08Z,site_b,SIM,synthetic_demo,B-WAN-1,UP,1000.0,70.1397,69.86,0.0,43.59,3.3831,0.093,0,DEGRADED,23.25,0.875,6,6,57,-60.0,23.433,7.483,0,1,0,32,0,85.0,0.0,0,0,,,,,,,,,,,,,,,,,,,,,0.0,0,,SYNTHETIC,0
doe-000,0,248,2026-09-03T09:04:08Z,2026-09-03T09:04:09Z,2026-09-03T09:04:08Z,2026-09-03T09:04:09Z,site_a,SIM,synthetic_demo,A-WAN-1,UP,1000.0,535.8537,535.18,0.0,41.07,2.8606,0.088,0,DEGRADED,26.0,1.0,48,48,252,-60.6,19.197,5.552,0,6,0,31,0,543.0,0.0,0,0,MAINS,MAINS,1,0,54.14,92.0,48.4389,48.7977,-4.0,3.72607,3.72607,3.75367,3.75367,0.0,23.1,1089.951,,59.865,,CHARGE,0.0,0,,SYNTHETIC,0
doe-000,0,248,2026-09-03T09:04:08Z,2026-09-03T09:04:09Z,2026-09-03T09:04:08Z,2026-09-03T09:04:09Z,site_b,SIM,synthetic_demo,B-WAN-1,UP,1000.0,70.4037,69.86,0.0,44.9,1.6182,0.11,0,DEGRADED,26.0,1.0,6,6,55,-61.0,25.553,6.733,0,0,0,32,0,50.0,0.0,0,0,,,,,,,,,,,,,,,,,,,,,0.0,0,,SYNTHETIC,0
doe-000,0,249,2026-09-03T09:04:09Z,2026-09-03T09:04:10Z,2026-09-03T09:04:09Z,2026-09-03T09:04:10Z,site_a,SIM,synthetic_demo,A-WAN-1,UP,1000.0,429.9004,431.22,0.0,39.87,0.2805,0.094,0,DEGRADED,28.75,1.125,48,48,209,-60.9,18.129,5.238,1,3,0,31,0,299.0,0.0,0,0,MAINS,MAINS,1,0,54.16,92.0,48.4391,48.7979,-4.0,3.72609,3.72609,3.75369,3.75369,0.0,23.1,1081.409,,60.341,,CHARGE,0.0,0,,SYNTHETIC,0
doe-000,0,249,2026-09-03T09:04:09Z,2026-09-03T09:04:10Z,2026-09-03T09:04:09Z,2026-09-03T09:04:10Z,site_b,SIM,synthetic_demo,B-WAN-1,UP,1000.0,80.7314,79.64,0.0,47.24,0.6706,0.078,0,DEGRADED,28.75,1.125,6,6,45,-60.0,22.167,6.902,1,1,0,32,0,40.0,0.0,0,0,,,,,,,,,,,,,,,,,,,,,0.0,0,,SYNTHETIC,0
doe-000,0,250,2026-09-03T09:04:10Z,2026-09-03T09:04:11Z,2026-09-03T09:04:10Z,2026-09-03T09:04:11Z,site_a,SIM,synthetic_demo,A-WAN-1,UP,1000.0,468.5688,467.7,0.0,44.3,0.9506,0.029,0,DEGRADED,31.5,1.25,48,48,249,-61.5,19.567,5.824,2,1,0,31,0,371.0,0.0,0,0,MAINS,MAINS,1,0,54.14,92.0,48.4394,48.7982,-4.0,3.7261,3.7261,3.7537,3.7537,0.0,23.1,1098.874,,59.385,,CHARGE,0.0,0,,SYNTHETIC,0
doe-000,0,250,2026-09-03T09:04:10Z,2026-09-03T09:04:11Z,2026-09-03T09:04:10Z,2026-09-03T09:04:11Z,site_b,SIM,synthetic_demo,B-WAN-1,UP,1000.0,65.4024,66.01,0.0,49.61,0.1113,0.136,0,DEGRADED,31.5,1.25,6,6,59,-60.9,25.137,7.878,0,0,0,32,0,45.0,0.0,0,0,,,,,,,,,,,,,,,,,,,,,0.0,0,,SYNTHETIC,0
doe-000,0,251,2026-09-03T09:04:11Z,2026-09-03T09:04:12Z,2026-09-03T09:04:11Z,2026-09-03T09:04:12Z,site_a,SIM,synthetic_demo,A-WAN-1,UP,1000.0,430.5073,430.81,0.0,46.65,0.4079,0.077,0,DEGRADED,34.25,1.375,48,48,345,-61.2,21.536,6.484,0,2,0,31,0,493.0,0.0,0,0,MAINS,MAINS,1,0,54.14,92.0,48.4396,48.7984,-4.0,3.72612,3.72612,3.75372,3.75372,0.0,23.1,1096.06,,59.54,,CHARGE,0.0,0,,SYNTHETIC,0
doe-000,0,251,2026-09-03T09:04:11Z,2026-09-03T09:04:12Z,2026-09-03T09:04:11Z,2026-09-03T09:04:12Z,site_b,SIM,synthetic_demo,B-WAN-1,UP,1000.0,101.0868,100.85,0.0,51.47,0.1763,0.083,0,DEGRADED,34.25,1.375,6,6,56,-63.5,24.019,7.25,0,1,0,32,0,62.0,0.0,0,0,,,,,,,,,,,,,,,,,,,,,0.0,0,,SYNTHETIC,0
doe-000,0,252,2026-09-03T09:04:12Z,2026-09-03T09:04:13Z,2026-09-03T09:04:12Z,2026-09-03T09:04:13Z,site_a,SIM,synthetic_demo,A-WAN-1,UP,1000.0,457.9413,457.61,0.0,49.29,0.3857,0.106,0,DEGRADED,37.0,1.5,48,48,167,-62.6,16.554,5.05,0,2,0,31,0,552.0,0.0,0,0,MAINS,MAINS,1,0,54.18,92.0,48.4398,48.7986,-4.0,3.72614,3.72614,3.75374,3.75374,0.0,23.2,1089.161,,59.92,,CHARGE,0.0,0,,SYNTHETIC,0
doe-000,0,252,2026-09-03T09:04:12Z,2026-09-03T09:04:13Z,2026-09-03T09:04:12Z,2026-09-03T09:04:13Z,site_b,SIM,synthetic_demo,B-WAN-1,UP,1000.0,59.8353,60.42,0.0,55.03,1.4459,0.059,0,DEGRADED,37.0,1.5,6,6,31,-62.7,19.208,6.003,0,0,0,32,0,51.0,0.0,0,0,,,,,,,,,,,,,,,,,,,,,0.0,0,,SYNTHETIC,0
doe-000,0,253,2026-09-03T09:04:13Z,2026-09-03T09:04:14Z,2026-09-03T09:04:13Z,2026-09-03T09:04:14Z,site_a,SIM,synthetic_demo,A-WAN-1,UP,1000.0,453.5862,454.31,0.0,52.15,0.7915,0.108,0,DEGRADED,39.75,1.625,48,48,146,-62.3,16.62,5.041,2,2,0,31,0,471.0,0.0,0,0,MAINS,MAINS,1,0,54.16,92.0,48.44,48.7988,-4.0,3.72615,3.72615,3.75375,3.75375,0.0,23.2,1099.293,,59.37,,CHARGE,0.0,0,,SYNTHETIC,0
doe-000,0,253,2026-09-03T09:04:13Z,2026-09-03T09:04:14Z,2026-09-03T09:04:13Z,2026-09-03T09:04:14Z,site_b,SIM,synthetic_demo,B-WAN-1,UP,1000.0,54.765,53.33,0.0,57.59,0.664,0.093,0,DEGRADED,39.75,1.625,6,6,68,-60.6,28.772,7.931,1,0,0,32,0,58.0,0.0,0,0,,,,,,,,,,,,,,,,,,,,,0.0,0,,SYNTHETIC,0
doe-000,0,254,2026-09-03T09:04:14Z,2026-09-03T09:04:15Z,2026-09-03T09:04:14Z,2026-09-03T09:04:15Z,site_a,SIM,synthetic_demo,A-WAN-1,UP,1000.0,538.1149,538.44,0.0,58.71,4.4817,0.067,0,DEGRADED,42.5,1.75,48,48,329,-61.9,22.386,6.298,0,5,0,31,0,729.0,0.0,0,0,MAINS,MAINS,1,0,54.16,92.0,48.4402,48.799,-4.0,3.72617,3.72617,3.75377,3.75377,0.0,23.3,1092.992,,59.715,,CHARGE,0.0,0,,SYNTHETIC,0
doe-000,0,254,2026-09-03T09:04:14Z,2026-09-03T09:04:15Z,2026-09-03T09:04:14Z,2026-09-03T09:04:15Z,site_b,SIM,synthetic_demo,B-WAN-1,UP,1000.0,82.8464,83.24,0.0,61.06,1.5249,0.083,0,DEGRADED,42.5,1.75,6,6,49,-61.4,23.563,6.856,0,0,0,32,0,56.0,0.0,0,0,,,,,,,,,,,,,,,,,,,,,0.0,0,,SYNTHETIC,0
doe-000,0,255,2026-09-03T09:04:15Z,2026-09-03T09:04:16Z,2026-09-03T09:04:15Z,2026-09-03T09:04:16Z,site_a,SIM,synthetic_demo,A-WAN-1,UP,1000.0,468.5761,468.08,0.0,58.69,1.0626,0.1,0,DEGRADED,45.25,1.875,48,48,115,-61.7,16.02,4.268,0,2,0,31,0,649.0,0.0,0,0,MAINS,MAINS,1,0,54.12,92.0,48.4404,48.7992,-4.0,3.72618,3.72618,3.75378,3.75378,0.0,23.1,1096.461,,59.529,,CHARGE,0.0,0,,SYNTHETIC,0
doe-000,0,255,2026-09-03T09:04:15Z,2026-09-03T09:04:16Z,2026-09-03T09:04:15Z,2026-09-03T09:04:16Z,site_b,SIM,synthetic_demo,B-WAN-1,UP,1000.0,62.7822,62.13,0.0,64.85,2.4639,0.12,0,DEGRADED,45.25,1.875,6,6,42,-62.2,20.845,5.869,0,0,0,32,0,65.0,0.0,0,0,,,,,,,,,,,,,,,,,,,,,0.0,0,,SYNTHETIC,0
doe-000,0,256,2026-09-03T09:04:16Z,2026-09-03T09:04:17Z,2026-09-03T09:04:16Z,2026-09-03T09:04:17Z,site_a,SIM,synthetic_demo,A-WAN-1,UP,1000.0,397.0994,395.74,0.0,61.58,1.5755,0.074,0,DEGRADED,48.0,2.0,48,48,197,-61.7,17.312,5.299,2,1,0,31,0,328.0,0.0,0,0,MAINS,MAINS,1,0,54.17,92.0,48.4406,48.7994,-4.0,3.7262,3.7262,3.7538,3.7538,0.0,23.1,1098.638,,59.414,,CHARGE,0.0,0,,SYNTHETIC,0
doe-000,0,256,2026-09-03T09:04:16Z,2026-09-03T09:04:17Z,2026-09-03T09:04:16Z,2026-09-03T09:04:17Z,site_b,SIM,synthetic_demo,B-WAN-1,UP,1000.0,66.5518,65.54,0.0,64.7,0.0913,0.081,0,DEGRADED,48.0,2.0,6,6,23,-63.6,17.148,5.153,2,0,0,32,0,77.0,0.0,0,0,,,,,,,,,,,,,,,,,,,,,0.0,0,,SYNTHETIC,0
doe-000,0,257,2026-09-03T09:04:17Z,2026-09-03T09:04:18Z,2026-09-03T09:04:17Z,2026-09-03T09:04:18Z,site_a,SIM,synthetic_demo,A-WAN-1,UP,1000.0,484.822,485.9,0.0,63.66,0.8991,0.084,0,DEGRADED,50.75,2.125,48,48,291,-62.0,20.075,6.285,0,2,0,31,0,438.0,0.0,0,0,MAINS,MAINS,1,0,54.16,92.0,48.4408,48.7996,-4.0,3.72622,3.72622,3.75382,3.75382,0.0,23.1,1096.887,,59.511,,CHARGE,0.0,0,,SYNTHETIC,0
doe-000,0,257,2026-09-03T09:04:17Z,2026-09-03T09:04:18Z,2026-09-03T09:04:17Z,2026-09-03T09:04:18Z,site_b,SIM,synthetic_demo,B-WAN-1,UP,1000.0,67.2129,67.71,0.0,68.23,0.8013,0.111,0,DEGRADED,50.75,2.125,6,6,54,-61.4,23.131,7.166,0,1,0,32,0,44.0,0.0,0,0,,,,,,,,,,,,,,,,,,,,,0.0,0,,SYNTHETIC,0
doe-000,0,258,2026-09-03T09:04:18Z,2026-09-03T09:04:19Z,2026-09-03T09:04:18Z,2026-09-03T09:04:19Z,site_a,SIM,synthetic_demo,A-WAN-1,UP,1000.0,447.5438,447.87,0.0,65.82,0.8428,0.079,0,DEGRADED,53.5,2.25,48,48,195,-63.2,18.216,5.151,1,2,0,31,0,299.0,0.0,0,0,MAINS,MAINS,1,0,54.18,92.0,48.441,48.7998,-4.0,3.72623,3.72623,3.75383,3.75383,0.0,23.1,1088.16,,59.991,,CHARGE,0.0,0,,SYNTHETIC,0
doe-000,0,258,2026-09-03T09:04:18Z,2026-09-03T09:04:19Z,2026-09-03T09:04:18Z,2026-09-03T09:04:19Z,site_b,SIM,synthetic_demo,B-WAN-1,UP,1000.0,78.8369,78.61,0.0,72.09,1.1234,0.09,0,DEGRADED,53.5,2.25,6,6,69,-62.1,29.739,8.461,0,1,0,32,0,55.0,0.0,0,0,,,,,,,,,,,,,,,,,,,,,0.0,0,,SYNTHETIC,0
doe-000,0,259,2026-09-03T09:04:19Z,2026-09-03T09:04:20Z,2026-09-03T09:04:19Z,2026-09-03T09:04:20Z,site_a,SIM,synthetic_demo,A-WAN-1,UP,1000.0,432.2902,432.95,0.0,68.65,0.9544,0.087,0,DEGRADED,56.25,2.375,48,48,234,-62.7,18.933,5.623,1,4,0,31,0,558.0,0.0,0,0,MAINS,MAINS,1,0,54.08,92.0,48.4412,48.8,-4.0,3.72625,3.72625,3.75385,3.75385,0.0,23.2,1079.178,,60.493,,CHARGE,0.0,0,,SYNTHETIC,0
doe-000,0,259,2026-09-03T09:04:19Z,2026-09-03T09:04:20Z,2026-09-03T09:04:19Z,2026-09-03T09:04:20Z,site_b,SIM,synthetic_demo,B-WAN-1,UP,1000.0,86.4001,86.01,0.0,73.43,0.5784,0.129,0,DEGRADED,56.25,2.375,6,6,30,-61.3,18.291,4.531,0,0,0,32,0,83.0,0.0,0,0,,,,,,,,,,,,,,,,,,,,,0.0,0,,SYNTHETIC,0
doe-000,0,260,2026-09-03T09:04:20Z,2026-09-03T09:04:21Z,2026-09-03T09:04:20Z,2026-09-03T09:04:21Z,site_a,SIM,synthetic_demo,A-WAN-1,UP,1000.0,380.1804,379.84,0.0,70.78,0.1923,0.077,0,DEGRADED,59.0,2.5,48,48,188,-61.3,17.514,5.199,1,1,0,31,0,313.0,0.0,0,0,MAINS,MAINS,1,0,54.2,92.0,48.4415,48.8003,-4.0,3.72627,3.72627,3.75387,3.75387,0.0,23.1,1101.165,,59.288,,CHARGE,0.0,0,,SYNTHETIC,0
doe-000,0,260,2026-09-03T09:04:20Z,2026-09-03T09:04:21Z,2026-09-03T09:04:20Z,2026-09-03T09:04:21Z,site_b,SIM,synthetic_demo,B-WAN-1,UP,1000.0,68.5323,67.97,0.0,76.84,0.645,0.087,0,DEGRADED,59.0,2.5,6,6,17,-61.7,14.77,4.828,0,0,0,32,0,39.0,0.0,0,0,,,,,,,,,,,,,,,,,,,,,0.0,0,,SYNTHETIC,0
doe-000,0,260,2026-09-03T09:04:20Z,2026-09-03T09:04:21Z,2026-09-03T09:04:20Z,2026-09-03T09:04:21Z,site_b,SIM,synthetic_demo,B-WAN-1,UP,1000.0,68.5323,67.97,0.0,76.84,0.645,0.087,0,DEGRADED,59.0,2.5,6,6,17,-61.7,14.77,4.828,0,0,0,32,0,39.0,0.0,0,0,,,,,,,,,,,,,,,,,,,,,0.0,0,,SYNTHETIC|DUPLICATE,0
doe-000,0,261,2026-09-03T09:04:21Z,2026-09-03T09:04:22Z,2026-09-03T09:04:21Z,2026-09-03T09:04:22Z,site_a,SIM,synthetic_demo,A-WAN-1,UP,1000.0,460.8523,460.34,0.0,72.74,2.1847,0.071,0,DEGRADED,59.0,2.5,48,48,155,-62.5,16.081,4.647,0,2,0,31,0,382.0,0.0,0,0,MAINS,MAINS,1,0,54.05,92.0,48.4417,48.8005,-4.0,3.72628,3.72628,3.75388,3.75388,0.0,23.2,1080.701,,60.413,,CHARGE,0.0,0,,SYNTHETIC,0
doe-000,0,261,2026-09-03T09:04:21Z,2026-09-03T09:04:22Z,2026-09-03T09:04:21Z,2026-09-03T09:04:22Z,site_b,SIM,synthetic_demo,B-WAN-1,UP,1000.0,84.9165,84.98,0.0,78.67,2.933,0.114,0,DEGRADED,59.0,2.5,6,6,33,-63.1,20.949,6.56,0,0,0,32,0,96.0,0.0,0,0,,,,,,,,,,,,,,,,,,,,,0.0,0,,SYNTHETIC,0
doe-000,0,262,2026-09-03T09:04:22Z,2026-09-03T09:04:23Z,2026-09-03T09:04:22Z,2026-09-03T09:04:23Z,site_a,SIM,synthetic_demo,A-WAN-1,UP,1000.0,423.4136,422.53,0.0,74.49,3.3379,0.088,0,DEGRADED,59.0,2.5,48,48,167,-62.3,16.593,4.999,1,0,0,31,0,528.0,0.0,0,0,MAINS,MAINS,1,0,54.08,92.0,48.4419,48.8007,-4.0,3.7263,3.7263,3.7539,3.7539,0.0,23.0,1096.142,,59.565,,CHARGE,0.0,0,,SYNTHETIC,0
doe-000,0,262,2026-09-03T09:04:22Z,2026-09-03T09:04:23Z,2026-09-03T09:04:22Z,2026-09-03T09:04:23Z,site_b,SIM,synthetic_demo,B-WAN-1,UP,1000.0,67.8265,68.09,0.0,77.79,2.1453,0.104,0,DEGRADED,59.0,2.5,6,6,52,-62.8,23.096,7.616,0,1,0,32,0,37.0,0.0,0,0,,,,,,,,,,,,,,,,,,,,,0.0,0,,SYNTHETIC,0
doe-000,0,263,2026-09-03T09:04:23Z,2026-09-03T09:04:24Z,2026-09-03T09:04:23Z,2026-09-03T09:04:24Z,site_a,SIM,synthetic_demo,A-WAN-1,UP,1000.0,425.1222,425.0,0.0,71.96,0.1802,0.074,0,DEGRADED,59.0,2.5,48,48,86,-62.6,14.475,4.535,3,3,0,31,0,222.0,0.0,0,0,MAINS,MAINS,1,0,54.12,92.0,48.4421,48.8009,-4.0,3.72631,3.72631,3.75391,3.75391,0.0,23.1,1098.765,,59.426,,CHARGE,0.0,0,,SYNTHETIC,0
doe-000,0,263,2026-09-03T09:04:23Z,2026-09-03T09:04:24Z,2026-09-03T09:04:23Z,2026-09-03T09:04:24Z,site_b,SIM,synthetic_demo,B-WAN-1,UP,1000.0,77.9027,78.77,0.0,77.31,0.962,0.071,0,DEGRADED,59.0,2.5,6,6,46,-62.1,20.689,6.829,0,0,0,32,0,64.0,0.0,0,0,,,,,,,,,,,,,,,,,,,,,0.0,0,,SYNTHETIC,0
doe-000,0,264,2026-09-03T09:04:24Z,2026-09-03T09:04:25Z,2026-09-03T09:04:24Z,2026-09-03T09:04:25Z,site_a,SIM,synthetic_demo,A-WAN-1,UP,1000.0,376.8325,377.31,0.0,71.81,1.2068,0.102,0,DEGRADED,59.0,2.5,48,48,327,-62.2,21.925,6.48,0,5,0,31,0,287.0,0.0,0,0,MAINS,MAINS,1,0,54.18,92.0,48.4423,48.8011,-4.0,3.72633,3.72633,3.75393,3.75393,0.0,23.1,1072.219,,60.9,,CHARGE,0.0,0,,SYNTHETIC,0
doe-000,0,264,2026-09-03T09:04:24Z,2026-09-03T09:04:25Z,2026-09-03T09:04:24Z,2026-09-03T09:04:25Z,site_b,SIM,synthetic_demo,B-WAN-1,UP,1000.0,73.7922,73.94,0.0,77.13,1.5658,0.114,0,DEGRADED,59.0,2.5,6,6,34,-64.8,19.543,7.008,0,1,0,32,0,39.0,0.0,0,0,,,,,,,,,,,,,,,,,,,,,0.0,0,,SYNTHETIC,0
doe-000,0,265,2026-09-03T09:04:25Z,2026-09-03T09:04:26Z,2026-09-03T09:04:25Z,2026-09-03T09:04:26Z,site_a,SIM,synthetic_demo,A-WAN-1,UP,1000.0,502.6793,502.31,0.0,72.48,0.9566,0.059,0,DEGRADED,59.0,2.5,48,48,184,-61.6,16.265,4.882,0,3,0,31,0,397.0,0.0,0,0,MAINS,MAINS,1,0,54.23,92.0,48.4425,48.8013,-4.0,3.72635,3.72635,3.75395,3.75395,0.0,23.0,1095.074,,59.631,,CHARGE,0.0,0,,SYNTHETIC,0
doe-000,0,265,2026-09-03T09:04:25Z,2026-09-03T09:04:26Z,2026-09-03T09:04:25Z,2026-09-03T09:04:26Z,site_b,SIM,synthetic_demo,B-WAN-1,UP,1000.0,188.3981,189.36,0.0,76.4,0.2667,0.064,0,DEGRADED,59.0,2.5,6,6,15,-63.5,15.51,4.749,0,1,0,32,0,64.0,0.0,0,0,,,,,,,,,,,,,,,,,,,,,0.0,0,,SYNTHETIC,0
doe-000,0,266,2026-09-03T09:04:26Z,2026-09-03T09:04:27Z,2026-09-03T09:04:26Z,2026-09-03T09:04:27Z,site_a,SIM,synthetic_demo,A-WAN-1,UP,1000.0,462.5391,462.74,0.0,,0.7345,0.092,0,DEGRADED,59.0,2.5,48,48,292,-62.3,20.989,5.935,0,0,0,31,0,491.0,0.0,0,0,MAINS,MAINS,1,0,54.15,92.0,48.4427,48.8015,-4.0,3.72636,3.72636,3.75396,3.75396,0.0,23.1,1086.714,,60.093,,CHARGE,0.0,0,,SYNTHETIC|GAP|MISSING_MAR,0
doe-000,0,266,2026-09-03T09:04:26Z,2026-09-03T09:04:27Z,2026-09-03T09:04:26Z,2026-09-03T09:04:27Z,site_b,SIM,synthetic_demo,B-WAN-1,UP,1000.0,70.0776,68.15,0.0,77.24,0.9989,0.071,0,DEGRADED,59.0,2.5,6,6,28,-61.9,19.102,5.679,0,0,0,32,0,57.0,0.0,0,0,,,,,,,,,,,,,,,,,,,,,0.0,0,,SYNTHETIC,0
doe-000,0,267,2026-09-03T09:04:27Z,2026-09-03T09:04:28Z,2026-09-03T09:04:27Z,2026-09-03T09:04:28Z,site_a,SIM,synthetic_demo,A-WAN-1,UP,1000.0,450.1727,450.39,0.0,70.88,0.1581,0.084,0,DEGRADED,59.0,2.5,48,48,251,-61.5,19.233,5.705,3,5,0,31,0,326.0,0.0,0,0,MAINS,MAINS,1,0,54.22,92.0,48.4429,48.8017,-4.0,3.72638,3.72638,3.75398,3.75398,0.0,23.2,1100.162,,59.361,,CHARGE,0.0,0,,SYNTHETIC,0
doe-000,0,267,2026-09-03T09:04:27Z,2026-09-03T09:04:28Z,2026-09-03T09:04:27Z,2026-09-03T09:04:28Z,site_b,SIM,synthetic_demo,B-WAN-1,UP,1000.0,68.1357,68.34,0.0,76.16,0.1046,0.104,0,DEGRADED,59.0,2.5,6,6,33,-62.1,20.534,5.861,0,0,0,32,0,54.0,0.0,0,0,,,,,,,,,,,,,,,,,,,,,0.0,0,,SYNTHETIC,0
doe-000,0,268,2026-09-03T09:04:28Z,2026-09-03T09:04:29Z,2026-09-03T09:04:28Z,2026-09-03T09:04:29Z,site_a,SIM,synthetic_demo,A-WAN-1,UP,1000.0,423.9327,423.52,0.0,71.96,1.2114,0.086,0,DEGRADED,59.0,2.5,48,48,60,-62.6,12.973,3.977,3,5,0,31,0,367.0,0.0,0,0,MAINS,MAINS,1,0,54.13,92.0,48.4431,48.8019,-4.0,3.72639,3.72639,3.75399,3.75399,0.0,23.2,1076.08,,60.692,,CHARGE,0.0,0,,SYNTHETIC,0
doe-000,0,268,2026-09-03T09:04:28Z,2026-09-03T09:04:29Z,2026-09-03T09:04:28Z,2026-09-03T09:04:29Z,site_b,SIM,synthetic_demo,B-WAN-1,UP,1000.0,75.1748,74.42,0.0,78.09,1.6743,0.071,0,DEGRADED,59.0,2.5,6,6,35,-62.1,19.924,5.45,0,1,0,32,0,66.0,0.0,0,0,,,,,,,,,,,,,,,,,,,,,0.0,0,,SYNTHETIC,0
doe-000,0,269,2026-09-03T09:04:29Z,2026-09-03T09:04:30Z,2026-09-03T09:04:29Z,2026-09-03T09:04:30Z,site_a,SIM,synthetic_demo,A-WAN-1,UP,1000.0,421.8324,420.75,0.0,73.5,2.6225,0.083,0,DEGRADED,59.0,2.5,48,48,383,-61.2,23.021,6.892,1,3,0,31,0,306.0,0.0,0,0,MAINS,MAINS,1,0,54.14,92.0,48.4433,48.8021,-4.0,3.72641,3.72641,3.75401,3.75401,0.0,23.2,1097.583,,59.506,,CHARGE,0.0,0,,SYNTHETIC,0
doe-000,0,269,2026-09-03T09:04:29Z,2026-09-03T09:04:30Z,2026-09-03T09:04:29Z,2026-09-03T09:04:30Z,site_b,SIM,synthetic_demo,B-WAN-1,UP,1000.0,71.0472,70.81,0.0,76.61,0.1005,0.12,0,DEGRADED,59.0,2.5,6,6,54,-60.7,24.804,6.997,0,0,0,32,0,72.0,0.0,0,0,,,,,,,,,,,,,,,,,,,,,0.0,0,,SYNTHETIC,0
doe-000,0,270,2026-09-03T09:04:30Z,2026-09-03T09:04:31Z,2026-09-03T09:04:30Z,2026-09-03T09:04:31Z,site_a,SIM,synthetic_demo,A-WAN-1,UP,1000.0,375.0796,375.83,0.0,73.25,2.7291,0.06,0,DEGRADED,59.0,2.5,48,48,169,-62.6,16.938,5.055,0,0,0,31,0,249.0,0.0,0,0,MAINS,MAINS,1,0,54.25,92.0,48.4435,48.8023,-4.0,3.72643,3.72643,3.75403,3.75403,0.0,23.1,1087.496,,60.06,,CHARGE,0.0,0,,SYNTHETIC,0
doe-000,0,270,2026-09-03T09:04:30Z,2026-09-03T09:04:31Z,2026-09-03T09:04:30Z,2026-09-03T09:04:31Z,site_b,SIM,synthetic_demo,B-WAN-1,UP,1000.0,73.4889,73.81,0.0,79.24,3.4322,0.104,0,DEGRADED,59.0,2.5,6,6,41,-63.2,20.53,7.463,0,1,0,32,0,47.0,0.0,0,0,,,,,,,,,,,,,,,,,,,,,0.0,0,,SYNTHETIC,0
doe-000,0,271,2026-09-03T09:04:31Z,2026-09-03T09:04:32Z,2026-09-03T09:04:31Z,2026-09-03T09:04:32Z,site_a,SIM,synthetic_demo,A-WAN-1,UP,1000.0,429.733,430.18,0.0,73.23,2.3882,0.086,0,DEGRADED,59.0,2.5,48,48,257,-60.6,19.869,5.845,1,2,0,31,0,283.0,0.0,0,0,MAINS,MAINS,1,0,54.23,92.0,48.4438,48.8026,-4.0,3.72644,3.72644,3.75404,3.75404,0.0,23.3,1089.497,,59.953,,CHARGE,0.0,0,,SYNTHETIC,0
doe-000,0,271,2026-09-03T09:04:31Z,2026-09-03T09:04:32Z,2026-09-03T09:04:31Z,2026-09-03T09:04:32Z,site_b,SIM,synthetic_demo,B-WAN-1,UP,1000.0,70.3793,71.13,0.0,77.12,1.1545,0.09,0,DEGRADED,59.0,2.5,6,6,63,-63.4,26.205,8.164,0,1,0,32,0,54.0,0.0,0,0,,,,,,,,,,,,,,,,,,,,,0.0,0,,SYNTHETIC,0
doe-000,0,272,2026-09-03T09:04:32Z,2026-09-03T09:04:33Z,2026-09-03T09:04:32Z,2026-09-03T09:04:33Z,site_a,SIM,synthetic_demo,A-WAN-1,UP,1000.0,419.1749,419.28,0.0,72.59,0.7419,0.074,0,DEGRADED,59.0,2.5,48,48,326,-62.1,22.054,6.37,0,3,0,31,0,436.0,0.0,0,0,MAINS,MAINS,1,0,54.19,92.0,48.444,48.8028,-4.0,3.72646,3.72646,3.75406,3.75406,0.0,23.1,1091.637,,59.838,,CHARGE,0.0,0,,SYNTHETIC,0
doe-000,0,272,2026-09-03T09:04:32Z,2026-09-03T09:04:33Z,2026-09-03T09:04:32Z,2026-09-03T09:04:33Z,site_b,SIM,synthetic_demo,B-WAN-1,UP,1000.0,95.7697,95.29,0.0,78.22,2.3654,0.108,0,DEGRADED,59.0,2.5,6,6,33,-59.9,20.513,5.028,0,2,0,32,0,83.0,0.0,0,0,,,,,,,,,,,,,,,,,,,,,0.0,0,,SYNTHETIC,0
doe-000,0,273,2026-09-03T09:04:33Z,2026-09-03T09:04:34Z,2026-09-03T09:04:33Z,2026-09-03T09:04:34Z,site_a,SIM,synthetic_demo,A-WAN-1,UP,1000.0,385.9054,387.34,0.0,71.33,0.3293,0.08,0,DEGRADED,59.0,2.5,48,48,266,-61.6,20.459,5.656,1,5,0,31,0,271.0,0.0,0,0,MAINS,MAINS,1,0,54.28,92.0,48.4442,48.803,-4.0,3.72648,3.72648,3.75408,3.75408,0.0,23.2,1091.119,,59.869,,CHARGE,0.0,0,,SYNTHETIC,0
doe-000,0,273,2026-09-03T09:04:33Z,2026-09-03T09:04:34Z,2026-09-03T09:04:33Z,2026-09-03T09:04:34Z,site_b,SIM,synthetic_demo,B-WAN-1,UP,1000.0,85.743,85.86,0.0,76.07,0.9795,0.104,0,DEGRADED,59.0,2.5,6,6,79,-63.2,31.328,9.169,0,1,0,32,0,77.0,0.0,0,0,,,,,,,,,,,,,,,,,,,,,0.0,0,,SYNTHETIC,0
doe-000,0,274,2026-09-03T09:04:34Z,2026-09-03T09:04:35Z,2026-09-03T09:04:34Z,2026-09-03T09:04:35Z,site_a,SIM,synthetic_demo,A-WAN-1,UP,1000.0,438.862,439.31,0.0,70.18,0.2357,0.038,0,DEGRADED,59.0,2.5,48,48,121,-61.3,15.451,4.324,2,1,0,31,0,415.0,0.0,0,0,MAINS,MAINS,1,0,54.33,92.0,48.4444,48.8032,-4.0,3.72649,3.72649,3.75409,3.75409,0.0,23.2,1078.135,,60.593,,CHARGE,0.0,0,,SYNTHETIC,0
doe-000,0,274,2026-09-03T09:04:34Z,2026-09-03T09:04:35Z,2026-09-03T09:04:34Z,2026-09-03T09:04:35Z,site_b,SIM,synthetic_demo,B-WAN-1,UP,1000.0,81.5742,82.22,0.0,77.75,1.9831,0.1,0,DEGRADED,59.0,2.5,6,6,65,-60.5,24.974,8.0,0,1,0,32,0,47.0,0.0,0,0,,,,,,,,,,,,,,,,,,,,,0.0,0,,SYNTHETIC,0
doe-000,0,275,2026-09-03T09:04:35Z,2026-09-03T09:04:36Z,2026-09-03T09:04:35Z,2026-09-03T09:04:36Z,site_a,SIM,synthetic_demo,A-WAN-1,UP,1000.0,452.2725,453.06,0.0,70.95,0.5379,0.093,0,DEGRADED,59.0,2.5,48,48,216,-63.0,17.42,5.621,0,4,0,31,0,276.0,0.0,0,0,MAINS,MAINS,1,0,54.17,92.0,48.4446,48.8034,-4.0,3.72651,3.72651,3.75411,3.75411,0.0,23.1,1098.357,,59.48,,CHARGE,0.0,0,,SYNTHETIC,0
doe-000,0,275,2026-09-03T09:04:35Z,2026-09-03T09:04:36Z,2026-09-03T09:04:35Z,2026-09-03T09:04:36Z,site_b,SIM,synthetic_demo,B-WAN-1,UP,1000.0,77.1174,76.88,0.0,76.79,1.2389,0.128,0,DEGRADED,59.0,2.5,6,6,56,-62.8,23.498,7.422,0,0,0,32,0,36.0,0.0,0,0,,,,,,,,,,,,,,,,,,,,,0.0,0,,SYNTHETIC,0
doe-000,0,276,2026-09-03T09:04:36Z,2026-09-03T09:04:37Z,2026-09-03T09:04:36Z,2026-09-03T09:04:37Z,site_a,SIM,synthetic_demo,A-WAN-1,UP,1000.0,398.4239,397.69,0.0,73.38,2.1308,0.083,0,DEGRADED,59.0,2.5,48,48,124,-61.6,15.592,4.38,0,4,0,31,0,353.0,0.0,0,0,MAINS,MAINS,1,0,54.18,92.0,48.4448,48.8036,-4.0,3.72652,3.72652,3.75412,3.75412,0.0,23.0,1091.493,,59.857,,CHARGE,0.0,0,,SYNTHETIC,0
doe-000,0,276,2026-09-03T09:04:36Z,2026-09-03T09:04:37Z,2026-09-03T09:04:36Z,2026-09-03T09:04:37Z,site_b,SIM,synthetic_demo,B-WAN-1,UP,1000.0,80.7819,80.98,0.0,75.98,0.0796,0.071,0,DEGRADED,59.0,2.5,6,6,44,-61.5,22.03,6.697,1,1,0,32,0,47.0,0.0,0,0,,,,,,,,,,,,,,,,,,,,,0.0,0,,SYNTHETIC,0
doe-000,0,277,2026-09-03T09:04:37Z,2026-09-03T09:04:38Z,2026-09-03T09:04:37Z,2026-09-03T09:04:38Z,site_a,SIM,synthetic_demo,A-WAN-1,UP,1000.0,496.371,496.09,0.0,72.65,2.185,0.097,0,DEGRADED,59.0,2.5,48,48,160,-62.4,16.324,5.283,0,2,0,31,0,294.0,0.0,0,0,MAINS,MAINS,1,0,54.17,92.0,48.445,48.8038,-4.0,3.72654,3.72654,3.75414,3.75414,0.0,23.1,1083.596,,60.296,,CHARGE,0.0,0,,SYNTHETIC,0
doe-000,0,277,2026-09-03T09:04:37Z,2026-09-03T09:04:38Z,2026-09-03T09:04:37Z,2026-09-03T09:04:38Z,site_b,SIM,synthetic_demo,B-WAN-1,UP,1000.0,80.8537,80.51,0.0,78.31,1.1284,0.058,0,DEGRADED,59.0,2.5,6,6,26,-61.8,17.482,5.453,0,0,0,32,0,71.0,0.0,0,0,,,,,,,,,,,,,,,,,,,,,0.0,0,,SYNTHETIC,0
doe-000,0,278,2026-09-03T09:04:38Z,2026-09-03T09:04:39Z,2026-09-03T09:04:38Z,2026-09-03T09:04:39Z,site_a,SIM,synthetic_demo,A-WAN-1,UP,1000.0,395.1133,393.98,0.0,71.77,0.6052,0.053,0,DEGRADED,59.0,2.5,48,48,229,-62.1,18.199,5.844,1,1,0,31,0,323.0,0.0,0,0,MAINS,MAINS,1,0,54.17,92.0,48.4452,48.804,-4.0,3.72656,3.72656,3.75416,3.75416,0.0,23.0,1084.827,,60.23,,CHARGE,0.0,0,,SYNTHETIC,0
doe-000,0,278,2026-09-03T09:04:38Z,2026-09-03T09:04:39Z,2026-09-03T09:04:38Z,2026-09-03T09:04:39Z,site_b,SIM,synthetic_demo,B-WAN-1,UP,1000.0,102.1069,101.86,0.0,76.77,0.9785,0.135,0,DEGRADED,59.0,2.5,6,6,39,-62.6,19.81,6.657,0,1,0,32,0,91.0,0.0,0,0,,,,,,,,,,,,,,,,,,,,,0.0,0,,SYNTHETIC,0
doe-000,0,279,2026-09-03T09:04:39Z,2026-09-03T09:04:40Z,2026-09-03T09:04:39Z,2026-09-03T09:04:40Z,site_a,SIM,synthetic_demo,A-WAN-1,UP,1000.0,409.9696,409.13,0.0,73.77,2.5396,0.048,0,DEGRADED,59.0,2.5,48,48,187,-62.0,18.08,5.058,0,0,0,31,0,299.0,0.0,0,0,MAINS,MAINS,1,0,54.19,92.0,48.4454,48.8042,-4.0,3.72657,3.72657,3.75417,3.75417,0.0,23.1,1087.812,,60.068,,CHARGE,0.0,0,,SYNTHETIC,0
doe-000,0,279,2026-09-03T09:04:39Z,2026-09-03T09:04:40Z,2026-09-03T09:04:39Z,2026-09-03T09:04:40Z,site_b,SIM,synthetic_demo,B-WAN-1,UP,1000.0,72.8706,73.25,0.0,76.19,0.5601,0.084,0,DEGRADED,59.0,2.5,6,6,20,-60.5,17.366,5.1,1,0,0,32,0,35.0,0.0,0,0,,,,,,,,,,,,,,,,,,,,,0.0,0,,SYNTHETIC,0
doe-000,0,280,2026-09-03T09:04:40Z,2026-09-03T09:04:41Z,2026-09-03T09:04:40Z,2026-09-03T09:04:41Z,site_a,SIM,synthetic_demo,A-WAN-1,UP,1000.0,426.5866,426.98,0.0,74.65,3.6246,0.081,0,DEGRADED,59.0,2.5,48,48,122,-62.1,15.641,4.56,1,1,0,31,0,352.0,0.0,0,0,MAINS,MAINS,1,0,54.14,92.0,48.4456,48.8044,-4.0,3.72659,3.72659,3.75419,3.75419,0.0,23.2,1090.041,,59.947,,CHARGE,0.0,0,,SYNTHETIC,0
doe-000,0,280,2026-09-03T09:04:40Z,2026-09-03T09:04:41Z,2026-09-03T09:04:40Z,2026-09-03T09:04:41Z,site_b,SIM,synthetic_demo,B-WAN-1,UP,1000.0,73.0548,73.59,0.0,81.8,4.7703,0.086,0,DEGRADED,59.0,2.5,6,6,23,-61.0,18.262,5.186,0,0,0,32,0,60.0,0.0,0,0,,,,,,,,,,,,,,,,,,,,,0.0,0,,SYNTHETIC,0
doe-000,0,281,2026-09-03T09:04:41Z,2026-09-03T09:04:42Z,2026-09-03T09:04:41Z,2026-09-03T09:04:42Z,site_a,SIM,synthetic_demo,A-WAN-1,UP,1000.0,438.3015,438.24,0.0,71.96,0.7027,0.088,0,DEGRADED,59.0,2.5,48,48,192,-62.4,16.559,5.27,0,0,0,31,0,322.0,0.0,0,0,MAINS,MAINS,1,0,54.12,92.0,48.4459,48.8047,-4.0,3.7266,3.7266,3.7542,3.7542,0.0,23.1,1092.28,,59.827,,CHARGE,0.0,0,,SYNTHETIC,0
doe-000,0,281,2026-09-03T09:04:41Z,2026-09-03T09:04:42Z,2026-09-03T09:04:41Z,2026-09-03T09:04:42Z,site_b,SIM,synthetic_demo,B-WAN-1,UP,1000.0,74.5085,74.4,0.0,76.83,1.5743,0.12,0,DEGRADED,59.0,2.5,6,6,67,-60.1,27.886,8.359,0,0,0,32,0,78.0,0.0,0,0,,,,,,,,,,,,,,,,,,,,,0.0,0,,SYNTHETIC,0
doe-000,0,282,2026-09-03T09:04:42Z,2026-09-03T09:04:43Z,2026-09-03T09:04:42Z,2026-09-03T09:04:43Z,site_a,SIM,synthetic_demo,A-WAN-1,UP,1000.0,478.8864,479.16,0.0,71.88,1.3331,0.085,0,DEGRADED,59.0,2.5,48,48,278,-61.6,19.604,5.902,2,0,0,31,0,291.0,0.0,0,0,MAINS,MAINS,1,0,54.25,92.0,48.4461,48.8049,-4.0,3.72662,3.72662,3.75422,3.75422,0.0,23.1,1079.168,,60.557,,CHARGE,0.0,0,,SYNTHETIC,0
doe-000,0,282,2026-09-03T09:04:42Z,2026-09-03T09:04:43Z,2026-09-03T09:04:42Z,2026-09-03T09:04:43Z,site_b,SIM,synthetic_demo,B-WAN-1,UP,1000.0,71.4287,71.36,0.0,77.12,1.3646,0.107,0,DEGRADED,59.0,2.5,6,6,58,-61.6,25.65,7.635,0,0,0,32,0,69.0,0.0,0,0,,,,,,,,,,,,,,,,,,,,,0.0,0,,SYNTHETIC,0
doe-000,0,283,2026-09-03T09:04:43Z,2026-09-03T09:04:44Z,2026-09-03T09:04:43Z,2026-09-03T09:04:44Z,site_a,SIM,synthetic_demo,A-WAN-1,UP,1000.0,410.3158,409.89,0.0,71.83,1.9242,0.118,0,DEGRADED,59.0,2.5,48,48,173,-61.7,16.631,4.96,0,2,0,31,0,308.0,0.0,0,0,MAINS,MAINS,1,0,54.17,92.0,48.4463,48.8051,-4.0,3.72664,3.72664,3.75424,3.75424,0.0,23.2,1093.804,,59.749,,CHARGE,0.0,0,,SYNTHETIC,0
doe-000,0,283,2026-09-03T09:04:43Z,2026-09-03T09:04:44Z,2026-09-03T09:04:43Z,2026-09-03T09:04:44Z,site_b,SIM,synthetic_demo,B-WAN-1,UP,1000.0,72.2093,72.22,0.0,76.35,0.7063,0.111,0,DEGRADED,59.0,2.5,6,6,37,-61.8,19.386,6.137,0,0,0,32,0,54.0,0.0,0,0,,,,,,,,,,,,,,,,,,,,,0.0,0,,SYNTHETIC,0
doe-000,0,284,2026-09-03T09:04:44Z,2026-09-03T09:04:45Z,2026-09-03T09:04:44Z,2026-09-03T09:04:45Z,site_a,SIM,synthetic_demo,A-WAN-1,UP,1000.0,426.5589,427.13,0.0,72.57,1.7731,0.084,0,DEGRADED,59.0,2.5,48,48,279,-62.4,20.017,5.869,4,1,0,31,0,328.0,0.0,0,0,MAINS,MAINS,1,0,54.15,92.0,48.4465,48.8053,-4.0,3.72665,3.72665,3.75425,3.75425,0.0,23.1,1071.362,,61.004,,CHARGE,0.0,0,,SYNTHETIC,0
doe-000,0,284,2026-09-03T09:04:44Z,2026-09-03T09:04:45Z,2026-09-03T09:04:44Z,2026-09-03T09:04:45Z,site_b,SIM,synthetic_demo,B-WAN-1,UP,1000.0,95.6602,95.96,0.0,78.88,3.1563,0.084,0,DEGRADED,59.0,2.5,6,6,22,-60.7,17.26,4.908,0,0,0,32,0,57.0,0.0,0,0,,,,,,,,,,,,,,,,,,,,,0.0,0,,SYNTHETIC,0
doe-000,0,285,2026-09-03T09:04:45Z,2026-09-03T09:04:46Z,2026-09-03T09:04:45Z,2026-09-03T09:04:46Z,site_a,SIM,synthetic_demo,A-WAN-1,UP,1000.0,391.7803,391.06,0.0,71.2,0.3069,0.045,0,DEGRADED,59.0,2.5,48,48,198,-62.3,17.43,5.272,0,2,0,31,0,295.0,0.0,0,0,MAINS,MAINS,1,0,54.19,92.0,48.4467,48.8055,-4.0,3.72667,3.72667,3.75427,3.75427,0.0,23.1,1074.639,,60.82,,CHARGE,0.0,0,,SYNTHETIC,0
doe-000,0,285,2026-09-03T09:04:45Z,2026-09-03T09:04:46Z,2026-09-03T09:04:45Z,2026-09-03T09:04:46Z,site_b,SIM,synthetic_demo,B-WAN-1,UP,1000.0,75.2296,74.71,0.0,76.8,0.3637,0.078,0,DEGRADED,59.0,2.5,6,6,21,-62.4,17.754,4.073,0,0,0,32,0,84.0,0.0,0,0,,,,,,,,,,,,,,,,,,,,,0.0,0,,SYNTHETIC,0
doe-000,0,286,2026-09-03T09:04:46Z,2026-09-03T09:04:47Z,2026-09-03T09:04:46Z,2026-09-03T09:04:47Z,site_a,SIM,synthetic_demo,A-WAN-1,UP,1000.0,417.2788,417.4,0.0,73.81,2.1775,0.073,0,DEGRADED,59.0,2.5,48,48,265,-62.2,19.245,5.883,1,2,0,31,0,225.0,0.0,0,0,MAINS,MAINS,1,0,54.22,92.0,48.4469,48.8057,-4.0,3.72668,3.72668,3.75428,3.75428,0.0,23.1,1086.846,,60.14,,CHARGE,0.0,0,,SYNTHETIC,0
doe-000,0,286,2026-09-03T09:04:46Z,2026-09-03T09:04:47Z,2026-09-03T09:04:46Z,2026-09-03T09:04:47Z,site_b,SIM,synthetic_demo,B-WAN-1,UP,1000.0,81.2208,81.52,0.0,75.85,0.2488,0.125,0,DEGRADED,59.0,2.5,6,6,26,-61.7,18.988,4.782,0,1,0,32,0,66.0,0.0,0,0,,,,,,,,,,,,,,,,,,,,,0.0,0,,SYNTHETIC,0
doe-000,0,287,2026-09-03T09:04:47Z,2026-09-03T09:04:48Z,2026-09-03T09:04:47Z,2026-09-03T09:04:48Z,site_a,SIM,synthetic_demo,A-WAN-1,UP,1000.0,415.8318,416.61,0.0,71.64,0.0758,0.092,0,DEGRADED,59.0,2.5,48,48,121,-62.2,15.296,4.757,0,5,0,31,0,257.0,0.0,0,0,MAINS,MAINS,1,0,54.17,92.0,48.4471,48.8059,-4.0,3.7267,3.7267,3.7543,3.7543,0.0,23.1,1092.862,,59.812,,CHARGE,0.0,0,,SYNTHETIC,0
doe-000,0,287,2026-09-03T09:04:47Z,2026-09-03T09:04:48Z,2026-09-03T09:04:47Z,2026-09-03T09:04:48Z,site_b,SIM,synthetic_demo,B-WAN-1,UP,1000.0,103.931,104.14,0.0,77.54,1.9653,0.094,0,DEGRADED,59.0,2.5,6,6,54,-61.3,25.493,8.034,1,0,0,32,0,78.0,0.0,0,0,,,,,,,,,,,,,,,,,,,,,0.0,0,,SYNTHETIC,0
doe-000,0,288,2026-09-03T09:04:48Z,2026-09-03T09:04:49Z,2026-09-03T09:04:48Z,2026-09-03T09:04:49Z,site_a,SIM,synthetic_demo,A-WAN-1,UP,1000.0,422.8366,422.94,0.0,73.99,2.7965,0.081,0,DEGRADED,59.0,2.5,48,48,130,-62.1,15.266,4.536,0,5,0,31,0,350.0,0.0,0,0,MAINS,MAINS,1,0,54.25,92.0,48.4473,48.8061,-4.0,3.72672,3.72672,3.75432,3.75432,0.0,23.1,1092.037,,59.86,,CHARGE,0.0,0,,SYNTHETIC,0
doe-000,0,288,2026-09-03T09:04:48Z,2026-09-03T09:04:49Z,2026-09-03T09:04:48Z,2026-09-03T09:04:49Z,site_b,SIM,synthetic_demo,B-WAN-1,UP,1000.0,87.3134,87.54,0.0,79.36,2.9134,0.114,0,DEGRADED,59.0,2.5,6,6,34,-61.0,19.923,5.605,0,1,0,32,0,56.0,0.0,0,0,,,,,,,,,,,,,,,,,,,,,0.0,0,,SYNTHETIC,0
doe-000,0,289,2026-09-03T09:04:49Z,2026-09-03T09:04:50Z,2026-09-03T09:04:49Z,2026-09-03T09:04:50Z,site_a,SIM,synthetic_demo,A-WAN-1,UP,1000.0,415.5843,415.34,0.0,72.75,1.7145,0.091,0,DEGRADED,59.0,2.5,48,48,253,-62.7,19.908,5.83,0,2,0,31,0,181.0,0.0,0,0,MAINS,MAINS,1,0,54.19,92.0,48.4475,48.8063,-4.0,3.72673,3.72673,3.75433,3.75433,0.0,23.1,1077.15,,60.69,,CHARGE,0.0,0,,SYNTHETIC,0
doe-000,0,289,2026-09-03T09:04:49Z,2026-09-03T09:04:50Z,2026-09-03T09:04:49Z,2026-09-03T09:04:50Z,site_b,SIM,synthetic_demo,B-WAN-1,UP,1000.0,82.9842,83.63,0.0,78.41,2.2131,0.102,0,DEGRADED,59.0,2.5,6,6,71,-59.7,28.062,8.665,0,0,0,32,0,63.0,0.0,0,0,,,,,,,,,,,,,,,,,,,,,0.0,0,,SYNTHETIC,0
doe-000,0,290,2026-09-03T09:04:50Z,2026-09-03T09:04:51Z,2026-09-03T09:04:50Z,2026-09-03T09:04:51Z,site_a,SIM,synthetic_demo,A-WAN-1,UP,1000.0,476.3274,475.96,0.0,72.14,0.5045,0.099,0,DEGRADED,59.0,2.5,48,48,201,-63.4,18.122,5.486,2,3,0,31,0,350.0,0.0,0,0,MAINS,MAINS,1,0,54.29,92.0,48.4477,48.8065,-4.0,3.72675,3.72675,3.75435,3.75435,0.0,23.0,1087.019,,60.141,,CHARGE,0.0,0,,SYNTHETIC,0
doe-000,0,290,2026-09-03T09:04:50Z,2026-09-03T09:04:51Z,2026-09-03T09:04:50Z,2026-09-03T09:04:51Z,site_b,SIM,synthetic_demo,B-WAN-1,UP,1000.0,127.6653,127.91,0.0,77.3,1.6938,0.071,0,DEGRADED,59.0,2.5,6,6,63,-61.1,26.386,8.05,0,0,0,32,0,76.0,0.0,0,0,,,,,,,,,,,,,,,,,,,,,0.0,0,,SYNTHETIC,0
doe-000,0,291,2026-09-03T09:04:51Z,2026-09-03T09:04:52Z,2026-09-03T09:04:51Z,2026-09-03T09:04:52Z,site_a,SIM,synthetic_demo,A-WAN-1,UP,1000.0,420.1775,419.41,0.0,72.49,2.5888,0.09,0,DEGRADED,59.0,2.5,48,48,123,-62.4,14.523,4.579,2,1,0,31,0,223.0,0.0,0,0,MAINS,MAINS,1,0,54.21,92.0,48.448,48.8068,-4.0,3.72677,3.72677,3.75437,3.75437,0.0,23.2,1074.889,,60.823,,CHARGE,0.0,0,,SYNTHETIC,0
doe-000,0,291,2026-09-03T09:04:51Z,2026-09-03T09:04:52Z,2026-09-03T09:04:51Z,2026-09-03T09:04:52Z,site_b,SIM,synthetic_demo,B-WAN-1,UP,1000.0,82.298,82.66,0.0,76.29,0.4337,0.096,0,DEGRADED,59.0,2.5,6,6,80,-61.5,30.59,9.675,0,0,0,32,0,55.0,0.0,0,0,,,,,,,,,,,,,,,,,,,,,0.0,0,,SYNTHETIC,0
doe-000,0,292,2026-09-03T09:04:52Z,2026-09-03T09:04:53Z,2026-09-03T09:04:52Z,2026-09-03T09:04:53Z,site_a,SIM,synthetic_demo,A-WAN-1,UP,1000.0,395.7192,395.79,0.0,72.16,0.8174,0.07,0,DEGRADED,59.0,2.5,48,48,324,-61.7,21.601,6.332,2,7,0,31,0,351.0,0.0,0,0,MAINS,MAINS,1,0,54.32,92.0,48.4482,48.807,-4.0,3.72678,3.72678,3.75438,3.75438,0.0,23.2,1083.267,,60.355,,CHARGE,0.0,0,,SYNTHETIC,0
doe-000,0,292,2026-09-03T09:04:52Z,2026-09-03T09:04:53Z,2026-09-03T09:04:52Z,2026-09-03T09:04:53Z,site_b,SIM,synthetic_demo,B-WAN-1,UP,1000.0,101.7706,102.21,0.0,77.77,2.1812,0.136,0,DEGRADED,59.0,2.5,6,6,72,-62.8,30.628,9.117,0,0,0,32,0,80.0,0.0,0,0,,,,,,,,,,,,,,,,,,,,,0.0,0,,SYNTHETIC,0
doe-000,0,293,2026-09-03T09:04:53Z,2026-09-03T09:04:54Z,2026-09-03T09:04:53Z,2026-09-03T09:04:54Z,site_a,SIM,synthetic_demo,A-WAN-1,UP,1000.0,414.0646,414.36,0.0,71.41,0.8014,0.08,0,DEGRADED,59.0,2.5,48,48,172,-61.8,17.475,5.001,2,2,0,31,0,225.0,0.0,0,0,MAINS,MAINS,1,0,54.29,92.0,48.4484,48.8072,-4.0,3.7268,3.7268,3.7544,3.7544,0.0,23.1,1086.278,,60.19,,CHARGE,0.0,0,,SYNTHETIC,0
doe-000,0,293,2026-09-03T09:04:53Z,2026-09-03T09:04:54Z,2026-09-03T09:04:53Z,2026-09-03T09:04:54Z,site_b,SIM,synthetic_demo,B-WAN-1,UP,1000.0,86.4158,85.81,0.0,77.21,1.1806,0.139,0,DEGRADED,59.0,2.5,6,6,52,-63.0,23.599,7.687,0,1,0,32,0,48.0,0.0,0,0,,,,,,,,,,,,,,,,,,,,,0.0,0,,SYNTHETIC,0
doe-000,0,294,2026-09-03T09:04:54Z,2026-09-03T09:04:55Z,2026-09-03T09:04:54Z,2026-09-03T09:04:55Z,site_a,SIM,synthetic_demo,A-WAN-1,UP,1000.0,413.3373,412.73,0.0,71.25,0.7131,0.062,0,DEGRADED,59.0,2.5,48,48,119,-62.4,15.231,4.532,2,5,0,31,0,258.0,0.0,0,0,MAINS,MAINS,1,0,54.24,92.0,48.4486,48.8074,-4.0,3.72681,3.72681,3.75441,3.75441,0.0,23.1,1095.593,,59.681,,CHARGE,0.0,0,,SYNTHETIC,0
doe-000,0,294,2026-09-03T09:04:54Z,2026-09-03T09:04:55Z,2026-09-03T09:04:54Z,2026-09-03T09:04:55Z,site_b,SIM,synthetic_demo,B-WAN-1,UP,1000.0,82.4178,82.69,0.0,76.66,0.2911,0.135,0,DEGRADED,59.0,2.5,6,6,44,-63.7,21.516,7.498,0,0,0,32,0,36.0,0.0,0,0,,,,,,,,,,,,,,,,,,,,,0.0,0,,SYNTHETIC,0
doe-000,0,295,2026-09-03T09:04:55Z,2026-09-03T09:04:56Z,2026-09-03T09:04:55Z,2026-09-03T09:04:56Z,site_a,SIM,synthetic_demo,A-WAN-1,UP,1000.0,420.3372,420.26,0.0,75.25,3.9713,0.051,0,DEGRADED,59.0,2.5,48,48,197,-61.8,17.899,5.322,1,1,0,31,0,288.0,0.0,0,0,MAINS,MAINS,1,0,54.12,92.0,48.4488,48.8076,-4.0,3.72683,3.72683,3.75443,3.75443,0.0,23.1,1099.421,,59.476,,CHARGE,0.0,0,,SYNTHETIC,0
doe-000,0,295,2026-09-03T09:04:55Z,2026-09-03T09:04:56Z,2026-09-03T09:04:55Z,2026-09-03T09:04:56Z,site_b,SIM,synthetic_demo,B-WAN-1,UP,1000.0,99.9761,100.17,0.0,77.23,1.9177,0.092,0,DEGRADED,59.0,2.5,6,6,37,-61.6,21.113,6.958,0,1,0,32,0,58.0,0.0,0,0,,,,,,,,,,,,,,,,,,,,,0.0,0,,SYNTHETIC,0
doe-000,0,296,2026-09-03T09:04:56Z,2026-09-03T09:04:57Z,2026-09-03T09:04:56Z,2026-09-03T09:04:57Z,site_a,SIM,synthetic_demo,A-WAN-1,UP,1000.0,463.8921,463.71,0.0,72.32,1.3536,0.093,0,DEGRADED,59.0,2.5,48,48,118,-62.5,14.855,4.431,2,2,0,31,0,340.0,0.0,0,0,MAINS,MAINS,1,0,54.23,92.0,48.449,48.8078,-4.0,3.72685,3.72685,3.75445,3.75445,0.0,23.2,1091.494,,59.911,,CHARGE,0.0,0,,SYNTHETIC,0
doe-000,0,296,2026-09-03T09:04:56Z,2026-09-03T09:04:57Z,2026-09-03T09:04:56Z,2026-09-03T09:04:57Z,site_b,SIM,synthetic_demo,B-WAN-1,UP,1000.0,83.4103,82.89,0.0,78.65,2.9118,0.093,0,DEGRADED,59.0,2.5,6,6,66,-60.8,27.705,8.268,0,0,0,32,0,45.0,0.0,0,0,,,,,,,,,,,,,,,,,,,,,0.0,0,,SYNTHETIC,0
doe-000,0,297,2026-09-03T09:04:57Z,2026-09-03T09:04:58Z,2026-09-03T09:04:57Z,2026-09-03T09:04:58Z,site_a,SIM,synthetic_demo,A-WAN-1,UP,1000.0,387.6202,386.97,0.0,71.91,1.3672,0.071,0,DEGRADED,59.0,2.5,48,48,207,-62.9,18.392,5.568,3,4,0,31,0,291.0,0.0,0,0,MAINS,MAINS,1,0,54.16,92.0,48.4492,48.808,-4.0,3.72686,3.72686,3.75446,3.75446,0.0,23.1,1102.897,,59.294,,CHARGE,0.0,0,,SYNTHETIC,0
doe-000,0,297,2026-09-03T09:04:57Z,2026-09-03T09:04:58Z,2026-09-03T09:04:57Z,2026-09-03T09:04:58Z,site_b,SIM,synthetic_demo,B-WAN-1,UP,1000.0,89.5938,88.86,0.0,79.0,3.4444,0.106,0,DEGRADED,59.0,2.5,6,6,27,-62.6,18.891,5.692,0,0,0,32,0,73.0,0.0,0,0,,,,,,,,,,,,,,,,,,,,,0.0,0,,SYNTHETIC,0
doe-000,0,298,2026-09-03T09:04:58Z,2026-09-03T09:04:59Z,2026-09-03T09:04:58Z,2026-09-03T09:04:59Z,site_a,SIM,synthetic_demo,A-WAN-1,UP,1000.0,522.2953,522.05,0.0,70.22,0.3609,0.077,0,DEGRADED,59.0,2.5,48,48,378,-60.7,22.492,6.913,1,2,0,31,0,265.0,0.0,0,0,MAINS,MAINS,1,0,54.24,92.0,48.4494,48.8082,-4.0,3.72688,3.72688,3.75448,3.75448,0.0,23.0,1085.25,,60.261,,CHARGE,0.0,0,,SYNTHETIC,0
doe-000,0,298,2026-09-03T09:04:58Z,2026-09-03T09:04:59Z,2026-09-03T09:04:58Z,2026-09-03T09:04:59Z,site_b,SIM,synthetic_demo,B-WAN-1,UP,1000.0,92.0487,92.53,0.0,76.0,0.2838,0.106,0,DEGRADED,59.0,2.5,6,6,54,-62.0,24.75,7.969,0,0,0,32,0,65.0,0.0,0,0,,,,,,,,,,,,,,,,,,,,,0.0,0,,SYNTHETIC,0
doe-000,0,299,2026-09-03T09:04:59Z,2026-09-03T09:05:00Z,2026-09-03T09:04:59Z,2026-09-03T09:05:00Z,site_a,SIM,synthetic_demo,A-WAN-1,UP,1000.0,376.7017,376.32,0.0,70.34,0.0021,0.072,0,DEGRADED,59.0,2.5,48,48,210,-62.8,17.901,5.358,2,1,0,31,0,220.0,0.0,0,0,MAINS,MAINS,1,0,54.3,92.0,48.4496,48.8084,-4.0,3.72689,3.72689,3.75449,3.75449,0.0,23.1,1084.538,,60.303,,CHARGE,0.0,0,,SYNTHETIC,0
doe-000,0,299,2026-09-03T09:04:59Z,2026-09-03T09:05:00Z,2026-09-03T09:04:59Z,2026-09-03T09:05:00Z,site_b,SIM,synthetic_demo,B-WAN-1,UP,1000.0,90.5272,90.79,0.0,78.75,2.6576,0.108,0,DEGRADED,59.0,2.5,6,6,23,-60.9,16.364,4.785,0,0,0,32,0,38.0,0.0,0,0,,,,,,,,,,,,,,,,,,,,,0.0,0,,SYNTHETIC,0
doe-000,0,300,2026-09-03T09:05:00Z,2026-09-03T09:05:01Z,2026-09-03T09:05:00Z,2026-09-03T09:05:01Z,site_a,SIM,synthetic_demo,A-WAN-1,UP,1000.0,381.5397,382.41,0.0,70.99,0.4509,0.093,0,DEGRADED,59.0,2.5,48,48,251,-60.9,19.456,5.617,0,5,0,31,0,280.0,0.0,0,0,MAINS,MAINS,1,0,54.23,92.0,48.4498,48.8086,-4.0,3.72691,3.72691,3.75451,3.75451,0.0,23.2,1097.322,,59.604,,CHARGE,0.0,0,,SYNTHETIC,0
doe-000,0,300,2026-09-03T09:05:00Z,2026-09-03T09:05:01Z,2026-09-03T09:05:00Z,2026-09-03T09:05:01Z,site_b,SIM,synthetic_demo,B-WAN-1,UP,1000.0,81.6417,82.02,0.0,76.17,0.1587,0.072,0,DEGRADED,59.0,2.5,6,6,9,-65.6,13.837,4.015,0,0,0,32,0,84.0,0.0,0,0,,,,,,,,,,,,,,,,,,,,,0.0,0,,SYNTHETIC,0
doe-000,0,301,2026-09-03T09:05:01Z,2026-09-03T09:05:02Z,2026-09-03T09:05:01Z,2026-09-03T09:05:02Z,site_a,SIM,synthetic_demo,A-WAN-1,UP,1000.0,413.1042,412.69,0.0,71.26,0.0928,0.061,0,DEGRADED,59.0,2.5,48,48,162,-60.8,16.123,4.897,3,0,0,31,0,301.0,0.0,0,0,MAINS,MAINS,1,0,54.26,92.0,48.4501,48.8089,-4.0,3.72693,3.72693,3.75453,3.75453,0.0,23.2,1099.374,,59.495,,CHARGE,0.0,0,,SYNTHETIC,0
doe-000,0,301,2026-09-03T09:05:01Z,2026-09-03T09:05:02Z,2026-09-03T09:05:01Z,2026-09-03T09:05:02Z,site_b,SIM,synthetic_demo,B-WAN-1,UP,1000.0,93.2851,94.14,0.0,78.75,2.7052,0.126,0,DEGRADED,59.0,2.5,6,6,26,-61.9,19.399,4.965,0,0,0,32,0,78.0,0.0,0,0,,,,,,,,,,,,,,,,,,,,,0.0,0,,SYNTHETIC,0
doe-000,0,302,2026-09-03T09:05:02Z,2026-09-03T09:05:03Z,2026-09-03T09:05:02Z,2026-09-03T09:05:03Z,site_a,SIM,synthetic_demo,A-WAN-1,UP,1000.0,383.9505,383.2,0.0,76.34,5.1849,0.041,0,DEGRADED,59.0,2.5,48,48,274,-62.5,20.115,6.045,1,6,0,31,0,296.0,0.0,0,0,MAINS,MAINS,1,0,54.31,92.0,48.4503,48.8091,-4.0,3.72694,3.72694,3.75454,3.75454,0.0,23.2,1109.524,,58.953,,CHARGE,0.0,0,,SYNTHETIC,0
doe-000,0,302,2026-09-03T09:05:02Z,2026-09-03T09:05:03Z,2026-09-03T09:05:02Z,2026-09-03T09:05:03Z,site_b,SIM,synthetic_demo,B-WAN-1,UP,1000.0,90.3572,90.22,0.0,75.73,0.482,0.118,0,DEGRADED,59.0,2.5,6,6,63,-61.7,25.235,8.382,0,1,0,32,0,52.0,0.0,0,0,,,,,,,,,,,,,,,,,,,,,0.0,0,,SYNTHETIC,0
doe-000,0,303,2026-09-03T09:05:03Z,2026-09-03T09:05:04Z,2026-09-03T09:05:03Z,2026-09-03T09:05:04Z,site_a,SIM,synthetic_demo,A-WAN-1,UP,1000.0,418.6277,417.76,0.0,71.17,0.5944,0.096,0,DEGRADED,59.0,2.5,48,48,259,-62.8,19.529,5.603,2,2,0,31,0,276.0,0.0,0,0,MAINS,MAINS,1,0,54.27,92.0,48.4505,48.8093,-4.0,3.72696,3.72696,3.75456,3.75456,0.0,23.2,1083.552,,60.369,,CHARGE,0.0,0,,SYNTHETIC,0
doe-000,0,303,2026-09-03T09:05:03Z,2026-09-03T09:05:04Z,2026-09-03T09:05:03Z,2026-09-03T09:05:04Z,site_b,SIM,synthetic_demo,B-WAN-1,UP,1000.0,74.9313,75.54,0.0,77.6,0.9805,0.069,0,DEGRADED,59.0,2.5,6,6,35,-60.8,18.547,5.87,0,0,0,32,0,44.0,0.0,0,0,,,,,,,,,,,,,,,,,,,,,0.0,0,,SYNTHETIC,0
doe-000,0,304,2026-09-03T09:05:04Z,2026-09-03T09:05:05Z,2026-09-03T09:05:04Z,2026-09-03T09:05:05Z,site_a,SIM,synthetic_demo,A-WAN-1,UP,1000.0,676.325,677.04,0.0,71.29,0.3931,0.118,0,DEGRADED,59.0,2.5,48,48,124,-62.4,14.741,4.548,0,3,0,31,0,258.0,0.0,0,0,MAINS,MAINS,1,0,54.31,92.0,48.4507,48.8095,-4.0,3.72698,3.72698,3.75458,3.75458,0.0,23.2,1100.894,,59.421,,CHARGE,0.0,0,,SYNTHETIC,0
doe-000,0,304,2026-09-03T09:05:04Z,2026-09-03T09:05:05Z,2026-09-03T09:05:04Z,2026-09-03T09:05:05Z,site_b,SIM,synthetic_demo,B-WAN-1,UP,1000.0,81.8831,82.36,0.0,76.8,0.8674,0.118,0,DEGRADED,59.0,2.5,6,6,37,-62.6,20.048,6.575,0,1,0,32,0,101.0,0.0,0,0,,,,,,,,,,,,,,,,,,,,,0.0,0,,SYNTHETIC,0
doe-000,0,305,2026-09-03T09:05:05Z,2026-09-03T09:05:06Z,2026-09-03T09:05:05Z,2026-09-03T09:05:06Z,site_a,SIM,synthetic_demo,A-WAN-1,UP,1000.0,418.8732,418.01,0.0,72.32,1.2418,0.062,0,DEGRADED,59.0,2.5,48,48,131,-62.0,15.884,4.66,1,4,0,31,0,340.0,0.0,0,0,MAINS,MAINS,1,0,54.24,92.0,48.4509,48.8097,-4.0,3.72699,3.72699,3.75459,3.75459,0.0,23.1,1096.591,,59.657,,CHARGE,0.0,0,,SYNTHETIC,0
doe-000,0,305,2026-09-03T09:05:05Z,2026-09-03T09:05:06Z,2026-09-03T09:05:05Z,2026-09-03T09:05:06Z,site_b,SIM,synthetic_demo,B-WAN-1,UP,1000.0,83.1708,81.69,0.0,76.26,0.089,0.106,0,DEGRADED,59.0,2.5,6,6,19,-62.1,14.277,4.908,0,2,0,32,0,51.0,0.0,0,0,,,,,,,,,,,,,,,,,,,,,0.0,0,,SYNTHETIC,0
doe-000,0,306,2026-09-03T09:05:06Z,2026-09-03T09:05:07Z,2026-09-03T09:05:06Z,2026-09-03T09:05:07Z,site_a,SIM,synthetic_demo,A-WAN-1,UP,1000.0,470.1527,471.9,0.0,72.61,1.6308,0.092,0,DEGRADED,59.0,2.5,48,48,247,-62.3,18.678,5.914,1,2,0,31,0,463.0,0.0,0,0,MAINS,MAINS,1,0,54.29,92.0,48.4511,48.8099,-4.0,3.72701,3.72701,3.75461,3.75461,0.0,23.2,1069.046,,61.197,,CHARGE,0.0,0,,SYNTHETIC,0
doe-000,0,306,2026-09-03T09:05:06Z,2026-09-03T09:05:07Z,2026-09-03T09:05:06Z,2026-09-03T09:05:07Z,site_b,SIM,synthetic_demo,B-WAN-1,UP,1000.0,81.4715,81.6,0.0,77.51,1.2306,0.103,0,DEGRADED,59.0,2.5,6,6,31,-61.3,19.155,5.684,0,0,0,32,0,65.0,0.0,0,0,,,,,,,,,,,,,,,,,,,,,0.0,0,,SYNTHETIC,0
doe-000,0,307,2026-09-03T09:05:07Z,2026-09-03T09:05:08Z,2026-09-03T09:05:07Z,2026-09-03T09:05:08Z,site_a,SIM,synthetic_demo,A-WAN-1,UP,1000.0,415.9509,415.64,0.0,71.29,0.2221,0.065,0,DEGRADED,59.0,2.5,48,48,185,-62.1,17.3,5.246,0,3,0,31,0,284.0,0.0,0,0,MAINS,MAINS,1,0,54.3,92.0,48.4513,48.8101,-4.0,3.72702,3.72702,3.75462,3.75462,0.0,23.2,1097.615,,59.607,,CHARGE,0.0,0,,SYNTHETIC,0
doe-000,0,307,2026-09-03T09:05:07Z,2026-09-03T09:05:08Z,2026-09-03T09:05:07Z,2026-09-03T09:05:08Z,site_b,SIM,synthetic_demo,B-WAN-1,UP,1000.0,73.5847,73.67,0.0,75.97,0.1649,0.109,0,DEGRADED,59.0,2.5,6,6,60,-63.5,28.133,9.097,0,0,0,32,0,61.0,0.0,0,0,,,,,,,,,,,,,,,,,,,,,0.0,0,,SYNTHETIC,0
doe-000,0,308,2026-09-03T09:05:08Z,2026-09-03T09:05:09Z,2026-09-03T09:05:08Z,2026-09-03T09:05:09Z,site_a,SIM,synthetic_demo,A-WAN-1,UP,1000.0,392.5225,392.62,0.0,70.39,0.1353,0.085,0,DEGRADED,59.0,2.5,48,48,138,-61.8,15.72,4.745,1,1,0,31,0,291.0,0.0,0,0,MAINS,MAINS,1,0,54.3,92.0,48.4515,48.8103,-4.0,3.72704,3.72704,3.75464,3.75464,0.0,23.2,1082.449,,60.444,,CHARGE,0.0,0,,SYNTHETIC,0
doe-000,0,308,2026-09-03T09:05:08Z,2026-09-03T09:05:09Z,2026-09-03T09:05:08Z,2026-09-03T09:05:09Z,site_b,SIM,synthetic_demo,B-WAN-1,UP,1000.0,81.4662,80.35,0.0,78.34,1.7501,0.106,0,DEGRADED,59.0,2.5,6,6,21,-65.0,16.653,5.738,0,1,0,32,0,107.0,0.0,0,0,,,,,,,,,,,,,,,,,,,,,0.0,0,,SYNTHETIC,0
doe-000,0,309,2026-09-03T09:05:09Z,2026-09-03T09:05:10Z,2026-09-03T09:05:09Z,2026-09-03T09:05:10Z,site_a,SIM,synthetic_demo,A-WAN-1,UP,1000.0,426.081,427.2,0.0,73.04,1.7209,0.093,0,DEGRADED,59.0,2.5,48,48,225,-62.8,18.732,5.774,1,2,0,31,0,265.0,0.0,0,0,MAINS,MAINS,1,0,,92.0,48.4517,48.8105,-4.0,3.72706,3.72706,3.75466,3.75466,0.0,23.1,1082.346,,60.453,,CHARGE,0.0,0,,SYNTHETIC|GAP|MISSING_MAR,0
doe-000,0,309,2026-09-03T09:05:09Z,2026-09-03T09:05:10Z,2026-09-03T09:05:09Z,2026-09-03T09:05:10Z,site_b,SIM,synthetic_demo,B-WAN-1,UP,1000.0,80.5754,80.84,0.0,76.57,0.5465,0.106,0,DEGRADED,59.0,2.5,6,6,41,-63.7,21.696,7.027,0,1,0,32,0,75.0,0.0,0,0,,,,,,,,,,,,,,,,,,,,,0.0,0,,SYNTHETIC,0
doe-000,0,310,2026-09-03T09:05:10Z,2026-09-03T09:05:11Z,2026-09-03T09:05:10Z,2026-09-03T09:05:11Z,site_a,SIM,synthetic_demo,A-WAN-1,UP,1000.0,377.1587,377.26,0.0,76.12,4.4753,0.1,0,DEGRADED,59.0,2.5,48,48,205,-61.9,17.998,5.175,1,4,0,31,0,274.0,0.0,0,0,MAINS,MAINS,1,0,54.33,92.0,48.4519,48.8107,-4.0,3.72707,3.72707,3.75467,3.75467,0.0,23.1,1083.332,,60.401,,CHARGE,0.0,0,,SYNTHETIC,0
doe-000,0,310,2026-09-03T09:05:10Z,2026-09-03T09:05:11Z,2026-09-03T09:05:10Z,2026-09-03T09:05:11Z,site_b,SIM,synthetic_demo,B-WAN-1,UP,1000.0,80.6529,80.06,0.0,78.01,1.9996,0.071,0,DEGRADED,59.0,2.5,6,6,30,-62.6,19.488,6.808,0,1,0,32,0,69.0,0.0,0,0,,,,,,,,,,,,,,,,,,,,,0.0,0,,SYNTHETIC,0
doe-000,0,311,2026-09-03T09:05:11Z,2026-09-03T09:05:12Z,2026-09-03T09:05:11Z,2026-09-03T09:05:12Z,site_a,SIM,synthetic_demo,A-WAN-1,UP,1000.0,408.3918,408.19,0.0,74.35,2.6698,0.105,0,DEGRADED,59.0,2.5,48,48,122,-62.1,15.377,4.531,0,1,0,31,0,207.0,0.0,0,0,MAINS,MAINS,1,0,54.31,92.0,48.4521,48.8109,-4.0,3.72709,3.72709,3.75469,3.75469,0.0,23.0,1072.272,,61.026,,CHARGE,0.0,0,,SYNTHETIC,0
doe-000,0,311,2026-09-03T09:05:11Z,2026-09-03T09:05:12Z,2026-09-03T09:05:11Z,2026-09-03T09:05:12Z,site_b,SIM,synthetic_demo,B-WAN-1,UP,1000.0,82.0789,82.21,0.0,77.32,0.6524,0.119,0,DEGRADED,59.0,2.5,6,6,55,-61.6,23.605,6.82,0,1,0,32,0,59.0,0.0,0,0,,,,,,,,,,,,,,,,,,,,,0.0,0,,SYNTHETIC,0
doe-000,0,312,2026-09-03T09:05:12Z,2026-09-03T09:05:13Z,2026-09-03T09:05:12Z,2026-09-03T09:05:13Z,site_a,SIM,synthetic_demo,A-WAN-1,UP,1000.0,483.5644,482.63,0.0,75.51,4.1104,0.112,0,DEGRADED,59.0,2.5,48,48,142,-61.2,16.689,4.73,0,3,0,31,0,244.0,0.0,0,0,MAINS,MAINS,1,0,54.35,92.0,48.4524,48.8112,-4.0,3.7271,3.7271,3.7547,3.7547,0.0,23.3,1100.356,,59.472,,CHARGE,0.0,0,,SYNTHETIC,0
doe-000,0,312,2026-09-03T09:05:12Z,2026-09-03T09:05:13Z,2026-09-03T09:05:12Z,2026-09-03T09:05:13Z,site_b,SIM,synthetic_demo,B-WAN-1,UP,1000.0,88.9205,88.61,0.0,78.84,2.5084,0.083,0,DEGRADED,59.0,2.5,6,6,46,-60.5,22.428,7.111,0,0,0,32,0,43.0,0.0,0,0,,,,,,,,,,,,,,,,,,,,,0.0,0,,SYNTHETIC,0
doe-000,0,313,2026-09-03T09:05:13Z,2026-09-03T09:05:14Z,2026-09-03T09:05:13Z,2026-09-03T09:05:14Z,site_a,SIM,synthetic_demo,A-WAN-1,UP,1000.0,481.6441,482.27,0.0,73.14,2.2671,0.086,0,DEGRADED,59.0,2.5,48,48,183,-62.0,17.475,5.085,1,3,0,31,0,326.0,0.0,0,0,MAINS,MAINS,1,0,54.29,92.0,48.4526,48.8114,-4.0,3.72712,3.72712,3.75472,3.75472,0.0,23.2,1084.532,,60.342,,CHARGE,0.0,0,,SYNTHETIC,0
doe-000,0,313,2026-09-03T09:05:13Z,2026-09-03T09:05:14Z,2026-09-03T09:05:13Z,2026-09-03T09:05:14Z,site_b,SIM,synthetic_demo,B-WAN-1,UP,1000.0,67.0887,66.64,0.0,77.32,1.1322,0.126,0,DEGRADED,59.0,2.5,6,6,71,-63.3,28.539,9.074,1,1,0,32,0,48.0,0.0,0,0,,,,,,,,,,,,,,,,,,,,,0.0,0,,SYNTHETIC,0
doe-000,0,314,2026-09-03T09:05:14Z,2026-09-03T09:05:15Z,2026-09-03T09:05:14Z,2026-09-03T09:05:15Z,site_a,SIM,synthetic_demo,A-WAN-1,UP,1000.0,368.1301,367.26,0.0,73.05,2.425,0.108,0,DEGRADED,59.0,2.5,48,48,183,-61.9,17.681,4.997,1,7,0,31,0,211.0,0.0,0,0,MAINS,MAINS,1,0,54.24,92.0,48.4528,48.8116,-4.0,3.72714,3.72714,3.75474,3.75474,0.0,23.2,1094.907,,59.773,,CHARGE,0.0,0,,SYNTHETIC,0
doe-000,0,314,2026-09-03T09:05:14Z,2026-09-03T09:05:15Z,2026-09-03T09:05:14Z,2026-09-03T09:05:15Z,site_b,SIM,synthetic_demo,B-WAN-1,UP,1000.0,88.1034,88.03,0.0,77.98,1.9333,0.084,0,DEGRADED,59.0,2.5,6,6,57,-62.0,23.559,8.135,0,0,0,32,0,52.0,0.0,0,0,,,,,,,,,,,,,,,,,,,,,0.0,0,,SYNTHETIC,0
doe-000,0,315,2026-09-03T09:05:15Z,2026-09-03T09:05:16Z,2026-09-03T09:05:15Z,2026-09-03T09:05:16Z,site_a,SIM,synthetic_demo,A-WAN-1,UP,1000.0,422.3563,422.61,0.0,71.27,0.4872,0.12,0,DEGRADED,59.0,2.5,48,48,368,-62.4,22.307,6.833,1,4,0,31,0,277.0,0.0,0,0,MAINS,MAINS,1,0,54.24,92.0,48.453,48.8118,-4.0,3.72715,3.72715,3.75475,3.75475,0.0,23.2,1088.288,,60.139,,CHARGE,0.0,0,,SYNTHETIC,0
doe-000,0,315,2026-09-03T09:05:15Z,2026-09-03T09:05:16Z,2026-09-03T09:05:15Z,2026-09-03T09:05:16Z,site_b,SIM,synthetic_demo,B-WAN-1,UP,1000.0,82.26,81.68,0.0,76.43,0.3188,0.119,0,DEGRADED,59.0,2.5,6,6,61,-61.7,23.184,7.816,0,1,0,32,0,65.0,0.0,0,0,,,,,,,,,,,,,,,,,,,,,0.0,0,,SYNTHETIC,0
doe-000,0,316,2026-09-03T09:05:16Z,2026-09-03T09:05:17Z,2026-09-03T09:05:16Z,2026-09-03T09:05:17Z,site_a,SIM,synthetic_demo,A-WAN-1,UP,1000.0,443.0624,443.53,0.0,70.43,0.0306,0.073,0,DEGRADED,59.0,2.5,48,48,217,-61.4,18.556,5.337,0,2,0,31,0,416.0,0.0,0,0,MAINS,MAINS,1,0,54.37,92.0,48.4532,48.812,-4.0,3.72717,3.72717,3.75477,3.75477,0.0,23.2,1081.392,,60.525,,CHARGE,0.0,0,,SYNTHETIC,0
doe-000,0,316,2026-09-03T09:05:16Z,2026-09-03T09:05:17Z,2026-09-03T09:05:16Z,2026-09-03T09:05:17Z,site_b,SIM,synthetic_demo,B-WAN-1,UP,1000.0,72.8343,73.51,0.0,76.12,0.4431,0.103,0,DEGRADED,59.0,2.5,6,6,42,-63.0,20.827,7.301,0,1,0,32,0,49.0,0.0,0,0,,,,,,,,,,,,,,,,,,,,,0.0,0,,SYNTHETIC,0
doe-000,0,317,2026-09-03T09:05:17Z,2026-09-03T09:05:18Z,2026-09-03T09:05:17Z,2026-09-03T09:05:18Z,site_a,SIM,synthetic_demo,A-WAN-1,UP,1000.0,378.8806,378.08,0.0,71.87,0.8605,0.066,0,DEGRADED,59.0,2.5,48,48,197,-61.7,18.086,5.201,1,2,0,31,0,263.0,0.0,0,0,MAINS,MAINS,1,0,54.35,92.0,48.4534,48.8122,-4.0,3.72719,3.72719,3.75479,3.75479,0.0,23.1,1085.863,,60.279,,CHARGE,0.0,0,,SYNTHETIC,0
doe-000,0,317,2026-09-03T09:05:17Z,2026-09-03T09:05:18Z,2026-09-03T09:05:17Z,2026-09-03T09:05:18Z,site_b,SIM,synthetic_demo,B-WAN-1,UP,1000.0,118.0269,117.8,0.0,77.38,1.5377,0.102,0,DEGRADED,59.0,2.5,6,6,41,-63.6,20.977,7.16,0,0,0,32,0,89.0,0.0,0,0,,,,,,,,,,,,,,,,,,,,,0.0,0,,SYNTHETIC,0
doe-000,0,318,2026-09-03T09:05:18Z,2026-09-03T09:05:19Z,2026-09-03T09:05:18Z,2026-09-03T09:05:19Z,site_a,SIM,synthetic_demo,A-WAN-1,UP,1000.0,367.3992,366.96,0.0,72.37,0.5831,0.121,0,DEGRADED,59.0,2.5,48,48,282,-62.2,20.197,6.017,1,5,0,31,0,417.0,0.0,0,0,MAINS,MAINS,1,0,54.26,92.0,48.4536,48.8124,-4.0,3.7272,3.7272,3.7548,3.7548,0.0,23.1,1095.189,,59.768,,CHARGE,0.0,0,,SYNTHETIC,0
doe-000,0,318,2026-09-03T09:05:18Z,2026-09-03T09:05:19Z,2026-09-03T09:05:18Z,2026-09-03T09:05:19Z,site_b,SIM,synthetic_demo,B-WAN-1,UP,1000.0,69.0901,68.7,0.0,78.02,2.4559,0.114,0,DEGRADED,59.0,2.5,6,6,52,-60.0,25.638,7.138,0,2,0,32,0,74.0,0.0,0,0,,,,,,,,,,,,,,,,,,,,,0.0,0,,SYNTHETIC,0
doe-000,0,319,2026-09-03T09:05:19Z,2026-09-03T09:05:20Z,2026-09-03T09:05:19Z,2026-09-03T09:05:20Z,site_a,SIM,synthetic_demo,A-WAN-1,UP,1000.0,424.3366,424.44,0.0,73.55,1.9895,0.076,0,DEGRADED,59.0,2.5,48,48,145,-61.4,16.561,4.568,1,3,0,31,0,396.0,0.0,0,0,MAINS,MAINS,1,0,54.32,92.0,48.4538,48.8126,-4.0,3.72722,3.72722,3.75482,3.75482,0.0,23.1,1078.678,,60.686,,CHARGE,0.0,0,,SYNTHETIC,0
doe-000,0,319,2026-09-03T09:05:19Z,2026-09-03T09:05:20Z,2026-09-03T09:05:19Z,2026-09-03T09:05:20Z,site_b,SIM,synthetic_demo,B-WAN-1,UP,1000.0,84.6829,85.16,0.0,76.27,0.0652,0.092,0,DEGRADED,59.0,2.5,6,6,48,-62.0,24.462,6.984,0,0,0,32,0,65.0,0.0,0,0,,,,,,,,,,,,,,,,,,,,,0.0,0,,SYNTHETIC,0
doe-000,0,320,2026-09-03T09:05:20Z,2026-09-03T09:05:21Z,2026-09-03T09:05:20Z,2026-09-03T09:05:21Z,site_a,SIM,synthetic_demo,A-WAN-1,UP,1000.0,379.0499,380.11,0.0,72.85,1.7569,0.094,0,DEGRADED,59.0,2.5,48,48,208,-61.5,17.572,5.303,0,1,0,31,0,388.0,0.0,0,0,MAINS,MAINS,1,0,54.38,92.0,48.454,48.8128,-4.0,3.72723,3.72723,3.75483,3.75483,0.0,23.1,1094.558,,59.808,,CHARGE,0.0,0,,SYNTHETIC,0
doe-000,0,320,2026-09-03T09:05:20Z,2026-09-03T09:05:21Z,2026-09-03T09:05:20Z,2026-09-03T09:05:21Z,site_b,SIM,synthetic_demo,B-WAN-1,UP,1000.0,65.1407,64.29,0.0,78.84,2.0643,0.104,0,DEGRADED,59.0,2.5,6,6,17,-64.9,14.685,5.11,0,0,0,32,0,43.0,0.0,0,0,,,,,,,,,,,,,,,,,,,,,0.0,0,,SYNTHETIC,0
doe-000,0,321,2026-09-03T09:05:21Z,2026-09-03T09:05:22Z,2026-09-03T09:05:21Z,2026-09-03T09:05:22Z,site_a,SIM,synthetic_demo,A-WAN-1,UP,1000.0,423.5803,423.54,0.0,73.55,2.8322,0.077,0,DEGRADED,59.0,2.5,48,48,119,-62.1,15.016,4.395,1,2,0,31,0,283.0,0.0,0,0,MAINS,MAINS,1,0,54.33,92.0,48.4542,48.813,-4.0,3.72725,3.72725,3.75485,3.75485,0.0,23.2,1083.059,,60.446,,CHARGE,0.0,0,,SYNTHETIC,0
doe-000,0,321,2026-09-03T09:05:21Z,2026-09-03T09:05:22Z,2026-09-03T09:05:21Z,2026-09-03T09:05:22Z,site_b,SIM,synthetic_demo,B-WAN-1,UP,1000.0,70.3689,71.75,0.0,78.04,1.7445,0.098,0,DEGRADED,59.0,2.5,6,6,40,-60.8,21.045,6.457,0,1,0,32,0,31.0,0.0,0,0,,,,,,,,,,,,,,,,,,,,,0.0,0,,SYNTHETIC,0
doe-000,0,322,2026-09-03T09:05:22Z,2026-09-03T09:05:23Z,2026-09-03T09:05:22Z,2026-09-03T09:05:23Z,site_a,SIM,synthetic_demo,A-WAN-1,UP,1000.0,396.0847,395.26,0.0,73.54,2.1257,0.077,0,DEGRADED,59.0,2.5,48,48,122,-62.7,15.671,4.481,0,1,0,31,0,346.0,0.0,0,0,MAINS,MAINS,1,0,54.4,92.0,48.4545,48.8133,-4.0,3.72727,3.72727,3.75487,3.75487,0.0,23.0,1086.11,,60.279,,CHARGE,0.0,0,,SYNTHETIC,0
doe-000,0,322,2026-09-03T09:05:22Z,2026-09-03T09:05:23Z,2026-09-03T09:05:22Z,2026-09-03T09:05:23Z,site_b,SIM,synthetic_demo,B-WAN-1,UP,1000.0,74.6664,75.29,0.0,76.83,1.0405,0.1,0,DEGRADED,59.0,2.5,6,6,48,-60.4,22.988,6.842,0,0,0,32,0,69.0,0.0,0,0,,,,,,,,,,,,,,,,,,,,,0.0,0,,SYNTHETIC,0
doe-000,0,323,2026-09-03T09:05:23Z,2026-09-03T09:05:24Z,2026-09-03T09:05:23Z,2026-09-03T09:05:24Z,site_a,SIM,synthetic_demo,A-WAN-1,UP,1000.0,408.9043,407.9,0.0,74.4,2.9861,0.12,0,DEGRADED,59.0,2.5,48,48,242,-62.0,19.102,5.566,2,2,0,31,0,450.0,0.0,0,0,MAINS,MAINS,1,0,54.33,92.0,48.4547,48.8135,-4.0,3.72728,3.72728,3.75488,3.75488,0.0,23.2,1091.4,,59.989,,CHARGE,0.0,0,,SYNTHETIC,0
doe-000,0,323,2026-09-03T09:05:23Z,2026-09-03T09:05:24Z,2026-09-03T09:05:23Z,2026-09-03T09:05:24Z,site_b,SIM,synthetic_demo,B-WAN-1,UP,1000.0,84.1156,83.65,0.0,77.53,0.9558,0.111,0,DEGRADED,59.0,2.5,6,6,41,-61.1,21.461,6.398,0,1,0,32,0,85.0,0.0,0,0,,,,,,,,,,,,,,,,,,,,,0.0,0,,SYNTHETIC,0
doe-000,0,324,2026-09-03T09:05:24Z,2026-09-03T09:05:25Z,2026-09-03T09:05:24Z,2026-09-03T09:05:25Z,site_a,SIM,synthetic_demo,A-WAN-1,UP,1000.0,452.4416,451.93,0.0,74.57,3.9072,0.081,0,DEGRADED,59.0,2.5,48,48,151,-61.3,15.494,4.749,0,7,0,31,0,427.0,0.0,0,0,MAINS,MAINS,1,0,54.35,92.0,48.4549,48.8137,-4.0,3.7273,3.7273,3.7549,3.7549,0.0,23.3,1083.538,,60.427,,CHARGE,0.0,0,,SYNTHETIC,0
doe-000,0,324,2026-09-03T09:05:24Z,2026-09-03T09:05:25Z,2026-09-03T09:05:24Z,2026-09-03T09:05:25Z,site_b,SIM,synthetic_demo,B-WAN-1,UP,1000.0,67.8741,67.48,0.0,76.96,1.1002,0.118,0,DEGRADED,59.0,2.5,6,6,76,-61.4,29.38,9.268,0,0,0,32,0,69.0,0.0,0,0,,,,,,,,,,,,,,,,,,,,,0.0,0,,SYNTHETIC,0
doe-000,0,325,2026-09-03T09:05:25Z,2026-09-03T09:05:26Z,2026-09-03T09:05:25Z,2026-09-03T09:05:26Z,site_a,SIM,synthetic_demo,A-WAN-1,UP,1000.0,498.7721,499.12,0.0,73.58,1.8963,0.107,0,DEGRADED,59.0,2.5,48,48,271,-61.7,19.368,5.958,2,3,0,31,0,310.0,0.0,0,0,MAINS,MAINS,1,0,54.29,92.0,48.4551,48.8139,-4.0,3.72731,3.72731,3.75491,3.75491,0.0,23.3,1103.094,,59.359,,CHARGE,0.0,0,,SYNTHETIC|STALE,0
doe-000,0,325,2026-09-03T09:05:25Z,2026-09-03T09:05:26Z,2026-09-03T09:05:25Z,2026-09-03T09:05:26Z,site_b,SIM,synthetic_demo,B-WAN-1,UP,1000.0,66.6088,67.14,0.0,76.9,0.6317,0.102,0,DEGRADED,59.0,2.5,6,6,55,-63.8,22.157,7.802,0,0,0,32,0,69.0,0.0,0,0,,,,,,,,,,,,,,,,,,,,,0.0,0,,SYNTHETIC,0
doe-000,0,326,2026-09-03T09:05:26Z,2026-09-03T09:05:27Z,2026-09-03T09:05:26Z,2026-09-03T09:05:27Z,site_a,SIM,synthetic_demo,A-WAN-1,UP,1000.0,433.0588,432.81,0.0,75.27,3.5618,0.055,0,DEGRADED,59.0,2.5,48,48,258,-61.1,19.632,5.704,1,2,0,31,0,331.0,0.0,0,0,MAINS,MAINS,1,0,54.31,92.0,48.4553,48.8141,-4.0,3.72733,3.72733,3.75493,3.75493,0.0,23.154,1099.444,,59.559,,CHARGE,0.0,0,,SYNTHETIC|STALE,0
doe-000,0,326,2026-09-03T09:05:26Z,2026-09-03T09:05:27Z,2026-09-03T09:05:26Z,2026-09-03T09:05:27Z,site_b,SIM,synthetic_demo,B-WAN-1,UP,1000.0,94.6247,94.49,0.0,79.55,2.9659,0.109,0,DEGRADED,59.0,2.5,6,6,50,-63.6,25.784,7.466,0,0,0,32,0,81.0,0.0,0,0,,,,,,,,,,,,,,,,,,,,,0.0,0,,SYNTHETIC,0
doe-000,0,327,2026-09-03T09:05:27Z,2026-09-03T09:05:28Z,2026-09-03T09:05:27Z,2026-09-03T09:05:28Z,site_a,SIM,synthetic_demo,A-WAN-1,UP,1000.0,458.734,458.24,0.0,71.7,0.7341,0.036,0,DEGRADED,59.0,2.5,48,48,241,-62.8,19.613,5.742,2,0,0,31,0,309.0,0.0,0,0,MAINS,MAINS,1,0,54.34,92.0,48.4555,48.8143,-4.0,3.72735,3.72735,3.75495,3.75495,0.0,23.154,1096.528,,59.72,,CHARGE,0.0,0,,SYNTHETIC|STALE,0
doe-000,0,327,2026-09-03T09:05:27Z,2026-09-03T09:05:28Z,2026-09-03T09:05:27Z,2026-09-03T09:05:28Z,site_b,SIM,synthetic_demo,B-WAN-1,UP,1000.0,61.0055,60.89,0.0,79.05,3.6796,0.096,0,DEGRADED,59.0,2.5,6,6,46,-63.7,22.247,7.322,0,0,0,32,0,60.0,0.0,0,0,,,,,,,,,,,,,,,,,,,,,0.0,0,,SYNTHETIC,0
doe-000,0,328,2026-09-03T09:05:28Z,2026-09-03T09:05:29Z,2026-09-03T09:05:28Z,2026-09-03T09:05:29Z,site_a,SIM,synthetic_demo,A-WAN-1,UP,1000.0,493.962,495.11,0.0,72.32,1.7833,0.099,0,DEGRADED,59.0,2.5,48,48,257,-61.6,19.474,5.812,1,2,0,31,0,313.0,0.0,0,0,MAINS,MAINS,1,0,54.28,92.0,48.4557,48.8145,-4.0,3.72736,3.72736,3.75496,3.75496,0.0,23.154,1088.681,,60.153,,CHARGE,0.0,0,,SYNTHETIC|STALE,0
doe-000,0,328,2026-09-03T09:05:28Z,2026-09-03T09:05:29Z,2026-09-03T09:05:28Z,2026-09-03T09:05:29Z,site_b,SIM,synthetic_demo,B-WAN-1,UP,1000.0,66.0772,67.4,0.0,76.78,0.9759,0.116,0,DEGRADED,59.0,2.5,6,6,53,-64.0,23.429,7.819,0,1,0,32,0,91.0,0.0,0,0,,,,,,,,,,,,,,,,,,,,,0.0,0,,SYNTHETIC,0
doe-000,0,329,2026-09-03T09:05:29Z,2026-09-03T09:05:30Z,2026-09-03T09:05:29Z,2026-09-03T09:05:30Z,site_a,SIM,synthetic_demo,A-WAN-1,UP,1000.0,457.8666,457.4,0.0,73.79,1.9379,0.081,0,DEGRADED,59.0,2.5,48,48,233,-62.1,17.903,5.797,3,0,0,31,0,185.0,0.0,0,0,MAINS,MAINS,1,0,54.35,92.0,48.4559,48.8147,-4.0,3.72738,3.72738,3.75498,3.75498,0.0,23.154,1086.904,,60.254,,CHARGE,0.0,0,,SYNTHETIC|STALE,0
doe-000,0,329,2026-09-03T09:05:29Z,2026-09-03T09:05:30Z,2026-09-03T09:05:29Z,2026-09-03T09:05:30Z,site_b,SIM,synthetic_demo,B-WAN-1,UP,1000.0,76.9189,76.91,0.0,77.1,1.0893,0.088,0,DEGRADED,59.0,2.5,6,6,29,-61.4,19.652,5.835,0,0,0,32,0,57.0,0.0,0,0,,,,,,,,,,,,,,,,,,,,,0.0,0,,SYNTHETIC,0
doe-000,0,330,2026-09-03T09:05:30Z,2026-09-03T09:05:31Z,2026-09-03T09:05:30Z,2026-09-03T09:05:31Z,site_a,SIM,synthetic_demo,A-WAN-1,UP,1000.0,428.8539,428.83,0.0,17.79,1.7513,,0,UP,4.0,0.0,48,48,216,-62.6,17.91,5.49,0,3,0,31,0,459.0,0.0,0,0,MAINS,MAINS,1,0,54.35,92.0,48.4561,48.8149,-4.0,3.72739,3.72739,3.75499,3.75499,0.0,23.154,1094.415,,59.843,,CHARGE,0.0,0,,SYNTHETIC|GAP|MISSING_MCAR|STALE,0
doe-000,0,330,2026-09-03T09:05:30Z,2026-09-03T09:05:31Z,2026-09-03T09:05:30Z,2026-09-03T09:05:31Z,site_b,SIM,synthetic_demo,B-WAN-1,UP,1000.0,65.5799,66.97,0.0,21.15,0.5486,0.111,0,UP,4.0,0.0,6,6,51,-61.3,23.852,7.211,1,1,0,32,0,102.0,0.0,0,0,,,,,,,,,,,,,,,,,,,,,0.0,0,,SYNTHETIC,0
doe-000,0,331,2026-09-03T09:05:31Z,2026-09-03T09:05:32Z,2026-09-03T09:05:31Z,2026-09-03T09:05:32Z,site_a,SIM,synthetic_demo,A-WAN-1,UP,1000.0,451.2483,451.17,0.0,17.72,1.5573,0.061,0,UP,4.0,0.0,48,48,441,-60.8,24.09,7.375,3,3,0,31,0,399.0,0.0,0,0,MAINS,MAINS,1,0,54.35,92.0,48.4563,48.8151,-4.0,3.72741,3.72741,3.75501,3.75501,0.0,23.154,1089.943,,60.091,,CHARGE,0.0,0,,SYNTHETIC|STALE,0
doe-000,0,331,2026-09-03T09:05:31Z,2026-09-03T09:05:32Z,2026-09-03T09:05:31Z,2026-09-03T09:05:32Z,site_b,SIM,synthetic_demo,B-WAN-1,UP,1000.0,67.9831,67.75,0.0,21.43,0.1793,0.09,0,UP,4.0,0.0,6,6,53,-62.3,22.033,7.144,0,2,0,32,0,58.0,0.0,0,0,,,,,,,,,,,,,,,,,,,,,0.0,0,,SYNTHETIC,0
doe-000,0,332,2026-09-03T09:05:32Z,2026-09-03T09:05:33Z,2026-09-03T09:05:32Z,2026-09-03T09:05:33Z,site_a,SIM,synthetic_demo,A-WAN-1,UP,1000.0,457.3941,458.07,0.0,16.21,0.3254,0.081,0,UP,4.0,0.0,48,48,224,-61.6,17.908,5.572,2,2,0,31,0,393.0,0.0,0,0,MAINS,MAINS,1,0,54.38,92.0,48.4566,48.8154,-4.0,3.72743,3.72743,3.75503,3.75503,0.0,23.154,1086.435,,60.288,,CHARGE,0.0,0,,SYNTHETIC|STALE,0
doe-000,0,332,2026-09-03T09:05:32Z,2026-09-03T09:05:33Z,2026-09-03T09:05:32Z,2026-09-03T09:05:33Z,site_b,SIM,synthetic_demo,B-WAN-1,UP,1000.0,71.539,71.56,0.0,21.18,0.2263,0.067,0,UP,4.0,0.0,6,6,46,-63.1,23.136,6.551,0,2,0,32,0,68.0,0.0,0,0,,,,,,,,,,,,,,,,,,,,,0.0,0,,SYNTHETIC,0
doe-000,0,333,2026-09-03T09:05:33Z,2026-09-03T09:05:34Z,2026-09-03T09:05:33Z,2026-09-03T09:05:34Z,site_a,SIM,synthetic_demo,A-WAN-1,UP,1000.0,438.1007,437.5,0.0,15.84,0.1986,0.099,0,UP,4.0,0.0,48,48,232,-62.0,18.455,5.551,5,1,0,31,0,287.0,0.0,0,0,MAINS,MAINS,1,0,54.46,92.0,48.4568,48.8156,-4.0,3.72744,3.72744,3.75504,3.75504,0.0,23.1,1094.288,,59.858,,CHARGE,0.0,0,,SYNTHETIC,0
doe-000,0,333,2026-09-03T09:05:33Z,2026-09-03T09:05:34Z,2026-09-03T09:05:33Z,2026-09-03T09:05:34Z,site_b,SIM,synthetic_demo,B-WAN-1,UP,1000.0,70.7171,70.12,0.0,22.26,1.7359,0.099,0,UP,4.0,0.0,6,6,37,-62.4,20.566,5.904,0,0,0,32,0,54.0,0.0,0,0,,,,,,,,,,,,,,,,,,,,,0.0,0,,SYNTHETIC,0
doe-000,0,334,2026-09-03T09:05:34Z,2026-09-03T09:05:35Z,2026-09-03T09:05:34Z,2026-09-03T09:05:35Z,site_a,SIM,synthetic_demo,A-WAN-1,UP,1000.0,452.57,452.71,0.0,16.79,1.3743,0.097,0,UP,4.0,0.0,48,48,100,-61.8,14.442,4.454,3,3,0,31,0,395.0,0.0,0,0,MAINS,MAINS,1,0,54.28,92.0,48.457,48.8158,-4.0,3.72746,3.72746,3.75506,3.75506,0.0,23.1,1086.148,,60.31,,CHARGE,0.0,0,,SYNTHETIC,0
doe-000,0,334,2026-09-03T09:05:34Z,2026-09-03T09:05:35Z,2026-09-03T09:05:34Z,2026-09-03T09:05:35Z,site_b,SIM,synthetic_demo,B-WAN-1,UP,1000.0,65.1954,64.99,0.0,21.46,1.0433,0.114,0,UP,4.0,0.0,6,6,29,-59.0,19.206,4.941,1,0,0,32,0,73.0,0.0,0,0,,,,,,,,,,,,,,,,,,,,,0.0,0,,SYNTHETIC,0
doe-000,0,335,2026-09-03T09:05:35Z,2026-09-03T09:05:36Z,2026-09-03T09:05:35Z,2026-09-03T09:05:36Z,site_a,SIM,synthetic_demo,A-WAN-1,UP,1000.0,435.9642,435.27,0.0,18.9,2.9206,0.078,0,UP,4.0,0.0,48,48,169,-61.9,17.046,4.97,1,5,0,31,0,332.0,0.0,0,0,MAINS,MAINS,1,0,54.26,92.0,48.4572,48.816,-4.0,3.72748,3.72748,3.75508,3.75508,0.0,23.1,1103.28,,59.376,,CHARGE,0.0,0,,SYNTHETIC,0
doe-000,0,335,2026-09-03T09:05:35Z,2026-09-03T09:05:36Z,2026-09-03T09:05:35Z,2026-09-03T09:05:36Z,site_b,SIM,synthetic_demo,B-WAN-1,UP,1000.0,74.7698,75.71,0.0,21.83,0.7049,0.102,0,UP,4.0,0.0,6,6,23,-63.3,17.552,5.449,0,0,0,32,0,45.0,0.0,0,0,,,,,,,,,,,,,,,,,,,,,0.0,0,,SYNTHETIC,0
doe-000,0,336,2026-09-03T09:05:36Z,2026-09-03T09:05:37Z,2026-09-03T09:05:36Z,2026-09-03T09:05:37Z,site_a,SIM,synthetic_demo,A-WAN-1,UP,1000.0,503.1215,503.36,0.0,16.26,0.5567,0.092,0,UP,4.0,0.0,48,48,383,-62.1,22.15,7.093,1,7,0,31,0,319.0,0.0,0,0,MAINS,MAINS,1,0,,92.0,48.4574,48.8162,-4.0,3.72749,3.72749,3.75509,3.75509,0.0,23.2,1091.177,,60.037,,CHARGE,0.0,0,,SYNTHETIC|GAP|MISSING_MAR,0
doe-000,0,336,2026-09-03T09:05:36Z,2026-09-03T09:05:37Z,2026-09-03T09:05:36Z,2026-09-03T09:05:37Z,site_b,SIM,synthetic_demo,B-WAN-1,UP,1000.0,60.4476,60.03,0.0,21.44,0.4478,0.09,0,UP,4.0,0.0,6,6,33,-61.8,20.059,6.152,0,0,0,32,0,19.0,0.0,0,0,,,,,,,,,,,,,,,,,,,,,0.0,0,,SYNTHETIC,0
doe-000,0,337,2026-09-03T09:05:37Z,2026-09-03T09:05:38Z,2026-09-03T09:05:37Z,2026-09-03T09:05:38Z,site_a,SIM,synthetic_demo,A-WAN-1,UP,1000.0,376.0477,376.9,0.0,17.85,1.6578,0.073,0,UP,4.0,0.0,48,48,176,-62.0,17.1,5.184,1,1,0,31,0,241.0,0.0,0,0,MAINS,MAINS,1,0,54.37,92.0,48.4576,48.8164,-4.0,3.72751,3.72751,3.75511,3.75511,0.0,23.3,1087.419,,60.247,,CHARGE,0.0,0,,SYNTHETIC,0
doe-000,0,337,2026-09-03T09:05:37Z,2026-09-03T09:05:38Z,2026-09-03T09:05:37Z,2026-09-03T09:05:38Z,site_b,SIM,synthetic_demo,B-WAN-1,UP,1000.0,77.4607,76.92,0.0,23.04,1.2303,0.122,0,UP,4.0,0.0,6,6,71,-62.0,29.397,8.566,0,0,0,32,0,74.0,0.0,0,0,,,,,,,,,,,,,,,,,,,,,0.0,0,,SYNTHETIC,0
doe-000,0,338,2026-09-03T09:05:38Z,2026-09-03T09:05:39Z,2026-09-03T09:05:38Z,2026-09-03T09:05:39Z,site_a,SIM,synthetic_demo,A-WAN-1,UP,1000.0,420.8286,420.78,0.0,17.82,1.869,0.096,0,UP,4.0,0.0,48,48,142,-60.9,16.214,4.572,0,1,0,31,0,220.0,0.0,0,0,MAINS,MAINS,1,0,54.31,92.0,48.4578,48.8166,-4.0,3.72752,3.72752,3.75512,3.75512,0.0,23.1,1082.515,,60.523,,CHARGE,0.0,0,,SYNTHETIC,0
doe-000,0,338,2026-09-03T09:05:38Z,2026-09-03T09:05:39Z,2026-09-03T09:05:38Z,2026-09-03T09:05:39Z,site_b,SIM,synthetic_demo,B-WAN-1,UP,1000.0,65.1739,64.32,0.0,23.99,3.0673,0.068,0,UP,4.0,0.0,6,6,40,-61.9,20.866,6.07,0,0,0,32,0,64.0,0.0,0,0,,,,,,,,,,,,,,,,,,,,,0.0,0,,SYNTHETIC,0
doe-000,0,339,2026-09-03T09:05:39Z,2026-09-03T09:05:40Z,2026-09-03T09:05:39Z,2026-09-03T09:05:40Z,site_a,SIM,synthetic_demo,A-WAN-1,UP,1000.0,434.8071,435.18,0.0,16.2,0.9172,0.077,0,UP,4.0,0.0,48,48,191,-62.9,17.524,5.428,1,0,0,31,0,225.0,0.0,0,0,MAINS,MAINS,1,0,54.38,92.0,48.458,48.8168,-4.0,3.72754,3.72754,3.75514,3.75514,0.0,23.1,1088.491,,60.193,,CHARGE,0.0,0,,SYNTHETIC,0
doe-000,0,339,2026-09-03T09:05:39Z,2026-09-03T09:05:40Z,2026-09-03T09:05:39Z,2026-09-03T09:05:40Z,site_b,SIM,synthetic_demo,B-WAN-1,UP,1000.0,65.6863,66.54,0.0,22.28,0.9524,0.099,0,UP,4.0,0.0,6,6,49,-62.0,24.544,7.212,0,0,0,32,0,56.0,0.0,0,0,,,,,,,,,,,,,,,,,,,,,0.0,0,,SYNTHETIC,0
doe-000,0,340,2026-09-03T09:05:40Z,2026-09-03T09:05:41Z,2026-09-03T09:05:40Z,2026-09-03T09:05:41Z,site_a,SIM,synthetic_demo,A-WAN-1,UP,1000.0,466.3464,466.32,0.0,18.67,2.6847,0.097,0,UP,4.0,0.0,48,48,234,-60.8,18.371,5.515,1,2,0,31,0,392.0,0.0,0,0,MAINS,MAINS,1,0,54.26,92.0,48.4582,48.817,-4.0,3.72756,3.72756,3.75516,3.75516,0.0,23.1,1088.061,,60.22,,CHARGE,0.0,0,,SYNTHETIC,0
doe-000,0,340,2026-09-03T09:05:40Z,2026-09-03T09:05:41Z,2026-09-03T09:05:40Z,2026-09-03T09:05:41Z,site_b,SIM,synthetic_demo,B-WAN-1,UP,1000.0,93.8545,93.99,0.0,24.01,2.7545,0.115,0,UP,4.0,0.0,6,6,39,-60.6,20.058,6.151,0,0,0,32,0,61.0,0.0,0,0,,,,,,,,,,,,,,,,,,,,,0.0,0,,SYNTHETIC,0
doe-000,0,341,2026-09-03T09:05:41Z,2026-09-03T09:05:42Z,2026-09-03T09:05:41Z,2026-09-03T09:05:42Z,site_a,SIM,synthetic_demo,A-WAN-1,UP,1000.0,368.0079,368.53,0.0,17.1,0.9521,0.073,0,UP,4.0,0.0,48,48,110,-62.3,15.417,4.495,0,3,0,31,0,285.0,0.0,0,0,MAINS,MAINS,1,0,54.45,92.0,48.4584,48.8172,-4.0,3.72757,3.72757,3.75517,3.75517,0.0,23.3,1089.489,,60.144,,CHARGE,0.0,0,,SYNTHETIC,0
doe-000,0,341,2026-09-03T09:05:41Z,2026-09-03T09:05:42Z,2026-09-03T09:05:41Z,2026-09-03T09:05:42Z,site_b,SIM,synthetic_demo,B-WAN-1,UP,1000.0,64.2233,64.14,0.0,22.74,1.9659,0.105,0,UP,4.0,0.0,6,6,25,-61.1,16.267,5.516,0,0,0,32,0,48.0,0.0,0,0,,,,,,,,,,,,,,,,,,,,,0.0,0,,SYNTHETIC,0
doe-000,0,342,2026-09-03T09:05:42Z,2026-09-03T09:05:43Z,2026-09-03T09:05:42Z,2026-09-03T09:05:43Z,site_a,SIM,synthetic_demo,A-WAN-1,UP,1000.0,448.778,448.17,0.0,18.12,2.2018,0.083,0,UP,4.0,0.0,48,48,338,-62.2,21.528,6.381,0,5,0,31,0,331.0,0.0,0,0,MAINS,MAINS,1,0,54.39,92.0,48.4586,48.8174,-4.0,3.72759,3.72759,3.75519,3.75519,0.0,23.2,1090.307,,60.101,,CHARGE,0.0,0,,SYNTHETIC,0
doe-000,0,342,2026-09-03T09:05:42Z,2026-09-03T09:05:43Z,2026-09-03T09:05:42Z,2026-09-03T09:05:43Z,site_b,SIM,synthetic_demo,B-WAN-1,UP,1000.0,64.5284,64.76,0.0,21.88,1.1249,0.078,0,UP,4.0,0.0,6,6,68,-62.2,26.445,8.254,3,0,0,32,0,82.0,0.0,0,0,,,,,,,,,,,,,,,,,,,,,0.0,0,,SYNTHETIC,0
doe-000,0,343,2026-09-03T09:05:43Z,2026-09-03T09:05:44Z,2026-09-03T09:05:43Z,2026-09-03T09:05:44Z,site_a,SIM,synthetic_demo,A-WAN-1,UP,1000.0,424.4695,424.44,0.0,17.51,2.0065,0.074,0,UP,4.0,0.0,48,48,146,-62.2,15.712,4.796,2,3,0,31,0,332.0,0.0,0,0,MAINS,MAINS,1,0,54.37,92.0,48.4589,48.8177,-4.0,3.7276,3.7276,3.7552,3.7552,0.0,23.2,1082.82,,60.519,,CHARGE,0.0,0,,SYNTHETIC,0
doe-000,0,343,2026-09-03T09:05:43Z,2026-09-03T09:05:44Z,2026-09-03T09:05:43Z,2026-09-03T09:05:44Z,site_b,SIM,synthetic_demo,B-WAN-1,UP,1000.0,70.3644,70.21,0.0,22.81,0.9943,0.074,0,UP,4.0,0.0,6,6,51,-62.0,22.377,6.321,0,1,0,32,0,50.0,0.0,0,0,,,,,,,,,,,,,,,,,,,,,0.0,0,,SYNTHETIC,0
doe-000,0,344,2026-09-03T09:05:44Z,2026-09-03T09:05:45Z,2026-09-03T09:05:44Z,2026-09-03T09:05:45Z,site_a,SIM,synthetic_demo,A-WAN-1,UP,1000.0,427.4252,427.76,0.0,16.63,0.4068,0.054,0,UP,4.0,0.0,48,48,194,-62.4,17.25,5.405,2,2,0,31,0,275.0,0.0,0,0,MAINS,MAINS,1,0,54.43,92.0,48.4591,48.8179,-4.0,3.72762,3.72762,3.75522,3.75522,0.0,23.2,1084.498,,60.429,,CHARGE,0.0,0,,SYNTHETIC,0
doe-000,0,344,2026-09-03T09:05:44Z,2026-09-03T09:05:45Z,2026-09-03T09:05:44Z,2026-09-03T09:05:45Z,site_b,SIM,synthetic_demo,B-WAN-1,UP,1000.0,84.887,85.27,0.0,22.13,0.8437,0.079,0,UP,4.0,0.0,6,6,25,-61.5,18.573,4.8,0,0,0,32,0,57.0,0.0,0,0,,,,,,,,,,,,,,,,,,,,,0.0,0,,SYNTHETIC,0
doe-000,0,345,2026-09-03T09:05:45Z,2026-09-03T09:05:46Z,2026-09-03T09:05:45Z,2026-09-03T09:05:46Z,site_a,SIM,synthetic_demo,A-WAN-1,UP,1000.0,385.6959,385.5,0.0,16.65,0.8573,0.094,0,UP,4.0,0.0,48,48,251,-61.9,18.705,5.58,0,4,0,31,0,253.0,0.0,0,0,MAINS,MAINS,1,0,54.38,92.0,48.4593,48.8181,-4.0,3.72764,3.72764,3.75524,3.75524,0.0,23.2,1104.913,,59.315,,CHARGE,0.0,0,,SYNTHETIC,0
doe-000,0,345,2026-09-03T09:05:45Z,2026-09-03T09:05:46Z,2026-09-03T09:05:45Z,2026-09-03T09:05:46Z,site_b,SIM,synthetic_demo,B-WAN-1,UP,1000.0,70.9008,71.11,0.0,21.53,0.2244,0.104,0,UP,4.0,0.0,6,6,56,-62.4,27.011,7.249,1,0,0,32,0,35.0,0.0,0,0,,,,,,,,,,,,,,,,,,,,,0.0,0,,SYNTHETIC,0
doe-000,0,346,2026-09-03T09:05:46Z,2026-09-03T09:05:47Z,2026-09-03T09:05:46Z,2026-09-03T09:05:47Z,site_a,SIM,synthetic_demo,A-WAN-1,UP,1000.0,427.4096,428.45,0.0,20.24,3.7606,0.116,0,UP,4.0,0.0,48,48,284,-62.3,20.044,6.084,2,1,0,31,0,307.0,0.0,0,0,MAINS,MAINS,1,0,54.38,92.0,48.4595,48.8183,-4.0,3.72765,3.72765,3.75525,3.75525,0.0,23.0,1082.968,,60.519,,CHARGE,0.0,0,,SYNTHETIC,0
doe-000,0,346,2026-09-03T09:05:46Z,2026-09-03T09:05:47Z,2026-09-03T09:05:46Z,2026-09-03T09:05:47Z,site_b,SIM,synthetic_demo,B-WAN-1,UP,1000.0,114.2513,113.81,0.0,23.08,2.0661,0.104,0,UP,4.0,0.0,6,6,84,-63.1,31.624,9.801,0,0,0,32,0,61.0,0.0,0,0,,,,,,,,,,,,,,,,,,,,,0.0,0,,SYNTHETIC,0
doe-000,0,347,2026-09-03T09:05:47Z,2026-09-03T09:05:48Z,2026-09-03T09:05:47Z,2026-09-03T09:05:48Z,site_a,SIM,synthetic_demo,A-WAN-1,UP,1000.0,478.3753,478.17,0.0,16.49,0.7581,0.112,0,UP,4.0,0.0,48,48,142,-61.4,16.096,4.838,0,2,0,31,0,281.0,0.0,0,0,MAINS,MAINS,1,0,54.35,92.0,48.4597,48.8185,-4.0,3.72767,3.72767,3.75527,3.75527,0.0,23.3,1103.818,,59.379,,CHARGE,0.0,0,,SYNTHETIC,0
doe-000,0,347,2026-09-03T09:05:47Z,2026-09-03T09:05:48Z,2026-09-03T09:05:47Z,2026-09-03T09:05:48Z,site_b,SIM,synthetic_demo,B-WAN-1,UP,1000.0,75.804,76.75,0.0,22.89,1.6321,0.132,0,UP,4.0,0.0,6,6,46,-62.1,22.224,7.147,0,0,0,32,0,61.0,0.0,0,0,,,,,,,,,,,,,,,,,,,,,0.0,0,,SYNTHETIC,0
doe-000,0,348,2026-09-03T09:05:48Z,2026-09-03T09:05:49Z,2026-09-03T09:05:48Z,2026-09-03T09:05:49Z,site_a,SIM,synthetic_demo,A-WAN-1,UP,1000.0,433.5733,433.31,0.0,16.39,0.0688,0.111,0,UP,4.0,0.0,48,48,269,-62.6,19.287,5.846,0,2,0,31,0,186.0,0.0,0,0,MAINS,MAINS,1,0,54.34,92.0,48.4599,48.8187,-4.0,3.72769,3.72769,3.75529,3.75529,0.0,23.1,1098.177,,59.687,,CHARGE,0.0,0,,SYNTHETIC,0
doe-000,0,348,2026-09-03T09:05:48Z,2026-09-03T09:05:49Z,2026-09-03T09:05:48Z,2026-09-03T09:05:49Z,site_b,SIM,synthetic_demo,B-WAN-1,UP,1000.0,85.235,84.87,0.0,22.79,1.6724,0.11,0,UP,4.0,0.0,6,6,32,-63.7,21.422,6.175,2,0,0,32,0,43.0,0.0,0,0,,,,,,,,,,,,,,,,,,,,,0.0,0,,SYNTHETIC,0
doe-000,0,349,2026-09-03T09:05:49Z,2026-09-03T09:05:50Z,2026-09-03T09:05:49Z,2026-09-03T09:05:50Z,site_a,SIM,synthetic_demo,A-WAN-1,UP,1000.0,432.0731,432.61,0.0,16.26,0.5423,0.134,0,UP,4.0,0.0,48,48,132,-62.1,15.268,4.615,1,1,0,31,0,173.0,0.0,0,0,MAINS,MAINS,1,0,54.43,92.0,48.4601,48.8189,-4.0,3.7277,3.7277,3.7553,3.7553,0.0,23.1,1078.138,,60.799,,CHARGE,0.0,0,,SYNTHETIC,0
doe-000,0,349,2026-09-03T09:05:49Z,2026-09-03T09:05:50Z,2026-09-03T09:05:49Z,2026-09-03T09:05:50Z,site_b,SIM,synthetic_demo,B-WAN-1,UP,1000.0,82.6648,82.56,0.0,21.76,1.8084,0.127,0,UP,4.0,0.0,6,6,37,-60.3,21.613,6.183,0,0,0,32,0,58.0,0.0,0,0,,,,,,,,,,,,,,,,,,,,,0.0,0,,SYNTHETIC,0
doe-000,0,350,2026-09-03T09:05:50Z,2026-09-03T09:05:51Z,2026-09-03T09:05:50Z,2026-09-03T09:05:51Z,site_a,SIM,synthetic_demo,A-WAN-1,UP,1000.0,516.1028,,0.0,16.71,0.9583,0.065,0,UP,4.0,0.0,48,48,177,-62.3,17.892,5.26,0,5,0,31,0,307.0,0.0,0,0,MAINS,MAINS,1,0,54.41,92.0,48.4603,48.8191,-4.0,3.72772,3.72772,3.75532,3.75532,0.0,23.1,1093.523,,59.946,,CHARGE,0.0,0,,SYNTHETIC|GAP|MISSING_MAR,0
doe-000,0,350,2026-09-03T09:05:50Z,2026-09-03T09:05:51Z,2026-09-03T09:05:50Z,2026-09-03T09:05:51Z,site_b,SIM,synthetic_demo,B-WAN-1,UP,1000.0,82.4578,82.72,0.0,22.31,1.122,0.099,0,UP,4.0,0.0,6,6,70,-62.4,28.389,8.793,0,2,0,32,0,46.0,0.0,0,0,,,,,,,,,,,,,,,,,,,,,0.0,0,,SYNTHETIC,0
doe-000,0,351,2026-09-03T09:05:51Z,2026-09-03T09:05:52Z,2026-09-03T09:05:51Z,2026-09-03T09:05:52Z,site_a,SIM,synthetic_demo,A-WAN-1,UP,1000.0,392.4245,393.28,0.0,21.18,5.1513,0.095,0,UP,4.0,0.0,48,48,159,-62.6,16.782,4.788,0,4,0,31,0,256.0,0.0,0,0,MAINS,MAINS,1,0,54.36,92.0,48.4605,48.8193,-4.0,3.72773,3.72773,3.75533,3.75533,0.0,22.9,1095.524,,59.839,,CHARGE,0.0,0,,SYNTHETIC,0
doe-000,0,351,2026-09-03T09:05:51Z,2026-09-03T09:05:52Z,2026-09-03T09:05:51Z,2026-09-03T09:05:52Z,site_b,SIM,synthetic_demo,B-WAN-1,UP,1000.0,76.634,76.97,0.0,21.26,0.732,0.128,0,UP,4.0,0.0,6,6,35,-64.0,19.24,6.505,1,0,0,32,0,60.0,0.0,0,0,,,,,,,,,,,,,,,,,,,,,0.0,0,,SYNTHETIC,0
doe-000,0,352,2026-09-03T09:05:52Z,2026-09-03T09:05:53Z,2026-09-03T09:05:52Z,2026-09-03T09:05:53Z,site_a,SIM,synthetic_demo,A-WAN-1,UP,1000.0,389.9194,390.66,0.0,18.11,1.9124,0.085,0,UP,4.0,0.0,48,48,356,-62.4,22.031,6.734,1,2,0,31,0,345.0,0.0,0,0,MAINS,MAINS,1,0,54.33,92.0,48.4607,48.8195,-4.0,3.72775,3.72775,3.75535,3.75535,0.0,23.2,1091.86,,60.043,,CHARGE,0.0,0,,SYNTHETIC,0
doe-000,0,352,2026-09-03T09:05:52Z,2026-09-03T09:05:53Z,2026-09-03T09:05:52Z,2026-09-03T09:05:53Z,site_b,SIM,synthetic_demo,B-WAN-1,UP,1000.0,68.0078,68.49,0.0,23.56,2.5877,0.093,0,UP,4.0,0.0,6,6,36,-62.0,18.972,6.177,0,1,0,32,0,48.0,0.0,0,0,,,,,,,,,,,,,,,,,,,,,0.0,0,,SYNTHETIC,0
doe-000,0,353,2026-09-03T09:05:53Z,2026-09-03T09:05:54Z,2026-09-03T09:05:53Z,2026-09-03T09:05:54Z,site_a,SIM,synthetic_demo,A-WAN-1,UP,1000.0,402.8924,402.25,0.0,16.87,0.2271,0.064,0,UP,4.0,0.0,48,48,122,-62.1,15.456,4.541,0,4,0,31,0,195.0,0.0,0,0,MAINS,MAINS,1,0,54.33,92.0,48.461,48.8198,-4.0,3.72777,3.72777,3.75537,3.75537,0.0,23.2,1084.931,,60.429,,CHARGE,0.0,0,,SYNTHETIC,0
doe-000,0,353,2026-09-03T09:05:53Z,2026-09-03T09:05:54Z,2026-09-03T09:05:53Z,2026-09-03T09:05:54Z,site_b,SIM,synthetic_demo,B-WAN-1,UP,1000.0,60.2284,60.28,0.0,22.15,1.4868,0.083,0,UP,4.0,0.0,6,6,11,-62.6,17.548,5.232,0,0,0,32,0,41.0,0.0,0,0,,,,,,,,,,,,,,,,,,,,,0.0,0,,SYNTHETIC,0
doe-000,0,354,2026-09-03T09:05:54Z,2026-09-03T09:05:55Z,2026-09-03T09:05:54Z,2026-09-03T09:05:55Z,site_a,SIM,synthetic_demo,A-WAN-1,UP,1000.0,414.0582,413.38,0.0,18.05,1.6141,0.089,0,UP,4.0,0.0,48,48,312,-61.9,21.001,6.496,0,2,0,31,0,290.0,0.0,0,0,MAINS,MAINS,1,0,54.25,92.0,48.4612,48.82,-4.0,3.72778,3.72778,3.75538,3.75538,0.0,23.2,1101.139,,59.542,,CHARGE,0.0,0,,SYNTHETIC,0
doe-000,0,354,2026-09-03T09:05:54Z,2026-09-03T09:05:55Z,2026-09-03T09:05:54Z,2026-09-03T09:05:55Z,site_b,SIM,synthetic_demo,B-WAN-1,UP,1000.0,58.4713,57.76,0.0,22.97,2.0534,0.109,0,UP,4.0,0.0,6,6,19,-63.3,17.699,5.034,0,0,0,32,0,32.0,0.0,0,0,,,,,,,,,,,,,,,,,,,,,0.0,0,,SYNTHETIC,0
doe-000,0,355,2026-09-03T09:05:55Z,2026-09-03T09:05:56Z,2026-09-03T09:05:55Z,2026-09-03T09:05:56Z,site_a,SIM,synthetic_demo,A-WAN-1,UP,1000.0,432.1289,431.45,0.0,16.98,1.2624,0.097,0,UP,4.0,0.0,48,48,169,-62.4,16.4,4.836,2,4,0,31,0,407.0,0.0,0,0,MAINS,MAINS,1,0,54.35,92.0,48.4614,48.8202,-4.0,3.7278,3.7278,3.7554,3.7554,0.0,23.3,1100.059,,59.603,,CHARGE,0.0,0,,SYNTHETIC,0
doe-000,0,355,2026-09-03T09:05:55Z,2026-09-03T09:05:56Z,2026-09-03T09:05:55Z,2026-09-03T09:05:56Z,site_b,SIM,synthetic_demo,B-WAN-1,UP,1000.0,54.4261,53.21,0.0,23.55,2.7046,0.116,0,UP,4.0,0.0,6,6,38,-63.2,20.434,6.938,0,0,0,32,0,27.0,0.0,0,0,,,,,,,,,,,,,,,,,,,,,0.0,0,,SYNTHETIC,0
doe-000,0,356,2026-09-03T09:05:56Z,2026-09-03T09:05:57Z,2026-09-03T09:05:56Z,2026-09-03T09:05:57Z,site_a,SIM,synthetic_demo,A-WAN-1,UP,1000.0,506.1734,505.62,0.0,19.38,3.0764,0.075,0,UP,4.0,0.0,48,48,117,-62.6,16.104,4.671,0,1,0,31,0,346.0,0.0,0,0,MAINS,MAINS,1,0,54.48,92.0,48.4616,48.8204,-4.0,3.72781,3.72781,3.75541,3.75541,0.0,23.1,1101.038,,59.553,,CHARGE,0.0,0,,SYNTHETIC,0
doe-000,0,356,2026-09-03T09:05:56Z,2026-09-03T09:05:57Z,2026-09-03T09:05:56Z,2026-09-03T09:05:57Z,site_b,SIM,synthetic_demo,B-WAN-1,UP,1000.0,66.5249,66.16,0.0,24.45,3.7652,0.096,0,UP,4.0,0.0,6,6,67,-62.3,30.935,8.313,1,0,0,32,0,52.0,0.0,0,0,,,,,,,,,,,,,,,,,,,,,0.0,0,,SYNTHETIC,0
doe-000,0,357,2026-09-03T09:05:57Z,2026-09-03T09:05:58Z,2026-09-03T09:05:57Z,2026-09-03T09:05:58Z,site_a,SIM,synthetic_demo,A-WAN-1,UP,1000.0,432.1826,432.76,0.0,15.86,0.1423,0.059,0,UP,4.0,0.0,48,48,177,-62.1,17.164,5.303,0,2,0,31,0,263.0,0.0,0,0,MAINS,MAINS,1,0,54.43,92.0,48.4618,48.8206,-4.0,3.72783,3.72783,3.75543,3.75543,0.0,23.2,1085.29,,60.42,,CHARGE,0.0,0,,SYNTHETIC,0
doe-000,0,357,2026-09-03T09:05:57Z,2026-09-03T09:05:58Z,2026-09-03T09:05:57Z,2026-09-03T09:05:58Z,site_b,SIM,synthetic_demo,B-WAN-1,UP,1000.0,93.0301,93.63,0.0,21.48,0.8138,0.136,0,UP,4.0,0.0,6,6,40,-62.7,19.021,6.44,0,0,0,32,0,84.0,0.0,0,0,,,,,,,,,,,,,,,,,,,,,0.0,0,,SYNTHETIC,0
doe-000,0,358,2026-09-03T09:05:58Z,2026-09-03T09:05:59Z,2026-09-03T09:05:58Z,2026-09-03T09:05:59Z,site_a,SIM,synthetic_demo,A-WAN-1,UP,1000.0,454.5581,454.27,0.0,15.41,0.0685,0.067,0,UP,4.0,0.0,48,48,218,-63.0,18.08,5.606,0,3,0,31,0,329.0,0.0,0,0,MAINS,MAINS,1,0,54.37,92.0,48.462,48.8208,-4.0,3.72785,3.72785,3.75545,3.75545,0.0,23.3,1097.58,,59.746,,CHARGE,0.0,0,,SYNTHETIC|STALE,0
doe-000,0,358,2026-09-03T09:05:58Z,2026-09-03T09:05:59Z,2026-09-03T09:05:58Z,2026-09-03T09:05:59Z,site_b,SIM,synthetic_demo,B-WAN-1,UP,1000.0,58.9372,59.77,0.0,23.31,1.6326,0.09,0,UP,4.0,0.0,6,6,53,-62.92,24.001,7.061,0,0,0,32,0,50.0,0.0,0,0,,,,,,,,,,,,,,,,,,,,,0.0,0,,SYNTHETIC|STALE,0
doe-000,0,359,2026-09-03T09:05:59Z,2026-09-03T09:06:00Z,2026-09-03T09:05:59Z,2026-09-03T09:06:00Z,site_a,SIM,synthetic_demo,A-WAN-1,UP,1000.0,401.9642,403.15,0.0,19.57,3.3692,0.078,0,UP,4.0,0.0,48,48,249,-62.92,19.084,5.635,1,5,0,31,0,324.0,0.0,0,0,MAINS,MAINS,1,0,54.43,92.0,48.4622,48.821,-4.0,3.72786,3.72786,3.75546,3.75546,0.0,23.3,1092.226,,60.042,,CHARGE,0.0,0,,SYNTHETIC|STALE,0
doe-000,0,359,2026-09-03T09:05:59Z,2026-09-03T09:06:00Z,2026-09-03T09:05:59Z,2026-09-03T09:06:00Z,site_b,SIM,synthetic_demo,B-WAN-1,UP,1000.0,75.0094,76.18,0.0,22.82,1.6177,0.13,0,UP,4.0,0.0,6,6,23,-62.92,17.173,5.55,0,0,0,32,0,57.0,0.0,0,0,,,,,,,,,,,,,,,,,,,,,0.0,0,,SYNTHETIC|STALE,0
doe-000,0,360,2026-09-03T09:06:00Z,2026-09-03T09:06:01Z,2026-09-03T09:06:00Z,2026-09-03T09:06:01Z,site_a,SIM,synthetic_demo,A-WAN-1,UP,1000.0,458.821,458.62,0.0,17.41,1.9444,0.103,0,UP,4.0,0.0,48,48,226,-62.92,18.051,5.65,1,2,0,31,0,414.0,0.0,0,0,MAINS,MAINS,1,0,54.45,92.0,48.4624,48.8212,-4.0,3.72788,3.72788,3.75548,3.75548,0.0,23.2,1084.384,,60.479,,CHARGE,0.0,0,,SYNTHETIC|STALE,0
doe-000,0,360,2026-09-03T09:06:00Z,2026-09-03T09:06:01Z,2026-09-03T09:06:00Z,2026-09-03T09:06:01Z,site_b,SIM,synthetic_demo,B-WAN-1,UP,1000.0,60.895,61.68,0.0,21.45,0.3007,0.099,0,UP,4.0,0.0,6,6,46,-62.92,20.151,7.362,0,0,0,32,0,43.0,24.0,0,0,,,,,,,,,,,,,,,,,,,,,0.35,1,,SYNTHETIC|STALE,0
doe-000,0,361,2026-09-03T09:06:01Z,2026-09-03T09:06:02Z,2026-09-03T09:06:01Z,2026-09-03T09:06:02Z,site_a,SIM,synthetic_demo,A-WAN-1,UP,1000.0,402.1064,401.5,0.0,16.37,0.7035,0.087,0,UP,4.0,0.0,48,48,245,-62.92,19.686,5.676,2,5,0,31,0,273.0,0.0,0,0,MAINS,MAINS,1,0,54.41,92.0,48.4626,48.8214,-4.0,3.72789,3.72789,3.75549,3.75549,0.0,23.2,1096.12,,59.834,,CHARGE,0.0,0,,SYNTHETIC|STALE,0
doe-000,0,361,2026-09-03T09:06:01Z,2026-09-03T09:06:02Z,2026-09-03T09:06:01Z,2026-09-03T09:06:02Z,site_b,SIM,synthetic_demo,B-WAN-1,UP,1000.0,64.6465,65.01,0.0,22.25,1.7436,0.069,0,UP,4.0,0.0,6,6,42,-61.4,22.179,6.877,0,0,0,32,0,74.0,24.0,0,0,,,,,,,,,,,,,,,,,,,,,0.35,1,,SYNTHETIC,0
doe-000,0,362,2026-09-03T09:06:02Z,2026-09-03T09:06:03Z,2026-09-03T09:06:02Z,2026-09-03T09:06:03Z,site_a,SIM,synthetic_demo,A-WAN-1,UP,1000.0,417.2975,417.78,0.0,18.24,2.4365,0.093,0,UP,4.0,0.0,48,48,331,-62.3,21.07,6.373,0,6,0,31,0,301.0,0.0,0,0,MAINS,MAINS,1,0,54.34,92.0,48.4628,48.8216,-4.0,3.72791,3.72791,3.75551,3.75551,0.0,23.1,1077.386,,60.877,,CHARGE,0.0,0,,SYNTHETIC,0
doe-000,0,362,2026-09-03T09:06:02Z,2026-09-03T09:06:03Z,2026-09-03T09:06:02Z,2026-09-03T09:06:03Z,site_b,SIM,synthetic_demo,B-WAN-1,UP,1000.0,56.7301,56.68,0.0,22.07,1.0546,0.071,0,UP,4.0,0.0,6,6,38,-62.8,18.487,5.895,0,1,0,32,0,57.0,24.0,0,0,,,,,,,,,,,,,,,,,,,,,0.35,1,,SYNTHETIC,0
doe-000,0,363,2026-09-03T09:06:03Z,2026-09-03T09:06:04Z,2026-09-03T09:06:03Z,2026-09-03T09:06:04Z,site_a,SIM,synthetic_demo,A-WAN-1,UP,1000.0,512.0333,511.91,0.0,17.46,1.2523,0.046,0,UP,4.0,0.0,48,48,243,-60.8,18.953,5.667,1,1,0,31,0,284.0,0.0,0,0,MAINS,MAINS,1,0,54.35,92.0,48.4631,48.8219,-4.0,3.72793,3.72793,3.75553,3.75553,0.0,23.2,1084.395,,60.486,,CHARGE,0.0,0,,SYNTHETIC,0
doe-000,0,363,2026-09-03T09:06:03Z,2026-09-03T09:06:04Z,2026-09-03T09:06:03Z,2026-09-03T09:06:04Z,site_b,SIM,synthetic_demo,B-WAN-1,UP,1000.0,64.1609,64.69,0.0,22.4,1.0575,0.121,0,UP,4.0,0.0,6,6,68,-61.9,27.959,8.038,0,0,0,32,0,48.0,24.0,0,0,,,,,,,,,,,,,,,,,,,,,0.35,1,,SYNTHETIC,0
doe-000,0,364,2026-09-03T09:06:04Z,2026-09-03T09:06:05Z,2026-09-03T09:06:04Z,2026-09-03T09:06:05Z,site_a,SIM,synthetic_demo,A-WAN-1,UP,1000.0,420.4867,420.6,0.0,17.11,1.0136,0.092,0,UP,4.0,0.0,48,48,177,-63.1,17.421,5.261,0,4,0,31,0,260.0,0.0,0,0,MAINS,MAINS,1,0,54.35,92.0,48.4633,48.8221,-4.0,3.72794,3.72794,3.75554,3.75554,0.0,23.1,1078.296,,60.831,,CHARGE,0.0,0,,SYNTHETIC,0
doe-000,0,364,2026-09-03T09:06:04Z,2026-09-03T09:06:05Z,2026-09-03T09:06:04Z,2026-09-03T09:06:05Z,site_b,SIM,synthetic_demo,B-WAN-1,UP,1000.0,80.0486,80.4,0.0,22.18,1.3037,0.102,0,UP,4.0,0.0,6,6,41,-62.1,23.482,5.941,0,0,0,32,0,63.0,24.0,0,0,,,,,,,,,,,,,,,,,,,,,0.35,1,,SYNTHETIC,0
doe-000,0,365,2026-09-03T09:06:05Z,2026-09-03T09:06:06Z,2026-09-03T09:06:05Z,2026-09-03T09:06:06Z,site_a,SIM,synthetic_demo,A-WAN-1,UP,1000.0,501.3847,502.04,0.0,16.17,0.6444,0.088,0,UP,4.0,0.0,48,48,134,-62.3,15.097,4.668,0,5,0,31,0,526.0,0.0,0,0,MAINS,MAINS,1,0,54.45,92.0,48.4635,48.8223,-4.0,3.72796,3.72796,3.75556,3.75556,0.0,23.2,1095.792,,59.863,,CHARGE,0.0,0,,SYNTHETIC,0
doe-000,0,365,2026-09-03T09:06:05Z,2026-09-03T09:06:06Z,2026-09-03T09:06:05Z,2026-09-03T09:06:06Z,site_b,SIM,synthetic_demo,B-WAN-1,UP,1000.0,63.2074,63.27,0.0,22.87,1.6882,0.11,0,UP,4.0,0.0,6,6,62,-61.5,25.645,8.269,0,2,0,32,0,46.0,24.0,0,0,,,,,,,,,,,,,,,,,,,,,0.35,1,,SYNTHETIC,0
doe-000,0,366,2026-09-03T09:06:06Z,2026-09-03T09:06:07Z,2026-09-03T09:06:06Z,2026-09-03T09:06:07Z,site_a,SIM,synthetic_demo,A-WAN-1,UP,1000.0,539.58,539.17,0.0,16.78,1.4554,0.102,0,UP,4.0,0.0,48,48,116,-61.0,15.421,4.687,1,2,0,31,0,386.0,0.0,0,0,MAINS,MAINS,1,0,54.38,92.0,48.4637,48.8225,-4.0,3.72798,3.72798,3.75558,3.75558,0.0,23.1,1065.756,,61.552,,CHARGE,0.0,0,,SYNTHETIC,0
doe-000,0,366,2026-09-03T09:06:06Z,2026-09-03T09:06:07Z,2026-09-03T09:06:06Z,2026-09-03T09:06:07Z,site_b,SIM,synthetic_demo,B-WAN-1,UP,1000.0,58.3627,58.89,0.0,21.35,0.0198,0.103,0,UP,4.0,0.0,6,6,89,-61.5,29.73,9.842,0,0,0,32,0,30.0,24.0,0,0,,,,,,,,,,,,,,,,,,,,,0.35,1,,SYNTHETIC,0
doe-000,0,367,2026-09-03T09:06:07Z,2026-09-03T09:06:08Z,2026-09-03T09:06:07Z,2026-09-03T09:06:08Z,site_a,SIM,synthetic_demo,A-WAN-1,UP,1000.0,473.5779,474.34,0.0,16.67,0.3544,0.079,0,UP,4.0,0.0,48,48,169,-61.6,17.106,4.877,0,0,0,31,0,312.0,0.0,0,0,MAINS,MAINS,1,0,54.39,92.0,48.4639,48.8227,-4.0,3.72799,3.72799,3.75559,3.75559,0.0,23.2,1101.853,,59.539,,CHARGE,0.0,0,,SYNTHETIC,0
doe-000,0,367,2026-09-03T09:06:07Z,2026-09-03T09:06:08Z,2026-09-03T09:06:07Z,2026-09-03T09:06:08Z,site_b,SIM,synthetic_demo,B-WAN-1,UP,1000.0,73.141,73.92,0.0,22.77,1.8707,0.094,0,UP,4.0,0.0,6,6,55,-62.3,22.803,7.691,0,0,0,32,0,63.0,24.0,0,0,,,,,,,,,,,,,,,,,,,,,0.35,1,,SYNTHETIC,0
doe-000,0,368,2026-09-03T09:06:08Z,2026-09-03T09:06:09Z,2026-09-03T09:06:08Z,2026-09-03T09:06:09Z,site_a,SIM,synthetic_demo,A-WAN-1,UP,1000.0,480.8881,481.11,0.0,16.88,0.606,0.087,0,UP,4.0,0.0,48,48,207,-63.7,18.091,5.597,1,3,0,31,0,454.0,0.0,0,0,MAINS,MAINS,1,0,54.47,92.0,48.4641,48.8229,-4.0,3.72801,3.72801,3.75561,3.75561,0.0,23.2,1091.998,,60.079,,CHARGE,0.0,0,,SYNTHETIC,0
doe-000,0,368,2026-09-03T09:06:08Z,2026-09-03T09:06:09Z,2026-09-03T09:06:08Z,2026-09-03T09:06:09Z,site_b,SIM,synthetic_demo,B-WAN-1,UP,1000.0,84.3103,84.0,0.0,20.7,0.1397,0.102,0,UP,4.0,0.0,6,6,32,-60.1,19.665,6.181,0,0,0,32,0,57.0,24.0,0,0,,,,,,,,,,,,,,,,,,,,,0.35,1,,SYNTHETIC,0
doe-000,0,369,2026-09-03T09:06:09Z,2026-09-03T09:06:10Z,2026-09-03T09:06:09Z,2026-09-03T09:06:10Z,site_a,SIM,synthetic_demo,A-WAN-1,UP,1000.0,445.2607,446.21,0.0,17.6,1.8733,0.073,0,UP,4.0,0.0,48,48,204,-62.4,17.774,5.426,1,2,0,31,0,257.0,0.0,0,0,MAINS,MAINS,1,0,54.46,92.0,48.4643,48.8231,-4.0,3.72802,3.72802,3.75562,3.75562,0.0,23.1,1091.367,,60.116,,CHARGE,0.0,0,,SYNTHETIC|STALE,0
doe-000,0,369,2026-09-03T09:06:09Z,2026-09-03T09:06:10Z,2026-09-03T09:06:09Z,2026-09-03T09:06:10Z,site_b,SIM,synthetic_demo,B-WAN-1,UP,1000.0,78.6778,78.99,0.0,23.06,2.4782,0.155,0,UP,4.0,0.0,6,6,18,-61.6,16.532,3.995,0,0,0,32,0,51.0,24.0,0,0,,,,,,,,,,,,,,,,,,,,,0.35,1,,SYNTHETIC,0
doe-000,0,370,2026-09-03T09:06:10Z,2026-09-03T09:06:11Z,2026-09-03T09:06:10Z,2026-09-03T09:06:11Z,site_a,SIM,synthetic_demo,A-WAN-1,UP,1000.0,437.9611,439.1,0.0,18.1,2.4339,0.073,0,UP,4.0,0.0,48,48,253,-61.4,20.172,5.746,2,3,0,31,0,329.0,0.0,0,0,MAINS,MAINS,1,0,54.51,92.0,48.4645,48.8233,-4.0,3.72804,3.72804,3.75564,3.75564,0.0,23.172,1080.722,,60.711,,CHARGE,0.0,0,,SYNTHETIC|STALE,0
doe-000,0,370,2026-09-03T09:06:10Z,2026-09-03T09:06:11Z,2026-09-03T09:06:10Z,2026-09-03T09:06:11Z,site_b,SIM,synthetic_demo,B-WAN-1,UP,1000.0,65.3724,66.3,0.0,21.94,0.4672,0.111,0,UP,4.0,0.0,6,6,77,-62.7,27.352,9.448,0,0,0,32,0,91.0,24.0,0,0,,,,,,,,,,,,,,,,,,,,,0.35,1,,SYNTHETIC,0
doe-000,0,371,2026-09-03T09:06:11Z,2026-09-03T09:06:12Z,2026-09-03T09:06:11Z,2026-09-03T09:06:12Z,site_a,SIM,synthetic_demo,A-WAN-1,UP,1000.0,475.6569,475.99,0.0,17.85,1.7895,0.095,0,UP,4.0,0.0,48,48,352,-61.5,21.48,6.635,1,2,0,31,0,283.0,0.0,0,0,MAINS,MAINS,1,0,54.2,92.0,48.4647,48.8235,-4.0,3.72806,3.72806,3.75566,3.75566,0.0,23.172,1085.69,,60.436,,CHARGE,0.0,0,,SYNTHETIC|STALE,0
doe-000,0,371,2026-09-03T09:06:11Z,2026-09-03T09:06:12Z,2026-09-03T09:06:11Z,2026-09-03T09:06:12Z,site_b,SIM,synthetic_demo,B-WAN-1,UP,1000.0,63.4888,63.27,0.0,24.23,2.8503,0.086,0,UP,4.0,0.0,6,6,35,-60.2,19.845,5.348,0,0,0,32,0,55.0,24.0,0,0,,,,,,,,,,,,,,,,,,,,,0.35,1,,SYNTHETIC,0
doe-000,0,372,2026-09-03T09:06:12Z,2026-09-03T09:06:13Z,2026-09-03T09:06:12Z,2026-09-03T09:06:13Z,site_a,SIM,synthetic_demo,A-WAN-1,UP,1000.0,388.4736,387.98,0.0,16.72,0.0584,0.081,0,UP,4.0,0.0,48,48,222,-62.1,18.85,5.338,1,5,0,31,0,352.0,0.0,0,0,MAINS,MAINS,1,0,54.41,92.0,48.4649,48.8237,-4.0,3.72807,3.72807,3.75567,3.75567,0.0,23.172,1086.867,,60.373,,CHARGE,0.0,0,,SYNTHETIC|STALE,0
doe-000,0,372,2026-09-03T09:06:12Z,2026-09-03T09:06:13Z,2026-09-03T09:06:12Z,2026-09-03T09:06:13Z,site_b,SIM,synthetic_demo,B-WAN-1,UP,1000.0,64.9725,64.69,0.0,20.94,0.3455,0.127,0,UP,4.0,0.0,6,6,37,-63.0,19.802,6.091,0,0,0,32,0,33.0,24.0,0,0,,,,,,,,,,,,,,,,,,,,,0.35,1,,SYNTHETIC,0
doe-000,0,373,2026-09-03T09:06:13Z,2026-09-03T09:06:14Z,2026-09-03T09:06:13Z,2026-09-03T09:06:14Z,site_a,SIM,synthetic_demo,A-WAN-1,UP,1000.0,465.2537,465.35,0.0,15.66,0.2422,0.064,0,UP,4.0,0.0,48,48,200,-61.7,17.569,5.129,0,4,0,31,0,361.0,0.0,0,0,MAINS,MAINS,1,0,54.45,92.0,48.4651,48.8239,-4.0,3.72809,3.72809,3.75569,3.75569,0.0,23.2,1098.317,,59.746,,CHARGE,0.0,0,,SYNTHETIC,0
doe-000,0,373,2026-09-03T09:06:13Z,2026-09-03T09:06:14Z,2026-09-03T09:06:13Z,2026-09-03T09:06:14Z,site_b,SIM,synthetic_demo,B-WAN-1,UP,1000.0,68.8547,67.82,0.0,22.22,1.0401,0.112,0,UP,4.0,0.0,6,6,51,-61.7,22.146,7.14,0,1,0,32,0,65.0,24.0,0,0,,,,,,,,,,,,,,,,,,,,,0.35,1,,SYNTHETIC,0
doe-000,0,374,2026-09-03T09:06:14Z,2026-09-03T09:06:15Z,2026-09-03T09:06:14Z,2026-09-03T09:06:15Z,site_a,SIM,synthetic_demo,A-WAN-1,UP,1000.0,458.9237,459.45,0.0,17.93,1.616,0.084,0,UP,4.0,0.0,48,48,219,-61.3,17.958,5.482,2,2,0,31,0,325.0,0.0,0,0,MAINS,MAINS,1,0,54.4,92.0,48.4654,48.8242,-4.0,3.7281,3.7281,3.7557,3.7557,0.0,23.1,1096.818,,59.831,,CHARGE,0.0,0,,SYNTHETIC,0
doe-000,0,374,2026-09-03T09:06:14Z,2026-09-03T09:06:15Z,2026-09-03T09:06:14Z,2026-09-03T09:06:15Z,site_b,SIM,synthetic_demo,B-WAN-1,UP,1000.0,67.2011,67.3,0.0,23.61,2.0933,0.087,0,UP,4.0,0.0,6,6,62,-62.0,25.963,8.081,0,1,0,32,0,53.0,24.0,0,0,,,,,,,,,,,,,,,,,,,,,0.35,1,,SYNTHETIC,0
doe-000,0,375,2026-09-03T09:06:15Z,2026-09-03T09:06:16Z,2026-09-03T09:06:15Z,2026-09-03T09:06:16Z,site_a,SIM,synthetic_demo,A-WAN-1,UP,1000.0,396.8491,396.76,0.0,17.23,1.6171,0.12,0,UP,4.0,0.0,48,48,235,-60.6,18.995,5.389,0,4,0,31,0,487.0,0.0,0,0,MAINS,MAINS,1,0,54.43,92.0,48.4656,48.8244,-4.0,3.72812,3.72812,3.75572,3.75572,0.0,23.1,1099.152,,59.706,,CHARGE,0.0,0,,SYNTHETIC,0
doe-000,0,375,2026-09-03T09:06:15Z,2026-09-03T09:06:16Z,2026-09-03T09:06:15Z,2026-09-03T09:06:16Z,site_b,SIM,synthetic_demo,B-WAN-1,UP,1000.0,67.0725,66.91,0.0,22.05,1.0721,0.091,0,UP,4.0,0.0,6,6,31,-63.0,19.653,6.266,0,1,0,32,0,46.0,24.0,0,0,,,,,,,,,,,,,,,,,,,,,0.35,1,,SYNTHETIC,0
doe-000,0,376,2026-09-03T09:06:16Z,2026-09-03T09:06:17Z,2026-09-03T09:06:16Z,2026-09-03T09:06:17Z,site_a,SIM,synthetic_demo,A-WAN-1,UP,1000.0,443.054,442.96,0.0,17.19,1.0839,0.086,0,UP,4.0,0.0,48,48,242,-62.3,18.415,5.823,1,1,0,31,0,384.0,0.0,0,0,MAINS,MAINS,1,0,54.44,92.0,48.4658,48.8246,-4.0,3.72814,3.72814,3.75574,3.75574,0.0,23.2,1109.798,,59.136,,CHARGE,0.0,0,,SYNTHETIC,0
doe-000,0,376,2026-09-03T09:06:16Z,2026-09-03T09:06:17Z,2026-09-03T09:06:16Z,2026-09-03T09:06:17Z,site_b,SIM,synthetic_demo,B-WAN-1,UP,1000.0,68.0218,68.4,0.0,22.5,0.9718,0.117,0,UP,4.0,0.0,6,6,28,-60.5,18.388,4.801,0,1,0,32,0,37.0,24.0,0,0,,,,,,,,,,,,,,,,,,,,,0.35,1,,SYNTHETIC,0
doe-000,0,377,2026-09-03T09:06:17Z,2026-09-03T09:06:18Z,2026-09-03T09:06:17Z,2026-09-03T09:06:18Z,site_a,SIM,synthetic_demo,A-WAN-1,UP,1000.0,421.4525,421.6,0.0,22.08,5.7608,0.091,0,UP,4.0,0.0,48,48,263,-63.0,18.843,5.986,1,3,0,31,0,356.0,0.0,0,0,MAINS,MAINS,1,0,54.45,92.0,48.466,48.8248,-4.0,3.72815,3.72815,3.75575,3.75575,0.0,23.2,1085.958,,60.437,,CHARGE,0.0,0,,SYNTHETIC,0
doe-000,0,377,2026-09-03T09:06:17Z,2026-09-03T09:06:18Z,2026-09-03T09:06:17Z,2026-09-03T09:06:18Z,site_b,SIM,synthetic_demo,B-WAN-1,UP,1000.0,65.7586,66.4,0.0,21.05,1.0579,0.107,0,UP,4.0,0.0,6,6,35,-64.8,19.009,7.274,0,1,0,32,0,72.0,24.0,0,0,,,,,,,,,,,,,,,,,,,,,0.35,1,,SYNTHETIC,0
doe-000,0,378,2026-09-03T09:06:18Z,2026-09-03T09:06:19Z,2026-09-03T09:06:18Z,2026-09-03T09:06:19Z,site_a,SIM,synthetic_demo,A-WAN-1,UP,1000.0,539.4797,538.26,0.0,17.95,0.9449,0.078,0,UP,4.0,0.0,48,48,153,-61.8,16.948,4.416,1,2,0,31,0,468.0,0.0,0,0,MAINS,MAINS,1,0,54.42,92.0,48.4662,48.825,-4.0,3.72817,3.72817,3.75577,3.75577,0.0,23.3,1092.652,,60.07,,CHARGE,0.0,0,,SYNTHETIC,0
doe-000,0,378,2026-09-03T09:06:18Z,2026-09-03T09:06:19Z,2026-09-03T09:06:18Z,2026-09-03T09:06:19Z,site_b,SIM,synthetic_demo,B-WAN-1,UP,1000.0,97.6347,97.64,0.0,20.99,0.0943,0.107,0,UP,4.0,0.0,6,6,64,-60.0,26.832,8.421,0,0,0,32,0,53.0,24.0,0,0,,,,,,,,,,,,,,,,,,,,,0.35,1,,SYNTHETIC,0
doe-000,0,379,2026-09-03T09:06:19Z,2026-09-03T09:06:20Z,2026-09-03T09:06:19Z,2026-09-03T09:06:20Z,site_a,SIM,synthetic_demo,A-WAN-1,UP,1000.0,370.6621,370.19,0.0,20.03,4.025,0.084,0,UP,4.0,0.0,48,48,258,-62.8,19.247,5.836,2,1,0,31,0,231.0,0.0,0,0,MAINS,MAINS,1,0,54.44,92.0,48.4664,48.8252,-4.0,3.72819,3.72819,3.75579,3.75579,0.0,23.2,1069.671,,61.363,,CHARGE,0.0,0,,SYNTHETIC,0
doe-000,0,379,2026-09-03T09:06:19Z,2026-09-03T09:06:20Z,2026-09-03T09:06:19Z,2026-09-03T09:06:20Z,site_b,SIM,synthetic_demo,B-WAN-1,UP,1000.0,79.3553,78.75,0.0,21.47,0.2402,0.103,0,UP,4.0,0.0,6,6,67,-63.2,25.881,8.652,0,1,0,32,0,60.0,24.0,0,0,,,,,,,,,,,,,,,,,,,,,0.35,1,,SYNTHETIC,0
doe-000,0,380,2026-09-03T09:06:20Z,2026-09-03T09:06:21Z,2026-09-03T09:06:20Z,2026-09-03T09:06:21Z,site_a,SIM,synthetic_demo,A-WAN-1,UP,1000.0,383.845,383.68,0.0,16.95,0.7809,0.115,0,UP,4.0,0.0,48,48,152,-62.3,16.262,4.814,1,2,0,31,0,364.0,0.0,0,0,MAINS,MAINS,1,0,54.43,92.0,48.4666,48.8254,-4.0,3.7282,3.7282,3.7558,3.7558,0.0,23.2,1091.237,,60.153,,CHARGE,0.0,0,,SYNTHETIC,0
doe-000,0,380,2026-09-03T09:06:20Z,2026-09-03T09:06:21Z,2026-09-03T09:06:20Z,2026-09-03T09:06:21Z,site_b,SIM,synthetic_demo,B-WAN-1,UP,1000.0,69.6998,71.31,0.0,22.62,0.9389,0.105,0,UP,4.0,0.0,6,6,25,-62.6,17.207,5.039,0,0,0,32,0,48.0,24.0,0,0,,,,,,,,,,,,,,,,,,,,,0.35,1,,SYNTHETIC,0
doe-000,0,381,2026-09-03T09:06:21Z,2026-09-03T09:06:22Z,2026-09-03T09:06:21Z,2026-09-03T09:06:22Z,site_a,SIM,synthetic_demo,A-WAN-1,UP,1000.0,408.1501,408.95,0.0,16.21,0.3499,0.075,0,UP,4.0,0.0,48,48,139,-61.6,16.507,4.441,1,4,0,31,0,337.0,0.0,0,0,MAINS,MAINS,1,0,54.49,92.0,48.4668,48.8256,-4.0,3.72822,3.72822,3.75582,3.75582,0.0,23.1,1085.648,,60.465,,CHARGE,0.0,0,,SYNTHETIC,0
doe-000,0,381,2026-09-03T09:06:21Z,2026-09-03T09:06:22Z,2026-09-03T09:06:21Z,2026-09-03T09:06:22Z,site_b,SIM,synthetic_demo,B-WAN-1,UP,1000.0,81.1069,80.72,0.0,22.69,1.6417,0.063,0,UP,4.0,0.0,6,6,37,-63.7,22.365,7.232,0,0,0,32,0,64.0,24.0,0,0,,,,,,,,,,,,,,,,,,,,,0.35,1,,SYNTHETIC,0
doe-000,0,382,2026-09-03T09:06:22Z,2026-09-03T09:06:23Z,2026-09-03T09:06:22Z,2026-09-03T09:06:23Z,site_a,SIM,synthetic_demo,A-WAN-1,UP,1000.0,490.7326,490.94,0.0,17.52,1.6502,0.062,0,UP,4.0,0.0,48,48,224,-61.8,18.817,5.699,2,5,0,31,0,379.0,0.0,0,0,MAINS,MAINS,1,0,54.54,92.0,48.467,48.8258,-4.0,3.72823,3.72823,3.75583,3.75583,0.0,23.2,1088.197,,60.327,,CHARGE,0.0,0,,SYNTHETIC,0
doe-000,0,382,2026-09-03T09:06:22Z,2026-09-03T09:06:23Z,2026-09-03T09:06:22Z,2026-09-03T09:06:23Z,site_b,SIM,synthetic_demo,B-WAN-1,UP,1000.0,72.7752,73.42,0.0,23.28,2.3551,0.078,0,UP,4.0,0.0,6,6,23,-61.4,16.096,5.127,0,0,0,32,0,83.0,24.0,0,0,,,,,,,,,,,,,,,,,,,,,0.35,1,,SYNTHETIC,0
doe-000,0,383,2026-09-03T09:06:23Z,2026-09-03T09:06:24Z,2026-09-03T09:06:23Z,2026-09-03T09:06:24Z,site_a,SIM,synthetic_demo,A-WAN-1,UP,1000.0,377.2472,376.12,0.0,16.78,0.4394,0.079,0,UP,4.0,0.0,48,48,242,-60.6,18.535,5.651,0,3,0,31,0,424.0,0.0,0,0,MAINS,MAINS,1,0,54.42,92.0,48.4672,48.826,-4.0,3.72825,3.72825,3.75585,3.75585,0.0,23.2,1070.682,,61.316,,CHARGE,0.0,0,,SYNTHETIC,0
doe-000,0,383,2026-09-03T09:06:23Z,2026-09-03T09:06:24Z,2026-09-03T09:06:23Z,2026-09-03T09:06:24Z,site_b,SIM,synthetic_demo,B-WAN-1,UP,1000.0,64.4989,63.78,0.0,22.96,1.8934,0.162,0,UP,4.0,0.0,6,6,40,-60.2,22.668,5.955,0,0,0,32,0,67.0,24.0,0,0,,,,,,,,,,,,,,,,,,,,,0.35,1,,SYNTHETIC,0
doe-000,0,384,2026-09-03T09:06:24Z,2026-09-03T09:06:25Z,2026-09-03T09:06:24Z,2026-09-03T09:06:25Z,site_a,SIM,synthetic_demo,A-WAN-1,UP,1000.0,431.6647,432.14,0.0,19.37,3.5392,0.051,0,UP,4.0,0.0,48,48,120,-61.1,14.776,4.582,2,3,0,31,0,545.0,0.0,0,0,MAINS,MAINS,1,0,54.53,92.0,48.4675,48.8263,-4.0,3.72827,3.72827,3.75587,3.75587,0.0,23.2,1087.445,,60.374,,CHARGE,0.0,0,,SYNTHETIC,0
doe-000,0,384,2026-09-03T09:06:24Z,2026-09-03T09:06:25Z,2026-09-03T09:06:24Z,2026-09-03T09:06:25Z,site_b,SIM,synthetic_demo,B-WAN-1,UP,1000.0,65.4438,65.79,0.0,21.62,0.9711,0.136,0,UP,4.0,0.0,6,6,43,-61.8,18.872,6.253,0,0,0,32,0,56.0,24.0,0,0,,,,,,,,,,,,,,,,,,,,,0.35,1,,SYNTHETIC,0
doe-000,0,385,2026-09-03T09:06:25Z,2026-09-03T09:06:26Z,2026-09-03T09:06:25Z,2026-09-03T09:06:26Z,site_a,SIM,synthetic_demo,A-WAN-1,UP,1000.0,397.6846,397.92,0.0,18.71,3.1321,0.09,0,UP,4.0,0.0,48,48,244,-61.8,19.285,5.69,0,3,0,31,0,260.0,0.0,0,0,MAINS,MAINS,1,0,54.47,92.0,48.4677,48.8265,-4.0,3.72828,3.72828,3.75588,3.75588,0.0,23.2,1080.282,,60.777,,CHARGE,0.0,0,,SYNTHETIC,0
doe-000,0,385,2026-09-03T09:06:25Z,2026-09-03T09:06:26Z,2026-09-03T09:06:25Z,2026-09-03T09:06:26Z,site_b,SIM,synthetic_demo,B-WAN-1,UP,1000.0,61.655,61.85,0.0,22.25,1.4952,0.138,0,UP,4.0,0.0,6,6,40,-63.7,22.638,6.921,1,0,0,32,0,28.0,24.0,0,0,,,,,,,,,,,,,,,,,,,,,0.35,1,,SYNTHETIC,0
doe-000,0,386,2026-09-03T09:06:26Z,2026-09-03T09:06:27Z,2026-09-03T09:06:26Z,2026-09-03T09:06:27Z,site_a,SIM,synthetic_demo,A-WAN-1,UP,1000.0,376.5298,376.86,0.0,18.6,2.3404,0.086,0,UP,4.0,0.0,48,48,211,-62.4,18.852,5.667,1,4,0,31,0,461.0,0.0,0,0,MAINS,MAINS,1,0,54.5,92.0,48.4679,48.8267,-4.0,3.7283,3.7283,3.7559,3.7559,0.0,23.1,1079.771,,60.808,,CHARGE,0.0,0,,SYNTHETIC,0
doe-000,0,386,2026-09-03T09:06:26Z,2026-09-03T09:06:27Z,2026-09-03T09:06:26Z,2026-09-03T09:06:27Z,site_b,SIM,synthetic_demo,B-WAN-1,UP,1000.0,77.9413,78.4,0.0,22.39,1.2446,0.11,0,UP,4.0,0.0,6,6,21,-60.8,17.233,4.71,1,0,0,32,0,44.0,24.0,0,0,,,,,,,,,,,,,,,,,,,,,0.35,1,,SYNTHETIC,0
doe-000,0,387,2026-09-03T09:06:27Z,2026-09-03T09:06:28Z,2026-09-03T09:06:27Z,2026-09-03T09:06:28Z,site_a,SIM,synthetic_demo,A-WAN-1,UP,1000.0,405.6411,405.99,0.0,16.88,0.5405,0.091,0,UP,4.0,0.0,48,48,169,-62.3,16.254,5.07,0,3,0,31,0,444.0,0.0,0,0,MAINS,MAINS,1,0,54.53,92.0,48.4681,48.8269,-4.0,3.72831,3.72831,3.75591,3.75591,0.0,23.2,1088.601,,60.318,,CHARGE,0.0,0,,SYNTHETIC,0
doe-000,0,387,2026-09-03T09:06:27Z,2026-09-03T09:06:28Z,2026-09-03T09:06:27Z,2026-09-03T09:06:28Z,site_b,SIM,synthetic_demo,B-WAN-1,UP,1000.0,77.4778,77.74,0.0,21.86,1.1526,0.101,0,UP,4.0,0.0,6,6,39,-59.9,21.424,5.799,0,0,0,32,0,44.0,24.0,0,0,,,,,,,,,,,,,,,,,,,,,0.35,1,,SYNTHETIC,0
doe-000,0,388,2026-09-03T09:06:28Z,2026-09-03T09:06:29Z,2026-09-03T09:06:28Z,2026-09-03T09:06:29Z,site_a,SIM,synthetic_demo,A-WAN-1,UP,1000.0,439.7561,439.96,0.0,15.83,0.1362,0.081,0,UP,4.0,0.0,48,48,231,-62.3,18.049,5.679,1,4,0,31,0,201.0,0.0,0,0,MAINS,MAINS,1,0,54.4,92.0,48.4683,48.8271,-4.0,3.72833,3.72833,3.75593,3.75593,0.0,23.2,1087.788,,60.366,,CHARGE,0.0,0,,SYNTHETIC,0
doe-000,0,388,2026-09-03T09:06:28Z,2026-09-03T09:06:29Z,2026-09-03T09:06:28Z,2026-09-03T09:06:29Z,site_b,SIM,synthetic_demo,B-WAN-1,UP,1000.0,78.6277,78.97,0.0,22.41,1.6678,0.077,0,UP,4.0,0.0,6,6,49,-61.9,22.898,7.25,1,0,0,32,0,73.0,24.0,0,0,,,,,,,,,,,,,,,,,,,,,0.35,1,,SYNTHETIC,0
doe-000,0,389,2026-09-03T09:06:29Z,2026-09-03T09:06:30Z,2026-09-03T09:06:29Z,2026-09-03T09:06:30Z,site_a,SIM,synthetic_demo,A-WAN-1,UP,1000.0,412.7725,413.43,0.0,18.92,2.8991,0.08,0,UP,4.0,0.0,48,48,286,-62.7,20.068,6.258,3,3,0,31,0,131.0,0.0,0,0,MAINS,MAINS,1,0,54.48,92.0,48.4685,48.8273,-4.0,3.72835,3.72835,3.75595,3.75595,0.0,23.2,1085.721,,60.483,,CHARGE,0.0,0,,SYNTHETIC,0
doe-000,0,389,2026-09-03T09:06:29Z,2026-09-03T09:06:30Z,2026-09-03T09:06:29Z,2026-09-03T09:06:30Z,site_b,SIM,synthetic_demo,B-WAN-1,UP,1000.0,59.5103,58.66,0.0,23.46,1.4073,0.084,0,UP,4.0,0.0,6,6,40,-61.0,20.845,6.07,0,1,0,32,0,56.0,24.0,0,0,,,,,,,,,,,,,,,,,,,,,0.35,1,,SYNTHETIC,0
doe-000,0,390,2026-09-03T09:06:30Z,2026-09-03T09:06:31Z,2026-09-03T09:06:30Z,2026-09-03T09:06:31Z,site_a,SIM,synthetic_demo,A-WAN-1,UP,1000.0,422.349,422.08,0.0,16.7,1.1376,0.059,0,UP,4.0,0.0,48,48,185,-62.4,17.643,5.506,1,2,0,31,0,257.0,0.0,0,0,MAINS,MAINS,1,0,54.43,92.0,48.4687,48.8275,-4.0,3.72836,3.72836,3.75596,3.75596,0.0,23.2,1085.381,,60.505,,CHARGE,0.0,0,,SYNTHETIC,0
doe-000,0,390,2026-09-03T09:06:30Z,2026-09-03T09:06:31Z,2026-09-03T09:06:30Z,2026-09-03T09:06:31Z,site_b,SIM,synthetic_demo,B-WAN-1,UP,1000.0,74.163,74.33,0.0,20.67,0.226,0.121,0,UP,4.0,0.0,6,6,51,-62.5,24.286,7.432,0,0,0,32,0,72.0,24.0,0,0,,,,,,,,,,,,,,,,,,,,,0.35,1,,SYNTHETIC,0
doe-000,0,391,2026-09-03T09:06:31Z,2026-09-03T09:06:32Z,2026-09-03T09:06:31Z,2026-09-03T09:06:32Z,site_a,SIM,synthetic_demo,A-WAN-1,UP,1000.0,462.6654,461.93,0.0,17.96,1.994,0.079,0,UP,4.0,0.0,48,48,180,-61.7,16.428,5.254,5,2,0,31,0,316.0,0.0,0,0,MAINS,MAINS,1,0,54.5,92.0,48.4689,48.8277,-4.0,3.72838,3.72838,3.75598,3.75598,0.0,23.0,1090.965,,60.198,,CHARGE,0.0,0,,SYNTHETIC,0
doe-000,0,391,2026-09-03T09:06:31Z,2026-09-03T09:06:32Z,2026-09-03T09:06:31Z,2026-09-03T09:06:32Z,site_b,SIM,synthetic_demo,B-WAN-1,UP,1000.0,77.5526,76.72,0.0,20.51,0.1604,0.104,0,UP,4.0,0.0,6,6,42,-61.8,22.194,6.108,0,0,0,32,0,93.0,24.0,0,0,,,,,,,,,,,,,,,,,,,,,0.35,1,,SYNTHETIC,0
doe-000,0,392,2026-09-03T09:06:32Z,2026-09-03T09:06:33Z,2026-09-03T09:06:32Z,2026-09-03T09:06:33Z,site_a,SIM,synthetic_demo,A-WAN-1,UP,1000.0,423.2947,422.04,0.0,18.89,2.4932,0.098,0,UP,4.0,0.0,48,48,72,-60.8,14.461,4.046,1,2,0,31,0,201.0,0.0,0,0,MAINS,MAINS,1,0,54.49,92.0,48.4691,48.8279,-4.0,3.72839,3.72839,3.75599,3.75599,0.0,23.2,1094.389,,60.012,,CHARGE,0.0,0,,SYNTHETIC,0
doe-000,0,392,2026-09-03T09:06:32Z,2026-09-03T09:06:33Z,2026-09-03T09:06:32Z,2026-09-03T09:06:33Z,site_b,SIM,synthetic_demo,B-WAN-1,UP,1000.0,62.4308,61.55,0.0,24.0,2.9947,0.08,0,UP,4.0,0.0,6,6,60,-60.5,25.425,7.221,0,0,0,32,0,59.0,24.0,0,0,,,,,,,,,,,,,,,,,,,,,0.35,1,,SYNTHETIC,0
doe-000,0,393,2026-09-03T09:06:33Z,2026-09-03T09:06:34Z,2026-09-03T09:06:33Z,2026-09-03T09:06:34Z,site_a,SIM,synthetic_demo,A-WAN-1,UP,1000.0,385.9369,385.73,0.0,16.23,1.1368,0.099,0,UP,4.0,0.0,48,48,121,-63.4,16.53,4.486,1,4,0,31,0,379.0,0.0,0,0,MAINS,MAINS,1,0,54.41,92.0,48.4693,48.8281,-4.0,3.72841,3.72841,3.75601,3.75601,0.0,23.3,1096.464,,59.901,,CHARGE,0.0,0,,SYNTHETIC,0
doe-000,0,393,2026-09-03T09:06:33Z,2026-09-03T09:06:34Z,2026-09-03T09:06:33Z,2026-09-03T09:06:34Z,site_b,SIM,synthetic_demo,B-WAN-1,UP,1000.0,75.0888,75.23,0.0,20.47,0.1215,0.078,0,UP,4.0,0.0,6,6,44,-61.8,21.022,6.694,0,0,0,32,0,62.0,24.0,0,0,,,,,,,,,,,,,,,,,,,,,0.35,1,,SYNTHETIC,0
doe-000,0,394,2026-09-03T09:06:34Z,2026-09-03T09:06:35Z,2026-09-03T09:06:34Z,2026-09-03T09:06:35Z,site_a,SIM,synthetic_demo,A-WAN-1,UP,1000.0,393.7034,394.64,0.0,16.33,0.5246,0.071,0,UP,4.0,0.0,48,48,139,-61.3,16.709,4.603,1,3,0,31,0,465.0,0.0,0,0,MAINS,MAINS,1,0,54.4,92.0,48.4696,48.8284,-4.0,3.72843,3.72843,3.75603,3.75603,0.0,23.0,1086.561,,60.45,,CHARGE,0.0,0,,SYNTHETIC,0
doe-000,0,394,2026-09-03T09:06:34Z,2026-09-03T09:06:35Z,2026-09-03T09:06:34Z,2026-09-03T09:06:35Z,site_b,SIM,synthetic_demo,B-WAN-1,UP,1000.0,79.9367,80.34,0.0,21.29,0.1839,0.097,0,UP,4.0,0.0,6,6,26,-62.0,16.504,5.518,0,0,0,32,0,96.0,24.0,0,0,,,,,,,,,,,,,,,,,,,,,0.35,1,,SYNTHETIC,0
doe-000,0,395,2026-09-03T09:06:35Z,2026-09-03T09:06:36Z,2026-09-03T09:06:35Z,2026-09-03T09:06:36Z,site_a,SIM,synthetic_demo,A-WAN-1,UP,1000.0,394.3595,394.62,0.0,16.92,0.4453,0.084,0,UP,4.0,0.0,48,48,269,-62.2,19.5,6.0,0,1,0,31,0,217.0,0.0,0,0,MAINS,MAINS,1,0,54.46,92.0,48.4698,48.8286,-4.0,3.72844,3.72844,3.75604,3.75604,0.0,23.2,1072.984,,61.218,,CHARGE,0.0,0,,SYNTHETIC,0
doe-000,0,395,2026-09-03T09:06:35Z,2026-09-03T09:06:36Z,2026-09-03T09:06:35Z,2026-09-03T09:06:36Z,site_b,SIM,synthetic_demo,B-WAN-1,UP,1000.0,59.6105,59.77,0.0,21.62,0.7235,0.073,0,UP,4.0,0.0,6,6,90,-61.6,30.004,9.585,1,0,0,32,0,85.0,24.0,0,0,,,,,,,,,,,,,,,,,,,,,0.35,1,,SYNTHETIC,0
doe-000,0,396,2026-09-03T09:06:36Z,2026-09-03T09:06:37Z,2026-09-03T09:06:36Z,2026-09-03T09:06:37Z,site_a,SIM,synthetic_demo,A-WAN-1,UP,1000.0,433.3474,434.31,0.0,17.17,1.1225,0.09,0,UP,4.0,0.0,48,48,107,-62.5,15.281,4.184,0,5,0,31,0,496.0,0.0,0,0,MAINS,MAINS,1,0,54.55,92.0,48.47,48.8288,-4.0,3.72846,3.72846,3.75606,3.75606,0.0,23.2,1090.356,,60.245,,CHARGE,0.0,0,,SYNTHETIC,0
doe-000,0,396,2026-09-03T09:06:36Z,2026-09-03T09:06:37Z,2026-09-03T09:06:36Z,2026-09-03T09:06:37Z,site_b,SIM,synthetic_demo,B-WAN-1,UP,1000.0,88.9265,89.24,0.0,21.5,0.2738,0.093,0,UP,4.0,0.0,6,6,43,-61.6,23.478,5.938,0,0,0,32,0,47.0,24.0,0,0,,,,,,,,,,,,,,,,,,,,,0.35,1,,SYNTHETIC,0
doe-000,0,397,2026-09-03T09:06:37Z,2026-09-03T09:06:38Z,2026-09-03T09:06:37Z,2026-09-03T09:06:38Z,site_a,SIM,synthetic_demo,A-WAN-1,UP,1000.0,516.5529,517.29,0.0,15.93,0.3047,0.097,0,UP,4.0,0.0,48,48,223,-61.8,17.95,5.615,0,1,0,31,0,413.0,0.0,0,0,MAINS,MAINS,1,0,54.46,92.0,48.4702,48.829,-4.0,3.72848,3.72848,3.75608,3.75608,0.0,23.2,1095.043,,59.99,,CHARGE,0.0,0,,SYNTHETIC,0
doe-000,0,397,2026-09-03T09:06:37Z,2026-09-03T09:06:38Z,2026-09-03T09:06:37Z,2026-09-03T09:06:38Z,site_b,SIM,synthetic_demo,B-WAN-1,UP,1000.0,84.3613,84.58,0.0,25.84,4.9788,0.115,0,UP,4.0,0.0,6,6,37,-61.0,18.278,6.365,0,0,0,32,0,82.0,24.0,0,0,,,,,,,,,,,,,,,,,,,,,0.35,1,,SYNTHETIC,0
doe-000,0,398,2026-09-03T09:06:38Z,2026-09-03T09:06:39Z,2026-09-03T09:06:38Z,2026-09-03T09:06:39Z,site_a,SIM,synthetic_demo,A-WAN-1,UP,1000.0,461.0007,460.62,0.0,19.66,3.7864,0.066,0,UP,4.0,0.0,48,48,180,-62.1,16.853,5.187,0,3,0,31,0,414.0,0.0,0,0,MAINS,MAINS,1,0,54.51,92.0,48.4704,48.8292,-4.0,3.72849,3.72849,3.75609,3.75609,0.0,23.3,1083.857,,60.612,,CHARGE,0.0,0,,SYNTHETIC,0
doe-000,0,398,2026-09-03T09:06:38Z,2026-09-03T09:06:39Z,2026-09-03T09:06:38Z,2026-09-03T09:06:39Z,site_b,SIM,synthetic_demo,B-WAN-1,UP,1000.0,72.843,72.37,0.0,21.32,0.0273,0.121,0,UP,4.0,0.0,6,6,37,-62.9,20.334,5.724,0,2,0,32,0,54.0,24.0,0,0,,,,,,,,,,,,,,,,,,,,,0.35,1,,SYNTHETIC,0
doe-000,0,399,2026-09-03T09:06:39Z,2026-09-03T09:06:40Z,2026-09-03T09:06:39Z,2026-09-03T09:06:40Z,site_a,SIM,synthetic_demo,A-WAN-1,UP,1000.0,392.8185,392.54,0.0,17.37,1.2569,0.089,0,UP,4.0,0.0,48,48,174,-60.5,16.989,4.964,1,0,0,31,0,307.0,0.0,0,0,MAINS,MAINS,1,0,54.46,92.0,48.4706,48.8294,-4.0,3.72851,3.72851,3.75611,3.75611,0.0,23.2,1085.656,,60.514,,CHARGE,0.0,0,,SYNTHETIC,0
doe-000,0,399,2026-09-03T09:06:39Z,2026-09-03T09:06:40Z,2026-09-03T09:06:39Z,2026-09-03T09:06:40Z,site_b,SIM,synthetic_demo,B-WAN-1,UP,1000.0,80.0677,80.38,0.0,23.04,2.4679,0.09,0,UP,4.0,0.0,6,6,60,-59.8,25.028,7.761,0,1,0,32,0,71.0,24.0,0,0,,,,,,,,,,,,,,,,,,,,,0.35,1,,SYNTHETIC,0
doe-000,0,400,2026-09-03T09:06:40Z,2026-09-03T09:06:41Z,2026-09-03T09:06:40Z,2026-09-03T09:06:41Z,site_a,SIM,synthetic_demo,A-WAN-1,UP,1000.0,389.0007,389.86,0.0,17.67,1.9546,0.076,0,UP,4.0,0.0,48,48,245,-62.6,18.826,5.36,1,3,0,31,0,556.0,0.0,0,0,MAINS,MAINS,1,0,54.5,92.0,48.4708,48.8296,-4.0,3.72852,3.72852,3.75612,3.75612,0.0,23.1,1075.599,,61.083,,CHARGE,0.0,0,,SYNTHETIC,0
doe-000,0,400,2026-09-03T09:06:40Z,2026-09-03T09:06:41Z,2026-09-03T09:06:40Z,2026-09-03T09:06:41Z,site_b,SIM,synthetic_demo,B-WAN-1,UP,1000.0,61.2727,62.55,0.0,21.84,1.2087,0.083,0,UP,4.0,0.0,6,6,42,-62.4,22.824,6.97,0,0,0,32,0,57.0,24.0,0,0,,,,,,,,,,,,,,,,,,,,,0.35,1,,SYNTHETIC,0
doe-000,0,401,2026-09-03T09:06:41Z,2026-09-03T09:06:42Z,2026-09-03T09:06:41Z,2026-09-03T09:06:42Z,site_a,SIM,synthetic_demo,A-WAN-1,UP,1000.0,394.6808,394.53,0.0,17.0,1.4058,0.115,0,UP,4.0,0.0,48,48,189,-61.8,17.213,5.328,2,0,0,31,0,532.0,0.0,0,0,MAINS,MAINS,1,0,54.42,92.0,48.471,48.8298,-4.0,3.72854,3.72854,3.75614,3.75614,0.0,23.1,1078.544,,60.919,,CHARGE,0.0,0,,SYNTHETIC,0
doe-000,0,401,2026-09-03T09:06:41Z,2026-09-03T09:06:42Z,2026-09-03T09:06:41Z,2026-09-03T09:06:42Z,site_b,SIM,synthetic_demo,B-WAN-1,UP,1000.0,63.326,63.4,0.0,21.15,0.0585,0.153,0,UP,4.0,0.0,6,6,56,-62.0,24.88,7.851,0,0,0,32,0,42.0,24.0,0,0,,,,,,,,,,,,,,,,,,,,,0.35,1,,SYNTHETIC,0
doe-000,0,402,2026-09-03T09:06:42Z,2026-09-03T09:06:43Z,2026-09-03T09:06:42Z,2026-09-03T09:06:43Z,site_a,SIM,synthetic_demo,A-WAN-1,UP,1000.0,456.1069,456.58,0.0,16.35,0.8647,0.069,0,UP,4.0,0.0,48,48,176,-61.8,17.736,5.05,1,4,0,31,0,504.0,0.0,0,0,MAINS,MAINS,1,0,54.61,92.0,48.4712,48.83,-4.0,3.72856,3.72856,3.75616,3.75616,0.0,23.1,1091.619,,60.192,,CHARGE,0.0,0,,SYNTHETIC,0
doe-000,0,402,2026-09-03T09:06:42Z,2026-09-03T09:06:43Z,2026-09-03T09:06:42Z,2026-09-03T09:06:43Z,site_b,SIM,synthetic_demo,B-WAN-1,UP,1000.0,66.9112,66.48,0.0,21.62,1.0116,0.09,0,UP,4.0,0.0,6,6,47,-60.0,22.344,6.399,0,0,0,32,0,50.0,24.0,0,0,,,,,,,,,,,,,,,,,,,,,0.35,1,,SYNTHETIC,0
doe-000,0,403,2026-09-03T09:06:43Z,2026-09-03T09:06:44Z,2026-09-03T09:06:43Z,2026-09-03T09:06:44Z,site_a,SIM,synthetic_demo,A-WAN-1,UP,1000.0,461.0411,461.09,0.0,16.1,0.7426,0.082,0,UP,4.0,0.0,48,48,188,-61.2,17.095,5.469,1,1,0,31,0,383.0,0.0,0,0,MAINS,MAINS,1,0,54.42,92.0,48.4714,48.8302,-4.0,3.72857,3.72857,3.75617,3.75617,0.0,23.2,1097.097,,59.894,,CHARGE,0.0,0,,SYNTHETIC,0
doe-000,0,403,2026-09-03T09:06:43Z,2026-09-03T09:06:44Z,2026-09-03T09:06:43Z,2026-09-03T09:06:44Z,site_b,SIM,synthetic_demo,B-WAN-1,UP,1000.0,59.3098,58.28,0.0,22.41,1.1105,0.089,0,UP,4.0,0.0,6,6,27,-61.8,21.927,5.146,0,0,0,32,0,47.0,24.0,0,0,,,,,,,,,,,,,,,,,,,,,0.35,1,,SYNTHETIC,0
doe-000,0,404,2026-09-03T09:06:44Z,2026-09-03T09:06:45Z,2026-09-03T09:06:44Z,2026-09-03T09:06:45Z,site_a,SIM,synthetic_demo,A-WAN-1,UP,1000.0,430.0258,430.08,0.0,18.05,2.0886,0.081,0,UP,4.0,0.0,48,48,140,-62.0,16.162,4.596,0,3,0,31,0,537.0,0.0,0,0,MAINS,MAINS,1,0,54.46,92.0,48.4716,48.8304,-4.0,3.72859,3.72859,3.75619,3.75619,0.0,23.1,1091.899,,60.182,,CHARGE,0.0,0,,SYNTHETIC,0
doe-000,0,404,2026-09-03T09:06:44Z,2026-09-03T09:06:45Z,2026-09-03T09:06:44Z,2026-09-03T09:06:45Z,site_b,SIM,synthetic_demo,B-WAN-1,UP,1000.0,63.4074,63.87,0.0,21.29,0.5124,,0,UP,4.0,0.0,6,6,54,-62.1,23.384,7.582,0,0,0,32,0,57.0,24.0,0,0,,,,,,,,,,,,,,,,,,,,,0.35,1,,SYNTHETIC|GAP|MISSING_MAR,0
doe-000,0,405,2026-09-03T09:06:45Z,2026-09-03T09:06:46Z,2026-09-03T09:06:45Z,2026-09-03T09:06:46Z,site_a,SIM,synthetic_demo,A-WAN-1,UP,1000.0,535.0942,534.98,0.0,17.04,0.3396,0.102,0,UP,4.0,0.0,48,48,232,-62.6,18.568,5.62,0,0,0,31,0,280.0,0.0,0,0,MAINS,MAINS,1,0,54.53,92.0,48.4719,48.8307,-4.0,3.7286,3.7286,3.7562,3.7562,0.0,23.3,1102.004,,59.633,,CHARGE,0.0,0,,SYNTHETIC,0
doe-000,0,405,2026-09-03T09:06:45Z,2026-09-03T09:06:46Z,2026-09-03T09:06:45Z,2026-09-03T09:06:46Z,site_b,SIM,synthetic_demo,B-WAN-1,UP,1000.0,79.2908,79.18,0.0,21.43,0.4281,0.104,0,UP,4.0,0.0,6,6,24,-62.8,18.646,5.239,0,0,0,32,0,49.0,24.0,1,0,,,,,,,,,,,,,,,,,,,,,0.65,1,,SYNTHETIC,0
doe-000,0,406,2026-09-03T09:06:46Z,2026-09-03T09:06:47Z,2026-09-03T09:06:46Z,2026-09-03T09:06:47Z,site_a,SIM,synthetic_demo,A-WAN-1,UP,1000.0,372.2691,371.94,0.0,16.98,0.8499,0.109,0,UP,4.0,0.0,48,48,261,-61.5,19.207,5.849,0,2,0,31,0,311.0,0.0,0,0,MAINS,MAINS,1,0,54.48,92.0,48.4721,48.8309,-4.0,3.72862,3.72862,3.75622,3.75622,0.0,23.1,1098.463,,59.828,,CHARGE,0.0,0,,SYNTHETIC,0
doe-000,0,406,2026-09-03T09:06:46Z,2026-09-03T09:06:47Z,2026-09-03T09:06:46Z,2026-09-03T09:06:47Z,site_b,SIM,synthetic_demo,B-WAN-1,UP,1000.0,60.9958,60.47,0.0,22.01,0.7387,0.082,0,UP,4.0,0.0,6,6,29,-61.3,17.093,5.105,0,1,0,32,0,70.0,24.0,1,0,,,,,,,,,,,,,,,,,,,,,0.65,1,,SYNTHETIC,0
doe-000,0,407,2026-09-03T09:06:47Z,2026-09-03T09:06:48Z,2026-09-03T09:06:47Z,2026-09-03T09:06:48Z,site_a,SIM,synthetic_demo,A-WAN-1,UP,1000.0,385.7343,385.27,0.0,17.72,1.9499,0.069,0,UP,4.0,0.0,48,48,206,-62.2,17.783,5.423,2,3,0,31,0,257.0,0.0,0,0,MAINS,MAINS,1,0,54.55,92.0,48.4723,48.8311,-4.0,3.72864,3.72864,3.75624,3.75624,0.0,23.2,1099.21,,59.79,,CHARGE,0.0,0,,SYNTHETIC,0
doe-000,0,407,2026-09-03T09:06:47Z,2026-09-03T09:06:48Z,2026-09-03T09:06:47Z,2026-09-03T09:06:48Z,site_b,SIM,synthetic_demo,B-WAN-1,UP,1000.0,66.728,66.31,0.0,22.18,0.7583,0.062,0,UP,4.0,0.0,6,6,52,-60.5,21.128,6.937,0,0,0,32,0,40.0,24.0,1,0,,,,,,,,,,,,,,,,,,,,,0.65,1,,SYNTHETIC,0
doe-000,0,408,2026-09-03T09:06:48Z,2026-09-03T09:06:49Z,2026-09-03T09:06:48Z,2026-09-03T09:06:49Z,site_a,SIM,synthetic_demo,A-WAN-1,UP,1000.0,353.067,352.92,0.0,18.63,2.5144,0.079,0,UP,4.0,0.0,48,48,246,-60.1,18.893,5.628,1,4,0,31,0,299.0,0.0,0,0,MAINS,MAINS,1,0,54.51,92.0,48.4725,48.8313,-4.0,3.72865,3.72865,3.75625,3.75625,0.0,23.1,1099.091,,59.799,,CHARGE,0.0,0,,SYNTHETIC,0
doe-000,0,408,2026-09-03T09:06:48Z,2026-09-03T09:06:49Z,2026-09-03T09:06:48Z,2026-09-03T09:06:49Z,site_b,SIM,synthetic_demo,B-WAN-1,UP,1000.0,53.9128,54.83,0.0,22.83,0.9921,0.116,0,UP,4.0,0.0,6,6,26,-63.0,17.519,5.092,0,1,0,32,0,53.0,24.0,1,0,,,,,,,,,,,,,,,,,,,,,0.65,1,,SYNTHETIC,0
doe-000,0,409,2026-09-03T09:06:49Z,2026-09-03T09:06:50Z,2026-09-03T09:06:49Z,2026-09-03T09:06:50Z,site_a,SIM,synthetic_demo,A-WAN-1,UP,1000.0,407.8291,408.65,0.0,17.54,1.72,0.085,0,UP,4.0,0.0,48,48,157,-62.8,16.836,5.06,0,2,0,31,0,320.0,0.0,0,0,MAINS,MAINS,1,0,54.54,92.0,48.4727,48.8315,-4.0,3.72867,3.72867,3.75627,3.75627,0.0,23.1,1078.154,,60.963,,CHARGE,0.0,0,,SYNTHETIC,0
doe-000,0,409,2026-09-03T09:06:49Z,2026-09-03T09:06:50Z,2026-09-03T09:06:49Z,2026-09-03T09:06:50Z,site_b,SIM,synthetic_demo,B-WAN-1,UP,1000.0,68.1096,68.2,0.0,23.64,2.239,0.128,0,UP,4.0,0.0,6,6,37,-63.7,19.167,6.018,0,0,0,32,0,88.0,24.0,1,0,,,,,,,,,,,,,,,,,,,,,0.65,1,,SYNTHETIC,0
doe-000,0,410,2026-09-03T09:06:50Z,2026-09-03T09:06:51Z,2026-09-03T09:06:50Z,2026-09-03T09:06:51Z,site_a,SIM,synthetic_demo,A-WAN-1,UP,1000.0,413.7712,413.78,0.0,15.98,0.4503,0.063,0,UP,4.0,0.0,48,48,217,-61.8,17.965,5.28,1,4,0,31,0,288.0,0.0,0,0,MAINS,MAINS,1,0,54.47,92.0,48.4729,48.8317,-4.0,3.72869,3.72869,3.75629,3.75629,0.0,23.3,1094.653,,60.047,,CHARGE,0.0,0,,SYNTHETIC,0
doe-000,0,410,2026-09-03T09:06:50Z,2026-09-03T09:06:51Z,2026-09-03T09:06:50Z,2026-09-03T09:06:51Z,site_b,SIM,synthetic_demo,B-WAN-1,UP,1000.0,58.5125,59.04,0.0,21.31,1.1604,0.111,0,UP,4.0,0.0,6,6,61,-62.1,24.116,8.009,0,1,0,32,0,42.0,24.0,1,0,,,,,,,,,,,,,,,,,,,,,0.65,1,,SYNTHETIC,0
doe-000,0,411,2026-09-03T09:06:51Z,2026-09-03T09:06:52Z,2026-09-03T09:06:51Z,2026-09-03T09:06:52Z,site_a,SIM,synthetic_demo,A-WAN-1,UP,1000.0,401.9676,401.92,0.0,18.18,2.3212,0.093,0,UP,4.0,0.0,48,48,183,-62.1,17.236,5.17,1,2,0,31,0,663.0,0.0,0,0,MAINS,MAINS,1,0,54.59,92.0,48.4731,48.8319,-4.0,3.7287,3.7287,3.7563,3.7563,0.0,23.1,1087.86,,60.424,,CHARGE,0.0,0,,SYNTHETIC,0
doe-000,0,411,2026-09-03T09:06:51Z,2026-09-03T09:06:52Z,2026-09-03T09:06:51Z,2026-09-03T09:06:52Z,site_b,SIM,synthetic_demo,B-WAN-1,UP,1000.0,56.922,56.77,0.0,21.27,0.1836,0.097,0,UP,4.0,0.0,6,6,66,-61.4,28.613,8.16,0,0,0,32,0,69.0,24.0,1,0,,,,,,,,,,,,,,,,,,,,,0.65,1,,SYNTHETIC,0
doe-000,0,412,2026-09-03T09:06:52Z,2026-09-03T09:06:53Z,2026-09-03T09:06:52Z,2026-09-03T09:06:53Z,site_a,SIM,synthetic_demo,A-WAN-1,UP,1000.0,353.9086,353.87,0.0,16.54,0.2622,0.073,0,UP,4.0,0.0,48,48,198,-62.2,17.607,5.088,2,4,0,31,0,333.0,0.0,0,0,MAINS,MAINS,1,0,54.52,92.0,48.4733,48.8321,-4.0,3.72872,3.72872,3.75632,3.75632,0.0,23.3,1080.896,,60.816,,CHARGE,0.0,0,,SYNTHETIC,0
doe-000,0,412,2026-09-03T09:06:52Z,2026-09-03T09:06:53Z,2026-09-03T09:06:52Z,2026-09-03T09:06:53Z,site_b,SIM,synthetic_demo,B-WAN-1,UP,1000.0,56.986,56.86,0.0,24.11,2.3761,0.1,0,UP,4.0,0.0,6,6,40,-59.9,20.064,6.493,0,0,0,32,0,50.0,24.0,1,0,,,,,,,,,,,,,,,,,,,,,0.65,1,,SYNTHETIC,0
doe-000,0,413,2026-09-03T09:06:53Z,2026-09-03T09:06:54Z,2026-09-03T09:06:53Z,2026-09-03T09:06:54Z,site_a,SIM,synthetic_demo,A-WAN-1,UP,1000.0,449.2548,448.54,0.0,,1.4761,0.092,0,UP,4.0,0.0,48,48,145,-61.7,15.562,4.926,0,0,0,31,0,259.0,0.0,0,0,MAINS,MAINS,1,0,54.56,92.0,48.4735,48.8323,-4.0,3.72873,3.72873,3.75633,3.75633,0.0,23.0,1080.755,,60.827,,CHARGE,0.0,0,,SYNTHETIC|GAP|MISSING_MAR,0
doe-000,0,413,2026-09-03T09:06:53Z,2026-09-03T09:06:54Z,2026-09-03T09:06:53Z,2026-09-03T09:06:54Z,site_b,SIM,synthetic_demo,B-WAN-1,UP,1000.0,54.5133,54.37,0.0,20.93,0.5761,0.129,0,UP,4.0,0.0,6,6,70,-62.5,31.566,8.259,0,0,0,32,0,40.0,24.0,1,0,,,,,,,,,,,,,,,,,,,,,0.65,1,,SYNTHETIC,0
doe-000,0,414,2026-09-03T09:06:54Z,2026-09-03T09:06:55Z,2026-09-03T09:06:54Z,2026-09-03T09:06:55Z,site_a,SIM,synthetic_demo,A-WAN-1,UP,1000.0,382.2003,380.55,0.0,16.04,0.386,0.11,0,UP,4.0,0.0,48,48,151,-62.8,15.859,4.725,1,3,0,31,0,372.0,0.0,0,0,MAINS,MAINS,1,0,54.54,92.0,48.4737,48.8325,-4.0,3.72875,3.72875,3.75635,3.75635,0.0,23.2,1085.569,,60.56,,CHARGE,0.0,0,,SYNTHETIC,0
doe-000,0,414,2026-09-03T09:06:54Z,2026-09-03T09:06:55Z,2026-09-03T09:06:54Z,2026-09-03T09:06:55Z,site_b,SIM,synthetic_demo,B-WAN-1,UP,1000.0,130.6944,130.1,0.0,22.3,0.8644,0.119,0,UP,4.0,0.0,6,6,49,-60.8,23.323,7.08,0,0,0,32,0,61.0,24.0,1,0,,,,,,,,,,,,,,,,,,,,,0.65,1,,SYNTHETIC,0
doe-000,0,415,2026-09-03T09:06:55Z,2026-09-03T09:06:56Z,2026-09-03T09:06:55Z,2026-09-03T09:06:56Z,site_a,SIM,synthetic_demo,A-WAN-1,UP,1000.0,396.8158,397.35,0.0,17.85,1.9559,0.098,0,UP,4.0,0.0,48,48,294,-62.1,19.41,6.159,2,1,0,31,0,452.0,0.0,0,0,MAINS,MAINS,1,0,54.6,92.0,48.474,48.8328,-4.0,3.72877,3.72877,3.75637,3.75637,0.0,23.2,1082.554,,60.731,,CHARGE,0.0,0,,SYNTHETIC,0
doe-000,0,415,2026-09-03T09:06:55Z,2026-09-03T09:06:56Z,2026-09-03T09:06:55Z,2026-09-03T09:06:56Z,site_b,SIM,synthetic_demo,B-WAN-1,UP,1000.0,57.487,57.58,0.0,21.78,0.5733,0.118,0,UP,4.0,0.0,6,6,43,-62.2,20.837,6.482,1,0,0,32,0,39.0,24.0,1,0,,,,,,,,,,,,,,,,,,,,,0.65,1,,SYNTHETIC,0
doe-000,0,416,2026-09-03T09:06:56Z,2026-09-03T09:06:57Z,2026-09-03T09:06:56Z,2026-09-03T09:06:57Z,site_a,SIM,synthetic_demo,A-WAN-1,UP,1000.0,371.1445,371.02,0.0,18.53,3.0134,0.094,0,UP,4.0,0.0,48,48,56,-62.8,12.844,3.94,1,1,0,31,0,273.0,0.0,0,0,MAINS,MAINS,1,0,54.57,92.0,48.4742,48.833,-4.0,3.72878,3.72878,3.75638,3.75638,0.0,23.3,1071.127,,61.382,,CHARGE,0.0,0,,SYNTHETIC,0
doe-000,0,416,2026-09-03T09:06:56Z,2026-09-03T09:06:57Z,2026-09-03T09:06:56Z,2026-09-03T09:06:57Z,site_b,SIM,synthetic_demo,B-WAN-1,UP,1000.0,59.0822,59.02,0.0,21.48,0.5203,0.091,0,UP,4.0,0.0,6,6,63,-61.9,26.32,7.944,0,0,0,32,0,53.0,24.0,1,0,,,,,,,,,,,,,,,,,,,,,0.65,1,,SYNTHETIC,0
doe-000,0,417,2026-09-03T09:06:57Z,2026-09-03T09:06:58Z,2026-09-03T09:06:57Z,2026-09-03T09:06:58Z,site_a,SIM,synthetic_demo,A-WAN-1,UP,1000.0,391.799,391.81,0.0,17.6,1.7318,0.127,0,UP,4.0,0.0,48,48,144,-61.9,16.174,4.888,1,2,0,31,0,446.0,0.0,0,0,MAINS,MAINS,1,0,54.53,92.0,48.4744,48.8332,-4.0,3.7288,3.7288,3.7564,3.7564,0.0,23.1,1108.331,,59.324,,CHARGE,0.0,0,,SYNTHETIC,0
doe-000,0,417,2026-09-03T09:06:57Z,2026-09-03T09:06:58Z,2026-09-03T09:06:57Z,2026-09-03T09:06:58Z,site_b,SIM,synthetic_demo,B-WAN-1,UP,1000.0,66.7827,67.1,0.0,22.76,1.7649,0.096,0,UP,4.0,0.0,6,6,30,-60.9,18.674,5.353,0,0,0,32,0,61.0,24.0,1,0,,,,,,,,,,,,,,,,,,,,,0.65,1,,SYNTHETIC,0
doe-000,0,418,2026-09-03T09:06:58Z,2026-09-03T09:06:59Z,2026-09-03T09:06:58Z,2026-09-03T09:06:59Z,site_a,SIM,synthetic_demo,A-WAN-1,UP,1000.0,555.7164,555.31,0.0,17.11,1.1072,0.077,0,UP,4.0,0.0,48,48,105,-62.0,14.597,4.311,3,3,0,31,0,436.0,0.0,0,0,MAINS,MAINS,1,0,54.55,92.0,48.4746,48.8334,-4.0,3.72881,3.72881,3.75641,3.75641,0.0,23.1,1081.726,,60.786,,CHARGE,0.0,0,,SYNTHETIC,0
doe-000,0,418,2026-09-03T09:06:58Z,2026-09-03T09:06:59Z,2026-09-03T09:06:58Z,2026-09-03T09:06:59Z,site_b,SIM,synthetic_demo,B-WAN-1,UP,1000.0,94.0001,94.69,0.0,23.09,2.3137,0.094,0,UP,4.0,0.0,6,6,44,-64.9,21.518,7.755,0,0,0,32,0,70.0,24.0,1,0,,,,,,,,,,,,,,,,,,,,,0.65,1,,SYNTHETIC,0
doe-000,0,419,2026-09-03T09:06:59Z,2026-09-03T09:07:00Z,2026-09-03T09:06:59Z,2026-09-03T09:07:00Z,site_a,SIM,synthetic_demo,A-WAN-1,UP,1000.0,427.2083,426.04,0.0,17.14,1.0359,0.085,0,UP,4.0,0.0,48,48,213,-62.4,17.861,5.447,0,0,0,31,0,494.0,0.0,0,0,MAINS,MAINS,1,0,54.62,92.0,48.4748,48.8336,-4.0,3.72883,3.72883,3.75643,3.75643,0.0,23.2,1098.348,,59.869,,CHARGE,0.0,0,,SYNTHETIC,0
doe-000,0,419,2026-09-03T09:06:59Z,2026-09-03T09:07:00Z,2026-09-03T09:06:59Z,2026-09-03T09:07:00Z,site_b,SIM,synthetic_demo,B-WAN-1,UP,1000.0,76.1791,77.01,0.0,23.44,2.354,0.103,0,UP,4.0,0.0,6,6,24,-63.0,16.551,4.748,0,0,0,32,0,57.0,24.0,1,0,,,,,,,,,,,,,,,,,,,,,0.65,1,,SYNTHETIC,0
doe-000,0,420,2026-09-03T09:07:00Z,2026-09-03T09:07:01Z,2026-09-03T09:07:00Z,2026-09-03T09:07:01Z,site_a,SIM,synthetic_demo,A-WAN-1,UP,1000.0,439.7543,439.79,0.0,17.6,1.5617,0.086,0,UP,4.0,0.0,48,48,163,-62.7,16.538,5.066,1,2,0,31,0,499.0,0.0,0,0,MAINS,MAINS,1,0,54.5,92.0,48.475,48.8338,-4.0,3.72885,3.72885,3.75645,3.75645,0.0,23.2,1083.762,,60.677,,CHARGE,0.0,0,,SYNTHETIC,0
doe-000,0,420,2026-09-03T09:07:00Z,2026-09-03T09:07:01Z,2026-09-03T09:07:00Z,2026-09-03T09:07:01Z,site_b,SIM,synthetic_demo,B-WAN-1,UP,1000.0,72.9925,72.35,0.0,21.48,0.1396,0.09,0,UP,4.0,0.0,6,6,76,-60.0,29.234,8.544,1,0,0,32,0,57.0,0.0,1,0,,,,,,,,,,,,,,,,,,,,,0.3,0,,SYNTHETIC,0
doe-000,0,421,2026-09-03T09:07:01Z,2026-09-03T09:07:02Z,2026-09-03T09:07:01Z,2026-09-03T09:07:02Z,site_a,SIM,synthetic_demo,A-WAN-1,UP,1000.0,397.4397,396.88,0.0,19.06,2.6038,0.07,0,UP,4.0,0.0,48,48,222,-62.3,19.397,5.65,1,2,0,31,0,291.0,0.0,0,0,MAINS,MAINS,1,0,54.54,92.0,48.4752,48.834,-4.0,3.72886,3.72886,3.75646,3.75646,0.0,23.2,1081.785,,60.791,,CHARGE,0.0,0,,SYNTHETIC,0
doe-000,0,421,2026-09-03T09:07:01Z,2026-09-03T09:07:02Z,2026-09-03T09:07:01Z,2026-09-03T09:07:02Z,site_b,SIM,synthetic_demo,B-WAN-1,UP,1000.0,63.0828,63.21,0.0,23.43,1.6253,0.139,0,UP,4.0,0.0,6,6,39,-60.0,20.862,6.485,0,0,0,32,0,41.0,0.0,1,0,,,,,,,,,,,,,,,,,,,,,0.3,0,,SYNTHETIC,0
doe-000,0,422,2026-09-03T09:07:02Z,2026-09-03T09:07:03Z,2026-09-03T09:07:02Z,2026-09-03T09:07:03Z,site_a,SIM,synthetic_demo,A-WAN-1,UP,1000.0,404.167,405.01,0.0,18.66,2.8286,0.079,0,UP,4.0,0.0,48,48,210,-61.6,17.684,5.386,3,4,0,31,0,290.0,0.0,0,0,MAINS,MAINS,1,0,54.5,92.0,48.4754,48.8342,-4.0,3.72888,3.72888,3.75648,3.75648,0.0,23.2,1068.31,,61.561,,CHARGE,0.0,0,,SYNTHETIC,0
doe-000,0,422,2026-09-03T09:07:02Z,2026-09-03T09:07:03Z,2026-09-03T09:07:02Z,2026-09-03T09:07:03Z,site_b,SIM,synthetic_demo,B-WAN-1,UP,1000.0,67.8704,67.7,0.0,22.95,1.5699,0.108,0,UP,4.0,0.0,6,6,37,-59.5,21.301,5.302,0,0,0,32,0,25.0,0.0,1,0,,,,,,,,,,,,,,,,,,,,,0.3,0,,SYNTHETIC,0
doe-000,0,423,2026-09-03T09:07:03Z,2026-09-03T09:07:04Z,2026-09-03T09:07:03Z,2026-09-03T09:07:04Z,site_a,SIM,synthetic_demo,A-WAN-1,UP,1000.0,416.1142,416.3,0.0,18.39,1.2199,0.115,0,UP,4.0,0.0,48,48,230,-62.9,19.191,5.87,1,4,0,31,0,350.0,0.0,0,0,MAINS,MAINS,1,0,54.54,92.0,48.4756,48.8344,-4.0,3.72889,3.72889,3.75649,3.75649,0.0,23.2,1079.056,,60.95,,CHARGE,0.0,0,,SYNTHETIC,0
doe-000,0,423,2026-09-03T09:07:03Z,2026-09-03T09:07:04Z,2026-09-03T09:07:03Z,2026-09-03T09:07:04Z,site_b,SIM,synthetic_demo,B-WAN-1,UP,1000.0,69.8574,70.77,0.0,22.17,0.8929,0.1,0,UP,4.0,0.0,6,6,30,-60.9,19.95,5.389,0,0,0,32,0,47.0,0.0,1,0,,,,,,,,,,,,,,,,,,,,,0.3,0,,SYNTHETIC|STALE,0
doe-000,0,424,2026-09-03T09:07:04Z,2026-09-03T09:07:05Z,2026-09-03T09:07:04Z,2026-09-03T09:07:05Z,site_a,SIM,synthetic_demo,A-WAN-1,UP,1000.0,420.6499,420.64,0.0,16.35,0.084,0.082,0,UP,4.0,0.0,48,48,152,-60.801,16.321,4.8,1,2,0,31,0,393.0,0.0,0,0,MAINS,MAINS,1,0,54.53,92.0,48.4758,48.8346,-4.0,3.72891,3.72891,3.75651,3.75651,0.0,23.1,1092.646,,60.195,,CHARGE,0.0,0,,SYNTHETIC|STALE,0
doe-000,0,424,2026-09-03T09:07:04Z,2026-09-03T09:07:05Z,2026-09-03T09:07:04Z,2026-09-03T09:07:05Z,site_b,SIM,synthetic_demo,B-WAN-1,UP,1000.0,75.0175,75.29,0.0,24.34,3.814,0.109,0,UP,4.0,0.0,6,6,53,-60.801,22.685,6.697,0,0,0,32,0,39.0,0.0,1,0,,,,,,,,,,,,,,,,,,,,,0.3,0,,SYNTHETIC|STALE,0
doe-000,0,425,2026-09-03T09:07:05Z,2026-09-03T09:07:06Z,2026-09-03T09:07:05Z,2026-09-03T09:07:06Z,site_a,SIM,synthetic_demo,A-WAN-1,UP,1000.0,375.9555,375.59,0.0,16.84,0.8579,0.047,0,UP,4.0,0.0,48,48,193,-60.801,18.251,5.288,0,3,0,31,0,302.0,0.0,0,0,MAINS,MAINS,1,0,54.57,92.0,48.4761,48.8349,-4.0,3.72893,3.72893,3.75653,3.75653,0.0,23.3,1083.917,,60.682,,CHARGE,0.0,0,,SYNTHETIC|STALE,0
doe-000,0,425,2026-09-03T09:07:05Z,2026-09-03T09:07:06Z,2026-09-03T09:07:05Z,2026-09-03T09:07:06Z,site_b,SIM,synthetic_demo,B-WAN-1,UP,1000.0,74.6517,74.77,0.0,24.68,2.9637,0.105,0,UP,4.0,0.0,6,6,39,-60.801,20.066,6.635,0,1,0,32,0,40.0,0.0,1,0,,,,,,,,,,,,,,,,,,,,,0.3,0,,SYNTHETIC|STALE,0
doe-000,0,426,2026-09-03T09:07:06Z,2026-09-03T09:07:07Z,2026-09-03T09:07:06Z,2026-09-03T09:07:07Z,site_a,SIM,synthetic_demo,A-WAN-1,UP,1000.0,419.0746,419.82,0.0,15.96,0.2658,0.104,0,UP,4.0,0.0,48,48,252,-60.801,18.987,6.05,1,0,0,31,0,280.0,0.0,0,0,MAINS,MAINS,1,0,54.52,92.0,48.4763,48.8351,-4.0,3.72894,3.72894,3.75654,3.75654,0.0,23.2,1090.391,,60.325,,CHARGE,0.0,0,,SYNTHETIC|STALE,0
doe-000,0,426,2026-09-03T09:07:06Z,2026-09-03T09:07:07Z,2026-09-03T09:07:06Z,2026-09-03T09:07:07Z,site_b,SIM,synthetic_demo,B-WAN-1,UP,1000.0,73.4023,72.76,0.0,23.29,1.4749,0.084,0,UP,4.0,0.0,6,6,85,-60.801,31.093,9.098,1,1,0,32,0,56.0,0.0,1,0,,,,,,,,,,,,,,,,,,,,,0.3,0,,SYNTHETIC|STALE,0
doe-000,0,427,2026-09-03T09:07:07Z,2026-09-03T09:07:08Z,2026-09-03T09:07:07Z,2026-09-03T09:07:08Z,site_a,SIM,synthetic_demo,A-WAN-1,UP,1000.0,503.524,503.01,0.0,16.04,0.4286,0.077,0,UP,4.0,0.0,48,48,161,-60.801,16.831,5.017,0,3,0,31,0,536.0,0.0,0,0,MAINS,MAINS,1,0,54.61,92.0,48.4765,48.8353,-4.0,3.72896,3.72896,3.75656,3.75656,0.0,23.2,1079.65,,60.928,,CHARGE,0.0,0,,SYNTHETIC|STALE,0
doe-000,0,427,2026-09-03T09:07:07Z,2026-09-03T09:07:08Z,2026-09-03T09:07:07Z,2026-09-03T09:07:08Z,site_b,SIM,synthetic_demo,B-WAN-1,UP,1000.0,119.7337,119.77,0.0,25.14,3.5829,0.091,0,UP,4.0,0.0,6,6,15,-60.801,13.043,4.438,0,0,0,32,0,35.0,0.0,1,0,,,,,,,,,,,,,,,,,,,,,0.3,0,,SYNTHETIC|STALE,0
doe-000,0,428,2026-09-03T09:07:08Z,2026-09-03T09:07:09Z,2026-09-03T09:07:08Z,2026-09-03T09:07:09Z,site_a,SIM,synthetic_demo,A-WAN-1,UP,1000.0,421.4728,421.73,0.0,16.16,0.3174,0.053,0,UP,4.0,0.0,48,48,236,-61.6,18.758,5.635,1,2,0,31,0,443.0,0.0,0,0,MAINS,MAINS,1,0,54.58,92.0,48.4767,48.8355,-4.0,3.72898,3.72898,3.75658,3.75658,0.0,23.3,1081.889,,60.804,,CHARGE,0.0,0,,SYNTHETIC,0
doe-000,0,428,2026-09-03T09:07:08Z,2026-09-03T09:07:09Z,2026-09-03T09:07:08Z,2026-09-03T09:07:09Z,site_b,SIM,synthetic_demo,B-WAN-1,UP,1000.0,79.5028,79.96,0.0,23.68,2.4209,0.126,0,UP,4.0,0.0,6,6,41,-62.6,22.9,6.17,0,0,0,32,0,68.0,0.0,1,0,,,,,,,,,,,,,,,,,,,,,0.3,0,,SYNTHETIC,0
doe-000,0,429,2026-09-03T09:07:09Z,2026-09-03T09:07:10Z,2026-09-03T09:07:09Z,2026-09-03T09:07:10Z,site_a,SIM,synthetic_demo,A-WAN-1,UP,1000.0,560.6343,561.41,0.0,17.31,1.07,0.112,0,UP,4.0,0.0,48,48,180,-62.6,17.538,5.039,1,2,0,31,0,297.0,0.0,0,0,MAINS,MAINS,1,0,54.57,92.0,48.4769,48.8357,-4.0,3.72899,3.72899,3.75659,3.75659,0.0,23.1,1077.398,,61.06,,CHARGE,0.0,0,,SYNTHETIC,0
doe-000,0,429,2026-09-03T09:07:09Z,2026-09-03T09:07:10Z,2026-09-03T09:07:09Z,2026-09-03T09:07:10Z,site_b,SIM,synthetic_demo,B-WAN-1,UP,1000.0,123.7584,123.65,0.0,21.65,0.2776,0.09,0,UP,4.0,0.0,6,6,68,-61.7,26.622,8.806,0,1,0,32,0,102.0,0.0,1,0,,,,,,,,,,,,,,,,,,,,,0.3,0,,SYNTHETIC,0
doe-000,0,430,2026-09-03T09:07:10Z,2026-09-03T09:07:11Z,2026-09-03T09:07:10Z,2026-09-03T09:07:11Z,site_a,SIM,synthetic_demo,A-WAN-1,UP,1000.0,447.9413,447.22,0.0,16.4,0.327,0.086,0,UP,4.0,0.0,48,48,180,-61.7,17.028,4.988,0,2,0,31,0,313.0,0.0,0,0,MAINS,MAINS,1,0,54.6,92.0,48.4771,48.8359,-4.0,3.72901,3.72901,3.75661,3.75661,0.0,23.3,1089.258,,60.398,,CHARGE,0.0,0,,SYNTHETIC,0
doe-000,0,430,2026-09-03T09:07:10Z,2026-09-03T09:07:11Z,2026-09-03T09:07:10Z,2026-09-03T09:07:11Z,site_b,SIM,synthetic_demo,B-WAN-1,UP,1000.0,86.2395,86.49,0.0,20.97,0.595,0.078,0,UP,4.0,0.0,6,6,41,-60.0,21.657,6.55,0,0,0,32,0,47.0,0.0,1,0,,,,,,,,,,,,,,,,,,,,,0.3,0,,SYNTHETIC,0
doe-000,0,431,2026-09-03T09:07:11Z,2026-09-03T09:07:12Z,2026-09-03T09:07:11Z,2026-09-03T09:07:12Z,site_a,SIM,synthetic_demo,A-WAN-1,UP,1000.0,391.9446,392.44,0.0,19.36,3.5562,0.125,0,UP,4.0,0.0,48,48,214,-62.1,18.473,5.619,1,2,0,31,0,271.0,0.0,0,0,MAINS,MAINS,1,0,54.66,92.0,48.4773,48.8361,-4.0,3.72902,3.72902,3.75662,3.75662,0.0,23.3,1080.616,,60.884,,CHARGE,0.0,0,,SYNTHETIC,0
doe-000,0,431,2026-09-03T09:07:11Z,2026-09-03T09:07:12Z,2026-09-03T09:07:11Z,2026-09-03T09:07:12Z,site_b,SIM,synthetic_demo,B-WAN-1,UP,1000.0,83.0571,83.25,0.0,22.91,1.0383,0.113,0,UP,4.0,0.0,6,6,43,-63.8,21.847,6.709,0,0,0,32,0,92.0,0.0,1,0,,,,,,,,,,,,,,,,,,,,,0.3,0,,SYNTHETIC,0
doe-000,0,432,2026-09-03T09:07:12Z,2026-09-03T09:07:13Z,2026-09-03T09:07:12Z,2026-09-03T09:07:13Z,site_a,SIM,synthetic_demo,A-WAN-1,UP,1000.0,358.4642,358.15,0.0,19.33,3.0766,0.047,0,UP,4.0,0.0,48,48,133,-62.0,16.423,4.908,0,3,0,31,0,159.0,0.0,0,0,MAINS,MAINS,1,0,54.6,92.0,48.4775,48.8363,-4.0,3.72904,3.72904,3.75664,3.75664,0.0,23.2,1087.108,,60.523,,CHARGE,0.0,0,,SYNTHETIC,0
doe-000,0,432,2026-09-03T09:07:12Z,2026-09-03T09:07:13Z,2026-09-03T09:07:12Z,2026-09-03T09:07:13Z,site_b,SIM,synthetic_demo,B-WAN-1,UP,1000.0,83.663,83.42,0.0,23.84,1.9332,0.104,0,UP,4.0,0.0,6,6,42,-62.5,23.309,6.78,0,0,0,32,0,105.0,0.0,1,0,,,,,,,,,,,,,,,,,,,,,0.3,0,,SYNTHETIC,0
doe-000,0,433,2026-09-03T09:07:13Z,2026-09-03T09:07:14Z,2026-09-03T09:07:13Z,2026-09-03T09:07:14Z,site_a,SIM,synthetic_demo,A-WAN-1,UP,1000.0,423.3857,424.38,0.0,17.4,0.7365,0.083,0,UP,4.0,0.0,48,48,289,-62.8,20.316,6.161,2,2,0,31,0,305.0,0.0,0,0,MAINS,MAINS,1,0,54.63,92.0,48.4777,48.8365,-4.0,3.72906,3.72906,3.75666,3.75666,0.0,23.3,1077.01,,61.094,,CHARGE,0.0,0,,SYNTHETIC,0
doe-000,0,433,2026-09-03T09:07:13Z,2026-09-03T09:07:14Z,2026-09-03T09:07:13Z,2026-09-03T09:07:14Z,site_b,SIM,synthetic_demo,B-WAN-1,UP,1000.0,85.3394,85.8,0.0,,1.1636,0.097,0,UP,4.0,0.0,6,6,26,-62.3,15.906,5.552,0,0,0,32,0,42.0,0.0,1,0,,,,,,,,,,,,,,,,,,,,,0.3,0,,SYNTHETIC|GAP|MISSING_MAR,0
doe-000,0,434,2026-09-03T09:07:14Z,2026-09-03T09:07:15Z,2026-09-03T09:07:14Z,2026-09-03T09:07:15Z,site_a,SIM,synthetic_demo,A-WAN-1,UP,1000.0,446.1198,445.98,0.0,18.71,1.7973,0.091,0,UP,4.0,0.0,48,48,139,-62.8,16.07,4.563,1,1,0,31,0,471.0,0.0,0,0,MAINS,MAINS,1,0,54.63,92.0,48.4779,48.8367,-4.0,3.72907,3.72907,3.75667,3.75667,0.0,23.1,1084.635,,60.667,,CHARGE,0.0,0,,SYNTHETIC,0
doe-000,0,434,2026-09-03T09:07:14Z,2026-09-03T09:07:15Z,2026-09-03T09:07:14Z,2026-09-03T09:07:15Z,site_b,SIM,synthetic_demo,B-WAN-1,UP,1000.0,81.3046,81.79,0.0,23.21,0.9292,0.071,0,UP,4.0,0.0,6,6,74,-58.8,28.553,8.599,0,0,0,32,0,96.0,0.0,1,0,,,,,,,,,,,,,,,,,,,,,0.3,0,,SYNTHETIC,0
doe-000,0,435,2026-09-03T09:07:15Z,2026-09-03T09:07:16Z,2026-09-03T09:07:15Z,2026-09-03T09:07:16Z,site_a,SIM,synthetic_demo,A-WAN-1,UP,1000.0,386.825,386.87,0.0,17.31,1.5886,0.087,0,UP,4.0,0.0,48,48,223,-61.6,18.446,5.535,0,0,0,31,0,339.0,0.0,0,0,MAINS,MAINS,1,0,54.53,92.0,48.4781,48.8369,-4.0,3.72909,3.72909,3.75669,3.75669,0.0,23.1,1094.814,,60.105,,CHARGE,0.0,0,,SYNTHETIC,0
doe-000,0,435,2026-09-03T09:07:15Z,2026-09-03T09:07:16Z,2026-09-03T09:07:15Z,2026-09-03T09:07:16Z,site_b,SIM,synthetic_demo,B-WAN-1,UP,1000.0,78.8425,78.68,0.0,23.15,2.0752,0.105,0,UP,4.0,0.0,6,6,47,-62.6,22.172,6.714,0,0,0,32,0,91.0,0.0,1,0,,,,,,,,,,,,,,,,,,,,,0.3,0,,SYNTHETIC,0
doe-000,0,436,2026-09-03T09:07:16Z,2026-09-03T09:07:17Z,2026-09-03T09:07:16Z,2026-09-03T09:07:17Z,site_a,SIM,synthetic_demo,A-WAN-1,UP,1000.0,382.2012,381.57,0.0,17.47,1.5621,0.076,0,UP,4.0,0.0,48,48,209,-61.6,18.651,5.417,0,2,0,31,0,405.0,0.0,0,0,MAINS,MAINS,1,0,54.56,92.0,48.4784,48.8372,-4.0,3.7291,3.7291,3.7567,3.7567,0.0,23.3,1090.133,,60.366,,CHARGE,0.0,0,,SYNTHETIC,0
doe-000,0,436,2026-09-03T09:07:16Z,2026-09-03T09:07:17Z,2026-09-03T09:07:16Z,2026-09-03T09:07:17Z,site_b,SIM,synthetic_demo,B-WAN-1,UP,1000.0,81.2269,81.73,0.0,22.95,2.4013,0.116,0,UP,4.0,0.0,6,6,49,-64.2,23.165,7.553,0,0,0,32,0,64.0,0.0,1,0,,,,,,,,,,,,,,,,,,,,,0.3,0,,SYNTHETIC,0
doe-000,0,437,2026-09-03T09:07:17Z,2026-09-03T09:07:18Z,2026-09-03T09:07:17Z,2026-09-03T09:07:18Z,site_a,SIM,synthetic_demo,A-WAN-1,UP,1000.0,430.5954,430.56,0.0,17.08,0.3377,0.109,0,UP,4.0,0.0,48,48,143,-62.4,15.472,4.911,3,3,0,31,0,329.0,0.0,0,0,MAINS,MAINS,1,0,54.67,92.0,48.4786,48.8374,-4.0,3.72912,3.72912,3.75672,3.75672,0.0,23.3,1082.991,,60.767,,CHARGE,0.0,0,,SYNTHETIC,0
doe-000,0,437,2026-09-03T09:07:17Z,2026-09-03T09:07:18Z,2026-09-03T09:07:17Z,2026-09-03T09:07:18Z,site_b,SIM,synthetic_demo,B-WAN-1,UP,1000.0,69.2869,68.37,0.0,21.52,1.0316,0.1,0,UP,4.0,0.0,6,6,50,-61.8,25.401,7.127,0,0,0,32,0,69.0,0.0,1,0,,,,,,,,,,,,,,,,,,,,,0.3,0,,SYNTHETIC,0
doe-000,0,438,2026-09-03T09:07:18Z,2026-09-03T09:07:19Z,2026-09-03T09:07:18Z,2026-09-03T09:07:19Z,site_a,SIM,synthetic_demo,A-WAN-1,UP,1000.0,418.876,419.1,0.0,,0.5967,0.055,0,UP,4.0,0.0,48,48,218,-63.7,17.665,5.405,2,2,0,31,0,364.0,0.0,0,0,MAINS,MAINS,1,0,54.56,92.0,48.4788,48.8376,-4.0,3.72914,3.72914,3.75674,3.75674,0.0,23.3,1078.153,,61.042,,CHARGE,0.0,0,,SYNTHETIC|GAP|MISSING_MAR,0
doe-000,0,438,2026-09-03T09:07:18Z,2026-09-03T09:07:19Z,2026-09-03T09:07:18Z,2026-09-03T09:07:19Z,site_b,SIM,synthetic_demo,B-WAN-1,UP,1000.0,75.0733,75.31,0.0,21.86,0.9077,0.108,0,UP,4.0,0.0,6,6,26,-61.1,18.456,5.148,0,1,0,32,0,78.0,0.0,1,0,,,,,,,,,,,,,,,,,,,,,0.3,0,,SYNTHETIC,0
doe-000,0,439,2026-09-03T09:07:19Z,2026-09-03T09:07:20Z,2026-09-03T09:07:19Z,2026-09-03T09:07:20Z,site_a,SIM,synthetic_demo,A-WAN-1,UP,1000.0,457.4463,457.17,0.0,16.77,0.4622,0.105,0,UP,4.0,0.0,48,48,226,-62.2,18.173,5.232,1,3,0,31,0,298.0,0.0,0,0,MAINS,MAINS,1,0,54.6,92.0,48.479,48.8378,-4.0,3.72915,3.72915,3.75675,3.75675,0.0,23.2,1097.3,,59.98,,CHARGE,0.0,0,,SYNTHETIC,0
doe-000,0,439,2026-09-03T09:07:19Z,2026-09-03T09:07:20Z,2026-09-03T09:07:19Z,2026-09-03T09:07:20Z,site_b,SIM,synthetic_demo,B-WAN-1,UP,1000.0,75.2586,74.87,0.0,22.03,0.188,0.115,0,UP,4.0,0.0,6,6,65,-59.6,26.09,7.619,0,1,0,32,0,71.0,0.0,1,0,,,,,,,,,,,,,,,,,,,,,0.3,0,,SYNTHETIC,0
doe-000,0,440,2026-09-03T09:07:20Z,2026-09-03T09:07:21Z,2026-09-03T09:07:20Z,2026-09-03T09:07:21Z,site_a,SIM,synthetic_demo,A-WAN-1,UP,1000.0,387.8204,387.73,0.0,16.49,1.1531,0.087,0,UP,4.0,0.0,48,48,201,-62.8,18.049,5.252,1,2,0,31,0,318.0,0.0,0,0,MAINS,MAINS,1,0,54.56,92.0,48.4792,48.838,-4.0,3.72917,3.72917,3.75677,3.75677,0.0,23.3,1089.891,,60.39,,CHARGE,0.0,0,,SYNTHETIC,0
doe-000,0,440,2026-09-03T09:07:20Z,2026-09-03T09:07:21Z,2026-09-03T09:07:20Z,2026-09-03T09:07:21Z,site_b,SIM,synthetic_demo,B-WAN-1,UP,1000.0,70.4763,70.97,0.0,22.59,1.5275,0.094,0,UP,4.0,0.0,6,6,76,-64.5,30.175,9.605,1,0,0,32,0,79.0,0.0,1,0,,,,,,,,,,,,,,,,,,,,,0.3,0,,SYNTHETIC,0
doe-000,0,441,2026-09-03T09:07:21Z,2026-09-03T09:07:22Z,2026-09-03T09:07:21Z,2026-09-03T09:07:22Z,site_a,SIM,synthetic_demo,A-WAN-1,UP,1000.0,388.8271,387.76,0.0,20.19,4.4285,0.076,0,UP,4.0,0.0,48,48,205,-61.4,18.309,5.343,0,3,0,31,0,182.0,0.0,0,0,MAINS,MAINS,1,0,54.6,92.0,48.4794,48.8382,-4.0,3.72919,3.72919,3.75679,3.75679,0.0,23.1,1079.592,,60.969,,CHARGE,0.0,0,,SYNTHETIC,0
doe-000,0,441,2026-09-03T09:07:21Z,2026-09-03T09:07:22Z,2026-09-03T09:07:21Z,2026-09-03T09:07:22Z,site_b,SIM,synthetic_demo,B-WAN-1,UP,1000.0,67.3309,67.32,0.0,20.78,0.7381,0.083,0,UP,4.0,0.0,6,6,45,-63.0,23.097,6.904,0,0,0,32,0,38.0,0.0,1,0,,,,,,,,,,,,,,,,,,,,,0.3,0,,SYNTHETIC,0
doe-000,0,442,2026-09-03T09:07:22Z,2026-09-03T09:07:23Z,2026-09-03T09:07:22Z,2026-09-03T09:07:23Z,site_a,SIM,synthetic_demo,A-WAN-1,UP,1000.0,367.3432,367.55,0.0,18.2,2.6693,0.07,0,UP,4.0,0.0,48,48,329,-60.3,21.787,6.464,1,3,0,31,0,231.0,0.0,0,0,MAINS,MAINS,1,0,54.57,92.0,48.4796,48.8384,-4.0,3.7292,3.7292,3.7568,3.7568,0.0,23.2,1099.916,,59.845,,CHARGE,0.0,0,,SYNTHETIC,0
doe-000,0,442,2026-09-03T09:07:22Z,2026-09-03T09:07:23Z,2026-09-03T09:07:22Z,2026-09-03T09:07:23Z,site_b,SIM,synthetic_demo,B-WAN-1,UP,1000.0,73.5793,73.67,0.0,21.9,0.7404,0.144,0,UP,4.0,0.0,6,6,75,-61.7,27.423,9.144,1,0,0,32,0,54.0,0.0,1,0,,,,,,,,,,,,,,,,,,,,,0.3,0,,SYNTHETIC,0
doe-000,0,443,2026-09-03T09:07:23Z,2026-09-03T09:07:24Z,2026-09-03T09:07:23Z,2026-09-03T09:07:24Z,site_a,SIM,synthetic_demo,A-WAN-1,UP,1000.0,371.6277,371.28,0.0,19.71,3.9721,0.119,0,UP,4.0,0.0,48,48,258,-61.9,19.49,5.496,1,1,0,31,0,187.0,0.0,0,0,MAINS,MAINS,1,0,54.59,92.0,48.4798,48.8386,-4.0,3.72922,3.72922,3.75682,3.75682,0.0,23.3,1088.63,,60.469,,CHARGE,0.0,0,,SYNTHETIC,0
doe-000,0,443,2026-09-03T09:07:23Z,2026-09-03T09:07:24Z,2026-09-03T09:07:23Z,2026-09-03T09:07:24Z,site_b,SIM,synthetic_demo,B-WAN-1,UP,1000.0,69.8502,69.59,0.0,23.78,1.8853,0.103,0,UP,4.0,0.0,6,6,47,-63.2,21.838,7.121,1,1,0,32,0,87.0,0.0,1,0,,,,,,,,,,,,,,,,,,,,,0.3,0,,SYNTHETIC,0
doe-000,0,444,2026-09-03T09:07:24Z,2026-09-03T09:07:25Z,2026-09-03T09:07:24Z,2026-09-03T09:07:25Z,site_a,SIM,synthetic_demo,A-WAN-1,UP,1000.0,376.045,376.17,0.0,15.59,0.0194,0.065,0,UP,4.0,0.0,48,48,134,-62.5,15.773,4.646,2,2,0,31,0,219.0,0.0,0,0,MAINS,MAINS,1,0,54.62,92.0,48.48,48.8388,-4.0,3.72923,3.72923,3.75683,3.75683,0.0,23.2,1098.09,,59.95,,CHARGE,0.0,0,,SYNTHETIC,0
doe-000,0,444,2026-09-03T09:07:24Z,2026-09-03T09:07:25Z,2026-09-03T09:07:24Z,2026-09-03T09:07:25Z,site_b,SIM,synthetic_demo,B-WAN-1,UP,1000.0,93.3773,93.73,0.0,22.99,2.0523,0.113,0,UP,4.0,0.0,6,6,71,-60.9,28.651,8.987,0,2,0,32,0,75.0,0.0,1,0,,,,,,,,,,,,,,,,,,,,,0.3,0,,SYNTHETIC,0
doe-000,0,445,2026-09-03T09:07:25Z,2026-09-03T09:07:26Z,2026-09-03T09:07:25Z,2026-09-03T09:07:26Z,site_a,SIM,synthetic_demo,A-WAN-1,UP,1000.0,381.8624,381.12,0.0,16.1,0.1063,0.123,0,UP,4.0,0.0,48,48,181,-61.0,17.781,5.079,3,1,0,31,0,260.0,0.0,0,0,MAINS,MAINS,1,0,54.6,92.0,48.4802,48.839,-4.0,3.72925,3.72925,3.75685,3.75685,0.0,23.3,1097.666,,59.976,,CHARGE,0.0,0,,SYNTHETIC,0
doe-000,0,445,2026-09-03T09:07:25Z,2026-09-03T09:07:26Z,2026-09-03T09:07:25Z,2026-09-03T09:07:26Z,site_b,SIM,synthetic_demo,B-WAN-1,UP,1000.0,99.2485,99.61,0.0,21.62,0.9182,0.127,0,UP,4.0,0.0,6,6,28,-61.1,18.374,5.682,0,0,0,32,0,46.0,0.0,1,0,,,,,,,,,,,,,,,,,,,,,0.3,0,,SYNTHETIC,0
doe-000,0,446,2026-09-03T09:07:26Z,2026-09-03T09:07:27Z,2026-09-03T09:07:26Z,2026-09-03T09:07:27Z,site_a,SIM,synthetic_demo,A-WAN-1,UP,1000.0,445.1744,446.25,0.0,17.01,1.2206,0.085,0,UP,4.0,0.0,48,48,104,-61.6,14.733,4.334,0,5,0,31,0,388.0,0.0,0,0,MAINS,MAINS,1,0,54.66,92.0,48.4805,48.8393,-4.0,3.72927,3.72927,3.75687,3.75687,0.0,23.2,1081.684,,60.865,,CHARGE,0.0,0,,SYNTHETIC,0
doe-000,0,446,2026-09-03T09:07:26Z,2026-09-03T09:07:27Z,2026-09-03T09:07:26Z,2026-09-03T09:07:27Z,site_b,SIM,synthetic_demo,B-WAN-1,UP,1000.0,63.5405,63.93,0.0,21.47,0.1448,0.093,0,UP,4.0,0.0,6,6,56,-61.8,24.733,8.009,0,0,0,32,0,74.0,0.0,1,0,,,,,,,,,,,,,,,,,,,,,0.3,0,,SYNTHETIC,0
doe-000,0,447,2026-09-03T09:07:27Z,2026-09-03T09:07:28Z,2026-09-03T09:07:27Z,2026-09-03T09:07:28Z,site_a,SIM,synthetic_demo,A-WAN-1,UP,1000.0,454.4908,454.88,0.0,20.49,4.5856,0.115,0,UP,4.0,0.0,48,48,149,-62.3,16.573,4.945,1,4,0,31,0,400.0,0.0,0,0,MAINS,MAINS,1,0,54.68,92.0,48.4807,48.8395,-4.0,3.72928,3.72928,3.75688,3.75688,0.0,23.3,1078.842,,61.028,,CHARGE,0.0,0,,SYNTHETIC,0
doe-000,0,447,2026-09-03T09:07:27Z,2026-09-03T09:07:28Z,2026-09-03T09:07:27Z,2026-09-03T09:07:28Z,site_b,SIM,synthetic_demo,B-WAN-1,UP,1000.0,64.764,64.86,0.0,21.46,0.4615,0.104,0,UP,4.0,0.0,6,6,55,-61.8,22.288,7.882,1,0,0,32,0,54.0,0.0,1,0,,,,,,,,,,,,,,,,,,,,,0.3,0,,SYNTHETIC,0
doe-000,0,448,2026-09-03T09:07:28Z,2026-09-03T09:07:29Z,2026-09-03T09:07:28Z,2026-09-03T09:07:29Z,site_a,SIM,synthetic_demo,A-WAN-1,UP,1000.0,533.8995,534.18,0.0,21.19,5.0289,0.07,0,UP,4.0,0.0,48,48,292,-62.7,20.282,6.136,0,3,0,31,0,314.0,0.0,0,0,MAINS,MAINS,1,0,54.62,92.0,48.4809,48.8397,-4.0,3.7293,3.7293,3.7569,3.7569,0.0,23.1,1087.701,,60.534,,CHARGE,0.0,0,,SYNTHETIC,0
doe-000,0,448,2026-09-03T09:07:28Z,2026-09-03T09:07:29Z,2026-09-03T09:07:28Z,2026-09-03T09:07:29Z,site_b,SIM,synthetic_demo,B-WAN-1,UP,1000.0,64.2179,63.54,0.0,24.09,3.0039,0.108,0,UP,4.0,0.0,6,6,52,-60.2,25.197,6.907,0,0,0,32,0,58.0,0.0,1,0,,,,,,,,,,,,,,,,,,,,,0.3,0,,SYNTHETIC,0
doe-000,0,449,2026-09-03T09:07:29Z,2026-09-03T09:07:30Z,2026-09-03T09:07:29Z,2026-09-03T09:07:30Z,site_a,SIM,synthetic_demo,A-WAN-1,UP,1000.0,461.8868,461.25,0.0,18.26,2.2125,0.101,0,UP,4.0,0.0,48,48,201,-62.2,18.072,5.467,1,0,0,31,0,405.0,0.0,0,0,MAINS,MAINS,1,0,54.54,92.0,48.4811,48.8399,-4.0,3.72931,3.72931,3.75691,3.75691,0.0,23.3,1069.339,,61.576,,CHARGE,0.0,0,,SYNTHETIC,0
doe-000,0,449,2026-09-03T09:07:29Z,2026-09-03T09:07:30Z,2026-09-03T09:07:29Z,2026-09-03T09:07:30Z,site_b,SIM,synthetic_demo,B-WAN-1,UP,1000.0,67.0681,66.96,0.0,20.96,0.4066,0.117,0,UP,4.0,0.0,6,6,35,-61.9,20.54,6.277,0,0,0,32,0,65.0,0.0,1,0,,,,,,,,,,,,,,,,,,,,,0.3,0,,SYNTHETIC,0
doe-000,0,450,2026-09-03T09:07:30Z,2026-09-03T09:07:31Z,2026-09-03T09:07:30Z,2026-09-03T09:07:31Z,site_a,SIM,synthetic_demo,A-WAN-1,UP,1000.0,455.9064,455.1,0.0,16.52,0.3192,0.11,0,UP,4.0,0.0,48,48,333,-62.0,20.889,6.468,1,2,0,31,0,315.0,0.0,0,0,MAINS,MAINS,1,0,54.65,92.0,48.4813,48.8401,-4.0,3.72933,3.72933,3.75693,3.75693,0.0,23.2,1087.419,,60.555,,CHARGE,0.0,0,,SYNTHETIC,0
doe-000,0,450,2026-09-03T09:07:30Z,2026-09-03T09:07:31Z,2026-09-03T09:07:30Z,2026-09-03T09:07:31Z,site_b,SIM,synthetic_demo,B-WAN-1,UP,1000.0,74.6879,74.79,0.0,23.8,2.4546,0.13,0,UP,4.0,0.0,6,6,38,-63.7,19.134,6.533,0,1,0,32,0,76.0,0.0,1,0,,,,,,,,,,,,,,,,,,,,,0.3,0,,SYNTHETIC,0
doe-000,0,451,2026-09-03T09:07:31Z,2026-09-03T09:07:32Z,2026-09-03T09:07:31Z,2026-09-03T09:07:32Z,site_a,SIM,synthetic_demo,A-WAN-1,UP,1000.0,410.2982,409.6,0.0,18.32,1.9655,0.107,0,UP,4.0,0.0,48,48,307,-61.2,20.596,6.176,2,2,0,31,0,322.0,0.0,0,0,MAINS,MAINS,1,0,54.64,92.0,48.4815,48.8403,-4.0,3.72935,3.72935,3.75695,3.75695,0.0,23.1,1074.146,,61.306,,CHARGE,0.0,0,,SYNTHETIC,0
doe-000,0,451,2026-09-03T09:07:31Z,2026-09-03T09:07:32Z,2026-09-03T09:07:31Z,2026-09-03T09:07:32Z,site_a,SIM,synthetic_demo,A-WAN-1,UP,1000.0,410.2982,409.6,0.0,18.32,1.9655,0.107,0,UP,4.0,0.0,48,48,307,-61.2,20.596,6.176,2,2,0,31,0,322.0,0.0,0,0,MAINS,MAINS,1,0,54.64,92.0,48.4815,48.8403,-4.0,3.72935,3.72935,3.75695,3.75695,0.0,23.1,1074.146,,61.306,,CHARGE,0.0,0,,SYNTHETIC|DUPLICATE,0
doe-000,0,451,2026-09-03T09:07:31Z,2026-09-03T09:07:32Z,2026-09-03T09:07:31Z,2026-09-03T09:07:32Z,site_b,SIM,synthetic_demo,B-WAN-1,UP,1000.0,81.0401,80.74,0.0,21.17,0.2618,0.089,0,UP,4.0,0.0,6,6,33,-62.7,19.954,6.015,0,0,0,32,0,39.0,0.0,1,0,,,,,,,,,,,,,,,,,,,,,0.3,0,,SYNTHETIC,0
doe-000,0,452,2026-09-03T09:07:32Z,2026-09-03T09:07:33Z,2026-09-03T09:07:32Z,2026-09-03T09:07:33Z,site_a,SIM,synthetic_demo,A-WAN-1,UP,1000.0,436.9708,438.56,0.0,17.69,1.4844,0.084,0,UP,4.0,0.0,48,48,66,-61.5,14.132,4.213,3,1,0,31,0,448.0,0.0,0,0,MAINS,MAINS,1,0,54.64,92.0,48.4817,48.8405,-4.0,3.72936,3.72936,3.75696,3.75696,0.0,23.2,1087.834,,60.537,,CHARGE,0.0,0,,SYNTHETIC,0
doe-000,0,452,2026-09-03T09:07:32Z,2026-09-03T09:07:33Z,2026-09-03T09:07:32Z,2026-09-03T09:07:33Z,site_b,SIM,synthetic_demo,B-WAN-1,UP,1000.0,74.4697,74.92,0.0,25.16,4.2619,0.142,0,UP,4.0,0.0,6,6,37,-61.6,21.315,5.872,0,0,0,32,0,73.0,0.0,1,0,,,,,,,,,,,,,,,,,,,,,0.3,0,,SYNTHETIC,0
doe-000,0,453,2026-09-03T09:07:33Z,2026-09-03T09:07:34Z,2026-09-03T09:07:33Z,2026-09-03T09:07:34Z,site_a,SIM,synthetic_demo,A-WAN-1,UP,1000.0,437.3299,436.22,0.0,16.43,0.7138,0.1,0,UP,4.0,0.0,48,48,215,,18.83,5.47,2,6,0,31,0,398.0,0.0,0,0,MAINS,MAINS,1,0,54.65,92.0,48.4819,48.8407,-4.0,3.72938,3.72938,3.75698,3.75698,0.0,23.2,1076.531,,61.176,,CHARGE,0.0,0,,SYNTHETIC|GAP|MISSING_MAR,0
doe-000,0,453,2026-09-03T09:07:33Z,2026-09-03T09:07:34Z,2026-09-03T09:07:33Z,2026-09-03T09:07:34Z,site_b,SIM,synthetic_demo,B-WAN-1,UP,1000.0,92.3434,92.38,0.0,21.19,0.4817,0.087,0,UP,4.0,0.0,6,6,25,-61.3,17.131,5.629,0,0,0,32,0,37.0,0.0,1,0,,,,,,,,,,,,,,,,,,,,,0.3,0,,SYNTHETIC,0
doe-000,0,454,2026-09-03T09:07:34Z,2026-09-03T09:07:35Z,2026-09-03T09:07:34Z,2026-09-03T09:07:35Z,site_a,SIM,synthetic_demo,A-WAN-1,UP,1000.0,412.3181,412.56,0.0,18.1,1.7892,0.107,0,UP,4.0,0.0,48,48,113,-62.5,15.076,4.495,0,3,0,31,0,258.0,0.0,0,0,MAINS,MAINS,1,0,54.68,92.0,48.4821,48.8409,-4.0,3.72939,3.72939,3.75699,3.75699,0.0,23.2,1088.673,,60.496,,CHARGE,0.0,0,,SYNTHETIC,0
doe-000,0,454,2026-09-03T09:07:34Z,2026-09-03T09:07:35Z,2026-09-03T09:07:34Z,2026-09-03T09:07:35Z,site_b,SIM,synthetic_demo,B-WAN-1,UP,1000.0,67.9224,67.35,0.0,21.22,0.1315,0.114,0,UP,4.0,0.0,6,6,41,-60.4,20.661,6.321,0,0,0,32,0,86.0,0.0,1,0,,,,,,,,,,,,,,,,,,,,,0.3,0,,SYNTHETIC,0
doe-000,0,455,2026-09-03T09:07:35Z,2026-09-03T09:07:36Z,2026-09-03T09:07:35Z,2026-09-03T09:07:36Z,site_a,SIM,synthetic_demo,A-WAN-1,UP,1000.0,436.0053,436.92,0.0,17.23,0.9039,0.081,0,UP,4.0,0.0,48,48,167,-61.9,17.314,5.251,0,1,0,31,0,544.0,0.0,0,0,MAINS,MAINS,1,0,54.66,92.0,48.4823,48.8411,-4.0,3.72941,3.72941,3.75701,3.75701,0.0,23.2,1090.421,,60.402,,CHARGE,0.0,0,,SYNTHETIC,0
doe-000,0,455,2026-09-03T09:07:35Z,2026-09-03T09:07:36Z,2026-09-03T09:07:35Z,2026-09-03T09:07:36Z,site_b,SIM,synthetic_demo,B-WAN-1,UP,1000.0,68.7774,68.75,0.0,22.07,0.9199,0.104,0,UP,4.0,0.0,6,6,63,-62.9,25.343,8.734,0,0,0,32,0,64.0,0.0,1,0,,,,,,,,,,,,,,,,,,,,,0.3,0,,SYNTHETIC,0
doe-000,0,456,2026-09-03T09:07:36Z,2026-09-03T09:07:37Z,2026-09-03T09:07:36Z,2026-09-03T09:07:37Z,site_a,SIM,synthetic_demo,A-WAN-1,UP,1000.0,427.1807,427.71,0.0,18.96,2.8405,0.069,0,UP,4.0,0.0,48,48,218,-61.3,18.044,5.59,2,5,0,31,0,303.0,0.0,0,0,MAINS,MAINS,1,0,54.6,92.0,48.4825,48.8413,-4.0,3.72943,3.72943,3.75703,3.75703,0.0,23.1,1091.463,,60.347,,CHARGE,0.0,0,,SYNTHETIC,0
doe-000,0,456,2026-09-03T09:07:36Z,2026-09-03T09:07:37Z,2026-09-03T09:07:36Z,2026-09-03T09:07:37Z,site_b,SIM,synthetic_demo,B-WAN-1,UP,1000.0,66.9885,66.32,0.0,21.02,0.2068,0.111,0,UP,4.0,0.0,6,6,46,-64.5,23.105,7.187,0,1,0,32,0,31.0,0.0,1,0,,,,,,,,,,,,,,,,,,,,,0.3,0,,SYNTHETIC,0
doe-000,0,457,2026-09-03T09:07:37Z,2026-09-03T09:07:38Z,2026-09-03T09:07:37Z,2026-09-03T09:07:38Z,site_a,SIM,synthetic_demo,A-WAN-1,UP,1000.0,382.3096,382.17,0.0,16.67,0.0554,0.073,0,UP,4.0,0.0,48,48,282,-61.3,19.371,6.015,1,3,0,31,0,396.0,0.0,0,0,MAINS,MAINS,1,0,54.76,92.0,48.4828,48.8416,-4.0,3.72944,3.72944,3.75704,3.75704,0.0,23.2,1078.571,,61.071,,CHARGE,0.0,0,,SYNTHETIC,0
doe-000,0,457,2026-09-03T09:07:37Z,2026-09-03T09:07:38Z,2026-09-03T09:07:37Z,2026-09-03T09:07:38Z,site_b,SIM,synthetic_demo,B-WAN-1,UP,1000.0,68.9384,68.47,0.0,25.15,3.9694,0.122,0,UP,4.0,0.0,6,6,40,-63.4,22.3,6.651,0,2,0,32,0,70.0,0.0,1,0,,,,,,,,,,,,,,,,,,,,,0.3,0,,SYNTHETIC,0
doe-000,0,458,2026-09-03T09:07:38Z,2026-09-03T09:07:39Z,2026-09-03T09:07:38Z,2026-09-03T09:07:39Z,site_a,SIM,synthetic_demo,A-WAN-1,UP,1000.0,589.0898,588.54,0.0,21.85,5.6268,0.119,0,UP,4.0,0.0,48,48,367,-62.3,21.918,6.663,0,1,0,31,0,410.0,0.0,0,0,MAINS,MAINS,1,0,54.59,92.0,48.483,48.8418,-4.0,3.72946,3.72946,3.75706,3.75706,0.0,23.3,1117.062,,58.969,,CHARGE,0.0,0,,SYNTHETIC,0
doe-000,0,458,2026-09-03T09:07:38Z,2026-09-03T09:07:39Z,2026-09-03T09:07:38Z,2026-09-03T09:07:39Z,site_b,SIM,synthetic_demo,B-WAN-1,UP,1000.0,120.0915,119.99,0.0,21.38,0.3766,0.085,0,UP,4.0,0.0,6,6,57,-59.9,24.883,7.65,0,0,0,32,0,69.0,0.0,1,0,,,,,,,,,,,,,,,,,,,,,0.3,0,,SYNTHETIC,0
doe-000,0,459,2026-09-03T09:07:39Z,2026-09-03T09:07:40Z,2026-09-03T09:07:39Z,2026-09-03T09:07:40Z,site_a,SIM,synthetic_demo,A-WAN-1,UP,1000.0,399.85,399.81,0.0,17.88,1.1244,0.035,0,UP,4.0,0.0,48,48,128,-62.3,15.662,4.733,1,2,0,31,0,240.0,0.0,0,0,MAINS,MAINS,1,0,54.59,92.0,48.4832,48.842,-4.0,3.72948,3.72948,3.75708,3.75708,0.0,23.2,1112.239,,59.228,,CHARGE,0.0,0,,SYNTHETIC,0
doe-000,0,459,2026-09-03T09:07:39Z,2026-09-03T09:07:40Z,2026-09-03T09:07:39Z,2026-09-03T09:07:40Z,site_b,SIM,synthetic_demo,B-WAN-1,UP,1000.0,66.707,66.1,0.0,22.1,1.0388,0.09,0,UP,4.0,0.0,6,6,62,-60.3,26.349,7.662,0,0,0,32,0,75.0,0.0,1,0,,,,,,,,,,,,,,,,,,,,,0.3,0,,SYNTHETIC,0
doe-000,0,460,2026-09-03T09:07:40Z,2026-09-03T09:07:41Z,2026-09-03T09:07:40Z,2026-09-03T09:07:41Z,site_a,SIM,synthetic_demo,A-WAN-1,UP,1000.0,409.8458,409.01,0.0,15.79,0.2496,0.064,0,UP,4.0,0.0,48,48,172,-61.4,16.518,5.072,13,2,0,31,0,312.0,0.0,0,0,MAINS,MAINS,1,0,54.72,92.0,48.4834,48.8422,-4.0,3.72949,3.72949,3.75709,3.75709,0.0,23.3,1095.789,,60.12,,CHARGE,0.25,0,,SYNTHETIC,0
doe-000,0,460,2026-09-03T09:07:40Z,2026-09-03T09:07:41Z,2026-09-03T09:07:40Z,2026-09-03T09:07:41Z,site_b,SIM,synthetic_demo,B-WAN-1,UP,1000.0,59.353,58.22,0.0,21.6,0.393,0.088,0,UP,4.0,0.0,6,6,45,-60.1,20.251,5.845,0,0,0,32,0,25.0,0.0,1,0,,,,,,,,,,,,,,,,,,,,,0.3,0,,SYNTHETIC,0
doe-000,0,461,2026-09-03T09:07:41Z,2026-09-03T09:07:42Z,2026-09-03T09:07:41Z,2026-09-03T09:07:42Z,site_a,SIM,synthetic_demo,A-WAN-1,UP,1000.0,393.3394,392.42,0.0,18.34,1.864,0.093,0,UP,4.0,0.0,48,48,255,,19.486,5.658,14,3,0,31,0,309.0,0.0,0,0,MAINS,MAINS,1,0,54.66,92.0,48.4836,48.8424,-4.0,3.72951,3.72951,3.75711,3.75711,0.0,23.2,1082.338,,60.869,,CHARGE,0.25,0,,SYNTHETIC|GAP|MISSING_MCAR,0
doe-000,0,461,2026-09-03T09:07:41Z,2026-09-03T09:07:42Z,2026-09-03T09:07:41Z,2026-09-03T09:07:42Z,site_b,SIM,synthetic_demo,B-WAN-1,UP,1000.0,82.7549,82.11,0.0,21.37,0.0966,0.099,0,UP,4.0,0.0,6,6,29,-62.5,16.897,6.245,0,2,0,32,0,66.0,0.0,1,0,,,,,,,,,,,,,,,,,,,,,0.3,0,,SYNTHETIC,0
doe-000,0,462,2026-09-03T09:07:42Z,2026-09-03T09:07:43Z,2026-09-03T09:07:42Z,2026-09-03T09:07:43Z,site_a,SIM,synthetic_demo,A-WAN-1,UP,1000.0,389.7099,389.13,0.0,16.86,0.4747,0.095,0,UP,4.0,0.0,48,48,199,-61.4,18.466,5.179,13,1,0,31,0,260.0,0.0,0,0,MAINS,MAINS,1,0,54.62,92.0,48.4838,48.8426,-4.0,3.72952,3.72952,3.75712,3.75712,0.0,23.1,1092.649,,60.298,,CHARGE,0.25,0,,SYNTHETIC,0
doe-000,0,462,2026-09-03T09:07:42Z,2026-09-03T09:07:43Z,2026-09-03T09:07:42Z,2026-09-03T09:07:43Z,site_b,SIM,synthetic_demo,B-WAN-1,UP,1000.0,63.7029,63.69,0.0,22.69,1.4374,0.112,0,UP,4.0,0.0,6,6,37,-60.9,18.903,5.675,0,1,0,32,0,18.0,0.0,1,0,,,,,,,,,,,,,,,,,,,,,0.3,0,,SYNTHETIC,0
doe-000,0,463,2026-09-03T09:07:43Z,2026-09-03T09:07:44Z,2026-09-03T09:07:43Z,2026-09-03T09:07:44Z,site_a,SIM,synthetic_demo,A-WAN-1,UP,1000.0,433.6507,434.55,0.0,17.89,1.3647,0.065,0,UP,4.0,0.0,48,48,162,-61.7,16.893,5.112,14,1,0,31,0,226.0,0.0,0,0,MAINS,MAINS,1,0,54.58,92.0,48.484,48.8428,-4.0,3.72954,3.72954,3.75714,3.75714,0.0,23.1,1103.132,,59.727,,CHARGE,0.25,0,,SYNTHETIC,0
doe-000,0,463,2026-09-03T09:07:43Z,2026-09-03T09:07:44Z,2026-09-03T09:07:43Z,2026-09-03T09:07:44Z,site_b,SIM,synthetic_demo,B-WAN-1,UP,1000.0,94.5119,94.53,0.0,22.52,1.5234,0.102,0,UP,4.0,0.0,6,6,41,-62.1,21.768,6.306,0,0,0,32,0,58.0,0.0,1,0,,,,,,,,,,,,,,,,,,,,,0.3,0,,SYNTHETIC,0
doe-000,0,464,2026-09-03T09:07:44Z,2026-09-03T09:07:45Z,2026-09-03T09:07:44Z,2026-09-03T09:07:45Z,site_a,SIM,synthetic_demo,A-WAN-1,UP,1000.0,390.6974,391.34,0.0,16.96,0.0264,0.068,0,UP,4.0,0.0,48,48,306,-61.3,20.436,6.39,12,2,0,31,0,244.0,0.0,0,0,MAINS,MAINS,1,0,54.71,92.0,48.4842,48.843,-4.0,3.72956,3.72956,3.75716,3.75716,0.0,23.3,1098.317,,59.992,,CHARGE,0.25,0,,SYNTHETIC,0
doe-000,0,464,2026-09-03T09:07:44Z,2026-09-03T09:07:45Z,2026-09-03T09:07:44Z,2026-09-03T09:07:45Z,site_b,SIM,synthetic_demo,B-WAN-1,UP,1000.0,87.9597,88.15,0.0,24.29,1.9915,,0,UP,4.0,0.0,6,6,53,-63.1,25.25,7.21,0,1,0,32,0,49.0,0.0,1,0,,,,,,,,,,,,,,,,,,,,,0.3,0,,SYNTHETIC|GAP|MISSING_MAR,0
doe-000,0,465,2026-09-03T09:07:45Z,2026-09-03T09:07:46Z,2026-09-03T09:07:45Z,2026-09-03T09:07:46Z,site_a,SIM,synthetic_demo,A-WAN-1,UP,1000.0,470.8484,471.03,0.0,18.77,2.2093,0.108,0,UP,4.0,0.0,48,48,160,-61.8,17.131,4.977,13,3,0,31,0,371.0,0.0,0,0,MAINS,MAINS,1,0,54.63,92.0,48.4844,48.8432,-4.0,3.72957,3.72957,3.75717,3.75717,0.0,23.1,1085.714,,60.691,,CHARGE,0.25,0,,SYNTHETIC,0
doe-000,0,465,2026-09-03T09:07:45Z,2026-09-03T09:07:46Z,2026-09-03T09:07:45Z,2026-09-03T09:07:46Z,site_b,SIM,synthetic_demo,B-WAN-1,UP,1000.0,83.8435,83.35,0.0,21.46,0.7638,0.119,0,UP,4.0,0.0,6,6,70,-62.7,30.248,8.146,0,1,0,32,0,43.0,0.0,1,0,,,,,,,,,,,,,,,,,,,,,0.3,0,,SYNTHETIC,0
doe-000,0,466,2026-09-03T09:07:46Z,2026-09-03T09:07:47Z,2026-09-03T09:07:46Z,2026-09-03T09:07:47Z,site_a,SIM,synthetic_demo,A-WAN-1,UP,1000.0,515.3937,514.88,0.0,19.28,3.1293,0.094,0,UP,4.0,0.0,48,48,226,-62.3,18.457,5.501,13,3,0,31,0,336.0,0.0,0,0,MAINS,MAINS,1,0,54.69,92.0,48.4846,48.8434,-4.0,3.72959,3.72959,3.75719,3.75719,0.0,23.2,1103.232,,59.73,,CHARGE,0.25,0,,SYNTHETIC,0
doe-000,0,466,2026-09-03T09:07:46Z,2026-09-03T09:07:47Z,2026-09-03T09:07:46Z,2026-09-03T09:07:47Z,site_b,SIM,synthetic_demo,B-WAN-1,UP,1000.0,66.2409,66.55,0.0,22.27,1.1177,0.078,0,UP,4.0,0.0,6,6,39,-60.6,21.929,6.041,0,0,0,32,0,82.0,0.0,1,0,,,,,,,,,,,,,,,,,,,,,0.3,0,,SYNTHETIC,0
doe-000,0,467,2026-09-03T09:07:47Z,2026-09-03T09:07:48Z,2026-09-03T09:07:47Z,2026-09-03T09:07:48Z,site_a,SIM,synthetic_demo,A-WAN-1,UP,1000.0,669.4993,669.52,0.0,17.38,0.7018,0.095,0,UP,4.0,0.0,48,48,212,-61.5,18.072,5.281,12,0,0,31,0,386.0,0.0,0,0,MAINS,MAINS,1,0,54.6,92.0,48.4849,48.8437,-4.0,3.7296,3.7296,3.7572,3.7572,0.0,23.1,1083.118,,60.842,,CHARGE,0.25,0,,SYNTHETIC,0
doe-000,0,467,2026-09-03T09:07:47Z,2026-09-03T09:07:48Z,2026-09-03T09:07:47Z,2026-09-03T09:07:48Z,site_b,SIM,synthetic_demo,B-WAN-1,UP,1000.0,72.5814,73.11,0.0,21.6,0.5764,0.099,0,UP,4.0,0.0,6,6,62,-63.1,27.306,8.651,1,0,0,32,0,91.0,0.0,1,0,,,,,,,,,,,,,,,,,,,,,0.3,0,,SYNTHETIC,0
doe-000,0,468,2026-09-03T09:07:48Z,2026-09-03T09:07:49Z,2026-09-03T09:07:48Z,2026-09-03T09:07:49Z,site_a,SIM,synthetic_demo,A-WAN-1,UP,1000.0,408.7861,407.84,0.0,16.54,0.7678,0.081,0,UP,4.0,0.0,48,48,206,-61.6,17.627,5.299,12,0,0,31,0,204.0,0.0,0,0,MAINS,MAINS,1,0,54.68,92.0,48.4851,48.8439,-4.0,3.72962,3.72962,3.75722,3.75722,0.0,23.2,1096.901,,60.08,,CHARGE,0.25,0,,SYNTHETIC,0
doe-000,0,468,2026-09-03T09:07:48Z,2026-09-03T09:07:49Z,2026-09-03T09:07:48Z,2026-09-03T09:07:49Z,site_b,SIM,synthetic_demo,B-WAN-1,UP,1000.0,69.6549,70.03,0.0,23.05,1.6352,0.117,0,UP,4.0,0.0,6,6,41,-60.4,20.382,5.93,0,0,0,32,0,71.0,0.0,1,0,,,,,,,,,,,,,,,,,,,,,0.3,0,,SYNTHETIC,0
doe-000,0,469,2026-09-03T09:07:49Z,2026-09-03T09:07:50Z,2026-09-03T09:07:49Z,2026-09-03T09:07:50Z,site_a,SIM,synthetic_demo,A-WAN-1,UP,1000.0,433.4975,434.4,0.0,20.5,4.9278,0.094,0,UP,4.0,0.0,48,48,193,-61.7,17.953,5.37,13,2,0,31,0,258.0,0.0,0,0,MAINS,MAINS,1,0,54.63,92.0,48.4853,48.8441,-4.0,3.72964,3.72964,3.75724,3.75724,0.0,23.2,1079.136,,61.072,,CHARGE,0.25,0,,SYNTHETIC,0
doe-000,0,469,2026-09-03T09:07:49Z,2026-09-03T09:07:50Z,2026-09-03T09:07:49Z,2026-09-03T09:07:50Z,site_b,SIM,synthetic_demo,B-WAN-1,UP,1000.0,68.1724,68.66,0.0,21.64,0.313,0.106,0,UP,4.0,0.0,6,6,47,-63.7,21.738,6.486,0,0,0,32,0,76.0,0.0,1,0,,,,,,,,,,,,,,,,,,,,,0.3,0,,SYNTHETIC,0
doe-000,0,470,2026-09-03T09:07:50Z,2026-09-03T09:07:51Z,2026-09-03T09:07:50Z,2026-09-03T09:07:51Z,site_a,SIM,synthetic_demo,A-WAN-1,UP,1000.0,429.0605,429.49,0.0,18.66,2.4007,0.057,0,UP,4.0,0.0,48,48,198,-61.5,17.54,5.198,13,4,0,31,0,458.0,0.0,0,0,MAINS,MAINS,1,0,54.78,92.0,48.4855,48.8443,-4.0,3.72965,3.72965,3.75725,3.75725,0.0,23.2,1093.165,,60.291,,CHARGE,0.25,0,,SYNTHETIC,0
doe-000,0,470,2026-09-03T09:07:50Z,2026-09-03T09:07:51Z,2026-09-03T09:07:50Z,2026-09-03T09:07:51Z,site_b,SIM,synthetic_demo,B-WAN-1,UP,1000.0,69.6825,68.99,0.0,22.05,0.7351,0.109,0,UP,4.0,0.0,6,6,63,-60.7,23.84,8.345,0,0,0,32,0,48.0,0.0,0,0,,,,,,,,,,,,,,,,,,,,,0.0,0,,SYNTHETIC,0
doe-000,0,471,2026-09-03T09:07:51Z,2026-09-03T09:07:52Z,2026-09-03T09:07:51Z,2026-09-03T09:07:52Z,site_a,SIM,synthetic_demo,A-WAN-1,UP,1000.0,430.2433,431.09,0.0,16.63,0.8734,0.092,0,UP,4.0,0.0,48,48,191,-63.2,17.953,5.362,12,1,0,31,0,483.0,0.0,0,0,MAINS,MAINS,1,0,54.63,92.0,48.4857,48.8445,-4.0,3.72967,3.72967,3.75727,3.75727,0.0,23.1,1098.083,,60.024,,CHARGE,0.25,0,,SYNTHETIC,0
doe-000,0,471,2026-09-03T09:07:51Z,2026-09-03T09:07:52Z,2026-09-03T09:07:51Z,2026-09-03T09:07:52Z,site_b,SIM,synthetic_demo,B-WAN-1,UP,1000.0,65.279,64.84,0.0,20.94,0.3637,0.092,0,UP,4.0,0.0,6,6,44,-63.5,22.653,7.113,0,0,0,32,0,61.0,0.0,0,0,,,,,,,,,,,,,,,,,,,,,0.0,0,,SYNTHETIC,0
doe-000,0,472,2026-09-03T09:07:52Z,2026-09-03T09:07:53Z,2026-09-03T09:07:52Z,2026-09-03T09:07:53Z,site_a,SIM,synthetic_demo,A-WAN-1,UP,1000.0,480.6318,481.09,0.0,17.75,2.095,0.084,0,UP,4.0,0.0,48,48,166,-62.2,16.835,4.98,12,4,0,31,0,390.0,0.0,0,0,MAINS,MAINS,1,0,54.67,92.0,48.4859,48.8447,-4.0,3.72968,3.72968,3.75728,3.75728,0.0,23.3,1087.15,,60.63,,CHARGE,0.25,0,,SYNTHETIC,0
doe-000,0,472,2026-09-03T09:07:52Z,2026-09-03T09:07:53Z,2026-09-03T09:07:52Z,2026-09-03T09:07:53Z,site_b,SIM,synthetic_demo,B-WAN-1,UP,1000.0,64.1563,64.3,0.0,21.61,0.3906,0.111,0,UP,4.0,0.0,6,6,36,-62.4,20.524,6.13,0,0,0,32,0,105.0,0.0,0,0,,,,,,,,,,,,,,,,,,,,,0.0,0,,SYNTHETIC,0
doe-000,0,473,2026-09-03T09:07:53Z,2026-09-03T09:07:54Z,2026-09-03T09:07:53Z,2026-09-03T09:07:54Z,site_a,SIM,synthetic_demo,A-WAN-1,UP,1000.0,480.5931,480.77,0.0,16.48,0.8005,0.093,0,UP,4.0,0.0,48,48,213,-61.7,18.637,5.402,12,3,0,31,0,250.0,0.0,0,0,MAINS,MAINS,1,0,54.75,92.0,48.4861,48.8449,-4.0,3.7297,3.7297,3.7573,3.7573,0.0,23.2,1084.116,,60.802,,CHARGE,0.25,0,,SYNTHETIC,0
doe-000,0,473,2026-09-03T09:07:53Z,2026-09-03T09:07:54Z,2026-09-03T09:07:53Z,2026-09-03T09:07:54Z,site_b,SIM,synthetic_demo,B-WAN-1,UP,1000.0,76.8887,76.09,0.0,20.95,0.5044,0.125,0,UP,4.0,0.0,6,6,54,-61.0,24.685,6.902,0,0,0,32,0,41.0,0.0,0,0,,,,,,,,,,,,,,,,,,,,,0.0,0,,SYNTHETIC,0
doe-000,0,474,2026-09-03T09:07:54Z,2026-09-03T09:07:55Z,2026-09-03T09:07:54Z,2026-09-03T09:07:55Z,site_a,SIM,synthetic_demo,A-WAN-1,UP,1000.0,451.4639,453.03,0.0,17.34,1.7682,0.089,0,UP,4.0,0.0,48,48,90,-62.4,14.419,4.325,12,1,0,31,0,317.0,0.0,0,0,MAINS,MAINS,1,0,54.72,92.0,48.4863,48.8451,-4.0,3.72972,3.72972,3.75732,3.75732,0.0,23.1,1093.775,,60.268,,CHARGE,0.25,0,,SYNTHETIC,0
doe-000,0,474,2026-09-03T09:07:54Z,2026-09-03T09:07:55Z,2026-09-03T09:07:54Z,2026-09-03T09:07:55Z,site_b,SIM,synthetic_demo,B-WAN-1,UP,1000.0,84.8195,84.99,0.0,23.43,2.8648,0.089,0,UP,4.0,0.0,6,6,20,-59.5,18.212,4.317,1,0,0,32,0,62.0,0.0,0,0,,,,,,,,,,,,,,,,,,,,,0.0,0,,SYNTHETIC,0
doe-000,0,475,2026-09-03T09:07:55Z,2026-09-03T09:07:56Z,2026-09-03T09:07:55Z,2026-09-03T09:07:56Z,site_a,SIM,synthetic_demo,A-WAN-1,UP,1000.0,488.782,488.21,0.0,16.45,0.9937,0.063,0,UP,4.0,0.0,48,48,178,-62.0,16.782,4.876,14,5,0,31,0,458.0,0.0,0,0,MAINS,MAINS,1,0,54.59,92.0,48.4865,48.8453,-4.0,3.72973,3.72973,3.75733,3.75733,0.0,23.2,1101.15,,59.867,,CHARGE,0.25,0,,SYNTHETIC,0
doe-000,0,475,2026-09-03T09:07:55Z,2026-09-03T09:07:56Z,2026-09-03T09:07:55Z,2026-09-03T09:07:56Z,site_b,SIM,synthetic_demo,B-WAN-1,UP,1000.0,76.1369,76.95,0.0,23.54,2.011,0.121,0,UP,4.0,0.0,6,6,26,-62.2,17.239,5.078,0,1,0,32,0,58.0,0.0,0,0,,,,,,,,,,,,,,,,,,,,,0.0,0,,SYNTHETIC,0
doe-000,0,476,2026-09-03T09:07:56Z,2026-09-03T09:07:57Z,2026-09-03T09:07:56Z,2026-09-03T09:07:57Z,site_a,SIM,synthetic_demo,A-WAN-1,UP,1000.0,441.3168,,0.0,18.43,2.2074,0.096,0,UP,4.0,0.0,48,48,334,-62.5,21.616,6.763,14,0,0,31,0,273.0,0.0,0,0,MAINS,MAINS,1,0,54.73,92.0,48.4867,48.8455,-4.0,3.72975,3.72975,3.75735,3.75735,0.0,23.3,1090.287,,60.466,,CHARGE,0.25,0,,SYNTHETIC|GAP|MISSING_MAR,0
doe-000,0,476,2026-09-03T09:07:56Z,2026-09-03T09:07:57Z,2026-09-03T09:07:56Z,2026-09-03T09:07:57Z,site_b,SIM,synthetic_demo,B-WAN-1,UP,1000.0,66.0167,65.21,0.0,23.88,1.8323,0.112,0,UP,4.0,0.0,6,6,66,-64.0,26.946,7.925,0,0,0,32,0,70.0,0.0,0,0,,,,,,,,,,,,,,,,,,,,,0.0,0,,SYNTHETIC,0
doe-000,0,477,2026-09-03T09:07:57Z,2026-09-03T09:07:58Z,2026-09-03T09:07:57Z,2026-09-03T09:07:58Z,site_a,SIM,synthetic_demo,A-WAN-1,UP,1000.0,524.5284,524.56,0.0,17.02,0.6637,0.118,0,UP,4.0,0.0,48,48,126,-63.0,15.602,4.568,15,3,0,31,0,351.0,0.0,0,0,MAINS,MAINS,1,0,54.62,92.0,48.487,48.8458,-4.0,3.72977,3.72977,3.75737,3.75737,0.0,23.3,1084.918,,60.768,,CHARGE,0.25,0,,SYNTHETIC,0
doe-000,0,477,2026-09-03T09:07:57Z,2026-09-03T09:07:58Z,2026-09-03T09:07:57Z,2026-09-03T09:07:58Z,site_b,SIM,synthetic_demo,B-WAN-1,UP,1000.0,70.1013,70.56,0.0,22.5,1.3009,0.083,0,UP,4.0,0.0,6,6,19,-61.9,16.106,4.815,0,0,0,32,0,43.0,0.0,0,0,,,,,,,,,,,,,,,,,,,,,0.0,0,,SYNTHETIC,0
doe-000,0,478,2026-09-03T09:07:58Z,2026-09-03T09:07:59Z,2026-09-03T09:07:58Z,2026-09-03T09:07:59Z,site_a,SIM,synthetic_demo,A-WAN-1,UP,1000.0,452.7078,453.32,0.0,16.17,0.0646,0.102,0,UP,4.0,0.0,48,48,293,-61.7,20.599,5.962,12,2,0,31,0,242.0,0.0,0,0,MAINS,MAINS,1,0,54.75,92.0,48.4872,48.846,-4.0,3.72978,3.72978,3.75738,3.75738,0.0,23.1,1101.958,,59.831,,CHARGE,0.25,0,,SYNTHETIC,0
doe-000,0,478,2026-09-03T09:07:58Z,2026-09-03T09:07:59Z,2026-09-03T09:07:58Z,2026-09-03T09:07:59Z,site_b,SIM,synthetic_demo,B-WAN-1,UP,1000.0,75.2778,74.89,0.0,22.22,1.1382,0.108,0,UP,4.0,0.0,6,6,32,-61.9,18.99,5.855,0,0,0,32,0,56.0,0.0,0,0,,,,,,,,,,,,,,,,,,,,,0.0,0,,SYNTHETIC,0
doe-000,0,479,2026-09-03T09:07:59Z,2026-09-03T09:08:00Z,2026-09-03T09:07:59Z,2026-09-03T09:08:00Z,site_a,SIM,synthetic_demo,A-WAN-1,UP,1000.0,439.2248,439.39,0.0,18.07,2.3405,0.083,0,UP,4.0,0.0,48,48,265,-62.3,19.685,6.038,14,8,0,31,0,256.0,0.0,0,0,MAINS,MAINS,1,0,54.66,92.0,48.4874,48.8462,-4.0,3.7298,3.7298,3.7574,3.7574,0.0,23.2,1088.687,,60.563,,CHARGE,0.25,0,,SYNTHETIC,0
doe-000,0,479,2026-09-03T09:07:59Z,2026-09-03T09:08:00Z,2026-09-03T09:07:59Z,2026-09-03T09:08:00Z,site_b,SIM,synthetic_demo,B-WAN-1,UP,1000.0,69.836,69.77,0.0,21.92,1.3027,0.121,0,UP,4.0,0.0,6,6,36,-63.0,19.602,6.321,0,0,0,32,0,70.0,0.0,0,0,,,,,,,,,,,,,,,,,,,,,0.0,0,,SYNTHETIC,0
doe-000,0,480,2026-09-03T09:08:00Z,2026-09-03T09:08:01Z,2026-09-03T09:08:00Z,2026-09-03T09:08:01Z,site_a,SIM,synthetic_demo,A-WAN-1,UP,1000.0,441.2779,441.53,0.0,16.25,1.03,0.109,0,UP,4.0,0.0,48,48,237,-62.4,18.994,5.673,14,3,0,31,0,396.0,0.0,0,0,MAINS,MAINS,1,0,54.65,92.0,48.4876,48.8464,-4.0,3.72981,3.72981,3.75741,3.75741,0.0,23.3,1097.19,,60.097,,CHARGE,0.25,0,,SYNTHETIC,0
doe-000,0,480,2026-09-03T09:08:00Z,2026-09-03T09:08:01Z,2026-09-03T09:08:00Z,2026-09-03T09:08:01Z,site_b,SIM,synthetic_demo,B-WAN-1,UP,1000.0,69.8818,70.4,0.0,23.69,3.2959,0.133,0,UP,4.0,0.0,6,6,67,-63.7,25.858,9.233,0,0,0,32,0,61.0,0.0,0,0,,,,,,,,,,,,,,,,,,,,,0.0,0,,SYNTHETIC,0
doe-000,0,481,2026-09-03T09:08:01Z,2026-09-03T09:08:02Z,2026-09-03T09:08:01Z,2026-09-03T09:08:02Z,site_a,SIM,synthetic_demo,A-WAN-1,UP,1000.0,489.334,489.33,0.0,17.47,0.8981,0.067,0,UP,4.0,0.0,48,48,367,-61.7,22.651,6.995,13,3,0,31,0,274.0,0.0,0,0,MAINS,MAINS,1,0,54.71,92.0,48.4878,48.8466,-4.0,3.72983,3.72983,3.75743,3.75743,0.0,23.4,1096.154,,60.156,,CHARGE,0.25,0,,SYNTHETIC,0
doe-000,0,481,2026-09-03T09:08:01Z,2026-09-03T09:08:02Z,2026-09-03T09:08:01Z,2026-09-03T09:08:02Z,site_b,SIM,synthetic_demo,B-WAN-1,UP,1000.0,66.1925,66.08,0.0,21.45,0.653,0.118,0,UP,4.0,0.0,6,6,19,-61.7,14.701,4.574,1,0,0,32,0,79.0,0.0,0,0,,,,,,,,,,,,,,,,,,,,,0.0,0,,SYNTHETIC,0
doe-000,0,482,2026-09-03T09:08:02Z,2026-09-03T09:08:03Z,2026-09-03T09:08:02Z,2026-09-03T09:08:03Z,site_a,SIM,synthetic_demo,A-WAN-1,UP,1000.0,424.5514,424.61,0.0,16.97,0.9093,0.094,0,UP,4.0,0.0,48,48,220,-62.1,17.586,5.544,12,3,0,31,0,338.0,0.0,0,0,MAINS,MAINS,1,0,54.67,92.0,48.488,48.8468,-4.0,3.72985,3.72985,3.75745,3.75745,0.0,23.2,1085.199,,60.766,,CHARGE,0.25,0,,SYNTHETIC,0
doe-000,0,482,2026-09-03T09:08:02Z,2026-09-03T09:08:03Z,2026-09-03T09:08:02Z,2026-09-03T09:08:03Z,site_b,SIM,synthetic_demo,B-WAN-1,UP,1000.0,59.965,59.7,0.0,23.86,2.415,0.064,0,UP,4.0,0.0,6,6,21,-61.5,16.389,4.418,0,0,0,32,0,38.0,0.0,0,0,,,,,,,,,,,,,,,,,,,,,0.0,0,,SYNTHETIC,0
doe-000,0,483,2026-09-03T09:08:03Z,2026-09-03T09:08:04Z,2026-09-03T09:08:03Z,2026-09-03T09:08:04Z,site_a,SIM,synthetic_demo,A-WAN-1,UP,1000.0,495.6811,495.03,0.0,20.84,4.7161,0.131,0,UP,4.0,0.0,48,48,173,-61.2,17.349,5.064,13,5,0,31,0,229.0,0.0,0,0,MAINS,MAINS,1,0,54.73,92.0,48.4882,48.847,-4.0,3.72986,3.72986,3.75746,3.75746,0.0,23.3,1081.174,,60.995,,CHARGE,0.25,0,,SYNTHETIC,0
doe-000,0,483,2026-09-03T09:08:03Z,2026-09-03T09:08:04Z,2026-09-03T09:08:03Z,2026-09-03T09:08:04Z,site_b,SIM,synthetic_demo,B-WAN-1,UP,1000.0,64.9268,65.24,0.0,22.55,1.7157,0.091,0,UP,4.0,0.0,6,6,47,-64.0,23.368,7.977,0,0,0,32,0,41.0,0.0,0,0,,,,,,,,,,,,,,,,,,,,,0.0,0,,SYNTHETIC,0
doe-000,0,484,2026-09-03T09:08:04Z,2026-09-03T09:08:05Z,2026-09-03T09:08:04Z,2026-09-03T09:08:05Z,site_a,SIM,synthetic_demo,A-WAN-1,UP,1000.0,452.2992,453.02,0.0,17.86,1.921,0.091,0,UP,4.0,0.0,48,48,215,-62.4,17.596,5.438,14,2,0,31,0,398.0,0.0,0,0,MAINS,MAINS,1,0,54.68,92.0,48.4884,48.8472,-4.0,3.72988,3.72988,3.75748,3.75748,0.0,23.2,1074.402,,61.382,,CHARGE,0.25,0,,SYNTHETIC,0
doe-000,0,484,2026-09-03T09:08:04Z,2026-09-03T09:08:05Z,2026-09-03T09:08:04Z,2026-09-03T09:08:05Z,site_b,SIM,synthetic_demo,B-WAN-1,UP,1000.0,75.6647,75.94,0.0,23.46,1.814,0.106,0,UP,4.0,0.0,6,6,53,-61.2,24.343,7.089,0,1,0,32,0,44.0,0.0,0,0,,,,,,,,,,,,,,,,,,,,,0.0,0,,SYNTHETIC,0
doe-000,0,485,2026-09-03T09:08:05Z,2026-09-03T09:08:06Z,2026-09-03T09:08:05Z,2026-09-03T09:08:06Z,site_a,SIM,synthetic_demo,A-WAN-1,UP,1000.0,513.8329,514.28,0.0,15.95,0.0172,0.104,0,UP,4.0,0.0,48,48,278,-60.5,20.411,5.971,14,1,0,31,0,399.0,0.0,0,0,MAINS,MAINS,1,0,54.68,92.0,48.4886,48.8474,-4.0,3.72989,3.72989,3.75749,3.75749,0.0,23.2,1075.976,,61.295,,CHARGE,0.25,0,,SYNTHETIC,0
doe-000,0,485,2026-09-03T09:08:05Z,2026-09-03T09:08:06Z,2026-09-03T09:08:05Z,2026-09-03T09:08:06Z,site_b,SIM,synthetic_demo,B-WAN-1,UP,1000.0,60.1372,59.75,0.0,22.02,0.4732,0.134,0,UP,4.0,0.0,6,6,28,-64.3,17.653,5.234,0,0,0,32,0,53.0,0.0,0,0,,,,,,,,,,,,,,,,,,,,,0.0,0,,SYNTHETIC,0
doe-000,0,486,2026-09-03T09:08:06Z,2026-09-03T09:08:07Z,2026-09-03T09:08:06Z,2026-09-03T09:08:07Z,site_a,SIM,synthetic_demo,A-WAN-1,UP,1000.0,413.8999,414.18,0.0,16.97,1.0809,0.067,0,UP,4.0,0.0,48,48,132,-61.1,15.152,4.76,14,2,0,31,0,415.0,0.0,0,0,MAINS,MAINS,1,0,54.78,92.0,48.4888,48.8476,-4.0,3.72991,3.72991,3.75751,3.75751,0.0,23.3,1096.004,,60.178,,CHARGE,0.25,0,,SYNTHETIC|STALE,0
doe-000,0,486,2026-09-03T09:08:06Z,2026-09-03T09:08:07Z,2026-09-03T09:08:06Z,2026-09-03T09:08:07Z,site_b,SIM,synthetic_demo,B-WAN-1,UP,1000.0,58.2756,59.24,0.0,22.25,0.9438,0.124,0,UP,4.0,0.0,6,6,42,-61.373,20.463,6.017,0,0,0,32,0,82.0,0.0,0,0,,,,,,,,,,,,,,,,,,,,,0.0,0,,SYNTHETIC|STALE,0
doe-000,0,487,2026-09-03T09:08:07Z,2026-09-03T09:08:08Z,2026-09-03T09:08:07Z,2026-09-03T09:08:08Z,site_a,SIM,synthetic_demo,A-WAN-1,UP,1000.0,480.0151,480.26,0.0,17.53,1.336,0.108,0,UP,4.0,0.0,48,48,312,-61.373,20.262,6.517,13,2,0,31,0,431.0,0.0,0,0,MAINS,MAINS,1,0,54.73,92.0,48.489,48.8478,-4.0,3.72993,3.72993,3.75753,3.75753,0.0,23.2,1078.387,,61.164,,CHARGE,0.25,0,,SYNTHETIC|STALE,0
doe-000,0,487,2026-09-03T09:08:07Z,2026-09-03T09:08:08Z,2026-09-03T09:08:07Z,2026-09-03T09:08:08Z,site_b,SIM,synthetic_demo,B-WAN-1,UP,1000.0,114.8718,114.95,0.0,21.76,0.4547,0.106,0,UP,4.0,0.0,6,6,53,-61.7,24.427,7.358,0,0,0,32,0,56.0,0.0,0,0,,,,,,,,,,,,,,,,,,,,,0.0,0,,SYNTHETIC,0
doe-000,0,488,2026-09-03T09:08:08Z,2026-09-03T09:08:09Z,2026-09-03T09:08:08Z,2026-09-03T09:08:09Z,site_a,SIM,synthetic_demo,A-WAN-1,UP,1000.0,494.2045,493.82,0.0,20.85,4.4868,0.096,0,UP,4.0,0.0,48,48,185,-63.0,17.397,5.288,15,1,0,31,0,258.0,0.0,0,0,MAINS,MAINS,1,0,54.73,92.0,48.4893,48.8481,-4.0,3.72994,3.72994,3.75754,3.75754,0.0,23.1,1082.933,,60.91,,CHARGE,0.25,0,,SYNTHETIC,0
doe-000,0,488,2026-09-03T09:08:08Z,2026-09-03T09:08:09Z,2026-09-03T09:08:08Z,2026-09-03T09:08:09Z,site_b,SIM,synthetic_demo,B-WAN-1,UP,1000.0,93.2317,92.8,0.0,21.83,0.7909,0.104,0,UP,4.0,0.0,6,6,43,-60.9,19.725,6.533,0,1,0,32,0,33.0,0.0,0,0,,,,,,,,,,,,,,,,,,,,,0.0,0,,SYNTHETIC,0
doe-000,0,489,2026-09-03T09:08:09Z,2026-09-03T09:08:10Z,2026-09-03T09:08:09Z,2026-09-03T09:08:10Z,site_a,SIM,synthetic_demo,A-WAN-1,UP,1000.0,524.0987,524.09,0.0,19.52,3.5065,0.055,0,UP,4.0,0.0,48,48,193,-63.1,18.024,5.143,12,3,0,31,0,467.0,0.0,0,0,MAINS,MAINS,1,0,54.72,92.0,48.4895,48.8483,-4.0,3.72996,3.72996,3.75756,3.75756,0.0,23.0,1105.831,,59.651,,CHARGE,0.25,0,,SYNTHETIC,0
doe-000,0,489,2026-09-03T09:08:09Z,2026-09-03T09:08:10Z,2026-09-03T09:08:09Z,2026-09-03T09:08:10Z,site_b,SIM,synthetic_demo,B-WAN-1,UP,1000.0,87.8292,88.16,0.0,21.14,0.2301,0.059,0,UP,4.0,0.0,6,6,38,-58.9,20.325,5.859,0,0,0,32,0,92.0,0.0,0,0,,,,,,,,,,,,,,,,,,,,,0.0,0,,SYNTHETIC,0
doe-000,0,490,2026-09-03T09:08:10Z,2026-09-03T09:08:11Z,2026-09-03T09:08:10Z,2026-09-03T09:08:11Z,site_a,SIM,synthetic_demo,A-WAN-1,UP,1000.0,424.1888,423.46,0.0,16.91,1.1332,0.083,0,UP,4.0,0.0,48,48,320,-61.8,21.388,6.358,13,5,0,31,0,304.0,0.0,0,0,MAINS,MAINS,1,0,54.77,92.0,48.4897,48.8485,-4.0,3.72998,3.72998,3.75758,3.75758,0.0,23.2,1090.195,,60.51,,CHARGE,0.25,0,,SYNTHETIC,0
doe-000,0,490,2026-09-03T09:08:10Z,2026-09-03T09:08:11Z,2026-09-03T09:08:10Z,2026-09-03T09:08:11Z,site_b,SIM,synthetic_demo,B-WAN-1,UP,1000.0,61.665,61.9,0.0,24.73,3.2514,0.114,0,UP,4.0,0.0,6,6,23,-62.0,16.05,4.506,0,0,0,32,0,60.0,0.0,0,0,,,,,,,,,,,,,,,,,,,,,0.0,0,,SYNTHETIC,0
doe-000,0,491,2026-09-03T09:08:11Z,2026-09-03T09:08:12Z,2026-09-03T09:08:11Z,2026-09-03T09:08:12Z,site_a,SIM,synthetic_demo,A-WAN-1,UP,1000.0,470.003,469.91,0.0,16.93,1.3722,0.098,0,UP,4.0,0.0,48,48,229,-62.3,18.357,5.507,12,1,0,31,0,360.0,0.0,0,0,MAINS,MAINS,1,0,54.63,92.0,48.4899,48.8487,-4.0,3.72999,3.72999,3.75759,3.75759,0.0,23.2,1089.846,,60.532,,CHARGE,0.25,0,,SYNTHETIC,0
doe-000,0,491,2026-09-03T09:08:11Z,2026-09-03T09:08:12Z,2026-09-03T09:08:11Z,2026-09-03T09:08:12Z,site_b,SIM,synthetic_demo,B-WAN-1,UP,1000.0,67.5056,68.8,0.0,21.03,0.4721,0.114,0,UP,4.0,0.0,6,6,29,-62.7,20.522,5.726,0,0,0,32,0,48.0,0.0,0,0,,,,,,,,,,,,,,,,,,,,,0.0,0,,SYNTHETIC,0
doe-000,0,492,2026-09-03T09:08:12Z,2026-09-03T09:08:13Z,2026-09-03T09:08:12Z,2026-09-03T09:08:13Z,site_a,SIM,synthetic_demo,A-WAN-1,UP,1000.0,449.2814,450.06,0.0,19.18,3.0575,0.092,0,UP,4.0,0.0,48,48,209,-61.5,17.731,5.438,13,3,0,31,0,305.0,0.0,0,0,MAINS,MAINS,1,0,54.62,92.0,48.4901,48.8489,-4.0,3.73001,3.73001,3.75761,3.75761,0.0,23.1,1105.203,,59.693,,CHARGE,0.25,0,,SYNTHETIC,0
doe-000,0,492,2026-09-03T09:08:12Z,2026-09-03T09:08:13Z,2026-09-03T09:08:12Z,2026-09-03T09:08:13Z,site_b,SIM,synthetic_demo,B-WAN-1,UP,1000.0,74.9984,74.81,0.0,22.98,1.9751,0.092,0,UP,4.0,0.0,6,6,32,-60.4,20.09,5.76,0,0,0,32,0,58.0,0.0,0,0,,,,,,,,,,,,,,,,,,,,,0.0,0,,SYNTHETIC,0
doe-000,0,493,2026-09-03T09:08:13Z,2026-09-03T09:08:14Z,2026-09-03T09:08:13Z,2026-09-03T09:08:14Z,site_a,SIM,synthetic_demo,A-WAN-1,UP,1000.0,624.3122,623.89,0.0,16.33,0.429,0.061,0,UP,4.0,0.0,48,48,292,-62.7,20.676,5.983,13,2,0,31,0,396.0,0.0,0,0,MAINS,MAINS,1,0,54.73,92.0,48.4903,48.8491,-4.0,3.73002,3.73002,3.75762,3.75762,0.0,23.2,1091.031,,60.471,,CHARGE,0.25,0,,SYNTHETIC,0
doe-000,0,493,2026-09-03T09:08:13Z,2026-09-03T09:08:14Z,2026-09-03T09:08:13Z,2026-09-03T09:08:14Z,site_b,SIM,synthetic_demo,B-WAN-1,UP,1000.0,67.4112,66.1,0.0,24.69,4.1722,0.084,0,UP,4.0,0.0,6,6,39,-64.7,23.88,6.789,1,0,0,32,0,68.0,0.0,0,0,,,,,,,,,,,,,,,,,,,,,0.0,0,,SYNTHETIC,0
doe-000,0,494,2026-09-03T09:08:14Z,2026-09-03T09:08:15Z,2026-09-03T09:08:14Z,2026-09-03T09:08:15Z,site_a,SIM,synthetic_demo,A-WAN-1,UP,1000.0,509.0617,508.24,0.0,16.8,0.1888,0.074,0,UP,4.0,0.0,48,48,167,-62.7,16.761,5.108,14,3,0,31,0,369.0,0.0,0,0,MAINS,MAINS,1,0,54.75,92.0,48.4905,48.8493,-4.0,3.73004,3.73004,3.75764,3.75764,0.0,23.1,1094.047,,60.307,,CHARGE,0.25,0,,SYNTHETIC,0
doe-000,0,494,2026-09-03T09:08:14Z,2026-09-03T09:08:15Z,2026-09-03T09:08:14Z,2026-09-03T09:08:15Z,site_b,SIM,synthetic_demo,B-WAN-1,UP,1000.0,74.6042,74.54,0.0,24.24,2.5319,0.166,0,UP,4.0,0.0,6,6,41,-61.5,21.725,6.1,0,0,0,32,0,70.0,0.0,0,0,,,,,,,,,,,,,,,,,,,,,0.0,0,,SYNTHETIC,0
doe-000,0,495,2026-09-03T09:08:15Z,2026-09-03T09:08:16Z,2026-09-03T09:08:15Z,2026-09-03T09:08:16Z,site_a,SIM,synthetic_demo,A-WAN-1,UP,1000.0,443.2546,442.46,0.0,16.87,0.6502,0.062,0,UP,4.0,0.0,48,48,108,-62.2,14.285,4.396,14,4,0,31,0,309.0,0.0,0,0,MAINS,MAINS,1,0,54.81,92.0,48.4907,48.8495,-4.0,3.73006,3.73006,3.75766,3.75766,0.0,23.3,1081.52,,61.009,,CHARGE,0.25,0,,SYNTHETIC,0
doe-000,0,495,2026-09-03T09:08:15Z,2026-09-03T09:08:16Z,2026-09-03T09:08:15Z,2026-09-03T09:08:16Z,site_b,SIM,synthetic_demo,B-WAN-1,UP,1000.0,68.3252,67.83,0.0,25.01,3.8123,0.08,0,UP,4.0,0.0,6,6,39,-62.7,22.217,5.958,0,0,0,32,0,58.0,0.0,0,0,,,,,,,,,,,,,,,,,,,,,0.0,0,,SYNTHETIC,0
doe-000,0,496,2026-09-03T09:08:16Z,2026-09-03T09:08:17Z,2026-09-03T09:08:16Z,2026-09-03T09:08:17Z,site_a,SIM,synthetic_demo,A-WAN-1,UP,1000.0,476.5144,475.84,0.0,18.42,2.4033,0.068,0,UP,4.0,0.0,48,48,326,-62.3,20.508,6.583,13,3,0,31,0,280.0,0.0,0,0,MAINS,MAINS,1,0,54.69,92.0,48.4909,48.8497,-4.0,3.73007,3.73007,3.75767,3.75767,0.0,23.4,1082.398,,60.962,,CHARGE,0.25,0,,SYNTHETIC,0
doe-000,0,496,2026-09-03T09:08:16Z,2026-09-03T09:08:17Z,2026-09-03T09:08:16Z,2026-09-03T09:08:17Z,site_b,SIM,synthetic_demo,B-WAN-1,UP,1000.0,72.6909,73.02,0.0,21.62,0.1684,0.081,0,UP,4.0,0.0,6,6,28,-64.1,19.162,6.302,0,1,0,32,0,73.0,0.0,0,0,,,,,,,,,,,,,,,,,,,,,0.0,0,,SYNTHETIC,0
doe-000,0,497,2026-09-03T09:08:17Z,2026-09-03T09:08:18Z,2026-09-03T09:08:17Z,2026-09-03T09:08:18Z,site_a,SIM,synthetic_demo,A-WAN-1,UP,1000.0,493.0328,491.78,0.0,16.88,1.076,0.127,0,UP,4.0,0.0,48,48,99,-62.4,14.228,4.261,12,2,0,31,0,346.0,0.0,0,0,MAINS,MAINS,1,0,54.77,92.0,48.4911,48.8499,-4.0,3.73009,3.73009,3.75769,3.75769,0.0,23.3,1087.577,,60.674,,CHARGE,0.25,0,,SYNTHETIC,0
doe-000,0,497,2026-09-03T09:08:17Z,2026-09-03T09:08:18Z,2026-09-03T09:08:17Z,2026-09-03T09:08:18Z,site_b,SIM,synthetic_demo,B-WAN-1,UP,1000.0,85.5528,85.81,0.0,22.59,1.3513,0.094,0,UP,4.0,0.0,6,6,59,-64.1,24.219,7.371,0,0,0,32,0,32.0,0.0,0,0,,,,,,,,,,,,,,,,,,,,,0.0,0,,SYNTHETIC,0
doe-000,0,498,2026-09-03T09:08:18Z,2026-09-03T09:08:19Z,2026-09-03T09:08:18Z,2026-09-03T09:08:19Z,site_a,SIM,synthetic_demo,A-WAN-1,UP,1000.0,502.1909,501.52,0.0,17.38,1.6622,0.062,0,UP,4.0,0.0,48,48,173,-61.9,17.832,4.998,13,2,0,31,0,310.0,0.0,0,0,MAINS,MAINS,1,0,54.74,92.0,48.4914,48.8502,-4.0,3.7301,3.7301,3.7577,3.7577,0.0,23.2,1088.921,,60.602,,CHARGE,0.25,0,,SYNTHETIC,0
doe-000,0,498,2026-09-03T09:08:18Z,2026-09-03T09:08:19Z,2026-09-03T09:08:18Z,2026-09-03T09:08:19Z,site_b,SIM,synthetic_demo,B-WAN-1,UP,1000.0,78.4157,78.97,0.0,23.23,2.0315,0.066,0,UP,4.0,0.0,6,6,32,-61.1,17.768,5.623,0,0,0,32,0,69.0,0.0,0,0,,,,,,,,,,,,,,,,,,,,,0.0,0,,SYNTHETIC,0
doe-000,0,499,2026-09-03T09:08:19Z,2026-09-03T09:08:20Z,2026-09-03T09:08:19Z,2026-09-03T09:08:20Z,site_a,SIM,synthetic_demo,A-WAN-1,UP,1000.0,464.1688,462.38,0.0,16.56,0.1062,0.088,0,UP,4.0,0.0,48,48,157,-61.9,17.046,4.749,13,1,0,31,0,490.0,0.0,0,0,MAINS,MAINS,1,0,54.72,92.0,48.4916,48.8504,-4.0,3.73012,3.73012,3.75772,3.75772,0.0,23.1,1087.668,,60.675,,CHARGE,0.25,0,,SYNTHETIC,0
doe-000,0,499,2026-09-03T09:08:19Z,2026-09-03T09:08:20Z,2026-09-03T09:08:19Z,2026-09-03T09:08:20Z,site_b,SIM,synthetic_demo,B-WAN-1,UP,1000.0,76.7524,76.32,0.0,22.85,1.5441,0.067,0,UP,4.0,0.0,6,6,67,-58.1,26.705,7.684,0,0,0,32,0,46.0,0.0,0,0,,,,,,,,,,,,,,,,,,,,,0.0,0,,SYNTHETIC,0
doe-000,0,500,2026-09-03T09:08:20Z,2026-09-03T09:08:21Z,2026-09-03T09:08:20Z,2026-09-03T09:08:21Z,site_a,SIM,synthetic_demo,A-WAN-1,UP,1000.0,428.7105,428.68,0.0,15.48,0.1123,0.073,0,UP,4.0,0.0,48,48,232,-63.3,18.993,5.435,14,1,0,31,0,340.0,0.0,0,0,MAINS,MAINS,1,0,54.86,92.0,48.4918,48.8506,-4.0,3.73014,3.73014,3.75774,3.75774,0.0,23.2,1072.887,,61.513,,CHARGE,0.25,0,,SYNTHETIC,0
doe-000,0,500,2026-09-03T09:08:20Z,2026-09-03T09:08:21Z,2026-09-03T09:08:20Z,2026-09-03T09:08:21Z,site_b,SIM,synthetic_demo,B-WAN-1,UP,1000.0,76.0885,76.32,0.0,21.34,0.5787,0.114,0,UP,4.0,0.0,6,6,53,-63.7,24.906,7.131,0,0,0,32,0,49.0,0.0,0,1,,,,,,,,,,,,,,,,,,,,,0.25,0,,SYNTHETIC,0
doe-000,0,501,2026-09-03T09:08:21Z,2026-09-03T09:08:22Z,2026-09-03T09:08:21Z,2026-09-03T09:08:22Z,site_a,SIM,synthetic_demo,A-WAN-1,UP,1000.0,423.1293,423.53,0.0,16.82,1.016,0.105,0,UP,4.0,0.0,48,48,109,-61.0,14.467,4.381,13,2,0,31,0,306.0,0.0,0,0,MAINS,MAINS,1,0,54.74,92.0,48.492,48.8508,-4.0,3.73015,3.73015,3.75775,3.75775,0.0,23.1,1081.775,,61.011,,CHARGE,0.25,0,,SYNTHETIC,0
doe-000,0,501,2026-09-03T09:08:21Z,2026-09-03T09:08:22Z,2026-09-03T09:08:21Z,2026-09-03T09:08:22Z,site_b,SIM,synthetic_demo,B-WAN-1,UP,1000.0,76.504,76.67,0.0,21.3,0.5464,0.109,0,UP,4.0,0.0,6,6,89,-61.4,33.096,9.849,0,1,0,32,0,36.0,0.0,0,0,,,,,,,,,,,,,,,,,,,,,0.0,0,,SYNTHETIC,0
doe-000,0,502,2026-09-03T09:08:22Z,2026-09-03T09:08:23Z,2026-09-03T09:08:22Z,2026-09-03T09:08:23Z,site_a,SIM,synthetic_demo,A-WAN-1,UP,1000.0,477.371,477.27,0.0,17.76,2.4288,0.058,0,UP,4.0,0.0,48,48,191,-62.0,17.291,5.239,12,5,0,31,0,241.0,0.0,0,0,MAINS,MAINS,1,0,54.75,92.0,48.4922,48.851,-4.0,3.73017,3.73017,3.75777,3.75777,0.0,23.2,1091.026,,60.496,,CHARGE,0.25,0,,SYNTHETIC,0
doe-000,0,502,2026-09-03T09:08:22Z,2026-09-03T09:08:23Z,2026-09-03T09:08:22Z,2026-09-03T09:08:23Z,site_b,SIM,synthetic_demo,B-WAN-1,UP,1000.0,112.7923,113.06,0.0,20.91,0.3723,0.111,0,UP,4.0,0.0,6,6,11,-63.2,13.181,4.226,0,0,0,32,0,44.0,0.0,0,0,,,,,,,,,,,,,,,,,,,,,0.0,0,,SYNTHETIC,0
doe-000,0,503,2026-09-03T09:08:23Z,2026-09-03T09:08:24Z,2026-09-03T09:08:23Z,2026-09-03T09:08:24Z,site_a,SIM,synthetic_demo,A-WAN-1,UP,1000.0,575.8527,575.66,0.0,16.68,0.9478,0.061,0,UP,4.0,0.0,48,48,206,-61.1,17.497,5.105,12,2,0,31,0,277.0,0.0,0,0,MAINS,MAINS,1,0,54.71,92.0,48.4924,48.8512,-4.0,3.73018,3.73018,3.75778,3.75778,0.0,23.3,1086.553,,60.748,,CHARGE,0.25,0,,SYNTHETIC,0
doe-000,0,503,2026-09-03T09:08:23Z,2026-09-03T09:08:24Z,2026-09-03T09:08:23Z,2026-09-03T09:08:24Z,site_b,SIM,synthetic_demo,B-WAN-1,UP,1000.0,81.1226,82.65,0.0,24.59,3.2339,0.12,0,UP,4.0,0.0,6,6,67,-60.7,28.035,8.373,1,0,0,32,0,48.0,0.0,0,0,,,,,,,,,,,,,,,,,,,,,0.0,0,,SYNTHETIC,0
doe-000,0,504,2026-09-03T09:08:24Z,2026-09-03T09:08:25Z,2026-09-03T09:08:24Z,2026-09-03T09:08:25Z,site_a,SIM,synthetic_demo,A-WAN-1,UP,1000.0,595.9963,595.49,0.0,18.56,2.1389,0.102,0,UP,4.0,0.0,48,48,362,-62.4,22.277,6.861,13,4,0,31,0,352.0,0.0,0,0,MAINS,MAINS,1,0,54.83,92.0,48.4926,48.8514,-4.0,3.7302,3.7302,3.7578,3.7578,0.0,23.3,1097.055,,60.169,,CHARGE,0.25,0,,SYNTHETIC,0
doe-000,0,504,2026-09-03T09:08:24Z,2026-09-03T09:08:25Z,2026-09-03T09:08:24Z,2026-09-03T09:08:25Z,site_b,SIM,synthetic_demo,B-WAN-1,UP,1000.0,97.8249,97.34,0.0,21.43,0.3308,0.077,0,UP,4.0,0.0,6,6,53,-60.7,23.356,7.111,0,0,0,32,0,44.0,0.0,0,0,,,,,,,,,,,,,,,,,,,,,0.0,0,,SYNTHETIC,0
doe-000,0,505,2026-09-03T09:08:25Z,2026-09-03T09:08:26Z,2026-09-03T09:08:25Z,2026-09-03T09:08:26Z,site_a,SIM,synthetic_demo,A-WAN-1,UP,1000.0,411.1448,,0.0,17.82,1.4855,0.118,0,UP,4.0,0.0,48,48,197,-62.7,17.374,5.119,14,1,0,31,0,413.0,0.0,0,0,MAINS,MAINS,1,0,54.79,92.0,48.4928,48.8516,-4.0,3.73022,3.73022,3.75782,3.75782,0.0,23.2,1090.945,,60.509,,CHARGE,0.25,0,,SYNTHETIC|GAP|MISSING_MAR,0
doe-000,0,505,2026-09-03T09:08:25Z,2026-09-03T09:08:26Z,2026-09-03T09:08:25Z,2026-09-03T09:08:26Z,site_b,SIM,synthetic_demo,B-WAN-1,UP,1000.0,89.4187,89.67,0.0,25.42,3.5854,0.092,0,UP,4.0,0.0,6,6,19,-59.7,15.358,4.368,0,1,0,32,0,55.0,0.0,0,0,,,,,,,,,,,,,,,,,,,,,0.0,0,,SYNTHETIC,0
doe-000,0,506,2026-09-03T09:08:26Z,2026-09-03T09:08:27Z,2026-09-03T09:08:26Z,2026-09-03T09:08:27Z,site_a,SIM,synthetic_demo,A-WAN-1,UP,1000.0,463.6201,462.78,0.0,17.51,1.8163,0.083,0,UP,4.0,0.0,48,48,50,-61.3,13.259,3.929,13,3,0,31,0,424.0,0.0,0,0,MAINS,MAINS,1,0,54.69,92.0,48.493,48.8518,-4.0,3.73023,3.73023,3.75783,3.75783,0.0,23.2,1090.887,,60.515,,CHARGE,0.25,0,,SYNTHETIC,0
doe-000,0,506,2026-09-03T09:08:26Z,2026-09-03T09:08:27Z,2026-09-03T09:08:26Z,2026-09-03T09:08:27Z,site_a,SIM,synthetic_demo,A-WAN-1,UP,1000.0,463.6201,462.78,0.0,17.51,1.8163,0.083,0,UP,4.0,0.0,48,48,50,-61.3,13.259,3.929,13,3,0,31,0,424.0,0.0,0,0,MAINS,MAINS,1,0,54.69,92.0,48.493,48.8518,-4.0,3.73023,3.73023,3.75783,3.75783,0.0,23.2,1090.887,,60.515,,CHARGE,0.25,0,,SYNTHETIC|DUPLICATE,0
doe-000,0,506,2026-09-03T09:08:26Z,2026-09-03T09:08:27Z,2026-09-03T09:08:26Z,2026-09-03T09:08:27Z,site_b,SIM,synthetic_demo,B-WAN-1,UP,1000.0,105.8092,105.65,0.0,23.3,1.9507,0.095,0,UP,4.0,0.0,6,6,31,-63.0,17.056,6.266,0,0,0,32,0,50.0,0.0,0,0,,,,,,,,,,,,,,,,,,,,,0.0,0,,SYNTHETIC,0
doe-000,0,507,2026-09-03T09:08:27Z,2026-09-03T09:08:28Z,2026-09-03T09:08:27Z,2026-09-03T09:08:28Z,site_a,SIM,synthetic_demo,A-WAN-1,UP,1000.0,458.8146,458.68,0.0,16.49,0.0333,0.091,0,UP,4.0,0.0,48,48,272,,19.509,6.033,13,8,0,31,0,378.0,0.0,0,0,MAINS,MAINS,1,0,54.84,92.0,48.4932,48.852,-4.0,3.73025,3.73025,3.75785,3.75785,0.0,23.2,1098.347,,60.106,,CHARGE,0.25,0,,SYNTHETIC|GAP|MISSING_MAR,0
doe-000,0,507,2026-09-03T09:08:27Z,2026-09-03T09:08:28Z,2026-09-03T09:08:27Z,2026-09-03T09:08:28Z,site_b,SIM,synthetic_demo,B-WAN-1,UP,1000.0,88.117,87.7,0.0,20.86,0.3704,0.092,0,UP,4.0,0.0,6,6,71,-62.7,29.831,8.323,1,1,0,32,0,44.0,0.0,0,0,,,,,,,,,,,,,,,,,,,,,0.0,0,,SYNTHETIC,0
doe-000,0,508,2026-09-03T09:08:28Z,2026-09-03T09:08:29Z,2026-09-03T09:08:28Z,2026-09-03T09:08:29Z,site_a,SIM,synthetic_demo,A-WAN-1,UP,1000.0,446.8769,447.03,0.0,21.2,4.3037,0.111,0,UP,4.0,0.0,48,48,186,-61.9,17.137,5.099,12,3,0,31,0,311.0,0.0,0,0,MAINS,MAINS,1,0,54.7,92.0,48.4934,48.8522,-4.0,3.73027,3.73027,3.75787,3.75787,0.0,23.2,1092.33,,60.44,,CHARGE,0.25,0,,SYNTHETIC,0
doe-000,0,508,2026-09-03T09:08:28Z,2026-09-03T09:08:29Z,2026-09-03T09:08:28Z,2026-09-03T09:08:29Z,site_b,SIM,synthetic_demo,B-WAN-1,UP,1000.0,86.4873,86.45,0.0,21.48,0.3054,0.091,0,UP,4.0,0.0,6,6,38,-62.7,23.465,6.503,0,1,0,32,0,59.0,0.0,0,0,,,,,,,,,,,,,,,,,,,,,0.0,0,,SYNTHETIC,0
doe-000,0,509,2026-09-03T09:08:29Z,2026-09-03T09:08:30Z,2026-09-03T09:08:29Z,2026-09-03T09:08:30Z,site_a,SIM,synthetic_demo,A-WAN-1,UP,1000.0,418.9512,418.82,0.0,20.91,4.8081,0.063,0,UP,4.0,0.0,48,48,162,,16.721,4.877,12,3,0,31,0,320.0,0.0,0,0,MAINS,MAINS,1,0,54.81,92.0,48.4937,48.8525,-4.0,3.73028,3.73028,3.75788,3.75788,0.0,23.1,1093.422,,60.382,,CHARGE,0.25,0,,SYNTHETIC|GAP|MISSING_MAR,0
doe-000,0,509,2026-09-03T09:08:29Z,2026-09-03T09:08:30Z,2026-09-03T09:08:29Z,2026-09-03T09:08:30Z,site_b,SIM,synthetic_demo,B-WAN-1,UP,1000.0,90.9312,90.29,0.0,21.06,0.031,0.111,0,UP,4.0,0.0,6,6,35,-61.9,20.288,6.661,0,0,0,32,0,85.0,0.0,0,0,,,,,,,,,,,,,,,,,,,,,0.0,0,,SYNTHETIC,0
doe-000,0,510,2026-09-03T09:08:30Z,2026-09-03T09:08:31Z,2026-09-03T09:08:30Z,2026-09-03T09:08:31Z,site_a,SIM,synthetic_demo,A-WAN-1,UP,1000.0,427.0735,427.3,0.0,,1.7356,0.091,0,UP,4.0,0.0,48,48,155,-63.2,16.945,5.038,13,2,0,31,0,296.0,0.0,0,0,MAINS,MAINS,1,0,54.7,92.0,48.4939,48.8527,-4.0,3.7303,3.7303,3.7579,3.7579,0.0,23.2,1100.375,,60.004,,CHARGE,0.25,0,,SYNTHETIC|GAP|MISSING_MAR,0
doe-000,0,510,2026-09-03T09:08:30Z,2026-09-03T09:08:31Z,2026-09-03T09:08:30Z,2026-09-03T09:08:31Z,site_b,SIM,synthetic_demo,B-WAN-1,UP,1000.0,146.7258,146.98,0.0,21.47,0.4764,0.13,0,UP,4.0,0.0,6,6,60,-62.7,24.261,7.294,0,0,0,32,0,83.0,0.0,0,0,,,,,,,,,,,,,,,,,,,,,0.0,0,,SYNTHETIC,0
doe-000,0,511,2026-09-03T09:08:31Z,2026-09-03T09:08:32Z,2026-09-03T09:08:31Z,2026-09-03T09:08:32Z,site_a,SIM,synthetic_demo,A-WAN-1,UP,1000.0,419.8977,420.28,0.0,17.05,1.249,0.059,0,UP,4.0,0.0,48,48,259,-61.3,18.642,5.763,13,2,0,31,0,216.0,0.0,0,0,MAINS,MAINS,1,0,54.81,92.0,48.4941,48.8529,-4.0,3.73031,3.73031,3.75791,3.75791,0.0,23.1,1085.488,,60.829,,CHARGE,0.25,0,,SYNTHETIC,0
doe-000,0,511,2026-09-03T09:08:31Z,2026-09-03T09:08:32Z,2026-09-03T09:08:31Z,2026-09-03T09:08:32Z,site_b,SIM,synthetic_demo,B-WAN-1,UP,1000.0,84.7265,85.62,0.0,21.13,0.745,0.092,0,UP,4.0,0.0,6,6,31,-61.4,18.447,5.497,0,1,0,32,0,77.0,0.0,0,0,,,,,,,,,,,,,,,,,,,,,0.0,0,,SYNTHETIC,0
doe-000,0,512,2026-09-03T09:08:32Z,2026-09-03T09:08:33Z,2026-09-03T09:08:32Z,2026-09-03T09:08:33Z,site_a,SIM,synthetic_demo,A-WAN-1,UP,1000.0,475.6742,475.98,0.0,18.44,2.0312,0.074,0,UP,4.0,0.0,48,48,101,-61.6,14.97,4.422,13,2,0,31,0,296.0,0.0,0,0,MAINS,MAINS,1,0,54.83,92.0,48.4943,48.8531,-4.0,3.73033,3.73033,3.75793,3.75793,0.0,23.3,1094.15,,60.35,,CHARGE,0.25,0,,SYNTHETIC,0
doe-000,0,512,2026-09-03T09:08:32Z,2026-09-03T09:08:33Z,2026-09-03T09:08:32Z,2026-09-03T09:08:33Z,site_b,SIM,synthetic_demo,B-WAN-1,UP,1000.0,102.6089,103.81,0.0,22.92,2.5445,0.125,0,UP,4.0,0.0,6,6,26,-61.2,17.833,4.887,0,0,0,32,0,43.0,0.0,0,0,,,,,,,,,,,,,,,,,,,,,0.0,0,,SYNTHETIC,0
doe-000,0,513,2026-09-03T09:08:33Z,2026-09-03T09:08:34Z,2026-09-03T09:08:33Z,2026-09-03T09:08:34Z,site_a,SIM,synthetic_demo,A-WAN-1,UP,1000.0,441.6521,443.19,0.0,16.21,0.7883,0.119,0,UP,4.0,0.0,48,48,416,-61.7,23.505,7.35,13,3,0,31,0,359.0,0.0,0,0,MAINS,MAINS,1,0,54.77,92.0,48.4945,48.8533,-4.0,3.73035,3.73035,3.75795,3.75795,0.0,23.5,1089.715,,60.599,,CHARGE,0.25,0,,SYNTHETIC,0
doe-000,0,513,2026-09-03T09:08:33Z,2026-09-03T09:08:34Z,2026-09-03T09:08:33Z,2026-09-03T09:08:34Z,site_b,SIM,synthetic_demo,B-WAN-1,UP,1000.0,92.039,91.92,0.0,20.81,0.1264,0.104,0,UP,4.0,0.0,6,6,87,-62.6,32.786,9.879,0,0,0,32,0,51.0,0.0,0,0,,,,,,,,,,,,,,,,,,,,,0.0,0,,SYNTHETIC,0
doe-000,0,514,2026-09-03T09:08:34Z,2026-09-03T09:08:35Z,2026-09-03T09:08:34Z,2026-09-03T09:08:35Z,site_a,SIM,synthetic_demo,A-WAN-1,UP,1000.0,452.2424,453.25,0.0,20.34,3.8635,0.092,0,UP,4.0,0.0,48,48,200,-61.0,17.324,5.266,13,2,0,31,0,369.0,0.0,0,0,MAINS,MAINS,1,0,54.69,92.0,48.4947,48.8535,-4.0,3.73036,3.73036,3.75796,3.75796,0.0,23.2,1087.861,,60.705,,CHARGE,0.25,0,,SYNTHETIC,0
doe-000,0,514,2026-09-03T09:08:34Z,2026-09-03T09:08:35Z,2026-09-03T09:08:34Z,2026-09-03T09:08:35Z,site_b,SIM,synthetic_demo,B-WAN-1,UP,1000.0,87.7933,87.72,0.0,21.82,0.6173,0.127,0,UP,4.0,0.0,6,6,26,-64.0,16.817,5.407,0,1,0,32,0,44.0,0.0,0,0,,,,,,,,,,,,,,,,,,,,,0.0,0,,SYNTHETIC,0
doe-000,0,515,2026-09-03T09:08:35Z,2026-09-03T09:08:36Z,2026-09-03T09:08:35Z,2026-09-03T09:08:36Z,site_a,SIM,synthetic_demo,A-WAN-1,UP,1000.0,422.579,422.43,0.0,17.52,2.5096,0.07,0,UP,4.0,0.0,48,48,238,-62.3,18.677,5.584,12,2,0,31,0,394.0,0.0,0,0,MAINS,MAINS,1,0,54.85,92.0,48.4949,48.8537,-4.0,3.73038,3.73038,3.75798,3.75798,0.0,23.3,1082.487,,61.009,,CHARGE,0.25,0,,SYNTHETIC,0
doe-000,0,515,2026-09-03T09:08:35Z,2026-09-03T09:08:36Z,2026-09-03T09:08:35Z,2026-09-03T09:08:36Z,site_b,SIM,synthetic_demo,B-WAN-1,UP,1000.0,96.6685,97.08,0.0,22.4,1.2764,0.08,0,UP,4.0,0.0,6,6,37,-61.1,20.129,5.87,0,0,0,32,0,69.0,0.0,0,0,,,,,,,,,,,,,,,,,,,,,0.0,0,,SYNTHETIC,0
doe-000,0,516,2026-09-03T09:08:36Z,2026-09-03T09:08:37Z,2026-09-03T09:08:36Z,2026-09-03T09:08:37Z,site_a,SIM,synthetic_demo,A-WAN-1,UP,1000.0,416.2957,416.65,0.0,17.39,0.8601,0.092,0,UP,4.0,0.0,48,48,276,-61.7,19.211,6.209,12,5,0,31,0,268.0,0.0,0,0,MAINS,MAINS,1,0,54.71,92.0,48.4951,48.8539,-4.0,3.73039,3.73039,3.75799,3.75799,0.0,23.3,1105.512,,59.741,,CHARGE,0.25,0,,SYNTHETIC,0
doe-000,0,516,2026-09-03T09:08:36Z,2026-09-03T09:08:37Z,2026-09-03T09:08:36Z,2026-09-03T09:08:37Z,site_b,SIM,synthetic_demo,B-WAN-1,UP,1000.0,92.5209,93.33,0.0,21.59,0.5495,0.087,0,UP,4.0,0.0,6,6,65,-61.2,26.79,9.219,0,1,0,32,0,65.0,0.0,0,0,,,,,,,,,,,,,,,,,,,,,0.0,0,,SYNTHETIC,0
doe-000,0,517,2026-09-03T09:08:37Z,2026-09-03T09:08:38Z,2026-09-03T09:08:37Z,2026-09-03T09:08:38Z,site_a,SIM,synthetic_demo,A-WAN-1,UP,1000.0,580.8976,581.28,0.0,16.93,1.1159,0.074,0,UP,4.0,0.0,48,48,232,-63.0,18.712,5.856,12,2,0,31,0,407.0,0.0,0,0,MAINS,MAINS,1,0,54.7,92.0,48.4953,48.8541,-4.0,3.73041,3.73041,3.75801,3.75801,0.0,23.1,1092.458,,60.457,,CHARGE,0.25,0,,SYNTHETIC,0
doe-000,0,517,2026-09-03T09:08:37Z,2026-09-03T09:08:38Z,2026-09-03T09:08:37Z,2026-09-03T09:08:38Z,site_b,SIM,synthetic_demo,B-WAN-1,UP,1000.0,109.0293,109.49,0.0,20.51,0.6341,0.1,0,UP,4.0,0.0,6,6,50,-63.0,24.155,6.902,0,0,0,32,0,76.0,0.0,0,0,,,,,,,,,,,,,,,,,,,,,0.0,0,,SYNTHETIC,0
doe-000,0,518,2026-09-03T09:08:38Z,2026-09-03T09:08:39Z,2026-09-03T09:08:38Z,2026-09-03T09:08:39Z,site_a,SIM,synthetic_demo,A-WAN-1,UP,1000.0,500.2921,500.71,0.0,15.41,0.1431,0.101,0,UP,4.0,0.0,48,48,105,-61.4,15.238,4.134,12,1,0,31,0,396.0,0.0,0,0,MAINS,MAINS,1,0,54.8,92.0,48.4955,48.8543,-4.0,3.73043,3.73043,3.75803,3.75803,0.0,23.3,1093.366,,60.41,,CHARGE,0.25,0,,SYNTHETIC,0
doe-000,0,518,2026-09-03T09:08:38Z,2026-09-03T09:08:39Z,2026-09-03T09:08:38Z,2026-09-03T09:08:39Z,site_b,SIM,synthetic_demo,B-WAN-1,UP,1000.0,97.9544,98.27,0.0,22.95,2.3687,0.108,0,UP,4.0,0.0,6,6,46,-63.4,21.619,7.1,0,0,0,32,0,40.0,0.0,0,0,,,,,,,,,,,,,,,,,,,,,0.0,0,,SYNTHETIC,0
doe-000,0,519,2026-09-03T09:08:39Z,2026-09-03T09:08:40Z,2026-09-03T09:08:39Z,2026-09-03T09:08:40Z,site_a,SIM,synthetic_demo,A-WAN-1,UP,1000.0,462.6717,463.41,0.0,16.72,0.3843,0.066,0,UP,4.0,0.0,48,48,271,-62.4,19.731,5.944,12,5,0,31,0,269.0,0.0,0,0,MAINS,MAINS,1,0,54.82,92.0,48.4958,48.8546,-4.0,3.73044,3.73044,3.75804,3.75804,0.0,23.1,1070.066,,61.728,,CHARGE,0.25,0,,SYNTHETIC,0
doe-000,0,519,2026-09-03T09:08:39Z,2026-09-03T09:08:40Z,2026-09-03T09:08:39Z,2026-09-03T09:08:40Z,site_b,SIM,synthetic_demo,B-WAN-1,UP,1000.0,95.6437,94.7,0.0,21.61,0.99,0.091,0,UP,4.0,0.0,6,6,35,-58.8,18.37,5.913,0,1,0,32,0,68.0,0.0,0,0,,,,,,,,,,,,,,,,,,,,,0.0,0,,SYNTHETIC,0
doe-000,0,520,2026-09-03T09:08:40Z,2026-09-03T09:08:41Z,2026-09-03T09:08:40Z,2026-09-03T09:08:41Z,site_a,SIM,synthetic_demo,A-WAN-1,UP,1000.0,477.8856,478.36,0.0,20.49,4.1995,0.092,0,UP,4.0,0.0,48,48,132,-61.6,16.144,4.836,0,1,0,31,0,359.0,0.0,0,0,MAINS,MAINS,1,0,54.68,92.0,48.496,48.8548,-4.0,3.73046,3.73046,3.75806,3.75806,0.0,23.3,1100.68,,60.014,,CHARGE,0.0,0,,SYNTHETIC,0
doe-000,0,520,2026-09-03T09:08:40Z,2026-09-03T09:08:41Z,2026-09-03T09:08:40Z,2026-09-03T09:08:41Z,site_b,SIM,synthetic_demo,B-WAN-1,UP,1000.0,97.648,97.48,0.0,24.13,3.5584,0.067,0,UP,4.0,0.0,6,6,40,-59.1,22.901,5.972,0,0,0,32,0,38.0,0.0,0,0,,,,,,,,,,,,,,,,,,,,,0.0,0,,SYNTHETIC,0
doe-000,0,521,2026-09-03T09:08:41Z,2026-09-03T09:08:42Z,2026-09-03T09:08:41Z,2026-09-03T09:08:42Z,site_a,SIM,synthetic_demo,A-WAN-1,UP,1000.0,437.2295,437.94,0.0,16.51,0.2014,0.107,0,UP,4.0,0.0,48,48,200,-62.2,18.03,5.266,0,4,0,31,0,321.0,0.0,0,0,MAINS,MAINS,1,0,54.83,92.0,48.4962,48.855,-4.0,3.73047,3.73047,3.75807,3.75807,0.0,23.2,1098.193,,60.153,,CHARGE,0.0,0,,SYNTHETIC,0
doe-000,0,521,2026-09-03T09:08:41Z,2026-09-03T09:08:42Z,2026-09-03T09:08:41Z,2026-09-03T09:08:42Z,site_b,SIM,synthetic_demo,B-WAN-1,UP,1000.0,95.9432,96.27,0.0,21.38,0.2747,0.083,0,UP,4.0,0.0,6,6,63,-63.3,25.262,8.617,0,1,0,32,0,82.0,0.0,0,0,,,,,,,,,,,,,,,,,,,,,0.0,0,,SYNTHETIC,0
doe-000,0,522,2026-09-03T09:08:42Z,2026-09-03T09:08:43Z,2026-09-03T09:08:42Z,2026-09-03T09:08:43Z,site_a,SIM,synthetic_demo,A-WAN-1,UP,1000.0,469.3429,469.8,0.0,22.35,5.9434,0.041,0,UP,4.0,0.0,48,48,153,-61.3,16.069,4.799,2,5,0,31,0,385.0,0.0,0,0,MAINS,MAINS,1,0,54.8,92.0,48.4964,48.8552,-4.0,3.73049,3.73049,3.75809,3.75809,0.0,23.2,1084.722,,60.902,,CHARGE,0.0,0,,SYNTHETIC,0
doe-000,0,522,2026-09-03T09:08:42Z,2026-09-03T09:08:43Z,2026-09-03T09:08:42Z,2026-09-03T09:08:43Z,site_b,SIM,synthetic_demo,B-WAN-1,UP,1000.0,87.189,87.49,0.0,25.15,3.3764,0.141,0,UP,4.0,0.0,6,6,48,-61.3,22.02,6.73,0,0,0,32,0,47.0,0.0,0,0,,,,,,,,,,,,,,,,,,,,,0.0,0,,SYNTHETIC,0
doe-000,0,523,2026-09-03T09:08:43Z,2026-09-03T09:08:44Z,2026-09-03T09:08:43Z,2026-09-03T09:08:44Z,site_a,SIM,synthetic_demo,A-WAN-1,UP,1000.0,444.0924,443.21,0.0,17.81,1.1671,0.088,0,UP,4.0,0.0,48,48,192,-63.0,17.6,5.045,0,6,0,31,0,282.0,0.0,0,0,MAINS,MAINS,1,0,54.82,92.0,48.4966,48.8554,-4.0,3.73051,3.73051,3.75811,3.75811,0.0,23.2,1079.607,,61.194,,CHARGE,0.0,0,,SYNTHETIC,0
doe-000,0,523,2026-09-03T09:08:43Z,2026-09-03T09:08:44Z,2026-09-03T09:08:43Z,2026-09-03T09:08:44Z,site_b,SIM,synthetic_demo,B-WAN-1,UP,1000.0,91.7154,92.0,0.0,21.23,0.6164,0.077,0,UP,4.0,0.0,6,6,75,-61.3,29.387,9.368,0,1,0,32,0,71.0,0.0,0,0,,,,,,,,,,,,,,,,,,,,,0.0,0,,SYNTHETIC,0
doe-000,0,524,2026-09-03T09:08:44Z,2026-09-03T09:08:45Z,2026-09-03T09:08:44Z,2026-09-03T09:08:45Z,site_a,SIM,synthetic_demo,A-WAN-1,UP,1000.0,525.2209,524.75,0.0,18.33,2.8276,0.083,0,UP,4.0,0.0,48,48,354,-61.7,21.86,6.777,0,2,0,31,0,208.0,0.0,0,0,MAINS,MAINS,1,0,54.81,92.0,48.4968,48.8556,-4.0,3.73052,3.73052,3.75812,3.75812,0.0,23.2,1086.548,,60.805,,CHARGE,0.0,0,,SYNTHETIC,0
doe-000,0,524,2026-09-03T09:08:44Z,2026-09-03T09:08:45Z,2026-09-03T09:08:44Z,2026-09-03T09:08:45Z,site_b,SIM,synthetic_demo,B-WAN-1,UP,1000.0,124.3289,124.17,0.0,23.73,2.5426,0.097,0,UP,4.0,0.0,6,6,25,-60.0,18.369,4.802,0,0,0,32,0,58.0,0.0,0,0,,,,,,,,,,,,,,,,,,,,,0.0,0,,SYNTHETIC,0
doe-000,0,525,2026-09-03T09:08:45Z,2026-09-03T09:08:46Z,2026-09-03T09:08:45Z,2026-09-03T09:08:46Z,site_a,SIM,synthetic_demo,A-WAN-1,UP,1000.0,499.9037,499.56,0.0,16.78,0.0003,0.109,0,UP,4.0,0.0,48,48,218,-63.0,17.636,5.537,2,1,0,31,0,201.0,0.0,0,0,MAINS,MAINS,1,0,54.79,92.0,48.497,48.8558,-4.0,3.73054,3.73054,3.75814,3.75814,0.0,23.1,1091.01,,60.559,,CHARGE,0.0,0,,SYNTHETIC,0
doe-000,0,525,2026-09-03T09:08:45Z,2026-09-03T09:08:46Z,2026-09-03T09:08:45Z,2026-09-03T09:08:46Z,site_b,SIM,synthetic_demo,B-WAN-1,UP,1000.0,95.5117,95.65,0.0,22.3,1.5231,0.091,0,UP,4.0,0.0,6,6,38,-61.3,20.891,5.86,0,0,0,32,0,48.0,0.0,0,0,,,,,,,,,,,,,,,,,,,,,0.0,0,,SYNTHETIC,0
doe-000,0,526,2026-09-03T09:08:46Z,2026-09-03T09:08:47Z,2026-09-03T09:08:46Z,2026-09-03T09:08:47Z,site_a,SIM,synthetic_demo,A-WAN-1,UP,1000.0,456.9346,457.26,0.0,17.87,1.8296,0.086,0,UP,4.0,0.0,48,48,195,-62.4,18.292,5.287,0,3,0,31,0,266.0,0.0,0,0,MAINS,MAINS,1,0,54.74,92.0,48.4972,48.856,-4.0,3.73056,3.73056,3.75816,3.75816,0.0,23.2,1085.153,,60.889,,CHARGE,0.0,0,,SYNTHETIC,0
doe-000,0,526,2026-09-03T09:08:46Z,2026-09-03T09:08:47Z,2026-09-03T09:08:46Z,2026-09-03T09:08:47Z,site_b,SIM,synthetic_demo,B-WAN-1,UP,1000.0,88.8784,88.4,0.0,25.54,4.2096,0.129,0,UP,4.0,0.0,6,6,44,,21.356,6.674,0,1,0,32,0,53.0,0.0,0,0,,,,,,,,,,,,,,,,,,,,,0.0,0,,SYNTHETIC|GAP|MISSING_MCAR,0
doe-000,0,527,2026-09-03T09:08:47Z,2026-09-03T09:08:48Z,2026-09-03T09:08:47Z,2026-09-03T09:08:48Z,site_a,SIM,synthetic_demo,A-WAN-1,UP,1000.0,417.2468,417.12,0.0,17.46,0.9625,0.077,0,UP,4.0,0.0,48,48,110,-61.2,15.101,4.366,1,3,0,31,0,313.0,0.0,0,0,MAINS,MAINS,1,0,54.8,92.0,48.4974,48.8562,-4.0,3.73057,3.73057,3.75817,3.75817,0.0,23.2,1079.541,,61.208,,CHARGE,0.0,0,,SYNTHETIC,0
doe-000,0,527,2026-09-03T09:08:47Z,2026-09-03T09:08:48Z,2026-09-03T09:08:47Z,2026-09-03T09:08:48Z,site_b,SIM,synthetic_demo,B-WAN-1,UP,1000.0,118.405,118.45,0.0,22.85,1.586,0.121,0,UP,4.0,0.0,6,6,55,-60.8,24.357,7.0,0,0,0,32,0,51.0,0.0,0,0,,,,,,,,,,,,,,,,,,,,,0.0,0,,SYNTHETIC,0
doe-000,0,528,2026-09-03T09:08:48Z,2026-09-03T09:08:49Z,2026-09-03T09:08:48Z,2026-09-03T09:08:49Z,site_a,SIM,synthetic_demo,A-WAN-1,UP,1000.0,410.6054,410.33,0.0,17.22,1.5132,0.089,0,UP,4.0,0.0,48,48,226,-62.4,18.517,5.434,1,4,0,31,0,317.0,0.0,0,0,MAINS,MAINS,1,0,54.77,92.0,48.4976,48.8564,-4.0,3.73059,3.73059,3.75819,3.75819,0.0,23.4,1083.315,,60.998,,CHARGE,0.0,0,,SYNTHETIC,0
doe-000,0,528,2026-09-03T09:08:48Z,2026-09-03T09:08:49Z,2026-09-03T09:08:48Z,2026-09-03T09:08:49Z,site_b,SIM,synthetic_demo,B-WAN-1,UP,1000.0,77.269,77.67,0.0,23.18,2.7688,0.115,0,UP,4.0,0.0,6,6,64,-62.5,27.871,7.115,0,0,0,32,0,53.0,0.0,0,0,,,,,,,,,,,,,,,,,,,,,0.0,0,,SYNTHETIC,0
doe-000,0,529,2026-09-03T09:08:49Z,2026-09-03T09:08:50Z,2026-09-03T09:08:49Z,2026-09-03T09:08:50Z,site_a,SIM,synthetic_demo,A-WAN-1,UP,1000.0,406.9372,406.95,0.0,,2.9333,0.095,0,UP,4.0,0.0,48,48,221,-62.4,18.042,5.588,0,3,0,31,0,368.0,0.0,0,0,MAINS,MAINS,1,0,54.77,92.0,48.4978,48.8566,-4.0,3.7306,3.7306,3.7582,3.7582,0.0,23.3,1085.295,,60.889,,CHARGE,0.0,0,,SYNTHETIC|GAP|MISSING_MAR,0
doe-000,0,529,2026-09-03T09:08:49Z,2026-09-03T09:08:50Z,2026-09-03T09:08:49Z,2026-09-03T09:08:50Z,site_b,SIM,synthetic_demo,B-WAN-1,UP,1000.0,87.476,87.75,0.0,21.99,0.7607,0.098,0,UP,4.0,0.0,6,6,49,-60.6,22.985,6.89,0,1,0,32,0,67.0,0.0,0,0,,,,,,,,,,,,,,,,,,,,,0.0,0,,SYNTHETIC,0
doe-000,0,530,2026-09-03T09:08:50Z,2026-09-03T09:08:51Z,2026-09-03T09:08:50Z,2026-09-03T09:08:51Z,site_a,SIM,synthetic_demo,A-WAN-1,UP,1000.0,425.3103,424.82,0.0,15.94,0.1698,0.106,0,UP,4.0,0.0,48,48,152,-61.9,16.459,4.994,0,2,0,31,0,399.0,0.0,0,0,MAINS,MAINS,1,0,54.81,92.0,48.4981,48.8569,-4.0,3.73062,3.73062,3.75822,3.75822,0.0,23.2,1095.747,,60.311,,CHARGE,0.0,0,,SYNTHETIC,0
doe-000,0,530,2026-09-03T09:08:50Z,2026-09-03T09:08:51Z,2026-09-03T09:08:50Z,2026-09-03T09:08:51Z,site_b,SIM,synthetic_demo,B-WAN-1,UP,1000.0,95.5383,95.64,0.0,21.55,0.9166,0.096,0,UP,4.0,0.0,6,6,37,-60.8,20.662,6.536,0,0,0,32,0,71.0,0.0,0,1,,,,,,,,,,,,,,,,,,,,,0.25,0,,SYNTHETIC,0
doe-000,0,531,2026-09-03T09:08:51Z,2026-09-03T09:08:52Z,2026-09-03T09:08:51Z,2026-09-03T09:08:52Z,site_a,SIM,synthetic_demo,A-WAN-1,UP,1000.0,421.4341,421.57,0.0,17.3,0.9049,0.058,0,UP,4.0,0.0,48,48,191,-61.2,16.492,5.177,1,0,0,31,0,328.0,0.0,0,0,MAINS,MAINS,1,0,54.82,92.0,48.4983,48.8571,-4.0,3.73064,3.73064,3.75824,3.75824,0.0,23.2,1101.176,,60.016,,CHARGE,0.0,0,,SYNTHETIC,0
doe-000,0,531,2026-09-03T09:08:51Z,2026-09-03T09:08:52Z,2026-09-03T09:08:51Z,2026-09-03T09:08:52Z,site_b,SIM,synthetic_demo,B-WAN-1,UP,1000.0,84.1485,84.54,0.0,21.88,0.1266,0.094,0,UP,4.0,0.0,6,6,73,-61.2,28.597,9.137,0,0,0,32,0,51.0,0.0,0,0,,,,,,,,,,,,,,,,,,,,,0.0,0,,SYNTHETIC,0
doe-000,0,532,2026-09-03T09:08:52Z,2026-09-03T09:08:53Z,2026-09-03T09:08:52Z,2026-09-03T09:08:53Z,site_a,SIM,synthetic_demo,A-WAN-1,UP,1000.0,423.6351,423.44,0.0,17.56,1.1717,0.055,0,UP,4.0,0.0,48,48,222,-61.2,17.982,5.157,3,4,0,31,0,169.0,0.0,0,0,MAINS,MAINS,1,0,54.83,92.0,48.4985,48.8573,-4.0,3.73065,3.73065,3.75825,3.75825,0.0,23.3,1092.398,,60.501,,CHARGE,0.0,0,,SYNTHETIC,0
doe-000,0,532,2026-09-03T09:08:52Z,2026-09-03T09:08:53Z,2026-09-03T09:08:52Z,2026-09-03T09:08:53Z,site_b,SIM,synthetic_demo,B-WAN-1,UP,1000.0,80.9696,80.75,0.0,21.03,0.0712,0.085,0,UP,4.0,0.0,6,6,24,-63.8,17.131,5.275,0,0,0,32,0,49.0,0.0,0,0,,,,,,,,,,,,,,,,,,,,,0.0,0,,SYNTHETIC,0
doe-000,0,533,2026-09-03T09:08:53Z,2026-09-03T09:08:54Z,2026-09-03T09:08:53Z,2026-09-03T09:08:54Z,site_a,SIM,synthetic_demo,A-WAN-1,UP,1000.0,442.9757,442.11,0.0,19.21,2.9017,0.105,0,UP,4.0,0.0,48,48,161,-62.5,17.279,4.945,2,2,0,31,0,397.0,0.0,0,0,MAINS,MAINS,1,0,54.82,92.0,48.4987,48.8575,-4.0,3.73067,3.73067,3.75827,3.75827,0.0,23.2,1107.602,,59.674,,CHARGE,0.0,0,,SYNTHETIC,0
doe-000,0,533,2026-09-03T09:08:53Z,2026-09-03T09:08:54Z,2026-09-03T09:08:53Z,2026-09-03T09:08:54Z,site_b,SIM,synthetic_demo,B-WAN-1,UP,1000.0,156.9194,156.6,0.0,22.36,1.8825,0.106,0,UP,4.0,0.0,6,6,32,-61.4,20.039,5.681,1,1,0,32,0,64.0,0.0,0,0,,,,,,,,,,,,,,,,,,,,,0.0,0,,SYNTHETIC,0
doe-000,0,534,2026-09-03T09:08:54Z,2026-09-03T09:08:55Z,2026-09-03T09:08:54Z,2026-09-03T09:08:55Z,site_a,SIM,synthetic_demo,A-WAN-1,UP,1000.0,480.5005,479.86,0.0,17.21,1.1004,0.091,0,UP,4.0,0.0,48,48,157,-62.7,16.264,5.092,0,1,0,31,0,452.0,0.0,0,0,MAINS,MAINS,1,0,54.8,92.0,48.4989,48.8577,-4.0,3.73068,3.73068,3.75828,3.75828,0.0,23.3,1067.352,,61.927,,CHARGE,0.0,0,,SYNTHETIC,0
doe-000,0,534,2026-09-03T09:08:54Z,2026-09-03T09:08:55Z,2026-09-03T09:08:54Z,2026-09-03T09:08:55Z,site_b,SIM,synthetic_demo,B-WAN-1,UP,1000.0,99.4446,98.83,0.0,21.55,0.2707,0.081,0,UP,4.0,0.0,6,6,26,-62.6,17.554,5.514,0,1,0,32,0,38.0,0.0,0,0,,,,,,,,,,,,,,,,,,,,,0.0,0,,SYNTHETIC,0
doe-000,0,535,2026-09-03T09:08:55Z,2026-09-03T09:08:56Z,2026-09-03T09:08:55Z,2026-09-03T09:08:56Z,site_a,SIM,synthetic_demo,A-WAN-1,UP,1000.0,523.1893,523.2,0.0,20.24,4.7034,0.106,0,UP,4.0,0.0,48,48,169,-62.2,16.289,5.234,2,1,0,31,0,462.0,0.0,0,0,MAINS,MAINS,1,0,54.84,92.0,48.4991,48.8579,-4.0,3.7307,3.7307,3.7583,3.7583,0.0,23.1,1080.618,,61.169,,CHARGE,0.0,0,,SYNTHETIC,0
doe-000,0,535,2026-09-03T09:08:55Z,2026-09-03T09:08:56Z,2026-09-03T09:08:55Z,2026-09-03T09:08:56Z,site_b,SIM,synthetic_demo,B-WAN-1,UP,1000.0,72.6719,73.0,0.0,22.3,0.6406,0.104,0,UP,4.0,0.0,6,6,27,-61.6,17.467,5.531,0,0,0,32,0,45.0,0.0,0,0,,,,,,,,,,,,,,,,,,,,,0.0,0,,SYNTHETIC,0
doe-000,0,536,2026-09-03T09:08:56Z,2026-09-03T09:08:57Z,2026-09-03T09:08:56Z,2026-09-03T09:08:57Z,site_a,SIM,synthetic_demo,A-WAN-1,UP,1000.0,431.442,432.0,0.0,18.42,2.7254,0.089,0,UP,4.0,0.0,48,48,199,-60.8,18.612,5.195,1,1,0,31,0,417.0,0.0,0,0,MAINS,MAINS,1,0,54.86,92.0,48.4993,48.8581,-4.0,3.73072,3.73072,3.75832,3.75832,0.0,23.3,1092.673,,60.497,,CHARGE,0.0,0,,SYNTHETIC,0
doe-000,0,536,2026-09-03T09:08:56Z,2026-09-03T09:08:57Z,2026-09-03T09:08:56Z,2026-09-03T09:08:57Z,site_b,SIM,synthetic_demo,B-WAN-1,UP,1000.0,72.0271,71.85,0.0,21.6,0.9568,0.095,0,UP,4.0,0.0,6,6,71,-61.5,28.479,8.343,0,0,0,32,0,54.0,0.0,0,0,,,,,,,,,,,,,,,,,,,,,0.0,0,,SYNTHETIC,0
doe-000,0,537,2026-09-03T09:08:57Z,2026-09-03T09:08:58Z,2026-09-03T09:08:57Z,2026-09-03T09:08:58Z,site_a,SIM,synthetic_demo,A-WAN-1,UP,1000.0,474.8544,474.7,0.0,19.19,2.9644,0.091,0,UP,4.0,0.0,48,48,250,-63.0,19.099,5.639,0,2,0,31,0,318.0,0.0,0,0,MAINS,MAINS,1,0,54.89,92.0,48.4995,48.8583,-4.0,3.73073,3.73073,3.75833,3.75833,0.0,23.3,1111.474,,59.476,,CHARGE,0.0,0,,SYNTHETIC,0
doe-000,0,537,2026-09-03T09:08:57Z,2026-09-03T09:08:58Z,2026-09-03T09:08:57Z,2026-09-03T09:08:58Z,site_b,SIM,synthetic_demo,B-WAN-1,UP,1000.0,70.9652,71.86,0.0,21.66,0.6506,0.106,0,UP,4.0,0.0,6,6,73,-61.1,27.592,8.711,0,0,0,32,0,53.0,0.0,0,0,,,,,,,,,,,,,,,,,,,,,0.0,0,,SYNTHETIC,0
doe-000,0,538,2026-09-03T09:08:58Z,2026-09-03T09:08:59Z,2026-09-03T09:08:58Z,2026-09-03T09:08:59Z,site_a,SIM,synthetic_demo,A-WAN-1,UP,1000.0,535.8259,,0.0,16.37,0.0331,0.075,0,UP,4.0,0.0,48,48,181,-62.8,16.558,5.238,0,3,0,31,0,378.0,0.0,0,0,MAINS,MAINS,1,0,54.9,92.0,48.4997,48.8585,-4.0,3.73075,3.73075,3.75835,3.75835,0.0,23.2,1093.289,,60.468,,CHARGE,0.0,0,,SYNTHETIC|GAP|MISSING_MCAR,0
doe-000,0,538,2026-09-03T09:08:58Z,2026-09-03T09:08:59Z,2026-09-03T09:08:58Z,2026-09-03T09:08:59Z,site_b,SIM,synthetic_demo,B-WAN-1,UP,1000.0,112.6133,112.31,0.0,21.93,1.0017,0.131,0,UP,4.0,0.0,6,6,46,-61.8,22.186,6.473,0,0,0,32,0,60.0,0.0,0,0,,,,,,,,,,,,,,,,,,,,,0.0,0,,SYNTHETIC,0
doe-000,0,539,2026-09-03T09:08:59Z,2026-09-03T09:09:00Z,2026-09-03T09:08:59Z,2026-09-03T09:09:00Z,site_a,SIM,synthetic_demo,A-WAN-1,UP,1000.0,438.952,438.84,0.0,17.45,1.052,0.066,0,UP,4.0,0.0,48,48,181,-62.4,16.997,5.097,0,1,0,31,0,235.0,0.0,0,0,MAINS,MAINS,1,0,54.83,92.0,48.4999,48.8587,-4.0,3.73076,3.73076,3.75836,3.75836,0.0,23.3,1076.561,,61.411,,CHARGE,0.0,0,,SYNTHETIC,0
doe-000,0,539,2026-09-03T09:08:59Z,2026-09-03T09:09:00Z,2026-09-03T09:08:59Z,2026-09-03T09:09:00Z,site_b,SIM,synthetic_demo,B-WAN-1,UP,1000.0,77.1572,77.58,0.0,22.97,2.2992,0.095,0,UP,4.0,0.0,6,6,44,-63.7,21.751,6.412,1,0,0,32,0,86.0,0.0,0,0,,,,,,,,,,,,,,,,,,,,,0.0,0,,SYNTHETIC,0
doe-000,0,540,2026-09-03T09:09:00Z,2026-09-03T09:09:01Z,2026-09-03T09:09:00Z,2026-09-03T09:09:01Z,site_a,SIM,synthetic_demo,A-WAN-1,UP,1000.0,466.7062,466.48,0.0,16.17,0.0234,0.101,0,UP,4.0,0.0,48,48,168,-62.3,16.339,5.079,1,2,0,31,0,330.0,0.0,0,0,MAINS,MAINS,1,0,54.84,92.0,48.5002,48.859,-4.0,3.73078,3.73078,3.75838,3.75838,0.0,23.3,1075.448,,61.477,,CHARGE,0.0,0,,SYNTHETIC,0
doe-000,0,540,2026-09-03T09:09:00Z,2026-09-03T09:09:01Z,2026-09-03T09:09:00Z,2026-09-03T09:09:01Z,site_b,SIM,synthetic_demo,B-WAN-1,UP,1000.0,75.6506,74.88,0.0,25.39,4.0858,0.086,0,UP,4.0,0.0,6,6,42,-63.2,19.389,7.19,0,0,0,32,0,50.0,0.0,0,0,,,,,,,,,,,,,,,,,,,,,0.0,0,,SYNTHETIC,0
doe-000,0,541,2026-09-03T09:09:01Z,2026-09-03T09:09:02Z,2026-09-03T09:09:01Z,2026-09-03T09:09:02Z,site_a,SIM,synthetic_demo,A-WAN-1,UP,1000.0,482.8886,482.62,0.0,16.7,0.7305,0.084,0,UP,4.0,0.0,48,48,403,-63.0,23.574,7.332,0,4,0,31,0,274.0,0.0,0,0,MAINS,MAINS,1,0,54.9,92.0,48.5004,48.8592,-4.0,3.7308,3.7308,3.7584,3.7584,0.0,23.3,1098.459,,60.192,,CHARGE,0.0,0,,SYNTHETIC,0
doe-000,0,541,2026-09-03T09:09:01Z,2026-09-03T09:09:02Z,2026-09-03T09:09:01Z,2026-09-03T09:09:02Z,site_b,SIM,synthetic_demo,B-WAN-1,UP,1000.0,80.941,81.35,0.0,24.04,2.3949,0.103,0,UP,4.0,0.0,6,6,34,-61.7,18.166,6.079,0,1,0,32,0,63.0,0.0,0,0,,,,,,,,,,,,,,,,,,,,,0.0,0,,SYNTHETIC,0
doe-000,0,542,2026-09-03T09:09:02Z,2026-09-03T09:09:03Z,2026-09-03T09:09:02Z,2026-09-03T09:09:03Z,site_a,SIM,synthetic_demo,A-WAN-1,UP,1000.0,447.2788,447.03,0.0,18.11,2.8758,0.064,0,UP,4.0,0.0,48,48,177,-62.1,17.44,5.179,1,4,0,31,0,385.0,0.0,0,0,MAINS,MAINS,1,0,54.82,92.0,48.5006,48.8594,-4.0,3.73081,3.73081,3.75841,3.75841,0.0,23.4,1081.161,,61.158,,CHARGE,0.0,0,,SYNTHETIC,0
doe-000,0,542,2026-09-03T09:09:02Z,2026-09-03T09:09:03Z,2026-09-03T09:09:02Z,2026-09-03T09:09:03Z,site_b,SIM,synthetic_demo,B-WAN-1,UP,1000.0,72.3661,73.26,0.0,23.22,2.0427,0.106,0,UP,4.0,0.0,6,6,42,-61.3,19.519,6.601,0,0,0,32,0,42.0,0.0,0,0,,,,,,,,,,,,,,,,,,,,,0.0,0,,SYNTHETIC,0
doe-000,0,543,2026-09-03T09:09:03Z,2026-09-03T09:09:04Z,2026-09-03T09:09:03Z,2026-09-03T09:09:04Z,site_a,SIM,synthetic_demo,A-WAN-1,UP,1000.0,499.1334,499.89,0.0,17.08,0.9781,0.097,0,UP,4.0,0.0,48,48,224,-62.0,18.631,5.663,0,3,0,31,0,372.0,0.0,0,0,MAINS,MAINS,1,0,54.82,92.0,48.5008,48.8596,-4.0,3.73083,3.73083,3.75843,3.75843,0.0,23.2,1084.583,,60.967,,CHARGE,0.0,0,,SYNTHETIC,0
doe-000,0,543,2026-09-03T09:09:03Z,2026-09-03T09:09:04Z,2026-09-03T09:09:03Z,2026-09-03T09:09:04Z,site_b,SIM,synthetic_demo,B-WAN-1,UP,1000.0,70.8809,70.09,0.0,23.75,2.7673,0.081,0,UP,4.0,0.0,6,6,61,-63.1,26.142,9.18,0,1,0,32,0,66.0,0.0,0,0,,,,,,,,,,,,,,,,,,,,,0.0,0,,SYNTHETIC,0
doe-000,0,544,2026-09-03T09:09:04Z,2026-09-03T09:09:05Z,2026-09-03T09:09:04Z,2026-09-03T09:09:05Z,site_a,SIM,synthetic_demo,A-WAN-1,UP,1000.0,510.663,510.02,0.0,19.25,3.7112,0.098,0,UP,4.0,0.0,48,48,217,-61.7,18.21,5.257,0,3,0,31,0,407.0,0.0,0,0,MAINS,MAINS,1,0,54.85,92.0,48.501,48.8598,-4.0,3.73085,3.73085,3.75845,3.75845,0.0,23.3,1085.96,,60.893,,CHARGE,0.0,0,,SYNTHETIC,0
doe-000,0,544,2026-09-03T09:09:04Z,2026-09-03T09:09:05Z,2026-09-03T09:09:04Z,2026-09-03T09:09:05Z,site_b,SIM,synthetic_demo,B-WAN-1,UP,1000.0,62.5155,62.89,0.0,22.39,1.7822,0.098,0,UP,4.0,0.0,6,6,14,-60.7,15.948,4.493,0,0,0,32,0,56.0,0.0,0,0,,,,,,,,,,,,,,,,,,,,,0.0,0,,SYNTHETIC,0
doe-000,0,545,2026-09-03T09:09:05Z,2026-09-03T09:09:06Z,2026-09-03T09:09:05Z,2026-09-03T09:09:06Z,site_a,SIM,synthetic_demo,A-WAN-1,UP,1000.0,530.8598,530.86,0.0,18.49,1.9478,,0,UP,4.0,0.0,48,48,126,-61.0,15.779,4.698,0,2,0,31,0,524.0,0.0,0,0,MAINS,MAINS,1,0,54.9,92.0,48.5012,48.86,-4.0,3.73086,3.73086,3.75846,3.75846,0.0,23.2,1071.394,,61.724,,CHARGE,0.0,0,,SYNTHETIC|GAP|MISSING_MAR,0
doe-000,0,545,2026-09-03T09:09:05Z,2026-09-03T09:09:06Z,2026-09-03T09:09:05Z,2026-09-03T09:09:06Z,site_b,SIM,synthetic_demo,B-WAN-1,UP,1000.0,111.9225,111.59,0.0,23.96,2.7687,0.092,0,UP,4.0,0.0,6,6,36,-61.2,19.421,5.785,0,0,0,32,0,51.0,0.0,0,0,,,,,,,,,,,,,,,,,,,,,0.0,0,,SYNTHETIC,0
doe-000,0,546,2026-09-03T09:09:06Z,2026-09-03T09:09:07Z,2026-09-03T09:09:06Z,2026-09-03T09:09:07Z,site_a,SIM,synthetic_demo,A-WAN-1,UP,1000.0,525.4507,525.37,0.0,16.39,0.6552,0.083,0,UP,4.0,0.0,48,48,91,-61.7,14.439,4.293,1,2,0,31,0,349.0,0.0,0,0,MAINS,MAINS,1,0,54.9,92.0,48.5014,48.8602,-4.0,3.73088,3.73088,3.75848,3.75848,0.0,23.4,1091.96,,60.564,,CHARGE,0.0,0,,SYNTHETIC,0
doe-000,0,546,2026-09-03T09:09:06Z,2026-09-03T09:09:07Z,2026-09-03T09:09:06Z,2026-09-03T09:09:07Z,site_b,SIM,synthetic_demo,B-WAN-1,UP,1000.0,64.9115,64.67,0.0,21.33,0.7549,0.113,0,UP,4.0,0.0,6,6,62,-60.4,26.212,7.135,1,1,0,32,0,75.0,0.0,0,0,,,,,,,,,,,,,,,,,,,,,0.0,0,,SYNTHETIC,0
doe-000,0,547,2026-09-03T09:09:07Z,2026-09-03T09:09:08Z,2026-09-03T09:09:07Z,2026-09-03T09:09:08Z,site_a,SIM,synthetic_demo,A-WAN-1,UP,1000.0,457.4612,457.53,0.0,15.98,0.3752,0.083,0,UP,4.0,0.0,48,48,194,-61.6,17.46,5.038,3,4,0,31,0,336.0,0.0,0,0,MAINS,MAINS,1,0,54.84,92.0,48.5016,48.8604,-4.0,3.73089,3.73089,3.75849,3.75849,0.0,23.3,1080.761,,61.194,,CHARGE,0.0,0,,SYNTHETIC,0
doe-000,0,547,2026-09-03T09:09:07Z,2026-09-03T09:09:08Z,2026-09-03T09:09:07Z,2026-09-03T09:09:08Z,site_b,SIM,synthetic_demo,B-WAN-1,UP,1000.0,66.7966,68.63,0.0,22.89,2.1013,0.15,0,UP,4.0,0.0,6,6,36,-61.5,21.784,6.391,0,0,0,32,0,110.0,0.0,0,0,,,,,,,,,,,,,,,,,,,,,0.0,0,,SYNTHETIC,0
doe-000,0,548,2026-09-03T09:09:08Z,2026-09-03T09:09:09Z,2026-09-03T09:09:08Z,2026-09-03T09:09:09Z,site_a,SIM,synthetic_demo,A-WAN-1,UP,1000.0,434.628,434.65,0.0,18.28,2.8613,0.058,0,UP,4.0,0.0,48,48,213,-62.2,18.006,5.624,1,1,0,31,0,355.0,0.0,0,0,MAINS,MAINS,1,0,54.93,92.0,48.5018,48.8606,-4.0,3.73091,3.73091,3.75851,3.75851,0.0,23.3,1083.497,,61.042,,CHARGE,0.0,0,,SYNTHETIC,0
doe-000,0,548,2026-09-03T09:09:08Z,2026-09-03T09:09:09Z,2026-09-03T09:09:08Z,2026-09-03T09:09:09Z,site_b,SIM,synthetic_demo,B-WAN-1,UP,1000.0,72.5975,72.42,0.0,23.28,2.653,0.101,0,UP,4.0,0.0,6,6,39,-58.7,21.126,6.424,0,0,0,32,0,93.0,0.0,0,0,,,,,,,,,,,,,,,,,,,,,0.0,0,,SYNTHETIC,0
doe-000,0,549,2026-09-03T09:09:09Z,2026-09-03T09:09:10Z,2026-09-03T09:09:09Z,2026-09-03T09:09:10Z,site_a,SIM,synthetic_demo,A-WAN-1,UP,1000.0,458.414,458.85,0.0,20.07,4.284,0.09,0,UP,4.0,0.0,48,48,220,-62.6,18.282,5.842,2,2,0,31,0,328.0,0.0,0,0,MAINS,MAINS,1,0,54.91,92.0,48.502,48.8608,-4.0,3.73093,3.73093,3.75853,3.75853,0.0,23.2,1080.585,,61.21,,CHARGE,0.0,0,,SYNTHETIC,0
doe-000,0,549,2026-09-03T09:09:09Z,2026-09-03T09:09:10Z,2026-09-03T09:09:09Z,2026-09-03T09:09:10Z,site_b,SIM,synthetic_demo,B-WAN-1,UP,1000.0,70.7451,70.63,0.0,22.13,0.8581,0.125,0,UP,4.0,0.0,6,6,27,-62.4,19.111,5.304,0,1,0,32,0,71.0,0.0,0,0,,,,,,,,,,,,,,,,,,,,,0.0,0,,SYNTHETIC,0
doe-000,0,550,2026-09-03T09:09:10Z,2026-09-03T09:09:11Z,2026-09-03T09:09:10Z,2026-09-03T09:09:11Z,site_a,SIM,synthetic_demo,A-WAN-1,UP,1000.0,444.2854,444.81,0.0,16.42,0.9185,0.1,0,UP,4.0,0.0,48,48,156,-62.0,15.934,4.73,2,4,0,31,0,297.0,0.0,0,0,MAINS,MAINS,1,0,54.85,92.0,48.5022,48.861,-4.0,3.73094,3.73094,3.75854,3.75854,0.0,23.3,1082.087,,61.127,,CHARGE,0.0,0,,SYNTHETIC,0
doe-000,0,550,2026-09-03T09:09:10Z,2026-09-03T09:09:11Z,2026-09-03T09:09:10Z,2026-09-03T09:09:11Z,site_b,SIM,synthetic_demo,B-WAN-1,UP,1000.0,71.5977,71.71,0.0,21.86,0.4124,0.095,0,UP,4.0,0.0,6,6,37,-62.9,21.803,6.649,0,1,0,32,0,108.0,0.0,0,0,,,,,,,,,,,,,,,,,,,,,0.0,0,,SYNTHETIC,0
doe-000,0,551,2026-09-03T09:09:11Z,2026-09-03T09:09:12Z,2026-09-03T09:09:11Z,2026-09-03T09:09:12Z,site_a,SIM,synthetic_demo,A-WAN-1,UP,1000.0,548.7243,547.82,0.0,16.96,1.6209,0.063,0,UP,4.0,0.0,48,48,175,-61.6,16.537,4.978,2,3,0,31,0,381.0,0.0,0,0,MAINS,MAINS,1,0,54.86,92.0,48.5025,48.8613,-4.0,3.73096,3.73096,3.75856,3.75856,0.0,23.2,1097.222,,60.287,,CHARGE,0.0,0,,SYNTHETIC,0
doe-000,0,551,2026-09-03T09:09:11Z,2026-09-03T09:09:12Z,2026-09-03T09:09:11Z,2026-09-03T09:09:12Z,site_b,SIM,synthetic_demo,B-WAN-1,UP,1000.0,61.8629,61.98,0.0,21.57,0.1163,0.102,0,UP,4.0,0.0,6,6,52,-63.2,23.79,7.715,0,0,0,32,0,73.0,0.0,0,0,,,,,,,,,,,,,,,,,,,,,0.0,0,,SYNTHETIC,0
doe-000,0,552,2026-09-03T09:09:12Z,2026-09-03T09:09:13Z,2026-09-03T09:09:12Z,2026-09-03T09:09:13Z,site_a,SIM,synthetic_demo,A-WAN-1,UP,1000.0,481.4534,,0.0,18.66,2.0897,0.092,0,UP,4.0,0.0,48,48,237,-61.7,18.961,5.71,2,3,0,31,0,371.0,0.0,0,0,MAINS,MAINS,1,0,54.89,92.0,48.5027,48.8615,-4.0,3.73097,3.73097,3.75857,3.75857,0.0,23.5,1075.333,,61.517,,CHARGE,0.0,0,,SYNTHETIC|GAP|MISSING_MAR,0
doe-000,0,552,2026-09-03T09:09:12Z,2026-09-03T09:09:13Z,2026-09-03T09:09:12Z,2026-09-03T09:09:13Z,site_b,SIM,synthetic_demo,B-WAN-1,UP,1000.0,70.9791,71.7,0.0,21.31,0.2568,0.136,0,UP,4.0,0.0,6,6,55,-61.4,25.614,7.419,0,0,0,32,0,59.0,0.0,0,0,,,,,,,,,,,,,,,,,,,,,0.0,0,,SYNTHETIC,0
doe-000,0,553,2026-09-03T09:09:13Z,2026-09-03T09:09:14Z,2026-09-03T09:09:13Z,2026-09-03T09:09:14Z,site_a,SIM,synthetic_demo,A-WAN-1,UP,1000.0,426.2856,426.46,0.0,17.11,1.0341,0.087,0,UP,4.0,0.0,48,48,284,-62.1,20.461,6.139,2,5,0,31,0,322.0,0.0,0,0,MAINS,MAINS,1,0,54.93,92.0,48.5029,48.8617,-4.0,3.73099,3.73099,3.75859,3.75859,0.0,23.2,1081.746,,61.155,,CHARGE,0.0,0,,SYNTHETIC,0
doe-000,0,553,2026-09-03T09:09:13Z,2026-09-03T09:09:14Z,2026-09-03T09:09:13Z,2026-09-03T09:09:14Z,site_b,SIM,synthetic_demo,B-WAN-1,UP,1000.0,57.7062,57.08,0.0,23.36,1.8395,0.092,0,UP,4.0,0.0,6,6,27,-60.9,17.978,5.056,0,1,0,32,0,54.0,0.0,0,0,,,,,,,,,,,,,,,,,,,,,0.0,0,,SYNTHETIC,0
doe-000,0,554,2026-09-03T09:09:14Z,2026-09-03T09:09:15Z,2026-09-03T09:09:14Z,2026-09-03T09:09:15Z,site_a,SIM,synthetic_demo,A-WAN-1,UP,1000.0,477.8374,478.56,0.0,16.8,0.5737,0.078,0,UP,4.0,0.0,48,48,189,-62.6,17.311,5.206,0,2,0,31,0,350.0,0.0,0,0,MAINS,MAINS,1,0,54.91,92.0,48.5031,48.8619,-4.0,3.73101,3.73101,3.75861,3.75861,0.0,23.3,1088.31,,60.789,,CHARGE,0.0,0,,SYNTHETIC,0
doe-000,0,554,2026-09-03T09:09:14Z,2026-09-03T09:09:15Z,2026-09-03T09:09:14Z,2026-09-03T09:09:15Z,site_b,SIM,synthetic_demo,B-WAN-1,UP,1000.0,65.366,64.83,0.0,24.26,3.0712,0.091,0,UP,4.0,0.0,6,6,34,-65.3,20.439,6.606,0,0,0,32,0,67.0,0.0,0,0,,,,,,,,,,,,,,,,,,,,,0.0,0,,SYNTHETIC,0
doe-000,0,555,2026-09-03T09:09:15Z,2026-09-03T09:09:16Z,2026-09-03T09:09:15Z,2026-09-03T09:09:16Z,site_a,SIM,synthetic_demo,A-WAN-1,UP,1000.0,426.0993,426.27,0.0,19.72,4.2707,0.116,0,UP,4.0,0.0,48,48,175,-61.7,17.825,5.186,2,1,0,31,0,262.0,0.0,0,0,MAINS,MAINS,1,0,54.82,92.0,48.5033,48.8621,-4.0,3.73102,3.73102,3.75862,3.75862,0.0,23.0,1083.799,,61.044,,CHARGE,0.0,0,,SYNTHETIC,0
doe-000,0,555,2026-09-03T09:09:15Z,2026-09-03T09:09:16Z,2026-09-03T09:09:15Z,2026-09-03T09:09:16Z,site_b,SIM,synthetic_demo,B-WAN-1,UP,1000.0,55.7335,55.22,0.0,21.11,0.2961,0.096,0,UP,4.0,0.0,6,6,53,-61.4,25.056,7.11,0,1,0,32,0,53.0,0.0,0,0,,,,,,,,,,,,,,,,,,,,,0.0,0,,SYNTHETIC,0
doe-000,0,556,2026-09-03T09:09:16Z,2026-09-03T09:09:17Z,2026-09-03T09:09:16Z,2026-09-03T09:09:17Z,site_a,SIM,synthetic_demo,A-WAN-1,UP,1000.0,430.351,430.03,0.0,17.17,0.7515,0.058,0,UP,4.0,0.0,48,48,128,-62.5,15.89,4.517,2,2,0,31,0,158.0,0.0,0,0,MAINS,MAINS,1,0,54.85,92.0,48.5035,48.8623,-4.0,3.73104,3.73104,3.75864,3.75864,0.0,23.2,1076.076,,61.485,,CHARGE,0.0,0,,SYNTHETIC,0
doe-000,0,556,2026-09-03T09:09:16Z,2026-09-03T09:09:17Z,2026-09-03T09:09:16Z,2026-09-03T09:09:17Z,site_b,SIM,synthetic_demo,B-WAN-1,UP,1000.0,51.7861,51.98,0.0,24.51,2.6003,0.103,0,UP,4.0,0.0,6,6,44,-62.3,20.574,6.821,0,1,0,32,0,68.0,0.0,0,0,,,,,,,,,,,,,,,,,,,,,0.0,0,,SYNTHETIC,0
doe-000,0,557,2026-09-03T09:09:17Z,2026-09-03T09:09:18Z,2026-09-03T09:09:17Z,2026-09-03T09:09:18Z,site_a,SIM,synthetic_demo,A-WAN-1,UP,1000.0,430.1997,430.51,0.0,17.56,1.77,0.1,0,UP,4.0,0.0,48,48,161,-62.4,16.722,4.818,1,3,0,31,0,316.0,0.0,0,0,MAINS,MAINS,1,0,54.89,92.0,48.5037,48.8625,-4.0,3.73106,3.73106,3.75866,3.75866,0.0,23.1,1100.366,,60.131,,CHARGE,0.0,0,,SYNTHETIC,0
doe-000,0,557,2026-09-03T09:09:17Z,2026-09-03T09:09:18Z,2026-09-03T09:09:17Z,2026-09-03T09:09:18Z,site_b,SIM,synthetic_demo,B-WAN-1,UP,1000.0,56.1032,55.63,0.0,22.18,0.9876,0.084,0,UP,4.0,0.0,6,6,16,-59.7,13.843,5.045,1,0,0,32,0,65.0,0.0,0,0,,,,,,,,,,,,,,,,,,,,,0.0,0,,SYNTHETIC,0
doe-000,0,558,2026-09-03T09:09:18Z,2026-09-03T09:09:19Z,2026-09-03T09:09:18Z,2026-09-03T09:09:19Z,site_a,SIM,synthetic_demo,A-WAN-1,UP,1000.0,418.3124,418.26,0.0,16.66,0.4377,0.132,0,UP,4.0,0.0,48,48,164,-62.4,16.44,5.18,2,1,0,31,0,305.0,0.0,0,0,MAINS,MAINS,1,0,54.89,92.0,48.5039,48.8627,-4.0,3.73107,3.73107,3.75867,3.75867,0.0,23.1,1095.915,,60.378,,CHARGE,0.0,0,,SYNTHETIC,0
doe-000,0,558,2026-09-03T09:09:18Z,2026-09-03T09:09:19Z,2026-09-03T09:09:18Z,2026-09-03T09:09:19Z,site_b,SIM,synthetic_demo,B-WAN-1,UP,1000.0,68.0074,66.74,0.0,22.22,1.2026,0.123,0,UP,4.0,0.0,6,6,56,-62.2,24.401,7.424,1,0,0,32,0,69.0,0.0,0,0,,,,,,,,,,,,,,,,,,,,,0.0,0,,SYNTHETIC,0
doe-000,0,559,2026-09-03T09:09:19Z,2026-09-03T09:09:20Z,2026-09-03T09:09:19Z,2026-09-03T09:09:20Z,site_a,SIM,synthetic_demo,A-WAN-1,UP,1000.0,437.9051,439.07,0.0,16.76,0.8399,0.107,0,UP,4.0,0.0,48,48,234,-63.0,19.154,6.036,0,2,0,31,0,347.0,0.0,0,0,MAINS,MAINS,1,0,54.88,92.0,48.5041,48.8629,-4.0,3.73109,3.73109,3.75869,3.75869,0.0,23.2,1066.589,,62.041,,CHARGE,0.0,0,,SYNTHETIC,0
doe-000,0,559,2026-09-03T09:09:19Z,2026-09-03T09:09:20Z,2026-09-03T09:09:19Z,2026-09-03T09:09:20Z,site_b,SIM,synthetic_demo,B-WAN-1,UP,1000.0,56.4453,55.94,0.0,21.82,1.6976,0.088,0,UP,4.0,0.0,6,6,43,-62.2,21.848,7.157,0,0,0,32,0,37.0,0.0,0,0,,,,,,,,,,,,,,,,,,,,,0.0,0,,SYNTHETIC,0
doe-000,0,560,2026-09-03T09:09:20Z,2026-09-03T09:09:21Z,2026-09-03T09:09:20Z,2026-09-03T09:09:21Z,site_a,SIM,synthetic_demo,A-WAN-1,UP,1000.0,404.8218,405.49,0.0,16.63,0.4071,0.085,0,UP,4.0,0.0,48,48,212,-61.2,18.713,5.628,1,1,0,31,0,200.0,0.0,0,0,MAINS,MAINS,1,0,54.86,92.0,48.5043,48.8631,-4.0,3.7311,3.7311,3.7587,3.7587,0.0,23.3,1093.192,,60.533,,CHARGE,0.0,0,,SYNTHETIC,0
doe-000,0,560,2026-09-03T09:09:20Z,2026-09-03T09:09:21Z,2026-09-03T09:09:20Z,2026-09-03T09:09:21Z,site_b,SIM,synthetic_demo,B-WAN-1,UP,1000.0,70.6079,70.63,0.0,23.81,3.4951,0.102,0,UP,4.0,0.0,6,6,24,-60.9,17.799,4.617,0,2,0,32,0,46.0,0.0,0,1,,,,,,,,,,,,,,,,,,,,,0.25,0,,SYNTHETIC,0
doe-000,0,561,2026-09-03T09:09:21Z,2026-09-03T09:09:22Z,2026-09-03T09:09:21Z,2026-09-03T09:09:22Z,site_a,SIM,synthetic_demo,A-WAN-1,UP,1000.0,449.9176,450.28,0.0,16.17,0.66,0.071,0,UP,4.0,0.0,48,48,249,-62.2,19.362,5.89,0,2,0,31,0,408.0,0.0,0,0,MAINS,MAINS,1,0,54.91,92.0,48.5046,48.8634,-4.0,3.73112,3.73112,3.75872,3.75872,0.0,23.4,1085.223,,60.981,,CHARGE,0.0,0,,SYNTHETIC,0
doe-000,0,561,2026-09-03T09:09:21Z,2026-09-03T09:09:22Z,2026-09-03T09:09:21Z,2026-09-03T09:09:22Z,site_b,SIM,synthetic_demo,B-WAN-1,UP,1000.0,71.1074,72.23,0.0,22.37,1.2555,0.099,0,UP,4.0,0.0,6,6,33,-64.2,18.502,6.176,0,0,0,32,0,45.0,0.0,0,0,,,,,,,,,,,,,,,,,,,,,0.0,0,,SYNTHETIC,0
doe-000,0,562,2026-09-03T09:09:22Z,2026-09-03T09:09:23Z,2026-09-03T09:09:22Z,2026-09-03T09:09:23Z,site_a,SIM,synthetic_demo,A-WAN-1,UP,1000.0,489.6193,490.36,0.0,17.73,1.9403,0.103,0,UP,4.0,0.0,48,48,254,-62.8,19.147,5.882,0,4,0,31,0,453.0,0.0,0,0,MAINS,MAINS,1,0,54.96,92.0,48.5048,48.8636,-4.0,3.73114,3.73114,3.75874,3.75874,0.0,23.3,1089.599,,60.738,,CHARGE,0.0,0,,SYNTHETIC,0
doe-000,0,562,2026-09-03T09:09:22Z,2026-09-03T09:09:23Z,2026-09-03T09:09:22Z,2026-09-03T09:09:23Z,site_b,SIM,synthetic_demo,B-WAN-1,UP,1000.0,77.9916,78.04,0.0,22.1,0.3763,0.089,0,UP,4.0,0.0,6,6,26,-64.8,18.836,5.501,0,1,0,32,0,64.0,0.0,0,0,,,,,,,,,,,,,,,,,,,,,0.0,0,,SYNTHETIC,0
doe-000,0,563,2026-09-03T09:09:23Z,2026-09-03T09:09:24Z,2026-09-03T09:09:23Z,2026-09-03T09:09:24Z,site_a,SIM,synthetic_demo,A-WAN-1,UP,1000.0,529.5354,529.73,0.0,16.68,0.025,0.086,0,UP,4.0,0.0,48,48,193,-61.5,17.377,4.892,1,4,0,31,0,265.0,0.0,0,0,MAINS,MAINS,1,0,54.91,92.0,48.505,48.8638,-4.0,3.73115,3.73115,3.75875,3.75875,0.0,23.4,1093.503,,60.524,,CHARGE,0.0,0,,SYNTHETIC,0
doe-000,0,563,2026-09-03T09:09:23Z,2026-09-03T09:09:24Z,2026-09-03T09:09:23Z,2026-09-03T09:09:24Z,site_b,SIM,synthetic_demo,B-WAN-1,UP,1000.0,64.2394,64.62,0.0,23.13,1.856,0.101,0,UP,4.0,0.0,6,6,41,-62.9,20.696,6.034,0,0,0,32,0,75.0,0.0,0,0,,,,,,,,,,,,,,,,,,,,,0.0,0,,SYNTHETIC,0
doe-000,0,564,2026-09-03T09:09:24Z,2026-09-03T09:09:25Z,2026-09-03T09:09:24Z,2026-09-03T09:09:25Z,site_a,SIM,synthetic_demo,A-WAN-1,UP,1000.0,410.3484,411.12,0.0,16.4,0.2991,0.101,0,UP,4.0,0.0,48,48,398,-62.4,23.395,7.154,1,2,0,31,0,354.0,0.0,0,0,MAINS,MAINS,1,0,54.92,92.0,48.5052,48.864,-4.0,3.73117,3.73117,3.75877,3.75877,0.0,23.2,1101.973,,60.062,,CHARGE,0.0,0,,SYNTHETIC,0
doe-000,0,564,2026-09-03T09:09:24Z,2026-09-03T09:09:25Z,2026-09-03T09:09:24Z,2026-09-03T09:09:25Z,site_b,SIM,synthetic_demo,B-WAN-1,UP,1000.0,69.5555,69.68,0.0,21.5,0.1158,0.127,0,UP,4.0,0.0,6,6,50,-63.6,25.515,7.234,0,0,0,32,0,84.0,0.0,0,0,,,,,,,,,,,,,,,,,,,,,0.0,0,,SYNTHETIC,0
doe-000,0,565,2026-09-03T09:09:25Z,2026-09-03T09:09:26Z,2026-09-03T09:09:25Z,2026-09-03T09:09:26Z,site_a,SIM,synthetic_demo,A-WAN-1,UP,1000.0,424.7466,425.64,0.0,15.65,0.4024,0.077,0,UP,4.0,0.0,48,48,277,-62.6,20.632,5.93,1,2,0,31,0,322.0,0.0,0,0,MAINS,MAINS,1,0,54.91,92.0,48.5054,48.8642,-4.0,3.73118,3.73118,3.75878,3.75878,0.0,23.2,1087.928,,60.84,,CHARGE,0.0,0,,SYNTHETIC,0
doe-000,0,565,2026-09-03T09:09:25Z,2026-09-03T09:09:26Z,2026-09-03T09:09:25Z,2026-09-03T09:09:26Z,site_b,SIM,synthetic_demo,B-WAN-1,UP,1000.0,75.6251,75.53,0.0,21.29,0.3816,0.091,0,UP,4.0,0.0,6,6,90,-62.0,32.424,10.022,0,0,0,32,0,63.0,0.0,0,0,,,,,,,,,,,,,,,,,,,,,0.0,0,,SYNTHETIC,0
doe-000,0,566,2026-09-03T09:09:26Z,2026-09-03T09:09:27Z,2026-09-03T09:09:26Z,2026-09-03T09:09:27Z,site_a,SIM,synthetic_demo,A-WAN-1,UP,1000.0,433.3901,432.48,0.0,16.19,0.3051,0.095,0,UP,4.0,0.0,48,48,112,-61.2,15.13,4.449,0,0,0,31,0,221.0,0.0,0,0,MAINS,MAINS,1,0,54.89,92.0,48.5056,48.8644,-4.0,3.7312,3.7312,3.7588,3.7588,0.0,23.3,1097.178,,60.33,,CHARGE,0.0,0,,SYNTHETIC,0
doe-000,0,566,2026-09-03T09:09:26Z,2026-09-03T09:09:27Z,2026-09-03T09:09:26Z,2026-09-03T09:09:27Z,site_b,SIM,synthetic_demo,B-WAN-1,UP,1000.0,66.6731,66.76,0.0,21.67,1.3282,0.133,0,UP,4.0,0.0,6,6,31,-61.9,19.494,5.396,0,0,0,32,0,49.0,0.0,0,0,,,,,,,,,,,,,,,,,,,,,0.0,0,,SYNTHETIC,0
doe-000,0,567,2026-09-03T09:09:27Z,2026-09-03T09:09:28Z,2026-09-03T09:09:27Z,2026-09-03T09:09:28Z,site_a,SIM,synthetic_demo,A-WAN-1,UP,1000.0,432.4317,432.98,0.0,16.97,0.8897,0.101,0,UP,4.0,0.0,48,48,155,-61.5,15.638,4.991,1,4,0,31,0,189.0,0.0,0,0,MAINS,MAINS,1,0,54.92,92.0,48.5058,48.8646,-4.0,3.73122,3.73122,3.75882,3.75882,0.0,23.4,1100.675,,60.141,,CHARGE,0.0,0,,SYNTHETIC,0
doe-000,0,567,2026-09-03T09:09:27Z,2026-09-03T09:09:28Z,2026-09-03T09:09:27Z,2026-09-03T09:09:28Z,site_b,SIM,synthetic_demo,B-WAN-1,UP,1000.0,162.568,160.93,0.0,21.32,0.503,0.115,0,UP,4.0,0.0,6,6,37,-62.3,21.981,6.01,0,1,0,32,0,90.0,0.0,0,0,,,,,,,,,,,,,,,,,,,,,0.0,0,,SYNTHETIC,0
doe-000,0,568,2026-09-03T09:09:28Z,2026-09-03T09:09:29Z,2026-09-03T09:09:28Z,2026-09-03T09:09:29Z,site_a,SIM,synthetic_demo,A-WAN-1,UP,1000.0,516.2644,517.49,0.0,18.14,2.0769,0.107,0,UP,4.0,0.0,48,48,188,-61.5,17.536,5.167,1,5,0,31,0,331.0,0.0,0,0,MAINS,MAINS,1,0,54.87,92.0,48.506,48.8648,-4.0,3.73123,3.73123,3.75883,3.75883,0.0,23.2,1084.462,,61.043,,CHARGE,0.0,0,,SYNTHETIC,0
doe-000,0,568,2026-09-03T09:09:28Z,2026-09-03T09:09:29Z,2026-09-03T09:09:28Z,2026-09-03T09:09:29Z,site_b,SIM,synthetic_demo,B-WAN-1,UP,1000.0,64.0764,66.04,0.0,21.71,0.5617,0.079,0,UP,4.0,0.0,6,6,15,-59.1,15.555,4.197,0,0,0,32,0,88.0,0.0,0,0,,,,,,,,,,,,,,,,,,,,,0.0,0,,SYNTHETIC,0
doe-000,0,569,2026-09-03T09:09:29Z,2026-09-03T09:09:30Z,2026-09-03T09:09:29Z,2026-09-03T09:09:30Z,site_a,SIM,synthetic_demo,A-WAN-1,UP,1000.0,472.0909,472.71,0.0,16.58,0.7422,0.089,0,UP,4.0,0.0,48,48,115,-60.9,15.51,4.463,1,1,0,31,0,287.0,0.0,0,0,MAINS,MAINS,1,0,54.93,92.0,48.5062,48.865,-4.0,3.73125,3.73125,3.75885,3.75885,0.0,23.3,1099.067,,60.234,,CHARGE,0.0,0,,SYNTHETIC,0
doe-000,0,569,2026-09-03T09:09:29Z,2026-09-03T09:09:30Z,2026-09-03T09:09:29Z,2026-09-03T09:09:30Z,site_b,SIM,synthetic_demo,B-WAN-1,UP,1000.0,58.829,57.9,0.0,21.69,0.0741,0.08,0,UP,4.0,0.0,6,6,44,-62.7,24.098,6.649,0,0,0,32,0,66.0,0.0,0,0,,,,,,,,,,,,,,,,,,,,,0.0,0,,SYNTHETIC,0
doe-000,0,570,2026-09-03T09:09:30Z,2026-09-03T09:09:31Z,2026-09-03T09:09:30Z,2026-09-03T09:09:31Z,site_a,SIM,synthetic_demo,A-WAN-1,UP,1000.0,553.6492,554.01,0.0,15.68,0.1857,0.074,0,UP,4.0,0.0,48,48,205,-62.5,18.166,5.594,0,2,0,31,0,385.0,0.0,0,0,MAINS,BATTERY,0,1,55.0,92.0,48.5054,47.0052,16.7252,3.73119,3.73119,3.61578,3.61578,0.0,23.2,1100.54,,60.156,OCP_DSG,DISCHARGE,0.0,0,,SYNTHETIC,0
doe-000,0,570,2026-09-03T09:09:30Z,2026-09-03T09:09:31Z,2026-09-03T09:09:30Z,2026-09-03T09:09:31Z,site_b,SIM,synthetic_demo,B-WAN-1,UP,1000.0,60.0146,60.93,0.0,22.86,1.2583,0.098,0,UP,4.0,0.0,6,6,35,-61.6,19.478,6.522,0,0,0,32,0,53.0,0.0,0,0,,,,,,,,,,,,,,,,,,,,,0.0,0,,SYNTHETIC,0
doe-000,0,571,2026-09-03T09:09:31Z,2026-09-03T09:09:32Z,2026-09-03T09:09:31Z,2026-09-03T09:09:32Z,site_a,SIM,synthetic_demo,A-WAN-1,UP,1000.0,263.3668,263.24,0.0,17.86,2.1674,0.051,0,UP,4.0,0.0,48,12,45,-63.5,18.082,5.394,1,2,0,7,0,401.0,0.0,0,0,BATTERY,LOAD_SHED,0,1,54.91,92.0,48.5053,48.3142,2.1311,3.73118,3.73118,3.71647,3.71647,0.0,23.4,144.148,3,60.794,,DISCHARGE,0.0,0,,SYNTHETIC,0
doe-000,0,571,2026-09-03T09:09:31Z,2026-09-03T09:09:32Z,2026-09-03T09:09:31Z,2026-09-03T09:09:32Z,site_b,SIM,synthetic_demo,B-WAN-1,UP,1000.0,52.7075,50.88,0.0,23.75,2.5783,0.095,0,UP,4.0,0.0,6,6,41,-60.7,21.761,6.451,0,0,0,32,0,67.0,0.0,0,0,,,,,,,,,,,,,,,,,,,,,0.0,0,,SYNTHETIC,0
doe-000,0,572,2026-09-03T09:09:32Z,2026-09-03T09:09:33Z,2026-09-03T09:09:32Z,2026-09-03T09:09:33Z,site_a,SIM,synthetic_demo,A-WAN-1,UP,1000.0,265.543,265.63,0.0,16.84,0.87,0.057,0,UP,4.0,0.0,48,12,61,-62.6,19.558,5.93,0,1,0,7,0,451.0,0.0,0,0,LOAD_SHED,LOAD_SHED,0,1,54.82,92.0,48.5052,48.3183,2.0841,3.73117,3.73117,3.71679,3.71679,0.0,23.2,140.977,3,37.333,,DISCHARGE,0.0,0,,SYNTHETIC,0
doe-000,0,572,2026-09-03T09:09:32Z,2026-09-03T09:09:33Z,2026-09-03T09:09:32Z,2026-09-03T09:09:33Z,site_b,SIM,synthetic_demo,B-WAN-1,UP,1000.0,55.5251,55.31,0.0,21.72,0.7723,0.123,0,UP,4.0,0.0,6,6,38,-61.4,18.519,6.538,0,2,0,32,0,61.0,0.0,0,0,,,,,,,,,,,,,,,,,,,,,0.0,0,,SYNTHETIC,0
doe-000,0,573,2026-09-03T09:09:33Z,2026-09-03T09:09:34Z,2026-09-03T09:09:33Z,2026-09-03T09:09:34Z,site_a,SIM,synthetic_demo,A-WAN-1,UP,1000.0,340.2887,340.2,0.0,16.9,1.4533,0.087,0,UP,4.0,0.0,48,12,50,-61.3,17.608,5.217,0,1,0,7,0,542.0,0.0,0,0,LOAD_SHED,LOAD_SHED,0,1,54.88,92.0,48.5051,48.3183,2.0832,3.73116,3.73116,3.71679,3.71679,0.0,23.2,140.921,3,37.333,,DISCHARGE,0.0,0,,SYNTHETIC,0
doe-000,0,573,2026-09-03T09:09:33Z,2026-09-03T09:09:34Z,2026-09-03T09:09:33Z,2026-09-03T09:09:34Z,site_b,SIM,synthetic_demo,B-WAN-1,UP,1000.0,57.6624,57.55,0.0,22.58,1.5358,0.116,0,UP,4.0,0.0,6,6,62,-60.1,27.877,7.953,0,2,0,32,0,56.0,0.0,0,0,,,,,,,,,,,,,,,,,,,,,0.0,0,,SYNTHETIC,0
doe-000,0,574,2026-09-03T09:09:34Z,2026-09-03T09:09:35Z,2026-09-03T09:09:34Z,2026-09-03T09:09:35Z,site_a,SIM,synthetic_demo,A-WAN-1,UP,1000.0,256.8183,256.38,0.0,16.63,0.384,0.087,0,UP,4.0,0.0,48,12,50,-62.2,18.458,5.427,0,1,0,7,0,403.0,0.0,0,0,LOAD_SHED,LOAD_SHED,0,1,54.86,92.0,48.505,48.3177,2.0879,3.73115,3.73115,3.71675,3.71675,0.0,23.2,141.237,3,37.326,,DISCHARGE,0.0,0,,SYNTHETIC,0
doe-000,0,574,2026-09-03T09:09:34Z,2026-09-03T09:09:35Z,2026-09-03T09:09:34Z,2026-09-03T09:09:35Z,site_b,SIM,synthetic_demo,B-WAN-1,UP,1000.0,48.6802,48.73,0.0,21.8,0.1349,0.099,0,UP,4.0,0.0,6,6,49,-60.7,21.511,7.201,0,0,0,32,0,36.0,0.0,0,0,,,,,,,,,,,,,,,,,,,,,0.0,0,,SYNTHETIC,0
doe-000,0,575,2026-09-03T09:09:35Z,2026-09-03T09:09:36Z,2026-09-03T09:09:35Z,2026-09-03T09:09:36Z,site_a,SIM,synthetic_demo,A-WAN-1,UP,1000.0,255.2053,255.08,0.0,17.46,1.0464,0.079,0,UP,4.0,0.0,48,12,66,-61.9,18.831,5.787,1,1,0,7,0,404.0,0.0,0,0,LOAD_SHED,LOAD_SHED,0,1,54.87,92.0,48.5049,48.3159,2.1074,3.73115,3.73115,3.71661,3.71661,0.0,23.4,142.549,3,37.298,,DISCHARGE,0.0,0,,SYNTHETIC,0
doe-000,0,575,2026-09-03T09:09:35Z,2026-09-03T09:09:36Z,2026-09-03T09:09:35Z,2026-09-03T09:09:36Z,site_b,SIM,synthetic_demo,B-WAN-1,UP,1000.0,53.4268,52.39,0.0,23.78,1.9277,0.086,0,UP,4.0,0.0,6,6,66,-61.7,29.807,8.379,1,0,0,32,0,32.0,0.0,0,0,,,,,,,,,,,,,,,,,,,,,0.0,0,,SYNTHETIC,0
doe-000,0,576,2026-09-03T09:09:36Z,2026-09-03T09:09:37Z,2026-09-03T09:09:36Z,2026-09-03T09:09:37Z,site_a,SIM,synthetic_demo,A-WAN-1,UP,1000.0,328.6469,328.76,0.0,16.18,0.7219,0.057,0,UP,4.0,0.0,48,12,56,-60.9,19.915,4.825,0,3,0,7,0,394.0,0.0,0,0,LOAD_SHED,LOAD_SHED,0,1,54.91,92.0,48.5048,48.3137,2.1307,3.73114,3.73114,3.71644,3.71644,0.0,23.2,144.117,3,37.264,,DISCHARGE,0.0,0,,SYNTHETIC,0
doe-000,0,576,2026-09-03T09:09:36Z,2026-09-03T09:09:37Z,2026-09-03T09:09:36Z,2026-09-03T09:09:37Z,site_b,SIM,synthetic_demo,B-WAN-1,UP,1000.0,68.8868,69.18,0.0,22.43,1.6184,0.065,0,UP,4.0,0.0,6,6,46,-63.9,22.389,7.683,0,1,0,32,0,87.0,0.0,0,0,,,,,,,,,,,,,,,,,,,,,0.0,0,,SYNTHETIC,0
doe-000,0,577,2026-09-03T09:09:37Z,2026-09-03T09:09:38Z,2026-09-03T09:09:37Z,2026-09-03T09:09:38Z,site_a,SIM,synthetic_demo,A-WAN-1,UP,1000.0,290.2795,289.97,0.0,17.13,1.0904,0.076,0,UP,4.0,0.0,48,12,73,-61.3,19.066,6.327,0,3,0,7,0,262.0,0.0,0,0,LOAD_SHED,LOAD_SHED,0,1,54.9,92.0,48.5047,48.3161,2.1022,3.73113,3.73113,3.71662,3.71662,0.0,23.2,142.2,3,37.303,,DISCHARGE,0.0,0,,SYNTHETIC,0
doe-000,0,577,2026-09-03T09:09:37Z,2026-09-03T09:09:38Z,2026-09-03T09:09:37Z,2026-09-03T09:09:38Z,site_b,SIM,synthetic_demo,B-WAN-1,UP,1000.0,64.0748,64.23,0.0,22.43,0.8655,0.101,0,UP,4.0,0.0,6,6,18,-61.0,15.331,4.622,0,0,0,32,0,56.0,0.0,0,0,,,,,,,,,,,,,,,,,,,,,0.0,0,,SYNTHETIC,0
doe-000,0,578,2026-09-03T09:09:38Z,2026-09-03T09:09:39Z,2026-09-03T09:09:38Z,2026-09-03T09:09:39Z,site_a,SIM,synthetic_demo,A-WAN-1,UP,1000.0,342.3935,342.01,0.0,16.9,1.2512,0.113,0,UP,4.0,0.0,48,12,43,-61.7,16.557,4.555,0,1,0,7,0,307.0,0.0,0,0,LOAD_SHED,LOAD_SHED,0,1,54.89,92.0,48.5046,48.3115,2.1524,3.73112,3.73112,3.71627,3.71627,0.0,23.3,145.575,3,37.231,,DISCHARGE,0.0,0,,SYNTHETIC,0
doe-000,0,578,2026-09-03T09:09:38Z,2026-09-03T09:09:39Z,2026-09-03T09:09:38Z,2026-09-03T09:09:39Z,site_b,SIM,synthetic_demo,B-WAN-1,UP,1000.0,62.2674,62.83,0.0,21.65,0.422,0.099,0,UP,4.0,0.0,6,6,34,-60.6,16.979,5.961,0,1,0,32,0,77.0,0.0,0,0,,,,,,,,,,,,,,,,,,,,,0.0,0,,SYNTHETIC,0
doe-000,0,579,2026-09-03T09:09:39Z,2026-09-03T09:09:40Z,2026-09-03T09:09:39Z,2026-09-03T09:09:40Z,site_a,SIM,synthetic_demo,A-WAN-1,UP,1000.0,306.0831,306.63,0.0,20.68,4.0374,0.072,0,UP,4.0,0.0,48,12,55,-61.9,19.289,5.486,1,1,0,7,0,413.0,0.0,0,0,LOAD_SHED,LOAD_SHED,0,1,54.87,92.0,48.5045,48.3185,2.0729,3.73111,3.73111,3.71681,3.71681,0.0,23.3,140.219,3,37.343,,DISCHARGE,0.0,0,,SYNTHETIC,0
doe-000,0,579,2026-09-03T09:09:39Z,2026-09-03T09:09:40Z,2026-09-03T09:09:39Z,2026-09-03T09:09:40Z,site_b,SIM,synthetic_demo,B-WAN-1,UP,1000.0,66.879,67.13,0.0,21.74,0.384,0.107,0,UP,4.0,0.0,6,6,27,-63.3,16.818,5.661,0,0,0,32,0,56.0,0.0,0,0,,,,,,,,,,,,,,,,,,,,,0.0,0,,SYNTHETIC,0
doe-000,0,580,2026-09-03T09:09:40Z,2026-09-03T09:09:41Z,2026-09-03T09:09:40Z,2026-09-03T09:09:41Z,site_a,SIM,synthetic_demo,A-WAN-1,UP,1000.0,281.23,280.65,0.0,18.4,2.6562,0.143,0,UP,4.0,0.0,48,12,52,-61.3,18.954,5.116,0,4,0,7,0,330.0,0.0,0,0,LOAD_SHED,LOAD_SHED,0,1,54.86,92.0,48.5044,48.3147,2.1149,3.7311,3.7311,3.71651,3.71651,0.0,23.1,143.048,3,37.283,,DISCHARGE,0.0,0,,SYNTHETIC,0
doe-000,0,580,2026-09-03T09:09:40Z,2026-09-03T09:09:41Z,2026-09-03T09:09:40Z,2026-09-03T09:09:41Z,site_b,SIM,synthetic_demo,B-WAN-1,UP,1000.0,71.9866,72.35,0.0,21.95,0.3765,0.092,0,UP,4.0,0.0,6,6,20,-64.0,16.73,5.438,0,0,0,32,0,78.0,0.0,0,0,,,,,,,,,,,,,,,,,,,,,0.0,0,,SYNTHETIC,0
doe-000,0,581,2026-09-03T09:09:41Z,2026-09-03T09:09:42Z,2026-09-03T09:09:41Z,2026-09-03T09:09:42Z,site_a,SIM,synthetic_demo,A-WAN-1,UP,1000.0,256.6294,256.75,0.0,18.58,2.9739,0.027,0,UP,4.0,0.0,48,12,44,-61.9,17.608,5.421,1,1,0,7,0,258.0,0.0,0,0,LOAD_SHED,LOAD_SHED,0,1,54.91,92.0,48.5043,48.3185,2.0712,3.7311,3.7311,3.71681,3.71681,0.0,23.2,140.105,3,37.344,,DISCHARGE,0.0,0,,SYNTHETIC,0
doe-000,0,581,2026-09-03T09:09:41Z,2026-09-03T09:09:42Z,2026-09-03T09:09:41Z,2026-09-03T09:09:42Z,site_b,SIM,synthetic_demo,B-WAN-1,UP,1000.0,68.9788,69.09,0.0,24.51,2.8172,0.101,0,UP,4.0,0.0,6,6,29,-58.7,18.941,4.942,0,0,0,32,0,42.0,0.0,0,0,,,,,,,,,,,,,,,,,,,,,0.0,0,,SYNTHETIC,0
doe-000,0,582,2026-09-03T09:09:42Z,2026-09-03T09:09:43Z,2026-09-03T09:09:42Z,2026-09-03T09:09:43Z,site_a,SIM,synthetic_demo,A-WAN-1,UP,1000.0,298.4978,297.0,0.0,20.28,4.2559,0.111,0,UP,4.0,0.0,48,12,42,-63.0,16.141,4.812,0,2,0,7,0,242.0,0.0,0,0,LOAD_SHED,LOAD_SHED,0,1,54.87,92.0,48.5041,48.3109,2.1544,3.73109,3.73109,3.71622,3.71622,0.0,23.2,145.709,3,37.225,,DISCHARGE,0.0,0,,SYNTHETIC,0
doe-000,0,582,2026-09-03T09:09:42Z,2026-09-03T09:09:43Z,2026-09-03T09:09:42Z,2026-09-03T09:09:43Z,site_b,SIM,synthetic_demo,B-WAN-1,UP,1000.0,72.5097,72.97,0.0,23.87,2.339,0.121,0,UP,4.0,0.0,6,6,47,-64.2,22.764,7.85,0,2,0,32,0,51.0,0.0,0,0,,,,,,,,,,,,,,,,,,,,,0.0,0,,SYNTHETIC,0
doe-000,0,583,2026-09-03T09:09:43Z,2026-09-03T09:09:44Z,2026-09-03T09:09:43Z,2026-09-03T09:09:44Z,site_a,SIM,synthetic_demo,A-WAN-1,UP,1000.0,289.6345,289.5,0.0,17.72,1.2676,0.097,0,UP,4.0,0.0,48,12,73,-61.3,20.846,5.903,1,2,0,7,0,271.0,0.0,0,0,LOAD_SHED,LOAD_SHED,0,1,54.84,92.0,48.504,48.3159,2.0975,3.73108,3.73108,3.71661,3.71661,0.0,23.3,141.875,3,37.305,,DISCHARGE,0.0,0,,SYNTHETIC,0
doe-000,0,583,2026-09-03T09:09:43Z,2026-09-03T09:09:44Z,2026-09-03T09:09:43Z,2026-09-03T09:09:44Z,site_b,SIM,synthetic_demo,B-WAN-1,UP,1000.0,78.9792,79.33,0.0,22.29,1.7582,0.079,0,UP,4.0,0.0,6,6,19,-63.3,18.891,4.792,0,1,0,32,0,29.0,0.0,0,0,,,,,,,,,,,,,,,,,,,,,0.0,0,,SYNTHETIC,0
doe-000,0,584,2026-09-03T09:09:44Z,2026-09-03T09:09:45Z,2026-09-03T09:09:44Z,2026-09-03T09:09:45Z,site_a,SIM,synthetic_demo,A-WAN-1,UP,1000.0,339.428,340.67,0.0,19.32,2.3188,0.055,0,UP,4.0,0.0,48,12,96,-62.5,23.801,7.231,0,1,0,7,0,320.0,0.0,0,0,LOAD_SHED,LOAD_SHED,0,1,54.9,92.0,48.5039,48.3165,2.0891,3.73107,3.73107,3.71666,3.71666,0.0,23.3,141.31,3,37.316,,DISCHARGE,0.0,0,,SYNTHETIC,0
doe-000,0,584,2026-09-03T09:09:44Z,2026-09-03T09:09:45Z,2026-09-03T09:09:44Z,2026-09-03T09:09:45Z,site_b,SIM,synthetic_demo,B-WAN-1,UP,1000.0,72.0172,72.94,0.0,23.71,2.3941,0.134,0,UP,4.0,0.0,6,6,73,-61.2,28.996,8.57,0,0,0,32,0,52.0,0.0,0,0,,,,,,,,,,,,,,,,,,,,,0.0,0,,SYNTHETIC,0
doe-000,0,585,2026-09-03T09:09:45Z,2026-09-03T09:09:46Z,2026-09-03T09:09:45Z,2026-09-03T09:09:46Z,site_a,SIM,synthetic_demo,A-WAN-1,UP,1000.0,305.6381,304.72,0.0,17.43,1.0419,,0,UP,4.0,0.0,48,12,74,-63.4,21.228,6.505,0,2,0,7,0,321.0,0.0,0,0,LOAD_SHED,LOAD_SHED,0,1,54.84,92.0,48.5038,48.3168,2.0847,3.73106,3.73106,3.71668,3.71668,0.0,23.3,141.013,3,37.321,,DISCHARGE,0.0,0,,SYNTHETIC|GAP|MISSING_MCAR,0
doe-000,0,585,2026-09-03T09:09:45Z,2026-09-03T09:09:46Z,2026-09-03T09:09:45Z,2026-09-03T09:09:46Z,site_b,SIM,synthetic_demo,B-WAN-1,UP,1000.0,68.3599,67.51,0.0,21.23,0.4629,0.091,0,UP,4.0,0.0,6,6,31,-61.7,18.519,5.317,0,0,0,32,0,43.0,0.0,0,0,,,,,,,,,,,,,,,,,,,,,0.0,0,,SYNTHETIC,0
doe-000,0,586,2026-09-03T09:09:46Z,2026-09-03T09:09:47Z,2026-09-03T09:09:46Z,2026-09-03T09:09:47Z,site_a,SIM,synthetic_demo,A-WAN-1,UP,1000.0,238.5755,238.79,0.0,17.74,1.3571,0.089,0,UP,4.0,0.0,48,48,199,-60.5,17.715,5.349,0,2,0,7,0,295.0,0.0,0,0,LOAD_SHED,BATTERY,0,1,54.86,92.0,48.5037,48.3133,2.1222,3.73105,3.73105,3.71641,3.71641,0.0,23.3,143.543,,460.972,,DISCHARGE,0.0,0,,SYNTHETIC,0
doe-000,0,586,2026-09-03T09:09:46Z,2026-09-03T09:09:47Z,2026-09-03T09:09:46Z,2026-09-03T09:09:47Z,site_b,SIM,synthetic_demo,B-WAN-1,UP,1000.0,84.7759,,0.0,22.01,0.9695,0.097,0,UP,4.0,0.0,6,6,23,-59.4,17.231,4.226,0,0,0,32,0,51.0,0.0,0,0,,,,,,,,,,,,,,,,,,,,,0.0,0,,SYNTHETIC|GAP|MISSING_MCAR,0
doe-000,0,587,2026-09-03T09:09:47Z,2026-09-03T09:09:48Z,2026-09-03T09:09:47Z,2026-09-03T09:09:48Z,site_a,SIM,synthetic_demo,A-WAN-1,UP,1000.0,250.6584,250.48,0.0,17.37,1.4395,0.08,0,UP,4.0,0.0,48,48,259,,19.842,5.851,2,2,0,7,0,219.0,0.0,0,0,BATTERY,BATTERY,0,1,54.84,92.0,48.5025,46.0328,27.5327,3.73096,3.73096,3.54099,3.54099,0.0,23.4,1774.1,,37.296,OCP_DSG,DISCHARGE,0.0,0,,SYNTHETIC|GAP|MISSING_MAR,0
doe-000,0,587,2026-09-03T09:09:47Z,2026-09-03T09:09:48Z,2026-09-03T09:09:47Z,2026-09-03T09:09:48Z,site_b,SIM,synthetic_demo,B-WAN-1,UP,1000.0,74.5686,74.57,0.0,21.37,0.7116,0.07,0,UP,4.0,0.0,6,6,26,-60.0,18.241,5.072,0,0,0,32,0,33.0,0.0,0,0,,,,,,,,,,,,,,,,,,,,,0.0,0,,SYNTHETIC,0
doe-000,0,588,2026-09-03T09:09:48Z,2026-09-03T09:09:49Z,2026-09-03T09:09:48Z,2026-09-03T09:09:49Z,site_a,SIM,synthetic_demo,A-WAN-1,UP,1000.0,246.1375,245.7,0.0,17.63,0.9524,0.054,0,UP,4.0,0.0,48,12,55,-63.5,16.465,5.491,0,3,0,7,0,437.0,0.0,0,0,BATTERY,LOAD_SHED,0,1,54.88,92.0,48.5024,48.3122,2.1205,3.73095,3.73095,3.71632,3.71632,0.0,23.2,143.421,3,37.258,,DISCHARGE,0.0,0,,SYNTHETIC,0
doe-000,0,588,2026-09-03T09:09:48Z,2026-09-03T09:09:49Z,2026-09-03T09:09:48Z,2026-09-03T09:09:49Z,site_b,SIM,synthetic_demo,B-WAN-1,UP,1000.0,74.5747,74.66,0.0,23.24,2.0195,0.094,0,UP,4.0,0.0,6,6,17,-59.7,16.407,4.235,1,1,0,32,0,55.0,0.0,0,0,,,,,,,,,,,,,,,,,,,,,0.0,0,,SYNTHETIC,0
doe-000,0,589,2026-09-03T09:09:49Z,2026-09-03T09:09:50Z,2026-09-03T09:09:49Z,2026-09-03T09:09:50Z,site_a,SIM,synthetic_demo,A-WAN-1,UP,1000.0,215.319,215.27,0.0,17.68,2.2697,0.082,0,UP,4.0,0.0,48,12,67,-61.0,18.443,5.529,0,3,0,7,0,259.0,0.0,0,0,LOAD_SHED,LOAD_SHED,0,1,54.87,92.0,48.5023,48.3153,2.0841,3.73094,3.73094,3.71656,3.71656,0.0,23.3,140.968,3,37.309,,DISCHARGE,0.0,0,,SYNTHETIC,0
doe-000,0,589,2026-09-03T09:09:49Z,2026-09-03T09:09:50Z,2026-09-03T09:09:49Z,2026-09-03T09:09:50Z,site_b,SIM,synthetic_demo,B-WAN-1,UP,1000.0,86.2237,86.0,0.0,22.79,1.9966,0.094,0,UP,4.0,0.0,6,6,23,-62.6,16.565,5.094,0,0,0,32,0,66.0,0.0,0,0,,,,,,,,,,,,,,,,,,,,,0.0,0,,SYNTHETIC,0
doe-000,0,590,2026-09-03T09:09:50Z,2026-09-03T09:09:51Z,2026-09-03T09:09:50Z,2026-09-03T09:09:51Z,site_a,SIM,synthetic_demo,A-WAN-1,UP,1000.0,288.1662,288.59,0.0,19.89,4.0687,0.081,0,UP,4.0,0.0,48,12,57,-61.5,19.432,4.885,1,3,0,7,0,426.0,0.0,0,0,LOAD_SHED,LOAD_SHED,0,1,54.89,92.0,48.5022,48.3114,2.1269,3.73094,3.73094,3.71626,3.71626,0.0,23.3,143.854,3,37.247,,DISCHARGE,0.0,0,,SYNTHETIC,0
doe-000,0,590,2026-09-03T09:09:50Z,2026-09-03T09:09:51Z,2026-09-03T09:09:50Z,2026-09-03T09:09:51Z,site_b,SIM,synthetic_demo,B-WAN-1,UP,1000.0,74.1149,75.13,0.0,24.32,3.0381,0.085,0,UP,4.0,0.0,6,6,62,-60.9,24.126,7.949,0,0,0,32,0,65.0,0.0,0,1,,,,,,,,,,,,,,,,,,,,,0.25,0,,SYNTHETIC,0
doe-000,0,591,2026-09-03T09:09:51Z,2026-09-03T09:09:52Z,2026-09-03T09:09:51Z,2026-09-03T09:09:52Z,site_a,SIM,synthetic_demo,A-WAN-1,UP,1000.0,352.9706,352.22,0.0,17.32,1.4188,0.082,0,UP,4.0,0.0,48,12,75,-62.5,20.933,6.134,0,3,0,7,0,445.0,0.0,0,0,LOAD_SHED,LOAD_SHED,0,1,54.88,92.0,48.5021,48.3166,2.0674,3.73093,3.73093,3.71666,3.71666,0.0,23.3,139.841,3,37.331,,DISCHARGE,0.0,0,,SYNTHETIC,0
doe-000,0,591,2026-09-03T09:09:51Z,2026-09-03T09:09:52Z,2026-09-03T09:09:51Z,2026-09-03T09:09:52Z,site_b,SIM,synthetic_demo,B-WAN-1,UP,1000.0,80.154,79.24,0.0,21.15,0.3185,0.089,0,UP,4.0,0.0,6,6,16,-63.2,14.055,4.701,0,0,0,32,0,74.0,0.0,0,0,,,,,,,,,,,,,,,,,,,,,0.0,0,,SYNTHETIC,0
doe-000,0,592,2026-09-03T09:09:52Z,2026-09-03T09:09:53Z,2026-09-03T09:09:52Z,2026-09-03T09:09:53Z,site_a,SIM,synthetic_demo,A-WAN-1,UP,1000.0,297.6553,297.23,0.0,16.73,1.0368,0.053,0,UP,4.0,0.0,48,12,61,-64.2,18.312,5.865,0,3,0,7,0,272.0,0.0,0,0,LOAD_SHED,LOAD_SHED,0,1,54.78,92.0,48.502,48.3118,2.1197,3.73092,3.73092,3.71629,3.71629,0.0,23.3,143.368,3,37.256,,DISCHARGE,0.0,0,,SYNTHETIC,0
doe-000,0,592,2026-09-03T09:09:52Z,2026-09-03T09:09:53Z,2026-09-03T09:09:52Z,2026-09-03T09:09:53Z,site_b,SIM,synthetic_demo,B-WAN-1,UP,1000.0,74.301,74.25,0.0,22.77,1.7223,0.083,0,UP,4.0,0.0,6,6,13,-62.4,15.542,3.647,0,0,0,32,0,58.0,0.0,0,0,,,,,,,,,,,,,,,,,,,,,0.0,0,,SYNTHETIC,0
doe-000,0,593,2026-09-03T09:09:53Z,2026-09-03T09:09:54Z,2026-09-03T09:09:53Z,2026-09-03T09:09:54Z,site_a,SIM,synthetic_demo,A-WAN-1,UP,1000.0,267.3398,267.83,0.0,18.77,2.8914,0.061,0,UP,4.0,0.0,48,12,127,-62.9,26.602,7.837,0,2,0,7,0,249.0,0.0,0,0,LOAD_SHED,LOAD_SHED,0,1,54.87,92.0,48.5018,48.3131,2.1044,3.73091,3.73091,3.71639,3.71639,0.0,23.1,142.339,3,37.276,,DISCHARGE,0.0,0,,SYNTHETIC,0
doe-000,0,593,2026-09-03T09:09:53Z,2026-09-03T09:09:54Z,2026-09-03T09:09:53Z,2026-09-03T09:09:54Z,site_b,SIM,synthetic_demo,B-WAN-1,UP,1000.0,70.8046,70.56,0.0,22.06,1.0009,0.086,0,UP,4.0,0.0,6,6,107,-61.1,37.344,11.209,0,0,0,32,0,42.0,0.0,0,0,,,,,,,,,,,,,,,,,,,,,0.0,0,,SYNTHETIC,0
doe-000,0,594,2026-09-03T09:09:54Z,2026-09-03T09:09:55Z,2026-09-03T09:09:54Z,2026-09-03T09:09:55Z,site_a,SIM,synthetic_demo,A-WAN-1,UP,1000.0,262.6163,262.7,0.0,16.14,0.1239,0.103,0,UP,4.0,0.0,48,12,60,-59.8,19.338,5.52,0,3,0,7,0,265.0,0.0,0,0,LOAD_SHED,LOAD_SHED,0,1,54.91,92.0,48.5017,48.3163,2.0668,3.7309,3.7309,3.71664,3.71664,0.0,23.3,139.8,3,37.329,,DISCHARGE,0.0,0,,SYNTHETIC,0
doe-000,0,594,2026-09-03T09:09:54Z,2026-09-03T09:09:55Z,2026-09-03T09:09:54Z,2026-09-03T09:09:55Z,site_b,SIM,synthetic_demo,B-WAN-1,UP,1000.0,75.0248,75.93,0.0,22.81,2.242,0.093,0,UP,4.0,0.0,6,6,23,-62.5,19.983,5.428,0,2,0,32,0,63.0,0.0,0,0,,,,,,,,,,,,,,,,,,,,,0.0,0,,SYNTHETIC,0
doe-000,0,595,2026-09-03T09:09:55Z,2026-09-03T09:09:56Z,2026-09-03T09:09:55Z,2026-09-03T09:09:56Z,site_a,SIM,synthetic_demo,A-WAN-1,UP,1000.0,254.8477,254.57,0.0,15.76,0.1216,0.091,0,UP,4.0,0.0,48,12,73,-63.3,20.961,6.616,0,3,0,7,0,381.0,0.0,0,0,LOAD_SHED,LOAD_SHED,0,1,54.81,92.0,48.5016,48.3129,2.1039,3.73089,3.73089,3.71638,3.71638,0.0,23.1,142.305,3,37.275,,DISCHARGE,0.0,0,,SYNTHETIC,0
doe-000,0,595,2026-09-03T09:09:55Z,2026-09-03T09:09:56Z,2026-09-03T09:09:55Z,2026-09-03T09:09:56Z,site_b,SIM,synthetic_demo,B-WAN-1,UP,1000.0,86.3407,86.51,0.0,21.01,1.4703,0.097,0,UP,4.0,0.0,6,6,59,-61.2,24.413,7.937,0,0,0,32,0,52.0,0.0,0,0,,,,,,,,,,,,,,,,,,,,,0.0,0,,SYNTHETIC,0
doe-000,0,596,2026-09-03T09:09:56Z,2026-09-03T09:09:57Z,2026-09-03T09:09:56Z,2026-09-03T09:09:57Z,site_a,SIM,synthetic_demo,A-WAN-1,UP,1000.0,217.4499,217.3,0.0,16.58,0.3781,0.055,0,UP,4.0,0.0,48,12,91,-63.2,21.025,6.764,0,2,0,7,0,202.0,0.0,0,0,LOAD_SHED,LOAD_SHED,0,1,54.74,92.0,48.5015,48.314,2.0904,3.73089,3.73089,3.71646,3.71646,0.0,23.3,141.393,3,37.294,,DISCHARGE,0.0,0,,SYNTHETIC,0
doe-000,0,596,2026-09-03T09:09:56Z,2026-09-03T09:09:57Z,2026-09-03T09:09:56Z,2026-09-03T09:09:57Z,site_b,SIM,synthetic_demo,B-WAN-1,UP,1000.0,76.2941,76.64,0.0,20.73,0.1667,0.116,0,UP,4.0,0.0,6,6,27,-61.3,20.005,5.671,0,0,0,32,0,35.0,0.0,0,0,,,,,,,,,,,,,,,,,,,,,0.0,0,,SYNTHETIC,0
doe-000,0,597,2026-09-03T09:09:57Z,2026-09-03T09:09:58Z,2026-09-03T09:09:57Z,2026-09-03T09:09:58Z,site_a,SIM,synthetic_demo,A-WAN-1,UP,1000.0,295.4414,295.75,0.0,16.94,0.825,0.107,0,UP,4.0,0.0,48,12,89,-60.9,21.866,6.576,0,3,0,7,0,268.0,0.0,0,0,LOAD_SHED,LOAD_SHED,0,1,54.9,92.0,48.5014,48.3094,2.1405,3.73088,3.73088,3.71611,3.71611,0.0,23.2,144.766,3,37.222,,DISCHARGE,0.0,0,,SYNTHETIC,0
doe-000,0,597,2026-09-03T09:09:57Z,2026-09-03T09:09:58Z,2026-09-03T09:09:57Z,2026-09-03T09:09:58Z,site_b,SIM,synthetic_demo,B-WAN-1,UP,1000.0,69.9461,68.96,0.0,22.27,1.6984,0.093,0,UP,4.0,0.0,6,6,28,-62.5,18.681,5.187,0,0,0,32,0,44.0,0.0,0,0,,,,,,,,,,,,,,,,,,,,,0.0,0,,SYNTHETIC,0
doe-000,0,598,2026-09-03T09:09:58Z,2026-09-03T09:09:59Z,2026-09-03T09:09:58Z,2026-09-03T09:09:59Z,site_a,SIM,synthetic_demo,A-WAN-1,UP,1000.0,436.5344,435.71,0.0,17.58,1.4999,0.082,0,UP,4.0,0.0,48,12,44,-62.8,18.055,5.109,2,3,0,7,0,401.0,0.0,0,0,LOAD_SHED,LOAD_SHED,0,1,54.89,92.0,48.5013,48.3099,2.1336,3.73087,3.73087,3.71615,3.71615,0.0,23.3,144.301,3,37.231,,DISCHARGE,0.0,0,,SYNTHETIC,0
doe-000,0,598,2026-09-03T09:09:58Z,2026-09-03T09:09:59Z,2026-09-03T09:09:58Z,2026-09-03T09:09:59Z,site_b,SIM,synthetic_demo,B-WAN-1,UP,1000.0,78.0122,78.3,0.0,23.13,1.4219,0.072,0,UP,4.0,0.0,6,6,58,-61.4,27.681,7.256,0,0,0,32,0,44.0,0.0,0,0,,,,,,,,,,,,,,,,,,,,,0.0,0,,SYNTHETIC,0
doe-000,0,599,2026-09-03T09:09:59Z,2026-09-03T09:10:00Z,2026-09-03T09:09:59Z,2026-09-03T09:10:00Z,site_a,SIM,synthetic_demo,A-WAN-1,UP,1000.0,271.4099,271.56,0.0,16.72,0.4148,0.108,0,UP,4.0,0.0,48,12,34,-61.1,16.491,4.66,0,3,0,7,0,329.0,0.0,0,0,LOAD_SHED,LOAD_SHED,0,1,54.86,92.0,48.5012,48.3147,2.0792,3.73086,3.73086,3.71651,3.71651,0.0,23.2,140.634,3,37.307,,DISCHARGE,0.0,0,,SYNTHETIC,0
doe-000,0,599,2026-09-03T09:09:59Z,2026-09-03T09:10:00Z,2026-09-03T09:09:59Z,2026-09-03T09:10:00Z,site_b,SIM,synthetic_demo,B-WAN-1,UP,1000.0,85.3033,85.58,0.0,22.46,1.8924,0.136,0,UP,4.0,0.0,6,6,65,-62.4,28.094,8.098,0,1,0,32,0,41.0,0.0,0,0,,,,,,,,,,,,,,,,,,,,,0.0,0,,SYNTHETIC,0
doe-000,0,600,2026-09-03T09:10:00Z,2026-09-03T09:10:01Z,2026-09-03T09:10:00Z,2026-09-03T09:10:01Z,site_a,SIM,synthetic_demo,A-WAN-1,UP,1000.0,258.5682,259.43,0.0,16.98,0.166,0.092,0,UP,4.0,0.0,48,12,51,-61.9,16.733,5.006,0,2,0,7,0,273.0,0.0,0,0,LOAD_SHED,LOAD_SHED,0,1,54.77,92.0,48.5011,48.3122,2.106,3.73085,3.73085,3.71632,3.71632,0.0,23.1,142.441,3,37.268,,DISCHARGE,0.0,0,,SYNTHETIC,0
doe-000,0,600,2026-09-03T09:10:00Z,2026-09-03T09:10:01Z,2026-09-03T09:10:00Z,2026-09-03T09:10:01Z,site_b,SIM,synthetic_demo,B-WAN-1,UP,1000.0,67.9649,67.91,0.0,21.9,1.3298,0.111,0,UP,4.0,0.0,6,6,71,-61.3,29.517,8.665,0,1,0,32,0,58.0,0.0,0,0,,,,,,,,,,,,,,,,,,,,,0.0,0,,SYNTHETIC,0
doe-000,0,601,2026-09-03T09:10:01Z,2026-09-03T09:10:02Z,2026-09-03T09:10:01Z,2026-09-03T09:10:02Z,site_a,SIM,synthetic_demo,A-WAN-1,UP,1000.0,271.42,271.52,0.0,21.27,5.291,0.089,0,UP,4.0,0.0,48,12,60,-61.1,20.226,5.741,1,3,0,7,0,308.0,0.0,0,0,LOAD_SHED,LOAD_SHED,0,1,54.91,92.0,48.501,48.3127,2.0989,3.73084,3.73084,3.71636,3.71636,0.0,23.2,141.964,3,37.277,,DISCHARGE,0.0,0,,SYNTHETIC,0
doe-000,0,601,2026-09-03T09:10:01Z,2026-09-03T09:10:02Z,2026-09-03T09:10:01Z,2026-09-03T09:10:02Z,site_b,SIM,synthetic_demo,B-WAN-1,UP,1000.0,327.6395,327.91,0.0,24.26,3.3318,0.108,0,UP,4.0,0.0,6,6,61,-63.9,26.777,9.009,0,0,0,32,0,69.0,0.0,0,0,,,,,,,,,,,,,,,,,,,,,0.0,0,,SYNTHETIC,0
doe-000,0,602,2026-09-03T09:10:02Z,2026-09-03T09:10:03Z,2026-09-03T09:10:02Z,2026-09-03T09:10:03Z,site_a,SIM,synthetic_demo,A-WAN-1,UP,1000.0,284.4065,285.16,0.0,16.12,0.2033,0.06,0,UP,4.0,0.0,48,12,46,-62.8,17.205,4.942,0,2,0,7,0,283.0,0.0,0,0,LOAD_SHED,LOAD_SHED,0,1,54.9,92.0,48.5009,48.312,2.1056,3.73084,3.73084,3.71631,3.71631,0.0,23.2,142.415,3,37.267,,DISCHARGE,0.0,0,,SYNTHETIC,0
doe-000,0,602,2026-09-03T09:10:02Z,2026-09-03T09:10:03Z,2026-09-03T09:10:02Z,2026-09-03T09:10:03Z,site_b,SIM,synthetic_demo,B-WAN-1,UP,1000.0,70.9642,70.77,0.0,22.73,2.0345,0.106,0,UP,4.0,0.0,6,6,23,-60.2,16.765,4.625,0,1,0,32,0,63.0,0.0,0,0,,,,,,,,,,,,,,,,,,,,,0.0,0,,SYNTHETIC,0
doe-000,0,603,2026-09-03T09:10:03Z,2026-09-03T09:10:04Z,2026-09-03T09:10:03Z,2026-09-03T09:10:04Z,site_a,SIM,synthetic_demo,A-WAN-1,UP,1000.0,285.0863,285.2,0.0,,1.2598,0.132,0,UP,4.0,0.0,48,48,237,-62.3,18.703,5.787,1,3,0,7,0,271.0,0.0,0,0,LOAD_SHED,BATTERY,0,1,54.85,92.0,48.5008,48.3101,2.1255,3.73083,3.73083,3.71616,3.71616,0.0,23.4,143.758,,459.977,,DISCHARGE,0.0,0,,SYNTHETIC|GAP|MISSING_MCAR,0
doe-000,0,603,2026-09-03T09:10:03Z,2026-09-03T09:10:04Z,2026-09-03T09:10:03Z,2026-09-03T09:10:04Z,site_b,SIM,synthetic_demo,B-WAN-1,UP,1000.0,97.1036,96.25,0.0,23.23,2.11,0.109,0,UP,4.0,0.0,6,6,33,-62.7,19.71,5.699,0,0,0,32,0,68.0,0.0,0,0,,,,,,,,,,,,,,,,,,,,,0.0,0,,SYNTHETIC,0
doe-000,0,604,2026-09-03T09:10:04Z,2026-09-03T09:10:05Z,2026-09-03T09:10:04Z,2026-09-03T09:10:05Z,site_a,SIM,synthetic_demo,A-WAN-1,UP,1000.0,280.4147,280.66,0.0,15.98,0.2888,0.075,0,UP,4.0,0.0,48,48,288,-62.7,19.968,6.159,1,2,0,7,0,287.0,0.0,0,0,BATTERY,BATTERY,0,1,54.85,92.0,48.4995,46.0297,27.5347,3.73073,3.73073,3.54074,3.54074,0.0,23.3,1774.107,,37.272,OCP_DSG,DISCHARGE,0.0,0,,SYNTHETIC,0
doe-000,0,604,2026-09-03T09:10:04Z,2026-09-03T09:10:05Z,2026-09-03T09:10:04Z,2026-09-03T09:10:05Z,site_b,SIM,synthetic_demo,B-WAN-1,UP,1000.0,85.3448,84.91,0.0,21.31,0.3614,0.109,0,UP,4.0,0.0,6,6,35,-64.2,20.387,6.511,0,1,0,32,0,55.0,0.0,0,0,,,,,,,,,,,,,,,,,,,,,0.0,0,,SYNTHETIC,0
doe-000,0,605,2026-09-03T09:10:05Z,2026-09-03T09:10:06Z,2026-09-03T09:10:05Z,2026-09-03T09:10:06Z,site_a,SIM,synthetic_demo,A-WAN-1,UP,1000.0,275.3736,275.72,0.0,16.26,0.3876,0.108,0,UP,4.0,0.0,48,12,80,-63.3,21.611,6.628,0,3,0,7,0,309.0,0.0,0,0,BATTERY,LOAD_SHED,0,1,54.87,92.0,48.4994,48.3086,2.1278,3.73073,3.73073,3.71604,3.71604,0.0,23.4,143.904,3,37.223,,DISCHARGE,0.0,0,,SYNTHETIC,0
doe-000,0,605,2026-09-03T09:10:05Z,2026-09-03T09:10:06Z,2026-09-03T09:10:05Z,2026-09-03T09:10:06Z,site_b,SIM,synthetic_demo,B-WAN-1,UP,1000.0,80.354,79.19,0.0,22.02,0.8879,0.105,0,UP,4.0,0.0,6,6,89,-61.8,32.546,9.351,0,0,0,32,0,64.0,0.0,0,0,,,,,,,,,,,,,,,,,,,,,0.0,0,,SYNTHETIC,0
doe-000,0,606,2026-09-03T09:10:06Z,2026-09-03T09:10:07Z,2026-09-03T09:10:06Z,2026-09-03T09:10:07Z,site_a,SIM,synthetic_demo,A-WAN-1,UP,1000.0,230.7071,230.08,0.0,18.25,1.8314,0.072,0,UP,4.0,0.0,48,12,49,-62.5,17.3,5.31,0,5,0,7,0,205.0,0.0,0,0,LOAD_SHED,LOAD_SHED,0,1,54.87,92.0,48.4993,48.3119,2.0893,3.73072,3.73072,3.7163,3.7163,0.0,23.3,141.31,3,37.277,,DISCHARGE,0.0,0,,SYNTHETIC,0
doe-000,0,606,2026-09-03T09:10:06Z,2026-09-03T09:10:07Z,2026-09-03T09:10:06Z,2026-09-03T09:10:07Z,site_b,SIM,synthetic_demo,B-WAN-1,UP,1000.0,72.6932,72.26,0.0,22.5,0.9227,0.067,0,UP,4.0,0.0,6,6,44,-63.1,21.338,6.816,0,0,0,32,0,59.0,0.0,0,0,,,,,,,,,,,,,,,,,,,,,0.0,0,,SYNTHETIC,0
doe-000,0,607,2026-09-03T09:10:07Z,2026-09-03T09:10:08Z,2026-09-03T09:10:07Z,2026-09-03T09:10:08Z,site_a,SIM,synthetic_demo,A-WAN-1,UP,1000.0,246.7653,247.06,0.0,18.85,2.3082,0.053,0,UP,4.0,0.0,48,12,45,-62.2,17.912,4.884,0,3,0,7,0,386.0,0.0,0,0,LOAD_SHED,LOAD_SHED,0,1,54.89,92.0,48.4992,48.3079,2.1329,3.73071,3.73071,3.71599,3.71599,0.0,23.3,144.252,3,37.214,,DISCHARGE,0.0,0,,SYNTHETIC,0
doe-000,0,607,2026-09-03T09:10:07Z,2026-09-03T09:10:08Z,2026-09-03T09:10:07Z,2026-09-03T09:10:08Z,site_b,SIM,synthetic_demo,B-WAN-1,UP,1000.0,67.0787,66.33,0.0,23.03,1.5322,0.066,0,UP,4.0,0.0,6,6,61,-64.2,26.629,8.169,0,1,0,32,0,49.0,0.0,0,0,,,,,,,,,,,,,,,,,,,,,0.0,0,,SYNTHETIC,0
doe-000,0,608,2026-09-03T09:10:08Z,2026-09-03T09:10:09Z,2026-09-03T09:10:08Z,2026-09-03T09:10:09Z,site_a,SIM,synthetic_demo,A-WAN-1,UP,1000.0,268.5329,268.43,0.0,17.3,1.2753,0.076,0,UP,4.0,0.0,48,12,51,-60.7,17.402,5.328,0,2,0,7,0,426.0,0.0,0,0,LOAD_SHED,LOAD_SHED,0,1,54.82,92.0,48.4991,48.3104,2.1036,3.7307,3.7307,3.71619,3.71619,0.0,23.3,142.273,3,37.255,,DISCHARGE,0.0,0,,SYNTHETIC,0
doe-000,0,608,2026-09-03T09:10:08Z,2026-09-03T09:10:09Z,2026-09-03T09:10:08Z,2026-09-03T09:10:09Z,site_b,SIM,synthetic_demo,B-WAN-1,UP,1000.0,76.4293,76.78,0.0,23.24,1.6205,0.118,0,UP,4.0,0.0,6,6,23,-61.9,17.25,4.975,0,2,0,32,0,56.0,0.0,0,0,,,,,,,,,,,,,,,,,,,,,0.0,0,,SYNTHETIC,0
doe-000,0,609,2026-09-03T09:10:09Z,2026-09-03T09:10:10Z,2026-09-03T09:10:09Z,2026-09-03T09:10:10Z,site_a,SIM,synthetic_demo,A-WAN-1,UP,1000.0,257.6594,258.67,0.0,18.82,2.9873,0.1,0,UP,4.0,0.0,48,12,55,-62.5,18.967,6.27,0,2,0,7,0,362.0,0.0,0,0,LOAD_SHED,LOAD_SHED,0,1,,92.0,48.499,48.3105,2.1017,3.73069,3.73069,3.71619,3.71619,0.0,23.2,142.145,3,37.256,,DISCHARGE,0.0,0,,SYNTHETIC|GAP|MISSING_MCAR,0
doe-000,0,609,2026-09-03T09:10:09Z,2026-09-03T09:10:10Z,2026-09-03T09:10:09Z,2026-09-03T09:10:10Z,site_b,SIM,synthetic_demo,B-WAN-1,UP,1000.0,73.7009,73.48,0.0,22.25,1.5017,0.119,0,UP,4.0,0.0,6,6,35,-60.0,21.323,5.844,0,0,0,32,0,58.0,0.0,0,0,,,,,,,,,,,,,,,,,,,,,0.0,0,,SYNTHETIC,0
doe-000,0,610,2026-09-03T09:10:10Z,2026-09-03T09:10:11Z,2026-09-03T09:10:10Z,2026-09-03T09:10:11Z,site_a,SIM,synthetic_demo,A-WAN-1,UP,1000.0,235.4456,235.63,0.0,16.74,0.192,0.073,0,UP,4.0,0.0,48,12,102,-61.7,22.566,7.441,0,5,0,7,0,546.0,0.0,0,0,LOAD_SHED,LOAD_SHED,0,1,54.67,92.0,48.4989,48.3101,2.1051,3.73068,3.73068,3.71616,3.71616,0.0,23.3,142.373,3,37.251,,DISCHARGE,0.0,0,,SYNTHETIC,0
doe-000,0,610,2026-09-03T09:10:10Z,2026-09-03T09:10:11Z,2026-09-03T09:10:10Z,2026-09-03T09:10:11Z,site_b,SIM,synthetic_demo,B-WAN-1,UP,1000.0,82.7357,83.28,0.0,23.05,1.9042,0.119,0,UP,4.0,0.0,6,6,33,-61.9,18.223,5.397,0,1,0,32,0,52.0,0.0,0,0,,,,,,,,,,,,,,,,,,,,,0.0,0,,SYNTHETIC,0
doe-000,0,611,2026-09-03T09:10:11Z,2026-09-03T09:10:12Z,2026-09-03T09:10:11Z,2026-09-03T09:10:12Z,site_a,SIM,synthetic_demo,A-WAN-1,UP,1000.0,264.8214,265.45,0.0,17.32,1.5538,0.061,0,UP,4.0,0.0,48,12,38,-60.7,17.011,4.424,0,2,0,7,0,393.0,0.0,0,0,LOAD_SHED,LOAD_SHED,0,1,54.75,92.0,48.4988,48.3089,2.1171,3.73068,3.73068,3.71607,3.71607,0.0,23.3,143.181,3,37.233,,DISCHARGE,0.0,0,,SYNTHETIC,0
doe-000,0,611,2026-09-03T09:10:11Z,2026-09-03T09:10:12Z,2026-09-03T09:10:11Z,2026-09-03T09:10:12Z,site_b,SIM,synthetic_demo,B-WAN-1,UP,1000.0,77.2943,76.81,0.0,21.3,0.171,0.098,0,UP,4.0,0.0,6,6,70,-60.9,28.772,8.536,1,0,0,32,0,46.0,0.0,0,0,,,,,,,,,,,,,,,,,,,,,0.0,0,,SYNTHETIC,0
doe-000,0,612,2026-09-03T09:10:12Z,2026-09-03T09:10:13Z,2026-09-03T09:10:12Z,2026-09-03T09:10:13Z,site_a,SIM,synthetic_demo,A-WAN-1,UP,1000.0,292.5589,292.26,0.0,17.41,1.4106,0.081,0,UP,4.0,0.0,48,12,41,-63.1,15.788,4.576,1,3,0,7,0,373.0,0.0,0,0,LOAD_SHED,LOAD_SHED,0,1,54.78,92.0,48.4987,48.304,2.1703,3.73067,3.73067,3.71569,3.71569,0.0,23.2,146.766,3,37.157,,DISCHARGE,0.0,0,,SYNTHETIC,0
doe-000,0,612,2026-09-03T09:10:12Z,2026-09-03T09:10:13Z,2026-09-03T09:10:12Z,2026-09-03T09:10:13Z,site_b,SIM,synthetic_demo,B-WAN-1,UP,1000.0,64.104,64.22,0.0,24.39,3.5256,0.113,0,UP,4.0,0.0,6,6,36,-62.9,21.441,6.636,1,0,0,32,0,43.0,0.0,0,0,,,,,,,,,,,,,,,,,,,,,0.0,0,,SYNTHETIC,0
doe-000,0,613,2026-09-03T09:10:13Z,2026-09-03T09:10:14Z,2026-09-03T09:10:13Z,2026-09-03T09:10:14Z,site_a,SIM,synthetic_demo,A-WAN-1,UP,1000.0,230.4519,231.61,0.0,17.84,1.4196,0.121,0,UP,4.0,0.0,48,12,55,-63.3,18.859,5.774,0,2,0,7,0,277.0,0.0,0,0,LOAD_SHED,LOAD_SHED,0,1,54.81,92.0,48.4986,48.308,2.1245,3.73066,3.73066,3.716,3.716,0.0,23.4,143.681,3,37.221,,DISCHARGE,0.0,0,,SYNTHETIC,0
doe-000,0,613,2026-09-03T09:10:13Z,2026-09-03T09:10:14Z,2026-09-03T09:10:13Z,2026-09-03T09:10:14Z,site_b,SIM,synthetic_demo,B-WAN-1,UP,1000.0,68.6584,68.09,0.0,21.52,0.6726,0.129,0,UP,4.0,0.0,6,6,41,-61.9,21.215,6.634,0,2,0,32,0,51.0,0.0,0,0,,,,,,,,,,,,,,,,,,,,,0.0,0,,SYNTHETIC,0
doe-000,0,614,2026-09-03T09:10:14Z,2026-09-03T09:10:15Z,2026-09-03T09:10:14Z,2026-09-03T09:10:15Z,site_a,SIM,synthetic_demo,A-WAN-1,UP,1000.0,348.6593,348.78,0.0,16.88,0.9564,0.098,0,UP,4.0,0.0,48,12,82,-62.4,22.868,6.4,0,3,0,7,0,531.0,0.0,0,0,LOAD_SHED,LOAD_SHED,0,1,54.82,92.0,48.4985,48.3143,2.053,3.73065,3.73065,3.71648,3.71648,0.0,23.3,138.866,3,37.321,,DISCHARGE,0.0,0,,SYNTHETIC,0
doe-000,0,614,2026-09-03T09:10:14Z,2026-09-03T09:10:15Z,2026-09-03T09:10:14Z,2026-09-03T09:10:15Z,site_b,SIM,synthetic_demo,B-WAN-1,UP,1000.0,85.7527,85.39,0.0,22.89,2.0212,0.132,0,UP,4.0,0.0,6,6,44,-64.4,21.972,7.224,0,0,0,32,0,57.0,0.0,0,0,,,,,,,,,,,,,,,,,,,,,0.0,0,,SYNTHETIC,0
doe-000,0,615,2026-09-03T09:10:15Z,2026-09-03T09:10:16Z,2026-09-03T09:10:15Z,2026-09-03T09:10:16Z,site_a,SIM,synthetic_demo,A-WAN-1,UP,1000.0,234.2004,234.53,0.0,18.58,2.3735,0.094,0,UP,4.0,0.0,48,12,80,-60.8,20.15,6.335,1,2,0,7,0,490.0,0.0,0,0,LOAD_SHED,LOAD_SHED,0,1,54.87,92.0,48.4983,48.3092,2.1082,3.73064,3.73064,3.7161,3.7161,0.0,23.3,142.581,3,37.242,,DISCHARGE,0.0,0,,SYNTHETIC,0
doe-000,0,615,2026-09-03T09:10:15Z,2026-09-03T09:10:16Z,2026-09-03T09:10:15Z,2026-09-03T09:10:16Z,site_b,SIM,synthetic_demo,B-WAN-1,UP,1000.0,87.4829,86.84,0.0,24.15,2.5828,0.108,0,UP,4.0,0.0,6,6,48,-59.3,24.241,6.486,0,0,0,32,0,47.0,0.0,0,0,,,,,,,,,,,,,,,,,,,,,0.0,0,,SYNTHETIC,0
doe-000,0,616,2026-09-03T09:10:16Z,2026-09-03T09:10:17Z,2026-09-03T09:10:16Z,2026-09-03T09:10:17Z,site_a,SIM,synthetic_demo,A-WAN-1,UP,1000.0,239.5034,239.27,0.0,16.41,0.6377,0.066,0,UP,4.0,0.0,48,12,66,-62.7,20.176,5.751,0,3,0,7,0,351.0,0.0,0,0,LOAD_SHED,LOAD_SHED,0,1,54.8,92.0,48.4982,48.3058,2.1449,3.73063,3.73063,3.71583,3.71583,0.0,23.3,145.055,3,37.189,,DISCHARGE,0.0,0,,SYNTHETIC,0
doe-000,0,616,2026-09-03T09:10:16Z,2026-09-03T09:10:17Z,2026-09-03T09:10:16Z,2026-09-03T09:10:17Z,site_b,SIM,synthetic_demo,B-WAN-1,UP,1000.0,66.1279,66.67,0.0,21.29,0.8753,0.081,0,UP,4.0,0.0,6,6,76,-62.2,29.756,9.28,0,1,0,32,0,38.0,0.0,0,0,,,,,,,,,,,,,,,,,,,,,0.0,0,,SYNTHETIC,0
doe-000,0,617,2026-09-03T09:10:17Z,2026-09-03T09:10:18Z,2026-09-03T09:10:17Z,2026-09-03T09:10:18Z,site_a,SIM,synthetic_demo,A-WAN-1,UP,1000.0,262.101,261.48,0.0,18.12,1.8642,0.12,0,UP,4.0,0.0,48,12,49,-63.1,17.668,5.459,0,3,0,7,0,374.0,0.0,0,0,LOAD_SHED,LOAD_SHED,0,1,54.87,92.0,48.4981,48.3082,2.1177,3.73062,3.73062,3.71601,3.71601,0.0,23.3,143.222,3,37.227,,DISCHARGE,0.0,0,,SYNTHETIC,0
doe-000,0,617,2026-09-03T09:10:17Z,2026-09-03T09:10:18Z,2026-09-03T09:10:17Z,2026-09-03T09:10:18Z,site_b,SIM,synthetic_demo,B-WAN-1,UP,1000.0,72.9489,73.35,0.0,23.66,2.122,0.109,0,UP,4.0,0.0,6,6,34,-63.6,19.376,6.248,0,1,0,32,0,50.0,0.0,0,0,,,,,,,,,,,,,,,,,,,,,0.0,0,,SYNTHETIC,0
doe-000,0,618,2026-09-03T09:10:18Z,2026-09-03T09:10:19Z,2026-09-03T09:10:18Z,2026-09-03T09:10:19Z,site_a,SIM,synthetic_demo,A-WAN-1,UP,1000.0,211.9777,212.49,0.0,17.82,1.4784,0.096,0,UP,4.0,0.0,48,12,53,-61.8,17.116,5.477,0,2,0,7,0,262.0,0.0,0,0,LOAD_SHED,LOAD_SHED,0,1,54.82,92.0,48.498,48.305,2.1522,3.73062,3.73062,3.71577,3.71577,0.0,23.3,145.542,3,37.177,,DISCHARGE,0.0,0,,SYNTHETIC,0
doe-000,0,618,2026-09-03T09:10:18Z,2026-09-03T09:10:19Z,2026-09-03T09:10:18Z,2026-09-03T09:10:19Z,site_b,SIM,synthetic_demo,B-WAN-1,UP,1000.0,72.6383,73.25,0.0,21.05,0.3852,0.126,0,UP,4.0,0.0,6,6,17,-62.6,15.302,4.871,0,0,0,32,0,63.0,0.0,0,0,,,,,,,,,,,,,,,,,,,,,0.0,0,,SYNTHETIC,0
doe-000,0,619,2026-09-03T09:10:19Z,2026-09-03T09:10:20Z,2026-09-03T09:10:19Z,2026-09-03T09:10:20Z,site_a,SIM,synthetic_demo,A-WAN-1,UP,1000.0,297.2674,297.63,0.0,16.71,0.9319,0.103,0,UP,4.0,0.0,48,12,52,-62.2,16.847,5.598,0,2,0,7,0,371.0,0.0,0,0,LOAD_SHED,LOAD_SHED,0,1,54.83,92.0,48.4979,48.3077,2.1206,3.73061,3.73061,3.71598,3.71598,0.0,23.4,143.419,3,37.221,,DISCHARGE,0.0,0,,SYNTHETIC,0
doe-000,0,619,2026-09-03T09:10:19Z,2026-09-03T09:10:20Z,2026-09-03T09:10:19Z,2026-09-03T09:10:20Z,site_b,SIM,synthetic_demo,B-WAN-1,UP,1000.0,60.4814,61.46,0.0,22.34,0.8544,0.09,0,UP,4.0,0.0,6,6,52,-61.5,24.725,7.899,0,1,0,32,0,60.0,0.0,0,0,,,,,,,,,,,,,,,,,,,,,0.0,0,,SYNTHETIC,0
doe-000,0,620,2026-09-03T09:10:20Z,2026-09-03T09:10:21Z,2026-09-03T09:10:20Z,2026-09-03T09:10:21Z,site_a,SIM,synthetic_demo,A-WAN-1,UP,1000.0,210.8384,210.82,0.0,17.37,1.9014,0.108,0,UP,4.0,0.0,48,48,194,-61.1,17.493,5.212,0,5,0,7,0,236.0,0.0,0,0,LOAD_SHED,BATTERY,0,1,54.72,92.0,48.4128,48.2181,2.17,3.6456,3.7306,3.63063,3.71563,85.0,23.3,146.488,,451.105,,DISCHARGE,0.0,0,,SYNTHETIC,0
doe-000,0,620,2026-09-03T09:10:20Z,2026-09-03T09:10:21Z,2026-09-03T09:10:20Z,2026-09-03T09:10:21Z,site_b,SIM,synthetic_demo,B-WAN-1,UP,1000.0,64.2164,64.19,0.0,22.61,1.5529,0.079,0,UP,4.0,0.0,6,6,63,-63.7,28.31,8.707,0,1,0,32,0,50.0,0.0,0,1,,,,,,,,,,,,,,,,,,,,,0.25,0,,SYNTHETIC,0
doe-000,0,621,2026-09-03T09:10:21Z,2026-09-03T09:10:22Z,2026-09-03T09:10:21Z,2026-09-03T09:10:22Z,site_a,SIM,synthetic_demo,A-WAN-1,UP,1000.0,243.716,243.73,0.0,18.48,1.7805,0.059,0,UP,4.0,0.0,48,48,148,-62.4,16.36,4.888,1,0,0,7,0,228.0,0.0,0,0,BATTERY,BATTERY,0,1,54.68,92.0,48.4116,45.9397,27.5575,3.64551,3.73051,3.45536,3.54036,85.0,23.4,1772.102,,37.289,OCP_DSG,DISCHARGE,0.0,0,,SYNTHETIC,0
doe-000,0,621,2026-09-03T09:10:21Z,2026-09-03T09:10:22Z,2026-09-03T09:10:21Z,2026-09-03T09:10:22Z,site_b,SIM,synthetic_demo,B-WAN-1,UP,1000.0,68.2662,68.13,0.0,22.29,0.7815,0.079,0,UP,4.0,0.0,6,6,42,-62.2,20.678,6.649,0,0,0,32,0,73.0,0.0,0,0,,,,,,,,,,,,,,,,,,,,,0.0,0,,SYNTHETIC,0
doe-000,0,622,2026-09-03T09:10:22Z,2026-09-03T09:10:23Z,2026-09-03T09:10:22Z,2026-09-03T09:10:23Z,site_a,SIM,synthetic_demo,A-WAN-1,UP,1000.0,254.8165,255.48,0.0,17.17,1.1061,0.102,0,UP,4.0,0.0,48,12,77,-62.0,20.466,6.226,1,1,0,7,0,304.0,0.0,0,0,BATTERY,LOAD_SHED,0,1,54.88,92.0,48.4115,48.2162,2.1774,3.6455,3.7305,3.63047,3.71547,85.0,23.4,146.979,3,37.134,,DISCHARGE,0.0,0,,SYNTHETIC,0
doe-000,0,622,2026-09-03T09:10:22Z,2026-09-03T09:10:23Z,2026-09-03T09:10:22Z,2026-09-03T09:10:23Z,site_b,SIM,synthetic_demo,B-WAN-1,UP,1000.0,95.6513,96.66,0.0,21.49,0.9977,0.103,0,UP,4.0,0.0,6,6,73,-63.4,27.851,8.564,0,0,0,32,0,52.0,0.0,0,0,,,,,,,,,,,,,,,,,,,,,0.0,0,,SYNTHETIC,0
doe-000,0,623,2026-09-03T09:10:23Z,2026-09-03T09:10:24Z,2026-09-03T09:10:23Z,2026-09-03T09:10:24Z,site_a,SIM,synthetic_demo,A-WAN-1,UP,1000.0,334.4161,334.76,0.0,18.44,2.3062,0.086,0,UP,4.0,0.0,48,12,52,-62.9,18.162,5.59,0,1,0,7,0,337.0,0.0,0,0,LOAD_SHED,LOAD_SHED,0,1,54.79,92.0,48.4114,48.2252,2.0754,3.64549,3.73049,3.63117,3.71617,85.0,23.4,140.121,3,37.277,,DISCHARGE,0.0,0,,SYNTHETIC,0
doe-000,0,623,2026-09-03T09:10:23Z,2026-09-03T09:10:24Z,2026-09-03T09:10:23Z,2026-09-03T09:10:24Z,site_b,SIM,synthetic_demo,B-WAN-1,UP,1000.0,78.4057,79.28,0.0,21.09,0.6933,0.103,0,UP,4.0,0.0,6,6,35,-60.9,20.514,5.805,1,0,0,32,0,73.0,0.0,0,0,,,,,,,,,,,,,,,,,,,,,0.0,0,,SYNTHETIC,0
doe-000,0,624,2026-09-03T09:10:24Z,2026-09-03T09:10:25Z,2026-09-03T09:10:24Z,2026-09-03T09:10:25Z,site_a,SIM,synthetic_demo,A-WAN-1,UP,1000.0,236.8471,237.4,0.0,16.92,0.9756,0.087,0,UP,4.0,0.0,48,12,97,-63.1,22.865,7.776,0,2,0,7,0,280.0,0.0,0,0,LOAD_SHED,LOAD_SHED,0,1,54.7,92.0,48.4113,48.2247,2.0798,3.64548,3.73048,3.63113,3.71613,85.0,23.4,140.416,3,37.27,,DISCHARGE,0.0,0,,SYNTHETIC,0
doe-000,0,624,2026-09-03T09:10:24Z,2026-09-03T09:10:25Z,2026-09-03T09:10:24Z,2026-09-03T09:10:25Z,site_b,SIM,synthetic_demo,B-WAN-1,UP,1000.0,67.7126,67.48,0.0,20.88,0.6115,0.115,0,UP,4.0,0.0,6,6,79,-60.3,29.59,9.375,0,1,0,32,0,74.0,0.0,0,0,,,,,,,,,,,,,,,,,,,,,0.0,0,,SYNTHETIC,0
doe-000,0,625,2026-09-03T09:10:25Z,2026-09-03T09:10:26Z,2026-09-03T09:10:25Z,2026-09-03T09:10:26Z,site_a,SIM,synthetic_demo,A-WAN-1,UP,1000.0,242.8197,241.79,0.0,16.91,1.2434,0.05,0,UP,4.0,0.0,48,12,61,-60.5,18.428,4.874,0,0,0,7,0,240.0,0.0,0,0,LOAD_SHED,LOAD_SHED,0,1,54.81,92.0,48.4111,48.2249,2.0758,3.64547,3.73047,3.63115,3.71615,85.0,23.4,140.147,3,37.275,,DISCHARGE,0.0,0,,SYNTHETIC,0
doe-000,0,625,2026-09-03T09:10:25Z,2026-09-03T09:10:26Z,2026-09-03T09:10:25Z,2026-09-03T09:10:26Z,site_b,SIM,synthetic_demo,B-WAN-1,UP,1000.0,79.0083,78.87,0.0,21.3,0.0048,0.085,0,UP,4.0,0.0,6,6,48,-61.1,22.292,6.919,0,0,0,32,0,69.0,0.0,0,0,,,,,,,,,,,,,,,,,,,,,0.0,0,,SYNTHETIC,0
doe-000,0,626,2026-09-03T09:10:26Z,2026-09-03T09:10:27Z,2026-09-03T09:10:26Z,2026-09-03T09:10:27Z,site_a,SIM,synthetic_demo,A-WAN-1,UP,1000.0,218.3166,217.74,0.0,16.2,0.0379,0.043,0,UP,4.0,0.0,48,12,54,-59.8,17.876,5.449,0,0,0,7,0,462.0,0.0,0,0,LOAD_SHED,LOAD_SHED,0,1,54.87,92.0,48.411,48.2197,2.1326,3.64546,3.73046,3.63075,3.71575,85.0,23.4,143.968,3,37.193,,DISCHARGE,0.0,0,,SYNTHETIC,0
doe-000,0,626,2026-09-03T09:10:26Z,2026-09-03T09:10:27Z,2026-09-03T09:10:26Z,2026-09-03T09:10:27Z,site_b,SIM,synthetic_demo,B-WAN-1,UP,1000.0,103.6469,103.32,0.0,21.32,0.2743,0.122,0,UP,4.0,0.0,6,6,65,-65.0,27.207,9.17,0,1,0,32,0,50.0,0.0,0,0,,,,,,,,,,,,,,,,,,,,,0.0,0,,SYNTHETIC,0
doe-000,0,627,2026-09-03T09:10:27Z,2026-09-03T09:10:28Z,2026-09-03T09:10:27Z,2026-09-03T09:10:28Z,site_a,SIM,synthetic_demo,A-WAN-1,UP,1000.0,230.4631,230.85,0.0,18.51,1.5314,0.067,0,UP,4.0,0.0,48,12,49,-61.5,19.131,4.866,0,0,0,7,0,386.0,0.0,0,0,LOAD_SHED,LOAD_SHED,0,1,54.75,92.0,48.4109,48.2227,2.0981,3.64546,3.73046,3.63098,3.71598,85.0,23.1,141.645,3,37.241,,DISCHARGE,0.0,0,,SYNTHETIC,0
doe-000,0,627,2026-09-03T09:10:27Z,2026-09-03T09:10:28Z,2026-09-03T09:10:27Z,2026-09-03T09:10:28Z,site_b,SIM,synthetic_demo,B-WAN-1,UP,1000.0,74.4896,74.82,0.0,22.45,1.5763,0.127,0,UP,4.0,0.0,6,6,37,-61.0,18.883,6.016,0,0,0,32,0,47.0,0.0,0,0,,,,,,,,,,,,,,,,,,,,,0.0,0,,SYNTHETIC,0
doe-000,0,628,2026-09-03T09:10:28Z,2026-09-03T09:10:29Z,2026-09-03T09:10:28Z,2026-09-03T09:10:29Z,site_a,SIM,synthetic_demo,A-WAN-1,UP,1000.0,225.7195,225.53,0.0,16.77,0.7033,0.069,0,UP,4.0,0.0,48,12,42,-62.5,16.236,5.252,0,2,0,7,0,277.0,0.0,0,0,LOAD_SHED,LOAD_SHED,0,1,54.86,92.0,48.4108,48.219,2.1383,3.64545,3.73045,3.63069,3.71569,85.0,23.3,144.346,3,37.184,,DISCHARGE,0.0,0,,SYNTHETIC,0
doe-000,0,628,2026-09-03T09:10:28Z,2026-09-03T09:10:29Z,2026-09-03T09:10:28Z,2026-09-03T09:10:29Z,site_b,SIM,synthetic_demo,B-WAN-1,UP,1000.0,69.4975,70.02,0.0,22.07,1.2939,0.1,0,UP,4.0,0.0,6,6,39,-63.9,21.446,6.229,0,1,0,32,0,62.0,0.0,0,0,,,,,,,,,,,,,,,,,,,,,0.0,0,,SYNTHETIC,0
doe-000,0,629,2026-09-03T09:10:29Z,2026-09-03T09:10:30Z,2026-09-03T09:10:29Z,2026-09-03T09:10:30Z,site_a,SIM,synthetic_demo,A-WAN-1,UP,1000.0,249.9149,250.45,0.0,16.45,0.0333,0.125,0,UP,4.0,0.0,48,12,58,-62.0,19.311,5.716,0,1,0,7,0,308.0,0.0,0,0,LOAD_SHED,LOAD_SHED,0,1,54.71,92.0,48.4107,48.2142,2.1907,3.64544,3.73044,3.63032,3.71532,85.0,23.3,147.872,3,37.109,,DISCHARGE,0.0,0,,SYNTHETIC,0
doe-000,0,629,2026-09-03T09:10:29Z,2026-09-03T09:10:30Z,2026-09-03T09:10:29Z,2026-09-03T09:10:30Z,site_b,SIM,synthetic_demo,B-WAN-1,UP,1000.0,84.9084,84.32,0.0,23.54,3.0365,0.119,0,UP,4.0,0.0,6,6,122,-61.3,40.596,12.084,0,0,0,32,0,36.0,0.0,0,0,,,,,,,,,,,,,,,,,,,,,0.0,0,,SYNTHETIC,0
doe-000,0,630,2026-09-03T09:10:30Z,2026-09-03T09:10:31Z,2026-09-03T09:10:30Z,2026-09-03T09:10:31Z,site_a,SIM,synthetic_demo,A-WAN-1,UP,1000.0,248.5121,248.57,0.0,16.53,0.5697,0.045,0,UP,4.0,0.0,48,12,58,-61.9,19.421,5.933,0,2,0,7,0,302.0,0.0,0,0,LOAD_SHED,LOAD_SHED,0,1,54.72,92.0,48.4106,48.2221,2.1019,3.64543,3.73043,3.63093,3.71593,85.0,23.4,141.897,3,37.233,,DISCHARGE,0.0,0,,SYNTHETIC,0
doe-000,0,630,2026-09-03T09:10:30Z,2026-09-03T09:10:31Z,2026-09-03T09:10:30Z,2026-09-03T09:10:31Z,site_b,SIM,synthetic_demo,B-WAN-1,UP,1000.0,70.1479,69.36,0.0,23.71,2.2436,0.109,0,UP,4.0,0.0,6,6,38,-62.8,20.329,6.065,0,0,0,32,0,57.0,0.0,0,0,,,,,,,,,,,,,,,,,,,,,0.0,0,,SYNTHETIC,0
doe-000,0,631,2026-09-03T09:10:31Z,2026-09-03T09:10:32Z,2026-09-03T09:10:31Z,2026-09-03T09:10:32Z,site_a,SIM,synthetic_demo,A-WAN-1,UP,1000.0,250.8521,250.99,0.0,19.88,3.7704,0.106,0,UP,4.0,0.0,48,12,44,-62.6,19.13,5.026,0,0,0,7,0,307.0,0.0,0,0,LOAD_SHED,LOAD_SHED,0,1,,92.0,48.4105,48.2184,2.1419,3.64542,3.73042,3.63064,3.71564,85.0,23.4,144.592,3,37.176,,DISCHARGE,0.0,0,,SYNTHETIC|GAP|MISSING_MAR,0
doe-000,0,631,2026-09-03T09:10:31Z,2026-09-03T09:10:32Z,2026-09-03T09:10:31Z,2026-09-03T09:10:32Z,site_b,SIM,synthetic_demo,B-WAN-1,UP,1000.0,78.7989,79.08,0.0,24.0,2.823,0.105,0,UP,4.0,0.0,6,6,54,-62.4,25.42,7.805,0,0,0,32,0,48.0,0.0,0,0,,,,,,,,,,,,,,,,,,,,,0.0,0,,SYNTHETIC,0
doe-000,0,632,2026-09-03T09:10:32Z,2026-09-03T09:10:33Z,2026-09-03T09:10:32Z,2026-09-03T09:10:33Z,site_a,SIM,synthetic_demo,A-WAN-1,UP,1000.0,286.1066,285.26,0.0,19.29,2.82,0.092,0,UP,4.0,0.0,48,12,51,-60.7,18.171,5.749,0,1,0,7,0,303.0,0.0,0,0,LOAD_SHED,LOAD_SHED,0,1,54.83,92.0,48.4104,48.223,2.0888,3.64541,3.73041,3.631,3.716,85.0,23.3,141.017,3,37.25,,DISCHARGE,0.0,0,,SYNTHETIC,0
doe-000,0,632,2026-09-03T09:10:32Z,2026-09-03T09:10:33Z,2026-09-03T09:10:32Z,2026-09-03T09:10:33Z,site_b,SIM,synthetic_demo,B-WAN-1,UP,1000.0,90.4016,90.15,0.0,21.76,0.9658,0.134,0,UP,4.0,0.0,6,6,44,-62.2,21.755,6.564,1,1,0,32,0,78.0,0.0,0,0,,,,,,,,,,,,,,,,,,,,,0.0,0,,SYNTHETIC,0
doe-000,0,633,2026-09-03T09:10:33Z,2026-09-03T09:10:34Z,2026-09-03T09:10:33Z,2026-09-03T09:10:34Z,site_a,SIM,synthetic_demo,A-WAN-1,UP,1000.0,211.3301,212.03,0.0,16.32,0.5003,0.088,0,UP,4.0,0.0,48,12,54,-62.1,19.064,5.335,0,0,0,7,0,249.0,0.0,0,0,LOAD_SHED,LOAD_SHED,0,1,54.79,92.0,48.4103,48.2184,2.1386,3.64541,3.73041,3.63065,3.71565,85.0,23.3,144.364,3,37.179,,DISCHARGE,0.0,0,,SYNTHETIC,0
doe-000,0,633,2026-09-03T09:10:33Z,2026-09-03T09:10:34Z,2026-09-03T09:10:33Z,2026-09-03T09:10:34Z,site_b,SIM,synthetic_demo,B-WAN-1,UP,1000.0,79.523,79.97,0.0,21.58,0.4569,0.102,0,UP,4.0,0.0,6,6,83,-60.9,30.435,9.418,0,0,0,32,0,60.0,0.0,0,0,,,,,,,,,,,,,,,,,,,,,0.0,0,,SYNTHETIC,0
doe-000,0,634,2026-09-03T09:10:34Z,2026-09-03T09:10:35Z,2026-09-03T09:10:34Z,2026-09-03T09:10:35Z,site_a,SIM,synthetic_demo,A-WAN-1,UP,1000.0,245.0804,245.39,0.0,18.17,2.4036,,0,UP,4.0,0.0,48,12,57,-63.1,17.003,5.829,0,0,0,7,0,430.0,0.0,0,0,LOAD_SHED,LOAD_SHED,0,1,54.75,92.0,48.4102,48.2234,2.0822,3.6454,3.7304,3.63103,3.71603,85.0,23.3,140.573,3,37.258,,DISCHARGE,0.0,0,,SYNTHETIC|GAP|MISSING_MCAR,0
doe-000,0,634,2026-09-03T09:10:34Z,2026-09-03T09:10:35Z,2026-09-03T09:10:34Z,2026-09-03T09:10:35Z,site_b,SIM,synthetic_demo,B-WAN-1,UP,1000.0,81.6423,81.63,0.0,21.59,0.0911,0.105,0,UP,4.0,0.0,6,6,76,-62.1,29.363,9.16,1,0,0,32,0,46.0,0.0,0,0,,,,,,,,,,,,,,,,,,,,,0.0,0,,SYNTHETIC,0
doe-000,0,635,2026-09-03T09:10:35Z,2026-09-03T09:10:36Z,2026-09-03T09:10:35Z,2026-09-03T09:10:36Z,site_a,SIM,synthetic_demo,A-WAN-1,UP,1000.0,241.4131,242.03,0.0,16.32,1.3343,0.047,0,UP,4.0,0.0,48,12,53,-61.4,17.858,5.422,1,1,0,7,0,476.0,0.0,0,0,LOAD_SHED,LOAD_SHED,0,1,54.81,92.0,48.41,48.2168,2.1541,3.64539,3.73039,3.63053,3.71553,85.0,23.4,145.406,3,37.156,,DISCHARGE,0.0,0,,SYNTHETIC,0
doe-000,0,635,2026-09-03T09:10:35Z,2026-09-03T09:10:36Z,2026-09-03T09:10:35Z,2026-09-03T09:10:36Z,site_b,SIM,synthetic_demo,B-WAN-1,UP,1000.0,76.1096,77.62,0.0,21.79,1.2278,0.126,0,UP,4.0,0.0,6,6,38,-63.3,22.937,6.252,0,0,0,32,0,57.0,0.0,0,0,,,,,,,,,,,,,,,,,,,,,0.0,0,,SYNTHETIC,0
doe-000,0,636,2026-09-03T09:10:36Z,2026-09-03T09:10:37Z,2026-09-03T09:10:36Z,2026-09-03T09:10:37Z,site_a,SIM,synthetic_demo,A-WAN-1,UP,1000.0,398.6501,398.08,0.0,18.62,2.7692,0.064,0,UP,4.0,0.0,48,12,73,-60.3,20.609,5.693,1,1,0,7,0,536.0,0.0,0,0,LOAD_SHED,LOAD_SHED,0,1,54.7,92.0,48.4099,48.2217,2.099,3.64538,3.73038,3.6309,3.7159,85.0,23.3,141.703,3,37.232,,DISCHARGE,0.0,0,,SYNTHETIC,0
doe-000,0,636,2026-09-03T09:10:36Z,2026-09-03T09:10:37Z,2026-09-03T09:10:36Z,2026-09-03T09:10:37Z,site_b,SIM,synthetic_demo,B-WAN-1,UP,1000.0,75.573,77.45,0.0,23.19,1.938,0.111,0,UP,4.0,0.0,6,6,47,-64.6,23.574,6.948,0,0,0,32,0,29.0,0.0,0,0,,,,,,,,,,,,,,,,,,,,,0.0,0,,SYNTHETIC,0
doe-000,0,637,2026-09-03T09:10:37Z,2026-09-03T09:10:38Z,2026-09-03T09:10:37Z,2026-09-03T09:10:38Z,site_a,SIM,synthetic_demo,A-WAN-1,UP,1000.0,227.0042,225.88,0.0,17.5,0.9436,0.081,0,UP,4.0,0.0,48,48,216,-62.1,18.001,5.193,2,4,0,7,0,531.0,0.0,0,0,LOAD_SHED,BATTERY,0,1,54.76,92.0,48.4098,48.2217,2.0974,3.64537,3.73037,3.6309,3.7159,85.0,23.2,141.594,,466.384,,DISCHARGE,0.0,0,,SYNTHETIC,0
doe-000,0,637,2026-09-03T09:10:37Z,2026-09-03T09:10:38Z,2026-09-03T09:10:37Z,2026-09-03T09:10:38Z,site_b,SIM,synthetic_demo,B-WAN-1,UP,1000.0,71.8606,71.47,0.0,23.47,2.8121,0.109,0,UP,4.0,0.0,6,6,34,-60.7,20.771,5.686,0,0,0,32,0,33.0,0.0,0,0,,,,,,,,,,,,,,,,,,,,,0.0,0,,SYNTHETIC,0
doe-000,0,638,2026-09-03T09:10:38Z,2026-09-03T09:10:39Z,2026-09-03T09:10:38Z,2026-09-03T09:10:39Z,site_a,SIM,synthetic_demo,A-WAN-1,UP,1000.0,238.5679,,0.0,16.35,0.2158,0.092,0,UP,4.0,0.0,48,48,165,-61.7,17.21,5.206,1,5,0,7,0,284.0,0.0,0,0,BATTERY,BATTERY,0,1,54.72,92.0,48.4086,45.9357,27.5692,3.64528,3.73028,3.45505,3.54005,85.0,23.4,1772.698,,37.252,OCP_DSG,DISCHARGE,0.0,0,,SYNTHETIC|GAP|MISSING_MAR,0
doe-000,0,638,2026-09-03T09:10:38Z,2026-09-03T09:10:39Z,2026-09-03T09:10:38Z,2026-09-03T09:10:39Z,site_b,SIM,synthetic_demo,B-WAN-1,UP,1000.0,181.1662,180.87,0.0,22.42,1.2492,0.095,0,UP,4.0,0.0,6,6,82,-60.4,28.623,9.046,0,0,0,32,0,59.0,0.0,0,0,,,,,,,,,,,,,,,,,,,,,0.0,0,,SYNTHETIC,0
doe-000,0,639,2026-09-03T09:10:39Z,2026-09-03T09:10:40Z,2026-09-03T09:10:39Z,2026-09-03T09:10:40Z,site_a,SIM,synthetic_demo,A-WAN-1,UP,1000.0,299.4623,299.1,0.0,17.67,1.64,0.107,0,UP,4.0,0.0,48,12,54,-61.2,17.235,5.049,1,4,0,7,0,450.0,0.0,0,0,BATTERY,LOAD_SHED,0,1,54.74,92.0,48.4085,48.218,2.1233,3.64527,3.73027,3.63062,3.71562,85.0,23.3,143.333,3,37.185,,DISCHARGE,0.0,0,,SYNTHETIC,0
doe-000,0,639,2026-09-03T09:10:39Z,2026-09-03T09:10:40Z,2026-09-03T09:10:39Z,2026-09-03T09:10:40Z,site_b,SIM,synthetic_demo,B-WAN-1,UP,1000.0,70.2021,70.85,0.0,22.38,1.1328,0.095,0,UP,4.0,0.0,6,6,22,-63.0,18.302,5.0,0,0,0,32,0,42.0,0.0,0,0,,,,,,,,,,,,,,,,,,,,,0.0,0,,SYNTHETIC,0
doe-000,0,640,2026-09-03T09:10:40Z,2026-09-03T09:10:41Z,2026-09-03T09:10:40Z,2026-09-03T09:10:41Z,site_a,SIM,synthetic_demo,A-WAN-1,UP,1000.0,344.3882,344.12,0.0,18.39,2.8396,0.078,0,UP,4.0,0.0,48,12,101,-62.4,23.817,7.303,0,3,0,7,0,440.0,0.0,0,0,LOAD_SHED,LOAD_SHED,0,1,54.74,92.0,48.4084,48.2179,2.124,3.64526,3.73026,3.63061,3.71561,85.0,23.3,143.381,3,37.184,,DISCHARGE,0.0,0,,SYNTHETIC,0
doe-000,0,640,2026-09-03T09:10:40Z,2026-09-03T09:10:41Z,2026-09-03T09:10:40Z,2026-09-03T09:10:41Z,site_b,SIM,synthetic_demo,B-WAN-1,UP,1000.0,76.7574,77.09,0.0,20.86,0.1735,0.134,0,UP,4.0,0.0,6,6,27,-62.7,16.288,4.882,0,1,0,32,0,55.0,0.0,0,0,,,,,,,,,,,,,,,,,,,,,0.0,0,,SYNTHETIC,0
doe-000,0,641,2026-09-03T09:10:41Z,2026-09-03T09:10:42Z,2026-09-03T09:10:41Z,2026-09-03T09:10:42Z,site_a,SIM,synthetic_demo,A-WAN-1,UP,1000.0,310.7519,309.53,0.0,16.03,0.2659,0.051,0,UP,4.0,0.0,48,12,83,-63.5,21.219,6.716,0,3,0,7,0,302.0,0.0,0,0,LOAD_SHED,LOAD_SHED,0,1,54.71,92.0,48.4083,48.2177,2.1242,3.64525,3.73025,3.6306,3.7156,85.0,23.3,143.393,3,37.182,,DISCHARGE,0.0,0,,SYNTHETIC,0
doe-000,0,641,2026-09-03T09:10:41Z,2026-09-03T09:10:42Z,2026-09-03T09:10:41Z,2026-09-03T09:10:42Z,site_b,SIM,synthetic_demo,B-WAN-1,UP,1000.0,83.2848,83.62,0.0,21.28,0.754,0.119,0,UP,4.0,0.0,6,6,51,-64.1,26.794,7.857,0,0,0,32,0,100.0,0.0,0,0,,,,,,,,,,,,,,,,,,,,,0.0,0,,SYNTHETIC,0
doe-000,0,642,2026-09-03T09:10:42Z,2026-09-03T09:10:43Z,2026-09-03T09:10:42Z,2026-09-03T09:10:43Z,site_a,SIM,synthetic_demo,A-WAN-1,UP,1000.0,232.814,232.7,0.0,16.98,0.8627,0.083,0,UP,4.0,0.0,48,12,67,-61.8,18.876,5.68,2,4,0,7,0,408.0,0.0,0,0,LOAD_SHED,LOAD_SHED,0,1,54.82,92.0,48.4082,48.2148,2.1563,3.64524,3.73024,3.63037,3.71537,85.0,23.3,145.548,3,37.136,,DISCHARGE,0.0,0,,SYNTHETIC,0
doe-000,0,642,2026-09-03T09:10:42Z,2026-09-03T09:10:43Z,2026-09-03T09:10:42Z,2026-09-03T09:10:43Z,site_b,SIM,synthetic_demo,B-WAN-1,UP,1000.0,69.445,69.01,0.0,22.19,1.5296,0.09,0,UP,4.0,0.0,6,6,41,-59.9,20.305,6.316,0,0,0,32,0,85.0,0.0,0,0,,,,,,,,,,,,,,,,,,,,,0.0,0,,SYNTHETIC,0
doe-000,0,643,2026-09-03T09:10:43Z,2026-09-03T09:10:44Z,2026-09-03T09:10:43Z,2026-09-03T09:10:44Z,site_a,SIM,synthetic_demo,A-WAN-1,UP,1000.0,308.3802,308.63,0.0,17.29,1.7726,0.096,0,UP,4.0,0.0,48,12,52,-61.1,17.778,5.959,1,3,0,7,0,430.0,0.0,0,0,LOAD_SHED,LOAD_SHED,0,1,54.74,92.0,48.4081,48.218,2.1191,3.64524,3.73024,3.63061,3.71561,85.0,23.3,143.051,3,37.188,,DISCHARGE,0.0,0,,SYNTHETIC,0
doe-000,0,643,2026-09-03T09:10:43Z,2026-09-03T09:10:44Z,2026-09-03T09:10:43Z,2026-09-03T09:10:44Z,site_b,SIM,synthetic_demo,B-WAN-1,UP,1000.0,71.7418,72.23,0.0,23.29,2.9888,0.12,0,UP,4.0,0.0,6,6,33,-60.1,20.75,5.5,0,0,0,32,0,69.0,0.0,0,0,,,,,,,,,,,,,,,,,,,,,0.0,0,,SYNTHETIC,0
doe-000,0,644,2026-09-03T09:10:44Z,2026-09-03T09:10:45Z,2026-09-03T09:10:44Z,2026-09-03T09:10:45Z,site_a,SIM,synthetic_demo,A-WAN-1,UP,1000.0,295.1908,295.3,0.0,16.49,0.3215,0.11,0,UP,4.0,0.0,48,12,58,-63.3,17.785,6.008,0,5,0,7,0,285.0,0.0,0,0,LOAD_SHED,LOAD_SHED,0,1,54.75,92.0,48.408,48.2149,2.1518,3.64523,3.73023,3.63038,3.71538,85.0,23.3,145.248,3,37.141,,DISCHARGE,0.0,0,,SYNTHETIC,0
doe-000,0,644,2026-09-03T09:10:44Z,2026-09-03T09:10:45Z,2026-09-03T09:10:44Z,2026-09-03T09:10:45Z,site_b,SIM,synthetic_demo,B-WAN-1,UP,1000.0,88.6007,87.84,0.0,21.39,0.2526,0.106,0,UP,4.0,0.0,6,6,36,-63.3,20.031,5.797,0,0,0,32,0,82.0,0.0,0,0,,,,,,,,,,,,,,,,,,,,,0.0,0,,SYNTHETIC,0
doe-000,0,645,2026-09-03T09:10:45Z,2026-09-03T09:10:46Z,2026-09-03T09:10:45Z,2026-09-03T09:10:46Z,site_a,SIM,synthetic_demo,A-WAN-1,UP,1000.0,255.5473,254.74,0.0,19.92,4.038,0.117,0,UP,4.0,0.0,48,12,66,-63.7,19.536,5.983,1,3,0,7,0,479.0,0.0,0,0,LOAD_SHED,LOAD_SHED,0,1,54.8,92.0,48.4078,48.217,2.1276,3.64522,3.73022,3.63054,3.71554,85.0,23.5,143.622,3,37.174,,DISCHARGE,0.0,0,,SYNTHETIC,0
doe-000,0,645,2026-09-03T09:10:45Z,2026-09-03T09:10:46Z,2026-09-03T09:10:45Z,2026-09-03T09:10:46Z,site_b,SIM,synthetic_demo,B-WAN-1,UP,1000.0,74.3393,75.09,0.0,22.5,1.0403,0.096,0,UP,4.0,0.0,6,6,53,-63.7,25.284,7.802,0,0,0,32,0,49.0,0.0,0,0,,,,,,,,,,,,,,,,,,,,,0.0,0,,SYNTHETIC,0
doe-000,0,646,2026-09-03T09:10:46Z,2026-09-03T09:10:47Z,2026-09-03T09:10:46Z,2026-09-03T09:10:47Z,site_a,SIM,synthetic_demo,A-WAN-1,UP,1000.0,235.4633,235.19,0.0,17.78,1.9601,0.061,0,UP,4.0,0.0,48,12,47,-61.6,16.455,5.218,0,5,0,7,0,574.0,0.0,0,0,LOAD_SHED,LOAD_SHED,0,1,54.73,92.0,48.4077,48.2206,2.0861,3.64521,3.73021,3.63082,3.71582,85.0,23.3,140.832,3,37.232,,DISCHARGE,0.0,0,,SYNTHETIC,0
doe-000,0,646,2026-09-03T09:10:46Z,2026-09-03T09:10:47Z,2026-09-03T09:10:46Z,2026-09-03T09:10:47Z,site_b,SIM,synthetic_demo,B-WAN-1,UP,1000.0,70.8826,71.28,0.0,21.53,1.2148,0.099,0,UP,4.0,0.0,6,6,62,-61.1,26.722,7.669,0,0,0,32,0,58.0,0.0,0,0,,,,,,,,,,,,,,,,,,,,,0.0,0,,SYNTHETIC,0
doe-000,0,647,2026-09-03T09:10:47Z,2026-09-03T09:10:48Z,2026-09-03T09:10:47Z,2026-09-03T09:10:48Z,site_a,SIM,synthetic_demo,A-WAN-1,UP,1000.0,268.3496,268.95,0.0,16.71,0.6327,0.066,0,UP,4.0,0.0,48,12,76,-63.8,20.894,6.506,0,3,0,7,0,445.0,0.0,0,0,LOAD_SHED,LOAD_SHED,0,1,54.69,92.0,48.4076,48.2121,2.18,3.6452,3.7302,3.63016,3.71516,85.0,23.4,147.138,3,37.099,,DISCHARGE,0.0,0,,SYNTHETIC,0
doe-000,0,647,2026-09-03T09:10:47Z,2026-09-03T09:10:48Z,2026-09-03T09:10:47Z,2026-09-03T09:10:48Z,site_b,SIM,synthetic_demo,B-WAN-1,UP,1000.0,73.725,72.57,0.0,21.67,0.3743,0.061,0,UP,4.0,0.0,6,6,41,-63.8,21.58,6.837,0,0,0,32,0,67.0,0.0,0,0,,,,,,,,,,,,,,,,,,,,,0.0,0,,SYNTHETIC,0
doe-000,0,648,2026-09-03T09:10:48Z,2026-09-03T09:10:49Z,2026-09-03T09:10:48Z,2026-09-03T09:10:49Z,site_a,SIM,synthetic_demo,A-WAN-1,UP,1000.0,223.6796,223.18,0.0,16.59,1.0892,0.108,0,UP,4.0,0.0,48,12,67,-61.2,17.781,5.621,0,3,0,7,0,240.0,0.0,0,0,LOAD_SHED,LOAD_SHED,0,1,54.77,92.0,48.4075,48.215,2.1466,3.64519,3.73019,3.63038,3.71538,85.0,23.3,144.896,3,37.145,,DISCHARGE,0.0,0,,SYNTHETIC,0
doe-000,0,648,2026-09-03T09:10:48Z,2026-09-03T09:10:49Z,2026-09-03T09:10:48Z,2026-09-03T09:10:49Z,site_b,SIM,synthetic_demo,B-WAN-1,UP,1000.0,77.6255,77.66,0.0,22.63,1.4007,0.117,0,UP,4.0,0.0,6,6,30,-62.6,18.195,5.541,0,1,0,32,0,78.0,0.0,0,0,,,,,,,,,,,,,,,,,,,,,0.0,0,,SYNTHETIC,0
doe-000,0,649,2026-09-03T09:10:49Z,2026-09-03T09:10:50Z,2026-09-03T09:10:49Z,2026-09-03T09:10:50Z,site_a,SIM,synthetic_demo,A-WAN-1,UP,1000.0,247.5033,247.92,0.0,16.29,0.1335,0.067,0,UP,4.0,0.0,48,12,46,-64.1,18.935,5.781,0,3,0,7,0,426.0,0.0,0,0,LOAD_SHED,LOAD_SHED,0,1,54.79,92.0,48.4074,48.2193,2.0965,3.64519,3.73019,3.63072,3.71572,85.0,23.4,141.529,3,37.214,,DISCHARGE,0.0,0,,SYNTHETIC,0
doe-000,0,649,2026-09-03T09:10:49Z,2026-09-03T09:10:50Z,2026-09-03T09:10:49Z,2026-09-03T09:10:50Z,site_b,SIM,synthetic_demo,B-WAN-1,UP,1000.0,78.7189,79.05,0.0,20.58,0.1077,0.084,0,UP,4.0,0.0,6,6,70,-61.9,29.478,8.511,0,0,0,32,0,58.0,0.0,0,0,,,,,,,,,,,,,,,,,,,,,0.0,0,,SYNTHETIC,0
doe-000,0,650,2026-09-03T09:10:50Z,2026-09-03T09:10:51Z,2026-09-03T09:10:50Z,2026-09-03T09:10:51Z,site_a,SIM,synthetic_demo,A-WAN-1,UP,1000.0,273.1012,272.97,0.0,18.96,3.03,0.053,0,UP,4.0,0.0,48,12,28,-60.5,14.786,4.221,0,4,0,7,0,430.0,0.0,0,0,LOAD_SHED,LOAD_SHED,0,1,54.71,92.0,48.4073,48.2166,2.1265,3.64518,3.73018,3.6305,3.7155,85.0,23.4,143.541,3,37.171,,DISCHARGE,0.0,0,,SYNTHETIC,0
doe-000,0,650,2026-09-03T09:10:50Z,2026-09-03T09:10:51Z,2026-09-03T09:10:50Z,2026-09-03T09:10:51Z,site_b,SIM,synthetic_demo,B-WAN-1,UP,1000.0,71.399,71.57,0.0,21.3,0.2613,0.108,0,UP,4.0,0.0,6,6,33,-61.0,18.86,6.024,0,0,0,32,0,68.0,0.0,0,1,,,,,,,,,,,,,,,,,,,,,0.25,0,,SYNTHETIC,0
doe-000,0,651,2026-09-03T09:10:51Z,2026-09-03T09:10:52Z,2026-09-03T09:10:51Z,2026-09-03T09:10:52Z,site_a,SIM,synthetic_demo,A-WAN-1,UP,1000.0,262.9903,262.16,0.0,15.83,0.03,0.114,0,UP,4.0,0.0,48,12,37,-63.7,15.532,5.306,0,4,0,7,0,268.0,0.0,0,0,LOAD_SHED,LOAD_SHED,0,1,54.71,92.0,48.4072,48.2123,2.1725,3.64517,3.73017,3.63018,3.71518,85.0,23.3,146.639,3,37.106,,DISCHARGE,0.0,0,,SYNTHETIC,0
doe-000,0,651,2026-09-03T09:10:51Z,2026-09-03T09:10:52Z,2026-09-03T09:10:51Z,2026-09-03T09:10:52Z,site_b,SIM,synthetic_demo,B-WAN-1,UP,1000.0,72.9453,72.62,0.0,21.3,0.4307,0.121,0,UP,4.0,0.0,6,6,42,-63.1,21.411,7.085,0,0,0,32,0,85.0,0.0,0,0,,,,,,,,,,,,,,,,,,,,,0.0,0,,SYNTHETIC,0
doe-000,0,652,2026-09-03T09:10:52Z,2026-09-03T09:10:53Z,2026-09-03T09:10:52Z,2026-09-03T09:10:53Z,site_a,SIM,synthetic_demo,A-WAN-1,UP,1000.0,245.8992,246.62,0.0,17.51,1.4731,0.079,0,UP,4.0,0.0,48,12,83,-61.0,21.179,6.561,0,4,0,7,0,258.0,0.0,0,0,LOAD_SHED,LOAD_SHED,0,1,54.61,92.0,48.4071,48.2211,2.0736,3.64516,3.73016,3.63085,3.71585,85.0,23.5,139.984,3,37.244,,DISCHARGE,0.0,0,,SYNTHETIC,0
doe-000,0,652,2026-09-03T09:10:52Z,2026-09-03T09:10:53Z,2026-09-03T09:10:52Z,2026-09-03T09:10:53Z,site_b,SIM,synthetic_demo,B-WAN-1,UP,1000.0,75.5413,75.01,0.0,23.09,2.3628,0.089,0,UP,4.0,0.0,6,6,15,-59.3,14.474,3.778,0,0,0,32,0,104.0,0.0,0,0,,,,,,,,,,,,,,,,,,,,,0.0,0,,SYNTHETIC,0
doe-000,0,653,2026-09-03T09:10:53Z,2026-09-03T09:10:54Z,2026-09-03T09:10:53Z,2026-09-03T09:10:54Z,site_a,SIM,synthetic_demo,A-WAN-1,UP,1000.0,288.8592,288.45,0.0,17.83,2.4929,0.067,0,UP,4.0,0.0,48,12,54,-62.7,18.016,5.805,0,3,0,7,0,274.0,0.0,0,0,LOAD_SHED,LOAD_SHED,0,1,54.8,92.0,48.407,48.2158,2.1308,3.64515,3.73015,3.63045,3.71545,85.0,23.3,143.83,3,37.163,,DISCHARGE,0.0,0,,SYNTHETIC,0
doe-000,0,653,2026-09-03T09:10:53Z,2026-09-03T09:10:54Z,2026-09-03T09:10:53Z,2026-09-03T09:10:54Z,site_b,SIM,synthetic_demo,B-WAN-1,UP,1000.0,67.2579,68.25,0.0,21.51,0.2083,0.107,0,UP,4.0,0.0,6,6,51,-60.4,23.132,7.175,1,0,0,32,0,85.0,0.0,0,0,,,,,,,,,,,,,,,,,,,,,0.0,0,,SYNTHETIC,0
doe-000,0,654,2026-09-03T09:10:54Z,2026-09-03T09:10:55Z,2026-09-03T09:10:54Z,2026-09-03T09:10:55Z,site_a,SIM,synthetic_demo,A-WAN-1,UP,1000.0,268.3736,267.88,0.0,15.83,0.0158,0.107,0,UP,4.0,0.0,48,48,188,-62.1,17.343,4.865,0,5,0,7,0,492.0,0.0,0,0,LOAD_SHED,BATTERY,0,1,54.66,92.0,48.4069,48.2147,2.1428,3.64514,3.73014,3.63036,3.71536,85.0,23.3,144.636,,456.271,,DISCHARGE,0.0,0,,SYNTHETIC,0
doe-000,0,654,2026-09-03T09:10:54Z,2026-09-03T09:10:55Z,2026-09-03T09:10:54Z,2026-09-03T09:10:55Z,site_b,SIM,synthetic_demo,B-WAN-1,UP,1000.0,91.9127,91.92,0.0,21.19,0.7983,0.106,0,UP,4.0,0.0,6,6,22,-62.5,17.779,4.86,0,0,0,32,0,71.0,0.0,0,0,,,,,,,,,,,,,,,,,,,,,0.0,0,,SYNTHETIC,0
doe-000,0,655,2026-09-03T09:10:55Z,2026-09-03T09:10:56Z,2026-09-03T09:10:55Z,2026-09-03T09:10:56Z,site_a,SIM,synthetic_demo,A-WAN-1,UP,1000.0,213.3705,212.84,0.0,17.61,1.3338,0.03,0,UP,4.0,0.0,48,48,246,-62.3,19.307,5.756,1,6,0,7,0,345.0,0.0,0,0,BATTERY,BATTERY,0,1,54.87,92.0,48.4056,45.9272,27.6305,3.64505,3.73005,3.4544,3.5394,85.0,23.3,1776.317,,37.151,OCP_DSG,DISCHARGE,0.0,0,,SYNTHETIC,0
doe-000,0,655,2026-09-03T09:10:55Z,2026-09-03T09:10:56Z,2026-09-03T09:10:55Z,2026-09-03T09:10:56Z,site_b,SIM,synthetic_demo,B-WAN-1,UP,1000.0,68.5664,68.12,0.0,23.0,1.7007,0.111,0,UP,4.0,0.0,6,6,61,-63.0,27.832,7.658,0,0,0,32,0,53.0,0.0,0,0,,,,,,,,,,,,,,,,,,,,,0.0,0,,SYNTHETIC,0
doe-000,0,656,2026-09-03T09:10:56Z,2026-09-03T09:10:57Z,2026-09-03T09:10:56Z,2026-09-03T09:10:57Z,site_a,SIM,synthetic_demo,A-WAN-1,UP,1000.0,312.1851,312.18,0.0,18.86,2.2162,0.096,0,UP,4.0,0.0,48,12,44,-61.9,15.915,4.993,1,5,0,7,0,445.0,0.0,0,0,BATTERY,LOAD_SHED,0,1,54.72,92.0,48.4055,48.207,2.2138,3.64504,3.73004,3.62977,3.71477,85.0,23.4,149.406,3,37.034,,DISCHARGE,0.0,0,,SYNTHETIC,0
doe-000,0,656,2026-09-03T09:10:56Z,2026-09-03T09:10:57Z,2026-09-03T09:10:56Z,2026-09-03T09:10:57Z,site_b,SIM,synthetic_demo,B-WAN-1,UP,1000.0,65.6065,65.79,0.0,22.14,0.9733,0.094,0,UP,4.0,0.0,6,6,35,-62.6,20.652,6.373,0,0,0,32,0,62.0,0.0,0,0,,,,,,,,,,,,,,,,,,,,,0.0,0,,SYNTHETIC,0
doe-000,0,657,2026-09-03T09:10:57Z,2026-09-03T09:10:58Z,2026-09-03T09:10:57Z,2026-09-03T09:10:58Z,site_a,SIM,synthetic_demo,A-WAN-1,UP,1000.0,292.0262,291.19,0.0,19.26,2.9517,0.113,0,UP,4.0,0.0,48,12,56,-61.9,18.097,5.576,0,8,0,7,0,422.0,0.0,0,0,LOAD_SHED,LOAD_SHED,0,1,54.74,92.0,48.4054,48.2154,2.1182,3.64503,3.73003,3.63042,3.71542,85.0,23.4,142.982,3,37.167,,DISCHARGE,0.0,0,,SYNTHETIC,0
doe-000,0,657,2026-09-03T09:10:57Z,2026-09-03T09:10:58Z,2026-09-03T09:10:57Z,2026-09-03T09:10:58Z,site_b,SIM,synthetic_demo,B-WAN-1,UP,1000.0,77.9405,77.95,0.0,22.11,1.794,0.108,0,UP,4.0,0.0,6,6,54,-62.1,25.531,7.273,0,1,0,32,0,102.0,0.0,0,0,,,,,,,,,,,,,,,,,,,,,0.0,0,,SYNTHETIC,0
doe-000,0,658,2026-09-03T09:10:58Z,2026-09-03T09:10:59Z,2026-09-03T09:10:58Z,2026-09-03T09:10:59Z,site_a,SIM,synthetic_demo,A-WAN-1,UP,1000.0,239.5572,240.03,0.0,16.99,0.4599,0.076,0,UP,4.0,0.0,48,12,54,-60.5,19.459,4.708,0,5,0,7,0,299.0,0.0,0,0,LOAD_SHED,LOAD_SHED,0,1,54.73,92.0,48.4053,48.2156,2.1151,3.64502,3.73002,3.63043,3.71543,85.0,23.4,142.769,3,37.171,,DISCHARGE,0.0,0,,SYNTHETIC,0
doe-000,0,658,2026-09-03T09:10:58Z,2026-09-03T09:10:59Z,2026-09-03T09:10:58Z,2026-09-03T09:10:59Z,site_b,SIM,synthetic_demo,B-WAN-1,UP,1000.0,67.306,67.21,0.0,21.37,0.3209,0.083,0,UP,4.0,0.0,6,6,47,-61.3,20.683,6.879,0,0,0,32,0,61.0,0.0,0,0,,,,,,,,,,,,,,,,,,,,,0.0,0,,SYNTHETIC,0
doe-000,0,659,2026-09-03T09:10:59Z,2026-09-03T09:11:00Z,2026-09-03T09:10:59Z,2026-09-03T09:11:00Z,site_a,SIM,synthetic_demo,A-WAN-1,UP,1000.0,342.5322,343.72,0.0,17.06,1.6461,0.105,0,UP,4.0,0.0,48,12,63,-62.1,18.53,6.334,0,5,0,7,0,206.0,0.0,0,0,LOAD_SHED,LOAD_SHED,0,1,54.76,92.0,48.4052,48.2143,2.1279,3.64502,3.73002,3.63033,3.71533,85.0,23.3,143.634,3,37.152,,DISCHARGE,0.0,0,,SYNTHETIC,0
doe-000,0,659,2026-09-03T09:10:59Z,2026-09-03T09:11:00Z,2026-09-03T09:10:59Z,2026-09-03T09:11:00Z,site_b,SIM,synthetic_demo,B-WAN-1,UP,1000.0,73.6657,73.38,0.0,21.63,0.4822,0.125,0,UP,4.0,0.0,6,6,22,-61.1,16.842,5.256,0,0,0,32,0,60.0,0.0,0,0,,,,,,,,,,,,,,,,,,,,,0.0,0,,SYNTHETIC,0
doe-000,0,660,2026-09-03T09:11:00Z,2026-09-03T09:11:01Z,2026-09-03T09:11:00Z,2026-09-03T09:11:01Z,site_a,SIM,synthetic_demo,A-WAN-1,UP,1000.0,278.5716,279.1,0.0,15.89,0.5377,0.091,0,UP,4.0,0.0,48,12,67,-62.7,18.809,5.75,0,6,0,7,0,347.0,0.0,0,0,LOAD_SHED,LOAD_SHED,0,1,54.77,92.0,48.4051,48.218,2.0862,3.64501,3.73001,3.63061,3.71561,85.0,23.4,140.826,3,37.21,,DISCHARGE,0.0,0,,SYNTHETIC,0
doe-000,0,660,2026-09-03T09:11:00Z,2026-09-03T09:11:01Z,2026-09-03T09:11:00Z,2026-09-03T09:11:01Z,site_b,SIM,synthetic_demo,B-WAN-1,UP,1000.0,72.8656,73.75,0.0,22.23,0.7378,0.06,0,UP,4.0,0.0,6,6,31,-62.3,21.166,5.757,0,1,0,32,0,39.0,0.0,0,0,,,,,,,,,,,,,,,,,,,,,0.0,0,,SYNTHETIC,0
doe-000,0,661,2026-09-03T09:11:01Z,2026-09-03T09:11:02Z,2026-09-03T09:11:01Z,2026-09-03T09:11:02Z,site_a,SIM,synthetic_demo,A-WAN-1,UP,1000.0,277.014,277.5,0.0,18.23,2.0833,0.077,0,UP,4.0,0.0,48,12,85,-63.3,20.852,6.561,0,8,0,7,0,272.0,0.0,0,0,LOAD_SHED,LOAD_SHED,0,1,54.66,92.0,48.405,48.2135,2.1343,3.645,3.73,3.63027,3.71527,85.0,23.4,144.062,3,37.141,,DISCHARGE,0.0,0,,SYNTHETIC,0
doe-000,0,661,2026-09-03T09:11:01Z,2026-09-03T09:11:02Z,2026-09-03T09:11:01Z,2026-09-03T09:11:02Z,site_b,SIM,synthetic_demo,B-WAN-1,UP,1000.0,138.4293,138.82,0.0,22.67,1.452,0.117,0,UP,4.0,0.0,6,6,62,-63.5,27.697,7.942,0,0,0,32,0,77.0,0.0,0,0,,,,,,,,,,,,,,,,,,,,,0.0,0,,SYNTHETIC,0
doe-000,0,662,2026-09-03T09:11:02Z,2026-09-03T09:11:03Z,2026-09-03T09:11:02Z,2026-09-03T09:11:03Z,site_a,SIM,synthetic_demo,A-WAN-1,UP,1000.0,290.6719,290.5,0.0,16.48,0.0757,0.069,0,UP,4.0,0.0,48,12,67,-62.4,19.28,6.482,0,5,0,7,0,368.0,0.0,0,0,LOAD_SHED,LOAD_SHED,0,1,54.66,92.0,48.4049,48.2131,2.138,3.64499,3.72999,3.63024,3.71524,85.0,23.2,144.307,3,37.135,,DISCHARGE,0.0,0,,SYNTHETIC,0
doe-000,0,662,2026-09-03T09:11:02Z,2026-09-03T09:11:03Z,2026-09-03T09:11:02Z,2026-09-03T09:11:03Z,site_b,SIM,synthetic_demo,B-WAN-1,UP,1000.0,92.6217,92.97,0.0,22.04,1.2602,0.092,0,UP,4.0,0.0,6,6,37,-60.4,21.181,6.477,0,0,0,32,0,38.0,0.0,0,0,,,,,,,,,,,,,,,,,,,,,0.0,0,,SYNTHETIC,0
doe-000,0,663,2026-09-03T09:11:03Z,2026-09-03T09:11:04Z,2026-09-03T09:11:03Z,2026-09-03T09:11:04Z,site_a,SIM,synthetic_demo,A-WAN-1,UP,1000.0,360.6711,359.69,0.0,18.39,2.5274,0.103,0,UP,4.0,0.0,48,12,45,-61.5,17.532,4.863,0,6,0,7,0,394.0,0.0,0,0,LOAD_SHED,LOAD_SHED,0,1,54.78,92.0,48.4048,48.2152,2.1133,3.64498,3.72998,3.6304,3.7154,85.0,23.2,142.651,3,37.169,,DISCHARGE,0.0,0,,SYNTHETIC,0
doe-000,0,663,2026-09-03T09:11:03Z,2026-09-03T09:11:04Z,2026-09-03T09:11:03Z,2026-09-03T09:11:04Z,site_b,SIM,synthetic_demo,B-WAN-1,UP,1000.0,48.1071,48.01,0.0,23.91,2.7668,0.088,0,UP,4.0,0.0,6,6,34,-62.3,18.088,5.806,1,0,0,32,0,53.0,0.0,0,0,,,,,,,,,,,,,,,,,,,,,0.0,0,,SYNTHETIC,0
doe-000,0,664,2026-09-03T09:11:04Z,2026-09-03T09:11:05Z,2026-09-03T09:11:04Z,2026-09-03T09:11:05Z,site_a,SIM,synthetic_demo,A-WAN-1,UP,1000.0,310.7544,310.44,0.0,16.76,1.6249,0.133,0,UP,4.0,0.0,48,12,64,-63.4,18.744,5.89,0,7,0,7,0,372.0,0.0,0,0,LOAD_SHED,LOAD_SHED,0,1,54.65,92.0,48.4047,48.2124,2.143,3.64497,3.72997,3.63019,3.71519,85.0,23.3,144.648,3,37.126,,DISCHARGE,0.0,0,,SYNTHETIC,0
doe-000,0,664,2026-09-03T09:11:04Z,2026-09-03T09:11:05Z,2026-09-03T09:11:04Z,2026-09-03T09:11:05Z,site_b,SIM,synthetic_demo,B-WAN-1,UP,1000.0,49.9064,51.19,0.0,21.93,1.0431,0.066,0,UP,4.0,0.0,6,6,37,-61.4,20.938,6.846,0,0,0,32,0,76.0,0.0,0,0,,,,,,,,,,,,,,,,,,,,,0.0,0,,SYNTHETIC,0
doe-000,0,665,2026-09-03T09:11:05Z,2026-09-03T09:11:06Z,2026-09-03T09:11:05Z,2026-09-03T09:11:06Z,site_a,SIM,synthetic_demo,A-WAN-1,UP,1000.0,279.6398,280.32,0.0,17.14,0.4734,0.099,0,UP,4.0,0.0,48,12,63,-62.1,20.255,6.205,0,6,0,7,0,352.0,0.0,0,0,LOAD_SHED,LOAD_SHED,0,1,54.81,92.0,48.4045,48.2089,2.1809,3.64496,3.72996,3.62992,3.71492,85.0,23.5,147.191,3,37.072,,DISCHARGE,0.0,0,,SYNTHETIC,0
doe-000,0,665,2026-09-03T09:11:05Z,2026-09-03T09:11:06Z,2026-09-03T09:11:05Z,2026-09-03T09:11:06Z,site_b,SIM,synthetic_demo,B-WAN-1,UP,1000.0,53.3879,53.83,0.0,24.78,4.347,0.098,0,UP,4.0,0.0,6,6,50,-61.9,22.561,7.534,0,1,0,32,0,78.0,0.0,0,0,,,,,,,,,,,,,,,,,,,,,0.0,0,,SYNTHETIC,0
doe-000,0,666,2026-09-03T09:11:06Z,2026-09-03T09:11:07Z,2026-09-03T09:11:06Z,2026-09-03T09:11:07Z,site_a,SIM,synthetic_demo,A-WAN-1,UP,1000.0,249.3777,249.64,0.0,16.08,0.8375,0.078,0,UP,4.0,0.0,48,12,48,-62.1,16.639,4.878,0,6,0,7,0,357.0,0.0,0,0,LOAD_SHED,LOAD_SHED,0,1,54.74,92.0,48.4044,48.2147,2.1154,3.64496,3.72996,3.63036,3.71536,85.0,23.4,142.79,3,37.163,,DISCHARGE,0.0,0,,SYNTHETIC,0
doe-000,0,666,2026-09-03T09:11:06Z,2026-09-03T09:11:07Z,2026-09-03T09:11:06Z,2026-09-03T09:11:07Z,site_b,SIM,synthetic_demo,B-WAN-1,UP,1000.0,59.6475,58.74,0.0,22.53,1.4742,0.095,0,UP,4.0,0.0,6,6,43,-60.9,20.43,6.15,0,1,0,32,0,69.0,0.0,0,0,,,,,,,,,,,,,,,,,,,,,0.0,0,,SYNTHETIC,0
doe-000,0,667,2026-09-03T09:11:07Z,2026-09-03T09:11:08Z,2026-09-03T09:11:07Z,2026-09-03T09:11:08Z,site_a,SIM,synthetic_demo,A-WAN-1,UP,1000.0,282.9342,283.29,0.0,18.63,2.3552,0.072,0,UP,4.0,0.0,48,12,83,-62.9,21.579,6.927,1,6,0,7,0,468.0,0.0,0,0,LOAD_SHED,LOAD_SHED,0,1,,92.0,48.4043,48.2144,2.1175,3.64495,3.72995,3.63034,3.71534,85.0,23.4,142.929,3,37.159,,DISCHARGE,0.0,0,,SYNTHETIC|GAP|MISSING_MAR,0
doe-000,0,667,2026-09-03T09:11:07Z,2026-09-03T09:11:08Z,2026-09-03T09:11:07Z,2026-09-03T09:11:08Z,site_b,SIM,synthetic_demo,B-WAN-1,UP,1000.0,94.9421,95.07,0.0,22.66,1.2497,0.109,0,UP,4.0,0.0,6,6,42,-60.2,22.718,5.983,0,0,0,32,0,72.0,0.0,0,0,,,,,,,,,,,,,,,,,,,,,0.0,0,,SYNTHETIC,0
doe-000,0,668,2026-09-03T09:11:08Z,2026-09-03T09:11:09Z,2026-09-03T09:11:08Z,2026-09-03T09:11:09Z,site_a,SIM,synthetic_demo,A-WAN-1,UP,1000.0,316.043,316.01,0.0,17.11,1.4943,0.042,0,UP,4.0,0.0,48,12,37,-59.9,16.322,4.728,1,5,0,7,0,432.0,0.0,0,0,LOAD_SHED,LOAD_SHED,0,1,54.74,92.0,48.4042,48.2178,2.0787,3.64494,3.72994,3.6306,3.7156,85.0,23.3,140.319,3,37.213,,DISCHARGE,0.0,0,,SYNTHETIC,0
doe-000,0,668,2026-09-03T09:11:08Z,2026-09-03T09:11:09Z,2026-09-03T09:11:08Z,2026-09-03T09:11:09Z,site_b,SIM,synthetic_demo,B-WAN-1,UP,1000.0,61.1166,60.38,0.0,22.48,1.5484,0.084,0,UP,4.0,0.0,6,6,40,-61.4,21.231,6.312,0,2,0,32,0,61.0,0.0,0,0,,,,,,,,,,,,,,,,,,,,,0.0,0,,SYNTHETIC,0
doe-000,0,669,2026-09-03T09:11:09Z,2026-09-03T09:11:10Z,2026-09-03T09:11:09Z,2026-09-03T09:11:10Z,site_a,SIM,synthetic_demo,A-WAN-1,UP,1000.0,327.5949,327.39,0.0,18.06,2.5092,0.091,0,UP,4.0,0.0,48,12,53,-63.0,18.886,5.141,0,5,0,7,0,410.0,0.0,0,0,LOAD_SHED,LOAD_SHED,0,1,54.62,92.0,48.4041,48.2181,2.0736,3.64493,3.72993,3.63062,3.71562,85.0,23.4,139.98,3,37.219,,DISCHARGE,0.0,0,,SYNTHETIC,0
doe-000,0,669,2026-09-03T09:11:09Z,2026-09-03T09:11:10Z,2026-09-03T09:11:09Z,2026-09-03T09:11:10Z,site_b,SIM,synthetic_demo,B-WAN-1,UP,1000.0,62.162,61.91,0.0,21.98,1.301,0.085,0,UP,4.0,0.0,6,6,42,-61.4,20.556,6.802,0,1,0,32,0,65.0,0.0,0,0,,,,,,,,,,,,,,,,,,,,,0.0,0,,SYNTHETIC,0
doe-000,0,670,2026-09-03T09:11:10Z,2026-09-03T09:11:11Z,2026-09-03T09:11:10Z,2026-09-03T09:11:11Z,site_a,SIM,synthetic_demo,A-WAN-1,UP,1000.0,328.4912,328.95,0.0,16.67,0.4853,0.113,0,UP,4.0,0.0,48,12,50,-63.4,16.863,5.542,2,5,0,7,0,527.0,0.0,0,0,LOAD_SHED,LOAD_SHED,0,1,54.71,92.0,48.404,48.2161,2.095,3.64492,3.72992,3.63047,3.71547,85.0,23.4,141.418,3,37.188,,DISCHARGE,0.0,0,,SYNTHETIC,0
doe-000,0,670,2026-09-03T09:11:10Z,2026-09-03T09:11:11Z,2026-09-03T09:11:10Z,2026-09-03T09:11:11Z,site_b,SIM,synthetic_demo,B-WAN-1,UP,1000.0,131.9119,131.3,0.0,22.94,1.5404,0.077,0,UP,4.0,0.0,6,6,49,-62.3,21.992,7.173,0,1,0,32,0,100.0,0.0,0,0,,,,,,,,,,,,,,,,,,,,,0.0,0,,SYNTHETIC,0
doe-000,0,671,2026-09-03T09:11:11Z,2026-09-03T09:11:12Z,2026-09-03T09:11:11Z,2026-09-03T09:11:12Z,site_a,SIM,synthetic_demo,A-WAN-1,UP,1000.0,332.9289,333.05,0.0,16.34,0.3625,0.071,0,UP,4.0,0.0,48,48,303,-61.5,20.469,6.427,0,3,0,7,0,257.0,0.0,0,0,LOAD_SHED,BATTERY,0,1,54.7,92.0,48.4039,48.2146,2.1105,3.64491,3.72991,3.63035,3.71535,85.0,23.4,142.457,,462.939,,DISCHARGE,0.0,0,,SYNTHETIC,0
doe-000,0,671,2026-09-03T09:11:11Z,2026-09-03T09:11:12Z,2026-09-03T09:11:11Z,2026-09-03T09:11:12Z,site_b,SIM,synthetic_demo,B-WAN-1,UP,1000.0,62.7965,63.12,0.0,24.45,2.7474,0.122,0,UP,4.0,0.0,6,6,41,-63.1,18.921,6.367,0,1,0,32,0,85.0,0.0,0,0,,,,,,,,,,,,,,,,,,,,,0.0,0,,SYNTHETIC,0
doe-000,0,672,2026-09-03T09:11:12Z,2026-09-03T09:11:13Z,2026-09-03T09:11:12Z,2026-09-03T09:11:13Z,site_a,SIM,synthetic_demo,A-WAN-1,UP,1000.0,249.3576,249.08,0.0,18.64,2.8108,,0,UP,4.0,0.0,48,48,195,-62.6,17.664,5.322,0,4,0,7,0,352.0,0.0,0,0,BATTERY,BATTERY,0,1,54.73,92.0,48.4027,45.9296,27.5707,3.64482,3.72982,3.45458,3.53958,85.0,23.5,1772.561,,37.205,OCP_DSG,DISCHARGE,0.0,0,,SYNTHETIC|GAP|MISSING_MAR,0
doe-000,0,672,2026-09-03T09:11:12Z,2026-09-03T09:11:13Z,2026-09-03T09:11:12Z,2026-09-03T09:11:13Z,site_b,SIM,synthetic_demo,B-WAN-1,UP,1000.0,74.7156,75.35,0.0,22.01,1.0623,0.064,0,UP,4.0,0.0,6,6,63,-63.0,24.957,7.707,1,1,0,32,0,70.0,0.0,0,0,,,,,,,,,,,,,,,,,,,,,0.0,0,,SYNTHETIC,0
doe-000,0,673,2026-09-03T09:11:13Z,2026-09-03T09:11:14Z,2026-09-03T09:11:13Z,2026-09-03T09:11:14Z,site_a,SIM,synthetic_demo,A-WAN-1,UP,1000.0,322.529,321.07,0.0,17.08,1.1286,0.111,0,UP,4.0,0.0,48,12,105,-62.3,24.309,7.027,0,6,0,7,0,351.0,0.0,0,0,BATTERY,LOAD_SHED,0,1,54.73,92.0,48.4026,48.2112,2.1329,3.64481,3.72981,3.6301,3.7151,85.0,23.4,143.963,3,37.123,,DISCHARGE,0.0,0,,SYNTHETIC,0
doe-000,0,673,2026-09-03T09:11:13Z,2026-09-03T09:11:14Z,2026-09-03T09:11:13Z,2026-09-03T09:11:14Z,site_b,SIM,synthetic_demo,B-WAN-1,UP,1000.0,87.8223,88.1,0.0,22.96,2.3963,0.096,0,UP,4.0,0.0,6,6,48,-65.3,22.796,7.771,0,0,0,32,0,48.0,0.0,0,0,,,,,,,,,,,,,,,,,,,,,0.0,0,,SYNTHETIC,0
doe-000,0,674,2026-09-03T09:11:14Z,2026-09-03T09:11:15Z,2026-09-03T09:11:14Z,2026-09-03T09:11:15Z,site_a,SIM,synthetic_demo,A-WAN-1,UP,1000.0,253.42,252.33,0.0,18.92,2.9554,0.093,0,UP,4.0,0.0,48,12,120,-62.5,27.624,8.179,0,6,0,7,0,417.0,0.0,0,0,LOAD_SHED,LOAD_SHED,0,1,54.68,92.0,48.4025,48.2133,2.1092,3.6448,3.7298,3.63025,3.71525,85.0,23.4,142.369,3,37.155,,DISCHARGE,0.0,0,,SYNTHETIC,0
doe-000,0,674,2026-09-03T09:11:14Z,2026-09-03T09:11:15Z,2026-09-03T09:11:14Z,2026-09-03T09:11:15Z,site_b,SIM,synthetic_demo,B-WAN-1,UP,1000.0,69.7365,70.11,0.0,22.42,2.0346,0.078,0,UP,4.0,0.0,6,6,39,-62.3,20.894,7.243,0,0,0,32,0,58.0,0.0,0,0,,,,,,,,,,,,,,,,,,,,,0.0,0,,SYNTHETIC,0
doe-000,0,675,2026-09-03T09:11:15Z,2026-09-03T09:11:16Z,2026-09-03T09:11:15Z,2026-09-03T09:11:16Z,site_a,SIM,synthetic_demo,A-WAN-1,UP,1000.0,254.6017,254.7,0.0,16.79,0.1233,0.1,0,UP,4.0,0.0,48,12,42,-63.9,17.579,5.156,0,3,0,7,0,338.0,0.0,0,0,LOAD_SHED,LOAD_SHED,0,1,54.8,92.0,48.4023,48.2069,2.1784,3.6448,3.7298,3.62976,3.71476,85.0,23.3,147.02,3,37.057,,DISCHARGE,0.0,0,,SYNTHETIC,0
doe-000,0,675,2026-09-03T09:11:15Z,2026-09-03T09:11:16Z,2026-09-03T09:11:15Z,2026-09-03T09:11:16Z,site_b,SIM,synthetic_demo,B-WAN-1,UP,1000.0,72.3464,72.49,0.0,22.5,0.8575,0.081,0,UP,4.0,0.0,6,6,36,-63.1,21.468,6.703,0,0,0,32,0,85.0,0.0,0,0,,,,,,,,,,,,,,,,,,,,,0.0,0,,SYNTHETIC,0
doe-000,0,676,2026-09-03T09:11:16Z,2026-09-03T09:11:17Z,2026-09-03T09:11:16Z,2026-09-03T09:11:17Z,site_a,SIM,synthetic_demo,A-WAN-1,UP,1000.0,234.0237,234.81,0.0,20.07,4.0223,0.115,0,UP,4.0,0.0,48,12,49,-62.2,16.86,5.161,0,3,0,7,0,314.0,0.0,0,0,LOAD_SHED,LOAD_SHED,0,1,54.7,92.0,48.4022,48.2113,2.1288,3.64479,3.72979,3.6301,3.7151,85.0,23.5,143.681,3,37.126,,DISCHARGE,0.0,0,,SYNTHETIC,0
doe-000,0,676,2026-09-03T09:11:16Z,2026-09-03T09:11:17Z,2026-09-03T09:11:16Z,2026-09-03T09:11:17Z,site_b,SIM,synthetic_demo,B-WAN-1,UP,1000.0,72.0389,72.01,0.0,21.79,0.8477,0.087,0,UP,4.0,0.0,6,6,51,-63.2,23.681,7.753,0,0,0,32,0,105.0,0.0,0,0,,,,,,,,,,,,,,,,,,,,,0.0,0,,SYNTHETIC,0
doe-000,0,677,2026-09-03T09:11:17Z,2026-09-03T09:11:18Z,2026-09-03T09:11:17Z,2026-09-03T09:11:18Z,site_a,SIM,synthetic_demo,A-WAN-1,UP,1000.0,317.9367,318.1,0.0,17.6,1.6392,0.072,0,UP,4.0,0.0,48,12,52,-60.9,17.43,4.849,0,3,0,7,0,298.0,0.0,0,0,LOAD_SHED,LOAD_SHED,0,1,54.62,92.0,48.4021,48.2092,2.151,3.64478,3.72978,3.62994,3.71494,85.0,23.5,145.176,3,37.094,,DISCHARGE,0.0,0,,SYNTHETIC,0
doe-000,0,677,2026-09-03T09:11:17Z,2026-09-03T09:11:18Z,2026-09-03T09:11:17Z,2026-09-03T09:11:18Z,site_b,SIM,synthetic_demo,B-WAN-1,UP,1000.0,88.0301,87.31,0.0,22.47,1.3983,0.117,0,UP,4.0,0.0,6,6,13,-61.9,15.58,4.913,0,0,0,32,0,62.0,0.0,0,0,,,,,,,,,,,,,,,,,,,,,0.0,0,,SYNTHETIC,0
doe-000,0,678,2026-09-03T09:11:18Z,2026-09-03T09:11:19Z,2026-09-03T09:11:18Z,2026-09-03T09:11:19Z,site_a,SIM,synthetic_demo,A-WAN-1,UP,1000.0,245.4855,245.67,0.0,19.03,1.8015,0.045,0,UP,4.0,0.0,48,12,57,-63.5,19.105,5.827,0,3,0,7,0,215.0,0.0,0,0,LOAD_SHED,LOAD_SHED,0,1,54.68,92.0,48.402,48.2162,2.0719,3.64477,3.72977,3.63047,3.71547,85.0,23.5,139.858,3,37.204,,DISCHARGE,0.0,0,,SYNTHETIC,0
doe-000,0,678,2026-09-03T09:11:18Z,2026-09-03T09:11:19Z,2026-09-03T09:11:18Z,2026-09-03T09:11:19Z,site_b,SIM,synthetic_demo,B-WAN-1,UP,1000.0,69.386,69.37,0.0,22.48,1.3731,0.104,0,UP,4.0,0.0,6,6,12,-61.0,15.052,4.093,0,1,0,32,0,78.0,0.0,0,0,,,,,,,,,,,,,,,,,,,,,0.0,0,,SYNTHETIC,0
doe-000,0,679,2026-09-03T09:11:19Z,2026-09-03T09:11:20Z,2026-09-03T09:11:19Z,2026-09-03T09:11:20Z,site_a,SIM,synthetic_demo,A-WAN-1,UP,1000.0,292.679,292.41,0.0,17.18,1.5978,0.083,0,UP,4.0,0.0,48,12,59,-61.8,18.531,5.49,1,3,0,7,0,391.0,0.0,0,0,LOAD_SHED,LOAD_SHED,0,1,54.71,92.0,48.4019,48.215,2.0842,3.64476,3.72976,3.63038,3.71538,85.0,23.2,140.686,3,37.186,,DISCHARGE,0.0,0,,SYNTHETIC,0
doe-000,0,679,2026-09-03T09:11:19Z,2026-09-03T09:11:20Z,2026-09-03T09:11:19Z,2026-09-03T09:11:20Z,site_b,SIM,synthetic_demo,B-WAN-1,UP,1000.0,92.2498,91.85,0.0,21.99,1.2698,0.092,0,UP,4.0,0.0,6,6,34,-61.1,19.579,5.444,0,0,0,32,0,44.0,0.0,0,0,,,,,,,,,,,,,,,,,,,,,0.0,0,,SYNTHETIC,0
doe-000,0,680,2026-09-03T09:11:20Z,2026-09-03T09:11:21Z,2026-09-03T09:11:20Z,2026-09-03T09:11:21Z,site_a,SIM,synthetic_demo,A-WAN-1,UP,1000.0,289.8608,290.09,0.0,16.48,0.25,0.038,0,UP,4.0,0.0,48,12,37,-61.0,16.936,4.119,0,5,0,7,0,404.0,0.0,0,0,LOAD_SHED,LOAD_SHED,0,1,54.69,92.0,48.4018,48.2137,2.0968,3.64475,3.72975,3.63029,3.71529,85.0,23.4,141.533,3,37.167,,DISCHARGE,0.0,0,,SYNTHETIC,0
doe-000,0,680,2026-09-03T09:11:20Z,2026-09-03T09:11:21Z,2026-09-03T09:11:20Z,2026-09-03T09:11:21Z,site_b,SIM,synthetic_demo,B-WAN-1,UP,1000.0,82.0774,81.62,0.0,21.51,0.0794,0.115,0,UP,4.0,0.0,6,6,55,-63.9,25.761,7.817,0,0,0,32,0,60.0,0.0,0,0,,,,,,,,,,,,,,,,,,,,,0.0,0,,SYNTHETIC,0
doe-000,0,681,2026-09-03T09:11:21Z,2026-09-03T09:11:22Z,2026-09-03T09:11:21Z,2026-09-03T09:11:22Z,site_a,SIM,synthetic_demo,A-WAN-1,UP,1000.0,231.7728,231.66,0.0,17.35,1.1323,0.084,0,UP,4.0,0.0,48,12,86,-61.8,23.08,6.679,0,4,0,7,0,245.0,0.0,0,0,LOAD_SHED,LOAD_SHED,0,1,54.71,92.0,48.4017,48.2041,2.203,3.64474,3.72974,3.62954,3.71454,85.0,23.5,148.668,3,37.018,,DISCHARGE,0.0,0,,SYNTHETIC,0
doe-000,0,681,2026-09-03T09:11:21Z,2026-09-03T09:11:22Z,2026-09-03T09:11:21Z,2026-09-03T09:11:22Z,site_b,SIM,synthetic_demo,B-WAN-1,UP,1000.0,72.8624,72.61,0.0,21.66,0.6159,0.106,0,UP,4.0,0.0,6,6,46,-63.8,22.737,6.751,1,0,0,32,0,64.0,0.0,0,0,,,,,,,,,,,,,,,,,,,,,0.0,0,,SYNTHETIC,0
doe-000,0,682,2026-09-03T09:11:22Z,2026-09-03T09:11:23Z,2026-09-03T09:11:22Z,2026-09-03T09:11:23Z,site_a,SIM,synthetic_demo,A-WAN-1,UP,1000.0,261.1752,260.92,0.0,16.45,0.8798,0.093,0,UP,4.0,0.0,48,12,49,-60.6,16.845,5.079,0,3,0,7,0,268.0,0.0,0,0,LOAD_SHED,LOAD_SHED,0,1,54.71,92.0,48.4016,48.2136,2.0954,3.64474,3.72974,3.63028,3.71528,85.0,23.4,141.434,3,37.168,,DISCHARGE,0.0,0,,SYNTHETIC,0
doe-000,0,682,2026-09-03T09:11:22Z,2026-09-03T09:11:23Z,2026-09-03T09:11:22Z,2026-09-03T09:11:23Z,site_b,SIM,synthetic_demo,B-WAN-1,UP,1000.0,79.753,79.06,0.0,21.95,1.0746,0.1,0,UP,4.0,0.0,6,6,62,-62.3,25.227,7.715,0,1,0,32,0,75.0,0.0,0,0,,,,,,,,,,,,,,,,,,,,,0.0,0,,SYNTHETIC,0
doe-000,0,683,2026-09-03T09:11:23Z,2026-09-03T09:11:24Z,2026-09-03T09:11:23Z,2026-09-03T09:11:24Z,site_a,SIM,synthetic_demo,A-WAN-1,UP,1000.0,252.6652,252.99,0.0,16.06,0.1395,0.08,0,UP,4.0,0.0,48,12,45,-60.3,17.349,5.041,0,3,0,7,0,230.0,0.0,0,0,LOAD_SHED,LOAD_SHED,0,1,54.68,92.0,48.4015,48.2091,2.1447,3.64473,3.72973,3.62993,3.71493,85.0,23.5,144.748,3,37.097,,DISCHARGE,0.0,0,,SYNTHETIC,0
doe-000,0,683,2026-09-03T09:11:23Z,2026-09-03T09:11:24Z,2026-09-03T09:11:23Z,2026-09-03T09:11:24Z,site_b,SIM,synthetic_demo,B-WAN-1,UP,1000.0,79.0752,79.89,0.0,22.26,1.3591,0.129,0,UP,4.0,0.0,6,6,57,-60.4,26.547,7.752,0,1,0,32,0,51.0,0.0,0,0,,,,,,,,,,,,,,,,,,,,,0.0,0,,SYNTHETIC,0
doe-000,0,684,2026-09-03T09:11:24Z,2026-09-03T09:11:25Z,2026-09-03T09:11:24Z,2026-09-03T09:11:25Z,site_a,SIM,synthetic_demo,A-WAN-1,UP,1000.0,224.2142,223.74,0.0,16.42,0.3871,0.064,0,UP,4.0,0.0,48,12,49,-61.9,17.216,5.707,0,3,0,7,0,304.0,0.0,0,0,LOAD_SHED,LOAD_SHED,0,1,54.78,92.0,48.4014,48.211,2.1221,3.64472,3.72972,3.63008,3.71508,85.0,23.3,143.228,3,37.128,,DISCHARGE,0.0,0,,SYNTHETIC,0
doe-000,0,684,2026-09-03T09:11:24Z,2026-09-03T09:11:25Z,2026-09-03T09:11:24Z,2026-09-03T09:11:25Z,site_b,SIM,synthetic_demo,B-WAN-1,UP,1000.0,91.8627,92.41,0.0,20.77,0.0968,0.121,0,UP,4.0,0.0,6,6,35,-66.7,20.603,7.982,0,0,0,32,0,55.0,0.0,0,0,,,,,,,,,,,,,,,,,,,,,0.0,0,,SYNTHETIC,0
doe-000,0,685,2026-09-03T09:11:25Z,2026-09-03T09:11:26Z,2026-09-03T09:11:25Z,2026-09-03T09:11:26Z,site_a,SIM,synthetic_demo,A-WAN-1,UP,1000.0,220.5092,220.55,0.0,15.6,0.2262,0.086,0,UP,4.0,0.0,48,12,56,-62.0,17.986,5.363,0,4,0,7,0,291.0,0.0,0,0,LOAD_SHED,LOAD_SHED,0,1,54.7,92.0,48.4012,48.2105,2.1265,3.64471,3.72971,3.63004,3.71504,85.0,23.3,143.526,3,37.121,,DISCHARGE,0.0,0,,SYNTHETIC,0
doe-000,0,685,2026-09-03T09:11:25Z,2026-09-03T09:11:26Z,2026-09-03T09:11:25Z,2026-09-03T09:11:26Z,site_b,SIM,synthetic_demo,B-WAN-1,UP,1000.0,62.246,61.7,0.0,21.06,0.1358,0.068,0,UP,4.0,0.0,6,6,17,-63.0,14.851,5.021,0,0,0,32,0,41.0,0.0,0,0,,,,,,,,,,,,,,,,,,,,,0.0,0,,SYNTHETIC,0
doe-000,0,686,2026-09-03T09:11:26Z,2026-09-03T09:11:27Z,2026-09-03T09:11:26Z,2026-09-03T09:11:27Z,site_a,SIM,synthetic_demo,A-WAN-1,UP,1000.0,255.0178,254.35,0.0,19.5,3.9185,0.092,0,UP,4.0,0.0,48,12,31,-61.9,14.994,4.753,0,3,0,7,0,437.0,0.0,0,0,LOAD_SHED,LOAD_SHED,0,1,54.62,92.0,48.4011,48.2114,2.1157,3.6447,3.7297,3.6301,3.7151,85.0,23.4,142.801,3,37.136,,DISCHARGE,0.0,0,,SYNTHETIC,0
doe-000,0,686,2026-09-03T09:11:26Z,2026-09-03T09:11:27Z,2026-09-03T09:11:26Z,2026-09-03T09:11:27Z,site_b,SIM,synthetic_demo,B-WAN-1,UP,1000.0,74.2715,73.44,0.0,23.02,1.7851,0.101,0,UP,4.0,0.0,6,6,19,-63.7,17.67,4.627,0,0,0,32,0,77.0,0.0,0,0,,,,,,,,,,,,,,,,,,,,,0.0,0,,SYNTHETIC,0
doe-000,0,687,2026-09-03T09:11:27Z,2026-09-03T09:11:28Z,2026-09-03T09:11:27Z,2026-09-03T09:11:28Z,site_a,SIM,synthetic_demo,A-WAN-1,UP,1000.0,299.6955,299.47,0.0,18.37,2.2985,0.061,0,UP,4.0,0.0,48,12,44,-62.8,18.53,5.042,0,3,0,7,0,313.0,0.0,0,0,LOAD_SHED,LOAD_SHED,0,1,54.71,92.0,48.401,48.208,2.1518,3.64469,3.72969,3.62985,3.71485,85.0,23.4,145.227,3,37.084,,DISCHARGE,0.0,0,,SYNTHETIC,0
doe-000,0,687,2026-09-03T09:11:27Z,2026-09-03T09:11:28Z,2026-09-03T09:11:27Z,2026-09-03T09:11:28Z,site_b,SIM,synthetic_demo,B-WAN-1,UP,1000.0,56.2875,56.58,0.0,21.53,0.9104,0.081,0,UP,4.0,0.0,6,6,26,-63.1,15.603,5.576,0,1,0,32,0,35.0,0.0,0,0,,,,,,,,,,,,,,,,,,,,,0.0,0,,SYNTHETIC,0
doe-000,0,688,2026-09-03T09:11:28Z,2026-09-03T09:11:29Z,2026-09-03T09:11:28Z,2026-09-03T09:11:29Z,site_a,SIM,synthetic_demo,A-WAN-1,UP,1000.0,208.9543,209.31,0.0,18.68,2.5352,0.074,0,UP,4.0,0.0,48,48,240,-62.0,18.722,5.84,0,0,0,7,0,248.0,0.0,0,0,LOAD_SHED,BATTERY,0,1,54.64,92.0,48.4009,48.2138,2.0861,3.64469,3.72969,3.63029,3.71529,85.0,23.5,140.808,,468.047,,DISCHARGE,0.0,0,,SYNTHETIC,0
doe-000,0,688,2026-09-03T09:11:28Z,2026-09-03T09:11:29Z,2026-09-03T09:11:28Z,2026-09-03T09:11:29Z,site_b,SIM,synthetic_demo,B-WAN-1,UP,1000.0,78.1433,78.01,0.0,23.08,1.3109,0.108,0,UP,4.0,0.0,6,6,72,-60.6,27.683,8.419,0,0,0,32,0,99.0,0.0,0,0,,,,,,,,,,,,,,,,,,,,,0.0,0,,SYNTHETIC,0
doe-000,0,689,2026-09-03T09:11:29Z,2026-09-03T09:11:30Z,2026-09-03T09:11:29Z,2026-09-03T09:11:30Z,site_a,SIM,synthetic_demo,A-WAN-1,UP,1000.0,220.5818,219.86,0.0,17.78,1.8916,12.397,0,UP,4.0,0.0,48,48,265,,19.965,5.741,0,1,0,7,0,418.0,0.0,0,0,BATTERY,BATTERY,0,1,54.7,92.0,48.3997,45.9215,27.6273,3.64459,3.72959,3.45396,3.53896,85.0,23.4,1775.887,,37.11,OCP_DSG,DISCHARGE,0.15,0,,SYNTHETIC|GAP|MISSING_MAR,0
doe-000,0,689,2026-09-03T09:11:29Z,2026-09-03T09:11:30Z,2026-09-03T09:11:29Z,2026-09-03T09:11:30Z,site_b,SIM,synthetic_demo,B-WAN-1,UP,1000.0,91.046,90.42,0.0,21.61,0.8514,0.082,0,UP,4.0,0.0,6,6,38,-63.7,17.867,5.656,0,1,0,32,0,78.0,0.0,0,0,,,,,,,,,,,,,,,,,,,,,0.0,0,,SYNTHETIC,0
doe-000,0,690,2026-09-03T09:11:30Z,2026-09-03T09:11:31Z,2026-09-03T09:11:30Z,2026-09-03T09:11:31Z,site_a,SIM,synthetic_demo,A-WAN-1,UP,1000.0,268.496,268.22,0.0,17.12,0.948,12.505,0,UP,4.0,0.0,48,12,63,-62.0,18.165,5.892,0,1,0,7,0,385.0,0.0,0,0,BATTERY,LOAD_SHED,0,1,54.64,92.0,48.3996,48.2106,2.1073,3.64458,3.72958,3.63004,3.71504,85.0,23.3,142.231,3,37.134,,DISCHARGE,0.15,0,,SYNTHETIC,0
doe-000,0,690,2026-09-03T09:11:30Z,2026-09-03T09:11:31Z,2026-09-03T09:11:30Z,2026-09-03T09:11:31Z,site_b,SIM,synthetic_demo,B-WAN-1,UP,1000.0,65.1572,65.54,0.0,21.57,0.5417,0.097,0,UP,4.0,0.0,6,6,61,-60.5,26.826,7.535,0,0,0,32,0,25.0,0.0,0,0,,,,,,,,,,,,,,,,,,,,,0.0,0,,SYNTHETIC,0
doe-000,0,691,2026-09-03T09:11:31Z,2026-09-03T09:11:32Z,2026-09-03T09:11:31Z,2026-09-03T09:11:32Z,site_a,SIM,synthetic_demo,A-WAN-1,UP,1000.0,275.1578,274.26,0.0,17.71,1.6079,12.492,0,UP,4.0,0.0,48,12,57,-63.8,18.486,5.984,1,2,0,7,0,440.0,0.0,0,0,LOAD_SHED,LOAD_SHED,0,1,54.7,92.0,48.3995,48.2074,2.1417,3.64458,3.72958,3.6298,3.7148,85.0,23.5,144.542,3,37.085,,DISCHARGE,0.15,0,,SYNTHETIC,0
doe-000,0,691,2026-09-03T09:11:31Z,2026-09-03T09:11:32Z,2026-09-03T09:11:31Z,2026-09-03T09:11:32Z,site_b,SIM,synthetic_demo,B-WAN-1,UP,1000.0,66.5594,66.45,0.0,22.54,1.981,0.119,0,UP,4.0,0.0,6,6,23,-61.9,17.009,4.761,0,0,0,32,0,78.0,0.0,0,0,,,,,,,,,,,,,,,,,,,,,0.0,0,,SYNTHETIC,0
doe-000,0,692,2026-09-03T09:11:32Z,2026-09-03T09:11:33Z,2026-09-03T09:11:32Z,2026-09-03T09:11:33Z,site_a,SIM,synthetic_demo,A-WAN-1,UP,1000.0,246.6646,247.51,0.0,18.0,2.5096,12.466,0,UP,4.0,0.0,48,12,68,-61.9,19.074,5.616,0,1,0,7,0,322.0,0.0,0,0,LOAD_SHED,LOAD_SHED,0,1,54.57,92.0,48.3994,48.2103,2.1074,3.64457,3.72957,3.63003,3.71503,85.0,23.3,142.233,3,37.132,,DISCHARGE,0.15,0,,SYNTHETIC,0
doe-000,0,692,2026-09-03T09:11:32Z,2026-09-03T09:11:33Z,2026-09-03T09:11:32Z,2026-09-03T09:11:33Z,site_b,SIM,synthetic_demo,B-WAN-1,UP,1000.0,67.6465,67.82,0.0,23.06,2.2399,0.09,0,UP,4.0,0.0,6,6,48,-61.3,22.865,6.549,0,0,0,32,0,48.0,0.0,0,0,,,,,,,,,,,,,,,,,,,,,0.0,0,,SYNTHETIC,0
doe-000,0,693,2026-09-03T09:11:33Z,2026-09-03T09:11:34Z,2026-09-03T09:11:33Z,2026-09-03T09:11:34Z,site_a,SIM,synthetic_demo,A-WAN-1,UP,1000.0,244.5371,244.22,0.0,16.34,0.4374,12.471,0,UP,4.0,0.0,48,12,84,-63.3,22.233,6.938,0,2,0,7,0,318.0,0.0,0,0,LOAD_SHED,LOAD_SHED,0,1,54.65,92.0,48.3993,48.2113,2.0952,3.64456,3.72956,3.6301,3.7151,85.0,23.6,141.418,3,37.148,,DISCHARGE,0.15,0,,SYNTHETIC,0
doe-000,0,693,2026-09-03T09:11:33Z,2026-09-03T09:11:34Z,2026-09-03T09:11:33Z,2026-09-03T09:11:34Z,site_b,SIM,synthetic_demo,B-WAN-1,UP,1000.0,68.1349,67.62,0.0,22.44,1.551,0.097,0,UP,4.0,0.0,6,6,71,-62.9,28.114,8.45,0,2,0,32,0,84.0,0.0,0,0,,,,,,,,,,,,,,,,,,,,,0.0,0,,SYNTHETIC,0
doe-000,0,694,2026-09-03T09:11:34Z,2026-09-03T09:11:35Z,2026-09-03T09:11:34Z,2026-09-03T09:11:35Z,site_a,SIM,synthetic_demo,A-WAN-1,UP,1000.0,259.5608,259.43,0.0,16.92,0.5558,12.477,0,UP,4.0,0.0,48,12,33,-63.2,16.285,5.053,0,3,0,7,0,616.0,0.0,0,0,LOAD_SHED,LOAD_SHED,0,1,54.67,92.0,48.3992,48.2127,2.0785,3.64455,3.72955,3.63021,3.71521,85.0,23.4,140.292,3,37.171,,DISCHARGE,0.15,0,,SYNTHETIC,0
doe-000,0,694,2026-09-03T09:11:34Z,2026-09-03T09:11:35Z,2026-09-03T09:11:34Z,2026-09-03T09:11:35Z,site_b,SIM,synthetic_demo,B-WAN-1,UP,1000.0,77.5352,77.42,0.0,22.66,1.9323,0.118,0,UP,4.0,0.0,6,6,50,-62.0,21.413,6.8,0,0,0,32,0,95.0,0.0,0,0,,,,,,,,,,,,,,,,,,,,,0.0,0,,SYNTHETIC,0
doe-000,0,695,2026-09-03T09:11:35Z,2026-09-03T09:11:36Z,2026-09-03T09:11:35Z,2026-09-03T09:11:36Z,site_a,SIM,synthetic_demo,A-WAN-1,UP,1000.0,296.1942,296.65,0.0,20.05,4.3473,12.581,0,UP,4.0,0.0,48,12,72,-62.2,20.363,6.279,0,2,0,7,0,337.0,0.0,0,0,LOAD_SHED,LOAD_SHED,0,1,54.61,92.0,48.399,48.2068,2.1432,3.64454,3.72954,3.62975,3.71475,85.0,23.3,144.644,3,37.079,,DISCHARGE,0.15,0,,SYNTHETIC,0
doe-000,0,695,2026-09-03T09:11:35Z,2026-09-03T09:11:36Z,2026-09-03T09:11:35Z,2026-09-03T09:11:36Z,site_b,SIM,synthetic_demo,B-WAN-1,UP,1000.0,74.7095,73.62,0.0,21.05,0.472,0.132,0,UP,4.0,0.0,6,6,25,-61.9,18.135,5.364,0,0,0,32,0,58.0,0.0,0,0,,,,,,,,,,,,,,,,,,,,,0.0,0,,SYNTHETIC,0
doe-000,0,696,2026-09-03T09:11:36Z,2026-09-03T09:11:37Z,2026-09-03T09:11:36Z,2026-09-03T09:11:37Z,site_a,SIM,synthetic_demo,A-WAN-1,UP,1000.0,272.6604,272.09,0.0,16.64,0.8596,12.505,0,UP,4.0,0.0,48,12,46,-62.0,17.333,5.272,0,1,0,7,0,273.0,0.0,0,0,LOAD_SHED,LOAD_SHED,0,1,54.72,92.0,48.3989,48.1991,2.2279,3.64453,3.72953,3.62916,3.71416,85.0,23.5,150.336,3,36.96,,DISCHARGE,0.15,0,,SYNTHETIC,0
doe-000,0,696,2026-09-03T09:11:36Z,2026-09-03T09:11:37Z,2026-09-03T09:11:36Z,2026-09-03T09:11:37Z,site_b,SIM,synthetic_demo,B-WAN-1,UP,1000.0,78.3898,79.38,0.0,22.71,0.7248,0.098,0,UP,4.0,0.0,6,6,55,-60.9,24.83,7.109,1,1,0,32,0,47.0,0.0,0,0,,,,,,,,,,,,,,,,,,,,,0.0,0,,SYNTHETIC,0
doe-000,0,697,2026-09-03T09:11:37Z,2026-09-03T09:11:38Z,2026-09-03T09:11:37Z,2026-09-03T09:11:38Z,site_a,SIM,synthetic_demo,A-WAN-1,UP,1000.0,297.1191,297.35,0.0,17.22,1.072,0.118,0,UP,4.0,0.0,48,12,86,-61.6,21.816,6.554,0,2,0,7,0,352.0,0.0,0,0,LOAD_SHED,LOAD_SHED,0,1,54.57,92.0,48.3988,48.2077,2.1308,3.64452,3.72952,3.62982,3.71482,85.0,23.4,143.807,3,37.095,,DISCHARGE,0.0,0,,SYNTHETIC,0
doe-000,0,697,2026-09-03T09:11:37Z,2026-09-03T09:11:38Z,2026-09-03T09:11:37Z,2026-09-03T09:11:38Z,site_b,SIM,synthetic_demo,B-WAN-1,UP,1000.0,77.8427,77.04,0.0,21.54,0.5552,0.131,0,UP,4.0,0.0,6,6,62,-62.4,27.285,8.239,0,1,0,32,0,55.0,0.0,0,0,,,,,,,,,,,,,,,,,,,,,0.0,0,,SYNTHETIC,0
doe-000,0,698,2026-09-03T09:11:38Z,2026-09-03T09:11:39Z,2026-09-03T09:11:38Z,2026-09-03T09:11:39Z,site_a,SIM,synthetic_demo,A-WAN-1,UP,1000.0,353.7373,354.34,0.0,19.29,3.0826,0.125,0,UP,4.0,0.0,48,12,61,-61.9,18.029,5.884,0,1,0,7,0,260.0,0.0,0,0,LOAD_SHED,LOAD_SHED,0,1,54.61,92.0,48.3987,48.2089,2.1161,3.64452,3.72952,3.62992,3.71492,85.0,23.6,142.819,3,37.115,,DISCHARGE,0.0,0,,SYNTHETIC,0
doe-000,0,698,2026-09-03T09:11:38Z,2026-09-03T09:11:39Z,2026-09-03T09:11:38Z,2026-09-03T09:11:39Z,site_b,SIM,synthetic_demo,B-WAN-1,UP,1000.0,72.7068,74.5,0.0,21.58,0.2497,0.108,0,UP,4.0,0.0,6,6,30,-62.2,19.029,5.228,0,0,0,32,0,48.0,0.0,0,0,,,,,,,,,,,,,,,,,,,,,0.0,0,,SYNTHETIC,0
doe-000,0,699,2026-09-03T09:11:39Z,2026-09-03T09:11:40Z,2026-09-03T09:11:39Z,2026-09-03T09:11:40Z,site_a,SIM,synthetic_demo,A-WAN-1,UP,1000.0,237.9126,237.01,0.0,17.32,1.393,0.087,0,UP,4.0,0.0,48,12,52,-61.5,16.837,5.198,0,2,0,7,0,291.0,0.0,0,0,LOAD_SHED,LOAD_SHED,0,1,54.56,92.0,48.3986,48.1998,2.2159,3.64451,3.72951,3.62922,3.71422,85.0,23.4,149.53,3,36.974,,DISCHARGE,0.0,0,,SYNTHETIC,0
doe-000,0,699,2026-09-03T09:11:39Z,2026-09-03T09:11:40Z,2026-09-03T09:11:39Z,2026-09-03T09:11:40Z,site_b,SIM,synthetic_demo,B-WAN-1,UP,1000.0,68.8999,69.41,0.0,20.45,0.376,0.102,0,UP,4.0,0.0,6,6,78,-60.2,31.397,8.81,0,1,0,32,0,53.0,0.0,0,0,,,,,,,,,,,,,,,,,,,,,0.0,0,,SYNTHETIC,0
doe-000,0,700,2026-09-03T09:11:40Z,2026-09-03T09:11:41Z,2026-09-03T09:11:40Z,2026-09-03T09:11:41Z,site_b,SIM,synthetic_demo,B-WAN-1,UP,1000.0,71.9421,71.25,0.0,21.23,0.3277,0.117,0,UP,4.0,0.0,6,6,35,-61.7,21.833,5.98,0,0,0,32,0,62.0,0.0,0,0,,,,,,,,,,,,,,,,,,,,,0.0,0,,SYNTHETIC,0
doe-000,0,701,2026-09-03T09:11:41Z,2026-09-03T09:11:42Z,2026-09-03T09:11:41Z,2026-09-03T09:11:42Z,site_b,SIM,synthetic_demo,B-WAN-1,UP,1000.0,76.3034,75.59,0.0,21.4,0.2712,0.083,0,UP,4.0,0.0,6,6,29,-62.6,18.349,6.264,0,0,0,32,0,31.0,0.0,0,0,,,,,,,,,,,,,,,,,,,,,0.0,0,,SYNTHETIC,0
doe-000,0,702,2026-09-03T09:11:42Z,2026-09-03T09:11:43Z,2026-09-03T09:11:42Z,2026-09-03T09:11:43Z,site_b,SIM,synthetic_demo,B-WAN-1,UP,1000.0,70.9842,71.17,0.0,22.57,1.326,0.07,0,UP,4.0,0.0,6,6,29,-60.4,19.574,5.784,0,0,0,32,0,52.0,0.0,0,0,,,,,,,,,,,,,,,,,,,,,0.0,0,,SYNTHETIC,0
doe-000,0,703,2026-09-03T09:11:43Z,2026-09-03T09:11:44Z,2026-09-03T09:11:43Z,2026-09-03T09:11:44Z,site_b,SIM,synthetic_demo,B-WAN-1,UP,1000.0,94.5357,93.57,0.0,21.98,1.4368,0.104,0,UP,4.0,0.0,6,6,40,-60.4,24.715,6.623,0,0,0,32,0,71.0,0.0,0,0,,,,,,,,,,,,,,,,,,,,,0.0,0,,SYNTHETIC,0
doe-000,0,704,2026-09-03T09:11:44Z,2026-09-03T09:11:45Z,2026-09-03T09:11:44Z,2026-09-03T09:11:45Z,site_b,SIM,synthetic_demo,B-WAN-1,UP,1000.0,70.736,70.24,0.0,20.68,0.2276,0.093,0,UP,4.0,0.0,6,6,63,-61.3,25.905,8.906,1,0,0,32,0,50.0,0.0,0,0,,,,,,,,,,,,,,,,,,,,,0.0,0,,SYNTHETIC,0
doe-000,0,705,2026-09-03T09:11:45Z,2026-09-03T09:11:46Z,2026-09-03T09:11:45Z,2026-09-03T09:11:46Z,site_b,SIM,synthetic_demo,B-WAN-1,UP,1000.0,69.6288,69.76,0.0,20.62,0.2504,0.108,0,UP,4.0,0.0,6,6,75,-61.0,28.388,9.549,1,0,0,32,0,31.0,0.0,0,0,,,,,,,,,,,,,,,,,,,,,0.0,0,,SYNTHETIC,0
doe-000,0,706,2026-09-03T09:11:46Z,2026-09-03T09:11:47Z,2026-09-03T09:11:46Z,2026-09-03T09:11:47Z,site_b,SIM,synthetic_demo,B-WAN-1,UP,1000.0,70.6478,71.15,0.0,21.22,0.3937,0.101,0,UP,4.0,0.0,6,6,18,-61.1,16.629,4.496,0,1,0,32,0,46.0,0.0,0,0,,,,,,,,,,,,,,,,,,,,,0.0,0,,SYNTHETIC,0
doe-000,0,707,2026-09-03T09:11:47Z,2026-09-03T09:11:48Z,2026-09-03T09:11:47Z,2026-09-03T09:11:48Z,site_b,SIM,synthetic_demo,B-WAN-1,UP,1000.0,64.6904,64.8,0.0,21.38,0.105,0.099,0,UP,4.0,0.0,6,6,31,-61.2,18.458,5.331,0,1,0,32,0,47.0,0.0,0,0,,,,,,,,,,,,,,,,,,,,,0.0,0,,SYNTHETIC,0
doe-000,0,708,2026-09-03T09:11:48Z,2026-09-03T09:11:49Z,2026-09-03T09:11:48Z,2026-09-03T09:11:49Z,site_b,SIM,synthetic_demo,B-WAN-1,UP,1000.0,93.78,93.23,0.0,21.77,0.6462,0.076,0,UP,4.0,0.0,6,6,35,-63.9,21.002,6.554,0,0,0,32,0,48.0,0.0,0,0,,,,,,,,,,,,,,,,,,,,,0.0,0,,SYNTHETIC,0
doe-000,0,709,2026-09-03T09:11:49Z,2026-09-03T09:11:50Z,2026-09-03T09:11:49Z,2026-09-03T09:11:50Z,site_b,SIM,synthetic_demo,B-WAN-1,UP,1000.0,63.8891,64.34,0.0,22.93,2.0097,0.137,0,UP,4.0,0.0,6,6,29,-62.8,19.503,5.849,0,1,0,32,0,42.0,0.0,0,0,,,,,,,,,,,,,,,,,,,,,0.0,0,,SYNTHETIC,0
doe-000,0,710,2026-09-03T09:11:50Z,2026-09-03T09:11:51Z,2026-09-03T09:11:50Z,2026-09-03T09:11:51Z,site_b,SIM,synthetic_demo,B-WAN-1,UP,1000.0,59.776,59.99,0.0,23.87,2.9718,12.204,0,UP,4.0,0.0,6,6,89,-60.8,32.595,9.961,0,0,0,32,0,52.0,0.0,0,0,,,,,,,,,,,,,,,,,,,,,0.15,0,,SYNTHETIC,0
doe-000,0,711,2026-09-03T09:11:51Z,2026-09-03T09:11:52Z,2026-09-03T09:11:51Z,2026-09-03T09:11:52Z,site_b,SIM,synthetic_demo,B-WAN-1,UP,1000.0,75.9835,76.4,0.0,24.8,3.8305,12.247,0,UP,4.0,0.0,6,6,45,-61.3,22.043,6.68,0,0,0,32,0,55.0,0.0,0,0,,,,,,,,,,,,,,,,,,,,,0.15,0,,SYNTHETIC,0
doe-000,0,712,2026-09-03T09:11:52Z,2026-09-03T09:11:53Z,2026-09-03T09:11:52Z,2026-09-03T09:11:53Z,site_b,SIM,synthetic_demo,B-WAN-1,UP,1000.0,64.8537,64.09,0.0,21.61,0.6189,12.204,0,UP,4.0,0.0,6,6,84,-62.6,30.282,9.488,1,0,0,32,0,90.0,0.0,0,0,,,,,,,,,,,,,,,,,,,,,0.15,0,,SYNTHETIC,0
doe-000,0,713,2026-09-03T09:11:53Z,2026-09-03T09:11:54Z,2026-09-03T09:11:53Z,2026-09-03T09:11:54Z,site_b,SIM,synthetic_demo,B-WAN-1,UP,1000.0,80.6309,80.68,0.0,21.86,0.2744,12.251,0,UP,4.0,0.0,6,6,42,-61.1,24.052,6.237,0,0,0,32,0,66.0,0.0,0,0,,,,,,,,,,,,,,,,,,,,,0.15,0,,SYNTHETIC,0
doe-000,0,714,2026-09-03T09:11:54Z,2026-09-03T09:11:55Z,2026-09-03T09:11:54Z,2026-09-03T09:11:55Z,site_b,SIM,synthetic_demo,B-WAN-1,UP,1000.0,62.2444,62.12,0.0,22.76,1.4572,12.23,0,UP,4.0,0.0,6,6,48,-62.7,23.914,7.328,0,0,0,32,0,59.0,0.0,0,0,,,,,,,,,,,,,,,,,,,,,0.15,0,,SYNTHETIC,0
doe-000,0,715,2026-09-03T09:11:55Z,2026-09-03T09:11:56Z,2026-09-03T09:11:55Z,2026-09-03T09:11:56Z,site_b,SIM,synthetic_demo,B-WAN-1,UP,1000.0,59.5162,59.58,0.0,22.79,1.7649,12.196,0,UP,4.0,0.0,6,6,19,-62.3,15.315,5.178,0,0,0,32,0,34.0,0.0,0,0,,,,,,,,,,,,,,,,,,,,,0.15,0,,SYNTHETIC,0
doe-000,0,716,2026-09-03T09:11:56Z,2026-09-03T09:11:57Z,2026-09-03T09:11:56Z,2026-09-03T09:11:57Z,site_b,SIM,synthetic_demo,B-WAN-1,UP,1000.0,62.9934,63.27,0.0,22.14,0.7772,0.074,0,UP,4.0,0.0,6,6,29,-61.3,18.106,5.587,0,0,0,32,0,90.0,0.0,0,0,,,,,,,,,,,,,,,,,,,,,0.0,0,,SYNTHETIC,0
doe-000,0,717,2026-09-03T09:11:57Z,2026-09-03T09:11:58Z,2026-09-03T09:11:57Z,2026-09-03T09:11:58Z,site_b,SIM,synthetic_demo,B-WAN-1,UP,1000.0,66.3918,67.01,0.0,21.59,0.7545,0.098,0,UP,4.0,0.0,6,6,32,-62.5,20.392,5.835,0,0,0,32,0,64.0,0.0,0,0,,,,,,,,,,,,,,,,,,,,,0.0,0,,SYNTHETIC,0
doe-000,0,718,2026-09-03T09:11:58Z,2026-09-03T09:11:59Z,2026-09-03T09:11:58Z,2026-09-03T09:11:59Z,site_b,SIM,synthetic_demo,B-WAN-1,UP,1000.0,72.8486,73.2,0.0,21.8,0.5885,0.086,0,UP,4.0,0.0,6,6,65,-63.2,27.959,8.415,0,0,0,32,0,67.0,0.0,0,0,,,,,,,,,,,,,,,,,,,,,0.0,0,,SYNTHETIC,0
doe-000,0,719,2026-09-03T09:11:59Z,2026-09-03T09:12:00Z,2026-09-03T09:11:59Z,2026-09-03T09:12:00Z,site_b,SIM,synthetic_demo,B-WAN-1,UP,1000.0,75.7444,74.72,0.0,21.47,0.5977,0.113,0,UP,4.0,0.0,6,6,35,-60.9,20.763,5.579,0,0,0,32,0,66.0,0.0,0,0,,,,,,,,,,,,,,,,,,,,,0.0,0,,SYNTHETIC,0
doe-000,0,720,2026-09-03T09:12:00Z,2026-09-03T09:12:01Z,2026-09-03T09:12:00Z,2026-09-03T09:12:01Z,site_b,SIM,synthetic_demo,B-WAN-1,UP,1000.0,69.3472,70.18,0.0,21.92,1.1238,0.123,0,UP,4.0,0.0,6,6,27,-60.2,18.123,4.795,0,1,0,32,0,119.0,0.0,0,0,,,,,,,,,,,,,,,,,,,,,0.0,0,,SYNTHETIC,0
doe-000,0,721,2026-09-03T09:12:01Z,2026-09-03T09:12:02Z,2026-09-03T09:12:01Z,2026-09-03T09:12:02Z,site_b,SIM,synthetic_demo,B-WAN-1,UP,1000.0,68.3044,68.63,0.0,21.8,0.5703,0.097,0,UP,4.0,0.0,6,6,28,-60.4,16.843,5.585,0,0,0,32,0,73.0,0.0,0,0,,,,,,,,,,,,,,,,,,,,,0.0,0,,SYNTHETIC,0
doe-000,0,722,2026-09-03T09:12:02Z,2026-09-03T09:12:03Z,2026-09-03T09:12:02Z,2026-09-03T09:12:03Z,site_b,SIM,synthetic_demo,B-WAN-1,UP,1000.0,73.6897,72.93,0.0,22.77,2.056,0.115,0,UP,4.0,0.0,6,6,72,-61.4,28.907,8.713,0,0,0,32,0,61.0,0.0,0,0,,,,,,,,,,,,,,,,,,,,,0.0,0,,SYNTHETIC,0
doe-000,0,723,2026-09-03T09:12:03Z,2026-09-03T09:12:04Z,2026-09-03T09:12:03Z,2026-09-03T09:12:04Z,site_b,SIM,synthetic_demo,B-WAN-1,UP,1000.0,94.9934,95.72,0.0,22.59,1.6908,0.139,0,UP,4.0,0.0,6,6,52,-61.9,23.502,6.812,1,0,0,32,0,53.0,0.0,0,0,,,,,,,,,,,,,,,,,,,,,0.0,0,,SYNTHETIC,0
doe-000,0,724,2026-09-03T09:12:04Z,2026-09-03T09:12:05Z,2026-09-03T09:12:04Z,2026-09-03T09:12:05Z,site_b,SIM,synthetic_demo,B-WAN-1,UP,1000.0,79.5882,79.46,0.0,23.84,3.5031,0.106,0,UP,4.0,0.0,6,6,46,-62.3,21.827,7.126,0,0,0,32,0,58.0,0.0,0,0,,,,,,,,,,,,,,,,,,,,,0.0,0,,SYNTHETIC,0
doe-000,0,725,2026-09-03T09:12:05Z,2026-09-03T09:12:06Z,2026-09-03T09:12:05Z,2026-09-03T09:12:06Z,site_b,SIM,synthetic_demo,B-WAN-1,UP,1000.0,66.2932,66.41,0.0,22.29,1.1539,0.091,0,UP,4.0,0.0,6,6,53,-62.0,23.596,7.112,0,1,0,32,0,59.0,0.0,0,0,,,,,,,,,,,,,,,,,,,,,0.0,0,,SYNTHETIC,0
doe-000,0,726,2026-09-03T09:12:06Z,2026-09-03T09:12:07Z,2026-09-03T09:12:06Z,2026-09-03T09:12:07Z,site_b,SIM,synthetic_demo,B-WAN-1,UP,1000.0,68.9545,68.88,0.0,22.16,0.8584,0.075,0,UP,4.0,0.0,6,6,54,-62.7,25.244,7.974,1,2,0,32,0,96.0,0.0,0,0,,,,,,,,,,,,,,,,,,,,,0.0,0,,SYNTHETIC,0
doe-000,0,727,2026-09-03T09:12:07Z,2026-09-03T09:12:08Z,2026-09-03T09:12:07Z,2026-09-03T09:12:08Z,site_b,SIM,synthetic_demo,B-WAN-1,UP,1000.0,69.4534,70.07,0.0,22.85,2.0053,0.092,0,UP,4.0,0.0,6,6,74,-63.1,30.575,9.653,0,0,0,32,0,61.0,0.0,0,0,,,,,,,,,,,,,,,,,,,,,0.0,0,,SYNTHETIC,0
doe-000,0,728,2026-09-03T09:12:08Z,2026-09-03T09:12:09Z,2026-09-03T09:12:08Z,2026-09-03T09:12:09Z,site_b,SIM,synthetic_demo,B-WAN-1,UP,1000.0,74.7036,74.6,0.0,21.43,0.298,0.101,0,UP,4.0,0.0,6,6,43,-60.6,22.322,6.582,0,0,0,32,0,69.0,0.0,0,0,,,,,,,,,,,,,,,,,,,,,0.0,0,,SYNTHETIC,0
doe-000,0,729,2026-09-03T09:12:09Z,2026-09-03T09:12:10Z,2026-09-03T09:12:09Z,2026-09-03T09:12:10Z,site_b,SIM,synthetic_demo,B-WAN-1,UP,1000.0,74.4872,74.12,0.0,22.73,1.6118,0.096,0,UP,4.0,0.0,6,6,80,-60.1,28.597,9.268,0,1,0,32,0,68.0,0.0,0,0,,,,,,,,,,,,,,,,,,,,,0.0,0,,SYNTHETIC,0
doe-000,0,730,2026-09-03T09:12:10Z,2026-09-03T09:12:11Z,2026-09-03T09:12:10Z,2026-09-03T09:12:11Z,site_b,SIM,synthetic_demo,B-WAN-1,UP,1000.0,87.1331,86.52,0.0,21.36,0.6186,0.098,0,UP,4.0,0.0,6,6,60,-62.1,24.983,8.076,0,0,0,32,0,68.0,0.0,0,0,,,,,,,,,,,,,,,,,,,,,0.0,0,,SYNTHETIC,0
doe-000,0,731,2026-09-03T09:12:11Z,2026-09-03T09:12:12Z,2026-09-03T09:12:11Z,2026-09-03T09:12:12Z,site_b,SIM,synthetic_demo,B-WAN-1,UP,1000.0,69.8137,71.25,0.0,22.0,0.5035,0.099,0,UP,4.0,0.0,6,6,49,-62.1,24.059,7.172,1,0,0,32,0,80.0,0.0,0,0,,,,,,,,,,,,,,,,,,,,,0.0,0,,SYNTHETIC,0
doe-000,0,732,2026-09-03T09:12:12Z,2026-09-03T09:12:13Z,2026-09-03T09:12:12Z,2026-09-03T09:12:13Z,site_b,SIM,synthetic_demo,B-WAN-1,UP,1000.0,75.5987,75.34,0.0,21.39,1.0627,0.099,0,UP,4.0,0.0,6,6,38,-62.0,20.846,7.016,0,1,0,32,0,51.0,0.0,0,0,,,,,,,,,,,,,,,,,,,,,0.0,0,,SYNTHETIC,0
doe-000,0,733,2026-09-03T09:12:13Z,2026-09-03T09:12:14Z,2026-09-03T09:12:13Z,2026-09-03T09:12:14Z,site_b,SIM,synthetic_demo,B-WAN-1,UP,1000.0,62.9158,62.92,0.0,21.68,0.5286,0.11,0,UP,4.0,0.0,6,6,63,-62.6,26.725,8.279,0,0,0,32,0,40.0,0.0,0,0,,,,,,,,,,,,,,,,,,,,,0.0,0,,SYNTHETIC,0
doe-000,0,734,2026-09-03T09:12:14Z,2026-09-03T09:12:15Z,2026-09-03T09:12:14Z,2026-09-03T09:12:15Z,site_b,SIM,synthetic_demo,B-WAN-1,UP,1000.0,71.8204,71.4,0.0,20.71,0.3225,0.167,0,UP,4.0,0.0,6,6,44,-60.8,23.22,6.744,0,0,0,32,0,68.0,0.0,0,0,,,,,,,,,,,,,,,,,,,,,0.0,0,,SYNTHETIC,0
doe-000,0,735,2026-09-03T09:12:15Z,2026-09-03T09:12:16Z,2026-09-03T09:12:15Z,2026-09-03T09:12:16Z,site_a,SIM,synthetic_demo,A-WAN-1,UP,1000.0,217.8465,217.21,0.0,16.69,0.8501,0.05,0,UP,4.0,0.0,48,12,57,-63.9,19.007,5.466,1,4,0,7,0,235.0,0.0,0,0,LOAD_SHED,LOAD_SHED,0,1,54.53,92.0,48.3924,48.2032,2.1093,3.64403,3.72903,3.62948,3.71448,85.0,23.4,142.341,3,37.072,,DISCHARGE,0.0,0,,SYNTHETIC,0
doe-000,0,700,2026-09-03T09:11:40Z,2026-09-03T09:11:41Z,2026-09-03T09:11:40Z,2026-09-03T09:11:41Z,site_a,SIM,synthetic_demo,,,,,,,,,,,,,,,,,,,,,,,,,,,,,,,,,,,,,,,,,,,,,,,,,,,,SYNTHETIC|GAP|OUT_OF_ORDER,1
doe-000,0,701,2026-09-03T09:11:41Z,2026-09-03T09:11:42Z,2026-09-03T09:11:41Z,2026-09-03T09:11:42Z,site_a,SIM,synthetic_demo,,,,,,,,,,,,,,,,,,,,,,,,,,,,,,,,,,,,,,,,,,,,,,,,,,,,SYNTHETIC|GAP|OUT_OF_ORDER,1
doe-000,0,702,2026-09-03T09:11:42Z,2026-09-03T09:11:43Z,2026-09-03T09:11:42Z,2026-09-03T09:11:43Z,site_a,SIM,synthetic_demo,,,,,,,,,,,,,,,,,,,,,,,,,,,,,,,,,,,,,,,,,,,,,,,,,,,,SYNTHETIC|GAP|OUT_OF_ORDER,1
doe-000,0,703,2026-09-03T09:11:43Z,2026-09-03T09:11:44Z,2026-09-03T09:11:43Z,2026-09-03T09:11:44Z,site_a,SIM,synthetic_demo,,,,,,,,,,,,,,,,,,,,,,,,,,,,,,,,,,,,,,,,,,,,,,,,,,,,SYNTHETIC|GAP|OUT_OF_ORDER,1
doe-000,0,704,2026-09-03T09:11:44Z,2026-09-03T09:11:45Z,2026-09-03T09:11:44Z,2026-09-03T09:11:45Z,site_a,SIM,synthetic_demo,,,,,,,,,,,,,,,,,,,,,,,,,,,,,,,,,,,,,,,,,,,,,,,,,,,,SYNTHETIC|GAP|OUT_OF_ORDER,1
doe-000,0,705,2026-09-03T09:11:45Z,2026-09-03T09:11:46Z,2026-09-03T09:11:45Z,2026-09-03T09:11:46Z,site_a,SIM,synthetic_demo,,,,,,,,,,,,,,,,,,,,,,,,,,,,,,,,,,,,,,,,,,,,,,,,,,,,SYNTHETIC|GAP|OUT_OF_ORDER,1
doe-000,0,706,2026-09-03T09:11:46Z,2026-09-03T09:11:47Z,2026-09-03T09:11:46Z,2026-09-03T09:11:47Z,site_a,SIM,synthetic_demo,,,,,,,,,,,,,,,,,,,,,,,,,,,,,,,,,,,,,,,,,,,,,,,,,,,,SYNTHETIC|GAP|OUT_OF_ORDER,1
doe-000,0,707,2026-09-03T09:11:47Z,2026-09-03T09:11:48Z,2026-09-03T09:11:47Z,2026-09-03T09:11:48Z,site_a,SIM,synthetic_demo,,,,,,,,,,,,,,,,,,,,,,,,,,,,,,,,,,,,,,,,,,,,,,,,,,,,SYNTHETIC|GAP|OUT_OF_ORDER,1
doe-000,0,708,2026-09-03T09:11:48Z,2026-09-03T09:11:49Z,2026-09-03T09:11:48Z,2026-09-03T09:11:49Z,site_a,SIM,synthetic_demo,,,,,,,,,,,,,,,,,,,,,,,,,,,,,,,,,,,,,,,,,,,,,,,,,,,,SYNTHETIC|GAP|OUT_OF_ORDER,1
doe-000,0,709,2026-09-03T09:11:49Z,2026-09-03T09:11:50Z,2026-09-03T09:11:49Z,2026-09-03T09:11:50Z,site_a,SIM,synthetic_demo,,,,,,,,,,,,,,,,,,,,,,,,,,,,,,,,,,,,,,,,,,,,,,,,,,,,SYNTHETIC|GAP|OUT_OF_ORDER,1
doe-000,0,710,2026-09-03T09:11:50Z,2026-09-03T09:11:51Z,2026-09-03T09:11:50Z,2026-09-03T09:11:51Z,site_a,SIM,synthetic_demo,,,,,,,,,,,,,,,,,,,,,,,,,,,,,,,,,,,,,,,,,,,,,,,,,,,,SYNTHETIC|GAP|OUT_OF_ORDER,1
doe-000,0,711,2026-09-03T09:11:51Z,2026-09-03T09:11:52Z,2026-09-03T09:11:51Z,2026-09-03T09:11:52Z,site_a,SIM,synthetic_demo,,,,,,,,,,,,,,,,,,,,,,,,,,,,,,,,,,,,,,,,,,,,,,,,,,,,SYNTHETIC|GAP|OUT_OF_ORDER,1
doe-000,0,712,2026-09-03T09:11:52Z,2026-09-03T09:11:53Z,2026-09-03T09:11:52Z,2026-09-03T09:11:53Z,site_a,SIM,synthetic_demo,,,,,,,,,,,,,,,,,,,,,,,,,,,,,,,,,,,,,,,,,,,,,,,,,,,,SYNTHETIC|GAP|OUT_OF_ORDER,1
doe-000,0,713,2026-09-03T09:11:53Z,2026-09-03T09:11:54Z,2026-09-03T09:11:53Z,2026-09-03T09:11:54Z,site_a,SIM,synthetic_demo,,,,,,,,,,,,,,,,,,,,,,,,,,,,,,,,,,,,,,,,,,,,,,,,,,,,SYNTHETIC|GAP|OUT_OF_ORDER,1
doe-000,0,714,2026-09-03T09:11:54Z,2026-09-03T09:11:55Z,2026-09-03T09:11:54Z,2026-09-03T09:11:55Z,site_a,SIM,synthetic_demo,,,,,,,,,,,,,,,,,,,,,,,,,,,,,,,,,,,,,,,,,,,,,,,,,,,,SYNTHETIC|GAP|OUT_OF_ORDER,1
doe-000,0,715,2026-09-03T09:11:55Z,2026-09-03T09:11:56Z,2026-09-03T09:11:55Z,2026-09-03T09:11:56Z,site_a,SIM,synthetic_demo,,,,,,,,,,,,,,,,,,,,,,,,,,,,,,,,,,,,,,,,,,,,,,,,,,,,SYNTHETIC|GAP|OUT_OF_ORDER,1
doe-000,0,716,2026-09-03T09:11:56Z,2026-09-03T09:11:57Z,2026-09-03T09:11:56Z,2026-09-03T09:11:57Z,site_a,SIM,synthetic_demo,,,,,,,,,,,,,,,,,,,,,,,,,,,,,,,,,,,,,,,,,,,,,,,,,,,,SYNTHETIC|GAP|OUT_OF_ORDER,1
doe-000,0,717,2026-09-03T09:11:57Z,2026-09-03T09:11:58Z,2026-09-03T09:11:57Z,2026-09-03T09:11:58Z,site_a,SIM,synthetic_demo,,,,,,,,,,,,,,,,,,,,,,,,,,,,,,,,,,,,,,,,,,,,,,,,,,,,SYNTHETIC|GAP|OUT_OF_ORDER,1
doe-000,0,718,2026-09-03T09:11:58Z,2026-09-03T09:11:59Z,2026-09-03T09:11:58Z,2026-09-03T09:11:59Z,site_a,SIM,synthetic_demo,,,,,,,,,,,,,,,,,,,,,,,,,,,,,,,,,,,,,,,,,,,,,,,,,,,,SYNTHETIC|GAP|OUT_OF_ORDER,1
doe-000,0,719,2026-09-03T09:11:59Z,2026-09-03T09:12:00Z,2026-09-03T09:11:59Z,2026-09-03T09:12:00Z,site_a,SIM,synthetic_demo,,,,,,,,,,,,,,,,,,,,,,,,,,,,,,,,,,,,,,,,,,,,,,,,,,,,SYNTHETIC|GAP|OUT_OF_ORDER,1
doe-000,0,720,2026-09-03T09:12:00Z,2026-09-03T09:12:01Z,2026-09-03T09:12:00Z,2026-09-03T09:12:01Z,site_a,SIM,synthetic_demo,,,,,,,,,,,,,,,,,,,,,,,,,,,,,,,,,,,,,,,,,,,,,,,,,,,,SYNTHETIC|GAP|OUT_OF_ORDER,1
doe-000,0,721,2026-09-03T09:12:01Z,2026-09-03T09:12:02Z,2026-09-03T09:12:01Z,2026-09-03T09:12:02Z,site_a,SIM,synthetic_demo,,,,,,,,,,,,,,,,,,,,,,,,,,,,,,,,,,,,,,,,,,,,,,,,,,,,SYNTHETIC|GAP|OUT_OF_ORDER,1
doe-000,0,722,2026-09-03T09:12:02Z,2026-09-03T09:12:03Z,2026-09-03T09:12:02Z,2026-09-03T09:12:03Z,site_a,SIM,synthetic_demo,,,,,,,,,,,,,,,,,,,,,,,,,,,,,,,,,,,,,,,,,,,,,,,,,,,,SYNTHETIC|GAP|OUT_OF_ORDER,1
doe-000,0,723,2026-09-03T09:12:03Z,2026-09-03T09:12:04Z,2026-09-03T09:12:03Z,2026-09-03T09:12:04Z,site_a,SIM,synthetic_demo,,,,,,,,,,,,,,,,,,,,,,,,,,,,,,,,,,,,,,,,,,,,,,,,,,,,SYNTHETIC|GAP|OUT_OF_ORDER,1
doe-000,0,724,2026-09-03T09:12:04Z,2026-09-03T09:12:05Z,2026-09-03T09:12:04Z,2026-09-03T09:12:05Z,site_a,SIM,synthetic_demo,,,,,,,,,,,,,,,,,,,,,,,,,,,,,,,,,,,,,,,,,,,,,,,,,,,,SYNTHETIC|GAP|OUT_OF_ORDER,1
doe-000,0,735,2026-09-03T09:12:15Z,2026-09-03T09:12:16Z,2026-09-03T09:12:15Z,2026-09-03T09:12:16Z,site_b,SIM,synthetic_demo,B-WAN-1,UP,1000.0,67.2884,67.22,0.0,22.37,1.2835,0.09,0,UP,4.0,0.0,6,6,38,-62.6,21.008,6.396,0,0,0,32,0,58.0,0.0,0,0,,,,,,,,,,,,,,,,,,,,,0.0,0,,SYNTHETIC,0
doe-000,0,736,2026-09-03T09:12:16Z,2026-09-03T09:12:17Z,2026-09-03T09:12:16Z,2026-09-03T09:12:17Z,site_a,SIM,synthetic_demo,A-WAN-1,UP,1000.0,383.1783,382.97,0.0,16.5,0.3206,0.054,0,UP,4.0,0.0,48,12,59,-63.3,19.072,5.753,0,4,0,7,0,371.0,0.0,0,0,LOAD_SHED,LOAD_SHED,0,1,54.6,92.0,48.3923,48.2025,2.1157,3.64402,3.72902,3.62943,3.71443,85.0,23.4,142.772,3,37.062,,DISCHARGE,0.0,0,,SYNTHETIC,0
doe-000,0,725,2026-09-03T09:12:05Z,2026-09-03T09:12:06Z,2026-09-03T09:12:05Z,2026-09-03T09:12:06Z,site_a,SIM,synthetic_demo,,,,,,,,,,,,,,,,,,,,,,,,,,,,,,,,,,,,,,,,,,,,,,,,,,,,SYNTHETIC|GAP|OUT_OF_ORDER,1
doe-000,0,726,2026-09-03T09:12:06Z,2026-09-03T09:12:07Z,2026-09-03T09:12:06Z,2026-09-03T09:12:07Z,site_a,SIM,synthetic_demo,,,,,,,,,,,,,,,,,,,,,,,,,,,,,,,,,,,,,,,,,,,,,,,,,,,,SYNTHETIC|GAP|OUT_OF_ORDER,1
doe-000,0,727,2026-09-03T09:12:07Z,2026-09-03T09:12:08Z,2026-09-03T09:12:07Z,2026-09-03T09:12:08Z,site_a,SIM,synthetic_demo,,,,,,,,,,,,,,,,,,,,,,,,,,,,,,,,,,,,,,,,,,,,,,,,,,,,SYNTHETIC|GAP|OUT_OF_ORDER,1
doe-000,0,728,2026-09-03T09:12:08Z,2026-09-03T09:12:09Z,2026-09-03T09:12:08Z,2026-09-03T09:12:09Z,site_a,SIM,synthetic_demo,,,,,,,,,,,,,,,,,,,,,,,,,,,,,,,,,,,,,,,,,,,,,,,,,,,,SYNTHETIC|GAP|OUT_OF_ORDER,1
doe-000,0,729,2026-09-03T09:12:09Z,2026-09-03T09:12:10Z,2026-09-03T09:12:09Z,2026-09-03T09:12:10Z,site_a,SIM,synthetic_demo,,,,,,,,,,,,,,,,,,,,,,,,,,,,,,,,,,,,,,,,,,,,,,,,,,,,SYNTHETIC|GAP|OUT_OF_ORDER,1
doe-000,0,730,2026-09-03T09:12:10Z,2026-09-03T09:12:11Z,2026-09-03T09:12:10Z,2026-09-03T09:12:11Z,site_a,SIM,synthetic_demo,,,,,,,,,,,,,,,,,,,,,,,,,,,,,,,,,,,,,,,,,,,,,,,,,,,,SYNTHETIC|GAP|OUT_OF_ORDER,1
doe-000,0,731,2026-09-03T09:12:11Z,2026-09-03T09:12:12Z,2026-09-03T09:12:11Z,2026-09-03T09:12:12Z,site_a,SIM,synthetic_demo,,,,,,,,,,,,,,,,,,,,,,,,,,,,,,,,,,,,,,,,,,,,,,,,,,,,SYNTHETIC|GAP|OUT_OF_ORDER,1
doe-000,0,732,2026-09-03T09:12:12Z,2026-09-03T09:12:13Z,2026-09-03T09:12:12Z,2026-09-03T09:12:13Z,site_a,SIM,synthetic_demo,,,,,,,,,,,,,,,,,,,,,,,,,,,,,,,,,,,,,,,,,,,,,,,,,,,,SYNTHETIC|GAP|OUT_OF_ORDER,1
doe-000,0,733,2026-09-03T09:12:13Z,2026-09-03T09:12:14Z,2026-09-03T09:12:13Z,2026-09-03T09:12:14Z,site_a,SIM,synthetic_demo,,,,,,,,,,,,,,,,,,,,,,,,,,,,,,,,,,,,,,,,,,,,,,,,,,,,SYNTHETIC|GAP|OUT_OF_ORDER,1
doe-000,0,734,2026-09-03T09:12:14Z,2026-09-03T09:12:15Z,2026-09-03T09:12:14Z,2026-09-03T09:12:15Z,site_a,SIM,synthetic_demo,,,,,,,,,,,,,,,,,,,,,,,,,,,,,,,,,,,,,,,,,,,,,,,,,,,,SYNTHETIC|GAP|OUT_OF_ORDER,1
doe-000,0,736,2026-09-03T09:12:16Z,2026-09-03T09:12:17Z,2026-09-03T09:12:16Z,2026-09-03T09:12:17Z,site_b,SIM,synthetic_demo,B-WAN-1,UP,1000.0,68.1925,68.17,0.0,21.34,0.4115,0.112,0,UP,4.0,0.0,6,6,42,-60.4,23.816,5.851,0,0,0,32,0,92.0,0.0,0,0,,,,,,,,,,,,,,,,,,,,,0.0,0,,SYNTHETIC,0
doe-000,0,737,2026-09-03T09:12:17Z,2026-09-03T09:12:18Z,2026-09-03T09:12:17Z,2026-09-03T09:12:18Z,site_a,SIM,synthetic_demo,A-WAN-1,UP,1000.0,219.7136,219.66,0.0,17.56,1.294,0.075,0,UP,4.0,0.0,48,12,45,-61.7,15.91,5.665,0,3,0,7,0,283.0,0.0,0,0,LOAD_SHED,LOAD_SHED,0,1,54.56,92.0,48.3922,48.2064,2.0718,3.64402,3.72902,3.62972,3.71472,85.0,23.6,139.824,3,37.123,,DISCHARGE,0.0,0,,SYNTHETIC,0
doe-000,0,737,2026-09-03T09:12:17Z,2026-09-03T09:12:18Z,2026-09-03T09:12:17Z,2026-09-03T09:12:18Z,site_b,SIM,synthetic_demo,B-WAN-1,UP,1000.0,56.1856,56.25,0.0,23.85,2.5563,0.085,0,UP,4.0,0.0,6,6,26,-63.2,17.105,5.573,0,0,0,32,0,56.0,0.0,0,0,,,,,,,,,,,,,,,,,,,,,0.0,0,,SYNTHETIC,0
doe-000,0,738,2026-09-03T09:12:18Z,2026-09-03T09:12:19Z,2026-09-03T09:12:18Z,2026-09-03T09:12:19Z,site_a,SIM,synthetic_demo,A-WAN-1,UP,1000.0,279.6946,280.04,0.0,17.42,1.5235,0.099,0,UP,4.0,0.0,48,12,64,-60.0,19.549,5.496,0,3,0,7,0,305.0,0.0,0,0,LOAD_SHED,LOAD_SHED,0,1,54.5,92.0,48.3921,48.207,2.064,3.64401,3.72901,3.62977,3.71477,85.0,23.5,139.296,3,37.133,,DISCHARGE,0.0,0,,SYNTHETIC,0
doe-000,0,738,2026-09-03T09:12:18Z,2026-09-03T09:12:19Z,2026-09-03T09:12:18Z,2026-09-03T09:12:19Z,site_b,SIM,synthetic_demo,B-WAN-1,UP,1000.0,57.6223,57.61,0.0,21.77,0.1974,0.081,0,UP,4.0,0.0,6,6,54,-61.3,23.867,7.341,0,1,0,32,0,33.0,0.0,0,0,,,,,,,,,,,,,,,,,,,,,0.0,0,,SYNTHETIC,0
doe-000,0,739,2026-09-03T09:12:19Z,2026-09-03T09:12:20Z,2026-09-03T09:12:19Z,2026-09-03T09:12:20Z,site_a,SIM,synthetic_demo,A-WAN-1,UP,1000.0,299.6691,299.68,0.0,15.98,0.2288,0.073,0,UP,4.0,0.0,48,48,133,-61.8,15.85,4.76,2,1,0,7,0,490.0,0.0,0,0,LOAD_SHED,BATTERY,0,1,54.58,92.0,48.392,48.2045,2.0907,3.644,3.729,3.62957,3.71457,85.0,23.3,141.091,,466.175,,DISCHARGE,0.0,0,,SYNTHETIC,0
doe-000,0,739,2026-09-03T09:12:19Z,2026-09-03T09:12:20Z,2026-09-03T09:12:19Z,2026-09-03T09:12:20Z,site_b,SIM,synthetic_demo,B-WAN-1,UP,1000.0,57.6565,57.61,0.0,22.55,1.4651,0.09,0,UP,4.0,0.0,6,6,32,-62.2,18.984,5.73,1,1,0,32,0,64.0,0.0,0,0,,,,,,,,,,,,,,,,,,,,,0.0,0,,SYNTHETIC,0
doe-000,0,740,2026-09-03T09:12:20Z,2026-09-03T09:12:21Z,2026-09-03T09:12:20Z,2026-09-03T09:12:21Z,site_a,SIM,synthetic_demo,A-WAN-1,UP,1000.0,251.5568,250.91,0.0,18.2,2.3525,0.065,0,UP,4.0,0.0,48,48,250,-62.1,18.826,5.693,2,2,0,7,0,362.0,0.0,0,0,BATTERY,BATTERY,0,1,54.56,92.0,48.3908,45.9135,27.6173,3.64391,3.72891,3.45335,3.53835,85.0,23.3,1774.936,,37.056,OCP_DSG,DISCHARGE,0.0,0,,SYNTHETIC,0
doe-000,0,740,2026-09-03T09:12:20Z,2026-09-03T09:12:21Z,2026-09-03T09:12:20Z,2026-09-03T09:12:21Z,site_b,SIM,synthetic_demo,B-WAN-1,UP,1000.0,74.0322,73.91,0.0,24.14,2.2626,0.115,0,UP,4.0,0.0,6,6,46,-63.3,22.058,6.943,0,1,0,32,0,83.0,0.0,0,0,,,,,,,,,,,,,,,,,,,,,0.0,0,,SYNTHETIC,0
doe-000,0,741,2026-09-03T09:12:21Z,2026-09-03T09:12:22Z,2026-09-03T09:12:21Z,2026-09-03T09:12:22Z,site_a,SIM,synthetic_demo,A-WAN-1,UP,1000.0,264.3941,263.59,0.0,18.2,1.5293,0.116,0,UP,4.0,0.0,48,12,51,-61.2,17.196,5.035,1,2,0,7,0,330.0,0.0,0,0,BATTERY,LOAD_SHED,0,1,54.55,92.0,48.3907,48.2014,2.1104,3.6439,3.7289,3.62934,3.71434,85.0,23.3,142.415,3,37.056,,DISCHARGE,0.0,0,,SYNTHETIC,0
doe-000,0,741,2026-09-03T09:12:21Z,2026-09-03T09:12:22Z,2026-09-03T09:12:21Z,2026-09-03T09:12:22Z,site_b,SIM,synthetic_demo,B-WAN-1,UP,1000.0,48.5852,49.27,0.0,21.11,0.2003,0.076,0,UP,4.0,0.0,6,6,22,-61.8,17.309,4.442,0,0,0,32,0,35.0,0.0,0,0,,,,,,,,,,,,,,,,,,,,,0.0,0,,SYNTHETIC,0
doe-000,0,742,2026-09-03T09:12:22Z,2026-09-03T09:12:23Z,2026-09-03T09:12:22Z,2026-09-03T09:12:23Z,site_a,SIM,synthetic_demo,A-WAN-1,UP,1000.0,294.3696,294.02,0.0,20.01,3.6092,0.097,0,UP,4.0,0.0,48,12,28,-63.3,15.813,5.124,0,2,0,7,0,360.0,0.0,0,0,LOAD_SHED,LOAD_SHED,0,1,54.5,92.0,48.3906,48.1987,2.1391,3.64389,3.72889,3.62913,3.71413,85.0,23.3,144.34,3,37.015,,DISCHARGE,0.0,0,,SYNTHETIC,0
doe-000,0,742,2026-09-03T09:12:22Z,2026-09-03T09:12:23Z,2026-09-03T09:12:22Z,2026-09-03T09:12:23Z,site_b,SIM,synthetic_demo,B-WAN-1,UP,1000.0,52.1489,52.07,0.0,22.91,1.3617,0.12,0,UP,4.0,0.0,6,6,22,-62.5,17.728,5.349,0,1,0,32,0,31.0,0.0,0,0,,,,,,,,,,,,,,,,,,,,,0.0,0,,SYNTHETIC,0
doe-000,0,743,2026-09-03T09:12:23Z,2026-09-03T09:12:24Z,2026-09-03T09:12:23Z,2026-09-03T09:12:24Z,site_a,SIM,synthetic_demo,A-WAN-1,UP,1000.0,226.295,226.99,0.0,18.69,2.7339,0.1,0,UP,4.0,0.0,48,12,30,-62.0,16.297,4.807,0,2,0,7,0,231.0,0.0,0,0,LOAD_SHED,LOAD_SHED,0,1,54.54,92.0,48.3905,48.1999,2.1249,3.64388,3.72888,3.62922,3.71422,85.0,23.6,143.385,3,37.034,,DISCHARGE,0.0,0,,SYNTHETIC,0
doe-000,0,743,2026-09-03T09:12:23Z,2026-09-03T09:12:24Z,2026-09-03T09:12:23Z,2026-09-03T09:12:24Z,site_b,SIM,synthetic_demo,B-WAN-1,UP,1000.0,47.2069,47.44,0.0,23.33,2.6637,0.1,0,UP,4.0,0.0,6,6,39,-63.9,21.905,7.147,0,1,0,32,0,26.0,0.0,0,0,,,,,,,,,,,,,,,,,,,,,0.0,0,,SYNTHETIC,0
doe-000,0,744,2026-09-03T09:12:24Z,2026-09-03T09:12:25Z,2026-09-03T09:12:24Z,2026-09-03T09:12:25Z,site_a,SIM,synthetic_demo,A-WAN-1,UP,1000.0,327.4564,328.57,0.0,16.66,0.8432,0.071,0,UP,4.0,0.0,48,12,55,-60.4,19.095,5.628,0,2,0,7,0,347.0,0.0,0,0,LOAD_SHED,LOAD_SHED,0,1,54.58,92.0,48.3903,48.2011,2.1096,3.64387,3.72887,3.62932,3.71432,85.0,23.4,142.361,3,37.054,,DISCHARGE,0.0,0,,SYNTHETIC,0
doe-000,0,744,2026-09-03T09:12:24Z,2026-09-03T09:12:25Z,2026-09-03T09:12:24Z,2026-09-03T09:12:25Z,site_b,SIM,synthetic_demo,B-WAN-1,UP,1000.0,60.3807,60.43,0.0,22.18,1.3172,0.075,0,UP,4.0,0.0,6,6,45,-62.9,22.977,6.76,0,0,0,32,0,81.0,0.0,0,0,,,,,,,,,,,,,,,,,,,,,0.0,0,,SYNTHETIC,0
doe-000,0,745,2026-09-03T09:12:25Z,2026-09-03T09:12:26Z,2026-09-03T09:12:25Z,2026-09-03T09:12:26Z,site_a,SIM,synthetic_demo,A-WAN-1,UP,1000.0,259.1104,259.58,0.0,15.89,0.4226,0.056,0,UP,4.0,0.0,48,12,47,-61.5,17.738,5.367,0,2,0,7,0,320.0,0.0,0,0,LOAD_SHED,LOAD_SHED,0,1,54.59,92.0,48.3902,48.2014,2.1056,3.64386,3.72886,3.62934,3.71434,85.0,23.6,142.085,3,37.059,,DISCHARGE,0.0,0,,SYNTHETIC,0
doe-000,0,745,2026-09-03T09:12:25Z,2026-09-03T09:12:26Z,2026-09-03T09:12:25Z,2026-09-03T09:12:26Z,site_b,SIM,synthetic_demo,B-WAN-1,UP,1000.0,92.1584,93.17,0.0,22.08,0.925,0.122,0,UP,4.0,0.0,6,6,55,-61.4,26.21,7.524,0,1,0,32,0,125.0,0.0,0,0,,,,,,,,,,,,,,,,,,,,,0.0,0,,SYNTHETIC,0
doe-000,0,746,2026-09-03T09:12:26Z,2026-09-03T09:12:27Z,2026-09-03T09:12:26Z,2026-09-03T09:12:27Z,site_a,SIM,synthetic_demo,A-WAN-1,UP,1000.0,316.1199,316.35,0.0,16.46,0.7675,0.099,0,UP,4.0,0.0,48,12,25,-60.2,15.493,3.726,1,2,0,7,0,549.0,0.0,0,0,LOAD_SHED,LOAD_SHED,0,1,54.47,92.0,48.3901,48.2033,2.0831,3.64386,3.72886,3.62948,3.71448,85.0,23.4,140.575,3,37.09,,DISCHARGE,0.0,0,,SYNTHETIC,0
doe-000,0,746,2026-09-03T09:12:26Z,2026-09-03T09:12:27Z,2026-09-03T09:12:26Z,2026-09-03T09:12:27Z,site_b,SIM,synthetic_demo,B-WAN-1,UP,1000.0,52.1749,52.15,0.0,24.49,3.0269,0.072,0,UP,4.0,0.0,6,6,30,-60.9,17.102,5.718,0,0,0,32,0,79.0,0.0,0,0,,,,,,,,,,,,,,,,,,,,,0.0,0,,SYNTHETIC,0
doe-000,0,747,2026-09-03T09:12:27Z,2026-09-03T09:12:28Z,2026-09-03T09:12:27Z,2026-09-03T09:12:28Z,site_a,SIM,synthetic_demo,A-WAN-1,UP,1000.0,240.0404,241.26,0.0,18.81,2.1588,0.103,0,UP,4.0,0.0,48,12,35,-61.4,16.496,4.284,0,3,0,7,0,600.0,0.0,0,0,LOAD_SHED,LOAD_SHED,0,1,54.53,92.0,48.39,48.2008,2.1098,3.64385,3.72885,3.62929,3.71429,85.0,23.4,142.369,3,37.051,,DISCHARGE,0.0,0,,SYNTHETIC,0
doe-000,0,747,2026-09-03T09:12:27Z,2026-09-03T09:12:28Z,2026-09-03T09:12:27Z,2026-09-03T09:12:28Z,site_b,SIM,synthetic_demo,B-WAN-1,UP,1000.0,54.9809,54.22,0.0,20.94,0.2086,0.059,0,UP,4.0,0.0,6,6,86,-64.1,31.727,10.139,1,0,0,32,0,80.0,0.0,0,0,,,,,,,,,,,,,,,,,,,,,0.0,0,,SYNTHETIC,0
doe-000,0,748,2026-09-03T09:12:28Z,2026-09-03T09:12:29Z,2026-09-03T09:12:28Z,2026-09-03T09:12:29Z,site_a,SIM,synthetic_demo,A-WAN-1,UP,1000.0,259.5816,259.2,0.0,16.38,0.5802,0.048,0,UP,4.0,0.0,48,12,42,-62.3,17.242,4.863,0,2,0,7,0,294.0,0.0,0,0,LOAD_SHED,LOAD_SHED,0,1,54.62,92.0,48.3899,48.1976,2.1439,3.64384,3.72884,3.62905,3.71405,85.0,23.3,144.664,3,37.003,,DISCHARGE,0.0,0,,SYNTHETIC,0
doe-000,0,748,2026-09-03T09:12:28Z,2026-09-03T09:12:29Z,2026-09-03T09:12:28Z,2026-09-03T09:12:29Z,site_b,SIM,synthetic_demo,B-WAN-1,UP,1000.0,60.0908,60.61,0.0,21.46,0.931,0.113,0,UP,4.0,0.0,6,6,39,-62.3,21.631,6.59,0,1,0,32,0,107.0,0.0,0,0,,,,,,,,,,,,,,,,,,,,,0.0,0,,SYNTHETIC,0
doe-000,0,749,2026-09-03T09:12:29Z,2026-09-03T09:12:30Z,2026-09-03T09:12:29Z,2026-09-03T09:12:30Z,site_a,SIM,synthetic_demo,A-WAN-1,UP,1000.0,228.2962,228.07,0.0,16.52,0.3437,0.105,0,UP,4.0,0.0,48,12,42,-60.9,16.456,5.705,1,2,0,7,0,268.0,0.0,0,0,LOAD_SHED,LOAD_SHED,0,1,54.53,92.0,48.3898,48.2023,2.0899,3.64383,3.72883,3.62941,3.71441,85.0,23.5,141.034,3,37.078,,DISCHARGE,0.0,0,,SYNTHETIC,0
doe-000,0,749,2026-09-03T09:12:29Z,2026-09-03T09:12:30Z,2026-09-03T09:12:29Z,2026-09-03T09:12:30Z,site_b,SIM,synthetic_demo,B-WAN-1,UP,1000.0,64.9894,64.56,0.0,22.89,1.6072,0.108,0,UP,4.0,0.0,6,6,36,-62.0,18.389,5.512,0,0,0,32,0,71.0,0.0,0,0,,,,,,,,,,,,,,,,,,,,,0.0,0,,SYNTHETIC,0
doe-000,0,750,2026-09-03T09:12:30Z,2026-09-03T09:12:31Z,2026-09-03T09:12:30Z,2026-09-03T09:12:31Z,site_a,SIM,synthetic_demo,A-WAN-1,UP,1000.0,348.2646,347.74,0.0,18.46,2.1176,0.123,0,UP,4.0,0.0,48,12,40,-62.4,15.877,4.529,0,3,0,7,0,296.0,0.0,0,0,LOAD_SHED,LOAD_SHED,0,1,54.48,92.0,48.3897,48.2018,2.0944,3.64382,3.72882,3.62937,3.71437,85.0,23.5,141.333,3,37.07,,DISCHARGE,0.0,0,,SYNTHETIC,0
doe-000,0,750,2026-09-03T09:12:30Z,2026-09-03T09:12:31Z,2026-09-03T09:12:30Z,2026-09-03T09:12:31Z,site_b,SIM,synthetic_demo,B-WAN-1,UP,1000.0,89.6435,89.47,0.0,21.43,0.5573,0.103,0,UP,4.0,0.0,6,6,87,-61.6,31.75,10.014,0,0,0,32,0,108.0,0.0,0,0,,,,,,,,,,,,,,,,,,,,,0.0,0,,SYNTHETIC,0
doe-000,0,751,2026-09-03T09:12:31Z,2026-09-03T09:12:32Z,2026-09-03T09:12:31Z,2026-09-03T09:12:32Z,site_a,SIM,synthetic_demo,A-WAN-1,UP,1000.0,260.4033,259.73,0.0,17.86,0.8541,12.532,0,UP,4.0,0.0,48,12,71,-61.2,20.18,6.293,0,3,0,7,0,239.0,0.0,0,0,LOAD_SHED,LOAD_SHED,0,1,54.41,92.0,48.3896,48.2008,2.105,3.64381,3.72881,3.62929,3.71429,85.0,23.5,142.045,3,37.055,,DISCHARGE,0.15,0,,SYNTHETIC,0
doe-000,0,751,2026-09-03T09:12:31Z,2026-09-03T09:12:32Z,2026-09-03T09:12:31Z,2026-09-03T09:12:32Z,site_b,SIM,synthetic_demo,B-WAN-1,UP,1000.0,58.134,59.39,0.0,21.86,0.275,0.12,0,UP,4.0,0.0,6,6,27,-62.7,19.064,6.651,1,1,0,32,0,50.0,0.0,0,0,,,,,,,,,,,,,,,,,,,,,0.0,0,,SYNTHETIC,0
doe-000,0,752,2026-09-03T09:12:32Z,2026-09-03T09:12:33Z,2026-09-03T09:12:32Z,2026-09-03T09:12:33Z,site_a,SIM,synthetic_demo,A-WAN-1,UP,1000.0,339.7921,338.5,0.0,17.33,1.0863,12.64,0,UP,4.0,0.0,48,12,60,-61.0,18.838,5.251,0,2,0,7,0,489.0,0.0,0,0,LOAD_SHED,LOAD_SHED,0,1,54.5,92.0,48.3895,48.2015,2.0951,3.64381,3.72881,3.62935,3.71435,85.0,23.5,141.381,3,37.068,,DISCHARGE,0.15,0,,SYNTHETIC,0
doe-000,0,752,2026-09-03T09:12:32Z,2026-09-03T09:12:33Z,2026-09-03T09:12:32Z,2026-09-03T09:12:33Z,site_b,SIM,synthetic_demo,B-WAN-1,UP,1000.0,60.6189,61.19,0.0,23.36,2.0015,0.114,0,UP,4.0,0.0,6,6,71,-62.6,27.2,8.842,0,0,0,32,0,75.0,0.0,0,0,,,,,,,,,,,,,,,,,,,,,0.0,0,,SYNTHETIC,0
doe-000,0,753,2026-09-03T09:12:33Z,2026-09-03T09:12:34Z,2026-09-03T09:12:33Z,2026-09-03T09:12:34Z,site_a,SIM,synthetic_demo,A-WAN-1,UP,1000.0,253.5641,253.35,0.0,18.95,2.06,12.498,0,UP,4.0,0.0,48,12,59,-61.8,19.026,5.547,0,4,0,7,0,414.0,0.0,0,0,LOAD_SHED,LOAD_SHED,0,1,54.54,92.0,48.3894,48.1995,2.1163,3.6438,3.7288,3.62919,3.71419,85.0,23.5,142.806,3,37.037,,DISCHARGE,0.15,0,,SYNTHETIC,0
doe-000,0,753,2026-09-03T09:12:33Z,2026-09-03T09:12:34Z,2026-09-03T09:12:33Z,2026-09-03T09:12:34Z,site_b,SIM,synthetic_demo,B-WAN-1,UP,1000.0,56.4716,57.39,0.0,21.0,0.1942,0.107,0,UP,4.0,0.0,6,6,25,-62.3,16.107,5.368,1,0,0,32,0,76.0,0.0,0,0,,,,,,,,,,,,,,,,,,,,,0.0,0,,SYNTHETIC,0
doe-000,0,754,2026-09-03T09:12:34Z,2026-09-03T09:12:35Z,2026-09-03T09:12:34Z,2026-09-03T09:12:35Z,site_a,SIM,synthetic_demo,A-WAN-1,UP,1000.0,265.4256,265.27,0.0,16.58,0.4379,12.465,0,UP,4.0,0.0,48,12,51,-62.4,17.68,5.81,0,3,0,7,0,311.0,0.0,0,0,LOAD_SHED,LOAD_SHED,0,1,54.58,92.0,48.3893,48.1991,2.1201,3.64379,3.72879,3.62916,3.71416,85.0,23.4,143.059,3,37.031,,DISCHARGE,0.15,0,,SYNTHETIC,0
doe-000,0,754,2026-09-03T09:12:34Z,2026-09-03T09:12:35Z,2026-09-03T09:12:34Z,2026-09-03T09:12:35Z,site_b,SIM,synthetic_demo,B-WAN-1,UP,1000.0,60.6969,60.29,0.0,22.95,1.2461,0.088,0,UP,4.0,0.0,6,6,55,-62.0,23.801,6.741,0,0,0,32,0,55.0,0.0,0,0,,,,,,,,,,,,,,,,,,,,,0.0,0,,SYNTHETIC,0
doe-000,0,755,2026-09-03T09:12:35Z,2026-09-03T09:12:36Z,2026-09-03T09:12:35Z,2026-09-03T09:12:36Z,site_a,SIM,synthetic_demo,A-WAN-1,UP,1000.0,269.713,269.24,0.0,16.27,0.4664,12.536,0,UP,4.0,0.0,48,12,76,-64.1,19.282,6.305,0,2,0,7,0,492.0,0.0,0,0,LOAD_SHED,LOAD_SHED,0,1,54.6,92.0,48.3891,48.1967,2.1449,3.64378,3.72878,3.62898,3.71398,85.0,23.4,144.725,3,36.995,,DISCHARGE,0.15,0,,SYNTHETIC,0
doe-000,0,755,2026-09-03T09:12:35Z,2026-09-03T09:12:36Z,2026-09-03T09:12:35Z,2026-09-03T09:12:36Z,site_b,SIM,synthetic_demo,B-WAN-1,UP,1000.0,81.9373,81.75,0.0,23.19,1.9323,0.092,0,UP,4.0,0.0,6,6,53,-61.4,24.208,6.694,1,1,0,32,0,77.0,0.0,0,0,,,,,,,,,,,,,,,,,,,,,0.0,0,,SYNTHETIC,0
doe-000,0,756,2026-09-03T09:12:36Z,2026-09-03T09:12:37Z,2026-09-03T09:12:36Z,2026-09-03T09:12:37Z,site_a,SIM,synthetic_demo,A-WAN-1,UP,1000.0,251.9901,251.76,0.0,20.13,4.0605,0.102,0,UP,4.0,0.0,48,48,297,-61.5,20.687,6.158,1,1,0,7,0,321.0,0.0,0,0,LOAD_SHED,BATTERY,0,1,54.54,92.0,48.389,48.2031,2.0731,3.64377,3.72877,3.62947,3.71447,85.0,23.6,139.902,,469.821,,DISCHARGE,0.0,0,,SYNTHETIC,0
doe-000,0,756,2026-09-03T09:12:36Z,2026-09-03T09:12:37Z,2026-09-03T09:12:36Z,2026-09-03T09:12:37Z,site_b,SIM,synthetic_demo,B-WAN-1,UP,1000.0,53.4411,53.16,0.0,21.73,0.9303,0.108,0,UP,4.0,0.0,6,6,41,-62.7,23.064,6.483,0,0,0,32,0,58.0,0.0,0,0,,,,,,,,,,,,,,,,,,,,,0.0,0,,SYNTHETIC,0
doe-000,0,757,2026-09-03T09:12:37Z,2026-09-03T09:12:38Z,2026-09-03T09:12:37Z,2026-09-03T09:12:38Z,site_a,SIM,synthetic_demo,A-WAN-1,UP,1000.0,318.6591,319.08,0.0,16.55,0.3281,0.068,0,UP,4.0,0.0,48,48,205,-61.9,17.434,5.338,2,2,0,7,0,352.0,0.0,0,0,BATTERY,BATTERY,0,1,54.5,92.0,48.3878,45.9111,27.6107,3.64368,3.72868,3.45316,3.53816,85.0,23.5,1774.419,,37.042,OCP_DSG,DISCHARGE,0.0,0,,SYNTHETIC,0
doe-000,0,757,2026-09-03T09:12:37Z,2026-09-03T09:12:38Z,2026-09-03T09:12:37Z,2026-09-03T09:12:38Z,site_b,SIM,synthetic_demo,B-WAN-1,UP,1000.0,58.9117,59.26,0.0,22.35,1.2612,0.116,0,UP,4.0,0.0,6,6,26,-62.3,15.82,5.561,0,0,0,32,0,72.0,0.0,0,0,,,,,,,,,,,,,,,,,,,,,0.0,0,,SYNTHETIC,0
doe-000,0,758,2026-09-03T09:12:38Z,2026-09-03T09:12:39Z,2026-09-03T09:12:38Z,2026-09-03T09:12:39Z,site_a,SIM,synthetic_demo,A-WAN-1,UP,1000.0,301.2743,301.62,0.0,18.23,2.0158,0.078,0,UP,4.0,0.0,48,12,83,-62.9,24.131,7.081,0,4,0,7,0,214.0,0.0,0,0,BATTERY,LOAD_SHED,0,1,54.57,92.0,48.3877,48.1969,2.127,3.64367,3.72867,3.62899,3.71399,85.0,23.6,143.521,3,37.008,,DISCHARGE,0.0,0,,SYNTHETIC,0
doe-000,0,758,2026-09-03T09:12:38Z,2026-09-03T09:12:39Z,2026-09-03T09:12:38Z,2026-09-03T09:12:39Z,site_b,SIM,synthetic_demo,B-WAN-1,UP,1000.0,62.0476,62.26,0.0,22.54,2.1023,0.123,0,UP,4.0,0.0,6,6,53,-60.3,23.978,7.254,0,1,0,32,0,33.0,0.0,0,0,,,,,,,,,,,,,,,,,,,,,0.0,0,,SYNTHETIC,0
doe-000,0,759,2026-09-03T09:12:39Z,2026-09-03T09:12:40Z,2026-09-03T09:12:39Z,2026-09-03T09:12:40Z,site_a,SIM,synthetic_demo,A-WAN-1,UP,1000.0,249.385,249.38,0.0,16.42,0.4079,0.07,0,UP,4.0,0.0,48,12,76,-61.1,20.305,5.809,1,4,0,7,0,298.0,0.0,0,0,LOAD_SHED,LOAD_SHED,0,1,54.45,92.0,48.3876,48.1981,2.1124,3.64366,3.72866,3.62909,3.71409,85.0,23.5,142.539,3,37.027,,DISCHARGE,0.0,0,,SYNTHETIC,0
doe-000,0,759,2026-09-03T09:12:39Z,2026-09-03T09:12:40Z,2026-09-03T09:12:39Z,2026-09-03T09:12:40Z,site_b,SIM,synthetic_demo,B-WAN-1,UP,1000.0,64.4615,64.11,0.0,24.59,3.3577,0.115,0,UP,4.0,0.0,6,6,23,-63.5,17.319,5.407,1,0,0,32,0,63.0,0.0,0,0,,,,,,,,,,,,,,,,,,,,,0.0,0,,SYNTHETIC,0
doe-000,0,760,2026-09-03T09:12:40Z,2026-09-03T09:12:41Z,2026-09-03T09:12:40Z,2026-09-03T09:12:41Z,site_a,SIM,synthetic_demo,A-WAN-1,UP,1000.0,266.4924,266.65,0.0,16.89,0.3832,0.1,0,UP,4.0,0.0,48,12,59,-61.1,19.641,5.151,0,3,0,7,0,316.0,0.0,0,0,LOAD_SHED,LOAD_SHED,0,1,54.42,92.0,48.4725,48.285,2.0902,3.72865,3.72865,3.71423,3.71423,0.0,23.6,141.292,3,37.053,,DISCHARGE,0.0,0,,SYNTHETIC,0
doe-000,0,760,2026-09-03T09:12:40Z,2026-09-03T09:12:41Z,2026-09-03T09:12:40Z,2026-09-03T09:12:41Z,site_b,SIM,synthetic_demo,B-WAN-1,UP,1000.0,69.4042,70.12,0.0,21.9,0.997,0.109,0,UP,4.0,0.0,6,6,42,-60.0,22.468,6.146,0,1,0,32,0,69.0,0.0,0,0,,,,,,,,,,,,,,,,,,,,,0.0,0,,SYNTHETIC,0
doe-000,0,761,2026-09-03T09:12:41Z,2026-09-03T09:12:42Z,2026-09-03T09:12:41Z,2026-09-03T09:12:42Z,site_a,SIM,synthetic_demo,A-WAN-1,UP,1000.0,279.0713,279.06,0.0,16.98,0.2439,12.52,0,UP,4.0,0.0,48,12,64,-62.3,21.241,5.959,0,3,0,7,0,284.0,0.0,0,0,LOAD_SHED,LOAD_SHED,0,1,54.41,92.0,48.4724,48.2851,2.0874,3.72864,3.72864,3.71424,3.71424,0.0,23.5,141.107,3,37.056,,DISCHARGE,0.15,0,,SYNTHETIC,0
doe-000,0,761,2026-09-03T09:12:41Z,2026-09-03T09:12:42Z,2026-09-03T09:12:41Z,2026-09-03T09:12:42Z,site_b,SIM,synthetic_demo,B-WAN-1,UP,1000.0,72.1485,71.92,0.0,21.74,0.8304,0.12,0,UP,4.0,0.0,6,6,72,-61.5,29.398,8.23,0,0,0,32,0,47.0,0.0,0,0,,,,,,,,,,,,,,,,,,,,,0.0,0,,SYNTHETIC,0
doe-000,0,762,2026-09-03T09:12:42Z,2026-09-03T09:12:43Z,2026-09-03T09:12:42Z,2026-09-03T09:12:43Z,site_a,SIM,synthetic_demo,A-WAN-1,UP,1000.0,251.5323,251.69,0.0,17.75,1.4116,12.478,0,UP,4.0,0.0,48,12,48,-64.2,18.217,5.516,1,2,0,7,0,344.0,0.0,0,0,LOAD_SHED,LOAD_SHED,0,1,54.51,92.0,48.4723,48.2823,2.118,3.72864,3.72864,3.71402,3.71402,0.0,23.5,143.168,3,37.012,,DISCHARGE,0.15,0,,SYNTHETIC,0
doe-000,0,762,2026-09-03T09:12:42Z,2026-09-03T09:12:43Z,2026-09-03T09:12:42Z,2026-09-03T09:12:43Z,site_b,SIM,synthetic_demo,B-WAN-1,UP,1000.0,68.7011,68.83,0.0,24.51,3.4563,0.096,0,UP,4.0,0.0,6,6,29,-61.0,20.32,5.823,0,1,0,32,0,53.0,0.0,0,0,,,,,,,,,,,,,,,,,,,,,0.0,0,,SYNTHETIC,0
doe-000,0,763,2026-09-03T09:12:43Z,2026-09-03T09:12:44Z,2026-09-03T09:12:43Z,2026-09-03T09:12:44Z,site_a,SIM,synthetic_demo,A-WAN-1,UP,1000.0,225.7115,224.99,0.0,17.15,0.3259,0.129,0,UP,4.0,0.0,48,12,53,-62.0,17.471,5.106,0,3,0,7,0,308.0,0.0,0,0,LOAD_SHED,LOAD_SHED,0,1,54.59,92.0,48.4722,48.2857,2.0788,3.72863,3.72863,3.71428,3.71428,0.0,23.6,140.524,3,37.066,,DISCHARGE,0.0,0,,SYNTHETIC,0
doe-000,0,763,2026-09-03T09:12:43Z,2026-09-03T09:12:44Z,2026-09-03T09:12:43Z,2026-09-03T09:12:44Z,site_b,SIM,synthetic_demo,B-WAN-1,UP,1000.0,67.4581,67.29,0.0,21.84,0.8729,0.125,0,UP,4.0,0.0,6,6,30,-61.1,19.403,5.535,0,0,0,32,0,37.0,0.0,0,0,,,,,,,,,,,,,,,,,,,,,0.0,0,,SYNTHETIC,0
doe-000,0,764,2026-09-03T09:12:44Z,2026-09-03T09:12:45Z,2026-09-03T09:12:44Z,2026-09-03T09:12:45Z,site_a,SIM,synthetic_demo,A-WAN-1,UP,1000.0,263.8162,263.16,0.0,17.56,1.8128,0.083,0,UP,4.0,0.0,48,12,59,-62.0,19.087,5.703,0,3,0,7,0,269.0,0.0,0,0,LOAD_SHED,LOAD_SHED,0,1,54.46,92.0,48.4721,48.2818,2.1205,3.72862,3.72862,3.71399,3.71399,0.0,23.4,143.335,3,37.007,,DISCHARGE,0.0,0,,SYNTHETIC,0
doe-000,0,764,2026-09-03T09:12:44Z,2026-09-03T09:12:45Z,2026-09-03T09:12:44Z,2026-09-03T09:12:45Z,site_b,SIM,synthetic_demo,B-WAN-1,UP,1000.0,55.629,56.13,0.0,21.31,0.8506,0.071,0,UP,4.0,0.0,6,6,23,-62.8,16.772,5.208,0,0,0,32,0,46.0,0.0,0,0,,,,,,,,,,,,,,,,,,,,,0.0,0,,SYNTHETIC,0
doe-000,0,765,2026-09-03T09:12:45Z,2026-09-03T09:12:46Z,2026-09-03T09:12:45Z,2026-09-03T09:12:46Z,site_a,SIM,synthetic_demo,A-WAN-1,UP,1000.0,262.4004,261.55,0.0,17.04,0.5827,0.12,0,UP,4.0,0.0,48,12,63,-62.6,18.357,5.676,0,2,0,7,0,320.0,0.0,0,0,LOAD_SHED,LOAD_SHED,0,1,54.53,92.0,48.4719,48.2805,2.1339,3.72861,3.72861,3.71389,3.71389,0.0,23.5,144.237,3,36.987,,DISCHARGE,0.0,0,,SYNTHETIC,0
doe-000,0,765,2026-09-03T09:12:45Z,2026-09-03T09:12:46Z,2026-09-03T09:12:45Z,2026-09-03T09:12:46Z,site_b,SIM,synthetic_demo,B-WAN-1,UP,1000.0,47.6084,47.83,0.0,21.06,0.0167,0.119,0,UP,4.0,0.0,6,6,61,-63.1,25.795,7.932,0,0,0,32,0,70.0,0.0,0,0,,,,,,,,,,,,,,,,,,,,,0.0,0,,SYNTHETIC,0
doe-000,0,766,2026-09-03T09:12:46Z,2026-09-03T09:12:47Z,2026-09-03T09:12:46Z,2026-09-03T09:12:47Z,site_a,SIM,synthetic_demo,A-WAN-1,UP,1000.0,231.8718,231.3,0.0,18.6,2.2977,0.109,0,UP,4.0,0.0,48,12,67,-61.9,19.216,6.286,0,2,0,7,0,184.0,0.0,0,0,LOAD_SHED,LOAD_SHED,0,1,54.49,92.0,48.4718,48.28,2.1382,3.7286,3.7286,3.71385,3.71385,0.0,23.4,144.524,3,36.98,,DISCHARGE,0.0,0,,SYNTHETIC,0
doe-000,0,766,2026-09-03T09:12:46Z,2026-09-03T09:12:47Z,2026-09-03T09:12:46Z,2026-09-03T09:12:47Z,site_b,SIM,synthetic_demo,B-WAN-1,UP,1000.0,53.2125,52.69,0.0,21.16,0.0811,0.101,0,UP,4.0,0.0,6,6,53,-62.5,25.882,7.116,0,0,0,32,0,43.0,0.0,0,0,,,,,,,,,,,,,,,,,,,,,0.0,0,,SYNTHETIC,0
doe-000,0,767,2026-09-03T09:12:47Z,2026-09-03T09:12:48Z,2026-09-03T09:12:47Z,2026-09-03T09:12:48Z,site_a,SIM,synthetic_demo,A-WAN-1,UP,1000.0,312.919,314.27,0.0,19.47,3.1539,0.087,0,UP,4.0,0.0,48,12,42,-59.6,16.448,4.778,1,2,0,7,0,264.0,0.0,0,0,LOAD_SHED,LOAD_SHED,0,1,54.57,92.0,48.4717,48.2839,2.0944,3.72859,3.72859,3.71414,3.71414,0.0,23.5,141.575,3,37.041,,DISCHARGE,0.0,0,,SYNTHETIC,0
doe-000,0,767,2026-09-03T09:12:47Z,2026-09-03T09:12:48Z,2026-09-03T09:12:47Z,2026-09-03T09:12:48Z,site_b,SIM,synthetic_demo,B-WAN-1,UP,1000.0,55.7326,56.79,0.0,23.15,1.6357,0.085,0,UP,4.0,0.0,6,6,14,-61.1,13.438,4.523,0,0,0,32,0,102.0,0.0,0,0,,,,,,,,,,,,,,,,,,,,,0.0,0,,SYNTHETIC,0
doe-000,0,768,2026-09-03T09:12:48Z,2026-09-03T09:12:49Z,2026-09-03T09:12:48Z,2026-09-03T09:12:49Z,site_a,SIM,synthetic_demo,A-WAN-1,UP,1000.0,250.9194,251.48,0.0,17.37,0.6128,0.086,0,UP,4.0,0.0,48,12,84,-62.3,21.639,6.699,1,2,0,7,0,212.0,0.0,0,0,LOAD_SHED,LOAD_SHED,0,1,54.5,92.0,48.4716,48.2856,2.0738,3.72859,3.72859,3.71428,3.71428,0.0,23.5,140.188,3,37.069,,DISCHARGE,0.0,0,,SYNTHETIC,0
doe-000,0,768,2026-09-03T09:12:48Z,2026-09-03T09:12:49Z,2026-09-03T09:12:48Z,2026-09-03T09:12:49Z,site_b,SIM,synthetic_demo,B-WAN-1,UP,1000.0,80.6605,80.68,0.0,21.91,0.9348,0.111,0,UP,4.0,0.0,6,6,38,-61.5,21.745,6.031,0,0,0,32,0,63.0,0.0,0,0,,,,,,,,,,,,,,,,,,,,,0.0,0,,SYNTHETIC,0
doe-000,0,769,2026-09-03T09:12:49Z,2026-09-03T09:12:50Z,2026-09-03T09:12:49Z,2026-09-03T09:12:50Z,site_a,SIM,synthetic_demo,A-WAN-1,UP,1000.0,355.9388,355.24,0.0,19.64,2.9031,0.083,0,UP,4.0,0.0,48,12,46,-61.4,18.595,5.261,2,3,0,7,0,301.0,0.0,0,0,LOAD_SHED,LOAD_SHED,0,1,54.58,92.0,48.4715,48.2786,2.151,3.72858,3.72858,3.71374,3.71374,0.0,23.6,145.384,3,36.96,,DISCHARGE,0.0,0,,SYNTHETIC,0
doe-000,0,769,2026-09-03T09:12:49Z,2026-09-03T09:12:50Z,2026-09-03T09:12:49Z,2026-09-03T09:12:50Z,site_b,SIM,synthetic_demo,B-WAN-1,UP,1000.0,58.0882,58.37,0.0,24.47,3.0915,0.094,0,UP,4.0,0.0,6,6,33,-62.7,19.964,5.935,1,1,0,32,0,49.0,0.0,0,0,,,,,,,,,,,,,,,,,,,,,0.0,0,,SYNTHETIC,0
doe-000,0,770,2026-09-03T09:12:50Z,2026-09-03T09:12:51Z,2026-09-03T09:12:50Z,2026-09-03T09:12:51Z,site_a,SIM,synthetic_demo,A-WAN-1,UP,1000.0,272.8646,273.97,0.0,18.69,2.4633,0.116,0,UP,4.0,0.0,48,12,83,-60.7,20.579,6.682,0,2,0,7,0,274.0,0.0,0,0,LOAD_SHED,LOAD_SHED,0,1,54.49,92.0,48.4714,48.283,2.1001,3.72857,3.72857,3.71408,3.71408,0.0,23.5,141.956,3,37.03,,DISCHARGE,0.0,0,,SYNTHETIC,0
doe-000,0,770,2026-09-03T09:12:50Z,2026-09-03T09:12:51Z,2026-09-03T09:12:50Z,2026-09-03T09:12:51Z,site_b,SIM,synthetic_demo,B-WAN-1,UP,1000.0,41.8556,41.27,0.0,22.35,1.3207,0.051,0,UP,4.0,0.0,6,6,38,-61.3,20.718,6.244,0,0,0,32,0,35.0,0.0,0,0,,,,,,,,,,,,,,,,,,,,,0.0,0,,SYNTHETIC,0
doe-000,0,771,2026-09-03T09:12:51Z,2026-09-03T09:12:52Z,2026-09-03T09:12:51Z,2026-09-03T09:12:52Z,site_a,SIM,synthetic_demo,A-WAN-1,UP,1000.0,286.4836,285.09,0.0,18.8,2.83,0.079,0,UP,4.0,0.0,48,12,59,-61.5,18.019,5.463,0,3,0,7,0,203.0,0.0,0,0,LOAD_SHED,LOAD_SHED,0,1,54.51,92.0,48.4713,48.2803,2.1286,3.72856,3.72856,3.71387,3.71387,0.0,23.5,143.873,3,36.989,,DISCHARGE,0.0,0,,SYNTHETIC,0
doe-000,0,771,2026-09-03T09:12:51Z,2026-09-03T09:12:52Z,2026-09-03T09:12:51Z,2026-09-03T09:12:52Z,site_b,SIM,synthetic_demo,B-WAN-1,UP,1000.0,47.4705,47.52,0.0,21.81,1.1289,0.122,0,UP,4.0,0.0,6,6,41,-61.6,21.127,5.828,1,0,0,32,0,51.0,0.0,0,0,,,,,,,,,,,,,,,,,,,,,0.0,0,,SYNTHETIC,0
doe-000,0,772,2026-09-03T09:12:52Z,2026-09-03T09:12:53Z,2026-09-03T09:12:52Z,2026-09-03T09:12:53Z,site_a,SIM,synthetic_demo,A-WAN-1,UP,1000.0,532.7639,533.0,0.0,,2.4039,0.066,0,UP,4.0,0.0,48,12,56,-63.7,18.118,6.124,0,3,0,7,0,305.0,0.0,0,0,LOAD_SHED,LOAD_SHED,0,1,54.49,92.0,48.4712,48.2804,2.1266,3.72855,3.72855,3.71388,3.71388,0.0,23.4,143.738,3,36.991,,DISCHARGE,0.0,0,,SYNTHETIC|GAP|MISSING_MAR,0
doe-000,0,772,2026-09-03T09:12:52Z,2026-09-03T09:12:53Z,2026-09-03T09:12:52Z,2026-09-03T09:12:53Z,site_b,SIM,synthetic_demo,B-WAN-1,UP,1000.0,45.6154,44.94,0.0,20.79,0.6069,0.063,0,UP,4.0,0.0,6,6,49,-63.6,24.346,7.392,0,1,0,32,0,66.0,0.0,0,0,,,,,,,,,,,,,,,,,,,,,0.0,0,,SYNTHETIC,0
doe-000,0,773,2026-09-03T09:12:53Z,2026-09-03T09:12:54Z,2026-09-03T09:12:53Z,2026-09-03T09:12:54Z,site_a,SIM,synthetic_demo,A-WAN-1,UP,1000.0,257.5543,256.88,0.0,16.31,0.5995,0.099,0,UP,4.0,0.0,48,48,166,-61.5,16.5,4.821,2,2,0,7,0,184.0,0.0,0,0,LOAD_SHED,BATTERY,0,1,54.47,92.0,48.4711,48.2791,2.14,3.72854,3.72854,3.71378,3.71378,0.0,23.3,144.645,,454.111,,DISCHARGE,0.0,0,,SYNTHETIC,0
doe-000,0,773,2026-09-03T09:12:53Z,2026-09-03T09:12:54Z,2026-09-03T09:12:53Z,2026-09-03T09:12:54Z,site_b,SIM,synthetic_demo,B-WAN-1,UP,1000.0,68.6055,68.01,0.0,22.85,1.7583,0.073,0,UP,4.0,0.0,6,6,70,-63.4,28.5,9.094,0,0,0,32,0,43.0,0.0,0,0,,,,,,,,,,,,,,,,,,,,,0.0,0,,SYNTHETIC,0
doe-000,0,774,2026-09-03T09:12:54Z,2026-09-03T09:12:55Z,2026-09-03T09:12:54Z,2026-09-03T09:12:55Z,site_a,SIM,synthetic_demo,A-WAN-1,UP,1000.0,342.4242,342.1,0.0,18.77,1.9794,0.109,0,UP,4.0,0.0,48,48,169,-61.5,15.926,4.985,0,4,0,7,0,328.0,0.0,0,0,BATTERY,BATTERY,0,1,54.54,92.0,48.4698,45.9967,27.5711,3.72845,3.72845,3.53821,3.53821,0.0,23.5,1775.18,,37.001,OCP_DSG,DISCHARGE,0.0,0,,SYNTHETIC,0
doe-000,0,774,2026-09-03T09:12:54Z,2026-09-03T09:12:55Z,2026-09-03T09:12:54Z,2026-09-03T09:12:55Z,site_b,SIM,synthetic_demo,B-WAN-1,UP,1000.0,44.5429,45.44,0.0,21.74,1.4727,0.068,0,UP,4.0,0.0,6,6,22,-60.4,17.911,5.191,0,0,0,32,0,46.0,0.0,0,0,,,,,,,,,,,,,,,,,,,,,0.0,0,,SYNTHETIC,0
doe-000,0,775,2026-09-03T09:12:55Z,2026-09-03T09:12:56Z,2026-09-03T09:12:55Z,2026-09-03T09:12:56Z,site_a,SIM,synthetic_demo,A-WAN-1,UP,1000.0,314.6986,314.58,0.0,17.96,2.3774,0.054,0,UP,4.0,0.0,48,12,77,-62.4,20.88,6.092,0,3,0,7,0,283.0,0.0,0,0,BATTERY,LOAD_SHED,0,1,54.52,92.0,48.4697,48.2779,2.1384,3.72844,3.72844,3.71369,3.71369,0.0,23.6,144.531,3,36.962,,DISCHARGE,0.0,0,,SYNTHETIC,0
doe-000,0,775,2026-09-03T09:12:55Z,2026-09-03T09:12:56Z,2026-09-03T09:12:55Z,2026-09-03T09:12:56Z,site_b,SIM,synthetic_demo,B-WAN-1,UP,1000.0,48.053,48.8,0.0,21.79,1.1433,0.083,0,UP,4.0,0.0,6,6,37,-61.4,20.919,6.686,0,0,0,32,0,60.0,0.0,0,0,,,,,,,,,,,,,,,,,,,,,0.0,0,,SYNTHETIC,0
doe-000,0,776,2026-09-03T09:12:56Z,2026-09-03T09:12:57Z,2026-09-03T09:12:56Z,2026-09-03T09:12:57Z,site_a,SIM,synthetic_demo,A-WAN-1,UP,1000.0,253.3219,253.7,0.0,18.23,1.8354,0.109,0,UP,4.0,0.0,48,12,97,-62.6,22.968,7.194,1,3,0,7,0,244.0,0.0,0,0,LOAD_SHED,LOAD_SHED,0,1,54.43,92.0,48.4696,48.2776,2.1405,3.72843,3.72843,3.71366,3.71366,0.0,23.6,144.669,3,36.958,,DISCHARGE,0.0,0,,SYNTHETIC,0
doe-000,0,776,2026-09-03T09:12:56Z,2026-09-03T09:12:57Z,2026-09-03T09:12:56Z,2026-09-03T09:12:57Z,site_b,SIM,synthetic_demo,B-WAN-1,UP,1000.0,46.1003,46.05,0.0,22.0,1.3305,0.085,0,UP,4.0,0.0,6,6,28,-63.2,17.673,6.362,0,0,0,32,0,34.0,0.0,0,0,,,,,,,,,,,,,,,,,,,,,0.0,0,,SYNTHETIC,0
doe-000,0,777,2026-09-03T09:12:57Z,2026-09-03T09:12:58Z,2026-09-03T09:12:57Z,2026-09-03T09:12:58Z,site_a,SIM,synthetic_demo,A-WAN-1,UP,1000.0,241.3447,241.11,0.0,16.7,0.2028,0.057,0,UP,4.0,0.0,48,12,52,-62.7,18.353,5.993,0,3,0,7,0,289.0,0.0,0,0,LOAD_SHED,LOAD_SHED,0,1,54.5,92.0,48.4695,48.2797,2.1166,3.72842,3.72842,3.71382,3.71382,0.0,23.5,143.06,3,36.991,,DISCHARGE,0.0,0,,SYNTHETIC,0
doe-000,0,777,2026-09-03T09:12:57Z,2026-09-03T09:12:58Z,2026-09-03T09:12:57Z,2026-09-03T09:12:58Z,site_b,SIM,synthetic_demo,B-WAN-1,UP,1000.0,47.2447,47.52,0.0,21.17,0.0125,0.108,0,UP,4.0,0.0,6,6,65,-60.2,27.777,8.33,0,0,0,32,0,46.0,0.0,0,0,,,,,,,,,,,,,,,,,,,,,0.0,0,,SYNTHETIC,0
doe-000,0,778,2026-09-03T09:12:58Z,2026-09-03T09:12:59Z,2026-09-03T09:12:58Z,2026-09-03T09:12:59Z,site_a,SIM,synthetic_demo,A-WAN-1,UP,1000.0,329.5951,329.73,0.0,15.79,0.0039,0.089,0,UP,4.0,0.0,48,12,45,-62.0,16.426,4.974,0,2,0,7,0,393.0,0.0,0,0,LOAD_SHED,LOAD_SHED,0,1,54.46,92.0,48.4694,48.2833,2.0747,3.72842,3.72842,3.7141,3.7141,0.0,23.6,140.238,3,37.049,,DISCHARGE,0.0,0,,SYNTHETIC,0
doe-000,0,778,2026-09-03T09:12:58Z,2026-09-03T09:12:59Z,2026-09-03T09:12:58Z,2026-09-03T09:12:59Z,site_b,SIM,synthetic_demo,B-WAN-1,UP,1000.0,51.953,51.74,0.0,22.34,0.5033,0.08,0,UP,4.0,0.0,6,6,38,-62.9,21.705,6.369,1,0,0,32,0,41.0,0.0,0,0,,,,,,,,,,,,,,,,,,,,,0.0,0,,SYNTHETIC,0
doe-000,0,779,2026-09-03T09:12:59Z,2026-09-03T09:13:00Z,2026-09-03T09:12:59Z,2026-09-03T09:13:00Z,site_a,SIM,synthetic_demo,A-WAN-1,UP,1000.0,270.1458,269.77,0.0,17.85,2.2521,0.109,0,UP,4.0,0.0,48,12,70,-63.8,19.976,6.798,0,2,0,7,0,429.0,0.0,0,0,LOAD_SHED,LOAD_SHED,0,1,,92.0,48.4693,48.2777,2.1354,3.72841,3.72841,3.71367,3.71367,0.0,23.6,144.328,3,36.963,,DISCHARGE,0.0,0,,SYNTHETIC|GAP|MISSING_MAR,0
doe-000,0,779,2026-09-03T09:12:59Z,2026-09-03T09:13:00Z,2026-09-03T09:12:59Z,2026-09-03T09:13:00Z,site_b,SIM,synthetic_demo,B-WAN-1,UP,1000.0,54.7636,54.65,0.0,22.59,1.9588,0.096,0,UP,4.0,0.0,6,6,39,-63.0,22.338,6.195,0,0,0,32,0,47.0,0.0,0,0,,,,,,,,,,,,,,,,,,,,,0.0,0,,SYNTHETIC,0
doe-000,0,780,2026-09-03T09:13:00Z,2026-09-03T09:13:01Z,2026-09-03T09:13:00Z,2026-09-03T09:13:01Z,site_a,SIM,synthetic_demo,A-WAN-1,UP,1000.0,314.7894,314.74,0.0,17.16,1.2358,0.097,0,UP,4.0,0.0,48,12,63,-67.2,31.498,11.896,1,2,0,7,0,504.0,0.0,0,0,LOAD_SHED,MAINS_RECOVERY_HOLD,1,1,54.39,92.0,48.4692,48.2855,2.048,3.7284,3.7284,3.71427,3.71427,0.0,23.5,138.442,3,37.085,,DISCHARGE,0.0,0,,SYNTHETIC,0
doe-000,0,780,2026-09-03T09:13:00Z,2026-09-03T09:13:01Z,2026-09-03T09:13:00Z,2026-09-03T09:13:01Z,site_b,SIM,synthetic_demo,B-WAN-1,UP,1000.0,56.4201,56.59,0.0,21.32,0.3663,0.084,0,UP,4.0,0.0,6,6,99,-66.8,49.782,16.816,0,0,0,32,0,72.0,0.0,0,0,,,,,,,,,,,,,,,,,,,,,0.0,0,,SYNTHETIC,0
doe-000,0,781,2026-09-03T09:13:01Z,2026-09-03T09:13:02Z,2026-09-03T09:13:01Z,2026-09-03T09:13:02Z,site_a,SIM,synthetic_demo,A-WAN-1,UP,1000.0,300.183,300.8,0.0,16.86,0.67,0.062,0,UP,4.0,0.0,48,12,79,-68.4,34.5,12.312,0,4,0,7,0,696.0,0.0,0,0,MAINS_RECOVERY_HOLD,MAINS_RECOVERY_HOLD,1,1,54.46,92.0,48.4691,48.281,2.0962,3.72839,3.72839,3.71393,3.71393,0.0,23.6,141.69,3,37.016,,DISCHARGE,0.0,0,,SYNTHETIC,0
doe-000,0,781,2026-09-03T09:13:01Z,2026-09-03T09:13:02Z,2026-09-03T09:13:01Z,2026-09-03T09:13:02Z,site_b,SIM,synthetic_demo,B-WAN-1,UP,1000.0,68.9784,69.21,0.0,22.04,1.772,0.094,0,UP,4.0,0.0,6,6,62,-67.0,38.068,13.484,0,0,0,32,0,76.0,0.0,0,0,,,,,,,,,,,,,,,,,,,,,0.0,0,,SYNTHETIC,0
doe-000,0,782,2026-09-03T09:13:02Z,2026-09-03T09:13:03Z,2026-09-03T09:13:02Z,2026-09-03T09:13:03Z,site_a,SIM,synthetic_demo,A-WAN-1,UP,1000.0,364.8346,363.67,0.0,17.93,2.4435,0.092,0,UP,4.0,0.0,48,12,86,-67.6,34.776,12.413,0,2,0,7,0,512.0,0.0,0,0,MAINS_RECOVERY_HOLD,MAINS_RECOVERY_HOLD,1,1,54.48,92.0,48.469,48.2786,2.1217,3.72838,3.72838,3.71374,3.71374,0.0,23.7,143.405,3,36.979,,DISCHARGE,0.0,0,,SYNTHETIC,0
doe-000,0,782,2026-09-03T09:13:02Z,2026-09-03T09:13:03Z,2026-09-03T09:13:02Z,2026-09-03T09:13:03Z,site_b,SIM,synthetic_demo,B-WAN-1,UP,1000.0,62.4113,62.98,0.0,21.17,0.8904,0.094,0,UP,4.0,0.0,6,6,91,-67.7,45.749,16.949,0,0,0,32,0,90.0,0.0,0,0,,,,,,,,,,,,,,,,,,,,,0.0,0,,SYNTHETIC,0
doe-000,0,783,2026-09-03T09:13:03Z,2026-09-03T09:13:04Z,2026-09-03T09:13:03Z,2026-09-03T09:13:04Z,site_a,SIM,synthetic_demo,A-WAN-1,UP,1000.0,306.2938,306.16,0.0,17.16,0.5232,0.08,0,UP,4.0,0.0,48,12,63,-67.6,32.697,11.488,1,2,0,7,0,481.0,0.0,0,0,MAINS_RECOVERY_HOLD,MAINS_RECOVERY_HOLD,1,1,54.43,92.0,48.4689,48.2826,2.0766,3.72837,3.72837,3.71405,3.71405,0.0,23.5,140.365,3,37.042,,DISCHARGE,0.0,0,,SYNTHETIC,0
doe-000,0,783,2026-09-03T09:13:03Z,2026-09-03T09:13:04Z,2026-09-03T09:13:03Z,2026-09-03T09:13:04Z,site_b,SIM,synthetic_demo,B-WAN-1,UP,1000.0,97.6371,97.05,0.0,21.75,0.6547,0.145,0,UP,4.0,0.0,6,6,77,-66.4,44.74,14.367,0,0,0,32,0,69.0,0.0,0,0,,,,,,,,,,,,,,,,,,,,,0.0,0,,SYNTHETIC,0
doe-000,0,784,2026-09-03T09:13:04Z,2026-09-03T09:13:05Z,2026-09-03T09:13:04Z,2026-09-03T09:13:05Z,site_a,SIM,synthetic_demo,A-WAN-1,UP,1000.0,319.183,319.69,0.0,16.18,0.4138,0.1,0,UP,4.0,0.0,48,12,102,-66.4,37.938,13.115,0,3,0,7,0,841.0,0.0,0,0,MAINS_RECOVERY_HOLD,MAINS_RECOVERY_HOLD,1,1,54.46,92.0,48.4687,48.2812,2.0914,3.72837,3.72837,3.71393,3.71393,0.0,23.4,141.361,3,37.02,,DISCHARGE,0.0,0,,SYNTHETIC,0
doe-000,0,784,2026-09-03T09:13:04Z,2026-09-03T09:13:05Z,2026-09-03T09:13:04Z,2026-09-03T09:13:05Z,site_b,SIM,synthetic_demo,B-WAN-1,UP,1000.0,78.3476,77.32,0.0,22.51,2.1849,0.1,0,UP,4.0,0.0,6,6,78,,44.341,16.136,1,2,0,32,0,128.0,0.0,0,0,,,,,,,,,,,,,,,,,,,,,0.0,0,,SYNTHETIC|GAP|MISSING_MAR,0
doe-000,0,785,2026-09-03T09:13:05Z,2026-09-03T09:13:06Z,2026-09-03T09:13:05Z,2026-09-03T09:13:06Z,site_a,SIM,synthetic_demo,A-WAN-1,UP,1000.0,266.5635,266.02,0.0,16.54,0.6751,0.075,0,UP,4.0,0.0,48,12,59,-67.1,31.053,11.143,1,4,0,7,0,434.0,0.0,0,0,MAINS_RECOVERY_HOLD,MAINS_RECOVERY_HOLD,1,1,54.49,92.0,48.4686,48.272,2.1922,3.72836,3.72836,3.71323,3.71323,0.0,23.6,148.146,3,36.878,,DISCHARGE,0.0,0,,SYNTHETIC,0
doe-000,0,785,2026-09-03T09:13:05Z,2026-09-03T09:13:06Z,2026-09-03T09:13:05Z,2026-09-03T09:13:06Z,site_b,SIM,synthetic_demo,B-WAN-1,UP,1000.0,87.2998,87.64,0.0,22.88,1.7672,0.088,0,UP,4.0,0.0,6,6,75,-67.1,42.624,15.238,0,0,0,32,0,67.0,0.0,0,0,,,,,,,,,,,,,,,,,,,,,0.0,0,,SYNTHETIC,0
doe-000,0,786,2026-09-03T09:13:06Z,2026-09-03T09:13:07Z,2026-09-03T09:13:06Z,2026-09-03T09:13:07Z,site_a,SIM,synthetic_demo,A-WAN-1,UP,1000.0,308.2404,309.51,0.0,16.5,0.3338,0.092,0,UP,4.0,0.0,48,12,93,-66.1,36.248,12.689,1,3,0,7,0,586.0,0.0,0,0,MAINS_RECOVERY_HOLD,MAINS_RECOVERY_HOLD,1,1,54.51,92.0,48.4685,48.2755,2.152,3.72835,3.72835,3.7135,3.7135,0.0,23.6,145.442,3,36.934,,DISCHARGE,0.0,0,,SYNTHETIC,0
doe-000,0,786,2026-09-03T09:13:06Z,2026-09-03T09:13:07Z,2026-09-03T09:13:06Z,2026-09-03T09:13:07Z,site_b,SIM,synthetic_demo,B-WAN-1,UP,1000.0,94.9603,94.6,0.0,22.3,1.0456,0.132,0,UP,4.0,0.0,6,6,55,-67.7,38.086,13.705,0,0,0,32,0,75.0,0.0,0,0,,,,,,,,,,,,,,,,,,,,,0.0,0,,SYNTHETIC,0
doe-000,0,787,2026-09-03T09:13:07Z,2026-09-03T09:13:08Z,2026-09-03T09:13:07Z,2026-09-03T09:13:08Z,site_a,SIM,synthetic_demo,A-WAN-1,UP,1000.0,363.248,363.45,0.0,16.12,0.5862,0.098,0,UP,4.0,0.0,48,12,67,-68.7,34.015,12.436,1,2,0,7,0,443.0,0.0,0,0,MAINS_RECOVERY_HOLD,MAINS_RECOVERY_HOLD,1,1,54.52,92.0,48.4684,48.2783,2.1194,3.72834,3.72834,3.71372,3.71372,0.0,23.5,143.249,3,36.978,,DISCHARGE,0.0,0,,SYNTHETIC,0
doe-000,0,787,2026-09-03T09:13:07Z,2026-09-03T09:13:08Z,2026-09-03T09:13:07Z,2026-09-03T09:13:08Z,site_b,SIM,synthetic_demo,B-WAN-1,UP,1000.0,83.2096,84.53,0.0,20.61,0.2586,0.133,0,UP,4.0,0.0,6,6,79,-65.1,43.425,15.097,0,0,0,32,0,62.0,0.0,0,0,,,,,,,,,,,,,,,,,,,,,0.0,0,,SYNTHETIC,0
doe-000,0,788,2026-09-03T09:13:08Z,2026-09-03T09:13:09Z,2026-09-03T09:13:08Z,2026-09-03T09:13:09Z,site_a,SIM,synthetic_demo,A-WAN-1,UP,1000.0,357.1308,356.44,0.0,17.54,1.3346,0.091,0,UP,4.0,0.0,48,12,53,-66.9,32.545,11.37,0,2,0,7,0,756.0,0.0,0,0,MAINS_RECOVERY_HOLD,MAINS_RECOVERY_HOLD,1,1,54.44,92.0,48.4683,48.2799,2.1004,3.72833,3.72833,3.71384,3.71384,0.0,23.5,141.965,3,37.004,,DISCHARGE,0.0,0,,SYNTHETIC,0
doe-000,0,788,2026-09-03T09:13:08Z,2026-09-03T09:13:09Z,2026-09-03T09:13:08Z,2026-09-03T09:13:09Z,site_b,SIM,synthetic_demo,B-WAN-1,UP,1000.0,88.5394,88.15,0.0,24.99,3.2046,0.097,0,UP,4.0,0.0,6,6,68,-65.8,41.594,13.804,0,0,0,32,0,64.0,0.0,0,0,,,,,,,,,,,,,,,,,,,,,0.0,0,,SYNTHETIC,0
doe-000,0,789,2026-09-03T09:13:09Z,2026-09-03T09:13:10Z,2026-09-03T09:13:09Z,2026-09-03T09:13:10Z,site_a,SIM,synthetic_demo,A-WAN-1,UP,1000.0,328.9508,328.81,0.0,15.88,0.0633,0.073,0,UP,4.0,0.0,48,12,115,-67.0,38.104,14.046,1,3,0,7,0,560.0,0.0,0,0,MAINS_RECOVERY_HOLD,MAINS_RECOVERY_HOLD,1,1,54.44,92.0,48.4682,48.2769,2.1328,3.72832,3.72832,3.71361,3.71361,0.0,23.5,144.147,3,36.958,,DISCHARGE,0.0,0,,SYNTHETIC,0
doe-000,0,789,2026-09-03T09:13:09Z,2026-09-03T09:13:10Z,2026-09-03T09:13:09Z,2026-09-03T09:13:10Z,site_b,SIM,synthetic_demo,B-WAN-1,UP,1000.0,108.326,107.8,0.0,22.34,0.6557,0.096,0,UP,4.0,0.0,6,6,91,-64.9,48.003,15.16,0,2,0,32,0,108.0,0.0,0,0,,,,,,,,,,,,,,,,,,,,,0.0,0,,SYNTHETIC,0
doe-000,0,790,2026-09-03T09:13:10Z,2026-09-03T09:13:11Z,2026-09-03T09:13:10Z,2026-09-03T09:13:11Z,site_a,SIM,synthetic_demo,A-WAN-1,UP,1000.0,311.7072,311.39,0.0,18.89,2.9243,0.099,0,UP,4.0,0.0,48,48,324,-66.7,34.602,12.041,0,2,0,7,0,718.0,0.0,0,0,MAINS_RECOVERY_HOLD,MAINS_RECOVERY_HOLD,1,1,54.38,92.0,48.4681,48.2768,2.1321,3.72831,3.72831,3.7136,3.7136,0.0,23.3,144.101,,455.519,,DISCHARGE,0.0,0,,SYNTHETIC,0
doe-000,0,790,2026-09-03T09:13:10Z,2026-09-03T09:13:11Z,2026-09-03T09:13:10Z,2026-09-03T09:13:11Z,site_b,SIM,synthetic_demo,B-WAN-1,UP,1000.0,95.3419,95.37,0.0,23.3,2.1123,0.106,0,UP,4.0,0.0,6,6,75,-65.1,43.539,14.259,0,1,0,32,0,50.0,0.0,0,0,,,,,,,,,,,,,,,,,,,,,0.0,0,,SYNTHETIC,0
doe-000,0,791,2026-09-03T09:13:11Z,2026-09-03T09:13:12Z,2026-09-03T09:13:11Z,2026-09-03T09:13:12Z,site_a,SIM,synthetic_demo,A-WAN-1,UP,1000.0,419.3591,418.83,0.0,16.42,0.33,0.075,0,UP,4.0,0.0,48,48,221,-66.3,32.015,11.126,2,5,0,7,0,563.0,0.0,0,0,MAINS_RECOVERY_HOLD,MAINS_RECOVERY_HOLD,1,1,54.47,92.0,48.4669,45.9944,27.5635,3.72822,3.72822,3.53803,3.53803,0.0,23.5,1774.599,,36.988,OCP_DSG,DISCHARGE,0.0,0,,SYNTHETIC,0
doe-000,0,791,2026-09-03T09:13:11Z,2026-09-03T09:13:12Z,2026-09-03T09:13:11Z,2026-09-03T09:13:12Z,site_b,SIM,synthetic_demo,B-WAN-1,UP,1000.0,134.2568,133.69,0.0,24.96,4.0344,0.103,0,UP,4.0,0.0,6,6,71,-66.0,41.188,13.932,0,2,0,32,0,111.0,0.0,0,0,,,,,,,,,,,,,,,,,,,,,0.0,0,,SYNTHETIC,0
doe-000,0,792,2026-09-03T09:13:12Z,2026-09-03T09:13:13Z,2026-09-03T09:13:12Z,2026-09-03T09:13:13Z,site_a,SIM,synthetic_demo,A-WAN-1,UP,1000.0,321.1689,321.52,0.0,16.54,0.1588,0.076,0,UP,4.0,0.0,48,12,43,-67.7,31.714,11.132,0,3,0,7,0,576.0,0.0,0,0,MAINS_RECOVERY_HOLD,MAINS_RECOVERY_HOLD,1,1,54.42,92.0,48.4668,48.2799,2.0829,3.72821,3.72821,3.71384,3.71384,0.0,23.5,140.788,3,37.015,,DISCHARGE,0.0,0,,SYNTHETIC,0
doe-000,0,792,2026-09-03T09:13:12Z,2026-09-03T09:13:13Z,2026-09-03T09:13:12Z,2026-09-03T09:13:13Z,site_b,SIM,synthetic_demo,B-WAN-1,UP,1000.0,131.8016,131.8,0.0,20.74,0.1335,0.129,0,UP,4.0,0.0,6,6,74,-66.6,43.21,14.797,0,0,0,32,0,72.0,0.0,0,0,,,,,,,,,,,,,,,,,,,,,0.0,0,,SYNTHETIC,0
doe-000,0,793,2026-09-03T09:13:13Z,2026-09-03T09:13:14Z,2026-09-03T09:13:13Z,2026-09-03T09:13:14Z,site_a,SIM,synthetic_demo,A-WAN-1,UP,1000.0,293.0433,292.83,0.0,16.94,1.1266,0.078,0,UP,4.0,0.0,48,12,60,-67.1,32.854,11.541,0,5,0,7,0,517.0,0.0,0,0,MAINS_RECOVERY_HOLD,MAINS_RECOVERY_HOLD,1,1,54.44,92.0,48.4666,48.2767,2.1174,3.7282,3.7282,3.71359,3.71359,0.0,23.5,143.11,3,36.966,,DISCHARGE,0.0,0,,SYNTHETIC,0
doe-000,0,793,2026-09-03T09:13:13Z,2026-09-03T09:13:14Z,2026-09-03T09:13:13Z,2026-09-03T09:13:14Z,site_a,SIM,synthetic_demo,A-WAN-1,UP,1000.0,293.0433,292.83,0.0,16.94,1.1266,0.078,0,UP,4.0,0.0,48,12,60,-67.1,32.854,11.541,0,5,0,7,0,517.0,0.0,0,0,MAINS_RECOVERY_HOLD,MAINS_RECOVERY_HOLD,1,1,54.44,92.0,48.4666,48.2767,2.1174,3.7282,3.7282,3.71359,3.71359,0.0,23.5,143.11,3,36.966,,DISCHARGE,0.0,0,,SYNTHETIC|DUPLICATE,0
doe-000,0,793,2026-09-03T09:13:13Z,2026-09-03T09:13:14Z,2026-09-03T09:13:13Z,2026-09-03T09:13:14Z,site_b,SIM,synthetic_demo,B-WAN-1,UP,1000.0,134.5888,134.65,0.0,21.64,0.9195,0.127,0,UP,4.0,0.0,6,6,77,-66.3,45.235,15.301,0,0,0,32,0,69.0,0.0,0,0,,,,,,,,,,,,,,,,,,,,,0.0,0,,SYNTHETIC,0
doe-000,0,794,2026-09-03T09:13:14Z,2026-09-03T09:13:15Z,2026-09-03T09:13:14Z,2026-09-03T09:13:15Z,site_a,SIM,synthetic_demo,A-WAN-1,UP,1000.0,464.4155,464.29,0.0,18.19,2.2515,0.092,0,UP,4.0,0.0,48,12,131,-66.8,41.159,14.019,0,4,0,7,0,527.0,0.0,0,0,MAINS_RECOVERY_HOLD,MAINS_RECOVERY_HOLD,1,1,54.41,92.0,48.4665,48.279,2.0911,3.7282,3.7282,3.71377,3.71377,0.0,23.6,141.338,3,37.002,,DISCHARGE,0.0,0,,SYNTHETIC,0
doe-000,0,794,2026-09-03T09:13:14Z,2026-09-03T09:13:15Z,2026-09-03T09:13:14Z,2026-09-03T09:13:15Z,site_b,SIM,synthetic_demo,B-WAN-1,UP,1000.0,95.4675,95.78,0.0,23.02,2.1017,0.076,0,UP,4.0,0.0,6,6,47,-67.4,36.57,13.552,0,0,0,32,0,75.0,0.0,0,0,,,,,,,,,,,,,,,,,,,,,0.0,0,,SYNTHETIC,0
doe-000,0,795,2026-09-03T09:13:15Z,2026-09-03T09:13:16Z,2026-09-03T09:13:15Z,2026-09-03T09:13:16Z,site_a,SIM,synthetic_demo,A-WAN-1,UP,1000.0,338.5443,337.79,0.0,16.6,0.6876,0.086,0,UP,4.0,0.0,48,12,106,-66.9,36.947,13.584,0,5,0,7,0,632.0,0.0,0,0,MAINS_RECOVERY_HOLD,MAINS_RECOVERY_HOLD,1,1,54.42,92.0,48.4664,48.2775,2.1064,3.72819,3.72819,3.71365,3.71365,0.0,23.5,142.365,3,36.98,,DISCHARGE,0.0,0,,SYNTHETIC,0
doe-000,0,795,2026-09-03T09:13:15Z,2026-09-03T09:13:16Z,2026-09-03T09:13:15Z,2026-09-03T09:13:16Z,site_b,SIM,synthetic_demo,B-WAN-1,UP,1000.0,105.0905,104.53,0.0,24.35,2.6393,0.118,0,UP,4.0,0.0,6,6,51,-68.4,38.623,13.307,0,0,0,32,0,58.0,0.0,0,0,,,,,,,,,,,,,,,,,,,,,0.0,0,,SYNTHETIC,0
doe-000,0,796,2026-09-03T09:13:16Z,2026-09-03T09:13:17Z,2026-09-03T09:13:16Z,2026-09-03T09:13:17Z,site_a,SIM,synthetic_demo,A-WAN-1,UP,1000.0,415.4769,416.23,0.0,16.53,0.3406,0.059,0,UP,4.0,0.0,48,12,78,-67.8,32.327,12.48,1,4,0,7,0,390.0,0.0,0,0,MAINS_RECOVERY_HOLD,MAINS_RECOVERY_HOLD,1,1,54.43,92.0,48.4663,48.2749,2.1336,3.72818,3.72818,3.71346,3.71346,0.0,23.6,144.197,3,36.941,,DISCHARGE,0.0,0,,SYNTHETIC,0
doe-000,0,796,2026-09-03T09:13:16Z,2026-09-03T09:13:17Z,2026-09-03T09:13:16Z,2026-09-03T09:13:17Z,site_b,SIM,synthetic_demo,B-WAN-1,UP,1000.0,107.8924,109.14,0.0,24.17,2.6851,0.075,0,UP,4.0,0.0,6,6,55,-65.9,37.935,13.07,0,0,0,32,0,41.0,0.0,0,0,,,,,,,,,,,,,,,,,,,,,0.0,0,,SYNTHETIC,0
doe-000,0,797,2026-09-03T09:13:17Z,2026-09-03T09:13:18Z,2026-09-03T09:13:17Z,2026-09-03T09:13:18Z,site_a,SIM,synthetic_demo,A-WAN-1,UP,1000.0,314.6183,314.84,0.0,18.75,2.7173,0.093,0,UP,4.0,0.0,48,12,131,-65.9,40.394,14.326,1,4,0,7,0,293.0,0.0,0,0,MAINS_RECOVERY_HOLD,MAINS_RECOVERY_HOLD,1,1,54.38,92.0,48.4662,48.277,2.1098,3.72817,3.72817,3.71361,3.71361,0.0,23.6,142.593,3,36.973,,DISCHARGE,0.0,0,,SYNTHETIC,0
doe-000,0,797,2026-09-03T09:13:17Z,2026-09-03T09:13:18Z,2026-09-03T09:13:17Z,2026-09-03T09:13:18Z,site_b,SIM,synthetic_demo,B-WAN-1,UP,1000.0,87.8632,88.48,0.0,22.45,0.9699,0.101,0,UP,4.0,0.0,6,6,51,-65.8,37.915,12.829,0,0,0,32,0,73.0,0.0,0,0,,,,,,,,,,,,,,,,,,,,,0.0,0,,SYNTHETIC,0
doe-000,0,798,2026-09-03T09:13:18Z,2026-09-03T09:13:19Z,2026-09-03T09:13:18Z,2026-09-03T09:13:19Z,site_a,SIM,synthetic_demo,A-WAN-1,UP,1000.0,295.092,294.44,0.0,15.86,0.0711,0.094,0,UP,4.0,0.0,48,12,83,-67.4,35.603,12.241,0,4,0,7,0,563.0,0.0,0,0,MAINS_RECOVERY_HOLD,MAINS_RECOVERY_HOLD,1,1,54.48,92.0,48.4661,48.2778,2.0995,3.72816,3.72816,3.71367,3.71367,0.0,23.6,141.904,3,36.987,,DISCHARGE,0.0,0,,SYNTHETIC,0
doe-000,0,798,2026-09-03T09:13:18Z,2026-09-03T09:13:19Z,2026-09-03T09:13:18Z,2026-09-03T09:13:19Z,site_b,SIM,synthetic_demo,B-WAN-1,UP,1000.0,88.9438,89.33,0.0,22.68,1.6912,0.103,0,UP,4.0,0.0,6,6,34,-69.8,35.098,12.678,0,0,0,32,0,70.0,0.0,0,0,,,,,,,,,,,,,,,,,,,,,0.0,0,,SYNTHETIC,0
doe-000,0,799,2026-09-03T09:13:19Z,2026-09-03T09:13:20Z,2026-09-03T09:13:19Z,2026-09-03T09:13:20Z,site_a,SIM,synthetic_demo,A-WAN-1,UP,1000.0,320.3222,319.85,0.0,18.78,2.6768,0.097,0,UP,4.0,0.0,48,12,47,-67.6,31.724,11.319,0,4,0,7,0,417.0,0.0,0,0,MAINS_RECOVERY_HOLD,MAINS_RECOVERY_HOLD,1,1,54.43,92.0,48.466,48.2773,2.1032,3.72815,3.72815,3.71364,3.71364,0.0,23.5,142.149,3,36.981,,DISCHARGE,0.0,0,,SYNTHETIC,0
doe-000,0,799,2026-09-03T09:13:19Z,2026-09-03T09:13:20Z,2026-09-03T09:13:19Z,2026-09-03T09:13:20Z,site_b,SIM,synthetic_demo,B-WAN-1,UP,1000.0,88.9113,89.48,0.0,20.89,0.1872,0.104,0,UP,4.0,0.0,6,6,43,-65.8,36.853,11.754,0,0,0,32,0,47.0,0.0,0,0,,,,,,,,,,,,,,,,,,,,,0.0,0,,SYNTHETIC,0
doe-000,0,800,2026-09-03T09:13:20Z,2026-09-03T09:13:21Z,2026-09-03T09:13:20Z,2026-09-03T09:13:21Z,site_a,SIM,synthetic_demo,A-WAN-1,UP,1000.0,317.9713,318.29,0.0,16.2,0.0126,0.055,0,UP,4.0,0.0,48,12,99,-68.3,36.586,12.96,0,4,0,7,0,450.0,0.0,0,0,MAINS_RECOVERY_HOLD,MAINS_RECOVERY_HOLD,1,1,54.48,92.0,48.4659,48.275,2.1278,3.72814,3.72814,3.71346,3.71346,0.0,23.6,143.805,3,36.945,,DISCHARGE,0.0,0,,SYNTHETIC,0
doe-000,0,800,2026-09-03T09:13:20Z,2026-09-03T09:13:21Z,2026-09-03T09:13:20Z,2026-09-03T09:13:21Z,site_b,SIM,synthetic_demo,B-WAN-1,UP,1000.0,102.2956,103.0,0.0,21.64,0.4628,0.097,0,UP,4.0,0.0,6,6,80,-65.9,44.375,14.971,0,0,0,32,0,54.0,0.0,0,0,,,,,,,,,,,,,,,,,,,,,0.0,0,,SYNTHETIC,0
doe-000,0,801,2026-09-03T09:13:21Z,2026-09-03T09:13:22Z,2026-09-03T09:13:21Z,2026-09-03T09:13:22Z,site_a,SIM,synthetic_demo,A-WAN-1,UP,1000.0,428.1052,427.99,0.0,19.44,3.2818,0.085,0,UP,4.0,0.0,48,12,71,-66.3,33.53,11.587,0,4,0,7,0,306.0,0.0,0,0,MAINS_RECOVERY_HOLD,MAINS_RECOVERY_HOLD,1,1,54.37,92.0,48.4658,48.2714,2.1664,3.72814,3.72814,3.71319,3.71319,0.0,23.6,146.407,3,36.891,,DISCHARGE,0.0,0,,SYNTHETIC,0
doe-000,0,801,2026-09-03T09:13:21Z,2026-09-03T09:13:22Z,2026-09-03T09:13:21Z,2026-09-03T09:13:22Z,site_b,SIM,synthetic_demo,B-WAN-1,UP,1000.0,94.3057,93.96,0.0,22.41,1.5014,0.133,0,UP,4.0,0.0,6,6,40,-69.7,34.882,12.792,0,0,0,32,0,113.0,0.0,0,0,,,,,,,,,,,,,,,,,,,,,0.0,0,,SYNTHETIC,0
doe-000,0,802,2026-09-03T09:13:22Z,2026-09-03T09:13:23Z,2026-09-03T09:13:22Z,2026-09-03T09:13:23Z,site_a,SIM,synthetic_demo,A-WAN-1,UP,1000.0,286.5213,286.34,0.0,19.1,3.2035,0.086,0,UP,4.0,0.0,48,12,100,-67.7,37.158,13.307,0,3,0,7,0,381.0,0.0,0,0,MAINS_RECOVERY_HOLD,MAINS_RECOVERY_HOLD,1,1,54.38,92.0,48.4657,48.2746,2.1295,3.72813,3.72813,3.71343,3.71343,0.0,23.5,143.923,3,36.941,,DISCHARGE,0.0,0,,SYNTHETIC,0
doe-000,0,802,2026-09-03T09:13:22Z,2026-09-03T09:13:23Z,2026-09-03T09:13:22Z,2026-09-03T09:13:23Z,site_b,SIM,synthetic_demo,B-WAN-1,UP,1000.0,87.9468,89.07,0.0,22.03,1.0528,0.098,0,UP,4.0,0.0,6,6,61,-66.9,39.687,13.558,0,0,0,32,0,84.0,0.0,0,0,,,,,,,,,,,,,,,,,,,,,0.0,0,,SYNTHETIC,0
doe-000,0,803,2026-09-03T09:13:23Z,2026-09-03T09:13:24Z,2026-09-03T09:13:23Z,2026-09-03T09:13:24Z,site_a,SIM,synthetic_demo,A-WAN-1,UP,1000.0,282.3721,282.86,0.0,17.05,1.3213,0.068,0,UP,4.0,0.0,48,12,51,-66.1,31.422,11.089,0,3,0,7,0,402.0,0.0,0,0,MAINS_RECOVERY_HOLD,MAINS_RECOVERY_HOLD,1,1,54.41,92.0,48.4655,48.2719,2.1592,3.72812,3.72812,3.71322,3.71322,0.0,23.7,145.917,3,36.899,,DISCHARGE,0.0,0,,SYNTHETIC,0
doe-000,0,803,2026-09-03T09:13:23Z,2026-09-03T09:13:24Z,2026-09-03T09:13:23Z,2026-09-03T09:13:24Z,site_b,SIM,synthetic_demo,B-WAN-1,UP,1000.0,90.3895,,0.0,25.0,3.7426,0.092,0,UP,4.0,0.0,6,6,54,-68.6,39.762,13.832,0,0,0,32,0,86.0,0.0,0,0,,,,,,,,,,,,,,,,,,,,,0.0,0,,SYNTHETIC|GAP|MISSING_MAR,0
doe-000,0,804,2026-09-03T09:13:24Z,2026-09-03T09:13:25Z,2026-09-03T09:13:24Z,2026-09-03T09:13:25Z,site_a,SIM,synthetic_demo,A-WAN-1,UP,1000.0,371.9187,371.05,0.0,18.56,2.6469,0.081,0,UP,4.0,0.0,48,12,74,-66.5,32.304,11.545,1,5,0,7,0,347.0,0.0,0,0,MAINS_RECOVERY_HOLD,MAINS_RECOVERY_HOLD,1,1,54.32,92.0,48.4654,48.2758,2.1146,3.72811,3.72811,3.71352,3.71352,0.0,23.7,142.916,3,36.96,,DISCHARGE,0.0,0,,SYNTHETIC,0
doe-000,0,804,2026-09-03T09:13:24Z,2026-09-03T09:13:25Z,2026-09-03T09:13:24Z,2026-09-03T09:13:25Z,site_b,SIM,synthetic_demo,B-WAN-1,UP,1000.0,95.7073,97.21,0.0,21.35,0.808,0.129,0,UP,4.0,0.0,6,6,47,-68.0,35.776,12.834,0,1,0,32,0,119.0,0.0,0,0,,,,,,,,,,,,,,,,,,,,,0.0,0,,SYNTHETIC,0
doe-000,0,805,2026-09-03T09:13:25Z,2026-09-03T09:13:26Z,2026-09-03T09:13:25Z,2026-09-03T09:13:26Z,site_a,SIM,synthetic_demo,A-WAN-1,UP,1000.0,284.7286,285.0,0.0,16.66,0.7911,0.073,0,UP,4.0,0.0,48,12,45,-68.1,31.871,11.468,0,3,0,7,0,374.0,0.0,0,0,MAINS_RECOVERY_HOLD,MAINS_RECOVERY_HOLD,1,1,54.41,92.0,48.4653,48.2795,2.0715,3.7281,3.7281,3.71381,3.71381,0.0,23.6,140.011,3,37.02,,DISCHARGE,0.0,0,,SYNTHETIC,0
doe-000,0,805,2026-09-03T09:13:25Z,2026-09-03T09:13:26Z,2026-09-03T09:13:25Z,2026-09-03T09:13:26Z,site_b,SIM,synthetic_demo,B-WAN-1,UP,1000.0,81.6488,83.6,0.0,24.18,2.5919,0.086,0,UP,4.0,0.0,6,6,51,-65.7,37.72,13.095,0,0,0,32,0,95.0,0.0,0,0,,,,,,,,,,,,,,,,,,,,,0.0,0,,SYNTHETIC,0
doe-000,0,806,2026-09-03T09:13:26Z,2026-09-03T09:13:27Z,2026-09-03T09:13:26Z,2026-09-03T09:13:27Z,site_a,SIM,synthetic_demo,A-WAN-1,UP,1000.0,278.6034,278.8,0.0,18.02,1.991,0.093,0,UP,4.0,0.0,48,12,78,-67.4,34.596,12.751,0,3,0,7,0,329.0,0.0,0,0,MAINS_RECOVERY_HOLD,MAINS_RECOVERY_HOLD,1,1,54.39,92.0,48.4652,48.2776,2.0913,3.72809,3.72809,3.71366,3.71366,0.0,23.6,141.347,3,36.991,,DISCHARGE,0.0,0,,SYNTHETIC,0
doe-000,0,806,2026-09-03T09:13:26Z,2026-09-03T09:13:27Z,2026-09-03T09:13:26Z,2026-09-03T09:13:27Z,site_b,SIM,synthetic_demo,B-WAN-1,UP,1000.0,83.4807,83.85,0.0,21.08,0.9107,0.091,0,UP,4.0,0.0,6,6,58,-66.7,39.682,13.367,0,0,0,32,0,89.0,0.0,0,0,,,,,,,,,,,,,,,,,,,,,0.0,0,,SYNTHETIC,0
doe-000,0,807,2026-09-03T09:13:27Z,2026-09-03T09:13:28Z,2026-09-03T09:13:27Z,2026-09-03T09:13:28Z,site_a,SIM,synthetic_demo,A-WAN-1,UP,1000.0,369.0313,370.12,0.0,16.54,0.2975,0.064,0,UP,4.0,0.0,48,48,208,-67.5,31.153,11.504,2,2,0,7,0,446.0,0.0,0,0,MAINS_RECOVERY_HOLD,MAINS_RECOVERY_HOLD,1,1,54.44,92.0,48.4651,48.2702,2.1723,3.72808,3.72808,3.7131,3.7131,0.0,23.5,146.8,,446.847,,DISCHARGE,0.0,0,,SYNTHETIC,0
doe-000,0,807,2026-09-03T09:13:27Z,2026-09-03T09:13:28Z,2026-09-03T09:13:27Z,2026-09-03T09:13:28Z,site_b,SIM,synthetic_demo,B-WAN-1,UP,1000.0,154.887,155.91,0.0,20.8,0.1441,0.091,0,UP,4.0,0.0,6,6,96,-70.3,47.933,17.321,0,1,0,32,0,35.0,0.0,0,0,,,,,,,,,,,,,,,,,,,,,0.0,0,,SYNTHETIC,0
doe-000,0,808,2026-09-03T09:13:28Z,2026-09-03T09:13:29Z,2026-09-03T09:13:28Z,2026-09-03T09:13:29Z,site_a,SIM,synthetic_demo,A-WAN-1,UP,1000.0,371.7365,371.11,0.0,17.76,1.8847,0.086,0,UP,4.0,0.0,48,48,188,-66.6,32.035,10.66,1,4,0,7,0,538.0,0.0,0,0,MAINS_RECOVERY_HOLD,MAINS_RECOVERY_HOLD,1,1,54.43,92.0,48.4639,45.9856,27.6283,3.72799,3.72799,3.53736,3.53736,0.0,23.5,1778.43,,36.884,OCP_DSG,DISCHARGE,0.0,0,,SYNTHETIC,0
doe-000,0,808,2026-09-03T09:13:28Z,2026-09-03T09:13:29Z,2026-09-03T09:13:28Z,2026-09-03T09:13:29Z,site_b,SIM,synthetic_demo,B-WAN-1,UP,1000.0,80.5363,81.22,0.0,21.2,0.2355,0.077,0,UP,4.0,0.0,6,6,64,-65.6,41.789,13.868,0,0,0,32,0,64.0,0.0,0,0,,,,,,,,,,,,,,,,,,,,,0.0,0,,SYNTHETIC,0
doe-000,0,809,2026-09-03T09:13:29Z,2026-09-03T09:13:30Z,2026-09-03T09:13:29Z,2026-09-03T09:13:30Z,site_a,SIM,synthetic_demo,A-WAN-1,UP,1000.0,443.8722,443.1,0.0,17.61,1.4643,0.061,0,UP,4.0,0.0,48,12,57,-67.5,32.911,11.902,1,2,0,7,0,722.0,0.0,0,0,MAINS_RECOVERY_HOLD,MAINS_RECOVERY_HOLD,1,1,54.49,92.0,48.4638,48.2717,2.1413,3.72798,3.72798,3.71321,3.71321,0.0,23.4,144.706,3,36.909,,DISCHARGE,0.0,0,,SYNTHETIC,0
doe-000,0,809,2026-09-03T09:13:29Z,2026-09-03T09:13:30Z,2026-09-03T09:13:29Z,2026-09-03T09:13:30Z,site_b,SIM,synthetic_demo,B-WAN-1,UP,1000.0,91.4628,90.55,0.0,22.83,1.181,0.091,0,UP,4.0,0.0,6,6,90,-67.4,47.464,15.71,0,0,0,32,0,78.0,0.0,0,0,,,,,,,,,,,,,,,,,,,,,0.0,0,,SYNTHETIC,0
doe-000,0,810,2026-09-03T09:13:30Z,2026-09-03T09:13:31Z,2026-09-03T09:13:30Z,2026-09-03T09:13:31Z,site_a,SIM,synthetic_demo,A-WAN-1,UP,1000.0,367.0586,366.64,0.0,16.92,1.0234,0.052,0,UP,4.0,0.0,48,12,49,-67.3,31.433,11.451,1,3,0,7,0,390.0,0.0,0,0,MAINS_RECOVERY_HOLD,MAINS_RECOVERY_HOLD,1,1,54.43,92.0,48.4637,48.2697,2.1626,3.72797,3.72797,3.71305,3.71305,0.0,23.7,146.14,3,36.878,,DISCHARGE,0.0,0,,SYNTHETIC,0
doe-000,0,810,2026-09-03T09:13:30Z,2026-09-03T09:13:31Z,2026-09-03T09:13:30Z,2026-09-03T09:13:31Z,site_b,SIM,synthetic_demo,B-WAN-1,UP,1000.0,118.6191,118.79,0.0,21.61,0.1938,0.093,0,UP,4.0,0.0,6,6,90,-67.8,46.621,16.395,0,1,0,32,0,98.0,0.0,0,0,,,,,,,,,,,,,,,,,,,,,0.0,0,,SYNTHETIC,0
doe-000,0,811,2026-09-03T09:13:31Z,2026-09-03T09:13:32Z,2026-09-03T09:13:31Z,2026-09-03T09:13:32Z,site_a,SIM,synthetic_demo,A-WAN-1,UP,1000.0,349.9032,350.01,0.0,16.94,0.345,0.06,0,UP,4.0,0.0,48,12,83,-68.2,35.351,12.731,0,2,0,7,0,463.0,0.0,0,0,MAINS_RECOVERY_HOLD,MAINS_RECOVERY_HOLD,1,1,54.43,92.0,48.4635,48.2775,2.0747,3.72797,3.72797,3.71365,3.71365,0.0,23.5,140.221,3,37.0,,DISCHARGE,0.0,0,,SYNTHETIC,0
doe-000,0,811,2026-09-03T09:13:31Z,2026-09-03T09:13:32Z,2026-09-03T09:13:31Z,2026-09-03T09:13:32Z,site_b,SIM,synthetic_demo,B-WAN-1,UP,1000.0,82.8888,83.0,0.0,21.62,1.0526,0.096,0,UP,4.0,0.0,6,6,44,-70.3,34.585,14.064,0,1,0,32,0,66.0,0.0,0,0,,,,,,,,,,,,,,,,,,,,,0.0,0,,SYNTHETIC,0
doe-000,0,812,2026-09-03T09:13:32Z,2026-09-03T09:13:33Z,2026-09-03T09:13:32Z,2026-09-03T09:13:33Z,site_a,SIM,synthetic_demo,A-WAN-1,UP,1000.0,402.6805,401.66,0.0,16.7,0.7985,0.064,0,UP,4.0,0.0,48,12,115,-65.5,39.875,13.324,0,5,0,7,0,488.0,0.0,0,0,MAINS_RECOVERY_HOLD,MAINS_RECOVERY_HOLD,1,1,,92.0,48.4634,48.2685,2.1732,3.72796,3.72796,3.71296,3.71296,0.0,23.7,146.852,3,36.862,,DISCHARGE,0.0,0,,SYNTHETIC|GAP|MISSING_MCAR,0
doe-000,0,812,2026-09-03T09:13:32Z,2026-09-03T09:13:33Z,2026-09-03T09:13:32Z,2026-09-03T09:13:33Z,site_b,SIM,synthetic_demo,B-WAN-1,UP,1000.0,94.6736,94.91,0.0,20.54,0.1246,0.079,0,UP,4.0,0.0,6,6,47,-65.9,35.877,12.503,0,0,0,32,0,119.0,0.0,0,0,,,,,,,,,,,,,,,,,,,,,0.0,0,,SYNTHETIC,0
doe-000,0,813,2026-09-03T09:13:33Z,2026-09-03T09:13:34Z,2026-09-03T09:13:33Z,2026-09-03T09:13:34Z,site_a,SIM,synthetic_demo,A-WAN-1,UP,1000.0,357.2327,357.12,0.0,18.09,2.2767,0.088,0,UP,4.0,0.0,48,12,46,-67.4,30.331,10.895,0,2,0,7,0,427.0,0.0,0,0,MAINS_RECOVERY_HOLD,MAINS_RECOVERY_HOLD,1,1,54.36,92.0,48.4633,48.277,2.0771,3.72795,3.72795,3.71362,3.71362,0.0,23.6,140.384,3,36.995,,DISCHARGE,0.0,0,,SYNTHETIC,0
doe-000,0,813,2026-09-03T09:13:33Z,2026-09-03T09:13:34Z,2026-09-03T09:13:33Z,2026-09-03T09:13:34Z,site_b,SIM,synthetic_demo,B-WAN-1,UP,1000.0,110.7073,110.32,0.0,22.22,1.2428,0.109,0,UP,4.0,0.0,6,6,67,-65.2,43.259,13.819,0,0,0,32,0,202.0,0.0,0,0,,,,,,,,,,,,,,,,,,,,,0.0,0,,SYNTHETIC,0
doe-000,0,814,2026-09-03T09:13:34Z,2026-09-03T09:13:35Z,2026-09-03T09:13:34Z,2026-09-03T09:13:35Z,site_a,SIM,synthetic_demo,A-WAN-1,UP,1000.0,454.666,454.94,0.0,16.7,0.384,0.113,0,UP,4.0,0.0,48,12,53,-67.8,31.675,12.051,0,2,0,7,0,470.0,0.0,0,0,MAINS_RECOVERY_HOLD,MAINS_RECOVERY_HOLD,1,1,54.38,92.0,48.4632,48.2736,2.1145,3.72794,3.72794,3.71335,3.71335,0.0,23.6,142.9,3,36.942,,DISCHARGE,0.0,0,,SYNTHETIC,0
doe-000,0,814,2026-09-03T09:13:34Z,2026-09-03T09:13:35Z,2026-09-03T09:13:34Z,2026-09-03T09:13:35Z,site_b,SIM,synthetic_demo,B-WAN-1,UP,1000.0,86.7201,85.46,0.0,22.25,1.024,0.119,0,UP,4.0,0.0,6,6,87,-66.9,47.126,15.668,1,1,0,32,0,105.0,0.0,0,0,,,,,,,,,,,,,,,,,,,,,0.0,0,,SYNTHETIC,0
doe-000,0,815,2026-09-03T09:13:35Z,2026-09-03T09:13:36Z,2026-09-03T09:13:35Z,2026-09-03T09:13:36Z,site_a,SIM,synthetic_demo,A-WAN-1,UP,1000.0,334.757,334.86,0.0,16.95,0.7331,0.067,0,UP,4.0,0.0,48,12,162,-68.6,43.466,15.434,3,3,0,7,0,345.0,0.0,0,0,MAINS_RECOVERY_HOLD,MAINS_RECOVERY_HOLD,1,1,54.37,92.0,48.4631,48.2774,2.0707,3.72793,3.72793,3.71364,3.71364,0.0,23.5,139.955,3,37.003,,DISCHARGE,0.0,0,,SYNTHETIC,0
doe-000,0,815,2026-09-03T09:13:35Z,2026-09-03T09:13:36Z,2026-09-03T09:13:35Z,2026-09-03T09:13:36Z,site_b,SIM,synthetic_demo,B-WAN-1,UP,1000.0,95.749,96.01,0.0,23.63,2.2716,0.121,0,UP,4.0,0.0,6,6,49,-67.9,37.264,12.988,0,0,0,32,0,91.0,0.0,0,0,,,,,,,,,,,,,,,,,,,,,0.0,0,,SYNTHETIC,0
doe-000,0,816,2026-09-03T09:13:36Z,2026-09-03T09:13:37Z,2026-09-03T09:13:36Z,2026-09-03T09:13:37Z,site_a,SIM,synthetic_demo,A-WAN-1,UP,1000.0,403.7915,403.85,0.0,18.93,2.7036,0.097,0,UP,4.0,0.0,48,12,129,-66.5,40.574,14.048,0,2,0,7,0,315.0,0.0,0,0,MAINS_RECOVERY_HOLD,MAINS_RECOVERY_HOLD,1,1,54.4,92.0,48.463,48.278,2.0626,3.72792,3.72792,3.71369,3.71369,0.0,23.6,139.407,3,37.013,,DISCHARGE,0.0,0,,SYNTHETIC,0
doe-000,0,816,2026-09-03T09:13:36Z,2026-09-03T09:13:37Z,2026-09-03T09:13:36Z,2026-09-03T09:13:37Z,site_b,SIM,synthetic_demo,B-WAN-1,UP,1000.0,85.0373,85.76,0.0,22.14,1.1537,0.1,0,UP,4.0,0.0,6,6,77,-67.5,43.748,15.209,0,1,0,32,0,112.0,0.0,0,0,,,,,,,,,,,,,,,,,,,,,0.0,0,,SYNTHETIC,0
doe-000,0,817,2026-09-03T09:13:37Z,2026-09-03T09:13:38Z,2026-09-03T09:13:37Z,2026-09-03T09:13:38Z,site_a,SIM,synthetic_demo,A-WAN-1,UP,1000.0,457.2215,457.29,0.0,16.67,0.3515,0.117,0,UP,4.0,0.0,48,12,46,-68.2,30.138,11.179,1,2,0,7,0,397.0,0.0,0,0,MAINS_RECOVERY_HOLD,MAINS_RECOVERY_HOLD,1,1,54.41,92.0,48.4629,48.2698,2.1522,3.72791,3.72791,3.71306,3.71306,0.0,23.5,145.44,3,36.887,,DISCHARGE,0.0,0,,SYNTHETIC,0
doe-000,0,817,2026-09-03T09:13:37Z,2026-09-03T09:13:38Z,2026-09-03T09:13:37Z,2026-09-03T09:13:38Z,site_b,SIM,synthetic_demo,B-WAN-1,UP,1000.0,84.1349,84.73,0.0,22.54,2.0454,0.114,0,UP,4.0,0.0,6,6,73,-66.4,41.252,14.066,0,0,0,32,0,142.0,0.0,0,0,,,,,,,,,,,,,,,,,,,,,0.0,0,,SYNTHETIC,0
doe-000,0,818,2026-09-03T09:13:38Z,2026-09-03T09:13:39Z,2026-09-03T09:13:38Z,2026-09-03T09:13:39Z,site_a,SIM,synthetic_demo,A-WAN-1,UP,1000.0,327.6233,327.69,0.0,16.09,0.01,0.107,0,UP,4.0,0.0,48,12,48,-66.5,30.422,10.672,0,2,0,7,0,461.0,0.0,0,0,MAINS_RECOVERY_HOLD,MAINS_RECOVERY_HOLD,1,1,54.41,92.0,48.4628,48.2732,2.1135,3.72791,3.72791,3.71332,3.71332,0.0,23.4,142.836,3,36.94,,DISCHARGE,0.0,0,,SYNTHETIC,0
doe-000,0,818,2026-09-03T09:13:38Z,2026-09-03T09:13:39Z,2026-09-03T09:13:38Z,2026-09-03T09:13:39Z,site_b,SIM,synthetic_demo,B-WAN-1,UP,1000.0,92.6965,93.33,0.0,21.67,0.9983,0.084,0,UP,4.0,0.0,6,6,57,-68.3,41.227,13.723,0,0,0,32,0,167.0,0.0,0,0,,,,,,,,,,,,,,,,,,,,,0.0,0,,SYNTHETIC|STALE,0
doe-000,0,819,2026-09-03T09:13:39Z,2026-09-03T09:13:40Z,2026-09-03T09:13:39Z,2026-09-03T09:13:40Z,site_a,SIM,synthetic_demo,A-WAN-1,UP,1000.0,343.7134,343.73,0.0,17.63,1.1965,,0,UP,4.0,0.0,48,12,75,-69.052,31.85,12.068,0,4,0,7,0,299.0,0.0,0,0,MAINS_RECOVERY_HOLD,MAINS_RECOVERY_HOLD,1,1,54.38,92.0,48.4627,48.2709,2.1383,3.7279,3.7279,3.71314,3.71314,0.0,23.7,144.505,3,36.904,,DISCHARGE,0.0,0,,SYNTHETIC|GAP|MISSING_MAR|STALE,0
doe-000,0,819,2026-09-03T09:13:39Z,2026-09-03T09:13:40Z,2026-09-03T09:13:39Z,2026-09-03T09:13:40Z,site_b,SIM,synthetic_demo,B-WAN-1,UP,1000.0,93.2484,93.74,0.0,24.4,2.9851,0.11,0,UP,4.0,0.0,6,6,81,-69.052,42.773,14.815,0,0,0,32,0,113.0,0.0,0,0,,,,,,,,,,,,,,,,,,,,,0.0,0,,SYNTHETIC|STALE,0
doe-000,0,820,2026-09-03T09:13:40Z,2026-09-03T09:13:41Z,2026-09-03T09:13:40Z,2026-09-03T09:13:41Z,site_a,SIM,synthetic_demo,A-WAN-1,UP,1000.0,503.1453,503.41,0.0,16.5,0.5209,0.104,0,UP,4.0,0.0,48,12,120,-69.052,38.492,13.834,0,3,0,7,0,598.0,0.0,0,0,MAINS_RECOVERY_HOLD,MAINS_RECOVERY_HOLD,1,1,54.37,92.0,48.4626,48.2735,2.1073,3.72789,3.72789,3.71335,3.71335,0.0,23.6,142.414,3,36.947,,DISCHARGE,0.0,0,,SYNTHETIC|STALE,0
doe-000,0,820,2026-09-03T09:13:40Z,2026-09-03T09:13:41Z,2026-09-03T09:13:40Z,2026-09-03T09:13:41Z,site_b,SIM,synthetic_demo,B-WAN-1,UP,1000.0,103.4149,102.69,0.0,24.33,2.835,0.103,0,UP,4.0,0.0,6,6,76,-69.052,41.062,15.138,0,1,0,32,0,94.0,0.0,0,0,,,,,,,,,,,,,,,,,,,,,0.0,0,,SYNTHETIC|STALE,0
doe-000,0,821,2026-09-03T09:13:41Z,2026-09-03T09:13:42Z,2026-09-03T09:13:41Z,2026-09-03T09:13:42Z,site_a,SIM,synthetic_demo,A-WAN-1,UP,1000.0,283.9458,283.91,0.0,18.91,2.3421,0.084,0,UP,4.0,0.0,48,12,96,-69.052,36.862,13.174,0,2,0,7,0,301.0,0.0,0,0,MAINS_RECOVERY_HOLD,MAINS_RECOVERY_HOLD,1,1,54.42,92.0,48.4624,48.2709,2.1357,3.72788,3.72788,3.71314,3.71314,0.0,23.5,144.325,3,36.906,,DISCHARGE,0.0,0,,SYNTHETIC|STALE,0
doe-000,0,821,2026-09-03T09:13:41Z,2026-09-03T09:13:42Z,2026-09-03T09:13:41Z,2026-09-03T09:13:42Z,site_b,SIM,synthetic_demo,B-WAN-1,UP,1000.0,122.4851,122.22,0.0,21.02,0.0247,0.081,0,UP,4.0,0.0,6,6,48,-69.052,37.136,13.497,0,1,0,32,0,161.0,0.0,0,0,,,,,,,,,,,,,,,,,,,,,0.0,0,,SYNTHETIC|STALE,0
doe-000,0,822,2026-09-03T09:13:42Z,2026-09-03T09:13:43Z,2026-09-03T09:13:42Z,2026-09-03T09:13:43Z,site_a,SIM,synthetic_demo,A-WAN-1,UP,1000.0,311.8887,311.18,0.0,16.69,0.8678,0.104,0,UP,4.0,0.0,48,12,66,-67.2,32.178,12.103,0,3,0,7,0,373.0,0.0,0,0,MAINS_RECOVERY_HOLD,MAINS_RECOVERY_HOLD,1,1,54.44,92.0,48.4623,48.2749,2.09,3.72787,3.72787,3.71345,3.71345,0.0,23.5,141.254,3,36.969,,DISCHARGE,0.0,0,,SYNTHETIC,0
doe-000,0,822,2026-09-03T09:13:42Z,2026-09-03T09:13:43Z,2026-09-03T09:13:42Z,2026-09-03T09:13:43Z,site_b,SIM,synthetic_demo,B-WAN-1,UP,1000.0,116.2195,116.53,0.0,23.31,2.2405,0.107,0,UP,4.0,0.0,6,6,38,-69.1,35.023,12.7,0,1,0,32,0,130.0,0.0,0,0,,,,,,,,,,,,,,,,,,,,,0.0,0,,SYNTHETIC,0
doe-000,0,823,2026-09-03T09:13:43Z,2026-09-03T09:13:44Z,2026-09-03T09:13:43Z,2026-09-03T09:13:44Z,site_a,SIM,synthetic_demo,A-WAN-1,UP,1000.0,423.6989,423.63,0.0,17.31,1.2422,0.097,0,UP,4.0,0.0,48,12,80,-67.4,34.947,12.564,2,4,0,7,0,849.0,0.0,0,0,MAINS_RECOVERY_HOLD,MAINS_RECOVERY_HOLD,1,1,54.37,92.0,48.4622,48.2703,2.1396,3.72786,3.72786,3.7131,3.7131,0.0,23.6,144.589,3,36.899,,DISCHARGE,0.0,0,,SYNTHETIC,0
doe-000,0,823,2026-09-03T09:13:43Z,2026-09-03T09:13:44Z,2026-09-03T09:13:43Z,2026-09-03T09:13:44Z,site_b,SIM,synthetic_demo,B-WAN-1,UP,1000.0,99.9589,99.62,0.0,21.89,0.5293,0.101,0,UP,4.0,0.0,6,6,70,-67.3,42.353,14.651,0,0,0,32,0,77.0,0.0,0,0,,,,,,,,,,,,,,,,,,,,,0.0,0,,SYNTHETIC,0
doe-000,0,824,2026-09-03T09:13:44Z,2026-09-03T09:13:45Z,2026-09-03T09:13:44Z,2026-09-03T09:13:45Z,site_a,SIM,synthetic_demo,A-WAN-1,UP,1000.0,354.6731,354.55,0.0,16.96,0.2864,0.139,0,UP,4.0,0.0,48,48,70,-66.9,27.813,10.124,2,2,0,7,0,466.0,0.0,0,0,MAINS_RECOVERY_HOLD,MAINS_RECOVERY_HOLD,1,1,54.42,92.0,48.4621,48.2723,2.116,3.72786,3.72786,3.71326,3.71326,0.0,23.5,142.997,,458.421,,DISCHARGE,0.0,0,,SYNTHETIC,0
doe-000,0,824,2026-09-03T09:13:44Z,2026-09-03T09:13:45Z,2026-09-03T09:13:44Z,2026-09-03T09:13:45Z,site_b,SIM,synthetic_demo,B-WAN-1,UP,1000.0,120.1362,120.43,0.0,25.16,3.8572,0.11,0,UP,4.0,0.0,6,6,67,-68.8,41.339,14.972,1,0,0,32,0,109.0,0.0,0,0,,,,,,,,,,,,,,,,,,,,,0.0,0,,SYNTHETIC,0
doe-000,0,825,2026-09-03T09:13:45Z,2026-09-03T09:13:46Z,2026-09-03T09:13:45Z,2026-09-03T09:13:46Z,site_a,SIM,synthetic_demo,A-WAN-1,UP,1000.0,359.4027,359.03,0.0,18.04,2.9322,0.081,0,UP,4.0,0.0,48,48,229,-67.5,31.935,11.639,1,3,0,7,0,395.0,0.0,0,0,MAINS_RECOVERY_HOLD,MAINS_RECOVERY_HOLD,1,1,54.41,92.0,48.4609,45.9859,27.592,3.72776,3.72776,3.53738,3.53738,0.0,23.5,1776.11,,36.907,OCP_DSG,DISCHARGE,0.0,0,,SYNTHETIC,0
doe-000,0,825,2026-09-03T09:13:45Z,2026-09-03T09:13:46Z,2026-09-03T09:13:45Z,2026-09-03T09:13:46Z,site_b,SIM,synthetic_demo,B-WAN-1,UP,1000.0,103.7792,102.81,0.0,22.53,1.8408,0.11,0,UP,4.0,0.0,6,6,54,-66.0,36.282,13.148,0,1,0,32,0,51.0,0.0,0,0,,,,,,,,,,,,,,,,,,,,,0.0,0,,SYNTHETIC,0
doe-000,0,826,2026-09-03T09:13:46Z,2026-09-03T09:13:47Z,2026-09-03T09:13:46Z,2026-09-03T09:13:47Z,site_a,SIM,synthetic_demo,A-WAN-1,UP,1000.0,373.6491,372.82,0.0,17.63,1.6069,0.124,0,UP,4.0,0.0,48,12,95,-67.0,36.457,13.494,0,3,0,7,0,400.0,0.0,0,0,MAINS_RECOVERY_HOLD,MAINS_RECOVERY_HOLD,1,1,54.39,92.0,48.4608,48.2716,2.1096,3.72775,3.72775,3.7132,3.7132,0.0,23.7,142.565,3,36.929,,DISCHARGE,0.0,0,,SYNTHETIC,0
doe-000,0,826,2026-09-03T09:13:46Z,2026-09-03T09:13:47Z,2026-09-03T09:13:46Z,2026-09-03T09:13:47Z,site_b,SIM,synthetic_demo,B-WAN-1,UP,1000.0,91.4183,92.15,0.0,20.6,0.0043,0.11,0,UP,4.0,0.0,6,6,62,-68.5,41.294,14.411,0,2,0,32,0,80.0,0.0,0,0,,,,,,,,,,,,,,,,,,,,,0.0,0,,SYNTHETIC,0
doe-000,0,827,2026-09-03T09:13:47Z,2026-09-03T09:13:48Z,2026-09-03T09:13:47Z,2026-09-03T09:13:48Z,site_a,SIM,synthetic_demo,A-WAN-1,UP,1000.0,307.641,307.72,0.0,17.7,1.7246,0.105,0,UP,4.0,0.0,48,12,128,-67.7,39.804,14.387,0,2,0,7,0,543.0,0.0,0,0,MAINS_RECOVERY_HOLD,MAINS_RECOVERY_HOLD,1,1,54.43,92.0,48.4607,48.2744,2.0762,3.72774,3.72774,3.71342,3.71342,0.0,23.6,140.314,3,36.975,,DISCHARGE,0.0,0,,SYNTHETIC,0
doe-000,0,827,2026-09-03T09:13:47Z,2026-09-03T09:13:48Z,2026-09-03T09:13:47Z,2026-09-03T09:13:48Z,site_b,SIM,synthetic_demo,B-WAN-1,UP,1000.0,94.0344,94.65,0.0,21.74,1.2745,0.066,0,UP,4.0,0.0,6,6,65,-67.1,39.324,14.476,0,1,0,32,0,100.0,0.0,0,0,,,,,,,,,,,,,,,,,,,,,0.0,0,,SYNTHETIC,0
doe-000,0,828,2026-09-03T09:13:48Z,2026-09-03T09:13:49Z,2026-09-03T09:13:48Z,2026-09-03T09:13:49Z,site_a,SIM,synthetic_demo,A-WAN-1,UP,1000.0,379.7157,379.11,0.0,20.59,4.0131,0.118,0,UP,4.0,0.0,48,12,88,-67.6,34.273,12.77,0,3,0,7,0,284.0,0.0,0,0,MAINS_RECOVERY_HOLD,MAINS_RECOVERY_HOLD,1,1,54.39,92.0,48.4606,48.2675,2.1522,3.72774,3.72774,3.71289,3.71289,0.0,23.4,145.433,3,36.867,,DISCHARGE,0.0,0,,SYNTHETIC,0
doe-000,0,828,2026-09-03T09:13:48Z,2026-09-03T09:13:49Z,2026-09-03T09:13:48Z,2026-09-03T09:13:49Z,site_b,SIM,synthetic_demo,B-WAN-1,UP,1000.0,86.5724,85.47,0.0,21.11,0.2272,12.267,0,UP,4.0,0.0,6,6,63,-65.5,42.53,13.828,0,0,0,32,0,78.0,0.0,0,0,,,,,,,,,,,,,,,,,,,,,0.15,0,,SYNTHETIC,0
doe-000,0,829,2026-09-03T09:13:49Z,2026-09-03T09:13:50Z,2026-09-03T09:13:49Z,2026-09-03T09:13:50Z,site_a,SIM,synthetic_demo,A-WAN-1,UP,1000.0,370.144,369.89,0.0,17.7,1.8127,0.039,0,UP,4.0,0.0,48,12,84,-65.7,35.692,12.409,0,6,0,7,0,301.0,0.0,0,0,MAINS_RECOVERY_HOLD,MAINS_RECOVERY_HOLD,1,1,54.38,92.0,48.4605,48.27,2.1237,3.72773,3.72773,3.71307,3.71307,0.0,23.6,143.511,3,36.906,,DISCHARGE,0.0,0,,SYNTHETIC,0
doe-000,0,829,2026-09-03T09:13:49Z,2026-09-03T09:13:50Z,2026-09-03T09:13:49Z,2026-09-03T09:13:50Z,site_b,SIM,synthetic_demo,B-WAN-1,UP,1000.0,93.537,94.44,0.0,22.62,1.8227,12.29,0,UP,4.0,0.0,6,6,64,-66.5,40.56,13.85,0,0,0,32,0,118.0,0.0,0,0,,,,,,,,,,,,,,,,,,,,,0.15,0,,SYNTHETIC,0
doe-000,0,830,2026-09-03T09:13:50Z,2026-09-03T09:13:51Z,2026-09-03T09:13:50Z,2026-09-03T09:13:51Z,site_a,SIM,synthetic_demo,A-WAN-1,UP,1000.0,306.9729,306.43,0.0,17.53,1.777,0.087,0,UP,4.0,0.0,48,12,62,-67.0,31.989,11.016,0,2,0,7,0,379.0,0.0,0,0,MAINS_RECOVERY_HOLD,MAINS_RECOVERY_HOLD,1,1,54.4,92.0,48.4604,48.2742,2.0749,3.72772,3.72772,3.7134,3.7134,0.0,23.7,140.228,3,36.974,,DISCHARGE,0.0,0,,SYNTHETIC,0
doe-000,0,830,2026-09-03T09:13:50Z,2026-09-03T09:13:51Z,2026-09-03T09:13:50Z,2026-09-03T09:13:51Z,site_b,SIM,synthetic_demo,B-WAN-1,UP,1000.0,205.7879,205.1,0.0,22.88,2.3646,12.626,0,UP,4.0,0.0,6,6,49,-66.3,38.106,12.684,1,1,0,32,0,76.0,0.0,0,0,,,,,,,,,,,,,,,,,,,,,0.15,0,,SYNTHETIC,0
doe-000,0,831,2026-09-03T09:13:51Z,2026-09-03T09:13:52Z,2026-09-03T09:13:51Z,2026-09-03T09:13:52Z,site_a,SIM,synthetic_demo,A-WAN-1,UP,1000.0,292.3884,292.31,0.0,15.74,0.1208,0.1,0,UP,4.0,0.0,48,12,81,-65.1,35.324,11.947,0,2,0,7,0,272.0,0.0,0,0,MAINS_RECOVERY_HOLD,MAINS_RECOVERY_HOLD,1,1,54.36,92.0,48.4602,48.2739,2.0773,3.72771,3.72771,3.71338,3.71338,0.0,23.6,140.388,3,36.97,,DISCHARGE,0.0,0,,SYNTHETIC,0
doe-000,0,831,2026-09-03T09:13:51Z,2026-09-03T09:13:52Z,2026-09-03T09:13:51Z,2026-09-03T09:13:52Z,site_b,SIM,synthetic_demo,B-WAN-1,UP,1000.0,96.5812,97.62,0.0,22.34,1.3876,12.312,0,UP,4.0,0.0,6,6,67,-65.2,40.877,13.274,0,0,0,32,0,88.0,0.0,0,0,,,,,,,,,,,,,,,,,,,,,0.15,0,,SYNTHETIC,0
doe-000,0,832,2026-09-03T09:13:52Z,2026-09-03T09:13:53Z,2026-09-03T09:13:52Z,2026-09-03T09:13:53Z,site_a,SIM,synthetic_demo,A-WAN-1,UP,1000.0,371.4467,371.74,0.0,17.81,2.4442,0.103,0,UP,4.0,0.0,48,12,151,-67.6,41.475,15.624,0,4,0,7,0,482.0,0.0,0,0,MAINS_RECOVERY_HOLD,MAINS_RECOVERY_HOLD,1,1,54.35,92.0,48.4601,48.2693,2.1279,3.7277,3.7277,3.71302,3.71302,0.0,23.6,143.794,3,36.898,,DISCHARGE,0.0,0,,SYNTHETIC,0
doe-000,0,832,2026-09-03T09:13:52Z,2026-09-03T09:13:53Z,2026-09-03T09:13:52Z,2026-09-03T09:13:53Z,site_b,SIM,synthetic_demo,B-WAN-1,UP,1000.0,88.5466,87.39,0.0,21.16,0.3335,12.262,0,UP,4.0,0.0,6,6,37,-70.9,33.929,13.803,0,0,0,32,0,78.0,0.0,0,0,,,,,,,,,,,,,,,,,,,,,0.15,0,,SYNTHETIC,0
doe-000,0,833,2026-09-03T09:13:53Z,2026-09-03T09:13:54Z,2026-09-03T09:13:53Z,2026-09-03T09:13:54Z,site_a,SIM,synthetic_demo,A-WAN-1,UP,1000.0,347.8821,348.54,0.0,19.15,3.4041,0.024,0,UP,4.0,0.0,48,12,70,-66.6,34.762,11.083,0,2,0,7,0,462.0,0.0,0,0,MAINS_RECOVERY_HOLD,MAINS_RECOVERY_HOLD,1,1,54.26,92.0,48.46,48.2746,2.0674,3.72769,3.72769,3.71343,3.71343,0.0,23.6,139.722,3,36.982,,DISCHARGE,0.0,0,,SYNTHETIC,0
doe-000,0,833,2026-09-03T09:13:53Z,2026-09-03T09:13:54Z,2026-09-03T09:13:53Z,2026-09-03T09:13:54Z,site_b,SIM,synthetic_demo,B-WAN-1,UP,1000.0,90.399,89.65,0.0,22.08,0.8102,12.274,0,UP,4.0,0.0,6,6,71,-68.2,42.948,14.814,0,0,0,32,0,61.0,0.0,0,0,,,,,,,,,,,,,,,,,,,,,0.15,0,,SYNTHETIC,0
doe-000,0,834,2026-09-03T09:13:54Z,2026-09-03T09:13:55Z,2026-09-03T09:13:54Z,2026-09-03T09:13:55Z,site_a,SIM,synthetic_demo,A-WAN-1,UP,1000.0,474.189,474.79,0.0,16.39,0.6988,0.095,0,UP,4.0,0.0,48,12,65,-66.6,33.293,10.944,0,6,0,7,0,550.0,0.0,0,0,MAINS_RECOVERY_HOLD,MAINS_RECOVERY_HOLD,1,1,54.32,92.0,48.4599,48.2704,2.1122,3.72769,3.72769,3.71311,3.71311,0.0,23.6,142.741,3,36.918,,DISCHARGE,0.0,0,,SYNTHETIC,0
doe-000,0,834,2026-09-03T09:13:54Z,2026-09-03T09:13:55Z,2026-09-03T09:13:54Z,2026-09-03T09:13:55Z,site_b,SIM,synthetic_demo,B-WAN-1,UP,1000.0,89.8332,90.31,0.0,22.18,1.4359,12.282,0,UP,4.0,0.0,6,6,110,-66.7,52.747,17.576,1,0,0,32,0,43.0,0.0,0,0,,,,,,,,,,,,,,,,,,,,,0.15,0,,SYNTHETIC,0
doe-000,0,835,2026-09-03T09:13:55Z,2026-09-03T09:13:56Z,2026-09-03T09:13:55Z,2026-09-03T09:13:56Z,site_a,SIM,synthetic_demo,A-WAN-1,UP,1000.0,427.4185,427.72,0.0,18.89,3.2812,0.058,0,UP,4.0,0.0,48,12,76,-69.2,35.059,13.309,0,4,0,7,0,552.0,0.0,0,0,MAINS_RECOVERY_HOLD,MAINS_RECOVERY_HOLD,1,1,54.25,92.0,48.4598,48.271,2.1053,3.72768,3.72768,3.71315,3.71315,0.0,23.6,142.274,3,36.927,,DISCHARGE,0.0,0,,SYNTHETIC,0
doe-000,0,835,2026-09-03T09:13:55Z,2026-09-03T09:13:56Z,2026-09-03T09:13:55Z,2026-09-03T09:13:56Z,site_b,SIM,synthetic_demo,B-WAN-1,UP,1000.0,88.7947,89.56,0.0,21.1,0.0115,12.275,0,UP,4.0,0.0,6,6,45,-66.8,34.365,12.411,0,0,0,32,0,59.0,0.0,0,0,,,,,,,,,,,,,,,,,,,,,0.15,0,,SYNTHETIC,0
doe-000,0,836,2026-09-03T09:13:56Z,2026-09-03T09:13:57Z,2026-09-03T09:13:56Z,2026-09-03T09:13:57Z,site_a,SIM,synthetic_demo,A-WAN-1,UP,1000.0,492.0852,491.54,0.0,17.74,1.2864,0.134,0,UP,4.0,0.0,48,12,73,-66.8,34.63,12.002,0,2,0,7,0,492.0,0.0,0,0,MAINS_RECOVERY_HOLD,MAINS_RECOVERY_HOLD,1,1,54.28,92.0,48.4597,48.274,2.0698,3.72767,3.72767,3.71339,3.71339,0.0,23.6,139.882,3,36.976,,DISCHARGE,0.0,0,,SYNTHETIC,0
doe-000,0,836,2026-09-03T09:13:56Z,2026-09-03T09:13:57Z,2026-09-03T09:13:56Z,2026-09-03T09:13:57Z,site_b,SIM,synthetic_demo,B-WAN-1,UP,1000.0,96.2729,95.09,0.0,25.15,3.9216,12.255,0,UP,4.0,0.0,6,6,66,-68.3,39.715,14.589,0,0,0,32,0,98.0,0.0,0,0,,,,,,,,,,,,,,,,,,,,,0.15,0,,SYNTHETIC,0
doe-000,0,837,2026-09-03T09:13:57Z,2026-09-03T09:13:58Z,2026-09-03T09:13:57Z,2026-09-03T09:13:58Z,site_a,SIM,synthetic_demo,A-WAN-1,UP,1000.0,368.3271,368.72,0.0,17.11,1.0166,0.099,0,UP,4.0,0.0,48,12,68,-67.6,33.34,11.912,0,2,0,7,0,526.0,0.0,0,0,MAINS_RECOVERY_HOLD,MAINS_RECOVERY_HOLD,1,1,54.43,92.0,48.4596,48.2599,2.2266,3.72766,3.72766,3.7123,3.7123,0.0,23.5,150.434,3,36.756,,DISCHARGE,0.0,0,,SYNTHETIC,0
doe-000,0,837,2026-09-03T09:13:57Z,2026-09-03T09:13:58Z,2026-09-03T09:13:57Z,2026-09-03T09:13:58Z,site_b,SIM,synthetic_demo,B-WAN-1,UP,1000.0,94.2843,93.79,0.0,23.72,2.7767,12.287,0,UP,4.0,0.0,6,6,109,-66.3,52.794,16.972,0,0,0,32,0,93.0,0.0,0,0,,,,,,,,,,,,,,,,,,,,,0.15,0,,SYNTHETIC,0
doe-000,0,838,2026-09-03T09:13:58Z,2026-09-03T09:13:59Z,2026-09-03T09:13:58Z,2026-09-03T09:13:59Z,site_a,SIM,synthetic_demo,A-WAN-1,UP,1000.0,417.9128,418.58,0.0,16.02,0.1224,0.078,0,UP,4.0,0.0,48,12,54,-66.7,30.879,11.155,1,2,0,7,0,434.0,0.0,0,0,MAINS_RECOVERY_HOLD,MAINS_RECOVERY_HOLD,1,1,54.41,92.0,48.4595,48.2698,2.1142,3.72765,3.72765,3.71306,3.71306,0.0,23.5,142.87,3,36.912,,DISCHARGE,0.0,0,,SYNTHETIC,0
doe-000,0,838,2026-09-03T09:13:58Z,2026-09-03T09:13:59Z,2026-09-03T09:13:58Z,2026-09-03T09:13:59Z,site_b,SIM,synthetic_demo,B-WAN-1,UP,1000.0,94.8717,93.61,0.0,24.23,3.2923,12.293,0,UP,4.0,0.0,6,6,36,-66.5,35.376,11.795,0,0,0,32,0,71.0,0.0,0,0,,,,,,,,,,,,,,,,,,,,,0.15,0,,SYNTHETIC,0
doe-000,0,838,2026-09-03T09:13:58Z,2026-09-03T09:13:59Z,2026-09-03T09:13:58Z,2026-09-03T09:13:59Z,site_b,SIM,synthetic_demo,B-WAN-1,UP,1000.0,94.8717,93.61,0.0,24.23,3.2923,12.293,0,UP,4.0,0.0,6,6,36,-66.5,35.376,11.795,0,0,0,32,0,71.0,0.0,0,0,,,,,,,,,,,,,,,,,,,,,0.15,0,,SYNTHETIC|DUPLICATE,0
doe-000,0,839,2026-09-03T09:13:59Z,2026-09-03T09:14:00Z,2026-09-03T09:13:59Z,2026-09-03T09:14:00Z,site_a,SIM,synthetic_demo,A-WAN-1,UP,1000.0,340.7463,341.44,0.0,16.78,0.4339,0.095,0,UP,4.0,0.0,48,12,41,-68.1,30.038,11.005,0,3,0,7,0,352.0,0.0,0,0,MAINS_RECOVERY_HOLD,MAINS_RECOVERY_HOLD,1,1,54.31,92.0,48.4594,48.271,2.0994,3.72764,3.72764,3.71316,3.71316,0.0,23.5,141.875,3,36.932,,DISCHARGE,0.0,0,,SYNTHETIC,0
doe-000,0,839,2026-09-03T09:13:59Z,2026-09-03T09:14:00Z,2026-09-03T09:13:59Z,2026-09-03T09:14:00Z,site_b,SIM,synthetic_demo,B-WAN-1,UP,1000.0,84.1093,84.62,0.0,21.23,0.6471,12.276,0,UP,4.0,0.0,6,6,38,-67.4,33.609,13.085,0,2,0,32,0,68.0,0.0,0,0,,,,,,,,,,,,,,,,,,,,,0.15,0,,SYNTHETIC,0
doe-000,0,840,2026-09-03T09:14:00Z,2026-09-03T09:14:01Z,2026-09-03T09:14:00Z,2026-09-03T09:14:01Z,site_a,SIM,synthetic_demo,A-WAN-1,UP,1000.0,410.3223,409.25,0.0,19.01,2.4568,0.115,0,UP,4.0,0.0,48,48,191,-67.0,31.392,11.068,1,2,0,7,0,624.0,0.0,0,0,MAINS_RECOVERY_HOLD,CHARGE_DELAY,1,2,54.29,92.0,48.4594,48.4594,0.0,3.72764,3.72764,3.72764,3.72764,0.0,23.5,1782.828,,36.745,,STANDBY,0.0,0,,SYNTHETIC,0
doe-000,0,840,2026-09-03T09:14:00Z,2026-09-03T09:14:01Z,2026-09-03T09:14:00Z,2026-09-03T09:14:01Z,site_b,SIM,synthetic_demo,B-WAN-1,UP,1000.0,84.7763,83.2,0.0,21.79,0.9509,0.075,0,UP,4.0,0.0,6,6,57,-67.4,40.462,13.846,0,1,0,32,0,106.0,0.0,0,0,,,,,,,,,,,,,,,,,,,,,0.0,0,,SYNTHETIC,0
doe-000,0,841,2026-09-03T09:14:01Z,2026-09-03T09:14:02Z,2026-09-03T09:14:01Z,2026-09-03T09:14:02Z,site_a,SIM,synthetic_demo,A-WAN-1,UP,1000.0,689.6936,690.05,0.0,17.16,1.2874,0.082,0,UP,4.0,0.0,48,48,423,-66.4,37.993,12.997,2,0,0,7,0,364.0,0.0,0,0,CHARGE_DELAY,CHARGE_DELAY,1,2,54.41,92.0,48.4594,48.4594,0.0,3.72764,3.72764,3.72764,3.72764,0.0,23.5,144.297,,453.999,,STANDBY,0.0,0,,SYNTHETIC,0
doe-000,0,841,2026-09-03T09:14:01Z,2026-09-03T09:14:02Z,2026-09-03T09:14:01Z,2026-09-03T09:14:02Z,site_b,SIM,synthetic_demo,B-WAN-1,UP,1000.0,88.6426,88.3,0.0,21.37,0.7123,0.099,0,UP,4.0,0.0,6,6,22,-66.5,30.873,11.077,0,0,0,32,0,53.0,0.0,0,0,,,,,,,,,,,,,,,,,,,,,0.0,0,,SYNTHETIC,0
doe-000,0,842,2026-09-03T09:14:02Z,2026-09-03T09:14:03Z,2026-09-03T09:14:02Z,2026-09-03T09:14:03Z,site_a,SIM,synthetic_demo,A-WAN-1,UP,1000.0,462.8777,463.3,0.0,17.37,0.8643,0.076,0,UP,4.0,0.0,48,48,273,-67.4,33.364,11.737,0,2,0,7,0,510.0,0.0,0,0,CHARGE_DELAY,CHARGE_DELAY,1,2,54.29,92.0,48.4594,48.4594,0.0,3.72764,3.72764,3.72764,3.72764,0.0,23.4,1773.325,,36.942,,STANDBY,0.0,0,,SYNTHETIC,0
doe-000,0,842,2026-09-03T09:14:02Z,2026-09-03T09:14:03Z,2026-09-03T09:14:02Z,2026-09-03T09:14:03Z,site_b,SIM,synthetic_demo,B-WAN-1,UP,1000.0,94.4458,95.44,0.0,21.27,0.5455,0.102,0,UP,4.0,0.0,6,6,52,-66.6,38.174,13.526,0,1,0,32,0,45.0,0.0,0,0,,,,,,,,,,,,,,,,,,,,,0.0,0,,SYNTHETIC,0
doe-000,0,843,2026-09-03T09:14:03Z,2026-09-03T09:14:04Z,2026-09-03T09:14:03Z,2026-09-03T09:14:04Z,site_a,SIM,synthetic_demo,A-WAN-1,UP,1000.0,337.5436,336.73,0.0,15.73,0.3426,0.058,0,UP,4.0,0.0,48,48,238,-66.6,32.585,11.596,2,2,0,7,0,532.0,0.0,0,0,CHARGE_DELAY,CHARGE_DELAY,1,2,54.19,92.0,48.4593,48.4593,0.0,3.72764,3.72764,3.72764,3.72764,0.0,23.6,1771.277,,36.985,,STANDBY,0.0,0,,SYNTHETIC,0
doe-000,0,843,2026-09-03T09:14:03Z,2026-09-03T09:14:04Z,2026-09-03T09:14:03Z,2026-09-03T09:14:04Z,site_b,SIM,synthetic_demo,B-WAN-1,UP,1000.0,87.3537,88.08,0.0,21.56,0.847,0.101,0,UP,4.0,0.0,6,6,44,-66.2,35.585,12.48,0,0,0,32,0,74.0,0.0,0,0,,,,,,,,,,,,,,,,,,,,,0.0,0,,SYNTHETIC,0
doe-000,0,844,2026-09-03T09:14:04Z,2026-09-03T09:14:05Z,2026-09-03T09:14:04Z,2026-09-03T09:14:05Z,site_a,SIM,synthetic_demo,A-WAN-1,UP,1000.0,411.1847,410.27,0.0,16.49,0.059,0.097,0,UP,4.0,0.0,48,48,368,-66.0,36.783,12.696,0,4,0,7,0,504.0,0.0,0,0,CHARGE_DELAY,CHARGE_DELAY,1,2,54.36,92.0,48.4593,48.4593,0.0,3.72764,3.72764,3.72764,3.72764,0.0,23.6,1780.685,,36.79,,STANDBY,0.0,0,,SYNTHETIC,0
doe-000,0,844,2026-09-03T09:14:04Z,2026-09-03T09:14:05Z,2026-09-03T09:14:04Z,2026-09-03T09:14:05Z,site_b,SIM,synthetic_demo,B-WAN-1,UP,1000.0,89.0827,88.79,0.0,21.55,0.2663,0.145,0,UP,4.0,0.0,6,6,35,-66.5,34.967,11.925,0,0,0,32,0,53.0,0.0,0,0,,,,,,,,,,,,,,,,,,,,,0.0,0,,SYNTHETIC,0
doe-000,0,845,2026-09-03T09:14:05Z,2026-09-03T09:14:06Z,2026-09-03T09:14:05Z,2026-09-03T09:14:06Z,site_a,SIM,synthetic_demo,A-WAN-1,UP,1000.0,325.9328,326.45,0.0,17.95,2.417,0.055,0,UP,4.0,0.0,48,48,483,-66.4,39.526,13.31,2,4,0,7,0,520.0,0.0,0,0,CHARGE_DELAY,CHARGE_DELAY,1,2,54.43,92.0,48.4593,48.4593,0.0,3.72764,3.72764,3.72764,3.72764,0.0,23.6,1775.467,,36.898,,STANDBY,0.0,0,,SYNTHETIC,0
doe-000,0,845,2026-09-03T09:14:05Z,2026-09-03T09:14:06Z,2026-09-03T09:14:05Z,2026-09-03T09:14:06Z,site_b,SIM,synthetic_demo,B-WAN-1,UP,1000.0,114.1418,113.74,0.0,22.04,1.0477,0.091,0,UP,4.0,0.0,6,6,79,-67.0,44.54,15.015,0,0,0,32,0,67.0,0.0,0,0,,,,,,,,,,,,,,,,,,,,,0.0,0,,SYNTHETIC,0
doe-000,0,846,2026-09-03T09:14:06Z,2026-09-03T09:14:07Z,2026-09-03T09:14:06Z,2026-09-03T09:14:07Z,site_a,SIM,synthetic_demo,A-WAN-1,UP,1000.0,358.4468,358.77,0.0,17.91,1.8943,0.105,0,UP,4.0,0.0,48,48,598,-66.3,42.837,15.071,0,2,0,7,0,328.0,0.0,0,0,CHARGE_DELAY,CHARGE_DELAY,1,2,54.37,92.0,48.4593,48.4593,0.0,3.72764,3.72764,3.72764,3.72764,0.0,23.4,1775.63,,36.894,,STANDBY,0.0,0,,SYNTHETIC,0
doe-000,0,846,2026-09-03T09:14:06Z,2026-09-03T09:14:07Z,2026-09-03T09:14:06Z,2026-09-03T09:14:07Z,site_b,SIM,synthetic_demo,B-WAN-1,UP,1000.0,92.0612,92.77,0.0,22.44,1.4196,0.119,0,UP,4.0,0.0,6,6,44,-65.5,36.671,12.417,0,1,0,32,0,76.0,0.0,0,0,,,,,,,,,,,,,,,,,,,,,0.0,0,,SYNTHETIC,0
doe-000,0,847,2026-09-03T09:14:07Z,2026-09-03T09:14:08Z,2026-09-03T09:14:07Z,2026-09-03T09:14:08Z,site_a,SIM,synthetic_demo,A-WAN-1,UP,1000.0,437.4565,437.64,0.0,19.18,3.5954,0.088,0,UP,4.0,0.0,48,48,207,-66.7,31.377,11.134,1,4,0,7,0,507.0,0.0,0,0,CHARGE_DELAY,CHARGE_DELAY,1,2,54.29,92.0,48.4593,48.4593,0.0,3.72764,3.72764,3.72764,3.72764,0.0,23.6,1776.268,,36.881,,STANDBY,0.0,0,,SYNTHETIC,0
doe-000,0,847,2026-09-03T09:14:07Z,2026-09-03T09:14:08Z,2026-09-03T09:14:07Z,2026-09-03T09:14:08Z,site_b,SIM,synthetic_demo,B-WAN-1,UP,1000.0,93.9676,94.58,0.0,20.33,0.1663,0.072,0,UP,4.0,0.0,6,6,43,-69.1,34.655,13.426,0,0,0,32,0,91.0,0.0,0,0,,,,,,,,,,,,,,,,,,,,,0.0,0,,SYNTHETIC,0
doe-000,0,848,2026-09-03T09:14:08Z,2026-09-03T09:14:09Z,2026-09-03T09:14:08Z,2026-09-03T09:14:09Z,site_a,SIM,synthetic_demo,A-WAN-1,UP,1000.0,318.2367,317.98,0.0,17.65,1.6204,0.1,0,UP,4.0,0.0,48,48,170,-68.1,30.142,11.012,1,1,0,7,0,479.0,0.0,0,0,CHARGE_DELAY,CHARGE_DELAY,1,2,54.36,92.0,48.4593,48.4593,0.0,3.72764,3.72764,3.72764,3.72764,0.0,23.6,1778.648,,36.832,,STANDBY,0.0,0,,SYNTHETIC,0
doe-000,0,848,2026-09-03T09:14:08Z,2026-09-03T09:14:09Z,2026-09-03T09:14:08Z,2026-09-03T09:14:09Z,site_b,SIM,synthetic_demo,B-WAN-1,UP,1000.0,118.6633,118.8,0.0,22.72,1.6347,0.099,0,UP,4.0,0.0,6,6,39,-67.2,34.095,11.679,0,0,0,32,0,100.0,0.0,0,0,,,,,,,,,,,,,,,,,,,,,0.0,0,,SYNTHETIC,0
doe-000,0,849,2026-09-03T09:14:09Z,2026-09-03T09:14:10Z,2026-09-03T09:14:09Z,2026-09-03T09:14:10Z,site_a,SIM,synthetic_demo,A-WAN-1,UP,1000.0,300.7099,300.44,0.0,17.72,1.9181,0.065,0,UP,4.0,0.0,48,48,290,-66.3,34.153,11.684,0,9,0,7,0,444.0,0.0,0,0,CHARGE_DELAY,CHARGE_DELAY,1,2,54.29,92.0,48.4593,48.4593,0.0,3.72764,3.72764,3.72764,3.72764,0.0,23.6,1773.787,,36.933,,STANDBY,0.0,0,,SYNTHETIC,0
doe-000,0,849,2026-09-03T09:14:09Z,2026-09-03T09:14:10Z,2026-09-03T09:14:09Z,2026-09-03T09:14:10Z,site_b,SIM,synthetic_demo,B-WAN-1,UP,1000.0,130.5398,130.35,0.0,22.14,1.1726,0.082,0,UP,4.0,0.0,6,6,45,-67.5,38.928,12.43,0,0,0,32,0,88.0,0.0,0,0,,,,,,,,,,,,,,,,,,,,,0.0,0,,SYNTHETIC,0
doe-000,0,850,2026-09-03T09:14:10Z,2026-09-03T09:14:11Z,2026-09-03T09:14:10Z,2026-09-03T09:14:11Z,site_a,SIM,synthetic_demo,A-WAN-1,UP,1000.0,367.2471,367.35,0.0,18.06,1.7079,0.056,0,UP,4.0,0.0,48,48,331,-67.0,35.145,12.277,1,2,0,7,0,576.0,0.0,0,0,CHARGE_DELAY,CHARGE_DELAY,1,2,54.33,92.0,48.4593,48.4593,0.0,3.72764,3.72764,3.72764,3.72764,0.0,23.7,1774.656,,36.914,,STANDBY,0.0,0,,SYNTHETIC,0
doe-000,0,850,2026-09-03T09:14:10Z,2026-09-03T09:14:11Z,2026-09-03T09:14:10Z,2026-09-03T09:14:11Z,site_b,SIM,synthetic_demo,B-WAN-1,UP,1000.0,99.6832,100.01,0.0,23.14,2.046,0.099,0,UP,4.0,0.0,6,6,39,-66.2,35.241,12.155,0,2,0,32,0,108.0,0.0,0,0,,,,,,,,,,,,,,,,,,,,,0.0,0,,SYNTHETIC,0
doe-000,0,851,2026-09-03T09:14:11Z,2026-09-03T09:14:12Z,2026-09-03T09:14:11Z,2026-09-03T09:14:12Z,site_a,SIM,synthetic_demo,A-WAN-1,UP,1000.0,411.9259,412.46,0.0,19.58,2.7306,0.092,0,UP,4.0,0.0,48,48,279,-68.0,33.13,12.336,1,1,0,7,0,561.0,0.0,0,0,CHARGE_DELAY,CHARGE_DELAY,1,2,54.36,92.0,48.4593,48.4593,0.0,3.72764,3.72764,3.72764,3.72764,0.0,23.7,1777.933,,36.846,,STANDBY,0.0,0,,SYNTHETIC,0
doe-000,0,851,2026-09-03T09:14:11Z,2026-09-03T09:14:12Z,2026-09-03T09:14:11Z,2026-09-03T09:14:12Z,site_b,SIM,synthetic_demo,B-WAN-1,UP,1000.0,106.895,106.73,0.0,21.81,1.5794,0.091,0,UP,4.0,0.0,6,6,42,-68.4,34.608,11.999,0,0,0,32,0,120.0,0.0,0,0,,,,,,,,,,,,,,,,,,,,,0.0,0,,SYNTHETIC,0
doe-000,0,852,2026-09-03T09:14:12Z,2026-09-03T09:14:13Z,2026-09-03T09:14:12Z,2026-09-03T09:14:13Z,site_a,SIM,synthetic_demo,A-WAN-1,UP,1000.0,353.6986,353.57,0.0,18.23,1.6489,0.098,0,UP,4.0,0.0,48,48,259,-66.1,33.391,11.292,0,3,0,7,0,509.0,0.0,0,0,CHARGE_DELAY,CHARGE_DELAY,1,2,54.33,92.0,48.4593,48.4593,0.0,3.72764,3.72764,3.72764,3.72764,0.0,23.5,1771.152,,36.988,,STANDBY,0.0,0,,SYNTHETIC,0
doe-000,0,852,2026-09-03T09:14:12Z,2026-09-03T09:14:13Z,2026-09-03T09:14:12Z,2026-09-03T09:14:13Z,site_b,SIM,synthetic_demo,B-WAN-1,UP,1000.0,99.5662,100.2,0.0,21.97,0.5136,0.077,0,UP,4.0,0.0,6,6,28,-66.0,34.357,10.862,0,0,0,32,0,80.0,0.0,0,0,,,,,,,,,,,,,,,,,,,,,0.0,0,,SYNTHETIC,0
doe-000,0,853,2026-09-03T09:14:13Z,2026-09-03T09:14:14Z,2026-09-03T09:14:13Z,2026-09-03T09:14:14Z,site_a,SIM,synthetic_demo,A-WAN-1,UP,1000.0,464.2953,464.57,0.0,17.93,1.9307,0.094,0,UP,4.0,0.0,48,48,156,-65.7,29.834,10.394,0,4,0,7,0,677.0,0.0,0,0,CHARGE_DELAY,CHARGE_DELAY,1,2,54.31,92.0,48.4593,48.4593,0.0,3.72764,3.72764,3.72764,3.72764,0.0,23.5,1774.62,,36.915,,STANDBY,0.0,0,,SYNTHETIC,0
doe-000,0,853,2026-09-03T09:14:13Z,2026-09-03T09:14:14Z,2026-09-03T09:14:13Z,2026-09-03T09:14:14Z,site_b,SIM,synthetic_demo,B-WAN-1,UP,1000.0,111.1827,111.89,0.0,21.39,0.6676,0.091,0,UP,4.0,0.0,6,6,35,-66.9,32.716,11.976,0,0,0,32,0,115.0,0.0,0,0,,,,,,,,,,,,,,,,,,,,,0.0,0,,SYNTHETIC,0
doe-000,0,854,2026-09-03T09:14:14Z,2026-09-03T09:14:15Z,2026-09-03T09:14:14Z,2026-09-03T09:14:15Z,site_a,SIM,synthetic_demo,A-WAN-1,UP,1000.0,287.5608,287.49,0.0,,3.0608,0.062,0,UP,4.0,0.0,48,48,93,-67.2,28.111,10.092,0,2,0,7,0,340.0,0.0,0,0,CHARGE_DELAY,CHARGE_DELAY,1,2,54.34,92.0,48.4593,48.4593,0.0,3.72764,3.72764,3.72764,3.72764,0.0,23.5,1774.86,,36.91,,STANDBY,0.0,0,,SYNTHETIC|GAP|MISSING_MAR,0
doe-000,0,854,2026-09-03T09:14:14Z,2026-09-03T09:14:15Z,2026-09-03T09:14:14Z,2026-09-03T09:14:15Z,site_b,SIM,synthetic_demo,B-WAN-1,UP,1000.0,117.4312,117.43,0.0,23.99,2.4334,0.123,0,UP,4.0,0.0,6,6,74,-67.4,43.754,15.57,0,1,0,32,0,142.0,0.0,0,0,,,,,,,,,,,,,,,,,,,,,0.0,0,,SYNTHETIC,0
doe-000,0,855,2026-09-03T09:14:15Z,2026-09-03T09:14:16Z,2026-09-03T09:14:15Z,2026-09-03T09:14:16Z,site_a,SIM,synthetic_demo,A-WAN-1,UP,1000.0,385.5972,386.56,0.0,16.72,0.7603,0.094,0,UP,4.0,0.0,48,48,265,-66.4,33.403,11.851,0,2,0,7,0,321.0,0.0,0,0,CHARGE_DELAY,CHARGE_DELAY,1,2,54.2,92.0,48.4593,48.4593,0.0,3.72764,3.72764,3.72764,3.72764,0.0,23.5,1777.354,,36.858,,STANDBY,0.0,0,,SYNTHETIC,0
doe-000,0,855,2026-09-03T09:14:15Z,2026-09-03T09:14:16Z,2026-09-03T09:14:15Z,2026-09-03T09:14:16Z,site_b,SIM,synthetic_demo,B-WAN-1,UP,1000.0,101.2688,101.94,0.0,22.36,1.5148,0.104,0,UP,4.0,0.0,6,6,16,-65.5,29.29,10.198,0,0,0,32,0,90.0,0.0,0,0,,,,,,,,,,,,,,,,,,,,,0.0,0,,SYNTHETIC,0
doe-000,0,856,2026-09-03T09:14:16Z,2026-09-03T09:14:17Z,2026-09-03T09:14:16Z,2026-09-03T09:14:17Z,site_a,SIM,synthetic_demo,A-WAN-1,UP,1000.0,346.0482,346.01,0.0,18.2,2.5649,0.053,0,UP,4.0,0.0,48,48,256,-67.1,33.443,11.537,0,4,0,7,0,392.0,0.0,0,0,CHARGE_DELAY,CHARGE_DELAY,1,2,54.34,92.0,48.4593,48.4593,0.0,3.72764,3.72764,3.72764,3.72764,0.0,23.6,1774.475,,36.918,,STANDBY,0.0,0,,SYNTHETIC,0
doe-000,0,856,2026-09-03T09:14:16Z,2026-09-03T09:14:17Z,2026-09-03T09:14:16Z,2026-09-03T09:14:17Z,site_b,SIM,synthetic_demo,B-WAN-1,UP,1000.0,102.6708,103.05,0.0,21.21,0.0971,0.085,0,UP,4.0,0.0,6,6,109,-68.7,48.47,17.96,0,1,0,32,0,45.0,0.0,0,0,,,,,,,,,,,,,,,,,,,,,0.0,0,,SYNTHETIC,0
doe-000,0,857,2026-09-03T09:14:17Z,2026-09-03T09:14:18Z,2026-09-03T09:14:17Z,2026-09-03T09:14:18Z,site_a,SIM,synthetic_demo,A-WAN-1,UP,1000.0,440.1087,440.63,0.0,18.4,2.1146,0.11,0,UP,4.0,0.0,48,48,414,-67.4,37.268,13.098,0,6,0,7,0,636.0,0.0,0,0,CHARGE_DELAY,CHARGE_DELAY,1,2,54.21,92.0,48.4593,48.4593,0.0,3.72764,3.72764,3.72764,3.72764,0.0,23.6,1773.038,,36.948,,STANDBY,0.0,0,,SYNTHETIC,0
doe-000,0,857,2026-09-03T09:14:17Z,2026-09-03T09:14:18Z,2026-09-03T09:14:17Z,2026-09-03T09:14:18Z,site_b,SIM,synthetic_demo,B-WAN-1,UP,1000.0,99.6242,100.22,0.0,23.41,2.6963,0.133,0,UP,4.0,0.0,6,6,57,-66.3,38.194,13.302,0,2,0,32,0,64.0,0.0,0,0,,,,,,,,,,,,,,,,,,,,,0.0,0,,SYNTHETIC,0
doe-000,0,858,2026-09-03T09:14:18Z,2026-09-03T09:14:19Z,2026-09-03T09:14:18Z,2026-09-03T09:14:19Z,site_a,SIM,synthetic_demo,A-WAN-1,UP,1000.0,372.7915,372.07,0.0,18.54,1.3468,0.078,0,UP,4.0,0.0,48,48,152,-65.9,29.604,10.633,1,2,0,7,0,521.0,0.0,0,0,CHARGE_DELAY,CHARGE_DELAY,1,2,54.4,92.0,48.4593,48.4593,0.0,3.72764,3.72764,3.72764,3.72764,0.0,23.6,1774.611,,36.915,,STANDBY,0.0,0,,SYNTHETIC,0
doe-000,0,858,2026-09-03T09:14:18Z,2026-09-03T09:14:19Z,2026-09-03T09:14:18Z,2026-09-03T09:14:19Z,site_b,SIM,synthetic_demo,B-WAN-1,UP,1000.0,124.9815,125.41,0.0,22.44,1.811,0.089,0,UP,4.0,0.0,6,6,29,-66.8,31.786,11.512,0,0,0,32,0,88.0,0.0,0,0,,,,,,,,,,,,,,,,,,,,,0.0,0,,SYNTHETIC,0
doe-000,0,859,2026-09-03T09:14:19Z,2026-09-03T09:14:20Z,2026-09-03T09:14:19Z,2026-09-03T09:14:20Z,site_a,SIM,synthetic_demo,A-WAN-1,UP,1000.0,345.0228,344.14,0.0,16.75,0.8077,0.066,0,UP,4.0,0.0,48,48,271,-66.7,32.939,11.969,0,2,0,7,0,565.0,0.0,0,0,CHARGE_DELAY,CHARGE_DELAY,1,2,54.37,92.0,48.4593,48.4593,0.0,3.72764,3.72764,3.72764,3.72764,0.0,23.6,1779.032,,36.824,,STANDBY,0.0,0,,SYNTHETIC,0
doe-000,0,859,2026-09-03T09:14:19Z,2026-09-03T09:14:20Z,2026-09-03T09:14:19Z,2026-09-03T09:14:20Z,site_b,SIM,synthetic_demo,B-WAN-1,UP,1000.0,100.9433,99.96,0.0,22.47,0.8127,0.123,0,UP,4.0,0.0,6,6,35,-66.1,32.951,11.837,0,0,0,32,0,81.0,0.0,0,0,,,,,,,,,,,,,,,,,,,,,0.0,0,,SYNTHETIC,0
doe-000,0,860,2026-09-03T09:14:20Z,2026-09-03T09:14:21Z,2026-09-03T09:14:20Z,2026-09-03T09:14:21Z,site_a,SIM,synthetic_demo,A-WAN-1,UP,1000.0,326.8367,326.66,0.0,16.54,0.2762,0.061,0,UP,4.0,0.0,48,48,159,-67.0,30.624,10.834,1,1,0,7,0,435.0,0.0,0,0,CHARGE_DELAY,CHARGE_DELAY,1,2,54.37,92.0,48.4593,48.4593,0.0,3.72764,3.72764,3.72764,3.72764,0.0,23.8,1774.131,,36.925,,STANDBY,0.0,0,,SYNTHETIC,0
doe-000,0,860,2026-09-03T09:14:20Z,2026-09-03T09:14:21Z,2026-09-03T09:14:20Z,2026-09-03T09:14:21Z,site_b,SIM,synthetic_demo,B-WAN-1,UP,1000.0,97.9472,98.33,0.0,22.54,2.2278,0.107,0,UP,4.0,0.0,6,6,48,-64.4,35.293,12.343,0,1,0,32,0,75.0,0.0,0,0,,,,,,,,,,,,,,,,,,,,,0.0,0,,SYNTHETIC,0
doe-000,0,861,2026-09-03T09:14:21Z,2026-09-03T09:14:22Z,2026-09-03T09:14:21Z,2026-09-03T09:14:22Z,site_a,SIM,synthetic_demo,A-WAN-1,UP,1000.0,331.5535,331.43,0.0,16.84,0.6206,0.089,0,UP,4.0,0.0,48,48,424,-67.9,36.818,13.528,0,7,0,7,0,388.0,0.0,0,0,CHARGE_DELAY,CHARGE_DELAY,1,2,54.35,92.0,48.4593,48.4593,0.0,3.72764,3.72764,3.72764,3.72764,0.0,23.5,1774.762,,36.912,,STANDBY,0.0,0,,SYNTHETIC,0
doe-000,0,861,2026-09-03T09:14:21Z,2026-09-03T09:14:22Z,2026-09-03T09:14:21Z,2026-09-03T09:14:22Z,site_b,SIM,synthetic_demo,B-WAN-1,UP,1000.0,103.0252,103.5,0.0,20.46,0.1656,0.108,0,UP,4.0,0.0,6,6,61,-66.9,38.783,13.369,0,0,0,32,0,141.0,0.0,0,0,,,,,,,,,,,,,,,,,,,,,0.0,0,,SYNTHETIC,0
doe-000,0,862,2026-09-03T09:14:22Z,2026-09-03T09:14:23Z,2026-09-03T09:14:22Z,2026-09-03T09:14:23Z,site_a,SIM,synthetic_demo,A-WAN-1,UP,1000.0,416.9606,416.82,0.0,15.64,0.2983,0.109,0,UP,4.0,0.0,48,48,264,-66.5,33.287,11.54,0,4,0,7,0,579.0,0.0,0,0,CHARGE_DELAY,CHARGE_DELAY,1,2,54.43,92.0,48.4593,48.4593,0.0,3.72764,3.72764,3.72764,3.72764,0.0,23.8,1775.361,,36.9,,STANDBY,0.0,0,,SYNTHETIC,0
doe-000,0,862,2026-09-03T09:14:22Z,2026-09-03T09:14:23Z,2026-09-03T09:14:22Z,2026-09-03T09:14:23Z,site_b,SIM,synthetic_demo,B-WAN-1,UP,1000.0,101.8584,102.62,0.0,25.36,4.5655,0.098,0,UP,4.0,0.0,6,6,72,-69.9,43.096,15.749,0,1,0,32,0,74.0,0.0,0,0,,,,,,,,,,,,,,,,,,,,,0.0,0,,SYNTHETIC,0
doe-000,0,863,2026-09-03T09:14:23Z,2026-09-03T09:14:24Z,2026-09-03T09:14:23Z,2026-09-03T09:14:24Z,site_a,SIM,synthetic_demo,A-WAN-1,UP,1000.0,405.273,405.19,0.0,16.25,0.0344,0.08,0,UP,4.0,0.0,48,48,160,-68.3,29.578,10.872,1,2,0,7,0,462.0,0.0,0,0,CHARGE_DELAY,CHARGE_DELAY,1,2,54.39,92.0,48.4593,48.4593,0.0,3.72764,3.72764,3.72764,3.72764,0.0,23.7,1772.034,,36.969,,STANDBY,0.0,0,,SYNTHETIC,0
doe-000,0,863,2026-09-03T09:14:23Z,2026-09-03T09:14:24Z,2026-09-03T09:14:23Z,2026-09-03T09:14:24Z,site_b,SIM,synthetic_demo,B-WAN-1,UP,1000.0,108.6924,108.39,0.0,21.13,0.7485,0.066,0,UP,4.0,0.0,6,6,33,-66.1,35.367,11.651,0,0,0,32,0,69.0,0.0,0,0,,,,,,,,,,,,,,,,,,,,,0.0,0,,SYNTHETIC,0
doe-000,0,864,2026-09-03T09:14:24Z,2026-09-03T09:14:25Z,2026-09-03T09:14:24Z,2026-09-03T09:14:25Z,site_a,SIM,synthetic_demo,A-WAN-1,UP,1000.0,429.2821,429.42,0.0,16.49,0.8388,0.087,0,UP,4.0,0.0,48,48,472,-68.0,39.149,13.841,3,1,0,7,0,480.0,0.0,0,0,CHARGE_DELAY,CHARGE_DELAY,1,2,54.29,92.0,48.4593,48.4593,0.0,3.72764,3.72764,3.72764,3.72764,0.0,23.7,1774.76,,36.912,,STANDBY,0.0,0,,SYNTHETIC,0
doe-000,0,864,2026-09-03T09:14:24Z,2026-09-03T09:14:25Z,2026-09-03T09:14:24Z,2026-09-03T09:14:25Z,site_b,SIM,synthetic_demo,B-WAN-1,UP,1000.0,106.2911,105.76,0.0,21.6,0.4625,0.115,0,UP,4.0,0.0,6,6,48,-64.8,37.537,12.946,0,1,0,32,0,137.0,0.0,0,0,,,,,,,,,,,,,,,,,,,,,0.0,0,,SYNTHETIC,0
doe-000,0,865,2026-09-03T09:14:25Z,2026-09-03T09:14:26Z,2026-09-03T09:14:25Z,2026-09-03T09:14:26Z,site_a,SIM,synthetic_demo,A-WAN-1,UP,1000.0,579.6915,580.17,0.0,18.07,1.3929,0.067,0,UP,4.0,0.0,48,48,321,-67.5,34.942,12.145,0,5,0,7,0,491.0,0.0,0,0,CHARGE_DELAY,CHARGE_DELAY,1,2,54.37,92.0,48.4593,48.4593,0.0,3.72764,3.72764,3.72764,3.72764,0.0,23.7,1776.444,,36.877,,STANDBY,0.0,0,,SYNTHETIC,0
doe-000,0,865,2026-09-03T09:14:25Z,2026-09-03T09:14:26Z,2026-09-03T09:14:25Z,2026-09-03T09:14:26Z,site_b,SIM,synthetic_demo,B-WAN-1,UP,1000.0,94.5085,94.23,0.0,24.31,3.1599,0.137,0,UP,4.0,0.0,6,6,119,-67.6,50.956,18.386,0,0,0,32,0,73.0,0.0,0,0,,,,,,,,,,,,,,,,,,,,,0.0,0,,SYNTHETIC,0
doe-000,0,866,2026-09-03T09:14:26Z,2026-09-03T09:14:27Z,2026-09-03T09:14:26Z,2026-09-03T09:14:27Z,site_a,SIM,synthetic_demo,A-WAN-1,UP,1000.0,366.9139,366.66,0.0,16.36,0.8866,0.086,0,UP,4.0,0.0,48,48,274,-67.5,33.267,11.808,1,1,0,7,0,653.0,0.0,0,0,CHARGE_DELAY,CHARGE_DELAY,1,2,54.28,92.0,48.4593,48.4593,0.0,3.72764,3.72764,3.72764,3.72764,0.0,23.5,1777.041,,36.865,,STANDBY,0.0,0,,SYNTHETIC,0
doe-000,0,866,2026-09-03T09:14:26Z,2026-09-03T09:14:27Z,2026-09-03T09:14:26Z,2026-09-03T09:14:27Z,site_b,SIM,synthetic_demo,B-WAN-1,UP,1000.0,104.3731,104.61,0.0,23.64,2.4014,0.117,0,UP,4.0,0.0,6,6,42,-63.2,34.844,11.188,0,0,0,32,0,120.0,0.0,0,0,,,,,,,,,,,,,,,,,,,,,0.0,0,,SYNTHETIC,0
doe-000,0,867,2026-09-03T09:14:27Z,2026-09-03T09:14:28Z,2026-09-03T09:14:27Z,2026-09-03T09:14:28Z,site_a,SIM,synthetic_demo,A-WAN-1,UP,1000.0,347.8139,347.92,0.0,18.61,1.7775,0.075,0,UP,4.0,0.0,48,48,182,-65.9,30.764,10.724,2,3,0,7,0,528.0,0.0,0,0,CHARGE_DELAY,CHARGE_DELAY,1,2,54.38,92.0,48.4593,48.4593,0.0,3.72764,3.72764,3.72764,3.72764,0.0,23.6,1773.445,,36.94,,STANDBY,0.0,0,,SYNTHETIC,0
doe-000,0,867,2026-09-03T09:14:27Z,2026-09-03T09:14:28Z,2026-09-03T09:14:27Z,2026-09-03T09:14:28Z,site_b,SIM,synthetic_demo,B-WAN-1,UP,1000.0,98.0855,97.88,0.0,21.42,0.5093,0.101,0,UP,4.0,0.0,6,6,88,-68.0,45.833,16.894,0,0,0,32,0,109.0,0.0,0,0,,,,,,,,,,,,,,,,,,,,,0.0,0,,SYNTHETIC,0
doe-000,0,868,2026-09-03T09:14:28Z,2026-09-03T09:14:29Z,2026-09-03T09:14:28Z,2026-09-03T09:14:29Z,site_a,SIM,synthetic_demo,A-WAN-1,UP,1000.0,343.8814,344.17,0.0,18.67,2.5518,0.092,0,UP,4.0,0.0,48,48,316,-66.5,35.26,12.037,0,0,0,7,0,612.0,0.0,0,0,CHARGE_DELAY,CHARGE_DELAY,1,2,54.33,92.0,48.4593,48.4593,0.0,3.72764,3.72764,3.72764,3.72764,0.0,23.6,1773.099,,36.947,,STANDBY,0.0,0,,SYNTHETIC,0
doe-000,0,868,2026-09-03T09:14:28Z,2026-09-03T09:14:29Z,2026-09-03T09:14:28Z,2026-09-03T09:14:29Z,site_b,SIM,synthetic_demo,B-WAN-1,UP,1000.0,133.6681,133.24,0.0,21.2,0.6808,0.077,0,UP,4.0,0.0,6,6,31,-66.0,33.182,10.531,0,1,0,32,0,79.0,0.0,0,0,,,,,,,,,,,,,,,,,,,,,0.0,0,,SYNTHETIC,0
doe-000,0,869,2026-09-03T09:14:29Z,2026-09-03T09:14:30Z,2026-09-03T09:14:29Z,2026-09-03T09:14:30Z,site_a,SIM,synthetic_demo,A-WAN-1,UP,1000.0,588.8268,589.6,0.0,18.09,1.0036,0.081,0,UP,4.0,0.0,48,48,207,-66.9,31.853,11.045,1,3,0,7,0,592.0,0.0,0,0,CHARGE_DELAY,CHARGE_DELAY,1,2,54.37,92.0,48.4593,48.4593,0.0,3.72764,3.72764,3.72764,3.72764,0.0,23.5,1775.092,,36.905,,STANDBY,0.0,0,,SYNTHETIC,0
doe-000,0,869,2026-09-03T09:14:29Z,2026-09-03T09:14:30Z,2026-09-03T09:14:29Z,2026-09-03T09:14:30Z,site_b,SIM,synthetic_demo,B-WAN-1,UP,1000.0,96.9951,96.57,0.0,25.27,3.9641,0.084,0,UP,4.0,0.0,6,6,62,-64.1,41.164,13.036,0,0,0,32,0,61.0,0.0,0,0,,,,,,,,,,,,,,,,,,,,,0.0,0,,SYNTHETIC,0
doe-000,0,870,2026-09-03T09:14:30Z,2026-09-03T09:14:31Z,2026-09-03T09:14:30Z,2026-09-03T09:14:31Z,site_a,SIM,synthetic_demo,A-WAN-1,UP,1000.0,373.9869,374.57,0.0,19.92,3.9292,0.03,0,UP,4.0,0.0,48,48,260,-66.3,33.742,11.517,1,5,0,7,0,437.0,0.0,0,0,CHARGE_DELAY,MAINS,1,2,54.45,92.0,48.4595,48.8183,-4.0,3.72765,3.72765,3.75525,3.75525,0.0,23.5,1772.939,,36.95,,CHARGE,0.0,0,,SYNTHETIC,0
doe-000,0,870,2026-09-03T09:14:30Z,2026-09-03T09:14:31Z,2026-09-03T09:14:30Z,2026-09-03T09:14:31Z,site_b,SIM,synthetic_demo,B-WAN-1,UP,1000.0,123.0264,122.33,0.0,21.66,1.1324,0.09,0,UP,4.0,0.0,6,6,66,-66.4,39.304,13.743,0,0,0,32,0,71.0,0.0,0,0,,,,,,,,,,,,,,,,,,,,,0.0,0,,SYNTHETIC,0
doe-000,0,871,2026-09-03T09:14:31Z,2026-09-03T09:14:32Z,2026-09-03T09:14:31Z,2026-09-03T09:14:32Z,site_a,SIM,synthetic_demo,A-WAN-1,UP,1000.0,328.3555,328.11,0.0,16.93,0.1716,0.061,0,UP,4.0,0.0,48,48,202,-67.3,30.943,10.975,1,4,0,7,0,418.0,0.0,0,0,MAINS,MAINS,1,2,54.43,92.0,48.4597,48.8185,-4.0,3.72767,3.72767,3.75527,3.75527,0.0,23.6,1773.239,,36.946,,CHARGE,0.0,0,,SYNTHETIC,0
doe-000,0,871,2026-09-03T09:14:31Z,2026-09-03T09:14:32Z,2026-09-03T09:14:31Z,2026-09-03T09:14:32Z,site_b,SIM,synthetic_demo,B-WAN-1,UP,1000.0,126.9503,126.18,0.0,20.65,0.5331,0.072,0,UP,4.0,0.0,6,6,59,-66.3,38.286,13.31,0,0,0,32,0,48.0,0.0,0,0,,,,,,,,,,,,,,,,,,,,,0.0,0,,SYNTHETIC,0
doe-000,0,872,2026-09-03T09:14:32Z,2026-09-03T09:14:33Z,2026-09-03T09:14:32Z,2026-09-03T09:14:33Z,site_a,SIM,synthetic_demo,A-WAN-1,UP,1000.0,313.7738,312.86,0.0,18.91,2.4002,0.087,0,UP,4.0,0.0,48,48,150,-66.3,30.171,10.669,0,3,0,7,0,450.0,0.0,0,0,MAINS,MAINS,1,2,54.38,92.0,48.4599,48.8187,-4.0,3.72769,3.72769,3.75529,3.75529,0.0,23.6,1772.991,,36.952,,CHARGE,0.0,0,,SYNTHETIC,0
doe-000,0,872,2026-09-03T09:14:32Z,2026-09-03T09:14:33Z,2026-09-03T09:14:32Z,2026-09-03T09:14:33Z,site_b,SIM,synthetic_demo,B-WAN-1,UP,1000.0,101.0562,100.99,0.0,23.21,2.2388,0.101,0,UP,4.0,0.0,6,6,48,-67.3,38.486,13.13,1,1,0,32,0,41.0,0.0,0,0,,,,,,,,,,,,,,,,,,,,,0.0,0,,SYNTHETIC,0
doe-000,0,873,2026-09-03T09:14:33Z,2026-09-03T09:14:34Z,2026-09-03T09:14:33Z,2026-09-03T09:14:34Z,site_a,SIM,synthetic_demo,A-WAN-1,UP,1000.0,371.3643,370.42,0.0,17.0,0.4375,0.047,0,UP,4.0,0.0,48,48,288,-67.8,33.298,12.118,0,6,0,7,0,423.0,0.0,0,0,MAINS,MAINS,1,2,54.41,92.0,48.4601,48.8189,-4.0,3.7277,3.7277,3.7553,3.7553,0.0,23.6,1774.128,,36.93,,CHARGE,0.0,0,,SYNTHETIC,0
doe-000,0,873,2026-09-03T09:14:33Z,2026-09-03T09:14:34Z,2026-09-03T09:14:33Z,2026-09-03T09:14:34Z,site_b,SIM,synthetic_demo,B-WAN-1,UP,1000.0,115.6425,115.49,0.0,22.15,1.8342,0.099,0,UP,4.0,0.0,6,6,52,-65.9,36.923,12.575,0,0,0,32,0,109.0,0.0,0,0,,,,,,,,,,,,,,,,,,,,,0.0,0,,SYNTHETIC,0
doe-000,0,874,2026-09-03T09:14:34Z,2026-09-03T09:14:35Z,2026-09-03T09:14:34Z,2026-09-03T09:14:35Z,site_a,SIM,synthetic_demo,A-WAN-1,UP,1000.0,320.0307,320.06,0.0,16.28,0.3857,0.094,0,UP,4.0,0.0,48,48,248,-66.6,32.633,11.724,1,6,0,7,0,515.0,0.0,0,0,MAINS,MAINS,1,2,54.33,92.0,48.4603,48.8191,-4.0,3.72772,3.72772,3.75532,3.75532,0.0,23.5,1774.286,,36.929,,CHARGE,0.0,0,,SYNTHETIC,0
doe-000,0,874,2026-09-03T09:14:34Z,2026-09-03T09:14:35Z,2026-09-03T09:14:34Z,2026-09-03T09:14:35Z,site_b,SIM,synthetic_demo,B-WAN-1,UP,1000.0,104.9816,104.82,0.0,24.25,3.0751,0.071,0,UP,4.0,0.0,6,6,44,-65.2,35.502,11.94,0,0,0,32,0,56.0,0.0,0,0,,,,,,,,,,,,,,,,,,,,,0.0,0,,SYNTHETIC,0
doe-000,0,875,2026-09-03T09:14:35Z,2026-09-03T09:14:36Z,2026-09-03T09:14:35Z,2026-09-03T09:14:36Z,site_a,SIM,synthetic_demo,A-WAN-1,UP,1000.0,351.9342,351.53,0.0,16.49,0.4309,0.111,0,UP,4.0,0.0,48,48,467,-67.3,39.448,13.848,2,4,0,7,0,475.0,0.0,0,0,MAINS,MAINS,1,2,54.35,92.0,48.4605,48.8193,-4.0,3.72773,3.72773,3.75533,3.75533,0.0,23.6,1775.834,,36.898,,CHARGE,0.0,0,,SYNTHETIC,0
doe-000,0,875,2026-09-03T09:14:35Z,2026-09-03T09:14:36Z,2026-09-03T09:14:35Z,2026-09-03T09:14:36Z,site_b,SIM,synthetic_demo,B-WAN-1,UP,1000.0,117.9318,118.06,0.0,20.88,0.5638,0.1,0,UP,4.0,0.0,6,6,49,-66.2,35.614,12.725,0,1,0,32,0,90.0,0.0,0,0,,,,,,,,,,,,,,,,,,,,,0.0,0,,SYNTHETIC,0
doe-000,0,876,2026-09-03T09:14:36Z,2026-09-03T09:14:37Z,2026-09-03T09:14:36Z,2026-09-03T09:14:37Z,site_a,SIM,synthetic_demo,A-WAN-1,UP,1000.0,421.7572,422.18,0.0,16.34,0.3045,0.09,0,UP,4.0,0.0,48,48,270,-66.4,32.919,11.739,2,4,0,7,0,506.0,0.0,0,0,MAINS,MAINS,1,2,54.42,92.0,48.4607,48.8195,-4.0,3.72775,3.72775,3.75535,3.75535,0.0,23.5,1773.359,,36.951,,CHARGE,0.0,0,,SYNTHETIC,0
doe-000,0,876,2026-09-03T09:14:36Z,2026-09-03T09:14:37Z,2026-09-03T09:14:36Z,2026-09-03T09:14:37Z,site_b,SIM,synthetic_demo,B-WAN-1,UP,1000.0,107.397,107.43,0.0,22.32,1.4204,0.128,0,UP,4.0,0.0,6,6,38,-66.7,35.602,11.769,0,1,0,32,0,47.0,0.0,0,0,,,,,,,,,,,,,,,,,,,,,0.0,0,,SYNTHETIC,0
doe-000,0,877,2026-09-03T09:14:37Z,2026-09-03T09:14:38Z,2026-09-03T09:14:37Z,2026-09-03T09:14:38Z,site_a,SIM,synthetic_demo,A-WAN-1,UP,1000.0,354.2372,353.92,0.0,18.94,2.7264,0.088,0,UP,4.0,0.0,48,48,218,-67.2,31.411,11.241,0,2,0,7,0,654.0,0.0,0,0,MAINS,MAINS,1,2,54.43,92.0,48.4609,48.8197,-4.0,3.72777,3.72777,3.75537,3.75537,0.0,23.5,1775.355,,36.912,,CHARGE,0.0,0,,SYNTHETIC,0
doe-000,0,877,2026-09-03T09:14:37Z,2026-09-03T09:14:38Z,2026-09-03T09:14:37Z,2026-09-03T09:14:38Z,site_b,SIM,synthetic_demo,B-WAN-1,UP,1000.0,105.9449,105.41,0.0,22.14,0.5155,0.102,0,UP,4.0,0.0,6,6,75,-64.6,44.873,14.436,0,0,0,32,0,59.0,0.0,0,0,,,,,,,,,,,,,,,,,,,,,0.0,0,,SYNTHETIC,0
doe-000,0,878,2026-09-03T09:14:38Z,2026-09-03T09:14:39Z,2026-09-03T09:14:38Z,2026-09-03T09:14:39Z,site_a,SIM,synthetic_demo,A-WAN-1,UP,1000.0,505.4255,506.24,0.0,16.4,0.3429,0.103,0,UP,4.0,0.0,48,48,285,-67.1,34.323,11.691,0,5,0,7,0,598.0,0.0,0,0,MAINS,MAINS,1,2,54.33,92.0,48.4612,48.82,-4.0,3.72778,3.72778,3.75538,3.75538,0.0,23.5,1778.244,,36.853,,CHARGE,0.0,0,,SYNTHETIC,0
doe-000,0,878,2026-09-03T09:14:38Z,2026-09-03T09:14:39Z,2026-09-03T09:14:38Z,2026-09-03T09:14:39Z,site_b,SIM,synthetic_demo,B-WAN-1,UP,1000.0,126.6302,126.47,0.0,21.67,0.8846,0.094,0,UP,4.0,0.0,6,6,87,-69.6,46.958,16.798,0,0,0,32,0,47.0,0.0,0,0,,,,,,,,,,,,,,,,,,,,,0.0,0,,SYNTHETIC,0
doe-000,0,879,2026-09-03T09:14:39Z,2026-09-03T09:14:40Z,2026-09-03T09:14:39Z,2026-09-03T09:14:40Z,site_a,SIM,synthetic_demo,A-WAN-1,UP,1000.0,440.0809,439.82,0.0,19.85,3.8306,0.099,0,UP,4.0,0.0,48,48,432,-68.0,37.806,13.492,0,5,0,7,0,487.0,0.0,0,0,MAINS,MAINS,1,2,54.42,92.0,48.4614,48.8202,-4.0,3.7278,3.7278,3.7554,3.7554,0.0,23.8,1774.72,,36.928,,CHARGE,0.0,0,,SYNTHETIC,0
doe-000,0,879,2026-09-03T09:14:39Z,2026-09-03T09:14:40Z,2026-09-03T09:14:39Z,2026-09-03T09:14:40Z,site_b,SIM,synthetic_demo,B-WAN-1,UP,1000.0,123.4721,125.59,0.0,20.75,0.3356,0.112,0,UP,4.0,0.0,6,6,85,-67.5,45.171,15.76,0,0,0,32,0,78.0,0.0,0,0,,,,,,,,,,,,,,,,,,,,,0.0,0,,SYNTHETIC,0
doe-000,0,880,2026-09-03T09:14:40Z,2026-09-03T09:14:41Z,2026-09-03T09:14:40Z,2026-09-03T09:14:41Z,site_a,SIM,synthetic_demo,A-WAN-1,UP,1000.0,316.9703,318.1,0.0,18.08,1.6814,0.084,0,UP,4.0,0.0,48,48,168,-65.8,30.213,10.784,0,3,0,7,0,474.0,0.0,0,0,MAINS,MAINS,1,2,54.37,92.0,48.4616,48.8204,-4.0,3.72781,3.72781,3.75541,3.75541,0.0,23.5,1772.33,,36.98,,CHARGE,0.0,0,,SYNTHETIC,0
doe-000,0,880,2026-09-03T09:14:40Z,2026-09-03T09:14:41Z,2026-09-03T09:14:40Z,2026-09-03T09:14:41Z,site_b,SIM,synthetic_demo,B-WAN-1,UP,1000.0,113.0007,113.53,0.0,21.51,1.178,0.104,0,UP,4.0,0.0,6,6,89,-66.1,45.266,15.275,0,0,0,32,0,111.0,0.0,0,0,,,,,,,,,,,,,,,,,,,,,0.0,0,,SYNTHETIC,0
doe-000,0,881,2026-09-03T09:14:41Z,2026-09-03T09:14:42Z,2026-09-03T09:14:41Z,2026-09-03T09:14:42Z,site_a,SIM,synthetic_demo,A-WAN-1,UP,1000.0,392.1144,391.85,0.0,18.45,2.1288,0.099,0,UP,4.0,0.0,48,48,217,-66.8,32.394,11.412,0,3,0,7,0,459.0,0.0,0,0,MAINS,MAINS,1,2,54.46,92.0,48.4618,48.8206,-4.0,3.72783,3.72783,3.75543,3.75543,0.0,23.5,1774.807,,36.93,,CHARGE,0.0,0,,SYNTHETIC,0
doe-000,0,881,2026-09-03T09:14:41Z,2026-09-03T09:14:42Z,2026-09-03T09:14:41Z,2026-09-03T09:14:42Z,site_b,SIM,synthetic_demo,B-WAN-1,UP,1000.0,122.3713,122.46,0.0,21.72,1.3182,0.096,0,UP,4.0,0.0,6,6,43,-67.7,35.468,13.546,1,0,0,32,0,99.0,0.0,0,0,,,,,,,,,,,,,,,,,,,,,0.0,0,,SYNTHETIC,0
doe-000,0,882,2026-09-03T09:14:42Z,2026-09-03T09:14:43Z,2026-09-03T09:14:42Z,2026-09-03T09:14:43Z,site_a,SIM,synthetic_demo,A-WAN-1,UP,1000.0,333.7241,333.54,0.0,17.5,1.6299,0.072,0,UP,4.0,0.0,48,48,297,-65.7,33.936,12.043,0,6,0,7,0,261.0,0.0,0,0,MAINS,MAINS,1,2,54.47,92.0,48.462,48.8208,-4.0,3.72785,3.72785,3.75545,3.75545,0.0,23.6,1779.262,,36.839,,CHARGE,0.0,0,,SYNTHETIC,0
doe-000,0,882,2026-09-03T09:14:42Z,2026-09-03T09:14:43Z,2026-09-03T09:14:42Z,2026-09-03T09:14:43Z,site_b,SIM,synthetic_demo,B-WAN-1,UP,1000.0,111.2108,111.03,0.0,21.38,0.385,0.089,0,UP,4.0,0.0,6,6,19,-66.9,28.743,10.837,0,0,0,32,0,64.0,0.0,0,0,,,,,,,,,,,,,,,,,,,,,0.0,0,,SYNTHETIC,0
doe-000,0,883,2026-09-03T09:14:43Z,2026-09-03T09:14:44Z,2026-09-03T09:14:43Z,2026-09-03T09:14:44Z,site_a,SIM,synthetic_demo,A-WAN-1,UP,1000.0,325.4768,325.63,0.0,17.88,1.3359,0.104,0,UP,4.0,0.0,48,48,540,-67.4,41.234,14.559,0,6,0,7,0,452.0,0.0,0,0,MAINS,MAINS,1,2,54.44,92.0,48.4622,48.821,-4.0,3.72786,3.72786,3.75546,3.75546,0.0,23.6,1776.41,,36.9,,CHARGE,0.0,0,,SYNTHETIC,0
doe-000,0,883,2026-09-03T09:14:43Z,2026-09-03T09:14:44Z,2026-09-03T09:14:43Z,2026-09-03T09:14:44Z,site_b,SIM,synthetic_demo,B-WAN-1,UP,1000.0,109.8224,109.34,0.0,22.04,0.5876,0.127,0,UP,4.0,0.0,6,6,72,-66.7,41.413,14.834,1,0,0,32,0,60.0,0.0,0,0,,,,,,,,,,,,,,,,,,,,,0.0,0,,SYNTHETIC,0
doe-000,0,884,2026-09-03T09:14:44Z,2026-09-03T09:14:45Z,2026-09-03T09:14:44Z,2026-09-03T09:14:45Z,site_a,SIM,synthetic_demo,A-WAN-1,UP,1000.0,381.4849,382.62,0.0,18.18,2.7089,0.103,0,UP,4.0,0.0,48,48,302,-65.9,34.814,12.292,5,3,0,7,0,475.0,0.0,0,0,MAINS,MAINS,1,2,54.42,92.0,48.4624,48.8212,-4.0,3.72788,3.72788,3.75548,3.75548,0.0,23.4,1780.128,,36.824,,CHARGE,0.0,0,,SYNTHETIC,0
doe-000,0,884,2026-09-03T09:14:44Z,2026-09-03T09:14:45Z,2026-09-03T09:14:44Z,2026-09-03T09:14:45Z,site_b,SIM,synthetic_demo,B-WAN-1,UP,1000.0,121.5047,119.91,0.0,21.51,0.4897,0.094,0,UP,4.0,0.0,6,6,94,-68.8,49.132,17.378,0,0,0,32,0,111.0,0.0,0,0,,,,,,,,,,,,,,,,,,,,,0.0,0,,SYNTHETIC,0
doe-000,0,885,2026-09-03T09:14:45Z,2026-09-03T09:14:46Z,2026-09-03T09:14:45Z,2026-09-03T09:14:46Z,site_a,SIM,synthetic_demo,A-WAN-1,UP,1000.0,364.8871,364.4,0.0,18.22,1.6609,0.101,0,UP,4.0,0.0,48,48,247,-67.6,33.665,11.889,0,8,0,7,0,261.0,0.0,0,0,MAINS,MAINS,1,2,54.33,92.0,48.4626,48.8214,-4.0,3.72789,3.72789,3.75549,3.75549,0.0,23.5,1776.239,,36.907,,CHARGE,0.0,0,,SYNTHETIC,0
doe-000,0,885,2026-09-03T09:14:45Z,2026-09-03T09:14:46Z,2026-09-03T09:14:45Z,2026-09-03T09:14:46Z,site_b,SIM,synthetic_demo,B-WAN-1,UP,1000.0,151.5494,150.94,0.0,22.89,2.2411,0.101,0,UP,4.0,0.0,6,6,26,-67.8,32.057,11.814,0,1,0,32,0,76.0,0.0,0,0,,,,,,,,,,,,,,,,,,,,,0.0,0,,SYNTHETIC,0
doe-000,0,886,2026-09-03T09:14:46Z,2026-09-03T09:14:47Z,2026-09-03T09:14:46Z,2026-09-03T09:14:47Z,site_a,SIM,synthetic_demo,A-WAN-1,UP,1000.0,366.3297,365.88,0.0,16.96,1.2737,0.091,0,UP,4.0,0.0,48,48,290,-66.4,34.069,11.774,2,2,0,7,0,526.0,0.0,0,0,MAINS,MAINS,1,2,54.45,92.0,48.4628,48.8216,-4.0,3.72791,3.72791,3.75551,3.75551,0.0,23.6,1776.683,,36.899,,CHARGE,0.0,0,,SYNTHETIC,0
doe-000,0,886,2026-09-03T09:14:46Z,2026-09-03T09:14:47Z,2026-09-03T09:14:46Z,2026-09-03T09:14:47Z,site_b,SIM,synthetic_demo,B-WAN-1,UP,1000.0,112.7759,113.15,0.0,21.23,0.0989,0.083,0,UP,4.0,0.0,6,6,50,-65.1,38.416,12.171,0,1,0,32,0,70.0,0.0,0,0,,,,,,,,,,,,,,,,,,,,,0.0,0,,SYNTHETIC,0
doe-000,0,887,2026-09-03T09:14:47Z,2026-09-03T09:14:48Z,2026-09-03T09:14:47Z,2026-09-03T09:14:48Z,site_a,SIM,synthetic_demo,A-WAN-1,UP,1000.0,357.5272,357.4,0.0,17.63,2.0997,0.054,0,UP,4.0,0.0,48,48,400,-69.1,37.262,13.271,0,4,0,7,0,735.0,0.0,0,0,MAINS,MAINS,1,2,54.41,92.0,48.463,48.8218,-4.0,3.72793,3.72793,3.75553,3.75553,0.0,23.4,1777.72,,36.879,,CHARGE,0.0,0,,SYNTHETIC,0
doe-000,0,887,2026-09-03T09:14:47Z,2026-09-03T09:14:48Z,2026-09-03T09:14:47Z,2026-09-03T09:14:48Z,site_b,SIM,synthetic_demo,B-WAN-1,UP,1000.0,118.6813,118.56,0.0,22.32,2.0595,0.137,0,UP,4.0,0.0,6,6,70,-68.1,41.977,15.237,0,0,0,32,0,69.0,0.0,0,0,,,,,,,,,,,,,,,,,,,,,0.0,0,,SYNTHETIC,0
doe-000,0,888,2026-09-03T09:14:48Z,2026-09-03T09:14:49Z,2026-09-03T09:14:48Z,2026-09-03T09:14:49Z,site_a,SIM,synthetic_demo,A-WAN-1,UP,1000.0,540.8795,540.45,0.0,16.34,0.1836,0.088,0,UP,4.0,0.0,48,48,354,-67.3,35.818,12.955,1,2,0,7,0,705.0,0.0,0,0,MAINS,MAINS,1,2,54.4,92.0,48.4632,48.822,-4.0,3.72794,3.72794,3.75554,3.75554,0.0,23.5,1776.139,,36.914,,CHARGE,0.0,0,,SYNTHETIC,0
doe-000,0,888,2026-09-03T09:14:48Z,2026-09-03T09:14:49Z,2026-09-03T09:14:48Z,2026-09-03T09:14:49Z,site_b,SIM,synthetic_demo,B-WAN-1,UP,1000.0,118.1098,117.87,0.0,24.02,3.6979,0.069,0,UP,4.0,0.0,6,6,88,-65.5,46.75,15.303,0,2,0,32,0,110.0,0.0,0,0,,,,,,,,,,,,,,,,,,,,,0.0,0,,SYNTHETIC,0
doe-000,0,889,2026-09-03T09:14:49Z,2026-09-03T09:14:50Z,2026-09-03T09:14:49Z,2026-09-03T09:14:50Z,site_a,SIM,synthetic_demo,A-WAN-1,UP,1000.0,370.9996,370.06,0.0,16.19,0.5951,0.043,0,UP,4.0,0.0,48,48,261,,32.812,11.541,1,2,0,7,0,519.0,0.0,0,0,MAINS,MAINS,1,2,54.37,92.0,48.4634,48.8222,-4.0,3.72796,3.72796,3.75556,3.75556,0.0,23.6,1776.187,,36.914,,CHARGE,0.0,0,,SYNTHETIC|GAP|MISSING_MAR,0
doe-000,0,889,2026-09-03T09:14:49Z,2026-09-03T09:14:50Z,2026-09-03T09:14:49Z,2026-09-03T09:14:50Z,site_b,SIM,synthetic_demo,B-WAN-1,UP,1000.0,123.0691,122.68,0.0,22.42,0.6919,0.107,0,UP,4.0,0.0,6,6,32,-66.5,32.315,11.259,0,0,0,32,0,87.0,0.0,0,0,,,,,,,,,,,,,,,,,,,,,0.0,0,,SYNTHETIC,0
doe-000,0,890,2026-09-03T09:14:50Z,2026-09-03T09:14:51Z,2026-09-03T09:14:50Z,2026-09-03T09:14:51Z,site_a,SIM,synthetic_demo,A-WAN-1,UP,1000.0,401.7318,401.1,0.0,17.95,2.3106,0.079,0,UP,4.0,0.0,48,48,250,-67.4,33.867,11.771,1,4,0,7,0,816.0,0.0,0,0,MAINS,MAINS,1,2,54.49,92.0,48.4637,48.8225,-4.0,3.72797,3.72797,3.75557,3.75557,0.0,23.5,1773.494,,36.972,,CHARGE,0.0,0,,SYNTHETIC,0
doe-000,0,890,2026-09-03T09:14:50Z,2026-09-03T09:14:51Z,2026-09-03T09:14:50Z,2026-09-03T09:14:51Z,site_b,SIM,synthetic_demo,B-WAN-1,UP,1000.0,135.8991,136.93,0.0,21.36,0.5794,0.129,0,UP,4.0,0.0,6,6,86,-67.4,45.41,15.817,0,0,0,32,0,92.0,0.0,0,0,,,,,,,,,,,,,,,,,,,,,0.0,0,,SYNTHETIC,0
doe-000,0,891,2026-09-03T09:14:51Z,2026-09-03T09:14:52Z,2026-09-03T09:14:51Z,2026-09-03T09:14:52Z,site_a,SIM,synthetic_demo,A-WAN-1,UP,1000.0,306.7173,307.9,0.0,16.03,0.6601,0.073,0,UP,4.0,0.0,48,48,274,-66.8,32.583,11.905,0,2,0,7,0,331.0,0.0,0,0,MAINS,MAINS,1,2,54.37,92.0,48.4639,48.8227,-4.0,3.72799,3.72799,3.75559,3.75559,0.0,23.5,1772.18,,37.001,,CHARGE,0.0,0,,SYNTHETIC,0
doe-000,0,891,2026-09-03T09:14:51Z,2026-09-03T09:14:52Z,2026-09-03T09:14:51Z,2026-09-03T09:14:52Z,site_b,SIM,synthetic_demo,B-WAN-1,UP,1000.0,107.2556,107.06,0.0,24.59,3.6241,0.111,0,UP,4.0,0.0,6,6,73,-67.9,41.875,15.102,0,0,0,32,0,92.0,0.0,0,0,,,,,,,,,,,,,,,,,,,,,0.0,0,,SYNTHETIC,0
doe-000,0,892,2026-09-03T09:14:52Z,2026-09-03T09:14:53Z,2026-09-03T09:14:52Z,2026-09-03T09:14:53Z,site_a,SIM,synthetic_demo,A-WAN-1,UP,1000.0,439.8102,439.52,0.0,17.96,1.8702,0.083,0,UP,4.0,0.0,48,48,530,-67.4,41.047,14.216,3,6,0,7,0,473.0,0.0,0,0,MAINS,MAINS,1,2,54.39,92.0,48.4641,48.8229,-4.0,3.72801,3.72801,3.75561,3.75561,0.0,23.6,1775.902,,36.925,,CHARGE,0.0,0,,SYNTHETIC,0
doe-000,0,892,2026-09-03T09:14:52Z,2026-09-03T09:14:53Z,2026-09-03T09:14:52Z,2026-09-03T09:14:53Z,site_b,SIM,synthetic_demo,B-WAN-1,UP,1000.0,136.8406,137.1,0.0,25.01,3.8593,0.123,0,UP,4.0,0.0,6,6,76,-64.0,44.303,13.957,0,1,0,32,0,54.0,0.0,0,0,,,,,,,,,,,,,,,,,,,,,0.0,0,,SYNTHETIC,0
doe-000,0,893,2026-09-03T09:14:53Z,2026-09-03T09:14:54Z,2026-09-03T09:14:53Z,2026-09-03T09:14:54Z,site_a,SIM,synthetic_demo,A-WAN-1,UP,1000.0,450.3453,450.74,0.0,17.68,1.4842,0.077,0,UP,4.0,0.0,48,48,70,-67.0,27.524,10.0,0,4,0,7,0,540.0,0.0,0,0,MAINS,MAINS,1,2,54.38,92.0,48.4643,48.8231,-4.0,3.72802,3.72802,3.75562,3.75562,0.0,23.5,1776.437,,36.916,,CHARGE,0.0,0,,SYNTHETIC,0
doe-000,0,893,2026-09-03T09:14:53Z,2026-09-03T09:14:54Z,2026-09-03T09:14:53Z,2026-09-03T09:14:54Z,site_b,SIM,synthetic_demo,B-WAN-1,UP,1000.0,152.0648,150.98,0.0,20.96,0.2342,0.087,0,UP,4.0,0.0,6,6,52,-66.3,35.832,13.001,1,0,0,32,0,107.0,0.0,0,0,,,,,,,,,,,,,,,,,,,,,0.0,0,,SYNTHETIC,0
doe-000,0,894,2026-09-03T09:14:54Z,2026-09-03T09:14:55Z,2026-09-03T09:14:54Z,2026-09-03T09:14:55Z,site_a,SIM,synthetic_demo,A-WAN-1,UP,1000.0,317.3044,316.41,0.0,16.66,0.8112,0.12,0,UP,4.0,0.0,48,48,379,-67.2,36.594,12.862,0,3,0,7,0,522.0,0.0,0,0,MAINS,MAINS,1,2,54.45,92.0,48.4645,48.8233,-4.0,3.72804,3.72804,3.75564,3.75564,0.0,23.7,1774.669,,36.954,,CHARGE,0.0,0,,SYNTHETIC,0
doe-000,0,894,2026-09-03T09:14:54Z,2026-09-03T09:14:55Z,2026-09-03T09:14:54Z,2026-09-03T09:14:55Z,site_b,SIM,synthetic_demo,B-WAN-1,UP,1000.0,104.4797,103.81,0.0,23.91,2.2689,0.08,0,UP,4.0,0.0,6,6,35,-67.3,34.019,11.481,0,1,0,32,0,104.0,0.0,0,0,,,,,,,,,,,,,,,,,,,,,0.0,0,,SYNTHETIC,0
doe-000,0,895,2026-09-03T09:14:55Z,2026-09-03T09:14:56Z,2026-09-03T09:14:55Z,2026-09-03T09:14:56Z,site_a,SIM,synthetic_demo,A-WAN-1,UP,1000.0,617.1687,616.86,0.0,18.91,3.0476,0.057,0,UP,4.0,0.0,48,48,420,-66.5,38.413,13.041,3,4,0,31,0,556.0,0.0,0,0,MAINS,MAINS,1,2,54.37,92.0,48.4647,48.8235,-4.0,3.72805,3.72805,3.75565,3.75565,0.0,23.5,1775.739,,36.934,,CHARGE,0.0,0,,SYNTHETIC,0
doe-000,0,895,2026-09-03T09:14:55Z,2026-09-03T09:14:56Z,2026-09-03T09:14:55Z,2026-09-03T09:14:56Z,site_b,SIM,synthetic_demo,B-WAN-1,UP,1000.0,100.8208,100.08,0.0,22.7,1.1345,0.128,0,UP,4.0,0.0,6,6,62,-67.1,39.393,14.223,0,0,0,32,0,96.0,0.0,0,0,,,,,,,,,,,,,,,,,,,,,0.0,0,,SYNTHETIC,0
doe-000,0,896,2026-09-03T09:14:56Z,2026-09-03T09:14:57Z,2026-09-03T09:14:56Z,2026-09-03T09:14:57Z,site_a,SIM,synthetic_demo,A-WAN-1,UP,1000.0,613.1586,612.87,0.0,18.34,1.8427,0.108,0,UP,4.0,0.0,48,48,259,-66.4,33.08,11.708,1,3,0,31,0,505.0,0.0,0,0,MAINS,MAINS,1,2,54.46,92.0,48.4649,48.8237,-4.0,3.72807,3.72807,3.75567,3.75567,0.0,23.6,1085.982,,60.395,,CHARGE,0.0,0,,SYNTHETIC,0
doe-000,0,896,2026-09-03T09:14:56Z,2026-09-03T09:14:57Z,2026-09-03T09:14:56Z,2026-09-03T09:14:57Z,site_b,SIM,synthetic_demo,B-WAN-1,UP,1000.0,95.3563,96.39,0.0,23.74,2.3596,0.082,0,UP,4.0,0.0,6,6,69,-66.4,41.577,14.408,0,0,0,32,0,90.0,0.0,0,0,,,,,,,,,,,,,,,,,,,,,0.0,0,,SYNTHETIC,0
doe-000,0,897,2026-09-03T09:14:57Z,2026-09-03T09:14:58Z,2026-09-03T09:14:57Z,2026-09-03T09:14:58Z,site_a,SIM,synthetic_demo,A-WAN-1,UP,1000.0,666.8528,666.76,0.0,15.82,0.2512,0.103,0,UP,4.0,0.0,48,48,231,-66.0,31.756,11.133,0,3,0,31,0,442.0,0.0,0,0,MAINS,MAINS,1,2,54.39,92.0,48.4651,48.8239,-4.0,3.72809,3.72809,3.75569,3.75569,0.0,23.4,1081.437,,60.651,,CHARGE,0.0,0,,SYNTHETIC,0
doe-000,0,897,2026-09-03T09:14:57Z,2026-09-03T09:14:58Z,2026-09-03T09:14:57Z,2026-09-03T09:14:58Z,site_b,SIM,synthetic_demo,B-WAN-1,UP,1000.0,108.886,109.14,0.0,23.27,1.6881,0.138,0,UP,4.0,0.0,6,6,63,-68.1,41.953,15.25,1,0,0,32,0,62.0,0.0,0,0,,,,,,,,,,,,,,,,,,,,,0.0,0,,SYNTHETIC,0
doe-000,0,898,2026-09-03T09:14:58Z,2026-09-03T09:14:59Z,2026-09-03T09:14:58Z,2026-09-03T09:14:59Z,site_a,SIM,synthetic_demo,A-WAN-1,UP,1000.0,596.3409,596.46,0.0,16.63,1.2511,0.088,0,UP,4.0,0.0,48,48,285,-67.0,33.664,12.051,0,4,0,31,0,556.0,0.0,0,0,MAINS,MAINS,1,2,54.37,92.0,48.4653,48.8241,-4.0,3.7281,3.7281,3.7557,3.7557,0.0,23.6,1092.724,,60.027,,CHARGE,0.0,0,,SYNTHETIC,0
doe-000,0,898,2026-09-03T09:14:58Z,2026-09-03T09:14:59Z,2026-09-03T09:14:58Z,2026-09-03T09:14:59Z,site_b,SIM,synthetic_demo,B-WAN-1,UP,1000.0,106.0284,105.39,0.0,22.26,1.0658,0.067,0,UP,4.0,0.0,6,6,28,-68.6,32.358,11.989,0,1,0,32,0,77.0,0.0,0,0,,,,,,,,,,,,,,,,,,,,,0.0,0,,SYNTHETIC,0
doe-000,0,899,2026-09-03T09:14:59Z,2026-09-03T09:15:00Z,2026-09-03T09:14:59Z,2026-09-03T09:15:00Z,site_a,SIM,synthetic_demo,A-WAN-1,UP,1000.0,675.2925,674.72,0.0,19.64,3.2015,0.06,0,UP,4.0,0.0,48,48,261,-67.6,33.315,11.866,0,2,0,31,0,434.0,0.0,0,0,MAINS,MAINS,1,2,54.39,92.0,48.4655,48.8243,-4.0,3.72812,3.72812,3.75572,3.75572,0.0,23.6,1083.782,,60.525,,CHARGE,0.0,0,,SYNTHETIC,0
doe-000,0,899,2026-09-03T09:14:59Z,2026-09-03T09:15:00Z,2026-09-03T09:14:59Z,2026-09-03T09:15:00Z,site_b,SIM,synthetic_demo,B-WAN-1,UP,1000.0,110.0834,110.38,0.0,22.1,1.143,0.09,0,UP,4.0,0.0,6,6,64,-66.2,39.264,14.068,0,0,0,32,0,56.0,0.0,0,0,,,,,,,,,,,,,,,,,,,,,0.0,0,,SYNTHETIC,0
