t,soc_true,soc_ref,soc_prior,soc_post,v_batt,i_batt,i_ref,p_gen_avail,p_gen,p_crit_term,p_aux_term,aux_sched,aux_cmd,relay,pred_min,valid,residual_w,service_ok
1.0,0.449996,0.452424,0.452428,0.452428,13.174543,0.614222,0.616306,40.0,40.0,17.726568,24.839673,1.0,1.0,1.0,,0.0,-2.068572,1.0
11.0,0.449919,0.452346,0.45374,0.45374,13.164969,1.074512,1.076535,40.0,40.0,17.953211,30.0,1.0,1.0,1.0,,10.0,0.356119,1.0
21.0,0.449843,0.452268,0.454615,0.454615,13.164608,1.066069,1.068125,40.0,40.0,17.853466,30.0,1.0,1.0,1.0,,20.0,0.342299,1.0
31.0,0.449768,0.452192,0.455292,0.455292,13.163565,1.093791,1.095992,40.0,40.0,18.178822,30.0,1.0,1.0,1.0,,30.0,0.344335,1.0
41.0,0.449691,0.452113,0.455786,0.455786,13.163085,1.093288,1.095307,40.0,40.0,18.172427,30.0,1.0,1.0,1.0,,40.0,0.348474,1.0
51.0,0.449615,0.452035,0.45619,0.45619,13.162703,1.089185,1.091029,40.0,40.0,18.123762,30.0,1.0,1.0,1.0,,50.0,0.353277,1.0
61.0,0.449538,0.451957,0.456451,0.456451,13.161576,1.124206,1.126144,40.0,40.0,18.534875,30.0,1.0,1.0,1.0,,60.0,0.345282,1.0
71.0,0.449461,0.451878,0.45668,0.45668,13.161195,1.121932,1.123797,40.0,40.0,18.507736,30.0,1.0,1.0,1.0,,70.0,0.347733,1.0
81.0,0.449383,0.451799,0.45685,0.45685,13.161509,1.084947,1.087001,40.0,40.0,18.072713,30.0,1.0,1.0,1.0,,80.0,0.346907,1.0
91.0,0.449306,0.45172,0.456982,0.456982,13.160993,1.091482,1.093583,40.0,40.0,18.149134,30.0,1.0,1.0,1.0,,90.0,0.351226,1.0
101.0,0.449229,0.451641,0.457097,0.457097,13.160126,1.116658,1.118668,40.0,40.0,18.444584,30.0,1.0,1.0,1.0,,100.0,0.346328,1.0
111.0,0.449153,0.451564,0.457218,0.457218,13.160779,1.065784,1.067917,40.0,40.0,17.846461,30.0,1.0,1.0,1.0,,110.0,0.345046,1.0
121.0,0.449077,0.451486,0.457286,0.457286,13.160751,1.050258,1.052322,40.0,40.0,17.663696,30.0,1.0,1.0,1.0,,120.0,0.352107,1.0
131.0,0.449,0.451408,0.457349,0.457349,13.15998,1.07322,1.07533,40.0,40.0,17.933212,30.0,1.0,1.0,1.0,,130.0,0.352131,1.0
141.0,0.448924,0.451329,0.457401,0.457401,13.158884,1.113494,1.11545,40.0,40.0,18.406114,30.0,1.0,1.0,1.0,,140.0,0.349761,1.0
151.0,0.448847,0.451251,0.45744,0.45744,13.159222,1.081319,1.083304,40.0,40.0,18.0278,30.0,1.0,1.0,1.0,,150.0,0.353816,1.0
161.0,0.448771,0.451173,0.457461,0.457461,13.159945,1.030133,1.032096,40.0,40.0,17.426077,30.0,1.0,1.0,1.0,,160.0,0.339894,1.0
171.0,0.448694,0.451095,0.457496,0.457496,13.158622,1.084046,1.085942,40.0,40.0,18.059313,30.0,1.0,1.0,1.0,,170.0,0.343849,1.0
181.0,0.448617,0.451017,0.457493,0.457493,13.158179,1.093508,1.095577,40.0,40.0,18.170224,30.0,1.0,1.0,1.0,,180.0,0.351948,1.0
191.0,0.448542,0.45094,0.457492,0.457492,13.157323,1.125216,1.126975,40.0,40.0,18.542495,30.0,1.0,1.0,1.0,,190.0,0.351886,1.0
201.0,0.448466,0.450862,0.457491,0.457491,13.157683,1.094985,1.096947,40.0,40.0,18.187117,30.0,1.0,1.0,1.0,,200.0,0.362165,1.0
211.0,0.44839,0.450785,0.457487,0.457487,13.158486,1.042758,1.044763,40.0,40.0,17.573311,30.0,1.0,1.0,1.0,,210.0,0.350427,1.0
221.0,0.448314,0.450707,0.457486,0.457486,13.158405,1.036086,1.038056,40.0,40.0,17.494721,30.0,1.0,1.0,1.0,,220.0,0.358379,1.0
231.0,0.448239,0.45063,0.457482,0.457482,13.156801,1.107867,1.109781,40.0,40.0,18.33783,30.0,1.0,1.0,1.0,,230.0,0.341887,1.0
241.0,0.448162,0.450552,0.457462,0.457462,13.157518,1.061142,1.0631,40.0,40.0,17.78873,30.0,1.0,1.0,1.0,,240.0,0.353622,1.0
251.0,0.448084,0.450472,0.457444,0.457444,13.155849,1.135989,1.138043,40.0,40.0,18.667752,30.0,1.0,1.0,1.0,,250.0,0.349668,1.0
261.0,0.448008,0.450394,0.457414,0.457414,13.156841,1.076126,1.078113,40.0,40.0,17.964391,30.0,1.0,1.0,1.0,,260.0,0.349855,1.0
271.0,0.44793,0.450315,0.457367,0.457367,13.156561,1.08117,1.083138,40.0,40.0,18.023471,30.0,1.0,1.0,1.0,,270.0,0.354954,1.0
281.0,0.447855,0.450238,0.457332,0.457332,13.157537,1.023109,1.025015,40.0,40.0,17.341209,30.0,1.0,1.0,1.0,,280.0,0.343394,1.0
291.0,0.447778,0.45016,0.457295,0.457295,13.156315,1.0772,1.079255,40.0,40.0,17.976526,30.0,1.0,1.0,1.0,,290.0,0.341728,1.0
301.0,0.447701,0.450081,0.457258,0.457258,13.155253,1.123259,1.125293,40.0,40.0,18.517381,30.0,1.0,1.0,1.0,,300.0,0.344292,1.0
311.0,0.447624,0.450003,0.457212,0.457212,13.155451,1.105556,1.107725,40.0,40.0,18.309298,30.0,1.0,1.0,1.0,,310.0,0.352085,1.0
321.0,0.447547,0.449924,0.457163,0.457163,13.155491,1.096158,1.098131,40.0,40.0,18.198778,30.0,1.0,1.0,1.0,,320.0,0.353721,1.0
331.0,0.447472,0.449847,0.457121,0.457121,13.155637,1.08196,1.083969,40.0,40.0,18.031874,30.0,1.0,1.0,1.0,,329.0,0.346455,1.0
341.0,0.447395,0.449769,0.457074,0.457074,13.155263,1.094205,1.096179,40.0,40.0,18.17557,30.0,1.0,1.0,1.0,,339.0,0.354943,1.0
351.0,0.447318,0.44969,0.457029,0.457029,13.156145,1.042573,1.044639,40.0,40.0,17.568943,30.0,1.0,1.0,1.0,,349.0,0.348437,1.0
361.0,0.447242,0.449613,0.456986,0.456986,13.154603,1.115347,1.117277,40.0,40.0,18.423656,30.0,1.0,1.0,1.0,,359.0,0.355916,1.0
371.0,0.447165,0.449534,0.456935,0.456935,13.153947,1.142676,1.144792,40.0,40.0,18.744493,30.0,1.0,1.0,1.0,,369.0,0.355232,1.0
381.0,0.447089,0.449457,0.456887,0.456887,13.156074,1.028453,1.030414,40.0,40.0,17.402748,30.0,1.0,1.0,1.0,,379.0,0.348093,1.0
391.0,0.447013,0.449378,0.456828,0.456828,13.154066,1.125284,1.127286,40.0,40.0,18.540006,30.0,1.0,1.0,1.0,,389.0,0.351764,1.0
401.0,0.446936,0.4493,0.456783,0.456783,13.155625,1.040261,1.042043,40.0,40.0,17.54126,30.0,1.0,1.0,1.0,,399.0,0.352913,1.0
411.0,0.446861,0.449223,0.456735,0.456735,13.15552,1.040849,1.042936,40.0,40.0,17.548076,30.0,1.0,1.0,1.0,,409.0,0.355213,1.0
421.0,0.446784,0.449145,0.456674,0.456674,13.15524,1.049975,1.052011,40.0,40.0,17.655193,30.0,1.0,1.0,1.0,,419.0,0.338693,1.0
431.0,0.446706,0.449065,0.456609,0.456609,13.154556,1.079488,1.081519,40.0,40.0,18.00174,30.0,1.0,1.0,1.0,,429.0,0.357143,1.0
441.0,0.446629,0.448987,0.456559,0.456559,13.15502,1.051092,1.053111,40.0,40.0,17.66812,30.0,1.0,1.0,1.0,,439.0,0.342313,1.0
451.0,0.446554,0.44891,0.456504,0.456504,13.154666,1.064993,1.067045,40.0,40.0,17.831329,30.0,1.0,1.0,1.0,,449.0,0.351153,1.0
461.0,0.446478,0.448833,0.456444,0.456444,13.154563,1.066209,1.068208,40.0,40.0,17.845528,30.0,1.0,1.0,1.0,,459.0,0.343362,1.0
471.0,0.446401,0.448754,0.456381,0.456381,13.154258,1.077185,1.079193,40.0,40.0,17.974364,30.0,1.0,1.0,1.0,,469.0,0.351692,1.0
481.0,0.446324,0.448676,0.456313,0.456313,13.154886,1.040962,1.042832,40.0,40.0,17.548816,30.0,1.0,1.0,1.0,,479.0,0.34839,1.0
491.0,0.446248,0.448597,0.456257,0.456257,13.153362,1.11473,1.116716,40.0,40.0,18.415159,30.0,1.0,1.0,1.0,,489.0,0.345552,1.0
501.0,0.446171,0.448519,0.456198,0.456198,13.153783,1.089191,1.091071,40.0,40.0,18.115138,30.0,1.0,1.0,1.0,,499.0,0.35296,1.0
511.0,0.446095,0.448442,0.456128,0.456128,13.15515,1.015966,1.017914,40.0,40.0,17.254991,30.0,1.0,1.0,1.0,,509.0,0.350422,1.0
521.0,0.446018,0.448363,0.456062,0.456062,13.154195,1.060695,1.062747,40.0,40.0,17.780321,30.0,1.0,1.0,1.0,,519.0,0.351832,1.0
531.0,0.445941,0.448284,0.455999,0.455999,13.15282,1.127229,1.129176,40.0,40.0,18.561638,30.0,1.0,1.0,1.0,,529.0,0.354004,1.0
541.0,0.445863,0.448205,0.455935,0.455935,13.152851,1.121727,1.123797,40.0,40.0,18.496951,30.0,1.0,1.0,1.0,,539.0,0.359494,1.0
551.0,0.445786,0.448126,0.455862,0.455862,13.154056,1.056675,1.058656,40.0,40.0,17.732898,30.0,1.0,1.0,1.0,,549.0,0.34982,1.0
561.0,0.445709,0.448048,0.455797,0.455797,13.15307,1.103593,1.105524,40.0,40.0,18.283856,30.0,1.0,1.0,1.0,,559.0,0.353979,1.0
571.0,0.445633,0.44797,0.455742,0.455742,13.153424,1.082496,1.084592,40.0,40.0,18.036032,30.0,1.0,1.0,1.0,,568.0,0.36018,1.0
581.0,0.445556,0.447891,0.455661,0.455661,13.152834,1.109232,1.111338,40.0,40.0,18.349955,30.0,1.0,1.0,1.0,,578.0,0.347175,1.0
591.0,0.44548,0.447814,0.4556,0.4556,13.153527,1.07115,1.073192,40.0,40.0,17.902673,30.0,1.0,1.0,1.0,,588.0,0.352523,1.0
601.0,0.445404,0.447735,0.455537,0.455537,13.153833,1.052563,1.054565,40.0,40.0,17.684313,30.0,1.0,1.0,1.0,,598.0,0.349663,1.0
611.0,0.445328,0.447658,0.455466,0.455466,13.152801,1.102751,1.104672,40.0,40.0,18.27369,30.0,1.0,1.0,1.0,,608.0,0.345314,1.0
621.0,0.445251,0.447579,0.455399,0.455399,13.152743,1.102544,1.104382,40.0,40.0,18.271196,30.0,1.0,1.0,1.0,,618.0,0.354491,1.0
631.0,0.445175,0.447502,0.455328,0.455328,13.15327,1.073278,1.075351,40.0,40.0,17.927455,30.0,1.0,1.0,1.0,,628.0,0.336632,1.0
641.0,0.445098,0.447423,0.455261,0.455261,13.152525,1.108244,1.110238,40.0,40.0,18.338025,30.0,1.0,1.0,1.0,,638.0,0.349401,1.0
651.0,0.445022,0.447345,0.455194,0.455194,13.153461,1.057929,1.059922,40.0,40.0,17.747086,30.0,1.0,1.0,1.0,,648.0,0.349884,1.0
661.0,0.444945,0.447268,0.45513,0.45513,13.152859,1.086192,1.088143,40.0,40.0,18.07897,30.0,1.0,1.0,1.0,,658.0,0.348289,1.0
671.0,0.444868,0.447189,0.455055,0.455055,13.153971,1.026796,1.028836,40.0,40.0,17.381327,30.0,1.0,1.0,1.0,,668.0,0.349402,1.0
681.0,0.444791,0.44711,0.454992,0.454992,13.152677,1.090012,1.091881,40.0,40.0,18.123724,30.0,1.0,1.0,1.0,,678.0,0.35106,1.0
691.0,0.444715,0.447032,0.454918,0.454918,13.152854,1.078543,1.080501,40.0,40.0,17.988989,30.0,1.0,1.0,1.0,,688.0,0.346828,1.0
701.0,0.444638,0.446953,0.45485,0.45485,13.153059,1.065535,1.06744,40.0,40.0,17.836176,30.0,1.0,1.0,1.0,,698.0,0.348935,1.0
711.0,0.444561,0.446875,0.454785,0.454785,13.152977,1.067416,1.069246,40.0,40.0,17.858219,30.0,1.0,1.0,1.0,,708.0,0.348909,1.0
721.0,0.444485,0.446797,0.454718,0.454718,13.152506,1.089183,1.091299,40.0,40.0,18.113805,30.0,1.0,1.0,1.0,,718.0,0.353829,1.0
731.0,0.444407,0.446718,0.454651,0.454651,13.152675,1.077704,1.079733,40.0,40.0,17.978942,30.0,1.0,1.0,1.0,,728.0,0.353794,1.0
741.0,0.44433,0.446639,0.45458,0.45458,13.15252,1.083322,1.085256,40.0,40.0,18.044873,30.0,1.0,1.0,1.0,,738.0,0.348566,1.0
751.0,0.444255,0.446563,0.454517,0.454517,13.153558,1.028716,1.030788,40.0,40.0,17.403532,30.0,1.0,1.0,1.0,,748.0,0.353979,1.0
761.0,0.444178,0.446485,0.454448,0.454448,13.151964,1.107927,1.109988,40.0,40.0,18.333747,30.0,1.0,1.0,1.0,,758.0,0.339801,1.0
771.0,0.444102,0.446407,0.454371,0.454371,13.153419,1.031568,1.033633,40.0,40.0,17.436947,30.0,1.0,1.0,1.0,,768.0,0.335885,1.0
781.0,0.444025,0.446328,0.4543,0.4543,13.153567,1.021803,1.023956,40.0,40.0,17.322216,30.0,1.0,1.0,1.0,,778.0,0.341985,1.0
791.0,0.443949,0.44625,0.454227,0.454227,13.152343,1.082088,1.084031,40.0,40.0,18.030191,30.0,1.0,1.0,1.0,,788.0,0.350052,1.0
801.0,0.443872,0.446172,0.454156,0.454156,13.15278,1.057671,1.059673,40.0,40.0,17.743401,30.0,1.0,1.0,1.0,,798.0,0.354876,1.0
811.0,0.443795,0.446093,0.454087,0.454087,13.150738,1.159724,1.161778,40.0,40.0,18.941706,30.0,1.0,1.0,1.0,,808.0,0.348896,1.0
821.0,0.443719,0.446015,0.454019,0.454019,13.152244,1.081025,1.083097,40.0,40.0,18.017589,30.0,1.0,1.0,1.0,,818.0,0.352893,1.0
831.0,0.443642,0.445937,0.453949,0.453949,13.153155,1.032426,1.034464,40.0,40.0,17.446795,30.0,1.0,1.0,1.0,,828.0,0.350087,1.0
841.0,0.443566,0.445859,0.453883,0.453883,13.152717,1.052943,1.054959,40.0,40.0,17.687725,30.0,1.0,1.0,1.0,,838.0,0.349356,1.0
851.0,0.443491,0.445782,0.453815,0.453815,13.153546,1.009165,1.010999,40.0,40.0,17.173529,30.0,1.0,1.0,1.0,,848.0,0.353078,1.0
861.0,0.443414,0.445704,0.453745,0.453745,13.152939,1.038098,1.040133,40.0,40.0,17.513316,30.0,1.0,1.0,1.0,,858.0,0.348085,1.0
871.0,0.443338,0.445627,0.453678,0.453678,13.152321,1.068046,1.070118,40.0,40.0,17.865005,30.0,1.0,1.0,1.0,,868.0,0.345585,1.0
881.0,0.443261,0.445548,0.453604,0.453604,13.152193,1.072489,1.074438,40.0,40.0,17.917137,30.0,1.0,1.0,1.0,,878.0,0.34885,1.0
891.0,0.443185,0.44547,0.453535,0.453535,13.151167,1.122965,1.125043,40.0,40.0,18.509818,30.0,1.0,1.0,1.0,,888.0,0.351418,1.0
901.0,0.443108,0.445392,0.453462,0.453462,13.151815,1.087966,1.089908,40.0,40.0,18.098811,30.0,1.0,1.0,1.0,,898.0,0.343226,1.0
911.0,0.443031,0.445313,0.45339,0.45339,13.150804,1.137381,1.13933,40.0,40.0,18.678998,30.0,1.0,1.0,1.0,,908.0,0.347201,1.0
921.0,0.442954,0.445234,0.453316,0.453316,13.152852,1.03095,1.032865,40.0,40.0,17.42916,30.0,1.0,1.0,1.0,,918.0,0.340521,1.0
931.0,0.442877,0.445156,0.45324,0.45324,13.151433,1.101343,1.103447,40.0,40.0,18.255777,30.0,1.0,1.0,1.0,,928.0,0.348615,1.0
941.0,0.4428,0.445078,0.453169,0.453169,13.152635,1.038214,1.04032,40.0,40.0,17.514403,30.0,1.0,1.0,1.0,,938.0,0.353096,1.0
951.0,0.442724,0.444999,0.4531,0.4531,13.152389,1.048877,1.050786,40.0,40.0,17.639601,30.0,1.0,1.0,1.0,,948.0,0.348251,1.0
961.0,0.442647,0.444921,0.453026,0.453026,13.151305,1.102264,1.104278,40.0,40.0,18.266481,30.0,1.0,1.0,1.0,,958.0,0.34569,1.0
971.0,0.442571,0.444843,0.452953,0.452953,13.151995,1.065634,1.067668,40.0,40.0,17.836322,30.0,1.0,1.0,1.0,,968.0,0.347577,1.0
981.0,0.442495,0.444765,0.452881,0.452881,13.15139,1.094769,1.096698,40.0,40.0,18.178413,30.0,1.0,1.0,1.0,,978.0,0.34982,1.0
991.0,0.442419,0.444688,0.452806,0.452806,13.151649,1.080058,1.082059,40.0,40.0,18.005647,30.0,1.0,1.0,1.0,,988.0,0.353887,1.0
1001.0,0.442342,0.44461,0.452731,0.452731,13.151601,1.080655,1.08264,40.0,40.0,18.012619,30.0,1.0,1.0,1.0,,998.0,0.340506,1.0
1011.0,0.442264,0.44453,0.452652,0.452652,13.149843,1.168106,1.170063,40.0,40.0,19.039349,30.0,1.0,1.0,1.0,,1008.0,0.34383,1.0
1021.0,0.442187,0.444452,0.452579,0.452579,13.152445,1.033536,1.035585,40.0,40.0,17.459205,30.0,1.0,1.0,1.0,,1018.0,0.34376,1.0
1031.0,0.44211,0.444372,0.452505,0.452505,13.151265,1.091662,1.093667,40.0,40.0,18.141754,30.0,1.0,1.0,1.0,,1028.0,0.347649,1.0
1041.0,0.442033,0.444295,0.452431,0.452431,13.150933,1.107069,1.109075,40.0,40.0,18.322629,30.0,1.0,1.0,1.0,,1038.0,0.347148,1.0
1051.0,0.441958,0.444217,0.45236,0.45236,13.15132,1.085962,1.088039,40.0,40.0,18.074769,30.0,1.0,1.0,1.0,,1048.0,0.351413,1.0
1061.0,0.441879,0.444137,0.452284,0.452284,13.151888,1.054511,1.056455,40.0,40.0,17.705396,30.0,1.0,1.0,1.0,,1058.0,0.347382,1.0
1071.0,0.441803,0.444059,0.452212,0.452212,13.150894,1.103658,1.105711,40.0,40.0,18.282473,30.0,1.0,1.0,1.0,,1068.0,0.349207,1.0
1081.0,0.441725,0.44398,0.452138,0.452138,13.15102,1.095222,1.097217,40.0,40.0,18.183378,30.0,1.0,1.0,1.0,,1078.0,0.34469,1.0
1091.0,0.441648,0.443901,0.452065,0.452065,13.15094,1.097521,1.09946,40.0,40.0,18.210346,30.0,1.0,1.0,1.0,,1088.0,0.353078,1.0
1101.0,0.441572,0.443823,0.451988,0.451988,13.151966,1.043547,1.045677,40.0,40.0,17.576509,30.0,1.0,1.0,1.0,,1098.0,0.35427,1.0
1111.0,0.441495,0.443744,0.451914,0.451914,13.151078,1.087029,1.088973,40.0,40.0,18.087079,30.0,1.0,1.0,1.0,,1108.0,0.350756,1.0
1121.0,0.441418,0.443666,0.451839,0.451839,13.150299,1.125096,1.127037,40.0,40.0,18.534012,30.0,1.0,1.0,1.0,,1118.0,0.353246,1.0
1131.0,0.441342,0.443589,0.451761,0.451761,13.151173,1.079217,1.081103,40.0,40.0,17.995297,30.0,1.0,1.0,1.0,,1128.0,0.36196,1.0
1141.0,0.441266,0.443511,0.451691,0.451691,13.152174,1.026593,1.028649,40.0,40.0,17.37728,30.0,1.0,1.0,1.0,,1138.0,0.346336,1.0
1151.0,0.44119,0.443433,0.451617,0.451617,13.151862,1.040993,1.04304,40.0,40.0,17.546374,30.0,1.0,1.0,1.0,,1148.0,0.349618,1.0
1161.0,0.441113,0.443354,0.451542,0.451542,13.150667,1.100176,1.102139,40.0,40.0,18.241297,30.0,1.0,1.0,1.0,,1158.0,0.35242,1.0
1171.0,0.441036,0.443276,0.45147,0.45147,13.151952,1.03301,1.034879,40.0,40.0,17.45256,30.0,1.0,1.0,1.0,,1168.0,0.347781,1.0
1181.0,0.44096,0.443199,0.451394,0.451394,13.152043,1.027025,1.028961,40.0,40.0,17.382248,30.0,1.0,1.0,1.0,,1178.0,0.334895,1.0
1191.0,0.440884,0.443121,0.451324,0.451324,13.15129,1.064027,1.066194,40.0,40.0,17.816755,30.0,1.0,1.0,1.0,,1188.0,0.347952,1.0
1201.0,0.440808,0.443043,0.451249,0.451249,13.151405,1.056685,1.058552,40.0,40.0,17.730506,30.0,1.0,1.0,1.0,,1198.0,0.348535,1.0
1211.0,0.440731,0.442965,0.451171,0.451171,13.151189,1.066057,1.067979,40.0,40.0,17.840533,30.0,1.0,1.0,1.0,,1208.0,0.357509,1.0
1221.0,0.440655,0.442887,0.451095,0.451095,13.150893,1.079483,1.081456,40.0,40.0,17.998154,30.0,1.0,1.0,1.0,,1218.0,0.344499,1.0
1231.0,0.440579,0.442809,0.451023,0.451023,13.150282,1.109349,1.111317,40.0,40.0,18.348801,30.0,1.0,1.0,1.0,,1228.0,0.347438,1.0
1241.0,0.440503,0.442732,0.450949,0.450949,13.151575,1.042044,1.043974,40.0,40.0,17.558462,30.0,1.0,1.0,1.0,,1238.0,0.356601,1.0
1251.0,0.440426,0.442653,0.450873,0.450873,13.15092,1.073673,1.075746,40.0,40.0,17.92984,30.0,1.0,1.0,1.0,,1248.0,0.344862,1.0
1261.0,0.440349,0.442575,0.450796,0.450796,13.15104,1.06583,1.06773,40.0,40.0,17.837718,30.0,1.0,1.0,1.0,,1258.0,0.346555,1.0
1271.0,0.440272,0.442497,0.450725,0.450725,13.151717,1.029589,1.031577,40.0,40.0,17.412109,30.0,1.0,1.0,1.0,,1268.0,0.346273,1.0
1281.0,0.440196,0.442419,0.450648,0.450648,13.15192,1.017708,1.019596,40.0,40.0,17.272543,30.0,1.0,1.0,1.0,,1278.0,0.353034,1.0
1291.0,0.44012,0.442341,0.450575,0.450575,13.151441,1.040741,1.04277,40.0,40.0,17.543018,30.0,1.0,1.0,1.0,,1288.0,0.34243,1.0
1301.0,0.440043,0.442263,0.450502,0.450502,13.151232,1.049659,1.051678,40.0,40.0,17.647706,30.0,1.0,1.0,1.0,,1298.0,0.36086,1.0
1311.0,0.439966,0.442184,0.450426,0.450426,13.150087,1.106253,1.108244,40.0,40.0,18.312198,30.0,1.0,1.0,1.0,,1308.0,0.347279,1.0
1321.0,0.439889,0.442105,0.450353,0.450353,13.150583,1.079008,1.081041,40.0,40.0,17.992265,30.0,1.0,1.0,1.0,,1318.0,0.352327,1.0
1331.0,0.439813,0.442027,0.450282,0.450282,13.149959,1.109543,1.111442,40.0,40.0,18.35076,30.0,1.0,1.0,1.0,,1328.0,0.356612,1.0
1341.0,0.439735,0.441948,0.450206,0.450206,13.15117,1.045821,1.04765,40.0,40.0,17.602508,30.0,1.0,1.0,1.0,,1338.0,0.348521,1.0
1351.0,0.439659,0.441871,0.450131,0.450131,13.150805,1.063146,1.065238,40.0,40.0,17.805927,30.0,1.0,1.0,1.0,,1348.0,0.350525,1.0
1361.0,0.439584,0.441793,0.450057,0.450057,13.150128,1.09633,1.098256,40.0,40.0,18.195541,30.0,1.0,1.0,1.0,,1358.0,0.352354,1.0
1371.0,0.439507,0.441715,0.449987,0.449987,13.1497,1.11652,1.118523,40.0,40.0,18.43255,30.0,1.0,1.0,1.0,,1368.0,0.337048,1.0
1381.0,0.439431,0.441638,0.449911,0.449911,13.150892,1.054511,1.056496,40.0,40.0,17.704458,30.0,1.0,1.0,1.0,,1378.0,0.358291,1.0
1391.0,0.439354,0.441559,0.449833,0.449833,13.149103,1.143901,1.145851,40.0,40.0,18.753939,30.0,1.0,1.0,1.0,,1388.0,0.353582,1.0
1401.0,0.439278,0.441482,0.449759,0.449759,13.150422,1.075367,1.077303,40.0,40.0,17.949293,30.0,1.0,1.0,1.0,,1398.0,0.359987,1.0
1411.0,0.439202,0.441404,0.449687,0.449687,13.150341,1.078075,1.080148,40.0,40.0,17.981055,30.0,1.0,1.0,1.0,,1408.0,0.356807,1.0
1421.0,0.439125,0.441325,0.449613,0.449613,13.15021,1.083015,1.085215,40.0,40.0,18.03903,30.0,1.0,1.0,1.0,,1418.0,0.355149,1.0
1431.0,0.439049,0.441248,0.44954,0.44954,13.150588,1.06219,1.064304,40.0,40.0,17.79448,30.0,1.0,1.0,1.0,,1428.0,0.351377,1.0
1441.0,0.438972,0.441169,0.449463,0.449463,13.150333,1.073347,1.07531,40.0,40.0,17.925447,30.0,1.0,1.0,1.0,,1438.0,0.352062,1.0
1451.0,0.438894,0.441089,0.449388,0.449388,13.1497,1.103466,1.105503,40.0,40.0,18.27904,30.0,1.0,1.0,1.0,,1448.0,0.349814,1.0
1461.0,0.438818,0.441012,0.449313,0.449313,13.150997,1.036001,1.037973,40.0,40.0,17.486848,30.0,1.0,1.0,1.0,,1458.0,0.341817,1.0
1471.0,0.43874,0.440932,0.449231,0.449231,13.150137,1.07786,1.079837,40.0,40.0,17.978336,30.0,1.0,1.0,1.0,,1468.0,0.345695,1.0
1481.0,0.438664,0.440855,0.449158,0.449158,13.149698,1.098881,1.101059,40.0,40.0,18.225117,30.0,1.0,1.0,1.0,,1478.0,0.348171,1.0
1491.0,0.438588,0.440777,0.449085,0.449085,13.151625,0.999276,1.001259,40.0,40.0,17.055487,30.0,1.0,1.0,1.0,,1488.0,0.355841,1.0
1501.0,0.438512,0.440699,0.449009,0.449009,13.15022,1.069516,1.071634,40.0,40.0,17.880288,30.0,1.0,1.0,1.0,,1498.0,0.349113,1.0
1511.0,0.438435,0.440621,0.448932,0.448932,13.150203,1.068776,1.070762,40.0,40.0,17.871563,30.0,1.0,1.0,1.0,,1508.0,0.343539,1.0
1521.0,0.438357,0.440541,0.448854,0.448854,13.149736,1.090491,1.092607,40.0,40.0,18.126494,30.0,1.0,1.0,1.0,,1518.0,0.347076,1.0
1531.0,0.438283,0.440465,0.448778,0.448778,13.151503,0.999361,1.001301,40.0,40.0,17.056372,30.0,1.0,1.0,1.0,,1528.0,0.340023,1.0
1541.0,0.438207,0.440387,0.448703,0.448703,13.151204,1.013262,1.015193,40.0,40.0,17.219602,30.0,1.0,1.0,1.0,,1538.0,0.353014,1.0
1551.0,0.43813,0.440309,0.448631,0.448631,13.149613,1.092744,1.094643,40.0,40.0,18.152866,30.0,1.0,1.0,1.0,,1548.0,0.343515,1.0
1561.0,0.438054,0.440231,0.448557,0.448557,13.150415,1.050433,1.052426,40.0,40.0,17.656041,30.0,1.0,1.0,1.0,,1558.0,0.348167,1.0
1571.0,0.437977,0.440153,0.448483,0.448483,13.149332,1.104062,1.106105,40.0,40.0,18.285681,30.0,1.0,1.0,1.0,,1568.0,0.359056,1.0
1581.0,0.4379,0.440074,0.448405,0.448405,13.148665,1.136218,1.138126,40.0,40.0,18.66315,30.0,1.0,1.0,1.0,,1578.0,0.357415,1.0
1591.0,0.437822,0.439995,0.448326,0.448326,13.15008,1.06209,1.064159,40.0,40.0,17.792823,30.0,1.0,1.0,1.0,,1588.0,0.352369,1.0
1601.0,0.437746,0.439917,0.448252,0.448252,13.150825,1.022734,1.024559,40.0,40.0,17.330656,30.0,1.0,1.0,1.0,,1598.0,0.342188,1.0
1611.0,0.437669,0.439839,0.448174,0.448174,13.149488,1.0892,1.091092,40.0,40.0,18.111065,30.0,1.0,1.0,1.0,,1608.0,0.339278,1.0
1621.0,0.437593,0.439761,0.448101,0.448101,13.149431,1.090526,1.092421,40.0,40.0,18.126603,30.0,1.0,1.0,1.0,,1618.0,0.34853,1.0
1631.0,0.437516,0.439683,0.448029,0.448029,13.149121,1.104884,1.106915,40.0,40.0,18.295139,30.0,1.0,1.0,1.0,,1628.0,0.359363,1.0
1641.0,0.437439,0.439604,0.447953,0.447953,13.148348,1.142643,1.144625,40.0,40.0,18.738381,30.0,1.0,1.0,1.0,,1638.0,0.35185,1.0
1651.0,0.437363,0.439527,0.447879,0.447879,13.149919,1.06111,1.062996,40.0,40.0,17.781145,30.0,1.0,1.0,1.0,,1648.0,0.354146,1.0
1661.0,0.437286,0.439447,0.447806,0.447806,13.150185,1.04564,1.047691,40.0,40.0,17.59946,30.0,1.0,1.0,1.0,,1658.0,0.350405,1.0
1671.0,0.437209,0.439369,0.447733,0.447733,13.149979,1.054532,1.056558,40.0,40.0,17.70384,30.0,1.0,1.0,1.0,,1668.0,0.340829,1.0
1681.0,0.437132,0.439291,0.44766,0.44766,13.149186,1.093365,1.095328,40.0,40.0,18.15975,30.0,1.0,1.0,1.0,,1678.0,0.343057,1.0
1691.0,0.437056,0.439213,0.447583,0.447583,13.149622,1.0697,1.071759,40.0,40.0,17.88188,30.0,1.0,1.0,1.0,,1688.0,0.341227,1.0
1701.0,0.436979,0.439134,0.44751,0.44751,13.149742,1.061916,1.064034,40.0,40.0,17.790453,30.0,1.0,1.0,1.0,,1698.0,0.349256,1.0
1711.0,0.436904,0.439057,0.447436,0.447436,13.149879,1.053741,1.055728,40.0,40.0,17.694437,30.0,1.0,1.0,1.0,,1708.0,0.359051,1.0
1721.0,0.436826,0.438978,0.447359,0.447359,13.149083,1.092355,1.094456,40.0,40.0,18.147772,30.0,1.0,1.0,1.0,,1718.0,0.357317,1.0
1731.0,0.43675,0.4389,0.447285,0.447285,13.150532,1.017096,1.019222,40.0,40.0,17.264084,30.0,1.0,1.0,1.0,,1728.0,0.347624,1.0
1741.0,0.436674,0.438822,0.447207,0.447207,13.1499,1.047734,1.049747,40.0,40.0,17.623814,30.0,1.0,1.0,1.0,,1738.0,0.356518,1.0
1751.0,0.436596,0.438743,0.447133,0.447133,13.149584,1.062055,1.063992,40.0,40.0,17.79193,30.0,1.0,1.0,1.0,,1748.0,0.349675,1.0
1761.0,0.43652,0.438665,0.447056,0.447056,13.149475,1.066147,1.067979,40.0,40.0,17.839951,30.0,1.0,1.0,1.0,,1758.0,0.351575,1.0
1771.0,0.436445,0.438589,0.446982,0.446982,13.150091,1.033851,1.035647,40.0,40.0,17.460732,30.0,1.0,1.0,1.0,,1768.0,0.356888,1.0
1781.0,0.436369,0.438512,0.446907,0.446907,13.149753,1.049825,1.051907,40.0,40.0,17.648265,30.0,1.0,1.0,1.0,,1778.0,0.348612,1.0
1791.0,0.436293,0.438434,0.446831,0.446831,13.148947,1.089446,1.091341,40.0,40.0,18.11343,30.0,1.0,1.0,1.0,,1788.0,0.349788,1.0
1801.0,0.436217,0.438356,0.446756,0.446756,13.148427,1.11455,1.116301,40.0,40.0,18.408116,30.0,1.0,1.0,1.0,,1798.0,0.353248,1.0
1811.0,0.436139,0.438276,0.446679,0.446679,13.148394,1.114175,1.11599,40.0,40.0,18.403672,30.0,1.0,1.0,1.0,,1808.0,0.34318,1.0
1821.0,0.436063,0.438198,0.446602,0.446602,13.148732,1.095334,1.097301,40.0,40.0,18.182461,30.0,1.0,1.0,1.0,,1818.0,0.347921,1.0
1831.0,0.435986,0.438121,0.446526,0.446526,13.148878,1.08643,1.088434,40.0,40.0,18.077893,30.0,1.0,1.0,1.0,,1827.0,0.34318,1.0
1841.0,0.43591,0.438042,0.446451,0.446451,13.149272,1.064735,1.0669,40.0,40.0,17.823154,30.0,1.0,1.0,1.0,,1837.0,0.346303,1.0
1851.0,0.435833,0.437964,0.446376,0.446376,13.148489,1.103101,1.105108,40.0,40.0,18.273557,30.0,1.0,1.0,1.0,,1847.0,0.342472,1.0
1861.0,0.435756,0.437885,0.4463,0.4463,13.148926,1.078791,1.080896,40.0,40.0,17.988118,30.0,1.0,1.0,1.0,,1857.0,0.347833,1.0
1871.0,0.435679,0.437807,0.446225,0.446225,13.148945,1.076371,1.078445,40.0,40.0,17.959679,30.0,1.0,1.0,1.0,,1867.0,0.356695,1.0
1881.0,0.435603,0.437729,0.44615,0.44615,13.148665,1.089206,1.091133,40.0,40.0,18.110337,30.0,1.0,1.0,1.0,,1877.0,0.346123,1.0
1891.0,0.435526,0.437651,0.446074,0.446074,13.148292,1.106609,1.108639,40.0,40.0,18.314603,30.0,1.0,1.0,1.0,,1887.0,0.342702,1.0
1901.0,0.435449,0.437572,0.445998,0.445998,13.148849,1.076509,1.078591,40.0,40.0,17.961203,30.0,1.0,1.0,1.0,,1897.0,0.346759,1.0
1911.0,0.435373,0.437494,0.44592,0.44592,13.149046,1.06491,1.066983,40.0,40.0,17.825,30.0,1.0,1.0,1.0,,1907.0,0.345932,1.0
1921.0,0.435296,0.437416,0.445846,0.445846,13.149047,1.063174,1.065135,40.0,40.0,17.804581,30.0,1.0,1.0,1.0,,1917.0,0.346734,1.0
1931.0,0.43522,0.437338,0.445772,0.445772,13.148641,1.082546,1.084592,40.0,40.0,18.031989,30.0,1.0,1.0,1.0,,1927.0,0.346379,1.0
1941.0,0.435143,0.437259,0.445697,0.445697,13.148366,1.094705,1.096657,40.0,40.0,18.174699,30.0,1.0,1.0,1.0,,1937.0,0.339483,1.0
1951.0,0.435067,0.437182,0.445625,0.445625,13.147265,1.149659,1.151727,40.0,40.0,18.819766,30.0,1.0,1.0,1.0,,1947.0,0.345325,1.0
1961.0,0.434991,0.437105,0.445551,0.445551,13.148832,1.068451,1.070513,40.0,40.0,17.866429,30.0,1.0,1.0,1.0,,1957.0,0.345948,1.0
1971.0,0.434915,0.437027,0.445476,0.445476,13.149557,1.029982,1.03191,40.0,40.0,17.414742,30.0,1.0,1.0,1.0,,1967.0,0.345154,1.0
1981.0,0.434839,0.436949,0.445402,0.445402,13.147905,1.11294,1.114931,40.0,40.0,18.388664,30.0,1.0,1.0,1.0,,1977.0,0.361412,1.0
1991.0,0.434762,0.436871,0.445329,0.445329,13.149229,1.043708,1.045739,40.0,40.0,17.575842,30.0,1.0,1.0,1.0,,1987.0,0.351359,1.0
2001.0,0.434686,0.436793,0.445252,0.445252,13.14788,1.111065,1.113124,40.0,40.0,18.366596,30.0,1.0,1.0,1.0,,1997.0,0.350443,1.0
2011.0,0.434609,0.436715,0.445176,0.445176,13.149313,1.036257,1.038326,40.0,40.0,17.488302,30.0,1.0,1.0,1.0,,2007.0,0.353523,1.0
2021.0,0.434533,0.436637,0.445101,0.445101,13.148958,1.052974,1.054897,40.0,40.0,17.684553,30.0,1.0,1.0,1.0,,2017.0,0.343136,1.0
2031.0,0.434458,0.43656,0.445027,0.445027,13.148544,1.072799,1.074728,40.0,40.0,17.917282,30.0,1.0,1.0,1.0,,2027.0,0.351161,1.0
2041.0,0.43438,0.436481,0.444953,0.444953,13.147506,1.123902,1.125895,40.0,40.0,18.517155,30.0,1.0,1.0,1.0,,2037.0,0.344588,1.0
2051.0,0.434303,0.436401,0.444874,0.444874,13.14753,1.120706,1.122676,40.0,40.0,18.479603,30.0,1.0,1.0,1.0,,2047.0,0.354802,1.0
2061.0,0.434226,0.436323,0.444795,0.444795,13.148295,1.079951,1.082059,40.0,40.0,18.001143,30.0,1.0,1.0,1.0,,2057.0,0.355485,1.0
2071.0,0.43415,0.436246,0.44472,0.44472,13.148771,1.054448,1.056413,40.0,40.0,17.701713,30.0,1.0,1.0,1.0,,2067.0,0.351787,1.0
2081.0,0.434074,0.436168,0.444646,0.444646,13.147226,1.131744,1.133703,40.0,40.0,18.609081,30.0,1.0,1.0,1.0,,2077.0,0.35058,1.0
2091.0,0.433997,0.43609,0.44457,0.44457,13.148003,1.090526,1.092524,40.0,40.0,18.12521,30.0,1.0,1.0,1.0,,2087.0,0.356147,1.0
2101.0,0.43392,0.436011,0.444494,0.444494,13.147561,1.111249,1.113207,40.0,40.0,18.368437,30.0,1.0,1.0,1.0,,2097.0,0.350081,1.0
2111.0,0.433844,0.435933,0.444419,0.444419,13.147849,1.095266,1.097363,40.0,40.0,18.180789,30.0,1.0,1.0,1.0,,2107.0,0.344072,1.0
2121.0,0.433768,0.435855,0.444343,0.444343,13.148013,1.085277,1.087291,40.0,40.0,18.063505,30.0,1.0,1.0,1.0,,2117.0,0.358232,1.0
2131.0,0.43369,0.435776,0.444268,0.444268,13.148599,1.0533,1.055375,40.0,40.0,17.688047,30.0,1.0,1.0,1.0,,2127.0,0.339253,1.0
2141.0,0.433613,0.435697,0.444192,0.444192,13.149313,1.01527,1.017166,40.0,40.0,17.2415,30.0,1.0,1.0,1.0,,2137.0,0.34697,1.0
2151.0,0.433537,0.43562,0.444117,0.444117,13.14921,1.019072,1.021153,40.0,40.0,17.286123,30.0,1.0,1.0,1.0,,2147.0,0.349941,1.0
2161.0,0.43346,0.435541,0.444043,0.444043,13.148841,1.03632,1.038388,40.0,40.0,17.488609,30.0,1.0,1.0,1.0,,2157.0,0.344575,1.0
2171.0,0.433384,0.435463,0.443969,0.443969,13.148286,1.063024,1.064948,40.0,40.0,17.802096,30.0,1.0,1.0,1.0,,2167.0,0.351508,1.0
2181.0,0.433306,0.435383,0.443892,0.443892,13.146993,1.126953,1.129093,40.0,40.0,18.552519,30.0,1.0,1.0,1.0,,2177.0,0.351073,1.0
2191.0,0.433229,0.435305,0.443815,0.443815,13.148491,1.048956,1.050765,40.0,40.0,17.636871,30.0,1.0,1.0,1.0,,2187.0,0.343237,1.0
2201.0,0.433153,0.435227,0.443742,0.443742,13.147033,1.121939,1.12386,40.0,40.0,18.493601,30.0,1.0,1.0,1.0,,2197.0,0.345747,1.0
2211.0,0.433077,0.43515,0.443668,0.443668,13.14875,1.033005,1.034941,40.0,40.0,17.449546,30.0,1.0,1.0,1.0,,2207.0,0.348421,1.0
2221.0,0.433001,0.435073,0.443593,0.443593,13.147106,1.115645,1.11763,40.0,40.0,18.419676,30.0,1.0,1.0,1.0,,2217.0,0.346119,1.0
2231.0,0.432925,0.434995,0.443514,0.443514,13.148094,1.063838,1.065778,40.0,40.0,17.811481,30.0,1.0,1.0,1.0,,2227.0,0.344649,1.0
2241.0,0.432849,0.434917,0.44344,0.44344,13.14891,1.020704,1.022565,40.0,40.0,17.305039,30.0,1.0,1.0,1.0,,2237.0,0.351692,1.0
2251.0,0.432771,0.434838,0.443367,0.443367,13.14686,1.123471,1.125417,40.0,40.0,18.511441,30.0,1.0,1.0,1.0,,2247.0,0.348064,1.0
2261.0,0.432695,0.43476,0.443291,0.443291,13.147481,1.09011,1.092254,40.0,40.0,18.119811,30.0,1.0,1.0,1.0,,2257.0,0.345757,1.0
2271.0,0.432618,0.434682,0.443217,0.443217,13.147649,1.080088,1.082017,40.0,40.0,18.002137,30.0,1.0,1.0,1.0,,2267.0,0.356439,1.0
2281.0,0.432543,0.434605,0.443145,0.443145,13.148768,1.021983,1.023894,40.0,40.0,17.319946,30.0,1.0,1.0,1.0,,2277.0,0.353651,1.0
2291.0,0.432467,0.434527,0.443069,0.443069,13.148081,1.055555,1.057597,40.0,40.0,17.71408,30.0,1.0,1.0,1.0,,2287.0,0.342744,1.0
2301.0,0.43239,0.434449,0.442995,0.442995,13.146389,1.140177,1.142237,40.0,40.0,18.707382,30.0,1.0,1.0,1.0,,2297.0,0.359006,1.0
2311.0,0.432314,0.434371,0.44292,0.44292,13.148191,1.046668,1.048688,40.0,40.0,17.609678,30.0,1.0,1.0,1.0,,2307.0,0.346205,1.0
2321.0,0.432236,0.434292,0.442842,0.442842,13.14816,1.046383,1.048273,40.0,40.0,17.606297,30.0,1.0,1.0,1.0,,2317.0,0.350385,1.0
2331.0,0.432161,0.434214,0.44277,0.44277,13.147978,1.054372,1.056309,40.0,40.0,17.700076,30.0,1.0,1.0,1.0,,2327.0,0.353235,1.0
2341.0,0.432085,0.434137,0.442696,0.442696,13.147422,1.081427,1.08345,40.0,40.0,18.017654,30.0,1.0,1.0,1.0,,2337.0,0.345847,1.0
2351.0,0.432009,0.434059,0.442619,0.442619,13.148639,1.017831,1.019803,40.0,40.0,17.271003,30.0,1.0,1.0,1.0,,2347.0,0.351712,1.0
2361.0,0.43193,0.433979,0.442543,0.442543,13.146374,1.131148,1.133184,40.0,40.0,18.601214,30.0,1.0,1.0,1.0,,2357.0,0.34785,1.0
2371.0,0.431854,0.433901,0.442465,0.442465,13.148065,1.043298,1.045262,40.0,40.0,17.569933,30.0,1.0,1.0,1.0,,2367.0,0.34495,1.0
2381.0,0.431777,0.433823,0.442388,0.442388,13.14751,1.070035,1.071966,40.0,40.0,17.883798,30.0,1.0,1.0,1.0,,2377.0,0.349927,1.0
2391.0,0.431701,0.433745,0.442312,0.442312,13.147387,1.074881,1.076909,40.0,40.0,17.940661,30.0,1.0,1.0,1.0,,2387.0,0.351373,1.0
2401.0,0.431623,0.433666,0.442233,0.442233,13.148279,1.027458,1.02948,40.0,40.0,17.383874,30.0,1.0,1.0,1.0,,2397.0,0.344455,1.0
2411.0,0.431546,0.433587,0.442156,0.442156,13.146909,1.095561,1.097633,40.0,40.0,18.18334,30.0,1.0,1.0,1.0,,2407.0,0.349426,1.0
2421.0,0.431469,0.433508,0.442083,0.442083,13.148024,1.036918,1.039094,40.0,40.0,17.494885,30.0,1.0,1.0,1.0,,2417.0,0.346909,1.0
2431.0,0.431394,0.433431,0.44201,0.44201,13.147751,1.049651,1.051575,40.0,40.0,17.644346,30.0,1.0,1.0,1.0,,2427.0,0.352334,1.0
2441.0,0.431316,0.433352,0.441934,0.441934,13.145665,1.154144,1.156088,40.0,40.0,18.870844,30.0,1.0,1.0,1.0,,2437.0,0.342862,1.0
2451.0,0.43124,0.433274,0.441856,0.441856,13.147808,1.043302,1.045386,40.0,40.0,17.569746,30.0,1.0,1.0,1.0,,2447.0,0.351927,1.0
2461.0,0.431163,0.433196,0.441783,0.441783,13.146956,1.085384,1.087354,40.0,40.0,18.063735,30.0,1.0,1.0,1.0,,2457.0,0.345503,1.0
2471.0,0.431086,0.433117,0.441706,0.441706,13.14791,1.034944,1.036935,40.0,40.0,17.471558,30.0,1.0,1.0,1.0,,2467.0,0.352116,1.0
2481.0,0.431009,0.433039,0.441629,0.441629,13.147116,1.073689,1.075621,40.0,40.0,17.926382,30.0,1.0,1.0,1.0,,2477.0,0.346907,1.0
2491.0,0.430932,0.43296,0.441553,0.441553,13.146677,1.094356,1.096262,40.0,40.0,18.168952,30.0,1.0,1.0,1.0,,2487.0,0.355496,1.0
2501.0,0.430855,0.432882,0.441478,0.441478,13.147348,1.058452,1.060421,40.0,40.0,17.74745,30.0,1.0,1.0,1.0,,2497.0,0.344184,1.0
2511.0,0.430779,0.432803,0.441402,0.441402,13.146713,1.089397,1.091362,40.0,40.0,18.110675,30.0,1.0,1.0,1.0,,2507.0,0.348487,1.0
2521.0,0.430702,0.432725,0.441324,0.441324,13.147303,1.057745,1.059673,40.0,40.0,17.739098,30.0,1.0,1.0,1.0,,2517.0,0.347002,1.0
2531.0,0.430626,0.432647,0.441247,0.441247,13.148005,1.020451,1.022378,40.0,40.0,17.301232,30.0,1.0,1.0,1.0,,2527.0,0.351353,1.0
2541.0,0.430549,0.432569,0.441169,0.441169,13.147202,1.059903,1.061895,40.0,40.0,17.764375,30.0,1.0,1.0,1.0,,2537.0,0.347304,1.0
2551.0,0.430471,0.43249,0.44109,0.44109,13.146138,1.112226,1.114328,40.0,40.0,18.378513,30.0,1.0,1.0,1.0,,2547.0,0.350107,1.0
2561.0,0.430394,0.432411,0.441014,0.441014,13.14754,1.039,1.040963,40.0,40.0,17.518916,30.0,1.0,1.0,1.0,,2557.0,0.343921,1.0
2571.0,0.430318,0.432333,0.440937,0.440937,13.147616,1.033558,1.035502,40.0,40.0,17.455,30.0,1.0,1.0,1.0,,2567.0,0.354697,1.0
2581.0,0.430241,0.432254,0.440857,0.440857,13.14693,1.066872,1.068997,40.0,40.0,17.846055,30.0,1.0,1.0,1.0,,2576.0,0.355498,1.0
2591.0,0.430164,0.432176,0.440786,0.440786,13.145941,1.115925,1.1179,40.0,40.0,18.421806,30.0,1.0,1.0,1.0,,2586.0,0.339899,1.0
2601.0,0.430087,0.432098,0.44071,0.44071,13.147279,1.046061,1.048086,40.0,40.0,17.601686,30.0,1.0,1.0,1.0,,2596.0,0.354958,1.0
2611.0,0.430011,0.432019,0.440634,0.440634,13.146465,1.085978,1.087935,40.0,40.0,18.070242,30.0,1.0,1.0,1.0,,2606.0,0.354718,1.0
2621.0,0.429935,0.431942,0.440559,0.440559,13.148101,1.001376,1.003336,40.0,40.0,17.077024,30.0,1.0,1.0,1.0,,2616.0,0.336889,1.0
2631.0,0.429859,0.431865,0.440484,0.440484,13.14661,1.076253,1.078362,40.0,40.0,17.956041,30.0,1.0,1.0,1.0,,2626.0,0.346041,1.0
2641.0,0.429784,0.431787,0.440407,0.440407,13.146749,1.067895,1.069952,40.0,40.0,17.857901,30.0,1.0,1.0,1.0,,2636.0,0.354733,1.0
2651.0,0.429707,0.431709,0.440333,0.440333,13.146896,1.058819,1.060774,40.0,40.0,17.751335,30.0,1.0,1.0,1.0,,2646.0,0.332173,1.0
2661.0,0.42963,0.431631,0.440258,0.440258,13.14604,1.10098,1.102845,40.0,40.0,18.246199,30.0,1.0,1.0,1.0,,2656.0,0.350343,1.0
2671.0,0.429553,0.431552,0.440183,0.440183,13.146289,1.086199,1.088205,40.0,40.0,18.072666,30.0,1.0,1.0,1.0,,2666.0,0.349424,1.0
2681.0,0.429477,0.431474,0.440108,0.440108,13.147093,1.044011,1.045947,40.0,40.0,17.577417,30.0,1.0,1.0,1.0,,2676.0,0.341002,1.0
2691.0,0.4294,0.431396,0.440032,0.440032,13.145479,1.124577,1.12658,40.0,40.0,18.523063,30.0,1.0,1.0,1.0,,2686.0,0.340134,1.0
2701.0,0.429323,0.431317,0.439956,0.439956,13.145903,1.10114,1.103032,40.0,40.0,18.247943,30.0,1.0,1.0,1.0,,2696.0,0.347062,1.0
2711.0,0.429246,0.431238,0.439878,0.439878,13.145824,1.103557,1.105544,40.0,40.0,18.276278,30.0,1.0,1.0,1.0,,2706.0,0.350345,1.0
2721.0,0.429168,0.431159,0.439798,0.439798,13.14586,1.099767,1.10162,40.0,40.0,18.231767,30.0,1.0,1.0,1.0,,2716.0,0.346034,1.0
2731.0,0.42909,0.43108,0.439722,0.439722,13.144842,1.149751,1.151873,40.0,40.0,18.818355,30.0,1.0,1.0,1.0,,2726.0,0.350818,1.0
2741.0,0.429013,0.431001,0.439646,0.439646,13.145297,1.124908,1.126912,40.0,40.0,18.526765,30.0,1.0,1.0,1.0,,2736.0,0.357792,1.0
2751.0,0.428937,0.430923,0.439567,0.439567,13.146177,1.078442,1.080335,40.0,40.0,17.981361,30.0,1.0,1.0,1.0,,2746.0,0.359992,1.0
2761.0,0.428858,0.430842,0.439489,0.439489,13.145162,1.127884,1.129965,40.0,40.0,18.561618,30.0,1.0,1.0,1.0,,2756.0,0.34952,1.0
2771.0,0.428781,0.430764,0.439412,0.439412,13.145673,1.100343,1.10218,40.0,40.0,18.238351,30.0,1.0,1.0,1.0,,2766.0,0.340209,1.0
2781.0,0.428705,0.430686,0.439336,0.439336,13.146535,1.055022,1.057077,40.0,40.0,17.70635,30.0,1.0,1.0,1.0,,2776.0,0.345952,1.0
2791.0,0.428627,0.430607,0.439259,0.439259,13.146621,1.048834,1.05091,40.0,40.0,17.633679,30.0,1.0,1.0,1.0,,2786.0,0.355792,1.0
2801.0,0.428551,0.430529,0.439182,0.439182,13.145712,1.093872,1.095826,40.0,40.0,18.162307,30.0,1.0,1.0,1.0,,2796.0,0.341154,1.0
2811.0,0.428475,0.430451,0.439105,0.439105,13.145708,1.092625,1.094601,40.0,40.0,18.147644,30.0,1.0,1.0,1.0,,2806.0,0.350395,1.0
2821.0,0.428397,0.430372,0.439029,0.439029,13.14621,1.065273,1.067294,40.0,40.0,17.826559,30.0,1.0,1.0,1.0,,2816.0,0.346421,1.0
2831.0,0.428322,0.430295,0.438956,0.438956,13.145886,1.080747,1.082868,40.0,40.0,18.008177,30.0,1.0,1.0,1.0,,2826.0,0.344471,1.0
2841.0,0.428245,0.430217,0.43888,0.43888,13.145127,1.117863,1.119707,40.0,40.0,18.443774,30.0,1.0,1.0,1.0,,2836.0,0.349804,1.0
2851.0,0.428169,0.430139,0.438806,0.438806,13.146146,1.064339,1.066464,40.0,40.0,17.815525,30.0,1.0,1.0,1.0,,2846.0,0.353568,1.0
2861.0,0.428093,0.430061,0.438732,0.438732,13.146594,1.040371,1.042396,40.0,40.0,17.534153,30.0,1.0,1.0,1.0,,2856.0,0.342439,1.0
2871.0,0.428015,0.429982,0.438656,0.438656,13.145449,1.096794,1.098733,40.0,40.0,18.196408,30.0,1.0,1.0,1.0,,2866.0,0.357243,1.0
2881.0,0.427939,0.429904,0.438579,0.438579,13.1443,1.154132,1.156109,40.0,40.0,18.869292,30.0,1.0,1.0,1.0,,2876.0,0.348599,1.0
2891.0,0.427862,0.429825,0.438497,0.438497,13.145713,1.080226,1.082204,40.0,40.0,18.001891,30.0,1.0,1.0,1.0,,2886.0,0.34894,1.0
2901.0,0.427786,0.429748,0.43842,0.43842,13.146253,1.051347,1.05307,40.0,40.0,17.662877,30.0,1.0,1.0,1.0,,2896.0,0.350219,1.0
2911.0,0.427709,0.429669,0.438346,0.438346,13.146437,1.040466,1.042438,40.0,40.0,17.535127,30.0,1.0,1.0,1.0,,2906.0,0.345188,1.0
2921.0,0.427631,0.42959,0.438269,0.438269,13.144125,1.156513,1.158601,40.0,40.0,18.897105,30.0,1.0,1.0,1.0,,2916.0,0.346884,1.0
2931.0,0.427555,0.429512,0.43819,0.43819,13.146102,1.054142,1.056039,40.0,40.0,17.695594,30.0,1.0,1.0,1.0,,2926.0,0.330237,1.0
2941.0,0.427478,0.429433,0.438111,0.438111,13.144911,1.113214,1.115263,40.0,40.0,18.388907,30.0,1.0,1.0,1.0,,2936.0,0.351899,1.0
2951.0,0.427399,0.429353,0.438032,0.438032,13.144745,1.119606,1.121576,40.0,40.0,18.46388,30.0,1.0,1.0,1.0,,2946.0,0.353284,1.0
2961.0,0.427322,0.429274,0.437953,0.437953,13.146489,1.028726,1.030747,40.0,40.0,17.397149,30.0,1.0,1.0,1.0,,2956.0,0.354675,1.0
2971.0,0.427245,0.429195,0.437878,0.437878,13.144957,1.105216,1.107226,40.0,40.0,18.294933,30.0,1.0,1.0,1.0,,2966.0,0.351192,1.0
2981.0,0.427169,0.429118,0.437806,0.437806,13.145083,1.097603,1.099564,40.0,40.0,18.205555,30.0,1.0,1.0,1.0,,2976.0,0.347619,1.0
2991.0,0.427093,0.429041,0.437729,0.437729,13.14561,1.069577,1.071613,40.0,40.0,17.876592,30.0,1.0,1.0,1.0,,2986.0,0.348187,1.0
3001.0,0.427018,0.428964,0.437654,0.437654,13.145235,1.087733,1.089659,40.0,40.0,18.08968,30.0,1.0,1.0,1.0,,2996.0,0.348908,1.0
3011.0,0.426942,0.428886,0.437577,0.437577,13.146646,1.014369,1.01646,40.0,40.0,17.22849,30.0,1.0,1.0,1.0,,3006.0,0.355595,1.0
3021.0,0.426865,0.428808,0.437504,0.437504,13.144706,1.111752,1.113768,40.0,40.0,18.371512,30.0,1.0,1.0,1.0,,3016.0,0.361167,1.0
3031.0,0.426788,0.428729,0.437427,0.437427,13.145063,1.091795,1.09377,40.0,40.0,18.137261,30.0,1.0,1.0,1.0,,3026.0,0.354709,1.0
3041.0,0.426711,0.42865,0.437352,0.437352,13.144857,1.100572,1.102492,40.0,40.0,18.240243,30.0,1.0,1.0,1.0,,3036.0,0.344732,1.0
3051.0,0.426633,0.428571,0.437276,0.437276,13.145082,1.087308,1.08941,40.0,40.0,18.084533,30.0,1.0,1.0,1.0,,3046.0,0.341965,1.0
3061.0,0.426556,0.428493,0.4372,0.4372,13.145271,1.076023,1.078009,40.0,40.0,17.952046,30.0,1.0,1.0,1.0,,3056.0,0.349041,1.0
3071.0,0.42648,0.428414,0.437126,0.437126,13.145082,1.084115,1.086212,40.0,40.0,18.046991,30.0,1.0,1.0,1.0,,3066.0,0.35466,1.0
3081.0,0.426403,0.428336,0.437048,0.437048,13.145779,1.047044,1.049166,40.0,40.0,17.611846,30.0,1.0,1.0,1.0,,3076.0,0.351283,1.0
3091.0,0.426327,0.428259,0.436971,0.436971,13.145642,1.052885,1.054814,40.0,40.0,17.680389,30.0,1.0,1.0,1.0,,3086.0,0.349959,1.0
3101.0,0.426251,0.428181,0.436895,0.436895,13.144952,1.086705,1.08862,40.0,40.0,18.077313,30.0,1.0,1.0,1.0,,3096.0,0.342282,1.0
3111.0,0.426175,0.428103,0.436821,0.436821,13.143995,1.134022,1.135987,40.0,40.0,18.632595,30.0,1.0,1.0,1.0,,3106.0,0.357861,1.0
3121.0,0.426099,0.428025,0.436746,0.436746,13.144287,1.117866,1.12008,40.0,40.0,18.442969,30.0,1.0,1.0,1.0,,3116.0,0.354409,1.0
3131.0,0.426023,0.427948,0.43667,0.43667,13.145097,1.075149,1.077179,40.0,40.0,17.9416,30.0,1.0,1.0,1.0,,3126.0,0.356622,1.0
3141.0,0.425946,0.427869,0.436593,0.436593,13.144782,1.089458,1.091299,40.0,40.0,18.109512,30.0,1.0,1.0,1.0,,3136.0,0.361386,1.0
3151.0,0.425869,0.427791,0.436516,0.436516,13.144296,1.112884,1.114868,40.0,40.0,18.384414,30.0,1.0,1.0,1.0,,3146.0,0.351214,1.0
3161.0,0.425794,0.427714,0.436439,0.436439,13.145879,1.030951,1.032989,40.0,40.0,17.42274,30.0,1.0,1.0,1.0,,3156.0,0.342109,1.0
3171.0,0.425717,0.427636,0.43636,0.43636,13.145811,1.032777,1.0349,40.0,40.0,17.444146,30.0,1.0,1.0,1.0,,3166.0,0.342444,1.0
3181.0,0.42564,0.427557,0.436284,0.436284,13.14446,1.100033,1.102035,40.0,40.0,18.23351,30.0,1.0,1.0,1.0,,3176.0,0.339554,1.0
3191.0,0.425564,0.42748,0.436206,0.436206,13.144639,1.089577,1.091694,40.0,40.0,18.110775,30.0,1.0,1.0,1.0,,3186.0,0.353195,1.0
3201.0,0.425488,0.427402,0.436129,0.436129,13.145579,1.040268,1.042272,40.0,40.0,17.531999,30.0,1.0,1.0,1.0,,3196.0,0.340891,1.0
3211.0,0.425411,0.427323,0.436053,0.436053,13.144533,1.091806,1.093957,40.0,40.0,18.136868,30.0,1.0,1.0,1.0,,3206.0,0.35219,1.0
3221.0,0.425334,0.427244,0.435978,0.435978,13.144451,1.09421,1.096221,40.0,40.0,18.165052,30.0,1.0,1.0,1.0,,3216.0,0.366041,1.0
3231.0,0.425257,0.427166,0.435898,0.435898,13.144194,1.105653,1.107642,40.0,40.0,18.299315,30.0,1.0,1.0,1.0,,3226.0,0.341228,1.0
3241.0,0.425181,0.427088,0.43582,0.43582,13.145112,1.057408,1.059424,40.0,40.0,17.733061,30.0,1.0,1.0,1.0,,3236.0,0.360739,1.0
3251.0,0.425105,0.42701,0.435747,0.435747,13.145342,1.044234,1.046134,40.0,40.0,17.578401,30.0,1.0,1.0,1.0,,3246.0,0.355383,1.0
3261.0,0.425028,0.426932,0.435667,0.435667,13.145117,1.053991,1.055998,40.0,40.0,17.692897,30.0,1.0,1.0,1.0,,3256.0,0.359873,1.0
3271.0,0.424951,0.426853,0.43559,0.43559,13.144472,1.085347,1.087333,40.0,40.0,18.06089,30.0,1.0,1.0,1.0,,3266.0,0.336811,1.0
3281.0,0.424874,0.426775,0.435511,0.435511,13.14496,1.058803,1.060774,40.0,40.0,17.74931,30.0,1.0,1.0,1.0,,3276.0,0.344948,1.0
3291.0,0.424797,0.426696,0.435433,0.435433,13.144374,1.086869,1.088745,40.0,40.0,18.078676,30.0,1.0,1.0,1.0,,3286.0,0.349411,1.0
3301.0,0.424721,0.426619,0.435355,0.435355,13.145214,1.042681,1.044618,40.0,40.0,17.560019,30.0,1.0,1.0,1.0,,3296.0,0.355378,1.0
3311.0,0.424644,0.42654,0.435277,0.435277,13.143795,1.113426,1.115221,40.0,40.0,18.390288,30.0,1.0,1.0,1.0,,3306.0,0.341736,1.0
3321.0,0.424567,0.426461,0.435201,0.435201,13.145235,1.038164,1.040154,40.0,40.0,17.506941,30.0,1.0,1.0,1.0,,3316.0,0.352346,1.0
3331.0,0.42449,0.426383,0.435127,0.435127,13.144678,1.064945,1.066962,40.0,40.0,17.821252,30.0,1.0,1.0,1.0,,3326.0,0.359238,1.0
3341.0,0.424414,0.426305,0.435052,0.435052,13.145039,1.045159,1.047214,40.0,40.0,17.588987,30.0,1.0,1.0,1.0,,3336.0,0.355076,1.0
3351.0,0.424336,0.426226,0.434976,0.434976,13.143937,1.099472,1.101433,40.0,40.0,18.2264,30.0,1.0,1.0,1.0,,3346.0,0.334068,1.0
3361.0,0.42426,0.426148,0.434902,0.434902,13.145271,1.029972,1.03191,40.0,40.0,17.410668,30.0,1.0,1.0,1.0,,3356.0,0.348278,1.0
3371.0,0.424183,0.426069,0.434827,0.434827,13.144182,1.083781,1.085713,40.0,40.0,18.042194,30.0,1.0,1.0,1.0,,3366.0,0.35388,1.0
3381.0,0.424106,0.42599,0.434749,0.434749,13.143184,1.133001,1.134969,40.0,40.0,18.619766,30.0,1.0,1.0,1.0,,3376.0,0.349138,1.0
3391.0,0.424029,0.425912,0.43467,0.43467,13.143884,1.095773,1.097799,40.0,40.0,18.182865,30.0,1.0,1.0,1.0,,3386.0,0.351352,1.0
3401.0,0.423953,0.425834,0.434592,0.434592,13.143713,1.103073,1.105046,40.0,40.0,18.268506,30.0,1.0,1.0,1.0,,3396.0,0.350707,1.0
3411.0,0.423875,0.425755,0.434513,0.434513,13.144244,1.07404,1.075953,40.0,40.0,17.927744,30.0,1.0,1.0,1.0,,3406.0,0.347841,1.0
3421.0,0.423798,0.425676,0.434435,0.434435,13.143266,1.122108,1.124109,40.0,40.0,18.491813,30.0,1.0,1.0,1.0,,3416.0,0.347988,1.0
3431.0,0.423721,0.425598,0.434356,0.434356,13.143407,1.113343,1.115512,40.0,40.0,18.38893,30.0,1.0,1.0,1.0,,3426.0,0.348193,1.0
3441.0,0.423645,0.42552,0.434279,0.434279,13.144266,1.068064,1.070014,40.0,40.0,17.857523,30.0,1.0,1.0,1.0,,3436.0,0.349424,1.0
3451.0,0.423569,0.425442,0.434204,0.434204,13.14469,1.045165,1.047214,40.0,40.0,17.588742,30.0,1.0,1.0,1.0,,3446.0,0.349996,1.0
3461.0,0.423491,0.425362,0.434127,0.434127,13.142676,1.145917,1.147761,40.0,40.0,18.771061,30.0,1.0,1.0,1.0,,3456.0,0.35561,1.0
3471.0,0.423414,0.425284,0.434045,0.434045,13.143989,1.077379,1.079484,40.0,40.0,17.966759,30.0,1.0,1.0,1.0,,3466.0,0.341689,1.0
3481.0,0.423337,0.425205,0.433969,0.433969,13.142899,1.131324,1.133204,40.0,40.0,18.599766,30.0,1.0,1.0,1.0,,3476.0,0.356046,1.0
3491.0,0.42326,0.425127,0.433893,0.433893,13.143976,1.074686,1.076929,40.0,40.0,17.93508,30.0,1.0,1.0,1.0,,3486.0,0.350729,1.0
3501.0,0.423184,0.425049,0.433818,0.433818,13.143556,1.094876,1.09674,40.0,40.0,18.172,30.0,1.0,1.0,1.0,,3496.0,0.349942,1.0
3511.0,0.423108,0.424972,0.433745,0.433745,13.14372,1.08521,1.087188,40.0,40.0,18.058542,30.0,1.0,1.0,1.0,,3506.0,0.357103,1.0
3521.0,0.423032,0.424894,0.433669,0.433669,13.143576,1.091366,1.093417,40.0,40.0,18.130763,30.0,1.0,1.0,1.0,,3516.0,0.342213,1.0
3531.0,0.422956,0.424816,0.433591,0.433591,13.143797,1.078613,1.080501,40.0,40.0,17.981076,30.0,1.0,1.0,1.0,,3526.0,0.353506,1.0
3541.0,0.422878,0.424737,0.433514,0.433514,13.142591,1.138364,1.140535,40.0,40.0,18.682197,30.0,1.0,1.0,1.0,,3536.0,0.355066,1.0
3551.0,0.422801,0.424659,0.433435,0.433435,13.143953,1.067083,1.069018,40.0,40.0,17.845695,30.0,1.0,1.0,1.0,,3546.0,0.354321,1.0
3561.0,0.422726,0.424582,0.433357,0.433357,13.14295,1.117168,1.119146,40.0,40.0,18.433435,30.0,1.0,1.0,1.0,,3556.0,0.35205,1.0
3571.0,0.42265,0.424504,0.433282,0.433282,13.144516,1.035954,1.037849,40.0,40.0,17.4803,30.0,1.0,1.0,1.0,,3566.0,0.343306,1.0
3581.0,0.422572,0.424425,0.433201,0.433201,13.143799,1.070629,1.072652,40.0,40.0,17.887222,30.0,1.0,1.0,1.0,,3576.0,0.351101,1.0
3591.0,0.422496,0.424347,0.433125,0.433125,13.14374,1.072326,1.0745,40.0,40.0,17.907121,30.0,1.0,1.0,1.0,,3586.0,0.347683,1.0
3601.0,0.42242,0.42427,0.43305,0.43305,13.143741,1.070882,1.073025,40.0,40.0,17.890144,30.0,1.0,1.0,1.0,,3596.0,0.346343,1.0
3611.0,0.422342,0.42419,0.432973,0.432973,13.142629,1.125599,1.127598,40.0,40.0,18.532199,30.0,1.0,1.0,1.0,,3606.0,0.363714,1.0
3621.0,0.422267,0.424113,0.432897,0.432897,13.144109,1.048854,1.050827,40.0,40.0,17.631556,30.0,1.0,1.0,1.0,,3616.0,0.354087,1.0
3631.0,0.422191,0.424035,0.432821,0.432821,13.14322,1.092849,1.094871,40.0,40.0,18.147845,30.0,1.0,1.0,1.0,,3626.0,0.351394,1.0
3641.0,0.422113,0.423956,0.432745,0.432745,13.142625,1.121218,1.123154,40.0,40.0,18.480704,30.0,1.0,1.0,1.0,,3636.0,0.338519,1.0
3651.0,0.422037,0.423878,0.432667,0.432667,13.144126,1.043443,1.045386,40.0,40.0,17.567966,30.0,1.0,1.0,1.0,,3646.0,0.3518,1.0
3661.0,0.421962,0.423802,0.432592,0.432592,13.143673,1.065491,1.067523,40.0,40.0,17.826707,30.0,1.0,1.0,1.0,,3656.0,0.344609,1.0
3671.0,0.421886,0.423724,0.432515,0.432515,13.142799,1.108811,1.110881,40.0,40.0,18.335054,30.0,1.0,1.0,1.0,,3666.0,0.352685,1.0
3681.0,0.421809,0.423646,0.432436,0.432436,13.143995,1.04617,1.048231,40.0,40.0,17.599905,30.0,1.0,1.0,1.0,,3676.0,0.353144,1.0
3691.0,0.421732,0.423567,0.432361,0.432361,13.143685,1.0602,1.062165,40.0,40.0,17.764526,30.0,1.0,1.0,1.0,,3686.0,0.353148,1.0
3701.0,0.421655,0.423488,0.432286,0.432286,13.143063,1.090064,1.092047,40.0,40.0,18.114965,30.0,1.0,1.0,1.0,,3696.0,0.35807,1.0
3711.0,0.421577,0.423409,0.432209,0.432209,13.143011,1.090774,1.092711,40.0,40.0,18.12326,30.0,1.0,1.0,1.0,,3706.0,0.343916,1.0
3721.0,0.4215,0.42333,0.432134,0.432134,13.142979,1.09058,1.092587,40.0,40.0,18.12094,30.0,1.0,1.0,1.0,,3716.0,0.346083,1.0
3731.0,0.421424,0.423252,0.432058,0.432058,13.143518,1.061707,1.063681,40.0,40.0,17.782085,30.0,1.0,1.0,1.0,,3726.0,0.354996,1.0
3741.0,0.421348,0.423175,0.431984,0.431984,13.142567,1.108919,1.110902,40.0,40.0,18.336088,30.0,1.0,1.0,1.0,,3736.0,0.340109,1.0
3751.0,0.421271,0.423096,0.431909,0.431909,13.142838,1.093451,1.095432,40.0,40.0,18.154554,30.0,1.0,1.0,1.0,,3746.0,0.357841,1.0
3761.0,0.421195,0.423019,0.431836,0.431836,13.143215,1.07298,1.074977,40.0,40.0,17.914302,30.0,1.0,1.0,1.0,,3756.0,0.332504,1.0
3771.0,0.421119,0.422941,0.431759,0.431759,13.14312,1.076511,1.078653,40.0,40.0,17.95571,30.0,1.0,1.0,1.0,,3766.0,0.341793,1.0
3781.0,0.421043,0.422863,0.431685,0.431685,13.142646,1.099068,1.101163,40.0,40.0,18.220381,30.0,1.0,1.0,1.0,,3776.0,0.346045,1.0
3791.0,0.420966,0.422785,0.431605,0.431605,13.142943,1.082237,1.084177,40.0,40.0,18.022849,30.0,1.0,1.0,1.0,,3786.0,0.358366,1.0
3801.0,0.420888,0.422705,0.431526,0.431526,13.142753,1.089779,1.091735,40.0,40.0,18.111314,30.0,1.0,1.0,1.0,,3796.0,0.350154,1.0
3811.0,0.420811,0.422627,0.431447,0.431447,13.143156,1.067667,1.06962,40.0,40.0,17.851793,30.0,1.0,1.0,1.0,,3806.0,0.343173,1.0
3821.0,0.420734,0.422548,0.431371,0.431371,13.14225,1.112301,1.114287,40.0,40.0,18.375532,30.0,1.0,1.0,1.0,,3816.0,0.352317,1.0
3831.0,0.420658,0.42247,0.431297,0.431297,13.142287,1.108915,1.110902,40.0,40.0,18.335766,30.0,1.0,1.0,1.0,,3826.0,0.342431,1.0
3841.0,0.420582,0.422393,0.431221,0.431221,13.143025,1.069943,1.071842,40.0,40.0,17.87842,30.0,1.0,1.0,1.0,,3836.0,0.349588,1.0
3851.0,0.420506,0.422315,0.431147,0.431147,13.142705,1.084861,1.086918,40.0,40.0,18.053464,30.0,1.0,1.0,1.0,,3846.0,0.35272,1.0
3861.0,0.420429,0.422237,0.43107,0.43107,13.141993,1.119744,1.121638,40.0,40.0,18.462753,30.0,1.0,1.0,1.0,,3856.0,0.347828,1.0
3871.0,0.420352,0.422158,0.430994,0.430994,13.142405,1.096838,1.098796,40.0,40.0,18.193933,30.0,1.0,1.0,1.0,,3866.0,0.357632,1.0
3881.0,0.420276,0.42208,0.430914,0.430914,13.142777,1.076357,1.078404,40.0,40.0,17.95357,30.0,1.0,1.0,1.0,,3876.0,0.352763,1.0
3891.0,0.420199,0.422001,0.430837,0.430837,13.142573,1.085014,1.087084,40.0,40.0,18.055132,30.0,1.0,1.0,1.0,,3886.0,0.358576,1.0
3901.0,0.420123,0.421924,0.43076,0.43076,13.143084,1.05765,1.059652,40.0,40.0,17.733991,30.0,1.0,1.0,1.0,,3896.0,0.354267,1.0
3911.0,0.420047,0.421846,0.430684,0.430684,13.141976,1.112896,1.114785,40.0,40.0,18.38225,30.0,1.0,1.0,1.0,,3906.0,0.345208,1.0
3921.0,0.41997,0.421768,0.430609,0.430609,13.141698,1.125635,1.12766,40.0,40.0,18.531693,30.0,1.0,1.0,1.0,,3916.0,0.362118,1.0
3931.0,0.419894,0.42169,0.430531,0.430531,13.143049,1.055002,1.057057,40.0,40.0,17.702832,30.0,1.0,1.0,1.0,,3926.0,0.344542,1.0
3941.0,0.419816,0.421611,0.430453,0.430453,13.142514,1.080531,1.082474,40.0,40.0,18.002384,30.0,1.0,1.0,1.0,,3936.0,0.348215,1.0
3951.0,0.419739,0.421532,0.430377,0.430377,13.141938,1.10812,1.109905,40.0,40.0,18.32608,30.0,1.0,1.0,1.0,,3946.0,0.350478,1.0
3961.0,0.419662,0.421453,0.4303,0.4303,13.142561,1.074466,1.076556,40.0,40.0,17.931141,30.0,1.0,1.0,1.0,,3956.0,0.356584,1.0
3971.0,0.419585,0.421375,0.430222,0.430222,13.142734,1.063992,1.066048,40.0,40.0,17.808198,30.0,1.0,1.0,1.0,,3966.0,0.352406,1.0
3981.0,0.419509,0.421297,0.430146,0.430146,13.143428,1.027147,1.029148,40.0,40.0,17.375772,30.0,1.0,1.0,1.0,,3976.0,0.350659,1.0
3991.0,0.419432,0.421219,0.430073,0.430073,13.141305,1.133944,1.135925,40.0,40.0,18.628945,30.0,1.0,1.0,1.0,,3986.0,0.347304,1.0
4001.0,0.419355,0.42114,0.429999,0.429999,13.142302,1.081462,1.083388,40.0,40.0,18.013117,30.0,1.0,1.0,1.0,,3996.0,0.348836,1.0
4011.0,0.419278,0.421062,0.429921,0.429921,13.142408,1.074305,1.076223,40.0,40.0,17.929103,30.0,1.0,1.0,1.0,,4006.0,0.356266,1.0
4021.0,0.419202,0.420984,0.429847,0.429847,13.142563,1.064997,1.066962,40.0,40.0,17.81985,30.0,1.0,1.0,1.0,,4016.0,0.345429,1.0
4031.0,0.419126,0.420906,0.429773,0.429773,13.141952,1.094817,1.096719,40.0,40.0,18.169745,30.0,1.0,1.0,1.0,,4026.0,0.351937,1.0
4041.0,0.41905,0.420829,0.429699,0.429699,13.142307,1.075439,1.077407,40.0,40.0,17.942329,30.0,1.0,1.0,1.0,,4036.0,0.352654,1.0
4051.0,0.418974,0.420751,0.429624,0.429624,13.141,1.140782,1.14257,40.0,40.0,18.708994,30.0,1.0,1.0,1.0,,4046.0,0.345031,1.0
4061.0,0.418898,0.420673,0.429547,0.429547,13.142212,1.077356,1.079234,40.0,40.0,17.964769,30.0,1.0,1.0,1.0,,4056.0,0.352566,1.0
4071.0,0.41882,0.420594,0.429471,0.429471,13.142756,1.047718,1.049581,40.0,40.0,17.616934,30.0,1.0,1.0,1.0,,4066.0,0.350718,1.0
4081.0,0.418744,0.420516,0.429395,0.429395,13.142036,1.082965,1.084945,40.0,40.0,18.030524,30.0,1.0,1.0,1.0,,4076.0,0.349797,1.0
4091.0,0.418667,0.420437,0.42932,0.42932,13.14223,1.071336,1.073337,40.0,40.0,17.894039,30.0,1.0,1.0,1.0,,4086.0,0.352677,1.0
4101.0,0.41859,0.420359,0.429244,0.429244,13.14138,1.113219,1.115284,40.0,40.0,18.385455,30.0,1.0,1.0,1.0,,4096.0,0.34112,1.0
4111.0,0.418515,0.420282,0.429169,0.429169,13.142283,1.065895,1.068021,40.0,40.0,17.830135,30.0,1.0,1.0,1.0,,4106.0,0.339296,1.0
4121.0,0.418437,0.420203,0.42909,0.42909,13.141485,1.104703,1.106853,40.0,40.0,18.285476,30.0,1.0,1.0,1.0,,4116.0,0.352026,1.0
4131.0,0.41836,0.420124,0.429013,0.429013,13.142083,1.072552,1.074645,40.0,40.0,17.908185,30.0,1.0,1.0,1.0,,4126.0,0.364883,1.0
4141.0,0.418283,0.420045,0.428934,0.428934,13.141483,1.101223,1.103281,40.0,40.0,18.244566,30.0,1.0,1.0,1.0,,4136.0,0.343471,1.0
4151.0,0.418206,0.419967,0.428857,0.428857,13.14159,1.094149,1.096241,40.0,40.0,18.161538,30.0,1.0,1.0,1.0,,4146.0,0.3536,1.0
4161.0,0.41813,0.419889,0.428784,0.428784,13.141809,1.081554,1.083595,40.0,40.0,18.013717,30.0,1.0,1.0,1.0,,4156.0,0.352465,1.0
4171.0,0.418054,0.419811,0.42871,0.42871,13.142386,1.050807,1.052841,40.0,40.0,17.652893,30.0,1.0,1.0,1.0,,4166.0,0.352697,1.0
4181.0,0.417977,0.419733,0.428632,0.428632,13.141108,1.114392,1.116467,40.0,40.0,18.398961,30.0,1.0,1.0,1.0,,4176.0,0.348381,1.0
4191.0,0.417899,0.419654,0.428551,0.428551,13.142467,1.043213,1.044992,40.0,40.0,17.563716,30.0,1.0,1.0,1.0,,4186.0,0.355167,1.0
4201.0,0.417823,0.419576,0.428472,0.428472,13.141765,1.077491,1.079463,40.0,40.0,17.965931,30.0,1.0,1.0,1.0,,4196.0,0.354615,1.0
4211.0,0.417747,0.419498,0.428396,0.428396,13.141193,1.10527,1.107268,40.0,40.0,18.291843,30.0,1.0,1.0,1.0,,4206.0,0.351235,1.0
4221.0,0.41767,0.41942,0.42832,0.42832,13.141622,1.081802,1.083678,40.0,40.0,18.016456,30.0,1.0,1.0,1.0,,4216.0,0.351487,1.0
4231.0,0.417594,0.419342,0.428245,0.428245,13.14089,1.117913,1.119852,40.0,40.0,18.440127,30.0,1.0,1.0,1.0,,4226.0,0.352968,1.0
4241.0,0.417517,0.419263,0.428167,0.428167,13.141392,1.09035,1.092317,40.0,40.0,18.116695,30.0,1.0,1.0,1.0,,4236.0,0.344456,1.0
4251.0,0.41744,0.419185,0.42809,0.42809,13.14069,1.124716,1.126663,40.0,40.0,18.519872,30.0,1.0,1.0,1.0,,4246.0,0.352605,1.0
4261.0,0.417364,0.419108,0.428014,0.428014,13.142564,1.027786,1.02975,40.0,40.0,17.382488,30.0,1.0,1.0,1.0,,4256.0,0.355792,1.0
4271.0,0.417288,0.419029,0.427938,0.427938,13.141922,1.058996,1.060919,40.0,40.0,17.748711,30.0,1.0,1.0,1.0,,4266.0,0.344616,1.0
4281.0,0.417212,0.418952,0.427864,0.427864,13.141785,1.064819,1.066796,40.0,40.0,17.817017,30.0,1.0,1.0,1.0,,4276.0,0.343802,1.0
4291.0,0.417136,0.418874,0.427789,0.427789,13.141325,1.086894,1.088973,40.0,40.0,18.076012,30.0,1.0,1.0,1.0,,4286.0,0.345518,1.0
4301.0,0.417059,0.418796,0.427711,0.427711,13.141578,1.072202,1.074188,40.0,40.0,17.903587,30.0,1.0,1.0,1.0,,4296.0,0.354681,1.0
4311.0,0.416984,0.418719,0.427634,0.427634,13.142317,1.033495,1.035481,40.0,40.0,17.449362,30.0,1.0,1.0,1.0,,4306.0,0.344742,1.0
4321.0,0.416909,0.418642,0.427562,0.427562,13.141805,1.058534,1.060462,40.0,40.0,17.743169,30.0,1.0,1.0,1.0,,4316.0,0.354266,1.0
4331.0,0.416832,0.418564,0.427484,0.427484,13.140742,1.111068,1.113082,40.0,40.0,18.35954,30.0,1.0,1.0,1.0,,4326.0,0.35191,1.0
4341.0,0.416756,0.418486,0.42741,0.42741,13.141486,1.07165,1.073628,40.0,40.0,17.897012,30.0,1.0,1.0,1.0,,4336.0,0.348824,1.0
4351.0,0.416679,0.418408,0.427332,0.427332,13.142509,1.017774,1.019637,40.0,40.0,17.26476,30.0,1.0,1.0,1.0,,4346.0,0.34261,1.0
4361.0,0.416603,0.41833,0.427256,0.427256,13.141822,1.051446,1.053485,40.0,40.0,17.659881,30.0,1.0,1.0,1.0,,4356.0,0.367766,1.0
4371.0,0.416527,0.418252,0.427184,0.427184,13.14146,1.068374,1.070347,40.0,40.0,17.858488,30.0,1.0,1.0,1.0,,4366.0,0.343683,1.0
4381.0,0.41645,0.418174,0.427107,0.427107,13.141097,1.085137,1.087208,40.0,40.0,18.055142,30.0,1.0,1.0,1.0,,4376.0,0.345582,1.0
4391.0,0.416373,0.418095,0.427029,0.427029,13.140802,1.098435,1.100498,40.0,40.0,18.211132,30.0,1.0,1.0,1.0,,4386.0,0.350155,1.0
4401.0,0.416297,0.418018,0.426954,0.426954,13.141887,1.041819,1.043767,40.0,40.0,17.546797,30.0,1.0,1.0,1.0,,4396.0,0.354201,1.0
4411.0,0.416221,0.41794,0.42688,0.42688,13.140437,1.114433,1.116488,40.0,40.0,18.398777,30.0,1.0,1.0,1.0,,4406.0,0.351822,1.0
4421.0,0.416144,0.417862,0.426806,0.426806,13.14152,1.057374,1.059362,40.0,40.0,17.729265,30.0,1.0,1.0,1.0,,4415.0,0.34849,1.0
4431.0,0.416068,0.417784,0.42673,0.42673,13.141387,1.06259,1.064532,40.0,40.0,17.790441,30.0,1.0,1.0,1.0,,4425.0,0.354849,1.0
4441.0,0.415992,0.417706,0.426655,0.426655,13.140562,1.103295,1.105254,40.0,40.0,18.26801,30.0,1.0,1.0,1.0,,4435.0,0.344996,1.0
4451.0,0.415916,0.417629,0.426581,0.426581,13.141484,1.055083,1.057119,40.0,40.0,17.702304,30.0,1.0,1.0,1.0,,4445.0,0.358609,1.0
4461.0,0.41584,0.417551,0.426506,0.426506,13.140796,1.088596,1.09051,40.0,40.0,18.095502,30.0,1.0,1.0,1.0,,4455.0,0.359565,1.0
4471.0,0.415762,0.417471,0.426427,0.426427,13.139539,1.15053,1.152516,40.0,40.0,18.822058,30.0,1.0,1.0,1.0,,4465.0,0.35602,1.0
4481.0,0.415686,0.417394,0.426348,0.426348,13.140254,1.112661,1.114515,40.0,40.0,18.377773,30.0,1.0,1.0,1.0,,4475.0,0.35087,1.0
4491.0,0.415609,0.417316,0.426272,0.426272,13.140606,1.093171,1.095203,40.0,40.0,18.149074,30.0,1.0,1.0,1.0,,4485.0,0.351803,1.0
4501.0,0.415533,0.417238,0.426196,0.426196,13.14053,1.095607,1.09755,40.0,40.0,18.177631,30.0,1.0,1.0,1.0,,4495.0,0.345851,1.0
4511.0,0.415457,0.41716,0.426122,0.426122,13.140374,1.102031,1.103883,40.0,40.0,18.252972,30.0,1.0,1.0,1.0,,4505.0,0.345014,1.0
4521.0,0.41538,0.417082,0.426044,0.426044,13.14053,1.092409,1.094393,40.0,40.0,18.140056,30.0,1.0,1.0,1.0,,4515.0,0.353242,1.0
4531.0,0.415303,0.417003,0.425963,0.425963,13.141085,1.062008,1.064013,40.0,40.0,17.783308,30.0,1.0,1.0,1.0,,4525.0,0.353657,1.0
4541.0,0.415225,0.416924,0.425885,0.425885,13.140611,1.084346,1.08644,40.0,40.0,18.04537,30.0,1.0,1.0,1.0,,4535.0,0.347466,1.0
4551.0,0.415148,0.416845,0.425808,0.425808,13.140467,1.089959,1.092026,40.0,40.0,18.111196,30.0,1.0,1.0,1.0,,4545.0,0.354189,1.0
4561.0,0.415073,0.416768,0.425733,0.425733,13.140852,1.069045,1.071177,40.0,40.0,17.865795,30.0,1.0,1.0,1.0,,4555.0,0.345098,1.0
4571.0,0.414996,0.416689,0.425654,0.425654,13.139961,1.11283,1.11491,40.0,40.0,18.379471,30.0,1.0,1.0,1.0,,4565.0,0.355795,1.0
4581.0,0.414919,0.416611,0.425574,0.425574,13.140371,1.09035,1.092483,40.0,40.0,18.115694,30.0,1.0,1.0,1.0,,4575.0,0.362412,1.0
4591.0,0.414843,0.416533,0.425497,0.425497,13.139735,1.121219,1.123424,40.0,40.0,18.477825,30.0,1.0,1.0,1.0,,4585.0,0.347459,1.0
4601.0,0.414765,0.416454,0.425418,0.425418,13.141751,1.016447,1.018329,40.0,40.0,17.248466,30.0,1.0,1.0,1.0,,4595.0,0.351206,1.0
4611.0,0.414689,0.416376,0.425345,0.425345,13.140825,1.062182,1.064221,40.0,40.0,17.785106,30.0,1.0,1.0,1.0,,4605.0,0.34921,1.0
4621.0,0.414612,0.416297,0.425267,0.425267,13.140362,1.084042,1.085796,40.0,40.0,18.041564,30.0,1.0,1.0,1.0,,4615.0,0.345345,1.0
4631.0,0.414535,0.416219,0.425191,0.425191,13.140592,1.070816,1.07288,40.0,40.0,17.886359,30.0,1.0,1.0,1.0,,4625.0,0.354958,1.0
4641.0,0.414459,0.416141,0.425113,0.425113,13.140302,1.084181,1.086274,40.0,40.0,18.043136,30.0,1.0,1.0,1.0,,4635.0,0.348313,1.0
4651.0,0.414382,0.416062,0.425033,0.425033,13.140419,1.076388,1.078341,40.0,40.0,17.951668,30.0,1.0,1.0,1.0,,4645.0,0.340159,1.0
4661.0,0.414305,0.415984,0.424958,0.424958,13.140511,1.070155,1.072133,40.0,40.0,17.878504,30.0,1.0,1.0,1.0,,4655.0,0.347249,1.0
4671.0,0.414229,0.415906,0.42488,0.42488,13.14034,1.07729,1.079338,40.0,40.0,17.962188,30.0,1.0,1.0,1.0,,4665.0,0.348997,1.0
4681.0,0.414152,0.415828,0.424805,0.424805,13.139782,1.104223,1.10623,40.0,40.0,18.278151,30.0,1.0,1.0,1.0,,4675.0,0.343991,1.0
4691.0,0.414074,0.415748,0.424725,0.424725,13.140041,1.088782,1.090656,40.0,40.0,18.096945,30.0,1.0,1.0,1.0,,4685.0,0.34155,1.0
4701.0,0.413997,0.41567,0.424651,0.424651,13.139904,1.094349,1.096428,40.0,40.0,18.162232,30.0,1.0,1.0,1.0,,4695.0,0.357384,1.0
4711.0,0.413921,0.415592,0.42457,0.42457,13.139766,1.099772,1.101848,40.0,40.0,18.225822,30.0,1.0,1.0,1.0,,4705.0,0.345434,1.0
4721.0,0.413844,0.415513,0.424496,0.424496,13.13998,1.087357,1.089472,40.0,40.0,18.080149,30.0,1.0,1.0,1.0,,4715.0,0.352651,1.0
4731.0,0.413767,0.415435,0.42442,0.42442,13.140204,1.074321,1.07612,40.0,40.0,17.927166,30.0,1.0,1.0,1.0,,4725.0,0.359058,1.0
4741.0,0.413692,0.415358,0.424343,0.424343,13.140157,1.075478,1.077241,40.0,40.0,17.940722,30.0,1.0,1.0,1.0,,4735.0,0.350401,1.0
4751.0,0.413615,0.41528,0.424265,0.424265,13.140274,1.068067,1.070035,40.0,40.0,17.853743,30.0,1.0,1.0,1.0,,4745.0,0.344508,1.0
4761.0,0.413538,0.415201,0.424189,0.424189,13.140072,1.076712,1.078653,40.0,40.0,17.955141,30.0,1.0,1.0,1.0,,4755.0,0.356853,1.0
4771.0,0.413462,0.415123,0.42411,0.42411,13.140505,1.053091,1.055105,40.0,40.0,17.677975,30.0,1.0,1.0,1.0,,4765.0,0.348797,1.0
4781.0,0.413386,0.415046,0.424036,0.424036,13.140439,1.055225,1.05714,40.0,40.0,17.702985,30.0,1.0,1.0,1.0,,4775.0,0.346533,1.0
4791.0,0.41331,0.414968,0.423957,0.423957,13.139913,1.080518,1.082682,40.0,40.0,17.99971,30.0,1.0,1.0,1.0,,4785.0,0.352284,1.0
4801.0,0.413233,0.41489,0.423882,0.423882,13.139374,1.106558,1.108555,40.0,40.0,18.305187,30.0,1.0,1.0,1.0,,4795.0,0.356427,1.0
4811.0,0.413156,0.414811,0.423808,0.423808,13.140248,1.060248,1.06231,40.0,40.0,17.761836,30.0,1.0,1.0,1.0,,4805.0,0.350687,1.0
4821.0,0.41308,0.414733,0.423732,0.423732,13.138946,1.125271,1.127245,40.0,40.0,18.524641,30.0,1.0,1.0,1.0,,4815.0,0.348787,1.0
4831.0,0.413004,0.414656,0.423652,0.423652,13.140882,1.025109,1.027175,40.0,40.0,17.349475,30.0,1.0,1.0,1.0,,4825.0,0.350542,1.0
4841.0,0.412928,0.414579,0.423578,0.423578,13.139224,1.108446,1.1103,40.0,40.0,18.327219,30.0,1.0,1.0,1.0,,4835.0,0.353232,1.0
4851.0,0.412852,0.414501,0.423502,0.423502,13.139296,1.103278,1.105399,40.0,40.0,18.26656,30.0,1.0,1.0,1.0,,4845.0,0.348787,1.0
4861.0,0.412775,0.414422,0.423424,0.423424,13.139,1.116786,1.118834,40.0,40.0,18.424996,30.0,1.0,1.0,1.0,,4855.0,0.355914,1.0
4871.0,0.412698,0.414343,0.423345,0.423345,13.138742,1.127868,1.130006,40.0,40.0,18.554958,30.0,1.0,1.0,1.0,,4865.0,0.341261,1.0
4881.0,0.412621,0.414265,0.42327,0.42327,13.138661,1.13041,1.132415,40.0,40.0,18.584737,30.0,1.0,1.0,1.0,,4875.0,0.352146,1.0
4891.0,0.412544,0.414186,0.423192,0.423192,13.139913,1.064942,1.066879,40.0,40.0,17.816675,30.0,1.0,1.0,1.0,,4885.0,0.349212,1.0
4901.0,0.412467,0.414108,0.423113,0.423113,13.139788,1.069588,1.071468,40.0,40.0,17.871158,30.0,1.0,1.0,1.0,,4895.0,0.352876,1.0
4911.0,0.412392,0.41403,0.423041,0.423041,13.139984,1.058285,1.060213,40.0,40.0,17.738514,30.0,1.0,1.0,1.0,,4905.0,0.346169,1.0
4921.0,0.412315,0.413952,0.422966,0.422966,13.138837,1.115203,1.117215,40.0,40.0,18.406227,30.0,1.0,1.0,1.0,,4915.0,0.359757,1.0
4931.0,0.412238,0.413873,0.42289,0.42289,13.138931,1.108612,1.110591,40.0,40.0,18.32888,30.0,1.0,1.0,1.0,,4925.0,0.347858,1.0
4941.0,0.412161,0.413795,0.422812,0.422812,13.139707,1.06738,1.069495,40.0,40.0,17.845126,30.0,1.0,1.0,1.0,,4935.0,0.360339,1.0
4951.0,0.412085,0.413717,0.422735,0.422735,13.138662,1.119383,1.12143,40.0,40.0,18.455168,30.0,1.0,1.0,1.0,,4945.0,0.3439,1.0
4961.0,0.412008,0.413639,0.422657,0.422657,13.139267,1.086818,1.088807,40.0,40.0,18.073116,30.0,1.0,1.0,1.0,,4955.0,0.343713,1.0
4971.0,0.41193,0.413559,0.42258,0.42258,13.139664,1.064489,1.066422,40.0,40.0,17.811113,30.0,1.0,1.0,1.0,,4965.0,0.348244,1.0
4981.0,0.411853,0.41348,0.422501,0.422501,13.139115,1.090674,1.092566,40.0,40.0,18.118277,30.0,1.0,1.0,1.0,,4975.0,0.340821,1.0
4991.0,0.411775,0.413401,0.422426,0.422426,13.138555,1.117393,1.119437,40.0,40.0,18.431678,30.0,1.0,1.0,1.0,,4985.0,0.342376,1.0
5001.0,0.411699,0.413323,0.422351,0.422351,13.138742,1.106296,1.108431,40.0,40.0,18.301476,30.0,1.0,1.0,1.0,,4995.0,0.342985,1.0
5011.0,0.411621,0.413244,0.422273,0.422273,13.138821,1.100469,1.102471,40.0,40.0,18.23309,30.0,1.0,1.0,1.0,,5005.0,0.351183,1.0
5021.0,0.411546,0.413167,0.422199,0.422199,13.139506,1.064483,1.06665,40.0,40.0,17.810894,30.0,1.0,1.0,1.0,,5015.0,0.343401,1.0
5031.0,0.411468,0.413088,0.422121,0.422121,13.139344,1.070927,1.072984,40.0,40.0,17.886466,30.0,1.0,1.0,1.0,,5025.0,0.351414,1.0
5041.0,0.411392,0.41301,0.422043,0.422043,13.139943,1.038794,1.040818,40.0,40.0,17.509437,30.0,1.0,1.0,1.0,,5035.0,0.356543,1.0
5051.0,0.411314,0.41293,0.421964,0.421964,13.139273,1.071106,1.073192,40.0,40.0,17.888494,30.0,1.0,1.0,1.0,,5045.0,0.351421,1.0
5061.0,0.411237,0.412852,0.421887,0.421887,13.138344,1.116941,1.119021,40.0,40.0,18.426166,30.0,1.0,1.0,1.0,,5055.0,0.341791,1.0
5071.0,0.41116,0.412773,0.421808,0.421808,13.138032,1.131081,1.133163,40.0,40.0,18.59199,30.0,1.0,1.0,1.0,,5065.0,0.355321,1.0
5081.0,0.411083,0.412695,0.42173,0.42173,13.139407,1.05937,1.061272,40.0,40.0,17.750716,30.0,1.0,1.0,1.0,,5075.0,0.349093,1.0
5091.0,0.411006,0.412616,0.421651,0.421651,13.13902,1.07742,1.079421,40.0,40.0,17.962444,30.0,1.0,1.0,1.0,,5085.0,0.3475,1.0
5101.0,0.410929,0.412538,0.421575,0.421575,13.138431,1.105909,1.107891,40.0,40.0,18.296622,30.0,1.0,1.0,1.0,,5095.0,0.352039,1.0
5111.0,0.410853,0.41246,0.421497,0.421497,13.138596,1.096035,1.098131,40.0,40.0,18.180765,30.0,1.0,1.0,1.0,,5105.0,0.343177,1.0
5121.0,0.410777,0.412382,0.421418,0.421418,13.139029,1.072577,1.074521,40.0,40.0,17.905551,30.0,1.0,1.0,1.0,,5115.0,0.348902,1.0
5131.0,0.4107,0.412303,0.421341,0.421341,13.138187,1.113823,1.115907,40.0,40.0,18.389374,30.0,1.0,1.0,1.0,,5125.0,0.35152,1.0
5141.0,0.410623,0.412224,0.421262,0.421262,13.138996,1.070912,1.072797,40.0,40.0,17.88595,30.0,1.0,1.0,1.0,,5135.0,0.353732,1.0
5151.0,0.410545,0.412146,0.421187,0.421187,13.138503,1.094362,1.096325,40.0,40.0,18.161022,30.0,1.0,1.0,1.0,,5145.0,0.345326,1.0
5161.0,0.410469,0.412067,0.421111,0.421111,13.13969,1.032188,1.034152,40.0,40.0,17.431575,30.0,1.0,1.0,1.0,,5155.0,0.359598,1.0
5171.0,0.410392,0.411989,0.421034,0.421034,13.139582,1.036285,1.038264,40.0,40.0,17.479617,30.0,1.0,1.0,1.0,,5165.0,0.344155,1.0
5181.0,0.410316,0.411911,0.42096,0.42096,13.13891,1.069202,1.07097,40.0,40.0,17.865777,30.0,1.0,1.0,1.0,,5175.0,0.349019,1.0
5191.0,0.41024,0.411834,0.420885,0.420885,13.138033,1.112619,1.114702,40.0,40.0,18.375074,30.0,1.0,1.0,1.0,,5185.0,0.346628,1.0
5201.0,0.410164,0.411756,0.420811,0.420811,13.138095,1.108272,1.110175,40.0,40.0,18.32405,30.0,1.0,1.0,1.0,,5195.0,0.358284,1.0
5211.0,0.410087,0.411678,0.420732,0.420732,13.138813,1.070064,1.072008,40.0,40.0,17.875817,30.0,1.0,1.0,1.0,,5205.0,0.355658,1.0
5221.0,0.410011,0.4116,0.420659,0.420659,13.137638,1.128506,1.130526,40.0,40.0,18.561332,30.0,1.0,1.0,1.0,,5215.0,0.347491,1.0
5231.0,0.409934,0.411521,0.420582,0.420582,13.139299,1.041952,1.043954,40.0,40.0,17.545945,30.0,1.0,1.0,1.0,,5225.0,0.351744,1.0
5241.0,0.409857,0.411443,0.420502,0.420502,13.138928,1.05944,1.061459,40.0,40.0,17.751086,30.0,1.0,1.0,1.0,,5235.0,0.356603,1.0
5251.0,0.40978,0.411364,0.420424,0.420424,13.138932,1.057598,1.059362,40.0,40.0,17.72945,30.0,1.0,1.0,1.0,,5245.0,0.347276,1.0
5261.0,0.409704,0.411286,0.420348,0.420348,13.139829,1.010301,1.012307,40.0,40.0,17.174504,30.0,1.0,1.0,1.0,,5255.0,0.342867,1.0
5271.0,0.409628,0.411209,0.420275,0.420275,13.138561,1.073858,1.075953,40.0,40.0,17.920157,30.0,1.0,1.0,1.0,,5265.0,0.344785,1.0
5281.0,0.409551,0.411131,0.4202,0.4202,13.138226,1.089393,1.091341,40.0,40.0,18.102357,30.0,1.0,1.0,1.0,,5275.0,0.348059,1.0
5291.0,0.409474,0.411052,0.420124,0.420124,13.137253,1.137159,1.139206,40.0,40.0,18.662615,30.0,1.0,1.0,1.0,,5285.0,0.35432,1.0
5301.0,0.409397,0.410973,0.420047,0.420047,13.138329,1.08065,1.082702,40.0,40.0,17.99973,30.0,1.0,1.0,1.0,,5295.0,0.35111,1.0
5311.0,0.40932,0.410894,0.419967,0.419967,13.138307,1.079897,1.081706,40.0,40.0,17.990863,30.0,1.0,1.0,1.0,,5305.0,0.340339,1.0
5321.0,0.409243,0.410815,0.41989,0.41989,13.136987,1.145591,1.147616,40.0,40.0,18.761399,30.0,1.0,1.0,1.0,,5315.0,0.353031,1.0
5331.0,0.409166,0.410737,0.419816,0.419816,13.138687,1.057284,1.059528,40.0,40.0,17.725529,30.0,1.0,1.0,1.0,,5325.0,0.35498,1.0
5341.0,0.40909,0.41066,0.41974,0.41974,13.138485,1.066404,1.068312,40.0,40.0,17.8325,30.0,1.0,1.0,1.0,,5335.0,0.345798,1.0
5351.0,0.409014,0.410582,0.419665,0.419665,13.137925,1.093384,1.095411,40.0,40.0,18.148955,30.0,1.0,1.0,1.0,,5345.0,0.358291,1.0
5361.0,0.408938,0.410504,0.41959,0.41959,13.138766,1.049358,1.051305,40.0,40.0,17.632468,30.0,1.0,1.0,1.0,,5355.0,0.352679,1.0
5371.0,0.40886,0.410425,0.419513,0.419513,13.136853,1.144901,1.146847,40.0,40.0,18.753158,30.0,1.0,1.0,1.0,,5365.0,0.344572,1.0
5381.0,0.408784,0.410347,0.419436,0.419436,13.138414,1.063794,1.065841,40.0,40.0,17.801765,30.0,1.0,1.0,1.0,,5375.0,0.34325,1.0
5391.0,0.408708,0.410269,0.419359,0.419359,13.138482,1.058939,1.060961,40.0,40.0,17.744779,30.0,1.0,1.0,1.0,,5385.0,0.353941,1.0
5401.0,0.408614,0.410173,0.419284,0.419284,13.086377,3.710553,3.712462,5.0,5.0,17.427151,30.0,1.0,1.0,1.0,,5395.0,0.341698,1.0
5411.0,0.408347,0.409901,0.418952,0.418952,13.084771,3.720272,3.722159,5.0,5.0,17.535557,30.0,1.0,1.0,1.0,,5405.0,0.330326,1.0
5421.0,0.408079,0.409629,0.418621,0.418621,13.081746,3.805516,3.807277,5.0,5.0,18.522778,30.0,1.0,1.0,1.0,,5415.0,0.339395,1.0
5431.0,0.407813,0.409357,0.41829,0.41829,13.082203,3.716469,3.718255,5.0,5.0,17.482521,30.0,1.0,1.0,1.0,,5425.0,0.335826,1.0
5441.0,0.407546,0.409084,0.417957,0.417957,13.080006,3.765435,3.767179,5.0,5.0,18.04801,30.0,1.0,1.0,1.0,,5435.0,0.33312,1.0
5451.0,0.40728,0.408813,0.417629,0.417629,13.078959,3.75915,3.761157,5.0,5.0,17.970961,30.0,1.0,1.0,1.0,,5445.0,0.330363,1.0
5461.0,0.407012,0.40854,0.417296,0.417296,13.077966,3.751996,3.753827,5.0,5.0,17.883958,30.0,1.0,1.0,1.0,,5455.0,0.346709,1.0
5471.0,0.406745,0.408268,0.416962,0.416962,13.077273,3.732219,3.734037,5.0,5.0,17.650339,30.0,1.0,1.0,1.0,,5465.0,0.329093,1.0
5481.0,0.406477,0.407995,0.41663,0.41663,13.075541,3.767967,3.769962,5.0,5.0,18.062582,30.0,1.0,1.0,1.0,,5475.0,0.329093,1.0
5491.0,0.40621,0.407723,0.416299,0.416299,13.07435,3.778553,3.780282,5.0,5.0,18.182341,30.0,1.0,1.0,1.0,,5485.0,0.341876,1.0
5501.0,0.405944,0.407451,0.415968,0.415968,13.073495,3.774261,3.776108,5.0,5.0,18.129272,30.0,1.0,1.0,1.0,,5495.0,0.343103,1.0
5511.0,0.405677,0.407179,0.415634,0.415634,13.072395,3.784343,3.786159,5.0,5.0,18.243426,30.0,1.0,1.0,1.0,,5505.0,0.336552,1.0
5521.0,0.40541,0.406906,0.415305,0.415305,13.071872,3.767032,3.768736,5.0,5.0,18.039278,30.0,1.0,1.0,1.0,,5515.0,0.331149,1.0
5531.0,0.405142,0.406634,0.414975,0.414975,13.070173,3.811409,3.813175,5.0,5.0,18.552278,30.0,1.0,1.0,1.0,,5525.0,0.334721,1.0
5541.0,0.404876,0.406362,0.414646,0.414646,13.070333,3.76315,3.764999,5.0,5.0,17.988728,30.0,1.0,1.0,1.0,,5535.0,0.331115,1.0
5551.0,0.404609,0.40609,0.414318,0.414318,13.068998,3.79284,3.794714,5.0,5.0,18.331246,30.0,1.0,1.0,1.0,,5545.0,0.329713,1.0
5561.0,0.404343,0.405819,0.413991,0.413991,13.06979,3.715589,3.717404,5.0,5.0,17.430981,30.0,1.0,1.0,1.0,,5555.0,0.320939,1.0
5571.0,0.404076,0.405547,0.413663,0.413663,13.067304,3.806924,3.808752,5.0,5.0,18.490088,30.0,1.0,1.0,1.0,,5565.0,0.334388,1.0
5581.0,0.403809,0.405275,0.413334,0.413334,13.067106,3.783127,3.785058,5.0,5.0,18.211312,30.0,1.0,1.0,1.0,,5575.0,0.328129,1.0
5591.0,0.403543,0.405003,0.413004,0.413004,13.067333,3.739148,3.741118,5.0,5.0,17.698138,30.0,1.0,1.0,1.0,,5585.0,0.331979,1.0
5601.0,0.403277,0.404732,0.412681,0.412681,13.066366,3.757679,3.759454,5.0,5.0,17.911446,30.0,1.0,1.0,1.0,,5595.0,0.33284,1.0
5611.0,0.40301,0.40446,0.412353,0.412353,13.065437,3.774873,3.776627,5.0,5.0,18.10922,30.0,1.0,1.0,1.0,,5605.0,0.326063,1.0
5621.0,0.402743,0.404187,0.412029,0.412029,13.063758,3.831546,3.833463,5.0,5.0,18.765673,30.0,1.0,1.0,1.0,,5615.0,0.335609,1.0
5631.0,0.402475,0.403915,0.411702,0.411702,13.064252,3.77848,3.78022,5.0,5.0,18.147363,30.0,1.0,1.0,1.0,,5625.0,0.33799,1.0
5641.0,0.402207,0.403641,0.411373,0.411373,13.06428,3.750029,3.751792,5.0,5.0,17.815047,30.0,1.0,1.0,1.0,,5635.0,0.320598,1.0
5651.0,0.401941,0.40337,0.411049,0.411049,13.063602,3.759261,3.761074,5.0,5.0,17.920631,30.0,1.0,1.0,1.0,,5645.0,0.322972,1.0
5661.0,0.401673,0.403097,0.410726,0.410726,13.062646,3.783246,3.785162,5.0,5.0,18.197622,30.0,1.0,1.0,1.0,,5655.0,0.342182,1.0
5671.0,0.401406,0.402825,0.410403,0.410403,13.061935,3.795764,3.797455,5.0,5.0,18.34144,30.0,1.0,1.0,1.0,,5665.0,0.344515,1.0
5681.0,0.401139,0.402553,0.410077,0.410077,13.061961,3.771712,3.77345,5.0,5.0,18.060558,30.0,1.0,1.0,1.0,,5675.0,0.323397,1.0
5691.0,0.400871,0.402279,0.409748,0.409748,13.062297,3.732159,3.733912,5.0,5.0,17.599648,30.0,1.0,1.0,1.0,,5685.0,0.335358,1.0
5701.0,0.400603,0.402006,0.409425,0.409425,13.061745,3.738938,3.740682,5.0,5.0,17.676992,30.0,1.0,1.0,1.0,,5695.0,0.329559,1.0
5711.0,0.400335,0.401733,0.409099,0.409099,13.060564,3.778419,3.780137,5.0,5.0,18.134189,30.0,1.0,1.0,1.0,,5705.0,0.338394,1.0
5721.0,0.400068,0.40146,0.408775,0.408775,13.060098,3.782435,3.784207,5.0,5.0,18.17952,30.0,1.0,1.0,1.0,,5715.0,0.331834,1.0
5731.0,0.399799,0.401186,0.408449,0.408449,13.059358,3.800764,3.802522,5.0,5.0,18.391095,30.0,1.0,1.0,1.0,,5725.0,0.329427,1.0
5741.0,0.399531,0.400913,0.408126,0.408126,13.058904,3.805229,3.806841,5.0,5.0,18.44169,30.0,1.0,1.0,1.0,,5735.0,0.328525,1.0
5751.0,0.399265,0.400641,0.407805,0.407805,13.059969,3.733617,3.735387,5.0,5.0,17.608908,30.0,1.0,1.0,1.0,,5745.0,0.333699,1.0
5761.0,0.398999,0.40037,0.407484,0.407484,13.058705,3.7814,3.783314,5.0,5.0,18.162721,30.0,1.0,1.0,1.0,,5755.0,0.339606,1.0
5771.0,0.398732,0.400098,0.407163,0.407163,13.057511,3.826132,3.827981,5.0,5.0,18.681049,30.0,1.0,1.0,1.0,,5765.0,0.332879,1.0
5781.0,0.398464,0.399825,0.406836,0.406836,13.05907,3.730359,3.732002,5.0,5.0,17.567856,30.0,1.0,1.0,1.0,,5775.0,0.328473,1.0
5791.0,0.398198,0.399554,0.406517,0.406517,13.058512,3.743648,3.745458,5.0,5.0,17.721191,30.0,1.0,1.0,1.0,,5785.0,0.330576,1.0
5801.0,0.397931,0.399281,0.406196,0.406196,13.057926,3.758581,3.760472,5.0,5.0,17.893616,30.0,1.0,1.0,1.0,,5795.0,0.328936,1.0
5811.0,0.397664,0.399009,0.405874,0.405874,13.058144,3.733067,3.734868,5.0,5.0,17.596392,30.0,1.0,1.0,1.0,,5805.0,0.328176,1.0
5821.0,0.397396,0.398735,0.405552,0.405552,13.057305,3.761374,3.76313,5.0,5.0,17.924143,30.0,1.0,1.0,1.0,,5815.0,0.338795,1.0
5831.0,0.397128,0.398462,0.405231,0.405231,13.057167,3.754452,3.756339,5.0,5.0,17.842848,30.0,1.0,1.0,1.0,,5825.0,0.339858,1.0
5841.0,0.39686,0.39819,0.404914,0.404914,13.056133,3.793976,3.79569,5.0,5.0,18.300868,30.0,1.0,1.0,1.0,,5835.0,0.333736,1.0
5851.0,0.396594,0.397918,0.404596,0.404596,13.055945,3.790931,3.792866,5.0,5.0,18.264674,30.0,1.0,1.0,1.0,,5845.0,0.32866,1.0
5861.0,0.396327,0.397646,0.404279,0.404279,13.055513,3.800581,3.802231,5.0,5.0,18.375887,30.0,1.0,1.0,1.0,,5855.0,0.34091,1.0
5871.0,0.39606,0.397374,0.403958,0.403958,13.05614,3.756494,3.758374,5.0,5.0,17.863239,30.0,1.0,1.0,1.0,,5865.0,0.344859,1.0
5881.0,0.395792,0.3971,0.403637,0.403637,13.05499,3.80306,3.804869,5.0,5.0,18.403044,30.0,1.0,1.0,1.0,,5875.0,0.324756,1.0
5891.0,0.395526,0.396829,0.403319,0.403319,13.055791,3.751008,3.752851,5.0,5.0,17.79801,30.0,1.0,1.0,1.0,,5885.0,0.331554,1.0
5901.0,0.395259,0.396556,0.403001,0.403001,13.055559,3.75161,3.753287,5.0,5.0,17.804257,30.0,1.0,1.0,1.0,,5895.0,0.325837,1.0
5911.0,0.394991,0.396283,0.402684,0.402684,13.054124,3.813621,3.815438,5.0,5.0,18.523393,30.0,1.0,1.0,1.0,,5905.0,0.332647,1.0
5921.0,0.394723,0.396011,0.402365,0.402365,13.056143,3.699822,3.701663,5.0,5.0,17.201532,30.0,1.0,1.0,1.0,,5915.0,0.331257,1.0
5931.0,0.394456,0.395738,0.402045,0.402045,13.05451,3.772526,3.774322,5.0,5.0,18.044941,30.0,1.0,1.0,1.0,,5925.0,0.330246,1.0
5941.0,0.394188,0.395465,0.401726,0.401726,13.054327,3.771722,3.773533,5.0,5.0,18.034927,30.0,1.0,1.0,1.0,,5935.0,0.324238,1.0
5951.0,0.393921,0.395193,0.401408,0.401408,13.05501,3.726777,3.7287,5.0,5.0,17.512487,30.0,1.0,1.0,1.0,,5945.0,0.332848,1.0
5961.0,0.393653,0.39492,0.401097,0.401097,13.052782,3.830764,3.832425,5.0,5.0,18.718938,30.0,1.0,1.0,1.0,,5955.0,0.344708,1.0
5971.0,0.393388,0.394649,0.400784,0.400784,13.05398,3.760691,3.762507,5.0,5.0,17.904976,30.0,1.0,1.0,1.0,,5965.0,0.345249,1.0
5981.0,0.393121,0.394377,0.400468,0.400468,13.053839,3.7586,3.760243,5.0,5.0,17.88009,30.0,1.0,1.0,1.0,,5975.0,0.330904,1.0
5991.0,0.392854,0.394105,0.400153,0.400153,13.053045,3.790319,3.792077,5.0,5.0,18.247697,30.0,1.0,1.0,1.0,,5985.0,0.328719,1.0
6001.0,0.392586,0.393832,0.399838,0.399838,13.05265,3.8011,3.802917,5.0,5.0,18.372213,30.0,1.0,1.0,1.0,,5995.0,0.322569,1.0
6011.0,0.392319,0.39356,0.399524,0.399524,13.052958,3.776655,3.778455,5.0,5.0,18.087901,30.0,1.0,1.0,1.0,,6005.0,0.334293,1.0
6021.0,0.392053,0.393288,0.399211,0.399211,13.053675,3.731858,3.733518,5.0,5.0,17.567354,30.0,1.0,1.0,1.0,,6015.0,0.326369,1.0
6031.0,0.391786,0.393016,0.398898,0.398898,13.053189,3.748266,3.749964,5.0,5.0,17.757278,30.0,1.0,1.0,1.0,,6025.0,0.337914,1.0
6041.0,0.391519,0.392744,0.398582,0.398582,13.052131,3.793887,3.795794,5.0,5.0,18.28625,30.0,1.0,1.0,1.0,,6035.0,0.335146,1.0
6051.0,0.391253,0.392472,0.398269,0.398269,13.052912,3.746068,3.747805,5.0,5.0,17.73069,30.0,1.0,1.0,1.0,,6045.0,0.337429,1.0
6061.0,0.390986,0.3922,0.397953,0.397953,13.052487,3.759853,3.761614,5.0,5.0,17.890177,30.0,1.0,1.0,1.0,,6055.0,0.329736,1.0
6071.0,0.390719,0.391928,0.397641,0.397641,13.051901,3.781938,3.783792,5.0,5.0,18.145999,30.0,1.0,1.0,1.0,,6065.0,0.335581,1.0
6081.0,0.390452,0.391656,0.397329,0.397329,13.05105,3.8177,3.819425,5.0,5.0,18.560521,30.0,1.0,1.0,1.0,,6075.0,0.325868,1.0
6091.0,0.390185,0.391384,0.397014,0.397014,13.051598,3.782027,3.783833,5.0,5.0,18.146012,30.0,1.0,1.0,1.0,,6085.0,0.341602,1.0
6101.0,0.389917,0.39111,0.396701,0.396701,13.051578,3.775089,3.776773,5.0,5.0,18.06496,30.0,1.0,1.0,1.0,,6095.0,0.330131,1.0
6111.0,0.38965,0.390838,0.396389,0.396389,13.051479,3.772694,3.774592,5.0,5.0,18.036671,30.0,1.0,1.0,1.0,,6105.0,0.340174,1.0
6121.0,0.389383,0.390566,0.396078,0.396078,13.051658,3.756305,3.758271,5.0,5.0,17.845981,30.0,1.0,1.0,1.0,,6115.0,0.331647,1.0
6131.0,0.389116,0.390294,0.395766,0.395766,13.051753,3.744058,3.74579,5.0,5.0,17.703338,30.0,1.0,1.0,1.0,,6125.0,0.340852,1.0
6141.0,0.38885,0.390022,0.395457,0.395457,13.051156,3.767657,3.769463,5.0,5.0,17.976794,30.0,1.0,1.0,1.0,,6135.0,0.318911,1.0
6151.0,0.388582,0.389749,0.395145,0.395145,13.050931,3.771861,3.77372,5.0,5.0,18.025095,30.0,1.0,1.0,1.0,,6145.0,0.340246,1.0
6161.0,0.388314,0.389476,0.394834,0.394834,13.050992,3.761354,3.763254,5.0,5.0,17.902674,30.0,1.0,1.0,1.0,,6155.0,0.32261,1.0
6171.0,0.388047,0.389204,0.394525,0.394525,13.050718,3.768393,3.770169,5.0,5.0,17.983902,30.0,1.0,1.0,1.0,,6165.0,0.332629,1.0
6181.0,0.387781,0.388932,0.394216,0.394216,13.050696,3.762912,3.764666,5.0,5.0,17.919858,30.0,1.0,1.0,1.0,,6175.0,0.329285,1.0
6191.0,0.387513,0.388659,0.393902,0.393902,13.050589,3.761374,3.763026,5.0,5.0,17.901549,30.0,1.0,1.0,1.0,,6185.0,0.331682,1.0
6201.0,0.387245,0.388386,0.393591,0.393591,13.049774,3.796032,3.79785,5.0,5.0,18.303284,30.0,1.0,1.0,1.0,,6195.0,0.333939,1.0
6211.0,0.386978,0.388114,0.393281,0.393281,13.050332,3.760832,3.762673,5.0,5.0,17.894358,30.0,1.0,1.0,1.0,,6205.0,0.334169,1.0
6221.0,0.38671,0.387841,0.392972,0.392972,13.049789,3.781552,3.783376,5.0,5.0,18.134341,30.0,1.0,1.0,1.0,,6215.0,0.34032,1.0
6231.0,0.386442,0.387567,0.392662,0.392662,13.048835,3.823361,3.82526,5.0,5.0,18.619018,30.0,1.0,1.0,1.0,,6225.0,0.338193,1.0
6241.0,0.386175,0.387295,0.392356,0.392356,13.051338,3.689094,3.690948,5.0,5.0,17.060407,30.0,1.0,1.0,1.0,,6235.0,0.333617,1.0
6251.0,0.385907,0.387022,0.392046,0.392046,13.05021,3.739904,3.741741,5.0,5.0,17.649692,30.0,1.0,1.0,1.0,,6245.0,0.334464,1.0
6261.0,0.38564,0.38675,0.391741,0.391741,13.048907,3.800357,3.802128,5.0,5.0,18.350814,30.0,1.0,1.0,1.0,,6255.0,0.333735,1.0
6271.0,0.385374,0.386478,0.391432,0.391432,13.049673,3.755032,3.756713,5.0,5.0,17.824449,30.0,1.0,1.0,1.0,,6265.0,0.331729,1.0
6281.0,0.385105,0.386204,0.391125,0.391125,13.048259,3.820174,3.822,5.0,5.0,18.579863,30.0,1.0,1.0,1.0,,6275.0,0.335886,1.0
6291.0,0.384838,0.385932,0.39082,0.39082,13.050393,3.705196,3.707063,5.0,5.0,17.245223,30.0,1.0,1.0,1.0,,6285.0,0.335562,1.0
6301.0,0.384571,0.38566,0.390514,0.390514,13.04936,3.751871,3.753744,5.0,5.0,17.786515,30.0,1.0,1.0,1.0,,6295.0,0.330431,1.0
6311.0,0.384303,0.385387,0.390203,0.390203,13.049761,3.72497,3.726728,5.0,5.0,17.473908,30.0,1.0,1.0,1.0,,6305.0,0.330706,1.0
6321.0,0.384036,0.385114,0.389897,0.389897,13.047635,3.827218,3.828998,5.0,5.0,18.659924,30.0,1.0,1.0,1.0,,6315.0,0.327413,1.0
6331.0,0.383768,0.384841,0.389591,0.389591,13.047589,3.823226,3.824991,5.0,5.0,18.61319,30.0,1.0,1.0,1.0,,6325.0,0.3266,1.0
6341.0,0.383501,0.384568,0.389284,0.389284,13.04866,3.762525,3.764334,5.0,5.0,17.908496,30.0,1.0,1.0,1.0,,6335.0,0.343516,1.0
6351.0,0.383233,0.384295,0.388979,0.388979,13.04771,3.804827,3.806509,5.0,5.0,18.398904,30.0,1.0,1.0,1.0,,6345.0,0.342227,1.0
6361.0,0.382965,0.384022,0.388668,0.388668,13.048531,3.756452,3.758354,5.0,5.0,17.837183,30.0,1.0,1.0,1.0,,6355.0,0.330651,1.0
6371.0,0.382697,0.383749,0.388366,0.388366,13.048471,3.753465,3.755218,5.0,5.0,17.802125,30.0,1.0,1.0,1.0,,6365.0,0.328345,1.0
6381.0,0.38243,0.383477,0.38806,0.38806,13.048578,3.742122,3.743922,5.0,5.0,17.670119,30.0,1.0,1.0,1.0,,6375.0,0.330031,1.0
6391.0,0.382163,0.383204,0.387756,0.387756,13.048351,3.747938,3.74986,5.0,5.0,17.737226,30.0,1.0,1.0,1.0,,6385.0,0.338437,1.0
6401.0,0.381896,0.382933,0.387451,0.387451,13.048253,3.747266,3.749175,5.0,5.0,17.729058,30.0,1.0,1.0,1.0,,6395.0,0.323282,1.0
6411.0,0.38163,0.382661,0.387145,0.387145,13.047486,3.780914,3.782774,5.0,5.0,18.119111,30.0,1.0,1.0,1.0,,6405.0,0.32327,1.0
6421.0,0.381363,0.382389,0.386841,0.386841,13.047975,3.75004,3.75175,5.0,5.0,17.760496,30.0,1.0,1.0,1.0,,6415.0,0.336674,1.0
6431.0,0.381095,0.382116,0.386537,0.386537,13.047379,3.774545,3.776337,5.0,5.0,18.044431,30.0,1.0,1.0,1.0,,6425.0,0.345525,1.0
6441.0,0.380828,0.381843,0.386233,0.386233,13.047155,3.78,3.781777,5.0,5.0,18.10733,30.0,1.0,1.0,1.0,,6435.0,0.321514,1.0
6451.0,0.38056,0.381569,0.385927,0.385927,13.045787,3.843601,3.845133,5.0,5.0,18.844744,30.0,1.0,1.0,1.0,,6445.0,0.341961,1.0
6461.0,0.380293,0.381298,0.385627,0.385627,13.046814,3.785857,3.787654,5.0,5.0,18.174521,30.0,1.0,1.0,1.0,,6455.0,0.333235,1.0
6471.0,0.380026,0.381026,0.385324,0.385324,13.047708,3.734396,3.736197,5.0,5.0,17.577053,30.0,1.0,1.0,1.0,,6465.0,0.325238,1.0
6481.0,0.379758,0.380752,0.385019,0.385019,13.047377,3.745113,3.746912,5.0,5.0,17.701,30.0,1.0,1.0,1.0,,6475.0,0.33362,1.0
6491.0,0.37949,0.380479,0.384713,0.384713,13.047125,3.752207,3.754097,5.0,5.0,17.782929,30.0,1.0,1.0,1.0,,6485.0,0.331422,1.0
6501.0,0.379222,0.380206,0.384407,0.384407,13.047393,3.732513,3.734245,5.0,5.0,17.554037,30.0,1.0,1.0,1.0,,6495.0,0.330095,1.0
6511.0,0.378956,0.379934,0.384107,0.384107,13.046233,3.786237,3.788173,5.0,5.0,18.176982,30.0,1.0,1.0,1.0,,6505.0,0.337121,1.0
6521.0,0.37869,0.379663,0.383808,0.383808,13.047172,3.733147,3.735034,5.0,5.0,17.560694,30.0,1.0,1.0,1.0,,6515.0,0.336445,1.0
6531.0,0.378422,0.379391,0.383507,0.383507,13.045498,3.812877,3.814774,5.0,5.0,18.485297,30.0,1.0,1.0,1.0,,6525.0,0.333854,1.0
6541.0,0.378155,0.379118,0.383206,0.383206,13.045226,3.821073,3.822976,5.0,5.0,18.57999,30.0,1.0,1.0,1.0,,6535.0,0.333001,1.0
6551.0,0.377888,0.378846,0.382903,0.382903,13.046301,3.760602,3.762465,5.0,5.0,17.87812,30.0,1.0,1.0,1.0,,6545.0,0.343272,1.0
6561.0,0.37762,0.378573,0.382603,0.382603,13.045863,3.777082,3.778849,5.0,5.0,18.068919,30.0,1.0,1.0,1.0,,6555.0,0.340045,1.0
6571.0,0.377353,0.3783,0.3823,0.3823,13.045358,3.797017,3.798888,5.0,5.0,18.299792,30.0,1.0,1.0,1.0,,6565.0,0.331594,1.0
6581.0,0.377085,0.378027,0.381999,0.381999,13.044999,3.809642,3.811555,5.0,5.0,18.445857,30.0,1.0,1.0,1.0,,6575.0,0.336721,1.0
6591.0,0.376817,0.377754,0.381696,0.381696,13.045887,3.75847,3.760243,5.0,5.0,17.851854,30.0,1.0,1.0,1.0,,6585.0,0.332704,1.0
6601.0,0.37655,0.377482,0.381398,0.381398,13.046459,3.723683,3.725523,5.0,5.0,17.447886,30.0,1.0,1.0,1.0,,6595.0,0.333851,1.0
6611.0,0.376283,0.377209,0.381099,0.381099,13.046127,3.735055,3.736903,5.0,5.0,17.579468,30.0,1.0,1.0,1.0,,6605.0,0.327456,1.0
6621.0,0.376014,0.376935,0.380797,0.380797,13.046086,3.73083,3.732729,5.0,5.0,17.530037,30.0,1.0,1.0,1.0,,6615.0,0.329249,1.0
6631.0,0.375747,0.376662,0.380498,0.380498,13.044976,3.781992,3.783646,5.0,5.0,18.123203,30.0,1.0,1.0,1.0,,6625.0,0.332228,1.0
6641.0,0.375479,0.37639,0.380197,0.380197,13.046223,3.712766,3.714725,5.0,5.0,17.319732,30.0,1.0,1.0,1.0,,6635.0,0.328587,1.0
6651.0,0.375212,0.376117,0.379899,0.379899,13.044418,3.799422,3.800944,5.0,5.0,18.324644,30.0,1.0,1.0,1.0,,6645.0,0.324976,1.0
6661.0,0.374945,0.375845,0.379599,0.379599,13.044995,3.764488,3.766265,5.0,5.0,17.919062,30.0,1.0,1.0,1.0,,6655.0,0.33167,1.0
6671.0,0.374678,0.375573,0.379299,0.379299,13.044798,3.769059,3.770958,5.0,5.0,17.971724,30.0,1.0,1.0,1.0,,6665.0,0.336161,1.0
6681.0,0.37441,0.3753,0.379001,0.379001,13.044884,3.758847,3.760617,5.0,5.0,17.852873,30.0,1.0,1.0,1.0,,6675.0,0.33461,1.0
6691.0,0.374143,0.375027,0.378701,0.378701,13.044498,3.773163,3.774862,5.0,5.0,18.018585,30.0,1.0,1.0,1.0,,6685.0,0.333894,1.0
6701.0,0.373876,0.374756,0.378401,0.378401,13.045849,3.69893,3.700708,5.0,5.0,17.157056,30.0,1.0,1.0,1.0,,6695.0,0.326791,1.0
6711.0,0.37361,0.374484,0.378106,0.378106,13.045371,3.718161,3.719958,5.0,5.0,17.379839,30.0,1.0,1.0,1.0,,6705.0,0.332153,1.0
6721.0,0.373343,0.374211,0.377809,0.377809,13.043271,3.819685,3.821647,5.0,5.0,18.55712,30.0,1.0,1.0,1.0,,6715.0,0.334776,1.0
6731.0,0.373075,0.373939,0.377513,0.377513,13.043835,3.78528,3.787156,5.0,5.0,18.157694,30.0,1.0,1.0,1.0,,6725.0,0.324748,1.0
6741.0,0.372808,0.373666,0.377212,0.377212,13.043734,3.784941,3.786719,5.0,5.0,18.153396,30.0,1.0,1.0,1.0,,6735.0,0.330398,1.0
6751.0,0.37254,0.373392,0.376912,0.376912,13.043739,3.778768,3.780656,5.0,5.0,18.081412,30.0,1.0,1.0,1.0,,6745.0,0.328077,1.0
6761.0,0.372273,0.373121,0.376613,0.376613,13.044124,3.753874,3.75555,5.0,5.0,17.792304,30.0,1.0,1.0,1.0,,6755.0,0.331825,1.0
6771.0,0.372006,0.372848,0.376318,0.376318,13.04393,3.758166,3.759932,5.0,5.0,17.841727,30.0,1.0,1.0,1.0,,6765.0,0.335904,1.0
6781.0,0.371738,0.372576,0.37602,0.37602,13.043019,3.79917,3.801089,5.0,5.0,18.316961,30.0,1.0,1.0,1.0,,6775.0,0.333454,1.0
6791.0,0.37147,0.372302,0.375721,0.375721,13.042434,3.823242,3.82497,5.0,5.0,18.595753,30.0,1.0,1.0,1.0,,6785.0,0.330228,1.0
6801.0,0.371204,0.37203,0.375423,0.375423,13.043655,3.755557,3.757336,5.0,5.0,17.810368,30.0,1.0,1.0,1.0,,6795.0,0.326672,1.0
6811.0,0.370936,0.371757,0.375125,0.375125,13.044416,3.710952,3.712711,5.0,5.0,17.292566,30.0,1.0,1.0,1.0,,6805.0,0.331346,1.0
6821.0,0.370669,0.371485,0.374829,0.374829,13.042972,3.779389,3.78105,5.0,5.0,18.086063,30.0,1.0,1.0,1.0,,6815.0,0.334774,1.0
6831.0,0.370401,0.371212,0.374534,0.374534,13.043534,3.744908,3.746704,5.0,5.0,17.685741,30.0,1.0,1.0,1.0,,6825.0,0.338205,1.0
6841.0,0.370133,0.370939,0.374237,0.374237,13.042882,3.77246,3.774156,5.0,5.0,18.00493,30.0,1.0,1.0,1.0,,6835.0,0.326242,1.0
6851.0,0.369865,0.370665,0.373941,0.373941,13.041951,3.814337,3.816311,5.0,5.0,18.490228,30.0,1.0,1.0,1.0,,6845.0,0.324217,1.0
6861.0,0.3696,0.370395,0.373648,0.373648,13.043194,3.746275,3.747971,5.0,5.0,17.700546,30.0,1.0,1.0,1.0,,6855.0,0.333158,1.0
6871.0,0.369333,0.370123,0.373353,0.373353,13.042239,3.789532,3.791329,5.0,5.0,18.201896,30.0,1.0,1.0,1.0,,6865.0,0.327866,1.0
6881.0,0.369065,0.36985,0.373057,0.373057,13.043729,3.707849,3.709513,5.0,5.0,17.25409,30.0,1.0,1.0,1.0,,6875.0,0.341619,1.0
6891.0,0.368797,0.369577,0.372762,0.372762,13.042829,3.748054,3.749819,5.0,5.0,17.72007,30.0,1.0,1.0,1.0,,6885.0,0.326631,1.0
6901.0,0.36853,0.369304,0.372468,0.372468,13.043256,3.720737,3.722512,5.0,5.0,17.402855,30.0,1.0,1.0,1.0,,6895.0,0.330573,1.0
6911.0,0.368262,0.369031,0.372174,0.372174,13.042071,3.775488,3.777292,5.0,5.0,18.037513,30.0,1.0,1.0,1.0,,6905.0,0.326446,1.0
6921.0,0.367994,0.368758,0.37188,0.37188,13.041765,3.785459,3.787114,5.0,5.0,18.152775,30.0,1.0,1.0,1.0,,6915.0,0.341054,1.0
6931.0,0.367726,0.368485,0.371586,0.371586,13.041846,3.775629,3.777437,5.0,5.0,18.038405,30.0,1.0,1.0,1.0,,6925.0,0.343138,1.0
6941.0,0.367459,0.368212,0.371292,0.371292,13.042388,3.742523,3.744254,5.0,5.0,17.654081,30.0,1.0,1.0,1.0,,6935.0,0.323576,1.0
6951.0,0.367192,0.36794,0.370997,0.370997,13.041891,3.762525,3.764272,5.0,5.0,17.885718,30.0,1.0,1.0,1.0,,6945.0,0.334146,1.0
6961.0,0.366925,0.367668,0.370703,0.370703,13.0413,3.787375,3.78917,5.0,5.0,18.173552,30.0,1.0,1.0,1.0,,6955.0,0.342471,1.0
6971.0,0.366657,0.367394,0.37041,0.37041,13.040684,3.813051,3.814836,5.0,5.0,18.470914,30.0,1.0,1.0,1.0,,6965.0,0.332742,1.0
6981.0,0.36639,0.367122,0.370118,0.370118,13.04129,3.776813,3.778725,5.0,5.0,18.050331,30.0,1.0,1.0,1.0,,6975.0,0.332437,1.0
6991.0,0.366123,0.36685,0.369826,0.369826,13.042738,3.697535,3.699338,5.0,5.0,17.130492,30.0,1.0,1.0,1.0,,6985.0,0.33215,1.0
7001.0,0.365855,0.366577,0.369535,0.369535,13.040953,3.783051,3.784788,5.0,5.0,18.121943,30.0,1.0,1.0,1.0,,6995.0,0.331399,1.0
7011.0,0.365588,0.366305,0.369243,0.369243,13.041301,3.759889,3.761552,5.0,5.0,17.852989,30.0,1.0,1.0,1.0,,7005.0,0.329732,1.0
7021.0,0.365321,0.366032,0.368952,0.368952,13.040303,3.80539,3.807236,5.0,5.0,18.380262,30.0,1.0,1.0,1.0,,7015.0,0.335835,1.0
7031.0,0.365052,0.365758,0.368658,0.368658,13.040343,3.797476,3.799283,5.0,5.0,18.288104,30.0,1.0,1.0,1.0,,7025.0,0.330006,1.0
7041.0,0.364785,0.365486,0.368364,0.368364,13.040885,3.764314,3.766224,5.0,5.0,17.903194,30.0,1.0,1.0,1.0,,7035.0,0.337917,1.0
7051.0,0.364518,0.365213,0.368073,0.368073,13.039972,3.805545,3.807381,5.0,5.0,18.380948,30.0,1.0,1.0,1.0,,7045.0,0.328379,1.0
7061.0,0.36425,0.364941,0.367779,0.367779,13.040211,3.787826,3.789793,5.0,5.0,18.175122,30.0,1.0,1.0,1.0,,7055.0,0.329045,1.0
7071.0,0.363983,0.364668,0.367487,0.367487,13.040743,3.755371,3.757128,5.0,5.0,17.798411,30.0,1.0,1.0,1.0,,7065.0,0.334437,1.0
7081.0,0.363716,0.364396,0.367195,0.367195,13.039178,3.83,3.831802,5.0,5.0,18.663425,30.0,1.0,1.0,1.0,,7075.0,0.333015,1.0
7091.0,0.363449,0.364124,0.366904,0.366904,13.040477,3.758143,3.759932,5.0,5.0,17.829847,30.0,1.0,1.0,1.0,,7085.0,0.339098,1.0
7101.0,0.363181,0.363851,0.366611,0.366611,13.039457,3.804645,3.806509,5.0,5.0,18.368707,30.0,1.0,1.0,1.0,,7095.0,0.327643,1.0
7111.0,0.362914,0.363578,0.366321,0.366321,13.040681,3.736796,3.738543,5.0,5.0,17.581573,30.0,1.0,1.0,1.0,,7105.0,0.334318,1.0
7121.0,0.362647,0.363306,0.366031,0.366031,13.04032,3.749854,3.751771,5.0,5.0,17.732655,30.0,1.0,1.0,1.0,,7115.0,0.331428,1.0
7131.0,0.362379,0.363033,0.365737,0.365737,13.040255,3.74765,3.749466,5.0,5.0,17.70673,30.0,1.0,1.0,1.0,,7125.0,0.329871,1.0
7141.0,0.36211,0.362759,0.365444,0.365444,13.039773,3.766119,3.767927,5.0,5.0,17.920499,30.0,1.0,1.0,1.0,,7135.0,0.341011,1.0
7151.0,0.361844,0.362487,0.365154,0.365154,13.039415,3.779174,3.780884,5.0,5.0,18.071536,30.0,1.0,1.0,1.0,,7145.0,0.33599,1.0
7161.0,0.361577,0.362215,0.364861,0.364861,13.040142,3.736728,3.738585,5.0,5.0,17.578985,30.0,1.0,1.0,1.0,,7155.0,0.329714,1.0
7171.0,0.361309,0.361942,0.364568,0.364568,13.039317,3.773299,3.775174,5.0,5.0,18.002687,30.0,1.0,1.0,1.0,,7165.0,0.326316,1.0
7181.0,0.361041,0.361668,0.364275,0.364275,13.039499,3.758194,3.759932,5.0,5.0,17.827159,30.0,1.0,1.0,1.0,,7175.0,0.327698,1.0
7191.0,0.360772,0.361395,0.363982,0.363982,13.039287,3.763286,3.765102,5.0,5.0,17.885821,30.0,1.0,1.0,1.0,,7185.0,0.336356,1.0
7201.0,0.360507,0.361124,0.363693,0.363693,13.039508,3.747306,3.749009,5.0,5.0,17.700218,30.0,1.0,1.0,1.0,,7195.0,0.329508,1.0
7211.0,0.360241,0.360852,0.363402,0.363402,13.038482,3.794547,3.796209,5.0,5.0,18.247631,30.0,1.0,1.0,1.0,,7205.0,0.325013,1.0
7221.0,0.359973,0.36058,0.363109,0.363109,13.040001,3.711458,3.713313,5.0,5.0,17.283815,30.0,1.0,1.0,1.0,,7215.0,0.329771,1.0
7231.0,0.359704,0.360305,0.362819,0.362819,13.039005,3.756236,3.758104,5.0,5.0,17.802668,30.0,1.0,1.0,1.0,,7225.0,0.340709,1.0
7241.0,0.359437,0.360033,0.362526,0.362526,13.039138,3.743938,3.745832,5.0,5.0,17.659711,30.0,1.0,1.0,1.0,,7235.0,0.338456,1.0
7251.0,0.359168,0.359759,0.362237,0.362237,13.038604,3.765473,3.7672,5.0,5.0,17.909034,30.0,1.0,1.0,1.0,,7245.0,0.330408,1.0
7261.0,0.358901,0.359486,0.361947,0.361947,13.038354,3.772739,3.774509,5.0,5.0,17.992909,30.0,1.0,1.0,1.0,,7255.0,0.331317,1.0
7271.0,0.358634,0.359215,0.36166,0.36166,13.039513,3.708412,3.71026,5.0,5.0,17.246674,30.0,1.0,1.0,1.0,,7265.0,0.3365,1.0
7281.0,0.358366,0.358941,0.361375,0.361375,13.036837,3.839362,3.841042,5.0,5.0,18.764551,30.0,1.0,1.0,1.0,,7275.0,0.328124,1.0
7291.0,0.358099,0.358669,0.361083,0.361083,13.03797,3.776091,3.777853,5.0,5.0,18.030694,30.0,1.0,1.0,1.0,,7285.0,0.336404,1.0
7301.0,0.357831,0.358396,0.360792,0.360792,13.037941,3.771995,3.773824,5.0,5.0,17.982845,30.0,1.0,1.0,1.0,,7295.0,0.344156,1.0
7311.0,0.357564,0.358123,0.360505,0.360505,13.038005,3.763263,3.765102,5.0,5.0,17.881243,30.0,1.0,1.0,1.0,,7305.0,0.3307,1.0
7321.0,0.357295,0.357849,0.360218,0.360218,13.037805,3.76763,3.769442,5.0,5.0,17.931482,30.0,1.0,1.0,1.0,,7315.0,0.331559,1.0
7331.0,0.357027,0.357576,0.359929,0.359929,13.037971,3.753616,3.755322,5.0,5.0,17.768641,30.0,1.0,1.0,1.0,,7325.0,0.334899,1.0
7341.0,0.356761,0.357304,0.35964,0.35964,13.03738,3.778558,3.780365,5.0,5.0,18.057478,30.0,1.0,1.0,1.0,,7335.0,0.333314,1.0
7351.0,0.356493,0.357031,0.359353,0.359353,13.037122,3.786148,3.787965,5.0,5.0,18.145089,30.0,1.0,1.0,1.0,,7345.0,0.332872,1.0
7361.0,0.356226,0.356759,0.359063,0.359063,13.037238,3.774913,3.776794,5.0,5.0,18.014495,30.0,1.0,1.0,1.0,,7355.0,0.323289,1.0
7371.0,0.355957,0.356485,0.358774,0.358774,13.036151,3.824592,3.826361,5.0,5.0,18.590005,30.0,1.0,1.0,1.0,,7365.0,0.325589,1.0
7381.0,0.355689,0.356212,0.358485,0.358485,13.035719,3.840948,3.842787,5.0,5.0,18.7792,30.0,1.0,1.0,1.0,,7375.0,0.318206,1.0
7391.0,0.355422,0.355939,0.358192,0.358192,13.037348,3.752465,3.754221,5.0,5.0,17.753136,30.0,1.0,1.0,1.0,,7385.0,0.331882,1.0
7401.0,0.355154,0.355667,0.357902,0.357902,13.037054,3.761948,3.763732,5.0,5.0,17.862711,30.0,1.0,1.0,1.0,,7395.0,0.319705,1.0
7411.0,0.354886,0.355393,0.357612,0.357612,13.035981,3.811152,3.812946,5.0,5.0,18.432735,30.0,1.0,1.0,1.0,,7405.0,0.330312,1.0
7421.0,0.354619,0.355121,0.357323,0.357323,13.036887,3.759646,3.761323,5.0,5.0,17.835307,30.0,1.0,1.0,1.0,,7415.0,0.331021,1.0
7431.0,0.354351,0.354847,0.357035,0.357035,13.036803,3.758108,3.75987,5.0,5.0,17.817097,30.0,1.0,1.0,1.0,,7425.0,0.329952,1.0
7441.0,0.354083,0.354574,0.356744,0.356744,13.036694,3.758147,3.760015,5.0,5.0,17.817181,30.0,1.0,1.0,1.0,,7435.0,0.337927,1.0
7451.0,0.353816,0.354302,0.356456,0.356456,13.038031,3.684735,3.686567,5.0,5.0,16.965683,30.0,1.0,1.0,1.0,,7445.0,0.328239,1.0
7461.0,0.353548,0.354029,0.356169,0.356169,13.035893,3.788211,3.790042,5.0,5.0,18.164989,30.0,1.0,1.0,1.0,,7455.0,0.336848,1.0
7471.0,0.353282,0.353757,0.355877,0.355877,13.035411,3.807676,3.80952,5.0,5.0,18.390273,30.0,1.0,1.0,1.0,,7465.0,0.329801,1.0
7481.0,0.353013,0.353484,0.35559,0.35559,13.035837,3.780204,3.782089,5.0,5.0,18.071451,30.0,1.0,1.0,1.0,,7475.0,0.333574,1.0
7491.0,0.352746,0.353211,0.3553,0.3553,13.03654,3.739106,3.740827,5.0,5.0,17.594667,30.0,1.0,1.0,1.0,,7485.0,0.327861,1.0
7501.0,0.35248,0.352939,0.355014,0.355014,13.036623,3.729624,3.731462,5.0,5.0,17.484406,30.0,1.0,1.0,1.0,,7495.0,0.337973,1.0
7511.0,0.352212,0.352667,0.354728,0.354728,13.036553,3.727849,3.729656,5.0,5.0,17.463472,30.0,1.0,1.0,1.0,,7505.0,0.326795,1.0
7521.0,0.351945,0.352394,0.354443,0.354443,13.036008,3.750244,3.752062,5.0,5.0,17.722743,30.0,1.0,1.0,1.0,,7515.0,0.319855,1.0
7531.0,0.351676,0.35212,0.354155,0.354155,13.035099,3.79072,3.792409,5.0,5.0,18.19154,30.0,1.0,1.0,1.0,,7525.0,0.33357,1.0
7541.0,0.351408,0.351847,0.353864,0.353864,13.035237,3.777945,3.779846,5.0,5.0,18.043082,30.0,1.0,1.0,1.0,,7535.0,0.322258,1.0
7551.0,0.35114,0.351574,0.353577,0.353577,13.03429,3.820866,3.822789,5.0,5.0,18.540209,30.0,1.0,1.0,1.0,,7545.0,0.329032,1.0
7561.0,0.350872,0.3513,0.353289,0.353289,13.034829,3.787579,3.789336,5.0,5.0,18.154015,30.0,1.0,1.0,1.0,,7555.0,0.336283,1.0
7571.0,0.350605,0.351028,0.353005,0.353005,13.036041,3.720524,3.722367,5.0,5.0,17.376364,30.0,1.0,1.0,1.0,,7565.0,0.328142,1.0
7581.0,0.350338,0.350756,0.35272,0.35272,13.034716,3.782868,3.784726,5.0,5.0,18.098716,30.0,1.0,1.0,1.0,,7575.0,0.332647,1.0
7591.0,0.350071,0.350484,0.352437,0.352437,13.035018,3.762295,3.764043,5.0,5.0,17.859901,30.0,1.0,1.0,1.0,,7585.0,0.337991,1.0
7601.0,0.349805,0.350212,0.352151,0.352151,13.035699,3.722397,3.724298,5.0,5.0,17.397069,30.0,1.0,1.0,1.0,,7595.0,0.333097,1.0
7611.0,0.349537,0.349939,0.351868,0.351868,13.036107,3.696103,3.69776,5.0,5.0,17.091878,30.0,1.0,1.0,1.0,,7605.0,0.320173,1.0
7621.0,0.349269,0.349666,0.351582,0.351582,13.03398,3.79909,3.800965,5.0,5.0,18.28531,30.0,1.0,1.0,1.0,,7615.0,0.338369,1.0
7631.0,0.349002,0.349394,0.351294,0.351294,13.034903,3.746532,3.748282,5.0,5.0,17.675764,30.0,1.0,1.0,1.0,,7625.0,0.326865,1.0
7641.0,0.348734,0.34912,0.35101,0.35101,13.032774,3.849464,3.851197,5.0,5.0,18.868347,30.0,1.0,1.0,1.0,,7635.0,0.329581,1.0
7651.0,0.348466,0.348847,0.350726,0.350726,13.033218,3.82123,3.823101,5.0,5.0,18.540781,30.0,1.0,1.0,1.0,,7645.0,0.332131,1.0
7661.0,0.348198,0.348574,0.350439,0.350439,13.03589,3.679364,3.681147,5.0,5.0,16.896007,30.0,1.0,1.0,1.0,,7655.0,0.331091,1.0
7671.0,0.34793,0.348301,0.350153,0.350153,13.035013,3.718328,3.720166,5.0,5.0,17.347344,30.0,1.0,1.0,1.0,,7665.0,0.334084,1.0
7681.0,0.347661,0.348027,0.349867,0.349867,13.033301,3.799894,3.801816,5.0,5.0,18.292378,30.0,1.0,1.0,1.0,,7675.0,0.329594,1.0
7691.0,0.347394,0.347754,0.349582,0.349582,13.033457,3.786529,3.788381,5.0,5.0,18.137127,30.0,1.0,1.0,1.0,,7685.0,0.323248,1.0
7701.0,0.347125,0.34748,0.349296,0.349296,13.033574,3.774718,3.776524,5.0,5.0,17.999853,30.0,1.0,1.0,1.0,,7695.0,0.334114,1.0
7711.0,0.346856,0.347206,0.34901,0.34901,13.032934,3.801485,3.803374,5.0,5.0,18.309679,30.0,1.0,1.0,1.0,,7705.0,0.327249,1.0
7721.0,0.346589,0.346934,0.348724,0.348724,13.034344,3.724309,3.726188,5.0,5.0,17.414843,30.0,1.0,1.0,1.0,,7715.0,0.32906,1.0
7731.0,0.346322,0.346661,0.348439,0.348439,13.033392,3.76748,3.769505,5.0,5.0,17.914875,30.0,1.0,1.0,1.0,,7725.0,0.335904,1.0
7741.0,0.346054,0.346388,0.348156,0.348156,13.032739,3.795475,3.797393,5.0,5.0,18.23896,30.0,1.0,1.0,1.0,,7735.0,0.332764,1.0
7751.0,0.345787,0.346116,0.347875,0.347875,13.034152,3.717963,3.71973,5.0,5.0,17.340228,30.0,1.0,1.0,1.0,,7745.0,0.34427,1.0
7761.0,0.345519,0.345842,0.34759,0.34759,13.03298,3.772094,3.773845,5.0,5.0,17.96726,30.0,1.0,1.0,1.0,,7755.0,0.342788,1.0
7771.0,0.345251,0.345569,0.347307,0.347307,13.032393,3.796656,3.798411,5.0,5.0,18.251557,30.0,1.0,1.0,1.0,,7765.0,0.333192,1.0
7781.0,0.344984,0.345297,0.347023,0.347023,13.032713,3.774917,3.776856,5.0,5.0,17.99927,30.0,1.0,1.0,1.0,,7775.0,0.33416,1.0
7791.0,0.344716,0.345024,0.34674,0.34674,13.03168,3.822208,3.823848,5.0,5.0,18.546923,30.0,1.0,1.0,1.0,,7785.0,0.339137,1.0
7801.0,0.344448,0.34475,0.346454,0.346454,13.032335,3.78299,3.784851,5.0,5.0,18.092075,30.0,1.0,1.0,1.0,,7795.0,0.34127,1.0
7811.0,0.344179,0.344476,0.346172,0.346172,13.031595,3.815044,3.817058,5.0,5.0,18.463141,30.0,1.0,1.0,1.0,,7805.0,0.34006,1.0
7821.0,0.343912,0.344204,0.345892,0.345892,13.032015,3.788306,3.790208,5.0,5.0,18.152957,30.0,1.0,1.0,1.0,,7815.0,0.338266,1.0
7831.0,0.343646,0.343933,0.345611,0.345611,13.032089,3.77982,3.781528,5.0,5.0,18.054302,30.0,1.0,1.0,1.0,,7825.0,0.335985,1.0
7841.0,0.34338,0.343661,0.345329,0.345329,13.031696,3.794902,3.796604,5.0,5.0,18.228749,30.0,1.0,1.0,1.0,,7835.0,0.331279,1.0
7851.0,0.343112,0.343388,0.345044,0.345044,13.032038,3.771791,3.773533,5.0,5.0,17.960548,30.0,1.0,1.0,1.0,,7845.0,0.329897,1.0
7861.0,0.342844,0.343115,0.344761,0.344761,13.032303,3.752875,3.754616,5.0,5.0,17.740982,30.0,1.0,1.0,1.0,,7855.0,0.33989,1.0
7871.0,0.342578,0.342843,0.344479,0.344479,13.03294,3.715194,3.716864,5.0,5.0,17.30392,30.0,1.0,1.0,1.0,,7865.0,0.343738,1.0
7881.0,0.34231,0.342571,0.344197,0.344197,13.032293,3.742823,3.74469,5.0,5.0,17.623787,30.0,1.0,1.0,1.0,,7875.0,0.338731,1.0
7891.0,0.342042,0.342297,0.34391,0.34391,13.03194,3.755085,3.756942,5.0,5.0,17.765514,30.0,1.0,1.0,1.0,,7885.0,0.330445,1.0
7901.0,0.341774,0.342025,0.343626,0.343626,13.031407,3.776908,3.778621,5.0,5.0,18.018052,30.0,1.0,1.0,1.0,,7895.0,0.329583,1.0
7911.0,0.341506,0.341751,0.343344,0.343344,13.031015,3.791071,3.792804,5.0,5.0,18.181787,30.0,1.0,1.0,1.0,,7905.0,0.328303,1.0
7921.0,0.341237,0.341477,0.34306,0.34306,13.032129,3.728351,3.73005,5.0,5.0,17.454579,30.0,1.0,1.0,1.0,,7915.0,0.334212,1.0
7931.0,0.34097,0.341204,0.342779,0.342779,13.031172,3.771819,3.773616,5.0,5.0,17.957957,30.0,1.0,1.0,1.0,,7925.0,0.334051,1.0
7941.0,0.340702,0.340931,0.342496,0.342496,13.030891,3.780743,3.782753,5.0,5.0,18.061012,30.0,1.0,1.0,1.0,,7935.0,0.331146,1.0
7951.0,0.340435,0.340659,0.342214,0.342214,13.030793,3.780589,3.7824,5.0,5.0,18.058878,30.0,1.0,1.0,1.0,,7945.0,0.331985,1.0
7961.0,0.340167,0.340386,0.341929,0.341929,13.031205,3.753784,3.755426,5.0,5.0,17.747883,30.0,1.0,1.0,1.0,,7955.0,0.336505,1.0
7971.0,0.3399,0.340113,0.341647,0.341647,13.030951,3.761364,3.76313,5.0,5.0,17.835373,30.0,1.0,1.0,1.0,,7965.0,0.334843,1.0
7981.0,0.339632,0.33984,0.341362,0.341362,13.030861,3.760453,3.762216,5.0,5.0,17.824455,30.0,1.0,1.0,1.0,,7975.0,0.334582,1.0
7991.0,0.339364,0.339567,0.341082,0.341082,13.031056,3.74518,3.746974,5.0,5.0,17.647116,30.0,1.0,1.0,1.0,,7985.0,0.337572,1.0
8001.0,0.339097,0.339295,0.340802,0.340802,13.02923,3.833009,3.834854,5.0,5.0,18.664402,30.0,1.0,1.0,1.0,,7995.0,0.32863,1.0
8011.0,0.338829,0.339022,0.340516,0.340516,13.031036,3.73536,3.73711,5.0,5.0,17.532607,30.0,1.0,1.0,1.0,,8005.0,0.342155,1.0
8021.0,0.338562,0.338749,0.340237,0.340237,13.029369,3.815004,3.816788,5.0,5.0,18.455088,30.0,1.0,1.0,1.0,,8015.0,0.322068,1.0
8031.0,0.338294,0.338476,0.339956,0.339956,13.030521,3.750494,3.752311,5.0,5.0,17.707254,30.0,1.0,1.0,1.0,,8025.0,0.322042,1.0
8041.0,0.338027,0.338204,0.339677,0.339677,13.029099,3.81791,3.819799,5.0,5.0,18.488018,30.0,1.0,1.0,1.0,,8035.0,0.332658,1.0
8051.0,0.337758,0.337929,0.339392,0.339392,13.02986,3.773067,3.774904,5.0,5.0,17.968069,30.0,1.0,1.0,1.0,,8045.0,0.34234,1.0
8061.0,0.337489,0.337655,0.33911,0.33911,13.02891,3.815694,3.817432,5.0,5.0,18.461555,30.0,1.0,1.0,1.0,,8055.0,0.335539,1.0
8071.0,0.33722,0.337381,0.338825,0.338825,13.029029,3.803829,3.805575,5.0,5.0,18.323716,30.0,1.0,1.0,1.0,,8065.0,0.331328,1.0
8081.0,0.336953,0.337109,0.338544,0.338544,13.029595,3.769626,3.771498,5.0,5.0,17.927088,30.0,1.0,1.0,1.0,,8075.0,0.313075,1.0
8091.0,0.336686,0.336836,0.338265,0.338265,13.029131,3.788041,3.789834,5.0,5.0,18.140092,30.0,1.0,1.0,1.0,,8085.0,0.333079,1.0
8101.0,0.336418,0.336564,0.337984,0.337984,13.03019,3.728594,3.730362,5.0,5.0,17.450934,30.0,1.0,1.0,1.0,,8095.0,0.328913,1.0
8111.0,0.336151,0.336291,0.337706,0.337706,13.029047,3.781412,3.783169,5.0,5.0,18.062564,30.0,1.0,1.0,1.0,,8105.0,0.327753,1.0
8121.0,0.335882,0.336017,0.337425,0.337425,13.028903,3.782997,3.784768,5.0,5.0,18.080548,30.0,1.0,1.0,1.0,,8115.0,0.326442,1.0
8131.0,0.335614,0.335744,0.337141,0.337141,13.02856,3.795025,3.796832,5.0,5.0,18.21953,30.0,1.0,1.0,1.0,,8125.0,0.33094,1.0
8141.0,0.335347,0.335472,0.336861,0.336861,13.029533,3.740258,3.742032,5.0,5.0,17.58466,30.0,1.0,1.0,1.0,,8135.0,0.330515,1.0
8151.0,0.33508,0.3352,0.336582,0.336582,13.028301,3.797947,3.799677,5.0,5.0,18.252705,30.0,1.0,1.0,1.0,,8145.0,0.341998,1.0
8161.0,0.334812,0.334926,0.336301,0.336301,13.028103,3.802459,3.804163,5.0,5.0,18.304597,30.0,1.0,1.0,1.0,,8155.0,0.334923,1.0
8171.0,0.334545,0.334653,0.336019,0.336019,13.028403,3.78174,3.783522,5.0,5.0,18.064206,30.0,1.0,1.0,1.0,,8165.0,0.330112,1.0
8181.0,0.334277,0.334381,0.33574,0.33574,13.027473,3.823778,3.825676,5.0,5.0,18.550833,30.0,1.0,1.0,1.0,,8175.0,0.329186,1.0
8191.0,0.33401,0.334108,0.335456,0.335456,13.02824,3.779218,3.781071,5.0,5.0,18.034274,30.0,1.0,1.0,1.0,,8185.0,0.338595,1.0
8201.0,0.333742,0.333835,0.335173,0.335173,13.027941,3.788933,3.790769,5.0,5.0,18.146451,30.0,1.0,1.0,1.0,,8195.0,0.335193,1.0
8211.0,0.333474,0.333562,0.334892,0.334892,13.027334,3.814371,3.81629,5.0,5.0,18.440763,30.0,1.0,1.0,1.0,,8205.0,0.332395,1.0
8221.0,0.333207,0.333289,0.334614,0.334614,13.027928,3.778707,3.780511,5.0,5.0,18.027265,30.0,1.0,1.0,1.0,,8215.0,0.337158,1.0
8231.0,0.332939,0.333016,0.334333,0.334333,13.027483,3.79577,3.797372,5.0,5.0,18.224564,30.0,1.0,1.0,1.0,,8225.0,0.333714,1.0
8241.0,0.332671,0.332743,0.334055,0.334055,13.027796,3.774402,3.776295,5.0,5.0,17.976665,30.0,1.0,1.0,1.0,,8235.0,0.326018,1.0
8251.0,0.332403,0.33247,0.333776,0.333776,13.027168,3.80089,3.802792,5.0,5.0,18.283141,30.0,1.0,1.0,1.0,,8245.0,0.337214,1.0
8261.0,0.332135,0.332197,0.333496,0.333496,13.027045,3.801762,3.80356,5.0,5.0,18.292885,30.0,1.0,1.0,1.0,,8255.0,0.338126,1.0
8271.0,0.331868,0.331924,0.333216,0.333216,13.02714,3.791476,3.793198,5.0,5.0,18.17337,30.0,1.0,1.0,1.0,,8265.0,0.339306,1.0
8281.0,0.331601,0.331652,0.332936,0.332936,13.02786,3.749483,3.751314,5.0,5.0,17.686546,30.0,1.0,1.0,1.0,,8275.0,0.334145,1.0
8291.0,0.331333,0.331379,0.332656,0.332656,13.027569,3.758902,3.760555,5.0,5.0,17.795306,30.0,1.0,1.0,1.0,,8285.0,0.328617,1.0
8301.0,0.331065,0.331106,0.332373,0.332373,13.02742,3.76087,3.762797,5.0,5.0,17.817741,30.0,1.0,1.0,1.0,,8295.0,0.33337,1.0
8311.0,0.330797,0.330832,0.332089,0.332089,13.027151,3.768852,3.770626,5.0,5.0,17.909831,30.0,1.0,1.0,1.0,,8305.0,0.331173,1.0
8321.0,0.330528,0.330557,0.331811,0.331811,13.026707,3.785553,3.787176,5.0,5.0,18.102896,30.0,1.0,1.0,1.0,,8315.0,0.330404,1.0
8331.0,0.33026,0.330284,0.33153,0.33153,13.026567,3.787156,3.7889,5.0,5.0,18.121097,30.0,1.0,1.0,1.0,,8325.0,0.329862,1.0
8341.0,0.329992,0.330011,0.33125,0.33125,13.027532,3.732344,3.734182,5.0,5.0,17.485763,30.0,1.0,1.0,1.0,,8335.0,0.332213,1.0
8351.0,0.329723,0.329737,0.330971,0.330971,13.026033,3.802974,3.804619,5.0,5.0,18.303566,30.0,1.0,1.0,1.0,,8345.0,0.32662,1.0
8361.0,0.329454,0.329463,0.330688,0.330688,13.026356,3.78069,3.782483,5.0,5.0,18.045054,30.0,1.0,1.0,1.0,,8355.0,0.333509,1.0
8371.0,0.329185,0.329189,0.33041,0.33041,13.026567,3.764245,3.766016,5.0,5.0,17.854187,30.0,1.0,1.0,1.0,,8365.0,0.333482,1.0
8381.0,0.328918,0.328916,0.330129,0.330129,13.026266,3.774147,3.775901,5.0,5.0,17.968523,30.0,1.0,1.0,1.0,,8375.0,0.339451,1.0
8391.0,0.32865,0.328643,0.329855,0.329855,13.025488,3.808606,3.810434,5.0,5.0,18.367315,30.0,1.0,1.0,1.0,,8385.0,0.324089,1.0
8401.0,0.328383,0.32837,0.329575,0.329575,13.026579,3.747534,3.749383,5.0,5.0,17.659547,30.0,1.0,1.0,1.0,,8395.0,0.334206,1.0
8411.0,0.328114,0.328097,0.329295,0.329295,13.026391,3.751532,3.75337,5.0,5.0,17.70549,30.0,1.0,1.0,1.0,,8405.0,0.339882,1.0
8421.0,0.327846,0.327823,0.329013,0.329013,13.025081,3.812784,3.814462,5.0,5.0,18.414594,30.0,1.0,1.0,1.0,,8415.0,0.337839,1.0
8431.0,0.327578,0.32755,0.328733,0.328733,13.025546,3.783442,3.785328,5.0,5.0,18.074371,30.0,1.0,1.0,1.0,,8425.0,0.339647,1.0
8441.0,0.32731,0.327277,0.328455,0.328455,13.025723,3.769033,3.770938,5.0,5.0,17.907126,30.0,1.0,1.0,1.0,,8435.0,0.331282,1.0
8451.0,0.327043,0.327004,0.328174,0.328174,13.025309,3.784939,3.786761,5.0,5.0,18.091009,30.0,1.0,1.0,1.0,,8445.0,0.334798,1.0
8461.0,0.326776,0.326732,0.327894,0.327894,13.024988,3.796254,3.798203,5.0,5.0,18.221724,30.0,1.0,1.0,1.0,,8455.0,0.333236,1.0
8471.0,0.326508,0.326459,0.327616,0.327616,13.025765,3.751109,3.752975,5.0,5.0,17.698469,30.0,1.0,1.0,1.0,,8465.0,0.334772,1.0
8481.0,0.326241,0.326187,0.32734,0.32734,13.024735,3.798547,3.800404,5.0,5.0,18.247576,30.0,1.0,1.0,1.0,,8475.0,0.329027,1.0
8491.0,0.325974,0.325914,0.32706,0.32706,13.025583,3.74983,3.751522,5.0,5.0,17.682958,30.0,1.0,1.0,1.0,,8485.0,0.325136,1.0
8501.0,0.325705,0.32564,0.326781,0.326781,13.023556,3.847554,3.849224,5.0,5.0,18.814371,30.0,1.0,1.0,1.0,,8495.0,0.33428,1.0
8511.0,0.325437,0.325367,0.326504,0.326504,13.024997,3.768552,3.770335,5.0,5.0,17.899072,30.0,1.0,1.0,1.0,,8505.0,0.339809,1.0
8521.0,0.325169,0.325094,0.326224,0.326224,13.024888,3.768419,3.770252,5.0,5.0,17.897155,30.0,1.0,1.0,1.0,,8515.0,0.324398,1.0
8531.0,0.3249,0.32482,0.325945,0.325945,13.024448,3.785282,3.787093,5.0,5.0,18.09209,30.0,1.0,1.0,1.0,,8525.0,0.334303,1.0
8541.0,0.324632,0.324546,0.325665,0.325665,13.025025,3.750015,3.751999,5.0,5.0,17.683236,30.0,1.0,1.0,1.0,,8535.0,0.330761,1.0
8551.0,0.324364,0.324273,0.325385,0.325385,13.023146,3.840465,3.842184,5.0,5.0,18.730393,30.0,1.0,1.0,1.0,,8545.0,0.333429,1.0
8561.0,0.324098,0.324002,0.325107,0.325107,13.023949,3.794888,3.796729,5.0,5.0,18.202289,30.0,1.0,1.0,1.0,,8555.0,0.342659,1.0
8571.0,0.323831,0.323729,0.324828,0.324828,13.024579,3.757337,3.75906,5.0,5.0,17.767037,30.0,1.0,1.0,1.0,,8565.0,0.334463,1.0
8581.0,0.323562,0.323456,0.324549,0.324549,13.024301,3.765921,3.76776,5.0,5.0,17.866078,30.0,1.0,1.0,1.0,,8575.0,0.340391,1.0
8591.0,0.323295,0.323183,0.324271,0.324271,13.022986,3.827706,3.829434,5.0,5.0,18.581242,30.0,1.0,1.0,1.0,,8585.0,0.342075,1.0
8601.0,0.323026,0.322909,0.32399,0.32399,13.023159,3.81291,3.814608,5.0,5.0,18.40951,30.0,1.0,1.0,1.0,,8595.0,0.333206,1.0
8611.0,0.322757,0.322635,0.323709,0.323709,13.024054,3.761513,3.763379,5.0,5.0,17.813902,30.0,1.0,1.0,1.0,,8605.0,0.3369,1.0
8621.0,0.322489,0.322362,0.323433,0.323433,13.024192,3.748988,3.750857,5.0,5.0,17.66848,30.0,1.0,1.0,1.0,,8615.0,0.334614,1.0
8631.0,0.322221,0.322088,0.323157,0.323157,13.022619,3.823634,3.82526,5.0,5.0,18.53256,30.0,1.0,1.0,1.0,,8625.0,0.334704,1.0
8641.0,0.321953,0.321815,0.322878,0.322878,13.023172,3.789946,3.791599,5.0,5.0,18.142092,30.0,1.0,1.0,1.0,,8635.0,0.332148,1.0
8651.0,0.321686,0.321543,0.322598,0.322598,13.024587,3.712478,3.714289,5.0,5.0,17.244531,30.0,1.0,1.0,1.0,,8645.0,0.3381,1.0
8661.0,0.32142,0.321271,0.322323,0.322323,13.022816,3.798003,3.799823,5.0,5.0,18.234727,30.0,1.0,1.0,1.0,,8655.0,0.33406,1.0
8671.0,0.321151,0.320998,0.322049,0.322049,13.022396,3.813821,3.815542,5.0,5.0,18.417518,30.0,1.0,1.0,1.0,,8665.0,0.329804,1.0
8681.0,0.320883,0.320723,0.321771,0.321771,13.022223,3.816819,3.81847,5.0,5.0,18.451844,30.0,1.0,1.0,1.0,,8675.0,0.339352,1.0
8691.0,0.320615,0.320451,0.321494,0.321494,13.024364,3.70233,3.703823,5.0,5.0,17.125598,30.0,1.0,1.0,1.0,,8685.0,0.33502,1.0
8701.0,0.320348,0.320178,0.321217,0.321217,13.022701,3.781784,3.783563,5.0,5.0,18.045443,30.0,1.0,1.0,1.0,,8695.0,0.334391,1.0
8711.0,0.320079,0.319905,0.320938,0.320938,13.023061,3.757751,3.759537,5.0,5.0,17.766756,30.0,1.0,1.0,1.0,,8705.0,0.335976,1.0
8721.0,0.319811,0.319631,0.320661,0.320661,13.021697,3.821688,3.823475,5.0,5.0,18.50675,30.0,1.0,1.0,1.0,,8715.0,0.336984,1.0
8731.0,0.319542,0.319357,0.320384,0.320384,13.022531,3.773275,3.775049,5.0,5.0,17.945771,30.0,1.0,1.0,1.0,,8725.0,0.328664,1.0
8741.0,0.319272,0.319082,0.320106,0.320106,13.021303,3.829867,3.831636,5.0,5.0,18.600645,30.0,1.0,1.0,1.0,,8735.0,0.335904,1.0
8751.0,0.319004,0.318808,0.319824,0.319824,13.021464,3.816058,3.817743,5.0,5.0,18.440389,30.0,1.0,1.0,1.0,,8745.0,0.331216,1.0
8761.0,0.318736,0.318535,0.319545,0.319545,13.021692,3.798838,3.800695,5.0,5.0,18.240626,30.0,1.0,1.0,1.0,,8755.0,0.326053,1.0
8771.0,0.318468,0.318261,0.319272,0.319272,13.021885,3.783568,3.785287,5.0,5.0,18.063451,30.0,1.0,1.0,1.0,,8765.0,0.338618,1.0
8781.0,0.318199,0.317988,0.318995,0.318995,13.0223,3.756755,3.758603,5.0,5.0,17.752598,30.0,1.0,1.0,1.0,,8775.0,0.335381,1.0
8791.0,0.317932,0.317715,0.318717,0.318717,13.022251,3.753972,3.755696,5.0,5.0,17.720022,30.0,1.0,1.0,1.0,,8785.0,0.337861,1.0
8801.0,0.317664,0.317442,0.31844,0.31844,13.021753,3.774088,3.775859,5.0,5.0,17.952608,30.0,1.0,1.0,1.0,,8795.0,0.332517,1.0
8811.0,0.317397,0.317169,0.318164,0.318164,13.021248,3.794589,3.796355,5.0,5.0,18.189645,30.0,1.0,1.0,1.0,,8805.0,0.327629,1.0
8821.0,0.317129,0.316896,0.317886,0.317886,13.022046,3.748512,3.750255,5.0,5.0,17.655747,30.0,1.0,1.0,1.0,,8815.0,0.322107,1.0
8831.0,0.316862,0.316624,0.317612,0.317612,13.021199,3.786563,3.788318,5.0,5.0,18.096007,30.0,1.0,1.0,1.0,,8825.0,0.329041,1.0
8841.0,0.316594,0.316351,0.317336,0.317336,13.020709,3.806236,3.808004,5.0,5.0,18.323437,30.0,1.0,1.0,1.0,,8835.0,0.324412,1.0
8851.0,0.316326,0.316078,0.317058,0.317058,13.020654,3.803517,3.805097,5.0,5.0,18.29159,30.0,1.0,1.0,1.0,,8845.0,0.332007,1.0
8861.0,0.316059,0.315805,0.316782,0.316782,13.021409,3.759705,3.761406,5.0,5.0,17.783956,30.0,1.0,1.0,1.0,,8854.0,0.331335,1.0
8871.0,0.315791,0.315532,0.316508,0.316508,13.020542,3.798466,3.800279,5.0,5.0,18.232395,30.0,1.0,1.0,1.0,,8864.0,0.330431,1.0
8881.0,0.315523,0.315258,0.316232,0.316232,13.020497,3.795145,3.796998,5.0,5.0,18.193566,30.0,1.0,1.0,1.0,,8874.0,0.345907,1.0
8891.0,0.315255,0.314986,0.315955,0.315955,13.021076,3.760338,3.76232,5.0,5.0,17.79021,30.0,1.0,1.0,1.0,,8884.0,0.329354,1.0
8901.0,0.314988,0.314714,0.315684,0.315684,13.019634,3.82876,3.830514,5.0,5.0,18.582039,30.0,1.0,1.0,1.0,,8894.0,0.323197,1.0
8911.0,0.314719,0.31444,0.315404,0.315404,13.019995,3.804542,3.806426,5.0,5.0,18.301283,30.0,1.0,1.0,1.0,,8904.0,0.341008,1.0
8921.0,0.314452,0.314167,0.315132,0.315132,13.020699,3.763519,3.765269,5.0,5.0,17.825977,30.0,1.0,1.0,1.0,,8914.0,0.333897,1.0
8931.0,0.314185,0.313895,0.314858,0.314858,13.02055,3.765898,3.767657,5.0,5.0,17.853175,30.0,1.0,1.0,1.0,,8924.0,0.345592,1.0
8941.0,0.313918,0.313623,0.314582,0.314582,13.020717,3.752214,3.754014,5.0,5.0,17.694395,30.0,1.0,1.0,1.0,,8934.0,0.334594,1.0
8951.0,0.31365,0.313349,0.314304,0.314304,13.019504,3.808277,3.810081,5.0,5.0,18.343103,30.0,1.0,1.0,1.0,,8944.0,0.336819,1.0
8961.0,0.313383,0.313077,0.314029,0.314029,13.020573,3.748682,3.750567,5.0,5.0,17.652783,30.0,1.0,1.0,1.0,,8954.0,0.33501,1.0
8971.0,0.313115,0.312804,0.313752,0.313752,13.020633,3.740209,3.74199,5.0,5.0,17.554327,30.0,1.0,1.0,1.0,,8964.0,0.32541,1.0
8981.0,0.312847,0.31253,0.313478,0.313478,13.018428,3.847099,3.849016,5.0,5.0,18.791418,30.0,1.0,1.0,1.0,,8974.0,0.334509,1.0
8991.0,0.31258,0.312258,0.313202,0.313202,13.018598,3.83318,3.835,5.0,5.0,18.629953,30.0,1.0,1.0,1.0,,8984.0,0.330351,1.0
9001.0,0.312312,0.311985,0.312924,0.312924,13.018474,3.833879,3.835789,5.0,5.0,18.637667,30.0,1.0,1.0,1.0,,8994.0,0.330554,1.0
9011.0,0.312043,0.311711,0.312647,0.312647,13.020539,3.722804,3.724506,5.0,5.0,17.35134,30.0,1.0,1.0,1.0,,9004.0,0.327146,1.0
9021.0,0.311775,0.311437,0.312373,0.312373,13.019002,3.795567,3.797351,5.0,5.0,18.193401,30.0,1.0,1.0,1.0,,9014.0,0.332464,1.0
9031.0,0.311506,0.311163,0.312091,0.312091,13.018384,3.821189,3.822914,5.0,5.0,18.489611,30.0,1.0,1.0,1.0,,9024.0,0.335559,1.0
9041.0,0.311236,0.310888,0.311812,0.311812,13.018179,3.825607,3.827503,5.0,5.0,18.540342,30.0,1.0,1.0,1.0,,9034.0,0.324439,1.0
9051.0,0.310969,0.310616,0.311534,0.311534,13.018923,3.782569,3.784435,5.0,5.0,18.041806,30.0,1.0,1.0,1.0,,9044.0,0.337446,1.0
9061.0,0.310702,0.310343,0.31126,0.31126,13.018319,3.807995,3.809852,5.0,5.0,18.335783,30.0,1.0,1.0,1.0,,9054.0,0.338274,1.0
9071.0,0.310434,0.310071,0.310987,0.310987,13.019121,3.761836,3.763773,5.0,5.0,17.801071,30.0,1.0,1.0,1.0,,9064.0,0.340086,1.0
9081.0,0.310166,0.309797,0.310711,0.310711,13.019228,3.750634,3.752332,5.0,5.0,17.671003,30.0,1.0,1.0,1.0,,9074.0,0.336519,1.0
9091.0,0.309897,0.309523,0.310434,0.310434,13.018487,3.782771,3.784456,5.0,5.0,18.04268,30.0,1.0,1.0,1.0,,9084.0,0.336629,1.0
9101.0,0.309629,0.309249,0.310159,0.310159,13.018233,3.789993,3.791807,5.0,5.0,18.125901,30.0,1.0,1.0,1.0,,9094.0,0.329122,1.0
9111.0,0.30936,0.308975,0.309883,0.309883,13.018577,3.766781,3.768425,5.0,5.0,17.856815,30.0,1.0,1.0,1.0,,9104.0,0.330558,1.0
9121.0,0.309092,0.308701,0.309608,0.309608,13.017694,3.806113,3.8079,5.0,5.0,18.311749,30.0,1.0,1.0,1.0,,9114.0,0.334455,1.0
9131.0,0.308823,0.308428,0.309331,0.309331,13.017759,3.797191,3.79893,5.0,5.0,18.208097,30.0,1.0,1.0,1.0,,9124.0,0.344334,1.0
9141.0,0.308556,0.308155,0.30906,0.30906,13.017895,3.784942,3.786719,5.0,5.0,18.065956,30.0,1.0,1.0,1.0,,9134.0,0.334997,1.0
9151.0,0.308287,0.307881,0.308782,0.308782,13.017634,3.792722,3.794486,5.0,5.0,18.155641,30.0,1.0,1.0,1.0,,9144.0,0.342733,1.0
9161.0,0.30802,0.307609,0.308508,0.308508,13.017664,3.785999,3.787862,5.0,5.0,18.077481,30.0,1.0,1.0,1.0,,9154.0,0.3287,1.0
9171.0,0.307752,0.307336,0.308233,0.308233,13.016992,3.814919,3.816726,5.0,5.0,18.411861,30.0,1.0,1.0,1.0,,9164.0,0.330437,1.0
9181.0,0.307483,0.307061,0.307953,0.307953,13.017055,3.805593,3.807257,5.0,5.0,18.303511,30.0,1.0,1.0,1.0,,9174.0,0.333112,1.0
9191.0,0.307215,0.306788,0.307676,0.307676,13.017983,3.752848,3.754657,5.0,5.0,17.692603,30.0,1.0,1.0,1.0,,9184.0,0.330555,1.0
9201.0,0.306946,0.306514,0.307401,0.307401,13.01625,3.835765,3.837533,5.0,5.0,18.651995,30.0,1.0,1.0,1.0,,9194.0,0.330443,1.0
9211.0,0.306679,0.306241,0.307128,0.307128,13.016853,3.799548,3.801338,5.0,5.0,18.23245,30.0,1.0,1.0,1.0,,9204.0,0.32251,1.0
9221.0,0.306411,0.305968,0.306847,0.306847,13.017037,3.784777,3.786553,5.0,5.0,18.061125,30.0,1.0,1.0,1.0,,9214.0,0.325498,1.0
9231.0,0.306142,0.305695,0.306574,0.306574,13.017604,3.750292,3.752186,5.0,5.0,17.661582,30.0,1.0,1.0,1.0,,9224.0,0.32262,1.0
9241.0,0.305874,0.305421,0.306293,0.306293,13.016134,3.819746,3.821502,5.0,5.0,18.465129,30.0,1.0,1.0,1.0,,9234.0,0.331906,1.0
9251.0,0.305607,0.305149,0.306018,0.306018,13.016723,3.784675,3.786491,5.0,5.0,18.058876,30.0,1.0,1.0,1.0,,9244.0,0.328401,1.0
9261.0,0.30534,0.304876,0.305748,0.305748,13.01624,3.804101,3.805845,5.0,5.0,18.283373,30.0,1.0,1.0,1.0,,9254.0,0.334025,1.0
9271.0,0.305071,0.304603,0.30547,0.30547,13.015934,3.814057,3.815916,5.0,5.0,18.398227,30.0,1.0,1.0,1.0,,9264.0,0.331581,1.0
9281.0,0.304802,0.304328,0.305194,0.305194,13.014928,3.859554,3.861351,5.0,5.0,18.924352,30.0,1.0,1.0,1.0,,9274.0,0.323682,1.0
9291.0,0.304535,0.304056,0.304919,0.304919,13.016647,3.766569,3.7683,5.0,5.0,17.84785,30.0,1.0,1.0,1.0,,9284.0,0.334398,1.0
9301.0,0.304268,0.303783,0.304646,0.304646,13.016422,3.772796,3.774634,5.0,5.0,17.919574,30.0,1.0,1.0,1.0,,9294.0,0.330993,1.0
9311.0,0.304,0.303511,0.304372,0.304372,13.016501,3.76365,3.765455,5.0,5.0,17.81337,30.0,1.0,1.0,1.0,,9304.0,0.333808,1.0
9321.0,0.303732,0.303237,0.304091,0.304091,13.016183,3.774157,3.775963,5.0,5.0,17.934615,30.0,1.0,1.0,1.0,,9314.0,0.339677,1.0
9331.0,0.303463,0.302963,0.303813,0.303813,13.016415,3.756653,3.758333,5.0,5.0,17.731629,30.0,1.0,1.0,1.0,,9324.0,0.343824,1.0
9341.0,0.303195,0.30269,0.30354,0.30354,13.015942,3.775342,3.77723,5.0,5.0,17.947597,30.0,1.0,1.0,1.0,,9334.0,0.332043,1.0
9351.0,0.302927,0.302416,0.303263,0.303263,13.015625,3.78588,3.787612,5.0,5.0,18.069188,30.0,1.0,1.0,1.0,,9344.0,0.332227,1.0
9361.0,0.302658,0.302142,0.30299,0.30299,13.015443,3.789328,3.791143,5.0,5.0,18.108701,30.0,1.0,1.0,1.0,,9354.0,0.348509,1.0
9371.0,0.30239,0.301868,0.302716,0.302716,13.015433,3.784317,3.786117,5.0,5.0,18.050338,30.0,1.0,1.0,1.0,,9364.0,0.330271,1.0
9381.0,0.302121,0.301595,0.302444,0.302444,13.015092,3.796194,3.797974,5.0,5.0,18.187429,30.0,1.0,1.0,1.0,,9374.0,0.324456,1.0
9391.0,0.301853,0.301322,0.302168,0.302168,13.015755,3.756901,3.758831,5.0,5.0,17.732307,30.0,1.0,1.0,1.0,,9383.0,0.332213,1.0
9401.0,0.301584,0.301047,0.301893,0.301893,13.015668,3.755501,3.757336,5.0,5.0,17.71572,30.0,1.0,1.0,1.0,,9393.0,0.33094,1.0
9411.0,0.301316,0.300774,0.301619,0.301619,13.01445,3.812261,3.81413,5.0,5.0,18.372257,30.0,1.0,1.0,1.0,,9403.0,0.333954,1.0
9421.0,0.301048,0.300501,0.301343,0.301343,13.015045,3.776474,3.778434,5.0,5.0,17.957742,30.0,1.0,1.0,1.0,,9413.0,0.331925,1.0
9431.0,0.30078,0.300227,0.301067,0.301067,13.015477,3.748964,3.750691,5.0,5.0,17.638985,30.0,1.0,1.0,1.0,,9423.0,0.332217,1.0
9441.0,0.300514,0.299956,0.300795,0.300795,13.014181,3.8102,3.811991,5.0,5.0,18.347351,30.0,1.0,1.0,1.0,,9433.0,0.327102,1.0
9451.0,0.300245,0.299682,0.300521,0.300521,13.014734,3.776333,3.778143,5.0,5.0,17.955047,30.0,1.0,1.0,1.0,,9443.0,0.33147,1.0
9461.0,0.299978,0.299409,0.300246,0.300246,13.014534,3.781443,3.783231,5.0,5.0,18.013854,30.0,1.0,1.0,1.0,,9453.0,0.337383,1.0
9471.0,0.29971,0.299136,0.299976,0.299976,13.014378,3.773092,3.774966,5.0,5.0,17.916123,30.0,1.0,1.0,1.0,,9463.0,0.339868,1.0
9481.0,0.299441,0.298862,0.299699,0.299699,13.012849,3.834346,3.836266,5.0,5.0,18.623813,30.0,1.0,1.0,1.0,,9473.0,0.32396,1.0
9491.0,0.299172,0.298588,0.299423,0.299423,13.013753,3.771497,3.773263,5.0,5.0,17.895449,30.0,1.0,1.0,1.0,,9483.0,0.337443,1.0
9501.0,0.298904,0.298314,0.299141,0.299141,13.013168,3.784877,3.786678,5.0,5.0,18.049196,30.0,1.0,1.0,1.0,,9493.0,0.340338,1.0
9511.0,0.298637,0.298042,0.29887,0.29887,13.013184,3.768026,3.769692,5.0,5.0,17.853138,30.0,1.0,1.0,1.0,,9503.0,0.331368,1.0
9521.0,0.298369,0.297769,0.298596,0.298596,13.012629,3.780162,3.781902,5.0,5.0,17.9925,30.0,1.0,1.0,1.0,,9513.0,0.334675,1.0
9531.0,0.298102,0.297496,0.298318,0.298318,13.012656,3.762493,3.764376,5.0,5.0,17.786976,30.0,1.0,1.0,1.0,,9523.0,0.331085,1.0
9541.0,0.297833,0.297222,0.298038,0.298038,13.011503,3.804571,3.806239,5.0,5.0,18.272729,30.0,1.0,1.0,1.0,,9533.0,0.332427,1.0
9551.0,0.297564,0.296948,0.29776,0.29776,13.011724,3.776673,3.778476,5.0,5.0,17.948833,30.0,1.0,1.0,1.0,,9543.0,0.337259,1.0
9561.0,0.297295,0.296674,0.297484,0.297484,13.010811,3.806652,3.808357,5.0,5.0,18.294581,30.0,1.0,1.0,1.0,,9553.0,0.334676,1.0
9571.0,0.297029,0.296402,0.297211,0.297211,13.011653,3.747728,3.749404,5.0,5.0,17.611786,30.0,1.0,1.0,1.0,,9563.0,0.347252,1.0
9581.0,0.29676,0.296128,0.296937,0.296937,13.010695,3.780041,3.78184,5.0,5.0,17.984547,30.0,1.0,1.0,1.0,,9573.0,0.327611,1.0
9591.0,0.296492,0.295855,0.296664,0.296664,13.0098,3.809475,3.811202,5.0,5.0,18.323986,30.0,1.0,1.0,1.0,,9583.0,0.325075,1.0
9601.0,0.296224,0.295582,0.296385,0.296385,13.011012,3.731041,3.732853,5.0,5.0,17.415467,30.0,1.0,1.0,1.0,,9593.0,0.334579,1.0
9611.0,0.295956,0.295309,0.29611,0.29611,13.009553,3.789156,3.791226,5.0,5.0,18.086737,30.0,1.0,1.0,1.0,,9603.0,0.333304,1.0
9621.0,0.295688,0.295036,0.295838,0.295838,13.009792,3.760672,3.762444,5.0,5.0,17.75615,30.0,1.0,1.0,1.0,,9613.0,0.329929,1.0
9631.0,0.295422,0.294764,0.295566,0.295566,13.009977,3.735412,3.737235,5.0,5.0,17.462868,30.0,1.0,1.0,1.0,,9623.0,0.33597,1.0
9641.0,0.295153,0.294489,0.295292,0.295292,13.007861,3.826588,3.828417,5.0,5.0,18.51646,30.0,1.0,1.0,1.0,,9633.0,0.328769,1.0
9651.0,0.294884,0.294215,0.295012,0.295012,13.007808,3.812545,3.814317,5.0,5.0,18.352918,30.0,1.0,1.0,1.0,,9643.0,0.334321,1.0
9661.0,0.294615,0.293941,0.294737,0.294737,13.007772,3.797585,3.799449,5.0,5.0,18.178767,30.0,1.0,1.0,1.0,,9652.0,0.324292,1.0
9671.0,0.294347,0.293668,0.294462,0.294462,13.008002,3.769514,3.771228,5.0,5.0,17.852982,30.0,1.0,1.0,1.0,,9662.0,0.345299,1.0
9681.0,0.294078,0.293394,0.294189,0.294189,13.007829,3.761739,3.763566,5.0,5.0,17.761951,30.0,1.0,1.0,1.0,,9672.0,0.338332,1.0
9691.0,0.29381,0.293121,0.293914,0.293914,13.007953,3.739035,3.74089,5.0,5.0,17.49825,30.0,1.0,1.0,1.0,,9682.0,0.33148,1.0
9701.0,0.293542,0.292847,0.293643,0.293643,13.006158,3.814013,3.815874,5.0,5.0,18.364366,30.0,1.0,1.0,1.0,,9692.0,0.330059,1.0
9711.0,0.293274,0.292574,0.293367,0.293367,13.007429,3.73287,3.73466,5.0,5.0,17.424781,30.0,1.0,1.0,1.0,,9702.0,0.339129,1.0
9721.0,0.293006,0.292301,0.293099,0.293099,13.005844,3.797487,3.799241,5.0,5.0,18.171075,30.0,1.0,1.0,1.0,,9712.0,0.337366,1.0
9731.0,0.292739,0.292028,0.292829,0.292829,13.006658,3.739873,3.741658,5.0,5.0,17.503672,30.0,1.0,1.0,1.0,,9722.0,0.336,1.0
9741.0,0.292471,0.291755,0.292551,0.292551,13.006335,3.740034,3.741824,5.0,5.0,17.504459,30.0,1.0,1.0,1.0,,9732.0,0.346443,1.0
9751.0,0.292202,0.291481,0.292278,0.292278,13.005752,3.752841,3.754554,5.0,5.0,17.651467,30.0,1.0,1.0,1.0,,9742.0,0.333979,1.0
9761.0,0.291935,0.291209,0.292007,0.292007,13.005397,3.755092,3.756942,5.0,5.0,17.676459,30.0,1.0,1.0,1.0,,9752.0,0.337874,1.0
9771.0,0.291667,0.290936,0.291737,0.291737,13.004151,3.802427,3.804183,5.0,5.0,18.222779,30.0,1.0,1.0,1.0,,9762.0,0.336764,1.0
9781.0,0.291398,0.290662,0.291457,0.291457,13.004151,3.785745,3.787758,5.0,5.0,18.028767,30.0,1.0,1.0,1.0,,9772.0,0.340642,1.0
9791.0,0.291131,0.290389,0.29119,0.29119,13.004658,3.743505,3.745292,5.0,5.0,17.539216,30.0,1.0,1.0,1.0,,9782.0,0.327373,1.0
9801.0,0.290863,0.290115,0.290917,0.290917,13.003253,3.798861,3.800632,5.0,5.0,18.178253,30.0,1.0,1.0,1.0,,9792.0,0.336279,1.0
9811.0,0.290594,0.289842,0.290643,0.290643,13.002982,3.796165,3.798016,5.0,5.0,18.145987,30.0,1.0,1.0,1.0,,9802.0,0.33306,1.0
9821.0,0.290326,0.289568,0.29037,0.29037,13.002649,3.796547,3.798452,5.0,5.0,18.149287,30.0,1.0,1.0,1.0,,9812.0,0.336602,1.0
9831.0,0.290056,0.289293,0.290096,0.290096,13.002327,3.795905,3.797808,5.0,5.0,18.140733,30.0,1.0,1.0,1.0,,9822.0,0.335274,1.0
9841.0,0.289787,0.289019,0.289824,0.289824,13.001957,3.798176,3.799926,5.0,5.0,18.165881,30.0,1.0,1.0,1.0,,9832.0,0.322947,1.0
9851.0,0.28952,0.288747,0.289553,0.289553,13.00279,3.739742,3.741471,5.0,5.0,17.48921,30.0,1.0,1.0,1.0,,9842.0,0.334684,1.0
9861.0,0.289253,0.288474,0.289283,0.289283,13.001905,3.768809,3.770502,5.0,5.0,17.824237,30.0,1.0,1.0,1.0,,9852.0,0.337125,1.0
9871.0,0.288985,0.288201,0.289011,0.289011,12.999858,3.856922,3.858714,5.0,5.0,18.841737,30.0,1.0,1.0,1.0,,9862.0,0.336821,1.0
9881.0,0.288718,0.287928,0.288738,0.288738,13.000842,3.790503,3.792305,5.0,5.0,18.072879,30.0,1.0,1.0,1.0,,9872.0,0.326264,1.0
9891.0,0.288448,0.287653,0.288465,0.288465,12.999967,3.818134,3.819841,5.0,5.0,18.391157,30.0,1.0,1.0,1.0,,9882.0,0.339478,1.0
9901.0,0.28818,0.28738,0.288195,0.288195,12.99969,3.815959,3.817764,5.0,5.0,18.364927,30.0,1.0,1.0,1.0,,9892.0,0.338006,1.0
9911.0,0.287913,0.287108,0.287924,0.287924,13.00072,3.747298,3.749009,5.0,5.0,17.570143,30.0,1.0,1.0,1.0,,9902.0,0.335214,1.0
9921.0,0.287644,0.286834,0.287652,0.287652,13.000216,3.756471,3.758271,5.0,5.0,17.675092,30.0,1.0,1.0,1.0,,9912.0,0.338609,1.0
9931.0,0.287376,0.286561,0.28738,0.28738,12.9996,3.771525,3.773429,5.0,5.0,17.848038,30.0,1.0,1.0,1.0,,9922.0,0.321143,1.0
9941.0,0.287108,0.286287,0.287107,0.287107,12.999324,3.769098,3.770896,5.0,5.0,17.81889,30.0,1.0,1.0,1.0,,9931.0,0.331972,1.0
9951.0,0.286841,0.286015,0.286837,0.286837,12.99877,3.781133,3.783065,5.0,5.0,17.956937,30.0,1.0,1.0,1.0,,9941.0,0.333026,1.0
9961.0,0.286573,0.285741,0.286567,0.286567,12.998903,3.758067,3.759786,5.0,5.0,17.689238,30.0,1.0,1.0,1.0,,9950.0,0.328287,1.0
9971.0,0.286305,0.285468,0.286299,0.286299,12.997393,3.818718,3.820609,5.0,5.0,18.389158,30.0,1.0,1.0,1.0,,9960.0,0.31975,1.0
9981.0,0.286036,0.285194,0.286025,0.286025,12.997518,3.795666,3.797372,5.0,5.0,18.121631,30.0,1.0,1.0,1.0,,9970.0,0.321055,1.0
9991.0,0.285768,0.284921,0.285753,0.285753,12.996942,3.808709,3.810538,5.0,5.0,18.271276,30.0,1.0,1.0,1.0,,9980.0,0.332442,1.0
10001.0,0.285499,0.284647,0.285484,0.285484,12.998159,3.729872,3.73167,5.0,5.0,17.358991,30.0,1.0,1.0,1.0,,9990.0,0.339778,1.0
10011.0,0.285231,0.284373,0.285212,0.285212,12.996192,3.813639,3.815438,5.0,5.0,18.32602,30.0,1.0,1.0,1.0,,10000.0,0.33445,1.0
10021.0,0.284963,0.2841,0.28494,0.28494,12.997264,3.742746,3.744503,5.0,5.0,17.505643,30.0,1.0,1.0,1.0,,10010.0,0.336936,1.0
10031.0,0.284694,0.283826,0.284669,0.284669,12.996117,3.784677,3.786512,5.0,5.0,17.989156,30.0,1.0,1.0,1.0,,10020.0,0.333697,1.0
10041.0,0.284426,0.283553,0.284398,0.284398,12.995274,3.811153,3.812946,5.0,5.0,18.293995,30.0,1.0,1.0,1.0,,10030.0,0.330578,1.0
10051.0,0.284157,0.283278,0.284128,0.284128,12.994802,3.818472,3.820069,5.0,5.0,18.377456,30.0,1.0,1.0,1.0,,10040.0,0.334936,1.0
10061.0,0.283889,0.283005,0.283856,0.283856,12.995172,3.783024,3.784975,5.0,5.0,17.966741,30.0,1.0,1.0,1.0,,10050.0,0.338632,1.0
10071.0,0.283619,0.28273,0.283582,0.283582,12.994724,3.789026,3.790769,5.0,5.0,18.034983,30.0,1.0,1.0,1.0,,10060.0,0.350479,1.0
10081.0,0.283352,0.282458,0.283319,0.283319,12.99473,3.772687,3.774405,5.0,5.0,17.845114,30.0,1.0,1.0,1.0,,10070.0,0.33078,1.0
10091.0,0.283082,0.282182,0.283046,0.283046,12.993895,3.798222,3.800009,5.0,5.0,18.139038,30.0,1.0,1.0,1.0,,10080.0,0.33318,1.0
10101.0,0.282814,0.281909,0.282774,0.282774,12.99485,3.733209,3.735055,5.0,5.0,17.386728,30.0,1.0,1.0,1.0,,10090.0,0.332417,1.0
10111.0,0.282545,0.281635,0.282503,0.282503,12.99311,3.805375,3.807257,5.0,5.0,18.219484,30.0,1.0,1.0,1.0,,10099.0,0.337117,1.0
10121.0,0.282278,0.281363,0.282233,0.282233,12.993347,3.777196,3.778995,5.0,5.0,17.892854,30.0,1.0,1.0,1.0,,10109.0,0.333402,1.0
10131.0,0.282008,0.281088,0.281957,0.281957,12.993269,3.764251,3.766037,5.0,5.0,17.742162,30.0,1.0,1.0,1.0,,10119.0,0.325647,1.0
10141.0,0.281739,0.280813,0.281685,0.281685,12.992851,3.768647,3.770502,5.0,5.0,17.791841,30.0,1.0,1.0,1.0,,10129.0,0.337997,1.0
10151.0,0.281471,0.280539,0.281415,0.281415,12.992058,3.79269,3.79459,5.0,5.0,18.068515,30.0,1.0,1.0,1.0,,10139.0,0.335764,1.0
10161.0,0.281202,0.280266,0.281144,0.281144,12.991782,3.790246,3.791932,5.0,5.0,18.039187,30.0,1.0,1.0,1.0,,10149.0,0.336905,1.0
10171.0,0.280933,0.279991,0.280876,0.280876,12.991564,3.784515,3.786346,5.0,5.0,17.971857,30.0,1.0,1.0,1.0,,10159.0,0.334345,1.0
10181.0,0.280663,0.279716,0.280604,0.280604,12.992768,3.706268,3.70808,5.0,5.0,17.066733,30.0,1.0,1.0,1.0,,10169.0,0.338376,1.0
10191.0,0.280395,0.279443,0.280335,0.280335,12.990156,3.823158,3.824845,5.0,5.0,18.416017,30.0,1.0,1.0,1.0,,10179.0,0.337168,1.0
10201.0,0.280126,0.279168,0.280063,0.280063,12.990616,3.782984,3.784809,5.0,5.0,17.950859,30.0,1.0,1.0,1.0,,10189.0,0.329581,1.0
10211.0,0.279857,0.278895,0.279791,0.279791,12.991431,3.724952,3.726852,5.0,5.0,17.279382,30.0,1.0,1.0,1.0,,10199.0,0.338531,1.0
10221.0,0.27959,0.278622,0.27952,0.27952,12.988939,3.836098,3.837865,5.0,5.0,18.56218,30.0,1.0,1.0,1.0,,10209.0,0.342389,1.0
10231.0,0.279321,0.278348,0.279249,0.279249,12.988422,3.846072,3.847895,5.0,5.0,18.676258,30.0,1.0,1.0,1.0,,10219.0,0.343408,1.0
10241.0,0.279052,0.278074,0.278978,0.278978,12.989165,3.791557,3.793427,5.0,5.0,18.045549,30.0,1.0,1.0,1.0,,10229.0,0.326275,1.0
10251.0,0.278783,0.277799,0.278705,0.278705,12.987553,3.856824,3.858589,5.0,5.0,18.798155,30.0,1.0,1.0,1.0,,10239.0,0.332372,1.0
10261.0,0.278514,0.277524,0.278428,0.278428,12.989382,3.746738,3.748469,5.0,5.0,17.525633,30.0,1.0,1.0,1.0,,10249.0,0.330182,1.0
10271.0,0.278244,0.27725,0.278155,0.278155,12.989962,3.700373,3.70212,5.0,5.0,16.988953,30.0,1.0,1.0,1.0,,10259.0,0.340216,1.0
10281.0,0.277975,0.276976,0.277889,0.277889,12.987045,3.832664,3.834418,5.0,5.0,18.515793,30.0,1.0,1.0,1.0,,10269.0,0.344527,1.0
10291.0,0.277707,0.276702,0.277617,0.277617,12.987693,3.783419,3.785307,5.0,5.0,17.946031,30.0,1.0,1.0,1.0,,10279.0,0.329341,1.0
10301.0,0.277438,0.276428,0.277349,0.277349,12.987013,3.8015,3.803228,5.0,5.0,18.153733,30.0,1.0,1.0,1.0,,10289.0,0.331852,1.0
10311.0,0.277169,0.276154,0.277078,0.277078,12.985953,3.838991,3.840814,5.0,5.0,18.585536,30.0,1.0,1.0,1.0,,10299.0,0.333932,1.0
10321.0,0.276901,0.275881,0.276813,0.276813,12.986964,3.771202,3.773076,5.0,5.0,17.801667,30.0,1.0,1.0,1.0,,10309.0,0.335838,1.0
10331.0,0.276633,0.275607,0.276546,0.276546,12.985629,3.823255,3.824991,5.0,5.0,18.401676,30.0,1.0,1.0,1.0,,10319.0,0.342188,1.0
10341.0,0.276365,0.275334,0.276278,0.276278,12.985634,3.806531,3.808274,5.0,5.0,18.207471,30.0,1.0,1.0,1.0,,10329.0,0.332351,1.0
10351.0,0.276097,0.27506,0.276008,0.276008,12.985699,3.786886,3.788671,5.0,5.0,17.979549,30.0,1.0,1.0,1.0,,10339.0,0.334572,1.0
10361.0,0.275829,0.274787,0.275739,0.275739,12.985663,3.772696,3.774405,5.0,5.0,17.814635,30.0,1.0,1.0,1.0,,10349.0,0.324836,1.0
10371.0,0.275561,0.274514,0.27547,0.27547,12.984465,3.817651,3.819446,5.0,5.0,18.332618,30.0,1.0,1.0,1.0,,10359.0,0.341852,1.0
10381.0,0.275291,0.274239,0.275198,0.275198,12.984254,3.811359,3.813113,5.0,5.0,18.258836,30.0,1.0,1.0,1.0,,10369.0,0.330286,1.0
10391.0,0.275023,0.273966,0.274931,0.274931,12.985575,3.727674,3.729469,5.0,5.0,17.291486,30.0,1.0,1.0,1.0,,10379.0,0.324134,1.0
10401.0,0.274754,0.273692,0.274659,0.274659,12.984497,3.766152,3.767968,5.0,5.0,17.734705,30.0,1.0,1.0,1.0,,10389.0,0.340707,1.0
10411.0,0.274487,0.273419,0.274391,0.274391,12.984372,3.756616,3.758188,5.0,5.0,17.623552,30.0,1.0,1.0,1.0,,10399.0,0.325962,1.0
10421.0,0.274219,0.273146,0.274122,0.274122,12.983703,3.774478,3.776274,5.0,5.0,17.828707,30.0,1.0,1.0,1.0,,10409.0,0.329375,1.0
10431.0,0.27395,0.272871,0.273849,0.273849,12.983377,3.774343,3.776046,5.0,5.0,17.826047,30.0,1.0,1.0,1.0,,10419.0,0.340841,1.0
10441.0,0.273681,0.272597,0.273575,0.273575,12.983444,3.754297,3.756049,5.0,5.0,17.593515,30.0,1.0,1.0,1.0,,10429.0,0.328504,1.0
10451.0,0.273413,0.272324,0.273307,0.273307,12.983454,3.73756,3.739332,5.0,5.0,17.399198,30.0,1.0,1.0,1.0,,10439.0,0.336637,1.0
10461.0,0.273143,0.272049,0.273038,0.273038,12.981535,3.818628,3.820505,5.0,5.0,18.333958,30.0,1.0,1.0,1.0,,10449.0,0.341595,1.0
10471.0,0.272874,0.271774,0.272769,0.272769,12.981903,3.783069,3.784913,5.0,5.0,17.92237,30.0,1.0,1.0,1.0,,10459.0,0.334671,1.0
10481.0,0.272606,0.271501,0.2725,0.2725,12.981328,3.796084,3.797974,5.0,5.0,18.07153,30.0,1.0,1.0,1.0,,10469.0,0.334925,1.0
10491.0,0.272337,0.271227,0.272229,0.272229,12.980831,3.805033,3.8068,5.0,5.0,18.173729,30.0,1.0,1.0,1.0,,10479.0,0.333349,1.0
10501.0,0.272068,0.270953,0.271962,0.271962,12.980777,3.791244,3.79297,5.0,5.0,18.013466,30.0,1.0,1.0,1.0,,10489.0,0.324738,1.0
10511.0,0.271799,0.270679,0.271695,0.271695,12.97975,3.826974,3.828791,5.0,5.0,18.424737,30.0,1.0,1.0,1.0,,10499.0,0.334016,1.0
10521.0,0.271531,0.270405,0.271427,0.271427,12.979873,3.804325,3.806073,5.0,5.0,18.162247,30.0,1.0,1.0,1.0,,10509.0,0.335812,1.0
10531.0,0.271262,0.270131,0.271157,0.271157,12.979546,3.804312,3.806177,5.0,5.0,18.160985,30.0,1.0,1.0,1.0,,10519.0,0.340287,1.0
10541.0,0.270992,0.269855,0.270883,0.270883,12.979035,3.813379,3.815085,5.0,5.0,18.264495,30.0,1.0,1.0,1.0,,10529.0,0.327326,1.0
10551.0,0.270724,0.269582,0.270616,0.270616,12.979929,3.751687,3.753578,5.0,5.0,17.551406,30.0,1.0,1.0,1.0,,10539.0,0.335278,1.0
10561.0,0.270456,0.269309,0.270351,0.270351,12.979326,3.766416,3.768093,5.0,5.0,17.720357,30.0,1.0,1.0,1.0,,10549.0,0.33796,1.0
10571.0,0.270187,0.269035,0.27008,0.27008,12.977473,3.844213,3.84613,5.0,5.0,18.617022,30.0,1.0,1.0,1.0,,10559.0,0.330701,1.0
10581.0,0.269918,0.268761,0.269809,0.269809,12.9781,3.795677,3.797393,5.0,5.0,18.055841,30.0,1.0,1.0,1.0,,10569.0,0.338761,1.0
10591.0,0.269649,0.268486,0.269537,0.269537,12.977321,3.818684,3.820339,5.0,5.0,18.320217,30.0,1.0,1.0,1.0,,10579.0,0.334959,1.0
10601.0,0.269381,0.268213,0.269266,0.269266,12.977439,3.79644,3.798182,5.0,5.0,18.062454,30.0,1.0,1.0,1.0,,10589.0,0.329746,1.0
10611.0,0.269112,0.267939,0.268998,0.268998,12.976628,3.82153,3.823246,5.0,5.0,18.350877,30.0,1.0,1.0,1.0,,10599.0,0.338176,1.0
10621.0,0.268844,0.267666,0.268729,0.268729,12.977256,3.773212,3.775091,5.0,5.0,17.792254,30.0,1.0,1.0,1.0,,10609.0,0.327911,1.0
10631.0,0.268575,0.267391,0.268459,0.268459,12.975963,3.82259,3.824264,5.0,5.0,18.360907,30.0,1.0,1.0,1.0,,10619.0,0.342697,1.0
10641.0,0.268306,0.267117,0.26819,0.26819,12.976679,3.769454,3.771311,5.0,5.0,17.746693,30.0,1.0,1.0,1.0,,10629.0,0.327565,1.0
10651.0,0.268038,0.266843,0.267922,0.267922,12.975964,3.789543,3.791329,5.0,5.0,17.977412,30.0,1.0,1.0,1.0,,10639.0,0.331347,1.0
10661.0,0.267769,0.26657,0.267655,0.267655,12.976081,3.767149,3.769006,5.0,5.0,17.717931,30.0,1.0,1.0,1.0,,10649.0,0.322379,1.0
10671.0,0.267501,0.266296,0.267385,0.267385,12.975734,3.76868,3.770543,5.0,5.0,17.73453,30.0,1.0,1.0,1.0,,10659.0,0.333707,1.0
10681.0,0.267232,0.266022,0.26711,0.26711,12.975438,3.767223,3.76911,5.0,5.0,17.716618,30.0,1.0,1.0,1.0,,10669.0,0.333858,1.0
10691.0,0.266963,0.265748,0.266839,0.266839,12.975131,3.76615,3.768093,5.0,5.0,17.70314,30.0,1.0,1.0,1.0,,10679.0,0.332593,1.0
10701.0,0.266696,0.265475,0.266572,0.266572,12.974778,3.768223,3.770024,5.0,5.0,17.726001,30.0,1.0,1.0,1.0,,10689.0,0.337172,1.0
10711.0,0.266427,0.265201,0.266305,0.266305,12.973055,3.839642,3.841395,5.0,5.0,18.548799,30.0,1.0,1.0,1.0,,10699.0,0.328357,1.0
10721.0,0.266158,0.264927,0.266031,0.266031,12.973735,3.788234,3.79025,5.0,5.0,17.954672,30.0,1.0,1.0,1.0,,10709.0,0.338176,1.0
10731.0,0.265889,0.264652,0.265762,0.265762,12.973122,3.802992,3.804848,5.0,5.0,18.123818,30.0,1.0,1.0,1.0,,10719.0,0.330132,1.0
10741.0,0.26562,0.264378,0.265489,0.265489,12.972117,3.837623,3.83936,5.0,5.0,18.52215,30.0,1.0,1.0,1.0,,10729.0,0.332294,1.0
10751.0,0.265351,0.264104,0.265222,0.265222,12.973494,3.75095,3.75283,5.0,5.0,17.521272,30.0,1.0,1.0,1.0,,10739.0,0.32425,1.0
10761.0,0.265082,0.26383,0.264955,0.264955,12.972258,3.797365,3.799137,5.0,5.0,18.05559,30.0,1.0,1.0,1.0,,10749.0,0.328653,1.0
10771.0,0.264813,0.263556,0.264686,0.264686,12.97323,3.731117,3.732895,5.0,5.0,17.290281,30.0,1.0,1.0,1.0,,10759.0,0.337482,1.0
10781.0,0.264544,0.263281,0.264418,0.264418,12.971134,3.821557,3.82335,5.0,5.0,18.332413,30.0,1.0,1.0,1.0,,10769.0,0.326857,1.0
10791.0,0.264276,0.263008,0.264144,0.264144,12.971759,3.773314,3.775195,5.0,5.0,17.774893,30.0,1.0,1.0,1.0,,10779.0,0.335124,1.0
10801.0,0.264006,0.262733,0.263876,0.263876,12.9706,3.815863,3.817702,5.0,5.0,18.264534,30.0,1.0,1.0,1.0,,10789.0,0.345469,1.0
10811.0,0.263736,0.262458,0.263603,0.263603,12.970844,3.786273,3.788132,5.0,5.0,17.922124,30.0,1.0,1.0,1.0,,10799.0,0.342149,1.0
10821.0,0.263468,0.262184,0.263332,0.263332,12.970277,3.798983,3.800944,5.0,5.0,18.067633,30.0,1.0,1.0,1.0,,10809.0,0.326601,1.0
10831.0,0.263198,0.261909,0.263064,0.263064,12.970284,3.781833,3.783584,5.0,5.0,17.868724,30.0,1.0,1.0,1.0,,10819.0,0.341257,1.0
10841.0,0.26293,0.261636,0.262798,0.262798,12.969203,3.820668,3.822395,5.0,5.0,18.315508,30.0,1.0,1.0,1.0,,10829.0,0.330138,1.0
10851.0,0.262661,0.261361,0.262531,0.262531,12.96931,3.798509,3.800446,5.0,5.0,18.05885,30.0,1.0,1.0,1.0,,10839.0,0.335068,1.0
10861.0,0.26239,0.261085,0.26226,0.26226,12.968808,3.807165,3.808793,5.0,5.0,18.157538,30.0,1.0,1.0,1.0,,10849.0,0.331803,1.0
10871.0,0.262121,0.260811,0.26199,0.26199,12.969094,3.775984,3.777956,5.0,5.0,17.79686,30.0,1.0,1.0,1.0,,10859.0,0.334029,1.0
10881.0,0.261852,0.260537,0.261721,0.261721,12.968619,3.783724,3.785453,5.0,5.0,17.885033,30.0,1.0,1.0,1.0,,10869.0,0.330271,1.0
10891.0,0.261583,0.260262,0.261452,0.261452,12.968232,3.786901,3.788858,5.0,5.0,17.920566,30.0,1.0,1.0,1.0,,10879.0,0.326973,1.0
10901.0,0.261314,0.259988,0.261181,0.261181,12.967561,3.804484,3.806281,5.0,5.0,18.122198,30.0,1.0,1.0,1.0,,10889.0,0.333262,1.0
10911.0,0.261045,0.259713,0.26091,0.26091,12.966286,3.853031,3.854768,5.0,5.0,18.680821,30.0,1.0,1.0,1.0,,10899.0,0.341551,1.0
10921.0,0.260775,0.259439,0.26064,0.26064,12.967312,3.784067,3.78566,5.0,5.0,17.884587,30.0,1.0,1.0,1.0,,10909.0,0.331119,1.0
10931.0,0.260505,0.259163,0.26037,0.26037,12.965746,3.847004,3.848643,5.0,5.0,18.609065,30.0,1.0,1.0,1.0,,10919.0,0.334046,1.0
10941.0,0.260235,0.258888,0.260099,0.260099,12.967245,3.753612,3.755322,5.0,5.0,17.531173,30.0,1.0,1.0,1.0,,10929.0,0.340541,1.0
10951.0,0.259967,0.258614,0.259832,0.259832,12.965665,3.817996,3.819799,5.0,5.0,18.272426,30.0,1.0,1.0,1.0,,10939.0,0.339509,1.0
10961.0,0.259697,0.258339,0.259559,0.259559,12.966346,3.766387,3.768238,5.0,5.0,17.676301,30.0,1.0,1.0,1.0,,10949.0,0.324407,1.0
10971.0,0.259429,0.258066,0.25929,0.25929,12.964497,3.844653,3.846524,5.0,5.0,18.577513,30.0,1.0,1.0,1.0,,10959.0,0.336669,1.0
10981.0,0.259161,0.257793,0.259021,0.259021,12.966819,3.710152,3.711818,5.0,5.0,17.025762,30.0,1.0,1.0,1.0,,10969.0,0.333475,1.0
10991.0,0.258891,0.257518,0.258751,0.258751,12.964191,3.827452,3.829331,5.0,5.0,18.377035,30.0,1.0,1.0,1.0,,10979.0,0.336499,1.0
11001.0,0.258622,0.257244,0.258482,0.258482,12.964582,3.791181,3.793011,5.0,5.0,17.95783,30.0,1.0,1.0,1.0,,10989.0,0.331677,1.0
11011.0,0.258353,0.256969,0.258211,0.258211,12.964651,3.77092,3.77262,5.0,5.0,17.723149,30.0,1.0,1.0,1.0,,10999.0,0.336435,1.0
11021.0,0.258085,0.256695,0.257944,0.257944,12.962874,3.845509,3.847231,5.0,5.0,18.581858,30.0,1.0,1.0,1.0,,11009.0,0.331002,1.0
11031.0,0.257816,0.256421,0.257675,0.257675,12.962968,3.824316,3.826112,5.0,5.0,18.336487,30.0,1.0,1.0,1.0,,11019.0,0.332981,1.0
11041.0,0.257547,0.256148,0.257405,0.257405,12.964019,3.754432,3.756319,5.0,5.0,17.529849,30.0,1.0,1.0,1.0,,11029.0,0.328037,1.0
11051.0,0.257279,0.255874,0.257138,0.257138,12.962038,3.839304,3.841022,5.0,5.0,18.507048,30.0,1.0,1.0,1.0,,11039.0,0.332483,1.0
11061.0,0.257009,0.255599,0.256865,0.256865,12.963409,3.752584,3.754242,5.0,5.0,17.506383,30.0,1.0,1.0,1.0,,11049.0,0.332718,1.0
11071.0,0.25674,0.255325,0.256595,0.256595,12.962234,3.796073,3.797933,5.0,5.0,18.00658,30.0,1.0,1.0,1.0,,11059.0,0.337031,1.0
11081.0,0.256471,0.25505,0.256323,0.256323,12.961886,3.79705,3.798909,5.0,5.0,18.016718,30.0,1.0,1.0,1.0,,11069.0,0.335049,1.0
11091.0,0.256201,0.254775,0.256051,0.256051,12.960389,3.856575,3.858485,5.0,5.0,18.701569,30.0,1.0,1.0,1.0,,11079.0,0.334965,1.0
11101.0,0.255931,0.2545,0.255782,0.255782,12.961051,3.806149,3.807921,5.0,5.0,18.119354,30.0,1.0,1.0,1.0,,11089.0,0.34006,1.0
11111.0,0.255662,0.254226,0.255513,0.255513,12.961078,3.788266,3.790084,5.0,5.0,17.912164,30.0,1.0,1.0,1.0,,11099.0,0.328908,1.0
11121.0,0.255394,0.253952,0.255243,0.255243,12.960211,3.816487,3.818179,5.0,5.0,18.236313,30.0,1.0,1.0,1.0,,11109.0,0.338964,1.0
11131.0,0.255126,0.253679,0.254976,0.254976,12.960707,3.775039,3.776877,5.0,5.0,17.757584,30.0,1.0,1.0,1.0,,11119.0,0.335569,1.0
11141.0,0.254857,0.253404,0.254708,0.254708,12.960108,3.789022,3.790873,5.0,5.0,17.917631,30.0,1.0,1.0,1.0,,11129.0,0.33504,1.0
11151.0,0.254588,0.253131,0.25444,0.25444,12.958527,3.853508,3.855184,5.0,5.0,18.6596,30.0,1.0,1.0,1.0,,11139.0,0.332291,1.0
11161.0,0.254319,0.252856,0.254171,0.254171,12.9585,3.83801,3.839859,5.0,5.0,18.479903,30.0,1.0,1.0,1.0,,11149.0,0.331687,1.0
11171.0,0.25405,0.252582,0.253899,0.253899,12.958698,3.811557,3.813466,5.0,5.0,18.174024,30.0,1.0,1.0,1.0,,11159.0,0.327592,1.0
11181.0,0.253781,0.252307,0.25363,0.25363,12.957956,3.832902,3.834813,5.0,5.0,18.41884,30.0,1.0,1.0,1.0,,11169.0,0.33156,1.0
11191.0,0.253512,0.252033,0.253359,0.253359,12.958894,3.768499,3.770273,5.0,5.0,17.675676,30.0,1.0,1.0,1.0,,11179.0,0.328731,1.0
11201.0,0.253242,0.251758,0.253087,0.253087,12.958804,3.756341,3.758063,5.0,5.0,17.534462,30.0,1.0,1.0,1.0,,11189.0,0.332276,1.0
11211.0,0.252973,0.251483,0.252815,0.252815,12.958558,3.75223,3.753972,5.0,5.0,17.485995,30.0,1.0,1.0,1.0,,11199.0,0.323927,1.0
11221.0,0.252704,0.251209,0.252546,0.252546,12.956449,3.843472,3.845154,5.0,5.0,18.536159,30.0,1.0,1.0,1.0,,11209.0,0.338522,1.0
11231.0,0.252434,0.250934,0.252279,0.252279,12.956896,3.803788,3.80545,5.0,5.0,18.077856,30.0,1.0,1.0,1.0,,11219.0,0.332524,1.0
11241.0,0.252163,0.250658,0.252008,0.252008,12.954959,3.885614,3.88737,5.0,5.0,19.019288,30.0,1.0,1.0,1.0,,11229.0,0.333935,1.0
11251.0,0.251894,0.250384,0.251738,0.251738,12.956684,3.781094,3.782878,5.0,5.0,17.814166,30.0,1.0,1.0,1.0,,11239.0,0.326039,1.0
11261.0,0.251624,0.250108,0.251465,0.251465,12.955617,3.818487,3.820235,5.0,5.0,18.243812,30.0,1.0,1.0,1.0,,11249.0,0.337708,1.0
11271.0,0.251354,0.249832,0.251195,0.251195,12.955326,3.816499,3.818366,5.0,5.0,18.219789,30.0,1.0,1.0,1.0,,11259.0,0.328862,1.0
11281.0,0.251085,0.249558,0.250926,0.250926,12.955998,3.765921,3.767823,5.0,5.0,17.63604,30.0,1.0,1.0,1.0,,11269.0,0.336674,1.0
11291.0,0.250815,0.249284,0.250657,0.250657,12.955297,3.785176,3.78674,5.0,5.0,17.856774,30.0,1.0,1.0,1.0,,11279.0,0.33757,1.0
11301.0,0.250546,0.249009,0.250389,0.250389,12.954126,3.828515,3.830244,5.0,5.0,18.354892,30.0,1.0,1.0,1.0,,11289.0,0.329122,1.0
11311.0,0.250277,0.248735,0.250118,0.250118,12.954943,3.770482,3.772412,5.0,5.0,17.685335,30.0,1.0,1.0,1.0,,11299.0,0.334883,1.0
11321.0,0.250008,0.248461,0.24985,0.24985,12.953888,3.80788,3.809707,5.0,5.0,18.115021,30.0,1.0,1.0,1.0,,11309.0,0.337455,1.0
11331.0,0.249739,0.248186,0.24958,0.24958,12.953372,3.817742,3.819322,5.0,5.0,18.227508,30.0,1.0,1.0,1.0,,11319.0,0.333059,1.0
11341.0,0.249469,0.247911,0.249313,0.249313,12.953431,3.797906,3.799864,5.0,5.0,17.997925,30.0,1.0,1.0,1.0,,11329.0,0.339366,1.0
11351.0,0.2492,0.247637,0.249046,0.249046,12.952482,3.829968,3.831843,5.0,5.0,18.366095,30.0,1.0,1.0,1.0,,11339.0,0.330994,1.0
11361.0,0.248932,0.247363,0.248776,0.248776,12.953221,3.775997,3.777956,5.0,5.0,17.743407,30.0,1.0,1.0,1.0,,11349.0,0.343871,1.0
11371.0,0.248661,0.247088,0.248504,0.248504,12.95296,3.772403,3.774115,5.0,5.0,17.700899,30.0,1.0,1.0,1.0,,11359.0,0.334406,1.0
11381.0,0.248392,0.246813,0.248236,0.248236,12.952422,3.783419,3.785349,5.0,5.0,17.826686,30.0,1.0,1.0,1.0,,11369.0,0.321624,1.0
11391.0,0.248123,0.246539,0.247968,0.247968,12.952495,3.763326,3.765061,5.0,5.0,17.594189,30.0,1.0,1.0,1.0,,11379.0,0.333857,1.0
11401.0,0.247854,0.246264,0.2477,0.2477,12.950408,3.853406,3.855205,5.0,5.0,18.630448,30.0,1.0,1.0,1.0,,11389.0,0.341989,1.0
11411.0,0.247584,0.24599,0.247429,0.247429,12.950317,3.841399,3.843285,5.0,5.0,18.491066,30.0,1.0,1.0,1.0,,11399.0,0.332026,1.0
11421.0,0.247317,0.245716,0.247161,0.247161,12.951225,3.779135,3.780926,5.0,5.0,17.773016,30.0,1.0,1.0,1.0,,11409.0,0.337343,1.0
11431.0,0.247047,0.245441,0.246889,0.246889,12.949479,3.851466,3.853315,5.0,5.0,18.604774,30.0,1.0,1.0,1.0,,11419.0,0.34172,1.0
11441.0,0.246776,0.245166,0.246618,0.246618,12.95052,3.781414,3.783148,5.0,5.0,17.797031,30.0,1.0,1.0,1.0,,11429.0,0.325729,1.0
11451.0,0.246508,0.244892,0.24635,0.24635,12.950344,3.774143,3.77588,5.0,5.0,17.712228,30.0,1.0,1.0,1.0,,11439.0,0.336331,1.0
11461.0,0.24624,0.244618,0.24608,0.24608,12.950317,3.759495,3.76124,5.0,5.0,17.542486,30.0,1.0,1.0,1.0,,11449.0,0.332725,1.0
11471.0,0.245969,0.244343,0.245812,0.245812,12.949919,3.76287,3.764812,5.0,5.0,17.580228,30.0,1.0,1.0,1.0,,11459.0,0.333093,1.0
11481.0,0.2457,0.244068,0.245541,0.245541,12.948724,3.807412,3.809209,5.0,5.0,18.092014,30.0,1.0,1.0,1.0,,11469.0,0.339518,1.0
11491.0,0.245431,0.243794,0.245272,0.245272,12.948519,3.801417,3.803187,5.0,5.0,18.021902,30.0,1.0,1.0,1.0,,11479.0,0.345236,1.0
11501.0,0.245162,0.243519,0.245003,0.245003,12.94792,3.815418,3.817183,5.0,5.0,18.181994,30.0,1.0,1.0,1.0,,11489.0,0.325981,1.0
11511.0,0.244892,0.243245,0.244735,0.244735,12.94759,3.815772,3.817494,5.0,5.0,18.184963,30.0,1.0,1.0,1.0,,11499.0,0.326413,1.0
11521.0,0.244622,0.24297,0.244464,0.244464,12.947944,3.780914,3.782774,5.0,5.0,17.782532,30.0,1.0,1.0,1.0,,11509.0,0.335656,1.0
11531.0,0.244353,0.242694,0.244195,0.244195,12.946484,3.838729,3.84071,5.0,5.0,18.446994,30.0,1.0,1.0,1.0,,11519.0,0.336934,1.0
11541.0,0.244084,0.242421,0.243925,0.243925,12.947013,3.795549,3.797289,5.0,5.0,17.948833,30.0,1.0,1.0,1.0,,11529.0,0.339264,1.0
11551.0,0.243814,0.242145,0.243656,0.243656,12.946726,3.793177,3.79488,5.0,5.0,17.920394,30.0,1.0,1.0,1.0,,11539.0,0.337989,1.0
11561.0,0.243544,0.24187,0.243387,0.243387,12.945951,3.816204,3.817993,5.0,5.0,18.184372,30.0,1.0,1.0,1.0,,11549.0,0.332624,1.0
11571.0,0.243275,0.241596,0.243118,0.243118,12.945292,3.833355,3.835166,5.0,5.0,18.380681,30.0,1.0,1.0,1.0,,11559.0,0.335609,1.0
11581.0,0.243005,0.24132,0.242847,0.242847,12.945164,3.823182,3.825074,5.0,5.0,18.262466,30.0,1.0,1.0,1.0,,11569.0,0.334167,1.0
11591.0,0.242735,0.241046,0.242576,0.242576,12.945423,3.793351,3.795088,5.0,5.0,17.917994,30.0,1.0,1.0,1.0,,11579.0,0.342427,1.0
11601.0,0.242466,0.240771,0.242305,0.242305,12.94435,3.831612,3.833297,5.0,5.0,18.357268,30.0,1.0,1.0,1.0,,11589.0,0.326042,1.0
11611.0,0.242195,0.240495,0.242032,0.242032,12.943878,3.838549,3.840191,5.0,5.0,18.435952,30.0,1.0,1.0,1.0,,11599.0,0.331087,1.0
11621.0,0.241926,0.24022,0.24176,0.24176,12.944314,3.799929,3.801858,5.0,5.0,17.990372,30.0,1.0,1.0,1.0,,11609.0,0.330161,1.0
11631.0,0.241656,0.239945,0.241491,0.241491,12.942983,3.851107,3.852962,5.0,5.0,18.578245,30.0,1.0,1.0,1.0,,11619.0,0.331962,1.0
11641.0,0.241387,0.23967,0.241221,0.241221,12.943774,3.794332,3.796002,5.0,5.0,17.923747,30.0,1.0,1.0,1.0,,11629.0,0.335782,1.0
11651.0,0.241117,0.239396,0.240954,0.240954,12.943682,3.782425,3.784207,5.0,5.0,17.785611,30.0,1.0,1.0,1.0,,11639.0,0.343186,1.0
11661.0,0.240849,0.239122,0.240686,0.240686,12.943265,3.787755,3.78944,5.0,5.0,17.845888,30.0,1.0,1.0,1.0,,11649.0,0.333503,1.0
11671.0,0.240579,0.238847,0.240416,0.240416,12.942887,3.790352,3.792077,5.0,5.0,17.874673,30.0,1.0,1.0,1.0,,11659.0,0.327934,1.0
11681.0,0.24031,0.238572,0.240147,0.240147,12.941784,3.830125,3.831926,5.0,5.0,18.331274,30.0,1.0,1.0,1.0,,11669.0,0.338786,1.0
11691.0,0.240041,0.238298,0.239879,0.239879,12.943513,3.725487,3.727371,5.0,5.0,17.125951,30.0,1.0,1.0,1.0,,11679.0,0.330331,1.0
11701.0,0.239771,0.238023,0.239613,0.239613,12.941371,3.818339,3.820173,5.0,5.0,18.193441,30.0,1.0,1.0,1.0,,11689.0,0.339624,1.0
11711.0,0.239502,0.237749,0.239347,0.239347,12.941345,3.803384,3.805035,5.0,5.0,18.020281,30.0,1.0,1.0,1.0,,11699.0,0.325068,1.0
11721.0,0.239231,0.237473,0.239075,0.239075,12.940798,3.814182,3.816061,5.0,5.0,18.143381,30.0,1.0,1.0,1.0,,11709.0,0.334613,1.0
11731.0,0.238962,0.237199,0.238806,0.238806,12.942063,3.733288,3.735117,5.0,5.0,17.211404,30.0,1.0,1.0,1.0,,11719.0,0.332115,1.0
11741.0,0.238694,0.236925,0.238538,0.238538,12.94079,3.782211,3.784082,5.0,5.0,17.773352,30.0,1.0,1.0,1.0,,11729.0,0.329639,1.0
11751.0,0.238424,0.236649,0.238271,0.238271,12.940002,3.805507,3.807319,5.0,5.0,18.040275,30.0,1.0,1.0,1.0,,11739.0,0.343366,1.0
11761.0,0.238155,0.236375,0.238001,0.238001,12.939917,3.793499,3.795275,5.0,5.0,17.901028,30.0,1.0,1.0,1.0,,11749.0,0.342093,1.0
11771.0,0.237885,0.236101,0.237732,0.237732,12.939593,3.793656,3.7954,5.0,5.0,17.901749,30.0,1.0,1.0,1.0,,11759.0,0.337857,1.0
11781.0,0.237616,0.235825,0.23746,0.23746,12.939137,3.800253,3.802107,5.0,5.0,17.976537,30.0,1.0,1.0,1.0,,11769.0,0.340665,1.0
11791.0,0.237346,0.235551,0.237192,0.237192,12.937707,3.856647,3.858465,5.0,5.0,18.624175,30.0,1.0,1.0,1.0,,11779.0,0.328971,1.0
11801.0,0.237077,0.235276,0.236924,0.236924,12.937805,3.83528,3.837138,5.0,5.0,18.377288,30.0,1.0,1.0,1.0,,11789.0,0.332659,1.0
11811.0,0.236808,0.235002,0.236656,0.236656,12.938329,3.792189,3.793967,5.0,5.0,17.880481,30.0,1.0,1.0,1.0,,11799.0,0.340703,1.0
11821.0,0.236537,0.234726,0.236385,0.236385,12.937166,3.834485,3.836225,5.0,5.0,18.365903,30.0,1.0,1.0,1.0,,11809.0,0.327832,1.0
11831.0,0.236269,0.234452,0.236118,0.236118,12.938607,3.744928,3.746766,5.0,5.0,17.33456,30.0,1.0,1.0,1.0,,11819.0,0.334737,1.0
11841.0,0.236,0.234178,0.235849,0.235849,12.93741,3.789591,3.791433,5.0,5.0,17.847306,30.0,1.0,1.0,1.0,,11829.0,0.333601,1.0
11851.0,0.23573,0.233903,0.235581,0.235581,12.936098,3.840185,3.841915,5.0,5.0,18.428177,30.0,1.0,1.0,1.0,,11839.0,0.338962,1.0
11861.0,0.23546,0.233628,0.235311,0.235311,12.93592,3.832283,3.83421,5.0,5.0,18.336149,30.0,1.0,1.0,1.0,,11849.0,0.328382,1.0
11871.0,0.235189,0.233351,0.235039,0.235039,12.93579,3.82176,3.823329,5.0,5.0,18.213972,30.0,1.0,1.0,1.0,,11859.0,0.333891,1.0
11881.0,0.23492,0.233077,0.234769,0.234769,12.936151,3.786934,3.788838,5.0,5.0,17.812295,30.0,1.0,1.0,1.0,,11869.0,0.341738,1.0
11891.0,0.234649,0.232801,0.234505,0.234505,12.934802,3.839006,3.840752,5.0,5.0,18.410089,30.0,1.0,1.0,1.0,,11879.0,0.330665,1.0
11901.0,0.234379,0.232526,0.23423,0.23423,12.935604,3.781282,3.783127,5.0,5.0,17.745063,30.0,1.0,1.0,1.0,,11889.0,0.346311,1.0
11911.0,0.23411,0.232251,0.233959,0.233959,12.935469,3.771679,3.773658,5.0,5.0,17.633511,30.0,1.0,1.0,1.0,,11899.0,0.333396,1.0
11921.0,0.233841,0.231976,0.233688,0.233688,12.934256,3.817242,3.819093,5.0,5.0,18.156466,30.0,1.0,1.0,1.0,,11909.0,0.325531,1.0
11931.0,0.233572,0.231702,0.233418,0.233418,12.933905,3.818896,3.820651,5.0,5.0,18.174401,30.0,1.0,1.0,1.0,,11919.0,0.338303,1.0
11941.0,0.233302,0.231427,0.233148,0.233148,12.934337,3.780203,3.78213,5.0,5.0,17.728296,30.0,1.0,1.0,1.0,,11929.0,0.336539,1.0
11951.0,0.233033,0.231153,0.232877,0.232877,12.933993,3.781507,3.783355,5.0,5.0,17.742221,30.0,1.0,1.0,1.0,,11939.0,0.336727,1.0
11961.0,0.232763,0.230878,0.232607,0.232607,12.933158,3.80758,3.809396,5.0,5.0,18.040961,30.0,1.0,1.0,1.0,,11949.0,0.328343,1.0
11971.0,0.232493,0.230602,0.232335,0.232335,12.933201,3.788544,3.790229,5.0,5.0,17.820928,30.0,1.0,1.0,1.0,,11959.0,0.331127,1.0
11981.0,0.232224,0.230329,0.232064,0.232064,12.933182,3.773353,3.775174,5.0,5.0,17.645162,30.0,1.0,1.0,1.0,,11969.0,0.329251,1.0
11991.0,0.231955,0.230054,0.231791,0.231791,12.933792,3.725775,3.727454,5.0,5.0,17.096893,30.0,1.0,1.0,1.0,,11979.0,0.332165,1.0
12001.0,0.231685,0.229778,0.231523,0.231523,12.932399,3.779986,3.781736,5.0,5.0,17.719229,30.0,1.0,1.0,1.0,,11989.0,0.332219,1.0
12011.0,0.231415,0.229504,0.231256,0.231256,12.931463,3.811486,3.813383,5.0,5.0,18.080364,30.0,1.0,1.0,1.0,,11999.0,0.342746,1.0
12021.0,0.231146,0.229229,0.230987,0.230987,12.931648,3.785384,3.78728,5.0,5.0,17.779118,30.0,1.0,1.0,1.0,,12009.0,0.350558,1.0
12031.0,0.230877,0.228955,0.23072,0.23072,12.932221,3.740016,3.741762,5.0,5.0,17.25636,30.0,1.0,1.0,1.0,,12019.0,0.327889,1.0
12041.0,0.230608,0.228681,0.230453,0.230453,12.931349,3.768415,3.770356,5.0,5.0,17.581864,30.0,1.0,1.0,1.0,,12029.0,0.325653,1.0
12051.0,0.230339,0.228406,0.230181,0.230181,12.929876,3.826925,3.828749,5.0,5.0,18.25348,30.0,1.0,1.0,1.0,,12039.0,0.337683,1.0
12061.0,0.230069,0.228131,0.22991,0.22991,12.929134,3.848232,3.850158,5.0,5.0,18.497313,30.0,1.0,1.0,1.0,,12049.0,0.326651,1.0
12071.0,0.229799,0.227856,0.229637,0.229637,12.929876,3.793559,3.795483,5.0,5.0,17.86766,30.0,1.0,1.0,1.0,,12059.0,0.337333,1.0
12081.0,0.229529,0.22758,0.229369,0.229369,12.929275,3.80743,3.809084,5.0,5.0,18.026004,30.0,1.0,1.0,1.0,,12069.0,0.331893,1.0
12091.0,0.229258,0.227304,0.229098,0.229098,12.929103,3.79907,3.800902,5.0,5.0,17.928757,30.0,1.0,1.0,1.0,,12079.0,0.335459,1.0
12101.0,0.228988,0.227029,0.228827,0.228827,12.928639,3.806123,3.807942,5.0,5.0,18.008725,30.0,1.0,1.0,1.0,,12089.0,0.331699,1.0
12111.0,0.228718,0.226753,0.228558,0.228558,12.927107,3.867739,3.869574,5.0,5.0,18.715843,30.0,1.0,1.0,1.0,,12099.0,0.328864,1.0
12121.0,0.228448,0.226479,0.228285,0.228285,12.928206,3.795139,3.796978,5.0,5.0,17.880255,30.0,1.0,1.0,1.0,,12109.0,0.328003,1.0
12131.0,0.228179,0.226204,0.228016,0.228016,12.927876,3.795596,3.797393,5.0,5.0,17.884419,30.0,1.0,1.0,1.0,,12119.0,0.329751,1.0
12141.0,0.22791,0.22593,0.227746,0.227746,12.927049,3.821531,3.823267,5.0,5.0,18.181444,30.0,1.0,1.0,1.0,,12129.0,0.326642,1.0
12151.0,0.22764,0.225655,0.227478,0.227478,12.926394,3.838441,3.840233,5.0,5.0,18.374689,30.0,1.0,1.0,1.0,,12139.0,0.329212,1.0
12161.0,0.227371,0.22538,0.227209,0.227209,12.926741,3.804447,3.806156,5.0,5.0,17.982895,30.0,1.0,1.0,1.0,,12149.0,0.346046,1.0
12171.0,0.227101,0.225105,0.226937,0.226937,12.925889,3.831059,3.832944,5.0,5.0,18.287617,30.0,1.0,1.0,1.0,,12159.0,0.338362,1.0
12181.0,0.226832,0.224831,0.226667,0.226667,12.926677,3.774613,3.776503,5.0,5.0,17.637781,30.0,1.0,1.0,1.0,,12169.0,0.331588,1.0
12191.0,0.226561,0.224555,0.226399,0.226399,12.923974,3.895596,3.897483,5.0,5.0,19.026992,30.0,1.0,1.0,1.0,,12179.0,0.335261,1.0
12201.0,0.226291,0.224279,0.22613,0.22613,12.924221,3.866228,3.867955,5.0,5.0,18.688404,30.0,1.0,1.0,1.0,,12189.0,0.343467,1.0
12211.0,0.226021,0.224004,0.225859,0.225859,12.92599,3.759183,3.761095,5.0,5.0,17.457093,30.0,1.0,1.0,1.0,,12199.0,0.329734,1.0
12221.0,0.22575,0.223727,0.225588,0.225588,12.924248,3.830962,3.832695,5.0,5.0,18.280877,30.0,1.0,1.0,1.0,,12209.0,0.330953,1.0
12231.0,0.225479,0.223451,0.225319,0.225319,12.92391,3.83132,3.833027,5.0,5.0,18.283861,30.0,1.0,1.0,1.0,,12219.0,0.335744,1.0
12241.0,0.225209,0.223176,0.225048,0.225048,12.923561,3.832535,3.834335,5.0,5.0,18.296703,30.0,1.0,1.0,1.0,,12229.0,0.336236,1.0
12251.0,0.224938,0.222899,0.224778,0.224778,12.923404,3.823443,3.825157,5.0,5.0,18.191087,30.0,1.0,1.0,1.0,,12239.0,0.329629,1.0
12261.0,0.224668,0.222624,0.224507,0.224507,12.922256,3.865588,3.867477,5.0,5.0,18.674208,30.0,1.0,1.0,1.0,,12249.0,0.3252,1.0
12271.0,0.224397,0.222348,0.224232,0.224232,12.92292,3.814511,3.816207,5.0,5.0,18.086198,30.0,1.0,1.0,1.0,,12259.0,0.336006,1.0
12281.0,0.224128,0.222074,0.223964,0.223964,12.923035,3.792812,3.794673,5.0,5.0,17.835817,30.0,1.0,1.0,1.0,,12269.0,0.338182,1.0
12291.0,0.223859,0.221799,0.223695,0.223695,12.922226,3.817725,3.819405,5.0,5.0,18.120972,30.0,1.0,1.0,1.0,,12279.0,0.32832,1.0
12301.0,0.223589,0.221524,0.223424,0.223424,12.921991,3.813225,3.814857,5.0,5.0,18.06817,30.0,1.0,1.0,1.0,,12289.0,0.338284,1.0
12311.0,0.22332,0.22125,0.223155,0.223155,12.922794,3.756054,3.758042,5.0,5.0,17.41018,30.0,1.0,1.0,1.0,,12299.0,0.336079,1.0
12321.0,0.223051,0.220975,0.222888,0.222888,12.922748,3.742017,3.743818,5.0,5.0,17.247798,30.0,1.0,1.0,1.0,,12309.0,0.339602,1.0
12331.0,0.222782,0.220701,0.222621,0.222621,12.921232,3.803133,3.804972,5.0,5.0,17.948967,30.0,1.0,1.0,1.0,,12319.0,0.343153,1.0
12341.0,0.222511,0.220425,0.222351,0.222351,12.9205,3.823627,3.825385,5.0,5.0,18.183287,30.0,1.0,1.0,1.0,,12329.0,0.337402,1.0
12351.0,0.222241,0.220149,0.222083,0.222083,12.920209,3.821674,3.82362,5.0,5.0,18.159723,30.0,1.0,1.0,1.0,,12339.0,0.34035,1.0
12361.0,0.221971,0.219874,0.221812,0.221812,12.920391,3.795951,3.797725,5.0,5.0,17.863118,30.0,1.0,1.0,1.0,,12349.0,0.330469,1.0
12371.0,0.221701,0.219599,0.221542,0.221542,12.919499,3.824836,3.826714,5.0,5.0,18.193832,30.0,1.0,1.0,1.0,,12359.0,0.341502,1.0
12381.0,0.221432,0.219325,0.221276,0.221276,12.919335,3.817269,3.819176,5.0,5.0,18.105841,30.0,1.0,1.0,1.0,,12369.0,0.331531,1.0
12391.0,0.221163,0.219051,0.221006,0.221006,12.919456,3.794791,3.796645,5.0,5.0,17.84654,30.0,1.0,1.0,1.0,,12379.0,0.321418,1.0
12401.0,0.220893,0.218775,0.220735,0.220735,12.918985,3.80221,3.804059,5.0,5.0,17.930656,30.0,1.0,1.0,1.0,,12389.0,0.32148,1.0
12411.0,0.220621,0.218498,0.220462,0.220462,12.918672,3.800765,3.802626,5.0,5.0,17.912892,30.0,1.0,1.0,1.0,,12399.0,0.337448,1.0
12421.0,0.220352,0.218223,0.220196,0.220196,12.918463,3.795012,3.796708,5.0,5.0,17.845716,30.0,1.0,1.0,1.0,,12409.0,0.330832,1.0
12431.0,0.220082,0.217948,0.219929,0.219929,12.918239,3.789874,3.791724,5.0,5.0,17.785604,30.0,1.0,1.0,1.0,,12419.0,0.339771,1.0
12441.0,0.219812,0.217673,0.219661,0.219661,12.917346,3.818851,3.820734,5.0,5.0,18.11732,30.0,1.0,1.0,1.0,,12429.0,0.329883,1.0
12451.0,0.219542,0.217397,0.219389,0.219389,12.917903,3.773806,3.77561,5.0,5.0,17.598837,30.0,1.0,1.0,1.0,,12439.0,0.334627,1.0
12461.0,0.219271,0.217121,0.219119,0.219119,12.916656,3.82055,3.822353,5.0,5.0,18.134593,30.0,1.0,1.0,1.0,,12449.0,0.332177,1.0
12471.0,0.219002,0.216847,0.218849,0.218849,12.916799,3.797065,3.798971,5.0,5.0,17.863789,30.0,1.0,1.0,1.0,,12459.0,0.332319,1.0
12481.0,0.218731,0.216571,0.218577,0.218577,12.916714,3.784583,3.786283,5.0,5.0,17.719317,30.0,1.0,1.0,1.0,,12469.0,0.328069,1.0
12491.0,0.218461,0.216295,0.218306,0.218306,12.916271,3.790463,3.792305,5.0,5.0,17.785731,30.0,1.0,1.0,1.0,,12479.0,0.332131,1.0
12501.0,0.21819,0.21602,0.218036,0.218036,12.915871,3.794106,3.795919,5.0,5.0,17.826459,30.0,1.0,1.0,1.0,,12489.0,0.344314,1.0
12511.0,0.21792,0.215744,0.217769,0.217769,12.914168,3.86444,3.866293,5.0,5.0,18.632986,30.0,1.0,1.0,1.0,,12499.0,0.337548,1.0
12521.0,0.21765,0.215468,0.217498,0.217498,12.914617,3.824696,3.826569,5.0,5.0,18.175511,30.0,1.0,1.0,1.0,,12509.0,0.330962,1.0
12531.0,0.21738,0.215193,0.21723,0.21723,12.914282,3.825248,3.827088,5.0,5.0,18.180741,30.0,1.0,1.0,1.0,,12519.0,0.339313,1.0
12541.0,0.21711,0.214918,0.216961,0.216961,12.914886,3.777824,3.779659,5.0,5.0,17.63506,30.0,1.0,1.0,1.0,,12529.0,0.338961,1.0
12551.0,0.216839,0.214642,0.216691,0.216691,12.914071,3.802888,3.80464,5.0,5.0,17.92178,30.0,1.0,1.0,1.0,,12539.0,0.344704,1.0
12561.0,0.216569,0.214367,0.216422,0.216422,12.913949,3.792449,3.794195,5.0,5.0,17.800799,30.0,1.0,1.0,1.0,,12549.0,0.336038,1.0
12571.0,0.216299,0.214091,0.216151,0.216151,12.913502,3.798644,3.800425,5.0,5.0,17.870827,30.0,1.0,1.0,1.0,,12559.0,0.340763,1.0
12581.0,0.216029,0.213816,0.215881,0.215881,12.913446,3.785156,3.787072,5.0,5.0,17.714871,30.0,1.0,1.0,1.0,,12569.0,0.324173,1.0
12591.0,0.215758,0.21354,0.215611,0.215611,12.911817,3.851353,3.853066,5.0,5.0,18.473743,30.0,1.0,1.0,1.0,,12579.0,0.326705,1.0
12601.0,0.215488,0.213265,0.21534,0.21534,12.912344,3.80787,3.809686,5.0,5.0,17.973435,30.0,1.0,1.0,1.0,,12589.0,0.334763,1.0
12611.0,0.215219,0.21299,0.21507,0.21507,12.912763,3.770218,3.771955,5.0,5.0,17.540051,30.0,1.0,1.0,1.0,,12599.0,0.338195,1.0
12621.0,0.214948,0.212714,0.2148,0.2148,12.91103,3.841908,3.843763,5.0,5.0,18.361982,30.0,1.0,1.0,1.0,,12609.0,0.326966,1.0
12631.0,0.214678,0.212439,0.21453,0.21453,12.912486,3.750997,3.752892,5.0,5.0,17.317154,30.0,1.0,1.0,1.0,,12619.0,0.332807,1.0
12641.0,0.214407,0.212162,0.214258,0.214258,12.911047,3.807323,3.809209,5.0,5.0,17.962699,30.0,1.0,1.0,1.0,,12629.0,0.331591,1.0
12651.0,0.214136,0.211886,0.213989,0.213989,12.910407,3.823332,3.825011,5.0,5.0,18.145365,30.0,1.0,1.0,1.0,,12639.0,0.329042,1.0
12661.0,0.213865,0.21161,0.213715,0.213715,12.91071,3.791024,3.79297,5.0,5.0,17.773359,30.0,1.0,1.0,1.0,,12649.0,0.339948,1.0
12671.0,0.213596,0.211335,0.213448,0.213448,12.910862,3.766916,3.768778,5.0,5.0,17.495522,30.0,1.0,1.0,1.0,,12659.0,0.3393,1.0
12681.0,0.213326,0.21106,0.213181,0.213181,12.910315,3.778585,3.780407,5.0,5.0,17.628406,30.0,1.0,1.0,1.0,,12669.0,0.331835,1.0
12691.0,0.213057,0.210785,0.212913,0.212913,12.90946,3.805882,3.807734,5.0,5.0,17.940661,30.0,1.0,1.0,1.0,,12679.0,0.328581,1.0
12701.0,0.212787,0.21051,0.212644,0.212644,12.90935,3.795056,3.796957,5.0,5.0,17.815296,30.0,1.0,1.0,1.0,,12689.0,0.330189,1.0
12711.0,0.212517,0.210235,0.212374,0.212374,12.908413,3.826315,3.828126,5.0,5.0,18.17298,30.0,1.0,1.0,1.0,,12699.0,0.328326,1.0
12721.0,0.212246,0.209959,0.212102,0.212102,12.907371,3.862808,3.864694,5.0,5.0,18.590663,30.0,1.0,1.0,1.0,,12709.0,0.32253,1.0
12731.0,0.211976,0.209683,0.21183,0.21183,12.907929,3.817644,3.819425,5.0,5.0,18.071229,30.0,1.0,1.0,1.0,,12719.0,0.333775,1.0
12741.0,0.211705,0.209407,0.211562,0.211562,12.906482,3.874788,3.876635,5.0,5.0,18.725875,30.0,1.0,1.0,1.0,,12729.0,0.334974,1.0
12751.0,0.211435,0.209132,0.211293,0.211293,12.908228,3.768897,3.770605,5.0,5.0,17.509512,30.0,1.0,1.0,1.0,,12739.0,0.335884,1.0
12761.0,0.211165,0.208856,0.211025,0.211025,12.907269,3.801386,3.803249,5.0,5.0,17.881305,30.0,1.0,1.0,1.0,,12749.0,0.326683,1.0
12771.0,0.210895,0.208581,0.210753,0.210753,12.907133,3.79196,3.793717,5.0,5.0,17.772042,30.0,1.0,1.0,1.0,,12759.0,0.339046,1.0
12781.0,0.210625,0.208306,0.210486,0.210486,12.906584,3.803595,3.805367,5.0,5.0,17.904468,30.0,1.0,1.0,1.0,,12769.0,0.333829,1.0
12791.0,0.210355,0.208031,0.210217,0.210217,12.906027,3.8155,3.817162,5.0,5.0,18.039991,30.0,1.0,1.0,1.0,,12779.0,0.326507,1.0
12801.0,0.210086,0.207757,0.209946,0.209946,12.906425,3.779079,3.780947,5.0,5.0,17.620961,30.0,1.0,1.0,1.0,,12789.0,0.340544,1.0
12811.0,0.209815,0.207481,0.209675,0.209675,12.905743,3.797162,3.798888,5.0,5.0,17.827365,30.0,1.0,1.0,1.0,,12799.0,0.335268,1.0
12821.0,0.209543,0.207203,0.2094,0.2094,12.904677,3.834063,3.83583,5.0,5.0,18.249609,30.0,1.0,1.0,1.0,,12809.0,0.337205,1.0
12831.0,0.209273,0.206927,0.209126,0.209126,12.905611,3.769815,3.771519,5.0,5.0,17.511286,30.0,1.0,1.0,1.0,,12819.0,0.344136,1.0
12841.0,0.209002,0.206652,0.208854,0.208854,12.904264,3.821941,3.823952,5.0,5.0,18.108301,30.0,1.0,1.0,1.0,,12829.0,0.337082,1.0
12851.0,0.208733,0.206377,0.208586,0.208586,12.904534,3.791761,3.793738,5.0,5.0,17.760924,30.0,1.0,1.0,1.0,,12839.0,0.332148,1.0
12861.0,0.208461,0.2061,0.208316,0.208316,12.902854,3.860547,3.862369,5.0,5.0,18.548964,30.0,1.0,1.0,1.0,,12849.0,0.330156,1.0
12871.0,0.208191,0.205825,0.208045,0.208045,12.903319,3.820398,3.822229,5.0,5.0,18.087265,30.0,1.0,1.0,1.0,,12859.0,0.331264,1.0
12881.0,0.207922,0.20555,0.207779,0.207779,12.90221,3.86065,3.862431,5.0,5.0,18.547931,30.0,1.0,1.0,1.0,,12869.0,0.329529,1.0
12891.0,0.20765,0.205273,0.207505,0.207505,12.903018,3.802406,3.804059,5.0,5.0,17.878623,30.0,1.0,1.0,1.0,,12879.0,0.331906,1.0
12901.0,0.20738,0.204998,0.207233,0.207233,12.902737,3.800295,3.802128,5.0,5.0,17.853313,30.0,1.0,1.0,1.0,,12889.0,0.334147,1.0
12911.0,0.207109,0.204722,0.206959,0.206959,12.901682,3.837214,3.839132,5.0,5.0,18.275698,30.0,1.0,1.0,1.0,,12899.0,0.331633,1.0
12921.0,0.206839,0.204446,0.20669,0.20669,12.901888,3.810215,3.812074,5.0,5.0,17.964881,30.0,1.0,1.0,1.0,,12909.0,0.330648,1.0
12931.0,0.206569,0.204171,0.20642,0.20642,12.902405,3.767398,3.769214,5.0,5.0,17.472582,30.0,1.0,1.0,1.0,,12919.0,0.342356,1.0
12941.0,0.206299,0.203895,0.206151,0.206151,12.902395,3.751311,3.753183,5.0,5.0,17.286935,30.0,1.0,1.0,1.0,,12929.0,0.330077,1.0
12951.0,0.206029,0.20362,0.205879,0.205879,12.901452,3.782929,3.784601,5.0,5.0,17.648576,30.0,1.0,1.0,1.0,,12939.0,0.336814,1.0
12961.0,0.205759,0.203345,0.205608,0.205608,12.901745,3.751818,3.753578,5.0,5.0,17.290602,30.0,1.0,1.0,1.0,,12949.0,0.33852,1.0
12971.0,0.205489,0.203069,0.20534,0.20534,12.90027,3.810476,3.812323,5.0,5.0,17.962381,30.0,1.0,1.0,1.0,,12959.0,0.333849,1.0
12981.0,0.205218,0.202793,0.205069,0.205069,12.89927,3.844781,3.846587,5.0,5.0,18.354718,30.0,1.0,1.0,1.0,,12969.0,0.330603,1.0
12991.0,0.204947,0.202517,0.204795,0.204795,12.899429,3.819738,3.821377,5.0,5.0,18.066364,30.0,1.0,1.0,1.0,,12979.0,0.333518,1.0
13001.0,0.204676,0.202241,0.204524,0.204524,12.89853,3.848813,3.850678,5.0,5.0,18.398677,30.0,1.0,1.0,1.0,,12989.0,0.329165,1.0
13011.0,0.204406,0.201966,0.204255,0.204255,12.898954,3.810834,3.812573,5.0,5.0,17.96203,30.0,1.0,1.0,1.0,,12999.0,0.345452,1.0
13021.0,0.204137,0.201691,0.203987,0.203987,12.898465,3.819758,3.821606,5.0,5.0,18.063306,30.0,1.0,1.0,1.0,,13009.0,0.342518,1.0
13031.0,0.203866,0.201415,0.203716,0.203716,12.897264,3.864047,3.865837,5.0,5.0,18.570035,30.0,1.0,1.0,1.0,,13019.0,0.337178,1.0
13041.0,0.203595,0.201138,0.203447,0.203447,12.899333,3.741471,3.743257,5.0,5.0,17.163146,30.0,1.0,1.0,1.0,,13029.0,0.333458,1.0
13051.0,0.203323,0.200862,0.203176,0.203176,12.897739,3.805874,3.807547,5.0,5.0,17.900675,30.0,1.0,1.0,1.0,,13039.0,0.324222,1.0
13061.0,0.203053,0.200586,0.202902,0.202902,12.896788,3.837871,3.839651,5.0,5.0,18.266481,30.0,1.0,1.0,1.0,,13049.0,0.324285,1.0
13071.0,0.202783,0.200311,0.202632,0.202632,12.89591,3.866425,3.868183,5.0,5.0,18.592779,30.0,1.0,1.0,1.0,,13059.0,0.332462,1.0
13081.0,0.202512,0.200034,0.202361,0.202361,12.896335,3.827795,3.829642,5.0,5.0,18.148715,30.0,1.0,1.0,1.0,,13069.0,0.332794,1.0
