t,soc_true,soc_ref,soc_prior,soc_post,v_batt,i_batt,i_ref,p_gen_avail,p_gen,p_crit_term,p_aux_term,aux_sched,aux_cmd,relay,pred_min,valid,residual_w,service_ok
1.0,0.450011,0.456802,0.456791,0.456791,13.216228,-1.507866,-1.50563,40.0,40.0,17.637432,0.0,1.0,0.0,0.0,0.0,0.0,0.3548,1.0
11.0,0.450115,0.456909,0.45906,0.45906,13.215222,-1.417471,-1.415341,40.0,40.0,18.707132,0.0,1.0,0.0,0.0,0.0,10.0,0.352048,1.0
21.0,0.450221,0.457016,0.460754,0.460754,13.218325,-1.538216,-1.536093,40.0,40.0,17.275826,0.0,1.0,0.0,0.0,0.0,20.0,0.355382,1.0
31.0,0.450326,0.457124,0.462106,0.462106,13.219549,-1.564824,-1.562486,40.0,40.0,16.959563,0.0,1.0,0.0,0.0,0.0,30.0,0.344086,1.0
41.0,0.450431,0.45723,0.463193,0.463193,13.21973,-1.540342,-1.538107,40.0,40.0,17.24876,0.0,1.0,0.0,0.0,0.0,40.0,0.34476,1.0
51.0,0.450536,0.457337,0.464051,0.464051,13.219962,-1.519768,-1.517611,40.0,40.0,17.491673,0.0,1.0,0.0,0.0,0.0,50.0,0.35652,1.0
61.0,0.45064,0.457443,0.464796,0.464796,13.218416,-1.409992,-1.407616,40.0,40.0,18.791489,0.0,1.0,0.0,0.0,0.307858,60.0,0.349098,1.0
71.0,0.450744,0.457549,0.465477,0.465477,13.220421,-1.483046,-1.480939,40.0,40.0,17.925232,0.0,1.0,0.0,0.0,0.307858,70.0,0.345132,1.0
81.0,0.450848,0.457654,0.466059,0.466059,13.221289,-1.499698,-1.497489,40.0,40.0,17.727188,0.0,1.0,0.0,0.0,0.307858,80.0,0.356302,1.0
91.0,0.450952,0.45776,0.466552,0.466552,13.219694,-1.39159,-1.389321,40.0,40.0,19.007434,0.0,1.0,0.0,0.0,0.307858,90.0,0.34998,1.0
101.0,0.451057,0.457867,0.467021,0.467021,13.221509,-1.458367,-1.45629,40.0,40.0,18.215591,0.0,1.0,0.0,0.0,0.307858,100.0,0.351423,1.0
111.0,0.451162,0.457974,0.467443,0.467443,13.223195,-1.519953,-1.517757,40.0,40.0,17.485101,0.0,1.0,0.0,0.0,0.307858,110.0,0.353641,1.0
121.0,0.451266,0.45808,0.467809,0.467809,13.221936,-1.432336,-1.430105,40.0,40.0,18.522843,0.0,1.0,0.0,0.0,0.309391,120.0,0.346574,1.0
131.0,0.45137,0.458186,0.468181,0.468181,13.223839,-1.507196,-1.50509,40.0,40.0,17.635092,0.0,1.0,0.0,0.0,0.309391,130.0,0.361947,1.0
141.0,0.451475,0.458293,0.468483,0.468483,13.223937,-1.490712,-1.48856,40.0,40.0,17.829902,0.0,1.0,0.0,0.0,0.309391,140.0,0.359082,1.0
151.0,0.451578,0.458398,0.468774,0.468774,13.223209,-1.433582,-1.431351,40.0,40.0,18.506478,0.0,1.0,0.0,0.0,0.309391,150.0,0.35919,1.0
161.0,0.451683,0.458504,0.469042,0.469042,13.2244,-1.474857,-1.472654,40.0,40.0,18.016802,0.0,1.0,0.0,0.0,0.309391,160.0,0.344408,1.0
171.0,0.451788,0.458611,0.469318,0.469318,13.224825,-1.477656,-1.475353,40.0,40.0,17.98314,0.0,1.0,0.0,0.0,0.309391,170.0,0.359301,1.0
181.0,0.451892,0.458718,0.469604,0.469604,13.225921,-1.515605,-1.513354,40.0,40.0,17.532822,0.0,1.0,0.0,0.0,0.310464,180.0,0.339956,1.0
191.0,0.451996,0.458823,0.469852,0.469852,13.224118,-1.406834,-1.40448,40.0,40.0,18.821652,0.0,1.0,0.0,0.0,0.310464,190.0,0.352959,1.0
201.0,0.4521,0.458929,0.470083,0.470083,13.225523,-1.462396,-1.460174,40.0,40.0,18.162707,0.0,1.0,0.0,0.0,0.310464,200.0,0.357311,1.0
211.0,0.452203,0.459034,0.470311,0.470311,13.225678,-1.454926,-1.45276,40.0,40.0,18.250856,0.0,1.0,0.0,0.0,0.310464,210.0,0.359939,1.0
221.0,0.452308,0.459141,0.470516,0.470516,13.226198,-1.466395,-1.464181,40.0,40.0,18.114515,0.0,1.0,0.0,0.0,0.310464,220.0,0.342297,1.0
231.0,0.452411,0.459246,0.470733,0.470733,13.225993,-1.441779,-1.439533,40.0,40.0,18.405957,0.0,1.0,0.0,0.0,0.310464,230.0,0.349526,1.0
241.0,0.452515,0.459352,0.470933,0.470933,13.226944,-1.476725,-1.474502,40.0,40.0,17.991343,0.0,1.0,0.0,0.0,0.310925,240.0,0.356732,1.0
251.0,0.452619,0.459457,0.471124,0.471124,13.22709,-1.471286,-1.469103,40.0,40.0,18.055491,0.0,1.0,0.0,0.0,0.310925,250.0,0.347291,1.0
261.0,0.452723,0.459564,0.471305,0.471305,13.2284,-1.525237,-1.52326,40.0,40.0,17.415512,0.0,1.0,0.0,0.0,0.310925,260.0,0.348098,1.0
271.0,0.452828,0.45967,0.471478,0.471478,13.227844,-1.484795,-1.48258,40.0,40.0,17.894693,0.0,1.0,0.0,0.0,0.310925,270.0,0.35462,1.0
281.0,0.452932,0.459776,0.47166,0.47166,13.228743,-1.518986,-1.516947,40.0,40.0,17.488991,0.0,1.0,0.0,0.0,0.310925,280.0,0.359428,1.0
291.0,0.453035,0.459881,0.471829,0.471829,13.228209,-1.480826,-1.478364,40.0,40.0,17.941164,0.0,1.0,0.0,0.0,0.310925,290.0,0.355457,1.0
301.0,0.453139,0.459987,0.472007,0.472007,13.228223,-1.470852,-1.468584,40.0,40.0,18.05914,0.0,1.0,0.0,0.0,0.311744,300.0,0.349619,1.0
311.0,0.453243,0.460092,0.47215,0.47215,13.227948,-1.446724,-1.444537,40.0,40.0,18.344927,0.0,1.0,0.0,0.0,0.311744,310.0,0.358691,1.0
321.0,0.453347,0.460199,0.47232,0.47232,13.229203,-1.500707,-1.498507,40.0,40.0,17.704633,0.0,1.0,0.0,0.0,0.311744,320.0,0.367553,1.0
331.0,0.453451,0.460304,0.472477,0.472477,13.227342,-1.396248,-1.394077,40.0,40.0,18.942823,0.0,1.0,0.0,0.0,0.311744,330.0,0.352468,1.0
341.0,0.453556,0.460411,0.472634,0.472634,13.229171,-1.480223,-1.477949,40.0,40.0,17.947024,0.0,1.0,0.0,0.0,0.311744,340.0,0.351784,1.0
351.0,0.453661,0.460517,0.472798,0.472798,13.229622,-1.494292,-1.491987,40.0,40.0,17.779964,0.0,1.0,0.0,0.0,0.311744,350.0,0.351847,1.0
361.0,0.453764,0.460623,0.472956,0.472956,13.228453,-1.42624,-1.424145,40.0,40.0,18.586614,0.0,1.0,0.0,0.0,0.312751,360.0,0.361018,1.0
371.0,0.453869,0.46073,0.473114,0.473114,13.229664,-1.479685,-1.477492,40.0,40.0,17.952732,0.0,1.0,0.0,0.0,0.312751,370.0,0.353197,1.0
381.0,0.453974,0.460837,0.473263,0.473263,13.229498,-1.462852,-1.460776,40.0,40.0,18.152109,0.0,1.0,0.0,0.0,0.312751,380.0,0.356435,1.0
391.0,0.454078,0.460942,0.473416,0.473416,13.23023,-1.492842,-1.49072,40.0,40.0,17.79631,0.0,1.0,0.0,0.0,0.312751,390.0,0.359975,1.0
401.0,0.454181,0.461048,0.473549,0.473549,13.23043,-1.495956,-1.493855,40.0,40.0,17.759196,0.0,1.0,0.0,0.0,0.312751,400.0,0.347841,1.0
411.0,0.454285,0.461154,0.47369,0.47369,13.229764,-1.454934,-1.452864,40.0,40.0,18.245448,0.0,1.0,0.0,0.0,0.312751,410.0,0.365344,1.0
421.0,0.454391,0.461261,0.47384,0.47384,13.230656,-1.493065,-1.490741,40.0,40.0,17.7931,0.0,1.0,0.0,0.0,0.313893,420.0,0.348585,1.0
431.0,0.454496,0.461368,0.47398,0.47398,13.229499,-1.427179,-1.42508,40.0,40.0,18.574174,0.0,1.0,0.0,0.0,0.313893,430.0,0.346667,1.0
441.0,0.4546,0.461474,0.474127,0.474127,13.231264,-1.510865,-1.508724,40.0,40.0,17.581668,0.0,1.0,0.0,0.0,0.313893,440.0,0.359698,1.0
451.0,0.454704,0.46158,0.474264,0.474264,13.230177,-1.449292,-1.447112,40.0,40.0,18.311664,0.0,1.0,0.0,0.0,0.313893,450.0,0.35105,1.0
461.0,0.454808,0.461686,0.474407,0.474407,13.230509,-1.460281,-1.458118,40.0,40.0,18.181208,0.0,1.0,0.0,0.0,0.313893,459.0,0.353522,1.0
471.0,0.454913,0.461792,0.474541,0.474541,13.231422,-1.500865,-1.498756,40.0,40.0,17.699779,0.0,1.0,0.0,0.0,0.313893,469.0,0.345605,1.0
481.0,0.455016,0.461897,0.474678,0.474678,13.231717,-1.510813,-1.50862,40.0,40.0,17.581671,0.0,1.0,0.0,0.0,0.314483,479.0,0.346799,1.0
491.0,0.455121,0.462004,0.474816,0.474816,13.232072,-1.523149,-1.520934,40.0,40.0,17.435204,0.0,1.0,0.0,0.0,0.314483,489.0,0.363085,1.0
501.0,0.455226,0.462111,0.47496,0.47496,13.231258,-1.475887,-1.473858,40.0,40.0,17.995566,0.0,1.0,0.0,0.0,0.314483,499.0,0.345873,1.0
511.0,0.455331,0.462218,0.475097,0.475097,13.231985,-1.507563,-1.505526,40.0,40.0,17.619766,0.0,1.0,0.0,0.0,0.314483,509.0,0.35966,1.0
521.0,0.455435,0.462324,0.475236,0.475236,13.22999,-1.401052,-1.39877,40.0,40.0,18.882669,0.0,1.0,0.0,0.0,0.314483,519.0,0.352887,1.0
531.0,0.455539,0.462429,0.475365,0.475365,13.232064,-1.502191,-1.49994,40.0,40.0,17.683225,0.0,1.0,0.0,0.0,0.314483,529.0,0.343124,1.0
541.0,0.455644,0.462536,0.475494,0.475494,13.232983,-1.544174,-1.541866,40.0,40.0,17.185147,0.0,1.0,0.0,0.0,0.315488,539.0,0.347837,1.0
551.0,0.455748,0.462643,0.475627,0.475627,13.231682,-1.472976,-1.470806,40.0,40.0,18.029454,0.0,1.0,0.0,0.0,0.315488,549.0,0.339424,1.0
561.0,0.455853,0.462749,0.475752,0.475752,13.232095,-1.4897,-1.487605,40.0,40.0,17.830997,0.0,1.0,0.0,0.0,0.315488,559.0,0.358517,1.0
571.0,0.455957,0.462855,0.475883,0.475883,13.231631,-1.461725,-1.459488,40.0,40.0,18.16265,0.0,1.0,0.0,0.0,0.315488,569.0,0.352091,1.0
581.0,0.456062,0.462962,0.476012,0.476012,13.232174,-1.484923,-1.48285,40.0,40.0,17.887423,0.0,1.0,0.0,0.0,0.315488,579.0,0.350726,1.0
591.0,0.456166,0.463068,0.476145,0.476145,13.232562,-1.500475,-1.498237,40.0,40.0,17.702864,0.0,1.0,0.0,0.0,0.315488,589.0,0.356124,1.0
601.0,0.45627,0.463174,0.476279,0.476279,13.231435,-1.439174,-1.437082,40.0,40.0,18.42976,0.0,1.0,0.0,0.0,0.316469,599.0,0.349568,1.0
611.0,0.456375,0.46328,0.476405,0.476405,13.232302,-1.479315,-1.477015,40.0,40.0,17.953619,0.0,1.0,0.0,0.0,0.316469,609.0,0.358536,1.0
621.0,0.45648,0.463388,0.476529,0.476529,13.232752,-1.49786,-1.495621,40.0,40.0,17.733564,0.0,1.0,0.0,0.0,0.316469,619.0,0.349775,1.0
631.0,0.456584,0.463493,0.476653,0.476653,13.232951,-1.504554,-1.502432,40.0,40.0,17.654079,0.0,1.0,0.0,0.0,0.316469,629.0,0.350296,1.0
641.0,0.456687,0.463599,0.476778,0.476778,13.232812,-1.494096,-1.491966,40.0,40.0,17.778019,0.0,1.0,0.0,0.0,0.316469,639.0,0.348477,1.0
651.0,0.456792,0.463705,0.476907,0.476907,13.233438,-1.522417,-1.520269,40.0,40.0,17.442006,0.0,1.0,0.0,0.0,0.316469,649.0,0.352948,1.0
661.0,0.456895,0.46381,0.477024,0.477024,13.232143,-1.452975,-1.450829,40.0,40.0,18.265536,0.0,1.0,0.0,0.0,0.317033,659.0,0.357699,1.0
671.0,0.457,0.463917,0.477146,0.477146,13.232107,-1.447538,-1.445389,40.0,40.0,18.329922,0.0,1.0,0.0,0.0,0.317033,669.0,0.344837,1.0
681.0,0.457106,0.464025,0.477277,0.477277,13.232205,-1.448536,-1.446198,40.0,40.0,18.317983,0.0,1.0,0.0,0.0,0.317033,679.0,0.356194,1.0
691.0,0.457211,0.464131,0.477395,0.477395,13.233341,-1.503103,-1.50077,40.0,40.0,17.670726,0.0,1.0,0.0,0.0,0.317033,689.0,0.359864,1.0
701.0,0.457315,0.464237,0.477521,0.477521,13.232704,-1.467253,-1.464971,40.0,40.0,18.095835,0.0,1.0,0.0,0.0,0.317033,699.0,0.359723,1.0
711.0,0.457421,0.464345,0.477647,0.477647,13.233811,-1.51996,-1.517653,40.0,40.0,17.470583,0.0,1.0,0.0,0.0,0.317033,709.0,0.362387,1.0
721.0,0.457524,0.46445,0.477764,0.477764,13.232601,-1.455456,-1.453383,40.0,40.0,18.235575,0.0,1.0,0.0,0.0,0.318316,719.0,0.356714,1.0
731.0,0.457629,0.464557,0.477888,0.477888,13.232956,-1.470422,-1.468065,40.0,40.0,18.057996,0.0,1.0,0.0,0.0,0.318316,729.0,0.35159,1.0
741.0,0.457732,0.464662,0.478004,0.478004,13.232636,-1.451435,-1.449085,40.0,40.0,18.283113,0.0,1.0,0.0,0.0,0.318316,739.0,0.346845,1.0
751.0,0.457836,0.464768,0.47812,0.47812,13.23324,-1.479359,-1.477118,40.0,40.0,17.951855,0.0,1.0,0.0,0.0,0.318316,749.0,0.35841,1.0
761.0,0.457941,0.464875,0.478245,0.478245,13.23317,-1.47242,-1.470287,40.0,40.0,18.03407,0.0,1.0,0.0,0.0,0.318316,759.0,0.352874,1.0
771.0,0.458045,0.464981,0.478363,0.478363,13.2327,-1.445636,-1.443395,40.0,40.0,18.351659,0.0,1.0,0.0,0.0,0.318316,769.0,0.3514,1.0
781.0,0.458151,0.465088,0.478483,0.478483,13.233713,-1.494064,-1.491966,40.0,40.0,17.777193,0.0,1.0,0.0,0.0,0.318891,779.0,0.34736,1.0
791.0,0.458255,0.465194,0.478601,0.478601,13.233282,-1.469227,-1.467068,40.0,40.0,18.071717,0.0,1.0,0.0,0.0,0.318891,789.0,0.359037,1.0
801.0,0.458359,0.4653,0.478719,0.478719,13.232482,-1.425699,-1.423647,40.0,40.0,18.587875,0.0,1.0,0.0,0.0,0.318891,799.0,0.35508,1.0
811.0,0.458463,0.465406,0.478829,0.478829,13.233465,-1.473064,-1.470993,40.0,40.0,18.026065,0.0,1.0,0.0,0.0,0.318891,809.0,0.349916,1.0
821.0,0.458567,0.465512,0.478944,0.478944,13.234167,-1.506315,-1.503948,40.0,40.0,17.631593,0.0,1.0,0.0,0.0,0.318891,819.0,0.351247,1.0
831.0,0.458671,0.465618,0.479059,0.479059,13.233941,-1.492198,-1.490035,40.0,40.0,17.798978,0.0,1.0,0.0,0.0,0.318891,829.0,0.359219,1.0
841.0,0.458774,0.465723,0.479175,0.479175,13.233854,-1.485595,-1.483348,40.0,40.0,17.877239,0.0,1.0,0.0,0.0,0.319061,839.0,0.356528,1.0
851.0,0.458878,0.465828,0.479286,0.479286,13.233426,-1.46116,-1.459094,40.0,40.0,18.167,0.0,1.0,0.0,0.0,0.319061,849.0,0.346059,1.0
861.0,0.458982,0.465934,0.4794,0.4794,13.233157,-1.44493,-1.442731,40.0,40.0,18.359423,0.0,1.0,0.0,0.0,0.319061,859.0,0.352926,1.0
871.0,0.459086,0.46604,0.479516,0.479516,13.23394,-1.482271,-1.480026,40.0,40.0,17.916472,0.0,1.0,0.0,0.0,0.319061,869.0,0.364288,1.0
881.0,0.459189,0.466145,0.479631,0.479631,13.233921,-1.479326,-1.477181,40.0,40.0,17.95135,0.0,1.0,0.0,0.0,0.319061,879.0,0.357562,1.0
891.0,0.459292,0.46625,0.479747,0.479747,13.233707,-1.466145,-1.463911,40.0,40.0,18.107626,0.0,1.0,0.0,0.0,0.319061,889.0,0.35261,1.0
901.0,0.459396,0.466355,0.479859,0.479859,13.2336,-1.458314,-1.456062,40.0,40.0,18.200457,0.0,1.0,0.0,0.0,0.319022,899.0,0.359145,1.0
911.0,0.459499,0.466461,0.479972,0.479972,13.233965,-1.474761,-1.47255,40.0,40.0,18.005315,0.0,1.0,0.0,0.0,0.319022,909.0,0.356802,1.0
921.0,0.459604,0.466568,0.480089,0.480089,13.233561,-1.451227,-1.449106,40.0,40.0,18.284377,0.0,1.0,0.0,0.0,0.319022,919.0,0.357647,1.0
931.0,0.459708,0.466673,0.480205,0.480205,13.233697,-1.455798,-1.453508,40.0,40.0,18.230105,0.0,1.0,0.0,0.0,0.319022,929.0,0.366843,1.0
941.0,0.459813,0.46678,0.480317,0.480317,13.234882,-1.513564,-1.51134,40.0,40.0,17.54483,0.0,1.0,0.0,0.0,0.319022,939.0,0.355843,1.0
951.0,0.459916,0.466885,0.480429,0.480429,13.233617,-1.447004,-1.444724,40.0,40.0,18.334279,0.0,1.0,0.0,0.0,0.319022,949.0,0.348945,1.0
961.0,0.460019,0.46699,0.480542,0.480542,13.23382,-1.455152,-1.452843,40.0,40.0,18.237584,0.0,1.0,0.0,0.0,0.319631,959.0,0.355168,1.0
971.0,0.460123,0.467096,0.480652,0.480652,13.234659,-1.495608,-1.49344,40.0,40.0,17.757654,0.0,1.0,0.0,0.0,0.319631,969.0,0.350089,1.0
981.0,0.460228,0.467202,0.480763,0.480763,13.235172,-1.519085,-1.516926,40.0,40.0,17.479088,0.0,1.0,0.0,0.0,0.319631,979.0,0.358092,1.0
991.0,0.460331,0.467307,0.480875,0.480875,13.233339,-1.423406,-1.42128,40.0,40.0,18.613925,0.0,1.0,0.0,0.0,0.319631,989.0,0.357564,1.0
1001.0,0.460434,0.467412,0.480984,0.480984,13.233498,-1.429432,-1.427073,40.0,40.0,18.542405,0.0,1.0,0.0,0.0,0.319631,999.0,0.347752,1.0
1011.0,0.460538,0.467518,0.481096,0.481096,13.234574,-1.481904,-1.47959,40.0,40.0,17.919973,0.0,1.0,0.0,0.0,0.319631,1009.0,0.361153,1.0
1021.0,0.460642,0.467624,0.481209,0.481209,13.235342,-1.518842,-1.516718,40.0,40.0,17.481738,0.0,1.0,0.0,0.0,0.320265,1019.0,0.350763,1.0
1031.0,0.460748,0.467732,0.481326,0.481326,13.235873,-1.542951,-1.54064,40.0,40.0,17.195637,0.0,1.0,0.0,0.0,0.320265,1029.0,0.348558,1.0
1041.0,0.460851,0.467837,0.481442,0.481442,13.233847,-1.43735,-1.435151,40.0,40.0,18.448242,0.0,1.0,0.0,0.0,0.320265,1039.0,0.354144,1.0
1051.0,0.460956,0.467944,0.481555,0.481555,13.234899,-1.488426,-1.486276,40.0,40.0,17.842346,0.0,1.0,0.0,0.0,0.320265,1049.0,0.353201,1.0
1061.0,0.461061,0.46805,0.481671,0.481671,13.233921,-1.436089,-1.433947,40.0,40.0,18.463068,0.0,1.0,0.0,0.0,0.320265,1059.0,0.348576,1.0
1071.0,0.461165,0.468156,0.481786,0.481786,13.234781,-1.477602,-1.475416,40.0,40.0,17.970618,0.0,1.0,0.0,0.0,0.320265,1069.0,0.351424,1.0
1081.0,0.461268,0.468261,0.4819,0.4819,13.234347,-1.453681,-1.451411,40.0,40.0,18.254316,0.0,1.0,0.0,0.0,0.321337,1079.0,0.352038,1.0
1091.0,0.461372,0.468367,0.482011,0.482011,13.234229,-1.445381,-1.443457,40.0,40.0,18.352694,0.0,1.0,0.0,0.0,0.321337,1089.0,0.348549,1.0
1101.0,0.461476,0.468473,0.482121,0.482121,13.233947,-1.428651,-1.426492,40.0,40.0,18.551075,0.0,1.0,0.0,0.0,0.321337,1099.0,0.339814,1.0
1111.0,0.461582,0.46858,0.482233,0.482233,13.235275,-1.493513,-1.49126,40.0,40.0,17.781637,0.0,1.0,0.0,0.0,0.321337,1109.0,0.349509,1.0
1121.0,0.461686,0.468687,0.482347,0.482347,13.235009,-1.477463,-1.47527,40.0,40.0,17.971963,0.0,1.0,0.0,0.0,0.321337,1119.0,0.354609,1.0
1131.0,0.461791,0.468793,0.48246,0.48246,13.234871,-1.468053,-1.466009,40.0,40.0,18.083521,0.0,1.0,0.0,0.0,0.321337,1129.0,0.354085,1.0
1141.0,0.461895,0.4689,0.482574,0.482574,13.234799,-1.462028,-1.4598,40.0,40.0,18.154932,0.0,1.0,0.0,0.0,0.322568,1139.0,0.353884,1.0
1151.0,0.462,0.469006,0.482686,0.482686,13.234385,-1.438463,-1.436272,40.0,40.0,18.434383,0.0,1.0,0.0,0.0,0.322568,1149.0,0.349346,1.0
1161.0,0.462105,0.469113,0.482797,0.482797,13.235523,-1.49396,-1.491613,40.0,40.0,17.776014,0.0,1.0,0.0,0.0,0.322568,1159.0,0.347111,1.0
1171.0,0.462209,0.469219,0.482909,0.482909,13.235175,-1.474061,-1.471948,40.0,40.0,18.012004,0.0,1.0,0.0,0.0,0.322568,1169.0,0.347925,1.0
1181.0,0.462313,0.469325,0.48302,0.48302,13.235185,-1.47224,-1.470017,40.0,40.0,18.033556,0.0,1.0,0.0,0.0,0.322568,1179.0,0.355999,1.0
1191.0,0.462416,0.46943,0.483128,0.483128,13.235357,-1.479297,-1.476911,40.0,40.0,17.949791,0.0,1.0,0.0,0.0,0.322568,1189.0,0.35393,1.0
1201.0,0.46252,0.469536,0.483237,0.483237,13.235328,-1.475693,-1.47363,40.0,40.0,17.992489,0.0,1.0,0.0,0.0,0.323033,1199.0,0.350835,1.0
1211.0,0.462625,0.469643,0.483348,0.483348,13.235016,-1.457352,-1.455148,40.0,40.0,18.209989,0.0,1.0,0.0,0.0,0.323033,1209.0,0.354476,1.0
1221.0,0.462729,0.469749,0.483462,0.483462,13.235395,-1.474408,-1.472259,40.0,40.0,18.007614,0.0,1.0,0.0,0.0,0.323033,1219.0,0.355188,1.0
1231.0,0.462833,0.469855,0.483569,0.483569,13.234898,-1.446875,-1.44462,40.0,40.0,18.334158,0.0,1.0,0.0,0.0,0.323033,1229.0,0.348144,1.0
1241.0,0.462938,0.469961,0.483679,0.483679,13.235238,-1.462032,-1.459779,40.0,40.0,18.154307,0.0,1.0,0.0,0.0,0.323033,1239.0,0.348356,1.0
1251.0,0.463041,0.470066,0.48379,0.48379,13.234883,-1.441853,-1.43974,40.0,40.0,18.393617,0.0,1.0,0.0,0.0,0.323033,1249.0,0.359872,1.0
1261.0,0.463146,0.470173,0.483896,0.483896,13.235686,-1.480558,-1.47824,40.0,40.0,17.934437,0.0,1.0,0.0,0.0,0.32367,1259.0,0.346982,1.0
1271.0,0.463249,0.470278,0.484001,0.484001,13.23555,-1.471757,-1.469456,40.0,40.0,18.038781,0.0,1.0,0.0,0.0,0.32367,1269.0,0.347159,1.0
1281.0,0.463355,0.470385,0.484117,0.484117,13.235745,-1.478958,-1.476765,40.0,40.0,17.953296,0.0,1.0,0.0,0.0,0.32367,1279.0,0.34961,1.0
1291.0,0.463458,0.47049,0.484224,0.484224,13.235126,-1.445579,-1.443208,40.0,40.0,18.349202,0.0,1.0,0.0,0.0,0.32367,1289.0,0.354561,1.0
1301.0,0.463561,0.470595,0.484335,0.484335,13.236518,-1.514845,-1.512752,40.0,40.0,17.527458,0.0,1.0,0.0,0.0,0.32367,1299.0,0.355335,1.0
1311.0,0.463665,0.470702,0.484451,0.484451,13.23602,-1.487129,-1.484864,40.0,40.0,17.856206,0.0,1.0,0.0,0.0,0.32367,1309.0,0.346206,1.0
1321.0,0.463769,0.470807,0.484561,0.484561,13.235591,-1.46324,-1.461025,40.0,40.0,18.139542,0.0,1.0,0.0,0.0,0.324144,1319.0,0.363148,1.0
1331.0,0.463874,0.470914,0.484668,0.484668,13.236646,-1.514744,-1.512461,40.0,40.0,17.528469,0.0,1.0,0.0,0.0,0.324144,1329.0,0.356341,1.0
1341.0,0.463978,0.471019,0.484774,0.484774,13.236546,-1.50756,-1.505443,40.0,40.0,17.613655,0.0,1.0,0.0,0.0,0.324144,1339.0,0.348848,1.0
1351.0,0.464082,0.471126,0.484885,0.484885,13.237844,-1.5714,-1.569235,40.0,40.0,16.856112,0.0,1.0,0.0,0.0,0.324144,1349.0,0.355505,1.0
1361.0,0.464187,0.471232,0.484995,0.484995,13.236372,-1.494051,-1.491904,40.0,40.0,17.773799,0.0,1.0,0.0,0.0,0.324144,1359.0,0.345975,1.0
1371.0,0.464292,0.471339,0.485109,0.485109,13.236418,-1.493904,-1.491634,40.0,40.0,17.775476,0.0,1.0,0.0,0.0,0.324144,1369.0,0.351364,1.0
1381.0,0.464395,0.471445,0.485219,0.485219,13.237175,-1.530468,-1.528368,40.0,40.0,17.341615,0.0,1.0,0.0,0.0,0.325011,1379.0,0.354382,1.0
1391.0,0.4645,0.471551,0.485329,0.485329,13.236439,-1.490759,-1.488498,40.0,40.0,17.812677,0.0,1.0,0.0,0.0,0.325011,1389.0,0.345119,1.0
1401.0,0.464602,0.471655,0.485435,0.485435,13.236097,-1.471698,-1.469518,40.0,40.0,18.038768,0.0,1.0,0.0,0.0,0.325011,1399.0,0.347164,1.0
1411.0,0.464706,0.471761,0.485544,0.485544,13.236103,-1.469863,-1.46767,40.0,40.0,18.060482,0.0,1.0,0.0,0.0,0.325011,1409.0,0.346656,1.0
1421.0,0.46481,0.471866,0.485652,0.485652,13.236618,-1.494375,-1.491966,40.0,40.0,17.769636,0.0,1.0,0.0,0.0,0.325011,1419.0,0.346608,1.0
1431.0,0.464914,0.471973,0.485759,0.485759,13.237137,-1.518466,-1.516262,40.0,40.0,17.483751,0.0,1.0,0.0,0.0,0.325011,1429.0,0.359917,1.0
1441.0,0.465019,0.47208,0.485869,0.485869,13.237151,-1.516647,-1.514413,40.0,40.0,17.505265,0.0,1.0,0.0,0.0,0.3256,1439.0,0.350888,1.0
1451.0,0.465123,0.472185,0.485977,0.485977,13.235444,-1.427573,-1.425474,40.0,40.0,18.561913,0.0,1.0,0.0,0.0,0.3256,1449.0,0.36636,1.0
1461.0,0.465227,0.472291,0.486083,0.486083,13.237048,-1.507283,-1.50511,40.0,40.0,17.616258,0.0,1.0,0.0,0.0,0.3256,1459.0,0.356999,1.0
1471.0,0.465331,0.472397,0.486192,0.486192,13.236981,-1.501601,-1.499379,40.0,40.0,17.683612,0.0,1.0,0.0,0.0,0.3256,1469.0,0.351482,1.0
1481.0,0.465435,0.472503,0.486303,0.486303,13.236682,-1.484459,-1.482268,40.0,40.0,17.886935,0.0,1.0,0.0,0.0,0.3256,1479.0,0.349435,1.0
1491.0,0.465539,0.472608,0.486414,0.486414,13.236822,-1.489546,-1.487356,40.0,40.0,17.826533,0.0,1.0,0.0,0.0,0.3256,1488.0,0.354712,1.0
1501.0,0.465643,0.472714,0.486524,0.486524,13.236111,-1.451083,-1.448981,40.0,40.0,18.282775,0.0,1.0,0.0,0.0,0.326078,1498.0,0.345536,1.0
1511.0,0.465747,0.47282,0.486626,0.486626,13.237424,-1.515995,-1.513853,40.0,40.0,17.512612,0.0,1.0,0.0,0.0,0.326078,1508.0,0.353714,1.0
1521.0,0.465851,0.472926,0.486733,0.486733,13.236673,-1.475519,-1.47336,40.0,40.0,17.992769,0.0,1.0,0.0,0.0,0.326078,1518.0,0.345947,1.0
1531.0,0.465955,0.473033,0.486839,0.486839,13.237266,-1.503463,-1.501269,40.0,40.0,17.661189,0.0,1.0,0.0,0.0,0.326078,1528.0,0.34984,1.0
1541.0,0.466059,0.473138,0.486948,0.486948,13.236591,-1.467101,-1.464784,40.0,40.0,18.092537,0.0,1.0,0.0,0.0,0.326078,1538.0,0.345478,1.0
1551.0,0.466164,0.473245,0.487059,0.487059,13.236582,-1.464178,-1.462043,40.0,40.0,18.127149,0.0,1.0,0.0,0.0,0.326078,1548.0,0.348634,1.0
1561.0,0.466267,0.47335,0.487166,0.487166,13.236594,-1.463025,-1.460921,40.0,40.0,18.14078,0.0,1.0,0.0,0.0,0.326614,1558.0,0.343489,1.0
1571.0,0.46637,0.473455,0.487278,0.487278,13.236441,-1.453387,-1.451182,40.0,40.0,18.25507,0.0,1.0,0.0,0.0,0.326614,1568.0,0.354473,1.0
1581.0,0.466474,0.473561,0.487385,0.487385,13.2367,-1.464468,-1.46225,40.0,40.0,18.123562,0.0,1.0,0.0,0.0,0.326614,1578.0,0.356848,1.0
1591.0,0.466578,0.473666,0.48749,0.48749,13.237233,-1.489642,-1.487584,40.0,40.0,17.824845,0.0,1.0,0.0,0.0,0.326614,1587.0,0.359652,1.0
1601.0,0.466681,0.473771,0.487597,0.487597,13.236323,-1.441544,-1.439408,40.0,40.0,18.395411,0.0,1.0,0.0,0.0,0.326614,1597.0,0.354512,1.0
1611.0,0.466784,0.473876,0.487699,0.487699,13.237653,-1.507446,-1.505173,40.0,40.0,17.613505,0.0,1.0,0.0,0.0,0.326614,1607.0,0.357468,1.0
1621.0,0.466888,0.473982,0.487809,0.487809,13.236718,-1.457598,-1.455501,40.0,40.0,18.204862,0.0,1.0,0.0,0.0,0.326838,1617.0,0.360417,1.0
1631.0,0.466993,0.474088,0.487916,0.487916,13.236255,-1.431644,-1.429524,40.0,40.0,18.512691,0.0,1.0,0.0,0.0,0.326838,1627.0,0.338593,1.0
1641.0,0.467096,0.474194,0.488023,0.488023,13.236175,-1.425547,-1.423315,40.0,40.0,18.584971,0.0,1.0,0.0,0.0,0.326838,1637.0,0.353871,1.0
1651.0,0.467201,0.4743,0.488134,0.488134,13.236239,-1.426487,-1.424394,40.0,40.0,18.57376,0.0,1.0,0.0,0.0,0.326838,1647.0,0.347418,1.0
1661.0,0.467305,0.474407,0.488242,0.488242,13.238031,-1.515589,-1.5135,40.0,40.0,17.516594,0.0,1.0,0.0,0.0,0.326838,1657.0,0.353103,1.0
1671.0,0.46741,0.474513,0.488355,0.488355,13.237489,-1.485553,-1.483369,40.0,40.0,17.872906,0.0,1.0,0.0,0.0,0.326838,1667.0,0.341057,1.0
1681.0,0.467514,0.474619,0.488461,0.488461,13.237728,-1.495567,-1.493274,40.0,40.0,17.754039,0.0,1.0,0.0,0.0,0.328061,1677.0,0.359999,1.0
1691.0,0.467618,0.474725,0.488569,0.488569,13.237471,-1.48033,-1.478157,40.0,40.0,17.934763,0.0,1.0,0.0,0.0,0.328061,1687.0,0.356528,1.0
1701.0,0.467722,0.474831,0.48868,0.48868,13.237439,-1.476517,-1.474377,40.0,40.0,17.979947,0.0,1.0,0.0,0.0,0.328061,1697.0,0.353494,1.0
1711.0,0.467826,0.474937,0.488787,0.488787,13.23699,-1.451511,-1.449459,40.0,40.0,18.276562,0.0,1.0,0.0,0.0,0.328061,1707.0,0.345122,1.0
1721.0,0.46793,0.475042,0.488896,0.488896,13.237251,-1.462828,-1.46063,40.0,40.0,18.142248,0.0,1.0,0.0,0.0,0.328061,1717.0,0.359298,1.0
1731.0,0.468035,0.47515,0.489007,0.489007,13.237013,-1.448045,-1.445742,40.0,40.0,18.317568,0.0,1.0,0.0,0.0,0.328061,1727.0,0.365655,1.0
1741.0,0.468139,0.475255,0.489114,0.489114,13.237341,-1.462929,-1.460755,40.0,40.0,18.140937,0.0,1.0,0.0,0.0,0.328732,1737.0,0.344184,1.0
1751.0,0.468243,0.475361,0.489225,0.489225,13.237298,-1.458414,-1.456228,40.0,40.0,18.194446,0.0,1.0,0.0,0.0,0.328732,1747.0,0.35744,1.0
1761.0,0.468347,0.475467,0.489334,0.489334,13.237769,-1.480338,-1.478157,40.0,40.0,17.934279,0.0,1.0,0.0,0.0,0.328732,1757.0,0.35202,1.0
1771.0,0.468452,0.475574,0.489443,0.489443,13.237417,-1.460103,-1.457993,40.0,40.0,18.174294,0.0,1.0,0.0,0.0,0.328732,1767.0,0.355911,1.0
1781.0,0.468555,0.475679,0.48955,0.48955,13.237955,-1.485667,-1.483348,40.0,40.0,17.870937,0.0,1.0,0.0,0.0,0.328732,1777.0,0.349589,1.0
1791.0,0.46866,0.475786,0.48966,0.48966,13.236837,-1.426044,-1.423834,40.0,40.0,18.578234,0.0,1.0,0.0,0.0,0.328732,1787.0,0.362902,1.0
1801.0,0.468765,0.475893,0.489766,0.489766,13.23809,-1.487576,-1.485342,40.0,40.0,17.848163,0.0,1.0,0.0,0.0,0.329718,1797.0,0.354074,1.0
1811.0,0.468868,0.475998,0.489871,0.489871,13.237392,-1.450168,-1.448067,40.0,40.0,18.291937,0.0,1.0,0.0,0.0,0.329718,1807.0,0.357023,1.0
1821.0,0.468972,0.476103,0.489978,0.489978,13.23861,-1.510322,-1.508038,40.0,40.0,17.578166,0.0,1.0,0.0,0.0,0.329718,1817.0,0.347261,1.0
1831.0,0.469075,0.476208,0.490084,0.490084,13.237052,-1.429227,-1.42699,40.0,40.0,18.540286,0.0,1.0,0.0,0.0,0.329718,1827.0,0.355713,1.0
1841.0,0.469179,0.476313,0.49019,0.49019,13.238194,-1.485503,-1.483182,40.0,40.0,17.872567,0.0,1.0,0.0,0.0,0.329718,1837.0,0.340467,1.0
1851.0,0.469283,0.47642,0.490299,0.490299,13.23954,-1.551765,-1.549549,40.0,40.0,17.086219,0.0,1.0,0.0,0.0,0.329718,1847.0,0.350284,1.0
1861.0,0.469388,0.476527,0.490409,0.490409,13.23857,-1.499942,-1.497842,40.0,40.0,17.701118,0.0,1.0,0.0,0.0,0.330018,1857.0,0.356193,1.0
1871.0,0.469493,0.476633,0.490516,0.490516,13.237929,-1.46479,-1.462666,40.0,40.0,18.118134,0.0,1.0,0.0,0.0,0.330018,1867.0,0.350724,1.0
1881.0,0.469597,0.47674,0.490628,0.490628,13.237774,-1.454558,-1.452366,40.0,40.0,18.239474,0.0,1.0,0.0,0.0,0.330018,1877.0,0.357822,1.0
1891.0,0.469702,0.476846,0.490735,0.490735,13.238844,-1.506861,-1.504674,40.0,40.0,17.618833,0.0,1.0,0.0,0.0,0.330018,1887.0,0.349442,1.0
1901.0,0.469807,0.476953,0.490845,0.490845,13.238809,-1.502729,-1.50048,40.0,40.0,17.667799,0.0,1.0,0.0,0.0,0.330018,1897.0,0.363184,1.0
1911.0,0.469912,0.47706,0.490955,0.490955,13.2383,-1.474233,-1.472052,40.0,40.0,18.005852,0.0,1.0,0.0,0.0,0.330018,1907.0,0.356064,1.0
1921.0,0.470016,0.477166,0.491067,0.491067,13.237755,-1.444343,-1.442024,40.0,40.0,18.360432,0.0,1.0,0.0,0.0,0.331377,1917.0,0.342251,1.0
1931.0,0.47012,0.477272,0.491175,0.491175,13.238207,-1.465183,-1.463019,40.0,40.0,18.11312,0.0,1.0,0.0,0.0,0.331377,1927.0,0.354532,1.0
1941.0,0.470223,0.477377,0.491278,0.491278,13.237898,-1.447753,-1.445555,40.0,40.0,18.319882,0.0,1.0,0.0,0.0,0.331377,1937.0,0.353843,1.0
1951.0,0.470327,0.477483,0.491383,0.491383,13.238369,-1.469874,-1.46767,40.0,40.0,18.057372,0.0,1.0,0.0,0.0,0.331377,1947.0,0.354624,1.0
1961.0,0.470432,0.477589,0.491493,0.491493,13.238757,-1.487225,-1.485009,40.0,40.0,17.851427,0.0,1.0,0.0,0.0,0.331377,1957.0,0.357033,1.0
1971.0,0.470536,0.477695,0.491601,0.491601,13.23892,-1.493521,-1.491384,40.0,40.0,17.776664,0.0,1.0,0.0,0.0,0.331377,1967.0,0.36414,1.0
1981.0,0.47064,0.477801,0.491708,0.491708,13.238434,-1.466723,-1.464431,40.0,40.0,18.094589,0.0,1.0,0.0,0.0,0.331614,1977.0,0.343562,1.0
1991.0,0.470744,0.477907,0.491812,0.491812,13.239205,-1.503852,-1.501643,40.0,40.0,17.653971,0.0,1.0,0.0,0.0,0.331614,1987.0,0.347221,1.0
2001.0,0.470848,0.478013,0.491918,0.491918,13.239058,-1.494316,-1.49207,40.0,40.0,17.767069,0.0,1.0,0.0,0.0,0.331614,1997.0,0.345829,1.0
2011.0,0.470952,0.478119,0.492026,0.492026,13.238704,-1.474263,-1.472093,40.0,40.0,18.00497,0.0,1.0,0.0,0.0,0.331614,2007.0,0.354773,1.0
2021.0,0.471056,0.478225,0.492134,0.492134,13.239112,-1.49279,-1.490699,40.0,40.0,17.785066,0.0,1.0,0.0,0.0,0.331614,2017.0,0.352811,1.0
2031.0,0.471161,0.478331,0.492242,0.492242,13.239265,-1.498374,-1.496181,40.0,40.0,17.718749,0.0,1.0,0.0,0.0,0.331614,2027.0,0.357109,1.0
2041.0,0.471266,0.478438,0.49235,0.49235,13.239447,-1.505295,-1.503075,40.0,40.0,17.636564,0.0,1.0,0.0,0.0,0.332342,2037.0,0.353367,1.0
2051.0,0.47137,0.478544,0.492456,0.492456,13.238421,-1.45086,-1.448607,40.0,40.0,18.282415,0.0,1.0,0.0,0.0,0.332342,2047.0,0.35162,1.0
2061.0,0.471474,0.47865,0.492562,0.492562,13.239699,-1.513897,-1.511652,40.0,40.0,17.53437,0.0,1.0,0.0,0.0,0.332342,2057.0,0.355119,1.0
2071.0,0.471579,0.478757,0.492668,0.492668,13.239647,-1.508954,-1.506834,40.0,40.0,17.592964,0.0,1.0,0.0,0.0,0.332342,2067.0,0.364217,1.0
2081.0,0.471683,0.478862,0.492775,0.492775,13.239304,-1.489493,-1.487439,40.0,40.0,17.823847,0.0,1.0,0.0,0.0,0.332342,2077.0,0.356527,1.0
2091.0,0.471786,0.478968,0.492884,0.492884,13.239074,-1.475816,-1.473671,40.0,40.0,17.986089,0.0,1.0,0.0,0.0,0.332342,2087.0,0.347273,1.0
2101.0,0.471889,0.479073,0.49299,0.49299,13.239009,-1.470738,-1.468542,40.0,40.0,18.046299,0.0,1.0,0.0,0.0,0.332766,2097.0,0.358446,1.0
2111.0,0.471994,0.479179,0.493097,0.493097,13.239089,-1.472589,-1.470598,40.0,40.0,18.02428,0.0,1.0,0.0,0.0,0.332766,2107.0,0.356397,1.0
2121.0,0.472098,0.479285,0.493204,0.493204,13.238939,-1.462863,-1.460651,40.0,40.0,18.139624,0.0,1.0,0.0,0.0,0.332766,2117.0,0.349654,1.0
2131.0,0.472201,0.47939,0.493309,0.493309,13.238641,-1.445857,-1.443665,40.0,40.0,18.341362,0.0,1.0,0.0,0.0,0.332766,2127.0,0.346689,1.0
2141.0,0.472304,0.479494,0.493416,0.493416,13.238499,-1.437101,-1.434943,40.0,40.0,18.445206,0.0,1.0,0.0,0.0,0.332766,2137.0,0.346129,1.0
2151.0,0.472406,0.479599,0.493523,0.493523,13.239209,-1.471677,-1.469539,40.0,40.0,18.034913,0.0,1.0,0.0,0.0,0.332766,2147.0,0.350887,1.0
2161.0,0.47251,0.479705,0.49363,0.49363,13.238406,-1.428547,-1.426554,40.0,40.0,18.546602,0.0,1.0,0.0,0.0,0.332776,2157.0,0.347781,1.0
2171.0,0.472614,0.479811,0.493734,0.493734,13.239069,-1.460242,-1.457993,40.0,40.0,18.170494,0.0,1.0,0.0,0.0,0.332776,2167.0,0.357006,1.0
2181.0,0.472717,0.479916,0.493842,0.493842,13.238335,-1.42099,-1.418725,40.0,40.0,18.63616,0.0,1.0,0.0,0.0,0.332776,2177.0,0.356821,1.0
2191.0,0.472821,0.480022,0.493946,0.493946,13.238383,-1.42126,-1.419058,40.0,40.0,18.632906,0.0,1.0,0.0,0.0,0.332776,2187.0,0.341897,1.0
2201.0,0.472925,0.480127,0.49405,0.49405,13.239729,-1.488012,-1.485715,40.0,40.0,17.840815,0.0,1.0,0.0,0.0,0.332776,2197.0,0.354948,1.0
2211.0,0.473029,0.480233,0.494156,0.494156,13.239832,-1.491224,-1.488955,40.0,40.0,17.802644,0.0,1.0,0.0,0.0,0.332776,2207.0,0.351661,1.0
2221.0,0.473133,0.480338,0.494262,0.494262,13.238846,-1.438753,-1.436542,40.0,40.0,18.425207,0.0,1.0,0.0,0.0,0.333301,2217.0,0.349231,1.0
2231.0,0.473237,0.480444,0.494368,0.494368,13.239985,-1.494695,-1.492506,40.0,40.0,17.761348,0.0,1.0,0.0,0.0,0.333301,2227.0,0.353088,1.0
2241.0,0.473341,0.480551,0.494474,0.494474,13.23919,-1.451822,-1.449604,40.0,40.0,18.270022,0.0,1.0,0.0,0.0,0.333301,2237.0,0.360747,1.0
2251.0,0.473445,0.480656,0.494581,0.494581,13.240743,-1.528945,-1.526852,40.0,40.0,17.354768,0.0,1.0,0.0,0.0,0.333301,2247.0,0.350528,1.0
2261.0,0.473549,0.480762,0.49469,0.49469,13.239438,-1.460279,-1.458201,40.0,40.0,18.169573,0.0,1.0,0.0,0.0,0.333301,2257.0,0.353587,1.0
2271.0,0.473653,0.480868,0.494799,0.494799,13.239564,-1.464554,-1.462375,40.0,40.0,18.118793,0.0,1.0,0.0,0.0,0.333301,2267.0,0.356793,1.0
2281.0,0.473757,0.480974,0.494902,0.494902,13.240065,-1.487798,-1.48557,40.0,40.0,17.842911,0.0,1.0,0.0,0.0,0.334232,2277.0,0.350616,1.0
2291.0,0.473862,0.481081,0.495011,0.495011,13.241214,-1.543975,-1.541866,40.0,40.0,17.176135,0.0,1.0,0.0,0.0,0.334232,2287.0,0.356996,1.0
2301.0,0.473967,0.481188,0.495119,0.495119,13.240167,-1.488216,-1.486089,40.0,40.0,17.837823,0.0,1.0,0.0,0.0,0.334232,2297.0,0.358467,1.0
2311.0,0.474071,0.481294,0.495226,0.495226,13.239614,-1.457672,-1.45546,40.0,40.0,18.200205,0.0,1.0,0.0,0.0,0.334232,2307.0,0.348905,1.0
2321.0,0.474176,0.4814,0.495335,0.495335,13.239735,-1.461577,-1.459468,40.0,40.0,18.15381,0.0,1.0,0.0,0.0,0.334232,2317.0,0.342482,1.0
2331.0,0.47428,0.481506,0.495442,0.495442,13.240483,-1.49751,-1.495413,40.0,40.0,17.727353,0.0,1.0,0.0,0.0,0.334232,2327.0,0.351075,1.0
2341.0,0.474384,0.481612,0.495549,0.495549,13.239915,-1.466535,-1.464368,40.0,40.0,18.094877,0.0,1.0,0.0,0.0,0.335286,2337.0,0.35509,1.0
2351.0,0.474487,0.481717,0.495653,0.495653,13.239763,-1.456895,-1.454775,40.0,40.0,18.209219,0.0,1.0,0.0,0.0,0.335286,2347.0,0.348663,1.0
2361.0,0.474591,0.481823,0.49576,0.49576,13.240337,-1.484222,-1.481978,40.0,40.0,17.884883,0.0,1.0,0.0,0.0,0.335286,2357.0,0.353692,1.0
2371.0,0.474694,0.481927,0.495869,0.495869,13.240774,-1.504807,-1.50266,40.0,40.0,17.640549,0.0,1.0,0.0,0.0,0.335286,2367.0,0.351597,1.0
2381.0,0.474798,0.482034,0.495978,0.495978,13.240389,-1.482881,-1.480815,40.0,40.0,17.900692,0.0,1.0,0.0,0.0,0.335286,2377.0,0.3412,1.0
2391.0,0.474903,0.48214,0.496084,0.496084,13.240049,-1.463158,-1.46088,40.0,40.0,18.134689,0.0,1.0,0.0,0.0,0.335286,2387.0,0.358511,1.0
2401.0,0.475006,0.482245,0.496187,0.496187,13.239795,-1.44832,-1.446136,40.0,40.0,18.310707,0.0,1.0,0.0,0.0,0.335673,2397.0,0.351763,1.0
2411.0,0.475111,0.482352,0.496297,0.496297,13.240391,-1.476366,-1.47417,40.0,40.0,17.977842,0.0,1.0,0.0,0.0,0.335673,2407.0,0.349196,1.0
2421.0,0.475215,0.482458,0.496405,0.496405,13.240888,-1.499588,-1.497303,40.0,40.0,17.7022,0.0,1.0,0.0,0.0,0.335673,2417.0,0.353427,1.0
2431.0,0.475319,0.482564,0.496511,0.496511,13.241015,-1.503743,-1.501601,40.0,40.0,17.652824,0.0,1.0,0.0,0.0,0.335673,2427.0,0.357645,1.0
2441.0,0.475424,0.48267,0.496618,0.496618,13.239241,-1.410995,-1.408675,40.0,40.0,18.75335,0.0,1.0,0.0,0.0,0.335673,2437.0,0.353351,1.0
2451.0,0.475526,0.482775,0.49672,0.49672,13.240134,-1.454918,-1.452989,40.0,40.0,18.23214,0.0,1.0,0.0,0.0,0.335673,2447.0,0.347241,1.0
2461.0,0.47563,0.482881,0.496825,0.496825,13.241088,-1.50162,-1.499504,40.0,40.0,17.67787,0.0,1.0,0.0,0.0,0.336219,2457.0,0.349037,1.0
2471.0,0.475734,0.482987,0.496933,0.496933,13.241494,-1.520191,-1.518068,40.0,40.0,17.457409,0.0,1.0,0.0,0.0,0.336219,2467.0,0.356994,1.0
2481.0,0.475838,0.483092,0.497039,0.497039,13.240264,-1.455511,-1.453176,40.0,40.0,18.224946,0.0,1.0,0.0,0.0,0.336219,2477.0,0.342714,1.0
2491.0,0.475941,0.483197,0.497146,0.497146,13.240594,-1.470331,-1.468251,40.0,40.0,18.04903,0.0,1.0,0.0,0.0,0.336219,2487.0,0.357304,1.0
2501.0,0.476045,0.483303,0.497251,0.497251,13.240907,-1.484104,-1.481915,40.0,40.0,17.885531,0.0,1.0,0.0,0.0,0.336219,2497.0,0.347461,1.0
2511.0,0.476148,0.483408,0.497356,0.497356,13.240431,-1.458177,-1.455875,40.0,40.0,18.193166,0.0,1.0,0.0,0.0,0.336219,2507.0,0.349228,1.0
2521.0,0.476252,0.483513,0.497462,0.497462,13.241108,-1.490707,-1.488623,40.0,40.0,17.807065,0.0,1.0,0.0,0.0,0.336437,2517.0,0.35222,1.0
2531.0,0.476355,0.483618,0.497567,0.497567,13.240545,-1.460088,-1.457869,40.0,40.0,18.170392,0.0,1.0,0.0,0.0,0.336437,2526.0,0.35222,1.0
2541.0,0.476458,0.483724,0.497672,0.497672,13.240225,-1.441794,-1.439699,40.0,40.0,18.387421,0.0,1.0,0.0,0.0,0.336437,2536.0,0.351126,1.0
2551.0,0.476562,0.483829,0.497781,0.497781,13.241086,-1.483768,-1.481541,40.0,40.0,17.889272,0.0,1.0,0.0,0.0,0.336437,2546.0,0.364022,1.0
2561.0,0.476665,0.483934,0.497888,0.497888,13.240421,-1.447851,-1.445658,40.0,40.0,18.315447,0.0,1.0,0.0,0.0,0.336437,2556.0,0.345374,1.0
2571.0,0.476768,0.484039,0.497992,0.497992,13.240385,-1.44409,-1.441962,40.0,40.0,18.360026,0.0,1.0,0.0,0.0,0.336437,2566.0,0.339494,1.0
2581.0,0.476872,0.484144,0.4981,0.4981,13.240103,-1.427709,-1.425557,40.0,40.0,18.554356,0.0,1.0,0.0,0.0,0.336716,2576.0,0.356381,1.0
2591.0,0.476977,0.484251,0.498207,0.498207,13.241237,-1.483092,-1.480835,40.0,40.0,17.897075,0.0,1.0,0.0,0.0,0.336716,2586.0,0.352203,1.0
2601.0,0.477081,0.484357,0.498315,0.498315,13.240159,-1.42586,-1.423668,40.0,40.0,18.576176,0.0,1.0,0.0,0.0,0.336716,2596.0,0.343291,1.0
2611.0,0.477185,0.484463,0.498421,0.498421,13.240501,-1.441124,-1.438827,40.0,40.0,18.394996,0.0,1.0,0.0,0.0,0.336716,2606.0,0.350368,1.0
2621.0,0.477289,0.484569,0.498528,0.498528,13.240622,-1.445121,-1.442814,40.0,40.0,18.347516,0.0,1.0,0.0,0.0,0.336716,2616.0,0.347282,1.0
2631.0,0.477393,0.484675,0.498634,0.498634,13.240705,-1.447179,-1.445077,40.0,40.0,18.323041,0.0,1.0,0.0,0.0,0.336716,2626.0,0.341691,1.0
2641.0,0.477497,0.484781,0.498741,0.498741,13.241417,-1.481169,-1.47907,40.0,40.0,17.919607,0.0,1.0,0.0,0.0,0.337964,2636.0,0.346177,1.0
2651.0,0.4776,0.484886,0.498845,0.498845,13.240626,-1.439027,-1.43675,40.0,40.0,18.419672,0.0,1.0,0.0,0.0,0.337964,2646.0,0.353685,1.0
2661.0,0.477703,0.48499,0.498951,0.498951,13.241367,-1.475015,-1.472716,40.0,40.0,17.992549,0.0,1.0,0.0,0.0,0.337964,2656.0,0.355358,1.0
2671.0,0.477806,0.485096,0.49906,0.49906,13.242267,-1.518983,-1.516843,40.0,40.0,17.470656,0.0,1.0,0.0,0.0,0.337964,2666.0,0.361212,1.0
2681.0,0.477911,0.485202,0.499167,0.499167,13.241487,-1.476692,-1.474564,40.0,40.0,17.972532,0.0,1.0,0.0,0.0,0.337964,2676.0,0.350392,1.0
2691.0,0.478016,0.485309,0.499275,0.499275,13.240273,-1.412146,-1.409942,40.0,40.0,18.738425,0.0,1.0,0.0,0.0,0.337964,2686.0,0.34708,1.0
2701.0,0.47812,0.485415,0.499379,0.499379,13.241161,-1.455355,-1.453009,40.0,40.0,18.225633,0.0,1.0,0.0,0.0,0.338485,2696.0,0.345089,1.0
2711.0,0.478224,0.485521,0.499484,0.499484,13.241616,-1.476373,-1.47417,40.0,40.0,17.976135,0.0,1.0,0.0,0.0,0.338485,2706.0,0.352413,1.0
2721.0,0.478327,0.485626,0.499587,0.499587,13.240647,-1.425188,-1.423003,40.0,40.0,18.583515,0.0,1.0,0.0,0.0,0.338485,2716.0,0.348619,1.0
2731.0,0.478432,0.485732,0.499694,0.499694,13.242149,-1.499347,-1.497303,40.0,40.0,17.703359,0.0,1.0,0.0,0.0,0.338485,2726.0,0.363309,1.0
2741.0,0.478534,0.485837,0.499796,0.499796,13.241272,-1.452895,-1.450642,40.0,40.0,18.254621,0.0,1.0,0.0,0.0,0.338485,2736.0,0.353885,1.0
2751.0,0.478637,0.485942,0.4999,0.4999,13.241421,-1.458678,-1.456519,40.0,40.0,18.185939,0.0,1.0,0.0,0.0,0.338485,2746.0,0.347205,1.0
2761.0,0.478741,0.486047,0.500004,0.500004,13.24082,-1.425829,-1.423751,40.0,40.0,18.575705,0.0,1.0,0.0,0.0,0.338979,2756.0,0.365211,1.0
2771.0,0.478844,0.486152,0.50011,0.50011,13.241202,-1.443416,-1.441235,40.0,40.0,18.366955,0.0,1.0,0.0,0.0,0.338979,2766.0,0.358514,1.0
2781.0,0.478948,0.486258,0.500213,0.500213,13.242591,-1.512231,-1.50999,40.0,40.0,17.550178,0.0,1.0,0.0,0.0,0.338979,2776.0,0.342272,1.0
2791.0,0.479053,0.486364,0.500322,0.500322,13.241354,-1.446666,-1.444496,40.0,40.0,18.328271,0.0,1.0,0.0,0.0,0.338979,2786.0,0.352996,1.0
2801.0,0.479157,0.48647,0.500428,0.500428,13.242058,-1.480427,-1.478136,40.0,40.0,17.927541,0.0,1.0,0.0,0.0,0.338979,2796.0,0.355125,1.0
2811.0,0.479261,0.486577,0.500535,0.500535,13.242383,-1.494569,-1.492381,40.0,40.0,17.759628,0.0,1.0,0.0,0.0,0.338979,2806.0,0.346991,1.0
2821.0,0.479365,0.486683,0.500643,0.500643,13.241287,-1.436468,-1.434341,40.0,40.0,18.449129,0.0,1.0,0.0,0.0,0.33993,2816.0,0.351877,1.0
2831.0,0.47947,0.486789,0.500749,0.500749,13.241786,-1.459463,-1.457266,40.0,40.0,18.176168,0.0,1.0,0.0,0.0,0.33993,2826.0,0.337775,1.0
2841.0,0.479574,0.486895,0.500856,0.500856,13.242543,-1.495866,-1.493669,40.0,40.0,17.744062,0.0,1.0,0.0,0.0,0.33993,2835.0,0.351412,1.0
2851.0,0.479678,0.487001,0.500961,0.500961,13.242789,-1.506241,-1.504218,40.0,40.0,17.620852,0.0,1.0,0.0,0.0,0.33993,2845.0,0.355246,1.0
2861.0,0.479782,0.487107,0.501064,0.501064,13.242067,-1.46715,-1.464804,40.0,40.0,18.084766,0.0,1.0,0.0,0.0,0.33993,2855.0,0.351443,1.0
2871.0,0.479887,0.487213,0.501169,0.501169,13.242706,-1.497618,-1.495288,40.0,40.0,17.723095,0.0,1.0,0.0,0.0,0.33993,2865.0,0.349495,1.0
2881.0,0.47999,0.487318,0.501273,0.501273,13.242177,-1.468868,-1.466736,40.0,40.0,18.064279,0.0,1.0,0.0,0.0,0.340582,2875.0,0.340392,1.0
2891.0,0.480093,0.487424,0.501378,0.501378,13.242401,-1.478259,-1.476101,40.0,40.0,17.952762,0.0,1.0,0.0,0.0,0.340582,2885.0,0.358569,1.0
2901.0,0.480197,0.48753,0.501485,0.501485,13.241958,-1.453425,-1.451182,40.0,40.0,18.247452,0.0,1.0,0.0,0.0,0.340582,2895.0,0.345803,1.0
2911.0,0.480301,0.487635,0.501593,0.501593,13.241332,-1.41936,-1.417085,40.0,40.0,18.651662,0.0,1.0,0.0,0.0,0.340582,2905.0,0.357659,1.0
2921.0,0.480404,0.48774,0.501696,0.501696,13.242382,-1.471128,-1.468854,40.0,40.0,18.037246,0.0,1.0,0.0,0.0,0.340582,2915.0,0.34929,1.0
2931.0,0.480507,0.487845,0.501798,0.501798,13.24244,-1.472252,-1.470141,40.0,40.0,18.023852,0.0,1.0,0.0,0.0,0.340582,2925.0,0.361829,1.0
2941.0,0.480611,0.487951,0.501903,0.501903,13.242827,-1.489947,-1.487854,40.0,40.0,17.813776,0.0,1.0,0.0,0.0,0.340833,2935.0,0.350326,1.0
2951.0,0.480714,0.488055,0.502007,0.502007,13.242043,-1.448165,-1.446053,40.0,40.0,18.309636,0.0,1.0,0.0,0.0,0.340833,2945.0,0.353845,1.0
2961.0,0.480818,0.488161,0.502115,0.502115,13.242268,-1.457383,-1.455294,40.0,40.0,18.200178,0.0,1.0,0.0,0.0,0.340833,2955.0,0.350132,1.0
2971.0,0.480922,0.488268,0.502222,0.502222,13.242963,-1.490538,-1.488332,40.0,40.0,17.806598,0.0,1.0,0.0,0.0,0.340833,2965.0,0.355152,1.0
2981.0,0.481025,0.488372,0.502328,0.502328,13.241684,-1.423424,-1.421197,40.0,40.0,18.603088,0.0,1.0,0.0,0.0,0.340833,2975.0,0.350033,1.0
2991.0,0.481128,0.488477,0.502431,0.502431,13.24316,-1.496886,-1.494707,40.0,40.0,17.731152,0.0,1.0,0.0,0.0,0.340833,2985.0,0.355181,1.0
3001.0,0.481233,0.488583,0.502535,0.502535,13.243283,-1.500906,-1.498881,40.0,40.0,17.68338,0.0,1.0,0.0,0.0,0.341235,2995.0,0.350001,1.0
3011.0,0.481338,0.48869,0.502639,0.502639,13.242389,-1.452652,-1.45058,40.0,40.0,18.256045,0.0,1.0,0.0,0.0,0.341235,3005.0,0.352937,1.0
3021.0,0.481442,0.488796,0.502744,0.502744,13.242601,-1.46129,-1.459052,40.0,40.0,18.153464,0.0,1.0,0.0,0.0,0.341235,3015.0,0.359017,1.0
3031.0,0.481545,0.488902,0.502847,0.502847,13.242161,-1.436755,-1.434632,40.0,40.0,18.444601,0.0,1.0,0.0,0.0,0.341235,3025.0,0.342542,1.0
3041.0,0.48165,0.489009,0.502956,0.502956,13.242887,-1.471303,-1.46902,40.0,40.0,18.034503,0.0,1.0,0.0,0.0,0.341235,3035.0,0.351343,1.0
3051.0,0.481755,0.489115,0.503063,0.503063,13.2432,-1.484899,-1.482621,40.0,40.0,17.873068,0.0,1.0,0.0,0.0,0.341235,3045.0,0.342706,1.0
3061.0,0.481858,0.48922,0.503165,0.503165,13.243327,-1.489521,-1.487397,40.0,40.0,17.818155,0.0,1.0,0.0,0.0,0.342449,3055.0,0.345235,1.0
3071.0,0.481962,0.489326,0.503272,0.503272,13.242899,-1.465566,-1.463372,40.0,40.0,18.10244,0.0,1.0,0.0,0.0,0.342449,3065.0,0.352323,1.0
3081.0,0.482068,0.489434,0.50338,0.50338,13.244125,-1.525101,-1.522782,40.0,40.0,17.395674,0.0,1.0,0.0,0.0,0.342449,3075.0,0.363045,1.0
3091.0,0.482171,0.489539,0.503486,0.503486,13.243252,-1.47868,-1.476495,40.0,40.0,17.946652,0.0,1.0,0.0,0.0,0.342449,3085.0,0.34516,1.0
3101.0,0.482277,0.489646,0.503593,0.503593,13.243849,-1.506504,-1.504363,40.0,40.0,17.616316,0.0,1.0,0.0,0.0,0.342449,3095.0,0.348085,1.0
3111.0,0.482379,0.489751,0.503698,0.503698,13.24336,-1.479895,-1.477638,40.0,40.0,17.932128,0.0,1.0,0.0,0.0,0.342449,3105.0,0.34315,1.0
3121.0,0.482483,0.489856,0.503801,0.503801,13.243086,-1.464126,-1.46198,40.0,40.0,18.11924,0.0,1.0,0.0,0.0,0.343255,3115.0,0.350383,1.0
3131.0,0.482588,0.489963,0.50391,0.50391,13.244333,-1.525154,-1.522927,40.0,40.0,17.394763,0.0,1.0,0.0,0.0,0.343255,3125.0,0.348207,1.0
3141.0,0.482692,0.490068,0.504015,0.504015,13.24407,-1.509665,-1.507499,40.0,40.0,17.578572,0.0,1.0,0.0,0.0,0.343255,3135.0,0.346035,1.0
3151.0,0.482795,0.490174,0.504118,0.504118,13.243604,-1.483905,-1.481708,40.0,40.0,17.884305,0.0,1.0,0.0,0.0,0.343255,3145.0,0.352623,1.0
3161.0,0.482899,0.49028,0.504222,0.504222,13.243901,-1.496936,-1.494769,40.0,40.0,17.729569,0.0,1.0,0.0,0.0,0.343255,3155.0,0.356401,1.0
3171.0,0.483003,0.490385,0.504328,0.504328,13.242772,-1.437279,-1.43511,40.0,40.0,18.437613,0.0,1.0,0.0,0.0,0.343255,3165.0,0.355954,1.0
3181.0,0.483106,0.49049,0.50443,0.50443,13.243442,-1.469804,-1.467712,40.0,40.0,18.051529,0.0,1.0,0.0,0.0,0.343719,3175.0,0.341643,1.0
3191.0,0.483208,0.490594,0.504532,0.504532,13.243127,-1.452012,-1.449729,40.0,40.0,18.262663,0.0,1.0,0.0,0.0,0.343719,3185.0,0.356469,1.0
3201.0,0.483312,0.4907,0.504637,0.504637,13.243264,-1.456896,-1.454816,40.0,40.0,18.204645,0.0,1.0,0.0,0.0,0.343719,3195.0,0.350387,1.0
3211.0,0.483416,0.490805,0.504741,0.504741,13.243825,-1.48356,-1.481292,40.0,40.0,17.888103,0.0,1.0,0.0,0.0,0.343719,3205.0,0.3583,1.0
3221.0,0.483519,0.490911,0.504846,0.504846,13.244492,-1.515518,-1.513375,40.0,40.0,17.50868,0.0,1.0,0.0,0.0,0.343719,3215.0,0.350966,1.0
3231.0,0.483624,0.491018,0.504951,0.504951,13.243457,-1.460256,-1.458056,40.0,40.0,18.164601,0.0,1.0,0.0,0.0,0.343719,3225.0,0.349865,1.0
3241.0,0.483728,0.491124,0.505057,0.505057,13.243177,-1.443639,-1.441464,40.0,40.0,18.361761,0.0,1.0,0.0,0.0,0.344352,3235.0,0.352876,1.0
3251.0,0.483833,0.49123,0.505162,0.505162,13.243431,-1.454146,-1.451867,40.0,40.0,18.236999,0.0,1.0,0.0,0.0,0.344352,3245.0,0.345338,1.0
3261.0,0.483937,0.491336,0.505267,0.505267,13.244138,-1.488215,-1.486131,40.0,40.0,17.832552,0.0,1.0,0.0,0.0,0.344352,3255.0,0.354725,1.0
3271.0,0.48404,0.491441,0.505373,0.505373,13.243016,-1.429197,-1.427032,40.0,40.0,18.533017,0.0,1.0,0.0,0.0,0.344352,3265.0,0.35764,1.0
3281.0,0.484142,0.491545,0.505476,0.505476,13.243382,-1.446241,-1.443956,40.0,40.0,18.330678,0.0,1.0,0.0,0.0,0.344352,3275.0,0.350285,1.0
3291.0,0.484246,0.491651,0.505583,0.505583,13.243104,-1.429805,-1.427655,40.0,40.0,18.525702,0.0,1.0,0.0,0.0,0.344352,3285.0,0.35877,1.0
3301.0,0.48435,0.491757,0.505688,0.505688,13.243576,-1.45189,-1.449708,40.0,40.0,18.263526,0.0,1.0,0.0,0.0,0.344714,3295.0,0.370227,1.0
3311.0,0.484454,0.491862,0.505792,0.505792,13.244248,-1.484007,-1.481874,40.0,40.0,17.882241,0.0,1.0,0.0,0.0,0.344714,3305.0,0.338612,1.0
3321.0,0.484557,0.491968,0.505898,0.505898,13.244469,-1.493295,-1.491218,40.0,40.0,17.77194,0.0,1.0,0.0,0.0,0.344714,3315.0,0.356992,1.0
3331.0,0.484661,0.492073,0.506001,0.506001,13.243496,-1.441714,-1.439533,40.0,40.0,18.384149,0.0,1.0,0.0,0.0,0.344714,3325.0,0.354212,1.0
3341.0,0.484764,0.492178,0.506105,0.506105,13.244557,-1.493856,-1.491592,40.0,40.0,17.765172,0.0,1.0,0.0,0.0,0.344714,3335.0,0.346144,1.0
3351.0,0.484868,0.492284,0.506209,0.506209,13.244312,-1.479012,-1.476724,40.0,40.0,17.941323,0.0,1.0,0.0,0.0,0.344714,3345.0,0.35419,1.0
3361.0,0.484973,0.492391,0.506316,0.506316,13.244672,-1.494804,-1.492589,40.0,40.0,17.753791,0.0,1.0,0.0,0.0,0.345414,3355.0,0.358626,1.0
3371.0,0.485077,0.492497,0.506418,0.506418,13.244258,-1.471513,-1.469248,40.0,40.0,18.030211,0.0,1.0,0.0,0.0,0.345414,3365.0,0.351822,1.0
3381.0,0.485181,0.492603,0.506523,0.506523,13.245523,-1.533872,-1.531753,40.0,40.0,17.289867,0.0,1.0,0.0,0.0,0.345414,3375.0,0.354317,1.0
3391.0,0.485286,0.49271,0.506626,0.506626,13.244079,-1.457699,-1.45546,40.0,40.0,18.194066,0.0,1.0,0.0,0.0,0.345414,3385.0,0.342859,1.0
3401.0,0.485389,0.492814,0.506728,0.506728,13.244229,-1.463577,-1.461399,40.0,40.0,18.124252,0.0,1.0,0.0,0.0,0.345414,3395.0,0.352747,1.0
3411.0,0.485492,0.492919,0.506834,0.506834,13.243049,-1.401556,-1.39933,40.0,40.0,18.860334,0.0,1.0,0.0,0.0,0.345414,3405.0,0.343562,1.0
3421.0,0.485596,0.493025,0.506939,0.506939,13.244468,-1.47195,-1.469643,40.0,40.0,18.024768,0.0,1.0,0.0,0.0,0.345983,3415.0,0.349573,1.0
3431.0,0.485699,0.49313,0.507041,0.507041,13.243892,-1.440542,-1.438224,40.0,40.0,18.397521,0.0,1.0,0.0,0.0,0.345983,3425.0,0.348456,1.0
3441.0,0.485803,0.493236,0.507143,0.507143,13.243881,-1.437705,-1.43567,40.0,40.0,18.431146,0.0,1.0,0.0,0.0,0.345983,3435.0,0.348471,1.0
3451.0,0.485909,0.493344,0.507249,0.507249,13.244001,-1.440951,-1.438868,40.0,40.0,18.392541,0.0,1.0,0.0,0.0,0.345983,3445.0,0.351307,1.0
3461.0,0.486014,0.493451,0.507355,0.507355,13.244514,-1.464508,-1.462416,40.0,40.0,18.112857,0.0,1.0,0.0,0.0,0.345983,3455.0,0.354618,1.0
3471.0,0.486119,0.493557,0.50746,0.50746,13.244466,-1.4599,-1.457723,40.0,40.0,18.167499,0.0,1.0,0.0,0.0,0.345983,3465.0,0.355712,1.0
3481.0,0.486223,0.493663,0.507566,0.507566,13.24514,-1.492175,-1.489993,40.0,40.0,17.784311,0.0,1.0,0.0,0.0,0.347381,3475.0,0.357992,1.0
3491.0,0.486327,0.493769,0.507671,0.507671,13.244286,-1.446362,-1.44408,40.0,40.0,18.328084,0.0,1.0,0.0,0.0,0.347381,3485.0,0.354633,1.0
3501.0,0.48643,0.493874,0.507777,0.507777,13.24465,-1.4631,-1.4609,40.0,40.0,18.129348,0.0,1.0,0.0,0.0,0.347381,3495.0,0.361673,1.0
3511.0,0.486534,0.49398,0.507882,0.507882,13.245913,-1.525339,-1.523052,40.0,40.0,17.390416,0.0,1.0,0.0,0.0,0.347381,3505.0,0.355982,1.0
3521.0,0.486638,0.494085,0.507989,0.507989,13.24428,-1.440021,-1.437913,40.0,40.0,18.403195,0.0,1.0,0.0,0.0,0.347381,3515.0,0.355716,1.0
3531.0,0.486742,0.494192,0.508094,0.508094,13.24485,-1.466787,-1.464576,40.0,40.0,18.085417,0.0,1.0,0.0,0.0,0.347381,3525.0,0.354423,1.0
3541.0,0.486847,0.494298,0.508201,0.508201,13.246173,-1.531972,-1.529884,40.0,40.0,17.311481,0.0,1.0,0.0,0.0,0.34781,3535.0,0.355238,1.0
3551.0,0.486952,0.494405,0.508309,0.508309,13.244802,-1.459607,-1.457536,40.0,40.0,18.170524,0.0,1.0,0.0,0.0,0.34781,3545.0,0.337873,1.0
3561.0,0.487054,0.494509,0.508412,0.508412,13.244131,-1.423723,-1.42157,40.0,40.0,18.596422,0.0,1.0,0.0,0.0,0.34781,3555.0,0.363711,1.0
3571.0,0.487158,0.494615,0.508517,0.508517,13.244997,-1.466034,-1.463662,40.0,40.0,18.094137,0.0,1.0,0.0,0.0,0.34781,3565.0,0.34504,1.0
3581.0,0.487262,0.49472,0.508621,0.508621,13.244927,-1.460341,-1.458263,40.0,40.0,18.161664,0.0,1.0,0.0,0.0,0.34781,3575.0,0.348786,1.0
3591.0,0.487366,0.494827,0.508728,0.508728,13.245106,-1.467013,-1.464784,40.0,40.0,18.082403,0.0,1.0,0.0,0.0,0.34781,3585.0,0.36087,1.0
3601.0,0.48747,0.494932,0.508833,0.508833,13.244783,-1.448686,-1.446634,40.0,40.0,18.299913,0.0,1.0,0.0,0.0,0.348246,3595.0,0.359419,1.0
3611.0,0.487573,0.495038,0.50894,0.50894,13.245246,-1.470358,-1.468023,40.0,40.0,18.04259,0.0,1.0,0.0,0.0,0.348246,3605.0,0.351996,1.0
3621.0,0.487678,0.495144,0.509046,0.509046,13.245416,-1.476641,-1.474481,40.0,40.0,17.967951,0.0,1.0,0.0,0.0,0.348246,3615.0,0.36485,1.0
3631.0,0.487782,0.495251,0.509152,0.509152,13.245202,-1.463392,-1.461212,40.0,40.0,18.125168,0.0,1.0,0.0,0.0,0.348246,3625.0,0.353397,1.0
3641.0,0.487887,0.495357,0.509255,0.509255,13.245632,-1.482856,-1.480649,40.0,40.0,17.894043,0.0,1.0,0.0,0.0,0.348246,3635.0,0.341018,1.0
3651.0,0.487991,0.495463,0.509359,0.509359,13.245869,-1.492815,-1.490595,40.0,40.0,17.775747,0.0,1.0,0.0,0.0,0.348246,3645.0,0.34973,1.0
3661.0,0.488096,0.49557,0.509462,0.509462,13.246253,-1.510059,-1.507893,40.0,40.0,17.570956,0.0,1.0,0.0,0.0,0.349359,3655.0,0.35314,1.0
3671.0,0.4882,0.495676,0.509567,0.509567,13.245079,-1.448033,-1.445721,40.0,40.0,18.307265,0.0,1.0,0.0,0.0,0.349359,3665.0,0.357122,1.0
3681.0,0.488304,0.495781,0.509674,0.509674,13.244797,-1.431595,-1.429503,40.0,40.0,18.502336,0.0,1.0,0.0,0.0,0.349359,3675.0,0.342851,1.0
3691.0,0.488407,0.495887,0.509782,0.509782,13.245181,-1.449279,-1.446904,40.0,40.0,18.292368,0.0,1.0,0.0,0.0,0.349359,3685.0,0.343814,1.0
3701.0,0.488511,0.495992,0.509888,0.509888,13.245865,-1.482239,-1.480109,40.0,40.0,17.901042,0.0,1.0,0.0,0.0,0.349359,3695.0,0.346593,1.0
3711.0,0.488614,0.496097,0.509992,0.509992,13.2455,-1.461694,-1.459571,40.0,40.0,18.144896,0.0,1.0,0.0,0.0,0.349359,3705.0,0.355275,1.0
3721.0,0.488719,0.496204,0.510097,0.510097,13.245893,-1.479331,-1.476994,40.0,40.0,17.935456,0.0,1.0,0.0,0.0,0.349776,3715.0,0.345356,1.0
3731.0,0.488823,0.49631,0.5102,0.5102,13.245274,-1.445687,-1.443457,40.0,40.0,18.3348,0.0,1.0,0.0,0.0,0.349776,3725.0,0.352555,1.0
3741.0,0.488927,0.496416,0.510308,0.510308,13.246449,-1.503406,-1.501123,40.0,40.0,17.649509,0.0,1.0,0.0,0.0,0.349776,3735.0,0.352567,1.0
3751.0,0.489032,0.496522,0.510416,0.510416,13.245675,-1.461702,-1.459551,40.0,40.0,18.144569,0.0,1.0,0.0,0.0,0.349776,3745.0,0.353026,1.0
3761.0,0.489136,0.496628,0.510518,0.510518,13.245385,-1.444749,-1.442544,40.0,40.0,18.34577,0.0,1.0,0.0,0.0,0.349776,3755.0,0.354436,1.0
3771.0,0.48924,0.496734,0.510627,0.510627,13.245234,-1.434825,-1.43268,40.0,40.0,18.463515,0.0,1.0,0.0,0.0,0.349776,3765.0,0.357842,1.0
3781.0,0.489329,0.496825,0.510731,0.510731,13.204797,0.625664,0.62781,40.0,40.0,18.063451,24.655497,1.0,1.0,1.0,0.350504,3775.0,-2.278223,1.0
3791.0,0.489252,0.496746,0.510592,0.510592,13.19469,1.076298,1.078258,40.0,40.0,18.002844,30.0,1.0,1.0,1.0,0.350504,3785.0,0.347221,1.0
3801.0,0.489177,0.496669,0.510452,0.510452,13.194691,1.014561,1.016543,40.0,40.0,17.274339,30.0,1.0,1.0,1.0,0.350504,3795.0,0.350996,1.0
3811.0,0.489099,0.49659,0.510313,0.510313,13.191988,1.093126,1.094996,40.0,40.0,18.198777,30.0,1.0,1.0,1.0,0.350504,3805.0,0.355242,1.0
3821.0,0.489022,0.496511,0.510172,0.510172,13.190104,1.132613,1.134637,40.0,40.0,18.662732,30.0,1.0,1.0,1.0,0.350504,3815.0,0.341426,1.0
3831.0,0.488946,0.496434,0.510031,0.510031,13.190094,1.079675,1.081789,40.0,40.0,18.03826,30.0,1.0,1.0,1.0,0.350504,3825.0,0.339836,1.0
3841.0,0.48887,0.496356,0.509892,0.509892,13.189177,1.07565,1.077552,40.0,40.0,17.989895,30.0,1.0,1.0,1.0,0.349508,3835.0,0.35524,1.0
3851.0,0.488794,0.496279,0.509751,0.509751,13.188345,1.06958,1.071593,40.0,40.0,17.917504,30.0,1.0,1.0,1.0,0.349508,3845.0,0.344407,1.0
3861.0,0.488717,0.4962,0.509613,0.509613,13.187098,1.086547,1.088537,40.0,40.0,18.116407,30.0,1.0,1.0,1.0,0.349508,3855.0,0.340257,1.0
3871.0,0.48864,0.496121,0.509475,0.509475,13.186006,1.097924,1.100166,40.0,40.0,18.249519,30.0,1.0,1.0,1.0,0.349508,3865.0,0.348763,1.0
3881.0,0.488565,0.496045,0.509338,0.509338,13.185438,1.085251,1.087188,40.0,40.0,18.099516,30.0,1.0,1.0,1.0,0.349508,3875.0,0.348115,1.0
3891.0,0.488488,0.495967,0.5092,0.5092,13.185169,1.058895,1.06094,40.0,40.0,17.788476,30.0,1.0,1.0,1.0,0.349508,3885.0,0.348418,1.0
3901.0,0.488411,0.495888,0.509064,0.509064,13.182853,1.138558,1.140327,40.0,40.0,18.725478,30.0,1.0,1.0,1.0,0.348578,3895.0,0.339429,1.0
3911.0,0.488336,0.495811,0.508931,0.508931,13.183192,1.085171,1.087188,40.0,40.0,18.096394,30.0,1.0,1.0,1.0,0.348578,3905.0,0.345127,1.0
3921.0,0.488259,0.495733,0.508795,0.508795,13.182887,1.065988,1.068021,40.0,40.0,17.869934,30.0,1.0,1.0,1.0,0.348578,3915.0,0.339272,1.0
3931.0,0.488183,0.495655,0.508658,0.508658,13.181546,1.101288,1.103198,40.0,40.0,18.284786,30.0,1.0,1.0,1.0,0.348578,3925.0,0.343695,1.0
3941.0,0.488106,0.495577,0.508524,0.508524,13.180783,1.108616,1.110591,40.0,40.0,18.370423,30.0,1.0,1.0,1.0,0.348578,3935.0,0.351285,1.0
3951.0,0.48803,0.495499,0.508385,0.508385,13.18129,1.052584,1.054669,40.0,40.0,17.710408,30.0,1.0,1.0,1.0,0.348578,3945.0,0.34072,1.0
3961.0,0.487954,0.495421,0.508248,0.508248,13.180978,1.040032,1.042022,40.0,40.0,17.562151,30.0,1.0,1.0,1.0,0.347912,3955.0,0.342261,1.0
3971.0,0.487878,0.495343,0.508112,0.508112,13.179744,1.075472,1.077386,40.0,40.0,17.978728,30.0,1.0,1.0,1.0,0.347912,3965.0,0.343889,1.0
3981.0,0.487801,0.495265,0.50798,0.50798,13.179566,1.05831,1.060483,40.0,40.0,17.776276,30.0,1.0,1.0,1.0,0.347912,3975.0,0.339942,1.0
3991.0,0.487725,0.495187,0.507847,0.507847,13.178329,1.09658,1.098692,40.0,40.0,18.226132,30.0,1.0,1.0,1.0,0.347912,3985.0,0.340919,1.0
4001.0,0.487648,0.495108,0.507719,0.507719,13.177313,1.124409,1.126372,40.0,40.0,18.55309,30.0,1.0,1.0,1.0,0.347912,3994.0,0.338035,1.0
4011.0,0.487573,0.495032,0.507587,0.507587,13.179594,0.985784,0.987803,40.0,40.0,16.921453,30.0,1.0,1.0,1.0,0.347912,4004.0,0.348097,1.0
4021.0,0.487496,0.494953,0.507455,0.507455,13.177804,1.055187,1.057161,40.0,40.0,17.737798,30.0,1.0,1.0,1.0,0.347032,4014.0,0.340937,1.0
4031.0,0.48742,0.494876,0.507325,0.507325,13.176815,1.085192,1.087312,40.0,40.0,18.090456,30.0,1.0,1.0,1.0,0.347032,4024.0,0.358941,1.0
4041.0,0.487344,0.494798,0.507192,0.507192,13.176884,1.062006,1.063868,40.0,40.0,17.817286,30.0,1.0,1.0,1.0,0.347032,4034.0,0.349904,1.0
4051.0,0.487268,0.494721,0.50706,0.50706,13.176125,1.082019,1.083969,40.0,40.0,18.052395,30.0,1.0,1.0,1.0,0.347032,4044.0,0.339258,1.0
4061.0,0.487192,0.494643,0.506931,0.506931,13.176361,1.052021,1.054046,40.0,40.0,17.69913,30.0,1.0,1.0,1.0,0.347032,4054.0,0.347526,1.0
4071.0,0.487116,0.494565,0.5068,0.5068,13.176398,1.03295,1.0349,40.0,40.0,17.474438,30.0,1.0,1.0,1.0,0.347032,4064.0,0.365951,1.0
4081.0,0.487039,0.494487,0.50667,0.50667,13.174576,1.109294,1.111338,40.0,40.0,18.37225,30.0,1.0,1.0,1.0,0.346681,4074.0,0.343723,1.0
4091.0,0.486964,0.49441,0.506543,0.506543,13.175274,1.058245,1.060192,40.0,40.0,17.771443,30.0,1.0,1.0,1.0,0.346681,4084.0,0.354296,1.0
4101.0,0.486888,0.494332,0.506413,0.506413,13.174869,1.064015,1.065924,40.0,40.0,17.839048,30.0,1.0,1.0,1.0,0.346681,4094.0,0.358815,1.0
4111.0,0.486811,0.494254,0.506281,0.506281,13.173988,1.094347,1.096408,40.0,40.0,18.195567,30.0,1.0,1.0,1.0,0.346681,4104.0,0.336637,1.0
4121.0,0.486735,0.494176,0.506154,0.506154,13.174198,1.069907,1.071842,40.0,40.0,17.907821,30.0,1.0,1.0,1.0,0.346681,4114.0,0.342597,1.0
4131.0,0.486659,0.494098,0.506025,0.506025,13.174876,1.022216,1.024164,40.0,40.0,17.346555,30.0,1.0,1.0,1.0,0.346681,4124.0,0.352002,1.0
4141.0,0.486582,0.49402,0.505894,0.505894,13.173713,1.068727,1.070762,40.0,40.0,17.89346,30.0,1.0,1.0,1.0,0.345794,4134.0,0.347062,1.0
4151.0,0.486505,0.493942,0.505764,0.505764,13.174284,1.02746,1.029397,40.0,40.0,17.407802,30.0,1.0,1.0,1.0,0.345794,4144.0,0.349868,1.0
4161.0,0.486429,0.493864,0.505638,0.505638,13.17314,1.074497,1.07639,40.0,40.0,17.960893,30.0,1.0,1.0,1.0,0.345794,4154.0,0.346517,1.0
4171.0,0.486353,0.493786,0.505513,0.505513,13.173074,1.066719,1.068769,40.0,40.0,17.869196,30.0,1.0,1.0,1.0,0.345794,4163.0,0.351925,1.0
4181.0,0.486277,0.493709,0.505388,0.505388,13.17213,1.104396,1.106375,40.0,40.0,18.312123,30.0,1.0,1.0,1.0,0.345794,4173.0,0.342647,1.0
4191.0,0.4862,0.493631,0.50526,0.50526,13.17329,1.034942,1.036997,40.0,40.0,17.495026,30.0,1.0,1.0,1.0,0.345794,4183.0,0.355356,1.0
4201.0,0.486126,0.493554,0.505135,0.505135,13.173089,1.035959,1.03789,40.0,40.0,17.506822,30.0,1.0,1.0,1.0,0.345174,4193.0,0.35043,1.0
4211.0,0.48605,0.493477,0.505009,0.505009,13.172676,1.048023,1.049955,40.0,40.0,17.648563,30.0,1.0,1.0,1.0,0.345174,4203.0,0.357282,1.0
4221.0,0.485975,0.4934,0.504886,0.504886,13.171315,1.108918,1.111006,40.0,40.0,18.364593,30.0,1.0,1.0,1.0,0.345174,4213.0,0.356832,1.0
4231.0,0.4859,0.493323,0.504758,0.504758,13.172994,1.014875,1.016875,40.0,40.0,17.258354,30.0,1.0,1.0,1.0,0.345174,4223.0,0.349821,1.0
4241.0,0.485822,0.493244,0.504633,0.504633,13.171228,1.096257,1.098256,40.0,40.0,18.215369,30.0,1.0,1.0,1.0,0.345174,4233.0,0.347549,1.0
4251.0,0.485747,0.493167,0.504511,0.504511,13.171787,1.060056,1.062082,40.0,40.0,17.789473,30.0,1.0,1.0,1.0,0.345174,4243.0,0.342774,1.0
4261.0,0.48567,0.493089,0.504385,0.504385,13.170703,1.107644,1.109594,40.0,40.0,18.348982,30.0,1.0,1.0,1.0,0.344898,4253.0,0.34372,1.0
4271.0,0.485594,0.493012,0.504261,0.504261,13.170997,1.085347,1.087375,40.0,40.0,18.086626,30.0,1.0,1.0,1.0,0.344898,4263.0,0.349009,1.0
4281.0,0.485518,0.492933,0.504137,0.504137,13.170698,1.093443,1.095535,40.0,40.0,18.181703,30.0,1.0,1.0,1.0,0.344898,4273.0,0.353319,1.0
4291.0,0.485441,0.492856,0.504012,0.504012,13.171719,1.034491,1.036644,40.0,40.0,17.488267,30.0,1.0,1.0,1.0,0.344898,4283.0,0.355711,1.0
4301.0,0.485366,0.492779,0.50389,0.50389,13.172168,1.005349,1.00724,40.0,40.0,17.145391,30.0,1.0,1.0,1.0,0.344898,4293.0,0.345625,1.0
4311.0,0.48529,0.492701,0.503766,0.503766,13.171706,1.022596,1.024683,40.0,40.0,17.348139,30.0,1.0,1.0,1.0,0.344898,4303.0,0.347928,1.0
4321.0,0.485214,0.492623,0.503645,0.503645,13.170346,1.086026,1.087935,40.0,40.0,18.093992,30.0,1.0,1.0,1.0,0.344009,4313.0,0.345317,1.0
4331.0,0.485137,0.492545,0.503523,0.503523,13.170084,1.093496,1.095515,40.0,40.0,18.181729,30.0,1.0,1.0,1.0,0.344009,4323.0,0.351234,1.0
4341.0,0.485061,0.492467,0.503401,0.503401,13.169692,1.107768,1.109822,40.0,40.0,18.349434,30.0,1.0,1.0,1.0,0.344009,4333.0,0.349888,1.0
4351.0,0.484986,0.49239,0.50328,0.50328,13.170927,1.039565,1.041566,40.0,40.0,17.547294,30.0,1.0,1.0,1.0,0.344009,4343.0,0.346115,1.0
4361.0,0.484909,0.492312,0.503157,0.503157,13.170429,1.059666,1.061729,40.0,40.0,17.783599,30.0,1.0,1.0,1.0,0.344009,4353.0,0.349241,1.0
4371.0,0.484832,0.492233,0.503033,0.503033,13.170088,1.071698,1.073732,40.0,40.0,17.924988,30.0,1.0,1.0,1.0,0.344009,4363.0,0.34763,1.0
4381.0,0.484756,0.492156,0.502912,0.502912,13.171005,1.020115,1.022004,40.0,40.0,17.31827,30.0,1.0,1.0,1.0,0.343002,4373.0,0.346242,1.0
4391.0,0.484678,0.492077,0.502791,0.502791,13.169378,1.097839,1.099813,40.0,40.0,18.232191,30.0,1.0,1.0,1.0,0.343002,4383.0,0.342119,1.0
4401.0,0.484603,0.491999,0.50267,0.50267,13.169468,1.088958,1.090905,40.0,40.0,18.127681,30.0,1.0,1.0,1.0,0.343002,4393.0,0.348513,1.0
4411.0,0.484527,0.491922,0.502552,0.502552,13.16981,1.067222,1.069205,40.0,40.0,17.872006,30.0,1.0,1.0,1.0,0.343002,4403.0,0.346331,1.0
4421.0,0.48445,0.491843,0.502431,0.502431,13.168811,1.113621,1.115761,40.0,40.0,18.41749,30.0,1.0,1.0,1.0,0.343002,4413.0,0.344624,1.0
4431.0,0.484373,0.491765,0.502309,0.502309,13.170395,1.028306,1.030311,40.0,40.0,17.414192,30.0,1.0,1.0,1.0,0.343002,4423.0,0.344808,1.0
4441.0,0.484296,0.491686,0.502188,0.502188,13.168647,1.113245,1.115325,40.0,40.0,18.412899,30.0,1.0,1.0,1.0,0.341914,4433.0,0.348885,1.0
4451.0,0.484221,0.491609,0.502069,0.502069,13.168507,1.116851,1.118834,40.0,40.0,18.455234,30.0,1.0,1.0,1.0,0.341914,4443.0,0.362245,1.0
4461.0,0.484145,0.491532,0.501947,0.501947,13.170033,1.035216,1.037246,40.0,40.0,17.495245,30.0,1.0,1.0,1.0,0.341914,4453.0,0.350499,1.0
4471.0,0.484068,0.491454,0.501828,0.501828,13.169957,1.035432,1.03735,40.0,40.0,17.497719,30.0,1.0,1.0,1.0,0.341914,4463.0,0.355261,1.0
4481.0,0.483993,0.491377,0.501711,0.501711,13.170109,1.024352,1.026199,40.0,40.0,17.367351,30.0,1.0,1.0,1.0,0.341914,4473.0,0.345397,1.0
4491.0,0.483915,0.491297,0.501591,0.501591,13.168178,1.118876,1.12087,40.0,40.0,18.478754,30.0,1.0,1.0,1.0,0.341914,4483.0,0.346861,1.0
4501.0,0.483839,0.491219,0.501474,0.501474,13.169538,1.046052,1.048024,40.0,40.0,17.622406,30.0,1.0,1.0,1.0,0.341298,4493.0,0.349947,1.0
4511.0,0.483762,0.491141,0.501358,0.501358,13.169355,1.052004,1.054025,40.0,40.0,17.692335,30.0,1.0,1.0,1.0,0.341298,4503.0,0.357669,1.0
4521.0,0.483686,0.491063,0.501243,0.501243,13.168595,1.08762,1.08968,40.0,40.0,18.111068,30.0,1.0,1.0,1.0,0.341298,4513.0,0.351112,1.0
4531.0,0.48361,0.490986,0.501124,0.501124,13.169228,1.052205,1.054233,40.0,40.0,17.69459,30.0,1.0,1.0,1.0,0.341298,4523.0,0.35802,1.0
4541.0,0.483533,0.490907,0.501007,0.501007,13.168515,1.08536,1.087437,40.0,40.0,18.08437,30.0,1.0,1.0,1.0,0.341298,4533.0,0.355872,1.0
4551.0,0.483457,0.490829,0.500889,0.500889,13.169695,1.022218,1.024143,40.0,40.0,17.341848,30.0,1.0,1.0,1.0,0.341298,4543.0,0.359176,1.0
4561.0,0.483382,0.490752,0.500771,0.500771,13.168242,1.093835,1.095722,40.0,40.0,18.183919,30.0,1.0,1.0,1.0,0.340758,4553.0,0.348107,1.0
4571.0,0.483304,0.490674,0.500652,0.500652,13.169083,1.047694,1.049768,40.0,40.0,17.641328,30.0,1.0,1.0,1.0,0.340758,4563.0,0.349714,1.0
4581.0,0.483228,0.490596,0.500538,0.500538,13.168785,1.06016,1.062082,40.0,40.0,17.78786,30.0,1.0,1.0,1.0,0.340758,4573.0,0.351548,1.0
4591.0,0.48315,0.490516,0.500421,0.500421,13.168102,1.091626,1.09348,40.0,40.0,18.157761,30.0,1.0,1.0,1.0,0.340758,4583.0,0.356578,1.0
4601.0,0.483073,0.490437,0.500304,0.500304,13.169,1.042737,1.044867,40.0,40.0,17.582868,30.0,1.0,1.0,1.0,0.340758,4593.0,0.357241,1.0
4611.0,0.482997,0.49036,0.50019,0.50019,13.167791,1.102145,1.104153,40.0,40.0,18.281338,30.0,1.0,1.0,1.0,0.340758,4603.0,0.359369,1.0
4621.0,0.48292,0.490282,0.500072,0.500072,13.168136,1.081873,1.083907,40.0,40.0,18.042937,30.0,1.0,1.0,1.0,0.339486,4613.0,0.344441,1.0
4631.0,0.482843,0.490203,0.499955,0.499955,13.168881,1.041035,1.043019,40.0,40.0,17.562709,30.0,1.0,1.0,1.0,0.339486,4623.0,0.341572,1.0
4641.0,0.482765,0.490123,0.49984,0.49984,13.165991,1.18559,1.187652,40.0,40.0,19.262088,30.0,1.0,1.0,1.0,0.339486,4633.0,0.364456,1.0
4651.0,0.482688,0.490045,0.499722,0.499722,13.168501,1.05485,1.056974,40.0,40.0,17.725046,30.0,1.0,1.0,1.0,0.339486,4643.0,0.346829,1.0
4661.0,0.482612,0.489967,0.499609,0.499609,13.168137,1.071266,1.073212,40.0,40.0,17.918029,30.0,1.0,1.0,1.0,0.339486,4653.0,0.351522,1.0
4671.0,0.482536,0.489889,0.499493,0.499493,13.168219,1.064647,1.06663,40.0,40.0,17.840158,30.0,1.0,1.0,1.0,0.339486,4663.0,0.33995,1.0
4681.0,0.482459,0.48981,0.49938,0.49938,13.167603,1.093724,1.09566,40.0,40.0,18.181987,30.0,1.0,1.0,1.0,0.338595,4673.0,0.347988,1.0
4691.0,0.482383,0.489733,0.499268,0.499268,13.168948,1.023121,1.025265,40.0,40.0,17.351796,30.0,1.0,1.0,1.0,0.338595,4683.0,0.347946,1.0
4701.0,0.482306,0.489655,0.499153,0.499153,13.16875,1.030827,1.032782,40.0,40.0,17.442365,30.0,1.0,1.0,1.0,0.338595,4693.0,0.352061,1.0
4711.0,0.482231,0.489578,0.499037,0.499037,13.168029,1.066033,1.068042,40.0,40.0,17.856305,30.0,1.0,1.0,1.0,0.338595,4703.0,0.346856,1.0
4721.0,0.482156,0.489501,0.498925,0.498925,13.167941,1.068703,1.070783,40.0,40.0,17.887663,30.0,1.0,1.0,1.0,0.338595,4713.0,0.352027,1.0
4731.0,0.48208,0.489424,0.498812,0.498812,13.16704,1.112765,1.114681,40.0,40.0,18.405653,30.0,1.0,1.0,1.0,0.338595,4723.0,0.361205,1.0
4741.0,0.482004,0.489346,0.498699,0.498699,13.168045,1.059374,1.06148,40.0,40.0,17.777894,30.0,1.0,1.0,1.0,0.338587,4733.0,0.34673,1.0
4751.0,0.481927,0.489268,0.498585,0.498585,13.166962,1.112578,1.114453,40.0,40.0,18.403376,30.0,1.0,1.0,1.0,0.338587,4743.0,0.348486,1.0
4761.0,0.481851,0.48919,0.498472,0.498472,13.167789,1.068423,1.070388,40.0,40.0,17.884213,30.0,1.0,1.0,1.0,0.338587,4753.0,0.352309,1.0
4771.0,0.481774,0.489112,0.498355,0.498355,13.167629,1.074379,1.07639,40.0,40.0,17.954199,30.0,1.0,1.0,1.0,0.338587,4763.0,0.351452,1.0
4781.0,0.481698,0.489034,0.498244,0.498244,13.167282,1.090026,1.092047,40.0,40.0,18.138122,30.0,1.0,1.0,1.0,0.338587,4773.0,0.347125,1.0
4791.0,0.481621,0.488955,0.498131,0.498131,13.167475,1.078086,1.080044,40.0,40.0,17.997711,30.0,1.0,1.0,1.0,0.338587,4783.0,0.344669,1.0
4801.0,0.481545,0.488878,0.498023,0.498023,13.167681,1.065723,1.067959,40.0,40.0,17.85232,30.0,1.0,1.0,1.0,0.337812,4793.0,0.353901,1.0
4811.0,0.481469,0.4888,0.497912,0.497912,13.167446,1.075906,1.077843,40.0,40.0,17.972008,30.0,1.0,1.0,1.0,0.337812,4803.0,0.341956,1.0
4821.0,0.481393,0.488722,0.497801,0.497801,13.167309,1.080929,1.082889,40.0,40.0,18.031032,30.0,1.0,1.0,1.0,0.337812,4813.0,0.359978,1.0
4831.0,0.481316,0.488644,0.497689,0.497689,13.166856,1.101983,1.103925,40.0,40.0,18.278504,30.0,1.0,1.0,1.0,0.337812,4823.0,0.358947,1.0
4841.0,0.48124,0.488566,0.497578,0.497578,13.167286,1.078347,1.080314,40.0,40.0,18.000604,30.0,1.0,1.0,1.0,0.337812,4833.0,0.351466,1.0
4851.0,0.481164,0.488488,0.497467,0.497467,13.166669,1.107926,1.109801,40.0,40.0,18.348303,30.0,1.0,1.0,1.0,0.337812,4843.0,0.344986,1.0
4861.0,0.481088,0.488411,0.497357,0.497357,13.168047,1.036105,1.038056,40.0,40.0,17.503877,30.0,1.0,1.0,1.0,0.337377,4853.0,0.350809,1.0
4871.0,0.481012,0.488333,0.497249,0.497249,13.1667,1.103073,1.105046,40.0,40.0,18.291188,30.0,1.0,1.0,1.0,0.337377,4863.0,0.360984,1.0
4881.0,0.480936,0.488255,0.49714,0.49714,13.167973,1.03623,1.038305,40.0,40.0,17.505283,30.0,1.0,1.0,1.0,0.337377,4873.0,0.357291,1.0
4891.0,0.48086,0.488177,0.497028,0.497028,13.168089,1.028485,1.030539,40.0,40.0,17.414182,30.0,1.0,1.0,1.0,0.337377,4883.0,0.350184,1.0
4901.0,0.480783,0.4881,0.496921,0.496921,13.167582,1.052604,1.054606,40.0,40.0,17.697738,30.0,1.0,1.0,1.0,0.337377,4893.0,0.342405,1.0
4911.0,0.480706,0.488021,0.496811,0.496811,13.167741,1.042454,1.04441,40.0,40.0,17.578356,30.0,1.0,1.0,1.0,0.337377,4903.0,0.339853,1.0
4921.0,0.48063,0.487943,0.496701,0.496701,13.167087,1.073989,1.075829,40.0,40.0,17.94909,30.0,1.0,1.0,1.0,0.336726,4913.0,0.341299,1.0
4931.0,0.480554,0.487866,0.496592,0.496592,13.16727,1.063053,1.06501,40.0,40.0,17.820484,30.0,1.0,1.0,1.0,0.336726,4923.0,0.354444,1.0
4941.0,0.480478,0.487788,0.496486,0.496486,13.167484,1.050377,1.052364,40.0,40.0,17.671422,30.0,1.0,1.0,1.0,0.336726,4933.0,0.35812,1.0
4951.0,0.480402,0.48771,0.49638,0.49638,13.166839,1.081701,1.083803,40.0,40.0,18.039664,30.0,1.0,1.0,1.0,0.336726,4943.0,0.346946,1.0
4961.0,0.480325,0.487632,0.496271,0.496271,13.16721,1.060959,1.062996,40.0,40.0,17.795775,30.0,1.0,1.0,1.0,0.336726,4953.0,0.356755,1.0
4971.0,0.480249,0.487555,0.496161,0.496161,13.168671,0.984829,0.986744,40.0,40.0,16.900578,30.0,1.0,1.0,1.0,0.336726,4963.0,0.349123,1.0
4981.0,0.480173,0.487477,0.496055,0.496055,13.166747,1.081388,1.083471,40.0,40.0,18.035885,30.0,1.0,1.0,1.0,0.336254,4973.0,0.349992,1.0
4991.0,0.480097,0.487399,0.495946,0.495946,13.165788,1.128636,1.130692,40.0,40.0,18.591273,30.0,1.0,1.0,1.0,0.336254,4983.0,0.34419,1.0
5001.0,0.480021,0.487321,0.495841,0.495841,13.166046,1.113664,1.11574,40.0,40.0,18.41525,30.0,1.0,1.0,1.0,0.336254,4993.0,0.353247,1.0
5011.0,0.479943,0.487242,0.495733,0.495733,13.166551,1.085705,1.087624,40.0,40.0,18.086536,30.0,1.0,1.0,1.0,0.336254,5003.0,0.344417,1.0
5021.0,0.479866,0.487163,0.495629,0.495629,13.166041,1.109871,1.111878,40.0,40.0,18.370579,30.0,1.0,1.0,1.0,0.336254,5013.0,0.361248,1.0
5031.0,0.479789,0.487085,0.495519,0.495519,13.167516,1.032684,1.034858,40.0,40.0,17.463098,30.0,1.0,1.0,1.0,0.336254,5023.0,0.351377,1.0
5041.0,0.479713,0.487007,0.495414,0.495414,13.167187,1.047873,1.049934,40.0,40.0,17.641658,30.0,1.0,1.0,1.0,0.335174,5033.0,0.356773,1.0
5051.0,0.479636,0.486928,0.495304,0.495304,13.166268,1.092885,1.094933,40.0,40.0,18.170804,30.0,1.0,1.0,1.0,0.335174,5043.0,0.337717,1.0
5061.0,0.47956,0.486851,0.495198,0.495198,13.165859,1.112191,1.114328,40.0,40.0,18.397712,30.0,1.0,1.0,1.0,0.335174,5053.0,0.347162,1.0
5071.0,0.479484,0.486773,0.495092,0.495092,13.166539,1.075937,1.077885,40.0,40.0,17.971506,30.0,1.0,1.0,1.0,0.335174,5063.0,0.349123,1.0
5081.0,0.479407,0.486694,0.494987,0.494987,13.16664,1.06875,1.070783,40.0,40.0,17.886971,30.0,1.0,1.0,1.0,0.335174,5073.0,0.352781,1.0
5091.0,0.479331,0.486616,0.494882,0.494882,13.167127,1.042408,1.044307,40.0,40.0,17.577249,30.0,1.0,1.0,1.0,0.335174,5083.0,0.34907,1.0
5101.0,0.479255,0.486539,0.494777,0.494777,13.166648,1.065557,1.067564,40.0,40.0,17.849383,30.0,1.0,1.0,1.0,0.334566,5093.0,0.343669,1.0
5111.0,0.479179,0.486462,0.494673,0.494673,13.16684,1.054174,1.056226,40.0,40.0,17.715523,30.0,1.0,1.0,1.0,0.334566,5103.0,0.34538,1.0
5121.0,0.479103,0.486384,0.494566,0.494566,13.166677,1.060896,1.06283,40.0,40.0,17.79452,30.0,1.0,1.0,1.0,0.334566,5113.0,0.348906,1.0
5131.0,0.479028,0.486307,0.494463,0.494463,13.166869,1.049916,1.051865,40.0,40.0,17.66541,30.0,1.0,1.0,1.0,0.334566,5123.0,0.352773,1.0
5141.0,0.478951,0.486229,0.494357,0.494357,13.166239,1.080343,1.082412,40.0,40.0,18.023096,30.0,1.0,1.0,1.0,0.334566,5133.0,0.350067,1.0
5151.0,0.478875,0.486152,0.494253,0.494253,13.16694,1.043152,1.045033,40.0,40.0,17.585829,30.0,1.0,1.0,1.0,0.334566,5143.0,0.337195,1.0
5161.0,0.478799,0.486074,0.494148,0.494148,13.166327,1.072968,1.075061,40.0,40.0,17.936336,30.0,1.0,1.0,1.0,0.334368,5153.0,0.35429,1.0
5171.0,0.478722,0.485995,0.494043,0.494043,13.165723,1.101581,1.103509,40.0,40.0,18.272652,30.0,1.0,1.0,1.0,0.334368,5163.0,0.350128,1.0
5181.0,0.478644,0.485915,0.493933,0.493933,13.165472,1.112285,1.114411,40.0,40.0,18.398438,30.0,1.0,1.0,1.0,0.334368,5173.0,0.343765,1.0
5191.0,0.478567,0.485837,0.493828,0.493828,13.165806,1.093513,1.095452,40.0,40.0,18.17774,30.0,1.0,1.0,1.0,0.334368,5183.0,0.347028,1.0
5201.0,0.478492,0.48576,0.493724,0.493724,13.165795,1.092958,1.095079,40.0,40.0,18.171197,30.0,1.0,1.0,1.0,0.334368,5193.0,0.347858,1.0
5211.0,0.478415,0.485681,0.493617,0.493617,13.165704,1.095554,1.097612,40.0,40.0,18.201676,30.0,1.0,1.0,1.0,0.334368,5203.0,0.344248,1.0
5221.0,0.478339,0.485604,0.493516,0.493516,13.167188,1.01857,1.020592,40.0,40.0,17.296595,30.0,1.0,1.0,1.0,0.333291,5213.0,0.347979,1.0
5231.0,0.478263,0.485527,0.493412,0.493412,13.166155,1.069882,1.071821,40.0,40.0,17.899831,30.0,1.0,1.0,1.0,0.333291,5223.0,0.34247,1.0
5241.0,0.478186,0.485448,0.493307,0.493307,13.165261,1.113538,1.115263,40.0,40.0,18.412987,30.0,1.0,1.0,1.0,0.333291,5233.0,0.345171,1.0
5251.0,0.478109,0.485369,0.493202,0.493202,13.164753,1.137474,1.139538,40.0,40.0,18.694281,30.0,1.0,1.0,1.0,0.333291,5243.0,0.347151,1.0
5261.0,0.478033,0.485291,0.493097,0.493097,13.166728,1.03522,1.037163,40.0,40.0,17.492228,30.0,1.0,1.0,1.0,0.333291,5253.0,0.354726,1.0
5271.0,0.477957,0.485214,0.492997,0.492997,13.165597,1.091513,1.093438,40.0,40.0,18.153989,30.0,1.0,1.0,1.0,0.333291,5263.0,0.35233,1.0
5281.0,0.47788,0.485136,0.492895,0.492895,13.166304,1.053817,1.055811,40.0,40.0,17.710815,30.0,1.0,1.0,1.0,0.332631,5273.0,0.347921,1.0
5291.0,0.477804,0.485058,0.492791,0.492791,13.165635,1.086575,1.088662,40.0,40.0,18.095887,30.0,1.0,1.0,1.0,0.332631,5283.0,0.344342,1.0
5301.0,0.477728,0.48498,0.49269,0.49269,13.165315,1.101361,1.103385,40.0,40.0,18.269668,30.0,1.0,1.0,1.0,0.332631,5293.0,0.345781,1.0
5311.0,0.477653,0.484903,0.492588,0.492588,13.165856,1.072449,1.074541,40.0,40.0,17.929774,30.0,1.0,1.0,1.0,0.332631,5303.0,0.354411,1.0
5321.0,0.477576,0.484825,0.492485,0.492485,13.16557,1.085349,1.087478,40.0,40.0,18.08139,30.0,1.0,1.0,1.0,0.332631,5313.0,0.338353,1.0
5331.0,0.477499,0.484747,0.492384,0.492384,13.165481,1.088206,1.090302,40.0,40.0,18.114943,30.0,1.0,1.0,1.0,0.332631,5323.0,0.338823,1.0
5341.0,0.477424,0.48467,0.492285,0.492285,13.165645,1.078541,1.080626,40.0,40.0,18.001297,30.0,1.0,1.0,1.0,0.332286,5333.0,0.338823,1.0
5351.0,0.477348,0.484592,0.492184,0.492184,13.166997,1.008009,1.010023,40.0,40.0,17.172058,30.0,1.0,1.0,1.0,0.332286,5343.0,0.363528,1.0
5361.0,0.477272,0.484514,0.492084,0.492084,13.166156,1.049456,1.051533,40.0,40.0,17.659329,30.0,1.0,1.0,1.0,0.332286,5353.0,0.339309,1.0
5371.0,0.477196,0.484437,0.491983,0.491983,13.166373,1.036878,1.038866,40.0,40.0,17.511423,30.0,1.0,1.0,1.0,0.332286,5363.0,0.342086,1.0
5381.0,0.477118,0.484357,0.491882,0.491882,13.165423,1.083268,1.085256,40.0,40.0,18.056737,30.0,1.0,1.0,1.0,0.332286,5373.0,0.344219,1.0
5391.0,0.477043,0.48428,0.491785,0.491785,13.165499,1.078189,1.080127,40.0,40.0,17.997018,30.0,1.0,1.0,1.0,0.332286,5383.0,0.347793,1.0
5401.0,0.476948,0.484184,0.491684,0.491684,13.11313,3.742822,3.744544,5.0,5.0,17.894361,30.0,1.0,1.0,1.0,0.331852,5393.0,0.334024,1.0
5411.0,0.476682,0.483913,0.491325,0.491325,13.112834,3.685923,3.687792,5.0,5.0,17.22612,30.0,1.0,1.0,1.0,0.331852,5403.0,0.319801,1.0
5421.0,0.476416,0.483642,0.490969,0.490969,13.110513,3.735623,3.737339,5.0,5.0,17.801193,30.0,1.0,1.0,1.0,0.331852,5413.0,0.325637,1.0
5431.0,0.47615,0.483371,0.490613,0.490613,13.109023,3.746021,3.747784,5.0,5.0,17.918122,30.0,1.0,1.0,1.0,0.331852,5423.0,0.339102,1.0
5441.0,0.475885,0.4831,0.490256,0.490256,13.107597,3.756182,3.758063,5.0,5.0,18.03245,30.0,1.0,1.0,1.0,0.331852,5433.0,0.331445,1.0
5451.0,0.47562,0.48283,0.489901,0.489901,13.106764,3.739043,3.740827,5.0,5.0,17.828758,30.0,1.0,1.0,1.0,0.331852,5443.0,0.318267,1.0
5461.0,0.475352,0.482557,0.489543,0.489543,13.1052,3.760933,3.762777,5.0,5.0,18.080082,30.0,1.0,1.0,1.0,0.306535,5453.0,0.330937,1.0
5471.0,0.475085,0.482285,0.489186,0.489186,13.104534,3.739791,3.741762,5.0,5.0,17.830065,30.0,1.0,1.0,1.0,0.306535,5463.0,0.337142,1.0
5481.0,0.474819,0.482013,0.488832,0.488832,13.102934,3.769021,3.770792,5.0,5.0,18.167234,30.0,1.0,1.0,1.0,0.306535,5473.0,0.32573,1.0
5491.0,0.474552,0.481741,0.488482,0.488482,13.10169,3.7821,3.783958,5.0,5.0,18.316296,30.0,1.0,1.0,1.0,0.306535,5483.0,0.338617,1.0
5501.0,0.474286,0.481469,0.48813,0.48813,13.101933,3.721594,3.723488,5.0,5.0,17.608153,30.0,1.0,1.0,1.0,0.306535,5493.0,0.333045,1.0
5511.0,0.474019,0.481197,0.487778,0.487778,13.10026,3.760939,3.762756,5.0,5.0,18.063544,30.0,1.0,1.0,1.0,0.306535,5503.0,0.334652,1.0
5521.0,0.473767,0.480941,0.487423,0.487423,13.140764,1.655045,1.657038,5.0,5.0,18.24161,5.339039,1.0,0.0,0.0,0.284012,5513.0,2.964137,1.0
5531.0,0.473685,0.480857,0.487316,0.487316,13.151402,1.138375,1.140265,5.0,5.0,17.547575,0.0,1.0,0.0,0.0,0.284012,5523.0,0.341149,1.0
5541.0,0.473602,0.480772,0.487211,0.487211,13.151793,1.14307,1.145041,5.0,5.0,17.603197,0.0,1.0,0.0,0.0,0.284012,5533.0,0.333928,1.0
5551.0,0.473518,0.480686,0.487105,0.487105,13.151808,1.165517,1.167613,5.0,5.0,17.867232,0.0,1.0,0.0,0.0,0.284012,5543.0,0.335676,1.0
5561.0,0.473435,0.480601,0.486999,0.486999,13.151331,1.211939,1.213879,5.0,5.0,18.41272,0.0,1.0,0.0,0.0,0.284012,5553.0,0.337276,1.0
5571.0,0.473351,0.480515,0.486895,0.486895,13.152256,1.185439,1.187527,5.0,5.0,18.102025,0.0,1.0,0.0,0.0,0.284012,5563.0,0.330145,1.0
5581.0,0.473268,0.480431,0.486794,0.486794,13.153116,1.161492,1.16346,5.0,5.0,17.821246,0.0,1.0,0.0,0.0,0.264809,5573.0,0.333194,1.0
5591.0,0.473184,0.480345,0.486691,0.486691,13.153292,1.171227,1.17322,5.0,5.0,17.935943,0.0,1.0,0.0,0.0,0.264809,5583.0,0.33687,1.0
5601.0,0.473101,0.480261,0.486587,0.486587,13.153149,1.19652,1.198512,5.0,5.0,18.233317,0.0,1.0,0.0,0.0,0.264809,5593.0,0.336995,1.0
5611.0,0.473018,0.480175,0.486483,0.486483,13.153188,1.211278,1.21336,5.0,5.0,18.406958,0.0,1.0,0.0,0.0,0.264809,5603.0,0.341437,1.0
5621.0,0.472934,0.48009,0.48638,0.48638,13.15399,1.186131,1.188067,5.0,5.0,18.112009,0.0,1.0,0.0,0.0,0.264809,5613.0,0.33836,1.0
5631.0,0.47285,0.480004,0.486278,0.486278,13.154323,1.18387,1.185762,5.0,5.0,18.085758,0.0,1.0,0.0,0.0,0.264809,5623.0,0.337935,1.0
5641.0,0.472766,0.479919,0.486172,0.486172,13.154485,1.189924,1.191867,5.0,5.0,18.15715,0.0,1.0,0.0,0.0,0.246327,5633.0,0.339702,1.0
5651.0,0.472682,0.479833,0.486069,0.486069,13.155135,1.169878,1.171932,5.0,5.0,17.922008,0.0,1.0,0.0,0.0,0.246327,5643.0,0.329247,1.0
5661.0,0.472598,0.479747,0.485965,0.485965,13.154757,1.20174,1.203807,5.0,5.0,18.296448,0.0,1.0,0.0,0.0,0.246327,5653.0,0.333902,1.0
5671.0,0.472515,0.479663,0.485863,0.485863,13.154937,1.204792,1.206694,5.0,5.0,18.332543,0.0,1.0,0.0,0.0,0.246327,5663.0,0.336933,1.0
5681.0,0.472432,0.479578,0.485761,0.485761,13.156244,1.149476,1.151437,5.0,5.0,17.683116,0.0,1.0,0.0,0.0,0.246327,5673.0,0.347738,1.0
5691.0,0.472349,0.479493,0.48566,0.48566,13.156094,1.168125,1.170167,5.0,5.0,17.90238,0.0,1.0,0.0,0.0,0.246327,5683.0,0.336239,1.0
5701.0,0.472266,0.479408,0.485561,0.485561,13.155723,1.197197,1.199094,5.0,5.0,18.244037,0.0,1.0,0.0,0.0,0.228917,5693.0,0.331586,1.0
5711.0,0.472184,0.479324,0.48546,0.48546,13.157088,1.137616,1.139621,5.0,5.0,17.544435,0.0,1.0,0.0,0.0,0.228917,5703.0,0.333362,1.0
5721.0,0.472101,0.47924,0.485358,0.485358,13.156704,1.166336,1.168194,5.0,5.0,17.881972,0.0,1.0,0.0,0.0,0.228917,5713.0,0.338799,1.0
5731.0,0.472017,0.479154,0.485253,0.485253,13.156405,1.189994,1.191909,5.0,5.0,18.160015,0.0,1.0,0.0,0.0,0.228917,5723.0,0.33762,1.0
5741.0,0.471934,0.479069,0.48515,0.48515,13.155982,1.219505,1.221541,5.0,5.0,18.506784,0.0,1.0,0.0,0.0,0.228917,5733.0,0.33081,1.0
5751.0,0.47185,0.478984,0.485044,0.485044,13.156826,1.183847,1.185658,5.0,5.0,18.088138,0.0,1.0,0.0,0.0,0.228917,5743.0,0.328811,1.0
5761.0,0.471767,0.478899,0.484941,0.484941,13.157552,1.154047,1.155984,5.0,5.0,17.738252,0.0,1.0,0.0,0.0,0.212457,5753.0,0.347449,1.0
5771.0,0.471684,0.478814,0.484839,0.484839,13.156862,1.195875,1.197744,5.0,5.0,18.229704,0.0,1.0,0.0,0.0,0.212457,5763.0,0.34432,1.0
5781.0,0.471601,0.478729,0.484735,0.484735,13.158221,1.132641,1.134575,5.0,5.0,17.487043,0.0,1.0,0.0,0.0,0.212457,5773.0,0.334153,1.0
5791.0,0.471518,0.478645,0.484637,0.484637,13.158162,1.141968,1.144023,5.0,5.0,17.596735,0.0,1.0,0.0,0.0,0.212457,5783.0,0.335975,1.0
5801.0,0.471434,0.478559,0.484536,0.484536,13.157437,1.184139,1.186094,5.0,5.0,18.09222,0.0,1.0,0.0,0.0,0.212457,5793.0,0.343197,1.0
5811.0,0.471351,0.478474,0.484433,0.484433,13.157783,1.171424,1.173427,5.0,5.0,17.942961,0.0,1.0,0.0,0.0,0.212457,5803.0,0.338287,1.0
5821.0,0.471268,0.47839,0.484335,0.484335,13.157398,1.196257,1.198305,5.0,5.0,18.234771,0.0,1.0,0.0,0.0,0.196739,5813.0,0.337196,1.0
5831.0,0.471186,0.478305,0.484235,0.484235,13.158306,1.154609,1.156503,5.0,5.0,17.74564,0.0,1.0,0.0,0.0,0.196739,5823.0,0.341728,1.0
5841.0,0.471102,0.47822,0.484137,0.484137,13.157246,1.21285,1.214979,5.0,5.0,18.429851,0.0,1.0,0.0,0.0,0.196739,5833.0,0.331306,1.0
5851.0,0.471019,0.478135,0.484035,0.484035,13.158739,1.14051,1.142403,5.0,5.0,17.580175,0.0,1.0,0.0,0.0,0.196739,5843.0,0.328492,1.0
5861.0,0.470935,0.478049,0.483934,0.483934,13.158453,1.158458,1.160345,5.0,5.0,17.791091,0.0,1.0,0.0,0.0,0.196739,5853.0,0.333702,1.0
5871.0,0.470853,0.477965,0.483835,0.483835,13.159277,1.120124,1.122136,5.0,5.0,17.340804,0.0,1.0,0.0,0.0,0.196739,5862.0,0.328888,1.0
5881.0,0.470769,0.47788,0.483736,0.483736,13.158966,1.139086,1.141137,5.0,5.0,17.563645,0.0,1.0,0.0,0.0,0.181782,5872.0,0.32977,1.0
5891.0,0.470686,0.477795,0.483637,0.483637,13.157886,1.197015,1.199073,5.0,5.0,18.244212,0.0,1.0,0.0,0.0,0.181782,5882.0,0.337824,1.0
5901.0,0.470603,0.477711,0.483537,0.483537,13.159141,1.135701,1.137669,5.0,5.0,17.52399,0.0,1.0,0.0,0.0,0.181782,5892.0,0.336956,1.0
5911.0,0.470519,0.477625,0.483435,0.483435,13.1579,1.201147,1.203143,5.0,5.0,18.292851,0.0,1.0,0.0,0.0,0.181782,5902.0,0.322773,1.0
5921.0,0.470434,0.477538,0.483333,0.483333,13.159208,1.136176,1.138126,5.0,5.0,17.529642,0.0,1.0,0.0,0.0,0.181782,5912.0,0.332349,1.0
5931.0,0.47035,0.477453,0.483233,0.483233,13.158848,1.15633,1.158372,5.0,5.0,17.766459,0.0,1.0,0.0,0.0,0.181782,5922.0,0.342622,1.0
5941.0,0.470267,0.477368,0.483134,0.483134,13.159696,1.114996,1.117007,5.0,5.0,17.280875,0.0,1.0,0.0,0.0,0.16686,5932.0,0.334489,1.0
5951.0,0.470184,0.477283,0.483034,0.483034,13.158584,1.173452,1.175462,5.0,5.0,17.967666,0.0,1.0,0.0,0.0,0.16686,5942.0,0.337761,1.0
5961.0,0.4701,0.477197,0.482936,0.482936,13.159087,1.149226,1.15127,5.0,5.0,17.683099,0.0,1.0,0.0,0.0,0.16686,5952.0,0.334246,1.0
5971.0,0.470017,0.477113,0.482836,0.482836,13.159018,1.154232,1.156233,5.0,5.0,17.741942,0.0,1.0,0.0,0.0,0.16686,5962.0,0.331715,1.0
5981.0,0.469932,0.477026,0.482733,0.482733,13.158049,1.204343,1.206445,5.0,5.0,18.330616,0.0,1.0,0.0,0.0,0.16686,5972.0,0.343467,1.0
5991.0,0.469849,0.476941,0.482635,0.482635,13.159389,1.13715,1.138894,5.0,5.0,17.541291,0.0,1.0,0.0,0.0,0.16686,5982.0,0.338749,1.0
6001.0,0.469766,0.476856,0.482536,0.482536,13.158989,1.158605,1.160532,5.0,5.0,17.793369,0.0,1.0,0.0,0.0,0.153147,5992.0,0.339817,1.0
6011.0,0.469683,0.476771,0.482438,0.482438,13.158766,1.170778,1.172617,5.0,5.0,17.936393,0.0,1.0,0.0,0.0,0.153147,6002.0,0.330971,1.0
6021.0,0.469599,0.476685,0.482341,0.482341,13.159186,1.149819,1.151831,5.0,5.0,17.690179,0.0,1.0,0.0,0.0,0.153147,6012.0,0.335329,1.0
6031.0,0.469516,0.476601,0.482244,0.482244,13.159539,1.132551,1.134616,5.0,5.0,17.487322,0.0,1.0,0.0,0.0,0.153147,6022.0,0.346226,1.0
6041.0,0.469433,0.476517,0.482143,0.482143,13.15841,1.191027,1.19303,5.0,5.0,18.174303,0.0,1.0,0.0,0.0,0.153147,6032.0,0.338533,1.0
6051.0,0.46935,0.476431,0.482046,0.482046,13.158296,1.197031,1.199073,5.0,5.0,18.244842,0.0,1.0,0.0,0.0,0.153147,6042.0,0.340362,1.0
6061.0,0.469265,0.476345,0.481948,0.481948,13.157744,1.225155,1.227065,5.0,5.0,18.575183,0.0,1.0,0.0,0.0,0.140212,6052.0,0.338825,1.0
6071.0,0.469182,0.47626,0.48185,0.48185,13.159348,1.143532,1.145477,5.0,5.0,17.616359,0.0,1.0,0.0,0.0,0.140212,6062.0,0.324236,1.0
6081.0,0.469099,0.476175,0.48175,0.48175,13.158781,1.172448,1.174424,5.0,5.0,17.956066,0.0,1.0,0.0,0.0,0.140212,6072.0,0.341843,1.0
6091.0,0.469014,0.476089,0.48165,0.48165,13.158259,1.198776,1.200755,5.0,5.0,18.265333,0.0,1.0,0.0,0.0,0.140212,6082.0,0.338756,1.0
6101.0,0.468931,0.476004,0.481551,0.481551,13.159144,1.15356,1.155444,5.0,5.0,17.73416,0.0,1.0,0.0,0.0,0.140212,6092.0,0.334769,1.0
6111.0,0.468847,0.475918,0.481453,0.481453,13.158324,1.194942,1.196913,5.0,5.0,18.220281,0.0,1.0,0.0,0.0,0.140212,6102.0,0.332881,1.0
6121.0,0.468764,0.475833,0.481356,0.481356,13.1599,1.114413,1.116488,5.0,5.0,17.274219,0.0,1.0,0.0,0.0,0.127545,6112.0,0.332062,1.0
6131.0,0.468681,0.475749,0.481261,0.481261,13.158816,1.169788,1.171766,5.0,5.0,17.92479,0.0,1.0,0.0,0.0,0.127545,6122.0,0.333559,1.0
6141.0,0.468599,0.475664,0.481164,0.481164,13.158614,1.179939,1.18192,5.0,5.0,18.044039,0.0,1.0,0.0,0.0,0.127545,6132.0,0.341075,1.0
6151.0,0.468515,0.475579,0.481071,0.481071,13.157822,1.219833,1.22179,5.0,5.0,18.512644,0.0,1.0,0.0,0.0,0.127545,6142.0,0.344471,1.0
6161.0,0.468432,0.475494,0.480971,0.480971,13.158455,1.187224,1.189375,5.0,5.0,18.129597,0.0,1.0,0.0,0.0,0.127545,6152.0,0.335787,1.0
6171.0,0.468349,0.47541,0.480875,0.480875,13.15763,1.228832,1.230699,5.0,5.0,18.618334,0.0,1.0,0.0,0.0,0.127545,6162.0,0.343866,1.0
6181.0,0.468264,0.475323,0.480775,0.480775,13.157495,1.234659,1.236679,5.0,5.0,18.686746,0.0,1.0,0.0,0.0,0.116113,6172.0,0.342609,1.0
6191.0,0.468182,0.475239,0.480678,0.480678,13.157887,1.214204,1.216184,5.0,5.0,18.446483,0.0,1.0,0.0,0.0,0.116113,6182.0,0.330528,1.0
6201.0,0.468098,0.475154,0.480579,0.480579,13.159256,1.143544,1.145622,5.0,5.0,17.616407,0.0,1.0,0.0,0.0,0.116113,6192.0,0.329903,1.0
6211.0,0.468015,0.475068,0.480483,0.480483,13.158587,1.176854,1.178764,5.0,5.0,18.007707,0.0,1.0,0.0,0.0,0.116113,6202.0,0.334805,1.0
6221.0,0.467931,0.474983,0.480386,0.480386,13.158465,1.182141,1.18408,5.0,5.0,18.069797,0.0,1.0,0.0,0.0,0.116113,6212.0,0.327948,1.0
6231.0,0.467848,0.474898,0.480285,0.480285,13.159194,1.144076,1.146162,5.0,5.0,17.622599,0.0,1.0,0.0,0.0,0.116113,6222.0,0.338118,1.0
6241.0,0.467762,0.474811,0.480185,0.480185,13.15862,1.171809,1.17376,5.0,5.0,17.948377,0.0,1.0,0.0,0.0,0.104489,6232.0,0.339348,1.0
6251.0,0.467679,0.474726,0.480088,0.480088,13.1593,1.136196,1.138209,5.0,5.0,17.529968,0.0,1.0,0.0,0.0,0.104489,6242.0,0.332351,1.0
6261.0,0.467595,0.47464,0.47999,0.47999,13.158925,1.15432,1.156275,5.0,5.0,17.742879,0.0,1.0,0.0,0.0,0.104489,6252.0,0.33798,1.0
6271.0,0.467512,0.474555,0.479892,0.479892,13.158701,1.16469,1.166762,5.0,5.0,17.864684,0.0,1.0,0.0,0.0,0.104489,6262.0,0.32753,1.0
6281.0,0.467429,0.47447,0.479795,0.479795,13.158538,1.172115,1.174113,5.0,5.0,17.951885,0.0,1.0,0.0,0.0,0.104489,6272.0,0.333085,1.0
6291.0,0.467344,0.474384,0.479696,0.479696,13.158226,1.186541,1.188607,5.0,5.0,18.121323,0.0,1.0,0.0,0.0,0.104489,6282.0,0.336937,1.0
6301.0,0.467261,0.474298,0.4796,0.4796,13.157646,1.215003,1.216973,5.0,5.0,18.455623,0.0,1.0,0.0,0.0,0.093634,6292.0,0.336023,1.0
6311.0,0.467177,0.474213,0.479503,0.479503,13.159044,1.142528,1.144501,5.0,5.0,17.604227,0.0,1.0,0.0,0.0,0.093634,6302.0,0.340723,1.0
6321.0,0.467093,0.474128,0.479406,0.479406,13.158121,1.188299,1.190206,5.0,5.0,18.1419,0.0,1.0,0.0,0.0,0.093634,6312.0,0.339823,1.0
6331.0,0.46701,0.474043,0.47931,0.47931,13.158615,1.162125,1.164249,5.0,5.0,17.834407,0.0,1.0,0.0,0.0,0.093634,6322.0,0.348673,1.0
6341.0,0.466927,0.473958,0.479213,0.479213,13.158856,1.148906,1.150959,5.0,5.0,17.67909,0.0,1.0,0.0,0.0,0.093634,6332.0,0.335297,1.0
6351.0,0.466845,0.473874,0.479118,0.479118,13.158312,1.175665,1.177663,5.0,5.0,17.993425,0.0,1.0,0.0,0.0,0.093634,6342.0,0.324984,1.0
6361.0,0.466761,0.473789,0.479023,0.479023,13.158032,1.188817,1.190891,5.0,5.0,18.147904,0.0,1.0,0.0,0.0,0.083926,6352.0,0.333832,1.0
6371.0,0.466677,0.473703,0.478925,0.478925,13.157938,1.19205,1.194068,5.0,5.0,18.185845,0.0,1.0,0.0,0.0,0.083926,6362.0,0.336839,1.0
6381.0,0.466593,0.473617,0.478826,0.478826,13.158087,1.182724,1.184765,5.0,5.0,18.076256,0.0,1.0,0.0,0.0,0.083926,6372.0,0.33717,1.0
6391.0,0.466509,0.473531,0.478729,0.478729,13.157761,1.198011,1.200007,5.0,5.0,18.255802,0.0,1.0,0.0,0.0,0.083926,6382.0,0.339058,1.0
6401.0,0.466426,0.473446,0.478631,0.478631,13.159373,1.114375,1.116446,5.0,5.0,17.273244,0.0,1.0,0.0,0.0,0.083926,6392.0,0.338133,1.0
6411.0,0.466342,0.473361,0.478536,0.478536,13.156935,1.23752,1.2394,5.0,5.0,18.719796,0.0,1.0,0.0,0.0,0.083926,6402.0,0.343382,1.0
6421.0,0.466259,0.473276,0.478442,0.478442,13.158089,1.177267,1.1792,5.0,5.0,18.012042,0.0,1.0,0.0,0.0,0.073915,6412.0,0.329266,1.0
6431.0,0.466177,0.473192,0.478348,0.478348,13.159394,1.109885,1.111982,5.0,5.0,17.220428,0.0,1.0,0.0,0.0,0.073915,6422.0,0.325904,1.0
6441.0,0.466094,0.473107,0.478253,0.478253,13.159314,1.112539,1.114494,5.0,5.0,17.251576,0.0,1.0,0.0,0.0,0.073915,6432.0,0.336901,1.0
6451.0,0.46601,0.473022,0.478158,0.478158,13.158536,1.150665,1.152579,5.0,5.0,17.69947,0.0,1.0,0.0,0.0,0.073915,6442.0,0.338156,1.0
6461.0,0.465927,0.472937,0.478067,0.478067,13.15834,1.159367,1.161446,5.0,5.0,17.80167,0.0,1.0,0.0,0.0,0.073915,6452.0,0.332557,1.0
6471.0,0.465844,0.472853,0.477972,0.477972,13.158317,1.159492,1.161674,5.0,5.0,17.803109,0.0,1.0,0.0,0.0,0.073915,6462.0,0.339288,1.0
6481.0,0.465761,0.472768,0.477878,0.477878,13.157759,1.186703,1.188794,5.0,5.0,18.122733,0.0,1.0,0.0,0.0,0.065368,6472.0,0.344709,1.0
6491.0,0.465677,0.472682,0.477783,0.477783,13.157755,1.185181,1.18734,5.0,5.0,18.104822,0.0,1.0,0.0,0.0,0.065368,6482.0,0.342884,1.0
6501.0,0.465595,0.472598,0.477688,0.477688,13.157545,1.194737,1.196747,5.0,5.0,18.217042,0.0,1.0,0.0,0.0,0.065368,6492.0,0.329992,1.0
6511.0,0.46551,0.472512,0.477597,0.477597,13.156281,1.257434,1.259293,5.0,5.0,18.953378,0.0,1.0,0.0,0.0,0.065368,6502.0,0.33133,1.0
6521.0,0.465427,0.472427,0.477502,0.477502,13.157323,1.202691,1.204659,5.0,5.0,18.310394,0.0,1.0,0.0,0.0,0.065368,6512.0,0.329212,1.0
6531.0,0.465343,0.472341,0.477407,0.477407,13.15735,1.1997,1.201586,5.0,5.0,18.275232,0.0,1.0,0.0,0.0,0.065368,6522.0,0.339741,1.0
6541.0,0.46526,0.472256,0.477308,0.477308,13.157925,1.168752,1.17079,5.0,5.0,17.911678,0.0,1.0,0.0,0.0,0.056124,6532.0,0.345169,1.0
6551.0,0.465176,0.472171,0.477211,0.477211,13.157203,1.204014,1.206092,5.0,5.0,18.325839,0.0,1.0,0.0,0.0,0.056124,6542.0,0.331207,1.0
6561.0,0.465094,0.472086,0.477117,0.477117,13.158537,1.134689,1.136755,5.0,5.0,17.511469,0.0,1.0,0.0,0.0,0.056124,6552.0,0.335238,1.0
6571.0,0.465011,0.472002,0.477024,0.477024,13.157116,1.20586,1.207711,5.0,5.0,18.347463,0.0,1.0,0.0,0.0,0.056124,6562.0,0.332628,1.0
6581.0,0.464927,0.471917,0.476932,0.476932,13.157621,1.17858,1.180405,5.0,5.0,18.027001,0.0,1.0,0.0,0.0,0.056124,6572.0,0.336994,1.0
6591.0,0.464844,0.471831,0.47684,0.47684,13.157408,1.18771,1.189853,5.0,5.0,18.134209,0.0,1.0,0.0,0.0,0.056124,6582.0,0.334677,1.0
6601.0,0.46476,0.471746,0.476745,0.476745,13.158527,1.128973,1.130962,5.0,5.0,17.444191,0.0,1.0,0.0,0.0,0.04776,6592.0,0.337886,1.0
6611.0,0.464676,0.47166,0.47665,0.47665,13.157752,1.166805,1.168776,5.0,5.0,17.888585,0.0,1.0,0.0,0.0,0.04776,6602.0,0.350072,1.0
6621.0,0.464593,0.471576,0.476556,0.476556,13.156759,1.216052,1.218073,5.0,5.0,18.467004,0.0,1.0,0.0,0.0,0.04776,6612.0,0.346536,1.0
6631.0,0.464509,0.47149,0.47646,0.47646,13.155786,1.263853,1.265834,5.0,5.0,19.028337,0.0,1.0,0.0,0.0,0.04776,6622.0,0.338859,1.0
6641.0,0.464425,0.471404,0.476364,0.476364,13.157585,1.170281,1.172472,5.0,5.0,17.929306,0.0,1.0,0.0,0.0,0.04776,6632.0,0.336343,1.0
6651.0,0.464341,0.471319,0.476267,0.476267,13.158184,1.13793,1.139932,5.0,5.0,17.54924,0.0,1.0,0.0,0.0,0.04776,6642.0,0.3283,1.0
6661.0,0.464257,0.471233,0.476172,0.476172,13.156949,1.199141,1.201046,5.0,5.0,18.268226,0.0,1.0,0.0,0.0,0.039474,6652.0,0.336203,1.0
6671.0,0.464173,0.471146,0.476077,0.476077,13.156884,1.200396,1.202416,5.0,5.0,18.282926,0.0,1.0,0.0,0.0,0.039474,6662.0,0.33569,1.0
6681.0,0.464089,0.471061,0.475986,0.475986,13.157366,1.174224,1.176272,5.0,5.0,17.975474,0.0,1.0,0.0,0.0,0.039474,6672.0,0.338681,1.0
6691.0,0.464005,0.470975,0.475892,0.475892,13.157203,1.180694,1.18271,5.0,5.0,18.051439,0.0,1.0,0.0,0.0,0.039474,6682.0,0.33659,1.0
6701.0,0.463921,0.47089,0.475798,0.475798,13.156462,1.216781,1.2188,5.0,5.0,18.475253,0.0,1.0,0.0,0.0,0.039474,6692.0,0.339257,1.0
6711.0,0.463838,0.470805,0.475705,0.475705,13.157789,1.14755,1.149526,5.0,5.0,17.662037,0.0,1.0,0.0,0.0,0.039474,6702.0,0.339351,1.0
6721.0,0.463754,0.470719,0.475612,0.475612,13.156352,1.219245,1.221334,5.0,5.0,18.504122,0.0,1.0,0.0,0.0,0.031698,6712.0,0.333339,1.0
6731.0,0.463671,0.470634,0.475519,0.475519,13.157099,1.179522,1.181443,5.0,5.0,18.037534,0.0,1.0,0.0,0.0,0.031698,6722.0,0.34126,1.0
6741.0,0.463587,0.470549,0.475424,0.475424,13.158032,1.130274,1.132311,5.0,5.0,17.458999,0.0,1.0,0.0,0.0,0.031698,6732.0,0.33714,1.0
6751.0,0.463504,0.470464,0.475333,0.475333,13.156753,1.194139,1.19602,5.0,5.0,18.209162,0.0,1.0,0.0,0.0,0.031698,6742.0,0.323667,1.0
6761.0,0.463421,0.470379,0.475241,0.475241,13.157096,1.175143,1.177352,5.0,5.0,17.986008,0.0,1.0,0.0,0.0,0.031698,6752.0,0.331818,1.0
6771.0,0.463339,0.470295,0.47515,0.47515,13.158249,1.115053,1.117132,5.0,5.0,17.2801,0.0,1.0,0.0,0.0,0.031698,6762.0,0.334866,1.0
6781.0,0.463257,0.470211,0.47506,0.47506,13.157938,1.12977,1.131771,5.0,5.0,17.452965,0.0,1.0,0.0,0.0,0.025093,6772.0,0.333024,1.0
6791.0,0.463172,0.470125,0.474966,0.474966,13.157613,1.14432,1.146287,5.0,5.0,17.623852,0.0,1.0,0.0,0.0,0.025093,6782.0,0.335989,1.0
6801.0,0.46309,0.470041,0.474878,0.474878,13.156623,1.193596,1.19546,5.0,5.0,18.202633,0.0,1.0,0.0,0.0,0.025093,6792.0,0.334897,1.0
6811.0,0.463007,0.469957,0.474788,0.474788,13.156716,1.187509,1.1895,5.0,5.0,18.131108,0.0,1.0,0.0,0.0,0.025093,6802.0,0.345478,1.0
6821.0,0.462923,0.469871,0.474696,0.474696,13.155055,1.270324,1.272334,5.0,5.0,19.103647,0.0,1.0,0.0,0.0,0.025093,6812.0,0.345018,1.0
6831.0,0.462839,0.469785,0.474603,0.474603,13.157063,1.166036,1.16807,5.0,5.0,17.878814,0.0,1.0,0.0,0.0,0.025093,6822.0,0.337138,1.0
6841.0,0.462756,0.4697,0.474511,0.474511,13.157647,1.134704,1.136755,5.0,5.0,17.510732,0.0,1.0,0.0,0.0,0.018194,6832.0,0.344705,1.0
6851.0,0.462672,0.469614,0.474416,0.474416,13.157219,1.154523,1.156628,5.0,5.0,17.74351,0.0,1.0,0.0,0.0,0.018194,6842.0,0.345846,1.0
6861.0,0.462588,0.469529,0.474325,0.474325,13.156054,1.212244,1.214149,5.0,5.0,18.421429,0.0,1.0,0.0,0.0,0.018194,6852.0,0.344025,1.0
6871.0,0.462504,0.469443,0.474228,0.474228,13.15652,1.186592,1.188628,5.0,5.0,18.120114,0.0,1.0,0.0,0.0,0.018194,6862.0,0.343261,1.0
6881.0,0.462421,0.469359,0.474135,0.474135,13.156395,1.191557,1.193591,5.0,5.0,18.178395,0.0,1.0,0.0,0.0,0.018194,6872.0,0.336338,1.0
6891.0,0.462338,0.469273,0.47404,0.47404,13.156214,1.198987,1.200983,5.0,5.0,18.265619,0.0,1.0,0.0,0.0,0.018194,6882.0,0.340551,1.0
6901.0,0.462255,0.469188,0.47395,0.47395,13.157391,1.137354,1.139496,5.0,5.0,17.541653,0.0,1.0,0.0,0.0,0.011272,6892.0,0.335628,1.0
6911.0,0.462171,0.469103,0.473859,0.473859,13.157043,1.153432,1.155486,5.0,5.0,17.730488,0.0,1.0,0.0,0.0,0.011272,6902.0,0.335878,1.0
6921.0,0.462088,0.469018,0.473767,0.473767,13.155106,1.250628,1.252524,5.0,5.0,18.871985,0.0,1.0,0.0,0.0,0.011272,6912.0,0.342532,1.0
6931.0,0.462004,0.468933,0.473675,0.473675,13.157016,1.151527,1.15343,5.0,5.0,17.70804,0.0,1.0,0.0,0.0,0.011272,6922.0,0.337986,1.0
6941.0,0.461922,0.468848,0.473584,0.473584,13.156131,1.195261,1.197245,5.0,5.0,18.221691,0.0,1.0,0.0,0.0,0.011272,6932.0,0.346682,1.0
6951.0,0.461839,0.468764,0.473492,0.473492,13.156375,1.181397,1.183478,5.0,5.0,18.058838,0.0,1.0,0.0,0.0,0.011272,6942.0,0.344856,1.0
6961.0,0.461755,0.468678,0.473398,0.473398,13.156687,1.163574,1.165661,5.0,5.0,17.84945,0.0,1.0,0.0,0.0,0.005174,6952.0,0.342018,1.0
6971.0,0.461672,0.468593,0.473308,0.473308,13.156989,1.146482,1.148259,5.0,5.0,17.648654,0.0,1.0,0.0,0.0,0.005174,6962.0,0.338651,1.0
6981.0,0.461588,0.468508,0.473212,0.473212,13.156634,1.162831,1.16481,5.0,5.0,17.840656,0.0,1.0,0.0,0.0,0.005174,6972.0,0.344415,1.0
6991.0,0.461504,0.468422,0.47312,0.47312,13.156264,1.179964,1.181941,5.0,5.0,18.041856,0.0,1.0,0.0,0.0,0.005174,6982.0,0.343316,1.0
7001.0,0.461422,0.468338,0.47303,0.47303,13.155533,1.215927,1.217887,5.0,5.0,18.464201,0.0,1.0,0.0,0.0,0.005174,6992.0,0.348427,1.0
7011.0,0.461338,0.468253,0.472937,0.472937,13.157249,1.126561,1.128698,5.0,5.0,17.414518,0.0,1.0,0.0,0.0,0.005174,7002.0,0.339878,1.0
7021.0,0.461255,0.468167,0.472847,0.472847,13.155544,1.211857,1.213796,5.0,5.0,18.416326,0.0,1.0,0.0,0.0,0.0,7012.0,0.344358,1.0
7031.0,0.461171,0.468082,0.472755,0.472755,13.156829,1.144389,1.146307,5.0,5.0,17.623867,0.0,1.0,0.0,0.0,0.0,7022.0,0.338045,1.0
7041.0,0.461088,0.467997,0.472666,0.472666,13.156035,1.183523,1.185471,5.0,5.0,18.083491,0.0,1.0,0.0,0.0,0.0,7032.0,0.341675,1.0
7051.0,0.461005,0.467913,0.472576,0.472576,13.155856,1.19116,1.1933,5.0,5.0,18.17315,0.0,1.0,0.0,0.0,0.0,7042.0,0.337225,1.0
7061.0,0.460921,0.467827,0.472482,0.472482,13.156681,1.147162,1.149215,5.0,5.0,17.656343,0.0,1.0,0.0,0.0,0.0,7052.0,0.331514,1.0
7071.0,0.460837,0.467742,0.472388,0.472388,13.155836,1.188441,1.190455,5.0,5.0,18.141135,0.0,1.0,0.0,0.0,0.0,7061.0,0.334472,1.0
7081.0,0.460755,0.467657,0.472296,0.472296,13.156295,1.163518,1.165557,5.0,5.0,17.848391,0.0,1.0,0.0,0.0,0.0,7071.0,0.33359,1.0
7091.0,0.460671,0.467572,0.472205,0.472205,13.155809,1.186537,1.18869,5.0,5.0,18.118706,0.0,1.0,0.0,0.0,0.0,7081.0,0.34374,1.0
7101.0,0.460587,0.467486,0.472115,0.472115,13.154806,1.235688,1.237655,5.0,5.0,18.695884,0.0,1.0,0.0,0.0,0.0,7091.0,0.34888,1.0
7111.0,0.460504,0.467401,0.472027,0.472027,13.155119,1.218388,1.220212,5.0,5.0,18.492698,0.0,1.0,0.0,0.0,0.0,7101.0,0.334068,1.0
7121.0,0.460421,0.467316,0.471937,0.471937,13.1559,1.176761,1.178806,5.0,5.0,18.003789,0.0,1.0,0.0,0.0,0.0,7111.0,0.339994,1.0
7131.0,0.460338,0.467232,0.471846,0.471846,13.155077,1.217292,1.219195,5.0,5.0,18.479755,0.0,1.0,0.0,0.0,0.0,7121.0,0.331675,1.0
7141.0,0.460255,0.467147,0.471754,0.471754,13.155189,1.210001,1.212031,5.0,5.0,18.394105,0.0,1.0,0.0,0.0,0.0,7131.0,0.346005,1.0
7151.0,0.460172,0.467063,0.471665,0.471665,13.15654,1.13966,1.141697,5.0,5.0,17.567926,0.0,1.0,0.0,0.0,0.0,7141.0,0.338536,1.0
7161.0,0.460089,0.466978,0.471572,0.471572,13.155329,1.199779,1.201731,5.0,5.0,18.273988,0.0,1.0,0.0,0.0,0.0,7151.0,0.333645,1.0
7171.0,0.460006,0.466892,0.471483,0.471483,13.155063,1.211621,1.213671,5.0,5.0,18.413029,0.0,1.0,0.0,0.0,0.0,7161.0,0.331339,1.0
7181.0,0.459922,0.466807,0.471391,0.471391,13.15505,1.21047,1.212529,5.0,5.0,18.399475,0.0,1.0,0.0,0.0,0.0,7171.0,0.338988,1.0
7191.0,0.459839,0.466722,0.471303,0.471303,13.155978,1.161427,1.163439,5.0,5.0,17.82345,0.0,1.0,0.0,0.0,0.0,7181.0,0.340568,1.0
7201.0,0.459755,0.466636,0.471212,0.471212,13.154436,1.23823,1.240168,5.0,5.0,18.725382,0.0,1.0,0.0,0.0,0.0,7191.0,0.334394,1.0
7211.0,0.459672,0.466551,0.471124,0.471124,13.155867,1.163625,1.165516,5.0,5.0,17.849197,0.0,1.0,0.0,0.0,0.0,7201.0,0.337154,1.0
7221.0,0.459589,0.466467,0.471034,0.471034,13.156229,1.143521,1.145581,5.0,5.0,17.613034,0.0,1.0,0.0,0.0,0.0,7211.0,0.333393,1.0
7231.0,0.459505,0.466382,0.470941,0.470941,13.155564,1.175811,1.177871,5.0,5.0,17.992257,0.0,1.0,0.0,0.0,0.0,7221.0,0.336795,1.0
7241.0,0.459421,0.466296,0.470851,0.470851,13.154632,1.221338,1.22341,5.0,5.0,18.52687,0.0,1.0,0.0,0.0,0.0,7231.0,0.328136,1.0
7251.0,0.459338,0.466211,0.470761,0.470761,13.156438,1.127661,1.12957,5.0,5.0,17.426642,0.0,1.0,0.0,0.0,0.0,7241.0,0.332496,1.0
7261.0,0.459256,0.466127,0.470669,0.470669,13.15685,1.105183,1.107247,5.0,5.0,17.162575,0.0,1.0,0.0,0.0,0.0,7251.0,0.335464,1.0
7271.0,0.459172,0.466041,0.470579,0.470579,13.155366,1.179122,1.181277,5.0,5.0,18.031001,0.0,1.0,0.0,0.0,0.0,7261.0,0.344439,1.0
7281.0,0.459089,0.465956,0.470487,0.470487,13.15549,1.17114,1.173199,5.0,5.0,17.937221,0.0,1.0,0.0,0.0,0.0,7271.0,0.344233,1.0
7291.0,0.459005,0.465871,0.470399,0.470399,13.155093,1.189622,1.191493,5.0,5.0,18.154246,0.0,1.0,0.0,0.0,0.0,7281.0,0.327393,1.0
7301.0,0.458922,0.465786,0.470308,0.470308,13.155409,1.171731,1.173822,5.0,5.0,17.944086,0.0,1.0,0.0,0.0,0.0,7291.0,0.331912,1.0
7311.0,0.458839,0.465702,0.47022,0.47022,13.155754,1.152792,1.154738,5.0,5.0,17.721632,0.0,1.0,0.0,0.0,0.0,7301.0,0.332317,1.0
7321.0,0.458755,0.465616,0.470131,0.470131,13.155202,1.178936,1.180861,5.0,5.0,18.028643,0.0,1.0,0.0,0.0,0.0,7311.0,0.340704,1.0
7331.0,0.458672,0.465531,0.470042,0.470042,13.154635,1.206454,1.20848,5.0,5.0,18.351775,0.0,1.0,0.0,0.0,0.0,7321.0,0.339143,1.0
7341.0,0.458589,0.465446,0.46995,0.46995,13.155403,1.165571,1.167571,5.0,5.0,17.871617,0.0,1.0,0.0,0.0,0.0,7331.0,0.340437,1.0
7351.0,0.458506,0.465362,0.469859,0.469859,13.15514,1.177454,1.179491,5.0,5.0,18.011134,0.0,1.0,0.0,0.0,0.0,7341.0,0.33233,1.0
7361.0,0.458423,0.465277,0.46977,0.46977,13.155552,1.154802,1.156794,5.0,5.0,17.745065,0.0,1.0,0.0,0.0,0.0,7351.0,0.334846,1.0
7371.0,0.45834,0.465192,0.46968,0.46968,13.154728,1.195008,1.196955,5.0,5.0,18.21722,0.0,1.0,0.0,0.0,0.0,7361.0,0.344837,1.0
7381.0,0.458256,0.465106,0.469589,0.469589,13.155216,1.168144,1.17025,5.0,5.0,17.901686,0.0,1.0,0.0,0.0,0.0,7371.0,0.341997,1.0
7391.0,0.458171,0.46502,0.4695,0.4695,13.15485,1.184816,1.186863,5.0,5.0,18.097449,0.0,1.0,0.0,0.0,0.0,7381.0,0.340406,1.0
7401.0,0.458088,0.464935,0.469408,0.469408,13.155338,1.158102,1.160013,5.0,5.0,17.783672,0.0,1.0,0.0,0.0,0.0,7391.0,0.336767,1.0
7411.0,0.458005,0.46485,0.469319,0.469319,13.155437,1.151399,1.15343,5.0,5.0,17.70491,0.0,1.0,0.0,0.0,0.0,7401.0,0.325756,1.0
7421.0,0.457921,0.464764,0.469232,0.469232,13.154884,1.177874,1.179719,5.0,5.0,18.015809,0.0,1.0,0.0,0.0,0.0,7411.0,0.341975,1.0
7431.0,0.457837,0.464678,0.469142,0.469142,13.154408,1.200068,1.202125,5.0,5.0,18.276402,0.0,1.0,0.0,0.0,0.0,7421.0,0.335488,1.0
7441.0,0.457753,0.464593,0.469053,0.469053,13.155277,1.15382,1.155756,5.0,5.0,17.733235,0.0,1.0,0.0,0.0,0.0,7431.0,0.331076,1.0
7451.0,0.457669,0.464507,0.468965,0.468965,13.154837,1.174538,1.176459,5.0,5.0,17.976512,0.0,1.0,0.0,0.0,0.0,7441.0,0.320893,1.0
7461.0,0.457586,0.464423,0.468877,0.468877,13.15533,1.148028,1.150211,5.0,5.0,17.665146,0.0,1.0,0.0,0.0,0.0,7451.0,0.336898,1.0
7471.0,0.457505,0.464339,0.468792,0.468792,13.155539,1.136172,1.138063,5.0,5.0,17.52587,0.0,1.0,0.0,0.0,0.0,7461.0,0.335348,1.0
7481.0,0.457421,0.464254,0.468701,0.468701,13.153734,1.226762,1.228664,5.0,5.0,18.589699,0.0,1.0,0.0,0.0,0.0,7471.0,0.338797,1.0
7491.0,0.457338,0.464169,0.46861,0.46861,13.154868,1.167055,1.168963,5.0,5.0,17.888511,0.0,1.0,0.0,0.0,0.0,7481.0,0.344197,1.0
7501.0,0.457254,0.464084,0.468518,0.468518,13.154911,1.163107,1.165038,5.0,5.0,17.842112,0.0,1.0,0.0,0.0,0.0,7491.0,0.332814,1.0
7511.0,0.457171,0.463998,0.468429,0.468429,13.154766,1.168712,1.170624,5.0,5.0,17.907904,0.0,1.0,0.0,0.0,0.0,7501.0,0.343384,1.0
7521.0,0.457088,0.463914,0.468342,0.468342,13.154484,1.181671,1.183727,5.0,5.0,18.060056,0.0,1.0,0.0,0.0,0.0,7511.0,0.329092,1.0
7531.0,0.457005,0.46383,0.468254,0.468254,13.154808,1.163704,1.165702,5.0,5.0,17.849024,0.0,1.0,0.0,0.0,0.0,7521.0,0.339557,1.0
7541.0,0.456921,0.463744,0.468165,0.468165,13.154716,1.166338,1.168194,5.0,5.0,17.879916,0.0,1.0,0.0,0.0,0.0,7531.0,0.334803,1.0
7551.0,0.456837,0.463658,0.468079,0.468079,13.153718,1.215366,1.217388,5.0,5.0,18.455625,0.0,1.0,0.0,0.0,0.0,7541.0,0.332333,1.0
7561.0,0.456755,0.463574,0.467989,0.467989,13.155016,1.147679,1.149526,5.0,5.0,17.66071,0.0,1.0,0.0,0.0,0.0,7551.0,0.332412,1.0
7571.0,0.456671,0.463488,0.467901,0.467901,13.153956,1.199932,1.201959,5.0,5.0,18.27432,0.0,1.0,0.0,0.0,0.0,7561.0,0.33226,1.0
7581.0,0.456587,0.463402,0.46781,0.46781,13.155119,1.138522,1.140493,5.0,5.0,17.553094,0.0,1.0,0.0,0.0,0.0,7571.0,0.334818,1.0
7591.0,0.456504,0.463318,0.467723,0.467723,13.155118,1.137149,1.139122,5.0,5.0,17.53693,0.0,1.0,0.0,0.0,0.0,7581.0,0.341713,1.0
7601.0,0.456419,0.463232,0.467633,0.467633,13.154772,1.152694,1.154676,5.0,5.0,17.719461,0.0,1.0,0.0,0.0,0.0,7591.0,0.343874,1.0
7611.0,0.456335,0.463146,0.467545,0.467545,13.154856,1.146456,1.148405,5.0,5.0,17.646155,0.0,1.0,0.0,0.0,0.0,7601.0,0.348051,1.0
7621.0,0.456253,0.463062,0.467457,0.467457,13.153451,1.21683,1.218759,5.0,5.0,18.472558,0.0,1.0,0.0,0.0,0.0,7611.0,0.33687,1.0
7631.0,0.45617,0.462977,0.46737,0.46737,13.153335,1.221081,1.222995,5.0,5.0,18.52243,0.0,1.0,0.0,0.0,0.0,7620.0,0.328969,1.0
7641.0,0.456086,0.462891,0.46728,0.46728,13.154446,1.162649,1.164685,5.0,5.0,17.836234,0.0,1.0,0.0,0.0,0.0,7630.0,0.338086,1.0
7651.0,0.456003,0.462806,0.467189,0.467189,13.153716,1.198147,1.20034,5.0,5.0,18.253058,0.0,1.0,0.0,0.0,0.0,7640.0,0.342966,1.0
7661.0,0.455919,0.462721,0.467102,0.467102,13.154471,1.157877,1.159867,5.0,5.0,17.780128,0.0,1.0,0.0,0.0,0.0,7650.0,0.335524,1.0
7671.0,0.455837,0.462637,0.467018,0.467018,13.154082,1.176408,1.17839,5.0,5.0,17.997723,0.0,1.0,0.0,0.0,0.0,7660.0,0.335041,1.0
7681.0,0.455753,0.462551,0.46693,0.46693,13.154304,1.16317,1.1651,5.0,5.0,17.842218,0.0,1.0,0.0,0.0,0.0,7670.0,0.336907,1.0
7691.0,0.45567,0.462467,0.466842,0.466842,13.153769,1.189026,1.191057,5.0,5.0,18.145825,0.0,1.0,0.0,0.0,0.0,7680.0,0.343495,1.0
7701.0,0.455587,0.462382,0.466758,0.466758,13.153076,1.222924,1.224864,5.0,5.0,18.54383,0.0,1.0,0.0,0.0,0.0,7690.0,0.335847,1.0
7711.0,0.455503,0.462296,0.466665,0.466665,13.153456,1.201473,1.2036,5.0,5.0,18.291905,0.0,1.0,0.0,0.0,0.0,7700.0,0.335484,1.0
7721.0,0.455419,0.46221,0.466575,0.466575,13.154089,1.167233,1.169108,5.0,5.0,17.889793,0.0,1.0,0.0,0.0,0.0,7710.0,0.346871,1.0
7731.0,0.455335,0.462125,0.466489,0.466489,13.15435,1.152019,1.153949,5.0,5.0,17.711081,0.0,1.0,0.0,0.0,0.0,7720.0,0.338707,1.0
7741.0,0.455251,0.462039,0.466398,0.466398,13.153679,1.184335,1.186281,5.0,5.0,18.090548,0.0,1.0,0.0,0.0,0.0,7730.0,0.32578,1.0
7751.0,0.455168,0.461954,0.466307,0.466307,13.153436,1.195042,1.196913,5.0,5.0,18.216238,0.0,1.0,0.0,0.0,0.0,7740.0,0.336725,1.0
7761.0,0.455086,0.46187,0.466217,0.466217,13.154645,1.132206,1.134263,5.0,5.0,17.478304,0.0,1.0,0.0,0.0,0.0,7750.0,0.330452,1.0
7771.0,0.455002,0.461785,0.466128,0.466128,13.153397,1.194186,1.196186,5.0,5.0,18.206128,0.0,1.0,0.0,0.0,0.0,7760.0,0.332224,1.0
7781.0,0.454918,0.461698,0.466035,0.466035,13.152814,1.221714,1.223701,5.0,5.0,18.529306,0.0,1.0,0.0,0.0,0.0,7770.0,0.327732,1.0
7791.0,0.454834,0.461613,0.465947,0.465947,13.15362,1.178968,1.180924,5.0,5.0,18.027346,0.0,1.0,0.0,0.0,0.0,7780.0,0.330939,1.0
7801.0,0.454751,0.461529,0.465858,0.465858,13.153807,1.16787,1.169876,5.0,5.0,17.896991,0.0,1.0,0.0,0.0,0.0,7790.0,0.329002,1.0
7811.0,0.454668,0.461444,0.465772,0.465772,13.153589,1.177436,1.179553,5.0,5.0,18.009292,0.0,1.0,0.0,0.0,0.0,7800.0,0.338531,1.0
7821.0,0.454585,0.461359,0.465685,0.465685,13.153863,1.161854,1.163854,5.0,5.0,17.826276,0.0,1.0,0.0,0.0,0.0,7810.0,0.332342,1.0
7831.0,0.454501,0.461273,0.465595,0.465595,13.152935,1.207382,1.209352,5.0,5.0,18.360856,0.0,1.0,0.0,0.0,0.0,7820.0,0.339185,1.0
7841.0,0.454419,0.461189,0.46551,0.46551,13.154157,1.143734,1.145726,5.0,5.0,17.613419,0.0,1.0,0.0,0.0,0.0,7830.0,0.333761,1.0
7851.0,0.454336,0.461104,0.465422,0.465422,13.152588,1.222084,1.224116,5.0,5.0,18.533412,0.0,1.0,0.0,0.0,0.0,7840.0,0.332071,1.0
7861.0,0.454253,0.46102,0.465333,0.465333,13.153625,1.167588,1.169586,5.0,5.0,17.893489,0.0,1.0,0.0,0.0,0.0,7850.0,0.347349,1.0
7871.0,0.454169,0.460934,0.465245,0.465245,13.15278,1.208972,1.210992,5.0,5.0,18.379397,0.0,1.0,0.0,0.0,0.0,7860.0,0.330645,1.0
7881.0,0.454086,0.46085,0.465158,0.465158,13.154154,1.137207,1.139226,5.0,5.0,17.536643,0.0,1.0,0.0,0.0,0.0,7870.0,0.343573,1.0
7891.0,0.454003,0.460765,0.465071,0.465071,13.153015,1.193835,1.195896,5.0,5.0,18.201588,0.0,1.0,0.0,0.0,0.0,7880.0,0.340957,1.0
7901.0,0.453921,0.460681,0.464983,0.464983,13.154032,1.140587,1.142507,5.0,5.0,17.576279,0.0,1.0,0.0,0.0,0.0,7890.0,0.333963,1.0
7911.0,0.453838,0.460596,0.464897,0.464897,13.154004,1.140412,1.142445,5.0,5.0,17.574192,0.0,1.0,0.0,0.0,0.0,7900.0,0.330878,1.0
7921.0,0.453754,0.46051,0.46481,0.46481,13.153126,1.183118,1.185015,5.0,5.0,18.075648,0.0,1.0,0.0,0.0,0.0,7910.0,0.342065,1.0
7931.0,0.453671,0.460426,0.464722,0.464722,13.153706,1.152033,1.153908,5.0,5.0,17.710583,0.0,1.0,0.0,0.0,0.0,7920.0,0.334206,1.0
7941.0,0.453588,0.460341,0.464633,0.464633,13.154394,1.115404,1.117402,5.0,5.0,17.28039,0.0,1.0,0.0,0.0,0.0,7930.0,0.327217,1.0
7951.0,0.453504,0.460256,0.464546,0.464546,13.15252,1.209167,1.211179,5.0,5.0,18.381408,0.0,1.0,0.0,0.0,0.0,7940.0,0.337756,1.0
7961.0,0.453421,0.46017,0.464459,0.464459,13.152385,1.214313,1.216184,5.0,5.0,18.441787,0.0,1.0,0.0,0.0,0.0,7950.0,0.336741,1.0
7971.0,0.453337,0.460085,0.46437,0.46437,13.15314,1.173927,1.175898,5.0,5.0,17.96754,0.0,1.0,0.0,0.0,0.0,7960.0,0.336246,1.0
7981.0,0.453255,0.460001,0.464283,0.464283,13.153157,1.171597,1.173697,5.0,5.0,17.940159,0.0,1.0,0.0,0.0,0.0,7970.0,0.338012,1.0
7991.0,0.45317,0.459915,0.464192,0.464192,13.153777,1.137932,1.139891,5.0,5.0,17.54478,0.0,1.0,0.0,0.0,0.0,7980.0,0.331645,1.0
8001.0,0.453087,0.459829,0.464104,0.464104,13.152038,1.224884,1.227065,5.0,5.0,18.565749,0.0,1.0,0.0,0.0,0.0,7989.0,0.340058,1.0
8011.0,0.453005,0.459745,0.464015,0.464015,13.154178,1.114367,1.11628,5.0,5.0,17.267975,0.0,1.0,0.0,0.0,0.0,7999.0,0.341391,1.0
8021.0,0.452921,0.45966,0.463926,0.463926,13.152166,1.215091,1.21716,5.0,5.0,18.450699,0.0,1.0,0.0,0.0,0.0,8009.0,0.338029,1.0
8031.0,0.452837,0.459574,0.46384,0.46384,13.15262,1.190037,1.192179,5.0,5.0,18.15649,0.0,1.0,0.0,0.0,0.0,8019.0,0.326655,1.0
8041.0,0.452752,0.459488,0.463749,0.463749,13.152803,1.178547,1.180529,5.0,5.0,18.02154,0.0,1.0,0.0,0.0,0.0,8029.0,0.344175,1.0
8051.0,0.45267,0.459404,0.463661,0.463661,13.153026,1.165994,1.168007,5.0,5.0,17.874114,0.0,1.0,0.0,0.0,0.0,8039.0,0.335183,1.0
8061.0,0.452586,0.459318,0.463572,0.463572,13.152246,1.203696,1.205801,5.0,5.0,18.316762,0.0,1.0,0.0,0.0,0.0,8049.0,0.326966,1.0
8071.0,0.452502,0.459232,0.463481,0.463481,13.151864,1.221149,1.223057,5.0,5.0,18.521626,0.0,1.0,0.0,0.0,0.0,8059.0,0.340783,1.0
8081.0,0.452417,0.459146,0.463389,0.463389,13.152842,1.169038,1.171102,5.0,5.0,17.909728,0.0,1.0,0.0,0.0,0.0,8069.0,0.337658,1.0
8091.0,0.452334,0.45906,0.463301,0.463301,13.15277,1.171052,1.173137,5.0,5.0,17.933335,0.0,1.0,0.0,0.0,0.0,8079.0,0.334917,1.0
8101.0,0.45225,0.458975,0.463211,0.463211,13.152941,1.160496,1.16265,5.0,5.0,17.809349,0.0,1.0,0.0,0.0,0.0,8089.0,0.334393,1.0
8111.0,0.452166,0.458889,0.463124,0.463124,13.152396,1.186424,1.188441,5.0,5.0,18.113763,0.0,1.0,0.0,0.0,0.0,8099.0,0.345441,1.0
8121.0,0.452083,0.458805,0.463039,0.463039,13.15339,1.134322,1.136402,5.0,5.0,17.501924,0.0,1.0,0.0,0.0,0.0,8109.0,0.343026,1.0
8131.0,0.452,0.45872,0.462951,0.462951,13.153679,1.11806,1.119977,5.0,5.0,17.310914,0.0,1.0,0.0,0.0,0.0,8119.0,0.337763,1.0
8141.0,0.451918,0.458636,0.462863,0.462863,13.15337,1.132546,1.134575,5.0,5.0,17.481009,0.0,1.0,0.0,0.0,0.0,8129.0,0.330531,1.0
8151.0,0.451833,0.45855,0.462774,0.462774,13.152373,1.181288,1.18327,5.0,5.0,18.053326,0.0,1.0,0.0,0.0,0.0,8139.0,0.329251,1.0
8161.0,0.45175,0.458465,0.462688,0.462688,13.151628,1.21783,1.219901,5.0,5.0,18.482332,0.0,1.0,0.0,0.0,0.0,8149.0,0.341947,1.0
8171.0,0.451667,0.45838,0.4626,0.4626,13.152002,1.197081,1.198969,5.0,5.0,18.238694,0.0,1.0,0.0,0.0,0.0,8159.0,0.336814,1.0
8181.0,0.451586,0.458297,0.462515,0.462515,13.153171,1.136392,1.138416,5.0,5.0,17.526055,0.0,1.0,0.0,0.0,0.0,8169.0,0.345376,1.0
8191.0,0.451503,0.458212,0.462429,0.462429,13.151701,1.209918,1.211927,5.0,5.0,18.389355,0.0,1.0,0.0,0.0,0.0,8179.0,0.331893,1.0
8201.0,0.45142,0.458128,0.462344,0.462344,13.152769,1.153814,1.155818,5.0,5.0,17.730566,0.0,1.0,0.0,0.0,0.0,8189.0,0.337752,1.0
8211.0,0.451336,0.458043,0.462259,0.462259,13.15202,1.190372,1.192407,5.0,5.0,18.159796,0.0,1.0,0.0,0.0,0.0,8199.0,0.331553,1.0
8221.0,0.451253,0.457958,0.462171,0.462171,13.153023,1.137529,1.139517,5.0,5.0,17.539276,0.0,1.0,0.0,0.0,0.0,8209.0,0.338031,1.0
8231.0,0.45117,0.457873,0.462086,0.462086,13.151705,1.203081,1.205157,5.0,5.0,18.30894,0.0,1.0,0.0,0.0,0.0,8219.0,0.33771,1.0
8241.0,0.451086,0.457787,0.461995,0.461995,13.152059,1.182907,1.184931,5.0,5.0,18.07203,0.0,1.0,0.0,0.0,0.0,8229.0,0.339839,1.0
8251.0,0.451003,0.457702,0.461907,0.461907,13.152578,1.15491,1.15696,5.0,5.0,17.743268,0.0,1.0,0.0,0.0,0.0,8239.0,0.331976,1.0
8261.0,0.45092,0.457617,0.461818,0.461818,13.152835,1.140095,1.142113,5.0,5.0,17.569268,0.0,1.0,0.0,0.0,0.0,8249.0,0.338188,1.0
8271.0,0.450836,0.457532,0.461727,0.461727,13.150803,1.242,1.243947,5.0,5.0,18.765692,0.0,1.0,0.0,0.0,0.0,8259.0,0.318772,1.0
8281.0,0.450753,0.457446,0.46164,0.46164,13.152693,1.143768,1.145684,5.0,5.0,17.612332,0.0,1.0,0.0,0.0,0.0,8269.0,0.336822,1.0
8291.0,0.450669,0.457361,0.461553,0.461553,13.153286,1.111862,1.113934,5.0,5.0,17.237616,0.0,1.0,0.0,0.0,0.0,8279.0,0.339486,1.0
8301.0,0.450587,0.457277,0.461469,0.461469,13.152237,1.163979,1.165952,5.0,5.0,17.849587,0.0,1.0,0.0,0.0,0.0,8289.0,0.330274,1.0
8311.0,0.450503,0.457192,0.461383,0.461383,13.15208,1.170242,1.172119,5.0,5.0,17.923087,0.0,1.0,0.0,0.0,0.0,8299.0,0.336538,1.0
8321.0,0.45042,0.457107,0.461295,0.461295,13.15188,1.178791,1.180591,5.0,5.0,18.023436,0.0,1.0,0.0,0.0,0.0,8309.0,0.342073,1.0
8331.0,0.450337,0.457023,0.461211,0.461211,13.152782,1.131309,1.133225,5.0,5.0,17.465869,0.0,1.0,0.0,0.0,0.0,8319.0,0.332499,1.0
8341.0,0.450253,0.456937,0.461123,0.461123,13.151306,1.204626,1.206611,5.0,5.0,18.326682,0.0,1.0,0.0,0.0,0.0,8329.0,0.326541,1.0
8351.0,0.450169,0.456851,0.461035,0.461035,13.150709,1.23298,1.234977,5.0,5.0,18.659513,0.0,1.0,0.0,0.0,0.0,8339.0,0.334278,1.0
8361.0,0.450085,0.456765,0.460946,0.460946,13.151663,1.182355,1.18435,5.0,5.0,18.065116,0.0,1.0,0.0,0.0,0.0,8349.0,0.334031,1.0
8371.0,0.450002,0.45668,0.460859,0.460859,13.152064,1.160247,1.162401,5.0,5.0,17.805508,0.0,1.0,0.0,0.0,0.0,8359.0,0.337731,1.0
8381.0,0.449918,0.456594,0.460772,0.460772,13.151046,1.210248,1.212259,5.0,5.0,18.392525,0.0,1.0,0.0,0.0,0.0,8369.0,0.329252,1.0
8391.0,0.449834,0.456509,0.460685,0.460685,13.152598,1.129325,1.131211,5.0,5.0,17.442346,0.0,1.0,0.0,0.0,0.0,8379.0,0.336767,1.0
8401.0,0.449752,0.456425,0.460596,0.460596,13.151527,1.182537,1.184412,5.0,5.0,18.067114,0.0,1.0,0.0,0.0,0.0,8389.0,0.335867,1.0
8411.0,0.449669,0.456341,0.46051,0.46051,13.151781,1.168263,1.170271,5.0,5.0,17.899496,0.0,1.0,0.0,0.0,0.0,8399.0,0.333738,1.0
8421.0,0.449585,0.456255,0.460422,0.460422,13.151277,1.192005,1.194131,5.0,5.0,18.178216,0.0,1.0,0.0,0.0,0.0,8409.0,0.33442,1.0
8431.0,0.449501,0.456169,0.460332,0.460332,13.151365,1.185423,1.18734,5.0,5.0,18.100895,0.0,1.0,0.0,0.0,0.0,8419.0,0.341603,1.0
8441.0,0.449417,0.456083,0.460244,0.460244,13.151724,1.165138,1.167198,5.0,5.0,17.862688,0.0,1.0,0.0,0.0,0.0,8429.0,0.343306,1.0
8451.0,0.449332,0.455996,0.460157,0.460157,13.150787,1.210715,1.212695,5.0,5.0,18.397736,0.0,1.0,0.0,0.0,0.0,8439.0,0.334779,1.0
8461.0,0.449247,0.45591,0.46007,0.46007,13.151847,1.154615,1.156503,5.0,5.0,17.739041,0.0,1.0,0.0,0.0,0.0,8449.0,0.335622,1.0
8471.0,0.449164,0.455825,0.459981,0.459981,13.152625,1.113111,1.115097,5.0,5.0,17.251656,0.0,1.0,0.0,0.0,0.0,8459.0,0.343755,1.0
8481.0,0.44908,0.45574,0.459897,0.459897,13.151693,1.159071,1.160968,5.0,5.0,17.791299,0.0,1.0,0.0,0.0,0.0,8469.0,0.340026,1.0
8491.0,0.448996,0.455654,0.459807,0.459807,13.151734,1.155093,1.15723,5.0,5.0,17.744543,0.0,1.0,0.0,0.0,0.0,8479.0,0.336441,1.0
8501.0,0.448913,0.455569,0.45972,0.45972,13.151928,1.143495,1.145477,5.0,5.0,17.608335,0.0,1.0,0.0,0.0,0.0,8489.0,0.33186,1.0
8511.0,0.44883,0.455484,0.459633,0.459633,13.151804,1.148507,1.150668,5.0,5.0,17.667159,0.0,1.0,0.0,0.0,0.0,8499.0,0.342919,1.0
8521.0,0.448747,0.455399,0.459544,0.459544,13.152,1.136874,1.138749,5.0,5.0,17.530532,0.0,1.0,0.0,0.0,0.0,8509.0,0.341047,1.0
8531.0,0.448663,0.455314,0.459457,0.459457,13.151717,1.14957,1.151395,5.0,5.0,17.679573,0.0,1.0,0.0,0.0,0.0,8519.0,0.331211,1.0
8541.0,0.448579,0.455228,0.459369,0.459369,13.151065,1.181032,1.183042,5.0,5.0,18.048926,0.0,1.0,0.0,0.0,0.0,8529.0,0.331245,1.0
8551.0,0.448496,0.455143,0.459282,0.459282,13.151021,1.181545,1.183519,5.0,5.0,18.054916,0.0,1.0,0.0,0.0,0.0,8539.0,0.336901,1.0
8561.0,0.448412,0.455057,0.459196,0.459196,13.150596,1.201332,1.203475,5.0,5.0,18.287181,0.0,1.0,0.0,0.0,0.0,8549.0,0.337767,1.0
8571.0,0.448328,0.454971,0.459108,0.459108,13.150323,1.213381,1.21527,5.0,5.0,18.428591,0.0,1.0,0.0,0.0,0.0,8558.0,0.339596,1.0
8581.0,0.448244,0.454886,0.459021,0.459021,13.149617,1.247774,1.249762,5.0,5.0,18.832284,0.0,1.0,0.0,0.0,0.0,8568.0,0.349186,1.0
8591.0,0.448161,0.454801,0.458933,0.458933,13.151217,1.164417,1.16645,5.0,5.0,17.853673,0.0,1.0,0.0,0.0,0.0,8578.0,0.328118,1.0
8601.0,0.448078,0.454716,0.458848,0.458848,13.151293,1.15909,1.161155,5.0,5.0,17.791106,0.0,1.0,0.0,0.0,0.0,8588.0,0.340067,1.0
8611.0,0.447994,0.45463,0.458764,0.458764,13.151717,1.135502,1.137357,5.0,5.0,17.514099,0.0,1.0,0.0,0.0,0.0,8598.0,0.339388,1.0
8621.0,0.44791,0.454545,0.458678,0.458678,13.151089,1.165696,1.167779,5.0,5.0,17.868585,0.0,1.0,0.0,0.0,0.0,8608.0,0.325535,1.0
8631.0,0.447827,0.45446,0.458592,0.458592,13.15044,1.197301,1.199301,5.0,5.0,18.239607,0.0,1.0,0.0,0.0,0.0,8618.0,0.332525,1.0
8641.0,0.447745,0.454376,0.458504,0.458504,13.150894,1.172931,1.174798,5.0,5.0,17.953468,0.0,1.0,0.0,0.0,0.0,8628.0,0.331939,1.0
8651.0,0.44766,0.454289,0.458415,0.458415,13.150484,1.191692,1.193819,5.0,5.0,18.173686,0.0,1.0,0.0,0.0,0.0,8638.0,0.336127,1.0
8661.0,0.447577,0.454204,0.458331,0.458331,13.151347,1.146064,1.147969,5.0,5.0,17.637948,0.0,1.0,0.0,0.0,0.0,8648.0,0.328475,1.0
8671.0,0.447493,0.454119,0.458246,0.458246,13.150514,1.186758,1.188918,5.0,5.0,18.115695,0.0,1.0,0.0,0.0,0.0,8658.0,0.336855,1.0
8681.0,0.44741,0.454034,0.458158,0.458158,13.150467,1.187677,1.189562,5.0,5.0,18.12645,0.0,1.0,0.0,0.0,0.0,8668.0,0.338524,1.0
8691.0,0.447327,0.453949,0.45807,0.45807,13.150875,1.165314,1.167385,5.0,5.0,17.863864,0.0,1.0,0.0,0.0,0.0,8678.0,0.332617,1.0
8701.0,0.447243,0.453864,0.457984,0.457984,13.150757,1.169699,1.171704,5.0,5.0,17.915318,0.0,1.0,0.0,0.0,0.0,8688.0,0.338058,1.0
8711.0,0.44716,0.453779,0.457899,0.457899,13.150231,1.194804,1.196872,5.0,5.0,18.210018,0.0,1.0,0.0,0.0,0.0,8698.0,0.343371,1.0
8721.0,0.447075,0.453693,0.457809,0.457809,13.150406,1.183902,1.185907,5.0,5.0,18.081983,0.0,1.0,0.0,0.0,0.0,8708.0,0.333985,1.0
8731.0,0.446992,0.453607,0.457722,0.457722,13.15096,1.15382,1.15588,5.0,5.0,17.728773,0.0,1.0,0.0,0.0,0.0,8718.0,0.335205,1.0
8741.0,0.446908,0.453522,0.457637,0.457637,13.150518,1.174603,1.176604,5.0,5.0,17.972746,0.0,1.0,0.0,0.0,0.0,8728.0,0.338611,1.0
8751.0,0.446825,0.453437,0.457551,0.457551,13.150125,1.193089,1.194982,5.0,5.0,18.18973,0.0,1.0,0.0,0.0,0.0,8738.0,0.335417,1.0
8761.0,0.446742,0.453353,0.457466,0.457466,13.150221,1.186803,1.188815,5.0,5.0,18.115909,0.0,1.0,0.0,0.0,0.0,8748.0,0.32754,1.0
8771.0,0.446659,0.453268,0.457379,0.457379,13.150289,1.181703,1.183686,5.0,5.0,18.055996,0.0,1.0,0.0,0.0,0.0,8758.0,0.343435,1.0
8781.0,0.446576,0.453183,0.457293,0.457293,13.150205,1.184708,1.186738,5.0,5.0,18.091249,0.0,1.0,0.0,0.0,0.0,8768.0,0.331095,1.0
8791.0,0.446494,0.453099,0.457206,0.457206,13.151351,1.124757,1.126746,5.0,5.0,17.387355,0.0,1.0,0.0,0.0,0.0,8778.0,0.338453,1.0
8801.0,0.44641,0.453014,0.457122,0.457122,13.149688,1.207852,1.209809,5.0,5.0,18.362879,0.0,1.0,0.0,0.0,0.0,8788.0,0.341098,1.0
8811.0,0.446327,0.452929,0.457035,0.457035,13.151343,1.121695,1.123777,5.0,5.0,17.351339,0.0,1.0,0.0,0.0,0.0,8798.0,0.339173,1.0
8821.0,0.446242,0.452842,0.456949,0.456949,13.1498,1.198256,1.200236,5.0,5.0,18.250146,0.0,1.0,0.0,0.0,0.0,8808.0,0.343518,1.0
8831.0,0.446159,0.452757,0.456864,0.456864,13.150329,1.169588,1.171455,5.0,5.0,17.913565,0.0,1.0,0.0,0.0,0.0,8818.0,0.337927,1.0
8841.0,0.446076,0.452673,0.456781,0.456781,13.150336,1.168006,1.169959,5.0,5.0,17.894963,0.0,1.0,0.0,0.0,0.0,8828.0,0.329531,1.0
8851.0,0.445992,0.452587,0.456695,0.456695,13.150281,1.168814,1.170873,5.0,5.0,17.904407,0.0,1.0,0.0,0.0,0.0,8838.0,0.344447,1.0
8861.0,0.445909,0.452503,0.456611,0.456611,13.149808,1.19156,1.19357,5.0,5.0,18.171418,0.0,1.0,0.0,0.0,0.0,8848.0,0.342524,1.0
8871.0,0.445827,0.452419,0.456526,0.456526,13.151269,1.1158,1.117942,5.0,5.0,17.281929,0.0,1.0,0.0,0.0,0.0,8858.0,0.337404,1.0
8881.0,0.445745,0.452334,0.45644,0.45644,13.151102,1.1228,1.124898,5.0,5.0,17.364085,0.0,1.0,0.0,0.0,0.0,8868.0,0.329231,1.0
8891.0,0.445662,0.45225,0.456355,0.456355,13.151054,1.123708,1.12577,5.0,5.0,17.374722,0.0,1.0,0.0,0.0,0.0,8878.0,0.347828,1.0
8901.0,0.445579,0.452165,0.456267,0.456267,13.150075,1.172107,1.174071,5.0,5.0,17.942921,0.0,1.0,0.0,0.0,0.0,8888.0,0.330828,1.0
8911.0,0.445495,0.452079,0.456182,0.456182,13.149172,1.216187,1.218219,5.0,5.0,18.460333,0.0,1.0,0.0,0.0,0.0,8898.0,0.335419,1.0
8921.0,0.445411,0.451994,0.456097,0.456097,13.149781,1.18347,1.185471,5.0,5.0,18.076244,0.0,1.0,0.0,0.0,0.0,8908.0,0.338875,1.0
8931.0,0.445328,0.451909,0.456012,0.456012,13.15007,1.166967,1.169087,5.0,5.0,17.882468,0.0,1.0,0.0,0.0,0.0,8918.0,0.337166,1.0
8941.0,0.445245,0.451824,0.455927,0.455927,13.149429,1.198029,1.20009,5.0,5.0,18.247086,0.0,1.0,0.0,0.0,0.0,8928.0,0.336986,1.0
8951.0,0.445161,0.451739,0.45584,0.45584,13.149331,1.201254,1.203309,5.0,5.0,18.284905,0.0,1.0,0.0,0.0,0.0,8938.0,0.334573,1.0
8961.0,0.445077,0.451653,0.455752,0.455752,13.149412,1.195144,1.197225,5.0,5.0,18.213135,0.0,1.0,0.0,0.0,0.0,8948.0,0.336846,1.0
8971.0,0.444995,0.451569,0.455666,0.455666,13.149906,1.168536,1.170375,5.0,5.0,17.900748,0.0,1.0,0.0,0.0,0.0,8958.0,0.339327,1.0
8981.0,0.444912,0.451484,0.455577,0.455577,13.149351,1.195203,1.197204,5.0,5.0,18.213763,0.0,1.0,0.0,0.0,0.0,8968.0,0.340288,1.0
8991.0,0.444828,0.451399,0.455491,0.455491,13.149431,1.189405,1.191597,5.0,5.0,18.145671,0.0,1.0,0.0,0.0,0.0,8978.0,0.339401,1.0
9001.0,0.444744,0.451313,0.455403,0.455403,13.148561,1.231708,1.233731,5.0,5.0,18.642178,0.0,1.0,0.0,0.0,0.0,8988.0,0.334751,1.0
9011.0,0.444661,0.451228,0.455316,0.455316,13.150483,1.132124,1.134097,5.0,5.0,17.473118,0.0,1.0,0.0,0.0,0.0,8998.0,0.339324,1.0
9021.0,0.444578,0.451143,0.455228,0.455228,13.148455,1.234006,1.236036,5.0,5.0,18.669083,0.0,1.0,0.0,0.0,0.0,9008.0,0.341498,1.0
9031.0,0.444494,0.451058,0.455141,0.455141,13.149025,1.203055,1.205116,5.0,5.0,18.30575,0.0,1.0,0.0,0.0,0.0,9018.0,0.336761,1.0
9041.0,0.444411,0.450973,0.455057,0.455057,13.149935,1.155127,1.157189,5.0,5.0,17.743084,0.0,1.0,0.0,0.0,0.0,9028.0,0.333882,1.0
9051.0,0.444327,0.450887,0.454971,0.454971,13.148865,1.207663,1.209622,5.0,5.0,18.359764,0.0,1.0,0.0,0.0,0.0,9038.0,0.348922,1.0
9061.0,0.444244,0.450802,0.454887,0.454887,13.148891,1.204681,1.206715,5.0,5.0,18.32473,0.0,1.0,0.0,0.0,0.0,9048.0,0.328902,1.0
9071.0,0.44416,0.450717,0.454802,0.454802,13.14869,1.213099,1.215104,5.0,5.0,18.423495,0.0,1.0,0.0,0.0,0.0,9058.0,0.336108,1.0
9081.0,0.444077,0.450632,0.454715,0.454715,13.14948,1.171042,1.173095,5.0,5.0,17.929773,0.0,1.0,0.0,0.0,0.0,9068.0,0.33832,1.0
9091.0,0.443993,0.450546,0.454627,0.454627,13.149019,1.192728,1.194608,5.0,5.0,18.184312,0.0,1.0,0.0,0.0,0.0,9078.0,0.333944,1.0
9101.0,0.443909,0.45046,0.45454,0.45454,13.149843,1.148745,1.150689,5.0,5.0,17.667939,0.0,1.0,0.0,0.0,0.0,9088.0,0.341039,1.0
9111.0,0.443827,0.450376,0.454455,0.454455,13.149774,1.150993,1.152745,5.0,5.0,17.694301,0.0,1.0,0.0,0.0,0.0,9098.0,0.331723,1.0
9121.0,0.443742,0.45029,0.454367,0.454367,13.149628,1.156415,1.158476,5.0,5.0,17.757919,0.0,1.0,0.0,0.0,0.0,9108.0,0.337599,1.0
9131.0,0.443659,0.450206,0.454282,0.454282,13.1493,1.171644,1.173593,5.0,5.0,17.936665,0.0,1.0,0.0,0.0,0.0,9118.0,0.343041,1.0
9141.0,0.443575,0.45012,0.454196,0.454196,13.14885,1.192636,1.194546,5.0,5.0,18.18305,0.0,1.0,0.0,0.0,0.0,9128.0,0.333818,1.0
9151.0,0.443491,0.450034,0.454111,0.454111,13.14962,1.151333,1.153243,5.0,5.0,17.698143,0.0,1.0,0.0,0.0,0.0,9138.0,0.33675,1.0
9161.0,0.443408,0.449949,0.454024,0.454024,13.148038,1.230543,1.232402,5.0,5.0,18.627907,0.0,1.0,0.0,0.0,0.0,9148.0,0.327703,1.0
9171.0,0.443325,0.449864,0.453938,0.453938,13.149473,1.155601,1.157645,5.0,5.0,17.748188,0.0,1.0,0.0,0.0,0.0,9158.0,0.333715,1.0
9181.0,0.443241,0.449778,0.453852,0.453852,13.148612,1.197668,1.199717,5.0,5.0,18.241959,0.0,1.0,0.0,0.0,0.0,9168.0,0.327039,1.0
9191.0,0.443158,0.449693,0.453766,0.453766,13.148977,1.17745,1.179408,5.0,5.0,18.004602,0.0,1.0,0.0,0.0,0.0,9178.0,0.344064,1.0
9201.0,0.443074,0.449608,0.453679,0.453679,13.149284,1.160021,1.161985,5.0,5.0,17.799968,0.0,1.0,0.0,0.0,0.0,9188.0,0.324521,1.0
9211.0,0.442991,0.449523,0.453595,0.453595,13.149049,1.170538,1.172493,5.0,5.0,17.923403,0.0,1.0,0.0,0.0,0.0,9198.0,0.345837,1.0
9221.0,0.442909,0.449439,0.453509,0.453509,13.148364,1.20414,1.206071,5.0,5.0,18.317794,0.0,1.0,0.0,0.0,0.0,9208.0,0.336272,1.0
9231.0,0.442826,0.449355,0.453424,0.453424,13.150371,1.100407,1.102492,5.0,5.0,17.099999,0.0,1.0,0.0,0.0,0.0,9218.0,0.341765,1.0
9241.0,0.442741,0.449268,0.453334,0.453334,13.149196,1.158036,1.160013,5.0,5.0,17.776531,0.0,1.0,0.0,0.0,0.0,9228.0,0.341199,1.0
9251.0,0.442658,0.449183,0.453247,0.453247,13.14904,1.164181,1.166201,5.0,5.0,17.848631,0.0,1.0,0.0,0.0,0.0,9238.0,0.3342,1.0
9261.0,0.442574,0.449098,0.453168,0.453168,13.148629,1.183617,1.1857,5.0,5.0,18.076752,0.0,1.0,0.0,0.0,0.0,9248.0,0.323596,1.0
9271.0,0.44249,0.449012,0.453082,0.453082,13.148804,1.172716,1.174632,5.0,5.0,17.948753,0.0,1.0,0.0,0.0,0.0,9258.0,0.340911,1.0
9281.0,0.442407,0.448927,0.452997,0.452997,13.147653,1.229771,1.231966,5.0,5.0,18.618403,0.0,1.0,0.0,0.0,0.0,9268.0,0.340732,1.0
9291.0,0.442324,0.448843,0.452913,0.452913,13.14864,1.178019,1.179968,5.0,5.0,18.010938,0.0,1.0,0.0,0.0,0.0,9278.0,0.341327,1.0
9301.0,0.44224,0.448757,0.452827,0.452827,13.148529,1.181818,1.183706,5.0,5.0,18.055498,0.0,1.0,0.0,0.0,0.0,9288.0,0.333628,1.0
9311.0,0.442156,0.448671,0.452742,0.452742,13.14765,1.224687,1.22665,5.0,5.0,18.558621,0.0,1.0,0.0,0.0,0.0,9298.0,0.332292,1.0
9321.0,0.442073,0.448586,0.452653,0.452653,13.148363,1.186636,1.188649,5.0,5.0,18.11197,0.0,1.0,0.0,0.0,0.0,9308.0,0.334461,1.0
9331.0,0.441988,0.448499,0.452564,0.452564,13.147261,1.240629,1.242701,5.0,5.0,18.745643,0.0,1.0,0.0,0.0,0.0,9318.0,0.333003,1.0
9341.0,0.441905,0.448414,0.452477,0.452477,13.149084,1.145964,1.147823,5.0,5.0,17.634454,0.0,1.0,0.0,0.0,0.0,9328.0,0.340877,1.0
9351.0,0.441822,0.44833,0.452391,0.452391,13.148796,1.159121,1.161155,5.0,5.0,17.788883,0.0,1.0,0.0,0.0,0.0,9338.0,0.340767,1.0
9361.0,0.441737,0.448244,0.452304,0.452304,13.147895,1.203146,1.20495,5.0,5.0,18.305604,0.0,1.0,0.0,0.0,0.0,9348.0,0.333087,1.0
9371.0,0.441655,0.448159,0.452218,0.452218,13.150095,1.089438,1.091445,5.0,5.0,16.970729,0.0,1.0,0.0,0.0,0.0,9358.0,0.339139,1.0
9381.0,0.441571,0.448073,0.452131,0.452131,13.147839,1.202668,1.204513,5.0,5.0,18.299922,0.0,1.0,0.0,0.0,0.0,9368.0,0.339303,1.0
9391.0,0.441488,0.447989,0.452046,0.452046,13.148341,1.175634,1.177622,5.0,5.0,17.982579,0.0,1.0,0.0,0.0,0.0,9378.0,0.347123,1.0
9401.0,0.441403,0.447903,0.451958,0.451958,13.14768,1.20729,1.209352,5.0,5.0,18.354104,0.0,1.0,0.0,0.0,0.0,9388.0,0.328559,1.0
9411.0,0.44132,0.447818,0.451873,0.451873,13.148267,1.175774,1.177747,5.0,5.0,17.98415,0.0,1.0,0.0,0.0,0.0,9398.0,0.339026,1.0
9421.0,0.441237,0.447733,0.451788,0.451788,13.149137,1.129882,1.131771,5.0,5.0,17.4454,0.0,1.0,0.0,0.0,0.0,9408.0,0.331112,1.0
9431.0,0.441154,0.447648,0.451706,0.451706,13.147651,1.204116,1.206071,5.0,5.0,18.316754,0.0,1.0,0.0,0.0,0.0,9418.0,0.331824,1.0
9441.0,0.441071,0.447563,0.451621,0.451621,13.149172,1.124939,1.126954,5.0,5.0,17.387309,0.0,1.0,0.0,0.0,0.0,9428.0,0.340767,1.0
9451.0,0.440986,0.447477,0.451537,0.451537,13.148386,1.16291,1.164727,5.0,5.0,17.833009,0.0,1.0,0.0,0.0,0.0,9438.0,0.333994,1.0
9461.0,0.4409,0.447389,0.45145,0.45145,13.147908,1.184702,1.186697,5.0,5.0,18.088746,0.0,1.0,0.0,0.0,0.0,9448.0,0.332433,1.0
9471.0,0.440816,0.447303,0.451365,0.451365,13.147391,1.209134,1.211117,5.0,5.0,18.37547,0.0,1.0,0.0,0.0,0.0,9458.0,0.339484,1.0
9481.0,0.440733,0.447218,0.451279,0.451279,13.147383,1.208004,1.210016,5.0,5.0,18.362173,0.0,1.0,0.0,0.0,0.0,9468.0,0.324873,1.0
9491.0,0.44065,0.447133,0.451195,0.451195,13.148994,1.124171,1.126186,5.0,5.0,17.378099,0.0,1.0,0.0,0.0,0.0,9478.0,0.331992,1.0
9501.0,0.440567,0.447048,0.451113,0.451113,13.147879,1.179567,1.181422,5.0,5.0,18.028335,0.0,1.0,0.0,0.0,0.0,9488.0,0.33092,1.0
9511.0,0.440484,0.446964,0.451028,0.451028,13.147535,1.195726,1.197682,5.0,5.0,18.21797,0.0,1.0,0.0,0.0,0.0,9498.0,0.332016,1.0
9521.0,0.440399,0.446878,0.450939,0.450939,13.147918,1.174179,1.176397,5.0,5.0,17.965023,0.0,1.0,0.0,0.0,0.0,9508.0,0.332982,1.0
9531.0,0.440316,0.446793,0.450856,0.450856,13.148266,1.154854,1.156836,5.0,5.0,17.738154,0.0,1.0,0.0,0.0,0.0,9518.0,0.337707,1.0
9541.0,0.440233,0.446708,0.450771,0.450771,13.14756,1.189281,1.191307,5.0,5.0,18.142226,0.0,1.0,0.0,0.0,0.0,9528.0,0.339923,1.0
9551.0,0.44015,0.446623,0.450689,0.450689,13.148162,1.15721,1.159244,5.0,5.0,17.765755,0.0,1.0,0.0,0.0,0.0,9538.0,0.339321,1.0
9561.0,0.440065,0.446537,0.450611,0.450611,13.14757,1.18516,1.187216,5.0,5.0,18.093774,0.0,1.0,0.0,0.0,0.0,9547.0,0.339205,1.0
9571.0,0.439981,0.44645,0.450516,0.450516,13.147823,1.170226,1.172223,5.0,5.0,17.918445,0.0,1.0,0.0,0.0,0.0,9557.0,0.338771,1.0
9581.0,0.439897,0.446365,0.450433,0.450433,13.14864,1.126728,1.128698,5.0,5.0,17.407806,0.0,1.0,0.0,0.0,0.0,9567.0,0.337681,1.0
9591.0,0.439814,0.44628,0.450351,0.450351,13.147402,1.188451,1.190476,5.0,5.0,18.132288,0.0,1.0,0.0,0.0,0.0,9577.0,0.332441,1.0
9601.0,0.439731,0.446195,0.450267,0.450267,13.147679,1.172864,1.174964,5.0,5.0,17.949308,0.0,1.0,0.0,0.0,0.0,9587.0,0.346201,1.0
9611.0,0.439648,0.446111,0.450182,0.450182,13.147982,1.15593,1.157978,5.0,5.0,17.750508,0.0,1.0,0.0,0.0,0.0,9597.0,0.34182,1.0
9621.0,0.439565,0.446026,0.450098,0.450098,13.147619,1.172779,1.17459,5.0,5.0,17.948249,0.0,1.0,0.0,0.0,0.0,9607.0,0.337578,1.0
9631.0,0.43948,0.445939,0.45001,0.45001,13.147652,1.16905,1.170935,5.0,5.0,17.904444,0.0,1.0,0.0,0.0,0.0,9617.0,0.33277,1.0
9641.0,0.439397,0.445854,0.449927,0.449927,13.14656,1.223194,1.225113,5.0,5.0,18.539881,0.0,1.0,0.0,0.0,0.0,9627.0,0.330624,1.0
9651.0,0.439314,0.44577,0.449842,0.449842,13.147863,1.155252,1.157334,5.0,5.0,17.742421,0.0,1.0,0.0,0.0,0.0,9637.0,0.337572,1.0
9661.0,0.439231,0.445685,0.449756,0.449756,13.147538,1.170157,1.172161,5.0,5.0,17.917332,0.0,1.0,0.0,0.0,0.0,9647.0,0.341684,1.0
9671.0,0.439147,0.445599,0.44967,0.44967,13.147107,1.190392,1.192532,5.0,5.0,18.154803,0.0,1.0,0.0,0.0,0.0,9657.0,0.339996,1.0
9681.0,0.439063,0.445514,0.449584,0.449584,13.147035,1.192408,1.19438,5.0,5.0,18.178427,0.0,1.0,0.0,0.0,0.0,9667.0,0.341371,1.0
9691.0,0.43898,0.445428,0.449495,0.449495,13.146821,1.201552,1.203621,5.0,5.0,18.285708,0.0,1.0,0.0,0.0,0.0,9677.0,0.332909,1.0
9701.0,0.438896,0.445343,0.44941,0.44941,13.147335,1.173385,1.175359,5.0,5.0,17.955073,0.0,1.0,0.0,0.0,0.0,9687.0,0.340412,1.0
9711.0,0.438813,0.445258,0.449325,0.449325,13.147572,1.159928,1.16184,5.0,5.0,17.797103,0.0,1.0,0.0,0.0,0.0,9697.0,0.333764,1.0
9721.0,0.438731,0.445174,0.449239,0.449239,13.147695,1.152372,1.154364,5.0,5.0,17.70838,0.0,1.0,0.0,0.0,0.0,9707.0,0.335876,1.0
9731.0,0.438646,0.445088,0.449152,0.449152,13.146422,1.215367,1.217492,5.0,5.0,18.447704,0.0,1.0,0.0,0.0,0.0,9717.0,0.335262,1.0
9741.0,0.438563,0.445003,0.449064,0.449064,13.147362,1.165701,1.167488,5.0,5.0,17.864763,0.0,1.0,0.0,0.0,0.0,9727.0,0.335908,1.0
9751.0,0.438479,0.444917,0.448976,0.448976,13.14757,1.153131,1.155237,5.0,5.0,17.717182,0.0,1.0,0.0,0.0,0.0,9737.0,0.333975,1.0
9761.0,0.438393,0.44483,0.448887,0.448887,13.146906,1.184696,1.1868,5.0,5.0,18.087612,0.0,1.0,0.0,0.0,0.0,9747.0,0.33152,1.0
9771.0,0.438311,0.444745,0.448802,0.448802,13.148063,1.124209,1.126289,5.0,5.0,17.377605,0.0,1.0,0.0,0.0,0.0,9757.0,0.348261,1.0
9781.0,0.438226,0.444659,0.448712,0.448712,13.146462,1.203719,1.205656,5.0,5.0,18.310796,0.0,1.0,0.0,0.0,0.0,9767.0,0.332591,1.0
9791.0,0.438143,0.444574,0.448628,0.448628,13.146337,1.208641,1.210722,5.0,5.0,18.368535,0.0,1.0,0.0,0.0,0.0,9777.0,0.33728,1.0
9801.0,0.438059,0.444489,0.448544,0.448544,13.145254,1.262167,1.264173,5.0,5.0,18.996619,0.0,1.0,0.0,0.0,0.0,9787.0,0.346799,1.0
9811.0,0.437974,0.444402,0.448454,0.448454,13.146436,1.199783,1.201939,5.0,5.0,18.264501,0.0,1.0,0.0,0.0,0.0,9797.0,0.33686,1.0
9821.0,0.437891,0.444317,0.448368,0.448368,13.147456,1.146008,1.147969,5.0,5.0,17.633302,0.0,1.0,0.0,0.0,0.0,9807.0,0.340921,1.0
9831.0,0.437807,0.444232,0.448283,0.448283,13.146565,1.189869,1.191805,5.0,5.0,18.148077,0.0,1.0,0.0,0.0,0.0,9817.0,0.344447,1.0
9841.0,0.437723,0.444146,0.448199,0.448199,13.147013,1.165271,1.167239,5.0,5.0,17.859333,0.0,1.0,0.0,0.0,0.0,9827.0,0.32709,1.0
9851.0,0.43764,0.444061,0.448118,0.448118,13.147071,1.16058,1.162484,5.0,5.0,17.804246,0.0,1.0,0.0,0.0,0.0,9836.0,0.340813,1.0
9861.0,0.437557,0.443976,0.448037,0.448037,13.147531,1.135726,1.137856,5.0,5.0,17.512491,0.0,1.0,0.0,0.0,0.0,9846.0,0.346878,1.0
9871.0,0.437473,0.44389,0.447951,0.447951,13.146042,1.209869,1.211802,5.0,5.0,18.382655,0.0,1.0,0.0,0.0,0.0,9856.0,0.332783,1.0
9881.0,0.43739,0.443806,0.447869,0.447869,13.147319,1.143281,1.145373,5.0,5.0,17.601098,0.0,1.0,0.0,0.0,0.0,9866.0,0.348848,1.0
9891.0,0.437306,0.44372,0.447783,0.447783,13.146485,1.183935,1.186053,5.0,5.0,18.078223,0.0,1.0,0.0,0.0,0.0,9876.0,0.341441,1.0
9901.0,0.437222,0.443635,0.447698,0.447698,13.1476,1.125326,1.12739,5.0,5.0,17.390275,0.0,1.0,0.0,0.0,0.0,9886.0,0.331317,1.0
9911.0,0.437139,0.443549,0.447613,0.447613,13.146424,1.18368,1.185845,5.0,5.0,18.075163,0.0,1.0,0.0,0.0,0.0,9896.0,0.333613,1.0
9921.0,0.437057,0.443465,0.447529,0.447529,13.147161,1.144819,1.146868,5.0,5.0,17.61902,0.0,1.0,0.0,0.0,0.0,9906.0,0.330728,1.0
9931.0,0.436973,0.44338,0.447444,0.447444,13.146587,1.172305,1.174362,5.0,5.0,17.941596,0.0,1.0,0.0,0.0,0.0,9916.0,0.328139,1.0
9941.0,0.436888,0.443293,0.447357,0.447357,13.146327,1.183499,1.185471,5.0,5.0,18.072934,0.0,1.0,0.0,0.0,0.0,9926.0,0.335053,1.0
9951.0,0.436806,0.443209,0.447273,0.447273,13.146819,1.157111,1.159244,5.0,5.0,17.763195,0.0,1.0,0.0,0.0,0.0,9936.0,0.346923,1.0
9961.0,0.436723,0.443124,0.447189,0.447189,13.147372,1.127402,1.129446,5.0,5.0,17.414453,0.0,1.0,0.0,0.0,0.0,9946.0,0.336748,1.0
9971.0,0.436639,0.443039,0.447103,0.447103,13.145531,1.219621,1.221687,5.0,5.0,18.496751,0.0,1.0,0.0,0.0,0.0,9956.0,0.336492,1.0
9981.0,0.436555,0.442953,0.447017,0.447017,13.146013,1.193021,1.195065,5.0,5.0,18.184541,0.0,1.0,0.0,0.0,0.0,9966.0,0.334991,1.0
9991.0,0.436472,0.442868,0.446933,0.446933,13.146589,1.162165,1.16429,5.0,5.0,17.822374,0.0,1.0,0.0,0.0,0.0,9976.0,0.328241,1.0
10001.0,0.436389,0.442783,0.446848,0.446848,13.146446,1.167942,1.169918,5.0,5.0,17.890154,0.0,1.0,0.0,0.0,0.0,9986.0,0.329373,1.0
10011.0,0.436305,0.442698,0.446765,0.446765,13.146683,1.154117,1.15613,5.0,5.0,17.72785,0.0,1.0,0.0,0.0,0.0,9996.0,0.320458,1.0
10021.0,0.436222,0.442613,0.446681,0.446681,13.146226,1.175757,1.177705,5.0,5.0,17.981803,0.0,1.0,0.0,0.0,0.0,10006.0,0.332586,1.0
10031.0,0.436138,0.442528,0.446597,0.446597,13.145454,1.213559,1.215436,5.0,5.0,18.425394,0.0,1.0,0.0,0.0,0.0,10016.0,0.325978,1.0
10041.0,0.436053,0.442441,0.446508,0.446508,13.144559,1.257028,1.259106,5.0,5.0,18.935422,0.0,1.0,0.0,0.0,0.0,10026.0,0.345021,1.0
10051.0,0.435969,0.442355,0.446419,0.446419,13.144976,1.233764,1.235537,5.0,5.0,18.662401,0.0,1.0,0.0,0.0,0.0,10036.0,0.326238,1.0
10061.0,0.435886,0.44227,0.446332,0.446332,13.146702,1.144049,1.146017,5.0,5.0,17.609505,0.0,1.0,0.0,0.0,0.0,10046.0,0.343993,1.0
10071.0,0.435803,0.442186,0.446252,0.446252,13.146459,1.155061,1.157085,5.0,5.0,17.738718,0.0,1.0,0.0,0.0,0.0,10056.0,0.340218,1.0
10081.0,0.435719,0.4421,0.446169,0.446169,13.145194,1.217888,1.219714,5.0,5.0,18.476007,0.0,1.0,0.0,0.0,0.0,10066.0,0.33599,1.0
10091.0,0.435636,0.442015,0.446085,0.446085,13.146253,1.162168,1.164062,5.0,5.0,17.822063,0.0,1.0,0.0,0.0,0.0,10076.0,0.322249,1.0
10101.0,0.435553,0.441931,0.446001,0.446001,13.146954,1.125078,1.127099,5.0,5.0,17.386711,0.0,1.0,0.0,0.0,0.0,10086.0,0.334107,1.0
10111.0,0.435469,0.441845,0.445914,0.445914,13.146695,1.136259,1.138292,5.0,5.0,17.51791,0.0,1.0,0.0,0.0,0.0,10096.0,0.341022,1.0
10121.0,0.435386,0.441759,0.445828,0.445828,13.145567,1.19218,1.194255,5.0,5.0,18.174185,0.0,1.0,0.0,0.0,0.0,10106.0,0.343323,1.0
10131.0,0.435303,0.441675,0.445744,0.445744,13.146486,1.143801,1.145684,5.0,5.0,17.606363,0.0,1.0,0.0,0.0,0.0,10116.0,0.334818,1.0
10141.0,0.435219,0.44159,0.445657,0.445657,13.145836,1.175309,1.177414,5.0,5.0,17.97612,0.0,1.0,0.0,0.0,0.0,10126.0,0.335308,1.0
10151.0,0.435137,0.441506,0.445575,0.445575,13.145441,1.194241,1.196311,5.0,5.0,18.198278,0.0,1.0,0.0,0.0,0.0,10136.0,0.342731,1.0
10161.0,0.435053,0.44142,0.445486,0.445486,13.146217,1.152627,1.154697,5.0,5.0,17.709852,0.0,1.0,0.0,0.0,0.0,10146.0,0.335624,1.0
10171.0,0.434969,0.441335,0.445402,0.445402,13.144989,1.213611,1.215582,5.0,5.0,18.425505,0.0,1.0,0.0,0.0,0.0,10156.0,0.336256,1.0
10181.0,0.434884,0.441248,0.445316,0.445316,13.145104,1.205447,1.207317,5.0,5.0,18.329649,0.0,1.0,0.0,0.0,0.0,10166.0,0.333556,1.0
10191.0,0.4348,0.441161,0.445231,0.445231,13.145443,1.186049,1.188088,5.0,5.0,18.101968,0.0,1.0,0.0,0.0,0.0,10176.0,0.337017,1.0
10201.0,0.434716,0.441076,0.445147,0.445147,13.145484,1.182276,1.184412,5.0,5.0,18.057655,0.0,1.0,0.0,0.0,0.0,10186.0,0.329282,1.0
10211.0,0.434632,0.44099,0.445061,0.445061,13.144713,1.219842,1.221811,5.0,5.0,18.498447,0.0,1.0,0.0,0.0,0.0,10196.0,0.332931,1.0
10221.0,0.434549,0.440906,0.444977,0.444977,13.146856,1.108917,1.111027,5.0,5.0,17.196596,0.0,1.0,0.0,0.0,0.0,10206.0,0.339126,1.0
10231.0,0.434465,0.44082,0.444892,0.444892,13.145649,1.168804,1.170873,5.0,5.0,17.899458,0.0,1.0,0.0,0.0,0.0,10216.0,0.33378,1.0
10241.0,0.434383,0.440736,0.44481,0.44481,13.145878,1.155912,1.158019,5.0,5.0,17.748124,0.0,1.0,0.0,0.0,0.0,10226.0,0.333265,1.0
10251.0,0.4343,0.440651,0.444727,0.444727,13.14596,1.150063,1.15208,5.0,5.0,17.67945,0.0,1.0,0.0,0.0,0.0,10236.0,0.342679,1.0
10261.0,0.434215,0.440565,0.44464,0.44464,13.145444,1.174404,1.176459,5.0,5.0,17.965073,0.0,1.0,0.0,0.0,0.0,10246.0,0.336514,1.0
10271.0,0.434132,0.440479,0.444555,0.444555,13.144325,1.229736,1.231654,5.0,5.0,18.614335,0.0,1.0,0.0,0.0,0.0,10256.0,0.33916,1.0
10281.0,0.434048,0.440394,0.44447,0.44447,13.144949,1.196005,1.198076,5.0,5.0,18.21849,0.0,1.0,0.0,0.0,0.0,10266.0,0.328814,1.0
10291.0,0.433964,0.440308,0.444384,0.444384,13.144987,1.192237,1.194193,5.0,5.0,18.17423,0.0,1.0,0.0,0.0,0.0,10276.0,0.341321,1.0
10301.0,0.433881,0.440223,0.444301,0.444301,13.143781,1.252289,1.254185,5.0,5.0,18.878836,0.0,1.0,0.0,0.0,0.0,10286.0,0.34717,1.0
10311.0,0.433797,0.440138,0.444216,0.444216,13.144909,1.193135,1.19519,5.0,5.0,18.184711,0.0,1.0,0.0,0.0,0.0,10296.0,0.340131,1.0
10321.0,0.433714,0.440053,0.444132,0.444132,13.145565,1.157899,1.15993,5.0,5.0,17.771163,0.0,1.0,0.0,0.0,0.0,10306.0,0.334369,1.0
10331.0,0.433631,0.439969,0.444049,0.444049,13.14589,1.140068,1.142092,5.0,5.0,17.561863,0.0,1.0,0.0,0.0,0.0,10316.0,0.322219,1.0
10341.0,0.433549,0.439885,0.443969,0.443969,13.144807,1.194116,1.19602,5.0,5.0,18.196126,0.0,1.0,0.0,0.0,0.0,10326.0,0.336795,1.0
10351.0,0.433467,0.439801,0.443885,0.443885,13.144639,1.201466,1.203371,5.0,5.0,18.282348,0.0,1.0,0.0,0.0,0.0,10336.0,0.337585,1.0
10361.0,0.433384,0.439716,0.443799,0.443799,13.145168,1.172782,1.174756,5.0,5.0,17.945718,0.0,1.0,0.0,0.0,0.0,10346.0,0.338419,1.0
10371.0,0.433299,0.43963,0.443713,0.443713,13.144612,1.199053,1.201004,5.0,5.0,18.253954,0.0,1.0,0.0,0.0,0.0,10356.0,0.341143,1.0
10381.0,0.433215,0.439544,0.443628,0.443628,13.145397,1.157229,1.159203,5.0,5.0,17.763117,0.0,1.0,0.0,0.0,0.0,10366.0,0.329832,1.0
10391.0,0.433133,0.43946,0.443545,0.443545,13.146399,1.104607,1.106541,5.0,5.0,17.145465,0.0,1.0,0.0,0.0,0.0,10376.0,0.325955,1.0
10401.0,0.433049,0.439375,0.443462,0.443462,13.144744,1.187443,1.189541,5.0,5.0,18.117619,0.0,1.0,0.0,0.0,0.0,10386.0,0.339431,1.0
10411.0,0.432966,0.439289,0.443378,0.443378,13.144797,1.183057,1.185035,5.0,5.0,18.066112,0.0,1.0,0.0,0.0,0.0,10396.0,0.328402,1.0
10421.0,0.432883,0.439204,0.443296,0.443296,13.145092,1.166264,1.168153,5.0,5.0,17.869013,0.0,1.0,0.0,0.0,0.0,10406.0,0.335774,1.0
10431.0,0.432799,0.439119,0.443212,0.443212,13.145046,1.166954,1.168921,5.0,5.0,17.877074,0.0,1.0,0.0,0.0,0.0,10416.0,0.33875,1.0
10441.0,0.432716,0.439034,0.443128,0.443128,13.144668,1.184537,1.186489,5.0,5.0,18.083372,0.0,1.0,0.0,0.0,0.0,10426.0,0.345478,1.0
10451.0,0.432632,0.438949,0.443043,0.443043,13.145664,1.131987,1.133993,5.0,5.0,17.466634,0.0,1.0,0.0,0.0,0.0,10436.0,0.331474,1.0
10461.0,0.432549,0.438864,0.44296,0.44296,13.144927,1.168123,1.170188,5.0,5.0,17.890691,0.0,1.0,0.0,0.0,0.0,10446.0,0.331109,1.0
10471.0,0.432466,0.438779,0.442881,0.442881,13.143591,1.234629,1.236534,5.0,5.0,18.671046,0.0,1.0,0.0,0.0,0.0,10456.0,0.336884,1.0
10481.0,0.432383,0.438694,0.442796,0.442796,13.143609,1.231965,1.234208,5.0,5.0,18.639754,0.0,1.0,0.0,0.0,0.0,10466.0,0.338162,1.0
10491.0,0.432299,0.438609,0.44271,0.44271,13.144818,1.16851,1.170541,5.0,5.0,17.895129,0.0,1.0,0.0,0.0,0.0,10476.0,0.345026,1.0
10501.0,0.432214,0.438522,0.442623,0.442623,13.144951,1.159381,1.161425,5.0,5.0,17.787953,0.0,1.0,0.0,0.0,0.0,10486.0,0.339294,1.0
10511.0,0.43213,0.438436,0.442537,0.442537,13.144042,1.203804,1.205676,5.0,5.0,18.309195,0.0,1.0,0.0,0.0,0.0,10496.0,0.333535,1.0
10521.0,0.432047,0.438351,0.442451,0.442451,13.14416,1.196184,1.19818,5.0,5.0,18.21975,0.0,1.0,0.0,0.0,0.0,10506.0,0.337341,1.0
10531.0,0.431963,0.438266,0.442368,0.442368,13.144291,1.187822,1.189853,5.0,5.0,18.121589,0.0,1.0,0.0,0.0,0.0,10516.0,0.335561,1.0
10541.0,0.43188,0.43818,0.442284,0.442284,13.143826,1.209758,1.211719,5.0,5.0,18.378948,0.0,1.0,0.0,0.0,0.0,10526.0,0.34215,1.0
10551.0,0.431795,0.438094,0.442196,0.442196,13.143868,1.205579,1.207691,5.0,5.0,18.329878,0.0,1.0,0.0,0.0,0.0,10536.0,0.338388,1.0
10561.0,0.431712,0.438009,0.442114,0.442114,13.144835,1.154578,1.156483,5.0,5.0,17.731363,0.0,1.0,0.0,0.0,0.0,10546.0,0.342565,1.0
10571.0,0.431629,0.437924,0.442029,0.442029,13.143966,1.197425,1.19953,5.0,5.0,18.234128,0.0,1.0,0.0,0.0,0.0,10556.0,0.332182,1.0
10581.0,0.431545,0.437838,0.441943,0.441943,13.143689,1.209628,1.21174,5.0,5.0,18.37727,0.0,1.0,0.0,0.0,0.0,10566.0,0.340343,1.0
10591.0,0.431462,0.437754,0.441854,0.441854,13.145806,1.100171,1.102201,5.0,5.0,17.092738,0.0,1.0,0.0,0.0,0.0,10576.0,0.344561,1.0
10601.0,0.431378,0.437669,0.44177,0.44177,13.144846,1.147451,1.149464,5.0,5.0,17.647595,0.0,1.0,0.0,0.0,0.0,10586.0,0.332559,1.0
10611.0,0.431295,0.437584,0.441687,0.441687,13.143397,1.219685,1.221666,5.0,5.0,18.495178,0.0,1.0,0.0,0.0,0.0,10596.0,0.340619,1.0
10621.0,0.431212,0.437499,0.441604,0.441604,13.145491,1.111227,1.113165,5.0,5.0,17.222396,0.0,1.0,0.0,0.0,0.0,10606.0,0.321157,1.0
10631.0,0.431128,0.437414,0.441518,0.441518,13.144002,1.185641,1.187756,5.0,5.0,18.095649,0.0,1.0,0.0,0.0,0.0,10616.0,0.340657,1.0
10641.0,0.431045,0.437329,0.441435,0.441435,13.143652,1.202003,1.20389,5.0,5.0,18.287608,0.0,1.0,0.0,0.0,0.0,10626.0,0.3339,1.0
10651.0,0.430962,0.437244,0.44135,0.44135,13.143338,1.216343,1.21826,5.0,5.0,18.455823,0.0,1.0,0.0,0.0,0.0,10636.0,0.343345,1.0
10661.0,0.430879,0.437159,0.441265,0.441265,13.144078,1.176836,1.178826,5.0,5.0,17.992224,0.0,1.0,0.0,0.0,0.0,10646.0,0.337087,1.0
10671.0,0.430795,0.437074,0.441181,0.441181,13.143665,1.19629,1.198159,5.0,5.0,18.220468,0.0,1.0,0.0,0.0,0.0,10656.0,0.33814,1.0
10681.0,0.430712,0.436989,0.441097,0.441097,13.145125,1.120228,1.122199,5.0,5.0,17.327847,0.0,1.0,0.0,0.0,0.0,10666.0,0.343979,1.0
10691.0,0.430628,0.436903,0.441011,0.441011,13.143304,1.211263,1.213152,5.0,5.0,18.396079,0.0,1.0,0.0,0.0,0.0,10676.0,0.325584,1.0
10701.0,0.430544,0.436817,0.440928,0.440928,13.142958,1.22699,1.229058,5.0,5.0,18.580554,0.0,1.0,0.0,0.0,0.0,10686.0,0.345984,1.0
10711.0,0.43046,0.436731,0.440842,0.440842,13.143866,1.178541,1.18055,5.0,5.0,18.012046,0.0,1.0,0.0,0.0,0.0,10696.0,0.345109,1.0
10721.0,0.430377,0.436646,0.440756,0.440756,13.144348,1.152374,1.154427,5.0,5.0,17.704958,0.0,1.0,0.0,0.0,0.0,10706.0,0.333002,1.0
10731.0,0.430292,0.436559,0.440671,0.440671,13.143638,1.186332,1.188254,5.0,5.0,18.103389,0.0,1.0,0.0,0.0,0.0,10716.0,0.337968,1.0
10741.0,0.430208,0.436475,0.440591,0.440591,13.143542,1.189715,1.191784,5.0,5.0,18.14305,0.0,1.0,0.0,0.0,0.0,10726.0,0.333843,1.0
10751.0,0.430125,0.436389,0.440506,0.440506,13.144054,1.161808,1.164,5.0,5.0,17.815544,0.0,1.0,0.0,0.0,0.0,10736.0,0.341803,1.0
10761.0,0.430042,0.436305,0.440425,0.440425,13.143962,1.165219,1.167281,5.0,5.0,17.855543,0.0,1.0,0.0,0.0,0.0,10746.0,0.330208,1.0
10771.0,0.429959,0.43622,0.440345,0.440345,13.143937,1.164959,1.166948,5.0,5.0,17.852463,0.0,1.0,0.0,0.0,0.0,10756.0,0.33403,1.0
10781.0,0.429876,0.436136,0.44026,0.44026,13.143179,1.2022,1.20441,5.0,5.0,18.289417,0.0,1.0,0.0,0.0,0.0,10766.0,0.337897,1.0
10791.0,0.429792,0.436049,0.440174,0.440174,13.143454,1.18601,1.188046,5.0,5.0,18.099406,0.0,1.0,0.0,0.0,0.0,10776.0,0.347778,1.0
10801.0,0.429708,0.435964,0.440091,0.440091,13.143585,1.177513,1.17947,5.0,5.0,17.999662,0.0,1.0,0.0,0.0,0.0,10786.0,0.333007,1.0
10811.0,0.429624,0.435878,0.440006,0.440006,13.143331,1.188648,1.190704,5.0,5.0,18.130284,0.0,1.0,0.0,0.0,0.0,10796.0,0.330133,1.0
10821.0,0.42954,0.435792,0.43992,0.43992,13.143128,1.196991,1.199094,5.0,5.0,18.228128,0.0,1.0,0.0,0.0,0.0,10806.0,0.328358,1.0
10831.0,0.429455,0.435706,0.439833,0.439833,13.143467,1.17773,1.179761,5.0,5.0,18.002096,0.0,1.0,0.0,0.0,0.0,10816.0,0.328797,1.0
10841.0,0.42937,0.435618,0.439743,0.439743,13.143159,1.190966,1.192926,5.0,5.0,18.157346,0.0,1.0,0.0,0.0,0.0,10826.0,0.341096,1.0
10851.0,0.429285,0.435532,0.439657,0.439657,13.14257,1.219111,1.221043,5.0,5.0,18.487526,0.0,1.0,0.0,0.0,0.0,10836.0,0.348267,1.0
10861.0,0.429203,0.435448,0.439574,0.439574,13.143049,1.193517,1.195377,5.0,5.0,18.187207,0.0,1.0,0.0,0.0,0.0,10846.0,0.33789,1.0
10871.0,0.429121,0.435364,0.43949,0.43949,13.143933,1.147125,1.149215,5.0,5.0,17.642821,0.0,1.0,0.0,0.0,0.0,10856.0,0.333971,1.0
10881.0,0.429038,0.435279,0.439405,0.439405,13.142742,1.206379,1.20848,5.0,5.0,18.338059,0.0,1.0,0.0,0.0,0.0,10866.0,0.341112,1.0
10891.0,0.428956,0.435196,0.439324,0.439324,13.142994,1.192424,1.194463,5.0,5.0,18.174307,0.0,1.0,0.0,0.0,0.0,10876.0,0.334769,1.0
10901.0,0.428871,0.43511,0.439238,0.439238,13.144161,1.130915,1.132831,5.0,5.0,17.452515,0.0,1.0,0.0,0.0,0.0,10886.0,0.341054,1.0
10911.0,0.428787,0.435024,0.439152,0.439152,13.143165,1.17976,1.181775,5.0,5.0,18.025635,0.0,1.0,0.0,0.0,0.0,10896.0,0.329602,1.0
10921.0,0.428704,0.434939,0.43907,0.43907,13.143264,1.173275,1.175275,5.0,5.0,17.949513,0.0,1.0,0.0,0.0,0.0,10906.0,0.336706,1.0
10931.0,0.428621,0.434854,0.438984,0.438984,13.143855,1.141696,1.143629,5.0,5.0,17.578932,0.0,1.0,0.0,0.0,0.0,10916.0,0.341863,1.0
10941.0,0.428538,0.434769,0.438901,0.438901,13.14407,1.128933,1.130858,5.0,5.0,17.429122,0.0,1.0,0.0,0.0,0.0,10926.0,0.337458,1.0
10951.0,0.428454,0.434684,0.438818,0.438818,13.143264,1.168303,1.170416,5.0,5.0,17.891076,0.0,1.0,0.0,0.0,0.0,10936.0,0.328711,1.0
10961.0,0.42837,0.434598,0.438733,0.438733,13.143699,1.144318,1.146328,5.0,5.0,17.609589,0.0,1.0,0.0,0.0,0.0,10946.0,0.328586,1.0
10971.0,0.428286,0.434512,0.438649,0.438649,13.142507,1.203091,1.205282,5.0,5.0,18.299162,0.0,1.0,0.0,0.0,0.0,10956.0,0.333448,1.0
10981.0,0.428203,0.434427,0.438564,0.438564,13.143327,1.15975,1.161632,5.0,5.0,17.7906,0.0,1.0,0.0,0.0,0.0,10966.0,0.333042,1.0
10991.0,0.428118,0.434341,0.43848,0.43848,13.142541,1.197861,1.19982,5.0,5.0,18.237724,0.0,1.0,0.0,0.0,0.0,10976.0,0.332593,1.0
11001.0,0.428035,0.434256,0.438395,0.438395,13.142622,1.19212,1.194151,5.0,5.0,18.170334,0.0,1.0,0.0,0.0,0.0,10986.0,0.338929,1.0
11011.0,0.427952,0.434171,0.438311,0.438311,13.143753,1.132906,1.135032,5.0,5.0,17.475504,0.0,1.0,0.0,0.0,0.0,10996.0,0.33901,1.0
11021.0,0.427869,0.434086,0.438229,0.438229,13.142531,1.193619,1.195522,5.0,5.0,18.187861,0.0,1.0,0.0,0.0,0.0,11006.0,0.328995,1.0
11031.0,0.427785,0.434,0.438145,0.438145,13.142982,1.168717,1.17079,5.0,5.0,17.895645,0.0,1.0,0.0,0.0,0.0,11016.0,0.333944,1.0
11041.0,0.427701,0.433915,0.43806,0.43806,13.14265,1.183944,1.185783,5.0,5.0,18.074266,0.0,1.0,0.0,0.0,0.0,11026.0,0.344984,1.0
11051.0,0.427618,0.43383,0.437976,0.437976,13.142448,1.192646,1.194629,5.0,5.0,18.176328,0.0,1.0,0.0,0.0,0.0,11036.0,0.333244,1.0
11061.0,0.427534,0.433744,0.437891,0.437891,13.143338,1.145465,1.14747,5.0,5.0,17.622702,0.0,1.0,0.0,0.0,0.0,11046.0,0.339376,1.0
11071.0,0.42745,0.433659,0.437808,0.437808,13.143264,1.14751,1.149381,5.0,5.0,17.64666,0.0,1.0,0.0,0.0,0.0,11056.0,0.343633,1.0
11081.0,0.427367,0.433574,0.437726,0.437726,13.141809,1.220086,1.222143,5.0,5.0,18.498158,0.0,1.0,0.0,0.0,0.0,11066.0,0.334554,1.0
11091.0,0.427283,0.433488,0.43764,0.43764,13.142983,1.158493,1.160449,5.0,5.0,17.775468,0.0,1.0,0.0,0.0,0.0,11076.0,0.338279,1.0
11101.0,0.4272,0.433404,0.437557,0.437557,13.142618,1.175663,1.177622,5.0,5.0,17.976908,0.0,1.0,0.0,0.0,0.0,11086.0,0.333112,1.0
11111.0,0.427116,0.433318,0.437472,0.437472,13.142623,1.173527,1.175442,5.0,5.0,17.951801,0.0,1.0,0.0,0.0,0.0,11096.0,0.343852,1.0
11121.0,0.427033,0.433233,0.437391,0.437391,13.142429,1.181789,1.183769,5.0,5.0,18.048702,0.0,1.0,0.0,0.0,0.0,11106.0,0.332923,1.0
11131.0,0.42695,0.433149,0.437307,0.437307,13.142938,1.154505,1.156483,5.0,5.0,17.728544,0.0,1.0,0.0,0.0,0.0,11116.0,0.329751,1.0
11141.0,0.426868,0.433064,0.437226,0.437226,13.142216,1.189996,1.191909,5.0,5.0,18.14494,0.0,1.0,0.0,0.0,0.0,11126.0,0.339918,1.0
11151.0,0.426784,0.432979,0.437142,0.437142,13.142264,1.185826,1.187797,5.0,5.0,18.095982,0.0,1.0,0.0,0.0,0.0,11136.0,0.325391,1.0
11161.0,0.426701,0.432894,0.437058,0.437058,13.142525,1.170937,1.172887,5.0,5.0,17.921259,0.0,1.0,0.0,0.0,0.0,11146.0,0.34401,1.0
11171.0,0.426618,0.432809,0.436972,0.436972,13.141672,1.212648,1.214606,5.0,5.0,18.410586,0.0,1.0,0.0,0.0,0.0,11156.0,0.326427,1.0
11181.0,0.426534,0.432724,0.436888,0.436888,13.14159,1.215247,1.217264,5.0,5.0,18.441043,0.0,1.0,0.0,0.0,0.0,11166.0,0.334485,1.0
11191.0,0.426451,0.432639,0.436806,0.436806,13.142333,1.17573,1.177726,5.0,5.0,17.977396,0.0,1.0,0.0,0.0,0.0,11176.0,0.342566,1.0
11201.0,0.426367,0.432553,0.436723,0.436723,13.141498,1.216425,1.218323,5.0,5.0,18.454784,0.0,1.0,0.0,0.0,0.0,11186.0,0.344012,1.0
11211.0,0.426283,0.432468,0.436639,0.436639,13.142682,1.154069,1.156109,5.0,5.0,17.723156,0.0,1.0,0.0,0.0,0.0,11196.0,0.341318,1.0
11221.0,0.426201,0.432383,0.436556,0.436556,13.142525,1.160672,1.162588,5.0,5.0,17.800607,0.0,1.0,0.0,0.0,0.0,11206.0,0.336662,1.0
11231.0,0.426118,0.432298,0.436473,0.436473,13.142393,1.165875,1.167883,5.0,5.0,17.861624,0.0,1.0,0.0,0.0,0.0,11216.0,0.333445,1.0
11241.0,0.426035,0.432214,0.43639,0.43639,13.14237,1.1656,1.167447,5.0,5.0,17.858373,0.0,1.0,0.0,0.0,0.0,11226.0,0.331552,1.0
11251.0,0.425951,0.432128,0.436303,0.436303,13.140995,1.233943,1.235828,5.0,5.0,18.660109,0.0,1.0,0.0,0.0,0.0,11236.0,0.320734,1.0
11261.0,0.425867,0.432043,0.436219,0.436219,13.142024,1.179615,1.181567,5.0,5.0,18.022732,0.0,1.0,0.0,0.0,0.0,11246.0,0.339532,1.0
11271.0,0.425783,0.431957,0.436132,0.436132,13.143241,1.115572,1.117672,5.0,5.0,17.27123,0.0,1.0,0.0,0.0,0.0,11256.0,0.339164,1.0
11281.0,0.425701,0.431873,0.436048,0.436048,13.141186,1.219033,1.221043,5.0,5.0,18.485099,0.0,1.0,0.0,0.0,0.0,11266.0,0.338228,1.0
11291.0,0.425617,0.431787,0.435961,0.435961,13.141596,1.196228,1.198138,5.0,5.0,18.217527,0.0,1.0,0.0,0.0,0.0,11276.0,0.33611,1.0
11301.0,0.425533,0.431702,0.435877,0.435877,13.141326,1.208156,1.210286,5.0,5.0,18.35742,0.0,1.0,0.0,0.0,0.0,11286.0,0.339439,1.0
11311.0,0.425447,0.431614,0.43579,0.43579,13.141402,1.201647,1.2036,5.0,5.0,18.280998,0.0,1.0,0.0,0.0,0.0,11296.0,0.344906,1.0
11321.0,0.425362,0.431528,0.435707,0.435707,13.141273,1.206195,1.208251,5.0,5.0,18.334316,0.0,1.0,0.0,0.0,0.0,11306.0,0.341413,1.0
11331.0,0.425279,0.431442,0.435622,0.435622,13.142388,1.147648,1.149526,5.0,5.0,17.647385,0.0,1.0,0.0,0.0,0.0,11316.0,0.330557,1.0
11341.0,0.425195,0.431357,0.435533,0.435533,13.142541,1.138022,1.140015,5.0,5.0,17.534403,0.0,1.0,0.0,0.0,0.0,11326.0,0.33836,1.0
11351.0,0.425111,0.431271,0.435447,0.435447,13.142159,1.155684,1.157812,5.0,5.0,17.741597,0.0,1.0,0.0,0.0,0.0,11336.0,0.330138,1.0
11361.0,0.425028,0.431186,0.435364,0.435364,13.140965,1.215037,1.217035,5.0,5.0,18.437897,0.0,1.0,0.0,0.0,0.0,11346.0,0.337745,1.0
11371.0,0.424945,0.431102,0.435281,0.435281,13.141579,1.18234,1.18435,5.0,5.0,18.054281,0.0,1.0,0.0,0.0,0.0,11356.0,0.339891,1.0
11381.0,0.424862,0.431017,0.435194,0.435194,13.142453,1.136168,1.138375,5.0,5.0,17.51252,0.0,1.0,0.0,0.0,0.0,11366.0,0.339664,1.0
11391.0,0.424778,0.430931,0.435111,0.435111,13.141293,1.193517,1.195605,5.0,5.0,18.185342,0.0,1.0,0.0,0.0,0.0,11376.0,0.335502,1.0
11401.0,0.424695,0.430846,0.435027,0.435027,13.142179,1.146715,1.148758,5.0,5.0,17.636211,0.0,1.0,0.0,0.0,0.0,11386.0,0.341134,1.0
11411.0,0.424612,0.430761,0.434941,0.434941,13.141107,1.199948,1.202001,5.0,5.0,18.260718,0.0,1.0,0.0,0.0,0.0,11396.0,0.32958,1.0
11421.0,0.424528,0.430676,0.434858,0.434858,13.141726,1.166576,1.168589,5.0,5.0,17.869169,0.0,1.0,0.0,0.0,0.0,11406.0,0.344084,1.0
11431.0,0.424445,0.430591,0.434772,0.434772,13.140746,1.21507,1.217097,5.0,5.0,18.438041,0.0,1.0,0.0,0.0,0.0,11416.0,0.331636,1.0
11441.0,0.424362,0.430506,0.43469,0.43469,13.141704,1.164538,1.166658,5.0,5.0,17.845194,0.0,1.0,0.0,0.0,0.0,11426.0,0.338177,1.0
11451.0,0.424278,0.430421,0.434607,0.434607,13.141094,1.19403,1.195979,5.0,5.0,18.191149,0.0,1.0,0.0,0.0,0.0,11436.0,0.333622,1.0
11461.0,0.424196,0.430336,0.434523,0.434523,13.14227,1.132586,1.134658,5.0,5.0,17.470238,0.0,1.0,0.0,0.0,0.0,11445.0,0.330537,1.0
11471.0,0.424113,0.430252,0.434443,0.434443,13.141417,1.174849,1.176854,5.0,5.0,17.966073,0.0,1.0,0.0,0.0,0.0,11455.0,0.333099,1.0
11481.0,0.42403,0.430168,0.434362,0.434362,13.140979,1.195678,1.197495,5.0,5.0,18.210394,0.0,1.0,0.0,0.0,0.0,11465.0,0.341847,1.0
11491.0,0.423947,0.430083,0.434277,0.434277,13.140943,1.195845,1.197952,5.0,5.0,18.212321,0.0,1.0,0.0,0.0,0.0,11475.0,0.337872,1.0
11501.0,0.423864,0.429998,0.434195,0.434195,13.14016,1.234053,1.235932,5.0,5.0,18.660491,0.0,1.0,0.0,0.0,0.0,11485.0,0.328816,1.0
11511.0,0.423781,0.429913,0.434111,0.434111,13.141546,1.161781,1.163564,5.0,5.0,17.812624,0.0,1.0,0.0,0.0,0.0,11495.0,0.340782,1.0
11521.0,0.423697,0.429827,0.434027,0.434027,13.140839,1.196001,1.198076,5.0,5.0,18.21405,0.0,1.0,0.0,0.0,0.0,11505.0,0.329281,1.0
11531.0,0.423614,0.429742,0.433941,0.433941,13.141491,1.161149,1.163252,5.0,5.0,17.805145,0.0,1.0,0.0,0.0,0.0,11515.0,0.329332,1.0
11541.0,0.423531,0.429658,0.433861,0.433861,13.140154,1.227731,1.229557,5.0,5.0,18.586191,0.0,1.0,0.0,0.0,0.0,11525.0,0.343267,1.0
11551.0,0.423447,0.429572,0.433776,0.433776,13.140954,1.185167,1.187091,5.0,5.0,18.086841,0.0,1.0,0.0,0.0,0.0,11535.0,0.33301,1.0
11561.0,0.423364,0.429487,0.433692,0.433692,13.141954,1.132448,1.134367,5.0,5.0,17.468295,0.0,1.0,0.0,0.0,0.0,11545.0,0.337022,1.0
11571.0,0.423281,0.429403,0.433608,0.433608,13.141759,1.140936,1.142881,5.0,5.0,17.567859,0.0,1.0,0.0,0.0,0.0,11555.0,0.331587,1.0
11581.0,0.423197,0.429317,0.433526,0.433526,13.140572,1.199456,1.201274,5.0,5.0,18.25436,0.0,1.0,0.0,0.0,0.0,11565.0,0.342713,1.0
11591.0,0.423113,0.429231,0.433441,0.433441,13.142153,1.116977,1.11898,5.0,5.0,17.286667,0.0,1.0,0.0,0.0,0.0,11575.0,0.330513,1.0
11601.0,0.42303,0.429146,0.433359,0.433359,13.141815,1.132499,1.134533,5.0,5.0,17.468749,0.0,1.0,0.0,0.0,0.0,11585.0,0.344287,1.0
11611.0,0.422947,0.429062,0.433278,0.433278,13.139366,1.255952,1.258006,5.0,5.0,18.916945,0.0,1.0,0.0,0.0,0.0,11595.0,0.336358,1.0
11621.0,0.422864,0.428977,0.433192,0.433192,13.140065,1.218796,1.220814,5.0,5.0,18.481087,0.0,1.0,0.0,0.0,0.0,11605.0,0.336348,1.0
11631.0,0.422781,0.428892,0.433108,0.433108,13.140858,1.176674,1.178598,5.0,5.0,17.986938,0.0,1.0,0.0,0.0,0.0,11615.0,0.341282,1.0
11641.0,0.422697,0.428807,0.433022,0.433022,13.140632,1.186472,1.18842,5.0,5.0,18.101841,0.0,1.0,0.0,0.0,0.0,11625.0,0.345276,1.0
11651.0,0.422613,0.42872,0.432936,0.432936,13.13992,1.220621,1.222559,5.0,5.0,18.502375,0.0,1.0,0.0,0.0,0.0,11635.0,0.338334,1.0
11661.0,0.42253,0.428636,0.432852,0.432852,13.141953,1.115402,1.117277,5.0,5.0,17.267951,0.0,1.0,0.0,0.0,0.0,11645.0,0.331138,1.0
11671.0,0.422447,0.428551,0.43277,0.43277,13.139946,1.216133,1.218011,5.0,5.0,18.449666,0.0,1.0,0.0,0.0,0.0,11655.0,0.337534,1.0
11681.0,0.422364,0.428466,0.432683,0.432683,13.140857,1.168114,1.17025,5.0,5.0,17.886333,0.0,1.0,0.0,0.0,0.0,11665.0,0.340514,1.0
11691.0,0.422281,0.428382,0.432601,0.432601,13.14137,1.140381,1.142466,5.0,5.0,17.560939,0.0,1.0,0.0,0.0,0.0,11675.0,0.340062,1.0
11701.0,0.422198,0.428297,0.43252,0.43252,13.141712,1.121322,1.123424,5.0,5.0,17.337288,0.0,1.0,0.0,0.0,0.0,11685.0,0.332039,1.0
11711.0,0.422115,0.428212,0.432436,0.432436,13.140243,1.194731,1.196768,5.0,5.0,18.198481,0.0,1.0,0.0,0.0,0.0,11695.0,0.337781,1.0
11721.0,0.422031,0.428127,0.432353,0.432353,13.140994,1.154629,1.156711,5.0,5.0,17.728003,0.0,1.0,0.0,0.0,0.0,11705.0,0.34254,1.0
11731.0,0.421947,0.428041,0.432267,0.432267,13.141942,1.104066,1.106001,5.0,5.0,17.13471,0.0,1.0,0.0,0.0,0.0,11715.0,0.334953,1.0
11741.0,0.421863,0.427955,0.432182,0.432182,13.139463,1.228782,1.230886,5.0,5.0,18.597774,0.0,1.0,0.0,0.0,0.0,11725.0,0.334524,1.0
11751.0,0.421779,0.427869,0.432096,0.432096,13.140006,1.199108,1.201129,5.0,5.0,18.24966,0.0,1.0,0.0,0.0,0.0,11735.0,0.342499,1.0
11761.0,0.421695,0.427783,0.432012,0.432012,13.140681,1.16266,1.164664,5.0,5.0,17.822057,0.0,1.0,0.0,0.0,0.0,11745.0,0.334576,1.0
11771.0,0.421612,0.427699,0.431928,0.431928,13.140215,1.18491,1.186883,5.0,5.0,18.083044,0.0,1.0,0.0,0.0,0.0,11755.0,0.338338,1.0
11781.0,0.421529,0.427614,0.431846,0.431846,13.139935,1.197637,1.199779,5.0,5.0,18.232306,0.0,1.0,0.0,0.0,0.0,11765.0,0.334687,1.0
11791.0,0.421446,0.427529,0.431762,0.431762,13.139844,1.200689,1.202603,5.0,5.0,18.268073,0.0,1.0,0.0,0.0,0.0,11775.0,0.338846,1.0
11801.0,0.421361,0.427443,0.431679,0.431679,13.140766,1.151684,1.153534,5.0,5.0,17.693151,0.0,1.0,0.0,0.0,0.0,11785.0,0.323855,1.0
11811.0,0.421278,0.427358,0.431596,0.431596,13.139899,1.194279,1.196228,5.0,5.0,18.192805,0.0,1.0,0.0,0.0,0.0,11795.0,0.328062,1.0
11821.0,0.421194,0.427273,0.431512,0.431512,13.139318,1.222095,1.224075,5.0,5.0,18.519046,0.0,1.0,0.0,0.0,0.0,11805.0,0.340972,1.0
11831.0,0.42111,0.427187,0.431426,0.431426,13.140763,1.146333,1.148301,5.0,5.0,17.630272,0.0,1.0,0.0,0.0,0.0,11815.0,0.331285,1.0
11841.0,0.421026,0.427101,0.431343,0.431343,13.139558,1.205984,1.208064,5.0,5.0,18.32998,0.0,1.0,0.0,0.0,0.0,11825.0,0.337652,1.0
11851.0,0.420943,0.427016,0.431257,0.431257,13.140824,1.139711,1.141614,5.0,5.0,17.552501,0.0,1.0,0.0,0.0,0.0,11835.0,0.340964,1.0
11861.0,0.420859,0.426931,0.431171,0.431171,13.140094,1.175348,1.177394,5.0,5.0,17.970544,0.0,1.0,0.0,0.0,0.0,11845.0,0.326355,1.0
11871.0,0.420776,0.426846,0.431089,0.431089,13.139474,1.2053,1.207192,5.0,5.0,18.321863,0.0,1.0,0.0,0.0,0.0,11855.0,0.332869,1.0
11881.0,0.420693,0.426761,0.431006,0.431006,13.139165,1.219664,1.221645,5.0,5.0,18.490313,0.0,1.0,0.0,0.0,0.0,11865.0,0.336955,1.0
11891.0,0.42061,0.426676,0.430923,0.430923,13.140088,1.171039,1.173054,5.0,5.0,17.919899,0.0,1.0,0.0,0.0,0.0,11875.0,0.34711,1.0
11901.0,0.420527,0.426591,0.430841,0.430841,13.140233,1.162011,1.163917,5.0,5.0,17.813967,0.0,1.0,0.0,0.0,0.0,11885.0,0.331706,1.0
11911.0,0.420443,0.426506,0.430756,0.430756,13.140476,1.147786,1.149775,5.0,5.0,17.647052,0.0,1.0,0.0,0.0,0.0,11895.0,0.342462,1.0
11921.0,0.42036,0.426421,0.430674,0.430674,13.139595,1.191012,1.193134,5.0,5.0,18.15409,0.0,1.0,0.0,0.0,0.0,11905.0,0.344224,1.0
11931.0,0.420277,0.426336,0.43059,0.43059,13.139867,1.175621,1.177663,5.0,5.0,17.973519,0.0,1.0,0.0,0.0,0.0,11915.0,0.333285,1.0
11941.0,0.420194,0.426251,0.430505,0.430505,13.140375,1.148033,1.149921,5.0,5.0,17.649843,0.0,1.0,0.0,0.0,0.0,11925.0,0.33766,1.0
11951.0,0.42011,0.426165,0.430423,0.430423,13.139931,1.168834,1.170956,5.0,5.0,17.893826,0.0,1.0,0.0,0.0,0.0,11935.0,0.332501,1.0
11961.0,0.420027,0.426081,0.430336,0.430336,13.140133,1.156989,1.159016,5.0,5.0,17.75484,0.0,1.0,0.0,0.0,0.0,11945.0,0.335508,1.0
11971.0,0.419943,0.425995,0.430254,0.430254,13.139427,1.190993,1.192843,5.0,5.0,18.153682,0.0,1.0,0.0,0.0,0.0,11955.0,0.353323,1.0
11981.0,0.41986,0.425911,0.430168,0.430168,13.139832,1.169022,1.170956,5.0,5.0,17.895936,0.0,1.0,0.0,0.0,0.0,11965.0,0.342877,1.0
11991.0,0.419777,0.425826,0.430087,0.430087,13.139678,1.175339,1.177248,5.0,5.0,17.970007,0.0,1.0,0.0,0.0,0.0,11975.0,0.340548,1.0
12001.0,0.419694,0.425741,0.430003,0.430003,13.139502,1.18261,1.184641,5.0,5.0,18.055255,0.0,1.0,0.0,0.0,0.0,11985.0,0.32931,1.0
12011.0,0.419609,0.425654,0.429918,0.429918,13.138486,1.232118,1.234001,5.0,5.0,18.635904,0.0,1.0,0.0,0.0,0.0,11995.0,0.331592,1.0
12021.0,0.419524,0.425568,0.429833,0.429833,13.138972,1.20531,1.207296,5.0,5.0,18.321429,0.0,1.0,0.0,0.0,0.0,12005.0,0.342244,1.0
12031.0,0.419441,0.425482,0.42975,0.42975,13.139683,1.167234,1.16915,5.0,5.0,17.874771,0.0,1.0,0.0,0.0,0.0,12015.0,0.340096,1.0
12041.0,0.419357,0.425397,0.429662,0.429662,13.139404,1.179586,1.181484,5.0,5.0,18.019625,0.0,1.0,0.0,0.0,0.0,12025.0,0.335827,1.0
12051.0,0.419273,0.425311,0.429578,0.429578,13.138588,1.219384,1.221479,5.0,5.0,18.48639,0.0,1.0,0.0,0.0,0.0,12035.0,0.339456,1.0
12061.0,0.419189,0.425226,0.429496,0.429496,13.138559,1.219236,1.221334,5.0,5.0,18.484618,0.0,1.0,0.0,0.0,0.0,12045.0,0.340821,1.0
12071.0,0.419107,0.425141,0.429413,0.429413,13.139415,1.174043,1.176002,5.0,5.0,17.9545,0.0,1.0,0.0,0.0,0.0,12055.0,0.337608,1.0
12081.0,0.419022,0.425055,0.429328,0.429328,13.138794,1.203617,1.205593,5.0,5.0,18.301348,0.0,1.0,0.0,0.0,0.0,12065.0,0.334127,1.0
12091.0,0.418938,0.424969,0.429244,0.429244,13.138981,1.192322,1.194442,5.0,5.0,18.168825,0.0,1.0,0.0,0.0,0.0,12075.0,0.334442,1.0
12101.0,0.418857,0.424886,0.42916,0.42916,13.139796,1.149762,1.15181,5.0,5.0,17.669575,0.0,1.0,0.0,0.0,0.0,12085.0,0.337654,1.0
12111.0,0.418773,0.4248,0.429078,0.429078,13.139299,1.173212,1.175338,5.0,5.0,17.944615,0.0,1.0,0.0,0.0,0.0,12095.0,0.336886,1.0
12121.0,0.418691,0.424717,0.428995,0.428995,13.138631,1.206237,1.208251,5.0,5.0,18.331964,0.0,1.0,0.0,0.0,0.0,12105.0,0.342518,1.0
12131.0,0.418607,0.424631,0.428909,0.428909,13.139518,1.159145,1.161093,5.0,5.0,17.779545,0.0,1.0,0.0,0.0,0.0,12115.0,0.344061,1.0
12141.0,0.418524,0.424547,0.428827,0.428827,13.138574,1.205824,1.207774,5.0,5.0,18.327046,0.0,1.0,0.0,0.0,0.0,12125.0,0.331118,1.0
12151.0,0.41844,0.42446,0.428742,0.428742,13.138577,1.203551,1.205593,5.0,5.0,18.300341,0.0,1.0,0.0,0.0,0.0,12135.0,0.346717,1.0
12161.0,0.418354,0.424373,0.428658,0.428658,13.138265,1.217091,1.219049,5.0,5.0,18.459097,0.0,1.0,0.0,0.0,0.0,12145.0,0.329672,1.0
12171.0,0.41827,0.424288,0.428571,0.428571,13.137835,1.237137,1.239254,5.0,5.0,18.694151,0.0,1.0,0.0,0.0,0.0,12155.0,0.331892,1.0
12181.0,0.418187,0.424203,0.428487,0.428487,13.138289,1.212412,1.214481,5.0,5.0,18.404141,0.0,1.0,0.0,0.0,0.0,12165.0,0.339417,1.0
12191.0,0.418104,0.424118,0.428401,0.428401,13.139437,1.152153,1.154136,5.0,5.0,17.697294,0.0,1.0,0.0,0.0,0.0,12175.0,0.343804,1.0
12201.0,0.418019,0.424032,0.428316,0.428316,13.138734,1.186078,1.188046,5.0,5.0,18.095199,0.0,1.0,0.0,0.0,0.0,12185.0,0.341429,1.0
12211.0,0.417936,0.423946,0.428233,0.428233,13.139164,1.16248,1.164643,5.0,5.0,17.818363,0.0,1.0,0.0,0.0,0.0,12195.0,0.332172,1.0
12221.0,0.417853,0.423862,0.428151,0.428151,13.138571,1.191329,1.193487,5.0,5.0,18.156721,0.0,1.0,0.0,0.0,0.0,12205.0,0.332998,1.0
12231.0,0.41777,0.423776,0.428067,0.428067,13.138907,1.172435,1.174299,5.0,5.0,17.935067,0.0,1.0,0.0,0.0,0.0,12215.0,0.34287,1.0
12241.0,0.417687,0.423692,0.427987,0.427987,13.139221,1.154929,1.156815,5.0,5.0,17.729691,0.0,1.0,0.0,0.0,0.0,12225.0,0.341514,1.0
12251.0,0.417602,0.423606,0.427903,0.427903,13.137818,1.224544,1.226608,5.0,5.0,18.54617,0.0,1.0,0.0,0.0,0.0,12235.0,0.338311,1.0
12261.0,0.417518,0.42352,0.427819,0.427819,13.138025,1.212131,1.214066,5.0,5.0,18.400559,0.0,1.0,0.0,0.0,0.0,12245.0,0.336246,1.0
12271.0,0.417435,0.423435,0.427735,0.427735,13.138355,1.193622,1.195501,5.0,5.0,18.183435,0.0,1.0,0.0,0.0,0.0,12255.0,0.335233,1.0
12281.0,0.417351,0.42335,0.427651,0.427651,13.13799,1.210551,1.212571,5.0,5.0,18.381955,0.0,1.0,0.0,0.0,0.0,12265.0,0.33246,1.0
12291.0,0.417267,0.423264,0.427565,0.427565,13.138184,1.198859,1.200838,5.0,5.0,18.244786,0.0,1.0,0.0,0.0,0.0,12275.0,0.33885,1.0
12301.0,0.417183,0.423178,0.42748,0.42748,13.139102,1.150021,1.152122,5.0,5.0,17.671904,0.0,1.0,0.0,0.0,0.0,12285.0,0.33281,1.0
12311.0,0.4171,0.423093,0.427399,0.427399,13.138292,1.189968,1.191867,5.0,5.0,18.140436,0.0,1.0,0.0,0.0,0.0,12295.0,0.346498,1.0
12321.0,0.417016,0.423008,0.427313,0.427313,13.138933,1.155338,1.157272,5.0,5.0,17.734207,0.0,1.0,0.0,0.0,0.0,12305.0,0.34663,1.0
12331.0,0.416933,0.422923,0.427228,0.427228,13.137928,1.205028,1.207068,5.0,5.0,18.316999,0.0,1.0,0.0,0.0,0.0,12315.0,0.336372,1.0
12341.0,0.41685,0.422838,0.427144,0.427144,13.138647,1.16689,1.168797,5.0,5.0,17.869642,0.0,1.0,0.0,0.0,0.0,12325.0,0.332233,1.0
12351.0,0.416766,0.422752,0.427061,0.427061,13.138364,1.179549,1.181443,5.0,5.0,18.018088,0.0,1.0,0.0,0.0,0.0,12335.0,0.332498,1.0
12361.0,0.416681,0.422666,0.426976,0.426976,13.13858,1.166324,1.168236,5.0,5.0,17.862923,0.0,1.0,0.0,0.0,0.0,12345.0,0.329637,1.0
12371.0,0.416597,0.42258,0.42689,0.42689,13.13873,1.156715,1.158788,5.0,5.0,17.750172,0.0,1.0,0.0,0.0,0.0,12355.0,0.339072,1.0
12381.0,0.416513,0.422494,0.42681,0.42681,13.138073,1.188274,1.190227,5.0,5.0,18.120299,0.0,1.0,0.0,0.0,0.0,12365.0,0.335873,1.0
12391.0,0.416429,0.422408,0.426726,0.426726,13.138544,1.162462,1.164623,5.0,5.0,17.817504,0.0,1.0,0.0,0.0,0.0,12375.0,0.328255,1.0
12401.0,0.416346,0.422323,0.426645,0.426645,13.138122,1.182436,1.184309,5.0,5.0,18.051761,0.0,1.0,0.0,0.0,0.0,12385.0,0.337851,1.0
12411.0,0.416262,0.422238,0.426563,0.426563,13.137478,1.213709,1.215768,5.0,5.0,18.418507,0.0,1.0,0.0,0.0,0.0,12394.0,0.326798,1.0
12421.0,0.416178,0.422152,0.426478,0.426478,13.138321,1.168919,1.170832,5.0,5.0,17.893142,0.0,1.0,0.0,0.0,0.0,12404.0,0.339626,1.0
12431.0,0.416094,0.422066,0.426391,0.426391,13.137462,1.21086,1.212882,5.0,5.0,18.385016,0.0,1.0,0.0,0.0,0.0,12414.0,0.327906,1.0
12441.0,0.41601,0.421981,0.426304,0.426304,13.138558,1.153171,1.155154,5.0,5.0,17.708354,0.0,1.0,0.0,0.0,0.0,12424.0,0.32917,1.0
12451.0,0.415927,0.421896,0.426221,0.426221,13.138943,1.132026,1.13389,5.0,5.0,17.460285,0.0,1.0,0.0,0.0,0.0,12434.0,0.339224,1.0
12461.0,0.415844,0.421811,0.426138,0.426138,13.137775,1.189998,1.191971,5.0,5.0,18.140243,0.0,1.0,0.0,0.0,0.0,12444.0,0.334259,1.0
12471.0,0.415761,0.421726,0.426053,0.426053,13.138313,1.1611,1.163024,5.0,5.0,17.801262,0.0,1.0,0.0,0.0,0.0,12454.0,0.337627,1.0
12481.0,0.415677,0.42164,0.425966,0.425966,13.137792,1.185799,1.187797,5.0,5.0,18.090917,0.0,1.0,0.0,0.0,0.0,12464.0,0.334845,1.0
12491.0,0.415593,0.421555,0.425882,0.425882,13.137505,1.198882,1.200921,5.0,5.0,18.244331,0.0,1.0,0.0,0.0,0.0,12474.0,0.329571,1.0
12501.0,0.415511,0.421471,0.425799,0.425799,13.137723,1.186503,1.188399,5.0,5.0,18.099117,0.0,1.0,0.0,0.0,0.0,12484.0,0.327102,1.0
12511.0,0.415425,0.421384,0.425713,0.425713,13.136482,1.24741,1.249243,5.0,5.0,18.813344,0.0,1.0,0.0,0.0,0.0,12494.0,0.338676,1.0
12521.0,0.415342,0.421298,0.425632,0.425632,13.138175,1.159212,1.161217,5.0,5.0,17.778934,0.0,1.0,0.0,0.0,0.0,12504.0,0.337459,1.0
12531.0,0.415258,0.421213,0.425549,0.425549,13.137684,1.182699,1.184662,5.0,5.0,18.054387,0.0,1.0,0.0,0.0,0.0,12514.0,0.341984,1.0
12541.0,0.415175,0.421128,0.425466,0.425466,13.137704,1.180255,1.18219,5.0,5.0,18.025683,0.0,1.0,0.0,0.0,0.0,12524.0,0.330753,1.0
12551.0,0.415092,0.421043,0.425384,0.425384,13.13741,1.19355,1.19546,5.0,5.0,18.181581,0.0,1.0,0.0,0.0,0.0,12534.0,0.34132,1.0
12561.0,0.415008,0.420958,0.4253,0.4253,13.137754,1.174437,1.176355,5.0,5.0,17.957383,0.0,1.0,0.0,0.0,0.0,12544.0,0.332125,1.0
12571.0,0.414925,0.420873,0.425217,0.425217,13.137717,1.174752,1.176854,5.0,5.0,17.961047,0.0,1.0,0.0,0.0,0.0,12554.0,0.339597,1.0
12581.0,0.414843,0.420789,0.425132,0.425132,13.138188,1.149496,1.15154,5.0,5.0,17.664787,0.0,1.0,0.0,0.0,0.0,12564.0,0.337232,1.0
12591.0,0.41476,0.420704,0.425053,0.425053,13.138198,1.147428,1.149422,5.0,5.0,17.640502,0.0,1.0,0.0,0.0,0.0,12574.0,0.334563,1.0
12601.0,0.414676,0.420618,0.424971,0.424971,13.137395,1.186576,1.188462,5.0,5.0,18.099632,0.0,1.0,0.0,0.0,0.0,12584.0,0.332734,1.0
12611.0,0.414592,0.420533,0.424889,0.424889,13.137674,1.170526,1.172576,5.0,5.0,17.911347,0.0,1.0,0.0,0.0,0.0,12594.0,0.340666,1.0
12621.0,0.414509,0.420448,0.424807,0.424807,13.137818,1.161634,1.163564,5.0,5.0,17.807025,0.0,1.0,0.0,0.0,0.0,12604.0,0.334401,1.0
12631.0,0.414426,0.420364,0.424724,0.424724,13.137497,1.176632,1.17839,5.0,5.0,17.982906,0.0,1.0,0.0,0.0,0.0,12614.0,0.340703,1.0
12641.0,0.414343,0.420279,0.424642,0.424642,13.137799,1.159759,1.161736,5.0,5.0,17.784977,0.0,1.0,0.0,0.0,0.0,12624.0,0.333605,1.0
12651.0,0.41426,0.420194,0.424558,0.424558,13.137801,1.157944,1.159992,5.0,5.0,17.763653,0.0,1.0,0.0,0.0,0.0,12634.0,0.330792,1.0
12661.0,0.414176,0.420108,0.424473,0.424473,13.136822,1.206074,1.208168,5.0,5.0,18.328093,0.0,1.0,0.0,0.0,0.0,12644.0,0.339287,1.0
12671.0,0.414092,0.420022,0.42439,0.42439,13.135957,1.248211,1.250198,5.0,5.0,18.822176,0.0,1.0,0.0,0.0,0.0,12654.0,0.338257,1.0
12681.0,0.414009,0.419937,0.424305,0.424305,13.137155,1.185556,1.187382,5.0,5.0,18.087388,0.0,1.0,0.0,0.0,0.0,12664.0,0.329079,1.0
12691.0,0.413924,0.419851,0.424219,0.424219,13.137404,1.17061,1.172721,5.0,5.0,17.912053,0.0,1.0,0.0,0.0,0.0,12674.0,0.329369,1.0
12701.0,0.41384,0.419765,0.424134,0.424134,13.136551,1.212202,1.214107,5.0,5.0,18.399788,0.0,1.0,0.0,0.0,0.0,12684.0,0.335563,1.0
12711.0,0.413756,0.41968,0.424051,0.424051,13.136999,1.187776,1.189708,5.0,5.0,18.113301,0.0,1.0,0.0,0.0,0.0,12694.0,0.347347,1.0
12721.0,0.413674,0.419595,0.423967,0.423967,13.137784,1.146307,1.148467,5.0,5.0,17.626901,0.0,1.0,0.0,0.0,0.0,12704.0,0.328649,1.0
12731.0,0.413589,0.419509,0.423884,0.423884,13.136144,1.228016,1.22991,5.0,5.0,18.585127,0.0,1.0,0.0,0.0,0.0,12714.0,0.33631,1.0
12741.0,0.413505,0.419423,0.423798,0.423798,13.136673,1.198965,1.200734,5.0,5.0,18.244408,0.0,1.0,0.0,0.0,0.0,12724.0,0.33713,1.0
12751.0,0.413421,0.419338,0.423713,0.423713,13.137916,1.13378,1.135696,5.0,5.0,17.479862,0.0,1.0,0.0,0.0,0.0,12734.0,0.333104,1.0
12761.0,0.413338,0.419253,0.423629,0.423629,13.137178,1.169811,1.17187,5.0,5.0,17.902432,0.0,1.0,0.0,0.0,0.0,12744.0,0.347498,1.0
12771.0,0.413254,0.419167,0.423545,0.423545,13.136995,1.177451,1.17947,5.0,5.0,17.992002,0.0,1.0,0.0,0.0,0.0,12754.0,0.338799,1.0
12781.0,0.413172,0.419083,0.423463,0.423463,13.136476,1.202625,1.204493,5.0,5.0,18.287203,0.0,1.0,0.0,0.0,0.0,12764.0,0.326678,1.0
12791.0,0.413088,0.418997,0.42338,0.42338,13.136364,1.206557,1.208563,5.0,5.0,18.333268,0.0,1.0,0.0,0.0,0.0,12774.0,0.339133,1.0
12801.0,0.413004,0.418912,0.423297,0.423297,13.136125,1.216872,1.218904,5.0,5.0,18.454192,0.0,1.0,0.0,0.0,0.0,12784.0,0.328256,1.0
12811.0,0.412919,0.418824,0.423213,0.423213,13.136252,1.207985,1.210016,5.0,5.0,18.349924,0.0,1.0,0.0,0.0,0.0,12794.0,0.334435,1.0
12821.0,0.412835,0.418739,0.423127,0.423127,13.136209,1.208569,1.210535,5.0,5.0,18.356746,0.0,1.0,0.0,0.0,0.0,12804.0,0.347577,1.0
12831.0,0.412752,0.418654,0.423045,0.423045,13.136365,1.198999,1.200921,5.0,5.0,18.24448,0.0,1.0,0.0,0.0,0.0,12814.0,0.336997,1.0
12841.0,0.412668,0.418569,0.42296,0.42296,13.136051,1.213401,1.215415,5.0,5.0,18.413333,0.0,1.0,0.0,0.0,0.0,12824.0,0.343118,1.0
12851.0,0.412584,0.418483,0.422873,0.422873,13.136548,1.186064,1.187922,5.0,5.0,18.092712,0.0,1.0,0.0,0.0,0.0,12834.0,0.332624,1.0
12861.0,0.412501,0.418398,0.422793,0.422793,13.13767,1.127396,1.129446,5.0,5.0,17.4046,0.0,1.0,0.0,0.0,0.0,12844.0,0.341064,1.0
12871.0,0.412417,0.418312,0.422708,0.422708,13.136178,1.201511,1.203434,5.0,5.0,18.273794,0.0,1.0,0.0,0.0,0.0,12854.0,0.328276,1.0
12881.0,0.412333,0.418227,0.42262,0.42262,13.136641,1.176168,1.1781,5.0,5.0,17.976551,0.0,1.0,0.0,0.0,0.0,12864.0,0.333828,1.0
12891.0,0.412249,0.418141,0.422535,0.422535,13.13621,1.196508,1.198491,5.0,5.0,18.215047,0.0,1.0,0.0,0.0,0.0,12874.0,0.33792,1.0
12901.0,0.412166,0.418056,0.422454,0.422454,13.137567,1.12572,1.127743,5.0,5.0,17.384804,0.0,1.0,0.0,0.0,0.0,12884.0,0.341598,1.0
12911.0,0.412082,0.417971,0.422372,0.422372,13.135755,1.216516,1.218551,5.0,5.0,18.449608,0.0,1.0,0.0,0.0,0.0,12894.0,0.344847,1.0
12921.0,0.411999,0.417886,0.422291,0.422291,13.135448,1.230552,1.232506,5.0,5.0,18.614156,0.0,1.0,0.0,0.0,0.0,12904.0,0.34398,1.0
12931.0,0.411916,0.417802,0.422208,0.422208,13.13701,1.149516,1.15152,5.0,5.0,17.663817,0.0,1.0,0.0,0.0,0.0,12914.0,0.337329,1.0
12941.0,0.411833,0.417717,0.422121,0.422121,13.137737,1.110869,1.112771,5.0,5.0,17.210483,0.0,1.0,0.0,0.0,0.0,12924.0,0.346549,1.0
12951.0,0.411751,0.417633,0.422041,0.422041,13.137127,1.14071,1.142715,5.0,5.0,17.560474,0.0,1.0,0.0,0.0,0.0,12934.0,0.347206,1.0
12961.0,0.411668,0.417548,0.421958,0.421958,13.13701,1.145058,1.147055,5.0,5.0,17.611441,0.0,1.0,0.0,0.0,0.0,12944.0,0.32987,1.0
12971.0,0.411585,0.417463,0.421877,0.421877,13.135852,1.202649,1.204576,5.0,5.0,18.286806,0.0,1.0,0.0,0.0,0.0,12954.0,0.336759,1.0
12981.0,0.411502,0.417378,0.421793,0.421793,13.136849,1.150212,1.152143,5.0,5.0,17.67183,0.0,1.0,0.0,0.0,0.0,12964.0,0.325456,1.0
12991.0,0.411417,0.417292,0.421707,0.421707,13.135517,1.216048,1.21797,5.0,5.0,18.443853,0.0,1.0,0.0,0.0,0.0,12974.0,0.331206,1.0
13001.0,0.411334,0.417207,0.421624,0.421624,13.135931,1.193612,1.19573,5.0,5.0,18.180729,0.0,1.0,0.0,0.0,0.0,12984.0,0.339209,1.0
13011.0,0.41125,0.417121,0.421539,0.421539,13.136645,1.155016,1.156981,5.0,5.0,17.72805,0.0,1.0,0.0,0.0,0.0,12994.0,0.339152,1.0
13021.0,0.411164,0.417034,0.421455,0.421455,13.135485,1.211837,1.213796,5.0,5.0,18.394348,0.0,1.0,0.0,0.0,0.0,13004.0,0.346425,1.0
13031.0,0.411082,0.416949,0.421372,0.421372,13.13585,1.191768,1.19384,5.0,5.0,18.158984,0.0,1.0,0.0,0.0,0.0,13014.0,0.334369,1.0
13041.0,0.410998,0.416864,0.421287,0.421287,13.136094,1.177453,1.179449,5.0,5.0,17.991074,0.0,1.0,0.0,0.0,0.0,13024.0,0.345432,1.0
13051.0,0.410913,0.416777,0.421198,0.421198,13.135543,1.203589,1.205489,5.0,5.0,18.297521,0.0,1.0,0.0,0.0,0.0,13034.0,0.337092,1.0
13061.0,0.41083,0.416693,0.421114,0.421114,13.13614,1.171666,1.17376,5.0,5.0,17.923138,0.0,1.0,0.0,0.0,0.0,13044.0,0.339783,1.0
13071.0,0.410746,0.416607,0.421027,0.421027,13.136643,1.144082,1.146121,5.0,5.0,17.599594,0.0,1.0,0.0,0.0,0.0,13054.0,0.340704,1.0
13081.0,0.410662,0.41652,0.420945,0.420945,13.135036,1.224035,1.225964,5.0,5.0,18.537156,0.0,1.0,0.0,0.0,0.0,13064.0,0.342564,1.0
13091.0,0.410577,0.416435,0.42086,0.42086,13.136186,1.163496,1.165536,5.0,5.0,17.827201,0.0,1.0,0.0,0.0,0.0,13074.0,0.330004,1.0
13101.0,0.410494,0.416349,0.420775,0.420775,13.136926,1.123972,1.126102,5.0,5.0,17.363629,0.0,1.0,0.0,0.0,0.0,13084.0,0.332602,1.0
13111.0,0.41041,0.416264,0.420695,0.420695,13.136384,1.149882,1.15181,5.0,5.0,17.667466,0.0,1.0,0.0,0.0,0.0,13094.0,0.342568,1.0
13121.0,0.410327,0.416179,0.420611,0.420611,13.136436,1.145737,1.147782,5.0,5.0,17.618833,0.0,1.0,0.0,0.0,0.0,13104.0,0.34127,1.0
13131.0,0.410243,0.416094,0.420529,0.420529,13.137065,1.112047,1.114058,5.0,5.0,17.223661,0.0,1.0,0.0,0.0,0.0,13114.0,0.336202,1.0
13141.0,0.41016,0.416008,0.420445,0.420445,13.135812,1.174246,1.176148,5.0,5.0,17.953097,0.0,1.0,0.0,0.0,0.0,13124.0,0.330331,1.0
13151.0,0.410077,0.415924,0.420363,0.420363,13.135535,1.187054,1.18896,5.0,5.0,18.103268,0.0,1.0,0.0,0.0,0.0,13134.0,0.329445,1.0
13161.0,0.409995,0.41584,0.42028,0.42028,13.135397,1.192819,1.194837,5.0,5.0,18.170848,0.0,1.0,0.0,0.0,0.0,13144.0,0.337944,1.0
13171.0,0.409911,0.415754,0.420199,0.420199,13.135211,1.2006,1.202499,5.0,5.0,18.262052,0.0,1.0,0.0,0.0,0.0,13154.0,0.339434,1.0
13181.0,0.409828,0.415669,0.420112,0.420112,13.13633,1.141833,1.143816,5.0,5.0,17.572858,0.0,1.0,0.0,0.0,0.0,13164.0,0.338561,1.0
13191.0,0.409745,0.415584,0.420028,0.420028,13.136608,1.126155,1.128158,5.0,5.0,17.38895,0.0,1.0,0.0,0.0,0.0,13174.0,0.334792,1.0
13201.0,0.409661,0.415499,0.419948,0.419948,13.13468,1.222801,1.224801,5.0,5.0,18.522267,0.0,1.0,0.0,0.0,0.0,13184.0,0.333308,1.0
13211.0,0.409577,0.415413,0.419861,0.419861,13.13549,1.17955,1.181671,5.0,5.0,18.015075,0.0,1.0,0.0,0.0,0.0,13194.0,0.344591,1.0
13221.0,0.409493,0.415328,0.419774,0.419774,13.135796,1.162145,1.164,5.0,5.0,17.810924,0.0,1.0,0.0,0.0,0.0,13204.0,0.336602,1.0
13231.0,0.409409,0.415242,0.419691,0.419691,13.13552,1.174296,1.176231,5.0,5.0,17.953383,0.0,1.0,0.0,0.0,0.0,13214.0,0.333163,1.0
13241.0,0.409326,0.415157,0.419609,0.419609,13.136327,1.131607,1.13364,5.0,5.0,17.452719,0.0,1.0,0.0,0.0,0.0,13224.0,0.329932,1.0
13251.0,0.409242,0.415071,0.419525,0.419525,13.135902,1.151291,1.153305,5.0,5.0,17.683533,0.0,1.0,0.0,0.0,0.0,13234.0,0.334492,1.0
13261.0,0.409158,0.414985,0.41944,0.41944,13.135279,1.181343,1.183312,5.0,5.0,18.035908,0.0,1.0,0.0,0.0,0.0,13244.0,0.343658,1.0
13271.0,0.409074,0.4149,0.419355,0.419355,13.135932,1.146265,1.148301,5.0,5.0,17.624517,0.0,1.0,0.0,0.0,0.0,13254.0,0.333246,1.0
13281.0,0.408991,0.414816,0.419275,0.419275,13.135885,1.147331,1.149443,5.0,5.0,17.636984,0.0,1.0,0.0,0.0,0.0,13264.0,0.333251,1.0
13291.0,0.408908,0.41473,0.419192,0.419192,13.135389,1.170958,1.17295,5.0,5.0,17.91403,0.0,1.0,0.0,0.0,0.0,13274.0,0.342412,1.0
13301.0,0.408824,0.414645,0.419108,0.419108,13.135675,1.154578,1.156566,5.0,5.0,17.721908,0.0,1.0,0.0,0.0,0.0,13284.0,0.334684,1.0
13311.0,0.408742,0.414561,0.419028,0.419028,13.134564,1.210014,1.212176,5.0,5.0,18.371936,0.0,1.0,0.0,0.0,0.0,13294.0,0.338251,1.0
13321.0,0.408659,0.414476,0.418946,0.418946,13.134241,1.225057,1.226982,5.0,5.0,18.548284,0.0,1.0,0.0,0.0,0.0,13304.0,0.33416,1.0
13331.0,0.408575,0.414391,0.418862,0.418862,13.134372,1.216542,1.21853,5.0,5.0,18.44841,0.0,1.0,0.0,0.0,0.0,13314.0,0.343229,1.0
13341.0,0.408491,0.414305,0.418778,0.418778,13.134687,1.198631,1.200402,5.0,5.0,18.238363,0.0,1.0,0.0,0.0,0.0,13324.0,0.330393,1.0
13351.0,0.40841,0.414222,0.418695,0.418695,13.135475,1.15746,1.159618,5.0,5.0,17.755561,0.0,1.0,0.0,0.0,0.0,13334.0,0.339708,1.0
13361.0,0.408327,0.414137,0.418611,0.418611,13.134716,1.194689,1.196664,5.0,5.0,18.19208,0.0,1.0,0.0,0.0,0.0,13344.0,0.338486,1.0
13371.0,0.408245,0.414053,0.418528,0.418528,13.136022,1.126809,1.128802,5.0,5.0,17.396037,0.0,1.0,0.0,0.0,0.0,13354.0,0.331998,1.0
13381.0,0.408161,0.413968,0.418446,0.418446,13.134636,1.19574,1.197785,5.0,5.0,18.204342,0.0,1.0,0.0,0.0,0.0,13364.0,0.346275,1.0
13391.0,0.408076,0.413881,0.418363,0.418363,13.133348,1.259064,1.260871,5.0,5.0,18.946731,0.0,1.0,0.0,0.0,0.0,13374.0,0.335069,1.0
13401.0,0.407993,0.413796,0.418278,0.418278,13.135935,1.12538,1.127473,5.0,5.0,17.379167,0.0,1.0,0.0,0.0,0.0,13384.0,0.32787,1.0
13411.0,0.407909,0.413711,0.418195,0.418195,13.13535,1.153552,1.155652,5.0,5.0,17.70952,0.0,1.0,0.0,0.0,0.0,13394.0,0.33322,1.0
13421.0,0.407827,0.413626,0.418113,0.418113,13.134447,1.198245,1.200236,5.0,5.0,18.233568,0.0,1.0,0.0,0.0,0.0,13404.0,0.330528,1.0
13431.0,0.407743,0.413541,0.41803,0.41803,13.133596,1.239698,1.24158,5.0,5.0,18.719545,0.0,1.0,0.0,0.0,0.0,13414.0,0.336663,1.0
13441.0,0.407659,0.413456,0.417946,0.417946,13.134127,1.211024,1.213007,5.0,5.0,18.383321,0.0,1.0,0.0,0.0,0.0,13424.0,0.3247,1.0
13451.0,0.407577,0.413372,0.417862,0.417862,13.134989,1.165672,1.167696,5.0,5.0,17.851518,0.0,1.0,0.0,0.0,0.0,13434.0,0.346444,1.0
13461.0,0.407494,0.413287,0.417779,0.417779,13.135097,1.158576,1.160407,5.0,5.0,17.768271,0.0,1.0,0.0,0.0,0.0,13444.0,0.32886,1.0
13471.0,0.407411,0.413202,0.417696,0.417696,13.134869,1.168507,1.170665,5.0,5.0,17.884694,0.0,1.0,0.0,0.0,0.0,13454.0,0.335546,1.0
13481.0,0.407326,0.413116,0.417612,0.417612,13.134937,1.163049,1.165183,5.0,5.0,17.820655,0.0,1.0,0.0,0.0,0.0,13464.0,0.326542,1.0
13491.0,0.407243,0.413031,0.41753,0.41753,13.135028,1.156624,1.15858,5.0,5.0,17.745269,0.0,1.0,0.0,0.0,0.0,13474.0,0.34202,1.0
13501.0,0.407159,0.412945,0.417445,0.417445,13.134303,1.191812,1.193736,5.0,5.0,18.157845,0.0,1.0,0.0,0.0,0.0,13484.0,0.340744,1.0
13511.0,0.407076,0.41286,0.41736,0.41736,13.135238,1.142349,1.144397,5.0,5.0,17.577802,0.0,1.0,0.0,0.0,0.0,13494.0,0.336341,1.0
13521.0,0.406992,0.412774,0.417278,0.417278,13.133776,1.215162,1.217118,5.0,5.0,18.431553,0.0,1.0,0.0,0.0,0.0,13504.0,0.33438,1.0
13531.0,0.406908,0.412689,0.417192,0.417192,13.134325,1.185292,1.187278,5.0,5.0,18.08129,0.0,1.0,0.0,0.0,0.0,13514.0,0.344804,1.0
13541.0,0.406825,0.412604,0.417109,0.417109,13.134525,1.173473,1.175483,5.0,5.0,17.942674,0.0,1.0,0.0,0.0,0.0,13524.0,0.342247,1.0
13551.0,0.406742,0.412519,0.417029,0.417029,13.134347,1.180938,1.182938,5.0,5.0,18.030164,0.0,1.0,0.0,0.0,0.0,13534.0,0.337083,1.0
13561.0,0.406658,0.412434,0.416945,0.416945,13.134486,1.172036,1.173967,5.0,5.0,17.925747,0.0,1.0,0.0,0.0,0.0,13544.0,0.345041,1.0
13571.0,0.406574,0.412348,0.416863,0.416863,13.134694,1.159684,1.161632,5.0,5.0,17.780869,0.0,1.0,0.0,0.0,0.0,13554.0,0.340141,1.0
13581.0,0.406492,0.412264,0.416778,0.416778,13.134408,1.172747,1.174736,5.0,5.0,17.934017,0.0,1.0,0.0,0.0,0.0,13564.0,0.340913,1.0
13591.0,0.406407,0.412178,0.416694,0.416694,13.134785,1.151482,1.153451,5.0,5.0,17.684618,0.0,1.0,0.0,0.0,0.0,13574.0,0.324684,1.0
13601.0,0.406323,0.412091,0.41661,0.41661,13.133566,1.211675,1.213505,5.0,5.0,18.390369,0.0,1.0,0.0,0.0,0.0,13584.0,0.342203,1.0
13611.0,0.406239,0.412006,0.416528,0.416528,13.133397,1.218565,1.220482,5.0,5.0,18.471113,0.0,1.0,0.0,0.0,0.0,13594.0,0.343348,1.0
13621.0,0.406156,0.411921,0.41645,0.41645,13.132714,1.251786,1.253728,5.0,5.0,18.860541,0.0,1.0,0.0,0.0,0.0,13604.0,0.343182,1.0
13631.0,0.406072,0.411835,0.416363,0.416363,13.134279,1.169899,1.172098,5.0,5.0,17.900434,0.0,1.0,0.0,0.0,0.0,13614.0,0.337813,1.0
13641.0,0.405988,0.41175,0.416281,0.416281,13.133883,1.188488,1.190497,5.0,5.0,18.118356,0.0,1.0,0.0,0.0,0.0,13624.0,0.348574,1.0
13651.0,0.405905,0.411664,0.416196,0.416196,13.134089,1.176126,1.178162,5.0,5.0,17.973368,0.0,1.0,0.0,0.0,0.0,13634.0,0.331249,1.0
13661.0,0.405821,0.411579,0.416112,0.416112,13.133415,1.208653,1.210722,5.0,5.0,18.354709,0.0,1.0,0.0,0.0,0.0,13644.0,0.349499,1.0
13671.0,0.405737,0.411494,0.416031,0.416031,13.1339,1.182367,1.184433,5.0,5.0,18.046477,0.0,1.0,0.0,0.0,0.0,13654.0,0.335538,1.0
13681.0,0.405654,0.411409,0.415947,0.415947,13.133944,1.178436,1.180425,5.0,5.0,18.000356,0.0,1.0,0.0,0.0,0.0,13664.0,0.343503,1.0
13691.0,0.40557,0.411323,0.415861,0.415861,13.133946,1.176601,1.178453,5.0,5.0,17.978807,0.0,1.0,0.0,0.0,0.0,13674.0,0.349959,1.0
13701.0,0.405486,0.411237,0.415776,0.415776,13.133395,1.202741,1.204555,5.0,5.0,18.285251,0.0,1.0,0.0,0.0,0.0,13684.0,0.342154,1.0
13711.0,0.405403,0.411152,0.415693,0.415693,13.132554,1.244092,1.245899,5.0,5.0,18.769995,0.0,1.0,0.0,0.0,0.0,13694.0,0.338455,1.0
13721.0,0.40532,0.411068,0.415611,0.415611,13.134889,1.123547,1.125459,5.0,5.0,17.356578,0.0,1.0,0.0,0.0,0.0,13704.0,0.333117,1.0
13731.0,0.405237,0.410983,0.415529,0.415529,13.133083,1.214107,1.216184,5.0,5.0,18.418409,0.0,1.0,0.0,0.0,0.0,13714.0,0.327012,1.0
13741.0,0.405153,0.410897,0.415445,0.415445,13.133149,1.208879,1.210805,5.0,5.0,18.357074,0.0,1.0,0.0,0.0,0.0,13724.0,0.329441,1.0
13751.0,0.405069,0.410811,0.415358,0.415358,13.134607,1.132591,1.134596,5.0,5.0,17.462541,0.0,1.0,0.0,0.0,0.0,13734.0,0.328262,1.0
13761.0,0.404984,0.410724,0.415273,0.415273,13.134368,1.142434,1.144355,5.0,5.0,17.577908,0.0,1.0,0.0,0.0,0.0,13744.0,0.340936,1.0
13771.0,0.4049,0.410639,0.415192,0.415192,13.133381,1.191079,1.193072,5.0,5.0,18.148252,0.0,1.0,0.0,0.0,0.0,13754.0,0.335458,1.0
13781.0,0.404817,0.410554,0.415107,0.415107,13.133743,1.171212,1.173157,5.0,5.0,17.91529,0.0,1.0,0.0,0.0,0.0,13764.0,0.332544,1.0
13791.0,0.404735,0.41047,0.415026,0.415026,13.133818,1.166107,1.168091,5.0,5.0,17.855402,0.0,1.0,0.0,0.0,0.0,13774.0,0.337761,1.0
13801.0,0.404651,0.410385,0.414944,0.414944,13.133125,1.199831,1.201772,5.0,5.0,18.250783,0.0,1.0,0.0,0.0,0.0,13784.0,0.328868,1.0
13811.0,0.404568,0.4103,0.414859,0.414859,13.132765,1.216373,1.218343,5.0,5.0,18.444676,0.0,1.0,0.0,0.0,0.0,13794.0,0.339999,1.0
13821.0,0.404485,0.410215,0.414773,0.414773,13.133896,1.157268,1.159348,5.0,5.0,17.751664,0.0,1.0,0.0,0.0,0.0,13804.0,0.341354,1.0
13831.0,0.404401,0.41013,0.414689,0.414689,13.133367,1.182466,1.184537,5.0,5.0,18.047076,0.0,1.0,0.0,0.0,0.0,13814.0,0.336464,1.0
13841.0,0.404318,0.410045,0.414607,0.414607,13.132909,1.204461,1.206403,5.0,5.0,18.304931,0.0,1.0,0.0,0.0,0.0,13824.0,0.334662,1.0
13851.0,0.404235,0.40996,0.414523,0.414523,13.132458,1.225605,1.227543,5.0,5.0,18.552769,0.0,1.0,0.0,0.0,0.0,13834.0,0.332179,1.0
13861.0,0.40415,0.409873,0.414435,0.414435,13.133063,1.192458,1.194484,5.0,5.0,18.164113,0.0,1.0,0.0,0.0,0.0,13844.0,0.344768,1.0
13871.0,0.404067,0.409788,0.414352,0.414352,13.133536,1.166885,1.168776,5.0,5.0,17.864256,0.0,1.0,0.0,0.0,0.0,13854.0,0.337009,1.0
13881.0,0.403984,0.409703,0.414267,0.414267,13.133806,1.151589,1.153658,5.0,5.0,17.684868,0.0,1.0,0.0,0.0,0.0,13864.0,0.334181,1.0
13891.0,0.4039,0.409618,0.414187,0.414187,13.133922,1.144043,1.146058,5.0,5.0,17.596355,0.0,1.0,0.0,0.0,0.0,13874.0,0.341188,1.0
13901.0,0.403818,0.409534,0.414102,0.414102,13.133408,1.169002,1.170935,5.0,5.0,17.888985,0.0,1.0,0.0,0.0,0.0,13884.0,0.340024,1.0
13911.0,0.403735,0.409449,0.414019,0.414019,13.134483,1.112505,1.114474,5.0,5.0,17.226476,0.0,1.0,0.0,0.0,0.0,13894.0,0.331941,1.0
13921.0,0.40365,0.409363,0.413932,0.413932,13.132364,1.218446,1.220441,5.0,5.0,18.468588,0.0,1.0,0.0,0.0,0.0,13904.0,0.33669,1.0
13931.0,0.403565,0.409277,0.41385,0.41385,13.132646,1.202006,1.20389,5.0,5.0,18.275807,0.0,1.0,0.0,0.0,0.0,13914.0,0.333072,1.0
13941.0,0.403483,0.409192,0.413771,0.413771,13.13312,1.176477,1.178411,5.0,5.0,17.976476,0.0,1.0,0.0,0.0,0.0,13924.0,0.343376,1.0
13951.0,0.4034,0.409107,0.413685,0.413685,13.133301,1.165643,1.167592,5.0,5.0,17.849416,0.0,1.0,0.0,0.0,0.0,13934.0,0.336024,1.0
13961.0,0.403316,0.409022,0.4136,0.4136,13.133023,1.178038,1.180052,5.0,5.0,17.994708,0.0,1.0,0.0,0.0,0.0,13944.0,0.34848,1.0
13971.0,0.403231,0.408935,0.413514,0.413514,13.132771,1.188597,1.1906,5.0,5.0,18.118459,0.0,1.0,0.0,0.0,0.0,13954.0,0.333874,1.0
13981.0,0.403147,0.408849,0.413431,0.413431,13.132957,1.17723,1.179366,5.0,5.0,17.985146,0.0,1.0,0.0,0.0,0.0,13964.0,0.326887,1.0
13991.0,0.403064,0.408764,0.413347,0.413347,13.133002,1.173377,1.175255,5.0,5.0,17.939947,0.0,1.0,0.0,0.0,0.0,13974.0,0.333048,1.0
14001.0,0.402981,0.40868,0.413265,0.413265,13.134128,1.114399,1.116322,5.0,5.0,17.248371,0.0,1.0,0.0,0.0,0.0,13984.0,0.337245,1.0
14011.0,0.402898,0.408596,0.413185,0.413185,13.133306,1.155166,1.157272,5.0,5.0,17.72637,0.0,1.0,0.0,0.0,0.0,13994.0,0.335396,1.0
14021.0,0.402814,0.408509,0.413099,0.413099,13.132405,1.198971,1.201004,5.0,5.0,18.239912,0.0,1.0,0.0,0.0,0.0,14004.0,0.340975,1.0
14031.0,0.40273,0.408424,0.413016,0.413016,13.133087,1.162491,1.164436,5.0,5.0,17.812173,0.0,1.0,0.0,0.0,0.0,14014.0,0.330478,1.0
14041.0,0.402648,0.40834,0.412936,0.412936,13.131818,1.225914,1.227833,5.0,5.0,18.5557,0.0,1.0,0.0,0.0,0.0,14024.0,0.337157,1.0
14051.0,0.402565,0.408255,0.412851,0.412851,13.132349,1.197231,1.199073,5.0,5.0,18.219406,0.0,1.0,0.0,0.0,0.0,14034.0,0.334899,1.0
14061.0,0.40248,0.408169,0.412767,0.412767,13.132438,1.190689,1.192698,5.0,5.0,18.142668,0.0,1.0,0.0,0.0,0.0,14044.0,0.332409,1.0
14071.0,0.402397,0.408084,0.412683,0.412683,13.133119,1.154463,1.156441,5.0,5.0,17.717922,0.0,1.0,0.0,0.0,0.0,14054.0,0.333255,1.0
14081.0,0.402314,0.407999,0.412598,0.412598,13.132464,1.186096,1.188088,5.0,5.0,18.088763,0.0,1.0,0.0,0.0,0.0,14064.0,0.342086,1.0
14091.0,0.40223,0.407913,0.412514,0.412514,13.131449,1.236194,1.238361,5.0,5.0,18.676011,0.0,1.0,0.0,0.0,0.0,14074.0,0.341507,1.0
14101.0,0.402147,0.407828,0.41243,0.41243,13.132795,1.1659,1.167945,5.0,5.0,17.851907,0.0,1.0,0.0,0.0,0.0,14084.0,0.340673,1.0
14111.0,0.402064,0.407744,0.412349,0.412349,13.133009,1.153533,1.15559,5.0,5.0,17.706886,0.0,1.0,0.0,0.0,0.0,14094.0,0.336489,1.0
14121.0,0.401979,0.407657,0.412262,0.412262,13.132341,1.18531,1.187153,5.0,5.0,18.079395,0.0,1.0,0.0,0.0,0.0,14104.0,0.345182,1.0
14131.0,0.401896,0.407572,0.41218,0.41218,13.132258,1.187967,1.19004,5.0,5.0,18.11051,0.0,1.0,0.0,0.0,0.0,14114.0,0.336855,1.0
14141.0,0.401812,0.407486,0.412096,0.412096,13.131904,1.204127,1.206216,5.0,5.0,18.299917,0.0,1.0,0.0,0.0,0.0,14124.0,0.326845,1.0
14151.0,0.401728,0.407401,0.412014,0.412014,13.132289,1.182873,1.184703,5.0,5.0,18.050725,0.0,1.0,0.0,0.0,0.0,14134.0,0.328888,1.0
14161.0,0.401645,0.407316,0.411929,0.411929,13.132593,1.165529,1.167488,5.0,5.0,17.847344,0.0,1.0,0.0,0.0,0.0,14144.0,0.333374,1.0
14171.0,0.401561,0.407231,0.411847,0.411847,13.132366,1.175508,1.177622,5.0,5.0,17.964299,0.0,1.0,0.0,0.0,0.0,14154.0,0.334578,1.0
14181.0,0.401478,0.407146,0.411764,0.411764,13.132282,1.178305,1.180384,5.0,5.0,17.997061,0.0,1.0,0.0,0.0,0.0,14164.0,0.333076,1.0
14191.0,0.401394,0.40706,0.411679,0.411679,13.132432,1.168579,1.170582,5.0,5.0,17.882999,0.0,1.0,0.0,0.0,0.0,14174.0,0.341761,1.0
14201.0,0.401311,0.406975,0.411594,0.411594,13.132604,1.158181,1.160241,5.0,5.0,17.761055,0.0,1.0,0.0,0.0,0.0,14184.0,0.330276,1.0
14211.0,0.401227,0.406889,0.411508,0.411508,13.132704,1.151284,1.153264,5.0,5.0,17.680153,0.0,1.0,0.0,0.0,0.0,14194.0,0.331784,1.0
14221.0,0.401144,0.406804,0.411426,0.411426,13.131547,1.208772,1.210722,5.0,5.0,18.354085,0.0,1.0,0.0,0.0,0.0,14204.0,0.327781,1.0
14231.0,0.401059,0.406718,0.411342,0.411342,13.133141,1.125399,1.127265,5.0,5.0,17.376576,0.0,1.0,0.0,0.0,0.0,14214.0,0.329612,1.0
14241.0,0.400976,0.406633,0.411257,0.411257,13.132013,1.181204,1.183187,5.0,5.0,18.030823,0.0,1.0,0.0,0.0,0.0,14224.0,0.326005,1.0
14251.0,0.400892,0.406547,0.411177,0.411177,13.131286,1.216643,1.218738,5.0,5.0,18.446239,0.0,1.0,0.0,0.0,0.0,14234.0,0.324667,1.0
14261.0,0.400808,0.406461,0.411093,0.411093,13.131897,1.183368,1.18543,5.0,5.0,18.056119,0.0,1.0,0.0,0.0,0.0,14244.0,0.327669,1.0
14271.0,0.400724,0.406376,0.41101,0.41101,13.132351,1.158723,1.160636,5.0,5.0,17.767161,0.0,1.0,0.0,0.0,0.0,14254.0,0.337158,1.0
14281.0,0.40064,0.406291,0.410925,0.410925,13.132727,1.13764,1.139683,5.0,5.0,17.51993,0.0,1.0,0.0,0.0,0.0,14263.0,0.331067,1.0
14291.0,0.400558,0.406207,0.410842,0.410842,13.133069,1.119069,1.120973,5.0,5.0,17.302164,0.0,1.0,0.0,0.0,0.0,14273.0,0.330576,1.0
14301.0,0.400474,0.406121,0.410757,0.410757,13.132298,1.156576,1.158538,5.0,5.0,17.74189,0.0,1.0,0.0,0.0,0.0,14283.0,0.338922,1.0
14311.0,0.40039,0.406035,0.410676,0.410676,13.131294,1.205881,1.207961,5.0,5.0,18.319865,0.0,1.0,0.0,0.0,0.0,14293.0,0.336187,1.0
14321.0,0.400306,0.40595,0.410593,0.410593,13.130976,1.220332,1.222372,5.0,5.0,18.489227,0.0,1.0,0.0,0.0,0.0,14303.0,0.335796,1.0
14331.0,0.400223,0.405865,0.410508,0.410508,13.131045,1.215282,1.217222,5.0,5.0,18.429993,0.0,1.0,0.0,0.0,0.0,14313.0,0.339396,1.0
14341.0,0.400139,0.405779,0.410426,0.410426,13.131462,1.192137,1.194234,5.0,5.0,18.158641,0.0,1.0,0.0,0.0,0.0,14323.0,0.338845,1.0
14351.0,0.400055,0.405693,0.410342,0.410342,13.131787,1.173616,1.175628,5.0,5.0,17.941475,0.0,1.0,0.0,0.0,0.0,14333.0,0.334456,1.0
14361.0,0.399971,0.405607,0.410256,0.410256,13.131249,1.19924,1.20117,5.0,5.0,18.241822,0.0,1.0,0.0,0.0,0.0,14343.0,0.329751,1.0
14371.0,0.399887,0.405522,0.410171,0.410171,13.131653,1.176753,1.178764,5.0,5.0,17.978179,0.0,1.0,0.0,0.0,0.0,14353.0,0.337142,1.0
14381.0,0.399804,0.405437,0.410086,0.410086,13.13248,1.133175,1.135219,5.0,5.0,17.467239,0.0,1.0,0.0,0.0,0.0,14363.0,0.342525,1.0
14391.0,0.39972,0.405351,0.410002,0.410002,13.131483,1.182014,1.184101,5.0,5.0,18.039781,0.0,1.0,0.0,0.0,0.0,14373.0,0.339246,1.0
14401.0,0.399636,0.405265,0.409915,0.409915,13.131695,1.169361,1.171288,5.0,5.0,17.891409,0.0,1.0,0.0,0.0,0.0,14383.0,0.328204,1.0
14411.0,0.399552,0.40518,0.409833,0.409833,13.131933,1.155636,1.157687,5.0,5.0,17.730465,0.0,1.0,0.0,0.0,0.0,14393.0,0.339309,1.0
14421.0,0.399469,0.405094,0.40975,0.40975,13.131053,1.198857,1.200776,5.0,5.0,18.237115,0.0,1.0,0.0,0.0,0.0,14403.0,0.338577,1.0
14431.0,0.399385,0.405009,0.409665,0.409665,13.13223,1.137101,1.139164,5.0,5.0,17.513092,0.0,1.0,0.0,0.0,0.0,14413.0,0.342494,1.0
14441.0,0.399301,0.404923,0.409581,0.409581,13.131347,1.180299,1.182357,5.0,5.0,18.019499,0.0,1.0,0.0,0.0,0.0,14423.0,0.331209,1.0
14451.0,0.399217,0.404838,0.409497,0.409497,13.131037,1.194433,1.196623,5.0,5.0,18.18515,0.0,1.0,0.0,0.0,0.0,14433.0,0.33052,1.0
14461.0,0.399135,0.404753,0.409416,0.409416,13.131809,1.153587,1.155652,5.0,5.0,17.706274,0.0,1.0,0.0,0.0,0.0,14443.0,0.34134,1.0
14471.0,0.399052,0.404669,0.409335,0.409335,13.131841,1.150584,1.152579,5.0,5.0,17.671046,0.0,1.0,0.0,0.0,0.0,14453.0,0.33421,1.0
14481.0,0.398968,0.404583,0.409249,0.409249,13.130657,1.209267,1.211325,5.0,5.0,18.358942,0.0,1.0,0.0,0.0,0.0,14463.0,0.343012,1.0
14491.0,0.398885,0.404498,0.409163,0.409163,13.132491,1.114048,1.116114,5.0,5.0,17.242615,0.0,1.0,0.0,0.0,0.0,14473.0,0.324963,1.0
14501.0,0.398801,0.404413,0.40908,0.40908,13.130817,1.197667,1.199592,5.0,5.0,18.222887,0.0,1.0,0.0,0.0,0.0,14483.0,0.335343,1.0
14511.0,0.398717,0.404327,0.408996,0.408996,13.130915,1.191003,1.192989,5.0,5.0,18.144743,0.0,1.0,0.0,0.0,0.0,14493.0,0.340332,1.0
14521.0,0.398634,0.404243,0.408912,0.408912,13.130825,1.194125,1.196145,5.0,5.0,18.181308,0.0,1.0,0.0,0.0,0.0,14503.0,0.325272,1.0
14531.0,0.398551,0.404158,0.40883,0.40883,13.131072,1.180063,1.182045,5.0,5.0,18.016429,0.0,1.0,0.0,0.0,0.0,14513.0,0.345905,1.0
14541.0,0.398469,0.404074,0.408749,0.408749,13.13162,1.150719,1.152682,5.0,5.0,17.672398,0.0,1.0,0.0,0.0,0.0,14523.0,0.33945,1.0
14551.0,0.398386,0.40399,0.408666,0.408666,13.131298,1.165845,1.167945,5.0,5.0,17.849699,0.0,1.0,0.0,0.0,0.0,14533.0,0.338906,1.0
14561.0,0.398302,0.403903,0.408581,0.408581,13.130246,1.217485,1.219506,5.0,5.0,18.454995,0.0,1.0,0.0,0.0,0.0,14543.0,0.338474,1.0
14571.0,0.398217,0.403817,0.408494,0.408494,13.13093,1.180303,1.182419,5.0,5.0,18.019103,0.0,1.0,0.0,0.0,0.0,14553.0,0.33705,1.0
14581.0,0.398133,0.403731,0.408409,0.408409,13.129428,1.255097,1.257071,5.0,5.0,18.895738,0.0,1.0,0.0,0.0,0.0,14563.0,0.327382,1.0
14591.0,0.398049,0.403645,0.408325,0.408325,13.130301,1.208773,1.210577,5.0,5.0,18.352751,0.0,1.0,0.0,0.0,0.0,14573.0,0.334327,1.0
14601.0,0.397966,0.40356,0.408242,0.408242,13.130689,1.187349,1.18923,5.0,5.0,18.10159,0.0,1.0,0.0,0.0,0.0,14583.0,0.343064,1.0
14611.0,0.397883,0.403476,0.40816,0.40816,13.131798,1.129196,1.131107,5.0,5.0,17.419822,0.0,1.0,0.0,0.0,0.0,14593.0,0.330753,1.0
14621.0,0.397801,0.403392,0.408079,0.408079,13.130815,1.178335,1.180301,5.0,5.0,17.995868,0.0,1.0,0.0,0.0,0.0,14603.0,0.331674,1.0
14631.0,0.397718,0.403307,0.407998,0.407998,13.131393,1.147288,1.149381,5.0,5.0,17.631878,0.0,1.0,0.0,0.0,0.0,14613.0,0.342206,1.0
14641.0,0.397634,0.403222,0.407915,0.407915,13.130339,1.199332,1.20144,5.0,5.0,18.241925,0.0,1.0,0.0,0.0,0.0,14623.0,0.332021,1.0
14651.0,0.39755,0.403135,0.407829,0.407829,13.129879,1.220575,1.222496,5.0,5.0,18.490872,0.0,1.0,0.0,0.0,0.0,14633.0,0.337172,1.0
14661.0,0.397466,0.40305,0.407744,0.407744,13.130829,1.17047,1.172327,5.0,5.0,17.903521,0.0,1.0,0.0,0.0,0.0,14643.0,0.330075,1.0
14671.0,0.397383,0.402965,0.407661,0.407661,13.130689,1.176051,1.178079,5.0,5.0,17.968915,0.0,1.0,0.0,0.0,0.0,14653.0,0.332454,1.0
14681.0,0.397299,0.40288,0.407578,0.407578,13.13025,1.196681,1.198574,5.0,5.0,18.210708,0.0,1.0,0.0,0.0,0.0,14663.0,0.350844,1.0
14691.0,0.397216,0.402795,0.407496,0.407496,13.129926,1.211687,1.213796,5.0,5.0,18.386562,0.0,1.0,0.0,0.0,0.0,14673.0,0.336157,1.0
14701.0,0.397133,0.40271,0.407412,0.407412,13.130758,1.167534,1.169461,5.0,5.0,17.868969,0.0,1.0,0.0,0.0,0.0,14683.0,0.337416,1.0
14711.0,0.39705,0.402625,0.407332,0.407332,13.129637,1.223301,1.225279,5.0,5.0,18.522616,0.0,1.0,0.0,0.0,0.0,14693.0,0.338314,1.0
14721.0,0.396966,0.402539,0.407248,0.407248,13.130329,1.185933,1.187984,5.0,5.0,18.084575,0.0,1.0,0.0,0.0,0.0,14703.0,0.331852,1.0
14731.0,0.396881,0.402453,0.407165,0.407165,13.130378,1.181363,1.18354,5.0,5.0,18.030963,0.0,1.0,0.0,0.0,0.0,14713.0,0.337997,1.0
14741.0,0.396798,0.402369,0.407081,0.407081,13.129574,1.220927,1.222974,5.0,5.0,18.49468,0.0,1.0,0.0,0.0,0.0,14723.0,0.335235,1.0
14751.0,0.396715,0.402284,0.406997,0.406997,13.130779,1.157837,1.15995,5.0,5.0,17.755122,0.0,1.0,0.0,0.0,0.0,14733.0,0.326879,1.0
14761.0,0.396633,0.402199,0.406915,0.406915,13.130377,1.177073,1.179117,5.0,5.0,17.980584,0.0,1.0,0.0,0.0,0.0,14743.0,0.331546,1.0
14771.0,0.396549,0.402114,0.40683,0.40683,13.130922,1.14727,1.149277,5.0,5.0,17.631184,0.0,1.0,0.0,0.0,0.0,14753.0,0.33195,1.0
14781.0,0.396466,0.402029,0.406749,0.406749,13.130021,1.191761,1.193778,5.0,5.0,18.152689,0.0,1.0,0.0,0.0,0.0,14763.0,0.333348,1.0
14791.0,0.396382,0.401944,0.406667,0.406667,13.130169,1.182507,1.184516,5.0,5.0,18.04418,0.0,1.0,0.0,0.0,0.0,14773.0,0.345354,1.0
14801.0,0.396298,0.401858,0.406581,0.406581,13.13054,1.161515,1.163294,5.0,5.0,17.79807,0.0,1.0,0.0,0.0,0.0,14783.0,0.331389,1.0
14811.0,0.396214,0.401772,0.406496,0.406496,13.129902,1.192401,1.194338,5.0,5.0,18.16008,0.0,1.0,0.0,0.0,0.0,14793.0,0.339184,1.0
14821.0,0.396129,0.401686,0.406412,0.406412,13.129595,1.205781,1.20767,5.0,5.0,18.316859,0.0,1.0,0.0,0.0,0.0,14803.0,0.333034,1.0
14831.0,0.396046,0.4016,0.406328,0.406328,13.130244,1.170923,1.172887,5.0,5.0,17.908235,0.0,1.0,0.0,0.0,0.0,14813.0,0.336491,1.0
14841.0,0.395962,0.401515,0.406242,0.406242,13.131044,1.128365,1.130422,5.0,5.0,17.4093,0.0,1.0,0.0,0.0,0.0,14823.0,0.326887,1.0
14851.0,0.395878,0.401429,0.40616,0.40616,13.130695,1.144311,1.146349,5.0,5.0,17.5962,0.0,1.0,0.0,0.0,0.0,14833.0,0.332552,1.0
14861.0,0.395796,0.401345,0.406076,0.406076,13.130287,1.163847,1.165869,5.0,5.0,17.825184,0.0,1.0,0.0,0.0,0.0,14843.0,0.328547,1.0
14871.0,0.395711,0.401258,0.405993,0.405993,13.129979,1.177468,1.179408,5.0,5.0,17.984807,0.0,1.0,0.0,0.0,0.0,14853.0,0.336515,1.0
14881.0,0.395626,0.401172,0.405909,0.405909,13.129047,1.222877,1.224781,5.0,5.0,18.516999,0.0,1.0,0.0,0.0,0.0,14863.0,0.33487,1.0
14891.0,0.395543,0.401087,0.405826,0.405826,13.129458,1.20025,1.202042,5.0,5.0,18.251763,0.0,1.0,0.0,0.0,0.0,14873.0,0.341167,1.0
14901.0,0.395459,0.401002,0.405741,0.405741,13.130245,1.158517,1.160511,5.0,5.0,17.762554,0.0,1.0,0.0,0.0,0.0,14883.0,0.335204,1.0
14911.0,0.395376,0.400916,0.405659,0.405659,13.129974,1.170676,1.17268,5.0,5.0,17.905043,0.0,1.0,0.0,0.0,0.0,14893.0,0.338285,1.0
14921.0,0.395292,0.400831,0.405576,0.405576,13.130072,1.163987,1.166035,5.0,5.0,17.82661,0.0,1.0,0.0,0.0,0.0,14903.0,0.332535,1.0
14931.0,0.395209,0.400746,0.405493,0.405493,13.129956,1.168408,1.17052,5.0,5.0,17.878396,0.0,1.0,0.0,0.0,0.0,14913.0,0.341591,1.0
14941.0,0.395126,0.400661,0.40541,0.40541,13.129249,1.202804,1.204866,5.0,5.0,18.281533,0.0,1.0,0.0,0.0,0.0,14923.0,0.338196,1.0
14951.0,0.395042,0.400576,0.405326,0.405326,13.130362,1.144245,1.146204,5.0,5.0,17.595088,0.0,1.0,0.0,0.0,0.0,14933.0,0.334456,1.0
14961.0,0.394957,0.400489,0.40524,0.40524,13.129233,1.199616,1.201544,5.0,5.0,18.244073,0.0,1.0,0.0,0.0,0.0,14943.0,0.335834,1.0
14971.0,0.394873,0.400403,0.405158,0.405158,13.128438,1.238369,1.240417,5.0,5.0,18.698229,0.0,1.0,0.0,0.0,0.0,14953.0,0.332311,1.0
14981.0,0.39479,0.400318,0.405078,0.405078,13.129376,1.188865,1.191057,5.0,5.0,18.117995,0.0,1.0,0.0,0.0,0.0,14963.0,0.335366,1.0
14991.0,0.394705,0.400231,0.404992,0.404992,13.128964,1.207734,1.209767,5.0,5.0,18.339107,0.0,1.0,0.0,0.0,0.0,14973.0,0.333731,1.0
15001.0,0.394622,0.400147,0.404911,0.404911,13.129956,1.155826,1.157915,5.0,5.0,17.730653,0.0,1.0,0.0,0.0,0.0,14983.0,0.331876,1.0
15011.0,0.394539,0.400062,0.404829,0.404829,13.129417,1.181693,1.183665,5.0,5.0,18.033827,0.0,1.0,0.0,0.0,0.0,14993.0,0.33312,1.0
15021.0,0.394455,0.399977,0.404746,0.404746,13.129197,1.191359,1.193321,5.0,5.0,18.147085,0.0,1.0,0.0,0.0,0.0,15003.0,0.33125,1.0
15031.0,0.394371,0.39989,0.404661,0.404661,13.127709,1.265172,1.267267,5.0,5.0,19.012087,0.0,1.0,0.0,0.0,0.0,15013.0,0.330691,1.0
15041.0,0.394288,0.399806,0.404577,0.404577,13.130206,1.136528,1.1385,5.0,5.0,17.504303,0.0,1.0,0.0,0.0,0.0,15023.0,0.335776,1.0
15051.0,0.394204,0.39972,0.404491,0.404491,13.129335,1.179123,1.181173,5.0,5.0,18.003563,0.0,1.0,0.0,0.0,0.0,15033.0,0.331601,1.0
15061.0,0.39412,0.399635,0.404407,0.404407,13.130068,1.140002,1.141905,5.0,5.0,17.544956,0.0,1.0,0.0,0.0,0.0,15043.0,0.330075,1.0
15071.0,0.394036,0.399549,0.404324,0.404324,13.128217,1.232574,1.234478,5.0,5.0,18.629946,0.0,1.0,0.0,0.0,0.0,15053.0,0.343866,1.0
15081.0,0.393953,0.399463,0.404237,0.404237,13.130263,1.12639,1.128428,5.0,5.0,17.385319,0.0,1.0,0.0,0.0,0.0,15063.0,0.333274,1.0
15091.0,0.393869,0.399378,0.404151,0.404151,13.129323,1.172782,1.174652,5.0,5.0,17.929101,0.0,1.0,0.0,0.0,0.0,15073.0,0.350645,1.0
15101.0,0.393787,0.399294,0.404067,0.404067,13.129692,1.152786,1.154863,5.0,5.0,17.694692,0.0,1.0,0.0,0.0,0.0,15083.0,0.338632,1.0
15111.0,0.393703,0.399209,0.403984,0.403984,13.129688,1.151306,1.153326,5.0,5.0,17.677301,0.0,1.0,0.0,0.0,0.0,15093.0,0.333475,1.0
15121.0,0.39362,0.399124,0.403902,0.403902,13.129161,1.176736,1.178639,5.0,5.0,17.975353,0.0,1.0,0.0,0.0,0.0,15103.0,0.334827,1.0
15131.0,0.393536,0.399038,0.403819,0.403819,13.128497,1.208611,1.210577,5.0,5.0,18.348897,0.0,1.0,0.0,0.0,0.0,15113.0,0.345422,1.0
15141.0,0.393452,0.398952,0.403737,0.403737,13.128709,1.19587,1.197889,5.0,5.0,18.199535,0.0,1.0,0.0,0.0,0.0,15123.0,0.328121,1.0
15151.0,0.393369,0.398868,0.403654,0.403654,13.129866,1.1354,1.13744,5.0,5.0,17.490719,0.0,1.0,0.0,0.0,0.0,15133.0,0.336097,1.0
15161.0,0.393286,0.398783,0.403572,0.403572,13.128495,1.203752,1.20578,5.0,5.0,18.291844,0.0,1.0,0.0,0.0,0.0,15143.0,0.332037,1.0
15171.0,0.393203,0.398698,0.403486,0.403486,13.129945,1.128256,1.130276,5.0,5.0,17.406911,0.0,1.0,0.0,0.0,0.0,15153.0,0.330464,1.0
15181.0,0.393118,0.398612,0.403403,0.403403,13.128368,1.20681,1.208791,5.0,5.0,18.327619,0.0,1.0,0.0,0.0,0.0,15163.0,0.330124,1.0
15191.0,0.393036,0.398527,0.40332,0.40332,13.129416,1.151894,1.154011,5.0,5.0,17.683934,0.0,1.0,0.0,0.0,0.0,15173.0,0.339782,1.0
15201.0,0.392952,0.398442,0.403236,0.403236,13.129065,1.168061,1.170001,5.0,5.0,17.873395,0.0,1.0,0.0,0.0,0.0,15183.0,0.341802,1.0
15211.0,0.392868,0.398356,0.403151,0.403151,13.129405,1.148928,1.150751,5.0,5.0,17.64909,0.0,1.0,0.0,0.0,0.0,15193.0,0.345945,1.0
15221.0,0.392785,0.398271,0.403067,0.403067,13.127995,1.219181,1.221188,5.0,5.0,18.472452,0.0,1.0,0.0,0.0,0.0,15203.0,0.330668,1.0
15231.0,0.3927,0.398185,0.402983,0.402983,13.128651,1.183784,1.185845,5.0,5.0,18.057563,0.0,1.0,0.0,0.0,0.0,15213.0,0.329348,1.0
15241.0,0.392618,0.398101,0.402902,0.402902,13.128951,1.167194,1.16917,5.0,5.0,17.863097,0.0,1.0,0.0,0.0,0.0,15223.0,0.335089,1.0
15251.0,0.392533,0.398014,0.402816,0.402816,13.128558,1.184961,1.18705,5.0,5.0,18.07129,0.0,1.0,0.0,0.0,0.0,15233.0,0.333911,1.0
15261.0,0.392449,0.397929,0.40273,0.40273,13.129094,1.155879,1.157957,5.0,5.0,17.730389,0.0,1.0,0.0,0.0,0.0,15243.0,0.333798,1.0
15271.0,0.392367,0.397845,0.402647,0.402647,13.129073,1.155661,1.157583,5.0,5.0,17.727803,0.0,1.0,0.0,0.0,0.0,15253.0,0.329938,1.0
15281.0,0.392284,0.39776,0.402567,0.402567,13.129712,1.121593,1.123631,5.0,5.0,17.328443,0.0,1.0,0.0,0.0,0.0,15263.0,0.340292,1.0
15291.0,0.392201,0.397675,0.402483,0.402483,13.129331,1.139584,1.141573,5.0,5.0,17.5393,0.0,1.0,0.0,0.0,0.0,15273.0,0.339127,1.0
15301.0,0.392117,0.397589,0.402395,0.402395,13.128029,1.203965,1.206092,5.0,5.0,18.293845,0.0,1.0,0.0,0.0,0.0,15283.0,0.340323,1.0
15311.0,0.392033,0.397504,0.402311,0.402311,13.127546,1.226838,1.228726,5.0,5.0,18.56186,0.0,1.0,0.0,0.0,0.0,15293.0,0.340067,1.0
15321.0,0.391949,0.397418,0.402225,0.402225,13.127436,1.230516,1.232609,5.0,5.0,18.604913,0.0,1.0,0.0,0.0,0.0,15303.0,0.336999,1.0
15331.0,0.391865,0.397332,0.402136,0.402136,13.128453,1.176874,1.178806,5.0,5.0,17.976224,0.0,1.0,0.0,0.0,0.0,15313.0,0.342329,1.0
15341.0,0.391782,0.397248,0.402054,0.402054,13.12851,1.172509,1.174549,5.0,5.0,17.925036,0.0,1.0,0.0,0.0,0.0,15323.0,0.332065,1.0
15351.0,0.391698,0.397162,0.401974,0.401974,13.128266,1.183056,1.185035,5.0,5.0,18.048608,0.0,1.0,0.0,0.0,0.0,15333.0,0.337191,1.0
15361.0,0.391615,0.397077,0.401888,0.401888,13.128711,1.158691,1.16074,5.0,5.0,17.763005,0.0,1.0,0.0,0.0,0.0,15343.0,0.335182,1.0
15371.0,0.391531,0.396991,0.401806,0.401806,13.12775,1.206079,1.208023,5.0,5.0,18.318365,0.0,1.0,0.0,0.0,0.0,15353.0,0.340744,1.0
15381.0,0.391448,0.396907,0.401722,0.401722,13.128492,1.166785,1.168714,5.0,5.0,17.857812,0.0,1.0,0.0,0.0,0.0,15363.0,0.339303,1.0
15391.0,0.391365,0.396822,0.401639,0.401639,13.127418,1.220073,1.221977,5.0,5.0,18.482298,0.0,1.0,0.0,0.0,0.0,15373.0,0.331895,1.0
15401.0,0.391282,0.396737,0.401556,0.401556,13.128261,1.175416,1.177477,5.0,5.0,17.958909,0.0,1.0,0.0,0.0,0.0,15383.0,0.337073,1.0
15411.0,0.391198,0.396652,0.401473,0.401473,13.128114,1.181144,1.183146,5.0,5.0,18.026003,0.0,1.0,0.0,0.0,0.0,15393.0,0.338014,1.0
15421.0,0.391115,0.396567,0.401391,0.401391,13.129129,1.127805,1.129861,5.0,5.0,17.400789,0.0,1.0,0.0,0.0,0.0,15403.0,0.335353,1.0
15431.0,0.391031,0.396481,0.401307,0.401307,13.127192,1.224805,1.226712,5.0,5.0,18.537607,0.0,1.0,0.0,0.0,0.0,15413.0,0.34255,1.0
15441.0,0.390948,0.396396,0.401225,0.401225,13.127765,1.193994,1.195958,5.0,5.0,18.176499,0.0,1.0,0.0,0.0,0.0,15423.0,0.343065,1.0
15451.0,0.390865,0.396312,0.401139,0.401139,13.127436,1.209207,1.211242,5.0,5.0,18.354748,0.0,1.0,0.0,0.0,0.0,15433.0,0.341129,1.0
15461.0,0.390782,0.396227,0.401055,0.401055,13.127387,1.210118,1.212218,5.0,5.0,18.365389,0.0,1.0,0.0,0.0,0.0,15443.0,0.334004,1.0
15471.0,0.390699,0.396142,0.400973,0.400973,13.127565,1.199378,1.201316,5.0,5.0,18.239497,0.0,1.0,0.0,0.0,0.0,15453.0,0.333389,1.0
15481.0,0.390614,0.396056,0.400888,0.400888,13.1272,1.216042,1.217949,5.0,5.0,18.434739,0.0,1.0,0.0,0.0,0.0,15463.0,0.336281,1.0
15491.0,0.39053,0.39597,0.400803,0.400803,13.128378,1.153995,1.156005,5.0,5.0,17.707528,0.0,1.0,0.0,0.0,0.0,15473.0,0.336353,1.0
15501.0,0.390446,0.395884,0.400721,0.400721,13.127636,1.189977,1.192033,5.0,5.0,18.129204,0.0,1.0,0.0,0.0,0.0,15483.0,0.324096,1.0
15511.0,0.390362,0.395798,0.400637,0.400637,13.126974,1.221667,1.223514,5.0,5.0,18.500531,0.0,1.0,0.0,0.0,0.0,15493.0,0.344702,1.0
15521.0,0.390278,0.395712,0.400551,0.400551,13.127506,1.192633,1.194608,5.0,5.0,18.160242,0.0,1.0,0.0,0.0,0.0,15503.0,0.33924,1.0
15531.0,0.390193,0.395626,0.400468,0.400468,13.127051,1.213776,1.215768,5.0,5.0,18.407973,0.0,1.0,0.0,0.0,0.0,15513.0,0.340425,1.0
15541.0,0.39011,0.395541,0.400382,0.400382,13.129619,1.081132,1.083076,5.0,5.0,16.853252,0.0,1.0,0.0,0.0,0.0,15523.0,0.334555,1.0
15551.0,0.390028,0.395457,0.400301,0.400301,13.128536,1.135278,1.137212,5.0,5.0,17.48793,0.0,1.0,0.0,0.0,0.0,15533.0,0.333505,1.0
15561.0,0.389943,0.39537,0.400216,0.400216,13.127274,1.197602,1.199634,5.0,5.0,18.218326,0.0,1.0,0.0,0.0,0.0,15543.0,0.33644,1.0
15571.0,0.389859,0.395284,0.400131,0.400131,13.127658,1.176089,1.177933,5.0,5.0,17.96618,0.0,1.0,0.0,0.0,0.0,15553.0,0.322216,1.0
15581.0,0.389775,0.395199,0.400046,0.400046,13.127269,1.194242,1.196249,5.0,5.0,18.178882,0.0,1.0,0.0,0.0,0.0,15563.0,0.331613,1.0
15591.0,0.389692,0.395114,0.399962,0.399962,13.126964,1.20828,1.210349,5.0,5.0,18.343356,0.0,1.0,0.0,0.0,0.0,15573.0,0.331162,1.0
15601.0,0.389609,0.395029,0.39988,0.39988,13.127192,1.194959,1.197121,5.0,5.0,18.187219,0.0,1.0,0.0,0.0,0.0,15583.0,0.332668,1.0
15611.0,0.389524,0.394943,0.399795,0.399795,13.126775,1.214332,1.216267,5.0,5.0,18.414196,0.0,1.0,0.0,0.0,0.0,15593.0,0.336685,1.0
15621.0,0.389441,0.394858,0.399712,0.399712,13.127149,1.193515,1.19548,5.0,5.0,18.170219,0.0,1.0,0.0,0.0,0.0,15603.0,0.337575,1.0
15631.0,0.389356,0.394771,0.399626,0.399626,13.127208,1.188349,1.190351,5.0,5.0,18.109637,0.0,1.0,0.0,0.0,0.0,15613.0,0.347486,1.0
15641.0,0.389273,0.394687,0.399544,0.399544,13.126927,1.201465,1.203558,5.0,5.0,18.263316,0.0,1.0,0.0,0.0,0.0,15623.0,0.329671,1.0
15651.0,0.38919,0.394602,0.399463,0.399463,13.127455,1.172943,1.174964,5.0,5.0,17.929029,0.0,1.0,0.0,0.0,0.0,15633.0,0.329286,1.0
15661.0,0.389107,0.394517,0.399378,0.399378,13.126209,1.234938,1.236866,5.0,5.0,18.655475,0.0,1.0,0.0,0.0,0.0,15643.0,0.340036,1.0
15671.0,0.389023,0.394431,0.399294,0.399294,13.127385,1.172936,1.175068,5.0,5.0,17.928875,0.0,1.0,0.0,0.0,0.0,15653.0,0.338932,1.0
15681.0,0.388939,0.394346,0.399213,0.399213,13.126807,1.200823,1.202748,5.0,5.0,18.255645,0.0,1.0,0.0,0.0,0.0,15663.0,0.345154,1.0
15691.0,0.388856,0.394261,0.399131,0.399131,13.127521,1.162981,1.164872,5.0,5.0,17.812138,0.0,1.0,0.0,0.0,0.0,15673.0,0.337462,1.0
15701.0,0.388773,0.394175,0.399047,0.399047,13.126028,1.237412,1.239483,5.0,5.0,18.684319,0.0,1.0,0.0,0.0,0.0,15683.0,0.32731,1.0
15711.0,0.38869,0.394091,0.398964,0.398964,13.127196,1.176348,1.17839,5.0,5.0,17.968724,0.0,1.0,0.0,0.0,0.0,15693.0,0.348423,1.0
15721.0,0.388606,0.394005,0.39888,0.39888,13.12648,1.211149,1.213173,5.0,5.0,18.376509,0.0,1.0,0.0,0.0,0.0,15702.0,0.334387,1.0
15731.0,0.388522,0.39392,0.398797,0.398797,13.127238,1.170715,1.172638,5.0,5.0,17.902638,0.0,1.0,0.0,0.0,0.0,15712.0,0.339271,1.0
15741.0,0.388439,0.393835,0.398717,0.398717,13.127315,1.165309,1.167281,5.0,5.0,17.839252,0.0,1.0,0.0,0.0,0.0,15722.0,0.327429,1.0
15751.0,0.388357,0.393751,0.398634,0.398634,13.126933,1.183402,1.185388,5.0,5.0,18.051269,0.0,1.0,0.0,0.0,0.0,15732.0,0.353859,1.0
15761.0,0.388273,0.393665,0.398553,0.398553,13.125873,1.235708,1.237531,5.0,5.0,18.664144,0.0,1.0,0.0,0.0,0.0,15742.0,0.35031,1.0
15771.0,0.388188,0.393579,0.398468,0.398468,13.127475,1.15184,1.153804,5.0,5.0,17.681296,0.0,1.0,0.0,0.0,0.0,15752.0,0.349179,1.0
15781.0,0.388105,0.393494,0.398385,0.398385,13.126509,1.199496,1.201523,5.0,5.0,18.239747,0.0,1.0,0.0,0.0,0.0,15762.0,0.339083,1.0
15791.0,0.388021,0.393408,0.3983,0.3983,13.126873,1.179103,1.180965,5.0,5.0,18.000728,0.0,1.0,0.0,0.0,0.0,15772.0,0.345094,1.0
15801.0,0.387937,0.393322,0.398218,0.398218,13.126482,1.197178,1.199135,5.0,5.0,18.212504,0.0,1.0,0.0,0.0,0.0,15782.0,0.334664,1.0
15811.0,0.387853,0.393236,0.398137,0.398137,13.126258,1.206632,1.208521,5.0,5.0,18.323244,0.0,1.0,0.0,0.0,0.0,15792.0,0.334175,1.0
15821.0,0.38777,0.393152,0.39805,0.39805,13.12608,1.214208,1.216184,5.0,5.0,18.411992,0.0,1.0,0.0,0.0,0.0,15802.0,0.337922,1.0
15831.0,0.387687,0.393067,0.397967,0.397967,13.126087,1.212487,1.214585,5.0,5.0,18.391797,0.0,1.0,0.0,0.0,0.0,15812.0,0.334041,1.0
15841.0,0.387602,0.392981,0.397881,0.397881,13.125512,1.239665,1.24185,5.0,5.0,18.710198,0.0,1.0,0.0,0.0,0.0,15822.0,0.330478,1.0
15851.0,0.387519,0.392896,0.397798,0.397798,13.126923,1.166093,1.168111,5.0,5.0,17.848049,0.0,1.0,0.0,0.0,0.0,15832.0,0.345941,1.0
15861.0,0.387435,0.392811,0.397717,0.397717,13.126129,1.20502,1.207109,5.0,5.0,18.304187,0.0,1.0,0.0,0.0,0.0,15842.0,0.346348,1.0
15871.0,0.387352,0.392725,0.397635,0.397635,13.125103,1.255599,1.257632,5.0,5.0,18.896773,0.0,1.0,0.0,0.0,0.0,15852.0,0.339234,1.0
15881.0,0.387268,0.392639,0.397554,0.397554,13.126081,1.203804,1.205926,5.0,5.0,18.289854,0.0,1.0,0.0,0.0,0.0,15862.0,0.338377,1.0
15891.0,0.387184,0.392553,0.397468,0.397468,13.126336,1.188928,1.190891,5.0,5.0,18.115501,0.0,1.0,0.0,0.0,0.0,15872.0,0.339737,1.0
15901.0,0.3871,0.392468,0.397383,0.397383,13.126362,1.185785,1.187797,5.0,5.0,18.07864,0.0,1.0,0.0,0.0,0.0,15882.0,0.341097,1.0
15911.0,0.387016,0.392383,0.397299,0.397299,13.126637,1.170169,1.17214,5.0,5.0,17.8956,0.0,1.0,0.0,0.0,0.0,15892.0,0.337668,1.0
15921.0,0.386933,0.392298,0.397215,0.397215,13.126361,1.182721,1.184703,5.0,5.0,18.042667,0.0,1.0,0.0,0.0,0.0,15902.0,0.331394,1.0
15931.0,0.38685,0.392213,0.397132,0.397132,13.125814,1.208964,1.210951,5.0,5.0,18.350141,0.0,1.0,0.0,0.0,0.0,15912.0,0.341273,1.0
15941.0,0.386766,0.392128,0.397049,0.397049,13.126709,1.161713,1.163605,5.0,5.0,17.796411,0.0,1.0,0.0,0.0,0.0,15922.0,0.336185,1.0
15951.0,0.386683,0.392042,0.396966,0.396966,13.126431,1.17429,1.176085,5.0,5.0,17.943768,0.0,1.0,0.0,0.0,0.0,15932.0,0.327891,1.0
15961.0,0.386599,0.391957,0.396882,0.396882,13.125587,1.215442,1.21745,5.0,5.0,18.425939,0.0,1.0,0.0,0.0,0.0,15942.0,0.331465,1.0
15971.0,0.386514,0.39187,0.396795,0.396795,13.125342,1.225813,1.227792,5.0,5.0,18.547404,0.0,1.0,0.0,0.0,0.0,15952.0,0.341884,1.0
15981.0,0.386431,0.391785,0.396712,0.396712,13.126556,1.162222,1.164207,5.0,5.0,17.802227,0.0,1.0,0.0,0.0,0.0,15962.0,0.32609,1.0
15991.0,0.386348,0.3917,0.396629,0.396629,13.125793,1.199782,1.201752,5.0,5.0,18.242331,0.0,1.0,0.0,0.0,0.0,15972.0,0.344722,1.0
16001.0,0.386263,0.391614,0.396545,0.396545,13.125516,1.211765,1.213609,5.0,5.0,18.382702,0.0,1.0,0.0,0.0,0.0,15982.0,0.34582,1.0
16011.0,0.386179,0.391528,0.396458,0.396458,13.126679,1.150672,1.152516,5.0,5.0,17.666766,0.0,1.0,0.0,0.0,0.0,15992.0,0.329197,1.0
16021.0,0.386096,0.391443,0.396376,0.396376,13.126476,1.159428,1.161362,5.0,5.0,17.76935,0.0,1.0,0.0,0.0,0.0,16002.0,0.337834,1.0
16031.0,0.386012,0.391357,0.396295,0.396295,13.125918,1.186028,1.187984,5.0,5.0,18.081018,0.0,1.0,0.0,0.0,0.0,16012.0,0.326001,1.0
16041.0,0.385928,0.391271,0.396211,0.396211,13.12511,1.225324,1.227273,5.0,5.0,18.541416,0.0,1.0,0.0,0.0,0.0,16022.0,0.334911,1.0
16051.0,0.385845,0.391187,0.396127,0.396127,13.125264,1.216227,1.218198,5.0,5.0,18.434805,0.0,1.0,0.0,0.0,0.0,16032.0,0.343324,1.0
16061.0,0.385762,0.391102,0.396042,0.396042,13.125898,1.182253,1.184371,5.0,5.0,18.036684,0.0,1.0,0.0,0.0,0.0,16042.0,0.341621,1.0
16071.0,0.385678,0.391017,0.39596,0.39596,13.126475,1.151132,1.153243,5.0,5.0,17.671959,0.0,1.0,0.0,0.0,0.0,16052.0,0.346005,1.0
16081.0,0.385595,0.390931,0.395875,0.395875,13.125877,1.180012,1.181941,5.0,5.0,18.010348,0.0,1.0,0.0,0.0,0.0,16062.0,0.340446,1.0
16091.0,0.385511,0.390846,0.395794,0.395794,13.126228,1.160379,1.16238,5.0,5.0,17.780252,0.0,1.0,0.0,0.0,0.0,16072.0,0.339002,1.0
16101.0,0.385427,0.390761,0.395712,0.395712,13.125875,1.176692,1.178619,5.0,5.0,17.971375,0.0,1.0,0.0,0.0,0.0,16082.0,0.337838,1.0
16111.0,0.385344,0.390676,0.395628,0.395628,13.125956,1.171,1.173074,5.0,5.0,17.904645,0.0,1.0,0.0,0.0,0.0,16092.0,0.337428,1.0
16121.0,0.385261,0.390591,0.395543,0.395543,13.127307,1.100413,1.10245,5.0,5.0,17.077374,0.0,1.0,0.0,0.0,0.0,16102.0,0.326694,1.0
16131.0,0.385176,0.390504,0.395457,0.395457,13.124988,1.216701,1.218676,5.0,5.0,18.440065,0.0,1.0,0.0,0.0,0.0,16112.0,0.335692,1.0
16141.0,0.385092,0.390419,0.395371,0.395371,13.125533,1.18713,1.189209,5.0,5.0,18.093543,0.0,1.0,0.0,0.0,0.0,16122.0,0.34207,1.0
16151.0,0.385009,0.390334,0.39529,0.39529,13.12501,1.212241,1.214315,5.0,5.0,18.387734,0.0,1.0,0.0,0.0,0.0,16132.0,0.328322,1.0
16161.0,0.384926,0.390249,0.395208,0.395208,13.126861,1.116419,1.118357,5.0,5.0,17.264834,0.0,1.0,0.0,0.0,0.0,16142.0,0.330335,1.0
16171.0,0.384843,0.390164,0.395124,0.395124,13.125977,1.159959,1.161985,5.0,5.0,17.775061,0.0,1.0,0.0,0.0,0.0,16152.0,0.3478,1.0
16181.0,0.384761,0.39008,0.395045,0.395045,13.125309,1.192714,1.194629,5.0,5.0,18.158849,0.0,1.0,0.0,0.0,0.0,16162.0,0.339814,1.0
16191.0,0.384676,0.389993,0.39496,0.39496,13.125415,1.185156,1.187112,5.0,5.0,18.070241,0.0,1.0,0.0,0.0,0.0,16172.0,0.334959,1.0
16201.0,0.384621,0.389938,0.394878,0.394878,13.209102,-3.077353,-3.075179,60.0,60.0,16.992833,0.0,1.0,0.0,0.0,0.0,16182.0,0.360277,1.0
16211.0,0.384833,0.390154,0.395196,0.395196,13.209853,-3.007142,-3.004929,60.0,60.0,17.82023,0.0,1.0,0.0,0.0,0.0,16192.0,0.351273,1.0
16221.0,0.385044,0.390368,0.395511,0.395511,13.211978,-3.012648,-3.010349,60.0,60.0,17.749457,0.0,1.0,0.0,0.0,0.0,16202.0,0.363357,1.0
16231.0,0.385255,0.390583,0.395828,0.395828,13.21334,-2.983903,-2.981464,60.0,60.0,18.085461,0.0,1.0,0.0,0.0,0.0,16212.0,0.373062,1.0
16241.0,0.385466,0.390798,0.396143,0.396143,13.214459,-2.947465,-2.945207,60.0,60.0,18.513094,0.0,1.0,0.0,0.0,0.0,16222.0,0.372137,1.0
16251.0,0.385678,0.391014,0.396457,0.396457,13.218176,-3.047507,-3.045256,60.0,60.0,17.320681,0.0,1.0,0.0,0.0,0.0,16232.0,0.363427,1.0
16261.0,0.38589,0.39123,0.396771,0.396771,13.219944,-3.052282,-3.049886,60.0,60.0,17.259408,0.0,1.0,0.0,0.0,0.0,16242.0,0.351548,1.0
16271.0,0.386101,0.391446,0.397083,0.397083,13.219336,-2.939933,-2.937669,60.0,60.0,18.589279,0.0,1.0,0.0,0.0,0.0,16252.0,0.366121,1.0
16281.0,0.386311,0.391659,0.397394,0.397394,13.221843,-2.990916,-2.988607,60.0,60.0,17.979845,0.0,1.0,0.0,0.0,0.0,16262.0,0.35524,1.0
16291.0,0.386522,0.391874,0.397705,0.397705,13.22364,-3.008813,-3.006569,60.0,60.0,17.763387,0.0,1.0,0.0,0.0,0.0,16272.0,0.353772,1.0
16301.0,0.386733,0.392089,0.398016,0.398016,13.22469,-2.991995,-2.989728,60.0,60.0,17.959464,0.0,1.0,0.0,0.0,0.0,16282.0,0.356527,1.0
16311.0,0.386944,0.392304,0.398326,0.398326,13.227274,-3.056675,-3.054351,60.0,60.0,17.187427,0.0,1.0,0.0,0.0,0.0,16292.0,0.366136,1.0
16321.0,0.387156,0.392519,0.398636,0.398636,13.227605,-3.009129,-3.006818,60.0,60.0,17.748973,0.0,1.0,0.0,0.0,0.0,16302.0,0.369638,1.0
16331.0,0.387366,0.392733,0.398946,0.398946,13.22753,-2.944432,-2.942113,60.0,60.0,18.514521,0.0,1.0,0.0,0.0,0.0,16312.0,0.357815,1.0
16341.0,0.387577,0.392948,0.399253,0.399253,13.22978,-3.000865,-2.998512,60.0,60.0,17.8409,0.0,1.0,0.0,0.0,0.0,16322.0,0.355239,1.0
16351.0,0.387787,0.393163,0.399561,0.399561,13.230709,-2.992531,-2.990227,60.0,60.0,17.937025,0.0,1.0,0.0,0.0,0.0,16332.0,0.366084,1.0
16361.0,0.387998,0.393377,0.399866,0.399866,13.23223,-3.017006,-3.014772,60.0,60.0,17.643316,0.0,1.0,0.0,0.0,0.0,16342.0,0.356023,1.0
16371.0,0.388208,0.393591,0.40017,0.40017,13.232912,-3.001267,-2.998969,60.0,60.0,17.827735,0.0,1.0,0.0,0.0,0.0,16352.0,0.36043,1.0
16381.0,0.388419,0.393806,0.400477,0.400477,13.233966,-3.006317,-3.003974,60.0,60.0,17.765146,0.0,1.0,0.0,0.0,0.0,16362.0,0.363356,1.0
16391.0,0.38863,0.394021,0.400781,0.400781,13.234269,-2.975271,-2.972929,60.0,60.0,18.131776,0.0,1.0,0.0,0.0,0.0,16372.0,0.364821,1.0
16401.0,0.38884,0.394235,0.401088,0.401088,13.235435,-2.990571,-2.988254,60.0,60.0,17.94757,0.0,1.0,0.0,0.0,0.0,16382.0,0.352271,1.0
16411.0,0.389051,0.39445,0.401392,0.401392,13.236635,-3.009459,-3.007047,60.0,60.0,17.72077,0.0,1.0,0.0,0.0,0.0,16392.0,0.350719,1.0
16421.0,0.389262,0.394665,0.401694,0.401694,13.237085,-2.991683,-2.9895,60.0,60.0,17.929996,0.0,1.0,0.0,0.0,0.0,16402.0,0.363316,1.0
16431.0,0.389472,0.394879,0.401993,0.401993,13.238473,-3.024099,-3.021749,60.0,60.0,17.542497,0.0,1.0,0.0,0.0,0.0,16412.0,0.370397,1.0
16441.0,0.389683,0.395094,0.402297,0.402297,13.238558,-2.991137,-2.988752,60.0,60.0,17.932519,0.0,1.0,0.0,0.0,0.0,16422.0,0.358363,1.0
16451.0,0.389893,0.395307,0.402597,0.402597,13.238986,-2.97788,-2.975338,60.0,60.0,18.088339,0.0,1.0,0.0,0.0,0.0,16432.0,0.363498,1.0
16461.0,0.390105,0.395523,0.4029,0.4029,13.240542,-3.022859,-3.020482,60.0,60.0,17.551579,0.0,1.0,0.0,0.0,0.0,16442.0,0.355283,1.0
16471.0,0.390315,0.395737,0.403201,0.403201,13.240705,-2.998898,-2.996581,60.0,60.0,17.834878,0.0,1.0,0.0,0.0,0.0,16452.0,0.356806,1.0
16481.0,0.390525,0.395951,0.403504,0.403504,13.241053,-2.985614,-2.983333,60.0,60.0,17.991241,0.0,1.0,0.0,0.0,0.0,16462.0,0.359075,1.0
16491.0,0.390735,0.396166,0.403805,0.403805,13.241686,-2.988225,-2.98597,60.0,60.0,17.958631,0.0,1.0,0.0,0.0,0.0,16472.0,0.355919,1.0
16501.0,0.390945,0.39638,0.404105,0.404105,13.242264,-2.989251,-2.986946,60.0,60.0,17.944941,0.0,1.0,0.0,0.0,0.0,16482.0,0.357175,1.0
16511.0,0.391156,0.396595,0.404395,0.404395,13.24285,-2.991671,-2.989355,60.0,60.0,17.914715,0.0,1.0,0.0,0.0,0.0,16491.0,0.366049,1.0
16521.0,0.391366,0.396808,0.404691,0.404691,13.241485,-2.896007,-2.893584,60.0,60.0,19.051225,0.0,1.0,0.0,0.0,0.0,16501.0,0.365537,1.0
16531.0,0.391577,0.397023,0.404989,0.404989,13.243215,-2.959154,-2.956773,60.0,60.0,18.298857,0.0,1.0,0.0,0.0,0.0,16511.0,0.361971,1.0
16541.0,0.391787,0.397237,0.405286,0.405286,13.244841,-3.017971,-3.015665,60.0,60.0,17.597865,0.0,1.0,0.0,0.0,0.0,16521.0,0.358575,1.0
16551.0,0.391999,0.397453,0.405584,0.405584,13.245434,-3.024511,-3.022268,60.0,60.0,17.518785,0.0,1.0,0.0,0.0,0.0,16531.0,0.362381,1.0
16561.0,0.392209,0.397667,0.405879,0.405879,13.24529,-2.995059,-2.992822,60.0,60.0,17.868056,0.0,1.0,0.0,0.0,0.009139,16541.0,0.36293,1.0
16571.0,0.39242,0.397881,0.406178,0.406178,13.245497,-2.984311,-2.982045,60.0,60.0,17.99481,0.0,1.0,0.0,0.0,0.009139,16551.0,0.360657,1.0
16581.0,0.392629,0.398095,0.406472,0.406472,13.245717,-2.975354,-2.973054,60.0,60.0,18.100324,0.0,1.0,0.0,0.0,0.009139,16561.0,0.364972,1.0
16591.0,0.392839,0.398309,0.406769,0.406769,13.246298,-2.985406,-2.983104,60.0,60.0,17.979706,0.0,1.0,0.0,0.0,0.009139,16571.0,0.365553,1.0
16601.0,0.39305,0.398523,0.407065,0.407065,13.247244,-3.014576,-3.012197,60.0,60.0,17.6316,0.0,1.0,0.0,0.0,0.009139,16581.0,0.347294,1.0
16611.0,0.393259,0.398737,0.40736,0.40736,13.246498,-2.958644,-2.956296,60.0,60.0,18.296202,0.0,1.0,0.0,0.0,0.009139,16591.0,0.34994,1.0
16621.0,0.39347,0.398951,0.407657,0.407657,13.24631,-2.931399,-2.928947,60.0,60.0,18.619462,0.0,1.0,0.0,0.0,0.034218,16601.0,0.366664,1.0
16631.0,0.393681,0.399166,0.407953,0.407953,13.247609,-2.980541,-2.977996,60.0,60.0,18.033836,0.0,1.0,0.0,0.0,0.034218,16611.0,0.358694,1.0
16641.0,0.393891,0.399381,0.408247,0.408247,13.247367,-2.951736,-2.949318,60.0,60.0,18.375755,0.0,1.0,0.0,0.0,0.034218,16621.0,0.371392,1.0
16651.0,0.394103,0.399596,0.40854,0.40854,13.247608,-2.947944,-2.945726,60.0,60.0,18.420034,0.0,1.0,0.0,0.0,0.034218,16631.0,0.360291,1.0
16661.0,0.394314,0.399811,0.408834,0.408834,13.248842,-2.995663,-2.993175,60.0,60.0,17.851378,0.0,1.0,0.0,0.0,0.034218,16641.0,0.371056,1.0
16671.0,0.394524,0.400025,0.409128,0.409128,13.248429,-2.960044,-2.957708,60.0,60.0,18.274508,0.0,1.0,0.0,0.0,0.034218,16651.0,0.361964,1.0
16681.0,0.394734,0.400239,0.409418,0.409418,13.248831,-2.966582,-2.96427,60.0,60.0,18.195975,0.0,1.0,0.0,0.0,0.058986,16661.0,0.352815,1.0
16691.0,0.394944,0.400453,0.409681,0.409681,13.249432,-2.983742,-2.981484,60.0,60.0,17.991055,0.0,1.0,0.0,0.0,0.058986,16670.0,0.368675,1.0
16701.0,0.395154,0.400667,0.409992,0.409992,13.249118,-2.954562,-2.952433,60.0,60.0,18.337648,0.0,1.0,0.0,0.0,0.058986,16680.0,0.364722,1.0
16711.0,0.395364,0.400881,0.410281,0.410281,13.249943,-2.983873,-2.981692,60.0,60.0,17.988144,0.0,1.0,0.0,0.0,0.058986,16690.0,0.360978,1.0
16721.0,0.395575,0.401095,0.410569,0.410569,13.250218,-2.98562,-2.983249,60.0,60.0,17.966709,0.0,1.0,0.0,0.0,0.058986,16700.0,0.362183,1.0
16731.0,0.395784,0.401309,0.410857,0.410857,13.250705,-2.998813,-2.99654,60.0,60.0,17.809057,0.0,1.0,0.0,0.0,0.058986,16710.0,0.362163,1.0
16741.0,0.395995,0.401523,0.411144,0.411144,13.250544,-2.979015,-2.976708,60.0,60.0,18.044108,0.0,1.0,0.0,0.0,0.081818,16720.0,0.368119,1.0
16751.0,0.396206,0.401739,0.411434,0.411434,13.251116,-2.996556,-2.994297,60.0,60.0,17.834706,0.0,1.0,0.0,0.0,0.081818,16730.0,0.370017,1.0
16761.0,0.396417,0.401953,0.411722,0.411722,13.252175,-3.039533,-3.037136,60.0,60.0,17.322525,0.0,1.0,0.0,0.0,0.081818,16740.0,0.373378,1.0
16771.0,0.396627,0.402167,0.412008,0.412008,13.250919,-2.965101,-2.962795,60.0,60.0,18.207986,0.0,1.0,0.0,0.0,0.081818,16750.0,0.360789,1.0
16781.0,0.396838,0.402382,0.412291,0.412291,13.251043,-2.961055,-2.958684,60.0,60.0,18.255608,0.0,1.0,0.0,0.0,0.081818,16760.0,0.36228,1.0
16791.0,0.397047,0.402595,0.412576,0.412576,13.250875,-2.942753,-2.940472,60.0,60.0,18.472947,0.0,1.0,0.0,0.0,0.081818,16770.0,0.356136,1.0
16801.0,0.397257,0.402809,0.412858,0.412858,13.252395,-3.010839,-3.008438,60.0,60.0,17.661993,0.0,1.0,0.0,0.0,0.103801,16780.0,0.360646,1.0
16811.0,0.397468,0.403024,0.413144,0.413144,13.251103,-2.935357,-2.933017,60.0,60.0,18.559986,0.0,1.0,0.0,0.0,0.103801,16790.0,0.359905,1.0
16821.0,0.397678,0.403238,0.413425,0.413425,13.25273,-3.009197,-3.00686,60.0,60.0,17.680557,0.0,1.0,0.0,0.0,0.103801,16800.0,0.362926,1.0
16831.0,0.397888,0.403452,0.41371,0.41371,13.252452,-2.986319,-2.984018,60.0,60.0,17.952449,0.0,1.0,0.0,0.0,0.103801,16810.0,0.370829,1.0
16841.0,0.398097,0.403664,0.413992,0.413992,13.250907,-2.899368,-2.897031,60.0,60.0,18.986996,0.0,1.0,0.0,0.0,0.103801,16820.0,0.356905,1.0
16851.0,0.398307,0.403878,0.414274,0.414274,13.252495,-2.971976,-2.969627,60.0,60.0,18.12233,0.0,1.0,0.0,0.0,0.103801,16830.0,0.364646,1.0
16861.0,0.398517,0.404093,0.414555,0.414555,13.252802,-2.979232,-2.976999,60.0,60.0,18.035514,0.0,1.0,0.0,0.0,0.124579,16840.0,0.355628,1.0
16871.0,0.398727,0.404306,0.414835,0.414835,13.251988,-2.929864,-2.927431,60.0,60.0,18.622772,0.0,1.0,0.0,0.0,0.124579,16850.0,0.364987,1.0
16881.0,0.398937,0.40452,0.415117,0.415117,13.252877,-2.967351,-2.965142,60.0,60.0,18.176127,0.0,1.0,0.0,0.0,0.124579,16860.0,0.357141,1.0
16891.0,0.399148,0.404735,0.415401,0.415401,13.253289,-2.980515,-2.978183,60.0,60.0,18.019011,0.0,1.0,0.0,0.0,0.124579,16870.0,0.363704,1.0
16901.0,0.39936,0.404951,0.415686,0.415686,13.254031,-3.009955,-3.007732,60.0,60.0,17.668075,0.0,1.0,0.0,0.0,0.124579,16880.0,0.366499,1.0
16911.0,0.39957,0.405165,0.415968,0.415968,13.253259,-2.963257,-2.961155,60.0,60.0,18.223638,0.0,1.0,0.0,0.0,0.124579,16890.0,0.36503,1.0
16921.0,0.399781,0.40538,0.416251,0.416251,13.253069,-2.946081,-2.943836,60.0,60.0,18.427725,0.0,1.0,0.0,0.0,0.145337,16900.0,0.375446,1.0
16931.0,0.399991,0.405594,0.416532,0.416532,13.253626,-2.967389,-2.9651,60.0,60.0,18.173691,0.0,1.0,0.0,0.0,0.145337,16910.0,0.362876,1.0
16941.0,0.400201,0.405808,0.416811,0.416811,13.252924,-2.92497,-2.922738,60.0,60.0,18.67832,0.0,1.0,0.0,0.0,0.145337,16920.0,0.366005,1.0
16951.0,0.400411,0.406022,0.41709,0.41709,13.254427,-2.994853,-2.99249,60.0,60.0,17.846021,0.0,1.0,0.0,0.0,0.145337,16930.0,0.35481,1.0
16961.0,0.400621,0.406236,0.417368,0.417368,13.254326,-2.983013,-2.980675,60.0,60.0,17.986635,0.0,1.0,0.0,0.0,0.145337,16940.0,0.358304,1.0
16971.0,0.400832,0.40645,0.417644,0.417644,13.254779,-2.999622,-2.997142,60.0,60.0,17.788541,0.0,1.0,0.0,0.0,0.145337,16950.0,0.360294,1.0
16981.0,0.401041,0.406664,0.41792,0.41792,13.254437,-2.975889,-2.973718,60.0,60.0,18.070785,0.0,1.0,0.0,0.0,0.163988,16960.0,0.358385,1.0
16991.0,0.401252,0.406879,0.418198,0.418198,13.253986,-2.94612,-2.943816,60.0,60.0,18.424847,0.0,1.0,0.0,0.0,0.163988,16970.0,0.372187,1.0
17001.0,0.401463,0.407093,0.418472,0.418472,13.255554,-3.019965,-3.017617,60.0,60.0,17.545307,0.0,1.0,0.0,0.0,0.163988,16980.0,0.369516,1.0
17011.0,0.401673,0.407308,0.41875,0.41875,13.255581,-3.014968,-3.01255,60.0,60.0,17.604475,0.0,1.0,0.0,0.0,0.163988,16990.0,0.354598,1.0
17021.0,0.401885,0.407523,0.419028,0.419028,13.255268,-2.992415,-2.990185,60.0,60.0,17.872666,0.0,1.0,0.0,0.0,0.163988,17000.0,0.359185,1.0
17031.0,0.402096,0.407738,0.419307,0.419307,13.255191,-2.982318,-2.979948,60.0,60.0,17.992562,0.0,1.0,0.0,0.0,0.163988,17010.0,0.362933,1.0
17041.0,0.402306,0.407952,0.41958,0.41958,13.254448,-2.938676,-2.936319,60.0,60.0,18.511867,0.0,1.0,0.0,0.0,0.182759,17020.0,0.36437,1.0
17051.0,0.402516,0.408166,0.419853,0.419853,13.255502,-2.986709,-2.984412,60.0,60.0,17.939683,0.0,1.0,0.0,0.0,0.182759,17030.0,0.369105,1.0
17061.0,0.402726,0.40838,0.420127,0.420127,13.254986,-2.954707,-2.952309,60.0,60.0,18.320419,0.0,1.0,0.0,0.0,0.182759,17040.0,0.359555,1.0
17071.0,0.402936,0.408594,0.4204,0.4204,13.254861,-2.942789,-2.940555,60.0,60.0,18.462024,0.0,1.0,0.0,0.0,0.182759,17050.0,0.368687,1.0
17081.0,0.403146,0.408807,0.420673,0.420673,13.255054,-2.947299,-2.94502,60.0,60.0,18.408051,0.0,1.0,0.0,0.0,0.182759,17060.0,0.357837,1.0
17091.0,0.403355,0.40902,0.420946,0.420946,13.255632,-2.971683,-2.969378,60.0,60.0,18.11747,0.0,1.0,0.0,0.0,0.182759,17070.0,0.359398,1.0
17101.0,0.403566,0.409235,0.421218,0.421218,13.256756,-3.023296,-3.020856,60.0,60.0,17.502573,0.0,1.0,0.0,0.0,0.199656,17080.0,0.361851,1.0
17111.0,0.403776,0.40945,0.421493,0.421493,13.255822,-2.97011,-2.967841,60.0,60.0,18.135605,0.0,1.0,0.0,0.0,0.199656,17090.0,0.366688,1.0
17121.0,0.403986,0.409664,0.421763,0.421763,13.255926,-2.970069,-2.967613,60.0,60.0,18.135814,0.0,1.0,0.0,0.0,0.199656,17100.0,0.363796,1.0
17131.0,0.404197,0.409878,0.422034,0.422034,13.256712,-3.004735,-3.002395,60.0,60.0,17.722746,0.0,1.0,0.0,0.0,0.199656,17110.0,0.36492,1.0
17141.0,0.404407,0.410092,0.422305,0.422305,13.256501,-2.988923,-2.986717,60.0,60.0,17.910764,0.0,1.0,0.0,0.0,0.199656,17120.0,0.354502,1.0
17151.0,0.404618,0.410307,0.422579,0.422579,13.255546,-2.934658,-2.932353,60.0,60.0,18.556611,0.0,1.0,0.0,0.0,0.199656,17130.0,0.357119,1.0
17161.0,0.404828,0.410521,0.422849,0.422849,13.256983,-3.002839,-3.000485,60.0,60.0,17.744493,0.0,1.0,0.0,0.0,0.216484,17140.0,0.368955,1.0
17171.0,0.405038,0.410735,0.42312,0.42312,13.25766,-3.032423,-3.030138,60.0,60.0,17.391912,0.0,1.0,0.0,0.0,0.216484,17150.0,0.362317,1.0
17181.0,0.405247,0.410948,0.423388,0.423388,13.256531,-2.969967,-2.967634,60.0,60.0,18.135422,0.0,1.0,0.0,0.0,0.216484,17160.0,0.357936,1.0
17191.0,0.405459,0.411164,0.423663,0.423663,13.257175,-2.997222,-2.994837,60.0,60.0,17.810576,0.0,1.0,0.0,0.0,0.216484,17170.0,0.362717,1.0
17201.0,0.40567,0.411379,0.423937,0.423937,13.256948,-2.980339,-2.978141,60.0,60.0,18.011341,0.0,1.0,0.0,0.0,0.216484,17180.0,0.352125,1.0
17211.0,0.40588,0.411593,0.424205,0.424205,13.257147,-2.985601,-2.983312,60.0,60.0,17.948424,0.0,1.0,0.0,0.0,0.216484,17190.0,0.362896,1.0
17221.0,0.40609,0.411807,0.424473,0.424473,13.25747,-2.997263,-2.994878,60.0,60.0,17.809297,0.0,1.0,0.0,0.0,0.232382,17200.0,0.359715,1.0
17231.0,0.406302,0.412022,0.424742,0.424742,13.25824,-3.031263,-3.029017,60.0,60.0,17.404092,0.0,1.0,0.0,0.0,0.232382,17210.0,0.359893,1.0
17241.0,0.406512,0.412236,0.425011,0.425011,13.256772,-2.951656,-2.949277,60.0,60.0,18.351871,0.0,1.0,0.0,0.0,0.232382,17220.0,0.370478,1.0
17251.0,0.406722,0.412451,0.425279,0.425279,13.25762,-2.989942,-2.987631,60.0,60.0,17.895689,0.0,1.0,0.0,0.0,0.232382,17230.0,0.356566,1.0
17261.0,0.406932,0.412664,0.425543,0.425543,13.257038,-2.955735,-2.953472,60.0,60.0,18.302814,0.0,1.0,0.0,0.0,0.232382,17240.0,0.364075,1.0
17271.0,0.407143,0.412879,0.425809,0.425809,13.258465,-3.023432,-3.02123,60.0,60.0,17.496341,0.0,1.0,0.0,0.0,0.232382,17250.0,0.366047,1.0
17281.0,0.407352,0.413092,0.426074,0.426074,13.257247,-2.957027,-2.954655,60.0,60.0,18.28694,0.0,1.0,0.0,0.0,0.247405,17260.0,0.380755,1.0
17291.0,0.407562,0.413306,0.426339,0.426339,13.257461,-2.963245,-2.960989,60.0,60.0,18.21265,0.0,1.0,0.0,0.0,0.247405,17270.0,0.358667,1.0
17301.0,0.407772,0.41352,0.426604,0.426604,13.258323,-3.002672,-3.000443,60.0,60.0,17.742869,0.0,1.0,0.0,0.0,0.247405,17280.0,0.361834,1.0
17311.0,0.407982,0.413734,0.42687,0.42687,13.257515,-2.956729,-2.954448,60.0,60.0,18.289759,0.0,1.0,0.0,0.0,0.247405,17290.0,0.358117,1.0
17321.0,0.408194,0.41395,0.427134,0.427134,13.258645,-3.009221,-3.006985,60.0,60.0,17.664359,0.0,1.0,0.0,0.0,0.247405,17300.0,0.367701,1.0
17331.0,0.408404,0.414164,0.4274,0.4274,13.258387,-2.991185,-2.988919,60.0,60.0,17.878908,0.0,1.0,0.0,0.0,0.247405,17310.0,0.365161,1.0
17341.0,0.408615,0.414379,0.427662,0.427662,13.259157,-3.025758,-3.023348,60.0,60.0,17.46688,0.0,1.0,0.0,0.0,0.262054,17320.0,0.370945,1.0
17351.0,0.408827,0.414594,0.427927,0.427927,13.258191,-2.971329,-2.969004,60.0,60.0,18.114863,0.0,1.0,0.0,0.0,0.262054,17330.0,0.366696,1.0
17361.0,0.409037,0.414809,0.428194,0.428194,13.257837,-2.948478,-2.946141,60.0,60.0,18.38674,0.0,1.0,0.0,0.0,0.262054,17340.0,0.358618,1.0
17371.0,0.409249,0.415024,0.428458,0.428458,13.259666,-3.037049,-3.034686,60.0,60.0,17.331609,0.0,1.0,0.0,0.0,0.262054,17350.0,0.352973,1.0
17381.0,0.409458,0.415238,0.428723,0.428723,13.259478,-3.023025,-3.020648,60.0,60.0,17.498426,0.0,1.0,0.0,0.0,0.262054,17360.0,0.365575,1.0
17391.0,0.409668,0.415451,0.428985,0.428985,13.258011,-2.943861,-2.941552,60.0,60.0,18.441024,0.0,1.0,0.0,0.0,0.262054,17370.0,0.356171,1.0
17401.0,0.409879,0.415666,0.429245,0.429245,13.259094,-2.994606,-2.992241,60.0,60.0,17.836447,0.0,1.0,0.0,0.0,0.275916,17380.0,0.356761,1.0
17411.0,0.410089,0.41588,0.429507,0.429507,13.259017,-2.986032,-2.983686,60.0,60.0,17.938324,0.0,1.0,0.0,0.0,0.275916,17390.0,0.357896,1.0
17421.0,0.4103,0.416095,0.429768,0.429768,13.258925,-2.976635,-2.974279,60.0,60.0,18.049993,0.0,1.0,0.0,0.0,0.275916,17400.0,0.366992,1.0
17431.0,0.41051,0.416309,0.430028,0.430028,13.259542,-3.003609,-3.001212,60.0,60.0,17.72849,0.0,1.0,0.0,0.0,0.275916,17410.0,0.368898,1.0
17441.0,0.410721,0.416524,0.43029,0.43029,13.260505,-3.048017,-3.045546,60.0,60.0,17.19927,0.0,1.0,0.0,0.0,0.275916,17420.0,0.361294,1.0
17451.0,0.410932,0.416739,0.43055,0.43055,13.259502,-2.992129,-2.989811,60.0,60.0,17.864727,0.0,1.0,0.0,0.0,0.275916,17430.0,0.352299,1.0
17461.0,0.411143,0.416954,0.430813,0.430813,13.258969,-2.960481,-2.958289,60.0,60.0,18.241423,0.0,1.0,0.0,0.0,0.289417,17440.0,0.364735,1.0
17471.0,0.411353,0.417168,0.431075,0.431075,13.258371,-2.925453,-2.923175,60.0,60.0,18.65834,0.0,1.0,0.0,0.0,0.289417,17450.0,0.362138,1.0
17481.0,0.411563,0.417382,0.431334,0.431334,13.260034,-3.006235,-3.003994,60.0,60.0,17.696028,0.0,1.0,0.0,0.0,0.289417,17460.0,0.347365,1.0
17491.0,0.411773,0.417596,0.431595,0.431595,13.259272,-2.96296,-2.960594,60.0,60.0,18.211232,0.0,1.0,0.0,0.0,0.289417,17470.0,0.357226,1.0
17501.0,0.411983,0.417809,0.431853,0.431853,13.260084,-3.000242,-2.997869,60.0,60.0,17.766966,0.0,1.0,0.0,0.0,0.289417,17480.0,0.358499,1.0
17511.0,0.412192,0.418022,0.432113,0.432113,13.259803,-2.98183,-2.979429,60.0,60.0,17.986055,0.0,1.0,0.0,0.0,0.289417,17490.0,0.359256,1.0
17521.0,0.412403,0.418237,0.432373,0.432373,13.260563,-3.016089,-3.013858,60.0,60.0,17.577746,0.0,1.0,0.0,0.0,0.301309,17500.0,0.362001,1.0
17531.0,0.412612,0.41845,0.432632,0.432632,13.258884,-2.926456,-2.924192,60.0,60.0,18.645108,0.0,1.0,0.0,0.0,0.301309,17510.0,0.35582,1.0
17541.0,0.412822,0.418664,0.432894,0.432894,13.260082,-2.98304,-2.980675,60.0,60.0,17.970963,0.0,1.0,0.0,0.0,0.301309,17520.0,0.362957,1.0
17551.0,0.413031,0.418878,0.43315,0.43315,13.260142,-2.982129,-2.979844,60.0,60.0,17.981599,0.0,1.0,0.0,0.0,0.301309,17530.0,0.375686,1.0
17561.0,0.413242,0.419092,0.433407,0.433407,13.260206,-2.980992,-2.978764,60.0,60.0,17.994914,0.0,1.0,0.0,0.0,0.301309,17540.0,0.363187,1.0
17571.0,0.413453,0.419306,0.433664,0.433664,13.260815,-3.00746,-3.00522,60.0,60.0,17.679399,0.0,1.0,0.0,0.0,0.301309,17550.0,0.355037,1.0
17581.0,0.413663,0.41952,0.433919,0.433919,13.26101,-3.013011,-3.010764,60.0,60.0,17.613045,0.0,1.0,0.0,0.0,0.313119,17560.0,0.348843,1.0
17591.0,0.413873,0.419735,0.434174,0.434174,13.260832,-2.999509,-2.997246,60.0,60.0,17.773653,0.0,1.0,0.0,0.0,0.313119,17570.0,0.358182,1.0
17601.0,0.414084,0.419949,0.434431,0.434431,13.261401,-3.023998,-3.021728,60.0,60.0,17.481684,0.0,1.0,0.0,0.0,0.313119,17580.0,0.350338,1.0
17611.0,0.414294,0.420163,0.434687,0.434687,13.260791,-2.988631,-2.986302,60.0,60.0,17.902764,0.0,1.0,0.0,0.0,0.313119,17590.0,0.35925,1.0
17621.0,0.414505,0.420378,0.434947,0.434947,13.260825,-2.985593,-2.983374,60.0,60.0,17.938701,0.0,1.0,0.0,0.0,0.313119,17600.0,0.356651,1.0
17631.0,0.414715,0.420592,0.4352,0.4352,13.260789,-2.979474,-2.977061,60.0,60.0,18.011363,0.0,1.0,0.0,0.0,0.313119,17610.0,0.3679,1.0
17641.0,0.414926,0.420807,0.435457,0.435457,13.261746,-3.023825,-3.021624,60.0,60.0,17.482802,0.0,1.0,0.0,0.0,0.324974,17620.0,0.361806,1.0
17651.0,0.415136,0.421021,0.435715,0.435715,13.261808,-3.022675,-3.020233,60.0,60.0,17.496276,0.0,1.0,0.0,0.0,0.324974,17630.0,0.35907,1.0
17661.0,0.415345,0.421235,0.435967,0.435967,13.260674,-2.960689,-2.958393,60.0,60.0,18.234444,0.0,1.0,0.0,0.0,0.324974,17640.0,0.368634,1.0
17671.0,0.415556,0.42145,0.436222,0.436222,13.262117,-3.029698,-3.02746,60.0,60.0,17.412145,0.0,1.0,0.0,0.0,0.324974,17650.0,0.348175,1.0
17681.0,0.415767,0.421664,0.436478,0.436478,13.260961,-2.966321,-2.963958,60.0,60.0,18.166896,0.0,1.0,0.0,0.0,0.324974,17660.0,0.36803,1.0
17691.0,0.415976,0.421877,0.43673,0.43673,13.260637,-2.945722,-2.943546,60.0,60.0,18.412038,0.0,1.0,0.0,0.0,0.324974,17670.0,0.353599,1.0
17701.0,0.416187,0.422092,0.436987,0.436987,13.261534,-2.987085,-2.984786,60.0,60.0,17.919111,0.0,1.0,0.0,0.0,0.335874,17680.0,0.360474,1.0
17711.0,0.416398,0.422307,0.43724,0.43724,13.26221,-3.016912,-3.014689,60.0,60.0,17.56354,0.0,1.0,0.0,0.0,0.335874,17690.0,0.361232,1.0
17721.0,0.416608,0.422521,0.437491,0.437491,13.261833,-2.993456,-2.991099,60.0,60.0,17.84275,0.0,1.0,0.0,0.0,0.335874,17700.0,0.367027,1.0
17731.0,0.416818,0.422735,0.437746,0.437746,13.261614,-2.977854,-2.975629,60.0,60.0,18.028375,0.0,1.0,0.0,0.0,0.335874,17710.0,0.352751,1.0
17741.0,0.417029,0.422949,0.437998,0.437998,13.26183,-2.984647,-2.982398,60.0,60.0,17.947241,0.0,1.0,0.0,0.0,0.335874,17720.0,0.362692,1.0
17751.0,0.417239,0.423163,0.438249,0.438249,13.261849,-2.981399,-2.979096,60.0,60.0,17.985714,0.0,1.0,0.0,0.0,0.335874,17730.0,0.363121,1.0
17761.0,0.417449,0.423378,0.438501,0.438501,13.262233,-2.996481,-2.994172,60.0,60.0,17.805801,0.0,1.0,0.0,0.0,0.346398,17740.0,0.365828,1.0
17771.0,0.41766,0.423593,0.438755,0.438755,13.262275,-2.994045,-2.991867,60.0,60.0,17.834585,0.0,1.0,0.0,0.0,0.346398,17750.0,0.364092,1.0
17781.0,0.417871,0.423807,0.439009,0.439009,13.26256,-3.004255,-3.001939,60.0,60.0,17.712721,0.0,1.0,0.0,0.0,0.346398,17760.0,0.367185,1.0
17791.0,0.41808,0.42402,0.439259,0.439259,13.262499,-2.997179,-2.994816,60.0,60.0,17.796806,0.0,1.0,0.0,0.0,0.346398,17770.0,0.370019,1.0
17801.0,0.418292,0.424236,0.43951,0.43951,13.262432,-2.988825,-2.986572,60.0,60.0,17.896078,0.0,1.0,0.0,0.0,0.346398,17780.0,0.362708,1.0
17811.0,0.418504,0.424452,0.439764,0.439764,13.262606,-2.992755,-2.990351,60.0,60.0,17.848993,0.0,1.0,0.0,0.0,0.346398,17790.0,0.35513,1.0
17821.0,0.418698,0.42465,0.440017,0.440017,13.219672,-0.80311,-0.801052,60.0,60.0,19.001395,24.720089,1.0,1.0,1.0,0.356875,17800.0,-2.197353,1.0
17831.0,0.418728,0.42468,0.440026,0.440026,13.210534,-0.39984,-0.397721,60.0,60.0,18.464746,30.0,1.0,1.0,1.0,0.356875,17810.0,0.350138,1.0
17841.0,0.418759,0.424711,0.44003,0.44003,13.209449,-0.403991,-0.401874,60.0,60.0,18.416092,30.0,1.0,1.0,1.0,0.356875,17820.0,0.357604,1.0
17851.0,0.418791,0.424744,0.44004,0.44004,13.208269,-0.400074,-0.397908,60.0,60.0,18.462792,30.0,1.0,1.0,1.0,0.356875,17830.0,0.355144,1.0
17861.0,0.418821,0.424775,0.440047,0.440047,13.207708,-0.425447,-0.423304,60.0,60.0,18.163289,30.0,1.0,1.0,1.0,0.356875,17840.0,0.352199,1.0
17871.0,0.418852,0.424806,0.440056,0.440056,13.206307,-0.405082,-0.402871,60.0,60.0,18.404343,30.0,1.0,1.0,1.0,0.356875,17850.0,0.366821,1.0
17881.0,0.418883,0.424838,0.440061,0.440061,13.206506,-0.464017,-0.461887,60.0,60.0,17.708205,30.0,1.0,1.0,1.0,0.36453,17860.0,0.35691,1.0
17891.0,0.418915,0.42487,0.440075,0.440075,13.204422,-0.403573,-0.401417,60.0,60.0,18.422846,30.0,1.0,1.0,1.0,0.36453,17870.0,0.351911,1.0
17901.0,0.418947,0.424902,0.440083,0.440083,13.20396,-0.423671,-0.421477,60.0,60.0,18.185687,30.0,1.0,1.0,1.0,0.36453,17880.0,0.364891,1.0
17911.0,0.418977,0.424933,0.440088,0.440088,13.202842,-0.408603,-0.406505,60.0,60.0,18.36403,30.0,1.0,1.0,1.0,0.36453,17890.0,0.356615,1.0
17921.0,0.419008,0.424964,0.440098,0.440098,13.201818,-0.396393,-0.394253,60.0,60.0,18.508559,30.0,1.0,1.0,1.0,0.36453,17900.0,0.364458,1.0
17931.0,0.419038,0.424995,0.440105,0.440105,13.20304,-0.496682,-0.494593,60.0,60.0,17.323944,30.0,1.0,1.0,1.0,0.36453,17910.0,0.369792,1.0
17941.0,0.41907,0.425027,0.440114,0.440114,13.201642,-0.460887,-0.458855,60.0,60.0,17.74718,30.0,1.0,1.0,1.0,0.372333,17920.0,0.355237,1.0
17951.0,0.419101,0.425059,0.440124,0.440124,13.200621,-0.442868,-0.440789,60.0,60.0,17.960321,30.0,1.0,1.0,1.0,0.372333,17930.0,0.373802,1.0
17961.0,0.419133,0.425091,0.440134,0.440134,13.199718,-0.42906,-0.42698,60.0,60.0,18.123675,30.0,1.0,1.0,1.0,0.372333,17940.0,0.360815,1.0
17971.0,0.419164,0.425122,0.440141,0.440141,13.199422,-0.444733,-0.442596,60.0,60.0,17.938788,30.0,1.0,1.0,1.0,0.372333,17950.0,0.359509,1.0
17981.0,0.419194,0.425153,0.44015,0.44015,13.19806,-0.404597,-0.402497,60.0,60.0,18.413056,30.0,1.0,1.0,1.0,0.372333,17960.0,0.356404,1.0
17991.0,0.419226,0.425185,0.44016,0.44016,13.19808,-0.43339,-0.431154,60.0,60.0,18.073195,30.0,1.0,1.0,1.0,0.372333,17970.0,0.360323,1.0
18001.0,0.419257,0.425217,0.440169,0.440169,13.197788,-0.444784,-0.442762,60.0,60.0,17.938831,30.0,1.0,1.0,1.0,0.379727,17980.0,0.356924,1.0
18011.0,0.419288,0.425248,0.440178,0.440178,13.197745,-0.467726,-0.465666,60.0,60.0,17.668063,30.0,1.0,1.0,1.0,0.379727,17990.0,0.367809,1.0
18021.0,0.419319,0.42528,0.440188,0.440188,13.196921,-0.449503,-0.447434,60.0,60.0,17.883481,30.0,1.0,1.0,1.0,0.379727,18000.0,0.352326,1.0
18031.0,0.41935,0.425312,0.440201,0.440201,13.196251,-0.43781,-0.435847,60.0,60.0,18.021749,30.0,1.0,1.0,1.0,0.379727,18010.0,0.354351,1.0
18041.0,0.419381,0.425343,0.440212,0.440212,13.19506,-0.398725,-0.396662,60.0,60.0,18.483443,30.0,1.0,1.0,1.0,0.379727,18020.0,0.345317,1.0
18051.0,0.419412,0.425374,0.440221,0.440221,13.194199,-0.375401,-0.373301,60.0,60.0,18.758963,30.0,1.0,1.0,1.0,0.379727,18030.0,0.358332,1.0
18061.0,0.419444,0.425406,0.440233,0.440233,13.195131,-0.442037,-0.439854,60.0,60.0,17.972307,30.0,1.0,1.0,1.0,0.386814,18040.0,0.362491,1.0
18071.0,0.419475,0.425438,0.440246,0.440246,13.194859,-0.446406,-0.444215,60.0,60.0,17.92086,30.0,1.0,1.0,1.0,0.386814,18050.0,0.350353,1.0
18081.0,0.419506,0.42547,0.440257,0.440257,13.194732,-0.457364,-0.455117,60.0,60.0,17.7916,30.0,1.0,1.0,1.0,0.386814,18060.0,0.352558,1.0
18091.0,0.419537,0.425501,0.440267,0.440267,13.194251,-0.449537,-0.447455,60.0,60.0,17.884149,30.0,1.0,1.0,1.0,0.386814,18070.0,0.359954,1.0
18101.0,0.419568,0.425533,0.440281,0.440281,13.193101,-0.406624,-0.404449,60.0,60.0,18.390932,30.0,1.0,1.0,1.0,0.386814,18080.0,0.347684,1.0
18111.0,0.419599,0.425564,0.44029,0.44029,13.192769,-0.404885,-0.402767,60.0,60.0,18.411575,30.0,1.0,1.0,1.0,0.386814,18090.0,0.346423,1.0
18121.0,0.419631,0.425596,0.440301,0.440301,13.192628,-0.411613,-0.409599,60.0,60.0,18.332242,30.0,1.0,1.0,1.0,0.39349,18100.0,0.354927,1.0
18131.0,0.419661,0.425626,0.440312,0.440312,13.191805,-0.383534,-0.381461,60.0,60.0,18.66382,30.0,1.0,1.0,1.0,0.39349,18110.0,0.364676,1.0
18141.0,0.419691,0.425657,0.440321,0.440321,13.192399,-0.426775,-0.424633,60.0,60.0,18.153445,30.0,1.0,1.0,1.0,0.39349,18120.0,0.356003,1.0
18151.0,0.419723,0.42569,0.440332,0.440332,13.192234,-0.43022,-0.427997,60.0,60.0,18.112866,30.0,1.0,1.0,1.0,0.39349,18130.0,0.359928,1.0
18161.0,0.419754,0.425721,0.440344,0.440344,13.192539,-0.457421,-0.4552,60.0,60.0,17.791823,30.0,1.0,1.0,1.0,0.39349,18140.0,0.357362,1.0
18171.0,0.419786,0.425753,0.440357,0.440357,13.193806,-0.532683,-0.530476,60.0,60.0,16.903261,30.0,1.0,1.0,1.0,0.39349,18150.0,0.362389,1.0
18181.0,0.419816,0.425784,0.440366,0.440366,13.191666,-0.433958,-0.43186,60.0,60.0,18.068988,30.0,1.0,1.0,1.0,0.39965,18160.0,0.354737,1.0
18191.0,0.419847,0.425815,0.440379,0.440379,13.191645,-0.442835,-0.440581,60.0,60.0,17.96427,30.0,1.0,1.0,1.0,0.39965,18170.0,0.362104,1.0
18201.0,0.419878,0.425847,0.440387,0.440387,13.193305,-0.53699,-0.534836,60.0,60.0,16.852672,30.0,1.0,1.0,1.0,0.39965,18180.0,0.360957,1.0
18211.0,0.419909,0.425879,0.440399,0.440399,13.192106,-0.484519,-0.482382,60.0,60.0,17.472299,30.0,1.0,1.0,1.0,0.39965,18190.0,0.358333,1.0
18221.0,0.419941,0.42591,0.440414,0.440414,13.190502,-0.410948,-0.40881,60.0,60.0,18.340876,30.0,1.0,1.0,1.0,0.39965,18200.0,0.360997,1.0
18231.0,0.419971,0.425941,0.440426,0.440426,13.190161,-0.401541,-0.39932,60.0,60.0,18.451969,30.0,1.0,1.0,1.0,0.39965,18210.0,0.355188,1.0
18241.0,0.420003,0.425973,0.440436,0.440436,13.191209,-0.462465,-0.460412,60.0,60.0,17.732861,30.0,1.0,1.0,1.0,0.405637,18220.0,0.371305,1.0
18251.0,0.420034,0.426005,0.440445,0.440445,13.190904,-0.454012,-0.452002,60.0,60.0,17.832705,30.0,1.0,1.0,1.0,0.405637,18230.0,0.354899,1.0
18261.0,0.420065,0.426036,0.440457,0.440457,13.190793,-0.455158,-0.453103,60.0,60.0,17.819239,30.0,1.0,1.0,1.0,0.405637,18240.0,0.354778,1.0
18271.0,0.420095,0.426067,0.440468,0.440468,13.19058,-0.450726,-0.448638,60.0,60.0,17.871601,30.0,1.0,1.0,1.0,0.405637,18250.0,0.363484,1.0
18281.0,0.420125,0.426098,0.440479,0.440479,13.191834,-0.521243,-0.519138,60.0,60.0,17.039167,30.0,1.0,1.0,1.0,0.405637,18260.0,0.362049,1.0
18291.0,0.420156,0.426129,0.440491,0.440491,13.190397,-0.453511,-0.451192,60.0,60.0,17.838822,30.0,1.0,1.0,1.0,0.405637,18270.0,0.361614,1.0
18301.0,0.420187,0.426161,0.440503,0.440503,13.190679,-0.473302,-0.471107,60.0,60.0,17.605244,30.0,1.0,1.0,1.0,0.411083,18280.0,0.352067,1.0
18311.0,0.420219,0.426192,0.440516,0.440516,13.189852,-0.436171,-0.434019,60.0,60.0,18.043584,30.0,1.0,1.0,1.0,0.411083,18290.0,0.347424,1.0
18321.0,0.420249,0.426224,0.440528,0.440528,13.190013,-0.449257,-0.447122,60.0,60.0,17.889157,30.0,1.0,1.0,1.0,0.411083,18300.0,0.357481,1.0
18331.0,0.42028,0.426255,0.440541,0.440541,13.190191,-0.462995,-0.460848,60.0,60.0,17.727029,30.0,1.0,1.0,1.0,0.411083,18310.0,0.358686,1.0
18341.0,0.420311,0.426286,0.440553,0.440553,13.190751,-0.495957,-0.4937,60.0,60.0,17.337959,30.0,1.0,1.0,1.0,0.411083,18320.0,0.357903,1.0
18351.0,0.420342,0.426317,0.440565,0.440565,13.190072,-0.46547,-0.463133,60.0,60.0,17.697885,30.0,1.0,1.0,1.0,0.411083,18330.0,0.359582,1.0
18361.0,0.420372,0.426348,0.440578,0.440578,13.189084,-0.419061,-0.416991,60.0,60.0,18.245706,30.0,1.0,1.0,1.0,0.416425,18340.0,0.350672,1.0
18371.0,0.420401,0.426378,0.440589,0.440589,13.188903,-0.414068,-0.411987,60.0,60.0,18.304658,30.0,1.0,1.0,1.0,0.416425,18350.0,0.360705,1.0
18381.0,0.420433,0.426409,0.4406,0.4406,13.189204,-0.432765,-0.430572,60.0,60.0,18.084015,30.0,1.0,1.0,1.0,0.416425,18360.0,0.359368,1.0
18391.0,0.420463,0.42644,0.440612,0.440612,13.188929,-0.422049,-0.419961,60.0,60.0,18.210516,30.0,1.0,1.0,1.0,0.416425,18370.0,0.351687,1.0
18401.0,0.420495,0.426473,0.440624,0.440624,13.189269,-0.442135,-0.439875,60.0,60.0,17.97346,30.0,1.0,1.0,1.0,0.416425,18380.0,0.356674,1.0
18411.0,0.420526,0.426505,0.440638,0.440638,13.189264,-0.44453,-0.442533,60.0,60.0,17.945212,30.0,1.0,1.0,1.0,0.416425,18390.0,0.351494,1.0
18421.0,0.420558,0.426536,0.440652,0.440652,13.189529,-0.46058,-0.45846,60.0,60.0,17.755795,30.0,1.0,1.0,1.0,0.421613,18400.0,0.357379,1.0
18431.0,0.420588,0.426567,0.440663,0.440663,13.188807,-0.426461,-0.42428,60.0,60.0,18.158524,30.0,1.0,1.0,1.0,0.421613,18410.0,0.359777,1.0
18441.0,0.420618,0.426598,0.440677,0.440677,13.189011,-0.43944,-0.437446,60.0,60.0,18.00536,30.0,1.0,1.0,1.0,0.421613,18420.0,0.364969,1.0
18451.0,0.42065,0.42663,0.440691,0.440691,13.190237,-0.504073,-0.502027,60.0,60.0,17.242444,30.0,1.0,1.0,1.0,0.421613,18430.0,0.355582,1.0
18461.0,0.420681,0.426662,0.440705,0.440705,13.189568,-0.47175,-0.469695,60.0,60.0,17.62402,30.0,1.0,1.0,1.0,0.421613,18440.0,0.347269,1.0
18471.0,0.420712,0.426693,0.440718,0.440718,13.189118,-0.45074,-0.448576,60.0,60.0,17.872029,30.0,1.0,1.0,1.0,0.421613,18450.0,0.358488,1.0
18481.0,0.420743,0.426724,0.440728,0.440728,13.190041,-0.499869,-0.497624,60.0,60.0,17.292129,30.0,1.0,1.0,1.0,0.426432,18460.0,0.351804,1.0
18491.0,0.420774,0.426756,0.440744,0.440744,13.188128,-0.403848,-0.401666,60.0,60.0,18.425481,30.0,1.0,1.0,1.0,0.426432,18470.0,0.350598,1.0
18501.0,0.420806,0.426789,0.44076,0.44076,13.189304,-0.464939,-0.4628,60.0,60.0,17.70447,30.0,1.0,1.0,1.0,0.426432,18480.0,0.349372,1.0
18511.0,0.420838,0.42682,0.440777,0.440777,13.187899,-0.39455,-0.392488,60.0,60.0,18.535232,30.0,1.0,1.0,1.0,0.426432,18490.0,0.363026,1.0
18521.0,0.420869,0.426852,0.440788,0.440788,13.188372,-0.420091,-0.417988,60.0,60.0,18.233823,30.0,1.0,1.0,1.0,0.426432,18500.0,0.357958,1.0
18531.0,0.420899,0.426883,0.440801,0.440801,13.187697,-0.387029,-0.384888,60.0,60.0,18.624004,30.0,1.0,1.0,1.0,0.426432,18510.0,0.354668,1.0
18541.0,0.42093,0.426914,0.440819,0.440819,13.188473,-0.427926,-0.42563,60.0,60.0,18.141375,30.0,1.0,1.0,1.0,0.431403,18520.0,0.358841,1.0
18551.0,0.420962,0.426946,0.440836,0.440836,13.188867,-0.448901,-0.446749,60.0,60.0,17.893815,30.0,1.0,1.0,1.0,0.431403,18530.0,0.348153,1.0
18561.0,0.420993,0.426978,0.44085,0.44085,13.188962,-0.454805,-0.452771,60.0,60.0,17.824144,30.0,1.0,1.0,1.0,0.431403,18540.0,0.357482,1.0
18571.0,0.421024,0.42701,0.440864,0.440864,13.188812,-0.447839,-0.445627,60.0,60.0,17.90637,30.0,1.0,1.0,1.0,0.431403,18550.0,0.365398,1.0
18581.0,0.421054,0.42704,0.440877,0.440877,13.188341,-0.425065,-0.422889,60.0,60.0,18.175166,30.0,1.0,1.0,1.0,0.431403,18560.0,0.361483,1.0
18591.0,0.421085,0.427071,0.440891,0.440891,13.188326,-0.42525,-0.423346,60.0,60.0,18.172989,30.0,1.0,1.0,1.0,0.431403,18570.0,0.35256,1.0
18601.0,0.421116,0.427103,0.440908,0.440908,13.189177,-0.469103,-0.466912,60.0,60.0,17.655411,30.0,1.0,1.0,1.0,0.435895,18580.0,0.362653,1.0
18611.0,0.421147,0.427134,0.440924,0.440924,13.188489,-0.434784,-0.432773,60.0,60.0,18.060479,30.0,1.0,1.0,1.0,0.435895,18590.0,0.348402,1.0
18621.0,0.421177,0.427165,0.440938,0.440938,13.189414,-0.482934,-0.480929,60.0,60.0,17.492165,30.0,1.0,1.0,1.0,0.435895,18600.0,0.367906,1.0
18631.0,0.421208,0.427196,0.440953,0.440953,13.188232,-0.423049,-0.420999,60.0,60.0,18.198986,30.0,1.0,1.0,1.0,0.435895,18610.0,0.357424,1.0
18641.0,0.421239,0.427228,0.440967,0.440967,13.188702,-0.447577,-0.445357,60.0,60.0,17.909497,30.0,1.0,1.0,1.0,0.435895,18620.0,0.360489,1.0
18651.0,0.421271,0.42726,0.440985,0.440985,13.188769,-0.451168,-0.448991,60.0,60.0,17.867118,30.0,1.0,1.0,1.0,0.435895,18630.0,0.354955,1.0
18661.0,0.421303,0.427292,0.441001,0.441001,13.189872,-0.507331,-0.505266,60.0,60.0,17.204181,30.0,1.0,1.0,1.0,0.440193,18640.0,0.364042,1.0
18671.0,0.421335,0.427325,0.441021,0.441021,13.189289,-0.477406,-0.475156,60.0,60.0,17.557417,30.0,1.0,1.0,1.0,0.440193,18650.0,0.357188,1.0
18681.0,0.421367,0.427357,0.441039,0.441039,13.188661,-0.44546,-0.443218,60.0,60.0,17.934492,30.0,1.0,1.0,1.0,0.440193,18660.0,0.364183,1.0
18691.0,0.421399,0.42739,0.44106,0.44106,13.188266,-0.425144,-0.423055,60.0,60.0,18.174265,30.0,1.0,1.0,1.0,0.440193,18670.0,0.356755,1.0
18701.0,0.421429,0.427421,0.441075,0.441075,13.188376,-0.431249,-0.429036,60.0,60.0,18.102211,30.0,1.0,1.0,1.0,0.440193,18680.0,0.35849,1.0
18711.0,0.42146,0.427451,0.441092,0.441092,13.187644,-0.394357,-0.392239,60.0,60.0,18.537601,30.0,1.0,1.0,1.0,0.440193,18690.0,0.372713,1.0
18721.0,0.421491,0.427483,0.441107,0.441107,13.188851,-0.456015,-0.453913,60.0,60.0,17.809913,30.0,1.0,1.0,1.0,0.441151,18700.0,0.363375,1.0
18731.0,0.421522,0.427515,0.441122,0.441122,13.188669,-0.446742,-0.444485,60.0,60.0,17.919362,30.0,1.0,1.0,1.0,0.441151,18710.0,0.364081,1.0
18741.0,0.421552,0.427545,0.441136,0.441136,13.188481,-0.437505,-0.435265,60.0,60.0,18.028384,30.0,1.0,1.0,1.0,0.441151,18720.0,0.360635,1.0
18751.0,0.421585,0.427579,0.441157,0.441157,13.188927,-0.459668,-0.457671,60.0,60.0,17.766797,30.0,1.0,1.0,1.0,0.441151,18730.0,0.361085,1.0
18761.0,0.421616,0.42761,0.441173,0.441173,13.189089,-0.468091,-0.465811,60.0,60.0,17.667383,30.0,1.0,1.0,1.0,0.441151,18740.0,0.348104,1.0
18771.0,0.421648,0.427642,0.441193,0.441193,13.188383,-0.431685,-0.429638,60.0,60.0,18.097068,30.0,1.0,1.0,1.0,0.441151,18750.0,0.359151,1.0
18781.0,0.421679,0.427674,0.441212,0.441212,13.187884,-0.406107,-0.403909,60.0,60.0,18.398931,30.0,1.0,1.0,1.0,0.441311,18760.0,0.358127,1.0
18791.0,0.421709,0.427705,0.441226,0.441226,13.189436,-0.485399,-0.483109,60.0,60.0,17.463078,30.0,1.0,1.0,1.0,0.441311,18770.0,0.356252,1.0
18801.0,0.421741,0.427737,0.441244,0.441244,13.188829,-0.454216,-0.452065,60.0,60.0,17.831145,30.0,1.0,1.0,1.0,0.441311,18780.0,0.361462,1.0
18811.0,0.421771,0.427768,0.441261,0.441261,13.188951,-0.460509,-0.458357,60.0,60.0,17.756868,30.0,1.0,1.0,1.0,0.441311,18790.0,0.351959,1.0
18821.0,0.421803,0.4278,0.44128,0.44128,13.188362,-0.430033,-0.428018,60.0,60.0,18.116562,30.0,1.0,1.0,1.0,0.441311,18800.0,0.357259,1.0
18831.0,0.421834,0.427831,0.441296,0.441296,13.188868,-0.455865,-0.453747,60.0,60.0,17.811677,30.0,1.0,1.0,1.0,0.441311,18810.0,0.349439,1.0
18841.0,0.421864,0.427861,0.441311,0.441311,13.188215,-0.422641,-0.420584,60.0,60.0,18.203797,30.0,1.0,1.0,1.0,0.441456,18820.0,0.35689,1.0
18851.0,0.421895,0.427893,0.44133,0.44133,13.188365,-0.430082,-0.427935,60.0,60.0,18.115984,30.0,1.0,1.0,1.0,0.441456,18830.0,0.358196,1.0
18861.0,0.421926,0.427925,0.441346,0.441346,13.187355,-0.378078,-0.376021,60.0,60.0,18.729684,30.0,1.0,1.0,1.0,0.441456,18840.0,0.344776,1.0
18871.0,0.421957,0.427956,0.441363,0.441363,13.189227,-0.473288,-0.471335,60.0,60.0,17.606022,30.0,1.0,1.0,1.0,0.441456,18850.0,0.350077,1.0
18881.0,0.421989,0.427989,0.441383,0.441383,13.188332,-0.427046,-0.424924,60.0,60.0,18.151802,30.0,1.0,1.0,1.0,0.441456,18860.0,0.358883,1.0
18891.0,0.422019,0.428019,0.441399,0.441399,13.188185,-0.419653,-0.417552,60.0,60.0,18.239056,30.0,1.0,1.0,1.0,0.441456,18870.0,0.35551,1.0
18901.0,0.42205,0.42805,0.441418,0.441418,13.188547,-0.438009,-0.435951,60.0,60.0,18.022415,30.0,1.0,1.0,1.0,0.441607,18880.0,0.358334,1.0
18911.0,0.422081,0.428082,0.441438,0.441438,13.18858,-0.439131,-0.437134,60.0,60.0,18.009175,30.0,1.0,1.0,1.0,0.441607,18890.0,0.34967,1.0
18921.0,0.422112,0.428114,0.441456,0.441456,13.189538,-0.487721,-0.485684,60.0,60.0,17.435645,30.0,1.0,1.0,1.0,0.441607,18899.0,0.354781,1.0
18931.0,0.422144,0.428145,0.441478,0.441478,13.188515,-0.435031,-0.43296,60.0,60.0,18.057551,30.0,1.0,1.0,1.0,0.441607,18909.0,0.355758,1.0
18941.0,0.422176,0.428178,0.441496,0.441496,13.188807,-0.449207,-0.447268,60.0,60.0,17.890233,30.0,1.0,1.0,1.0,0.441607,18919.0,0.350769,1.0
18951.0,0.422206,0.428209,0.441513,0.441513,13.188816,-0.449455,-0.447413,60.0,60.0,17.887303,30.0,1.0,1.0,1.0,0.441607,18929.0,0.352846,1.0
18961.0,0.422237,0.42824,0.441532,0.441532,13.189469,-0.482589,-0.480493,60.0,60.0,17.496214,30.0,1.0,1.0,1.0,0.441768,18939.0,0.356524,1.0
18971.0,0.422267,0.42827,0.441554,0.441554,13.187808,-0.39787,-0.395624,60.0,60.0,18.496104,30.0,1.0,1.0,1.0,0.441768,18949.0,0.352107,1.0
18981.0,0.422299,0.428303,0.441574,0.441574,13.188389,-0.426603,-0.42455,60.0,60.0,18.157008,30.0,1.0,1.0,1.0,0.441768,18959.0,0.360592,1.0
18991.0,0.422331,0.428336,0.441596,0.441596,13.188597,-0.436263,-0.434248,60.0,60.0,18.04299,30.0,1.0,1.0,1.0,0.441768,18969.0,0.361645,1.0
19001.0,0.422364,0.428369,0.441617,0.441617,13.188369,-0.423748,-0.421747,60.0,60.0,18.190686,30.0,1.0,1.0,1.0,0.441768,18979.0,0.370776,1.0
19011.0,0.422395,0.4284,0.441634,0.441634,13.189401,-0.476006,-0.473806,60.0,60.0,17.573892,30.0,1.0,1.0,1.0,0.441768,18989.0,0.360389,1.0
19021.0,0.422426,0.428432,0.441653,0.441653,13.188346,-0.421493,-0.41938,60.0,60.0,18.217291,30.0,1.0,1.0,1.0,0.44194,18999.0,0.364379,1.0
19031.0,0.422458,0.428464,0.441672,0.441672,13.188613,-0.434637,-0.432566,60.0,60.0,18.062161,30.0,1.0,1.0,1.0,0.44194,19009.0,0.354441,1.0
19041.0,0.422489,0.428496,0.44169,0.44169,13.188512,-0.429018,-0.426793,60.0,60.0,18.12848,30.0,1.0,1.0,1.0,0.44194,19019.0,0.348966,1.0
19051.0,0.42252,0.428527,0.44171,0.44171,13.189084,-0.457673,-0.455491,60.0,60.0,17.790262,30.0,1.0,1.0,1.0,0.44194,19029.0,0.358223,1.0
19061.0,0.422552,0.428559,0.441731,0.441731,13.188645,-0.434655,-0.43242,60.0,60.0,18.061936,30.0,1.0,1.0,1.0,0.44194,19039.0,0.3633,1.0
19071.0,0.422583,0.428591,0.44175,0.44175,13.188188,-0.410691,-0.408706,60.0,60.0,18.344758,30.0,1.0,1.0,1.0,0.44194,19049.0,0.353489,1.0
19081.0,0.422612,0.428621,0.441764,0.441764,13.187776,-0.389998,-0.387961,60.0,60.0,18.588956,30.0,1.0,1.0,1.0,0.442085,19059.0,0.35932,1.0
19091.0,0.422642,0.428651,0.441785,0.441785,13.18863,-0.433431,-0.431237,60.0,60.0,18.076375,30.0,1.0,1.0,1.0,0.442085,19069.0,0.354685,1.0
19101.0,0.422673,0.428683,0.441804,0.441804,13.188798,-0.441643,-0.439543,60.0,60.0,17.979454,30.0,1.0,1.0,1.0,0.442085,19079.0,0.36137,1.0
19111.0,0.422704,0.428714,0.441825,0.441825,13.189295,-0.466424,-0.464254,60.0,60.0,17.686962,30.0,1.0,1.0,1.0,0.442085,19089.0,0.355548,1.0
19121.0,0.422735,0.428745,0.441841,0.441841,13.188965,-0.449148,-0.447351,60.0,60.0,17.890861,30.0,1.0,1.0,1.0,0.442085,19099.0,0.369322,1.0
19131.0,0.422766,0.428777,0.441861,0.441861,13.188206,-0.409858,-0.407772,60.0,60.0,18.354575,30.0,1.0,1.0,1.0,0.442085,19109.0,0.354039,1.0
19141.0,0.422796,0.428808,0.441881,0.441881,13.187898,-0.393869,-0.391678,60.0,60.0,18.543269,30.0,1.0,1.0,1.0,0.442232,19119.0,0.357883,1.0
19151.0,0.422827,0.428839,0.441899,0.441899,13.18822,-0.409892,-0.407688,60.0,60.0,18.354164,30.0,1.0,1.0,1.0,0.442232,19129.0,0.350556,1.0
19161.0,0.422858,0.42887,0.441917,0.441917,13.188662,-0.432061,-0.429991,60.0,60.0,18.092522,30.0,1.0,1.0,1.0,0.442232,19139.0,0.345958,1.0
19171.0,0.422889,0.428902,0.441938,0.441938,13.189253,-0.461494,-0.459499,60.0,60.0,17.74513,30.0,1.0,1.0,1.0,0.442232,19149.0,0.356393,1.0
19181.0,0.42292,0.428933,0.441956,0.441956,13.188427,-0.41885,-0.416618,60.0,60.0,18.248431,30.0,1.0,1.0,1.0,0.442232,19159.0,0.365277,1.0
19191.0,0.422952,0.428965,0.441977,0.441977,13.188772,-0.435675,-0.433583,60.0,60.0,18.049859,30.0,1.0,1.0,1.0,0.442232,19169.0,0.359085,1.0
19201.0,0.422983,0.428997,0.441998,0.441998,13.188211,-0.406202,-0.404179,60.0,60.0,18.397697,30.0,1.0,1.0,1.0,0.442392,19179.0,0.355552,1.0
19211.0,0.423014,0.429029,0.442017,0.442017,13.189337,-0.463185,-0.461077,60.0,60.0,17.725145,30.0,1.0,1.0,1.0,0.442392,19189.0,0.355651,1.0
19221.0,0.423045,0.42906,0.442037,0.442037,13.18845,-0.41732,-0.41504,60.0,60.0,18.266479,30.0,1.0,1.0,1.0,0.442392,19199.0,0.365619,1.0
19231.0,0.423077,0.429092,0.442057,0.442057,13.189382,-0.464144,-0.462177,60.0,60.0,17.713818,30.0,1.0,1.0,1.0,0.442392,19209.0,0.356064,1.0
19241.0,0.423107,0.429123,0.442077,0.442077,13.187962,-0.391345,-0.389186,60.0,60.0,18.57301,30.0,1.0,1.0,1.0,0.442392,19219.0,0.354258,1.0
19251.0,0.423137,0.429153,0.442099,0.442099,13.189245,-0.456594,-0.454473,60.0,60.0,17.802922,30.0,1.0,1.0,1.0,0.442392,19229.0,0.356681,1.0
19261.0,0.423168,0.429185,0.442117,0.442117,13.189274,-0.457597,-0.455491,60.0,60.0,17.791089,30.0,1.0,1.0,1.0,0.442542,19239.0,0.358118,1.0
19271.0,0.4232,0.429217,0.442138,0.442138,13.189579,-0.472393,-0.470235,60.0,60.0,17.616429,30.0,1.0,1.0,1.0,0.442542,19249.0,0.341403,1.0
19281.0,0.423231,0.429249,0.442162,0.442162,13.188911,-0.437474,-0.435348,60.0,60.0,18.028584,30.0,1.0,1.0,1.0,0.442542,19259.0,0.364099,1.0
19291.0,0.423263,0.429281,0.442187,0.442187,13.18946,-0.464645,-0.46251,60.0,60.0,17.707873,30.0,1.0,1.0,1.0,0.442542,19269.0,0.346552,1.0
19301.0,0.423294,0.429313,0.442209,0.442209,13.189508,-0.46646,-0.464296,60.0,60.0,17.686445,30.0,1.0,1.0,1.0,0.442542,19279.0,0.34227,1.0
19311.0,0.423326,0.429345,0.442229,0.442229,13.188483,-0.413385,-0.411177,60.0,60.0,18.312876,30.0,1.0,1.0,1.0,0.442542,19289.0,0.354232,1.0
19321.0,0.423356,0.429375,0.442249,0.442249,13.189727,-0.476513,-0.474408,60.0,60.0,17.567764,30.0,1.0,1.0,1.0,0.442709,19299.0,0.361171,1.0
19331.0,0.423387,0.429407,0.442269,0.442269,13.188492,-0.412995,-0.410928,60.0,60.0,18.31747,30.0,1.0,1.0,1.0,0.442709,19309.0,0.355724,1.0
19341.0,0.423418,0.429438,0.442288,0.442288,13.188785,-0.427434,-0.425443,60.0,60.0,18.147055,30.0,1.0,1.0,1.0,0.442709,19319.0,0.358991,1.0
19351.0,0.423449,0.42947,0.442308,0.442308,13.189365,-0.456237,-0.454079,60.0,60.0,17.807092,30.0,1.0,1.0,1.0,0.442709,19329.0,0.355461,1.0
19361.0,0.42348,0.429502,0.44233,0.44233,13.189152,-0.444744,-0.442699,60.0,60.0,17.942741,30.0,1.0,1.0,1.0,0.442709,19339.0,0.361415,1.0
19371.0,0.423512,0.429534,0.442353,0.442353,13.189532,-0.463303,-0.461202,60.0,60.0,17.723676,30.0,1.0,1.0,1.0,0.442709,19349.0,0.369489,1.0
19381.0,0.423543,0.429565,0.442374,0.442374,13.188325,-0.401132,-0.398988,60.0,60.0,18.457444,30.0,1.0,1.0,1.0,0.442868,19359.0,0.359776,1.0
19391.0,0.423574,0.429597,0.442396,0.442396,13.188836,-0.426636,-0.424322,60.0,60.0,18.156452,30.0,1.0,1.0,1.0,0.442868,19369.0,0.360765,1.0
19401.0,0.423604,0.429627,0.442415,0.442415,13.187581,-0.362482,-0.360405,60.0,60.0,18.913552,30.0,1.0,1.0,1.0,0.442868,19379.0,0.350641,1.0
19411.0,0.423635,0.429659,0.442437,0.442437,13.189458,-0.457516,-0.455366,60.0,60.0,17.791968,30.0,1.0,1.0,1.0,0.442868,19389.0,0.357872,1.0
19421.0,0.423664,0.429688,0.442457,0.442457,13.188194,-0.393098,-0.390993,60.0,60.0,18.552258,30.0,1.0,1.0,1.0,0.442868,19399.0,0.352828,1.0
19431.0,0.423694,0.429718,0.442476,0.442476,13.188722,-0.419909,-0.417739,60.0,60.0,18.235835,30.0,1.0,1.0,1.0,0.442868,19409.0,0.350108,1.0
19441.0,0.423726,0.42975,0.4425,0.4425,13.189329,-0.450087,-0.447974,60.0,60.0,17.879644,30.0,1.0,1.0,1.0,0.443012,19419.0,0.35473,1.0
19451.0,0.423758,0.429783,0.442524,0.442524,13.189408,-0.452928,-0.45059,60.0,60.0,17.846101,30.0,1.0,1.0,1.0,0.443012,19429.0,0.347128,1.0
19461.0,0.423789,0.429814,0.442546,0.442546,13.189323,-0.448171,-0.446105,60.0,60.0,17.902249,30.0,1.0,1.0,1.0,0.443012,19439.0,0.347754,1.0
19471.0,0.423821,0.429847,0.442571,0.442571,13.189864,-0.474774,-0.472747,60.0,60.0,17.588222,30.0,1.0,1.0,1.0,0.443012,19449.0,0.34917,1.0
19481.0,0.423852,0.429879,0.442597,0.442597,13.190236,-0.492981,-0.491021,60.0,60.0,17.373293,30.0,1.0,1.0,1.0,0.443012,19459.0,0.355482,1.0
19491.0,0.423884,0.429911,0.442622,0.442622,13.188779,-0.417793,-0.415891,60.0,60.0,18.260767,30.0,1.0,1.0,1.0,0.443012,19469.0,0.358675,1.0
19501.0,0.423914,0.429941,0.442641,0.442641,13.189154,-0.436736,-0.434663,60.0,60.0,18.03719,30.0,1.0,1.0,1.0,0.443189,19479.0,0.345196,1.0
19511.0,0.423945,0.429973,0.442662,0.442662,13.18937,-0.446974,-0.444797,60.0,60.0,17.916346,30.0,1.0,1.0,1.0,0.443189,19489.0,0.36228,1.0
19521.0,0.423976,0.430005,0.442687,0.442687,13.189798,-0.468097,-0.46604,60.0,60.0,17.667006,30.0,1.0,1.0,1.0,0.443189,19499.0,0.352688,1.0
19531.0,0.424007,0.430036,0.442709,0.442709,13.188451,-0.398761,-0.396662,60.0,60.0,18.485373,30.0,1.0,1.0,1.0,0.443189,19509.0,0.35817,1.0
19541.0,0.42404,0.430069,0.442732,0.442732,13.189777,-0.465374,-0.463216,60.0,60.0,17.699146,30.0,1.0,1.0,1.0,0.443189,19519.0,0.356676,1.0
19551.0,0.424071,0.430101,0.442755,0.442755,13.190312,-0.491767,-0.48963,60.0,60.0,17.38758,30.0,1.0,1.0,1.0,0.443189,19529.0,0.362916,1.0
19561.0,0.424102,0.430132,0.442776,0.442776,13.18924,-0.436611,-0.434393,60.0,60.0,18.038632,30.0,1.0,1.0,1.0,0.443354,19539.0,0.35909,1.0
19571.0,0.424134,0.430164,0.442797,0.442797,13.190633,-0.507008,-0.504955,60.0,60.0,17.207651,30.0,1.0,1.0,1.0,0.443354,19549.0,0.360933,1.0
19581.0,0.424164,0.430195,0.442818,0.442818,13.189148,-0.430901,-0.428683,60.0,60.0,18.106017,30.0,1.0,1.0,1.0,0.443354,19559.0,0.363529,1.0
19591.0,0.424195,0.430227,0.442841,0.442841,13.189314,-0.43856,-0.43649,60.0,60.0,18.015621,30.0,1.0,1.0,1.0,0.443354,19569.0,0.364453,1.0
19601.0,0.424227,0.430259,0.442864,0.442864,13.189672,-0.455953,-0.453726,60.0,60.0,17.810313,30.0,1.0,1.0,1.0,0.443354,19579.0,0.350655,1.0
19611.0,0.424258,0.430291,0.442888,0.442888,13.18908,-0.425201,-0.423055,60.0,60.0,18.17328,30.0,1.0,1.0,1.0,0.443354,19589.0,0.360272,1.0
19621.0,0.42429,0.430323,0.442911,0.442911,13.189505,-0.445979,-0.443904,60.0,60.0,17.928034,30.0,1.0,1.0,1.0,0.443517,19599.0,0.354214,1.0
19631.0,0.424321,0.430354,0.442936,0.442936,13.189231,-0.43144,-0.429389,60.0,60.0,18.099631,30.0,1.0,1.0,1.0,0.443517,19609.0,0.359228,1.0
19641.0,0.424352,0.430386,0.442959,0.442959,13.189727,-0.456195,-0.453996,60.0,60.0,17.807432,30.0,1.0,1.0,1.0,0.443517,19619.0,0.350995,1.0
19651.0,0.424384,0.430418,0.442984,0.442984,13.190387,-0.488829,-0.486702,60.0,60.0,17.422206,30.0,1.0,1.0,1.0,0.443517,19629.0,0.362391,1.0
19661.0,0.424414,0.430449,0.443004,0.443004,13.190151,-0.476547,-0.474492,60.0,60.0,17.56719,30.0,1.0,1.0,1.0,0.443517,19639.0,0.362056,1.0
19671.0,0.424446,0.430481,0.443028,0.443028,13.188636,-0.398403,-0.396184,60.0,60.0,18.489526,30.0,1.0,1.0,1.0,0.443517,19649.0,0.345553,1.0
19681.0,0.424478,0.430513,0.443051,0.443051,13.188447,-0.387951,-0.385822,60.0,60.0,18.612875,30.0,1.0,1.0,1.0,0.443683,19659.0,0.349403,1.0
19691.0,0.424508,0.430544,0.443075,0.443075,13.18894,-0.412649,-0.410513,60.0,60.0,18.321387,30.0,1.0,1.0,1.0,0.443683,19669.0,0.364778,1.0
19701.0,0.42454,0.430576,0.443098,0.443098,13.189649,-0.448117,-0.446022,60.0,60.0,17.902752,30.0,1.0,1.0,1.0,0.443683,19679.0,0.361791,1.0
19711.0,0.424571,0.430608,0.44312,0.44312,13.189609,-0.445393,-0.443302,60.0,60.0,17.934904,30.0,1.0,1.0,1.0,0.443683,19689.0,0.357067,1.0
19721.0,0.424603,0.43064,0.443145,0.443145,13.189504,-0.439311,-0.437134,60.0,60.0,18.006683,30.0,1.0,1.0,1.0,0.443683,19699.0,0.357324,1.0
19731.0,0.424634,0.430672,0.443169,0.443169,13.19031,-0.479862,-0.47771,60.0,60.0,17.528012,30.0,1.0,1.0,1.0,0.443683,19709.0,0.347107,1.0
19741.0,0.424665,0.430703,0.443191,0.443191,13.19103,-0.516098,-0.513822,60.0,60.0,17.100232,30.0,1.0,1.0,1.0,0.443843,19719.0,0.359804,1.0
19751.0,0.424696,0.430734,0.443213,0.443213,13.190153,-0.470784,-0.468719,60.0,60.0,17.63517,30.0,1.0,1.0,1.0,0.443843,19729.0,0.360303,1.0
19761.0,0.424727,0.430767,0.443239,0.443239,13.188935,-0.407688,-0.405467,60.0,60.0,18.379908,30.0,1.0,1.0,1.0,0.443843,19739.0,0.357842,1.0
19771.0,0.424759,0.430799,0.443263,0.443263,13.188922,-0.406333,-0.404366,60.0,60.0,18.395893,30.0,1.0,1.0,1.0,0.443843,19749.0,0.357786,1.0
19781.0,0.42479,0.43083,0.443286,0.443286,13.190163,-0.469275,-0.46714,60.0,60.0,17.652965,30.0,1.0,1.0,1.0,0.443843,19759.0,0.358748,1.0
19791.0,0.424821,0.430862,0.44331,0.44331,13.190002,-0.460374,-0.458315,60.0,60.0,17.758024,30.0,1.0,1.0,1.0,0.443843,19769.0,0.360204,1.0
19801.0,0.424853,0.430894,0.443334,0.443334,13.190051,-0.462059,-0.460142,60.0,60.0,17.738125,30.0,1.0,1.0,1.0,0.444009,19779.0,0.378465,1.0
19811.0,0.424883,0.430925,0.443355,0.443355,13.189103,-0.413296,-0.411156,60.0,60.0,18.313692,30.0,1.0,1.0,1.0,0.444009,19789.0,0.356252,1.0
19821.0,0.424914,0.430956,0.443379,0.443379,13.190432,-0.480603,-0.478458,60.0,60.0,17.519222,30.0,1.0,1.0,1.0,0.444009,19799.0,0.362295,1.0
19831.0,0.424945,0.430988,0.443403,0.443403,13.190323,-0.474338,-0.472124,60.0,60.0,17.593169,30.0,1.0,1.0,1.0,0.444009,19809.0,0.361668,1.0
19841.0,0.424976,0.431019,0.443423,0.443423,13.189593,-0.436647,-0.434372,60.0,60.0,18.038075,30.0,1.0,1.0,1.0,0.444009,19819.0,0.353332,1.0
19851.0,0.425007,0.431051,0.443445,0.443445,13.189909,-0.45205,-0.449947,60.0,60.0,17.85626,30.0,1.0,1.0,1.0,0.444009,19829.0,0.351214,1.0
19861.0,0.425038,0.431082,0.44347,0.44347,13.189158,-0.413193,-0.411136,60.0,60.0,18.314891,30.0,1.0,1.0,1.0,0.444163,19839.0,0.356983,1.0
19871.0,0.42507,0.431114,0.443493,0.443493,13.189524,-0.431081,-0.428932,60.0,60.0,18.103749,30.0,1.0,1.0,1.0,0.444163,19849.0,0.357125,1.0
19881.0,0.425101,0.431146,0.443515,0.443515,13.188964,-0.401697,-0.399777,60.0,60.0,18.45056,30.0,1.0,1.0,1.0,0.444163,19859.0,0.350063,1.0
19891.0,0.425132,0.431177,0.443535,0.443535,13.189427,-0.42493,-0.42291,60.0,60.0,18.176343,30.0,1.0,1.0,1.0,0.444163,19869.0,0.356264,1.0
19901.0,0.425163,0.431209,0.443558,0.443558,13.189587,-0.432461,-0.430323,60.0,60.0,18.087447,30.0,1.0,1.0,1.0,0.444163,19879.0,0.364071,1.0
19911.0,0.425194,0.43124,0.443583,0.443583,13.189211,-0.412748,-0.410596,60.0,60.0,18.320116,30.0,1.0,1.0,1.0,0.444163,19889.0,0.364042,1.0
19921.0,0.425224,0.431271,0.443604,0.443604,13.189771,-0.441051,-0.43892,60.0,60.0,17.986055,30.0,1.0,1.0,1.0,0.444314,19899.0,0.353769,1.0
19931.0,0.425256,0.431303,0.443627,0.443627,13.190077,-0.455923,-0.45383,60.0,60.0,17.810499,30.0,1.0,1.0,1.0,0.444314,19909.0,0.362368,1.0
19941.0,0.425287,0.431334,0.443651,0.443651,13.189844,-0.443347,-0.441121,60.0,60.0,17.958942,30.0,1.0,1.0,1.0,0.444314,19919.0,0.364699,1.0
19951.0,0.42532,0.431368,0.443679,0.443679,13.19046,-0.473585,-0.471501,60.0,60.0,17.602002,30.0,1.0,1.0,1.0,0.444314,19929.0,0.360771,1.0
19961.0,0.42535,0.431399,0.443706,0.443706,13.189141,-0.405816,-0.403535,60.0,60.0,18.401905,30.0,1.0,1.0,1.0,0.444314,19939.0,0.364524,1.0
19971.0,0.425381,0.431429,0.443728,0.443728,13.189723,-0.435268,-0.433064,60.0,60.0,18.05429,30.0,1.0,1.0,1.0,0.444314,19949.0,0.359256,1.0
19981.0,0.425412,0.431461,0.443753,0.443753,13.190267,-0.462463,-0.460309,60.0,60.0,17.733282,30.0,1.0,1.0,1.0,0.444481,19959.0,0.349101,1.0
19991.0,0.425442,0.431492,0.443776,0.443776,13.189348,-0.415009,-0.412963,60.0,60.0,18.293393,30.0,1.0,1.0,1.0,0.444481,19969.0,0.35965,1.0
20001.0,0.425473,0.431523,0.443801,0.443801,13.189412,-0.417734,-0.415787,60.0,60.0,18.261232,30.0,1.0,1.0,1.0,0.444481,19979.0,0.356311,1.0
20011.0,0.425503,0.431554,0.443822,0.443822,13.189207,-0.407048,-0.404989,60.0,60.0,18.387352,30.0,1.0,1.0,1.0,0.444481,19989.0,0.37051,1.0
20021.0,0.425534,0.431585,0.443844,0.443844,13.189476,-0.420147,-0.418071,60.0,60.0,18.232747,30.0,1.0,1.0,1.0,0.444481,19999.0,0.357086,1.0
20031.0,0.425565,0.431616,0.443869,0.443869,13.189631,-0.427631,-0.425547,60.0,60.0,18.144407,30.0,1.0,1.0,1.0,0.444481,20009.0,0.345071,1.0
20041.0,0.425596,0.431648,0.443897,0.443897,13.19054,-0.473308,-0.471294,60.0,60.0,17.605225,30.0,1.0,1.0,1.0,0.444639,20019.0,0.358795,1.0
20051.0,0.425627,0.43168,0.443921,0.443921,13.189948,-0.442417,-0.440332,60.0,60.0,17.969868,30.0,1.0,1.0,1.0,0.444639,20029.0,0.349724,1.0
20061.0,0.425659,0.431712,0.443944,0.443944,13.190088,-0.448614,-0.446666,60.0,60.0,17.89671,30.0,1.0,1.0,1.0,0.444639,20039.0,0.351406,1.0
20071.0,0.425691,0.431745,0.44397,0.44397,13.190082,-0.447197,-0.445129,60.0,60.0,17.913431,30.0,1.0,1.0,1.0,0.444639,20049.0,0.349743,1.0
20081.0,0.425722,0.431776,0.443994,0.443994,13.189725,-0.428471,-0.426232,60.0,60.0,18.13446,30.0,1.0,1.0,1.0,0.444639,20059.0,0.355064,1.0
20091.0,0.425753,0.431808,0.444021,0.444021,13.190791,-0.482227,-0.479994,60.0,60.0,17.499907,30.0,1.0,1.0,1.0,0.444639,20069.0,0.369815,1.0
20101.0,0.425784,0.431839,0.444043,0.444043,13.190047,-0.443703,-0.441765,60.0,60.0,17.954663,30.0,1.0,1.0,1.0,0.444807,20079.0,0.352598,1.0
20111.0,0.425815,0.43187,0.444068,0.444068,13.18978,-0.429449,-0.427374,60.0,60.0,18.122901,30.0,1.0,1.0,1.0,0.444807,20089.0,0.355981,1.0
20121.0,0.425845,0.431901,0.444093,0.444093,13.189896,-0.435241,-0.433023,60.0,60.0,18.054543,30.0,1.0,1.0,1.0,0.444807,20099.0,0.357261,1.0
20131.0,0.425878,0.431934,0.444118,0.444118,13.189974,-0.438106,-0.435805,60.0,60.0,18.020715,30.0,1.0,1.0,1.0,0.444807,20109.0,0.345012,1.0
20141.0,0.425909,0.431966,0.444143,0.444143,13.190905,-0.484667,-0.482549,60.0,60.0,17.47108,30.0,1.0,1.0,1.0,0.444807,20119.0,0.35946,1.0
20151.0,0.425941,0.431998,0.444168,0.444168,13.190358,-0.455997,-0.453892,60.0,60.0,17.809519,30.0,1.0,1.0,1.0,0.444807,20129.0,0.356618,1.0
20161.0,0.425972,0.43203,0.444196,0.444196,13.189278,-0.400155,-0.397991,60.0,60.0,18.468635,30.0,1.0,1.0,1.0,0.444978,20139.0,0.358725,1.0
20171.0,0.426002,0.43206,0.444219,0.444219,13.189339,-0.403257,-0.401023,60.0,60.0,18.432026,30.0,1.0,1.0,1.0,0.444978,20149.0,0.356894,1.0
20181.0,0.426033,0.432091,0.444243,0.444243,13.189924,-0.432603,-0.430448,60.0,60.0,18.085644,30.0,1.0,1.0,1.0,0.444978,20159.0,0.356496,1.0
20191.0,0.426064,0.432123,0.444268,0.444268,13.190828,-0.477889,-0.4758,60.0,60.0,17.551069,30.0,1.0,1.0,1.0,0.444978,20169.0,0.35076,1.0
20201.0,0.426096,0.432155,0.444292,0.444292,13.190536,-0.462295,-0.460039,60.0,60.0,17.73515,30.0,1.0,1.0,1.0,0.444978,20179.0,0.353287,1.0
20211.0,0.426127,0.432186,0.444318,0.444318,13.189592,-0.41339,-0.411322,60.0,60.0,18.312406,30.0,1.0,1.0,1.0,0.444978,20189.0,0.352348,1.0
20221.0,0.426158,0.432219,0.444345,0.444345,13.190963,-0.482523,-0.480389,60.0,60.0,17.496341,30.0,1.0,1.0,1.0,0.445141,20199.0,0.357061,1.0
20231.0,0.42619,0.432251,0.444373,0.444373,13.19074,-0.470307,-0.468324,60.0,60.0,17.640544,30.0,1.0,1.0,1.0,0.445141,20209.0,0.358938,1.0
20241.0,0.426221,0.432282,0.4444,0.4444,13.190216,-0.442962,-0.440768,60.0,60.0,17.963339,30.0,1.0,1.0,1.0,0.445141,20219.0,0.366155,1.0
20251.0,0.426253,0.432314,0.444424,0.444424,13.19005,-0.43368,-0.431569,60.0,60.0,18.072892,30.0,1.0,1.0,1.0,0.445141,20229.0,0.356898,1.0
20261.0,0.426284,0.432346,0.444452,0.444452,13.188735,-0.36596,-0.363873,60.0,60.0,18.872156,30.0,1.0,1.0,1.0,0.445141,20239.0,0.359037,1.0
20271.0,0.426315,0.432378,0.444475,0.444475,13.1902,-0.440058,-0.437923,60.0,60.0,17.997597,30.0,1.0,1.0,1.0,0.445141,20249.0,0.361975,1.0
20281.0,0.426347,0.43241,0.444497,0.444497,13.19034,-0.44644,-0.444381,60.0,60.0,17.922258,30.0,1.0,1.0,1.0,0.445312,20259.0,0.354252,1.0
20291.0,0.426377,0.432441,0.44452,0.44452,13.190121,-0.434908,-0.432836,60.0,60.0,18.058384,30.0,1.0,1.0,1.0,0.445312,20269.0,0.353359,1.0
20301.0,0.426408,0.432472,0.444543,0.444543,13.191407,-0.500178,-0.498102,60.0,60.0,17.287875,30.0,1.0,1.0,1.0,0.445312,20279.0,0.364565,1.0
20311.0,0.426439,0.432503,0.444568,0.444568,13.190382,-0.447224,-0.444984,60.0,60.0,17.912989,30.0,1.0,1.0,1.0,0.445312,20289.0,0.349303,1.0
20321.0,0.426471,0.432535,0.444592,0.444592,13.190215,-0.437847,-0.43566,60.0,60.0,18.023679,30.0,1.0,1.0,1.0,0.445312,20299.0,0.359505,1.0
20331.0,0.426502,0.432567,0.444619,0.444619,13.190144,-0.433508,-0.431424,60.0,60.0,18.074886,30.0,1.0,1.0,1.0,0.445312,20309.0,0.352243,1.0
20341.0,0.426532,0.432598,0.444644,0.444644,13.191901,-0.522916,-0.520882,60.0,60.0,17.01939,30.0,1.0,1.0,1.0,0.445467,20319.0,0.347427,1.0
20351.0,0.426563,0.432629,0.444673,0.444673,13.18969,-0.409491,-0.407335,60.0,60.0,18.358358,30.0,1.0,1.0,1.0,0.445467,20329.0,0.362419,1.0
20361.0,0.426594,0.43266,0.444696,0.444696,13.190844,-0.467937,-0.465936,60.0,60.0,17.668456,30.0,1.0,1.0,1.0,0.445467,20339.0,0.353035,1.0
20371.0,0.426625,0.432692,0.44472,0.44472,13.190312,-0.440015,-0.437757,60.0,60.0,17.998063,30.0,1.0,1.0,1.0,0.445467,20349.0,0.355808,1.0
20381.0,0.426656,0.432723,0.444747,0.444747,13.189465,-0.396271,-0.394295,60.0,60.0,18.514382,30.0,1.0,1.0,1.0,0.445467,20359.0,0.368826,1.0
20391.0,0.426687,0.432755,0.444769,0.444769,13.189968,-0.421386,-0.419151,60.0,60.0,18.217949,30.0,1.0,1.0,1.0,0.445467,20369.0,0.36714,1.0
20401.0,0.426718,0.432786,0.444795,0.444795,13.189339,-0.38881,-0.386694,60.0,60.0,18.602429,30.0,1.0,1.0,1.0,0.445629,20379.0,0.359318,1.0
20411.0,0.42675,0.432819,0.444823,0.444823,13.190367,-0.440031,-0.437819,60.0,60.0,17.997856,30.0,1.0,1.0,1.0,0.445629,20389.0,0.360903,1.0
20421.0,0.426781,0.432851,0.44485,0.44485,13.189702,-0.405544,-0.403348,60.0,60.0,18.40491,30.0,1.0,1.0,1.0,0.445629,20399.0,0.357933,1.0
20431.0,0.426813,0.432882,0.444871,0.444871,13.191077,-0.474993,-0.472789,60.0,60.0,17.585127,30.0,1.0,1.0,1.0,0.445629,20409.0,0.358556,1.0
20441.0,0.426844,0.432914,0.444897,0.444897,13.190876,-0.464218,-0.462011,60.0,60.0,17.712323,30.0,1.0,1.0,1.0,0.445629,20419.0,0.361716,1.0
20451.0,0.426876,0.432946,0.444925,0.444925,13.191248,-0.482175,-0.480077,60.0,60.0,17.500326,30.0,1.0,1.0,1.0,0.445629,20429.0,0.355309,1.0
20461.0,0.426906,0.432977,0.444949,0.444949,13.189779,-0.406841,-0.404636,60.0,60.0,18.389585,30.0,1.0,1.0,1.0,0.445802,20439.0,0.367706,1.0
20471.0,0.426937,0.433009,0.444974,0.444974,13.190194,-0.427369,-0.425318,60.0,60.0,18.147285,30.0,1.0,1.0,1.0,0.445802,20449.0,0.346773,1.0
20481.0,0.426967,0.433039,0.444999,0.444999,13.189935,-0.413944,-0.411883,60.0,60.0,18.305744,30.0,1.0,1.0,1.0,0.445802,20459.0,0.352848,1.0
20491.0,0.426998,0.43307,0.445023,0.445023,13.19039,-0.436692,-0.434518,60.0,60.0,18.037229,30.0,1.0,1.0,1.0,0.445802,20469.0,0.366223,1.0
20501.0,0.427029,0.433102,0.445046,0.445046,13.189689,-0.400428,-0.398199,60.0,60.0,18.465265,30.0,1.0,1.0,1.0,0.445802,20479.0,0.361275,1.0
20511.0,0.427061,0.433134,0.445071,0.445071,13.189916,-0.411149,-0.409059,60.0,60.0,18.338717,30.0,1.0,1.0,1.0,0.445802,20489.0,0.364009,1.0
20521.0,0.427092,0.433165,0.445095,0.445095,13.190719,-0.451506,-0.449344,60.0,60.0,17.862351,30.0,1.0,1.0,1.0,0.445954,20499.0,0.365869,1.0
20531.0,0.427122,0.433196,0.445121,0.445121,13.190427,-0.4361,-0.433915,60.0,60.0,18.0442,30.0,1.0,1.0,1.0,0.445954,20509.0,0.359562,1.0
20541.0,0.427153,0.433228,0.44515,0.44515,13.190726,-0.450797,-0.448825,60.0,60.0,17.870706,30.0,1.0,1.0,1.0,0.445954,20519.0,0.358057,1.0
20551.0,0.427184,0.433259,0.445178,0.445178,13.18992,-0.409048,-0.406858,60.0,60.0,18.363502,30.0,1.0,1.0,1.0,0.445954,20529.0,0.355213,1.0
20561.0,0.427215,0.433291,0.445203,0.445203,13.190278,-0.426726,-0.424592,60.0,60.0,18.154837,30.0,1.0,1.0,1.0,0.445954,20539.0,0.361418,1.0
20571.0,0.427246,0.433322,0.445229,0.445229,13.190151,-0.419538,-0.417428,60.0,60.0,18.239673,30.0,1.0,1.0,1.0,0.445954,20549.0,0.36818,1.0
20581.0,0.427278,0.433354,0.445256,0.445256,13.190769,-0.450346,-0.448181,60.0,60.0,17.876006,30.0,1.0,1.0,1.0,0.446125,20559.0,0.360007,1.0
20591.0,0.427309,0.433386,0.445283,0.445283,13.189643,-0.392127,-0.390079,60.0,60.0,18.563192,30.0,1.0,1.0,1.0,0.446125,20569.0,0.363107,1.0
20601.0,0.42734,0.433417,0.445308,0.445308,13.189827,-0.400946,-0.398759,60.0,60.0,18.459103,30.0,1.0,1.0,1.0,0.446125,20579.0,0.360449,1.0
20611.0,0.427371,0.433448,0.445337,0.445337,13.190289,-0.424076,-0.422038,60.0,60.0,18.186088,30.0,1.0,1.0,1.0,0.446125,20589.0,0.366847,1.0
20621.0,0.427401,0.433479,0.445364,0.445364,13.190323,-0.425379,-0.423221,60.0,60.0,18.170711,30.0,1.0,1.0,1.0,0.446125,20599.0,0.351092,1.0
20631.0,0.427431,0.43351,0.445389,0.445389,13.189737,-0.395282,-0.393236,60.0,60.0,18.525952,30.0,1.0,1.0,1.0,0.446125,20609.0,0.361036,1.0
20641.0,0.427462,0.433541,0.445417,0.445417,13.190631,-0.440237,-0.438048,60.0,60.0,17.995317,30.0,1.0,1.0,1.0,0.446292,20619.0,0.361615,1.0
20651.0,0.427492,0.433572,0.445442,0.445442,13.189719,-0.393348,-0.391325,60.0,60.0,18.548768,30.0,1.0,1.0,1.0,0.446292,20629.0,0.357823,1.0
20661.0,0.427523,0.433603,0.445468,0.445468,13.191167,-0.466593,-0.464545,60.0,60.0,17.684178,30.0,1.0,1.0,1.0,0.446292,20639.0,0.360117,1.0
20671.0,0.427554,0.433635,0.445494,0.445494,13.189937,-0.403152,-0.401023,60.0,60.0,18.433047,30.0,1.0,1.0,1.0,0.446292,20649.0,0.35034,1.0
20681.0,0.427585,0.433666,0.445523,0.445523,13.189559,-0.383285,-0.381212,60.0,60.0,18.66752,30.0,1.0,1.0,1.0,0.446292,20659.0,0.358436,1.0
20691.0,0.427617,0.433698,0.445547,0.445547,13.19083,-0.447197,-0.445087,60.0,60.0,17.913133,30.0,1.0,1.0,1.0,0.446292,20669.0,0.360359,1.0
20701.0,0.427647,0.433729,0.445571,0.445571,13.190288,-0.419292,-0.41722,60.0,60.0,18.242529,30.0,1.0,1.0,1.0,0.446455,20679.0,0.354653,1.0
20711.0,0.427677,0.433759,0.445596,0.445596,13.189786,-0.39326,-0.391097,60.0,60.0,18.549788,30.0,1.0,1.0,1.0,0.446455,20689.0,0.360681,1.0
20721.0,0.427708,0.43379,0.445621,0.445621,13.190365,-0.422318,-0.420169,60.0,60.0,18.206804,30.0,1.0,1.0,1.0,0.446455,20699.0,0.352931,1.0
20731.0,0.427739,0.433822,0.445646,0.445646,13.190753,-0.44153,-0.439439,60.0,60.0,17.98001,30.0,1.0,1.0,1.0,0.446455,20709.0,0.364465,1.0
20741.0,0.427771,0.433854,0.445675,0.445675,13.190769,-0.441298,-0.439065,60.0,60.0,17.982752,30.0,1.0,1.0,1.0,0.446455,20719.0,0.352928,1.0
20751.0,0.427802,0.433886,0.445703,0.445703,13.190036,-0.403261,-0.401002,60.0,60.0,18.431722,30.0,1.0,1.0,1.0,0.446455,20729.0,0.352553,1.0
20761.0,0.427832,0.433916,0.445729,0.445729,13.191365,-0.470634,-0.468532,60.0,60.0,17.636428,30.0,1.0,1.0,1.0,0.446623,20739.0,0.347223,1.0
20771.0,0.427863,0.433948,0.445755,0.445755,13.191212,-0.462286,-0.460184,60.0,60.0,17.734971,30.0,1.0,1.0,1.0,0.446623,20749.0,0.358802,1.0
20781.0,0.427894,0.433979,0.44578,0.44578,13.191021,-0.451902,-0.449884,60.0,60.0,17.857556,30.0,1.0,1.0,1.0,0.446623,20759.0,0.364244,1.0
20791.0,0.427926,0.434011,0.445808,0.445808,13.190299,-0.413985,-0.411675,60.0,60.0,18.305128,30.0,1.0,1.0,1.0,0.446623,20769.0,0.359622,1.0
20801.0,0.427957,0.434043,0.445835,0.445835,13.19122,-0.460299,-0.458107,60.0,60.0,17.758412,30.0,1.0,1.0,1.0,0.446623,20779.0,0.354551,1.0
20811.0,0.427989,0.434076,0.445864,0.445864,13.190676,-0.431442,-0.429264,60.0,60.0,18.099045,30.0,1.0,1.0,1.0,0.446623,20789.0,0.354559,1.0
20821.0,0.428021,0.434108,0.445895,0.445895,13.191627,-0.479133,-0.476983,60.0,60.0,17.536049,30.0,1.0,1.0,1.0,0.446805,20799.0,0.360538,1.0
20831.0,0.428052,0.434139,0.445921,0.445921,13.190926,-0.442713,-0.440581,60.0,60.0,17.965988,30.0,1.0,1.0,1.0,0.446805,20809.0,0.348227,1.0
20841.0,0.428083,0.434171,0.44595,0.44595,13.190409,-0.415684,-0.413586,60.0,60.0,18.285042,30.0,1.0,1.0,1.0,0.446805,20819.0,0.351249,1.0
20851.0,0.428114,0.434202,0.445976,0.445976,13.19086,-0.438062,-0.436034,60.0,60.0,18.020888,30.0,1.0,1.0,1.0,0.446805,20829.0,0.367211,1.0
20861.0,0.428145,0.434234,0.446005,0.446005,13.191132,-0.451375,-0.449261,60.0,60.0,17.86372,30.0,1.0,1.0,1.0,0.446805,20839.0,0.358859,1.0
20871.0,0.428176,0.434266,0.446032,0.446032,13.191632,-0.475967,-0.473806,60.0,60.0,17.573396,30.0,1.0,1.0,1.0,0.446805,20849.0,0.360271,1.0
20881.0,0.428207,0.434297,0.446058,0.446058,13.189966,-0.390553,-0.388418,60.0,60.0,18.581653,30.0,1.0,1.0,1.0,0.446979,20859.0,0.363178,1.0
20891.0,0.428239,0.434329,0.446086,0.446086,13.190522,-0.417964,-0.415746,60.0,60.0,18.258108,30.0,1.0,1.0,1.0,0.446979,20869.0,0.357983,1.0
20901.0,0.42827,0.434361,0.446113,0.446113,13.1921,-0.497752,-0.495569,60.0,60.0,17.316176,30.0,1.0,1.0,1.0,0.446979,20879.0,0.353978,1.0
20911.0,0.428301,0.434392,0.446139,0.446139,13.191623,-0.472825,-0.470629,60.0,60.0,17.610466,30.0,1.0,1.0,1.0,0.446979,20889.0,0.358603,1.0
20921.0,0.428331,0.434423,0.446164,0.446164,13.190518,-0.416194,-0.414126,60.0,60.0,18.278983,30.0,1.0,1.0,1.0,0.446979,20899.0,0.360238,1.0
20931.0,0.428363,0.434455,0.446194,0.446194,13.190591,-0.419072,-0.416805,60.0,60.0,18.245011,30.0,1.0,1.0,1.0,0.446979,20909.0,0.357926,1.0
20941.0,0.428394,0.434487,0.44622,0.44622,13.191688,-0.474221,-0.472103,60.0,60.0,17.593975,30.0,1.0,1.0,1.0,0.447148,20919.0,0.361088,1.0
20951.0,0.428426,0.434519,0.446251,0.446251,13.191509,-0.464264,-0.462281,60.0,60.0,17.711516,30.0,1.0,1.0,1.0,0.447148,20929.0,0.355722,1.0
20961.0,0.428458,0.434551,0.446275,0.446275,13.190845,-0.429556,-0.427478,60.0,60.0,18.121236,30.0,1.0,1.0,1.0,0.447148,20939.0,0.358056,1.0
20971.0,0.428488,0.434582,0.4463,0.4463,13.190619,-0.417587,-0.415413,60.0,60.0,18.262509,30.0,1.0,1.0,1.0,0.447148,20949.0,0.350711,1.0
20981.0,0.428519,0.434613,0.446326,0.446326,13.190984,-0.435706,-0.433562,60.0,60.0,18.04863,30.0,1.0,1.0,1.0,0.447148,20959.0,0.3599,1.0
20991.0,0.428548,0.434643,0.446351,0.446351,13.190873,-0.430148,-0.428101,60.0,60.0,18.114241,30.0,1.0,1.0,1.0,0.447148,20969.0,0.360972,1.0
21001.0,0.42858,0.434675,0.446381,0.446381,13.190634,-0.417105,-0.415019,60.0,60.0,18.268189,30.0,1.0,1.0,1.0,0.447313,20979.0,0.356103,1.0
21011.0,0.428612,0.434708,0.446411,0.446411,13.191195,-0.444556,-0.442512,60.0,60.0,17.944147,30.0,1.0,1.0,1.0,0.447313,20989.0,0.355665,1.0
21021.0,0.428643,0.434739,0.446438,0.446438,13.191316,-0.450197,-0.448161,60.0,60.0,17.877551,30.0,1.0,1.0,1.0,0.447313,20999.0,0.348496,1.0
21031.0,0.428675,0.434771,0.446465,0.446465,13.191677,-0.467833,-0.46577,60.0,60.0,17.669345,30.0,1.0,1.0,1.0,0.447313,21009.0,0.345917,1.0
21041.0,0.428706,0.434803,0.446494,0.446494,13.191344,-0.450213,-0.448202,60.0,60.0,17.877348,30.0,1.0,1.0,1.0,0.447313,21019.0,0.355652,1.0
21051.0,0.428738,0.434835,0.446523,0.446523,13.19197,-0.481266,-0.479081,60.0,60.0,17.510734,30.0,1.0,1.0,1.0,0.447313,21029.0,0.341035,1.0
21061.0,0.428767,0.434865,0.446546,0.446546,13.191785,-0.471746,-0.469653,60.0,60.0,17.623136,30.0,1.0,1.0,1.0,0.447487,21039.0,0.366493,1.0
21071.0,0.428797,0.434895,0.446574,0.446574,13.191086,-0.435979,-0.433895,60.0,60.0,18.045375,30.0,1.0,1.0,1.0,0.447487,21049.0,0.354261,1.0
21081.0,0.428828,0.434927,0.446603,0.446603,13.190741,-0.417737,-0.415579,60.0,60.0,18.260693,30.0,1.0,1.0,1.0,0.447487,21059.0,0.360009,1.0
21091.0,0.42886,0.434959,0.446633,0.446633,13.191471,-0.453977,-0.451836,60.0,60.0,17.832893,30.0,1.0,1.0,1.0,0.447487,21069.0,0.360255,1.0
21101.0,0.428891,0.43499,0.446659,0.446659,13.190626,-0.410353,-0.408166,60.0,60.0,18.347853,30.0,1.0,1.0,1.0,0.447487,21079.0,0.363899,1.0
21111.0,0.428922,0.435022,0.446685,0.446685,13.191373,-0.447723,-0.445482,60.0,60.0,17.906716,30.0,1.0,1.0,1.0,0.447487,21089.0,0.357209,1.0
21121.0,0.428953,0.435054,0.446712,0.446712,13.190566,-0.405987,-0.403868,60.0,60.0,18.399367,30.0,1.0,1.0,1.0,0.447661,21099.0,0.352197,1.0
21131.0,0.428984,0.435085,0.446741,0.446741,13.191214,-0.438594,-0.43649,60.0,60.0,18.014465,30.0,1.0,1.0,1.0,0.447661,21109.0,0.351364,1.0
21141.0,0.429013,0.435115,0.446765,0.446765,13.190334,-0.393585,-0.391616,60.0,60.0,18.545758,30.0,1.0,1.0,1.0,0.447661,21119.0,0.362251,1.0
21151.0,0.429044,0.435146,0.446791,0.446791,13.191049,-0.429585,-0.427603,60.0,60.0,18.120814,30.0,1.0,1.0,1.0,0.447661,21129.0,0.353694,1.0
21161.0,0.429074,0.435176,0.446819,0.446819,13.190331,-0.392622,-0.390536,60.0,60.0,18.55712,30.0,1.0,1.0,1.0,0.447661,21139.0,0.356714,1.0
21171.0,0.429105,0.435208,0.446847,0.446847,13.191726,-0.462975,-0.460952,60.0,60.0,17.726635,30.0,1.0,1.0,1.0,0.447661,21149.0,0.347559,1.0
21181.0,0.429136,0.435239,0.446875,0.446875,13.191301,-0.440844,-0.438754,60.0,60.0,17.987895,30.0,1.0,1.0,1.0,0.447821,21159.0,0.353438,1.0
21191.0,0.429167,0.435271,0.446902,0.446902,13.191356,-0.442788,-0.440664,60.0,60.0,17.964935,30.0,1.0,1.0,1.0,0.447821,21169.0,0.35279,1.0
21201.0,0.429198,0.435302,0.446929,0.446929,13.19184,-0.467061,-0.464939,60.0,60.0,17.678378,30.0,1.0,1.0,1.0,0.447821,21179.0,0.36842,1.0
21211.0,0.429229,0.435334,0.446957,0.446957,13.191186,-0.432924,-0.430676,60.0,60.0,18.081367,30.0,1.0,1.0,1.0,0.447821,21189.0,0.344674,1.0
21221.0,0.42926,0.435365,0.446985,0.446985,13.192243,-0.486085,-0.483836,60.0,60.0,17.453765,30.0,1.0,1.0,1.0,0.447821,21199.0,0.361196,1.0
21231.0,0.429291,0.435396,0.447014,0.447014,13.191322,-0.43849,-0.436304,60.0,60.0,18.01566,30.0,1.0,1.0,1.0,0.447821,21209.0,0.358872,1.0
21241.0,0.429322,0.435428,0.447038,0.447038,13.19111,-0.427005,-0.424986,60.0,60.0,18.151225,30.0,1.0,1.0,1.0,0.447995,21219.0,0.359138,1.0
21251.0,0.429353,0.435459,0.447069,0.447069,13.190705,-0.405742,-0.403743,60.0,60.0,18.402213,30.0,1.0,1.0,1.0,0.447995,21229.0,0.355773,1.0
21261.0,0.429383,0.43549,0.447095,0.447095,13.190287,-0.384145,-0.382001,60.0,60.0,18.657124,30.0,1.0,1.0,1.0,0.447995,21239.0,0.360185,1.0
21271.0,0.429415,0.435523,0.447123,0.447123,13.192114,-0.476177,-0.473972,60.0,60.0,17.570711,30.0,1.0,1.0,1.0,0.447995,21249.0,0.357206,1.0
21281.0,0.429446,0.435554,0.447151,0.447151,13.19067,-0.401917,-0.399839,60.0,60.0,18.447349,30.0,1.0,1.0,1.0,0.447995,21259.0,0.361617,1.0
21291.0,0.429476,0.435584,0.447178,0.447178,13.190675,-0.40191,-0.399777,60.0,60.0,18.447429,30.0,1.0,1.0,1.0,0.447995,21269.0,0.362637,1.0
21301.0,0.429507,0.435616,0.447206,0.447206,13.190559,-0.395343,-0.393339,60.0,60.0,18.52494,30.0,1.0,1.0,1.0,0.448167,21279.0,0.355842,1.0
21311.0,0.429538,0.435648,0.447233,0.447233,13.190872,-0.410516,-0.408436,60.0,60.0,18.345835,30.0,1.0,1.0,1.0,0.448167,21289.0,0.355212,1.0
21321.0,0.429569,0.435679,0.447261,0.447261,13.190489,-0.390314,-0.388252,60.0,60.0,18.58429,30.0,1.0,1.0,1.0,0.448167,21299.0,0.362057,1.0
21331.0,0.429601,0.435711,0.44729,0.44729,13.192145,-0.473904,-0.471688,60.0,60.0,17.597514,30.0,1.0,1.0,1.0,0.448167,21309.0,0.360415,1.0
21341.0,0.429633,0.435743,0.44732,0.44732,13.191013,-0.41523,-0.413108,60.0,60.0,18.290174,30.0,1.0,1.0,1.0,0.448167,21319.0,0.355302,1.0
21351.0,0.429664,0.435775,0.44735,0.44735,13.191425,-0.435467,-0.433334,60.0,60.0,18.051274,30.0,1.0,1.0,1.0,0.448167,21329.0,0.358539,1.0
21361.0,0.429696,0.435808,0.447377,0.447377,13.191511,-0.438847,-0.436615,60.0,60.0,18.011374,30.0,1.0,1.0,1.0,0.448353,21339.0,0.343999,1.0
21371.0,0.429728,0.43584,0.447404,0.447404,13.193431,-0.535982,-0.534027,60.0,60.0,16.864515,30.0,1.0,1.0,1.0,0.448353,21349.0,0.355724,1.0
21381.0,0.42976,0.435872,0.447435,0.447435,13.191168,-0.419558,-0.417407,60.0,60.0,18.239059,30.0,1.0,1.0,1.0,0.448353,21359.0,0.365007,1.0
21391.0,0.429791,0.435904,0.447463,0.447463,13.192399,-0.48156,-0.479288,60.0,60.0,17.507087,30.0,1.0,1.0,1.0,0.448353,21369.0,0.361487,1.0
21401.0,0.429821,0.435935,0.447489,0.447489,13.190968,-0.40835,-0.406131,60.0,60.0,18.371351,30.0,1.0,1.0,1.0,0.448353,21379.0,0.353159,1.0
21411.0,0.429851,0.435965,0.447515,0.447515,13.19136,-0.428156,-0.426004,60.0,60.0,18.137556,30.0,1.0,1.0,1.0,0.448353,21389.0,0.358445,1.0
21421.0,0.429882,0.435996,0.447543,0.447543,13.191248,-0.421958,-0.419795,60.0,60.0,18.210713,30.0,1.0,1.0,1.0,0.448521,21399.0,0.354511,1.0
21431.0,0.429914,0.436029,0.44757,0.44757,13.192406,-0.479976,-0.477814,60.0,60.0,17.525774,30.0,1.0,1.0,1.0,0.448521,21409.0,0.350324,1.0
21441.0,0.429946,0.436061,0.4476,0.4476,13.191713,-0.44371,-0.441661,60.0,60.0,17.953912,30.0,1.0,1.0,1.0,0.448521,21419.0,0.359831,1.0
21451.0,0.429978,0.436094,0.44763,0.44763,13.191585,-0.4362,-0.434019,60.0,60.0,18.042569,30.0,1.0,1.0,1.0,0.448521,21429.0,0.355886,1.0
21461.0,0.430009,0.436125,0.447659,0.447659,13.191672,-0.440147,-0.438089,60.0,60.0,17.99597,30.0,1.0,1.0,1.0,0.448521,21439.0,0.359156,1.0
21471.0,0.430039,0.436156,0.447685,0.447685,13.1916,-0.436185,-0.434102,60.0,60.0,18.042741,30.0,1.0,1.0,1.0,0.448521,21449.0,0.364297,1.0
21481.0,0.430069,0.436186,0.447711,0.447711,13.191488,-0.430098,-0.427997,60.0,60.0,18.114596,30.0,1.0,1.0,1.0,0.448698,21459.0,0.353569,1.0
21491.0,0.430101,0.436219,0.44774,0.44774,13.191869,-0.448602,-0.446437,60.0,60.0,17.896147,30.0,1.0,1.0,1.0,0.448698,21469.0,0.35987,1.0
21501.0,0.430132,0.43625,0.447769,0.447769,13.191465,-0.427366,-0.425402,60.0,60.0,18.146832,30.0,1.0,1.0,1.0,0.448698,21479.0,0.351182,1.0
21511.0,0.430164,0.436282,0.4478,0.4478,13.191997,-0.453715,-0.451629,60.0,60.0,17.835763,30.0,1.0,1.0,1.0,0.448698,21489.0,0.359388,1.0
21521.0,0.430194,0.436313,0.447826,0.447826,13.191963,-0.451699,-0.449552,60.0,60.0,17.859561,30.0,1.0,1.0,1.0,0.448698,21499.0,0.35564,1.0
21531.0,0.430226,0.436345,0.447858,0.447858,13.191423,-0.423335,-0.421228,60.0,60.0,18.194406,30.0,1.0,1.0,1.0,0.448698,21509.0,0.3512,1.0
21541.0,0.430256,0.436375,0.447886,0.447886,13.191774,-0.441006,-0.438775,60.0,60.0,17.985797,30.0,1.0,1.0,1.0,0.448872,21519.0,0.357603,1.0
21551.0,0.430287,0.436407,0.447914,0.447914,13.191539,-0.4284,-0.426294,60.0,60.0,18.134608,30.0,1.0,1.0,1.0,0.448872,21529.0,0.358144,1.0
21561.0,0.430318,0.436439,0.447943,0.447943,13.192045,-0.453375,-0.451192,60.0,60.0,17.839757,30.0,1.0,1.0,1.0,0.448872,21539.0,0.359722,1.0
21571.0,0.430348,0.436469,0.44797,0.44797,13.191616,-0.431317,-0.42916,60.0,60.0,18.100162,30.0,1.0,1.0,1.0,0.448872,21549.0,0.350027,1.0
21581.0,0.430379,0.4365,0.447998,0.447998,13.192079,-0.454395,-0.452355,60.0,60.0,17.827715,30.0,1.0,1.0,1.0,0.448872,21559.0,0.372023,1.0
21591.0,0.430408,0.43653,0.448023,0.448023,13.191991,-0.449932,-0.447787,60.0,60.0,17.880396,30.0,1.0,1.0,1.0,0.448872,21569.0,0.367377,1.0
