t,soc_true,soc_ref,soc_prior,soc_post,v_batt,i_batt,i_ref,p_gen_avail,p_gen,p_crit_term,p_aux_term,aux_sched,aux_cmd,relay,pred_min,valid,residual_w,service_ok
1.0,0.450011,0.446027,0.446016,0.446016,13.216705,-1.53214,-1.529822,40.0,40.0,17.349874,0.0,1.0,0.0,0.0,0.0,0.0,0.344556,1.0
11.0,0.450115,0.446133,0.449911,0.449911,13.217078,-1.512247,-1.50999,40.0,40.0,17.584493,0.0,1.0,0.0,0.0,0.0,10.0,0.349041,1.0
21.0,0.450219,0.446239,0.452817,0.452817,13.217183,-1.480512,-1.478364,40.0,40.0,17.959473,0.0,1.0,0.0,0.0,0.0,20.0,0.343543,1.0
31.0,0.450324,0.446346,0.455044,0.455044,13.217191,-1.445428,-1.443146,40.0,40.0,18.374175,0.0,1.0,0.0,0.0,0.0,30.0,0.365709,1.0
41.0,0.450427,0.44645,0.456862,0.456862,13.216879,-1.396202,-1.394014,40.0,40.0,18.956426,0.0,1.0,0.0,0.0,0.0,40.0,0.348009,1.0
51.0,0.45053,0.446556,0.458348,0.458348,13.218595,-1.451756,-1.449687,40.0,40.0,18.297552,0.0,1.0,0.0,0.0,0.0,50.0,0.355291,1.0
61.0,0.450635,0.446662,0.459589,0.459589,13.219332,-1.458479,-1.456228,40.0,40.0,18.217112,0.0,1.0,0.0,0.0,0.303677,60.0,0.351372,1.0
71.0,0.450738,0.446768,0.460658,0.460658,13.219771,-1.451817,-1.449708,40.0,40.0,18.295299,0.0,1.0,0.0,0.0,0.303677,70.0,0.346582,1.0
81.0,0.450841,0.446872,0.461593,0.461593,13.219562,-1.413578,-1.411312,40.0,40.0,18.747656,0.0,1.0,0.0,0.0,0.303677,80.0,0.349996,1.0
91.0,0.450945,0.446977,0.462337,0.462337,13.220729,-1.446675,-1.444579,40.0,40.0,18.354857,0.0,1.0,0.0,0.0,0.303677,90.0,0.349428,1.0
101.0,0.451049,0.447084,0.463049,0.463049,13.223514,-1.563033,-1.560804,40.0,40.0,16.975197,0.0,1.0,0.0,0.0,0.303677,100.0,0.357338,1.0
111.0,0.451154,0.447191,0.463733,0.463733,13.222252,-1.473896,-1.471719,40.0,40.0,18.030998,0.0,1.0,0.0,0.0,0.303677,110.0,0.347211,1.0
121.0,0.451259,0.447298,0.464328,0.464328,13.222307,-1.452884,-1.450684,40.0,40.0,18.279384,0.0,1.0,0.0,0.0,0.306493,120.0,0.35854,1.0
131.0,0.451364,0.447404,0.464864,0.464864,13.223694,-1.501381,-1.499192,40.0,40.0,17.704055,0.0,1.0,0.0,0.0,0.306493,130.0,0.343615,1.0
141.0,0.451469,0.447511,0.465379,0.465379,13.223704,-1.480298,-1.478032,40.0,40.0,17.953369,0.0,1.0,0.0,0.0,0.306493,140.0,0.355146,1.0
151.0,0.451572,0.447617,0.465852,0.465852,13.223561,-1.452719,-1.450497,40.0,40.0,18.27971,0.0,1.0,0.0,0.0,0.306493,150.0,0.362154,1.0
161.0,0.451677,0.447723,0.466282,0.466282,13.224772,-1.49484,-1.492838,40.0,40.0,17.779967,0.0,1.0,0.0,0.0,0.306493,160.0,0.351829,1.0
171.0,0.451781,0.447829,0.466667,0.466667,13.224821,-1.478841,-1.476516,40.0,40.0,17.969123,0.0,1.0,0.0,0.0,0.306493,170.0,0.357071,1.0
181.0,0.451884,0.447934,0.467031,0.467031,13.224454,-1.442641,-1.440529,40.0,40.0,18.397746,0.0,1.0,0.0,0.0,0.308002,180.0,0.340006,1.0
191.0,0.451989,0.448041,0.467388,0.467388,13.227181,-1.564386,-1.562154,40.0,40.0,16.95407,0.0,1.0,0.0,0.0,0.308002,190.0,0.35102,1.0
201.0,0.452093,0.448146,0.467707,0.467707,13.225486,-1.461753,-1.459571,40.0,40.0,18.170359,0.0,1.0,0.0,0.0,0.308002,200.0,0.360745,1.0
211.0,0.452196,0.448251,0.468012,0.468012,13.22545,-1.444697,-1.442564,40.0,40.0,18.372143,0.0,1.0,0.0,0.0,0.308002,210.0,0.354434,1.0
221.0,0.452299,0.448356,0.468314,0.468314,13.226097,-1.463217,-1.461108,40.0,40.0,18.152241,0.0,1.0,0.0,0.0,0.308002,220.0,0.352161,1.0
231.0,0.452403,0.448462,0.468604,0.468604,13.225329,-1.409594,-1.407367,40.0,40.0,18.787485,0.0,1.0,0.0,0.0,0.308002,230.0,0.34909,1.0
241.0,0.452508,0.448569,0.468884,0.468884,13.227629,-1.5129,-1.510779,40.0,40.0,17.56251,0.0,1.0,0.0,0.0,0.308879,240.0,0.347324,1.0
251.0,0.45261,0.448673,0.469156,0.469156,13.227715,-1.504618,-1.502349,40.0,40.0,17.660365,0.0,1.0,0.0,0.0,0.308879,250.0,0.345989,1.0
261.0,0.452714,0.448779,0.469397,0.469397,13.227828,-1.497785,-1.495621,40.0,40.0,17.74104,0.0,1.0,0.0,0.0,0.308879,260.0,0.350625,1.0
271.0,0.45282,0.448886,0.469641,0.469641,13.227777,-1.482529,-1.480316,40.0,40.0,17.921583,0.0,1.0,0.0,0.0,0.308879,270.0,0.359378,1.0
281.0,0.452923,0.448991,0.469876,0.469876,13.226368,-1.39919,-1.396942,40.0,40.0,18.90924,0.0,1.0,0.0,0.0,0.308879,280.0,0.352498,1.0
291.0,0.453027,0.449097,0.470109,0.470109,13.22717,-1.429022,-1.426949,40.0,40.0,18.555337,0.0,1.0,0.0,0.0,0.308879,290.0,0.349843,1.0
301.0,0.45313,0.449202,0.470317,0.470317,13.228499,-1.486451,-1.484283,40.0,40.0,17.874232,0.0,1.0,0.0,0.0,0.30983,300.0,0.35199,1.0
311.0,0.453234,0.449308,0.470535,0.470535,13.228117,-1.45662,-1.454442,40.0,40.0,18.227638,0.0,1.0,0.0,0.0,0.30983,310.0,0.349963,1.0
321.0,0.453338,0.449414,0.470743,0.470743,13.228231,-1.452447,-1.45031,40.0,40.0,18.276865,0.0,1.0,0.0,0.0,0.30983,320.0,0.346118,1.0
331.0,0.453442,0.449519,0.470937,0.470937,13.22814,-1.438485,-1.436231,40.0,40.0,18.442149,0.0,1.0,0.0,0.0,0.30983,330.0,0.343653,1.0
341.0,0.453546,0.449625,0.471139,0.471139,13.228715,-1.458685,-1.45654,40.0,40.0,18.202438,0.0,1.0,0.0,0.0,0.30983,340.0,0.348878,1.0
351.0,0.453648,0.449729,0.471335,0.471335,13.228506,-1.43983,-1.437809,40.0,40.0,18.425772,0.0,1.0,0.0,0.0,0.30983,350.0,0.364998,1.0
361.0,0.453752,0.449835,0.471519,0.471519,13.230057,-1.510306,-1.507955,40.0,40.0,17.589914,0.0,1.0,0.0,0.0,0.310454,360.0,0.368592,1.0
371.0,0.453858,0.449943,0.471718,0.471718,13.228681,-1.431271,-1.429212,40.0,40.0,18.526798,0.0,1.0,0.0,0.0,0.310454,370.0,0.34983,1.0
381.0,0.453961,0.450048,0.471905,0.471905,13.22883,-1.431171,-1.428942,40.0,40.0,18.52779,0.0,1.0,0.0,0.0,0.310454,380.0,0.351734,1.0
391.0,0.454066,0.450154,0.472081,0.472081,13.229607,-1.463027,-1.460776,40.0,40.0,18.149897,0.0,1.0,0.0,0.0,0.310454,390.0,0.354064,1.0
401.0,0.45417,0.450261,0.472255,0.472255,13.229936,-1.472324,-1.470245,40.0,40.0,18.039464,0.0,1.0,0.0,0.0,0.310454,400.0,0.347791,1.0
411.0,0.454274,0.450366,0.472428,0.472428,13.229985,-1.467809,-1.46576,40.0,40.0,18.092818,0.0,1.0,0.0,0.0,0.310454,410.0,0.356063,1.0
421.0,0.454378,0.450472,0.472601,0.472601,13.230547,-1.489549,-1.487356,40.0,40.0,17.834852,0.0,1.0,0.0,0.0,0.311944,420.0,0.346123,1.0
431.0,0.454483,0.450579,0.472773,0.472773,13.231136,-1.512815,-1.510634,40.0,40.0,17.558762,0.0,1.0,0.0,0.0,0.311944,430.0,0.34962,1.0
441.0,0.454587,0.450685,0.472933,0.472933,13.230718,-1.484934,-1.482808,40.0,40.0,17.889236,0.0,1.0,0.0,0.0,0.311944,440.0,0.350957,1.0
451.0,0.454691,0.450791,0.473097,0.473097,13.231363,-1.511541,-1.509326,40.0,40.0,17.573536,0.0,1.0,0.0,0.0,0.311944,450.0,0.354245,1.0
461.0,0.454795,0.450897,0.473254,0.473254,13.23034,-1.453442,-1.451327,40.0,40.0,18.262352,0.0,1.0,0.0,0.0,0.311944,460.0,0.353116,1.0
471.0,0.4549,0.451003,0.473421,0.473421,13.231229,-1.49278,-1.490595,40.0,40.0,17.795715,0.0,1.0,0.0,0.0,0.311944,470.0,0.342966,1.0
481.0,0.455004,0.451109,0.473584,0.473584,13.230337,-1.441748,-1.439616,40.0,40.0,18.400723,0.0,1.0,0.0,0.0,0.313271,480.0,0.3501,1.0
491.0,0.455108,0.451215,0.473748,0.473748,13.231972,-1.519688,-1.517528,40.0,40.0,17.476301,0.0,1.0,0.0,0.0,0.313271,490.0,0.344764,1.0
501.0,0.455212,0.451321,0.473902,0.473902,13.230309,-1.429555,-1.427385,40.0,40.0,18.545026,0.0,1.0,0.0,0.0,0.313271,500.0,0.351604,1.0
511.0,0.455315,0.451426,0.474053,0.474053,13.231755,-1.498407,-1.496223,40.0,40.0,17.728425,0.0,1.0,0.0,0.0,0.313271,510.0,0.357561,1.0
521.0,0.455419,0.451532,0.474205,0.474205,13.230515,-1.430125,-1.427945,40.0,40.0,18.538017,0.0,1.0,0.0,0.0,0.313271,520.0,0.358687,1.0
531.0,0.455524,0.451638,0.474354,0.474354,13.232023,-1.502095,-1.499836,40.0,40.0,17.684425,0.0,1.0,0.0,0.0,0.313271,530.0,0.353373,1.0
541.0,0.455628,0.451745,0.474505,0.474505,13.231835,-1.487685,-1.485487,40.0,40.0,17.855192,0.0,1.0,0.0,0.0,0.314106,540.0,0.358513,1.0
551.0,0.455732,0.45185,0.474656,0.474656,13.232865,-1.535775,-1.533705,40.0,40.0,17.284705,0.0,1.0,0.0,0.0,0.314106,550.0,0.35185,1.0
561.0,0.455836,0.451956,0.474803,0.474803,13.232514,-1.513298,-1.511008,40.0,40.0,17.551185,0.0,1.0,0.0,0.0,0.314106,560.0,0.347803,1.0
571.0,0.45594,0.452063,0.474946,0.474946,13.232121,-1.488808,-1.486629,40.0,40.0,17.841518,0.0,1.0,0.0,0.0,0.314106,570.0,0.355722,1.0
581.0,0.456043,0.452167,0.475081,0.475081,13.232176,-1.487878,-1.485591,40.0,40.0,17.852456,0.0,1.0,0.0,0.0,0.314106,580.0,0.360826,1.0
591.0,0.456148,0.452274,0.475218,0.475218,13.231884,-1.468492,-1.466341,40.0,40.0,18.082243,0.0,1.0,0.0,0.0,0.314106,590.0,0.353696,1.0
601.0,0.456252,0.45238,0.475354,0.475354,13.231834,-1.461933,-1.459779,40.0,40.0,18.159935,0.0,1.0,0.0,0.0,0.314795,600.0,0.354488,1.0
611.0,0.456357,0.452487,0.475501,0.475501,13.232438,-1.488246,-1.48611,40.0,40.0,17.847749,0.0,1.0,0.0,0.0,0.314795,610.0,0.354565,1.0
621.0,0.456462,0.452593,0.475642,0.475642,13.232042,-1.464086,-1.461939,40.0,40.0,18.134176,0.0,1.0,0.0,0.0,0.314795,620.0,0.352108,1.0
631.0,0.456566,0.452699,0.475782,0.475782,13.231811,-1.448451,-1.446406,40.0,40.0,18.3195,0.0,1.0,0.0,0.0,0.314795,630.0,0.352391,1.0
641.0,0.45667,0.452805,0.475919,0.475919,13.232493,-1.479613,-1.477347,40.0,40.0,17.949838,0.0,1.0,0.0,0.0,0.314795,640.0,0.349429,1.0
651.0,0.456774,0.452912,0.47606,0.47606,13.232504,-1.476401,-1.474294,40.0,40.0,17.987842,0.0,1.0,0.0,0.0,0.314795,650.0,0.349323,1.0
661.0,0.456879,0.453019,0.476193,0.476193,13.233729,-1.535053,-1.532812,40.0,40.0,17.292069,0.0,1.0,0.0,0.0,0.316139,660.0,0.353579,1.0
671.0,0.456983,0.453124,0.47633,0.47633,13.232664,-1.477445,-1.475312,40.0,40.0,17.975267,0.0,1.0,0.0,0.0,0.316139,670.0,0.339525,1.0
681.0,0.457087,0.45323,0.476466,0.476466,13.23342,-1.512715,-1.510406,40.0,40.0,17.556864,0.0,1.0,0.0,0.0,0.316139,680.0,0.352897,1.0
691.0,0.457191,0.453336,0.476598,0.476598,13.233573,-1.517046,-1.514933,40.0,40.0,17.50539,0.0,1.0,0.0,0.0,0.316139,690.0,0.355279,1.0
701.0,0.457295,0.453441,0.476729,0.476729,13.23296,-1.482817,-1.48069,40.0,40.0,17.911311,0.0,1.0,0.0,0.0,0.316139,700.0,0.356455,1.0
711.0,0.457398,0.453546,0.476859,0.476859,13.232735,-1.468359,-1.466216,40.0,40.0,18.082703,0.0,1.0,0.0,0.0,0.316139,710.0,0.353255,1.0
721.0,0.457503,0.453653,0.476991,0.476991,13.23307,-1.481963,-1.47961,40.0,40.0,17.921271,0.0,1.0,0.0,0.0,0.316628,720.0,0.353522,1.0
731.0,0.457608,0.45376,0.477116,0.477116,13.23373,-1.512289,-1.510115,40.0,40.0,17.561475,0.0,1.0,0.0,0.0,0.316628,730.0,0.357875,1.0
741.0,0.457712,0.453866,0.477248,0.477248,13.233342,-1.48943,-1.487356,40.0,40.0,17.832536,0.0,1.0,0.0,0.0,0.316628,740.0,0.343975,1.0
751.0,0.457815,0.453971,0.477384,0.477384,13.232468,-1.4421,-1.439969,40.0,40.0,18.39381,0.0,1.0,0.0,0.0,0.316628,750.0,0.353406,1.0
761.0,0.457918,0.454076,0.477508,0.477508,13.233668,-1.50063,-1.498382,40.0,40.0,17.699548,0.0,1.0,0.0,0.0,0.316628,760.0,0.34991,1.0
771.0,0.458024,0.454183,0.477637,0.477637,13.234007,-1.514488,-1.512254,40.0,40.0,17.535077,0.0,1.0,0.0,0.0,0.316628,770.0,0.350227,1.0
781.0,0.458129,0.45429,0.477761,0.477761,13.233497,-1.485304,-1.483016,40.0,40.0,17.881155,0.0,1.0,0.0,0.0,0.317582,780.0,0.357473,1.0
791.0,0.458234,0.454397,0.477894,0.477894,13.233736,-1.494251,-1.492153,40.0,40.0,17.774954,0.0,1.0,0.0,0.0,0.317582,790.0,0.350698,1.0
801.0,0.458339,0.454504,0.478011,0.478011,13.233855,-1.497222,-1.495143,40.0,40.0,17.739634,0.0,1.0,0.0,0.0,0.317582,800.0,0.346048,1.0
811.0,0.458444,0.454611,0.47814,0.47814,13.234087,-1.505901,-1.503678,40.0,40.0,17.6366,0.0,1.0,0.0,0.0,0.317582,810.0,0.347696,1.0
821.0,0.458549,0.454718,0.478267,0.478267,13.232798,-1.437062,-1.43484,40.0,40.0,18.452999,0.0,1.0,0.0,0.0,0.317582,820.0,0.352538,1.0
831.0,0.458653,0.454824,0.478388,0.478388,13.233293,-1.459596,-1.457536,40.0,40.0,18.185677,0.0,1.0,0.0,0.0,0.317582,830.0,0.363543,1.0
841.0,0.458757,0.454929,0.478513,0.478513,13.233141,-1.449499,-1.44732,40.0,40.0,18.305377,0.0,1.0,0.0,0.0,0.318871,840.0,0.346285,1.0
851.0,0.45886,0.455035,0.478636,0.478636,13.233265,-1.453449,-1.451286,40.0,40.0,18.258469,0.0,1.0,0.0,0.0,0.318871,850.0,0.347814,1.0
861.0,0.458964,0.455141,0.478756,0.478756,13.23244,-1.408784,-1.406557,40.0,40.0,18.788099,0.0,1.0,0.0,0.0,0.318871,860.0,0.347071,1.0
871.0,0.459068,0.455246,0.478874,0.478874,13.232519,-1.410375,-1.40828,40.0,40.0,18.769174,0.0,1.0,0.0,0.0,0.318871,870.0,0.351903,1.0
881.0,0.459173,0.455353,0.478995,0.478995,13.234096,-1.488092,-1.485985,40.0,40.0,17.847369,0.0,1.0,0.0,0.0,0.318871,880.0,0.362499,1.0
891.0,0.459277,0.455459,0.479114,0.479114,13.233972,-1.479133,-1.477056,40.0,40.0,17.953565,0.0,1.0,0.0,0.0,0.318871,890.0,0.347404,1.0
901.0,0.459381,0.455565,0.479234,0.479234,13.234752,-1.516404,-1.514227,40.0,40.0,17.511395,0.0,1.0,0.0,0.0,0.319105,900.0,0.343422,1.0
911.0,0.459486,0.455672,0.479359,0.479359,13.233766,-1.463264,-1.46117,40.0,40.0,18.141654,0.0,1.0,0.0,0.0,0.319105,910.0,0.359486,1.0
921.0,0.45959,0.455778,0.479484,0.479484,13.23407,-1.476389,-1.474253,40.0,40.0,17.985917,0.0,1.0,0.0,0.0,0.319105,920.0,0.35124,1.0
931.0,0.459694,0.455883,0.479607,0.479607,13.234667,-1.504579,-1.502307,40.0,40.0,17.651467,0.0,1.0,0.0,0.0,0.319105,930.0,0.34784,1.0
941.0,0.459798,0.455989,0.479725,0.479725,13.234909,-1.514414,-1.512108,40.0,40.0,17.534734,0.0,1.0,0.0,0.0,0.319105,939.0,0.356006,1.0
951.0,0.459902,0.456095,0.479842,0.479842,13.233591,-1.444854,-1.442585,40.0,40.0,18.359758,0.0,1.0,0.0,0.0,0.319105,949.0,0.347475,1.0
961.0,0.460006,0.456201,0.479966,0.479966,13.233241,-1.424617,-1.42238,40.0,40.0,18.599716,0.0,1.0,0.0,0.0,0.319821,959.0,0.353648,1.0
971.0,0.46011,0.456307,0.480085,0.480085,13.234564,-1.489628,-1.487356,40.0,40.0,17.82857,0.0,1.0,0.0,0.0,0.319821,969.0,0.358769,1.0
981.0,0.460215,0.456413,0.480202,0.480202,13.234333,-1.475407,-1.473401,40.0,40.0,17.997186,0.0,1.0,0.0,0.0,0.319821,979.0,0.344719,1.0
991.0,0.460318,0.456519,0.480323,0.480323,13.234606,-1.487062,-1.484885,40.0,40.0,17.858882,0.0,1.0,0.0,0.0,0.319821,989.0,0.342983,1.0
1001.0,0.460422,0.456625,0.480442,0.480442,13.233543,-1.430503,-1.428444,40.0,40.0,18.529664,0.0,1.0,0.0,0.0,0.319821,999.0,0.345346,1.0
1011.0,0.460526,0.456731,0.48056,0.48056,13.234977,-1.501474,-1.499358,40.0,40.0,17.687808,0.0,1.0,0.0,0.0,0.319821,1009.0,0.35937,1.0
1021.0,0.460631,0.456837,0.480677,0.480677,13.234665,-1.483125,-1.480752,40.0,40.0,17.9054,0.0,1.0,0.0,0.0,0.320415,1019.0,0.358283,1.0
1031.0,0.460734,0.456942,0.480794,0.480794,13.23391,-1.442471,-1.440405,40.0,40.0,18.38755,0.0,1.0,0.0,0.0,0.320415,1029.0,0.353258,1.0
1041.0,0.460838,0.457048,0.480907,0.480907,13.234783,-1.484673,-1.482601,40.0,40.0,17.886924,0.0,1.0,0.0,0.0,0.320415,1039.0,0.367768,1.0
1051.0,0.460942,0.457154,0.481028,0.481028,13.233884,-1.436704,-1.43459,40.0,40.0,18.455838,0.0,1.0,0.0,0.0,0.320415,1049.0,0.350408,1.0
1061.0,0.461046,0.45726,0.481145,0.481145,13.235464,-1.515099,-1.512981,40.0,40.0,17.525878,0.0,1.0,0.0,0.0,0.320415,1059.0,0.355642,1.0
1071.0,0.46115,0.457365,0.481266,0.481266,13.234531,-1.465249,-1.462873,40.0,40.0,18.117159,0.0,1.0,0.0,0.0,0.320415,1069.0,0.355357,1.0
1081.0,0.461253,0.457471,0.481381,0.481381,13.234894,-1.481642,-1.47934,40.0,40.0,17.922645,0.0,1.0,0.0,0.0,0.320692,1079.0,0.342543,1.0
1091.0,0.461358,0.457577,0.481495,0.481495,13.235094,-1.48946,-1.487273,40.0,40.0,17.829848,0.0,1.0,0.0,0.0,0.320692,1089.0,0.353235,1.0
1101.0,0.461463,0.457684,0.481611,0.481611,13.235629,-1.514198,-1.512046,40.0,40.0,17.536312,0.0,1.0,0.0,0.0,0.320692,1099.0,0.349639,1.0
1111.0,0.461566,0.457789,0.481732,0.481732,13.234052,-1.431543,-1.42942,40.0,40.0,18.516703,0.0,1.0,0.0,0.0,0.320692,1108.0,0.353233,1.0
1121.0,0.461671,0.457896,0.481849,0.481849,13.235246,-1.490108,-1.487833,40.0,40.0,17.82198,0.0,1.0,0.0,0.0,0.320692,1118.0,0.352181,1.0
1131.0,0.461775,0.458001,0.481968,0.481968,13.2355,-1.500916,-1.498839,40.0,40.0,17.693702,0.0,1.0,0.0,0.0,0.320692,1128.0,0.359929,1.0
1141.0,0.461878,0.458107,0.482084,0.482084,13.234997,-1.473184,-1.470826,40.0,40.0,18.022628,0.0,1.0,0.0,0.0,0.321544,1138.0,0.338318,1.0
1151.0,0.461982,0.458213,0.482197,0.482197,13.235832,-1.513499,-1.511444,40.0,40.0,17.544321,0.0,1.0,0.0,0.0,0.321544,1148.0,0.362084,1.0
1161.0,0.462087,0.45832,0.482317,0.482317,13.234672,-1.451832,-1.449625,40.0,40.0,18.275776,0.0,1.0,0.0,0.0,0.321544,1158.0,0.352842,1.0
1171.0,0.462192,0.458427,0.482431,0.482431,13.236371,-1.535842,-1.533642,40.0,40.0,17.279099,0.0,1.0,0.0,0.0,0.321544,1168.0,0.353186,1.0
1181.0,0.462297,0.458533,0.482544,0.482544,13.235514,-1.489719,-1.487647,40.0,40.0,17.826226,0.0,1.0,0.0,0.0,0.321544,1178.0,0.339603,1.0
1191.0,0.462401,0.458639,0.482659,0.482659,13.234693,-1.445836,-1.443499,40.0,40.0,18.346711,0.0,1.0,0.0,0.0,0.321544,1188.0,0.356473,1.0
1201.0,0.462504,0.458744,0.482779,0.482779,13.235918,-1.506285,-1.504093,40.0,40.0,17.629592,0.0,1.0,0.0,0.0,0.322501,1198.0,0.345243,1.0
1211.0,0.46261,0.458852,0.482898,0.482898,13.236191,-1.517479,-1.515203,40.0,40.0,17.496715,0.0,1.0,0.0,0.0,0.322501,1208.0,0.351521,1.0
1221.0,0.462715,0.458959,0.48302,0.48302,13.23579,-1.494394,-1.492153,40.0,40.0,17.770518,0.0,1.0,0.0,0.0,0.322501,1218.0,0.353639,1.0
1231.0,0.46282,0.459066,0.483132,0.483132,13.235547,-1.47953,-1.477388,40.0,40.0,17.946789,0.0,1.0,0.0,0.0,0.322501,1228.0,0.350983,1.0
1241.0,0.462924,0.459172,0.483247,0.483247,13.236348,-1.518252,-1.515971,40.0,40.0,17.487347,0.0,1.0,0.0,0.0,0.322501,1238.0,0.35213,1.0
1251.0,0.463029,0.459278,0.483365,0.483365,13.235266,-1.460724,-1.458595,40.0,40.0,18.169755,0.0,1.0,0.0,0.0,0.322501,1248.0,0.3404,1.0
1261.0,0.463131,0.459382,0.483475,0.483475,13.235196,-1.455633,-1.453425,40.0,40.0,18.230103,0.0,1.0,0.0,0.0,0.323396,1258.0,0.344482,1.0
1271.0,0.463235,0.459488,0.483587,0.483587,13.236527,-1.521514,-1.519418,40.0,40.0,17.448492,0.0,1.0,0.0,0.0,0.323396,1268.0,0.36351,1.0
1281.0,0.463339,0.459594,0.483699,0.483699,13.236164,-1.501024,-1.498756,40.0,40.0,17.691532,0.0,1.0,0.0,0.0,0.323396,1278.0,0.354106,1.0
1291.0,0.463443,0.4597,0.483818,0.483818,13.235699,-1.475121,-1.472841,40.0,40.0,17.998769,0.0,1.0,0.0,0.0,0.323396,1288.0,0.352557,1.0
1301.0,0.463547,0.459805,0.483931,0.483931,13.2351,-1.442558,-1.440322,40.0,40.0,18.384986,0.0,1.0,0.0,0.0,0.323396,1298.0,0.355401,1.0
1311.0,0.463651,0.459911,0.484043,0.484043,13.235383,-1.454769,-1.452553,40.0,40.0,18.240088,0.0,1.0,0.0,0.0,0.323396,1308.0,0.358709,1.0
1321.0,0.463754,0.460016,0.484158,0.484158,13.235658,-1.467082,-1.464825,40.0,40.0,18.093984,0.0,1.0,0.0,0.0,0.323566,1318.0,0.352068,1.0
1331.0,0.463858,0.460122,0.484275,0.484275,13.235904,-1.477502,-1.475249,40.0,40.0,17.970316,0.0,1.0,0.0,0.0,0.323566,1328.0,0.343703,1.0
1341.0,0.463963,0.460229,0.484393,0.484393,13.237458,-1.554183,-1.551916,40.0,40.0,17.060474,0.0,1.0,0.0,0.0,0.323566,1338.0,0.349077,1.0
1351.0,0.464067,0.460335,0.484505,0.484505,13.235929,-1.47389,-1.471616,40.0,40.0,18.013033,0.0,1.0,0.0,0.0,0.323566,1348.0,0.357482,1.0
1361.0,0.464172,0.460442,0.484618,0.484618,13.235678,-1.458819,-1.456664,40.0,40.0,18.19176,0.0,1.0,0.0,0.0,0.323566,1358.0,0.350679,1.0
1371.0,0.464275,0.460547,0.484728,0.484728,13.235401,-1.442866,-1.440571,40.0,40.0,18.380958,0.0,1.0,0.0,0.0,0.323566,1368.0,0.349668,1.0
1381.0,0.464378,0.460652,0.484836,0.484836,13.235332,-1.437487,-1.435234,40.0,40.0,18.44471,0.0,1.0,0.0,0.0,0.324357,1378.0,0.353858,1.0
1391.0,0.464483,0.460758,0.48495,0.48495,13.235891,-1.463728,-1.461461,40.0,40.0,18.133382,0.0,1.0,0.0,0.0,0.324357,1388.0,0.351434,1.0
1401.0,0.464587,0.460865,0.485067,0.485067,13.236201,-1.477191,-1.475083,40.0,40.0,17.973602,0.0,1.0,0.0,0.0,0.324357,1398.0,0.349741,1.0
1411.0,0.464692,0.460971,0.48518,0.48518,13.236235,-1.476687,-1.474502,40.0,40.0,17.979527,0.0,1.0,0.0,0.0,0.324357,1408.0,0.353287,1.0
1421.0,0.464797,0.461078,0.485294,0.485294,13.23613,-1.468706,-1.466445,40.0,40.0,18.074135,0.0,1.0,0.0,0.0,0.324357,1418.0,0.342511,1.0
1431.0,0.464901,0.461184,0.485404,0.485404,13.236526,-1.486889,-1.484594,40.0,40.0,17.858371,0.0,1.0,0.0,0.0,0.324357,1428.0,0.355921,1.0
1441.0,0.465006,0.46129,0.485519,0.485519,13.236107,-1.463138,-1.461004,40.0,40.0,18.140074,0.0,1.0,0.0,0.0,0.325479,1438.0,0.358096,1.0
1451.0,0.465109,0.461396,0.48563,0.48563,13.236471,-1.479746,-1.477513,40.0,40.0,17.943,0.0,1.0,0.0,0.0,0.325479,1448.0,0.354627,1.0
1461.0,0.465213,0.461502,0.485737,0.485737,13.236536,-1.481044,-1.4788,40.0,40.0,17.927553,0.0,1.0,0.0,0.0,0.325479,1458.0,0.350203,1.0
1471.0,0.465317,0.461607,0.485848,0.485848,13.236112,-1.457429,-1.455252,40.0,40.0,18.207653,0.0,1.0,0.0,0.0,0.325479,1468.0,0.354936,1.0
1481.0,0.465422,0.461714,0.485961,0.485961,13.236399,-1.469536,-1.467213,40.0,40.0,18.063966,0.0,1.0,0.0,0.0,0.325479,1478.0,0.35529,1.0
1491.0,0.465526,0.46182,0.486077,0.486077,13.236085,-1.451421,-1.449251,40.0,40.0,18.278803,0.0,1.0,0.0,0.0,0.325479,1488.0,0.353127,1.0
1501.0,0.465631,0.461927,0.486187,0.486187,13.236794,-1.485194,-1.482933,40.0,40.0,17.878089,0.0,1.0,0.0,0.0,0.326153,1498.0,0.349368,1.0
1511.0,0.465734,0.462031,0.486298,0.486298,13.236821,-1.485022,-1.482787,40.0,40.0,17.880079,0.0,1.0,0.0,0.0,0.326153,1508.0,0.355912,1.0
1521.0,0.465838,0.462138,0.486411,0.486411,13.237197,-1.501888,-1.499836,40.0,40.0,17.679918,0.0,1.0,0.0,0.0,0.326153,1518.0,0.360021,1.0
1531.0,0.465941,0.462243,0.486522,0.486522,13.236628,-1.471068,-1.468874,40.0,40.0,18.045526,0.0,1.0,0.0,0.0,0.326153,1528.0,0.3535,1.0
1541.0,0.466046,0.462349,0.486633,0.486633,13.236606,-1.467686,-1.465697,40.0,40.0,18.085588,0.0,1.0,0.0,0.0,0.326153,1538.0,0.359913,1.0
1551.0,0.466151,0.462456,0.486747,0.486747,13.237008,-1.485655,-1.483244,40.0,40.0,17.872339,0.0,1.0,0.0,0.0,0.326153,1548.0,0.349556,1.0
1561.0,0.466255,0.462562,0.486858,0.486858,13.237022,-1.484416,-1.48231,40.0,40.0,17.88699,0.0,1.0,0.0,0.0,0.326643,1558.0,0.350072,1.0
1571.0,0.466358,0.462667,0.486969,0.486969,13.236254,-1.443404,-1.441235,40.0,40.0,18.373488,0.0,1.0,0.0,0.0,0.326643,1568.0,0.347148,1.0
1581.0,0.466462,0.462773,0.487079,0.487079,13.236092,-1.433178,-1.43106,40.0,40.0,18.494748,0.0,1.0,0.0,0.0,0.326643,1578.0,0.351913,1.0
1591.0,0.466565,0.462878,0.487188,0.487188,13.236547,-1.45444,-1.45222,40.0,40.0,18.242464,0.0,1.0,0.0,0.0,0.326643,1588.0,0.348743,1.0
1601.0,0.466669,0.462984,0.4873,0.4873,13.236829,-1.466841,-1.464742,40.0,40.0,18.095293,0.0,1.0,0.0,0.0,0.326643,1598.0,0.35498,1.0
1611.0,0.466773,0.463089,0.487408,0.487408,13.236705,-1.45857,-1.456519,40.0,40.0,18.193377,0.0,1.0,0.0,0.0,0.326643,1608.0,0.355335,1.0
1621.0,0.466877,0.463195,0.487519,0.487519,13.238474,-1.546699,-1.544627,40.0,40.0,17.147673,0.0,1.0,0.0,0.0,0.326672,1618.0,0.361008,1.0
1631.0,0.46698,0.4633,0.487627,0.487627,13.236525,-1.445496,-1.443208,40.0,40.0,18.348371,0.0,1.0,0.0,0.0,0.326672,1628.0,0.353711,1.0
1641.0,0.467084,0.463406,0.48774,0.48774,13.238293,-1.533418,-1.531068,40.0,40.0,17.305157,0.0,1.0,0.0,0.0,0.326672,1638.0,0.354218,1.0
1651.0,0.467189,0.463513,0.487853,0.487853,13.238242,-1.528194,-1.526001,40.0,40.0,17.367071,0.0,1.0,0.0,0.0,0.326672,1648.0,0.353142,1.0
1661.0,0.467293,0.463619,0.487965,0.487965,13.236739,-1.449401,-1.447091,40.0,40.0,18.301873,0.0,1.0,0.0,0.0,0.326672,1658.0,0.348999,1.0
1671.0,0.467399,0.463726,0.488077,0.488077,13.237917,-1.506949,-1.504716,40.0,40.0,17.619035,0.0,1.0,0.0,0.0,0.326672,1668.0,0.352562,1.0
1681.0,0.467502,0.463832,0.48819,0.48819,13.237146,-1.465518,-1.463268,40.0,40.0,18.110539,0.0,1.0,0.0,0.0,0.327887,1678.0,0.360889,1.0
1691.0,0.467607,0.463938,0.488302,0.488302,13.237765,-1.494843,-1.492506,40.0,40.0,17.762557,0.0,1.0,0.0,0.0,0.327887,1688.0,0.348956,1.0
1701.0,0.467711,0.464044,0.488413,0.488413,13.238209,-1.515341,-1.51296,40.0,40.0,17.519292,0.0,1.0,0.0,0.0,0.327887,1698.0,0.346554,1.0
1711.0,0.467816,0.464151,0.488527,0.488527,13.236764,-1.439228,-1.437124,40.0,40.0,18.422267,0.0,1.0,0.0,0.0,0.327887,1708.0,0.360194,1.0
1721.0,0.46792,0.464257,0.488638,0.488638,13.237321,-1.465479,-1.463496,40.0,40.0,18.110781,0.0,1.0,0.0,0.0,0.327887,1718.0,0.351944,1.0
1731.0,0.468024,0.464363,0.488749,0.488749,13.237298,-1.462398,-1.460298,40.0,40.0,18.147285,0.0,1.0,0.0,0.0,0.327887,1728.0,0.356359,1.0
1741.0,0.468128,0.464469,0.488862,0.488862,13.238289,-1.510713,-1.508454,40.0,40.0,17.57397,0.0,1.0,0.0,0.0,0.328586,1738.0,0.353506,1.0
1751.0,0.468234,0.464576,0.488973,0.488973,13.238844,-1.536451,-1.534245,40.0,40.0,17.268495,0.0,1.0,0.0,0.0,0.328586,1748.0,0.343539,1.0
1761.0,0.468337,0.464681,0.489082,0.489082,13.238435,-1.513881,-1.511797,40.0,40.0,17.536265,0.0,1.0,0.0,0.0,0.328586,1758.0,0.349548,1.0
1771.0,0.468442,0.464788,0.489194,0.489194,13.238384,-1.508796,-1.506564,40.0,40.0,17.596537,0.0,1.0,0.0,0.0,0.328586,1768.0,0.350798,1.0
1781.0,0.468546,0.464894,0.489307,0.489307,13.237906,-1.482159,-1.480088,40.0,40.0,17.912533,0.0,1.0,0.0,0.0,0.328586,1778.0,0.354078,1.0
1791.0,0.468651,0.465001,0.489415,0.489415,13.23814,-1.491735,-1.489619,40.0,40.0,17.798854,0.0,1.0,0.0,0.0,0.328586,1788.0,0.352112,1.0
1801.0,0.468756,0.465108,0.489526,0.489526,13.237809,-1.472404,-1.470203,40.0,40.0,18.028158,0.0,1.0,0.0,0.0,0.329878,1798.0,0.354445,1.0
1811.0,0.468861,0.465214,0.489639,0.489639,13.238146,-1.48737,-1.485175,40.0,40.0,17.850527,0.0,1.0,0.0,0.0,0.329878,1808.0,0.357275,1.0
1821.0,0.468964,0.46532,0.48975,0.48975,13.237302,-1.442471,-1.440363,40.0,40.0,18.383174,0.0,1.0,0.0,0.0,0.329878,1818.0,0.354281,1.0
1831.0,0.469069,0.465426,0.489858,0.489858,13.238224,-1.487272,-1.484989,40.0,40.0,17.851582,0.0,1.0,0.0,0.0,0.329878,1828.0,0.346256,1.0
1841.0,0.469173,0.465532,0.489966,0.489966,13.237657,-1.456316,-1.454297,40.0,40.0,18.21881,0.0,1.0,0.0,0.0,0.329878,1838.0,0.354408,1.0
1851.0,0.469276,0.465637,0.490072,0.490072,13.237978,-1.470924,-1.468667,40.0,40.0,18.045449,0.0,1.0,0.0,0.0,0.329878,1848.0,0.349745,1.0
1861.0,0.46938,0.465743,0.49018,0.49018,13.237426,-1.440613,-1.438598,40.0,40.0,18.405013,0.0,1.0,0.0,0.0,0.330156,1858.0,0.354262,1.0
1871.0,0.469484,0.465849,0.490286,0.490286,13.238581,-1.497485,-1.495309,40.0,40.0,17.730193,0.0,1.0,0.0,0.0,0.330156,1868.0,0.352427,1.0
1881.0,0.469586,0.465953,0.490393,0.490393,13.238506,-1.492335,-1.490201,40.0,40.0,17.791271,0.0,1.0,0.0,0.0,0.330156,1878.0,0.354821,1.0
1891.0,0.469691,0.466059,0.490504,0.490504,13.238281,-1.478623,-1.476392,40.0,40.0,17.953901,0.0,1.0,0.0,0.0,0.330156,1888.0,0.356667,1.0
1901.0,0.469795,0.466166,0.490616,0.490616,13.237877,-1.455789,-1.45357,40.0,40.0,18.224769,0.0,1.0,0.0,0.0,0.330156,1898.0,0.353,1.0
1911.0,0.4699,0.466272,0.490726,0.490726,13.238079,-1.463755,-1.461565,40.0,40.0,18.130193,0.0,1.0,0.0,0.0,0.330156,1908.0,0.363336,1.0
1921.0,0.470004,0.466379,0.490836,0.490836,13.239127,-1.51498,-1.512815,40.0,40.0,17.522318,0.0,1.0,0.0,0.0,0.330681,1918.0,0.345913,1.0
1931.0,0.470109,0.466485,0.490945,0.490945,13.238247,-1.467814,-1.46549,40.0,40.0,18.081914,0.0,1.0,0.0,0.0,0.330681,1928.0,0.349167,1.0
1941.0,0.470212,0.46659,0.491052,0.491052,13.237485,-1.427318,-1.425038,40.0,40.0,18.562328,0.0,1.0,0.0,0.0,0.330681,1938.0,0.354701,1.0
1951.0,0.470315,0.466695,0.491157,0.491157,13.239353,-1.520853,-1.518733,40.0,40.0,17.452478,0.0,1.0,0.0,0.0,0.330681,1948.0,0.347159,1.0
1961.0,0.47042,0.466802,0.491268,0.491268,13.238062,-1.452375,-1.450289,40.0,40.0,18.264947,0.0,1.0,0.0,0.0,0.330681,1958.0,0.344501,1.0
1971.0,0.470525,0.466908,0.491377,0.491377,13.238859,-1.490739,-1.488539,40.0,40.0,17.80969,0.0,1.0,0.0,0.0,0.330681,1968.0,0.356321,1.0
1981.0,0.470628,0.467014,0.491485,0.491485,13.238675,-1.479484,-1.477388,40.0,40.0,17.943185,0.0,1.0,0.0,0.0,0.331153,1978.0,0.345965,1.0
1991.0,0.470732,0.467119,0.491591,0.491591,13.238857,-1.486967,-1.484822,40.0,40.0,17.854356,0.0,1.0,0.0,0.0,0.331153,1988.0,0.361248,1.0
2001.0,0.470836,0.467225,0.491699,0.491699,13.239868,-1.536185,-1.534016,40.0,40.0,17.270237,0.0,1.0,0.0,0.0,0.331153,1998.0,0.352748,1.0
2011.0,0.47094,0.467331,0.491808,0.491808,13.23826,-1.452107,-1.449812,40.0,40.0,18.267865,0.0,1.0,0.0,0.0,0.331153,2008.0,0.355095,1.0
2021.0,0.471045,0.467438,0.491916,0.491916,13.239381,-1.50694,-1.504841,40.0,40.0,17.617176,0.0,1.0,0.0,0.0,0.331153,2018.0,0.352332,1.0
2031.0,0.471149,0.467543,0.492022,0.492022,13.239157,-1.493519,-1.491364,40.0,40.0,17.776373,0.0,1.0,0.0,0.0,0.331153,2028.0,0.351968,1.0
2041.0,0.471252,0.467648,0.49213,0.49213,13.238128,-1.439218,-1.437061,40.0,40.0,18.420621,0.0,1.0,0.0,0.0,0.331744,2038.0,0.365916,1.0
2051.0,0.471356,0.467754,0.492237,0.492237,13.239362,-1.500125,-1.497946,40.0,40.0,17.697893,0.0,1.0,0.0,0.0,0.331744,2048.0,0.350799,1.0
2061.0,0.47146,0.46786,0.492346,0.492346,13.239061,-1.482659,-1.48042,40.0,40.0,17.905084,0.0,1.0,0.0,0.0,0.331744,2058.0,0.358459,1.0
2071.0,0.471564,0.467966,0.492453,0.492453,13.238779,-1.46622,-1.463953,40.0,40.0,18.100098,0.0,1.0,0.0,0.0,0.331744,2068.0,0.356432,1.0
2081.0,0.471668,0.468072,0.49256,0.49256,13.23936,-1.493789,-1.491654,40.0,40.0,17.772906,0.0,1.0,0.0,0.0,0.331744,2078.0,0.352596,1.0
2091.0,0.471771,0.468177,0.492668,0.492668,13.238769,-1.461687,-1.459468,40.0,40.0,18.153773,0.0,1.0,0.0,0.0,0.331744,2088.0,0.349021,1.0
2101.0,0.471875,0.468282,0.492775,0.492775,13.239209,-1.48225,-1.480129,40.0,40.0,17.90973,0.0,1.0,0.0,0.0,0.332047,2098.0,0.351563,1.0
2111.0,0.471978,0.468388,0.492885,0.492885,13.239531,-1.496596,-1.494312,40.0,40.0,17.73944,0.0,1.0,0.0,0.0,0.332047,2108.0,0.358509,1.0
2121.0,0.472082,0.468494,0.492995,0.492995,13.238954,-1.46503,-1.462852,40.0,40.0,18.113949,0.0,1.0,0.0,0.0,0.332047,2118.0,0.353285,1.0
2131.0,0.472187,0.4686,0.4931,0.4931,13.24028,-1.530502,-1.528493,40.0,40.0,17.336968,0.0,1.0,0.0,0.0,0.332047,2128.0,0.355062,1.0
2141.0,0.47229,0.468705,0.493205,0.493205,13.239243,-1.475724,-1.473567,40.0,40.0,17.986955,0.0,1.0,0.0,0.0,0.332047,2138.0,0.347829,1.0
2151.0,0.472394,0.468811,0.493315,0.493315,13.239074,-1.464839,-1.462645,40.0,40.0,18.116062,0.0,1.0,0.0,0.0,0.332047,2148.0,0.35707,1.0
2161.0,0.472498,0.468917,0.493424,0.493424,13.239728,-1.496071,-1.493793,40.0,40.0,17.745395,0.0,1.0,0.0,0.0,0.332733,2158.0,0.347705,1.0
2171.0,0.472603,0.469024,0.493532,0.493532,13.239779,-1.496377,-1.494105,40.0,40.0,17.741707,0.0,1.0,0.0,0.0,0.332733,2168.0,0.350348,1.0
2181.0,0.472707,0.46913,0.493642,0.493642,13.23957,-1.483414,-1.481334,40.0,40.0,17.895469,0.0,1.0,0.0,0.0,0.332733,2178.0,0.349145,1.0
2191.0,0.472811,0.469235,0.493753,0.493753,13.238324,-1.417844,-1.415507,40.0,40.0,18.673424,0.0,1.0,0.0,0.0,0.332733,2188.0,0.346363,1.0
2201.0,0.472916,0.469342,0.493861,0.493861,13.240443,-1.523633,-1.521495,40.0,40.0,17.418075,0.0,1.0,0.0,0.0,0.332733,2198.0,0.344927,1.0
2211.0,0.47302,0.469448,0.493968,0.493968,13.23935,-1.465468,-1.463226,40.0,40.0,18.108244,0.0,1.0,0.0,0.0,0.332733,2208.0,0.352478,1.0
2221.0,0.473124,0.469554,0.494077,0.494077,13.239206,-1.456013,-1.453861,40.0,40.0,18.220382,0.0,1.0,0.0,0.0,0.333776,2218.0,0.354673,1.0
2231.0,0.473228,0.46966,0.49418,0.49418,13.239725,-1.48042,-1.478094,40.0,40.0,17.930721,0.0,1.0,0.0,0.0,0.333776,2228.0,0.354073,1.0
2241.0,0.473332,0.469766,0.494289,0.494289,13.239975,-1.491187,-1.489162,40.0,40.0,17.802901,0.0,1.0,0.0,0.0,0.333776,2238.0,0.361597,1.0
2251.0,0.473437,0.469872,0.494397,0.494397,13.239691,-1.474314,-1.472093,40.0,40.0,18.003062,0.0,1.0,0.0,0.0,0.333776,2248.0,0.348253,1.0
2261.0,0.473541,0.469978,0.494504,0.494504,13.240199,-1.498101,-1.495891,40.0,40.0,17.720725,0.0,1.0,0.0,0.0,0.333776,2258.0,0.34437,1.0
2271.0,0.473644,0.470083,0.494609,0.494609,13.239544,-1.463048,-1.460817,40.0,40.0,18.136652,0.0,1.0,0.0,0.0,0.333776,2268.0,0.359532,1.0
2281.0,0.473748,0.470189,0.494716,0.494716,13.240036,-1.486052,-1.48395,40.0,40.0,17.863617,0.0,1.0,0.0,0.0,0.334141,2278.0,0.360919,1.0
2291.0,0.473852,0.470295,0.494824,0.494824,13.240315,-1.497998,-1.495807,40.0,40.0,17.7218,0.0,1.0,0.0,0.0,0.334141,2288.0,0.353203,1.0
2301.0,0.473955,0.4704,0.494931,0.494931,13.23946,-1.452452,-1.45031,40.0,40.0,18.26222,0.0,1.0,0.0,0.0,0.334141,2298.0,0.349033,1.0
2311.0,0.474059,0.470505,0.495037,0.495037,13.239328,-1.44388,-1.441568,40.0,40.0,18.363882,0.0,1.0,0.0,0.0,0.334141,2308.0,0.359825,1.0
2321.0,0.474163,0.470611,0.495145,0.495145,13.238632,-1.406188,-1.404003,40.0,40.0,18.811037,0.0,1.0,0.0,0.0,0.334141,2318.0,0.352562,1.0
2331.0,0.474266,0.470716,0.495247,0.495247,13.239619,-1.454734,-1.452511,40.0,40.0,18.234992,0.0,1.0,0.0,0.0,0.334141,2328.0,0.34344,1.0
2341.0,0.474372,0.470824,0.49536,0.49536,13.239578,-1.449758,-1.447569,40.0,40.0,18.29396,0.0,1.0,0.0,0.0,0.334872,2338.0,0.344981,1.0
2351.0,0.474475,0.47093,0.495469,0.495469,13.240617,-1.500896,-1.498798,40.0,40.0,17.687072,0.0,1.0,0.0,0.0,0.334872,2348.0,0.356792,1.0
2361.0,0.474579,0.471035,0.495575,0.495575,13.240265,-1.481014,-1.478842,40.0,40.0,17.92297,0.0,1.0,0.0,0.0,0.334872,2358.0,0.350551,1.0
2371.0,0.474682,0.47114,0.495684,0.495684,13.240208,-1.476235,-1.474211,40.0,40.0,17.97963,0.0,1.0,0.0,0.0,0.334872,2368.0,0.3489,1.0
2381.0,0.474786,0.471246,0.495792,0.495792,13.240238,-1.475695,-1.473381,40.0,40.0,17.985991,0.0,1.0,0.0,0.0,0.334872,2378.0,0.354086,1.0
2391.0,0.47489,0.471352,0.4959,0.4959,13.240147,-1.468903,-1.466715,40.0,40.0,18.066532,0.0,1.0,0.0,0.0,0.334872,2388.0,0.352349,1.0
2401.0,0.474995,0.471458,0.496006,0.496006,13.240577,-1.488462,-1.486338,40.0,40.0,17.83436,0.0,1.0,0.0,0.0,0.335365,2398.0,0.357413,1.0
2411.0,0.475098,0.471564,0.496112,0.496112,13.241103,-1.51322,-1.511049,40.0,40.0,17.540488,0.0,1.0,0.0,0.0,0.335365,2408.0,0.345377,1.0
2421.0,0.475202,0.471669,0.496217,0.496217,13.240197,-1.465012,-1.462832,40.0,40.0,18.112537,0.0,1.0,0.0,0.0,0.335365,2418.0,0.357126,1.0
2431.0,0.475306,0.471775,0.496322,0.496322,13.241259,-1.517193,-1.514974,40.0,40.0,17.49323,0.0,1.0,0.0,0.0,0.335365,2428.0,0.348611,1.0
2441.0,0.475409,0.47188,0.49643,0.49643,13.240629,-1.483152,-1.48096,40.0,40.0,17.897176,0.0,1.0,0.0,0.0,0.335365,2438.0,0.345922,1.0
2451.0,0.475512,0.471985,0.496538,0.496538,13.240782,-1.488984,-1.486837,40.0,40.0,17.827908,0.0,1.0,0.0,0.0,0.335365,2448.0,0.352506,1.0
2461.0,0.475617,0.472092,0.496646,0.496646,13.241457,-1.521042,-1.518795,40.0,40.0,17.447378,0.0,1.0,0.0,0.0,0.335812,2458.0,0.356418,1.0
2471.0,0.475723,0.4722,0.496757,0.496757,13.24102,-1.495881,-1.493689,40.0,40.0,17.745915,0.0,1.0,0.0,0.0,0.335812,2468.0,0.35453,1.0
2481.0,0.475827,0.472305,0.496863,0.496863,13.240307,-1.457479,-1.455252,40.0,40.0,18.20159,0.0,1.0,0.0,0.0,0.335812,2478.0,0.362444,1.0
2491.0,0.475929,0.47241,0.496967,0.496967,13.240465,-1.463909,-1.461731,40.0,40.0,18.125251,0.0,1.0,0.0,0.0,0.335812,2488.0,0.357009,1.0
2501.0,0.476034,0.472516,0.497076,0.497076,13.240291,-1.452717,-1.450497,40.0,40.0,18.258003,0.0,1.0,0.0,0.0,0.335812,2498.0,0.360052,1.0
2511.0,0.476136,0.47262,0.49718,0.49718,13.240337,-1.453528,-1.451265,40.0,40.0,18.248333,0.0,1.0,0.0,0.0,0.335812,2508.0,0.351097,1.0
2521.0,0.476239,0.472725,0.497286,0.497286,13.239815,-1.425199,-1.422899,40.0,40.0,18.58445,0.0,1.0,0.0,0.0,0.336234,2518.0,0.354617,1.0
2531.0,0.476344,0.472832,0.497395,0.497395,13.240664,-1.465929,-1.463745,40.0,40.0,18.101069,0.0,1.0,0.0,0.0,0.336234,2528.0,0.355425,1.0
2541.0,0.476449,0.472939,0.497504,0.497504,13.240682,-1.464446,-1.462354,40.0,40.0,18.118606,0.0,1.0,0.0,0.0,0.336234,2538.0,0.353921,1.0
2551.0,0.476553,0.473044,0.497611,0.497611,13.24155,-1.506543,-1.50428,40.0,40.0,17.618955,0.0,1.0,0.0,0.0,0.336234,2548.0,0.349249,1.0
2561.0,0.476657,0.47315,0.497717,0.497717,13.241262,-1.489709,-1.487626,40.0,40.0,17.818683,0.0,1.0,0.0,0.0,0.336234,2558.0,0.353168,1.0
2571.0,0.476761,0.473256,0.49782,0.49782,13.242283,-1.539596,-1.537318,40.0,40.0,17.226518,0.0,1.0,0.0,0.0,0.336234,2568.0,0.348399,1.0
2581.0,0.476865,0.473362,0.49793,0.49793,13.241237,-1.484109,-1.481936,40.0,40.0,17.88503,0.0,1.0,0.0,0.0,0.337268,2578.0,0.357101,1.0
2591.0,0.476969,0.473469,0.498039,0.498039,13.241081,-1.473851,-1.471678,40.0,40.0,18.006715,0.0,1.0,0.0,0.0,0.337268,2588.0,0.351543,1.0
2601.0,0.477073,0.473574,0.498142,0.498142,13.241067,-1.471335,-1.469082,40.0,40.0,18.036527,0.0,1.0,0.0,0.0,0.337268,2598.0,0.358402,1.0
2611.0,0.477178,0.473681,0.49825,0.49825,13.242182,-1.525593,-1.523467,40.0,40.0,17.39249,0.0,1.0,0.0,0.0,0.337268,2608.0,0.351974,1.0
2621.0,0.477282,0.473787,0.498358,0.498358,13.241187,-1.472626,-1.47039,40.0,40.0,18.021074,0.0,1.0,0.0,0.0,0.337268,2618.0,0.348944,1.0
2631.0,0.477388,0.473894,0.498465,0.498465,13.241293,-1.475319,-1.473152,40.0,40.0,17.989044,0.0,1.0,0.0,0.0,0.337268,2628.0,0.345734,1.0
2641.0,0.477492,0.474,0.498573,0.498573,13.241217,-1.469266,-1.466985,40.0,40.0,18.060821,0.0,1.0,0.0,0.0,0.338602,2638.0,0.33727,1.0
2651.0,0.477596,0.474107,0.49868,0.49868,13.242103,-1.512199,-1.510073,40.0,40.0,17.551216,0.0,1.0,0.0,0.0,0.338602,2648.0,0.346536,1.0
2661.0,0.4777,0.474212,0.498786,0.498786,13.240967,-1.452328,-1.450185,40.0,40.0,18.261732,0.0,1.0,0.0,0.0,0.338602,2658.0,0.351648,1.0
2671.0,0.477805,0.474319,0.498897,0.498897,13.242082,-1.506828,-1.504529,40.0,40.0,17.614851,0.0,1.0,0.0,0.0,0.338602,2668.0,0.353896,1.0
2681.0,0.47791,0.474426,0.499004,0.499004,13.241761,-1.487821,-1.485778,40.0,40.0,17.840372,0.0,1.0,0.0,0.0,0.338602,2678.0,0.350892,1.0
2691.0,0.478014,0.474532,0.49911,0.49911,13.24045,-1.418766,-1.416711,40.0,40.0,18.659817,0.0,1.0,0.0,0.0,0.338602,2688.0,0.355077,1.0
2701.0,0.478119,0.474639,0.499219,0.499219,13.242624,-1.527297,-1.525149,40.0,40.0,17.37171,0.0,1.0,0.0,0.0,0.339556,2698.0,0.355292,1.0
2711.0,0.478224,0.474745,0.499327,0.499327,13.24151,-1.468376,-1.46605,40.0,40.0,18.070975,0.0,1.0,0.0,0.0,0.339556,2708.0,0.348563,1.0
2721.0,0.478329,0.474852,0.499438,0.499438,13.241853,-1.483477,-1.481188,40.0,40.0,17.891698,0.0,1.0,0.0,0.0,0.339556,2718.0,0.352899,1.0
2731.0,0.478433,0.474959,0.499545,0.499545,13.241964,-1.486787,-1.484636,40.0,40.0,17.852347,0.0,1.0,0.0,0.0,0.339556,2728.0,0.338729,1.0
2741.0,0.478538,0.475065,0.499651,0.499651,13.242322,-1.502693,-1.500459,40.0,40.0,17.663502,0.0,1.0,0.0,0.0,0.339556,2738.0,0.344075,1.0
2751.0,0.478642,0.475171,0.499754,0.499754,13.242313,-1.500498,-1.498258,40.0,40.0,17.689514,0.0,1.0,0.0,0.0,0.339556,2748.0,0.360113,1.0
2761.0,0.478745,0.475276,0.499859,0.499859,13.242401,-1.503226,-1.500957,40.0,40.0,17.657085,0.0,1.0,0.0,0.0,0.339979,2758.0,0.355075,1.0
2771.0,0.47885,0.475382,0.499965,0.499965,13.242063,-1.483611,-1.481355,40.0,40.0,17.889828,0.0,1.0,0.0,0.0,0.339979,2768.0,0.351905,1.0
2781.0,0.478954,0.475489,0.500073,0.500073,13.241041,-1.429224,-1.427032,40.0,40.0,18.535224,0.0,1.0,0.0,0.0,0.339979,2778.0,0.34974,1.0
2791.0,0.479058,0.475595,0.500178,0.500178,13.242193,-1.486005,-1.483909,40.0,40.0,17.861312,0.0,1.0,0.0,0.0,0.339979,2788.0,0.348513,1.0
2801.0,0.479162,0.475701,0.500286,0.500286,13.241569,-1.452121,-1.450061,40.0,40.0,18.263398,0.0,1.0,0.0,0.0,0.339979,2798.0,0.344761,1.0
2811.0,0.479267,0.475807,0.500391,0.500391,13.243184,-1.532092,-1.529842,40.0,40.0,17.314151,0.0,1.0,0.0,0.0,0.339979,2808.0,0.354475,1.0
2821.0,0.479373,0.475915,0.500498,0.500498,13.240987,-1.41743,-1.415278,40.0,40.0,18.674952,0.0,1.0,0.0,0.0,0.341124,2818.0,0.363095,1.0
2831.0,0.479476,0.47602,0.500602,0.500602,13.242193,-1.477235,-1.47498,40.0,40.0,17.965168,0.0,1.0,0.0,0.0,0.341124,2828.0,0.347199,1.0
2841.0,0.47958,0.476126,0.500707,0.500707,13.241687,-1.449263,-1.447029,40.0,40.0,18.297087,0.0,1.0,0.0,0.0,0.341124,2838.0,0.357808,1.0
2851.0,0.479684,0.476232,0.500812,0.500812,13.242224,-1.474664,-1.472384,40.0,40.0,17.995571,0.0,1.0,0.0,0.0,0.341124,2848.0,0.345014,1.0
2861.0,0.479788,0.476338,0.500917,0.500917,13.242412,-1.482167,-1.479984,40.0,40.0,17.906469,0.0,1.0,0.0,0.0,0.341124,2858.0,0.344492,1.0
2871.0,0.479893,0.476444,0.501023,0.501023,13.242842,-1.501844,-1.499525,40.0,40.0,17.672857,0.0,1.0,0.0,0.0,0.341124,2868.0,0.345125,1.0
2881.0,0.479997,0.47655,0.501131,0.501131,13.242202,-1.467344,-1.465095,40.0,40.0,18.082294,0.0,1.0,0.0,0.0,0.341333,2878.0,0.364368,1.0
2891.0,0.480102,0.476657,0.501239,0.501239,13.242436,-1.476642,-1.474336,40.0,40.0,17.97187,0.0,1.0,0.0,0.0,0.341333,2888.0,0.354806,1.0
2901.0,0.480206,0.476763,0.501346,0.501346,13.241178,-1.410687,-1.40853,40.0,40.0,18.754555,0.0,1.0,0.0,0.0,0.341333,2898.0,0.349694,1.0
2911.0,0.480309,0.476868,0.501453,0.501453,13.242377,-1.46993,-1.467898,40.0,40.0,18.051437,0.0,1.0,0.0,0.0,0.341333,2908.0,0.348124,1.0
2921.0,0.480412,0.476973,0.501559,0.501559,13.241817,-1.439874,-1.437809,40.0,40.0,18.408105,0.0,1.0,0.0,0.0,0.341333,2918.0,0.347287,1.0
2931.0,0.480516,0.477078,0.501666,0.501666,13.241859,-1.440017,-1.43783,40.0,40.0,18.406355,0.0,1.0,0.0,0.0,0.341333,2928.0,0.355849,1.0
2941.0,0.48062,0.477185,0.501771,0.501771,13.243203,-1.506353,-1.504238,40.0,40.0,17.618972,0.0,1.0,0.0,0.0,0.341475,2938.0,0.356713,1.0
2951.0,0.480723,0.47729,0.501876,0.501876,13.242639,-1.475821,-1.473692,40.0,40.0,17.981331,0.0,1.0,0.0,0.0,0.341475,2948.0,0.351726,1.0
2961.0,0.480827,0.477395,0.50198,0.50198,13.241133,-1.397095,-1.394887,40.0,40.0,18.915563,0.0,1.0,0.0,0.0,0.341475,2958.0,0.349456,1.0
2971.0,0.480929,0.477499,0.502085,0.502085,13.242633,-1.472102,-1.469892,40.0,40.0,18.025378,0.0,1.0,0.0,0.0,0.341475,2968.0,0.354798,1.0
2981.0,0.481033,0.477605,0.50219,0.50219,13.242374,-1.45679,-1.454733,40.0,40.0,18.207059,0.0,1.0,0.0,0.0,0.341475,2978.0,0.333634,1.0
2991.0,0.481138,0.477712,0.502297,0.502297,13.242877,-1.48007,-1.478094,40.0,40.0,17.930692,0.0,1.0,0.0,0.0,0.341475,2988.0,0.346243,1.0
3001.0,0.481242,0.477817,0.502404,0.502404,13.242346,-1.450961,-1.44869,40.0,40.0,18.276119,0.0,1.0,0.0,0.0,0.341653,2998.0,0.354525,1.0
3011.0,0.481345,0.477923,0.502509,0.502509,13.243246,-1.494827,-1.492672,40.0,40.0,17.755423,0.0,1.0,0.0,0.0,0.341653,3008.0,0.34686,1.0
3021.0,0.48145,0.478029,0.502618,0.502618,13.242955,-1.477639,-1.475457,40.0,40.0,17.959381,0.0,1.0,0.0,0.0,0.341653,3018.0,0.35038,1.0
3031.0,0.481554,0.478135,0.502724,0.502724,13.241873,-1.420462,-1.418331,40.0,40.0,18.637917,0.0,1.0,0.0,0.0,0.341653,3028.0,0.349873,1.0
3041.0,0.481657,0.47824,0.50283,0.50283,13.242421,-1.446638,-1.444579,40.0,40.0,18.327229,0.0,1.0,0.0,0.0,0.341653,3038.0,0.352071,1.0
3051.0,0.481761,0.478346,0.502936,0.502936,13.243927,-1.521411,-1.51921,40.0,40.0,17.439652,0.0,1.0,0.0,0.0,0.341653,3048.0,0.363615,1.0
3061.0,0.481864,0.478451,0.503042,0.503042,13.242893,-1.466803,-1.464493,40.0,40.0,18.087789,0.0,1.0,0.0,0.0,0.342131,3058.0,0.351717,1.0
3071.0,0.481968,0.478557,0.50315,0.50315,13.243456,-1.493299,-1.491135,40.0,40.0,17.773245,0.0,1.0,0.0,0.0,0.342131,3068.0,0.353964,1.0
3081.0,0.482072,0.478662,0.503257,0.503257,13.242582,-1.446674,-1.444537,40.0,40.0,18.326587,0.0,1.0,0.0,0.0,0.342131,3078.0,0.347341,1.0
3091.0,0.482175,0.478767,0.503361,0.503361,13.242808,-1.456331,-1.454027,40.0,40.0,18.211929,0.0,1.0,0.0,0.0,0.342131,3088.0,0.351524,1.0
3101.0,0.482278,0.478872,0.503465,0.503465,13.243116,-1.470133,-1.467898,40.0,40.0,18.048059,0.0,1.0,0.0,0.0,0.342131,3098.0,0.344846,1.0
3111.0,0.482382,0.478978,0.50357,0.50357,13.243563,-1.490923,-1.488685,40.0,40.0,17.801241,0.0,1.0,0.0,0.0,0.342131,3108.0,0.34709,1.0
3121.0,0.482487,0.479085,0.503675,0.503675,13.243114,-1.465592,-1.463309,40.0,40.0,18.101841,0.0,1.0,0.0,0.0,0.342781,3118.0,0.35508,1.0
3131.0,0.48259,0.47919,0.503781,0.503781,13.243425,-1.479516,-1.477222,40.0,40.0,17.936528,0.0,1.0,0.0,0.0,0.342781,3128.0,0.347047,1.0
3141.0,0.482694,0.479296,0.503887,0.503887,13.243996,-1.506528,-1.504321,40.0,40.0,17.615827,0.0,1.0,0.0,0.0,0.342781,3138.0,0.353007,1.0
3151.0,0.482797,0.4794,0.503992,0.503992,13.242693,-1.438353,-1.435961,40.0,40.0,18.424998,0.0,1.0,0.0,0.0,0.342781,3148.0,0.348975,1.0
3161.0,0.482901,0.479506,0.504102,0.504102,13.243059,-1.454825,-1.452532,40.0,40.0,18.229434,0.0,1.0,0.0,0.0,0.342781,3158.0,0.352296,1.0
3171.0,0.483005,0.479612,0.504208,0.504208,13.244254,-1.513494,-1.511278,40.0,40.0,17.53297,0.0,1.0,0.0,0.0,0.342781,3168.0,0.351949,1.0
3181.0,0.48311,0.479719,0.504315,0.504315,13.242828,-1.438277,-1.436023,40.0,40.0,18.425719,0.0,1.0,0.0,0.0,0.343537,3178.0,0.357067,1.0
3191.0,0.483213,0.479824,0.504416,0.504416,13.244328,-1.512882,-1.510779,40.0,40.0,17.540126,0.0,1.0,0.0,0.0,0.343537,3188.0,0.35217,1.0
3201.0,0.483317,0.479929,0.504523,0.504523,13.24344,-1.465646,-1.463475,40.0,40.0,18.10078,0.0,1.0,0.0,0.0,0.343537,3198.0,0.348514,1.0
3211.0,0.483421,0.480035,0.504626,0.504626,13.244639,-1.52464,-1.522533,40.0,40.0,17.400426,0.0,1.0,0.0,0.0,0.343537,3208.0,0.348777,1.0
3221.0,0.483525,0.480142,0.504734,0.504734,13.243339,-1.455868,-1.453529,40.0,40.0,18.216721,0.0,1.0,0.0,0.0,0.343537,3218.0,0.34571,1.0
3231.0,0.483629,0.480247,0.504838,0.504838,13.24256,-1.41408,-1.412018,40.0,40.0,18.712633,0.0,1.0,0.0,0.0,0.343537,3228.0,0.361322,1.0
3241.0,0.483733,0.480353,0.504941,0.504941,13.243104,-1.439826,-1.437684,40.0,40.0,18.407016,0.0,1.0,0.0,0.0,0.344155,3238.0,0.356748,1.0
3251.0,0.483836,0.480459,0.505046,0.505046,13.24416,-1.491578,-1.489287,40.0,40.0,17.792683,0.0,1.0,0.0,0.0,0.344155,3248.0,0.347204,1.0
3261.0,0.483942,0.480566,0.505152,0.505152,13.244522,-1.507465,-1.505256,40.0,40.0,17.604023,0.0,1.0,0.0,0.0,0.344155,3258.0,0.356328,1.0
3271.0,0.484046,0.480672,0.50526,0.50526,13.243638,-1.460136,-1.457972,40.0,40.0,18.165775,0.0,1.0,0.0,0.0,0.344155,3268.0,0.345839,1.0
3281.0,0.484149,0.480777,0.505366,0.505366,13.242565,-1.403385,-1.401199,40.0,40.0,18.839285,0.0,1.0,0.0,0.0,0.344155,3278.0,0.346617,1.0
3291.0,0.484252,0.480881,0.505468,0.505468,13.24451,-1.501087,-1.498922,40.0,40.0,17.679584,0.0,1.0,0.0,0.0,0.344155,3288.0,0.353012,1.0
3301.0,0.484356,0.480987,0.505572,0.505572,13.243688,-1.456966,-1.454712,40.0,40.0,18.203259,0.0,1.0,0.0,0.0,0.344752,3298.0,0.357128,1.0
3311.0,0.484459,0.481092,0.505674,0.505674,13.243105,-1.425486,-1.42319,40.0,40.0,18.576855,0.0,1.0,0.0,0.0,0.344752,3308.0,0.35693,1.0
3321.0,0.484563,0.481198,0.505779,0.505779,13.243735,-1.455243,-1.453009,40.0,40.0,18.22361,0.0,1.0,0.0,0.0,0.344752,3318.0,0.359561,1.0
3331.0,0.484668,0.481305,0.505886,0.505886,13.244634,-1.498694,-1.49643,40.0,40.0,17.707763,0.0,1.0,0.0,0.0,0.344752,3328.0,0.348474,1.0
3341.0,0.484773,0.481412,0.505995,0.505995,13.245823,-1.556879,-1.554616,40.0,40.0,17.016916,0.0,1.0,0.0,0.0,0.344752,3338.0,0.34539,1.0
3351.0,0.484877,0.481518,0.5061,0.5061,13.244246,-1.474152,-1.471906,40.0,40.0,17.998972,0.0,1.0,0.0,0.0,0.344752,3348.0,0.358023,1.0
3361.0,0.484982,0.481624,0.506209,0.506209,13.245043,-1.512417,-1.510157,40.0,40.0,17.544668,0.0,1.0,0.0,0.0,0.345855,3358.0,0.356738,1.0
3371.0,0.485086,0.48173,0.506317,0.506317,13.244754,-1.495401,-1.493108,40.0,40.0,17.746608,0.0,1.0,0.0,0.0,0.345855,3368.0,0.356521,1.0
3381.0,0.48519,0.481836,0.506427,0.506427,13.244207,-1.465466,-1.463205,40.0,40.0,18.101908,0.0,1.0,0.0,0.0,0.345855,3378.0,0.355426,1.0
3391.0,0.485294,0.481942,0.506532,0.506532,13.244133,-1.459557,-1.45735,40.0,40.0,18.171987,0.0,1.0,0.0,0.0,0.345855,3388.0,0.348459,1.0
3401.0,0.485399,0.482049,0.506638,0.506638,13.245204,-1.511839,-1.509679,40.0,40.0,17.551292,0.0,1.0,0.0,0.0,0.345855,3398.0,0.350364,1.0
3411.0,0.485502,0.482154,0.506743,0.506743,13.245677,-1.533921,-1.531607,40.0,40.0,17.289073,0.0,1.0,0.0,0.0,0.345855,3408.0,0.350715,1.0
3421.0,0.485606,0.482259,0.506848,0.506848,13.24369,-1.430648,-1.428548,40.0,40.0,18.514966,0.0,1.0,0.0,0.0,0.346505,3418.0,0.354981,1.0
3431.0,0.48571,0.482365,0.506951,0.506951,13.244287,-1.459023,-1.45683,40.0,40.0,18.178114,0.0,1.0,0.0,0.0,0.346505,3428.0,0.354428,1.0
3441.0,0.485814,0.482471,0.507056,0.507056,13.244705,-1.478212,-1.476018,40.0,40.0,17.950275,0.0,1.0,0.0,0.0,0.346505,3438.0,0.351665,1.0
3451.0,0.485918,0.482577,0.507162,0.507162,13.244549,-1.468043,-1.465739,40.0,40.0,18.070936,0.0,1.0,0.0,0.0,0.346505,3448.0,0.359898,1.0
3461.0,0.486022,0.482683,0.507269,0.507269,13.244057,-1.44096,-1.438868,40.0,40.0,18.392363,0.0,1.0,0.0,0.0,0.346505,3458.0,0.349272,1.0
3471.0,0.486126,0.482789,0.507374,0.507374,13.244476,-1.460125,-1.45791,40.0,40.0,18.164821,0.0,1.0,0.0,0.0,0.346505,3468.0,0.358933,1.0
3481.0,0.486229,0.482894,0.507479,0.507479,13.244578,-1.463309,-1.461067,40.0,40.0,18.126974,0.0,1.0,0.0,0.0,0.347094,3478.0,0.351148,1.0
3491.0,0.486334,0.483,0.507584,0.507584,13.245111,-1.488314,-1.486172,40.0,40.0,17.830075,0.0,1.0,0.0,0.0,0.347094,3488.0,0.347194,1.0
3501.0,0.486438,0.483106,0.507693,0.507693,13.244474,-1.453653,-1.451535,40.0,40.0,18.241477,0.0,1.0,0.0,0.0,0.347094,3498.0,0.345825,1.0
3511.0,0.486543,0.483213,0.507799,0.507799,13.244937,-1.474712,-1.472571,40.0,40.0,17.991428,0.0,1.0,0.0,0.0,0.347094,3508.0,0.349887,1.0
3521.0,0.486648,0.48332,0.507903,0.507903,13.244356,-1.442671,-1.440654,40.0,40.0,18.37171,0.0,1.0,0.0,0.0,0.347094,3518.0,0.357098,1.0
3531.0,0.486752,0.483427,0.508009,0.508009,13.245417,-1.494474,-1.492319,40.0,40.0,17.756704,0.0,1.0,0.0,0.0,0.347094,3528.0,0.348347,1.0
3541.0,0.486857,0.483533,0.508119,0.508119,13.245425,-1.492433,-1.490305,40.0,40.0,17.780869,0.0,1.0,0.0,0.0,0.348282,3538.0,0.344127,1.0
3551.0,0.486962,0.48364,0.508225,0.508225,13.245442,-1.490828,-1.488664,40.0,40.0,17.799862,0.0,1.0,0.0,0.0,0.348282,3548.0,0.349467,1.0
3561.0,0.487066,0.483746,0.508332,0.508332,13.244953,-1.463895,-1.461752,40.0,40.0,18.11954,0.0,1.0,0.0,0.0,0.348282,3558.0,0.344635,1.0
3571.0,0.487172,0.483853,0.508439,0.508439,13.245124,-1.470028,-1.467815,40.0,40.0,18.046668,0.0,1.0,0.0,0.0,0.348282,3568.0,0.354078,1.0
3581.0,0.487276,0.48396,0.508544,0.508544,13.245085,-1.465905,-1.463766,40.0,40.0,18.095559,0.0,1.0,0.0,0.0,0.348282,3578.0,0.347348,1.0
3591.0,0.48738,0.484066,0.508649,0.508649,13.245947,-1.507747,-1.505422,40.0,40.0,17.598761,0.0,1.0,0.0,0.0,0.348282,3588.0,0.353581,1.0
3601.0,0.487484,0.484172,0.508756,0.508756,13.245047,-1.459735,-1.457433,40.0,40.0,18.168687,0.0,1.0,0.0,0.0,0.349123,3598.0,0.343758,1.0
3611.0,0.487589,0.484278,0.508862,0.508862,13.245657,-1.4887,-1.486608,40.0,40.0,17.824786,0.0,1.0,0.0,0.0,0.349123,3608.0,0.353868,1.0
3621.0,0.487694,0.484385,0.508967,0.508967,13.245974,-1.502472,-1.500314,40.0,40.0,17.661216,0.0,1.0,0.0,0.0,0.349123,3618.0,0.348965,1.0
3631.0,0.487798,0.484491,0.509071,0.509071,13.24562,-1.482417,-1.480275,40.0,40.0,17.899254,0.0,1.0,0.0,0.0,0.349123,3628.0,0.352077,1.0
3641.0,0.487902,0.484597,0.509179,0.509179,13.24702,-1.551648,-1.549549,40.0,40.0,17.077224,0.0,1.0,0.0,0.0,0.349123,3638.0,0.359213,1.0
3651.0,0.488005,0.484702,0.509285,0.509285,13.245702,-1.48259,-1.480524,40.0,40.0,17.897102,0.0,1.0,0.0,0.0,0.349123,3648.0,0.352817,1.0
3661.0,0.488109,0.484807,0.509389,0.509389,13.246745,-1.533989,-1.531711,40.0,40.0,17.286803,0.0,1.0,0.0,0.0,0.34944,3658.0,0.351129,1.0
3671.0,0.488212,0.484913,0.509493,0.509493,13.244991,-1.442678,-1.440488,40.0,40.0,18.370812,0.0,1.0,0.0,0.0,0.34944,3668.0,0.358483,1.0
3681.0,0.488316,0.485019,0.509598,0.509598,13.245526,-1.467819,-1.465593,40.0,40.0,18.072304,0.0,1.0,0.0,0.0,0.34944,3678.0,0.352463,1.0
3691.0,0.48842,0.485124,0.509706,0.509706,13.244796,-1.428743,-1.426409,40.0,40.0,18.536115,0.0,1.0,0.0,0.0,0.34944,3688.0,0.352584,1.0
3701.0,0.488524,0.48523,0.509812,0.509812,13.244672,-1.420303,-1.418019,40.0,40.0,18.636254,0.0,1.0,0.0,0.0,0.34944,3698.0,0.355007,1.0
3711.0,0.488628,0.485335,0.509915,0.509915,13.245273,-1.449027,-1.446738,40.0,40.0,18.295236,0.0,1.0,0.0,0.0,0.34944,3708.0,0.35408,1.0
3721.0,0.488731,0.485441,0.510019,0.510019,13.245228,-1.444798,-1.442647,40.0,40.0,18.345387,0.0,1.0,0.0,0.0,0.349591,3718.0,0.346258,1.0
3731.0,0.488836,0.485547,0.510125,0.510125,13.246801,-1.522837,-1.520726,40.0,40.0,17.418846,0.0,1.0,0.0,0.0,0.349591,3728.0,0.344269,1.0
3741.0,0.48894,0.485653,0.510231,0.510231,13.245964,-1.47795,-1.475706,40.0,40.0,17.951723,0.0,1.0,0.0,0.0,0.349591,3738.0,0.349753,1.0
3751.0,0.489042,0.485757,0.510338,0.510338,13.244792,-1.416698,-1.414427,40.0,40.0,18.678798,0.0,1.0,0.0,0.0,0.349591,3748.0,0.344691,1.0
3761.0,0.489146,0.485863,0.510444,0.510444,13.245024,-1.426302,-1.424104,40.0,40.0,18.564741,0.0,1.0,0.0,0.0,0.349591,3757.0,0.351831,1.0
3771.0,0.48925,0.485969,0.51055,0.51055,13.246657,-1.507735,-1.505401,40.0,40.0,17.597952,0.0,1.0,0.0,0.0,0.349591,3767.0,0.351018,1.0
3781.0,0.489354,0.486075,0.510653,0.510653,13.24648,-1.496583,-1.494478,40.0,40.0,17.730295,0.0,1.0,0.0,0.0,0.34996,3777.0,0.351918,1.0
3791.0,0.489458,0.486181,0.51076,0.51076,13.247471,-1.544871,-1.542862,40.0,40.0,17.156883,0.0,1.0,0.0,0.0,0.34996,3787.0,0.349556,1.0
3801.0,0.489563,0.486288,0.510869,0.510869,13.246012,-1.46791,-1.465573,40.0,40.0,18.070583,0.0,1.0,0.0,0.0,0.34996,3797.0,0.353092,1.0
3811.0,0.489667,0.486394,0.510974,0.510974,13.246479,-1.489556,-1.487148,40.0,40.0,17.813547,0.0,1.0,0.0,0.0,0.34996,3807.0,0.348812,1.0
3821.0,0.489773,0.486501,0.511081,0.511081,13.246422,-1.484063,-1.481853,40.0,40.0,17.878697,0.0,1.0,0.0,0.0,0.34996,3817.0,0.350282,1.0
3831.0,0.489876,0.486607,0.511188,0.511188,13.246653,-1.493824,-1.491509,40.0,40.0,17.762747,0.0,1.0,0.0,0.0,0.34996,3827.0,0.351747,1.0
3841.0,0.489966,0.486698,0.511294,0.511294,13.206426,0.556331,0.558536,40.0,40.0,17.258294,24.64277,1.0,1.0,1.0,0.351256,3837.0,-2.298122,1.0
3851.0,0.48989,0.48662,0.511158,0.511158,13.195354,1.056283,1.05824,40.0,40.0,17.767293,30.0,1.0,1.0,1.0,0.351256,3847.0,0.345985,1.0
3861.0,0.489813,0.486542,0.511019,0.511019,13.193291,1.099315,1.101329,40.0,40.0,18.273076,30.0,1.0,1.0,1.0,0.351256,3857.0,0.354139,1.0
3871.0,0.489737,0.486464,0.510881,0.510881,13.192955,1.057385,1.05932,40.0,40.0,17.778033,30.0,1.0,1.0,1.0,0.351256,3867.0,0.342636,1.0
3881.0,0.489661,0.486386,0.510742,0.510742,13.191815,1.059369,1.061293,40.0,40.0,17.800353,30.0,1.0,1.0,1.0,0.351256,3877.0,0.352023,1.0
3891.0,0.489585,0.486308,0.510604,0.510604,13.189708,1.113403,1.115284,40.0,40.0,18.43574,30.0,1.0,1.0,1.0,0.351256,3887.0,0.35365,1.0
3901.0,0.489508,0.48623,0.510465,0.510465,13.189807,1.057232,1.059113,40.0,40.0,17.773252,30.0,1.0,1.0,1.0,0.35026,3897.0,0.346609,1.0
3911.0,0.489432,0.486152,0.510326,0.510326,13.187708,1.115642,1.117547,40.0,40.0,18.460146,30.0,1.0,1.0,1.0,0.35026,3907.0,0.342466,1.0
3921.0,0.489356,0.486075,0.51019,0.51019,13.186768,1.117405,1.119478,40.0,40.0,18.48,30.0,1.0,1.0,1.0,0.35026,3917.0,0.348653,1.0
3931.0,0.48928,0.485997,0.510053,0.510053,13.187248,1.048837,1.050993,40.0,40.0,17.67182,30.0,1.0,1.0,1.0,0.35026,3927.0,0.349826,1.0
3941.0,0.489203,0.485919,0.509915,0.509915,13.186009,1.069721,1.071717,40.0,40.0,17.916936,30.0,1.0,1.0,1.0,0.35026,3937.0,0.355309,1.0
3951.0,0.489128,0.485842,0.50978,0.50978,13.186048,1.02824,1.03029,40.0,40.0,17.427804,30.0,1.0,1.0,1.0,0.35026,3947.0,0.355618,1.0
3961.0,0.489052,0.485765,0.509647,0.509647,13.185135,1.036804,1.038762,40.0,40.0,17.527949,30.0,1.0,1.0,1.0,0.349775,3957.0,0.350873,1.0
3971.0,0.488975,0.485686,0.509515,0.509515,13.184551,1.0298,1.031826,40.0,40.0,17.444819,30.0,1.0,1.0,1.0,0.349775,3967.0,0.357254,1.0
3981.0,0.488898,0.485607,0.509379,0.509379,13.183435,1.05156,1.053464,40.0,40.0,17.700349,30.0,1.0,1.0,1.0,0.349775,3977.0,0.345718,1.0
3991.0,0.488823,0.485531,0.509246,0.509246,13.183703,1.005384,1.007302,40.0,40.0,17.156163,30.0,1.0,1.0,1.0,0.349775,3987.0,0.350051,1.0
4001.0,0.488746,0.485452,0.50911,0.50911,13.182009,1.059995,1.061957,40.0,40.0,17.798451,30.0,1.0,1.0,1.0,0.349775,3997.0,0.348107,1.0
4011.0,0.488669,0.485374,0.508975,0.508975,13.181985,1.03091,1.03301,40.0,40.0,17.455551,30.0,1.0,1.0,1.0,0.349775,4007.0,0.333603,1.0
4021.0,0.488593,0.485296,0.508842,0.508842,13.180104,1.098303,1.100228,40.0,40.0,18.248182,30.0,1.0,1.0,1.0,0.348765,4017.0,0.343079,1.0
4031.0,0.488516,0.485217,0.508707,0.508707,13.179218,1.11566,1.117672,40.0,40.0,18.451892,30.0,1.0,1.0,1.0,0.348765,4027.0,0.345157,1.0
4041.0,0.488439,0.485139,0.508574,0.508574,13.179889,1.055201,1.057161,40.0,40.0,17.739934,30.0,1.0,1.0,1.0,0.348765,4037.0,0.34716,1.0
4051.0,0.488362,0.48506,0.50844,0.50844,13.179343,1.057752,1.059798,40.0,40.0,17.769486,30.0,1.0,1.0,1.0,0.348765,4047.0,0.349132,1.0
4061.0,0.488286,0.484982,0.508306,0.508306,13.178341,1.085033,1.086959,40.0,40.0,18.090059,30.0,1.0,1.0,1.0,0.348765,4057.0,0.351569,1.0
4071.0,0.488209,0.484904,0.508175,0.508175,13.178154,1.071887,1.074001,40.0,40.0,17.934951,30.0,1.0,1.0,1.0,0.348765,4067.0,0.350495,1.0
4081.0,0.488134,0.484828,0.508043,0.508043,13.177124,1.103324,1.105399,40.0,40.0,18.304429,30.0,1.0,1.0,1.0,0.347817,4077.0,0.344991,1.0
4091.0,0.488058,0.484749,0.50791,0.50791,13.177251,1.076005,1.078113,40.0,40.0,17.982609,30.0,1.0,1.0,1.0,0.347817,4087.0,0.349184,1.0
4101.0,0.487982,0.484672,0.507782,0.507782,13.176023,1.119068,1.120973,40.0,40.0,18.488865,30.0,1.0,1.0,1.0,0.347817,4097.0,0.344897,1.0
4111.0,0.487905,0.484594,0.507658,0.507658,13.176936,1.053534,1.055458,40.0,40.0,17.717506,30.0,1.0,1.0,1.0,0.347817,4106.0,0.348818,1.0
4121.0,0.487829,0.484516,0.507528,0.507528,13.175518,1.107806,1.109781,40.0,40.0,18.355654,30.0,1.0,1.0,1.0,0.347817,4116.0,0.341171,1.0
4131.0,0.487752,0.484438,0.507397,0.507397,13.175213,1.106098,1.108016,40.0,40.0,18.335226,30.0,1.0,1.0,1.0,0.347817,4126.0,0.346501,1.0
4141.0,0.487676,0.484359,0.507264,0.507264,13.17591,1.053916,1.055956,40.0,40.0,17.721036,30.0,1.0,1.0,1.0,0.346972,4136.0,0.347899,1.0
4151.0,0.4876,0.484282,0.507135,0.507135,13.175244,1.072223,1.074271,40.0,40.0,17.936122,30.0,1.0,1.0,1.0,0.346972,4146.0,0.351686,1.0
4161.0,0.487524,0.484204,0.507004,0.507004,13.174671,1.086565,1.088641,40.0,40.0,18.104546,30.0,1.0,1.0,1.0,0.346972,4156.0,0.350699,1.0
4171.0,0.487448,0.484127,0.506874,0.506874,13.174451,1.083759,1.085672,40.0,40.0,18.071269,30.0,1.0,1.0,1.0,0.346972,4166.0,0.346839,1.0
4181.0,0.487371,0.484049,0.506745,0.506745,13.173741,1.106069,1.108057,40.0,40.0,18.333425,30.0,1.0,1.0,1.0,0.346972,4176.0,0.350962,1.0
4191.0,0.487294,0.48397,0.506612,0.506612,13.174305,1.063714,1.065716,40.0,40.0,17.834967,30.0,1.0,1.0,1.0,0.346972,4186.0,0.350083,1.0
4201.0,0.487218,0.483892,0.506484,0.506484,13.174103,1.061398,1.063473,40.0,40.0,17.807478,30.0,1.0,1.0,1.0,0.346161,4196.0,0.344551,1.0
4211.0,0.487141,0.483813,0.506356,0.506356,13.173631,1.07317,1.07531,40.0,40.0,17.94573,30.0,1.0,1.0,1.0,0.346161,4206.0,0.34669,1.0
4221.0,0.487065,0.483736,0.50623,0.50623,13.173287,1.079308,1.081228,40.0,40.0,18.017706,30.0,1.0,1.0,1.0,0.346161,4216.0,0.359467,1.0
4231.0,0.486989,0.483658,0.506103,0.506103,13.173714,1.046674,1.048647,40.0,40.0,17.633648,30.0,1.0,1.0,1.0,0.346161,4226.0,0.344838,1.0
4241.0,0.486912,0.48358,0.505976,0.505976,13.17306,1.069266,1.071343,40.0,40.0,17.89918,30.0,1.0,1.0,1.0,0.346161,4236.0,0.345988,1.0
4251.0,0.486837,0.483503,0.505848,0.505848,13.173198,1.052383,1.054399,40.0,40.0,17.700417,30.0,1.0,1.0,1.0,0.346161,4246.0,0.354013,1.0
4261.0,0.48676,0.483424,0.505719,0.505719,13.172586,1.073737,1.075663,40.0,40.0,17.951403,30.0,1.0,1.0,1.0,0.345441,4256.0,0.348429,1.0
4271.0,0.486683,0.483346,0.505594,0.505594,13.172147,1.086649,1.088579,40.0,40.0,18.103083,30.0,1.0,1.0,1.0,0.345441,4266.0,0.356951,1.0
4281.0,0.486607,0.483268,0.505467,0.505467,13.172437,1.062801,1.064698,40.0,40.0,17.822426,30.0,1.0,1.0,1.0,0.345441,4276.0,0.343497,1.0
4291.0,0.486529,0.483189,0.50534,0.50534,13.171316,1.111009,1.113082,40.0,40.0,18.389223,30.0,1.0,1.0,1.0,0.345441,4286.0,0.357614,1.0
4301.0,0.486453,0.483111,0.505215,0.505215,13.170647,1.136986,1.138936,40.0,40.0,18.694533,30.0,1.0,1.0,1.0,0.345441,4296.0,0.342123,1.0
4311.0,0.486376,0.483033,0.505088,0.505088,13.171675,1.076565,1.07857,40.0,40.0,17.983844,30.0,1.0,1.0,1.0,0.345441,4306.0,0.338831,1.0
4321.0,0.486301,0.482956,0.504963,0.504963,13.171405,1.083137,1.085111,40.0,40.0,18.060996,30.0,1.0,1.0,1.0,0.344722,4316.0,0.350751,1.0
4331.0,0.486225,0.482878,0.504839,0.504839,13.171535,1.069304,1.071323,40.0,40.0,17.898177,30.0,1.0,1.0,1.0,0.344722,4326.0,0.357291,1.0
4341.0,0.486148,0.482799,0.504713,0.504713,13.170856,1.096565,1.09836,40.0,40.0,18.218635,30.0,1.0,1.0,1.0,0.344722,4336.0,0.350045,1.0
4351.0,0.486072,0.482722,0.50459,0.50459,13.171714,1.046295,1.04819,40.0,40.0,17.627312,30.0,1.0,1.0,1.0,0.344722,4346.0,0.34734,1.0
4361.0,0.485996,0.482644,0.504468,0.504468,13.170789,1.08696,1.089057,40.0,40.0,18.105427,30.0,1.0,1.0,1.0,0.344722,4356.0,0.347785,1.0
4371.0,0.48592,0.482566,0.504345,0.504345,13.170235,1.108941,1.110923,40.0,40.0,18.363786,30.0,1.0,1.0,1.0,0.344722,4366.0,0.349824,1.0
4381.0,0.485843,0.482489,0.504221,0.504221,13.170702,1.079092,1.081083,40.0,40.0,18.012669,30.0,1.0,1.0,1.0,0.344063,4376.0,0.349366,0.0
4391.0,0.485767,0.482411,0.5041,0.5041,13.170274,1.095322,1.097342,40.0,40.0,18.20342,30.0,1.0,1.0,1.0,0.344063,4386.0,0.351686,1.0
4401.0,0.48569,0.482332,0.503977,0.503977,13.170324,1.086692,1.0886,40.0,40.0,18.10182,30.0,1.0,1.0,1.0,0.344063,4396.0,0.350204,1.0
4411.0,0.485613,0.482253,0.503853,0.503853,13.169929,1.101218,1.10326,40.0,40.0,18.272529,30.0,1.0,1.0,1.0,0.344063,4406.0,0.342163,1.0
4421.0,0.485537,0.482175,0.50373,0.50373,13.169642,1.110613,1.112626,40.0,40.0,18.382893,30.0,1.0,1.0,1.0,0.344063,4416.0,0.349094,1.0
4431.0,0.48546,0.482097,0.503609,0.503609,13.169672,1.103992,1.105981,40.0,40.0,18.304944,30.0,1.0,1.0,1.0,0.344063,4426.0,0.353488,1.0
4441.0,0.485384,0.48202,0.503489,0.503489,13.170485,1.057772,1.059798,40.0,40.0,17.761346,30.0,1.0,1.0,1.0,0.343133,4436.0,0.348876,1.0
4451.0,0.485308,0.481942,0.503367,0.503367,13.170094,1.072999,1.075061,40.0,40.0,17.940313,30.0,1.0,1.0,1.0,0.343133,4446.0,0.356612,1.0
4461.0,0.485232,0.481865,0.503247,0.503247,13.170759,1.034837,1.036914,40.0,40.0,17.491451,30.0,1.0,1.0,1.0,0.343133,4456.0,0.339323,1.0
4471.0,0.485156,0.481787,0.503126,0.503126,13.169879,1.075279,1.077324,40.0,40.0,17.96696,30.0,1.0,1.0,1.0,0.343133,4466.0,0.354998,1.0
4481.0,0.485079,0.481708,0.503007,0.503007,13.169406,1.095051,1.097031,40.0,40.0,18.199379,30.0,1.0,1.0,1.0,0.343133,4476.0,0.347717,1.0
4491.0,0.485003,0.481631,0.502883,0.502883,13.169231,1.099971,1.101973,40.0,40.0,18.25715,30.0,1.0,1.0,1.0,0.343133,4486.0,0.35328,1.0
4501.0,0.484925,0.481551,0.502757,0.502757,13.16941,1.086265,1.088205,40.0,40.0,18.095903,30.0,1.0,1.0,1.0,0.342375,4496.0,0.345758,1.0
4511.0,0.484849,0.481473,0.502636,0.502636,13.170481,1.027653,1.029625,40.0,40.0,17.406583,30.0,1.0,1.0,1.0,0.342375,4506.0,0.352861,1.0
4521.0,0.484772,0.481395,0.502514,0.502514,13.170279,1.034132,1.03625,40.0,40.0,17.482709,30.0,1.0,1.0,1.0,0.342375,4516.0,0.350489,1.0
4531.0,0.484696,0.481317,0.502395,0.502395,13.169235,1.083754,1.085693,40.0,40.0,18.066158,30.0,1.0,1.0,1.0,0.342375,4526.0,0.353461,1.0
4541.0,0.484619,0.481239,0.502273,0.502273,13.169401,1.07158,1.073773,40.0,40.0,17.922945,30.0,1.0,1.0,1.0,0.342375,4536.0,0.35173,1.0
4551.0,0.484542,0.48116,0.502152,0.502152,13.168527,1.112287,1.114266,40.0,40.0,18.4015,30.0,1.0,1.0,1.0,0.342375,4546.0,0.340113,1.0
4561.0,0.484465,0.481081,0.502034,0.502034,13.168682,1.100997,1.103073,40.0,40.0,18.26869,30.0,1.0,1.0,1.0,0.341313,4556.0,0.343589,1.0
4571.0,0.484389,0.481004,0.501918,0.501918,13.16825,1.119846,1.121908,40.0,40.0,18.490242,30.0,1.0,1.0,1.0,0.341313,4566.0,0.354335,1.0
4581.0,0.484312,0.480925,0.501796,0.501796,13.168392,1.109264,1.111483,40.0,40.0,18.365761,30.0,1.0,1.0,1.0,0.341313,4576.0,0.349586,1.0
4591.0,0.484236,0.480847,0.501675,0.501675,13.168822,1.084339,1.086232,40.0,40.0,18.072645,30.0,1.0,1.0,1.0,0.341313,4586.0,0.349949,1.0
4601.0,0.484159,0.480769,0.501557,0.501557,13.168473,1.098994,1.100851,40.0,40.0,18.244898,30.0,1.0,1.0,1.0,0.341313,4596.0,0.350599,1.0
4611.0,0.484084,0.480692,0.50144,0.50144,13.168574,1.091151,1.093002,40.0,40.0,18.152634,30.0,1.0,1.0,1.0,0.341313,4606.0,0.356121,1.0
4621.0,0.484007,0.480613,0.501324,0.501324,13.168993,1.06676,1.068602,40.0,40.0,17.865784,30.0,1.0,1.0,1.0,0.340829,4616.0,0.344654,1.0
4631.0,0.483931,0.480536,0.501207,0.501207,13.168547,1.086872,1.088911,40.0,40.0,18.102209,30.0,1.0,1.0,1.0,0.340829,4626.0,0.341198,1.0
4641.0,0.483855,0.480459,0.501088,0.501088,13.169375,1.042066,1.044057,40.0,40.0,17.575308,30.0,1.0,1.0,1.0,0.340829,4636.0,0.336604,1.0
4651.0,0.483778,0.48038,0.500969,0.500969,13.168072,1.105719,1.107538,40.0,40.0,18.323703,30.0,1.0,1.0,1.0,0.340829,4646.0,0.352737,1.0
4661.0,0.483702,0.480303,0.500854,0.500854,13.168868,1.062589,1.064449,40.0,40.0,17.816538,30.0,1.0,1.0,1.0,0.340829,4656.0,0.352917,1.0
4671.0,0.483625,0.480224,0.500739,0.500739,13.169065,1.049713,1.051699,40.0,40.0,17.665085,30.0,1.0,1.0,1.0,0.340829,4666.0,0.345,1.0
4681.0,0.483549,0.480146,0.500622,0.500622,13.168803,1.060545,1.06258,40.0,40.0,17.792409,30.0,1.0,1.0,1.0,0.340345,4676.0,0.347664,1.0
4691.0,0.483473,0.480068,0.500507,0.500507,13.168457,1.075739,1.077615,40.0,40.0,17.971015,30.0,1.0,1.0,1.0,0.340345,4686.0,0.357702,1.0
4701.0,0.483396,0.47999,0.50039,0.50039,13.167992,1.096785,1.098837,40.0,40.0,18.218413,30.0,1.0,1.0,1.0,0.340345,4696.0,0.351724,1.0
4711.0,0.48332,0.479913,0.500275,0.500275,13.168342,1.076879,1.078861,40.0,40.0,17.984327,30.0,1.0,1.0,1.0,0.340345,4706.0,0.349774,1.0
4721.0,0.483245,0.479835,0.500161,0.500161,13.1682,1.082007,1.083948,40.0,40.0,18.044581,30.0,1.0,1.0,1.0,0.340345,4716.0,0.346281,1.0
4731.0,0.483169,0.479758,0.500046,0.500046,13.168778,1.05038,1.052592,40.0,40.0,17.672675,30.0,1.0,1.0,1.0,0.340345,4726.0,0.345028,1.0
4741.0,0.483091,0.479679,0.499931,0.499931,13.167606,1.107447,1.109531,40.0,40.0,18.343584,30.0,1.0,1.0,1.0,0.339692,4736.0,0.344571,1.0
4751.0,0.483016,0.479602,0.499816,0.499816,13.168187,1.075942,1.077822,40.0,40.0,17.973146,30.0,1.0,1.0,1.0,0.339692,4746.0,0.347399,1.0
4761.0,0.48294,0.479524,0.499702,0.499702,13.167531,1.107289,1.109324,40.0,40.0,18.341655,30.0,1.0,1.0,1.0,0.339692,4756.0,0.35167,1.0
4771.0,0.482864,0.479446,0.499588,0.499588,13.167662,1.098449,1.100561,40.0,40.0,18.237685,30.0,1.0,1.0,1.0,0.339692,4766.0,0.356227,1.0
4781.0,0.482788,0.479369,0.499478,0.499478,13.168603,1.048341,1.050453,40.0,40.0,17.64849,30.0,1.0,1.0,1.0,0.339692,4776.0,0.342895,1.0
4791.0,0.482712,0.479291,0.499365,0.499365,13.167938,1.080389,1.08237,40.0,40.0,18.025278,30.0,1.0,1.0,1.0,0.339692,4786.0,0.350624,1.0
4801.0,0.482636,0.479214,0.499253,0.499253,13.168152,1.06759,1.069661,40.0,40.0,17.874752,30.0,1.0,1.0,1.0,0.339537,4796.0,0.358357,1.0
4811.0,0.48256,0.479136,0.499143,0.499143,13.16817,1.064663,1.06665,40.0,40.0,17.840298,30.0,1.0,1.0,1.0,0.339537,4806.0,0.350019,1.0
4821.0,0.482485,0.479059,0.499033,0.499033,13.167684,1.087647,1.0897,40.0,40.0,18.110499,30.0,1.0,1.0,1.0,0.339537,4816.0,0.348501,1.0
4831.0,0.482407,0.47898,0.498919,0.498919,13.166731,1.133789,1.135696,40.0,40.0,18.652904,30.0,1.0,1.0,1.0,0.339537,4826.0,0.344128,1.0
4841.0,0.482331,0.478902,0.498808,0.498808,13.167847,1.074806,1.076909,40.0,40.0,17.959441,30.0,1.0,1.0,1.0,0.339537,4836.0,0.343153,1.0
4851.0,0.482255,0.478824,0.498696,0.498696,13.168684,1.030134,1.032283,40.0,40.0,17.434141,30.0,1.0,1.0,1.0,0.339537,4846.0,0.338904,1.0
4861.0,0.482178,0.478746,0.498583,0.498583,13.168595,1.032691,1.034651,40.0,40.0,17.464173,30.0,1.0,1.0,1.0,0.338681,4856.0,0.351517,1.0
4871.0,0.482101,0.478668,0.498472,0.498472,13.167394,1.091739,1.093791,40.0,40.0,18.158403,30.0,1.0,1.0,1.0,0.338681,4866.0,0.354785,1.0
4881.0,0.482025,0.47859,0.498365,0.498365,13.167104,1.1046,1.106583,40.0,40.0,18.309572,30.0,1.0,1.0,1.0,0.338681,4875.0,0.354497,1.0
4891.0,0.481949,0.478512,0.498255,0.498255,13.167955,1.059386,1.061355,40.0,40.0,17.77795,30.0,1.0,1.0,1.0,0.338681,4885.0,0.347053,1.0
4901.0,0.481872,0.478434,0.498145,0.498145,13.166124,1.150882,1.152973,40.0,40.0,18.85356,30.0,1.0,1.0,1.0,0.338681,4895.0,0.356697,1.0
4911.0,0.481796,0.478356,0.498035,0.498035,13.167089,1.099696,1.101765,40.0,40.0,18.25181,30.0,1.0,1.0,1.0,0.338681,4905.0,0.348477,1.0
4921.0,0.48172,0.478278,0.497927,0.497927,13.167835,1.059761,1.061771,40.0,40.0,17.782258,30.0,1.0,1.0,1.0,0.337843,4915.0,0.345959,1.0
4931.0,0.481644,0.478201,0.497816,0.497816,13.167491,1.075776,1.077739,40.0,40.0,17.970525,30.0,1.0,1.0,1.0,0.337843,4925.0,0.35586,1.0
4941.0,0.481568,0.478123,0.497706,0.497706,13.16784,1.056065,1.058053,40.0,40.0,17.738735,30.0,1.0,1.0,1.0,0.337843,4935.0,0.352851,1.0
4951.0,0.481491,0.478045,0.497597,0.497597,13.166859,1.104243,1.106354,40.0,40.0,18.305122,30.0,1.0,1.0,1.0,0.337843,4944.0,0.345174,1.0
4961.0,0.481416,0.477969,0.497494,0.497494,13.167923,1.048669,1.050661,40.0,40.0,17.651719,30.0,1.0,1.0,1.0,0.337843,4954.0,0.35103,1.0
4971.0,0.48134,0.477891,0.497384,0.497384,13.167561,1.065291,1.067419,40.0,40.0,17.847114,30.0,1.0,1.0,1.0,0.337843,4964.0,0.339442,1.0
4981.0,0.481263,0.477812,0.497274,0.497274,13.167797,1.051313,1.053298,40.0,40.0,17.682732,30.0,1.0,1.0,1.0,0.337372,4974.0,0.359794,1.0
4991.0,0.481186,0.477733,0.497164,0.497164,13.166979,1.090827,1.092774,40.0,40.0,18.147257,30.0,1.0,1.0,1.0,0.337372,4984.0,0.343351,1.0
5001.0,0.481109,0.477655,0.497053,0.497053,13.167381,1.068314,1.070201,40.0,40.0,17.88255,30.0,1.0,1.0,1.0,0.337372,4994.0,0.351828,1.0
5011.0,0.481033,0.477577,0.496947,0.496947,13.167084,1.08177,1.083761,40.0,40.0,18.040709,30.0,1.0,1.0,1.0,0.337372,5004.0,0.3393,1.0
5021.0,0.480955,0.477498,0.496835,0.496835,13.167142,1.076577,1.078528,40.0,40.0,17.979624,30.0,1.0,1.0,1.0,0.337372,5014.0,0.347254,1.0
5031.0,0.480878,0.477419,0.496724,0.496724,13.166732,1.095672,1.097757,40.0,40.0,18.204066,30.0,1.0,1.0,1.0,0.337372,5024.0,0.355712,1.0
5041.0,0.480802,0.477341,0.496615,0.496615,13.166939,1.083421,1.085568,40.0,40.0,18.06001,30.0,1.0,1.0,1.0,0.336168,5034.0,0.349518,1.0
5051.0,0.480726,0.477263,0.496507,0.496507,13.166377,1.110421,1.112356,40.0,40.0,18.377385,30.0,1.0,1.0,1.0,0.336168,5044.0,0.348335,1.0
5061.0,0.48065,0.477186,0.4964,0.4964,13.167358,1.058911,1.060898,40.0,40.0,17.771795,30.0,1.0,1.0,1.0,0.336168,5054.0,0.35867,1.0
5071.0,0.480573,0.477108,0.496293,0.496293,13.167,1.07535,1.077262,40.0,40.0,17.965027,30.0,1.0,1.0,1.0,0.336168,5064.0,0.34686,1.0
5081.0,0.480497,0.47703,0.496186,0.496186,13.166176,1.115907,1.117838,40.0,40.0,18.441784,30.0,1.0,1.0,1.0,0.336168,5074.0,0.345227,1.0
5091.0,0.480421,0.476953,0.496079,0.496079,13.166777,1.083602,1.085568,40.0,40.0,18.061983,30.0,1.0,1.0,1.0,0.336168,5084.0,0.3435,1.0
5101.0,0.480345,0.476875,0.495972,0.495972,13.167113,1.06481,1.066858,40.0,40.0,17.841029,30.0,1.0,1.0,1.0,0.335818,5094.0,0.360577,1.0
5111.0,0.480268,0.476796,0.495865,0.495865,13.167228,1.057082,1.059113,40.0,40.0,17.750133,30.0,1.0,1.0,1.0,0.335818,5104.0,0.34618,1.0
5121.0,0.480192,0.476719,0.495758,0.495758,13.166532,1.091158,1.093334,40.0,40.0,18.15072,30.0,1.0,1.0,1.0,0.335818,5114.0,0.345974,1.0
5131.0,0.480115,0.47664,0.49565,0.49565,13.166186,1.106992,1.109075,40.0,40.0,18.336825,30.0,1.0,1.0,1.0,0.335818,5124.0,0.350685,1.0
5141.0,0.480038,0.476561,0.495546,0.495546,13.166884,1.069144,1.071157,40.0,40.0,17.891845,30.0,1.0,1.0,1.0,0.335818,5134.0,0.342986,1.0
5151.0,0.479961,0.476482,0.495438,0.495438,13.165597,1.132972,1.134762,40.0,40.0,18.642135,30.0,1.0,1.0,1.0,0.335818,5144.0,0.355745,1.0
5161.0,0.479885,0.476405,0.495333,0.495333,13.167074,1.056207,1.058199,40.0,40.0,17.739689,30.0,1.0,1.0,1.0,0.334873,5154.0,0.348102,1.0
5171.0,0.479809,0.476327,0.495227,0.495227,13.16662,1.077716,1.079629,40.0,40.0,17.992522,30.0,1.0,1.0,1.0,0.334873,5164.0,0.343585,1.0
5181.0,0.479732,0.476249,0.495122,0.495122,13.166033,1.106029,1.107995,40.0,40.0,18.325331,30.0,1.0,1.0,1.0,0.334873,5174.0,0.356227,1.0
5191.0,0.479658,0.476173,0.495021,0.495021,13.167349,1.038116,1.040091,40.0,40.0,17.526905,30.0,1.0,1.0,1.0,0.334873,5184.0,0.342896,1.0
5201.0,0.47958,0.476094,0.494915,0.494915,13.165564,1.126952,1.129051,40.0,40.0,18.571222,30.0,1.0,1.0,1.0,0.334873,5194.0,0.352001,1.0
5211.0,0.479503,0.476016,0.49481,0.49481,13.16586,1.110167,1.112293,40.0,40.0,18.373888,30.0,1.0,1.0,1.0,0.334873,5204.0,0.350467,1.0
5221.0,0.479426,0.475937,0.494706,0.494706,13.165074,1.148339,1.15044,40.0,40.0,18.822539,30.0,1.0,1.0,1.0,0.334313,5214.0,0.342185,1.0
5231.0,0.479349,0.475858,0.4946,0.4946,13.16544,1.127796,1.129903,40.0,40.0,18.581031,30.0,1.0,1.0,1.0,0.334313,5224.0,0.357512,1.0
5241.0,0.479272,0.475779,0.494495,0.494495,13.166372,1.078411,1.080397,40.0,40.0,18.00047,30.0,1.0,1.0,1.0,0.334313,5234.0,0.350283,1.0
5251.0,0.479195,0.475701,0.494391,0.494391,13.165635,1.114182,1.116322,40.0,40.0,18.420935,30.0,1.0,1.0,1.0,0.334313,5244.0,0.345393,1.0
5261.0,0.479118,0.475622,0.494286,0.494286,13.166149,1.086311,1.088122,40.0,40.0,18.093272,30.0,1.0,1.0,1.0,0.334313,5254.0,0.349094,1.0
5271.0,0.479042,0.475544,0.494179,0.494179,13.166549,1.064309,1.066256,40.0,40.0,17.834585,30.0,1.0,1.0,1.0,0.334313,5264.0,0.347889,1.0
5281.0,0.478964,0.475465,0.494074,0.494074,13.166448,1.067483,1.069558,40.0,40.0,17.871862,30.0,1.0,1.0,1.0,0.333075,5274.0,0.343728,1.0
5291.0,0.478888,0.475387,0.493971,0.493971,13.166311,1.072745,1.074583,40.0,40.0,17.933694,30.0,1.0,1.0,1.0,0.333075,5284.0,0.347757,1.0
5301.0,0.47881,0.475307,0.493869,0.493869,13.165811,1.096272,1.098339,40.0,40.0,18.210235,30.0,1.0,1.0,1.0,0.333075,5294.0,0.338885,1.0
5311.0,0.478732,0.475228,0.493768,0.493768,13.164884,1.14154,1.14367,40.0,40.0,18.742293,30.0,1.0,1.0,1.0,0.333075,5304.0,0.357008,1.0
5321.0,0.478656,0.47515,0.493667,0.493667,13.165858,1.090322,1.092254,40.0,40.0,18.140225,30.0,1.0,1.0,1.0,0.333075,5314.0,0.353331,1.0
5331.0,0.478579,0.475072,0.493563,0.493563,13.165625,1.10065,1.102741,40.0,40.0,18.261599,30.0,1.0,1.0,1.0,0.333075,5324.0,0.347416,1.0
5341.0,0.478503,0.474994,0.493459,0.493459,13.166132,1.073299,1.075185,40.0,40.0,17.940046,30.0,1.0,1.0,1.0,0.332414,5334.0,0.346913,1.0
5351.0,0.478425,0.474915,0.493354,0.493354,13.166412,1.057055,1.059071,40.0,40.0,17.749042,30.0,1.0,1.0,1.0,0.332414,5344.0,0.340059,1.0
5361.0,0.478349,0.474837,0.493251,0.493251,13.166299,1.061396,1.063369,40.0,40.0,17.800058,30.0,1.0,1.0,1.0,0.332414,5354.0,0.353257,1.0
5371.0,0.478272,0.474758,0.493148,0.493148,13.165952,1.077453,1.079421,40.0,40.0,17.988792,30.0,1.0,1.0,1.0,0.332414,5364.0,0.334942,1.0
5381.0,0.478196,0.474681,0.493047,0.493047,13.166375,1.054481,1.056455,40.0,40.0,17.718696,30.0,1.0,1.0,1.0,0.332414,5374.0,0.344431,1.0
5391.0,0.478119,0.474602,0.492942,0.492942,13.166312,1.056113,1.05797,40.0,40.0,17.737857,30.0,1.0,1.0,1.0,0.332414,5384.0,0.347016,1.0
5401.0,0.478024,0.474505,0.492841,0.492841,13.11182,3.82882,3.830618,5.0,5.0,18.898402,30.0,1.0,1.0,1.0,0.33192,5394.0,0.338536,1.0
5411.0,0.477758,0.474234,0.492483,0.492483,13.112677,3.713403,3.71514,5.0,5.0,17.547857,30.0,1.0,1.0,1.0,0.33192,5404.0,0.333316,1.0
5421.0,0.477492,0.473963,0.492128,0.492128,13.11051,3.755182,3.756983,5.0,5.0,18.030516,30.0,1.0,1.0,1.0,0.33192,5414.0,0.332124,1.0
5431.0,0.477225,0.473691,0.491774,0.491774,13.107973,3.818779,3.820567,5.0,5.0,18.767516,30.0,1.0,1.0,1.0,0.33192,5424.0,0.339492,1.0
5441.0,0.476958,0.473419,0.491417,0.491417,13.107545,3.777683,3.779555,5.0,5.0,18.28432,30.0,1.0,1.0,1.0,0.33192,5434.0,0.335905,1.0
5451.0,0.476692,0.473147,0.491062,0.491062,13.10743,3.723586,3.725232,5.0,5.0,17.649795,30.0,1.0,1.0,1.0,0.33192,5444.0,0.334111,1.0
5461.0,0.476426,0.472876,0.490706,0.490706,13.106381,3.719858,3.721661,5.0,5.0,17.602607,30.0,1.0,1.0,1.0,0.306992,5454.0,0.326168,1.0
5471.0,0.476158,0.472602,0.49035,0.49035,13.103782,3.797181,3.798971,5.0,5.0,18.500098,30.0,1.0,1.0,1.0,0.306992,5464.0,0.318511,1.0
5481.0,0.475891,0.472331,0.489993,0.489993,13.104323,3.717102,3.719065,5.0,5.0,17.563456,30.0,1.0,1.0,1.0,0.306992,5474.0,0.339535,1.0
5491.0,0.475626,0.47206,0.489639,0.489639,13.102886,3.740641,3.742468,5.0,5.0,17.834521,30.0,1.0,1.0,1.0,0.306992,5484.0,0.331139,1.0
5501.0,0.47536,0.471788,0.489284,0.489284,13.102256,3.725008,3.726935,5.0,5.0,17.649227,30.0,1.0,1.0,1.0,0.306992,5494.0,0.339011,1.0
5511.0,0.475093,0.471517,0.48893,0.48893,13.101375,3.724069,3.725835,5.0,5.0,17.635297,30.0,1.0,1.0,1.0,0.306992,5504.0,0.343,1.0
5521.0,0.474843,0.471261,0.48858,0.48858,13.140889,1.669309,1.671325,5.0,5.0,17.888578,5.857168,1.0,0.0,0.0,0.28538,5514.0,3.54851,1.0
5531.0,0.47476,0.471177,0.488471,0.488471,13.1514,1.158886,1.160906,5.0,5.0,17.788814,0.0,1.0,0.0,0.0,0.28538,5524.0,0.332928,1.0
5541.0,0.474676,0.471091,0.488366,0.488366,13.150334,1.237815,1.239773,5.0,5.0,18.715956,0.0,1.0,0.0,0.0,0.28538,5534.0,0.341198,1.0
5551.0,0.474593,0.471006,0.488273,0.488273,13.150849,1.235002,1.236991,5.0,5.0,18.683439,0.0,1.0,0.0,0.0,0.28538,5543.0,0.34351,1.0
5561.0,0.47451,0.470922,0.488161,0.488161,13.152313,1.182855,1.184848,5.0,5.0,18.071692,0.0,1.0,0.0,0.0,0.28538,5553.0,0.340673,1.0
5571.0,0.474427,0.470837,0.488057,0.488057,13.152551,1.19162,1.193591,5.0,5.0,18.175038,0.0,1.0,0.0,0.0,0.28538,5563.0,0.338363,1.0
5581.0,0.474343,0.470751,0.487952,0.487952,13.152806,1.198367,1.20036,5.0,5.0,18.254675,0.0,1.0,0.0,0.0,0.266261,5573.0,0.340803,1.0
5591.0,0.47426,0.470666,0.487849,0.487849,13.153269,1.193588,1.195563,5.0,5.0,18.198961,0.0,1.0,0.0,0.0,0.266261,5583.0,0.341198,1.0
5601.0,0.474177,0.470582,0.487746,0.487746,13.153962,1.176299,1.178266,5.0,5.0,17.996309,0.0,1.0,0.0,0.0,0.266261,5593.0,0.331723,1.0
5611.0,0.474093,0.470496,0.48764,0.48764,13.15404,1.188909,1.190974,5.0,5.0,18.144739,0.0,1.0,0.0,0.0,0.266261,5603.0,0.322998,1.0
5621.0,0.47401,0.470411,0.487534,0.487534,13.155357,1.137776,1.139849,5.0,5.0,17.544559,0.0,1.0,0.0,0.0,0.266261,5613.0,0.347105,1.0
5631.0,0.473927,0.470327,0.487431,0.487431,13.155079,1.167303,1.169295,5.0,5.0,17.891645,0.0,1.0,0.0,0.0,0.266261,5623.0,0.339791,1.0
5641.0,0.473844,0.470242,0.487327,0.487327,13.155358,1.167269,1.169274,5.0,5.0,17.891546,0.0,1.0,0.0,0.0,0.248019,5633.0,0.337065,1.0
5651.0,0.473761,0.470157,0.487224,0.487224,13.156109,1.142673,1.144542,5.0,5.0,17.602938,0.0,1.0,0.0,0.0,0.248019,5643.0,0.341805,1.0
5661.0,0.473678,0.470072,0.48712,0.48712,13.155767,1.172993,1.175026,5.0,5.0,17.959309,0.0,1.0,0.0,0.0,0.248019,5653.0,0.333797,1.0
5671.0,0.473594,0.469987,0.487018,0.487018,13.155747,1.185885,1.188067,5.0,5.0,18.110971,0.0,1.0,0.0,0.0,0.248019,5663.0,0.332447,1.0
5681.0,0.473511,0.469902,0.486915,0.486915,13.156288,1.169802,1.171849,5.0,5.0,17.92232,0.0,1.0,0.0,0.0,0.248019,5673.0,0.335885,1.0
5691.0,0.473428,0.469817,0.486812,0.486812,13.15548,1.221727,1.22368,5.0,5.0,18.53238,0.0,1.0,0.0,0.0,0.248019,5683.0,0.331094,1.0
5701.0,0.473344,0.469732,0.486712,0.486712,13.155636,1.223783,1.225653,5.0,5.0,18.556733,0.0,1.0,0.0,0.0,0.230521,5693.0,0.336874,1.0
5711.0,0.473262,0.469648,0.486612,0.486612,13.156601,1.184585,1.18651,5.0,5.0,18.096583,0.0,1.0,0.0,0.0,0.230521,5703.0,0.338186,1.0
5721.0,0.473179,0.469563,0.486509,0.486509,13.156779,1.184662,1.186613,5.0,5.0,18.097676,0.0,1.0,0.0,0.0,0.230521,5713.0,0.339249,1.0
5731.0,0.473097,0.469479,0.486408,0.486408,13.158157,1.123209,1.12521,5.0,5.0,17.375986,0.0,1.0,0.0,0.0,0.230521,5723.0,0.324691,1.0
5741.0,0.473014,0.469394,0.486301,0.486301,13.158597,1.108728,1.110694,5.0,5.0,17.206014,0.0,1.0,0.0,0.0,0.230521,5733.0,0.344246,1.0
5751.0,0.47293,0.469309,0.4862,0.4862,13.157258,1.184346,1.186115,5.0,5.0,18.094461,0.0,1.0,0.0,0.0,0.230521,5743.0,0.345708,1.0
5761.0,0.472847,0.469224,0.486097,0.486097,13.157708,1.168499,1.170458,5.0,5.0,17.908465,0.0,1.0,0.0,0.0,0.214129,5753.0,0.329207,1.0
5771.0,0.472763,0.469138,0.485994,0.485994,13.157511,1.184915,1.186863,5.0,5.0,18.101432,0.0,1.0,0.0,0.0,0.214129,5763.0,0.326629,1.0
5781.0,0.47268,0.469054,0.485892,0.485892,13.158412,1.145371,1.147117,5.0,5.0,17.637035,0.0,1.0,0.0,0.0,0.214129,5773.0,0.336408,1.0
5791.0,0.472597,0.468969,0.485793,0.485793,13.1582,1.161997,1.16402,5.0,5.0,17.832474,0.0,1.0,0.0,0.0,0.214129,5783.0,0.331266,1.0
5801.0,0.472514,0.468884,0.485693,0.485693,13.158764,1.138849,1.140867,5.0,5.0,17.560651,0.0,1.0,0.0,0.0,0.214129,5793.0,0.341369,1.0
5811.0,0.472431,0.4688,0.485593,0.485593,13.158051,1.180566,1.182523,5.0,5.0,18.050823,0.0,1.0,0.0,0.0,0.214129,5803.0,0.331682,1.0
5821.0,0.472348,0.468715,0.485491,0.485491,13.157438,1.216634,1.218676,5.0,5.0,18.474588,0.0,1.0,0.0,0.0,0.198401,5813.0,0.333238,1.0
5831.0,0.472266,0.468631,0.48539,0.48539,13.158692,1.15742,1.159452,5.0,5.0,17.779116,0.0,1.0,0.0,0.0,0.198401,5823.0,0.339414,1.0
5841.0,0.472183,0.468546,0.485294,0.485294,13.157658,1.214539,1.216495,5.0,5.0,18.450179,0.0,1.0,0.0,0.0,0.198401,5833.0,0.324335,1.0
5851.0,0.4721,0.468462,0.485193,0.485193,13.15888,1.156258,1.158185,5.0,5.0,17.765634,0.0,1.0,0.0,0.0,0.198401,5843.0,0.341167,1.0
5861.0,0.472018,0.468378,0.485095,0.485095,13.158724,1.168221,1.170188,5.0,5.0,17.906254,0.0,1.0,0.0,0.0,0.198401,5853.0,0.326822,1.0
5871.0,0.471935,0.468293,0.484993,0.484993,13.158178,1.199348,1.201419,5.0,5.0,18.271981,0.0,1.0,0.0,0.0,0.198401,5863.0,0.331622,1.0
5881.0,0.471851,0.468207,0.484897,0.484897,13.157591,1.232182,1.234104,5.0,5.0,18.657712,0.0,1.0,0.0,0.0,0.183578,5873.0,0.330305,1.0
5891.0,0.471767,0.468122,0.484795,0.484795,13.158982,1.163855,1.165869,5.0,5.0,17.855147,0.0,1.0,0.0,0.0,0.183578,5883.0,0.321269,1.0
5901.0,0.471683,0.468036,0.484694,0.484694,13.158073,1.212569,1.214522,5.0,5.0,18.427442,0.0,1.0,0.0,0.0,0.183578,5893.0,0.335764,1.0
5911.0,0.4716,0.467951,0.484593,0.484593,13.158868,1.174414,1.17648,5.0,5.0,17.979287,0.0,1.0,0.0,0.0,0.183578,5903.0,0.328672,1.0
5921.0,0.471515,0.467864,0.484493,0.484493,13.158792,1.179919,1.181941,5.0,5.0,18.043988,0.0,1.0,0.0,0.0,0.183578,5912.0,0.334602,1.0
5931.0,0.471432,0.46778,0.484392,0.484392,13.159531,1.144322,1.14639,5.0,5.0,17.625844,0.0,1.0,0.0,0.0,0.183578,5922.0,0.333593,1.0
5941.0,0.471349,0.467695,0.484294,0.484294,13.158665,1.190422,1.19249,5.0,5.0,18.167463,0.0,1.0,0.0,0.0,0.168608,5932.0,0.332414,1.0
5951.0,0.471266,0.46761,0.484194,0.484194,13.159277,1.160933,1.163107,5.0,5.0,17.821066,0.0,1.0,0.0,0.0,0.168608,5942.0,0.333753,1.0
5961.0,0.471181,0.467524,0.484092,0.484092,13.158031,1.225585,1.227439,5.0,5.0,18.58056,0.0,1.0,0.0,0.0,0.168608,5952.0,0.335112,1.0
5971.0,0.471098,0.467439,0.483992,0.483992,13.158045,1.22621,1.228124,5.0,5.0,18.587927,0.0,1.0,0.0,0.0,0.168608,5962.0,0.346806,1.0
5981.0,0.471013,0.467352,0.483893,0.483893,13.159137,1.171305,1.173323,5.0,5.0,17.942984,0.0,1.0,0.0,0.0,0.168608,5972.0,0.338253,1.0
5991.0,0.47093,0.467267,0.483792,0.483792,13.159732,1.141909,1.143836,5.0,5.0,17.597643,0.0,1.0,0.0,0.0,0.168608,5982.0,0.342936,1.0
6001.0,0.470847,0.467182,0.483695,0.483695,13.158645,1.198463,1.20036,5.0,5.0,18.262061,0.0,1.0,0.0,0.0,0.15453,5992.0,0.33521,1.0
6011.0,0.470763,0.467096,0.483597,0.483597,13.159157,1.172768,1.174777,5.0,5.0,17.960223,0.0,1.0,0.0,0.0,0.15453,6002.0,0.34436,1.0
6021.0,0.470679,0.467011,0.483499,0.483499,13.158851,1.188929,1.190829,5.0,5.0,18.150081,0.0,1.0,0.0,0.0,0.15453,6012.0,0.32996,1.0
6031.0,0.470596,0.466926,0.4834,0.4834,13.159478,1.157665,1.159618,5.0,5.0,17.782819,0.0,1.0,0.0,0.0,0.15453,6022.0,0.340557,1.0
6041.0,0.470511,0.466839,0.483298,0.483298,13.158798,1.192304,1.194359,5.0,5.0,18.189746,0.0,1.0,0.0,0.0,0.15453,6032.0,0.334586,1.0
6051.0,0.470427,0.466754,0.483199,0.483199,13.159581,1.15247,1.15451,5.0,5.0,17.721779,0.0,1.0,0.0,0.0,0.15453,6042.0,0.34546,1.0
6061.0,0.470344,0.466669,0.483105,0.483105,13.159206,1.17217,1.17403,5.0,5.0,17.95324,0.0,1.0,0.0,0.0,0.141192,6052.0,0.335121,1.0
6071.0,0.470261,0.466584,0.483003,0.483003,13.159386,1.163173,1.165204,5.0,5.0,17.847542,0.0,1.0,0.0,0.0,0.141192,6062.0,0.349071,1.0
6081.0,0.470179,0.4665,0.482907,0.482907,13.159166,1.174899,1.176833,5.0,5.0,17.985309,0.0,1.0,0.0,0.0,0.141192,6072.0,0.335935,1.0
6091.0,0.470094,0.466414,0.482805,0.482805,13.160282,1.117662,1.119665,5.0,5.0,17.312836,0.0,1.0,0.0,0.0,0.141192,6082.0,0.329686,1.0
6101.0,0.470012,0.46633,0.482709,0.482709,13.159719,1.146595,1.148695,5.0,5.0,17.652782,0.0,1.0,0.0,0.0,0.141192,6092.0,0.342561,1.0
6111.0,0.469928,0.466245,0.482612,0.482612,13.159247,1.170479,1.172555,5.0,5.0,17.933384,0.0,1.0,0.0,0.0,0.141192,6102.0,0.335605,1.0
6121.0,0.469845,0.466159,0.482516,0.482516,13.158637,1.201382,1.203371,5.0,5.0,18.296402,0.0,1.0,0.0,0.0,0.129176,6111.0,0.321065,1.0
6131.0,0.469761,0.466073,0.482415,0.482415,13.1595,1.156709,1.158788,5.0,5.0,17.771592,0.0,1.0,0.0,0.0,0.129176,6121.0,0.337902,1.0
6141.0,0.469677,0.465989,0.482317,0.482317,13.159926,1.134632,1.136755,5.0,5.0,17.512205,0.0,1.0,0.0,0.0,0.129176,6131.0,0.337946,1.0
6151.0,0.469594,0.465903,0.482219,0.482219,13.159989,1.130878,1.132831,5.0,5.0,17.468082,0.0,1.0,0.0,0.0,0.129176,6141.0,0.328895,1.0
6161.0,0.46951,0.465818,0.48212,0.48212,13.158643,1.199068,1.201046,5.0,5.0,18.269186,0.0,1.0,0.0,0.0,0.129176,6151.0,0.333654,1.0
6171.0,0.469428,0.465734,0.482023,0.482023,13.15942,1.159237,1.161196,5.0,5.0,17.801251,0.0,1.0,0.0,0.0,0.129176,6161.0,0.337501,1.0
6181.0,0.469345,0.46565,0.481928,0.481928,13.160036,1.127483,1.129363,5.0,5.0,17.428173,0.0,1.0,0.0,0.0,0.117632,6171.0,0.334283,1.0
6191.0,0.469263,0.465565,0.481829,0.481829,13.158877,1.186219,1.188109,5.0,5.0,18.118227,0.0,1.0,0.0,0.0,0.117632,6181.0,0.335957,1.0
6201.0,0.469181,0.465482,0.481735,0.481735,13.160578,1.099184,1.101308,5.0,5.0,17.095648,0.0,1.0,0.0,0.0,0.117632,6191.0,0.337266,1.0
6211.0,0.469097,0.465396,0.481635,0.481635,13.158595,1.199496,1.201586,5.0,5.0,18.274165,0.0,1.0,0.0,0.0,0.117632,6201.0,0.337064,1.0
6221.0,0.469013,0.465311,0.481539,0.481539,13.159587,1.147823,1.149858,5.0,5.0,17.667096,0.0,1.0,0.0,0.0,0.117632,6211.0,0.331236,1.0
6231.0,0.468931,0.465226,0.481443,0.481443,13.159608,1.146108,1.148072,5.0,5.0,17.64694,0.0,1.0,0.0,0.0,0.117632,6221.0,0.342987,1.0
6241.0,0.468848,0.465142,0.481348,0.481348,13.159976,1.12676,1.128844,5.0,5.0,17.4196,0.0,1.0,0.0,0.0,0.106755,6231.0,0.351056,1.0
6251.0,0.468765,0.465057,0.481254,0.481254,13.159432,1.153663,1.155652,5.0,5.0,17.73567,0.0,1.0,0.0,0.0,0.106755,6241.0,0.339471,1.0
6261.0,0.468682,0.464973,0.481156,0.481156,13.159282,1.160457,1.162525,5.0,5.0,17.815466,0.0,1.0,0.0,0.0,0.106755,6251.0,0.326604,1.0
6271.0,0.4686,0.464888,0.481062,0.481062,13.159206,1.163545,1.165557,5.0,5.0,17.851728,0.0,1.0,0.0,0.0,0.106755,6261.0,0.34689,1.0
6281.0,0.468516,0.464803,0.480963,0.480963,13.159843,1.129687,1.131709,5.0,5.0,17.453922,0.0,1.0,0.0,0.0,0.106755,6271.0,0.331445,1.0
6291.0,0.468432,0.464718,0.480867,0.480867,13.159348,1.153772,1.155839,5.0,5.0,17.736863,0.0,1.0,0.0,0.0,0.106755,6281.0,0.327603,1.0
6301.0,0.468349,0.464633,0.480771,0.480771,13.158923,1.174332,1.176376,5.0,5.0,17.978379,0.0,1.0,0.0,0.0,0.095953,6291.0,0.345124,1.0
6311.0,0.468266,0.464548,0.480677,0.480677,13.158245,1.208011,1.209996,5.0,5.0,18.373989,0.0,1.0,0.0,0.0,0.095953,6301.0,0.338868,1.0
6321.0,0.468183,0.464463,0.480581,0.480581,13.158364,1.200545,1.202748,5.0,5.0,18.286261,0.0,1.0,0.0,0.0,0.095953,6311.0,0.327063,1.0
6331.0,0.468099,0.464377,0.480483,0.480483,13.158492,1.192607,1.19465,5.0,5.0,18.192993,0.0,1.0,0.0,0.0,0.095953,6321.0,0.340911,1.0
6341.0,0.468015,0.464292,0.480387,0.480387,13.158858,1.172649,1.174736,5.0,5.0,17.958509,0.0,1.0,0.0,0.0,0.095953,6331.0,0.341091,1.0
6351.0,0.467932,0.464206,0.480292,0.480292,13.158745,1.176925,1.178909,5.0,5.0,18.008712,0.0,1.0,0.0,0.0,0.095953,6341.0,0.343351,1.0
6361.0,0.467848,0.464121,0.480194,0.480194,13.158426,1.191776,1.193861,5.0,5.0,18.183138,0.0,1.0,0.0,0.0,0.085401,6351.0,0.342963,1.0
6371.0,0.467765,0.464036,0.480099,0.480099,13.157473,1.239264,1.241144,5.0,5.0,18.740916,0.0,1.0,0.0,0.0,0.085401,6361.0,0.338967,1.0
6381.0,0.467681,0.463951,0.480002,0.480002,13.158234,1.199028,1.201046,5.0,5.0,18.268276,0.0,1.0,0.0,0.0,0.085401,6371.0,0.349986,1.0
6391.0,0.467598,0.463866,0.479905,0.479905,13.158902,1.16362,1.165619,5.0,5.0,17.852301,0.0,1.0,0.0,0.0,0.085401,6381.0,0.340742,1.0
6401.0,0.467514,0.46378,0.479807,0.479807,13.158248,1.195315,1.197453,5.0,5.0,18.224588,0.0,1.0,0.0,0.0,0.085401,6391.0,0.328896,1.0
6411.0,0.467431,0.463696,0.479711,0.479711,13.158849,1.163639,1.165599,5.0,5.0,17.852467,0.0,1.0,0.0,0.0,0.085401,6401.0,0.32718,1.0
6421.0,0.467348,0.463611,0.479615,0.479615,13.158161,1.197417,1.199447,5.0,5.0,18.249233,0.0,1.0,0.0,0.0,0.075786,6411.0,0.33745,1.0
6431.0,0.467265,0.463526,0.479521,0.479521,13.158659,1.170659,1.172493,5.0,5.0,17.934886,0.0,1.0,0.0,0.0,0.075786,6421.0,0.34158,1.0
6441.0,0.467182,0.463441,0.479428,0.479428,13.157208,1.243466,1.245463,5.0,5.0,18.790063,0.0,1.0,0.0,0.0,0.075786,6431.0,0.336406,1.0
6451.0,0.467099,0.463356,0.479331,0.479331,13.159298,1.135222,1.137212,5.0,5.0,17.518513,0.0,1.0,0.0,0.0,0.075786,6441.0,0.352199,1.0
6461.0,0.467015,0.463271,0.479237,0.479237,13.158073,1.19635,1.198367,5.0,5.0,18.23659,0.0,1.0,0.0,0.0,0.075786,6451.0,0.329428,1.0
6471.0,0.466932,0.463186,0.479142,0.479142,13.15804,1.196456,1.198388,5.0,5.0,18.237803,0.0,1.0,0.0,0.0,0.075786,6461.0,0.33459,1.0
6481.0,0.466848,0.4631,0.479046,0.479046,13.158402,1.176448,1.178453,5.0,5.0,18.002731,0.0,1.0,0.0,0.0,0.066374,6471.0,0.334515,1.0
6491.0,0.466765,0.463015,0.47895,0.47895,13.158806,1.154238,1.156192,5.0,5.0,17.741787,0.0,1.0,0.0,0.0,0.066374,6481.0,0.326331,1.0
6501.0,0.466682,0.46293,0.478855,0.478855,13.157836,1.202439,1.204576,5.0,5.0,18.307985,0.0,1.0,0.0,0.0,0.066374,6491.0,0.349732,1.0
6511.0,0.466598,0.462845,0.478763,0.478763,13.158505,1.166778,1.168776,5.0,5.0,17.889052,0.0,1.0,0.0,0.0,0.066374,6501.0,0.347276,1.0
6521.0,0.466516,0.462761,0.47867,0.47867,13.158859,1.147527,1.149505,5.0,5.0,17.662872,0.0,1.0,0.0,0.0,0.066374,6511.0,0.346449,1.0
6531.0,0.466432,0.462675,0.478574,0.478574,13.157556,1.212258,1.214232,5.0,5.0,18.423225,0.0,1.0,0.0,0.0,0.066374,6521.0,0.346731,1.0
6541.0,0.466348,0.462589,0.478479,0.478479,13.158096,1.182774,1.184828,5.0,5.0,18.07686,0.0,1.0,0.0,0.0,0.057487,6531.0,0.331045,1.0
6551.0,0.466265,0.462505,0.478386,0.478386,13.15782,1.195444,1.19737,5.0,5.0,18.22566,0.0,1.0,0.0,0.0,0.057487,6541.0,0.33182,1.0
6561.0,0.466181,0.462419,0.47829,0.47829,13.157991,1.184899,1.186863,5.0,5.0,18.10175,0.0,1.0,0.0,0.0,0.057487,6551.0,0.332904,1.0
6571.0,0.466098,0.462334,0.478194,0.478194,13.158566,1.154206,1.156213,5.0,5.0,17.741164,0.0,1.0,0.0,0.0,0.057487,6561.0,0.344188,1.0
6581.0,0.466013,0.462248,0.478097,0.478097,13.158051,1.178409,1.180425,5.0,5.0,18.025438,0.0,1.0,0.0,0.0,0.057487,6571.0,0.341477,1.0
6591.0,0.465931,0.462164,0.478005,0.478005,13.15787,1.186468,1.188358,5.0,5.0,18.120084,0.0,1.0,0.0,0.0,0.057487,6581.0,0.346509,1.0
6601.0,0.465848,0.462079,0.47791,0.47791,13.157888,1.184096,1.186074,5.0,5.0,18.092192,0.0,1.0,0.0,0.0,0.049144,6591.0,0.333039,1.0
6611.0,0.465764,0.461993,0.477814,0.477814,13.157754,1.189125,1.190995,5.0,5.0,18.151231,0.0,1.0,0.0,0.0,0.049144,6601.0,0.3303,1.0
6621.0,0.46568,0.461908,0.477719,0.477719,13.157504,1.200138,1.202125,5.0,5.0,18.280555,0.0,1.0,0.0,0.0,0.049144,6611.0,0.338523,1.0
6631.0,0.465597,0.461824,0.477626,0.477626,13.159483,1.097958,1.099959,5.0,5.0,17.08015,0.0,1.0,0.0,0.0,0.049144,6621.0,0.337563,1.0
6641.0,0.465515,0.461739,0.477534,0.477534,13.157667,1.18931,1.191286,5.0,5.0,18.153317,0.0,1.0,0.0,0.0,0.049144,6631.0,0.340762,1.0
6651.0,0.46543,0.461653,0.47744,0.47744,13.157607,1.190286,1.192469,5.0,5.0,18.164735,0.0,1.0,0.0,0.0,0.049144,6641.0,0.332867,1.0
6661.0,0.465346,0.461567,0.477345,0.477345,13.157964,1.170262,1.172347,5.0,5.0,17.929484,0.0,1.0,0.0,0.0,0.040947,6651.0,0.334748,1.0
6671.0,0.465263,0.461482,0.477249,0.477249,13.157689,1.182733,1.184641,5.0,5.0,18.075938,0.0,1.0,0.0,0.0,0.040947,6661.0,0.336986,1.0
6681.0,0.46518,0.461397,0.477157,0.477157,13.157763,1.177495,1.179532,5.0,5.0,18.014382,0.0,1.0,0.0,0.0,0.040947,6671.0,0.331352,1.0
6691.0,0.465096,0.461312,0.477061,0.477061,13.156794,1.225094,1.227106,5.0,5.0,18.573426,0.0,1.0,0.0,0.0,0.040947,6681.0,0.332813,1.0
6701.0,0.465013,0.461227,0.476964,0.476964,13.157679,1.178484,1.180446,5.0,5.0,18.025929,0.0,1.0,0.0,0.0,0.040947,6691.0,0.338823,1.0
6711.0,0.46493,0.461142,0.47687,0.47687,13.157879,1.166637,1.168423,5.0,5.0,17.886737,0.0,1.0,0.0,0.0,0.040947,6701.0,0.33041,1.0
6721.0,0.464847,0.461057,0.476777,0.476777,13.158605,1.128227,1.130152,5.0,5.0,17.435489,0.0,1.0,0.0,0.0,0.033438,6711.0,0.347069,1.0
6731.0,0.464764,0.460973,0.476686,0.476686,13.157732,1.171382,1.173386,5.0,5.0,17.942419,0.0,1.0,0.0,0.0,0.033438,6721.0,0.33306,1.0
6741.0,0.464682,0.460889,0.476595,0.476595,13.158095,1.151663,1.153617,5.0,5.0,17.71075,0.0,1.0,0.0,0.0,0.033438,6731.0,0.33663,1.0
6751.0,0.464598,0.460803,0.476501,0.476501,13.15774,1.16774,1.169731,5.0,5.0,17.899572,0.0,1.0,0.0,0.0,0.033438,6741.0,0.327623,1.0
6761.0,0.464514,0.460717,0.476406,0.476406,13.157996,1.152731,1.154738,5.0,5.0,17.723225,0.0,1.0,0.0,0.0,0.033438,6751.0,0.334011,1.0
6771.0,0.464431,0.460632,0.476311,0.476311,13.158269,1.137206,1.139247,5.0,5.0,17.540807,0.0,1.0,0.0,0.0,0.033438,6761.0,0.328887,1.0
6781.0,0.464347,0.460547,0.476218,0.476218,13.157302,1.184723,1.186904,5.0,5.0,18.098944,0.0,1.0,0.0,0.0,0.026224,6771.0,0.336232,1.0
6791.0,0.464262,0.460461,0.476123,0.476123,13.15824,1.134846,1.136838,5.0,5.0,17.513007,0.0,1.0,0.0,0.0,0.026224,6781.0,0.322174,1.0
6801.0,0.464181,0.460377,0.476033,0.476033,13.157861,1.153198,1.155174,5.0,5.0,17.728573,0.0,1.0,0.0,0.0,0.026224,6791.0,0.339281,1.0
6811.0,0.464098,0.460292,0.475943,0.475943,13.156964,1.197374,1.199447,5.0,5.0,18.247445,0.0,1.0,0.0,0.0,0.026224,6801.0,0.337162,1.0
6821.0,0.464014,0.460207,0.475849,0.475849,13.157754,1.155313,1.157209,5.0,5.0,17.753357,0.0,1.0,0.0,0.0,0.026224,6811.0,0.338993,1.0
6831.0,0.463931,0.460122,0.475758,0.475758,13.15696,1.194146,1.196186,5.0,5.0,18.209463,0.0,1.0,0.0,0.0,0.026224,6821.0,0.335953,1.0
6841.0,0.463848,0.460037,0.475664,0.475664,13.158073,1.135874,1.137814,5.0,5.0,17.524935,0.0,1.0,0.0,0.0,0.019502,6831.0,0.330088,1.0
6851.0,0.463765,0.459953,0.475572,0.475572,13.157059,1.186331,1.188337,5.0,5.0,18.117617,0.0,1.0,0.0,0.0,0.019502,6841.0,0.337954,1.0
6861.0,0.463683,0.459869,0.475479,0.475479,13.158268,1.123094,1.125251,5.0,5.0,17.374746,0.0,1.0,0.0,0.0,0.019502,6851.0,0.335229,1.0
6871.0,0.4636,0.459784,0.475386,0.475386,13.157502,1.160606,1.162691,5.0,5.0,17.815377,0.0,1.0,0.0,0.0,0.019502,6861.0,0.343245,1.0
6881.0,0.463516,0.459699,0.475295,0.475295,13.157576,1.15514,1.157147,5.0,5.0,17.751136,0.0,1.0,0.0,0.0,0.019502,6871.0,0.350404,1.0
6891.0,0.463433,0.459614,0.475203,0.475203,13.156752,1.195479,1.197266,5.0,5.0,18.224922,0.0,1.0,0.0,0.0,0.019502,6881.0,0.334637,1.0
6901.0,0.46335,0.459529,0.475109,0.475109,13.15686,1.188352,1.190351,5.0,5.0,18.141178,0.0,1.0,0.0,0.0,0.013204,6891.0,0.334825,1.0
6911.0,0.463266,0.459444,0.475016,0.475016,13.156459,1.207116,1.209227,5.0,5.0,18.361527,0.0,1.0,0.0,0.0,0.013204,6901.0,0.328829,1.0
6921.0,0.463184,0.45936,0.474925,0.474925,13.155937,1.232375,1.234437,5.0,5.0,18.658155,0.0,1.0,0.0,0.0,0.013204,6911.0,0.335698,1.0
6931.0,0.463099,0.459273,0.47483,0.47483,13.15593,1.230487,1.232589,5.0,5.0,18.635935,0.0,1.0,0.0,0.0,0.013204,6921.0,0.332525,1.0
6941.0,0.463016,0.459188,0.474736,0.474736,13.156736,1.187628,1.189708,5.0,5.0,18.132533,0.0,1.0,0.0,0.0,0.013204,6931.0,0.339069,1.0
6951.0,0.462932,0.459103,0.474642,0.474642,13.157128,1.165817,1.167738,5.0,5.0,17.876304,0.0,1.0,0.0,0.0,0.013204,6941.0,0.343824,1.0
6961.0,0.462848,0.459017,0.474551,0.474551,13.157067,1.167005,1.16917,5.0,5.0,17.890217,0.0,1.0,0.0,0.0,0.006325,6951.0,0.337944,1.0
6971.0,0.462765,0.458932,0.47446,0.47446,13.157664,1.134824,1.136755,5.0,5.0,17.512168,0.0,1.0,0.0,0.0,0.006325,6961.0,0.343485,1.0
6981.0,0.462681,0.458846,0.474366,0.474366,13.156738,1.180098,1.182087,5.0,5.0,18.043934,0.0,1.0,0.0,0.0,0.006325,6971.0,0.338312,1.0
6991.0,0.462597,0.458761,0.474274,0.474274,13.155713,1.23075,1.232817,5.0,5.0,18.638792,0.0,1.0,0.0,0.0,0.006325,6981.0,0.343803,1.0
7001.0,0.462514,0.458676,0.474183,0.474183,13.156917,1.167627,1.169627,5.0,5.0,17.897376,0.0,1.0,0.0,0.0,0.006325,6991.0,0.335502,1.0
7011.0,0.462431,0.458592,0.474091,0.474091,13.157661,1.12825,1.130359,5.0,5.0,17.434809,0.0,1.0,0.0,0.0,0.006325,7001.0,0.339923,1.0
7021.0,0.462348,0.458506,0.473997,0.473997,13.156936,1.163532,1.165599,5.0,5.0,17.849221,0.0,1.0,0.0,0.0,0.000373,7011.0,0.336848,1.0
7031.0,0.462266,0.458422,0.47391,0.47391,13.156532,1.182804,1.18489,5.0,5.0,18.075551,0.0,1.0,0.0,0.0,0.000373,7021.0,0.331366,1.0
7041.0,0.462181,0.458336,0.473814,0.473814,13.156949,1.159551,1.161612,5.0,5.0,17.802387,0.0,1.0,0.0,0.0,0.000373,7031.0,0.32925,1.0
7051.0,0.462098,0.458251,0.473721,0.473721,13.156513,1.180181,1.182128,5.0,5.0,18.044673,0.0,1.0,0.0,0.0,0.000373,7041.0,0.345564,1.0
7061.0,0.462015,0.458166,0.47363,0.47363,13.156657,1.170952,1.172908,5.0,5.0,17.936238,0.0,1.0,0.0,0.0,0.000373,7051.0,0.347262,1.0
7071.0,0.461931,0.458081,0.473542,0.473542,13.155799,1.213089,1.214979,5.0,5.0,18.431097,0.0,1.0,0.0,0.0,0.000373,7061.0,0.353135,1.0
7081.0,0.461849,0.457996,0.47345,0.47345,13.156555,1.17302,1.174943,5.0,5.0,17.960463,0.0,1.0,0.0,0.0,0.0,7071.0,0.336289,1.0
7091.0,0.461764,0.45791,0.473355,0.473355,13.157165,1.139705,1.14176,5.0,5.0,17.569088,0.0,1.0,0.0,0.0,0.0,7081.0,0.345204,1.0
7101.0,0.46168,0.457825,0.473261,0.473261,13.156494,1.17224,1.174196,5.0,5.0,17.951222,0.0,1.0,0.0,0.0,0.0,7091.0,0.3304,1.0
7111.0,0.461597,0.45774,0.473173,0.473173,13.157931,1.09729,1.099315,5.0,5.0,17.070757,0.0,1.0,0.0,0.0,0.0,7101.0,0.339917,1.0
7121.0,0.461513,0.457654,0.47308,0.47308,13.155687,1.209671,1.211574,5.0,5.0,18.39076,0.0,1.0,0.0,0.0,0.0,7111.0,0.333649,1.0
7131.0,0.461429,0.457569,0.472987,0.472987,13.156554,1.163837,1.165806,5.0,5.0,17.852414,0.0,1.0,0.0,0.0,0.0,7121.0,0.342374,1.0
7141.0,0.461346,0.457484,0.472895,0.472895,13.15575,1.203348,1.205386,5.0,5.0,18.316432,0.0,1.0,0.0,0.0,0.0,7131.0,0.333857,1.0
7151.0,0.461263,0.457399,0.472802,0.472802,13.155963,1.19089,1.192905,5.0,5.0,18.170086,0.0,1.0,0.0,0.0,0.0,7141.0,0.34259,1.0
7161.0,0.46118,0.457314,0.47271,0.47271,13.155659,1.204819,1.206839,5.0,5.0,18.333643,0.0,1.0,0.0,0.0,0.0,7151.0,0.335838,1.0
7171.0,0.461096,0.457228,0.472619,0.472619,13.157372,1.115392,1.117339,5.0,5.0,17.283213,0.0,1.0,0.0,0.0,0.0,7161.0,0.342265,1.0
7181.0,0.461013,0.457144,0.472529,0.472529,13.155423,1.213259,1.215332,5.0,5.0,18.432685,0.0,1.0,0.0,0.0,0.0,7171.0,0.335816,1.0
7191.0,0.460929,0.457058,0.472436,0.472436,13.156398,1.161702,1.163564,5.0,5.0,17.827121,0.0,1.0,0.0,0.0,0.0,7181.0,0.333809,1.0
7201.0,0.460846,0.456973,0.472345,0.472345,13.155924,1.184343,1.186364,5.0,5.0,18.093018,0.0,1.0,0.0,0.0,0.0,7191.0,0.33975,1.0
7211.0,0.460763,0.456888,0.472254,0.472254,13.156614,1.147514,1.149464,5.0,5.0,17.660407,0.0,1.0,0.0,0.0,0.0,7201.0,0.337626,1.0
7221.0,0.46068,0.456804,0.472164,0.472164,13.156342,1.159802,1.161819,5.0,5.0,17.804711,0.0,1.0,0.0,0.0,0.0,7211.0,0.339363,1.0
7231.0,0.460596,0.456718,0.472072,0.472072,13.155994,1.17569,1.177767,5.0,5.0,17.991278,0.0,1.0,0.0,0.0,0.0,7221.0,0.340795,1.0
7241.0,0.460513,0.456634,0.471984,0.471984,13.156893,1.128368,1.130422,5.0,5.0,17.435418,0.0,1.0,0.0,0.0,0.0,7231.0,0.334404,1.0
7251.0,0.460431,0.456549,0.471893,0.471893,13.155686,1.188441,1.190247,5.0,5.0,18.140981,0.0,1.0,0.0,0.0,0.0,7241.0,0.342143,1.0
7261.0,0.460346,0.456463,0.471803,0.471803,13.155692,1.186047,1.188192,5.0,5.0,18.11282,0.0,1.0,0.0,0.0,0.0,7251.0,0.334735,1.0
7271.0,0.460262,0.456377,0.471712,0.471712,13.155718,1.182767,1.18489,5.0,5.0,18.074253,0.0,1.0,0.0,0.0,0.0,7261.0,0.343336,1.0
7281.0,0.460178,0.456291,0.471622,0.471622,13.15592,1.170503,1.172597,5.0,5.0,17.930176,0.0,1.0,0.0,0.0,0.0,7271.0,0.331509,1.0
7291.0,0.460095,0.456206,0.471531,0.471531,13.155829,1.173532,1.175421,5.0,5.0,17.965724,0.0,1.0,0.0,0.0,0.0,7281.0,0.340726,1.0
7301.0,0.460012,0.456121,0.471441,0.471441,13.155774,1.174739,1.176791,5.0,5.0,17.979864,0.0,1.0,0.0,0.0,0.0,7291.0,0.337792,1.0
7311.0,0.459927,0.456035,0.471351,0.471351,13.155592,1.181839,1.183769,5.0,5.0,18.063202,0.0,1.0,0.0,0.0,0.0,7301.0,0.339942,1.0
7321.0,0.459843,0.455949,0.471258,0.471258,13.15593,1.162677,1.164519,5.0,5.0,17.838112,0.0,1.0,0.0,0.0,0.0,7311.0,0.340517,1.0
7331.0,0.45976,0.455865,0.471169,0.471169,13.155928,1.161364,1.163231,5.0,5.0,17.822667,0.0,1.0,0.0,0.0,0.0,7321.0,0.338638,1.0
7341.0,0.459676,0.455779,0.471076,0.471076,13.155247,1.194371,1.196353,5.0,5.0,18.210282,0.0,1.0,0.0,0.0,0.0,7331.0,0.335598,1.0
7351.0,0.459593,0.455694,0.470982,0.470982,13.155674,1.170864,1.172846,5.0,5.0,17.934167,0.0,1.0,0.0,0.0,0.0,7341.0,0.345579,1.0
7361.0,0.45951,0.45561,0.470895,0.470895,13.156424,1.131293,1.133246,5.0,5.0,17.469361,0.0,1.0,0.0,0.0,0.0,7351.0,0.337215,1.0
7371.0,0.459428,0.455526,0.470804,0.470804,13.155913,1.156082,1.158061,5.0,5.0,17.760505,0.0,1.0,0.0,0.0,0.0,7361.0,0.339347,1.0
7381.0,0.459344,0.45544,0.470716,0.470716,13.155085,1.196514,1.19845,5.0,5.0,18.235313,0.0,1.0,0.0,0.0,0.0,7371.0,0.331942,1.0
7391.0,0.459261,0.455355,0.470624,0.470624,13.155024,1.19783,1.199841,5.0,5.0,18.250732,0.0,1.0,0.0,0.0,0.0,7381.0,0.331797,1.0
7401.0,0.459177,0.45527,0.470537,0.470537,13.153976,1.249584,1.25161,5.0,5.0,18.858433,0.0,1.0,0.0,0.0,0.0,7391.0,0.33746,1.0
7411.0,0.459094,0.455184,0.470448,0.470448,13.15475,1.208407,1.210473,5.0,5.0,18.374881,0.0,1.0,0.0,0.0,0.0,7401.0,0.335884,1.0
7421.0,0.459011,0.455099,0.470358,0.470358,13.155341,1.176574,1.178536,5.0,5.0,18.001002,0.0,1.0,0.0,0.0,0.0,7411.0,0.342026,1.0
7431.0,0.458927,0.455014,0.470268,0.470268,13.156258,1.128118,1.130006,5.0,5.0,17.431831,0.0,1.0,0.0,0.0,0.0,7421.0,0.336898,1.0
7441.0,0.458844,0.454929,0.470179,0.470179,13.156221,1.128359,1.130484,5.0,5.0,17.43464,0.0,1.0,0.0,0.0,0.0,7431.0,0.33171,1.0
7451.0,0.458759,0.454843,0.470087,0.470087,13.155012,1.187769,1.189832,5.0,5.0,18.132362,0.0,1.0,0.0,0.0,0.0,7441.0,0.332652,1.0
7461.0,0.458674,0.454756,0.469992,0.469992,13.154248,1.224672,1.226733,5.0,5.0,18.56568,0.0,1.0,0.0,0.0,0.0,7451.0,0.334335,1.0
7471.0,0.458591,0.454671,0.469902,0.469902,13.155636,1.152245,1.154281,5.0,5.0,17.715068,0.0,1.0,0.0,0.0,0.0,7461.0,0.35013,1.0
7481.0,0.458508,0.454587,0.469813,0.469813,13.155391,1.163191,1.165163,5.0,5.0,17.843596,0.0,1.0,0.0,0.0,0.0,7471.0,0.33651,1.0
7491.0,0.458424,0.454501,0.469722,0.469722,13.155858,1.137436,1.139476,5.0,5.0,17.54106,0.0,1.0,0.0,0.0,0.0,7481.0,0.334843,1.0
7501.0,0.458341,0.454416,0.469634,0.469634,13.154893,1.185298,1.187299,5.0,5.0,18.103157,0.0,1.0,0.0,0.0,0.0,7491.0,0.343381,1.0
7511.0,0.458259,0.454332,0.469544,0.469544,13.155527,1.151595,1.153617,5.0,5.0,17.707315,0.0,1.0,0.0,0.0,0.0,7501.0,0.337717,1.0
7521.0,0.458175,0.454247,0.469456,0.469456,13.154593,1.197418,1.199467,5.0,5.0,18.245423,0.0,1.0,0.0,0.0,0.0,7511.0,0.336002,1.0
7531.0,0.458092,0.454162,0.469368,0.469368,13.154957,1.177335,1.179283,5.0,5.0,18.00955,0.0,1.0,0.0,0.0,0.0,7521.0,0.339185,1.0
7541.0,0.458009,0.454077,0.469278,0.469278,13.155601,1.14288,1.144854,5.0,5.0,17.604856,0.0,1.0,0.0,0.0,0.0,7531.0,0.336482,1.0
7551.0,0.457925,0.453991,0.469191,0.469191,13.154992,1.172001,1.173946,5.0,5.0,17.946831,0.0,1.0,0.0,0.0,0.0,7541.0,0.343387,1.0
7561.0,0.457841,0.453906,0.469101,0.469101,13.154611,1.189649,1.19141,5.0,5.0,18.154054,0.0,1.0,0.0,0.0,0.0,7551.0,0.329399,1.0
7571.0,0.457758,0.453821,0.469012,0.469012,13.153587,1.240245,1.242037,5.0,5.0,18.748139,0.0,1.0,0.0,0.0,0.0,7561.0,0.334364,1.0
7581.0,0.457674,0.453735,0.468923,0.468923,13.154785,1.177327,1.1792,5.0,5.0,18.00927,0.0,1.0,0.0,0.0,0.0,7571.0,0.339725,1.0
7591.0,0.457591,0.453651,0.468832,0.468832,13.155465,1.141116,1.14313,5.0,5.0,17.583961,0.0,1.0,0.0,0.0,0.0,7581.0,0.330323,1.0
7601.0,0.457508,0.453565,0.468743,0.468743,13.155172,1.154269,1.156483,5.0,5.0,17.738404,0.0,1.0,0.0,0.0,0.0,7591.0,0.332146,1.0
7611.0,0.457423,0.453479,0.468653,0.468653,13.153669,1.22902,1.231052,5.0,5.0,18.616187,0.0,1.0,0.0,0.0,0.0,7601.0,0.340676,1.0
7621.0,0.457339,0.453393,0.468561,0.468561,13.154616,1.178787,1.180799,5.0,5.0,18.026267,0.0,1.0,0.0,0.0,0.0,7611.0,0.334959,1.0
7631.0,0.457256,0.453308,0.468471,0.468471,13.154668,1.17442,1.176314,5.0,5.0,17.974952,0.0,1.0,0.0,0.0,0.0,7621.0,0.335819,1.0
7641.0,0.457172,0.453223,0.468381,0.468381,13.155207,1.145077,1.147221,5.0,5.0,17.6303,0.0,1.0,0.0,0.0,0.0,7631.0,0.345492,1.0
7651.0,0.457087,0.453136,0.46829,0.46829,13.153886,1.210135,1.212093,5.0,5.0,18.394272,0.0,1.0,0.0,0.0,0.0,7641.0,0.344618,1.0
7661.0,0.457003,0.45305,0.4682,0.4682,13.154379,1.183219,1.185347,5.0,5.0,18.078154,0.0,1.0,0.0,0.0,0.0,7651.0,0.338899,1.0
7671.0,0.456921,0.452966,0.468107,0.468107,13.155425,1.128565,1.130588,5.0,5.0,17.43625,0.0,1.0,0.0,0.0,0.0,7661.0,0.335572,1.0
7681.0,0.456835,0.452879,0.468019,0.468019,13.154474,1.17476,1.176833,5.0,5.0,17.978743,0.0,1.0,0.0,0.0,0.0,7671.0,0.333479,1.0
7691.0,0.456753,0.452794,0.467933,0.467933,13.153113,1.242831,1.24482,5.0,5.0,18.778035,0.0,1.0,0.0,0.0,0.0,7681.0,0.338713,1.0
7701.0,0.456669,0.452709,0.467846,0.467846,13.153273,1.233016,1.235143,5.0,5.0,18.662756,0.0,1.0,0.0,0.0,0.0,7691.0,0.337574,1.0
7711.0,0.456585,0.452624,0.467754,0.467754,13.154871,1.149716,1.151686,5.0,5.0,17.684525,0.0,1.0,0.0,0.0,0.0,7701.0,0.334032,1.0
7721.0,0.456503,0.45254,0.467669,0.467669,13.154991,1.142324,1.144418,5.0,5.0,17.597693,0.0,1.0,0.0,0.0,0.0,7711.0,0.344506,1.0
7731.0,0.45642,0.452455,0.467581,0.467581,13.15514,1.133264,1.135281,5.0,5.0,17.491247,0.0,1.0,0.0,0.0,0.0,7721.0,0.344583,1.0
7741.0,0.456336,0.452369,0.467493,0.467493,13.153594,1.210258,1.212134,5.0,5.0,18.395397,0.0,1.0,0.0,0.0,0.0,7731.0,0.339668,1.0
7751.0,0.456254,0.452285,0.467405,0.467405,13.154625,1.156317,1.158289,5.0,5.0,17.761934,0.0,1.0,0.0,0.0,0.0,7741.0,0.321707,1.0
7761.0,0.456169,0.452199,0.467316,0.467316,13.153822,1.195364,1.197495,5.0,5.0,18.220436,0.0,1.0,0.0,0.0,0.0,7751.0,0.336028,1.0
7771.0,0.456086,0.452114,0.467223,0.467223,13.154898,1.138774,1.140825,5.0,5.0,17.555833,0.0,1.0,0.0,0.0,0.0,7761.0,0.328572,1.0
7781.0,0.456002,0.452029,0.467133,0.467133,13.153813,1.192404,1.194359,5.0,5.0,18.185608,0.0,1.0,0.0,0.0,0.0,7771.0,0.343861,1.0
7791.0,0.455918,0.451942,0.467043,0.467043,13.153978,1.181881,1.183914,5.0,5.0,18.061991,0.0,1.0,0.0,0.0,0.0,7781.0,0.337583,1.0
7801.0,0.455835,0.451858,0.466957,0.466957,13.153585,1.200579,1.202686,5.0,5.0,18.281537,0.0,1.0,0.0,0.0,0.0,7791.0,0.347433,1.0
7811.0,0.455753,0.451774,0.466871,0.466871,13.153795,1.188557,1.190414,5.0,5.0,18.140336,0.0,1.0,0.0,0.0,0.0,7801.0,0.335787,1.0
7821.0,0.455668,0.451687,0.466783,0.466783,13.152929,1.230613,1.232464,5.0,5.0,18.634108,0.0,1.0,0.0,0.0,0.0,7811.0,0.333114,1.0
7831.0,0.455585,0.451602,0.466694,0.466694,13.154133,1.167425,1.169253,5.0,5.0,17.892103,0.0,1.0,0.0,0.0,0.0,7821.0,0.341648,1.0
7841.0,0.4555,0.451516,0.466605,0.466605,13.154516,1.146007,1.147886,5.0,5.0,17.64053,0.0,1.0,0.0,0.0,0.0,7831.0,0.339694,1.0
7851.0,0.455418,0.451432,0.466515,0.466515,13.154063,1.167703,1.16971,5.0,5.0,17.895292,0.0,1.0,0.0,0.0,0.0,7841.0,0.326589,1.0
7861.0,0.455334,0.451347,0.466427,0.466427,13.153256,1.207242,1.209248,5.0,5.0,18.359558,0.0,1.0,0.0,0.0,0.0,7851.0,0.335426,1.0
7871.0,0.45525,0.451261,0.466337,0.466337,13.154157,1.159351,1.161238,5.0,5.0,17.797142,0.0,1.0,0.0,0.0,0.0,7861.0,0.336562,1.0
7881.0,0.455167,0.451176,0.466247,0.466247,13.154131,1.159102,1.161238,5.0,5.0,17.794188,0.0,1.0,0.0,0.0,0.0,7871.0,0.341379,1.0
7891.0,0.455084,0.451091,0.466157,0.466157,13.154055,1.161554,1.163439,5.0,5.0,17.822954,0.0,1.0,0.0,0.0,0.0,7881.0,0.337978,1.0
7901.0,0.455,0.451005,0.46607,0.46607,13.152111,1.258857,1.260975,5.0,5.0,18.965425,0.0,1.0,0.0,0.0,0.0,7891.0,0.334805,1.0
7911.0,0.454915,0.450919,0.465978,0.465978,13.154303,1.144743,1.146847,5.0,5.0,17.625445,0.0,1.0,0.0,0.0,0.0,7901.0,0.33623,1.0
7921.0,0.454832,0.450833,0.465891,0.465891,13.153762,1.170651,1.172576,5.0,5.0,17.929657,0.0,1.0,0.0,0.0,0.0,7911.0,0.350772,1.0
7931.0,0.454748,0.450748,0.465803,0.465803,13.153352,1.189964,1.19195,5.0,5.0,18.156415,0.0,1.0,0.0,0.0,0.0,7921.0,0.340862,1.0
7941.0,0.454665,0.450663,0.465716,0.465716,13.153221,1.194956,1.196996,5.0,5.0,18.214991,0.0,1.0,0.0,0.0,0.0,7931.0,0.352958,1.0
7951.0,0.454581,0.450578,0.465625,0.465625,13.152733,1.218125,1.22015,5.0,5.0,18.487009,0.0,1.0,0.0,0.0,0.0,7941.0,0.331905,1.0
7961.0,0.454497,0.450492,0.465538,0.465538,13.153017,1.201838,1.203787,5.0,5.0,18.295727,0.0,1.0,0.0,0.0,0.0,7951.0,0.334221,1.0
7971.0,0.454414,0.450408,0.46545,0.46545,13.153953,1.152591,1.154593,5.0,5.0,17.717408,0.0,1.0,0.0,0.0,0.0,7961.0,0.340332,1.0
7981.0,0.45433,0.450322,0.465359,0.465359,13.153994,1.148547,1.150523,5.0,5.0,17.669876,0.0,1.0,0.0,0.0,0.0,7971.0,0.330701,1.0
7991.0,0.454247,0.450237,0.465271,0.465271,13.153104,1.192472,1.194587,5.0,5.0,18.185655,0.0,1.0,0.0,0.0,0.0,7981.0,0.340304,1.0
8001.0,0.454164,0.450152,0.465183,0.465183,13.154028,1.143662,1.145581,5.0,5.0,17.612445,0.0,1.0,0.0,0.0,0.0,7991.0,0.328687,1.0
8011.0,0.454079,0.450066,0.465093,0.465093,13.152967,1.195863,1.198014,5.0,5.0,18.225398,0.0,1.0,0.0,0.0,0.0,8001.0,0.338587,1.0
8021.0,0.453996,0.44998,0.465003,0.465003,13.153409,1.171464,1.17351,5.0,5.0,17.938857,0.0,1.0,0.0,0.0,0.0,8011.0,0.331253,1.0
8031.0,0.453911,0.449894,0.464915,0.464915,13.151982,1.242394,1.244383,5.0,5.0,18.771638,0.0,1.0,0.0,0.0,0.0,8021.0,0.333381,1.0
8041.0,0.453828,0.449809,0.464828,0.464828,13.153441,1.166231,1.168194,5.0,5.0,17.877335,0.0,1.0,0.0,0.0,0.0,8031.0,0.340829,1.0
8051.0,0.453745,0.449724,0.464743,0.464743,13.153948,1.138825,1.140825,5.0,5.0,17.555466,0.0,1.0,0.0,0.0,0.0,8041.0,0.335667,1.0
8061.0,0.453662,0.449639,0.464657,0.464657,13.15344,1.163237,1.165329,5.0,5.0,17.842108,0.0,1.0,0.0,0.0,0.0,8051.0,0.336628,1.0
8071.0,0.453578,0.449554,0.464569,0.464569,13.15346,1.16056,1.162588,5.0,5.0,17.810643,0.0,1.0,0.0,0.0,0.0,8061.0,0.331641,1.0
8081.0,0.453495,0.449469,0.464481,0.464481,13.154018,1.130535,1.132353,5.0,5.0,17.458005,0.0,1.0,0.0,0.0,0.0,8071.0,0.327121,1.0
8091.0,0.453411,0.449383,0.46439,0.46439,13.15292,1.184563,1.186676,5.0,5.0,18.092427,0.0,1.0,0.0,0.0,0.0,8081.0,0.341218,1.0
8101.0,0.453327,0.449297,0.4643,0.4643,13.153028,1.177205,1.179096,5.0,5.0,18.00599,0.0,1.0,0.0,0.0,0.0,8091.0,0.331085,1.0
8111.0,0.453244,0.449212,0.464212,0.464212,13.153823,1.13508,1.137108,5.0,5.0,17.511281,0.0,1.0,0.0,0.0,0.0,8101.0,0.335055,1.0
8121.0,0.453159,0.449126,0.464124,0.464124,13.152103,1.22101,1.223119,5.0,5.0,18.520252,0.0,1.0,0.0,0.0,0.0,8111.0,0.336859,1.0
8131.0,0.453076,0.449041,0.464035,0.464035,13.152878,1.179758,1.181775,5.0,5.0,18.035862,0.0,1.0,0.0,0.0,0.0,8121.0,0.331365,1.0
8141.0,0.452993,0.448956,0.463946,0.463946,13.152674,1.188678,1.190891,5.0,5.0,18.140565,0.0,1.0,0.0,0.0,0.0,8131.0,0.338117,1.0
8151.0,0.452911,0.448873,0.463861,0.463861,13.153444,1.148216,1.150274,5.0,5.0,17.665423,0.0,1.0,0.0,0.0,0.0,8141.0,0.333153,1.0
8161.0,0.452829,0.448789,0.463774,0.463774,13.152958,1.171901,1.173926,5.0,5.0,17.94352,0.0,1.0,0.0,0.0,0.0,8151.0,0.333173,1.0
8171.0,0.452744,0.448703,0.463687,0.463687,13.152578,1.189183,1.191099,5.0,5.0,18.146402,0.0,1.0,0.0,0.0,0.0,8161.0,0.332799,1.0
8181.0,0.452661,0.448618,0.463598,0.463598,13.153298,1.150853,1.152911,5.0,5.0,17.696284,0.0,1.0,0.0,0.0,0.0,8171.0,0.344473,1.0
8191.0,0.452577,0.448532,0.463509,0.463509,13.151853,1.22267,1.22449,5.0,5.0,18.5395,0.0,1.0,0.0,0.0,0.0,8181.0,0.337112,1.0
8201.0,0.452495,0.448448,0.463423,0.463423,13.152415,1.192656,1.194587,5.0,5.0,18.187078,0.0,1.0,0.0,0.0,0.0,8191.0,0.331565,1.0
8211.0,0.452411,0.448363,0.463335,0.463335,13.153249,1.148423,1.150461,5.0,5.0,17.667653,0.0,1.0,0.0,0.0,0.0,8201.0,0.34438,1.0
8221.0,0.452327,0.448277,0.463248,0.463248,13.152905,1.164122,1.166305,5.0,5.0,17.85196,0.0,1.0,0.0,0.0,0.0,8211.0,0.346601,1.0
8231.0,0.452244,0.448192,0.463159,0.463159,13.153082,1.153364,1.155403,5.0,5.0,17.7256,0.0,1.0,0.0,0.0,0.0,8220.0,0.331878,1.0
8241.0,0.452161,0.448107,0.463073,0.463073,13.152348,1.189456,1.191431,5.0,5.0,18.149376,0.0,1.0,0.0,0.0,0.0,8230.0,0.34386,1.0
8251.0,0.452078,0.448022,0.462988,0.462988,13.152667,1.171358,1.173199,5.0,5.0,17.93683,0.0,1.0,0.0,0.0,0.0,8240.0,0.336583,1.0
8261.0,0.451994,0.447937,0.462898,0.462898,13.152451,1.180656,1.182751,5.0,5.0,18.045971,0.0,1.0,0.0,0.0,0.0,8250.0,0.349772,1.0
8271.0,0.45191,0.447851,0.462806,0.462806,13.152991,1.151227,1.153388,5.0,5.0,17.700375,0.0,1.0,0.0,0.0,0.0,8260.0,0.343069,1.0
8281.0,0.451827,0.447766,0.462719,0.462719,13.152521,1.173461,1.175379,5.0,5.0,17.961412,0.0,1.0,0.0,0.0,0.0,8270.0,0.339738,1.0
8291.0,0.451743,0.447681,0.462632,0.462632,13.151478,1.224982,1.226982,5.0,5.0,18.566289,0.0,1.0,0.0,0.0,0.0,8280.0,0.329683,1.0
8301.0,0.45166,0.447596,0.462546,0.462546,13.152931,1.149265,1.151333,5.0,5.0,17.677233,0.0,1.0,0.0,0.0,0.0,8290.0,0.333406,1.0
8311.0,0.451578,0.447512,0.46246,0.46246,13.152011,1.194907,1.196789,5.0,5.0,18.213126,0.0,1.0,0.0,0.0,0.0,8300.0,0.334931,1.0
8321.0,0.451494,0.447427,0.462374,0.462374,13.152915,1.147195,1.149111,5.0,5.0,17.652863,0.0,1.0,0.0,0.0,0.0,8310.0,0.339935,1.0
8331.0,0.451412,0.447342,0.462287,0.462287,13.152829,1.150086,1.151956,5.0,5.0,17.686784,0.0,1.0,0.0,0.0,0.0,8320.0,0.334903,1.0
8341.0,0.451328,0.447257,0.462197,0.462197,13.15258,1.160889,1.162754,5.0,5.0,17.813602,0.0,1.0,0.0,0.0,0.0,8330.0,0.339226,1.0
8351.0,0.451246,0.447173,0.462111,0.462111,13.153338,1.121177,1.123195,5.0,5.0,17.347245,0.0,1.0,0.0,0.0,0.0,8340.0,0.339222,1.0
8361.0,0.451161,0.447087,0.462025,0.462025,13.151814,1.1967,1.198699,5.0,5.0,18.234002,0.0,1.0,0.0,0.0,0.0,8350.0,0.329761,1.0
8371.0,0.451079,0.447002,0.461939,0.461939,13.15157,1.207701,1.209684,5.0,5.0,18.36313,0.0,1.0,0.0,0.0,0.0,8360.0,0.338838,1.0
8381.0,0.450996,0.446918,0.461851,0.461851,13.152404,1.163603,1.165599,5.0,5.0,17.845334,0.0,1.0,0.0,0.0,0.0,8370.0,0.329207,1.0
8391.0,0.450912,0.446832,0.461759,0.461759,13.151751,1.1949,1.197017,5.0,5.0,18.212772,0.0,1.0,0.0,0.0,0.0,8380.0,0.34096,1.0
8401.0,0.450829,0.446747,0.461673,0.461673,13.152642,1.147865,1.149775,5.0,5.0,17.660461,0.0,1.0,0.0,0.0,0.0,8390.0,0.338319,1.0
8411.0,0.450744,0.446661,0.461584,0.461584,13.152135,1.171607,1.173676,5.0,5.0,17.939201,0.0,1.0,0.0,0.0,0.0,8400.0,0.341842,1.0
8421.0,0.450661,0.446576,0.461497,0.461497,13.151578,1.198363,1.200464,5.0,5.0,18.253315,0.0,1.0,0.0,0.0,0.0,8410.0,0.336688,1.0
8431.0,0.450578,0.446491,0.461413,0.461413,13.151648,1.193156,1.195003,5.0,5.0,18.192139,0.0,1.0,0.0,0.0,0.0,8420.0,0.340369,1.0
8441.0,0.450494,0.446406,0.461326,0.461326,13.151576,1.195124,1.197162,5.0,5.0,18.215218,0.0,1.0,0.0,0.0,0.0,8430.0,0.346992,1.0
8451.0,0.450411,0.446321,0.461237,0.461237,13.151992,1.172214,1.174196,5.0,5.0,17.946187,0.0,1.0,0.0,0.0,0.0,8440.0,0.347596,1.0
8461.0,0.450327,0.446235,0.461152,0.461152,13.15153,1.193936,1.195896,5.0,5.0,18.201191,0.0,1.0,0.0,0.0,0.0,8450.0,0.344756,1.0
8471.0,0.450243,0.44615,0.461064,0.461064,13.152291,1.153256,1.155403,5.0,5.0,17.723514,0.0,1.0,0.0,0.0,0.0,8460.0,0.335511,1.0
8481.0,0.45016,0.446064,0.460977,0.460977,13.151719,1.180738,1.182793,5.0,5.0,18.046161,0.0,1.0,0.0,0.0,0.0,8470.0,0.327031,1.0
8491.0,0.450077,0.44598,0.460889,0.460889,13.152292,1.150028,1.151956,5.0,5.0,17.685544,0.0,1.0,0.0,0.0,0.0,8480.0,0.33737,1.0
8501.0,0.449994,0.445895,0.460803,0.460803,13.151993,1.163779,1.165952,5.0,5.0,17.846983,0.0,1.0,0.0,0.0,0.0,8490.0,0.337704,1.0
8511.0,0.449911,0.44581,0.460717,0.460717,13.15113,1.206079,1.208085,5.0,5.0,18.343578,0.0,1.0,0.0,0.0,0.0,8500.0,0.329584,1.0
8521.0,0.449827,0.445725,0.460628,0.460628,13.151335,1.193756,1.195667,5.0,5.0,18.19887,0.0,1.0,0.0,0.0,0.0,8510.0,0.339757,1.0
8531.0,0.449743,0.445639,0.460542,0.460542,13.151768,1.169733,1.171745,5.0,5.0,17.916777,0.0,1.0,0.0,0.0,0.0,8520.0,0.336708,1.0
8541.0,0.44966,0.445554,0.460454,0.460454,13.152127,1.149921,1.151976,5.0,5.0,17.684122,0.0,1.0,0.0,0.0,0.0,8530.0,0.33314,1.0
8551.0,0.449577,0.445469,0.460369,0.460369,13.150988,1.206423,1.208459,5.0,5.0,18.347476,0.0,1.0,0.0,0.0,0.0,8540.0,0.342205,1.0
8561.0,0.449494,0.445384,0.460283,0.460283,13.151782,1.164155,1.166222,5.0,5.0,17.851182,0.0,1.0,0.0,0.0,0.0,8550.0,0.333656,1.0
8571.0,0.449411,0.445299,0.460197,0.460197,13.151869,1.158146,1.160096,5.0,5.0,17.780598,0.0,1.0,0.0,0.0,0.0,8560.0,0.334711,1.0
8581.0,0.449327,0.445214,0.460109,0.460109,13.151327,1.184011,1.186094,5.0,5.0,18.08425,0.0,1.0,0.0,0.0,0.0,8570.0,0.332846,1.0
8591.0,0.449243,0.445129,0.460023,0.460023,13.151135,1.192013,1.194027,5.0,5.0,18.178151,0.0,1.0,0.0,0.0,0.0,8580.0,0.332472,1.0
8601.0,0.44916,0.445044,0.459939,0.459939,13.151512,1.171246,1.173303,5.0,5.0,17.934304,0.0,1.0,0.0,0.0,0.0,8590.0,0.346363,1.0
8611.0,0.449077,0.444959,0.459851,0.459851,13.150882,1.201724,1.203704,5.0,5.0,18.292095,0.0,1.0,0.0,0.0,0.0,8600.0,0.344694,1.0
8621.0,0.448993,0.444873,0.459765,0.459765,13.151271,1.180006,1.181983,5.0,5.0,18.03708,0.0,1.0,0.0,0.0,0.0,8610.0,0.34363,1.0
8631.0,0.44891,0.444788,0.459679,0.459679,13.151778,1.152336,1.154344,5.0,5.0,17.712165,0.0,1.0,0.0,0.0,0.0,8620.0,0.334681,1.0
8641.0,0.448827,0.444704,0.459594,0.459594,13.150806,1.200486,1.202499,5.0,5.0,18.277449,0.0,1.0,0.0,0.0,0.0,8630.0,0.33716,1.0
8651.0,0.448744,0.444619,0.459507,0.459507,13.15065,1.207091,1.209061,5.0,5.0,18.354969,0.0,1.0,0.0,0.0,0.0,8640.0,0.336936,1.0
8661.0,0.448661,0.444534,0.45942,0.45942,13.15115,1.179889,1.181879,5.0,5.0,18.035579,0.0,1.0,0.0,0.0,0.0,8650.0,0.336997,1.0
8671.0,0.448578,0.444449,0.459332,0.459332,13.150023,1.235663,1.237489,5.0,5.0,18.690304,0.0,1.0,0.0,0.0,0.0,8660.0,0.339543,1.0
8681.0,0.448493,0.444363,0.459244,0.459244,13.149998,1.23478,1.2367,5.0,5.0,18.679894,0.0,1.0,0.0,0.0,0.0,8670.0,0.335555,1.0
8691.0,0.44841,0.444278,0.459156,0.459156,13.151379,1.162726,1.164789,5.0,5.0,17.833958,0.0,1.0,0.0,0.0,0.0,8680.0,0.335864,1.0
8701.0,0.448328,0.444194,0.459073,0.459073,13.150967,1.182327,1.184246,5.0,5.0,18.064053,0.0,1.0,0.0,0.0,0.0,8690.0,0.337427,1.0
8711.0,0.448242,0.444107,0.458985,0.458985,13.150366,1.210496,1.212404,5.0,5.0,18.394706,0.0,1.0,0.0,0.0,0.0,8700.0,0.341854,1.0
8721.0,0.448158,0.444021,0.458899,0.458899,13.151022,1.175126,1.177124,5.0,5.0,17.979422,0.0,1.0,0.0,0.0,0.0,8710.0,0.335531,1.0
8731.0,0.448074,0.443935,0.458811,0.458811,13.150656,1.191875,1.193861,5.0,5.0,18.176019,0.0,1.0,0.0,0.0,0.0,8720.0,0.339073,1.0
8741.0,0.447991,0.44385,0.458726,0.458726,13.150906,1.177469,1.179449,5.0,5.0,18.006856,0.0,1.0,0.0,0.0,0.0,8730.0,0.339807,1.0
8751.0,0.447908,0.443765,0.458641,0.458641,13.150406,1.20149,1.203517,5.0,5.0,18.288831,0.0,1.0,0.0,0.0,0.0,8740.0,0.333994,1.0
8761.0,0.447824,0.44368,0.458553,0.458553,13.151463,1.145889,1.147969,5.0,5.0,17.636012,0.0,1.0,0.0,0.0,0.0,8750.0,0.341818,1.0
8771.0,0.447742,0.443596,0.45847,0.45847,13.150174,1.210448,1.212363,5.0,5.0,18.393932,0.0,1.0,0.0,0.0,0.0,8760.0,0.343388,1.0
8781.0,0.447659,0.443512,0.458384,0.458384,13.151517,1.14031,1.142424,5.0,5.0,17.570456,0.0,1.0,0.0,0.0,0.0,8770.0,0.349452,1.0
8791.0,0.447575,0.443426,0.458296,0.458296,13.151579,1.135284,1.13742,5.0,5.0,17.511396,0.0,1.0,0.0,0.0,0.0,8780.0,0.341043,1.0
8801.0,0.447492,0.443341,0.458209,0.458209,13.15144,1.140766,1.14286,5.0,5.0,17.57574,0.0,1.0,0.0,0.0,0.0,8790.0,0.346828,1.0
8811.0,0.447408,0.443255,0.458122,0.458122,13.151116,1.155408,1.157334,5.0,5.0,17.747619,0.0,1.0,0.0,0.0,0.0,8800.0,0.334015,1.0
8821.0,0.447324,0.44317,0.458037,0.458037,13.151119,1.153343,1.155444,5.0,5.0,17.723333,0.0,1.0,0.0,0.0,0.0,8810.0,0.328932,1.0
8831.0,0.447241,0.443085,0.457953,0.457953,13.150292,1.193898,1.19602,5.0,5.0,18.199419,0.0,1.0,0.0,0.0,0.0,8820.0,0.340308,1.0
8841.0,0.447158,0.443,0.457865,0.457865,13.1503,1.191911,1.193965,5.0,5.0,18.176062,0.0,1.0,0.0,0.0,0.0,8830.0,0.334102,1.0
8851.0,0.447074,0.442914,0.457779,0.457779,13.15133,1.137467,1.139517,5.0,5.0,17.536821,0.0,1.0,0.0,0.0,0.0,8840.0,0.338027,1.0
8861.0,0.446991,0.442829,0.457696,0.457696,13.149564,1.225951,1.227958,5.0,5.0,18.57558,0.0,1.0,0.0,0.0,0.0,8850.0,0.335837,1.0
8871.0,0.446908,0.442745,0.457611,0.457611,13.151173,1.142328,1.144293,5.0,5.0,17.593833,0.0,1.0,0.0,0.0,0.0,8860.0,0.334359,1.0
8881.0,0.446824,0.442659,0.457526,0.457526,13.150085,1.19609,1.198014,5.0,5.0,18.224979,0.0,1.0,0.0,0.0,0.0,8870.0,0.341947,1.0
8891.0,0.446742,0.442575,0.45744,0.45744,13.15093,1.151713,1.153845,5.0,5.0,17.703966,0.0,1.0,0.0,0.0,0.0,8879.0,0.332362,1.0
8901.0,0.446659,0.44249,0.457353,0.457353,13.150348,1.179761,1.1819,5.0,5.0,18.033222,0.0,1.0,0.0,0.0,0.0,8889.0,0.33579,1.0
8911.0,0.446575,0.442405,0.457266,0.457266,13.150802,1.154682,1.156607,5.0,5.0,17.738755,0.0,1.0,0.0,0.0,0.0,8899.0,0.345392,1.0
8921.0,0.446492,0.44232,0.45718,0.45718,13.149642,1.212273,1.214253,5.0,5.0,18.414814,0.0,1.0,0.0,0.0,0.0,8909.0,0.34205,1.0
8931.0,0.446407,0.442233,0.457094,0.457094,13.150773,1.152248,1.154281,5.0,5.0,17.710094,0.0,1.0,0.0,0.0,0.0,8919.0,0.332265,1.0
8941.0,0.446324,0.442148,0.457009,0.457009,13.150016,1.189232,1.191182,5.0,5.0,18.144252,0.0,1.0,0.0,0.0,0.0,8929.0,0.339052,1.0
8951.0,0.446239,0.442062,0.45692,0.45692,13.149747,1.200933,1.202831,5.0,5.0,18.28157,0.0,1.0,0.0,0.0,0.0,8939.0,0.334297,1.0
8961.0,0.446156,0.441977,0.456835,0.456835,13.150743,1.148578,1.150627,5.0,5.0,17.666906,0.0,1.0,0.0,0.0,0.0,8949.0,0.335848,1.0
8971.0,0.446073,0.441892,0.456748,0.456748,13.150352,1.166849,1.168714,5.0,5.0,17.881376,0.0,1.0,0.0,0.0,0.0,8959.0,0.34302,1.0
8981.0,0.445989,0.441806,0.456659,0.456659,13.150398,1.162499,1.164436,5.0,5.0,17.83027,0.0,1.0,0.0,0.0,0.0,8969.0,0.328437,1.0
8991.0,0.445905,0.441721,0.456573,0.456573,13.150248,1.168453,1.170396,5.0,5.0,17.900132,0.0,1.0,0.0,0.0,0.0,8979.0,0.340497,1.0
9001.0,0.445822,0.441636,0.456485,0.456485,13.150267,1.165798,1.1678,5.0,5.0,17.868928,0.0,1.0,0.0,0.0,0.0,8989.0,0.336846,1.0
9011.0,0.445739,0.441551,0.456399,0.456399,13.150294,1.162964,1.16508,5.0,5.0,17.835624,0.0,1.0,0.0,0.0,0.0,8999.0,0.339692,1.0
9021.0,0.445656,0.441467,0.456314,0.456314,13.150564,1.147849,1.149796,5.0,5.0,17.65814,0.0,1.0,0.0,0.0,0.0,9009.0,0.33171,1.0
9031.0,0.445573,0.441382,0.45623,0.45623,13.15002,1.173796,1.175795,5.0,5.0,17.962731,0.0,1.0,0.0,0.0,0.0,9019.0,0.337225,1.0
9041.0,0.44549,0.441297,0.456143,0.456143,13.151045,1.12007,1.121825,5.0,5.0,17.331921,0.0,1.0,0.0,0.0,0.0,9029.0,0.344246,1.0
9051.0,0.445407,0.441212,0.456058,0.456058,13.15025,1.15904,1.161134,5.0,5.0,17.789437,0.0,1.0,0.0,0.0,0.0,9039.0,0.336845,1.0
9061.0,0.445324,0.441128,0.455974,0.455974,13.149911,1.174803,1.17675,5.0,5.0,17.974463,0.0,1.0,0.0,0.0,0.0,9049.0,0.327531,1.0
9071.0,0.445242,0.441044,0.455891,0.455891,13.150226,1.157445,1.159577,5.0,5.0,17.770655,0.0,1.0,0.0,0.0,0.0,9059.0,0.337409,1.0
9081.0,0.445159,0.440959,0.455806,0.455806,13.150428,1.14553,1.147533,5.0,5.0,17.630736,0.0,1.0,0.0,0.0,0.0,9069.0,0.338006,1.0
9091.0,0.445075,0.440874,0.455719,0.455719,13.14967,1.182407,1.184371,5.0,5.0,18.063621,0.0,1.0,0.0,0.0,0.0,9079.0,0.339488,1.0
9101.0,0.444992,0.440789,0.455636,0.455636,13.150013,1.163296,1.165204,5.0,5.0,17.839244,0.0,1.0,0.0,0.0,0.0,9089.0,0.34072,1.0
9111.0,0.444908,0.440703,0.455551,0.455551,13.149044,1.210829,1.212757,5.0,5.0,18.397196,0.0,1.0,0.0,0.0,0.0,9099.0,0.330841,1.0
9121.0,0.444824,0.440617,0.455462,0.455462,13.149619,1.179443,1.181443,5.0,5.0,18.028719,0.0,1.0,0.0,0.0,0.0,9109.0,0.337394,1.0
9131.0,0.444741,0.440532,0.455377,0.455377,13.150568,1.129296,1.131418,5.0,5.0,17.439949,0.0,1.0,0.0,0.0,0.0,9119.0,0.32899,1.0
9141.0,0.444659,0.440449,0.455297,0.455297,13.149959,1.15919,1.161051,5.0,5.0,17.790899,0.0,1.0,0.0,0.0,0.0,9129.0,0.346341,1.0
9151.0,0.444576,0.440364,0.455213,0.455213,13.14955,1.17846,1.180384,5.0,5.0,18.01708,0.0,1.0,0.0,0.0,0.0,9139.0,0.328768,1.0
9161.0,0.444492,0.440278,0.455126,0.455126,13.150068,1.150154,1.152371,5.0,5.0,17.684743,0.0,1.0,0.0,0.0,0.0,9149.0,0.338434,1.0
9171.0,0.444408,0.440193,0.455041,0.455041,13.149369,1.184085,1.186053,5.0,5.0,18.08304,0.0,1.0,0.0,0.0,0.0,9159.0,0.334123,1.0
9181.0,0.444325,0.440108,0.454955,0.454955,13.149815,1.159702,1.161778,5.0,5.0,17.796766,0.0,1.0,0.0,0.0,0.0,9169.0,0.326527,1.0
9191.0,0.444243,0.440025,0.454872,0.454872,13.150118,1.143014,1.144895,5.0,5.0,17.600828,0.0,1.0,0.0,0.0,0.0,9179.0,0.336602,1.0
9201.0,0.444159,0.439939,0.454785,0.454785,13.149131,1.191428,1.193342,5.0,5.0,18.16914,0.0,1.0,0.0,0.0,0.0,9189.0,0.339183,1.0
9211.0,0.444075,0.439853,0.454698,0.454698,13.149379,1.176709,1.178702,5.0,5.0,17.996312,0.0,1.0,0.0,0.0,0.0,9199.0,0.342861,1.0
9221.0,0.443992,0.439768,0.454612,0.454612,13.149563,1.165572,1.167488,5.0,5.0,17.865539,0.0,1.0,0.0,0.0,0.0,9209.0,0.323992,1.0
9231.0,0.443908,0.439682,0.454526,0.454526,13.149911,1.145925,1.147844,5.0,5.0,17.634841,0.0,1.0,0.0,0.0,0.0,9219.0,0.330209,1.0
9241.0,0.443824,0.439596,0.454439,0.454439,13.149488,1.165468,1.16753,5.0,5.0,17.864231,0.0,1.0,0.0,0.0,0.0,9229.0,0.34825,1.0
9251.0,0.443741,0.439512,0.454353,0.454353,13.149069,1.18555,1.187423,5.0,5.0,18.099953,0.0,1.0,0.0,0.0,0.0,9239.0,0.324935,1.0
9261.0,0.443657,0.439426,0.454266,0.454266,13.148071,1.234298,1.23643,5.0,5.0,18.672097,0.0,1.0,0.0,0.0,0.0,9249.0,0.336442,1.0
9271.0,0.443573,0.43934,0.45418,0.45418,13.149764,1.14589,1.147886,5.0,5.0,17.634281,0.0,1.0,0.0,0.0,0.0,9259.0,0.329669,1.0
9281.0,0.443489,0.439255,0.454096,0.454096,13.149125,1.176837,1.178826,5.0,5.0,17.997551,0.0,1.0,0.0,0.0,0.0,9269.0,0.331879,1.0
9291.0,0.443406,0.439169,0.454009,0.454009,13.15043,1.108446,1.110507,5.0,5.0,17.194603,0.0,1.0,0.0,0.0,0.0,9279.0,0.338828,1.0
9301.0,0.443323,0.439085,0.453924,0.453924,13.14882,1.189287,1.191307,5.0,5.0,18.143634,0.0,1.0,0.0,0.0,0.0,9289.0,0.334741,1.0
9311.0,0.44324,0.439,0.453839,0.453839,13.149099,1.173298,1.175275,5.0,5.0,17.955907,0.0,1.0,0.0,0.0,0.0,9299.0,0.33235,1.0
9321.0,0.443156,0.438914,0.453751,0.453751,13.149132,1.169755,1.171745,5.0,5.0,17.914271,0.0,1.0,0.0,0.0,0.0,9309.0,0.342077,1.0
9331.0,0.443073,0.438829,0.453666,0.453666,13.149465,1.151121,1.153243,5.0,5.0,17.695489,0.0,1.0,0.0,0.0,0.0,9319.0,0.341052,1.0
9341.0,0.442989,0.438744,0.453582,0.453582,13.149756,1.13457,1.136464,5.0,5.0,17.501153,0.0,1.0,0.0,0.0,0.0,9329.0,0.335033,1.0
9351.0,0.442906,0.438659,0.453496,0.453496,13.148964,1.173356,1.175172,5.0,5.0,17.956446,0.0,1.0,0.0,0.0,0.0,9339.0,0.335989,1.0
9361.0,0.442823,0.438575,0.453412,0.453412,13.150001,1.118917,1.120973,5.0,5.0,17.317321,0.0,1.0,0.0,0.0,0.0,9349.0,0.336008,1.0
9371.0,0.442739,0.438489,0.453328,0.453328,13.148089,1.214743,1.216827,5.0,5.0,18.442174,0.0,1.0,0.0,0.0,0.0,9359.0,0.335966,1.0
9381.0,0.442656,0.438404,0.453242,0.453242,13.148422,1.195839,1.197827,5.0,5.0,18.220249,0.0,1.0,0.0,0.0,0.0,9369.0,0.337319,1.0
9391.0,0.442572,0.438318,0.453153,0.453153,13.148417,1.194229,1.19627,5.0,5.0,18.201311,0.0,1.0,0.0,0.0,0.0,9379.0,0.346325,1.0
9401.0,0.442488,0.438233,0.453068,0.453068,13.148517,1.187411,1.1895,5.0,5.0,18.121254,0.0,1.0,0.0,0.0,0.0,9389.0,0.341919,1.0
9411.0,0.442404,0.438147,0.452983,0.452983,13.147985,1.212729,1.21473,5.0,5.0,18.418386,0.0,1.0,0.0,0.0,0.0,9399.0,0.335128,1.0
9421.0,0.442323,0.438064,0.4529,0.4529,13.149455,1.136628,1.138666,5.0,5.0,17.52505,0.0,1.0,0.0,0.0,0.0,9409.0,0.337781,1.0
9431.0,0.442239,0.437979,0.452814,0.452814,13.148328,1.192398,1.194546,5.0,5.0,18.179688,0.0,1.0,0.0,0.0,0.0,9419.0,0.338928,1.0
9441.0,0.442156,0.437894,0.452732,0.452732,13.149218,1.145489,1.147512,5.0,5.0,17.629005,0.0,1.0,0.0,0.0,0.0,9429.0,0.337362,1.0
9451.0,0.442073,0.437809,0.452647,0.452647,13.148728,1.168813,1.170832,5.0,5.0,17.902781,0.0,1.0,0.0,0.0,0.0,9439.0,0.337289,1.0
9461.0,0.441991,0.437725,0.452563,0.452563,13.14853,1.177602,1.179553,5.0,5.0,18.00592,0.0,1.0,0.0,0.0,0.0,9449.0,0.350887,1.0
9471.0,0.441908,0.43764,0.452477,0.452477,13.148724,1.166158,1.168132,5.0,5.0,17.871557,0.0,1.0,0.0,0.0,0.0,9459.0,0.330842,1.0
9481.0,0.441825,0.437556,0.452391,0.452391,13.149067,1.147222,1.149298,5.0,5.0,17.649233,0.0,1.0,0.0,0.0,0.0,9469.0,0.340568,1.0
9491.0,0.441741,0.43747,0.452303,0.452303,13.14836,1.181142,1.183146,5.0,5.0,18.047369,0.0,1.0,0.0,0.0,0.0,9479.0,0.33382,1.0
9501.0,0.441657,0.437384,0.452216,0.452216,13.148063,1.194424,1.196332,5.0,5.0,18.203227,0.0,1.0,0.0,0.0,0.0,9489.0,0.3271,1.0
9511.0,0.441573,0.437298,0.45213,0.45213,13.147874,1.202047,1.20387,5.0,5.0,18.292666,0.0,1.0,0.0,0.0,0.0,9499.0,0.34034,1.0
9521.0,0.44149,0.437213,0.452044,0.452044,13.148557,1.165556,1.167675,5.0,5.0,17.864296,0.0,1.0,0.0,0.0,0.0,9509.0,0.332456,1.0
9531.0,0.441407,0.437129,0.451958,0.451958,13.147631,1.21118,1.213027,5.0,5.0,18.399787,0.0,1.0,0.0,0.0,0.0,9519.0,0.336783,1.0
9541.0,0.441323,0.437044,0.451873,0.451873,13.148666,1.156699,1.158663,5.0,5.0,17.76026,0.0,1.0,0.0,0.0,0.0,9529.0,0.342644,1.0
9551.0,0.44124,0.436959,0.451788,0.451788,13.148285,1.174424,1.176376,5.0,5.0,17.968294,0.0,1.0,0.0,0.0,0.0,9539.0,0.327833,1.0
9561.0,0.441156,0.436873,0.451702,0.451702,13.148001,1.186897,1.188898,5.0,5.0,18.114658,0.0,1.0,0.0,0.0,0.0,9549.0,0.341744,1.0
9571.0,0.441073,0.436788,0.451615,0.451615,13.148407,1.164682,1.166658,5.0,5.0,17.85387,0.0,1.0,0.0,0.0,0.0,9558.0,0.335994,1.0
9581.0,0.440989,0.436703,0.451528,0.451528,13.148522,1.156983,1.159078,5.0,5.0,17.763457,0.0,1.0,0.0,0.0,0.0,9568.0,0.341424,1.0
9591.0,0.440906,0.436618,0.451444,0.451444,13.148379,1.16268,1.164706,5.0,5.0,17.830295,0.0,1.0,0.0,0.0,0.0,9578.0,0.339635,1.0
9601.0,0.440822,0.436532,0.451357,0.451357,13.149078,1.125101,1.127016,5.0,5.0,17.389119,0.0,1.0,0.0,0.0,0.0,9588.0,0.342816,1.0
9611.0,0.440738,0.436446,0.451271,0.451271,13.14837,1.159274,1.161113,5.0,5.0,17.790236,0.0,1.0,0.0,0.0,0.0,9598.0,0.339782,1.0
9621.0,0.440656,0.436363,0.451192,0.451192,13.147086,1.223638,1.225549,5.0,5.0,18.545671,0.0,1.0,0.0,0.0,0.0,9608.0,0.343858,1.0
9631.0,0.440572,0.436277,0.451105,0.451105,13.147544,1.198265,1.200236,5.0,5.0,18.247843,0.0,1.0,0.0,0.0,0.0,9618.0,0.340319,1.0
9641.0,0.440489,0.436192,0.451021,0.451021,13.1483,1.158062,1.160013,5.0,5.0,17.775917,0.0,1.0,0.0,0.0,0.0,9628.0,0.342391,1.0
9651.0,0.440405,0.436107,0.450936,0.450936,13.148504,1.145935,1.147989,5.0,5.0,17.633528,0.0,1.0,0.0,0.0,0.0,9638.0,0.334076,1.0
9661.0,0.440322,0.436022,0.450848,0.450848,13.148787,1.129869,1.131979,5.0,5.0,17.444885,0.0,1.0,0.0,0.0,0.0,9648.0,0.340429,1.0
9671.0,0.44024,0.435937,0.450763,0.450763,13.148052,1.165977,1.168028,5.0,5.0,17.868718,0.0,1.0,0.0,0.0,0.0,9657.0,0.334729,1.0
9681.0,0.440156,0.435852,0.450679,0.450679,13.148471,1.142984,1.145082,5.0,5.0,17.598792,0.0,1.0,0.0,0.0,0.0,9667.0,0.333731,1.0
9691.0,0.440073,0.435767,0.450593,0.450593,13.147571,1.187204,1.189168,5.0,5.0,18.117814,0.0,1.0,0.0,0.0,0.0,9677.0,0.335485,1.0
9701.0,0.439989,0.435682,0.450505,0.450505,13.146575,1.236029,1.237905,5.0,5.0,18.690802,0.0,1.0,0.0,0.0,0.0,9687.0,0.338521,1.0
9711.0,0.439905,0.435596,0.450419,0.450419,13.147319,1.196268,1.198284,5.0,5.0,18.224122,0.0,1.0,0.0,0.0,0.0,9697.0,0.334284,1.0
9721.0,0.439823,0.435512,0.450332,0.450332,13.147914,1.164409,1.166325,5.0,5.0,17.850148,0.0,1.0,0.0,0.0,0.0,9707.0,0.337956,1.0
9731.0,0.439739,0.435426,0.450248,0.450248,13.148137,1.151164,1.153139,5.0,5.0,17.694633,0.0,1.0,0.0,0.0,0.0,9717.0,0.340523,1.0
9741.0,0.439653,0.435339,0.450164,0.450164,13.147163,1.198418,1.20036,5.0,5.0,18.249231,0.0,1.0,0.0,0.0,0.0,9727.0,0.338114,1.0
9751.0,0.43957,0.435254,0.450079,0.450079,13.147587,1.175186,1.177124,5.0,5.0,17.976515,0.0,1.0,0.0,0.0,0.0,9737.0,0.335489,1.0
9761.0,0.439487,0.435169,0.449991,0.449991,13.147641,1.170687,1.17268,5.0,5.0,17.923672,0.0,1.0,0.0,0.0,0.0,9747.0,0.334597,1.0
9771.0,0.439403,0.435084,0.449907,0.449907,13.148132,1.14388,1.145892,5.0,5.0,17.608973,0.0,1.0,0.0,0.0,0.0,9757.0,0.344109,1.0
9781.0,0.43932,0.434999,0.449823,0.449823,13.148135,1.14217,1.144376,5.0,5.0,17.588877,0.0,1.0,0.0,0.0,0.0,9767.0,0.336429,1.0
9791.0,0.439237,0.434914,0.449738,0.449738,13.146786,1.209357,1.211242,5.0,5.0,18.377436,0.0,1.0,0.0,0.0,0.0,9777.0,0.328898,1.0
9801.0,0.439154,0.434829,0.449653,0.449653,13.147549,1.168875,1.17106,5.0,5.0,17.902274,0.0,1.0,0.0,0.0,0.0,9787.0,0.334358,1.0
9811.0,0.439071,0.434744,0.449574,0.449574,13.147688,1.160207,1.162193,5.0,5.0,17.800494,0.0,1.0,0.0,0.0,0.0,9797.0,0.339867,1.0
9821.0,0.438987,0.434659,0.44949,0.44949,13.147509,1.16756,1.169606,5.0,5.0,17.886769,0.0,1.0,0.0,0.0,0.0,9807.0,0.332994,1.0
9831.0,0.438905,0.434575,0.449405,0.449405,13.148061,1.137996,1.140078,5.0,5.0,17.539713,0.0,1.0,0.0,0.0,0.0,9817.0,0.336627,1.0
9841.0,0.438821,0.434489,0.449319,0.449319,13.147603,1.159646,1.161508,5.0,5.0,17.793814,0.0,1.0,0.0,0.0,0.0,9827.0,0.331163,1.0
9851.0,0.438738,0.434405,0.449234,0.449234,13.147202,1.178669,1.180716,5.0,5.0,18.017063,0.0,1.0,0.0,0.0,0.0,9837.0,0.335455,1.0
9861.0,0.438654,0.434319,0.449148,0.449148,13.146714,1.201504,1.203454,5.0,5.0,18.285033,0.0,1.0,0.0,0.0,0.0,9847.0,0.342143,1.0
9871.0,0.43857,0.434233,0.449062,0.449062,13.147342,1.167671,1.169669,5.0,5.0,17.887899,0.0,1.0,0.0,0.0,0.0,9857.0,0.331735,1.0
9881.0,0.438488,0.434149,0.44898,0.44898,13.147171,1.175098,1.17702,5.0,5.0,17.975045,0.0,1.0,0.0,0.0,0.0,9867.0,0.340819,1.0
9891.0,0.438404,0.434064,0.448896,0.448896,13.146738,1.19536,1.197287,5.0,5.0,18.212822,0.0,1.0,0.0,0.0,0.0,9877.0,0.34037,1.0
9901.0,0.43832,0.433978,0.448812,0.448812,13.146876,1.186311,1.188399,5.0,5.0,18.106569,0.0,1.0,0.0,0.0,0.0,9887.0,0.339555,1.0
9911.0,0.438236,0.433892,0.448725,0.448725,13.146229,1.217315,1.219153,5.0,5.0,18.470396,0.0,1.0,0.0,0.0,0.0,9897.0,0.331136,1.0
9921.0,0.438152,0.433806,0.448639,0.448639,13.147547,1.14819,1.150398,5.0,5.0,17.659052,0.0,1.0,0.0,0.0,0.0,9907.0,0.349938,1.0
9931.0,0.438069,0.433722,0.448555,0.448555,13.147583,1.144774,1.146847,5.0,5.0,17.618925,0.0,1.0,0.0,0.0,0.0,9917.0,0.341912,1.0
9941.0,0.437985,0.433635,0.448468,0.448468,13.146941,1.175485,1.177497,5.0,5.0,17.979352,0.0,1.0,0.0,0.0,0.0,9927.0,0.334097,1.0
9951.0,0.4379,0.433549,0.44838,0.44838,13.146969,1.171988,1.174092,5.0,5.0,17.938262,0.0,1.0,0.0,0.0,0.0,9937.0,0.344002,1.0
9961.0,0.437817,0.433464,0.448298,0.448298,13.145867,1.226666,1.228747,5.0,5.0,18.579933,0.0,1.0,0.0,0.0,0.0,9947.0,0.337743,1.0
9971.0,0.437733,0.433379,0.448213,0.448213,13.146546,1.190256,1.192179,5.0,5.0,18.152611,0.0,1.0,0.0,0.0,0.0,9957.0,0.338129,1.0
9981.0,0.437649,0.433293,0.448129,0.448129,13.145781,1.2274,1.229453,5.0,5.0,18.588468,0.0,1.0,0.0,0.0,0.0,9967.0,0.340279,1.0
9991.0,0.437565,0.433207,0.448044,0.448044,13.146709,1.178203,1.180218,5.0,5.0,18.011071,0.0,1.0,0.0,0.0,0.0,9977.0,0.337041,1.0
10001.0,0.437481,0.433121,0.447957,0.447957,13.146061,1.209338,1.211553,5.0,5.0,18.376428,0.0,1.0,0.0,0.0,0.0,9987.0,0.33748,1.0
10011.0,0.437397,0.433036,0.447872,0.447872,13.147037,1.157655,1.159473,5.0,5.0,17.769815,0.0,1.0,0.0,0.0,0.0,9997.0,0.32448,1.0
10021.0,0.437313,0.43295,0.447788,0.447788,13.145913,1.213301,1.215166,5.0,5.0,18.422856,0.0,1.0,0.0,0.0,0.0,10007.0,0.342188,1.0
10031.0,0.43723,0.432865,0.447703,0.447703,13.146943,1.159061,1.161113,5.0,5.0,17.786257,0.0,1.0,0.0,0.0,0.0,10017.0,0.333686,1.0
10041.0,0.437148,0.432781,0.447622,0.447622,13.145711,1.220809,1.222683,5.0,5.0,18.510908,0.0,1.0,0.0,0.0,0.0,10027.0,0.340067,1.0
10051.0,0.437064,0.432695,0.447536,0.447536,13.146527,1.17724,1.179283,5.0,5.0,17.999549,0.0,1.0,0.0,0.0,0.0,10037.0,0.340149,1.0
10061.0,0.436981,0.432611,0.447454,0.447454,13.147154,1.143925,1.146017,5.0,5.0,17.608508,0.0,1.0,0.0,0.0,0.0,10047.0,0.340982,1.0
10071.0,0.436899,0.432527,0.447369,0.447369,13.146954,1.152927,1.154967,5.0,5.0,17.714136,0.0,1.0,0.0,0.0,0.0,10057.0,0.338522,1.0
10081.0,0.436814,0.432441,0.447283,0.447283,13.145937,1.202717,1.204742,5.0,5.0,18.298461,0.0,1.0,0.0,0.0,0.0,10067.0,0.333433,1.0
10091.0,0.436731,0.432356,0.447199,0.447199,13.146615,1.166407,1.168464,5.0,5.0,17.872279,0.0,1.0,0.0,0.0,0.0,10077.0,0.346278,1.0
10101.0,0.436648,0.432271,0.447116,0.447116,13.146786,1.156304,1.158331,5.0,5.0,17.753668,0.0,1.0,0.0,0.0,0.0,10087.0,0.334305,1.0
10111.0,0.436566,0.432187,0.447035,0.447035,13.147021,1.142894,1.144895,5.0,5.0,17.596248,0.0,1.0,0.0,0.0,0.0,10097.0,0.339801,1.0
10121.0,0.436483,0.432102,0.446952,0.446952,13.146477,1.169116,1.171143,5.0,5.0,17.903991,0.0,1.0,0.0,0.0,0.0,10107.0,0.348369,1.0
10131.0,0.436399,0.432017,0.446869,0.446869,13.14607,1.188033,1.189894,5.0,5.0,18.12596,0.0,1.0,0.0,0.0,0.0,10117.0,0.332029,1.0
10141.0,0.436316,0.431932,0.446786,0.446786,13.146068,1.186519,1.188669,5.0,5.0,18.108162,0.0,1.0,0.0,0.0,0.0,10127.0,0.332021,1.0
10151.0,0.436232,0.431847,0.446701,0.446701,13.147411,1.116318,1.118336,5.0,5.0,17.284163,0.0,1.0,0.0,0.0,0.0,10137.0,0.335567,1.0
10161.0,0.436149,0.431762,0.446615,0.446615,13.145986,1.187472,1.189645,5.0,5.0,18.119284,0.0,1.0,0.0,0.0,0.0,10147.0,0.341338,1.0
10171.0,0.436066,0.431677,0.446531,0.446531,13.146099,1.17999,1.182045,5.0,5.0,18.031438,0.0,1.0,0.0,0.0,0.0,10157.0,0.338136,1.0
10181.0,0.435982,0.431591,0.446445,0.446445,13.145594,1.203774,1.205863,5.0,5.0,18.31051,0.0,1.0,0.0,0.0,0.0,10167.0,0.334181,1.0
10191.0,0.435898,0.431505,0.446362,0.446362,13.144912,1.236723,1.238611,5.0,5.0,18.697114,0.0,1.0,0.0,0.0,0.0,10177.0,0.340175,1.0
10201.0,0.435814,0.43142,0.446279,0.446279,13.14659,1.149224,1.151187,5.0,5.0,17.670233,0.0,1.0,0.0,0.0,0.0,10187.0,0.331806,1.0
10211.0,0.43573,0.431334,0.446195,0.446195,13.146444,1.154922,1.157043,5.0,5.0,17.737076,0.0,1.0,0.0,0.0,0.0,10197.0,0.330634,1.0
10221.0,0.435647,0.43125,0.446113,0.446113,13.146023,1.174928,1.176937,5.0,5.0,17.971839,0.0,1.0,0.0,0.0,0.0,10207.0,0.345177,1.0
10231.0,0.435565,0.431165,0.446028,0.446028,13.144764,1.23784,1.239815,5.0,5.0,18.710091,0.0,1.0,0.0,0.0,0.0,10217.0,0.329795,1.0
10241.0,0.435481,0.43108,0.445942,0.445942,13.145241,1.211757,1.213962,5.0,5.0,18.403976,0.0,1.0,0.0,0.0,0.0,10227.0,0.335303,1.0
10251.0,0.435397,0.430994,0.445853,0.445853,13.1464,1.150462,1.152392,5.0,5.0,17.684595,0.0,1.0,0.0,0.0,0.0,10237.0,0.331489,1.0
10261.0,0.435313,0.430908,0.445768,0.445768,13.147294,1.102958,1.104901,5.0,5.0,17.126961,0.0,1.0,0.0,0.0,0.0,10247.0,0.338801,1.0
10271.0,0.43523,0.430823,0.445685,0.445685,13.145413,1.197287,1.199364,5.0,5.0,18.234056,0.0,1.0,0.0,0.0,0.0,10257.0,0.340389,1.0
10281.0,0.435145,0.430737,0.445598,0.445598,13.145741,1.178538,1.180488,5.0,5.0,18.013986,0.0,1.0,0.0,0.0,0.0,10267.0,0.33925,1.0
10291.0,0.435061,0.430651,0.445512,0.445512,13.146417,1.142208,1.143961,5.0,5.0,17.587571,0.0,1.0,0.0,0.0,0.0,10277.0,0.333542,1.0
10301.0,0.434978,0.430566,0.445427,0.445427,13.145857,1.169181,1.171288,5.0,5.0,17.904106,0.0,1.0,0.0,0.0,0.0,10287.0,0.340806,1.0
10311.0,0.434894,0.430481,0.44534,0.44534,13.145887,1.165773,1.167696,5.0,5.0,17.864073,0.0,1.0,0.0,0.0,0.0,10297.0,0.344668,1.0
10321.0,0.43481,0.430395,0.445256,0.445256,13.145451,1.186202,1.188171,5.0,5.0,18.103783,0.0,1.0,0.0,0.0,0.0,10307.0,0.341434,1.0
10331.0,0.434726,0.430309,0.445169,0.445169,13.145495,1.181931,1.183872,5.0,5.0,18.053618,0.0,1.0,0.0,0.0,0.0,10317.0,0.34045,1.0
10341.0,0.434642,0.430223,0.445084,0.445084,13.14511,1.199641,1.201855,5.0,5.0,18.261411,0.0,1.0,0.0,0.0,0.0,10327.0,0.331579,1.0
10351.0,0.434558,0.430137,0.444998,0.444998,13.144782,1.214643,1.216744,5.0,5.0,18.437405,0.0,1.0,0.0,0.0,0.0,10337.0,0.342261,1.0
10361.0,0.434473,0.430051,0.444913,0.444913,13.144232,1.240661,1.242785,5.0,5.0,18.742659,0.0,1.0,0.0,0.0,0.0,10347.0,0.344071,1.0
10371.0,0.434389,0.429965,0.444826,0.444826,13.144979,1.200541,1.202499,5.0,5.0,18.271839,0.0,1.0,0.0,0.0,0.0,10357.0,0.337142,1.0
10381.0,0.434306,0.42988,0.444745,0.444745,13.145046,1.195711,1.197827,5.0,5.0,18.215137,0.0,1.0,0.0,0.0,0.0,10367.0,0.333057,1.0
10391.0,0.434223,0.429796,0.444659,0.444659,13.145983,1.146622,1.148592,5.0,5.0,17.639014,0.0,1.0,0.0,0.0,0.0,10377.0,0.340039,1.0
10401.0,0.434141,0.429712,0.444578,0.444578,13.146119,1.138604,1.140535,5.0,5.0,17.544885,0.0,1.0,0.0,0.0,0.0,10387.0,0.331713,1.0
10411.0,0.434057,0.429626,0.444492,0.444492,13.144972,1.195108,1.197142,5.0,5.0,18.207975,0.0,1.0,0.0,0.0,0.0,10397.0,0.334959,1.0
10421.0,0.433973,0.429541,0.444407,0.444407,13.144822,1.201006,1.203247,5.0,5.0,18.277146,0.0,1.0,0.0,0.0,0.0,10407.0,0.328605,1.0
10431.0,0.433888,0.429454,0.44432,0.44432,13.143177,1.282765,1.284856,5.0,5.0,19.236386,0.0,1.0,0.0,0.0,0.0,10417.0,0.343009,1.0
10441.0,0.433806,0.429369,0.444234,0.444234,13.145827,1.146169,1.148218,5.0,5.0,17.633525,0.0,1.0,0.0,0.0,0.0,10427.0,0.333491,1.0
10451.0,0.433721,0.429283,0.44415,0.44415,13.144053,1.234579,1.236638,5.0,5.0,18.670962,0.0,1.0,0.0,0.0,0.0,10437.0,0.340523,1.0
10461.0,0.433637,0.429197,0.444065,0.444065,13.144869,1.191198,1.193196,5.0,5.0,18.161895,0.0,1.0,0.0,0.0,0.0,10447.0,0.33894,1.0
10471.0,0.433554,0.429112,0.443979,0.443979,13.144768,1.194679,1.196726,5.0,5.0,18.202704,0.0,1.0,0.0,0.0,0.0,10457.0,0.336967,1.0
10481.0,0.43347,0.429027,0.443898,0.443898,13.144677,1.197679,1.19953,5.0,5.0,18.237872,0.0,1.0,0.0,0.0,0.0,10467.0,0.33378,1.0
10491.0,0.433387,0.428942,0.443811,0.443811,13.145468,1.155843,1.157915,5.0,5.0,17.74689,0.0,1.0,0.0,0.0,0.0,10477.0,0.336742,1.0
10501.0,0.433304,0.428857,0.44373,0.44373,13.144717,1.192481,1.194587,5.0,5.0,18.176813,0.0,1.0,0.0,0.0,0.0,10487.0,0.332475,1.0
10511.0,0.433221,0.428773,0.443645,0.443645,13.145056,1.173912,1.175961,5.0,5.0,17.958882,0.0,1.0,0.0,0.0,0.0,10497.0,0.332513,1.0
10521.0,0.433138,0.428688,0.443561,0.443561,13.145435,1.153179,1.15534,5.0,5.0,17.71554,0.0,1.0,0.0,0.0,0.0,10507.0,0.339876,1.0
10531.0,0.433054,0.428602,0.443478,0.443478,13.144256,1.211304,1.213339,5.0,5.0,18.397584,0.0,1.0,0.0,0.0,0.0,10517.0,0.338334,1.0
10541.0,0.43297,0.428516,0.443393,0.443393,13.144658,1.188834,1.190891,5.0,5.0,18.133877,0.0,1.0,0.0,0.0,0.0,10527.0,0.327764,1.0
10551.0,0.432886,0.428431,0.443308,0.443308,13.14384,1.228963,1.230907,5.0,5.0,18.60471,0.0,1.0,0.0,0.0,0.0,10537.0,0.331096,1.0
10561.0,0.432803,0.428346,0.443223,0.443223,13.144725,1.182068,1.183914,5.0,5.0,18.054416,0.0,1.0,0.0,0.0,0.0,10547.0,0.330491,1.0
10571.0,0.432719,0.428261,0.44314,0.44314,13.145116,1.160506,1.162629,5.0,5.0,17.801345,0.0,1.0,0.0,0.0,0.0,10557.0,0.33067,1.0
10581.0,0.432635,0.428175,0.443054,0.443054,13.143872,1.222171,1.22422,5.0,5.0,18.524912,0.0,1.0,0.0,0.0,0.0,10567.0,0.336052,1.0
10591.0,0.432552,0.42809,0.44297,0.44297,13.145045,1.160799,1.162816,5.0,5.0,17.80471,0.0,1.0,0.0,0.0,0.0,10577.0,0.340995,1.0
10601.0,0.432469,0.428005,0.442886,0.442886,13.144181,1.203139,1.205178,5.0,5.0,18.301527,0.0,1.0,0.0,0.0,0.0,10587.0,0.3422,1.0
10611.0,0.432386,0.42792,0.4428,0.4428,13.145039,1.157826,1.15995,5.0,5.0,17.769758,0.0,1.0,0.0,0.0,0.0,10597.0,0.337863,1.0
10621.0,0.432301,0.427833,0.442714,0.442714,13.143886,1.214497,1.216391,5.0,5.0,18.434723,0.0,1.0,0.0,0.0,0.0,10607.0,0.341518,1.0
10631.0,0.432217,0.427748,0.442629,0.442629,13.144365,1.188323,1.190247,5.0,5.0,18.127563,0.0,1.0,0.0,0.0,0.0,10617.0,0.341336,1.0
10641.0,0.432134,0.427663,0.442546,0.442546,13.144283,1.19103,1.193092,5.0,5.0,18.159293,0.0,1.0,0.0,0.0,0.0,10627.0,0.337354,1.0
10651.0,0.43205,0.427578,0.442461,0.442461,13.143936,1.206984,1.208853,5.0,5.0,18.346459,0.0,1.0,0.0,0.0,0.0,10637.0,0.336177,1.0
10661.0,0.431967,0.427492,0.442376,0.442376,13.145113,1.145132,1.147076,5.0,5.0,17.620612,0.0,1.0,0.0,0.0,0.0,10647.0,0.336054,1.0
10671.0,0.431883,0.427407,0.442293,0.442293,13.144696,1.16479,1.166845,5.0,5.0,17.851275,0.0,1.0,0.0,0.0,0.0,10657.0,0.340718,1.0
10681.0,0.4318,0.427322,0.44221,0.44221,13.145076,1.143677,1.145684,5.0,5.0,17.603461,0.0,1.0,0.0,0.0,0.0,10667.0,0.338748,1.0
10691.0,0.431717,0.427237,0.442125,0.442125,13.143786,1.20799,1.209975,5.0,5.0,18.358124,0.0,1.0,0.0,0.0,0.0,10677.0,0.33596,1.0
10701.0,0.431633,0.427151,0.44204,0.44204,13.144389,1.175404,1.17756,5.0,5.0,17.975722,0.0,1.0,0.0,0.0,0.0,10687.0,0.329081,1.0
10711.0,0.431549,0.427065,0.441953,0.441953,13.144261,1.180058,1.18219,5.0,5.0,18.030299,0.0,1.0,0.0,0.0,0.0,10697.0,0.348097,1.0
10721.0,0.431465,0.42698,0.441867,0.441867,13.143844,1.199709,1.201876,5.0,5.0,18.260845,0.0,1.0,0.0,0.0,0.0,10707.0,0.33321,1.0
10731.0,0.431382,0.426895,0.441783,0.441783,13.14412,1.183926,1.185991,5.0,5.0,18.07561,0.0,1.0,0.0,0.0,0.0,10717.0,0.340593,1.0
10741.0,0.431298,0.426809,0.441697,0.441697,13.144099,1.183137,1.185035,5.0,5.0,18.066319,0.0,1.0,0.0,0.0,0.0,10727.0,0.339701,1.0
10751.0,0.431214,0.426724,0.441612,0.441612,13.143774,1.198139,1.20009,5.0,5.0,18.242317,0.0,1.0,0.0,0.0,0.0,10737.0,0.330792,1.0
10761.0,0.43113,0.426638,0.441527,0.441527,13.143088,1.231278,1.233274,5.0,5.0,18.631103,0.0,1.0,0.0,0.0,0.0,10747.0,0.336243,1.0
10771.0,0.431047,0.426553,0.441442,0.441442,13.144816,1.141509,1.143463,5.0,5.0,17.577713,0.0,1.0,0.0,0.0,0.0,10757.0,0.338143,1.0
10781.0,0.430964,0.426468,0.441356,0.441356,13.144002,1.181409,1.183291,5.0,5.0,18.045907,0.0,1.0,0.0,0.0,0.0,10767.0,0.332992,1.0
10791.0,0.430881,0.426384,0.441274,0.441274,13.144179,1.17117,1.173137,5.0,5.0,17.925724,0.0,1.0,0.0,0.0,0.0,10777.0,0.330065,1.0
10801.0,0.430799,0.4263,0.441191,0.441191,13.143896,1.184302,1.186219,5.0,5.0,18.079793,0.0,1.0,0.0,0.0,0.0,10787.0,0.337498,1.0
10811.0,0.430715,0.426214,0.441106,0.441106,13.14392,1.181214,1.183312,5.0,5.0,18.043527,0.0,1.0,0.0,0.0,0.0,10797.0,0.338693,1.0
10821.0,0.430632,0.426129,0.441023,0.441023,13.143503,1.200868,1.202873,5.0,5.0,18.274103,0.0,1.0,0.0,0.0,0.0,10807.0,0.330572,1.0
10831.0,0.430549,0.426045,0.440937,0.440937,13.144009,1.17351,1.175504,5.0,5.0,17.953052,0.0,1.0,0.0,0.0,0.0,10817.0,0.334129,1.0
10841.0,0.430466,0.42596,0.440852,0.440852,13.144348,1.15473,1.156794,5.0,5.0,17.732651,0.0,1.0,0.0,0.0,0.0,10827.0,0.342233,1.0
10851.0,0.430382,0.425875,0.440766,0.440766,13.144187,1.161172,1.163314,5.0,5.0,17.808204,0.0,1.0,0.0,0.0,0.0,10837.0,0.326093,1.0
10861.0,0.430299,0.425789,0.440681,0.440681,13.144872,1.124481,1.126497,5.0,5.0,17.377595,0.0,1.0,0.0,0.0,0.0,10847.0,0.338537,1.0
10871.0,0.430215,0.425704,0.440596,0.440596,13.143571,1.188938,1.190704,5.0,5.0,18.133944,0.0,1.0,0.0,0.0,0.0,10857.0,0.33327,1.0
10881.0,0.430131,0.425619,0.44051,0.44051,13.144027,1.164092,1.166118,5.0,5.0,17.842367,0.0,1.0,0.0,0.0,0.0,10867.0,0.331853,1.0
10891.0,0.430049,0.425534,0.440427,0.440427,13.143806,1.173904,1.175795,5.0,5.0,17.957475,0.0,1.0,0.0,0.0,0.0,10877.0,0.342932,1.0
10901.0,0.429965,0.425448,0.440345,0.440345,13.143674,1.178727,1.180882,5.0,5.0,18.014031,0.0,1.0,0.0,0.0,0.0,10887.0,0.331579,1.0
10911.0,0.429881,0.425363,0.440262,0.440262,13.143652,1.178091,1.180259,5.0,5.0,18.00653,0.0,1.0,0.0,0.0,0.0,10897.0,0.342506,1.0
10921.0,0.429798,0.425278,0.440178,0.440178,13.143114,1.203988,1.206029,5.0,5.0,18.310359,0.0,1.0,0.0,0.0,0.0,10907.0,0.3451,1.0
10931.0,0.429714,0.425193,0.440094,0.440094,13.1444,1.136557,1.138437,5.0,5.0,17.519071,0.0,1.0,0.0,0.0,0.0,10917.0,0.340972,1.0
10941.0,0.42963,0.425107,0.440011,0.440011,13.143995,1.155292,1.157251,5.0,5.0,17.738888,0.0,1.0,0.0,0.0,0.0,10927.0,0.324199,1.0
10951.0,0.429547,0.425022,0.439928,0.439928,13.142891,1.210012,1.212134,5.0,5.0,18.380929,0.0,1.0,0.0,0.0,0.0,10937.0,0.336768,1.0
10961.0,0.429462,0.424936,0.43984,0.43984,13.142604,1.222611,1.224511,5.0,5.0,18.528699,0.0,1.0,0.0,0.0,0.0,10947.0,0.335201,1.0
10971.0,0.429379,0.424851,0.439756,0.439756,13.142404,1.231169,1.233128,5.0,5.0,18.62906,0.0,1.0,0.0,0.0,0.0,10957.0,0.327789,1.0
10981.0,0.429295,0.424765,0.439668,0.439668,13.143429,1.176908,1.178993,5.0,5.0,17.992392,0.0,1.0,0.0,0.0,0.0,10967.0,0.332215,1.0
10991.0,0.429212,0.42468,0.439585,0.439585,13.141814,1.25783,1.259937,5.0,5.0,18.941755,0.0,1.0,0.0,0.0,0.0,10977.0,0.327559,1.0
11001.0,0.429128,0.424595,0.4395,0.4395,13.143242,1.183193,1.185222,5.0,5.0,18.066063,0.0,1.0,0.0,0.0,0.0,10987.0,0.331951,1.0
11011.0,0.429045,0.424509,0.439416,0.439416,13.142744,1.206857,1.208874,5.0,5.0,18.343683,0.0,1.0,0.0,0.0,0.0,10997.0,0.327853,1.0
11021.0,0.428962,0.424425,0.439333,0.439333,13.144123,1.135169,1.137212,5.0,5.0,17.502482,0.0,1.0,0.0,0.0,0.0,11007.0,0.335542,1.0
11031.0,0.428879,0.42434,0.439252,0.439252,13.143124,1.184692,1.1868,5.0,5.0,18.083562,0.0,1.0,0.0,0.0,0.0,11017.0,0.333443,1.0
11041.0,0.428796,0.424255,0.439168,0.439168,13.143569,1.160393,1.162463,5.0,5.0,17.798408,0.0,1.0,0.0,0.0,0.0,11027.0,0.333035,1.0
11051.0,0.428712,0.424169,0.439082,0.439082,13.142819,1.196603,1.198678,5.0,5.0,18.223239,0.0,1.0,0.0,0.0,0.0,11037.0,0.339558,1.0
11061.0,0.428628,0.424084,0.438999,0.438999,13.14417,1.125808,1.127847,5.0,5.0,17.392481,0.0,1.0,0.0,0.0,0.0,11047.0,0.339325,1.0
11071.0,0.428544,0.423999,0.438916,0.438916,13.144469,1.108847,1.110757,5.0,5.0,17.193404,0.0,1.0,0.0,0.0,0.0,11057.0,0.339672,1.0
11081.0,0.42846,0.423913,0.43883,0.43883,13.142207,1.222457,1.224448,5.0,5.0,18.526458,0.0,1.0,0.0,0.0,0.0,11067.0,0.3276,1.0
11091.0,0.428377,0.423828,0.438744,0.438744,13.143648,1.147179,1.149298,5.0,5.0,17.643171,0.0,1.0,0.0,0.0,0.0,11077.0,0.332968,1.0
11101.0,0.428294,0.423743,0.438661,0.438661,13.143669,1.14458,1.146619,5.0,5.0,17.612641,0.0,1.0,0.0,0.0,0.0,11087.0,0.327757,1.0
11111.0,0.428211,0.423658,0.438578,0.438578,13.143289,1.16254,1.164602,5.0,5.0,17.823352,0.0,1.0,0.0,0.0,0.0,11097.0,0.342925,1.0
11121.0,0.428128,0.423574,0.438491,0.438491,13.143245,1.163272,1.165246,5.0,5.0,17.83191,0.0,1.0,0.0,0.0,0.0,11107.0,0.335096,1.0
11131.0,0.428044,0.423487,0.438403,0.438403,13.142998,1.17384,1.175878,5.0,5.0,17.955869,0.0,1.0,0.0,0.0,0.0,11117.0,0.34463,1.0
11141.0,0.42796,0.423402,0.438318,0.438318,13.143009,1.171483,1.173469,5.0,5.0,17.928177,0.0,1.0,0.0,0.0,0.0,11127.0,0.343304,1.0
11151.0,0.427875,0.423315,0.43823,0.43823,13.142535,1.193441,1.195356,5.0,5.0,18.185769,0.0,1.0,0.0,0.0,0.0,11137.0,0.342361,1.0
11161.0,0.427791,0.42323,0.438148,0.438148,13.142698,1.183323,1.185492,5.0,5.0,18.067019,0.0,1.0,0.0,0.0,0.0,11147.0,0.327951,1.0
11171.0,0.427706,0.423143,0.438063,0.438063,13.142004,1.216555,1.21853,5.0,5.0,18.456862,0.0,1.0,0.0,0.0,0.0,11157.0,0.348374,1.0
11181.0,0.427623,0.423058,0.437978,0.437978,13.142932,1.16756,1.169627,5.0,5.0,17.881987,0.0,1.0,0.0,0.0,0.0,11167.0,0.341575,1.0
11191.0,0.42754,0.422973,0.437892,0.437892,13.14334,1.145126,1.147055,5.0,5.0,17.618721,0.0,1.0,0.0,0.0,0.0,11177.0,0.338601,1.0
11201.0,0.427455,0.422886,0.437808,0.437808,13.142403,1.190797,1.192739,5.0,5.0,18.154558,0.0,1.0,0.0,0.0,0.0,11187.0,0.335164,1.0
11211.0,0.427371,0.422801,0.437722,0.437722,13.143356,1.140506,1.142673,5.0,5.0,17.564434,0.0,1.0,0.0,0.0,0.0,11197.0,0.333063,1.0
11221.0,0.427287,0.422715,0.437639,0.437639,13.142678,1.173338,1.1754,5.0,5.0,17.949636,0.0,1.0,0.0,0.0,0.0,11207.0,0.337927,1.0
11231.0,0.427205,0.422631,0.437557,0.437557,13.142631,1.17448,1.176438,5.0,5.0,17.963013,0.0,1.0,0.0,0.0,0.0,11217.0,0.338245,1.0
11241.0,0.427122,0.422546,0.437473,0.437473,13.142446,1.182365,1.184433,5.0,5.0,18.055488,0.0,1.0,0.0,0.0,0.0,11227.0,0.326909,1.0
11251.0,0.427038,0.422461,0.437391,0.437391,13.14232,1.187149,1.18896,5.0,5.0,18.111587,0.0,1.0,0.0,0.0,0.0,11237.0,0.344949,1.0
11261.0,0.426956,0.422377,0.43731,0.43731,13.14265,1.169159,1.171143,5.0,5.0,17.900493,0.0,1.0,0.0,0.0,0.0,11247.0,0.345575,1.0
11271.0,0.426872,0.422291,0.437224,0.437224,13.142546,1.172479,1.174383,5.0,5.0,17.939408,0.0,1.0,0.0,0.0,0.0,11257.0,0.339604,1.0
11281.0,0.426788,0.422206,0.437138,0.437138,13.142451,1.175507,1.177435,5.0,5.0,17.974895,0.0,1.0,0.0,0.0,0.0,11267.0,0.339116,1.0
11291.0,0.426705,0.422121,0.437056,0.437056,13.141839,1.205316,1.207338,5.0,5.0,18.32459,0.0,1.0,0.0,0.0,0.0,11277.0,0.335196,1.0
11301.0,0.426621,0.422035,0.436971,0.436971,13.141878,1.201414,1.203351,5.0,5.0,18.278778,0.0,1.0,0.0,0.0,0.0,11287.0,0.337384,1.0
11311.0,0.426538,0.42195,0.436887,0.436887,13.141803,1.203617,1.205697,5.0,5.0,18.304586,0.0,1.0,0.0,0.0,0.0,11297.0,0.344503,1.0
11321.0,0.426454,0.421865,0.436805,0.436805,13.141434,1.220659,1.222766,5.0,5.0,18.504474,0.0,1.0,0.0,0.0,0.0,11307.0,0.337245,1.0
11331.0,0.426371,0.42178,0.436722,0.436722,13.142394,1.170073,1.172036,5.0,5.0,17.91096,0.0,1.0,0.0,0.0,0.0,11317.0,0.337868,1.0
11341.0,0.426287,0.421694,0.436638,0.436638,13.142577,1.159001,1.16076,5.0,5.0,17.781024,0.0,1.0,0.0,0.0,0.0,11327.0,0.337186,1.0
11351.0,0.426203,0.421608,0.436556,0.436556,13.142309,1.170653,1.172784,5.0,5.0,17.917691,0.0,1.0,0.0,0.0,0.0,11337.0,0.337616,1.0
11361.0,0.426119,0.421523,0.436473,0.436473,13.14228,1.170487,1.172472,5.0,5.0,17.915714,0.0,1.0,0.0,0.0,0.0,11347.0,0.337446,1.0
11371.0,0.426037,0.421439,0.436391,0.436391,13.143884,1.087459,1.089534,5.0,5.0,16.941414,0.0,1.0,0.0,0.0,0.0,11357.0,0.332433,1.0
11381.0,0.425953,0.421353,0.436306,0.436306,13.141434,1.210583,1.212487,5.0,5.0,18.386053,0.0,1.0,0.0,0.0,0.0,11367.0,0.344033,1.0
11391.0,0.425869,0.421267,0.436222,0.436222,13.141697,1.195159,1.197059,5.0,5.0,18.205072,0.0,1.0,0.0,0.0,0.0,11377.0,0.333834,1.0
11401.0,0.425785,0.421182,0.436135,0.436135,13.142602,1.14733,1.14936,5.0,5.0,17.64387,0.0,1.0,0.0,0.0,0.0,11387.0,0.335797,1.0
11411.0,0.425702,0.421097,0.436051,0.436051,13.141918,1.180538,1.182543,5.0,5.0,18.033459,0.0,1.0,0.0,0.0,0.0,11397.0,0.345217,1.0
11421.0,0.425618,0.421011,0.435965,0.435965,13.142021,1.173442,1.175296,5.0,5.0,17.950173,0.0,1.0,0.0,0.0,0.0,11407.0,0.339306,1.0
11431.0,0.425535,0.420926,0.435882,0.435882,13.142275,1.158937,1.160864,5.0,5.0,17.779957,0.0,1.0,0.0,0.0,0.0,11417.0,0.347579,1.0
11441.0,0.425451,0.420841,0.435797,0.435797,13.141476,1.197995,1.199945,5.0,5.0,18.238156,0.0,1.0,0.0,0.0,0.0,11427.0,0.336309,1.0
11451.0,0.425366,0.420754,0.43571,0.43571,13.140683,1.236215,1.238195,5.0,5.0,18.686468,0.0,1.0,0.0,0.0,0.0,11437.0,0.333804,1.0
11461.0,0.425282,0.420669,0.435627,0.435627,13.142528,1.140356,1.142383,5.0,5.0,17.561822,0.0,1.0,0.0,0.0,0.0,11447.0,0.344465,1.0
11471.0,0.425199,0.420584,0.435544,0.435544,13.141271,1.202887,1.204825,5.0,5.0,18.295438,0.0,1.0,0.0,0.0,0.0,11457.0,0.327994,1.0
11481.0,0.425115,0.420498,0.435458,0.435458,13.141941,1.166958,1.168983,5.0,5.0,17.873877,0.0,1.0,0.0,0.0,0.0,11467.0,0.340463,1.0
11491.0,0.425032,0.420413,0.435377,0.435377,13.141304,1.197822,1.199862,5.0,5.0,18.235947,0.0,1.0,0.0,0.0,0.0,11476.0,0.340435,1.0
11501.0,0.424949,0.420328,0.435294,0.435294,13.141701,1.176156,1.178079,5.0,5.0,17.981729,0.0,1.0,0.0,0.0,0.0,11486.0,0.331825,1.0
11511.0,0.424866,0.420243,0.435206,0.435206,13.141732,1.172888,1.175026,5.0,5.0,17.943362,0.0,1.0,0.0,0.0,0.0,11496.0,0.341458,1.0
11521.0,0.424783,0.420159,0.435126,0.435126,13.142164,1.14961,1.151665,5.0,5.0,17.670222,0.0,1.0,0.0,0.0,0.0,11506.0,0.347004,1.0
11531.0,0.4247,0.420074,0.435041,0.435041,13.141949,1.158798,1.160843,5.0,5.0,17.777989,0.0,1.0,0.0,0.0,0.0,11516.0,0.341745,1.0
11541.0,0.424616,0.419988,0.434956,0.434956,13.141687,1.17031,1.17241,5.0,5.0,17.913015,0.0,1.0,0.0,0.0,0.0,11526.0,0.326749,1.0
11551.0,0.424532,0.419902,0.434869,0.434869,13.141221,1.192252,1.194255,5.0,5.0,18.170395,0.0,1.0,0.0,0.0,0.0,11536.0,0.336933,1.0
11561.0,0.424448,0.419816,0.434787,0.434787,13.140855,1.209056,1.211158,5.0,5.0,18.367488,0.0,1.0,0.0,0.0,0.0,11546.0,0.334339,1.0
11571.0,0.424364,0.419731,0.434704,0.434704,13.141028,1.198512,1.200589,5.0,5.0,18.243759,0.0,1.0,0.0,0.0,0.0,11556.0,0.333255,1.0
11581.0,0.424281,0.419646,0.434618,0.434618,13.1424,1.126901,1.128781,5.0,5.0,17.40355,0.0,1.0,0.0,0.0,0.0,11566.0,0.337851,1.0
11591.0,0.424197,0.419561,0.434534,0.434534,13.141107,1.191098,1.193009,5.0,5.0,18.156706,0.0,1.0,0.0,0.0,0.0,11576.0,0.342588,1.0
11601.0,0.424114,0.419476,0.43445,0.43445,13.141402,1.174509,1.176584,5.0,5.0,17.96206,0.0,1.0,0.0,0.0,0.0,11586.0,0.332098,1.0
11611.0,0.424031,0.419391,0.434364,0.434364,13.142371,1.123724,1.125563,5.0,5.0,17.366184,0.0,1.0,0.0,0.0,0.0,11596.0,0.341369,1.0
11621.0,0.423948,0.419306,0.434279,0.434279,13.140387,1.223212,1.225175,5.0,5.0,18.533336,0.0,1.0,0.0,0.0,0.0,11606.0,0.344034,1.0
11631.0,0.423865,0.419221,0.434197,0.434197,13.140594,1.211134,1.213152,5.0,5.0,18.391621,0.0,1.0,0.0,0.0,0.0,11616.0,0.341751,1.0
11641.0,0.423782,0.419136,0.434113,0.434113,13.141819,1.147086,1.148945,5.0,5.0,17.640202,0.0,1.0,0.0,0.0,0.0,11626.0,0.328692,1.0
11651.0,0.423698,0.419052,0.434031,0.434031,13.141549,1.159272,1.161155,5.0,5.0,17.783136,0.0,1.0,0.0,0.0,0.0,11636.0,0.338976,1.0
11661.0,0.423614,0.418966,0.433948,0.433948,13.140946,1.188084,1.190123,5.0,5.0,18.121124,0.0,1.0,0.0,0.0,0.0,11646.0,0.334544,1.0
11671.0,0.423532,0.418882,0.433867,0.433867,13.140584,1.205501,1.207296,5.0,5.0,18.32542,0.0,1.0,0.0,0.0,0.0,11656.0,0.343492,1.0
11681.0,0.423448,0.418796,0.43378,0.43378,13.140921,1.186138,1.18815,5.0,5.0,18.098226,0.0,1.0,0.0,0.0,0.0,11666.0,0.333238,1.0
11691.0,0.423364,0.41871,0.433695,0.433695,13.141024,1.179068,1.181028,5.0,5.0,18.015242,0.0,1.0,0.0,0.0,0.0,11676.0,0.349845,1.0
11701.0,0.423281,0.418625,0.43361,0.43361,13.140023,1.228466,1.230512,5.0,5.0,18.594684,0.0,1.0,0.0,0.0,0.0,11686.0,0.324905,1.0
11711.0,0.423198,0.418541,0.43353,0.43353,13.141668,1.143155,1.145165,5.0,5.0,17.59384,0.0,1.0,0.0,0.0,0.0,11696.0,0.347791,1.0
11721.0,0.423116,0.418457,0.433447,0.433447,13.142486,1.100084,1.102077,5.0,5.0,17.088444,0.0,1.0,0.0,0.0,0.0,11706.0,0.338782,1.0
11731.0,0.423033,0.418372,0.433367,0.433367,13.141538,1.147099,1.149069,5.0,5.0,17.64006,0.0,1.0,0.0,0.0,0.0,11716.0,0.334232,1.0
11741.0,0.422949,0.418287,0.433283,0.433283,13.141282,1.158166,1.160262,5.0,5.0,17.769863,0.0,1.0,0.0,0.0,0.0,11726.0,0.332775,1.0
11751.0,0.422865,0.418201,0.433198,0.433198,13.140895,1.175937,1.177933,5.0,5.0,17.978315,0.0,1.0,0.0,0.0,0.0,11736.0,0.351386,1.0
11761.0,0.42278,0.418114,0.433111,0.433111,13.140105,1.214107,1.216246,5.0,5.0,18.426033,0.0,1.0,0.0,0.0,0.0,11746.0,0.335176,1.0
11771.0,0.422697,0.418029,0.433026,0.433026,13.142048,1.113395,1.115304,5.0,5.0,17.24446,0.0,1.0,0.0,0.0,0.0,11756.0,0.336737,1.0
11781.0,0.422614,0.417944,0.432944,0.432944,13.140559,1.187666,1.189728,5.0,5.0,18.1158,0.0,1.0,0.0,0.0,0.0,11766.0,0.333826,1.0
11791.0,0.422529,0.417857,0.432858,0.432858,13.139899,1.219055,1.220939,5.0,5.0,18.483948,0.0,1.0,0.0,0.0,0.0,11776.0,0.336397,1.0
11801.0,0.422444,0.417771,0.432771,0.432771,13.140838,1.169159,1.171309,5.0,5.0,17.898594,0.0,1.0,0.0,0.0,0.0,11786.0,0.340336,1.0
11811.0,0.422361,0.417687,0.432687,0.432687,13.141501,1.133855,1.135675,5.0,5.0,17.48437,0.0,1.0,0.0,0.0,0.0,11796.0,0.339023,1.0
11821.0,0.422278,0.417601,0.432604,0.432604,13.14016,1.200591,1.202686,5.0,5.0,18.267256,0.0,1.0,0.0,0.0,0.0,11806.0,0.346636,1.0
11831.0,0.422193,0.417515,0.43252,0.43252,13.139806,1.216573,1.218551,5.0,5.0,18.454684,0.0,1.0,0.0,0.0,0.0,11816.0,0.336581,1.0
11841.0,0.422109,0.41743,0.432434,0.432434,13.141596,1.123394,1.125417,5.0,5.0,17.361524,0.0,1.0,0.0,0.0,0.0,11826.0,0.333216,1.0
11851.0,0.422026,0.417345,0.432351,0.432351,13.140886,1.158102,1.16022,5.0,5.0,17.768702,0.0,1.0,0.0,0.0,0.0,11836.0,0.332144,1.0
11861.0,0.421942,0.417259,0.432266,0.432266,13.139622,1.220799,1.222704,5.0,5.0,18.504146,0.0,1.0,0.0,0.0,0.0,11846.0,0.330411,1.0
11871.0,0.421858,0.417173,0.432179,0.432179,13.139839,1.207728,1.209871,5.0,5.0,18.350784,0.0,1.0,0.0,0.0,0.0,11856.0,0.336275,1.0
11881.0,0.421775,0.417088,0.432097,0.432097,13.141296,1.131945,1.13391,5.0,5.0,17.461721,0.0,1.0,0.0,0.0,0.0,11866.0,0.338506,1.0
11891.0,0.421692,0.417004,0.432016,0.432016,13.14042,1.175228,1.177248,5.0,5.0,17.969474,0.0,1.0,0.0,0.0,0.0,11876.0,0.347415,1.0
11901.0,0.421609,0.416918,0.431932,0.431932,13.140274,1.180926,1.183,5.0,5.0,18.036281,0.0,1.0,0.0,0.0,0.0,11886.0,0.332626,1.0
11911.0,0.421525,0.416833,0.431846,0.431846,13.140218,1.181927,1.183893,5.0,5.0,18.047994,0.0,1.0,0.0,0.0,0.0,11896.0,0.334904,1.0
11921.0,0.42144,0.416746,0.431761,0.431761,13.140343,1.173395,1.175296,5.0,5.0,17.94786,0.0,1.0,0.0,0.0,0.0,11906.0,0.345977,1.0
11931.0,0.421355,0.41666,0.431678,0.431678,13.14019,1.179073,1.180924,5.0,5.0,18.014419,0.0,1.0,0.0,0.0,0.0,11916.0,0.33264,1.0
11941.0,0.421272,0.416575,0.431596,0.431596,13.140581,1.157796,1.159826,5.0,5.0,17.764795,0.0,1.0,0.0,0.0,0.0,11926.0,0.336599,1.0
11951.0,0.421189,0.41649,0.431509,0.431509,13.141303,1.119474,1.121472,5.0,5.0,17.31516,0.0,1.0,0.0,0.0,0.0,11936.0,0.332738,1.0
11961.0,0.421106,0.416405,0.431425,0.431425,13.140167,1.17574,1.177747,5.0,5.0,17.97523,0.0,1.0,0.0,0.0,0.0,11946.0,0.331786,1.0
11971.0,0.421022,0.41632,0.431341,0.431341,13.139162,1.22531,1.227273,5.0,5.0,18.556644,0.0,1.0,0.0,0.0,0.0,11956.0,0.329406,1.0
11981.0,0.42094,0.416235,0.431259,0.431259,13.139684,1.197383,1.199301,5.0,5.0,18.22905,0.0,1.0,0.0,0.0,0.0,11966.0,0.331825,1.0
11991.0,0.420856,0.41615,0.431177,0.431177,13.140485,1.154743,1.156711,5.0,5.0,17.728811,0.0,1.0,0.0,0.0,0.0,11976.0,0.326646,1.0
12001.0,0.420772,0.416064,0.431093,0.431093,13.139193,1.218898,1.220898,5.0,5.0,18.481344,0.0,1.0,0.0,0.0,0.0,11986.0,0.341981,1.0
12011.0,0.420689,0.415979,0.431009,0.431009,13.14031,1.160301,1.162505,5.0,5.0,17.793947,0.0,1.0,0.0,0.0,0.0,11996.0,0.336069,1.0
12021.0,0.420606,0.415894,0.430926,0.430926,13.140234,1.162563,1.164498,5.0,5.0,17.820454,0.0,1.0,0.0,0.0,0.0,12006.0,0.337506,1.0
12031.0,0.42052,0.415807,0.430842,0.430842,13.139224,1.211808,1.213754,5.0,5.0,18.398065,0.0,1.0,0.0,0.0,0.0,12016.0,0.342367,1.0
12041.0,0.420437,0.415722,0.430757,0.430757,13.139646,1.188669,1.190746,5.0,5.0,18.126612,0.0,1.0,0.0,0.0,0.0,12026.0,0.335176,1.0
12051.0,0.420352,0.415636,0.430671,0.430671,13.139565,1.190687,1.192802,5.0,5.0,18.150235,0.0,1.0,0.0,0.0,0.0,12036.0,0.33445,1.0
12061.0,0.420269,0.41555,0.430587,0.430587,13.13866,1.235163,1.237178,5.0,5.0,18.671878,0.0,1.0,0.0,0.0,0.0,12046.0,0.335814,1.0
12071.0,0.420185,0.415465,0.430505,0.430505,13.139059,1.213116,1.215083,5.0,5.0,18.413256,0.0,1.0,0.0,0.0,0.0,12056.0,0.350231,1.0
12081.0,0.420103,0.415381,0.430422,0.430422,13.140688,1.128813,1.130795,5.0,5.0,17.424296,0.0,1.0,0.0,0.0,0.0,12066.0,0.336268,1.0
12091.0,0.420021,0.415297,0.430339,0.430339,13.139956,1.164968,1.16699,5.0,5.0,17.848429,0.0,1.0,0.0,0.0,0.0,12076.0,0.3428,1.0
12101.0,0.419937,0.415211,0.430255,0.430255,13.139106,1.206444,1.208417,5.0,5.0,18.334903,0.0,1.0,0.0,0.0,0.0,12086.0,0.344276,1.0
12111.0,0.419853,0.415126,0.430169,0.430169,13.140796,1.118354,1.120309,5.0,5.0,17.301495,0.0,1.0,0.0,0.0,0.0,12096.0,0.331942,1.0
12121.0,0.419769,0.41504,0.430083,0.430083,13.140154,1.149228,1.151229,5.0,5.0,17.663659,0.0,1.0,0.0,0.0,0.0,12106.0,0.33694,1.0
12131.0,0.419685,0.414955,0.43,0.43,13.139736,1.168921,1.170852,5.0,5.0,17.894653,0.0,1.0,0.0,0.0,0.0,12116.0,0.336788,1.0
12141.0,0.419603,0.41487,0.429917,0.429917,13.140006,1.153799,1.155756,5.0,5.0,17.717221,0.0,1.0,0.0,0.0,0.0,12126.0,0.343935,1.0
12151.0,0.419518,0.414784,0.429831,0.429831,13.138958,1.205087,1.206985,5.0,5.0,18.318802,0.0,1.0,0.0,0.0,0.0,12136.0,0.32633,1.0
12161.0,0.419434,0.414698,0.429745,0.429745,13.139705,1.165225,1.166969,5.0,5.0,17.851183,0.0,1.0,0.0,0.0,0.0,12146.0,0.335148,1.0
12171.0,0.419351,0.414614,0.429659,0.429659,13.140121,1.14262,1.144605,5.0,5.0,17.585973,0.0,1.0,0.0,0.0,0.0,12156.0,0.330753,1.0
12181.0,0.419267,0.414528,0.429576,0.429576,13.139137,1.190928,1.192905,5.0,5.0,18.152618,0.0,1.0,0.0,0.0,0.0,12166.0,0.344564,1.0
12191.0,0.419182,0.414441,0.42949,0.42949,13.139626,1.163703,1.165702,5.0,5.0,17.833214,0.0,1.0,0.0,0.0,0.0,12176.0,0.336087,1.0
12201.0,0.419099,0.414357,0.429409,0.429409,13.139304,1.178707,1.180758,5.0,5.0,18.009182,0.0,1.0,0.0,0.0,0.0,12186.0,0.334941,1.0
12211.0,0.419015,0.41427,0.429326,0.429326,13.138939,1.195357,1.19737,5.0,5.0,18.204447,0.0,1.0,0.0,0.0,0.0,12196.0,0.331408,1.0
12221.0,0.418931,0.414185,0.429242,0.429242,13.13956,1.161763,1.163709,5.0,5.0,17.81035,0.0,1.0,0.0,0.0,0.0,12206.0,0.335877,1.0
12231.0,0.418847,0.414099,0.429156,0.429156,13.139025,1.187268,1.189396,5.0,5.0,18.109489,0.0,1.0,0.0,0.0,0.0,12216.0,0.340679,1.0
12241.0,0.418762,0.414012,0.429073,0.429073,13.138704,1.201605,1.2036,5.0,5.0,18.277607,0.0,1.0,0.0,0.0,0.0,12226.0,0.343001,1.0
12251.0,0.418679,0.413928,0.428993,0.428993,13.139246,1.172463,1.174569,5.0,5.0,17.935752,0.0,1.0,0.0,0.0,0.0,12236.0,0.33441,1.0
12261.0,0.418595,0.413842,0.428907,0.428907,13.139599,1.152684,1.154759,5.0,5.0,17.703703,0.0,1.0,0.0,0.0,0.0,12246.0,0.342548,1.0
12271.0,0.418511,0.413756,0.428822,0.428822,13.139841,1.138409,1.140514,5.0,5.0,17.536202,0.0,1.0,0.0,0.0,0.0,12256.0,0.34128,1.0
12281.0,0.418428,0.413671,0.428741,0.428741,13.13911,1.174392,1.176397,5.0,5.0,17.958283,0.0,1.0,0.0,0.0,0.0,12266.0,0.330741,1.0
12291.0,0.418345,0.413586,0.42866,0.42866,13.139001,1.178362,1.180508,5.0,5.0,18.004814,0.0,1.0,0.0,0.0,0.0,12276.0,0.33811,1.0
12301.0,0.418261,0.413501,0.428576,0.428576,13.138775,1.188108,1.190164,5.0,5.0,18.119097,0.0,1.0,0.0,0.0,0.0,12286.0,0.331074,1.0
12311.0,0.418177,0.413415,0.428491,0.428491,13.139441,1.152292,1.154281,5.0,5.0,17.698936,0.0,1.0,0.0,0.0,0.0,12296.0,0.332492,1.0
12321.0,0.418094,0.41333,0.428407,0.428407,13.1397,1.137743,1.139725,5.0,5.0,17.52824,0.0,1.0,0.0,0.0,0.0,12306.0,0.340804,1.0
12331.0,0.41801,0.413245,0.428323,0.428323,13.13816,1.214535,1.216578,5.0,5.0,18.428949,0.0,1.0,0.0,0.0,0.0,12316.0,0.333457,1.0
12341.0,0.417927,0.41316,0.428238,0.428238,13.139231,1.158357,1.160428,5.0,5.0,17.769989,0.0,1.0,0.0,0.0,0.0,12326.0,0.322226,1.0
12351.0,0.417843,0.413074,0.428151,0.428151,13.139138,1.161423,1.163398,5.0,5.0,17.805916,0.0,1.0,0.0,0.0,0.0,12336.0,0.343018,1.0
12361.0,0.41776,0.412989,0.428069,0.428069,13.13954,1.139252,1.141427,5.0,5.0,17.5458,0.0,1.0,0.0,0.0,0.0,12346.0,0.335645,1.0
12371.0,0.417676,0.412903,0.427983,0.427983,13.138849,1.172582,1.174569,5.0,5.0,17.936738,0.0,1.0,0.0,0.0,0.0,12356.0,0.335459,1.0
12381.0,0.417592,0.412818,0.427899,0.427899,13.138524,1.187587,1.189728,5.0,5.0,18.112699,0.0,1.0,0.0,0.0,0.0,12366.0,0.330638,1.0
12391.0,0.417509,0.412734,0.427815,0.427815,13.138,1.212969,1.215,5.0,5.0,18.410379,0.0,1.0,0.0,0.0,0.0,12376.0,0.340308,1.0
12401.0,0.417426,0.412649,0.427732,0.427732,13.13885,1.168013,1.170312,5.0,5.0,17.88305,0.0,1.0,0.0,0.0,0.0,12386.0,0.338616,1.0
12411.0,0.417342,0.412563,0.427646,0.427646,13.138735,1.172029,1.174092,5.0,5.0,17.930123,0.0,1.0,0.0,0.0,0.0,12396.0,0.32359,1.0
12421.0,0.417259,0.412478,0.42756,0.42756,13.137807,1.217645,1.219485,5.0,5.0,18.465109,0.0,1.0,0.0,0.0,0.0,12406.0,0.334708,1.0
12431.0,0.417174,0.412391,0.427474,0.427474,13.138491,1.180616,1.182689,5.0,5.0,18.030763,0.0,1.0,0.0,0.0,0.0,12416.0,0.339708,1.0
12441.0,0.41709,0.412305,0.427389,0.427389,13.138851,1.160305,1.162297,5.0,5.0,17.792484,0.0,1.0,0.0,0.0,0.0,12426.0,0.336349,1.0
12451.0,0.417007,0.412221,0.427312,0.427312,13.137942,1.205442,1.207462,5.0,5.0,18.321868,0.0,1.0,0.0,0.0,0.0,12435.0,0.341755,1.0
12461.0,0.416923,0.412135,0.427217,0.427217,13.139071,1.146079,1.147989,5.0,5.0,17.625551,0.0,1.0,0.0,0.0,0.0,12445.0,0.332558,1.0
12471.0,0.416839,0.41205,0.427132,0.427132,13.138805,1.157832,1.159847,5.0,5.0,17.763377,0.0,1.0,0.0,0.0,0.0,12455.0,0.339883,1.0
12481.0,0.416758,0.411966,0.427049,0.427049,13.139373,1.127807,1.129778,5.0,5.0,17.411146,0.0,1.0,0.0,0.0,0.0,12465.0,0.338617,1.0
12491.0,0.416674,0.411881,0.426967,0.426967,13.137732,1.209916,1.211823,5.0,5.0,18.374209,0.0,1.0,0.0,0.0,0.0,12475.0,0.335026,1.0
12501.0,0.41659,0.411795,0.426882,0.426882,13.138877,1.149634,1.151748,5.0,5.0,17.66712,0.0,1.0,0.0,0.0,0.0,12485.0,0.338714,1.0
12511.0,0.416508,0.411711,0.426798,0.426798,13.139229,1.130441,1.132311,5.0,5.0,17.441952,0.0,1.0,0.0,0.0,0.0,12495.0,0.332615,1.0
12521.0,0.416424,0.411625,0.426716,0.426716,13.138086,1.186855,1.188981,5.0,5.0,18.103641,0.0,1.0,0.0,0.0,0.0,12505.0,0.341725,1.0
12531.0,0.416341,0.411541,0.426635,0.426635,13.138238,1.177662,1.179699,5.0,5.0,17.995789,0.0,1.0,0.0,0.0,0.0,12515.0,0.32711,1.0
12541.0,0.416257,0.411455,0.426555,0.426555,13.138087,1.183612,1.185596,5.0,5.0,18.065541,0.0,1.0,0.0,0.0,0.0,12525.0,0.334527,1.0
12551.0,0.416174,0.411371,0.426473,0.426473,13.139068,1.132061,1.133931,5.0,5.0,17.460822,0.0,1.0,0.0,0.0,0.0,12535.0,0.353037,1.0
12561.0,0.41609,0.411285,0.426389,0.426389,13.138769,1.145346,1.1472,5.0,5.0,17.616624,0.0,1.0,0.0,0.0,0.0,12545.0,0.330814,1.0
12571.0,0.416006,0.411199,0.426304,0.426304,13.137917,1.186887,1.189043,5.0,5.0,18.103838,0.0,1.0,0.0,0.0,0.0,12555.0,0.338198,1.0
12581.0,0.415922,0.411114,0.426219,0.426219,13.137757,1.193361,1.195231,5.0,5.0,18.179736,0.0,1.0,0.0,0.0,0.0,12565.0,0.32981,1.0
12591.0,0.415838,0.411028,0.426133,0.426133,13.13852,1.152504,1.154489,5.0,5.0,17.700472,0.0,1.0,0.0,0.0,0.0,12575.0,0.334798,1.0
12601.0,0.415755,0.410943,0.42605,0.42605,13.137496,1.203199,1.205178,5.0,5.0,18.295039,0.0,1.0,0.0,0.0,0.0,12585.0,0.342288,1.0
12611.0,0.41567,0.410856,0.425965,0.425965,13.13655,1.249212,1.251008,5.0,5.0,18.834597,0.0,1.0,0.0,0.0,0.0,12595.0,0.350068,1.0
12621.0,0.415587,0.410772,0.425883,0.425883,13.137923,1.177773,1.179761,5.0,5.0,17.996763,0.0,1.0,0.0,0.0,0.0,12605.0,0.337839,1.0
12631.0,0.415504,0.410687,0.4258,0.4258,13.138078,1.16838,1.170499,5.0,5.0,17.886562,0.0,1.0,0.0,0.0,0.0,12615.0,0.337376,1.0
12641.0,0.415421,0.410602,0.425716,0.425716,13.138982,1.120738,1.122759,5.0,5.0,17.327683,0.0,1.0,0.0,0.0,0.0,12625.0,0.330173,1.0
12651.0,0.415336,0.410515,0.425631,0.425631,13.137447,1.196882,1.199011,5.0,5.0,18.220767,0.0,1.0,0.0,0.0,0.0,12635.0,0.337277,1.0
12661.0,0.415253,0.41043,0.425547,0.425547,13.138259,1.153708,1.15561,5.0,5.0,17.714348,0.0,1.0,0.0,0.0,0.0,12645.0,0.340869,1.0
12671.0,0.41517,0.410345,0.425465,0.425465,13.138094,1.160593,1.162546,5.0,5.0,17.79508,0.0,1.0,0.0,0.0,0.0,12655.0,0.329118,1.0
12681.0,0.415085,0.410259,0.425381,0.425381,13.137213,1.203561,1.205469,5.0,5.0,18.298992,0.0,1.0,0.0,0.0,0.0,12665.0,0.336998,1.0
12691.0,0.415002,0.410174,0.425296,0.425296,13.137752,1.174324,1.176355,5.0,5.0,17.956049,0.0,1.0,0.0,0.0,0.0,12675.0,0.33818,1.0
12701.0,0.414918,0.410089,0.425213,0.425213,13.13782,1.169332,1.17133,5.0,5.0,17.897468,0.0,1.0,0.0,0.0,0.0,12685.0,0.33103,1.0
12711.0,0.414834,0.410002,0.425127,0.425127,13.138341,1.140634,1.14259,5.0,5.0,17.560818,0.0,1.0,0.0,0.0,0.0,12695.0,0.332377,1.0
12721.0,0.41475,0.409917,0.425043,0.425043,13.13725,1.194619,1.196477,5.0,5.0,18.193972,0.0,1.0,0.0,0.0,0.0,12705.0,0.33786,1.0
12731.0,0.414667,0.409832,0.424961,0.424961,13.137969,1.156366,1.158476,5.0,5.0,17.745288,0.0,1.0,0.0,0.0,0.0,12715.0,0.327471,1.0
12741.0,0.414584,0.409748,0.424876,0.424876,13.136732,1.2182,1.220171,5.0,5.0,18.470451,0.0,1.0,0.0,0.0,0.0,12725.0,0.335844,1.0
12751.0,0.4145,0.409662,0.424793,0.424793,13.137316,1.186554,1.188545,5.0,5.0,18.099281,0.0,1.0,0.0,0.0,0.0,12735.0,0.343808,1.0
12761.0,0.414418,0.409578,0.42471,0.42471,13.136759,1.213608,1.215582,5.0,5.0,18.416534,0.0,1.0,0.0,0.0,0.0,12745.0,0.328056,1.0
12771.0,0.414333,0.409491,0.424625,0.424625,13.136237,1.23796,1.239877,5.0,5.0,18.702057,0.0,1.0,0.0,0.0,0.0,12755.0,0.335789,1.0
12781.0,0.414249,0.409405,0.424541,0.424541,13.137583,1.167423,1.169274,5.0,5.0,17.874797,0.0,1.0,0.0,0.0,0.0,12765.0,0.332381,1.0
12791.0,0.414165,0.40932,0.424456,0.424456,13.138264,1.131138,1.133059,5.0,5.0,17.449172,0.0,1.0,0.0,0.0,0.0,12775.0,0.345111,1.0
12801.0,0.414082,0.409235,0.424374,0.424374,13.138043,1.140765,1.142777,5.0,5.0,17.562057,0.0,1.0,0.0,0.0,0.0,12785.0,0.325597,1.0
12811.0,0.413998,0.409149,0.424287,0.424287,13.136622,1.211344,1.213422,5.0,5.0,18.389789,0.0,1.0,0.0,0.0,0.0,12795.0,0.337232,1.0
12821.0,0.413914,0.409063,0.424201,0.424201,13.137151,1.18259,1.184599,5.0,5.0,18.052533,0.0,1.0,0.0,0.0,0.0,12805.0,0.33302,1.0
12831.0,0.413831,0.408979,0.424116,0.424116,13.13741,1.167962,1.169959,5.0,5.0,17.880953,0.0,1.0,0.0,0.0,0.0,12815.0,0.334912,1.0
12841.0,0.413748,0.408894,0.424032,0.424032,13.137989,1.136795,1.138707,5.0,5.0,17.515354,0.0,1.0,0.0,0.0,0.0,12825.0,0.326874,1.0
12851.0,0.413664,0.408808,0.423949,0.423949,13.137137,1.178425,1.180488,5.0,5.0,18.003593,0.0,1.0,0.0,0.0,0.0,12835.0,0.331347,1.0
12861.0,0.41358,0.408722,0.423867,0.423867,13.136481,1.210172,1.212134,5.0,5.0,18.375867,0.0,1.0,0.0,0.0,0.0,12845.0,0.325631,1.0
12871.0,0.413497,0.408637,0.423785,0.423785,13.136898,1.187229,1.189292,5.0,5.0,18.106769,0.0,1.0,0.0,0.0,0.0,12855.0,0.342348,1.0
12881.0,0.413413,0.408552,0.4237,0.4237,13.137467,1.156517,1.158393,5.0,5.0,17.746539,0.0,1.0,0.0,0.0,0.0,12865.0,0.332266,1.0
12891.0,0.41333,0.408467,0.423618,0.423618,13.13724,1.166533,1.168506,5.0,5.0,17.863976,0.0,1.0,0.0,0.0,0.0,12875.0,0.333996,1.0
12901.0,0.413247,0.408382,0.423537,0.423537,13.136031,1.226734,1.228809,5.0,5.0,18.569948,0.0,1.0,0.0,0.0,0.0,12885.0,0.336771,1.0
12911.0,0.413164,0.408298,0.423452,0.423452,13.137068,1.17241,1.174486,5.0,5.0,17.932843,0.0,1.0,0.0,0.0,0.0,12895.0,0.331907,1.0
12921.0,0.413079,0.408212,0.423366,0.423366,13.135969,1.226483,1.228539,5.0,5.0,18.56693,0.0,1.0,0.0,0.0,0.0,12905.0,0.330751,1.0
12931.0,0.412995,0.408126,0.42328,0.42328,13.136545,1.195121,1.197121,5.0,5.0,18.199113,0.0,1.0,0.0,0.0,0.0,12915.0,0.342983,1.0
12941.0,0.412911,0.40804,0.423195,0.423195,13.136928,1.173705,1.175774,5.0,5.0,17.947921,0.0,1.0,0.0,0.0,0.0,12925.0,0.325934,1.0
12951.0,0.412827,0.407954,0.423106,0.423106,13.136894,1.173539,1.175566,5.0,5.0,17.945931,0.0,1.0,0.0,0.0,0.0,12935.0,0.342439,1.0
12961.0,0.412745,0.40787,0.423025,0.423025,13.13688,1.172926,1.17486,5.0,5.0,17.938712,0.0,1.0,0.0,0.0,0.0,12945.0,0.329057,1.0
12971.0,0.412662,0.407785,0.422943,0.422943,13.136082,1.212348,1.214481,5.0,5.0,18.401,0.0,1.0,0.0,0.0,0.0,12955.0,0.336897,1.0
12981.0,0.412579,0.4077,0.42286,0.42286,13.136815,1.173387,1.1754,5.0,5.0,17.944059,0.0,1.0,0.0,0.0,0.0,12965.0,0.342698,1.0
12991.0,0.412495,0.407615,0.422778,0.422778,13.135637,1.231669,1.233544,5.0,5.0,18.627487,0.0,1.0,0.0,0.0,0.0,12975.0,0.33797,1.0
13001.0,0.412412,0.40753,0.422696,0.422696,13.13695,1.163156,1.165246,5.0,5.0,17.824008,0.0,1.0,0.0,0.0,0.0,12985.0,0.33201,1.0
13011.0,0.412328,0.407445,0.422612,0.422612,13.137617,1.127337,1.129217,5.0,5.0,17.403857,0.0,1.0,0.0,0.0,0.0,12995.0,0.332425,1.0
13021.0,0.412243,0.407358,0.422528,0.422528,13.136386,1.18794,1.189957,5.0,5.0,18.114576,0.0,1.0,0.0,0.0,0.0,13005.0,0.3376,1.0
13031.0,0.412159,0.407272,0.422442,0.422442,13.136521,1.179241,1.181194,5.0,5.0,18.012524,0.0,1.0,0.0,0.0,0.0,13015.0,0.334757,1.0
13041.0,0.412077,0.407188,0.422359,0.422359,13.136615,1.173269,1.175275,5.0,5.0,17.942463,0.0,1.0,0.0,0.0,0.0,13025.0,0.336707,1.0
13051.0,0.411994,0.407103,0.422277,0.422277,13.136663,1.169125,1.171018,5.0,5.0,17.893834,0.0,1.0,0.0,0.0,0.0,13035.0,0.326905,1.0
13061.0,0.41191,0.407017,0.422192,0.422192,13.136007,1.200686,1.202645,5.0,5.0,18.263916,0.0,1.0,0.0,0.0,0.0,13045.0,0.340218,1.0
13071.0,0.411826,0.406932,0.422107,0.422107,13.135898,1.204446,1.206424,5.0,5.0,18.307973,0.0,1.0,0.0,0.0,0.0,13055.0,0.338586,1.0
13081.0,0.411743,0.406848,0.422025,0.422025,13.137286,1.132303,1.134222,5.0,5.0,17.461867,0.0,1.0,0.0,0.0,0.0,13065.0,0.341845,1.0
13091.0,0.411659,0.406761,0.421939,0.421939,13.135631,1.214758,1.216744,5.0,5.0,18.428822,0.0,1.0,0.0,0.0,0.0,13075.0,0.339399,1.0
13101.0,0.411576,0.406677,0.421857,0.421857,13.136452,1.171385,1.173386,5.0,5.0,17.92016,0.0,1.0,0.0,0.0,0.0,13085.0,0.334062,1.0
13111.0,0.411493,0.406592,0.421772,0.421772,13.135985,1.193594,1.195605,5.0,5.0,18.180573,0.0,1.0,0.0,0.0,0.0,13095.0,0.333705,1.0
13121.0,0.411409,0.406506,0.421686,0.421686,13.134548,1.265014,1.267101,5.0,5.0,19.017978,0.0,1.0,0.0,0.0,0.0,13105.0,0.337259,1.0
13131.0,0.411325,0.406421,0.421601,0.421601,13.135621,1.208653,1.210556,5.0,5.0,18.357091,0.0,1.0,0.0,0.0,0.0,13115.0,0.343147,1.0
13141.0,0.411242,0.406336,0.421517,0.421517,13.136148,1.180212,1.182087,5.0,5.0,18.023536,0.0,1.0,0.0,0.0,0.0,13125.0,0.33349,1.0
13151.0,0.411158,0.40625,0.421433,0.421433,13.135458,1.213541,1.215519,5.0,5.0,18.414342,0.0,1.0,0.0,0.0,0.0,13135.0,0.330918,1.0
13161.0,0.411074,0.406165,0.421348,0.421348,13.136111,1.178364,1.180197,5.0,5.0,18.001796,0.0,1.0,0.0,0.0,0.0,13145.0,0.328549,1.0
13171.0,0.410992,0.40608,0.421263,0.421263,13.13679,1.142313,1.144376,5.0,5.0,17.578966,0.0,1.0,0.0,0.0,0.0,13155.0,0.337482,1.0
13181.0,0.410908,0.405995,0.421181,0.421181,13.136118,1.174946,1.176916,5.0,5.0,17.961649,0.0,1.0,0.0,0.0,0.0,13165.0,0.33358,1.0
13191.0,0.410825,0.40591,0.421096,0.421096,13.137119,1.12212,1.12413,5.0,5.0,17.342061,0.0,1.0,0.0,0.0,0.0,13175.0,0.343335,1.0
13201.0,0.410741,0.405824,0.421011,0.421011,13.13546,1.205127,1.207171,5.0,5.0,18.315503,0.0,1.0,0.0,0.0,0.0,13185.0,0.336076,1.0
13211.0,0.410658,0.40574,0.420926,0.420926,13.135966,1.177722,1.179782,5.0,5.0,17.994094,0.0,1.0,0.0,0.0,0.0,13195.0,0.343001,1.0
13221.0,0.410574,0.405654,0.420841,0.420841,13.136,1.173997,1.17594,5.0,5.0,17.950368,0.0,1.0,0.0,0.0,0.0,13205.0,0.343445,1.0
13231.0,0.41049,0.405568,0.420755,0.420755,13.136982,1.121988,1.123984,5.0,5.0,17.34037,0.0,1.0,0.0,0.0,0.0,13215.0,0.331307,1.0
13241.0,0.410407,0.405483,0.420672,0.420672,13.136383,1.151027,1.153056,5.0,5.0,17.680922,0.0,1.0,0.0,0.0,0.0,13225.0,0.336782,1.0
13251.0,0.410323,0.405398,0.420588,0.420588,13.136541,1.14121,1.143151,5.0,5.0,17.565754,0.0,1.0,0.0,0.0,0.0,13235.0,0.336502,1.0
13261.0,0.410238,0.405311,0.420504,0.420504,13.136065,1.163469,1.165412,5.0,5.0,17.826755,0.0,1.0,0.0,0.0,0.0,13245.0,0.338107,1.0
13271.0,0.410155,0.405226,0.420422,0.420422,13.135467,1.192284,1.194255,5.0,5.0,18.164635,0.0,1.0,0.0,0.0,0.0,13255.0,0.347218,1.0
13281.0,0.410071,0.405141,0.420339,0.420339,13.136094,1.158552,1.160532,5.0,5.0,17.769026,0.0,1.0,0.0,0.0,0.0,13265.0,0.334403,1.0
13291.0,0.409988,0.405056,0.420257,0.420257,13.135865,1.168793,1.17079,5.0,5.0,17.889102,0.0,1.0,0.0,0.0,0.0,13275.0,0.338783,1.0
13301.0,0.409905,0.404971,0.420175,0.420175,13.135131,1.20466,1.206548,5.0,5.0,18.309653,0.0,1.0,0.0,0.0,0.0,13285.0,0.332943,1.0
13311.0,0.409821,0.404885,0.420094,0.420094,13.134603,1.229652,1.231696,5.0,5.0,18.602661,0.0,1.0,0.0,0.0,0.0,13295.0,0.334491,1.0
13321.0,0.409737,0.404799,0.420007,0.420007,13.136034,1.154842,1.156732,5.0,5.0,17.725383,0.0,1.0,0.0,0.0,0.0,13305.0,0.33918,1.0
13331.0,0.409653,0.404713,0.419922,0.419922,13.135186,1.196031,1.198014,5.0,5.0,18.208353,0.0,1.0,0.0,0.0,0.0,13315.0,0.341484,1.0
13341.0,0.409567,0.404626,0.419838,0.419838,13.135429,1.181184,1.183125,5.0,5.0,18.0342,0.0,1.0,0.0,0.0,0.0,13325.0,0.336744,1.0
13351.0,0.409483,0.40454,0.419759,0.419759,13.135545,1.17357,1.175483,5.0,5.0,17.944877,0.0,1.0,0.0,0.0,0.0,13335.0,0.343842,1.0
13361.0,0.4094,0.404456,0.419678,0.419678,13.135681,1.165197,1.167052,5.0,5.0,17.846655,0.0,1.0,0.0,0.0,0.0,13345.0,0.34132,1.0
13371.0,0.409317,0.404371,0.419596,0.419596,13.135801,1.157634,1.159473,5.0,5.0,17.757937,0.0,1.0,0.0,0.0,0.0,13355.0,0.336011,1.0
13381.0,0.409234,0.404286,0.419512,0.419512,13.134459,1.224602,1.22665,5.0,5.0,18.54318,0.0,1.0,0.0,0.0,0.0,13365.0,0.337922,1.0
13391.0,0.40915,0.404201,0.41943,0.41943,13.135652,1.16202,1.163917,5.0,5.0,17.809305,0.0,1.0,0.0,0.0,0.0,13375.0,0.331755,1.0
13401.0,0.409067,0.404116,0.419346,0.419346,13.135955,1.14492,1.146972,5.0,5.0,17.608733,0.0,1.0,0.0,0.0,0.0,13385.0,0.335518,1.0
13411.0,0.408985,0.404032,0.419265,0.419265,13.135256,1.179415,1.181526,5.0,5.0,18.01324,0.0,1.0,0.0,0.0,0.0,13395.0,0.340829,1.0
13421.0,0.408901,0.403946,0.419179,0.419179,13.135101,1.185438,1.187299,5.0,5.0,18.083828,0.0,1.0,0.0,0.0,0.0,13405.0,0.335463,1.0
13431.0,0.408817,0.40386,0.419094,0.419094,13.134837,1.19714,1.199094,5.0,5.0,18.22101,0.0,1.0,0.0,0.0,0.0,13415.0,0.340051,1.0
13441.0,0.408733,0.403775,0.419008,0.419008,13.135985,1.136809,1.138769,5.0,5.0,17.513487,0.0,1.0,0.0,0.0,0.0,13425.0,0.339721,1.0
13451.0,0.40865,0.40369,0.418928,0.418928,13.135131,1.178929,1.180778,5.0,5.0,18.0074,0.0,1.0,0.0,0.0,0.0,13435.0,0.329744,1.0
13461.0,0.408566,0.403604,0.418845,0.418845,13.134863,1.190536,1.19249,5.0,5.0,18.143461,0.0,1.0,0.0,0.0,0.0,13445.0,0.332069,1.0
13471.0,0.408482,0.403519,0.41876,0.41876,13.134489,1.207942,1.210079,5.0,5.0,18.347512,0.0,1.0,0.0,0.0,0.0,13455.0,0.343194,1.0
13481.0,0.408398,0.403432,0.418675,0.418675,13.135423,1.158111,1.160179,5.0,5.0,17.763149,0.0,1.0,0.0,0.0,0.0,13465.0,0.331616,1.0
13491.0,0.408314,0.403347,0.418593,0.418593,13.134345,1.211639,1.213526,5.0,5.0,18.390788,0.0,1.0,0.0,0.0,0.0,13475.0,0.333712,1.0
13501.0,0.40823,0.403261,0.418508,0.418508,13.133896,1.232687,1.234727,5.0,5.0,18.637529,0.0,1.0,0.0,0.0,0.0,13485.0,0.334577,1.0
13511.0,0.408148,0.403177,0.418423,0.418423,13.13565,1.141815,1.143712,5.0,5.0,17.571948,0.0,1.0,0.0,0.0,0.0,13495.0,0.332942,1.0
13521.0,0.408065,0.403093,0.418341,0.418341,13.135513,1.147446,1.149401,5.0,5.0,17.637963,0.0,1.0,0.0,0.0,0.0,13505.0,0.333446,1.0
13531.0,0.40798,0.403006,0.418256,0.418256,13.134991,1.172022,1.173946,5.0,5.0,17.926117,0.0,1.0,0.0,0.0,0.0,13515.0,0.337138,1.0
13541.0,0.407897,0.402922,0.418174,0.418174,13.135436,1.147802,1.149754,5.0,5.0,17.64206,0.0,1.0,0.0,0.0,0.0,13525.0,0.334405,1.0
13551.0,0.407813,0.402836,0.41809,0.41809,13.134278,1.20496,1.206985,5.0,5.0,18.312259,0.0,1.0,0.0,0.0,0.0,13535.0,0.336231,1.0
13561.0,0.407731,0.402751,0.418008,0.418008,13.134566,1.189019,1.19114,5.0,5.0,18.12532,0.0,1.0,0.0,0.0,0.0,13545.0,0.343404,1.0
13571.0,0.407648,0.402667,0.417925,0.417925,13.135363,1.146914,1.148965,5.0,5.0,17.631552,0.0,1.0,0.0,0.0,0.0,13555.0,0.334989,1.0
13581.0,0.407564,0.402582,0.417843,0.417843,13.134474,1.190559,1.192469,5.0,5.0,18.143319,0.0,1.0,0.0,0.0,0.0,13565.0,0.324745,1.0
13591.0,0.407482,0.402497,0.417757,0.417757,13.135594,1.131935,1.133765,5.0,5.0,17.455834,0.0,1.0,0.0,0.0,0.0,13575.0,0.335941,1.0
13601.0,0.407398,0.402412,0.417674,0.417674,13.134944,1.163314,1.165349,5.0,5.0,17.823779,0.0,1.0,0.0,0.0,0.0,13585.0,0.342311,1.0
13611.0,0.407314,0.402325,0.417588,0.417588,13.134093,1.204766,1.206839,5.0,5.0,18.309788,0.0,1.0,0.0,0.0,0.0,13595.0,0.330146,1.0
13621.0,0.407229,0.40224,0.417505,0.417505,13.134368,1.188786,1.190954,5.0,5.0,18.122371,0.0,1.0,0.0,0.0,0.0,13605.0,0.341657,1.0
13631.0,0.407145,0.402153,0.41742,0.41742,13.134115,1.19953,1.201523,5.0,5.0,18.248308,0.0,1.0,0.0,0.0,0.0,13615.0,0.335166,1.0
13641.0,0.40706,0.402067,0.417337,0.417337,13.135402,1.131776,1.133869,5.0,5.0,17.453764,0.0,1.0,0.0,0.0,0.0,13625.0,0.333485,1.0
13651.0,0.406977,0.401982,0.417252,0.417252,13.135066,1.147378,1.149256,5.0,5.0,17.636706,0.0,1.0,0.0,0.0,0.0,13635.0,0.335427,1.0
13661.0,0.406893,0.401896,0.417169,0.417169,13.133777,1.211447,1.213484,5.0,5.0,18.387912,0.0,1.0,0.0,0.0,0.0,13645.0,0.323446,1.0
13671.0,0.406811,0.401812,0.417085,0.417085,13.134993,1.14824,1.150315,5.0,5.0,17.646752,0.0,1.0,0.0,0.0,0.0,13655.0,0.347068,1.0
13681.0,0.406728,0.401728,0.417004,0.417004,13.135421,1.124996,1.127161,5.0,5.0,17.374139,0.0,1.0,0.0,0.0,0.0,13665.0,0.334499,1.0
13691.0,0.406643,0.401641,0.416918,0.416918,13.134611,1.164096,1.166056,5.0,5.0,17.832618,0.0,1.0,0.0,0.0,0.0,13675.0,0.339236,1.0
13701.0,0.406559,0.401556,0.416833,0.416833,13.134051,1.190879,1.192802,5.0,5.0,18.146624,0.0,1.0,0.0,0.0,0.0,13685.0,0.334757,1.0
13711.0,0.406477,0.401471,0.416753,0.416753,13.133858,1.199463,1.201316,5.0,5.0,18.247248,0.0,1.0,0.0,0.0,0.0,13695.0,0.33904,1.0
13721.0,0.406394,0.401387,0.416669,0.416669,13.133991,1.191355,1.193342,5.0,5.0,18.152153,0.0,1.0,0.0,0.0,0.0,13705.0,0.343985,1.0
13731.0,0.40631,0.401301,0.416584,0.416584,13.134161,1.180466,1.182377,5.0,5.0,18.02443,0.0,1.0,0.0,0.0,0.0,13715.0,0.324385,1.0
13741.0,0.406225,0.401214,0.416501,0.416501,13.134023,1.185466,1.187444,5.0,5.0,18.083015,0.0,1.0,0.0,0.0,0.0,13725.0,0.337623,1.0
13751.0,0.406142,0.401129,0.416419,0.416419,13.134503,1.159411,1.1613,5.0,5.0,17.777471,0.0,1.0,0.0,0.0,0.0,13735.0,0.346115,1.0
13761.0,0.406057,0.401043,0.416332,0.416332,13.134252,1.170257,1.172119,5.0,5.0,17.904606,0.0,1.0,0.0,0.0,0.0,13745.0,0.340851,1.0
13771.0,0.405973,0.400957,0.416245,0.416245,13.13399,1.181689,1.183665,5.0,5.0,18.038608,0.0,1.0,0.0,0.0,0.0,13755.0,0.331539,1.0
13781.0,0.40589,0.400872,0.41616,0.41616,13.134378,1.160227,1.162214,5.0,5.0,17.786921,0.0,1.0,0.0,0.0,0.0,13765.0,0.334901,1.0
13791.0,0.405805,0.400786,0.416076,0.416076,13.133774,1.189112,1.191161,5.0,5.0,18.125567,0.0,1.0,0.0,0.0,0.0,13775.0,0.348,1.0
13801.0,0.405723,0.400702,0.415994,0.415994,13.133767,1.188236,1.19031,5.0,5.0,18.115279,0.0,1.0,0.0,0.0,0.0,13785.0,0.343638,1.0
13811.0,0.40564,0.400617,0.41591,0.41591,13.132996,1.225986,1.227979,5.0,5.0,18.557835,0.0,1.0,0.0,0.0,0.0,13795.0,0.342286,1.0
13821.0,0.405557,0.400532,0.415826,0.415826,13.134,1.173309,1.175338,5.0,5.0,17.940186,0.0,1.0,0.0,0.0,0.0,13805.0,0.344635,1.0
13831.0,0.405472,0.400446,0.415744,0.415744,13.132601,1.242648,1.244716,5.0,5.0,18.753092,0.0,1.0,0.0,0.0,0.0,13815.0,0.328981,1.0
13841.0,0.405389,0.400361,0.415661,0.415661,13.134226,1.15827,1.160054,5.0,5.0,17.763783,0.0,1.0,0.0,0.0,0.0,13825.0,0.345173,1.0
13851.0,0.405305,0.400275,0.415576,0.415576,13.134039,1.165942,1.167924,5.0,5.0,17.8537,0.0,1.0,0.0,0.0,0.0,13835.0,0.331524,1.0
13861.0,0.405223,0.400191,0.415493,0.415493,13.134248,1.153909,1.155901,5.0,5.0,17.71258,0.0,1.0,0.0,0.0,0.0,13845.0,0.340172,1.0
13871.0,0.405139,0.400106,0.415411,0.415411,13.134239,1.152718,1.15478,5.0,5.0,17.69858,0.0,1.0,0.0,0.0,0.0,13855.0,0.331672,1.0
13881.0,0.405055,0.40002,0.415328,0.415328,13.133102,1.208958,1.211013,5.0,5.0,18.357946,0.0,1.0,0.0,0.0,0.0,13865.0,0.333131,1.0
13891.0,0.404972,0.399935,0.415246,0.415246,13.133229,1.200832,1.202811,5.0,5.0,18.262643,0.0,1.0,0.0,0.0,0.0,13875.0,0.324999,1.0
13901.0,0.404889,0.39985,0.415162,0.415162,13.13361,1.179938,1.181817,5.0,5.0,18.01764,0.0,1.0,0.0,0.0,0.0,13885.0,0.338762,1.0
13911.0,0.404805,0.399765,0.415079,0.415079,13.134364,1.139696,1.141656,5.0,5.0,17.545747,0.0,1.0,0.0,0.0,0.0,13895.0,0.342412,1.0
13921.0,0.404723,0.39968,0.414996,0.414996,13.133911,1.161386,1.163356,5.0,5.0,17.800058,0.0,1.0,0.0,0.0,0.0,13905.0,0.340096,1.0
13931.0,0.404639,0.399595,0.414911,0.414911,13.132945,1.209017,1.21093,5.0,5.0,18.358471,0.0,1.0,0.0,0.0,0.0,13915.0,0.343634,1.0
13941.0,0.404555,0.39951,0.414828,0.414828,13.133136,1.197405,1.199405,5.0,5.0,18.222298,0.0,1.0,0.0,0.0,0.0,13925.0,0.343328,1.0
13951.0,0.404471,0.399424,0.414745,0.414745,13.132201,1.243146,1.245089,5.0,5.0,18.758492,0.0,1.0,0.0,0.0,0.0,13935.0,0.332813,1.0
13961.0,0.404388,0.399339,0.414664,0.414664,13.132706,1.216037,1.217949,5.0,5.0,18.440671,0.0,1.0,0.0,0.0,0.0,13945.0,0.342914,1.0
13971.0,0.404305,0.399255,0.414581,0.414581,13.133604,1.168675,1.170541,5.0,5.0,17.885351,0.0,1.0,0.0,0.0,0.0,13955.0,0.336285,1.0
13981.0,0.404222,0.399169,0.414497,0.414497,13.133469,1.173859,1.175961,5.0,5.0,17.946098,0.0,1.0,0.0,0.0,0.0,13965.0,0.344603,1.0
13991.0,0.404138,0.399084,0.414411,0.414411,13.133639,1.163304,1.165308,5.0,5.0,17.822303,0.0,1.0,0.0,0.0,0.0,13975.0,0.33605,1.0
14001.0,0.404054,0.398998,0.414325,0.414325,13.134016,1.142104,1.144044,5.0,5.0,17.573676,0.0,1.0,0.0,0.0,0.0,13985.0,0.34177,1.0
14011.0,0.403971,0.398913,0.414244,0.414244,13.133308,1.176898,1.178764,5.0,5.0,17.981619,0.0,1.0,0.0,0.0,0.0,13995.0,0.329603,1.0
14021.0,0.403887,0.398828,0.41416,0.41416,13.132959,1.192916,1.194961,5.0,5.0,18.169388,0.0,1.0,0.0,0.0,0.0,14005.0,0.338986,1.0
14031.0,0.403805,0.398744,0.414076,0.414076,13.133868,1.145092,1.147076,5.0,5.0,17.608621,0.0,1.0,0.0,0.0,0.0,14015.0,0.339616,1.0
14041.0,0.403721,0.398658,0.413991,0.413991,13.132953,1.189876,1.191826,5.0,5.0,18.133674,0.0,1.0,0.0,0.0,0.0,14024.0,0.339584,1.0
14051.0,0.403639,0.398574,0.41391,0.41391,13.133702,1.150454,1.152454,5.0,5.0,17.671426,0.0,1.0,0.0,0.0,0.0,14034.0,0.326115,1.0
14061.0,0.403554,0.398488,0.413829,0.413829,13.132194,1.225284,1.227293,5.0,5.0,18.548713,0.0,1.0,0.0,0.0,0.0,14044.0,0.338173,1.0
14071.0,0.403469,0.398401,0.413746,0.413746,13.134091,1.126368,1.128387,5.0,5.0,17.388919,0.0,1.0,0.0,0.0,0.0,14054.0,0.332218,1.0
14081.0,0.403387,0.398317,0.413663,0.413663,13.133542,1.153209,1.155216,5.0,5.0,17.703626,0.0,1.0,0.0,0.0,0.0,14064.0,0.331893,1.0
14091.0,0.403304,0.398232,0.413578,0.413578,13.132807,1.189059,1.191078,5.0,5.0,18.123924,0.0,1.0,0.0,0.0,0.0,14074.0,0.343868,1.0
14101.0,0.403222,0.398148,0.413497,0.413497,13.133967,1.128528,1.130567,5.0,5.0,17.414165,0.0,1.0,0.0,0.0,0.0,14084.0,0.343115,1.0
14111.0,0.403139,0.398064,0.413414,0.413414,13.132818,1.185787,1.187776,5.0,5.0,18.085499,0.0,1.0,0.0,0.0,0.0,14094.0,0.340193,1.0
14121.0,0.403055,0.397978,0.413328,0.413328,13.132023,1.224306,1.226214,5.0,5.0,18.537033,0.0,1.0,0.0,0.0,0.0,14104.0,0.338553,1.0
14131.0,0.402972,0.397893,0.413247,0.413247,13.132332,1.207002,1.208978,5.0,5.0,18.334152,0.0,1.0,0.0,0.0,0.0,14114.0,0.334785,1.0
14141.0,0.402889,0.397809,0.413165,0.413165,13.133104,1.166303,1.168277,5.0,5.0,17.856966,0.0,1.0,0.0,0.0,0.0,14124.0,0.330891,1.0
14151.0,0.402805,0.397723,0.413081,0.413081,13.132629,1.188625,1.19058,5.0,5.0,18.11864,0.0,1.0,0.0,0.0,0.0,14134.0,0.32407,1.0
14161.0,0.402722,0.397638,0.412996,0.412996,13.132259,1.205636,1.207732,5.0,5.0,18.318022,0.0,1.0,0.0,0.0,0.0,14144.0,0.340338,1.0
14171.0,0.402639,0.397553,0.41291,0.41291,13.132643,1.184464,1.18653,5.0,5.0,18.06978,0.0,1.0,0.0,0.0,0.0,14154.0,0.340206,1.0
14181.0,0.402554,0.397467,0.412826,0.412826,13.132129,1.208754,1.210805,5.0,5.0,18.354502,0.0,1.0,0.0,0.0,0.0,14164.0,0.341487,1.0
14191.0,0.402471,0.397382,0.412742,0.412742,13.131779,1.224782,1.226753,5.0,5.0,18.542356,0.0,1.0,0.0,0.0,0.0,14174.0,0.336354,1.0
14201.0,0.402387,0.397297,0.41266,0.41266,13.132759,1.173071,1.175026,5.0,5.0,17.93609,0.0,1.0,0.0,0.0,0.0,14184.0,0.333907,1.0
14211.0,0.402303,0.397211,0.412574,0.412574,13.131983,1.210622,1.212529,5.0,5.0,18.376279,0.0,1.0,0.0,0.0,0.0,14194.0,0.331621,1.0
14221.0,0.402219,0.397124,0.41249,0.41249,13.131907,1.212463,1.214273,5.0,5.0,18.397826,0.0,1.0,0.0,0.0,0.0,14204.0,0.33841,1.0
14231.0,0.402136,0.39704,0.412404,0.412404,13.132417,1.184864,1.186821,5.0,5.0,18.074237,0.0,1.0,0.0,0.0,0.0,14214.0,0.339557,1.0
14241.0,0.402051,0.396954,0.412318,0.412318,13.131645,1.222363,1.224262,5.0,5.0,18.513802,0.0,1.0,0.0,0.0,0.0,14224.0,0.32792,1.0
14251.0,0.401968,0.396869,0.412234,0.412234,13.133212,1.140754,1.142798,5.0,5.0,17.557001,0.0,1.0,0.0,0.0,0.0,14234.0,0.342305,1.0
14261.0,0.401884,0.396783,0.41215,0.41215,13.132432,1.178725,1.180799,5.0,5.0,18.002152,0.0,1.0,0.0,0.0,0.0,14244.0,0.347224,1.0
14271.0,0.401801,0.396698,0.412068,0.412068,13.132671,1.164858,1.166845,5.0,5.0,17.839538,0.0,1.0,0.0,0.0,0.0,14254.0,0.341953,1.0
14281.0,0.401717,0.396613,0.411984,0.411984,13.13273,1.160196,1.162318,5.0,5.0,17.784848,0.0,1.0,0.0,0.0,0.0,14264.0,0.33487,1.0
14291.0,0.401633,0.396527,0.411897,0.411897,13.132118,1.189513,1.191473,5.0,5.0,18.128518,0.0,1.0,0.0,0.0,0.0,14274.0,0.337517,1.0
14301.0,0.401548,0.39644,0.411813,0.411813,13.132349,1.17528,1.17731,5.0,5.0,17.961602,0.0,1.0,0.0,0.0,0.0,14284.0,0.335433,1.0
14311.0,0.401464,0.396355,0.41173,0.41173,13.132614,1.160148,1.16211,5.0,5.0,17.784163,0.0,1.0,0.0,0.0,0.0,14294.0,0.335076,1.0
14321.0,0.40138,0.396268,0.411646,0.411646,13.131567,1.21164,1.213713,5.0,5.0,18.387793,0.0,1.0,0.0,0.0,0.0,14304.0,0.33435,1.0
14331.0,0.401296,0.396183,0.41156,0.41156,13.132304,1.172215,1.174216,5.0,5.0,17.925567,0.0,1.0,0.0,0.0,0.0,14314.0,0.337437,1.0
14341.0,0.401212,0.396097,0.411475,0.411475,13.132369,1.167058,1.169025,5.0,5.0,17.865069,0.0,1.0,0.0,0.0,0.0,14324.0,0.323603,1.0
14351.0,0.401129,0.396012,0.411393,0.411393,13.132145,1.176925,1.178909,5.0,5.0,17.980714,0.0,1.0,0.0,0.0,0.0,14334.0,0.338245,1.0
14361.0,0.401046,0.395927,0.411311,0.411311,13.132539,1.155209,1.157189,5.0,5.0,17.726077,0.0,1.0,0.0,0.0,0.0,14344.0,0.329262,1.0
14371.0,0.400962,0.395842,0.411225,0.411225,13.131627,1.200233,1.202292,5.0,5.0,18.253897,0.0,1.0,0.0,0.0,0.0,14354.0,0.326257,1.0
14381.0,0.400879,0.395757,0.411142,0.411142,13.131948,1.182225,1.184329,5.0,5.0,18.04275,0.0,1.0,0.0,0.0,0.0,14364.0,0.333416,1.0
14391.0,0.400795,0.395671,0.411058,0.411058,13.131661,1.195018,1.197162,5.0,5.0,18.192682,0.0,1.0,0.0,0.0,0.0,14374.0,0.328085,1.0
14401.0,0.400711,0.395586,0.410972,0.410972,13.131914,1.18046,1.18244,5.0,5.0,18.021982,0.0,1.0,0.0,0.0,0.0,14384.0,0.338757,1.0
14411.0,0.400628,0.395501,0.41089,0.41089,13.132145,1.167124,1.169233,5.0,5.0,17.865602,0.0,1.0,0.0,0.0,0.0,14394.0,0.340829,1.0
14421.0,0.400543,0.395414,0.410803,0.410803,13.130578,1.244776,1.246896,5.0,5.0,18.775829,0.0,1.0,0.0,0.0,0.0,14404.0,0.334642,1.0
14431.0,0.400459,0.395328,0.410719,0.410719,13.132078,1.166515,1.168444,5.0,5.0,17.858383,0.0,1.0,0.0,0.0,0.0,14414.0,0.336116,1.0
14441.0,0.400377,0.395244,0.410639,0.410639,13.132177,1.160327,1.162193,5.0,5.0,17.785818,0.0,1.0,0.0,0.0,0.0,14424.0,0.342962,1.0
14451.0,0.400294,0.39516,0.410557,0.410557,13.132139,1.160914,1.162837,5.0,5.0,17.792666,0.0,1.0,0.0,0.0,0.0,14434.0,0.341706,1.0
14461.0,0.400212,0.395076,0.410476,0.410476,13.132097,1.161708,1.163626,5.0,5.0,17.801946,0.0,1.0,0.0,0.0,0.0,14444.0,0.347962,1.0
14471.0,0.400129,0.394991,0.410394,0.410394,13.13211,1.159431,1.161404,5.0,5.0,17.775218,0.0,1.0,0.0,0.0,0.0,14454.0,0.338581,1.0
14481.0,0.400045,0.394906,0.410311,0.410311,13.131231,1.202753,1.204783,5.0,5.0,18.283065,0.0,1.0,0.0,0.0,0.0,14464.0,0.330619,1.0
14491.0,0.399961,0.39482,0.410226,0.410226,13.131454,1.189232,1.191286,5.0,5.0,18.124509,0.0,1.0,0.0,0.0,0.0,14474.0,0.3373,1.0
14501.0,0.399877,0.394734,0.410142,0.410142,13.13154,1.18286,1.184682,5.0,5.0,18.04977,0.0,1.0,0.0,0.0,0.0,14484.0,0.343091,1.0
14511.0,0.399793,0.394648,0.410058,0.410058,13.131485,1.183864,1.185762,5.0,5.0,18.061505,0.0,1.0,0.0,0.0,0.0,14494.0,0.334321,1.0
14521.0,0.399708,0.394562,0.409973,0.409973,13.13125,1.193829,1.195688,5.0,5.0,18.178276,0.0,1.0,0.0,0.0,0.0,14504.0,0.326963,1.0
14531.0,0.399625,0.394477,0.409888,0.409888,13.131339,1.187734,1.189687,5.0,5.0,18.106799,0.0,1.0,0.0,0.0,0.0,14514.0,0.345334,1.0
14541.0,0.399542,0.394392,0.409807,0.409807,13.131834,1.160837,1.162795,5.0,5.0,17.791448,0.0,1.0,0.0,0.0,0.0,14524.0,0.33728,1.0
14551.0,0.399458,0.394306,0.409724,0.409724,13.131321,1.185274,1.187236,5.0,5.0,18.077896,0.0,1.0,0.0,0.0,0.0,14534.0,0.343143,1.0
14561.0,0.399374,0.394221,0.409638,0.409638,13.131411,1.178932,1.181235,5.0,5.0,18.003508,0.0,1.0,0.0,0.0,0.0,14544.0,0.339615,1.0
14571.0,0.399292,0.394137,0.409558,0.409558,13.131016,1.197867,1.199862,5.0,5.0,18.225453,0.0,1.0,0.0,0.0,0.0,14554.0,0.331851,1.0
14581.0,0.399207,0.39405,0.40947,0.40947,13.131327,1.179855,1.1819,5.0,5.0,18.014262,0.0,1.0,0.0,0.0,0.0,14564.0,0.337385,1.0
14591.0,0.399123,0.393965,0.409387,0.409387,13.13217,1.135103,1.137191,5.0,5.0,17.489563,0.0,1.0,0.0,0.0,0.0,14574.0,0.338997,1.0
14601.0,0.399039,0.393879,0.409304,0.409304,13.131103,1.187757,1.189811,5.0,5.0,18.106816,0.0,1.0,0.0,0.0,0.0,14584.0,0.336964,1.0
14611.0,0.398957,0.393795,0.409222,0.409222,13.131357,1.173492,1.175462,5.0,5.0,17.939563,0.0,1.0,0.0,0.0,0.0,14594.0,0.33883,1.0
14621.0,0.398874,0.39371,0.409139,0.409139,13.132058,1.136268,1.138271,5.0,5.0,17.503133,0.0,1.0,0.0,0.0,0.0,14604.0,0.333796,1.0
14631.0,0.39879,0.393624,0.409055,0.409055,13.130788,1.199053,1.20117,5.0,5.0,18.239136,0.0,1.0,0.0,0.0,0.0,14614.0,0.33902,1.0
14641.0,0.398706,0.393539,0.408973,0.408973,13.131406,1.16592,1.16807,5.0,5.0,17.850692,0.0,1.0,0.0,0.0,0.0,14624.0,0.339528,1.0
14651.0,0.398624,0.393455,0.408892,0.408892,13.131501,1.159724,1.161736,5.0,5.0,17.778034,0.0,1.0,0.0,0.0,0.0,14634.0,0.342927,1.0
14661.0,0.39854,0.393369,0.408809,0.408809,13.131775,1.143797,1.145809,5.0,5.0,17.591268,0.0,1.0,0.0,0.0,0.0,14644.0,0.329801,1.0
14671.0,0.398456,0.393284,0.408724,0.408724,13.13065,1.199614,1.201648,5.0,5.0,18.245579,0.0,1.0,0.0,0.0,0.0,14654.0,0.341094,1.0
14681.0,0.398372,0.393198,0.408639,0.408639,13.129809,1.240718,1.242556,5.0,5.0,18.727328,0.0,1.0,0.0,0.0,0.0,14664.0,0.330928,1.0
14691.0,0.398288,0.393112,0.408554,0.408554,13.130885,1.183873,1.185887,5.0,5.0,18.060981,0.0,1.0,0.0,0.0,0.0,14674.0,0.337411,1.0
14701.0,0.398205,0.393028,0.408471,0.408471,13.131856,1.132877,1.134741,5.0,5.0,17.463104,0.0,1.0,0.0,0.0,0.0,14684.0,0.333562,1.0
14711.0,0.398122,0.392943,0.408386,0.408386,13.131832,1.132497,1.134492,5.0,5.0,17.458617,0.0,1.0,0.0,0.0,0.0,14694.0,0.335688,1.0
14721.0,0.398038,0.392856,0.408301,0.408301,13.13185,1.129597,1.131481,5.0,5.0,17.424581,0.0,1.0,0.0,0.0,0.0,14704.0,0.337056,1.0
14731.0,0.397954,0.392771,0.408222,0.408222,13.130258,1.209078,1.211096,5.0,5.0,18.356283,0.0,1.0,0.0,0.0,0.0,14714.0,0.325284,1.0
14741.0,0.397871,0.392686,0.408138,0.408138,13.130307,1.20496,1.207026,5.0,5.0,18.307981,0.0,1.0,0.0,0.0,0.0,14724.0,0.336359,1.0
14751.0,0.397788,0.392601,0.408054,0.408054,13.130662,1.185273,1.187174,5.0,5.0,18.077187,0.0,1.0,0.0,0.0,0.0,14734.0,0.342484,1.0
14761.0,0.397704,0.392516,0.407968,0.407968,13.130672,1.18303,1.185181,5.0,5.0,18.050858,0.0,1.0,0.0,0.0,0.0,14744.0,0.334751,1.0
14771.0,0.39762,0.39243,0.407885,0.407885,13.130411,1.194438,1.196436,5.0,5.0,18.184536,0.0,1.0,0.0,0.0,0.0,14754.0,0.333987,1.0
14781.0,0.397537,0.392345,0.407801,0.407801,13.13148,1.138543,1.140618,5.0,5.0,17.529268,0.0,1.0,0.0,0.0,0.0,14764.0,0.338505,1.0
14791.0,0.397453,0.392259,0.407712,0.407712,13.130869,1.167614,1.169586,5.0,5.0,17.870029,0.0,1.0,0.0,0.0,0.0,14774.0,0.330686,1.0
14801.0,0.397369,0.392174,0.40763,0.40763,13.129865,1.217141,1.219174,5.0,5.0,18.450535,0.0,1.0,0.0,0.0,0.0,14784.0,0.339169,1.0
14811.0,0.397287,0.39209,0.407549,0.407549,13.130336,1.191912,1.193902,5.0,5.0,18.154793,0.0,1.0,0.0,0.0,0.0,14794.0,0.340488,1.0
14821.0,0.397203,0.392004,0.407465,0.407465,13.129724,1.221334,1.223182,5.0,5.0,18.499619,0.0,1.0,0.0,0.0,0.0,14804.0,0.329255,1.0
14831.0,0.39712,0.39192,0.407383,0.407383,13.130927,1.158625,1.160615,5.0,5.0,17.764534,0.0,1.0,0.0,0.0,0.0,14813.0,0.342016,1.0
14841.0,0.397037,0.391835,0.4073,0.4073,13.131104,1.1479,1.149817,5.0,5.0,17.63877,0.0,1.0,0.0,0.0,0.0,14823.0,0.348135,1.0
14851.0,0.396954,0.39175,0.407218,0.407218,13.130622,1.170984,1.173137,5.0,5.0,17.909349,0.0,1.0,0.0,0.0,0.0,14833.0,0.33363,1.0
14861.0,0.39687,0.391665,0.407136,0.407136,13.129701,1.216251,1.218385,5.0,5.0,18.439906,0.0,1.0,0.0,0.0,0.0,14843.0,0.335424,1.0
14871.0,0.396787,0.39158,0.407052,0.407052,13.131159,1.14013,1.142113,5.0,5.0,17.547577,0.0,1.0,0.0,0.0,0.0,14853.0,0.33815,1.0
14881.0,0.396704,0.391495,0.406967,0.406967,13.130584,1.167861,1.169897,5.0,5.0,17.872631,0.0,1.0,0.0,0.0,0.0,14863.0,0.340808,1.0
14891.0,0.396619,0.391408,0.406881,0.406881,13.129721,1.209754,1.211781,5.0,5.0,18.363643,0.0,1.0,0.0,0.0,0.0,14873.0,0.337056,1.0
14901.0,0.396536,0.391323,0.406799,0.406799,13.12999,1.194304,1.196415,5.0,5.0,18.182515,0.0,1.0,0.0,0.0,0.0,14883.0,0.343336,1.0
14911.0,0.396452,0.391237,0.406713,0.406713,13.131107,1.135405,1.137378,5.0,5.0,17.492031,0.0,1.0,0.0,0.0,0.0,14893.0,0.323423,1.0
14921.0,0.396368,0.391152,0.40663,0.40663,13.129993,1.190665,1.19276,5.0,5.0,18.139791,0.0,1.0,0.0,0.0,0.0,14903.0,0.347576,1.0
14931.0,0.396285,0.391067,0.406549,0.406549,13.12891,1.244337,1.246481,5.0,5.0,18.768822,0.0,1.0,0.0,0.0,0.0,14913.0,0.340137,1.0
14941.0,0.396202,0.390982,0.406465,0.406465,13.130159,1.178967,1.181028,5.0,5.0,18.002598,0.0,1.0,0.0,0.0,0.0,14923.0,0.338587,1.0
14951.0,0.396118,0.390896,0.406379,0.406379,13.130719,1.148453,1.150481,5.0,5.0,17.644863,0.0,1.0,0.0,0.0,0.0,14933.0,0.343027,1.0
14961.0,0.396035,0.390812,0.406293,0.406293,13.130263,1.170331,1.172347,5.0,5.0,17.901301,0.0,1.0,0.0,0.0,0.0,14943.0,0.333318,1.0
14971.0,0.395952,0.390728,0.406209,0.406209,13.130263,1.168965,1.170832,5.0,5.0,17.88526,0.0,1.0,0.0,0.0,0.0,14953.0,0.332931,1.0
14981.0,0.39587,0.390643,0.406126,0.406126,13.130281,1.166724,1.168755,5.0,5.0,17.858964,0.0,1.0,0.0,0.0,0.0,14962.0,0.350702,1.0
14991.0,0.395786,0.390558,0.406041,0.406041,13.130011,1.178533,1.180322,5.0,5.0,17.997346,0.0,1.0,0.0,0.0,0.0,14972.0,0.337609,1.0
15001.0,0.395703,0.390473,0.405957,0.405957,13.12949,1.203508,1.205593,5.0,5.0,18.290049,0.0,1.0,0.0,0.0,0.0,14982.0,0.326725,1.0
15011.0,0.39562,0.390388,0.405877,0.405877,13.129503,1.2014,1.203392,5.0,5.0,18.265314,0.0,1.0,0.0,0.0,0.0,14992.0,0.336524,1.0
15021.0,0.395537,0.390304,0.405792,0.405792,13.130056,1.171697,1.173593,5.0,5.0,17.917123,0.0,1.0,0.0,0.0,0.0,15002.0,0.342628,1.0
15031.0,0.395452,0.390217,0.405709,0.405709,13.128989,1.223852,1.225694,5.0,5.0,18.52838,0.0,1.0,0.0,0.0,0.0,15012.0,0.338064,1.0
15041.0,0.395369,0.390132,0.405626,0.405626,13.130165,1.16218,1.164249,5.0,5.0,17.805488,0.0,1.0,0.0,0.0,0.0,15022.0,0.324092,1.0
15051.0,0.395284,0.390045,0.405539,0.405539,13.128947,1.221891,1.223992,5.0,5.0,18.505314,0.0,1.0,0.0,0.0,0.0,15032.0,0.329024,1.0
15061.0,0.395199,0.389959,0.405457,0.405457,13.129159,1.209089,1.211117,5.0,5.0,18.355227,0.0,1.0,0.0,0.0,0.0,15042.0,0.337509,1.0
15071.0,0.395115,0.389873,0.405376,0.405376,13.129284,1.200691,1.202707,5.0,5.0,18.256753,0.0,1.0,0.0,0.0,0.0,15052.0,0.340895,1.0
15081.0,0.395032,0.389788,0.405291,0.405291,13.130245,1.150092,1.15208,5.0,5.0,17.663624,0.0,1.0,0.0,0.0,0.0,15062.0,0.341328,1.0
15091.0,0.394948,0.389702,0.405206,0.405206,13.130901,1.114869,1.116903,5.0,5.0,17.250668,0.0,1.0,0.0,0.0,0.0,15072.0,0.345031,1.0
15101.0,0.394865,0.389618,0.405124,0.405124,13.129438,1.188085,1.189998,5.0,5.0,18.108898,0.0,1.0,0.0,0.0,0.0,15082.0,0.341383,1.0
15111.0,0.394781,0.389532,0.405042,0.405042,13.129581,1.178982,1.180903,5.0,5.0,18.002164,0.0,1.0,0.0,0.0,0.0,15092.0,0.344134,1.0
15121.0,0.394697,0.389446,0.404957,0.404957,13.12941,1.185644,1.187631,5.0,5.0,18.080208,0.0,1.0,0.0,0.0,0.0,15102.0,0.331258,1.0
15131.0,0.394614,0.389362,0.404875,0.404875,13.128916,1.209546,1.211553,5.0,5.0,18.360335,0.0,1.0,0.0,0.0,0.0,15112.0,0.3421,1.0
15141.0,0.39453,0.389275,0.404794,0.404794,13.129791,1.16281,1.16483,5.0,5.0,17.812492,0.0,1.0,0.0,0.0,0.0,15122.0,0.334837,1.0
15151.0,0.394446,0.389189,0.40471,0.40471,13.129651,1.168083,1.170126,5.0,5.0,17.874259,0.0,1.0,0.0,0.0,0.0,15132.0,0.329352,1.0
15161.0,0.394364,0.389106,0.40463,0.40463,13.130677,1.114598,1.116488,5.0,5.0,17.24726,0.0,1.0,0.0,0.0,0.0,15142.0,0.333167,1.0
15171.0,0.394281,0.389021,0.404547,0.404547,13.129381,1.179356,1.181235,5.0,5.0,18.006342,0.0,1.0,0.0,0.0,0.0,15152.0,0.346021,1.0
15181.0,0.394197,0.388936,0.404465,0.404465,13.129185,1.187665,1.189562,5.0,5.0,18.103701,0.0,1.0,0.0,0.0,0.0,15162.0,0.33525,1.0
15191.0,0.394114,0.388851,0.404384,0.404384,13.128977,1.196672,1.198471,5.0,5.0,18.209239,0.0,1.0,0.0,0.0,0.0,15172.0,0.340913,1.0
15201.0,0.39403,0.388765,0.404302,0.404302,13.129865,1.149271,1.151353,5.0,5.0,17.653588,0.0,1.0,0.0,0.0,0.0,15182.0,0.328259,1.0
15211.0,0.393946,0.38868,0.404216,0.404216,13.128993,1.192117,1.194214,5.0,5.0,18.155772,0.0,1.0,0.0,0.0,0.0,15192.0,0.323329,1.0
15221.0,0.393861,0.388593,0.404131,0.404131,13.128616,1.209191,1.2112,5.0,5.0,18.355839,0.0,1.0,0.0,0.0,0.0,15202.0,0.335321,1.0
15231.0,0.393777,0.388506,0.404046,0.404046,13.128788,1.198238,1.200215,5.0,5.0,18.227416,0.0,1.0,0.0,0.0,0.0,15212.0,0.346776,1.0
15241.0,0.393692,0.38842,0.403962,0.403962,13.128678,1.201929,1.204057,5.0,5.0,18.270643,0.0,1.0,0.0,0.0,0.0,15222.0,0.337341,1.0
15251.0,0.393609,0.388335,0.40388,0.40388,13.129692,1.148606,1.150627,5.0,5.0,17.6456,0.0,1.0,0.0,0.0,0.0,15232.0,0.335449,1.0
15261.0,0.393525,0.38825,0.403797,0.403797,13.128779,1.193515,1.19548,5.0,5.0,18.171954,0.0,1.0,0.0,0.0,0.0,15242.0,0.336651,1.0
15271.0,0.393441,0.388164,0.403714,0.403714,13.1288,1.190635,1.192636,5.0,5.0,18.138161,0.0,1.0,0.0,0.0,0.0,15252.0,0.3407,1.0
15281.0,0.393358,0.388079,0.40363,0.40363,13.12957,1.149675,1.151706,5.0,5.0,17.658033,0.0,1.0,0.0,0.0,0.0,15262.0,0.339567,1.0
15291.0,0.393273,0.387993,0.403543,0.403543,13.129401,1.156284,1.158331,5.0,5.0,17.735461,0.0,1.0,0.0,0.0,0.0,15272.0,0.334808,1.0
15301.0,0.393188,0.387906,0.403458,0.403458,13.129131,1.167802,1.169814,5.0,5.0,17.870426,0.0,1.0,0.0,0.0,0.0,15282.0,0.338109,1.0
15311.0,0.393105,0.387821,0.403377,0.403377,13.129227,1.161461,1.163418,5.0,5.0,17.796069,0.0,1.0,0.0,0.0,0.0,15292.0,0.331115,1.0
15321.0,0.393023,0.387737,0.403294,0.403294,13.128495,1.197659,1.199654,5.0,5.0,18.220304,0.0,1.0,0.0,0.0,0.0,15302.0,0.32607,1.0
15331.0,0.392939,0.387651,0.403209,0.403209,13.128454,1.197881,1.199654,5.0,5.0,18.222875,0.0,1.0,0.0,0.0,0.0,15312.0,0.34518,1.0
15341.0,0.392855,0.387565,0.403124,0.403124,13.128551,1.19113,1.193217,5.0,5.0,18.143711,0.0,1.0,0.0,0.0,0.0,15322.0,0.336084,1.0
15351.0,0.39277,0.387479,0.403038,0.403038,13.128087,1.212672,1.214668,5.0,5.0,18.396136,0.0,1.0,0.0,0.0,0.0,15332.0,0.34367,1.0
15361.0,0.392687,0.387394,0.402952,0.402952,13.129952,1.115957,1.117962,5.0,5.0,17.262501,0.0,1.0,0.0,0.0,0.0,15342.0,0.334543,1.0
15371.0,0.392602,0.387308,0.402866,0.402866,13.128948,1.165308,1.167218,5.0,5.0,17.840942,0.0,1.0,0.0,0.0,0.0,15352.0,0.337895,1.0
15381.0,0.392519,0.387223,0.402784,0.402784,13.129372,1.142293,1.144355,5.0,5.0,17.571151,0.0,1.0,0.0,0.0,0.0,15362.0,0.335214,1.0
15391.0,0.392436,0.387138,0.402698,0.402698,13.128896,1.165035,1.167011,5.0,5.0,17.837683,0.0,1.0,0.0,0.0,0.0,15372.0,0.33639,1.0
15401.0,0.392352,0.387053,0.402614,0.402614,13.128104,1.203754,1.205842,5.0,5.0,18.291452,0.0,1.0,0.0,0.0,0.0,15382.0,0.340135,1.0
15411.0,0.392269,0.386968,0.402532,0.402532,13.129043,1.154375,1.156254,5.0,5.0,17.712671,0.0,1.0,0.0,0.0,0.0,15392.0,0.33006,1.0
15421.0,0.392186,0.386882,0.402451,0.402451,13.127562,1.228251,1.230242,5.0,5.0,18.578471,0.0,1.0,0.0,0.0,0.0,15402.0,0.344005,1.0
15431.0,0.392103,0.386798,0.402367,0.402367,13.128942,1.156347,1.15831,5.0,5.0,17.735729,0.0,1.0,0.0,0.0,0.0,15412.0,0.33127,1.0
15441.0,0.392019,0.386712,0.402282,0.402282,13.128963,1.153408,1.155424,5.0,5.0,17.701241,0.0,1.0,0.0,0.0,0.0,15422.0,0.33921,1.0
15451.0,0.391934,0.386626,0.402198,0.402198,13.129043,1.147467,1.149464,5.0,5.0,17.631565,0.0,1.0,0.0,0.0,0.0,15432.0,0.33515,1.0
15461.0,0.391851,0.386541,0.402114,0.402114,13.129243,1.135565,1.137503,5.0,5.0,17.49202,0.0,1.0,0.0,0.0,0.0,15442.0,0.338818,1.0
15471.0,0.391768,0.386456,0.402032,0.402032,13.129344,1.129004,1.131024,5.0,5.0,17.415086,0.0,1.0,0.0,0.0,0.0,15452.0,0.342512,1.0
15481.0,0.391685,0.386371,0.401952,0.401952,13.128846,1.152998,1.154946,5.0,5.0,17.69631,0.0,1.0,0.0,0.0,0.0,15462.0,0.328436,1.0
15491.0,0.391601,0.386286,0.401868,0.401868,13.128297,1.179309,1.181214,5.0,5.0,18.004648,0.0,1.0,0.0,0.0,0.0,15472.0,0.320711,1.0
15501.0,0.391518,0.386201,0.401787,0.401787,13.127499,1.218377,1.220337,5.0,5.0,18.462469,0.0,1.0,0.0,0.0,0.0,15482.0,0.347816,1.0
15511.0,0.391434,0.386115,0.401704,0.401704,13.128125,1.184631,1.186634,5.0,5.0,18.066958,0.0,1.0,0.0,0.0,0.0,15492.0,0.334826,1.0
15521.0,0.39135,0.38603,0.401622,0.401622,13.127835,1.197674,1.199675,5.0,5.0,18.219777,0.0,1.0,0.0,0.0,0.0,15502.0,0.348842,1.0
15531.0,0.391267,0.385944,0.401538,0.401538,13.128259,1.174314,1.176397,5.0,5.0,17.945969,0.0,1.0,0.0,0.0,0.0,15512.0,0.331397,1.0
15541.0,0.391183,0.385859,0.401454,0.401454,13.12879,1.145403,1.14745,5.0,5.0,17.607076,0.0,1.0,0.0,0.0,0.0,15522.0,0.327529,1.0
15551.0,0.391099,0.385773,0.401372,0.401372,13.128107,1.178392,1.180405,5.0,5.0,17.993688,0.0,1.0,0.0,0.0,0.0,15532.0,0.343872,1.0
15561.0,0.391014,0.385687,0.40129,0.40129,13.127764,1.193947,1.195958,5.0,5.0,18.175947,0.0,1.0,0.0,0.0,0.0,15542.0,0.331968,1.0
15571.0,0.390932,0.385602,0.401209,0.401209,13.127485,1.206804,1.208833,5.0,5.0,18.326585,0.0,1.0,0.0,0.0,0.0,15551.0,0.3277,1.0
15581.0,0.390849,0.385518,0.401126,0.401126,13.128051,1.176549,1.178556,5.0,5.0,17.971993,0.0,1.0,0.0,0.0,0.0,15561.0,0.337665,1.0
15591.0,0.390765,0.385432,0.401037,0.401037,13.127286,1.21361,1.215519,5.0,5.0,18.406279,0.0,1.0,0.0,0.0,0.0,15571.0,0.335174,1.0
15601.0,0.390681,0.385347,0.400955,0.400955,13.12829,1.160752,1.162837,5.0,5.0,17.786767,0.0,1.0,0.0,0.0,0.0,15581.0,0.334312,1.0
15611.0,0.390598,0.385262,0.400873,0.400873,13.128432,1.152019,1.154053,5.0,5.0,17.684382,0.0,1.0,0.0,0.0,0.0,15591.0,0.334462,1.0
15621.0,0.390514,0.385176,0.400788,0.400788,13.128028,1.170677,1.172804,5.0,5.0,17.903021,0.0,1.0,0.0,0.0,0.0,15601.0,0.340446,1.0
15631.0,0.390431,0.385091,0.400705,0.400705,13.128265,1.156952,1.159057,5.0,5.0,17.742127,0.0,1.0,0.0,0.0,0.0,15611.0,0.343326,1.0
15641.0,0.390347,0.385006,0.40062,0.40062,13.128303,1.153369,1.155278,5.0,5.0,17.700103,0.0,1.0,0.0,0.0,0.0,15621.0,0.331777,1.0
15651.0,0.390263,0.38492,0.400539,0.400539,13.127864,1.173946,1.176002,5.0,5.0,17.941231,0.0,1.0,0.0,0.0,0.0,15631.0,0.337886,1.0
15661.0,0.39018,0.384835,0.400456,0.400456,13.126767,1.228309,1.230304,5.0,5.0,18.578267,0.0,1.0,0.0,0.0,0.0,15641.0,0.336405,1.0
15671.0,0.390096,0.384749,0.400372,0.400372,13.12809,1.159123,1.161113,5.0,5.0,17.767438,0.0,1.0,0.0,0.0,0.0,15651.0,0.340257,1.0
15681.0,0.390012,0.384664,0.400286,0.400286,13.127521,1.186393,1.188441,5.0,5.0,18.087001,0.0,1.0,0.0,0.0,0.0,15661.0,0.338561,1.0
15691.0,0.38993,0.38458,0.400205,0.400205,13.128111,1.155062,1.157085,5.0,5.0,17.719775,0.0,1.0,0.0,0.0,0.0,15671.0,0.33598,1.0
15701.0,0.389846,0.384494,0.400119,0.400119,13.127401,1.189451,1.191452,5.0,5.0,18.122774,0.0,1.0,0.0,0.0,0.0,15681.0,0.335692,1.0
15711.0,0.389763,0.384409,0.400035,0.400035,13.127938,1.160407,1.162276,5.0,5.0,17.782359,0.0,1.0,0.0,0.0,0.0,15691.0,0.338326,1.0
15721.0,0.389679,0.384324,0.399951,0.399951,13.127136,1.199736,1.20171,5.0,5.0,18.243232,0.0,1.0,0.0,0.0,0.0,15701.0,0.338565,1.0
15731.0,0.389596,0.384238,0.399867,0.399867,13.127937,1.156985,1.159016,5.0,5.0,17.742181,0.0,1.0,0.0,0.0,0.0,15711.0,0.33772,1.0
15741.0,0.389512,0.384153,0.399785,0.399785,13.127033,1.201542,1.203724,5.0,5.0,18.264325,0.0,1.0,0.0,0.0,0.0,15721.0,0.333499,1.0
15751.0,0.389429,0.384068,0.399699,0.399699,13.128094,1.145736,1.147719,5.0,5.0,17.610272,0.0,1.0,0.0,0.0,0.0,15731.0,0.340946,1.0
15761.0,0.389345,0.383983,0.399617,0.399617,13.129052,1.095149,1.097217,5.0,5.0,17.017278,0.0,1.0,0.0,0.0,0.0,15741.0,0.328379,1.0
15771.0,0.389263,0.383899,0.399534,0.399534,13.127142,1.191294,1.193279,5.0,5.0,18.144138,0.0,1.0,0.0,0.0,0.0,15751.0,0.335532,1.0
15781.0,0.389179,0.383813,0.399454,0.399454,13.126734,1.210363,1.212446,5.0,5.0,18.367556,0.0,1.0,0.0,0.0,0.0,15761.0,0.348984,1.0
15791.0,0.389095,0.383727,0.39937,0.39937,13.127349,1.177063,1.178972,5.0,5.0,17.977287,0.0,1.0,0.0,0.0,0.0,15771.0,0.342961,1.0
15801.0,0.389011,0.383642,0.399286,0.399286,13.12798,1.143094,1.144999,5.0,5.0,17.579132,0.0,1.0,0.0,0.0,0.0,15781.0,0.337528,1.0
15811.0,0.388927,0.383556,0.399202,0.399202,13.126661,1.208576,1.210619,5.0,5.0,18.346504,0.0,1.0,0.0,0.0,0.0,15791.0,0.336224,1.0
15821.0,0.388844,0.383471,0.399119,0.399119,13.128034,1.136879,1.138915,5.0,5.0,17.506221,0.0,1.0,0.0,0.0,0.0,15801.0,0.335617,1.0
15831.0,0.38876,0.383386,0.399034,0.399034,13.127885,1.142723,1.144792,5.0,5.0,17.574684,0.0,1.0,0.0,0.0,0.0,15811.0,0.344741,1.0
15841.0,0.388677,0.383301,0.398951,0.398951,13.12867,1.101119,1.103053,5.0,5.0,17.087003,0.0,1.0,0.0,0.0,0.0,15821.0,0.331577,1.0
15851.0,0.388594,0.383216,0.398869,0.398869,13.127843,1.141763,1.143732,5.0,5.0,17.563368,0.0,1.0,0.0,0.0,0.0,15831.0,0.33435,1.0
15861.0,0.38851,0.383131,0.398784,0.398784,13.127238,1.170839,1.17268,5.0,5.0,17.904104,0.0,1.0,0.0,0.0,0.0,15841.0,0.336795,1.0
15871.0,0.388427,0.383045,0.3987,0.3987,13.127074,1.177397,1.179387,5.0,5.0,17.980916,0.0,1.0,0.0,0.0,0.0,15851.0,0.341393,1.0
15881.0,0.388343,0.38296,0.398616,0.398616,13.128345,1.110898,1.112854,5.0,5.0,17.201491,0.0,1.0,0.0,0.0,0.0,15861.0,0.336929,1.0
15891.0,0.388259,0.382874,0.398533,0.398533,13.127518,1.151268,1.153222,5.0,5.0,17.674626,0.0,1.0,0.0,0.0,0.0,15871.0,0.342915,0.0
15901.0,0.388177,0.38279,0.398449,0.398449,13.127999,1.125264,1.127224,5.0,5.0,17.369821,0.0,1.0,0.0,0.0,0.0,15881.0,0.329227,1.0
15911.0,0.388093,0.382705,0.398367,0.398367,13.127501,1.149039,1.150938,5.0,5.0,17.648442,0.0,1.0,0.0,0.0,0.0,15891.0,0.340015,1.0
15921.0,0.38801,0.38262,0.398285,0.398285,13.126578,1.194544,1.196539,5.0,5.0,18.181688,0.0,1.0,0.0,0.0,0.0,15901.0,0.333857,1.0
15931.0,0.387925,0.382533,0.398199,0.398199,13.126842,1.178955,1.180903,5.0,5.0,17.998964,0.0,1.0,0.0,0.0,0.0,15911.0,0.340496,1.0
15941.0,0.387841,0.382447,0.398113,0.398113,13.126613,1.188679,1.190621,5.0,5.0,18.112873,0.0,1.0,0.0,0.0,0.0,15921.0,0.329376,1.0
15951.0,0.387757,0.382362,0.398027,0.398027,13.12751,1.141036,1.143006,5.0,5.0,17.554492,0.0,1.0,0.0,0.0,0.0,15931.0,0.334361,1.0
15961.0,0.387674,0.382277,0.397944,0.397944,13.126923,1.169547,1.171455,5.0,5.0,17.888598,0.0,1.0,0.0,0.0,0.0,15941.0,0.3312,1.0
15971.0,0.38759,0.382191,0.397859,0.397859,13.126469,1.190652,1.192781,5.0,5.0,18.135878,0.0,1.0,0.0,0.0,0.0,15951.0,0.340107,1.0
15981.0,0.387506,0.382106,0.397776,0.397776,13.12669,1.17782,1.179657,5.0,5.0,17.985476,0.0,1.0,0.0,0.0,0.0,15961.0,0.33555,1.0
15991.0,0.387423,0.38202,0.39769,0.39769,13.126904,1.1651,1.167115,5.0,5.0,17.83638,0.0,1.0,0.0,0.0,0.0,15971.0,0.342669,1.0
16001.0,0.387339,0.381935,0.397605,0.397605,13.126022,1.208488,1.210452,5.0,5.0,18.344779,0.0,1.0,0.0,0.0,0.0,15981.0,0.330994,1.0
16011.0,0.387255,0.381849,0.397519,0.397519,13.127144,1.149325,1.151353,5.0,5.0,17.65143,0.0,1.0,0.0,0.0,0.0,15991.0,0.336067,1.0
16021.0,0.387171,0.381763,0.397437,0.397437,13.125747,1.218724,1.220731,5.0,5.0,18.464643,0.0,1.0,0.0,0.0,0.0,16001.0,0.347871,1.0
16031.0,0.387086,0.381677,0.397349,0.397349,13.126946,1.155483,1.157479,5.0,5.0,17.723513,0.0,1.0,0.0,0.0,0.0,16011.0,0.32598,1.0
16041.0,0.387004,0.381593,0.397268,0.397268,13.128149,1.092811,1.094746,5.0,5.0,16.988952,0.0,1.0,0.0,0.0,0.0,16021.0,0.333756,1.0
16051.0,0.38692,0.381507,0.397185,0.397185,13.126626,1.168699,1.170603,5.0,5.0,17.878332,0.0,1.0,0.0,0.0,0.0,16031.0,0.339091,1.0
16061.0,0.386837,0.381423,0.3971,0.3971,13.126985,1.149085,1.151083,5.0,5.0,17.648445,0.0,1.0,0.0,0.0,0.0,16041.0,0.337918,1.0
16071.0,0.386754,0.381338,0.397014,0.397014,13.125841,1.20597,1.207981,5.0,5.0,18.315024,0.0,1.0,0.0,0.0,0.0,16050.0,0.353055,1.0
16081.0,0.386671,0.381253,0.396931,0.396931,13.124634,1.265875,1.267807,5.0,5.0,19.016867,0.0,1.0,0.0,0.0,0.0,16060.0,0.328284,1.0
16091.0,0.386587,0.381168,0.396849,0.396849,13.127323,1.12698,1.12903,5.0,5.0,17.389283,0.0,1.0,0.0,0.0,0.0,16070.0,0.334886,1.0
16101.0,0.386504,0.381082,0.396768,0.396768,13.126206,1.182387,1.184412,5.0,5.0,18.038581,0.0,1.0,0.0,0.0,0.0,16080.0,0.339166,1.0
16111.0,0.38642,0.380997,0.396687,0.396687,13.125889,1.196628,1.198658,5.0,5.0,18.205412,0.0,1.0,0.0,0.0,0.0,16090.0,0.339892,1.0
16121.0,0.386336,0.380911,0.396607,0.396607,13.126039,1.187295,1.18923,5.0,5.0,18.09602,0.0,1.0,0.0,0.0,0.0,16100.0,0.336759,1.0
16131.0,0.386251,0.380825,0.39652,0.39652,13.126598,1.156588,1.158559,5.0,5.0,17.736134,0.0,1.0,0.0,0.0,0.0,16110.0,0.331257,1.0
16141.0,0.386168,0.38074,0.396437,0.396437,13.126464,1.161935,1.163979,5.0,5.0,17.798762,0.0,1.0,0.0,0.0,0.0,16120.0,0.343645,1.0
16151.0,0.386085,0.380655,0.396351,0.396351,13.126574,1.154707,1.156711,5.0,5.0,17.714021,0.0,1.0,0.0,0.0,0.0,16130.0,0.338082,1.0
16161.0,0.386001,0.380569,0.396268,0.396268,13.125711,1.196899,1.198928,5.0,5.0,18.208407,0.0,1.0,0.0,0.0,0.0,16140.0,0.335203,1.0
16171.0,0.385917,0.380483,0.396185,0.396185,13.125749,1.193157,1.19519,5.0,5.0,18.164522,0.0,1.0,0.0,0.0,0.0,16150.0,0.33581,1.0
16181.0,0.385835,0.380399,0.396103,0.396103,13.126378,1.159759,1.161778,5.0,5.0,17.773133,0.0,1.0,0.0,0.0,0.0,16160.0,0.329268,1.0
16191.0,0.385751,0.380313,0.396017,0.396017,13.126314,1.161102,1.163086,5.0,5.0,17.788823,0.0,1.0,0.0,0.0,0.0,16170.0,0.337345,1.0
16201.0,0.385697,0.380259,0.395935,0.395935,13.20837,-3.017722,-3.015415,60.0,60.0,17.699233,0.0,1.0,0.0,0.0,0.0,16180.0,0.3658,1.0
16211.0,0.385908,0.380474,0.396251,0.396251,13.210312,-3.008649,-3.006341,60.0,60.0,17.801183,0.0,1.0,0.0,0.0,0.0,16190.0,0.365874,1.0
16221.0,0.386119,0.380689,0.396566,0.396566,13.212465,-3.015438,-3.01309,60.0,60.0,17.715175,0.0,1.0,0.0,0.0,0.0,16200.0,0.351635,1.0
16231.0,0.386331,0.380904,0.396881,0.396881,13.213959,-2.993461,-2.991099,60.0,60.0,17.97086,0.0,1.0,0.0,0.0,0.0,16210.0,0.371709,1.0
16241.0,0.386541,0.381118,0.397194,0.397194,13.214526,-2.929145,-2.926912,60.0,60.0,18.72942,0.0,1.0,0.0,0.0,0.0,16220.0,0.355169,1.0
16251.0,0.386751,0.381332,0.397506,0.397506,13.216649,-2.948478,-2.946121,60.0,60.0,18.495344,0.0,1.0,0.0,0.0,0.0,16230.0,0.352223,1.0
16261.0,0.386962,0.381547,0.397821,0.397821,13.218879,-2.977266,-2.974985,60.0,60.0,18.149142,0.0,1.0,0.0,0.0,0.0,16240.0,0.362707,1.0
16271.0,0.387172,0.381761,0.398123,0.398123,13.219704,-2.93829,-2.936112,60.0,60.0,18.607739,0.0,1.0,0.0,0.0,0.0,16249.0,0.362406,1.0
16281.0,0.387384,0.381977,0.398433,0.398433,13.222511,-3.003946,-3.001689,60.0,60.0,17.82398,0.0,1.0,0.0,0.0,0.0,16259.0,0.372583,1.0
16291.0,0.387594,0.382191,0.398744,0.398744,13.224704,-3.04223,-3.039774,60.0,60.0,17.365291,0.0,1.0,0.0,0.0,0.0,16269.0,0.363816,1.0
16301.0,0.387806,0.382407,0.399058,0.399058,13.22506,-2.989434,-2.98707,60.0,60.0,17.988765,0.0,1.0,0.0,0.0,0.0,16279.0,0.357848,1.0
16311.0,0.388017,0.382622,0.399371,0.399371,13.226591,-3.000454,-2.998242,60.0,60.0,17.854323,0.0,1.0,0.0,0.0,0.0,16289.0,0.365444,1.0
16321.0,0.388228,0.382837,0.399682,0.399682,13.226481,-2.930481,-2.928158,60.0,60.0,18.682306,0.0,1.0,0.0,0.0,0.0,16299.0,0.349954,1.0
16331.0,0.388438,0.383051,0.39999,0.39999,13.227548,-2.924124,-2.921866,60.0,60.0,18.754702,0.0,1.0,0.0,0.0,0.0,16309.0,0.363133,1.0
16341.0,0.38865,0.383267,0.400299,0.400299,13.230451,-3.013515,-3.011242,60.0,60.0,17.689424,0.0,1.0,0.0,0.0,0.0,16319.0,0.366998,1.0
16351.0,0.388862,0.383482,0.400609,0.400609,13.230821,-2.976216,-2.973822,60.0,60.0,18.129773,0.0,1.0,0.0,0.0,0.0,16329.0,0.358096,1.0
16361.0,0.389073,0.383697,0.400915,0.400915,13.23345,-3.057007,-3.054642,60.0,60.0,17.166621,0.0,1.0,0.0,0.0,0.0,16339.0,0.37508,1.0
16371.0,0.389285,0.383913,0.401225,0.401225,13.233053,-2.985481,-2.983104,60.0,60.0,18.014178,0.0,1.0,0.0,0.0,0.0,16349.0,0.352843,1.0
16381.0,0.389495,0.384128,0.401531,0.401531,13.232988,-2.93368,-2.931377,60.0,60.0,18.627396,0.0,1.0,0.0,0.0,0.0,16359.0,0.367685,1.0
16391.0,0.389706,0.384343,0.401837,0.401837,13.2349,-2.984805,-2.982481,60.0,60.0,18.017254,0.0,1.0,0.0,0.0,0.0,16369.0,0.369431,1.0
16401.0,0.389917,0.384557,0.402142,0.402142,13.235333,-2.962681,-2.960387,60.0,60.0,18.277966,0.0,1.0,0.0,0.0,0.0,16379.0,0.361336,1.0
16411.0,0.390128,0.384772,0.402448,0.402448,13.236927,-3.001429,-2.999177,60.0,60.0,17.81504,0.0,1.0,0.0,0.0,0.0,16389.0,0.361113,1.0
16421.0,0.390338,0.384986,0.402744,0.402744,13.23654,-2.941615,-2.939185,60.0,60.0,18.524144,0.0,1.0,0.0,0.0,0.0,16398.0,0.357061,1.0
16431.0,0.390548,0.3852,0.403047,0.403047,13.238083,-2.981664,-2.979159,60.0,60.0,18.045939,0.0,1.0,0.0,0.0,0.0,16408.0,0.363137,1.0
16441.0,0.390759,0.385415,0.403352,0.403352,13.239761,-3.030046,-3.027792,60.0,60.0,17.468593,0.0,1.0,0.0,0.0,0.0,16418.0,0.366623,1.0
16451.0,0.390971,0.385631,0.403657,0.403657,13.239751,-2.993653,-2.991431,60.0,60.0,17.899532,0.0,1.0,0.0,0.0,0.0,16428.0,0.369442,1.0
16461.0,0.391183,0.385847,0.403958,0.403958,13.240574,-3.001341,-2.999073,60.0,60.0,17.806298,0.0,1.0,0.0,0.0,0.0,16438.0,0.358161,1.0
16471.0,0.391394,0.386061,0.404261,0.404261,13.241284,-3.00506,-3.002831,60.0,60.0,17.760352,0.0,1.0,0.0,0.0,0.0,16448.0,0.359022,1.0
16481.0,0.391605,0.386276,0.404563,0.404563,13.240926,-2.955557,-2.953139,60.0,60.0,18.347507,0.0,1.0,0.0,0.0,0.0,16458.0,0.362864,1.0
16491.0,0.391815,0.386491,0.404861,0.404861,13.243097,-3.036704,-3.034395,60.0,60.0,17.380696,0.0,1.0,0.0,0.0,0.0,16468.0,0.357468,1.0
16501.0,0.392024,0.386704,0.405159,0.405159,13.241781,-2.941461,-2.939143,60.0,60.0,18.512179,0.0,1.0,0.0,0.0,0.0,16478.0,0.354677,1.0
16511.0,0.392235,0.386919,0.405457,0.405457,13.24312,-2.982444,-2.980218,60.0,60.0,18.023273,0.0,1.0,0.0,0.0,0.0,16488.0,0.360111,1.0
16521.0,0.392446,0.387133,0.405756,0.405756,13.242813,-2.940592,-2.938271,60.0,60.0,18.51975,0.0,1.0,0.0,0.0,0.0,16498.0,0.354569,1.0
16531.0,0.392656,0.387347,0.406055,0.406055,13.245269,-3.040888,-3.038548,60.0,60.0,17.325245,0.0,1.0,0.0,0.0,0.0,16508.0,0.367744,1.0
16541.0,0.392866,0.387561,0.406352,0.406352,13.244248,-2.964711,-2.962339,60.0,60.0,18.230305,0.0,1.0,0.0,0.0,0.0,16518.0,0.365967,1.0
16551.0,0.393077,0.387776,0.406648,0.406648,13.24494,-2.97674,-2.974569,60.0,60.0,18.08598,0.0,1.0,0.0,0.0,0.0,16528.0,0.365377,1.0
16561.0,0.393288,0.387992,0.406944,0.406944,13.246182,-3.017664,-3.015436,60.0,60.0,17.59787,0.0,1.0,0.0,0.0,0.01123,16538.0,0.358491,1.0
16571.0,0.393499,0.388206,0.407241,0.407241,13.245938,-2.983928,-2.981651,60.0,60.0,17.998169,0.0,1.0,0.0,0.0,0.01123,16548.0,0.364974,1.0
16581.0,0.39371,0.38842,0.407534,0.407534,13.247368,-3.036283,-3.03398,60.0,60.0,17.37409,0.0,1.0,0.0,0.0,0.01123,16558.0,0.363991,1.0
16591.0,0.39392,0.388635,0.407831,0.407831,13.24753,-3.024752,-3.02231,60.0,60.0,17.510268,0.0,1.0,0.0,0.0,0.01123,16568.0,0.358132,1.0
16601.0,0.394133,0.388851,0.40812,0.40812,13.247846,-3.02124,-3.018987,60.0,60.0,17.551024,0.0,1.0,0.0,0.0,0.01123,16577.0,0.368352,1.0
16611.0,0.394343,0.389065,0.408415,0.408415,13.247852,-3.003556,-3.001129,60.0,60.0,17.760519,0.0,1.0,0.0,0.0,0.01123,16587.0,0.362218,1.0
16621.0,0.394552,0.389279,0.40871,0.40871,13.248274,-3.00778,-3.005573,60.0,60.0,17.709343,0.0,1.0,0.0,0.0,0.036726,16597.0,0.355641,1.0
16631.0,0.394763,0.389493,0.409004,0.409004,13.248529,-3.004033,-3.00171,60.0,60.0,17.753052,0.0,1.0,0.0,0.0,0.036726,16607.0,0.362273,1.0
16641.0,0.394973,0.389707,0.409296,0.409296,13.248022,-2.962029,-2.959681,60.0,60.0,18.252072,0.0,1.0,0.0,0.0,0.036726,16617.0,0.357457,1.0
16651.0,0.395183,0.389921,0.40959,0.40959,13.248698,-2.980845,-2.978453,60.0,60.0,18.027332,0.0,1.0,0.0,0.0,0.036726,16627.0,0.351362,1.0
16661.0,0.395393,0.390135,0.409882,0.409882,13.248907,-2.976542,-2.974216,60.0,60.0,18.07777,0.0,1.0,0.0,0.0,0.036726,16637.0,0.368644,1.0
16671.0,0.395603,0.39035,0.410171,0.410171,13.249759,-3.005483,-3.003185,60.0,60.0,17.732561,0.0,1.0,0.0,0.0,0.036726,16647.0,0.348857,1.0
16681.0,0.395815,0.390565,0.410463,0.410463,13.250419,-3.024612,-3.022289,60.0,60.0,17.504107,0.0,1.0,0.0,0.0,0.060741,16657.0,0.361203,1.0
16691.0,0.396026,0.39078,0.410752,0.410752,13.250085,-2.993826,-2.991493,60.0,60.0,17.869812,0.0,1.0,0.0,0.0,0.060741,16667.0,0.359142,1.0
16701.0,0.396237,0.390995,0.41104,0.41104,13.25024,-2.988444,-2.986074,60.0,60.0,17.933174,0.0,1.0,0.0,0.0,0.060741,16677.0,0.352149,1.0
16711.0,0.396447,0.391209,0.411327,0.411327,13.249581,-2.942143,-2.939849,60.0,60.0,18.483576,0.0,1.0,0.0,0.0,0.060741,16687.0,0.359768,1.0
16721.0,0.396656,0.391422,0.411616,0.411616,13.250606,-2.98263,-2.980446,60.0,60.0,18.001095,0.0,1.0,0.0,0.0,0.060741,16697.0,0.367074,1.0
16731.0,0.396867,0.391637,0.411908,0.411908,13.250482,-2.964118,-2.961591,60.0,60.0,18.220794,0.0,1.0,0.0,0.0,0.060741,16707.0,0.36659,1.0
16741.0,0.397078,0.391852,0.412196,0.412196,13.25189,-3.024242,-3.021915,60.0,60.0,17.504515,0.0,1.0,0.0,0.0,0.083919,16717.0,0.353454,1.0
16751.0,0.397288,0.392066,0.412484,0.412484,13.251731,-3.004981,-3.002748,60.0,60.0,17.73321,0.0,1.0,0.0,0.0,0.083919,16727.0,0.351227,1.0
16761.0,0.397499,0.39228,0.412771,0.412771,13.250886,-2.950979,-2.94855,60.0,60.0,18.375429,0.0,1.0,0.0,0.0,0.083919,16737.0,0.36176,1.0
16771.0,0.39771,0.392496,0.413054,0.413054,13.25306,-3.05099,-3.048537,60.0,60.0,17.184321,0.0,1.0,0.0,0.0,0.083919,16747.0,0.362212,1.0
16781.0,0.39792,0.392709,0.413338,0.413338,13.251523,-2.962715,-2.960407,60.0,60.0,18.234672,0.0,1.0,0.0,0.0,0.083919,16757.0,0.363906,1.0
16791.0,0.39813,0.392924,0.413624,0.413624,13.251148,-2.93354,-2.931273,60.0,60.0,18.581409,0.0,1.0,0.0,0.0,0.083919,16767.0,0.355765,1.0
16801.0,0.398341,0.393138,0.413909,0.413909,13.253233,-3.030348,-3.028145,60.0,60.0,17.428511,0.0,1.0,0.0,0.0,0.105897,16777.0,0.358425,1.0
16811.0,0.39855,0.393352,0.414198,0.414198,13.252131,-2.964933,-2.962692,60.0,60.0,18.206774,0.0,1.0,0.0,0.0,0.105897,16787.0,0.348932,1.0
16821.0,0.398761,0.393566,0.414484,0.414484,13.253801,-3.041069,-3.038901,60.0,60.0,17.299896,0.0,1.0,0.0,0.0,0.105897,16797.0,0.37039,1.0
16831.0,0.398972,0.393781,0.414771,0.414771,13.253124,-2.997283,-2.994982,60.0,60.0,17.820706,0.0,1.0,0.0,0.0,0.105897,16807.0,0.360011,1.0
16841.0,0.399184,0.393997,0.415056,0.415056,13.252982,-2.980893,-2.978764,60.0,60.0,18.015351,0.0,1.0,0.0,0.0,0.105897,16817.0,0.361237,1.0
16851.0,0.399394,0.394211,0.415341,0.415341,13.25415,-3.031881,-3.029515,60.0,60.0,17.407855,0.0,1.0,0.0,0.0,0.105897,16827.0,0.365734,1.0
16861.0,0.399604,0.394425,0.415625,0.415625,13.252845,-2.957451,-2.955154,60.0,60.0,18.293558,0.0,1.0,0.0,0.0,0.127105,16837.0,0.348615,1.0
16871.0,0.399814,0.394639,0.415906,0.415906,13.253853,-3.000705,-2.998346,60.0,60.0,17.778196,0.0,1.0,0.0,0.0,0.127105,16847.0,0.37262,1.0
16881.0,0.400024,0.394853,0.416189,0.416189,13.253655,-2.982933,-2.980612,60.0,60.0,17.989377,0.0,1.0,0.0,0.0,0.127105,16857.0,0.3628,1.0
16891.0,0.400234,0.395067,0.416471,0.416471,13.254252,-3.005979,-3.003621,60.0,60.0,17.714602,0.0,1.0,0.0,0.0,0.127105,16867.0,0.357254,1.0
16901.0,0.400444,0.395281,0.416752,0.416752,13.25343,-2.956497,-2.954115,60.0,60.0,18.303317,0.0,1.0,0.0,0.0,0.127105,16877.0,0.362358,1.0
16911.0,0.400654,0.395495,0.417032,0.417032,13.254504,-3.004063,-3.001731,60.0,60.0,17.736646,0.0,1.0,0.0,0.0,0.127105,16887.0,0.363017,1.0
16921.0,0.400865,0.395709,0.417314,0.417314,13.254325,-2.987548,-2.985181,60.0,60.0,17.93288,0.0,1.0,0.0,0.0,0.146798,16897.0,0.361803,1.0
16931.0,0.401075,0.395923,0.417594,0.417594,13.254103,-2.969376,-2.967052,60.0,60.0,18.14888,0.0,1.0,0.0,0.0,0.146798,16907.0,0.362297,1.0
16941.0,0.401286,0.396138,0.417874,0.417874,13.253373,-2.925006,-2.922718,60.0,60.0,18.676716,0.0,1.0,0.0,0.0,0.146798,16917.0,0.368028,1.0
16951.0,0.401497,0.396353,0.418151,0.418151,13.255489,-3.025906,-3.02368,60.0,60.0,17.475061,0.0,1.0,0.0,0.0,0.146798,16927.0,0.367211,1.0
16961.0,0.401707,0.396567,0.41843,0.41843,13.254745,-2.981139,-2.978993,60.0,60.0,18.007737,0.0,1.0,0.0,0.0,0.146798,16937.0,0.352376,1.0
16971.0,0.401919,0.396782,0.418708,0.418708,13.255078,-2.991257,-2.989064,60.0,60.0,17.886902,0.0,1.0,0.0,0.0,0.146798,16947.0,0.369271,1.0
16981.0,0.40213,0.396998,0.418988,0.418988,13.254676,-2.963929,-2.96157,60.0,60.0,18.211919,0.0,1.0,0.0,0.0,0.166439,16957.0,0.360379,1.0
16991.0,0.40234,0.397212,0.419264,0.419264,13.255217,-2.985352,-2.983125,60.0,60.0,17.956535,0.0,1.0,0.0,0.0,0.166439,16967.0,0.350682,1.0
17001.0,0.402551,0.397426,0.419541,0.419541,13.255915,-3.014572,-3.012218,60.0,60.0,17.608268,0.0,1.0,0.0,0.0,0.166439,16977.0,0.355858,1.0
17011.0,0.402761,0.39764,0.419818,0.419818,13.254626,-2.942828,-2.940535,60.0,60.0,18.462185,0.0,1.0,0.0,0.0,0.166439,16987.0,0.364995,1.0
17021.0,0.402971,0.397855,0.420094,0.420094,13.255449,-2.9788,-2.976438,60.0,60.0,18.033585,0.0,1.0,0.0,0.0,0.166439,16997.0,0.358276,1.0
17031.0,0.403181,0.398069,0.420371,0.420371,13.255662,-2.983769,-2.981443,60.0,60.0,17.974115,0.0,1.0,0.0,0.0,0.166439,17007.0,0.368776,1.0
17041.0,0.403391,0.398283,0.420649,0.420649,13.255663,-2.977998,-2.97567,60.0,60.0,18.042522,0.0,1.0,0.0,0.0,0.184312,17017.0,0.365353,1.0
17051.0,0.403602,0.398497,0.420922,0.420922,13.256522,-3.015868,-3.013567,60.0,60.0,17.591266,0.0,1.0,0.0,0.0,0.184312,17027.0,0.351383,1.0
17061.0,0.403813,0.398713,0.421201,0.421201,13.256293,-2.998219,-2.995958,60.0,60.0,17.801119,0.0,1.0,0.0,0.0,0.184312,17037.0,0.362995,1.0
17071.0,0.404023,0.398926,0.421473,0.421473,13.256306,-2.993412,-2.990995,60.0,60.0,17.858075,0.0,1.0,0.0,0.0,0.184312,17047.0,0.362743,1.0
17081.0,0.404232,0.39914,0.421748,0.421748,13.256722,-3.009427,-3.007255,60.0,60.0,17.667086,0.0,1.0,0.0,0.0,0.184312,17057.0,0.360167,1.0
17091.0,0.404443,0.399354,0.422026,0.422026,13.256756,-3.00538,-3.00306,60.0,60.0,17.714974,0.0,1.0,0.0,0.0,0.184312,17067.0,0.353643,1.0
17101.0,0.404652,0.399567,0.422298,0.422298,13.257582,-3.042566,-3.040189,60.0,60.0,17.271865,0.0,1.0,0.0,0.0,0.201326,17077.0,0.359657,1.0
17111.0,0.404862,0.399781,0.42257,0.42257,13.255985,-2.955871,-2.953575,60.0,60.0,18.303976,0.0,1.0,0.0,0.0,0.201326,17087.0,0.366187,1.0
17121.0,0.405072,0.399995,0.422841,0.422841,13.257071,-3.005989,-3.003704,60.0,60.0,17.706912,0.0,1.0,0.0,0.0,0.201326,17097.0,0.363155,1.0
17131.0,0.405283,0.40021,0.423112,0.423112,13.256778,-2.985545,-2.983416,60.0,60.0,17.950082,0.0,1.0,0.0,0.0,0.201326,17107.0,0.368051,1.0
17141.0,0.405493,0.400424,0.423385,0.423385,13.256951,-2.989192,-2.987008,60.0,60.0,17.90638,0.0,1.0,0.0,0.0,0.201326,17117.0,0.363697,1.0
17151.0,0.405703,0.400638,0.423656,0.423656,13.255878,-2.929252,-2.926809,60.0,60.0,18.619826,0.0,1.0,0.0,0.0,0.201326,17127.0,0.35842,1.0
17161.0,0.405914,0.400853,0.423927,0.423927,13.257304,-2.996718,-2.994463,60.0,60.0,17.816207,0.0,1.0,0.0,0.0,0.217997,17137.0,0.353925,1.0
17171.0,0.406124,0.401066,0.424198,0.424198,13.256947,-2.973643,-2.97133,60.0,60.0,18.090731,0.0,1.0,0.0,0.0,0.217997,17147.0,0.364121,1.0
17181.0,0.406334,0.40128,0.424467,0.424467,13.256708,-2.956547,-2.954198,60.0,60.0,18.294047,0.0,1.0,0.0,0.0,0.217997,17157.0,0.356921,1.0
17191.0,0.406545,0.401495,0.424737,0.424737,13.257593,-2.99613,-2.99384,60.0,60.0,17.822401,0.0,1.0,0.0,0.0,0.217997,17167.0,0.349963,1.0
17201.0,0.406756,0.40171,0.425007,0.425007,13.258722,-3.048631,-3.046481,60.0,60.0,17.196845,0.0,1.0,0.0,0.0,0.217997,17177.0,0.35677,1.0
17211.0,0.406967,0.401925,0.425277,0.425277,13.257424,-2.976962,-2.974486,60.0,60.0,18.050109,0.0,1.0,0.0,0.0,0.217997,17187.0,0.355627,1.0
17221.0,0.407177,0.402139,0.425543,0.425543,13.257667,-2.984675,-2.982336,60.0,60.0,17.958019,0.0,1.0,0.0,0.0,0.234162,17196.0,0.364992,1.0
17231.0,0.407387,0.402353,0.42581,0.42581,13.257417,-2.966993,-2.964664,60.0,60.0,18.168334,0.0,1.0,0.0,0.0,0.234162,17206.0,0.365916,1.0
17241.0,0.4076,0.40257,0.426081,0.426081,13.258699,-3.026842,-3.02449,60.0,60.0,17.455268,0.0,1.0,0.0,0.0,0.234162,17216.0,0.355388,1.0
17251.0,0.407811,0.402785,0.426351,0.426351,13.257909,-2.981338,-2.979055,60.0,60.0,17.996942,0.0,1.0,0.0,0.0,0.234162,17226.0,0.37187,1.0
17261.0,0.408022,0.402999,0.426615,0.426615,13.257353,-2.948071,-2.945684,60.0,60.0,18.392845,0.0,1.0,0.0,0.0,0.234162,17236.0,0.371422,1.0
17271.0,0.408231,0.403213,0.42688,0.42688,13.257972,-2.975302,-2.972763,60.0,60.0,18.068335,0.0,1.0,0.0,0.0,0.234162,17246.0,0.354044,1.0
17281.0,0.408441,0.403427,0.427147,0.427147,13.25826,-2.9853,-2.982938,60.0,60.0,17.94903,0.0,1.0,0.0,0.0,0.249418,17256.0,0.365228,1.0
17291.0,0.408651,0.403641,0.427414,0.427414,13.259827,-3.060625,-3.0584,60.0,60.0,17.051603,0.0,1.0,0.0,0.0,0.249418,17266.0,0.358439,1.0
17301.0,0.408863,0.403856,0.427681,0.427681,13.258666,-2.996241,-2.994027,60.0,60.0,17.818213,0.0,1.0,0.0,0.0,0.249418,17276.0,0.357817,1.0
17311.0,0.409073,0.40407,0.427948,0.427948,13.258325,-2.974224,-2.972015,60.0,60.0,18.080181,0.0,1.0,0.0,0.0,0.249418,17286.0,0.370127,1.0
17321.0,0.409284,0.404285,0.428215,0.428215,13.259625,-3.035761,-3.033523,60.0,60.0,17.346993,0.0,1.0,0.0,0.0,0.249418,17296.0,0.358467,1.0
17331.0,0.409493,0.404498,0.428478,0.428478,13.25851,-2.974761,-2.972597,60.0,60.0,18.073322,0.0,1.0,0.0,0.0,0.249418,17306.0,0.368085,1.0
17341.0,0.409702,0.404711,0.428745,0.428745,13.258975,-2.994253,-2.992054,60.0,60.0,17.840958,0.0,1.0,0.0,0.0,0.263372,17316.0,0.371964,1.0
17351.0,0.409912,0.404925,0.429012,0.429012,13.257338,-2.906315,-2.904049,60.0,60.0,18.887951,0.0,1.0,0.0,0.0,0.263372,17326.0,0.362968,1.0
17361.0,0.410122,0.405139,0.429274,0.429274,13.259529,-3.013606,-3.011366,60.0,60.0,17.609978,0.0,1.0,0.0,0.0,0.263372,17336.0,0.365954,1.0
17371.0,0.410333,0.405354,0.429538,0.429538,13.259142,-2.98906,-2.986634,60.0,60.0,17.902083,0.0,1.0,0.0,0.0,0.263372,17346.0,0.358825,1.0
17381.0,0.410543,0.405568,0.429802,0.429802,13.258734,-2.963772,-2.961487,60.0,60.0,18.203029,0.0,1.0,0.0,0.0,0.263372,17356.0,0.351906,1.0
17391.0,0.410751,0.40578,0.430063,0.430063,13.258826,-2.964493,-2.962193,60.0,60.0,18.194235,0.0,1.0,0.0,0.0,0.263372,17366.0,0.36069,1.0
17401.0,0.410962,0.405995,0.430327,0.430327,13.260021,-3.020761,-3.018655,60.0,60.0,17.523808,0.0,1.0,0.0,0.0,0.276857,17376.0,0.358509,1.0
17411.0,0.411172,0.406209,0.430595,0.430595,13.259717,-3.000782,-2.998388,60.0,60.0,17.761547,0.0,1.0,0.0,0.0,0.276857,17386.0,0.368359,1.0
17421.0,0.411382,0.406423,0.430851,0.430851,13.259441,-2.982234,-2.979989,60.0,60.0,17.982232,0.0,1.0,0.0,0.0,0.276857,17395.0,0.358323,1.0
17431.0,0.411593,0.406637,0.431111,0.431111,13.260927,-3.053475,-3.051049,60.0,60.0,17.133382,0.0,1.0,0.0,0.0,0.276857,17405.0,0.366939,1.0
17441.0,0.411804,0.406852,0.431372,0.431372,13.259372,-2.969443,-2.967115,60.0,60.0,18.134086,0.0,1.0,0.0,0.0,0.276857,17415.0,0.358393,1.0
17451.0,0.412014,0.407066,0.431632,0.431632,13.259652,-2.979223,-2.976958,60.0,60.0,18.017367,0.0,1.0,0.0,0.0,0.276857,17425.0,0.359823,1.0
17461.0,0.412225,0.407281,0.431894,0.431894,13.259404,-2.961872,-2.959514,60.0,60.0,18.223783,0.0,1.0,0.0,0.0,0.290227,17435.0,0.353754,1.0
17471.0,0.412435,0.407495,0.432157,0.432157,13.260269,-3.001542,-2.999177,60.0,60.0,17.751047,0.0,1.0,0.0,0.0,0.290227,17445.0,0.357097,1.0
17481.0,0.412646,0.40771,0.432418,0.432418,13.260655,-3.016409,-3.014066,60.0,60.0,17.573698,0.0,1.0,0.0,0.0,0.290227,17455.0,0.360364,1.0
17491.0,0.412857,0.407925,0.432678,0.432678,13.26131,-3.045236,-3.042826,60.0,60.0,17.230053,0.0,1.0,0.0,0.0,0.290227,17465.0,0.351017,1.0
17501.0,0.413067,0.408139,0.432937,0.432937,13.26105,-3.027674,-3.0253,60.0,60.0,17.439038,0.0,1.0,0.0,0.0,0.290227,17475.0,0.366569,1.0
17511.0,0.413277,0.408353,0.433197,0.433197,13.260914,-3.016317,-3.014211,60.0,60.0,17.574092,0.0,1.0,0.0,0.0,0.290227,17485.0,0.356004,1.0
17521.0,0.413488,0.408568,0.433457,0.433457,13.26013,-2.971593,-2.96917,60.0,60.0,18.106574,0.0,1.0,0.0,0.0,0.303162,17495.0,0.35807,1.0
17531.0,0.413698,0.408781,0.433716,0.433716,13.259781,-2.949729,-2.947533,60.0,60.0,18.366783,0.0,1.0,0.0,0.0,0.303162,17505.0,0.356782,1.0
17541.0,0.413909,0.408996,0.433977,0.433977,13.26181,-3.048457,-3.046128,60.0,60.0,17.190492,0.0,1.0,0.0,0.0,0.303162,17515.0,0.359648,1.0
17551.0,0.414119,0.409211,0.434235,0.434235,13.261484,-3.027425,-3.025113,60.0,60.0,17.440822,0.0,1.0,0.0,0.0,0.303162,17525.0,0.351034,1.0
17561.0,0.414329,0.409425,0.434493,0.434493,13.261249,-3.011165,-3.008916,60.0,60.0,17.634298,0.0,1.0,0.0,0.0,0.303162,17535.0,0.365757,1.0
17571.0,0.414538,0.409637,0.434751,0.434751,13.260504,-2.969514,-2.967322,60.0,60.0,18.130245,0.0,1.0,0.0,0.0,0.303162,17545.0,0.364865,1.0
17581.0,0.414748,0.409851,0.435009,0.435009,13.260545,-2.967113,-2.96481,60.0,60.0,18.158607,0.0,1.0,0.0,0.0,0.314698,17555.0,0.363783,1.0
17591.0,0.41496,0.410067,0.435269,0.435269,13.261029,-2.986867,-2.984392,60.0,60.0,17.923051,0.0,1.0,0.0,0.0,0.314698,17565.0,0.354417,1.0
17601.0,0.41517,0.410281,0.435523,0.435523,13.261127,-2.987621,-2.985222,60.0,60.0,17.913849,0.0,1.0,0.0,0.0,0.314698,17575.0,0.363819,1.0
17611.0,0.41538,0.410495,0.435783,0.435783,13.260602,-2.956275,-2.953845,60.0,60.0,18.286982,0.0,1.0,0.0,0.0,0.314698,17585.0,0.358894,1.0
17621.0,0.41559,0.410708,0.436034,0.436034,13.261843,-3.015709,-3.013443,60.0,60.0,17.5788,0.0,1.0,0.0,0.0,0.314698,17595.0,0.35866,1.0
17631.0,0.4158,0.410923,0.436292,0.436292,13.260825,-2.959425,-2.957168,60.0,60.0,18.249036,0.0,1.0,0.0,0.0,0.314698,17605.0,0.354088,1.0
17641.0,0.41601,0.411136,0.436547,0.436547,13.261282,-2.978534,-2.976106,60.0,60.0,18.021202,0.0,1.0,0.0,0.0,0.326054,17615.0,0.360938,1.0
17651.0,0.416219,0.41135,0.436799,0.436799,13.260848,-2.952207,-2.949962,60.0,60.0,18.334579,0.0,1.0,0.0,0.0,0.326054,17625.0,0.350771,1.0
17661.0,0.416429,0.411563,0.437052,0.437052,13.261262,-2.969213,-2.967094,60.0,60.0,18.131793,0.0,1.0,0.0,0.0,0.326054,17635.0,0.363897,1.0
17671.0,0.41664,0.411779,0.437309,0.437309,13.262052,-3.004812,-3.002458,60.0,60.0,17.707478,0.0,1.0,0.0,0.0,0.326054,17645.0,0.361417,1.0
17681.0,0.416849,0.411991,0.437564,0.437564,13.261334,-2.964352,-2.962006,60.0,60.0,18.189255,0.0,1.0,0.0,0.0,0.326054,17655.0,0.362238,1.0
17691.0,0.417059,0.412205,0.437815,0.437815,13.262037,-2.995949,-2.993861,60.0,60.0,17.812633,0.0,1.0,0.0,0.0,0.326054,17665.0,0.348446,1.0
17701.0,0.417269,0.412419,0.438071,0.438071,13.262697,-3.025276,-3.022912,60.0,60.0,17.463021,0.0,1.0,0.0,0.0,0.336628,17675.0,0.346537,1.0
17711.0,0.41748,0.412634,0.438328,0.438328,13.261146,-2.941426,-2.93906,60.0,60.0,18.461654,0.0,1.0,0.0,0.0,0.336628,17685.0,0.359962,1.0
17721.0,0.417691,0.412849,0.438582,0.438582,13.26295,-3.029067,-3.027023,60.0,60.0,17.417374,0.0,1.0,0.0,0.0,0.336628,17695.0,0.36857,1.0
17731.0,0.4179,0.413062,0.438835,0.438835,13.261935,-2.973149,-2.970894,60.0,60.0,18.08333,0.0,1.0,0.0,0.0,0.336628,17705.0,0.369152,1.0
17741.0,0.41811,0.413276,0.439086,0.439086,13.261728,-2.958386,-2.956109,60.0,60.0,18.258973,0.0,1.0,0.0,0.0,0.336628,17715.0,0.362547,1.0
17751.0,0.41832,0.41349,0.439337,0.439337,13.262748,-3.006183,-3.003974,60.0,60.0,17.68935,0.0,1.0,0.0,0.0,0.336628,17725.0,0.359445,1.0
17761.0,0.418531,0.413704,0.43959,0.43959,13.262507,-2.989366,-2.987112,60.0,60.0,17.889457,0.0,1.0,0.0,0.0,0.347365,17735.0,0.353075,1.0
17771.0,0.418742,0.413919,0.439844,0.439844,13.263038,-3.011764,-3.009497,60.0,60.0,17.622367,0.0,1.0,0.0,0.0,0.347365,17745.0,0.371469,1.0
17781.0,0.418952,0.414134,0.4401,0.4401,13.261835,-2.945918,-2.943483,60.0,60.0,18.406565,0.0,1.0,0.0,0.0,0.347365,17755.0,0.357488,1.0
17791.0,0.419163,0.414348,0.440349,0.440349,13.262831,-2.992312,-2.989936,60.0,60.0,17.853656,0.0,1.0,0.0,0.0,0.347365,17765.0,0.36971,1.0
17801.0,0.419373,0.414562,0.4406,0.4406,13.261747,-2.932783,-2.930505,60.0,60.0,18.562578,0.0,1.0,0.0,0.0,0.347365,17775.0,0.362708,1.0
17811.0,0.419583,0.414777,0.440849,0.440849,13.263145,-2.99979,-2.997432,60.0,60.0,17.764105,0.0,1.0,0.0,0.0,0.347365,17785.0,0.355057,1.0
17821.0,0.419778,0.414975,0.441102,0.441102,13.220665,-0.832939,-0.830892,60.0,60.0,18.486505,24.880745,1.0,1.0,1.0,0.35765,17795.0,-2.024884,1.0
17831.0,0.41981,0.415007,0.441115,0.441115,13.212203,-0.46336,-0.461077,60.0,60.0,17.713603,30.0,1.0,1.0,1.0,0.35765,17805.0,0.358841,1.0
17841.0,0.41984,0.415037,0.441121,0.441121,13.209999,-0.410826,-0.408706,60.0,60.0,18.33515,30.0,1.0,1.0,1.0,0.35765,17815.0,0.358288,1.0
17851.0,0.419871,0.415069,0.441128,0.441128,13.210013,-0.467944,-0.465728,60.0,60.0,17.660362,30.0,1.0,1.0,1.0,0.35765,17825.0,0.352865,1.0
17861.0,0.419902,0.4151,0.441136,0.441136,13.207735,-0.405675,-0.403494,60.0,60.0,18.396829,30.0,1.0,1.0,1.0,0.35765,17835.0,0.354496,1.0
17871.0,0.419932,0.415131,0.441142,0.441142,13.207473,-0.443686,-0.441495,60.0,60.0,17.947946,30.0,1.0,1.0,1.0,0.35765,17845.0,0.353838,1.0
17881.0,0.419961,0.415161,0.441147,0.441147,13.205372,-0.38569,-0.383766,60.0,60.0,18.633699,30.0,1.0,1.0,1.0,0.365395,17855.0,0.349661,1.0
17891.0,0.419992,0.415192,0.441152,0.441152,13.205317,-0.429271,-0.427291,60.0,60.0,18.119044,30.0,1.0,1.0,1.0,0.365395,17865.0,0.345465,1.0
17901.0,0.420025,0.415225,0.441165,0.441165,13.206401,-0.527776,-0.52572,60.0,60.0,16.955205,30.0,1.0,1.0,1.0,0.365395,17875.0,0.358996,1.0
17911.0,0.420056,0.415257,0.441174,0.441174,13.203883,-0.441031,-0.438941,60.0,60.0,17.980725,30.0,1.0,1.0,1.0,0.365395,17885.0,0.368075,1.0
17921.0,0.420086,0.415287,0.441182,0.441182,13.202302,-0.400298,-0.398136,60.0,60.0,18.462281,30.0,1.0,1.0,1.0,0.365395,17895.0,0.364493,1.0
17931.0,0.420116,0.415318,0.44119,0.44119,13.202172,-0.431644,-0.429534,60.0,60.0,18.092233,30.0,1.0,1.0,1.0,0.365395,17905.0,0.355665,1.0
17941.0,0.420147,0.415349,0.4412,0.4412,13.201314,-0.423956,-0.421954,60.0,60.0,18.18333,30.0,1.0,1.0,1.0,0.373075,17915.0,0.356147,1.0
17951.0,0.420177,0.41538,0.44121,0.44121,13.201155,-0.449932,-0.448015,60.0,60.0,17.876709,30.0,1.0,1.0,1.0,0.373075,17925.0,0.364795,1.0
17961.0,0.420207,0.415411,0.441221,0.441221,13.198941,-0.369575,-0.367528,60.0,60.0,18.826144,30.0,1.0,1.0,1.0,0.373075,17935.0,0.349108,1.0
17971.0,0.420238,0.415442,0.441229,0.441229,13.199479,-0.427851,-0.425547,60.0,60.0,18.138041,30.0,1.0,1.0,1.0,0.373075,17945.0,0.35756,1.0
17981.0,0.420269,0.415473,0.44124,0.44124,13.200154,-0.491483,-0.489173,60.0,60.0,17.386601,30.0,1.0,1.0,1.0,0.373075,17955.0,0.364218,1.0
17991.0,0.4203,0.415504,0.441248,0.441248,13.198531,-0.436553,-0.434393,60.0,60.0,18.035696,30.0,1.0,1.0,1.0,0.373075,17965.0,0.356408,1.0
18001.0,0.420331,0.415536,0.441259,0.441259,13.19769,-0.419776,-0.417656,60.0,60.0,18.234037,30.0,1.0,1.0,1.0,0.3804,17975.0,0.349872,1.0
18011.0,0.420362,0.415567,0.441271,0.441271,13.197111,-0.415357,-0.413129,60.0,60.0,18.286407,30.0,1.0,1.0,1.0,0.3804,17985.0,0.362049,1.0
18021.0,0.420393,0.415599,0.441278,0.441278,13.19685,-0.425872,-0.423678,60.0,60.0,18.16241,30.0,1.0,1.0,1.0,0.3804,17995.0,0.361139,1.0
18031.0,0.420422,0.415628,0.441284,0.441284,13.19655,-0.433803,-0.43161,60.0,60.0,18.068914,30.0,1.0,1.0,1.0,0.3804,18005.0,0.360935,1.0
18041.0,0.420453,0.415659,0.441293,0.441293,13.195845,-0.419346,-0.417261,60.0,60.0,18.239801,30.0,1.0,1.0,1.0,0.3804,18015.0,0.367821,1.0
18051.0,0.420483,0.41569,0.4413,0.4413,13.195737,-0.434375,-0.432379,60.0,60.0,18.06249,30.0,1.0,1.0,1.0,0.3804,18025.0,0.361409,1.0
18061.0,0.420513,0.415721,0.44131,0.44131,13.195367,-0.435082,-0.432939,60.0,60.0,18.054291,30.0,1.0,1.0,1.0,0.38687,18035.0,0.36925,1.0
18071.0,0.420545,0.415753,0.441321,0.441321,13.195442,-0.456861,-0.454868,60.0,60.0,17.797242,30.0,1.0,1.0,1.0,0.38687,18045.0,0.359576,1.0
18081.0,0.420576,0.415785,0.441329,0.441329,13.194513,-0.427005,-0.424799,60.0,60.0,18.149922,30.0,1.0,1.0,1.0,0.38687,18055.0,0.361059,1.0
18091.0,0.420606,0.415815,0.441338,0.441338,13.195596,-0.499058,-0.497147,60.0,60.0,17.299213,30.0,1.0,1.0,1.0,0.38687,18065.0,0.361768,1.0
18101.0,0.420638,0.415847,0.441348,0.441348,13.194146,-0.44067,-0.438546,60.0,60.0,17.988818,30.0,1.0,1.0,1.0,0.38687,18075.0,0.360296,1.0
18111.0,0.420668,0.415878,0.441361,0.441361,13.193883,-0.442139,-0.44,60.0,60.0,17.971597,30.0,1.0,1.0,1.0,0.38687,18085.0,0.353411,1.0
18121.0,0.420699,0.415909,0.441371,0.441371,13.192923,-0.407488,-0.405217,60.0,60.0,18.380808,30.0,1.0,1.0,1.0,0.393887,18095.0,0.345218,1.0
18131.0,0.420731,0.415941,0.441382,0.441382,13.193256,-0.437606,-0.435514,60.0,60.0,18.025321,30.0,1.0,1.0,1.0,0.393887,18105.0,0.350033,1.0
18141.0,0.420763,0.415974,0.441396,0.441396,13.193297,-0.452088,-0.449884,60.0,60.0,17.854434,30.0,1.0,1.0,1.0,0.393887,18115.0,0.350166,1.0
18151.0,0.420794,0.416005,0.441408,0.441408,13.192863,-0.442032,-0.439917,60.0,60.0,17.973263,30.0,1.0,1.0,1.0,0.393887,18125.0,0.355992,1.0
18161.0,0.420825,0.416037,0.441417,0.441417,13.193895,-0.505965,-0.503999,60.0,60.0,17.218479,30.0,1.0,1.0,1.0,0.393887,18135.0,0.351653,1.0
18171.0,0.420856,0.416069,0.441427,0.441427,13.192835,-0.462761,-0.460579,60.0,60.0,17.728696,30.0,1.0,1.0,1.0,0.393887,18145.0,0.350289,1.0
18181.0,0.420887,0.4161,0.441437,0.441437,13.193401,-0.501807,-0.49968,60.0,60.0,17.26776,30.0,1.0,1.0,1.0,0.400705,18155.0,0.352604,1.0
18191.0,0.420918,0.416132,0.441447,0.441447,13.192406,-0.460886,-0.458793,60.0,60.0,17.750992,30.0,1.0,1.0,1.0,0.400705,18165.0,0.355068,1.0
18201.0,0.42095,0.416164,0.441457,0.441457,13.191678,-0.432888,-0.430738,60.0,60.0,18.081607,30.0,1.0,1.0,1.0,0.400705,18175.0,0.353663,1.0
18211.0,0.420982,0.416196,0.441471,0.441471,13.192047,-0.460169,-0.4579,60.0,60.0,17.759604,30.0,1.0,1.0,1.0,0.400705,18185.0,0.352216,1.0
18221.0,0.421012,0.416227,0.441487,0.441487,13.191579,-0.444745,-0.442471,60.0,60.0,17.941758,30.0,1.0,1.0,1.0,0.400705,18194.0,0.367522,1.0
18231.0,0.421043,0.416258,0.441501,0.441501,13.19086,-0.416181,-0.414084,60.0,60.0,18.279011,30.0,1.0,1.0,1.0,0.400705,18204.0,0.359264,1.0
18241.0,0.421073,0.416288,0.441511,0.441511,13.190438,-0.402491,-0.400234,60.0,60.0,18.440663,30.0,1.0,1.0,1.0,0.406698,18214.0,0.361894,1.0
18251.0,0.421104,0.41632,0.441522,0.441522,13.19088,-0.432037,-0.429804,60.0,60.0,18.091954,30.0,1.0,1.0,1.0,0.406698,18224.0,0.347484,1.0
18261.0,0.421135,0.416352,0.441534,0.441534,13.191021,-0.445864,-0.443655,60.0,60.0,17.928782,30.0,1.0,1.0,1.0,0.406698,18234.0,0.354157,1.0
18271.0,0.421166,0.416383,0.441544,0.441544,13.191248,-0.463925,-0.461949,60.0,60.0,17.715625,30.0,1.0,1.0,1.0,0.406698,18244.0,0.350288,1.0
18281.0,0.421195,0.416412,0.441555,0.441555,13.190294,-0.422049,-0.420044,60.0,60.0,18.209997,30.0,1.0,1.0,1.0,0.406698,18254.0,0.349152,1.0
18291.0,0.421227,0.416445,0.441571,0.441571,13.191309,-0.47893,-0.476817,60.0,60.0,17.538581,30.0,1.0,1.0,1.0,0.406698,18264.0,0.36461,1.0
18301.0,0.42126,0.416479,0.441584,0.441584,13.191195,-0.477788,-0.475675,60.0,60.0,17.552102,30.0,1.0,1.0,1.0,0.412574,18274.0,0.362845,1.0
18311.0,0.421292,0.416511,0.441599,0.441599,13.190713,-0.457826,-0.455657,60.0,60.0,17.78779,30.0,1.0,1.0,1.0,0.412574,18284.0,0.354121,1.0
18321.0,0.421324,0.416543,0.441608,0.441608,13.189905,-0.42134,-0.419296,60.0,60.0,18.21851,30.0,1.0,1.0,1.0,0.412574,18294.0,0.355203,1.0
18331.0,0.421356,0.416576,0.441623,0.441623,13.190477,-0.454711,-0.452688,60.0,60.0,17.824637,30.0,1.0,1.0,1.0,0.412574,18304.0,0.353771,1.0
18341.0,0.421387,0.416607,0.441635,0.441635,13.189824,-0.425733,-0.423699,60.0,60.0,18.166722,30.0,1.0,1.0,1.0,0.412574,18314.0,0.362089,1.0
18351.0,0.421418,0.416638,0.441646,0.441646,13.189606,-0.418777,-0.416638,60.0,60.0,18.248855,30.0,1.0,1.0,1.0,0.412574,18324.0,0.353563,1.0
18361.0,0.421448,0.416669,0.441656,0.441656,13.189908,-0.438449,-0.436407,60.0,60.0,18.016696,30.0,1.0,1.0,1.0,0.418185,18334.0,0.36333,1.0
18371.0,0.421479,0.416701,0.441668,0.441668,13.190163,-0.454903,-0.452667,60.0,60.0,17.822504,30.0,1.0,1.0,1.0,0.418185,18344.0,0.362573,1.0
18381.0,0.42151,0.416732,0.441679,0.441679,13.190147,-0.457499,-0.455449,60.0,60.0,17.791883,30.0,1.0,1.0,1.0,0.418185,18354.0,0.34954,1.0
18391.0,0.421542,0.416764,0.441692,0.441692,13.189889,-0.447359,-0.445212,60.0,60.0,17.911603,30.0,1.0,1.0,1.0,0.418185,18364.0,0.352763,1.0
18401.0,0.421572,0.416795,0.441705,0.441705,13.188346,-0.372028,-0.369854,60.0,60.0,18.800715,30.0,1.0,1.0,1.0,0.418185,18374.0,0.357915,1.0
18411.0,0.421602,0.416825,0.441715,0.441715,13.189614,-0.439915,-0.43784,60.0,60.0,17.99952,30.0,1.0,1.0,1.0,0.418185,18384.0,0.355188,1.0
18421.0,0.421633,0.416857,0.441727,0.441727,13.190301,-0.477666,-0.475488,60.0,60.0,17.553925,30.0,1.0,1.0,1.0,0.423051,18394.0,0.352043,1.0
18431.0,0.421665,0.416889,0.44174,0.44174,13.189568,-0.442512,-0.440374,60.0,60.0,17.968903,30.0,1.0,1.0,1.0,0.423051,18404.0,0.374955,1.0
18441.0,0.421695,0.416919,0.441751,0.441751,13.188727,-0.402392,-0.400379,60.0,60.0,18.442442,30.0,1.0,1.0,1.0,0.423051,18414.0,0.360531,1.0
18451.0,0.421726,0.416951,0.441767,0.441767,13.189559,-0.446919,-0.444859,60.0,60.0,17.916922,30.0,1.0,1.0,1.0,0.423051,18424.0,0.356905,1.0
18461.0,0.421756,0.416982,0.441781,0.441781,13.188341,-0.387145,-0.384929,60.0,60.0,18.622416,30.0,1.0,1.0,1.0,0.423051,18434.0,0.346522,1.0
18471.0,0.421787,0.417013,0.441793,0.441793,13.189763,-0.461679,-0.459644,60.0,60.0,17.742734,30.0,1.0,1.0,1.0,0.423051,18443.0,0.355218,1.0
18481.0,0.421819,0.417045,0.441806,0.441806,13.1896,-0.454952,-0.45275,60.0,60.0,17.822152,30.0,1.0,1.0,1.0,0.427682,18453.0,0.36502,1.0
18491.0,0.421849,0.417076,0.441819,0.441819,13.188146,-0.382706,-0.38061,60.0,60.0,18.674834,30.0,1.0,1.0,1.0,0.427682,18463.0,0.353837,1.0
18501.0,0.42188,0.417107,0.441833,0.441833,13.188906,-0.423019,-0.420895,60.0,60.0,18.199084,30.0,1.0,1.0,1.0,0.427682,18473.0,0.353026,1.0
18511.0,0.421913,0.417141,0.441848,0.441848,13.189448,-0.451537,-0.449344,60.0,60.0,17.862488,30.0,1.0,1.0,1.0,0.427682,18483.0,0.351436,1.0
18521.0,0.421944,0.417172,0.441863,0.441863,13.187935,-0.375679,-0.373363,60.0,60.0,18.757782,30.0,1.0,1.0,1.0,0.427682,18493.0,0.352202,1.0
18531.0,0.421975,0.417204,0.44188,0.44188,13.188667,-0.414181,-0.412049,60.0,60.0,18.303411,30.0,1.0,1.0,1.0,0.427682,18503.0,0.358141,1.0
18541.0,0.422007,0.417236,0.441896,0.441896,13.189718,-0.468824,-0.466663,60.0,60.0,17.658476,30.0,1.0,1.0,1.0,0.432793,18513.0,0.354078,1.0
18551.0,0.422038,0.417268,0.441912,0.441912,13.189494,-0.458411,-0.456342,60.0,60.0,17.781386,30.0,1.0,1.0,1.0,0.432793,18523.0,0.356887,1.0
18561.0,0.42207,0.417301,0.441928,0.441928,13.188868,-0.426937,-0.424799,60.0,60.0,18.152882,30.0,1.0,1.0,1.0,0.432793,18533.0,0.356867,1.0
18571.0,0.422101,0.417331,0.441941,0.441941,13.188885,-0.42914,-0.42698,60.0,60.0,18.126888,30.0,1.0,1.0,1.0,0.432793,18543.0,0.359039,1.0
18581.0,0.422132,0.417363,0.441958,0.441958,13.188873,-0.429314,-0.427125,60.0,60.0,18.12485,30.0,1.0,1.0,1.0,0.432793,18553.0,0.364106,1.0
18591.0,0.422163,0.417394,0.441973,0.441973,13.188019,-0.386661,-0.384514,60.0,60.0,18.628238,30.0,1.0,1.0,1.0,0.432793,18563.0,0.361805,1.0
18601.0,0.422193,0.417425,0.44199,0.44199,13.188733,-0.423956,-0.421685,60.0,60.0,18.188099,30.0,1.0,1.0,1.0,0.437333,18573.0,0.355943,1.0
18611.0,0.422225,0.417458,0.442006,0.442006,13.189915,-0.484546,-0.482486,60.0,60.0,17.472934,30.0,1.0,1.0,1.0,0.437333,18583.0,0.354495,1.0
18621.0,0.422257,0.41749,0.442024,0.442024,13.189093,-0.442832,-0.440664,60.0,60.0,17.965317,30.0,1.0,1.0,1.0,0.437333,18593.0,0.358792,1.0
18631.0,0.422289,0.417522,0.442039,0.442039,13.189068,-0.441963,-0.440083,60.0,60.0,17.975571,30.0,1.0,1.0,1.0,0.437333,18603.0,0.358254,1.0
18641.0,0.422319,0.417553,0.442056,0.442056,13.189936,-0.486985,-0.484895,60.0,60.0,17.444151,30.0,1.0,1.0,1.0,0.437333,18613.0,0.363648,1.0
18651.0,0.422351,0.417585,0.442072,0.442072,13.190152,-0.498337,-0.496254,60.0,60.0,17.310142,30.0,1.0,1.0,1.0,0.437333,18623.0,0.363692,1.0
18661.0,0.422382,0.417617,0.442089,0.442089,13.18805,-0.391421,-0.389352,60.0,60.0,18.572088,30.0,1.0,1.0,1.0,0.441879,18633.0,0.359182,1.0
18671.0,0.422412,0.417648,0.442101,0.442101,13.188949,-0.437891,-0.435805,60.0,60.0,18.023654,30.0,1.0,1.0,1.0,0.441879,18643.0,0.362321,1.0
18681.0,0.422443,0.417679,0.442114,0.442114,13.188204,-0.400255,-0.398095,60.0,60.0,18.467833,30.0,1.0,1.0,1.0,0.441879,18653.0,0.344846,1.0
18691.0,0.422473,0.417709,0.442132,0.442132,13.188055,-0.393176,-0.390931,60.0,60.0,18.551387,30.0,1.0,1.0,1.0,0.441879,18663.0,0.367274,1.0
18701.0,0.422504,0.417741,0.442147,0.442147,13.189319,-0.458017,-0.455802,60.0,60.0,17.786116,30.0,1.0,1.0,1.0,0.441879,18673.0,0.358937,1.0
18711.0,0.422535,0.417772,0.442162,0.442162,13.189285,-0.456663,-0.454598,60.0,60.0,17.802098,30.0,1.0,1.0,1.0,0.441879,18683.0,0.35663,1.0
18721.0,0.422565,0.417803,0.442178,0.442178,13.187331,-0.35716,-0.354985,60.0,60.0,18.976399,30.0,1.0,1.0,1.0,0.442219,18693.0,0.351086,1.0
18731.0,0.422596,0.417834,0.442193,0.442193,13.188754,-0.430063,-0.427997,60.0,60.0,18.116063,30.0,1.0,1.0,1.0,0.442219,18703.0,0.357406,1.0
18741.0,0.422627,0.417865,0.442211,0.442211,13.189215,-0.453467,-0.451462,60.0,60.0,17.839817,30.0,1.0,1.0,1.0,0.442219,18713.0,0.347645,1.0
18751.0,0.422657,0.417895,0.442228,0.442228,13.188113,-0.397754,-0.395707,60.0,60.0,18.497363,30.0,1.0,1.0,1.0,0.442219,18723.0,0.351092,1.0
18761.0,0.422687,0.417927,0.442244,0.442244,13.187485,-0.365754,-0.363665,60.0,60.0,18.874989,30.0,1.0,1.0,1.0,0.442219,18733.0,0.35638,1.0
18771.0,0.422719,0.417959,0.442261,0.442261,13.189858,-0.486465,-0.484397,60.0,60.0,17.450315,30.0,1.0,1.0,1.0,0.442219,18743.0,0.351566,1.0
18781.0,0.422751,0.417991,0.442279,0.442279,13.190236,-0.505579,-0.503335,60.0,60.0,17.224681,30.0,1.0,1.0,1.0,0.442369,18753.0,0.35238,1.0
18791.0,0.422781,0.418022,0.442294,0.442294,13.188453,-0.414592,-0.412465,60.0,60.0,18.298648,30.0,1.0,1.0,1.0,0.442369,18763.0,0.379925,1.0
18801.0,0.422811,0.418052,0.44231,0.44231,13.1888,-0.432633,-0.430531,60.0,60.0,18.085722,30.0,1.0,1.0,1.0,0.442369,18773.0,0.363437,1.0
18811.0,0.422842,0.418083,0.442327,0.442327,13.188782,-0.431648,-0.429679,60.0,60.0,18.097356,30.0,1.0,1.0,1.0,0.442369,18783.0,0.345071,1.0
18821.0,0.422873,0.418115,0.442347,0.442347,13.188631,-0.423454,-0.421228,60.0,60.0,18.194061,30.0,1.0,1.0,1.0,0.442369,18793.0,0.358349,1.0
18831.0,0.422905,0.418147,0.442364,0.442364,13.189881,-0.48691,-0.484729,60.0,60.0,17.445059,30.0,1.0,1.0,1.0,0.442369,18803.0,0.346223,1.0
18841.0,0.422936,0.418178,0.442386,0.442386,13.188436,-0.412886,-0.410762,60.0,60.0,18.318777,30.0,1.0,1.0,1.0,0.442528,18813.0,0.35876,1.0
18851.0,0.422966,0.418209,0.442405,0.442405,13.189325,-0.458236,-0.456093,60.0,60.0,17.783523,30.0,1.0,1.0,1.0,0.442528,18823.0,0.365922,1.0
18861.0,0.422997,0.418241,0.442425,0.442425,13.188557,-0.418584,-0.416535,60.0,60.0,18.251519,30.0,1.0,1.0,1.0,0.442528,18833.0,0.368417,1.0
18871.0,0.423028,0.418272,0.442443,0.442443,13.189218,-0.452241,-0.450113,60.0,60.0,17.854284,30.0,1.0,1.0,1.0,0.442528,18843.0,0.351156,1.0
18881.0,0.423059,0.418303,0.442459,0.442459,13.189634,-0.473246,-0.471231,60.0,60.0,17.606347,30.0,1.0,1.0,1.0,0.442528,18853.0,0.360444,1.0
18891.0,0.423089,0.418334,0.442478,0.442478,13.188693,-0.425211,-0.422993,60.0,60.0,18.173311,30.0,1.0,1.0,1.0,0.442528,18863.0,0.361155,1.0
18901.0,0.42312,0.418366,0.442497,0.442497,13.188989,-0.439689,-0.437508,60.0,60.0,18.002423,30.0,1.0,1.0,1.0,0.442682,18873.0,0.36364,1.0
18911.0,0.423151,0.418396,0.442514,0.442514,13.189699,-0.475842,-0.473661,60.0,60.0,17.575699,30.0,1.0,1.0,1.0,0.442682,18883.0,0.359394,1.0
18921.0,0.423182,0.418428,0.44253,0.44253,13.189349,-0.457457,-0.455387,60.0,60.0,17.792707,30.0,1.0,1.0,1.0,0.442682,18893.0,0.354845,1.0
18931.0,0.423213,0.41846,0.442546,0.442546,13.189732,-0.476375,-0.474408,60.0,60.0,17.569389,30.0,1.0,1.0,1.0,0.442682,18903.0,0.351444,1.0
18941.0,0.423245,0.418492,0.442565,0.442565,13.189631,-0.470581,-0.468386,60.0,60.0,17.637783,30.0,1.0,1.0,1.0,0.442682,18913.0,0.357604,1.0
18951.0,0.423275,0.418523,0.442586,0.442586,13.188099,-0.392203,-0.389892,60.0,60.0,18.562841,30.0,1.0,1.0,1.0,0.442682,18923.0,0.359982,1.0
18961.0,0.423306,0.418554,0.442603,0.442603,13.18831,-0.40264,-0.400441,60.0,60.0,18.439664,30.0,1.0,1.0,1.0,0.442837,18933.0,0.350987,1.0
18971.0,0.423338,0.418587,0.442622,0.442622,13.190222,-0.499429,-0.497334,60.0,60.0,17.29723,30.0,1.0,1.0,1.0,0.442837,18943.0,0.346947,1.0
18981.0,0.42337,0.418619,0.442641,0.442641,13.18952,-0.462961,-0.460869,60.0,60.0,17.727715,30.0,1.0,1.0,1.0,0.442837,18953.0,0.351778,1.0
18991.0,0.423401,0.41865,0.442659,0.442659,13.188599,-0.415536,-0.413565,60.0,60.0,18.287462,30.0,1.0,1.0,1.0,0.442837,18963.0,0.349474,1.0
19001.0,0.423431,0.418681,0.442677,0.442677,13.189428,-0.457594,-0.455512,60.0,60.0,17.791055,30.0,1.0,1.0,1.0,0.442837,18973.0,0.35338,1.0
19011.0,0.423462,0.418712,0.442697,0.442697,13.189703,-0.471222,-0.469072,60.0,60.0,17.630195,30.0,1.0,1.0,1.0,0.442837,18983.0,0.35687,1.0
19021.0,0.423492,0.418743,0.442713,0.442713,13.189536,-0.462543,-0.460371,60.0,60.0,17.73264,30.0,1.0,1.0,1.0,0.442988,18993.0,0.357183,1.0
19031.0,0.423524,0.418775,0.442732,0.442732,13.189295,-0.449476,-0.447289,60.0,60.0,17.886865,30.0,1.0,1.0,1.0,0.442988,19003.0,0.345857,1.0
19041.0,0.423555,0.418807,0.442747,0.442747,13.188893,-0.428203,-0.426045,60.0,60.0,18.137946,30.0,1.0,1.0,1.0,0.442988,19013.0,0.367363,1.0
19051.0,0.423587,0.418839,0.442767,0.442767,13.188997,-0.432715,-0.430655,60.0,60.0,18.084678,30.0,1.0,1.0,1.0,0.442988,19023.0,0.363155,1.0
19061.0,0.423618,0.418871,0.442786,0.442786,13.190178,-0.492562,-0.490626,60.0,60.0,17.378255,30.0,1.0,1.0,1.0,0.442988,19033.0,0.358204,1.0
19071.0,0.42365,0.418903,0.442805,0.442805,13.188931,-0.428194,-0.425921,60.0,60.0,18.138029,30.0,1.0,1.0,1.0,0.442988,19043.0,0.360747,1.0
19081.0,0.42368,0.418934,0.442824,0.442824,13.189777,-0.471102,-0.469051,60.0,60.0,17.631575,30.0,1.0,1.0,1.0,0.443144,19053.0,0.348411,1.0
19091.0,0.423711,0.418965,0.442844,0.442844,13.189367,-0.449583,-0.447475,60.0,60.0,17.885568,30.0,1.0,1.0,1.0,0.443144,19063.0,0.360764,1.0
19101.0,0.423742,0.418997,0.442863,0.442863,13.189219,-0.441517,-0.439418,60.0,60.0,17.980775,30.0,1.0,1.0,1.0,0.443144,19073.0,0.35294,1.0
19111.0,0.423773,0.419028,0.442881,0.442881,13.190044,-0.483303,-0.481116,60.0,60.0,17.487533,30.0,1.0,1.0,1.0,0.443144,19083.0,0.356944,1.0
19121.0,0.423805,0.41906,0.4429,0.4429,13.189638,-0.461732,-0.459582,60.0,60.0,17.742164,30.0,1.0,1.0,1.0,0.443144,19093.0,0.354844,1.0
19131.0,0.423836,0.419091,0.442917,0.442917,13.189362,-0.447189,-0.444963,60.0,60.0,17.913812,30.0,1.0,1.0,1.0,0.443144,19103.0,0.352546,1.0
19141.0,0.423867,0.419123,0.442937,0.442937,13.190224,-0.490652,-0.488488,60.0,60.0,17.400766,30.0,1.0,1.0,1.0,0.443295,19113.0,0.355623,1.0
19151.0,0.423898,0.419154,0.442959,0.442959,13.19019,-0.48837,-0.48639,60.0,60.0,17.427704,30.0,1.0,1.0,1.0,0.443295,19123.0,0.362813,1.0
19161.0,0.423928,0.419185,0.442974,0.442974,13.188822,-0.418259,-0.416036,60.0,60.0,18.255262,30.0,1.0,1.0,1.0,0.443295,19133.0,0.361392,1.0
19171.0,0.42396,0.419218,0.442996,0.442996,13.188361,-0.393791,-0.39174,60.0,60.0,18.544018,30.0,1.0,1.0,1.0,0.443295,19143.0,0.358359,1.0
19181.0,0.423991,0.419249,0.443013,0.443013,13.188983,-0.425092,-0.42293,60.0,60.0,18.174603,30.0,1.0,1.0,1.0,0.443295,19153.0,0.347351,1.0
19191.0,0.424021,0.41928,0.443031,0.443031,13.189011,-0.426167,-0.424197,60.0,60.0,18.161907,30.0,1.0,1.0,1.0,0.443295,19162.0,0.367385,1.0
19201.0,0.424051,0.41931,0.44305,0.44305,13.188911,-0.42082,-0.418757,60.0,60.0,18.225018,30.0,1.0,1.0,1.0,0.443439,19172.0,0.35935,1.0
19211.0,0.424083,0.419342,0.443073,0.443073,13.189305,-0.440102,-0.437902,60.0,60.0,17.997426,30.0,1.0,1.0,1.0,0.443439,19182.0,0.358861,1.0
19221.0,0.424113,0.419373,0.443089,0.443089,13.188117,-0.37933,-0.37735,60.0,60.0,18.714668,30.0,1.0,1.0,1.0,0.443439,19192.0,0.355219,1.0
19231.0,0.424143,0.419403,0.443111,0.443111,13.189194,-0.434088,-0.431901,60.0,60.0,18.068407,30.0,1.0,1.0,1.0,0.443439,19202.0,0.352141,1.0
19241.0,0.424175,0.419435,0.443133,0.443133,13.189102,-0.428543,-0.426378,60.0,60.0,18.13385,30.0,1.0,1.0,1.0,0.443439,19212.0,0.359303,1.0
19251.0,0.424206,0.419468,0.443152,0.443152,13.189166,-0.430894,-0.428911,60.0,60.0,18.106094,30.0,1.0,1.0,1.0,0.443439,19222.0,0.348123,1.0
19261.0,0.424236,0.419498,0.443171,0.443171,13.189571,-0.451349,-0.449303,60.0,60.0,17.864664,30.0,1.0,1.0,1.0,0.443595,19232.0,0.360962,1.0
19271.0,0.424267,0.419529,0.443193,0.443193,13.189445,-0.444583,-0.442492,60.0,60.0,17.944521,30.0,1.0,1.0,1.0,0.443595,19242.0,0.342749,1.0
19281.0,0.424297,0.41956,0.443213,0.443213,13.189059,-0.424436,-0.422328,60.0,60.0,18.182307,30.0,1.0,1.0,1.0,0.443595,19252.0,0.358199,1.0
19291.0,0.424328,0.419591,0.443233,0.443233,13.188657,-0.403374,-0.40123,60.0,60.0,18.430882,30.0,1.0,1.0,1.0,0.443595,19262.0,0.354583,1.0
19301.0,0.42436,0.419624,0.44325,0.44325,13.189719,-0.456493,-0.45439,60.0,60.0,17.803919,30.0,1.0,1.0,1.0,0.443595,19272.0,0.372188,1.0
19311.0,0.424391,0.419655,0.443272,0.443272,13.188695,-0.403808,-0.401833,60.0,60.0,18.425753,30.0,1.0,1.0,1.0,0.443595,19282.0,0.36217,1.0
19321.0,0.424422,0.419686,0.443293,0.443293,13.189619,-0.450244,-0.448223,60.0,60.0,17.877672,30.0,1.0,1.0,1.0,0.443749,19292.0,0.352968,1.0
19331.0,0.424452,0.419717,0.443314,0.443314,13.189075,-0.42203,-0.419961,60.0,60.0,18.210685,30.0,1.0,1.0,1.0,0.443749,19302.0,0.360976,1.0
19341.0,0.424483,0.419748,0.443335,0.443335,13.189508,-0.443665,-0.441723,60.0,60.0,17.955325,30.0,1.0,1.0,1.0,0.443749,19312.0,0.355425,1.0
19351.0,0.424514,0.41978,0.443357,0.443357,13.189922,-0.464161,-0.461866,60.0,60.0,17.713385,30.0,1.0,1.0,1.0,0.443749,19322.0,0.371332,1.0
19361.0,0.424545,0.419811,0.44338,0.44338,13.190224,-0.478834,-0.476755,60.0,60.0,17.540172,30.0,1.0,1.0,1.0,0.443749,19332.0,0.354302,1.0
19371.0,0.424575,0.419842,0.443402,0.443402,13.18941,-0.437014,-0.434954,60.0,60.0,18.033811,30.0,1.0,1.0,1.0,0.443749,19342.0,0.349197,1.0
19381.0,0.424606,0.419873,0.443424,0.443424,13.189899,-0.461295,-0.459104,60.0,60.0,17.747204,30.0,1.0,1.0,1.0,0.443908,19352.0,0.372877,1.0
19391.0,0.424637,0.419905,0.443446,0.443446,13.18893,-0.411235,-0.408872,60.0,60.0,18.338071,30.0,1.0,1.0,1.0,0.443908,19362.0,0.367658,1.0
19401.0,0.424669,0.419937,0.443467,0.443467,13.189572,-0.443123,-0.440934,60.0,60.0,17.961697,30.0,1.0,1.0,1.0,0.443908,19372.0,0.359059,1.0
19411.0,0.424699,0.419967,0.443485,0.443485,13.189326,-0.430341,-0.428122,60.0,60.0,18.112556,30.0,1.0,1.0,1.0,0.443908,19382.0,0.355811,1.0
19421.0,0.424731,0.419999,0.443506,0.443506,13.189089,-0.41728,-0.415081,60.0,60.0,18.26671,30.0,1.0,1.0,1.0,0.443908,19392.0,0.351755,1.0
19431.0,0.424761,0.42003,0.443527,0.443527,13.189522,-0.438915,-0.436719,60.0,60.0,18.011353,30.0,1.0,1.0,1.0,0.443908,19402.0,0.356058,1.0
19441.0,0.424793,0.420063,0.443547,0.443547,13.189704,-0.447324,-0.44515,60.0,60.0,17.912084,30.0,1.0,1.0,1.0,0.444065,19412.0,0.350989,1.0
19451.0,0.424824,0.420094,0.44357,0.44357,13.189947,-0.459076,-0.457069,60.0,60.0,17.773367,30.0,1.0,1.0,1.0,0.444065,19422.0,0.347944,1.0
19461.0,0.424855,0.420126,0.443592,0.443592,13.190084,-0.465244,-0.46305,60.0,60.0,17.700545,30.0,1.0,1.0,1.0,0.444065,19432.0,0.362984,1.0
19471.0,0.424887,0.420158,0.443614,0.443614,13.19079,-0.500294,-0.498227,60.0,60.0,17.286779,30.0,1.0,1.0,1.0,0.444065,19442.0,0.365025,1.0
19481.0,0.42492,0.420191,0.443639,0.443639,13.190029,-0.46023,-0.458211,60.0,60.0,17.759713,30.0,1.0,1.0,1.0,0.444065,19452.0,0.370517,1.0
19491.0,0.424952,0.420224,0.443661,0.443661,13.189346,-0.424461,-0.422266,60.0,60.0,18.181911,30.0,1.0,1.0,1.0,0.444065,19462.0,0.360648,1.0
19501.0,0.424983,0.420256,0.443683,0.443683,13.189395,-0.426207,-0.424114,60.0,60.0,18.161289,30.0,1.0,1.0,1.0,0.44424,19472.0,0.359596,1.0
19511.0,0.425014,0.420287,0.443706,0.443706,13.189102,-0.410652,-0.40854,60.0,60.0,18.344881,30.0,1.0,1.0,1.0,0.44424,19482.0,0.360398,1.0
19521.0,0.425046,0.420319,0.443722,0.443722,13.190573,-0.485012,-0.482839,60.0,60.0,17.467153,30.0,1.0,1.0,1.0,0.44424,19492.0,0.354255,1.0
19531.0,0.425078,0.420352,0.443747,0.443747,13.190082,-0.458932,-0.456861,60.0,60.0,17.775002,30.0,1.0,1.0,1.0,0.44424,19502.0,0.365161,1.0
19541.0,0.425108,0.420382,0.443767,0.443767,13.189426,-0.425307,-0.422993,60.0,60.0,18.171903,30.0,1.0,1.0,1.0,0.44424,19512.0,0.354855,1.0
19551.0,0.425139,0.420414,0.443788,0.443788,13.189374,-0.422144,-0.420086,60.0,60.0,18.209225,30.0,1.0,1.0,1.0,0.44424,19522.0,0.354258,1.0
19561.0,0.425169,0.420444,0.443807,0.443807,13.189399,-0.423019,-0.420875,60.0,60.0,18.198893,30.0,1.0,1.0,1.0,0.444386,19532.0,0.355165,1.0
19571.0,0.425199,0.420475,0.443828,0.443828,13.188582,-0.3812,-0.379053,60.0,60.0,18.69245,30.0,1.0,1.0,1.0,0.444386,19542.0,0.357036,1.0
19581.0,0.42523,0.420506,0.443851,0.443851,13.18932,-0.418404,-0.416265,60.0,60.0,18.25336,30.0,1.0,1.0,1.0,0.444386,19552.0,0.360813,1.0
19591.0,0.425261,0.420537,0.443873,0.443873,13.190913,-0.499187,-0.497126,60.0,60.0,17.299784,30.0,1.0,1.0,1.0,0.444386,19562.0,0.353043,1.0
19601.0,0.42529,0.420567,0.443895,0.443895,13.189343,-0.418831,-0.416576,60.0,60.0,18.248313,30.0,1.0,1.0,1.0,0.444386,19572.0,0.357161,1.0
19611.0,0.425321,0.420599,0.443913,0.443913,13.190293,-0.466693,-0.464586,60.0,60.0,17.683366,30.0,1.0,1.0,1.0,0.444386,19582.0,0.35501,1.0
19621.0,0.425353,0.420631,0.443936,0.443936,13.190301,-0.466245,-0.463963,60.0,60.0,17.688652,30.0,1.0,1.0,1.0,0.444533,19592.0,0.351038,1.0
19631.0,0.425383,0.420661,0.443957,0.443957,13.189906,-0.445883,-0.443779,60.0,60.0,17.928999,30.0,1.0,1.0,1.0,0.444533,19602.0,0.358262,1.0
19641.0,0.425413,0.420692,0.443982,0.443982,13.190007,-0.450639,-0.448389,60.0,60.0,17.872862,30.0,1.0,1.0,1.0,0.444533,19612.0,0.365154,1.0
19651.0,0.425445,0.420724,0.444006,0.444006,13.189817,-0.440151,-0.438006,60.0,60.0,17.996648,30.0,1.0,1.0,1.0,0.444533,19622.0,0.359929,1.0
19661.0,0.425476,0.420755,0.444031,0.444031,13.18962,-0.429383,-0.427333,60.0,60.0,18.123741,30.0,1.0,1.0,1.0,0.444533,19632.0,0.364096,1.0
19671.0,0.425505,0.420785,0.444053,0.444053,13.189491,-0.422653,-0.420605,60.0,60.0,18.20318,30.0,1.0,1.0,1.0,0.444533,19642.0,0.355601,1.0
19681.0,0.425537,0.420818,0.444076,0.444076,13.19064,-0.480272,-0.478063,60.0,60.0,17.523034,30.0,1.0,1.0,1.0,0.444693,19652.0,0.355384,1.0
19691.0,0.42557,0.420851,0.444099,0.444099,13.189967,-0.444711,-0.44272,60.0,60.0,17.942803,30.0,1.0,1.0,1.0,0.444693,19662.0,0.367729,1.0
19701.0,0.425601,0.420882,0.444123,0.444123,13.190356,-0.46396,-0.462011,60.0,60.0,17.715575,30.0,1.0,1.0,1.0,0.444693,19672.0,0.362835,1.0
19711.0,0.425632,0.420914,0.444149,0.444149,13.190249,-0.457895,-0.455719,60.0,60.0,17.787171,30.0,1.0,1.0,1.0,0.444693,19682.0,0.353874,1.0
19721.0,0.425663,0.420945,0.444172,0.444172,13.190245,-0.456875,-0.454681,60.0,60.0,17.799207,30.0,1.0,1.0,1.0,0.444693,19692.0,0.364441,1.0
19731.0,0.425693,0.420976,0.444193,0.444193,13.189592,-0.42335,-0.421248,60.0,60.0,18.19492,30.0,1.0,1.0,1.0,0.444693,19702.0,0.352023,1.0
19741.0,0.425724,0.421007,0.444214,0.444214,13.190172,-0.452491,-0.450362,60.0,60.0,17.850952,30.0,1.0,1.0,1.0,0.444858,19712.0,0.361024,1.0
19751.0,0.425754,0.421038,0.444236,0.444236,13.189385,-0.41173,-0.409661,60.0,60.0,18.332064,30.0,1.0,1.0,1.0,0.444858,19722.0,0.363306,1.0
19761.0,0.425785,0.421069,0.444255,0.444255,13.189779,-0.431437,-0.429264,60.0,60.0,18.099461,30.0,1.0,1.0,1.0,0.444858,19732.0,0.351025,1.0
19771.0,0.425815,0.421099,0.44428,0.44428,13.190533,-0.469725,-0.467639,60.0,60.0,17.647498,30.0,1.0,1.0,1.0,0.444858,19742.0,0.352492,1.0
19781.0,0.425845,0.42113,0.444304,0.444304,13.189965,-0.440086,-0.437944,60.0,60.0,17.997361,30.0,1.0,1.0,1.0,0.444858,19752.0,0.348194,1.0
19791.0,0.425876,0.421162,0.444328,0.444328,13.189253,-0.403064,-0.401127,60.0,60.0,18.434333,30.0,1.0,1.0,1.0,0.444858,19762.0,0.3529,1.0
19801.0,0.425909,0.421195,0.444355,0.444355,13.18978,-0.428761,-0.426502,60.0,60.0,18.131026,30.0,1.0,1.0,1.0,0.445021,19772.0,0.360265,1.0
19811.0,0.42594,0.421226,0.444379,0.444379,13.189154,-0.396287,-0.39417,60.0,60.0,18.514302,30.0,1.0,1.0,1.0,0.445021,19782.0,0.360328,1.0
19821.0,0.425971,0.421258,0.444405,0.444405,13.190397,-0.458834,-0.456799,60.0,60.0,17.776026,30.0,1.0,1.0,1.0,0.445021,19792.0,0.361932,1.0
19831.0,0.426002,0.421289,0.444429,0.444429,13.19076,-0.476816,-0.474741,60.0,60.0,17.563753,30.0,1.0,1.0,1.0,0.445021,19802.0,0.36136,1.0
19841.0,0.426034,0.421321,0.444455,0.444455,13.190947,-0.485471,-0.483338,60.0,60.0,17.461569,30.0,1.0,1.0,1.0,0.445021,19812.0,0.358415,1.0
19851.0,0.426064,0.421352,0.444476,0.444476,13.190262,-0.450051,-0.44787,60.0,60.0,17.879697,30.0,1.0,1.0,1.0,0.445021,19822.0,0.36584,1.0
19861.0,0.426097,0.421386,0.444505,0.444505,13.190713,-0.471674,-0.469612,60.0,60.0,17.624432,30.0,1.0,1.0,1.0,0.445198,19832.0,0.353802,1.0
19871.0,0.426128,0.421417,0.444527,0.444527,13.189314,-0.399734,-0.397638,60.0,60.0,18.473588,30.0,1.0,1.0,1.0,0.445198,19842.0,0.345207,1.0
19881.0,0.426158,0.421448,0.444551,0.444551,13.191035,-0.487142,-0.484916,60.0,60.0,17.441817,30.0,1.0,1.0,1.0,0.445198,19852.0,0.359462,1.0
19891.0,0.426191,0.421481,0.444579,0.444579,13.190755,-0.471718,-0.469383,60.0,60.0,17.6239,30.0,1.0,1.0,1.0,0.445198,19862.0,0.348831,1.0
19901.0,0.426221,0.421512,0.444603,0.444603,13.190133,-0.439531,-0.437342,60.0,60.0,18.00384,30.0,1.0,1.0,1.0,0.445198,19872.0,0.363018,1.0
19911.0,0.426252,0.421543,0.444628,0.444628,13.190427,-0.454113,-0.451961,60.0,60.0,17.831708,30.0,1.0,1.0,1.0,0.445198,19882.0,0.354648,1.0
19921.0,0.426283,0.421575,0.444655,0.444655,13.19038,-0.450878,-0.448784,60.0,60.0,17.869885,30.0,1.0,1.0,1.0,0.445366,19892.0,0.362728,1.0
19931.0,0.426314,0.421606,0.444679,0.444679,13.189411,-0.400863,-0.398925,60.0,60.0,18.460238,30.0,1.0,1.0,1.0,0.445366,19902.0,0.35997,1.0
19941.0,0.426345,0.421638,0.444701,0.444701,13.189368,-0.398012,-0.395727,60.0,60.0,18.493877,30.0,1.0,1.0,1.0,0.445366,19912.0,0.35417,1.0
19951.0,0.426378,0.42167,0.444725,0.444725,13.189901,-0.424101,-0.421996,60.0,60.0,18.185945,30.0,1.0,1.0,1.0,0.445366,19922.0,0.356748,1.0
19961.0,0.42641,0.421703,0.444752,0.444752,13.190593,-0.458417,-0.45628,60.0,60.0,17.780874,30.0,1.0,1.0,1.0,0.445366,19932.0,0.355712,1.0
19971.0,0.42644,0.421733,0.444776,0.444776,13.190119,-0.433982,-0.431943,60.0,60.0,18.069308,30.0,1.0,1.0,1.0,0.445366,19942.0,0.359618,1.0
19981.0,0.426471,0.421765,0.444796,0.444796,13.190644,-0.460292,-0.458107,60.0,60.0,17.758726,30.0,1.0,1.0,1.0,0.445529,19952.0,0.359149,1.0
19991.0,0.4265,0.421795,0.444817,0.444817,13.190351,-0.445299,-0.443052,60.0,60.0,17.935713,30.0,1.0,1.0,1.0,0.445529,19962.0,0.349647,1.0
20001.0,0.426532,0.421827,0.444842,0.444842,13.190196,-0.436367,-0.434289,60.0,60.0,18.041142,30.0,1.0,1.0,1.0,0.445529,19972.0,0.358074,1.0
20011.0,0.426565,0.42186,0.444867,0.444867,13.191014,-0.476922,-0.474658,60.0,60.0,17.562398,30.0,1.0,1.0,1.0,0.445529,19982.0,0.35855,1.0
20021.0,0.426596,0.421892,0.444892,0.444892,13.190871,-0.469094,-0.467016,60.0,60.0,17.654803,30.0,1.0,1.0,1.0,0.445529,19992.0,0.356187,1.0
20031.0,0.426626,0.421922,0.444915,0.444915,13.190308,-0.439952,-0.437819,60.0,60.0,17.99881,30.0,1.0,1.0,1.0,0.445529,20002.0,0.360008,1.0
20041.0,0.426657,0.421954,0.444939,0.444939,13.190056,-0.426611,-0.424529,60.0,60.0,18.156276,30.0,1.0,1.0,1.0,0.445687,20012.0,0.353238,1.0
20051.0,0.426688,0.421985,0.444962,0.444962,13.189686,-0.407141,-0.404947,60.0,60.0,18.38608,30.0,1.0,1.0,1.0,0.445687,20022.0,0.366153,1.0
20061.0,0.42672,0.422017,0.444987,0.444987,13.190623,-0.454001,-0.452002,60.0,60.0,17.832953,30.0,1.0,1.0,1.0,0.445687,20032.0,0.354021,1.0
20071.0,0.426751,0.422049,0.445009,0.445009,13.19142,-0.494142,-0.491852,60.0,60.0,17.359073,30.0,1.0,1.0,1.0,0.445687,20042.0,0.351917,1.0
20081.0,0.426781,0.42208,0.445034,0.445034,13.189924,-0.41733,-0.414956,60.0,60.0,18.26581,30.0,1.0,1.0,1.0,0.445687,20052.0,0.366597,1.0
20091.0,0.426812,0.422111,0.445058,0.445058,13.190494,-0.445851,-0.443841,60.0,60.0,17.929149,30.0,1.0,1.0,1.0,0.445687,20062.0,0.353942,1.0
20101.0,0.426843,0.422142,0.445085,0.445085,13.189341,-0.386487,-0.384493,60.0,60.0,18.629834,30.0,1.0,1.0,1.0,0.445846,20072.0,0.359912,1.0
20111.0,0.426873,0.422173,0.445108,0.445108,13.19047,-0.443701,-0.441723,60.0,60.0,17.954516,30.0,1.0,1.0,1.0,0.445846,20082.0,0.357283,1.0
20121.0,0.426904,0.422204,0.44513,0.44513,13.189671,-0.402414,-0.400234,60.0,60.0,18.44184,30.0,1.0,1.0,1.0,0.445846,20092.0,0.348588,1.0
20131.0,0.426935,0.422236,0.445153,0.445153,13.190474,-0.442669,-0.44054,60.0,60.0,17.966687,30.0,1.0,1.0,1.0,0.445846,20102.0,0.372616,1.0
20141.0,0.426965,0.422267,0.44518,0.44518,13.190187,-0.427706,-0.425526,60.0,60.0,18.143307,30.0,1.0,1.0,1.0,0.445846,20112.0,0.357891,1.0
20151.0,0.426996,0.422298,0.445205,0.445205,13.190884,-0.462735,-0.460765,60.0,60.0,17.729813,30.0,1.0,1.0,1.0,0.445846,20122.0,0.345672,1.0
20161.0,0.427027,0.422329,0.44523,0.44523,13.190307,-0.432849,-0.430697,60.0,60.0,18.082591,30.0,1.0,1.0,1.0,0.446002,20132.0,0.368266,1.0
20171.0,0.427058,0.42236,0.445255,0.445255,13.191026,-0.468878,-0.466684,60.0,60.0,17.657289,30.0,1.0,1.0,1.0,0.446002,20142.0,0.351714,1.0
20181.0,0.427089,0.422392,0.44528,0.44528,13.189864,-0.408774,-0.406629,60.0,60.0,18.366749,30.0,1.0,1.0,1.0,0.446002,20152.0,0.356038,1.0
20191.0,0.427119,0.422423,0.445301,0.445301,13.190288,-0.430068,-0.428246,60.0,60.0,18.115406,30.0,1.0,1.0,1.0,0.446002,20162.0,0.364658,1.0
20201.0,0.427151,0.422455,0.445329,0.445329,13.190915,-0.461249,-0.459125,60.0,60.0,17.747325,30.0,1.0,1.0,1.0,0.446002,20172.0,0.351559,1.0
20211.0,0.427181,0.422485,0.445354,0.445354,13.190134,-0.421051,-0.418964,60.0,60.0,18.221832,30.0,1.0,1.0,1.0,0.446002,20182.0,0.364326,1.0
20221.0,0.427212,0.422517,0.445379,0.445379,13.190177,-0.422507,-0.42048,60.0,60.0,18.204638,30.0,1.0,1.0,1.0,0.446167,20192.0,0.355468,1.0
20231.0,0.427243,0.422549,0.445403,0.445403,13.189546,-0.38962,-0.387733,60.0,60.0,18.592801,30.0,1.0,1.0,1.0,0.446167,20202.0,0.349093,1.0
20241.0,0.427273,0.422579,0.445426,0.445426,13.190826,-0.454695,-0.452542,60.0,60.0,17.82468,30.0,1.0,1.0,1.0,0.446167,20212.0,0.343816,1.0
20251.0,0.427304,0.42261,0.445451,0.445451,13.190521,-0.438593,-0.43647,60.0,60.0,18.014756,30.0,1.0,1.0,1.0,0.446167,20222.0,0.367145,1.0
20261.0,0.427333,0.42264,0.445476,0.445476,13.191229,-0.474534,-0.472415,60.0,60.0,17.590472,30.0,1.0,1.0,1.0,0.446167,20232.0,0.354397,1.0
20271.0,0.427364,0.422671,0.445499,0.445499,13.189228,-0.371869,-0.369833,60.0,60.0,18.802293,30.0,1.0,1.0,1.0,0.446167,20242.0,0.362275,1.0
20281.0,0.427394,0.422702,0.445523,0.445523,13.189828,-0.402052,-0.399777,60.0,60.0,18.446062,30.0,1.0,1.0,1.0,0.446318,20252.0,0.356969,1.0
20291.0,0.427425,0.422733,0.445549,0.445549,13.189288,-0.373931,-0.371868,60.0,60.0,18.777951,30.0,1.0,1.0,1.0,0.446318,20262.0,0.353108,1.0
20301.0,0.427456,0.422764,0.445572,0.445572,13.191905,-0.506889,-0.504747,60.0,60.0,17.208467,30.0,1.0,1.0,1.0,0.446318,20272.0,0.355163,1.0
20311.0,0.427486,0.422795,0.445599,0.445599,13.190934,-0.45678,-0.454702,60.0,60.0,17.800046,30.0,1.0,1.0,1.0,0.446318,20282.0,0.344886,1.0
20321.0,0.427518,0.422827,0.445623,0.445623,13.18988,-0.402122,-0.400088,60.0,60.0,18.44521,30.0,1.0,1.0,1.0,0.446318,20292.0,0.358169,1.0
20331.0,0.427549,0.422858,0.445646,0.445646,13.191143,-0.465825,-0.463673,60.0,60.0,17.693252,30.0,1.0,1.0,1.0,0.446318,20302.0,0.352961,1.0
20341.0,0.427581,0.422891,0.445671,0.445671,13.190948,-0.454783,-0.452791,60.0,60.0,17.823589,30.0,1.0,1.0,1.0,0.446488,20312.0,0.356169,1.0
20351.0,0.427612,0.422923,0.445695,0.445695,13.190126,-0.412052,-0.410139,60.0,60.0,18.327987,30.0,1.0,1.0,1.0,0.446488,20322.0,0.351351,1.0
20361.0,0.427644,0.422955,0.445722,0.445722,13.190134,-0.411641,-0.409516,60.0,60.0,18.332834,30.0,1.0,1.0,1.0,0.446488,20332.0,0.364462,1.0
20371.0,0.427674,0.422986,0.445743,0.445743,13.190221,-0.415512,-0.413357,60.0,60.0,18.287142,30.0,1.0,1.0,1.0,0.446488,20342.0,0.360245,1.0
20381.0,0.427706,0.423018,0.445767,0.445767,13.191363,-0.4729,-0.470816,60.0,60.0,17.609692,30.0,1.0,1.0,1.0,0.446488,20352.0,0.360846,1.0
20391.0,0.427737,0.42305,0.445792,0.445792,13.191658,-0.487222,-0.484978,60.0,60.0,17.44061,30.0,1.0,1.0,1.0,0.446488,20362.0,0.363684,1.0
20401.0,0.427767,0.42308,0.445817,0.445817,13.190307,-0.417912,-0.415787,60.0,60.0,18.258794,30.0,1.0,1.0,1.0,0.446649,20372.0,0.367295,1.0
20411.0,0.427798,0.423112,0.445845,0.445845,13.190928,-0.449013,-0.446728,60.0,60.0,17.891668,30.0,1.0,1.0,1.0,0.446649,20382.0,0.354627,1.0
20421.0,0.42783,0.423143,0.445874,0.445874,13.19071,-0.437073,-0.435037,60.0,60.0,18.032608,30.0,1.0,1.0,1.0,0.446649,20392.0,0.35929,1.0
20431.0,0.42786,0.423174,0.445899,0.445899,13.190256,-0.41346,-0.411343,60.0,60.0,18.31133,30.0,1.0,1.0,1.0,0.446649,20402.0,0.3641,1.0
20441.0,0.427891,0.423206,0.445925,0.445925,13.191368,-0.469521,-0.467514,60.0,60.0,17.649562,30.0,1.0,1.0,1.0,0.446649,20412.0,0.355247,1.0
20451.0,0.427923,0.423238,0.445952,0.445952,13.190253,-0.411656,-0.409661,60.0,60.0,18.332613,30.0,1.0,1.0,1.0,0.446649,20422.0,0.354602,1.0
20461.0,0.427954,0.423269,0.445977,0.445977,13.1912,-0.459411,-0.45736,60.0,60.0,17.768891,30.0,1.0,1.0,1.0,0.446821,20432.0,0.357323,1.0
20471.0,0.427985,0.423301,0.446001,0.446001,13.191107,-0.453781,-0.451899,60.0,60.0,17.83535,30.0,1.0,1.0,1.0,0.446821,20442.0,0.358895,1.0
20481.0,0.428016,0.423333,0.446026,0.446026,13.190535,-0.424014,-0.421892,60.0,60.0,18.186724,30.0,1.0,1.0,1.0,0.446821,20452.0,0.352576,1.0
20491.0,0.428047,0.423364,0.446052,0.446052,13.190167,-0.404636,-0.402414,60.0,60.0,18.415452,30.0,1.0,1.0,1.0,0.446821,20462.0,0.363993,1.0
20501.0,0.428078,0.423396,0.44608,0.44608,13.19065,-0.428469,-0.42644,60.0,60.0,18.134134,30.0,1.0,1.0,1.0,0.446821,20472.0,0.361872,1.0
20511.0,0.428109,0.423427,0.446109,0.446109,13.191724,-0.48267,-0.480597,60.0,60.0,17.49428,30.0,1.0,1.0,1.0,0.446821,20482.0,0.350134,1.0
20521.0,0.42814,0.423458,0.446138,0.446138,13.189933,-0.390703,-0.388522,60.0,60.0,18.57989,30.0,1.0,1.0,1.0,0.446997,20492.0,0.360365,1.0
20531.0,0.428171,0.42349,0.446164,0.446164,13.190747,-0.431613,-0.429389,60.0,60.0,18.097003,30.0,1.0,1.0,1.0,0.446997,20502.0,0.35935,1.0
20541.0,0.428203,0.423522,0.44619,0.44619,13.191644,-0.476606,-0.474429,60.0,60.0,17.565856,30.0,1.0,1.0,1.0,0.446997,20512.0,0.349679,1.0
20551.0,0.428233,0.423552,0.446215,0.446215,13.190585,-0.422284,-0.420252,60.0,60.0,18.207121,30.0,1.0,1.0,1.0,0.446997,20522.0,0.354782,1.0
20561.0,0.428263,0.423583,0.44624,0.44624,13.189956,-0.389881,-0.387816,60.0,60.0,18.589583,30.0,1.0,1.0,1.0,0.446997,20532.0,0.350147,1.0
20571.0,0.428293,0.423614,0.446265,0.446265,13.190013,-0.392236,-0.3901,60.0,60.0,18.561783,30.0,1.0,1.0,1.0,0.446997,20542.0,0.350903,1.0
20581.0,0.428324,0.423645,0.446292,0.446292,13.192407,-0.513831,-0.511641,60.0,60.0,17.126345,30.0,1.0,1.0,1.0,0.447153,20552.0,0.355844,1.0
20591.0,0.428356,0.423677,0.446318,0.446318,13.190766,-0.429197,-0.427063,60.0,60.0,18.125504,30.0,1.0,1.0,1.0,0.447153,20562.0,0.353295,1.0
20601.0,0.428386,0.423708,0.446343,0.446343,13.19022,-0.40099,-0.398801,60.0,60.0,18.458444,30.0,1.0,1.0,1.0,0.447153,20572.0,0.35866,1.0
20611.0,0.428418,0.42374,0.446368,0.446368,13.191742,-0.477768,-0.475634,60.0,60.0,17.552101,30.0,1.0,1.0,1.0,0.447153,20582.0,0.363019,1.0
20621.0,0.42845,0.423772,0.446396,0.446396,13.191092,-0.443608,-0.441495,60.0,60.0,17.955366,30.0,1.0,1.0,1.0,0.447153,20592.0,0.35342,1.0
20631.0,0.428481,0.423804,0.446422,0.446422,13.190323,-0.403656,-0.401646,60.0,60.0,18.426959,30.0,1.0,1.0,1.0,0.447153,20602.0,0.347336,1.0
20641.0,0.428511,0.423835,0.446451,0.446451,13.19089,-0.432141,-0.430032,60.0,60.0,18.090723,30.0,1.0,1.0,1.0,0.447329,20612.0,0.369775,1.0
20651.0,0.428541,0.423866,0.446475,0.446475,13.190669,-0.420471,-0.418237,60.0,60.0,18.228478,30.0,1.0,1.0,1.0,0.447329,20622.0,0.351318,1.0
20661.0,0.428572,0.423896,0.446503,0.446503,13.190785,-0.42599,-0.423948,60.0,60.0,18.163328,30.0,1.0,1.0,1.0,0.447329,20632.0,0.365477,1.0
20671.0,0.428603,0.423928,0.44653,0.44653,13.190791,-0.425557,-0.423533,60.0,60.0,18.168431,30.0,1.0,1.0,1.0,0.447329,20642.0,0.348567,1.0
20681.0,0.428635,0.423961,0.446558,0.446558,13.191703,-0.470948,-0.468822,60.0,60.0,17.632578,30.0,1.0,1.0,1.0,0.447329,20652.0,0.358103,1.0
20691.0,0.428667,0.423993,0.446583,0.446583,13.190811,-0.424716,-0.42266,60.0,60.0,18.178344,30.0,1.0,1.0,1.0,0.447329,20662.0,0.352972,1.0
20701.0,0.428697,0.424024,0.446608,0.446608,13.191773,-0.473327,-0.471148,60.0,60.0,17.604482,30.0,1.0,1.0,1.0,0.447497,20672.0,0.355375,1.0
20711.0,0.428728,0.424055,0.446636,0.446636,13.190226,-0.39374,-0.391678,60.0,60.0,18.543968,30.0,1.0,1.0,1.0,0.447497,20682.0,0.353377,1.0
20721.0,0.428758,0.424085,0.446659,0.446659,13.191933,-0.480568,-0.478395,60.0,60.0,17.518984,30.0,1.0,1.0,1.0,0.447497,20692.0,0.367156,1.0
20731.0,0.42879,0.424117,0.446686,0.446686,13.192081,-0.487271,-0.485124,60.0,60.0,17.439849,30.0,1.0,1.0,1.0,0.447497,20702.0,0.348962,1.0
20741.0,0.428821,0.424149,0.446712,0.446712,13.191365,-0.450027,-0.447828,60.0,60.0,17.879535,30.0,1.0,1.0,1.0,0.447497,20712.0,0.353451,1.0
20751.0,0.428851,0.42418,0.446738,0.446738,13.19069,-0.415223,-0.412942,60.0,60.0,18.290375,30.0,1.0,1.0,1.0,0.447497,20722.0,0.36334,1.0
20761.0,0.42888,0.424209,0.446764,0.446764,13.190616,-0.411436,-0.409204,60.0,60.0,18.335075,30.0,1.0,1.0,1.0,0.447657,20732.0,0.351439,1.0
20771.0,0.428911,0.42424,0.446791,0.446791,13.190698,-0.415192,-0.413129,60.0,60.0,18.290738,30.0,1.0,1.0,1.0,0.447657,20742.0,0.355455,1.0
20781.0,0.428942,0.424272,0.446818,0.446818,13.191148,-0.437252,-0.435182,60.0,60.0,18.030323,30.0,1.0,1.0,1.0,0.447657,20752.0,0.363977,1.0
20791.0,0.428974,0.424305,0.446845,0.446845,13.192203,-0.490033,-0.487968,60.0,60.0,17.407203,30.0,1.0,1.0,1.0,0.447657,20762.0,0.367383,1.0
20801.0,0.429005,0.424336,0.446872,0.446872,13.19101,-0.428414,-0.426128,60.0,60.0,18.134644,30.0,1.0,1.0,1.0,0.447657,20772.0,0.364194,1.0
20811.0,0.429036,0.424367,0.446899,0.446899,13.191045,-0.429801,-0.427582,60.0,60.0,18.118271,30.0,1.0,1.0,1.0,0.447657,20782.0,0.351954,1.0
20821.0,0.429067,0.424398,0.446929,0.446929,13.190294,-0.390901,-0.388896,60.0,60.0,18.577426,30.0,1.0,1.0,1.0,0.447834,20792.0,0.36346,1.0
20831.0,0.429097,0.424429,0.446955,0.446955,13.191912,-0.473007,-0.471024,60.0,60.0,17.608198,30.0,1.0,1.0,1.0,0.447834,20802.0,0.355901,1.0
20841.0,0.429127,0.424459,0.446982,0.446982,13.191026,-0.427674,-0.425485,60.0,60.0,18.143369,30.0,1.0,1.0,1.0,0.447834,20812.0,0.353621,1.0
20851.0,0.429158,0.424491,0.447008,0.447008,13.191614,-0.45685,-0.45466,60.0,60.0,17.79894,30.0,1.0,1.0,1.0,0.447834,20822.0,0.357958,1.0
20861.0,0.429188,0.424522,0.447035,0.447035,13.191778,-0.464796,-0.462759,60.0,60.0,17.705125,30.0,1.0,1.0,1.0,0.447834,20832.0,0.354192,1.0
20871.0,0.429219,0.424553,0.447061,0.447061,13.192242,-0.487791,-0.485705,60.0,60.0,17.433635,30.0,1.0,1.0,1.0,0.447834,20842.0,0.349251,1.0
20881.0,0.429252,0.424586,0.447091,0.447091,13.191388,-0.442999,-0.441017,60.0,60.0,17.96244,30.0,1.0,1.0,1.0,0.448003,20852.0,0.365418,1.0
20891.0,0.429282,0.424617,0.447119,0.447119,13.191046,-0.424907,-0.422868,60.0,60.0,18.176001,30.0,1.0,1.0,1.0,0.448003,20862.0,0.359036,1.0
20901.0,0.429314,0.424649,0.447146,0.447146,13.192037,-0.474688,-0.472519,60.0,60.0,17.588316,30.0,1.0,1.0,1.0,0.448003,20872.0,0.363629,1.0
20911.0,0.429345,0.424681,0.447173,0.447173,13.190744,-0.407996,-0.40582,60.0,60.0,18.375604,30.0,1.0,1.0,1.0,0.448003,20882.0,0.356271,1.0
20921.0,0.429375,0.424712,0.447199,0.447199,13.191683,-0.455429,-0.453248,60.0,60.0,17.815675,30.0,1.0,1.0,1.0,0.448003,20892.0,0.35272,1.0
20931.0,0.429405,0.424742,0.447225,0.447225,13.191314,-0.436368,-0.434435,60.0,60.0,18.04069,30.0,1.0,1.0,1.0,0.448003,20902.0,0.354897,1.0
20941.0,0.429436,0.424773,0.44725,0.44725,13.192795,-0.511217,-0.508921,60.0,60.0,17.157008,30.0,1.0,1.0,1.0,0.44817,20912.0,0.35696,1.0
20951.0,0.429467,0.424804,0.447278,0.447278,13.191368,-0.438014,-0.435951,60.0,60.0,18.021246,30.0,1.0,1.0,1.0,0.44817,20922.0,0.361168,1.0
20961.0,0.429498,0.424836,0.447304,0.447304,13.191511,-0.444605,-0.44245,60.0,60.0,17.943434,30.0,1.0,1.0,1.0,0.44817,20932.0,0.358277,1.0
20971.0,0.429529,0.424868,0.447334,0.447334,13.190927,-0.413867,-0.411842,60.0,60.0,18.306278,30.0,1.0,1.0,1.0,0.44817,20942.0,0.359195,1.0
20981.0,0.42956,0.424898,0.447358,0.447358,13.192201,-0.478426,-0.476298,60.0,60.0,17.54415,30.0,1.0,1.0,1.0,0.44817,20952.0,0.348122,1.0
20991.0,0.429591,0.42493,0.447386,0.447386,13.190965,-0.414562,-0.412444,60.0,60.0,18.298068,30.0,1.0,1.0,1.0,0.44817,20962.0,0.355686,1.0
21001.0,0.429622,0.424962,0.447411,0.447411,13.192014,-0.467371,-0.46523,60.0,60.0,17.674652,30.0,1.0,1.0,1.0,0.448341,20972.0,0.355094,1.0
21011.0,0.429653,0.424994,0.447437,0.447437,13.191471,-0.438815,-0.436698,60.0,60.0,18.011764,30.0,1.0,1.0,1.0,0.448341,20982.0,0.357948,1.0
21021.0,0.429683,0.425024,0.447463,0.447463,13.191595,-0.44505,-0.442865,60.0,60.0,17.938158,30.0,1.0,1.0,1.0,0.448341,20992.0,0.360235,1.0
21031.0,0.429714,0.425055,0.447489,0.447489,13.191853,-0.457584,-0.455491,60.0,60.0,17.790179,30.0,1.0,1.0,1.0,0.448341,21002.0,0.354673,1.0
21041.0,0.429747,0.425088,0.447519,0.447519,13.191782,-0.452587,-0.450528,60.0,60.0,17.849162,30.0,1.0,1.0,1.0,0.448341,21012.0,0.350714,1.0
21051.0,0.429778,0.42512,0.447547,0.447547,13.192119,-0.469046,-0.466912,60.0,60.0,17.654839,30.0,1.0,1.0,1.0,0.448341,21022.0,0.352173,1.0
21061.0,0.429808,0.42515,0.447571,0.447571,13.19106,-0.414784,-0.412755,60.0,60.0,18.295421,30.0,1.0,1.0,1.0,0.44851,21032.0,0.355929,1.0
21071.0,0.429837,0.42518,0.447598,0.447598,13.190975,-0.410268,-0.408062,60.0,60.0,18.348717,30.0,1.0,1.0,1.0,0.44851,21042.0,0.36186,1.0
21081.0,0.429869,0.425212,0.447625,0.447625,13.191753,-0.449152,-0.447185,60.0,60.0,17.889699,30.0,1.0,1.0,1.0,0.44851,21052.0,0.362939,1.0
21091.0,0.429899,0.425242,0.447652,0.447652,13.191582,-0.440182,-0.43811,60.0,60.0,17.995591,30.0,1.0,1.0,1.0,0.44851,21062.0,0.366109,1.0
21101.0,0.429929,0.425273,0.447678,0.447678,13.191665,-0.443986,-0.44191,60.0,60.0,17.950679,30.0,1.0,1.0,1.0,0.44851,21072.0,0.353449,1.0
21111.0,0.42996,0.425305,0.447708,0.447708,13.191174,-0.418164,-0.416015,60.0,60.0,18.255503,30.0,1.0,1.0,1.0,0.44851,21082.0,0.355704,1.0
21121.0,0.429991,0.425336,0.447736,0.447736,13.191614,-0.439875,-0.43784,60.0,60.0,17.999199,30.0,1.0,1.0,1.0,0.448673,21092.0,0.36136,1.0
21131.0,0.430022,0.425368,0.447762,0.447762,13.192769,-0.498072,-0.496067,60.0,60.0,17.312111,30.0,1.0,1.0,1.0,0.448673,21102.0,0.355346,1.0
21141.0,0.430055,0.425401,0.447794,0.447794,13.19165,-0.439859,-0.437757,60.0,60.0,17.999377,30.0,1.0,1.0,1.0,0.448673,21112.0,0.36019,1.0
21151.0,0.430085,0.425432,0.447819,0.447819,13.19123,-0.417943,-0.415766,60.0,60.0,18.258083,30.0,1.0,1.0,1.0,0.448673,21122.0,0.366588,1.0
21161.0,0.430116,0.425463,0.447844,0.447844,13.191813,-0.446954,-0.444776,60.0,60.0,17.915601,30.0,1.0,1.0,1.0,0.448673,21132.0,0.356384,1.0
21171.0,0.430148,0.425495,0.447872,0.447872,13.191413,-0.425754,-0.423678,60.0,60.0,18.165866,30.0,1.0,1.0,1.0,0.448673,21142.0,0.358424,1.0
21181.0,0.430179,0.425527,0.4479,0.4479,13.191405,-0.424585,-0.422432,60.0,60.0,18.179658,30.0,1.0,1.0,1.0,0.448854,21152.0,0.353779,1.0
21191.0,0.430211,0.425559,0.447929,0.447929,13.191663,-0.436811,-0.43458,60.0,60.0,18.035325,30.0,1.0,1.0,1.0,0.448854,21162.0,0.350332,1.0
21201.0,0.430241,0.42559,0.447955,0.447955,13.191658,-0.436164,-0.434082,60.0,60.0,18.042968,30.0,1.0,1.0,1.0,0.448854,21172.0,0.358225,1.0
21211.0,0.43027,0.425619,0.447982,0.447982,13.191029,-0.404033,-0.401957,60.0,60.0,18.422254,30.0,1.0,1.0,1.0,0.448854,21182.0,0.3708,1.0
21221.0,0.430302,0.425651,0.44801,0.44801,13.192078,-0.456767,-0.454723,60.0,60.0,17.799725,30.0,1.0,1.0,1.0,0.448854,21192.0,0.362079,1.0
21231.0,0.430333,0.425683,0.448039,0.448039,13.192174,-0.460715,-0.458647,60.0,60.0,17.753107,30.0,1.0,1.0,1.0,0.448854,21202.0,0.359125,1.0
21241.0,0.430365,0.425716,0.44807,0.44807,13.191693,-0.43514,-0.433043,60.0,60.0,18.055034,30.0,1.0,1.0,1.0,0.449033,21212.0,0.359599,1.0
21251.0,0.430397,0.425748,0.448097,0.448097,13.191661,-0.432782,-0.430697,60.0,60.0,18.082863,30.0,1.0,1.0,1.0,0.449033,21222.0,0.353101,1.0
21261.0,0.430428,0.425779,0.448126,0.448126,13.191123,-0.404597,-0.40258,60.0,60.0,18.415574,30.0,1.0,1.0,1.0,0.449033,21232.0,0.35516,1.0
21271.0,0.430459,0.425811,0.448152,0.448152,13.192771,-0.488084,-0.485954,60.0,60.0,17.429946,30.0,1.0,1.0,1.0,0.449033,21241.0,0.355149,1.0
21281.0,0.430489,0.425841,0.448177,0.448177,13.191588,-0.427371,-0.425235,60.0,60.0,18.146723,30.0,1.0,1.0,1.0,0.449033,21251.0,0.363532,1.0
21291.0,0.430521,0.425874,0.448205,0.448205,13.191344,-0.413884,-0.411883,60.0,60.0,18.305927,30.0,1.0,1.0,1.0,0.449033,21261.0,0.349548,1.0
21301.0,0.430552,0.425905,0.448232,0.448232,13.192164,-0.455202,-0.452999,60.0,60.0,17.818154,30.0,1.0,1.0,1.0,0.449202,21271.0,0.352011,1.0
21311.0,0.430582,0.425936,0.448258,0.448258,13.191755,-0.43401,-0.432047,60.0,60.0,18.068339,30.0,1.0,1.0,1.0,0.449202,21281.0,0.350703,1.0
21321.0,0.430613,0.425968,0.448288,0.448288,13.193095,-0.501574,-0.499452,60.0,60.0,17.270638,30.0,1.0,1.0,1.0,0.449202,21291.0,0.363011,1.0
21331.0,0.430645,0.426,0.448321,0.448321,13.192661,-0.478502,-0.476402,60.0,60.0,17.543054,30.0,1.0,1.0,1.0,0.449202,21301.0,0.359782,1.0
21341.0,0.430676,0.426031,0.448352,0.448352,13.191538,-0.420599,-0.418507,60.0,60.0,18.226632,30.0,1.0,1.0,1.0,0.449202,21311.0,0.352433,1.0
21351.0,0.430707,0.426063,0.448378,0.448378,13.190615,-0.372857,-0.370871,60.0,60.0,18.790172,30.0,1.0,1.0,1.0,0.449202,21321.0,0.35467,1.0
21361.0,0.430739,0.426095,0.448408,0.448408,13.191876,-0.436453,-0.434372,60.0,60.0,18.039469,30.0,1.0,1.0,1.0,0.449382,21331.0,0.356645,1.0
21371.0,0.430769,0.426125,0.448432,0.448432,13.19184,-0.434375,-0.432109,60.0,60.0,18.063993,30.0,1.0,1.0,1.0,0.449382,21341.0,0.348963,1.0
21381.0,0.4308,0.426157,0.448462,0.448462,13.191331,-0.407635,-0.405591,60.0,60.0,18.379654,30.0,1.0,1.0,1.0,0.449382,21351.0,0.348719,1.0
21391.0,0.430832,0.426189,0.448492,0.448492,13.192488,-0.465751,-0.463527,60.0,60.0,17.693569,30.0,1.0,1.0,1.0,0.449382,21361.0,0.351103,1.0
21401.0,0.430863,0.426221,0.448522,0.448522,13.192021,-0.441142,-0.438982,60.0,60.0,17.984087,30.0,1.0,1.0,1.0,0.449382,21371.0,0.361987,1.0
21411.0,0.430894,0.426252,0.448552,0.448552,13.192233,-0.451589,-0.449407,60.0,60.0,17.860751,30.0,1.0,1.0,1.0,0.449382,21381.0,0.358443,1.0
21421.0,0.430925,0.426283,0.448579,0.448579,13.192047,-0.441456,-0.439231,60.0,60.0,17.980381,30.0,1.0,1.0,1.0,0.449558,21391.0,0.354455,1.0
21431.0,0.430955,0.426314,0.44861,0.44861,13.191217,-0.398627,-0.396579,60.0,60.0,18.485969,30.0,1.0,1.0,1.0,0.449558,21401.0,0.350455,1.0
21441.0,0.430986,0.426345,0.448638,0.448638,13.192117,-0.444121,-0.441973,60.0,60.0,17.948903,30.0,1.0,1.0,1.0,0.449558,21411.0,0.355147,1.0
21451.0,0.431017,0.426377,0.448667,0.448667,13.192494,-0.462456,-0.460371,60.0,60.0,17.732435,30.0,1.0,1.0,1.0,0.449558,21421.0,0.362167,1.0
21461.0,0.431049,0.426409,0.448697,0.448697,13.192934,-0.484088,-0.481967,60.0,60.0,17.477026,30.0,1.0,1.0,1.0,0.449558,21431.0,0.360025,1.0
21471.0,0.431079,0.42644,0.448723,0.448723,13.191635,-0.417392,-0.415393,60.0,60.0,18.26444,30.0,1.0,1.0,1.0,0.449558,21441.0,0.352767,1.0
21481.0,0.431109,0.42647,0.448749,0.448749,13.191092,-0.389674,-0.387587,60.0,60.0,18.591628,30.0,1.0,1.0,1.0,0.449726,21451.0,0.358969,1.0
21491.0,0.43114,0.426502,0.448775,0.448775,13.191562,-0.412822,-0.410513,60.0,60.0,18.318382,30.0,1.0,1.0,1.0,0.449726,21461.0,0.363483,1.0
21501.0,0.431171,0.426533,0.448802,0.448802,13.191406,-0.404334,-0.402289,60.0,60.0,18.418571,30.0,1.0,1.0,1.0,0.449726,21471.0,0.360166,1.0
21511.0,0.431202,0.426565,0.448829,0.448829,13.192978,-0.483696,-0.481593,60.0,60.0,17.481633,30.0,1.0,1.0,1.0,0.449726,21481.0,0.348178,1.0
21521.0,0.431234,0.426597,0.448858,0.448858,13.192599,-0.463518,-0.461471,60.0,60.0,17.719868,30.0,1.0,1.0,1.0,0.449726,21491.0,0.361987,1.0
21531.0,0.431266,0.426629,0.448887,0.448887,13.191507,-0.406925,-0.404823,60.0,60.0,18.387964,30.0,1.0,1.0,1.0,0.449726,21501.0,0.361038,1.0
21541.0,0.431297,0.426661,0.448917,0.448917,13.192937,-0.479008,-0.476942,60.0,60.0,17.536957,30.0,1.0,1.0,1.0,0.449907,21511.0,0.358411,1.0
21551.0,0.431327,0.426692,0.448944,0.448944,13.192277,-0.445086,-0.443052,60.0,60.0,17.937464,30.0,1.0,1.0,1.0,0.449907,21521.0,0.351865,1.0
21561.0,0.431358,0.426723,0.448973,0.448973,13.191803,-0.420401,-0.41832,60.0,60.0,18.228874,30.0,1.0,1.0,1.0,0.449907,21531.0,0.351064,1.0
21571.0,0.431389,0.426755,0.449001,0.449001,13.192689,-0.464893,-0.4628,60.0,60.0,17.703599,30.0,1.0,1.0,1.0,0.449907,21541.0,0.355577,1.0
21581.0,0.431421,0.426787,0.449032,0.449032,13.192801,-0.469625,-0.467597,60.0,60.0,17.647731,30.0,1.0,1.0,1.0,0.449907,21551.0,0.357357,1.0
21591.0,0.431451,0.426818,0.449061,0.449061,13.191738,-0.414986,-0.41288,60.0,60.0,18.292779,30.0,1.0,1.0,1.0,0.449907,21561.0,0.34949,1.0
