run_id,replicate_id,step,timestamp_utc,interval_end_utc,observed_time_utc,ingest_time_utc,site_id,mode,evidence_class,active_wan_id,wan_state,wan_capacity_mbps,offered_load_mbps,throughput_mbps,queue_delay_ms,rtt_ms,jitter_ms,loss_pct,failover_active,vpn_state,vpn_latency_ms,vpn_loss_pct,ap_total,ap_online,wifi_clients,mean_rssi_dbm,channel_util_pct,retry_pct,auth_failures,roaming_events,rogue_ap_count,assets_ready,assets_degraded,flows_per_s,scan_rate_pps,lateral_events,c2_beacons,power_state_start,power_state_end,mains_present,ats_transitions,soc_pct,soh_pct,pack_ocv_v,pack_voltage_v,pack_current_a,cell_ocv_min_v,cell_ocv_max_v,cell_min_v,cell_max_v,cell_imbalance_mv,battery_temp_c,load_w,shed_groups,autonomy_min,protection_trip,charge_state,detector_score,detector_alert,alert_latency_s,quality_flags,telemetry_gap_marker
power-outage,0,0,2026-09-03T09:00:00Z,2026-09-03T09:00:01Z,2026-09-03T09:00:00Z,2026-09-03T09:00:01Z,site_a,SIM,synthetic_demo,A-WAN-1,UP,1000.0,184.3839,184.33,0.0,16.26,0.6573,0.08,0,UP,4.0,0.0,48,48,195,-61.9,17.879,5.396,0,3,0,31,0,160.0,0.0,0,0,MAINS,MAINS,1,0,81.99,92.0,51.3399,51.6987,-4.0,3.94923,3.94923,3.97683,3.97683,0.0,23.1,220.0,,449.348,,CHARGE,0.0,0,,SYNTHETIC,0
power-outage,0,0,2026-09-03T09:00:00Z,2026-09-03T09:00:01Z,2026-09-03T09:00:00Z,2026-09-03T09:00:01Z,site_b,SIM,synthetic_demo,B-WAN-1,UP,1000.0,65.5231,65.83,0.0,23.49,2.1571,0.054,0,UP,4.0,0.0,6,6,28,-59.8,17.641,6.213,0,0,0,32,0,33.0,0.0,0,0,,,,,,,,,,,,,,,,,,,,,0.0,0,,SYNTHETIC,0
power-outage,0,1,2026-09-03T09:00:01Z,2026-09-03T09:00:02Z,2026-09-03T09:00:01Z,2026-09-03T09:00:02Z,site_a,SIM,synthetic_demo,A-WAN-1,UP,1000.0,178.9067,178.29,0.0,19.18,3.2435,0.098,0,UP,4.0,0.0,48,48,235,-62.7,19.366,5.763,3,1,0,31,0,141.0,0.0,0,0,MAINS,MAINS,1,0,82.05,92.0,51.3403,51.6991,-4.0,3.94925,3.94925,3.97685,3.97685,0.0,22.9,1088.621,,90.812,,CHARGE,0.0,0,,SYNTHETIC,0
power-outage,0,1,2026-09-03T09:00:01Z,2026-09-03T09:00:02Z,2026-09-03T09:00:01Z,2026-09-03T09:00:02Z,site_b,SIM,synthetic_demo,B-WAN-1,UP,1000.0,59.9424,58.89,0.0,22.22,1.7609,0.114,0,UP,4.0,0.0,6,6,39,-61.2,20.917,6.266,0,0,0,32,0,54.0,0.0,0,0,,,,,,,,,,,,,,,,,,,,,0.0,0,,SYNTHETIC,0
power-outage,0,2,2026-09-03T09:00:02Z,2026-09-03T09:00:03Z,2026-09-03T09:00:02Z,2026-09-03T09:00:03Z,site_a,SIM,synthetic_demo,A-WAN-1,UP,1000.0,142.9914,142.55,0.0,17.49,1.2716,0.027,0,UP,4.0,0.0,48,48,174,-61.6,17.292,5.083,0,3,0,31,0,177.0,0.0,0,0,MAINS,MAINS,1,0,82.01,92.0,51.3406,51.6994,-4.0,3.94928,3.94928,3.97688,3.97688,0.0,22.9,1068.249,,92.547,,CHARGE,0.0,0,,SYNTHETIC,0
power-outage,0,2,2026-09-03T09:00:02Z,2026-09-03T09:00:03Z,2026-09-03T09:00:02Z,2026-09-03T09:00:03Z,site_b,SIM,synthetic_demo,B-WAN-1,UP,1000.0,62.554,63.11,0.0,22.65,2.2997,0.129,0,UP,4.0,0.0,6,6,67,-61.2,26.898,8.762,0,0,0,32,0,54.0,0.0,0,0,,,,,,,,,,,,,,,,,,,,,0.0,0,,SYNTHETIC,0
power-outage,0,3,2026-09-03T09:00:03Z,2026-09-03T09:00:04Z,2026-09-03T09:00:03Z,2026-09-03T09:00:04Z,site_a,SIM,synthetic_demo,A-WAN-1,UP,1000.0,146.1654,146.24,0.0,16.36,0.0917,0.07,0,UP,4.0,0.0,48,48,241,-61.7,19.583,5.686,1,4,0,31,0,197.0,0.0,0,0,MAINS,MAINS,1,0,82.02,92.0,51.341,51.6998,-4.0,3.9493,3.9493,3.9769,3.9769,0.0,23.1,1088.125,,90.859,,CHARGE,0.0,0,,SYNTHETIC,0
power-outage,0,3,2026-09-03T09:00:03Z,2026-09-03T09:00:04Z,2026-09-03T09:00:03Z,2026-09-03T09:00:04Z,site_b,SIM,synthetic_demo,B-WAN-1,UP,1000.0,78.9428,80.07,0.0,21.69,0.9444,0.128,0,UP,4.0,0.0,6,6,37,-63.5,20.831,6.021,0,0,0,32,0,50.0,0.0,0,0,,,,,,,,,,,,,,,,,,,,,0.0,0,,SYNTHETIC|STALE,0
power-outage,0,4,2026-09-03T09:00:04Z,2026-09-03T09:00:05Z,2026-09-03T09:00:04Z,2026-09-03T09:00:05Z,site_a,SIM,synthetic_demo,A-WAN-1,UP,1000.0,154.7689,154.51,0.0,15.76,0.0293,0.076,0,UP,4.0,0.0,48,48,348,-63.359,23.003,6.37,2,3,0,31,0,325.0,0.0,0,0,MAINS,MAINS,1,0,82.01,92.0,51.3413,51.7001,-4.0,3.94933,3.94933,3.97693,3.97693,0.0,23.2,1104.648,,89.503,,CHARGE,0.0,0,,SYNTHETIC|STALE,0
power-outage,0,4,2026-09-03T09:00:04Z,2026-09-03T09:00:05Z,2026-09-03T09:00:04Z,2026-09-03T09:00:05Z,site_b,SIM,synthetic_demo,B-WAN-1,UP,1000.0,58.026,58.13,0.0,21.44,0.3258,0.071,0,UP,4.0,0.0,6,6,31,-63.359,19.793,5.934,0,0,0,32,0,75.0,0.0,0,0,,,,,,,,,,,,,,,,,,,,,0.0,0,,SYNTHETIC|STALE,0
power-outage,0,5,2026-09-03T09:00:05Z,2026-09-03T09:00:06Z,2026-09-03T09:00:05Z,2026-09-03T09:00:06Z,site_a,SIM,synthetic_demo,A-WAN-1,UP,1000.0,161.6756,161.21,0.0,17.92,1.8783,0.073,0,UP,4.0,0.0,48,48,232,-63.359,18.4,5.747,0,6,0,31,0,114.0,0.0,0,0,MAINS,MAINS,1,0,82.01,92.0,51.3416,51.7004,-4.0,3.94936,3.94936,3.97696,3.97696,0.0,22.9,1099.663,,89.911,,CHARGE,0.0,0,,SYNTHETIC|STALE,0
power-outage,0,5,2026-09-03T09:00:05Z,2026-09-03T09:00:06Z,2026-09-03T09:00:05Z,2026-09-03T09:00:06Z,site_b,SIM,synthetic_demo,B-WAN-1,UP,1000.0,57.9552,58.28,0.0,23.86,2.4841,0.093,0,UP,4.0,0.0,6,6,47,-63.359,21.125,7.063,0,1,0,32,0,60.0,0.0,0,0,,,,,,,,,,,,,,,,,,,,,0.0,0,,SYNTHETIC|STALE,0
power-outage,0,6,2026-09-03T09:00:06Z,2026-09-03T09:00:07Z,2026-09-03T09:00:06Z,2026-09-03T09:00:07Z,site_a,SIM,synthetic_demo,A-WAN-1,UP,1000.0,141.3398,142.86,0.0,15.15,0.0972,0.082,0,UP,4.0,0.0,48,48,154,-63.359,15.523,5.102,0,0,0,31,0,226.0,0.0,0,0,MAINS,MAINS,1,0,82.03,92.0,51.342,51.7008,-4.0,3.94938,3.94938,3.97698,3.97698,0.0,23.0,1100.908,,89.813,,CHARGE,0.0,0,,SYNTHETIC|STALE,0
power-outage,0,6,2026-09-03T09:00:06Z,2026-09-03T09:00:07Z,2026-09-03T09:00:06Z,2026-09-03T09:00:07Z,site_b,SIM,synthetic_demo,B-WAN-1,UP,1000.0,59.3533,58.99,0.0,21.46,0.9692,0.1,0,UP,4.0,0.0,6,6,37,-64.3,19.274,6.353,0,1,0,32,0,50.0,0.0,0,0,,,,,,,,,,,,,,,,,,,,,0.0,0,,SYNTHETIC,0
power-outage,0,7,2026-09-03T09:00:07Z,2026-09-03T09:00:08Z,2026-09-03T09:00:07Z,2026-09-03T09:00:08Z,site_a,SIM,synthetic_demo,A-WAN-1,UP,1000.0,143.2781,142.86,0.0,16.86,0.7858,0.107,0,UP,4.0,0.0,48,48,292,-62.5,20.755,6.452,2,2,0,31,0,170.0,0.0,0,0,MAINS,MAINS,1,0,81.98,92.0,51.3423,51.7011,-4.0,3.94941,3.94941,3.97701,3.97701,0.0,23.0,1088.2,,90.864,,CHARGE,0.0,0,,SYNTHETIC,0
power-outage,0,7,2026-09-03T09:00:07Z,2026-09-03T09:00:08Z,2026-09-03T09:00:07Z,2026-09-03T09:00:08Z,site_b,SIM,synthetic_demo,B-WAN-1,UP,1000.0,67.9382,68.82,0.0,24.85,2.9995,0.1,0,UP,4.0,0.0,6,6,56,-61.5,25.552,7.959,0,0,0,32,0,102.0,0.0,0,0,,,,,,,,,,,,,,,,,,,,,0.0,0,,SYNTHETIC,0
power-outage,0,8,2026-09-03T09:00:08Z,2026-09-03T09:00:09Z,2026-09-03T09:00:08Z,2026-09-03T09:00:09Z,site_a,SIM,synthetic_demo,A-WAN-1,UP,1000.0,185.3297,184.46,0.0,17.1,0.0786,0.073,0,UP,4.0,0.0,48,48,139,-61.5,15.293,4.922,1,1,0,31,0,147.0,0.0,0,0,MAINS,MAINS,1,0,82.08,92.0,51.3427,51.7015,-4.0,3.94944,3.94944,3.97704,3.97704,0.0,23.2,1098.895,,89.983,,CHARGE,0.0,0,,SYNTHETIC,0
power-outage,0,8,2026-09-03T09:00:08Z,2026-09-03T09:00:09Z,2026-09-03T09:00:08Z,2026-09-03T09:00:09Z,site_b,SIM,synthetic_demo,B-WAN-1,UP,1000.0,65.1929,65.38,0.0,22.17,0.8735,0.092,0,UP,4.0,0.0,6,6,41,-61.5,20.708,6.213,0,1,0,32,0,67.0,0.0,0,0,,,,,,,,,,,,,,,,,,,,,0.0,0,,SYNTHETIC,0
power-outage,0,9,2026-09-03T09:00:09Z,2026-09-03T09:00:10Z,2026-09-03T09:00:09Z,2026-09-03T09:00:10Z,site_a,SIM,synthetic_demo,A-WAN-1,UP,1000.0,168.9549,168.95,0.0,16.0,0.4858,0.076,0,UP,4.0,0.0,48,48,183,-61.3,17.08,4.938,0,4,0,31,0,165.0,0.0,0,0,MAINS,MAINS,1,0,82.02,92.0,51.343,51.7018,-4.0,3.94946,3.94946,3.97706,3.97706,0.0,22.8,1092.593,,90.505,,CHARGE,0.0,0,,SYNTHETIC,0
power-outage,0,9,2026-09-03T09:00:09Z,2026-09-03T09:00:10Z,2026-09-03T09:00:09Z,2026-09-03T09:00:10Z,site_b,SIM,synthetic_demo,B-WAN-1,UP,1000.0,52.592,52.99,0.0,21.94,1.4292,0.121,0,UP,4.0,0.0,6,6,71,-62.9,29.892,9.166,0,0,0,32,0,44.0,0.0,0,0,,,,,,,,,,,,,,,,,,,,,0.0,0,,SYNTHETIC,0
power-outage,0,10,2026-09-03T09:00:10Z,2026-09-03T09:00:11Z,2026-09-03T09:00:10Z,2026-09-03T09:00:11Z,site_a,SIM,synthetic_demo,A-WAN-1,UP,1000.0,141.5284,142.42,0.0,18.94,2.4578,0.107,0,UP,4.0,0.0,48,48,176,-61.8,17.037,5.175,0,0,0,31,0,188.0,0.0,0,0,MAINS,MAINS,1,0,82.01,92.0,51.3434,51.7022,-4.0,3.94949,3.94949,3.97709,3.97709,0.0,22.9,1086.902,,90.981,,CHARGE,0.0,0,,SYNTHETIC,0
power-outage,0,10,2026-09-03T09:00:10Z,2026-09-03T09:00:11Z,2026-09-03T09:00:10Z,2026-09-03T09:00:11Z,site_b,SIM,synthetic_demo,B-WAN-1,UP,1000.0,108.9602,108.03,0.0,20.98,0.5404,0.087,0,UP,4.0,0.0,6,6,47,-64.2,23.29,7.978,0,0,0,32,0,77.0,0.0,0,0,,,,,,,,,,,,,,,,,,,,,0.0,0,,SYNTHETIC,0
power-outage,0,11,2026-09-03T09:00:11Z,2026-09-03T09:00:12Z,2026-09-03T09:00:11Z,2026-09-03T09:00:12Z,site_a,SIM,synthetic_demo,A-WAN-1,UP,1000.0,119.309,119.31,0.0,16.28,0.1195,0.084,0,UP,4.0,0.0,48,48,210,-62.3,17.617,5.147,1,2,0,31,0,139.0,0.0,0,0,MAINS,MAINS,1,0,82.0,92.0,51.3437,51.7025,-4.0,3.94951,3.94951,3.97711,3.97711,0.0,,1094.531,,90.35,,CHARGE,0.0,0,,SYNTHETIC|GAP|MISSING_MCAR,0
power-outage,0,11,2026-09-03T09:00:11Z,2026-09-03T09:00:12Z,2026-09-03T09:00:11Z,2026-09-03T09:00:12Z,site_b,SIM,synthetic_demo,B-WAN-1,UP,1000.0,71.2844,71.2,0.0,23.08,1.6337,0.131,0,UP,4.0,0.0,6,6,77,-59.7,28.814,8.831,0,2,0,32,0,100.0,0.0,0,0,,,,,,,,,,,,,,,,,,,,,0.0,0,,SYNTHETIC,0
power-outage,0,12,2026-09-03T09:00:12Z,2026-09-03T09:00:13Z,2026-09-03T09:00:12Z,2026-09-03T09:00:13Z,site_a,SIM,synthetic_demo,A-WAN-1,UP,1000.0,180.294,179.89,0.0,17.9,2.116,0.077,0,UP,4.0,0.0,48,48,101,-62.3,14.896,4.378,0,1,0,31,0,166.0,0.0,0,0,MAINS,MAINS,1,0,82.17,92.0,51.344,51.7028,-4.0,3.94954,3.94954,3.97714,3.97714,0.0,23.0,1074.563,,92.032,,CHARGE,0.0,0,,SYNTHETIC,0
power-outage,0,12,2026-09-03T09:00:12Z,2026-09-03T09:00:13Z,2026-09-03T09:00:12Z,2026-09-03T09:00:13Z,site_b,SIM,synthetic_demo,B-WAN-1,UP,1000.0,82.4049,81.53,0.0,23.94,3.1102,0.115,0,UP,4.0,0.0,6,6,38,-63.5,21.039,6.483,0,0,0,32,0,31.0,0.0,0,0,,,,,,,,,,,,,,,,,,,,,0.0,0,,SYNTHETIC,0
power-outage,0,13,2026-09-03T09:00:13Z,2026-09-03T09:00:14Z,2026-09-03T09:00:13Z,2026-09-03T09:00:14Z,site_a,SIM,synthetic_demo,A-WAN-1,UP,1000.0,145.8579,145.88,0.0,18.31,1.9794,0.047,0,UP,4.0,0.0,48,48,91,-61.9,14.131,4.248,0,1,0,31,0,236.0,0.0,0,0,MAINS,MAINS,1,0,81.99,92.0,51.3444,51.7032,-4.0,3.94957,3.94957,3.97717,3.97717,0.0,23.0,1082.285,,91.378,,CHARGE,0.0,0,,SYNTHETIC,0
power-outage,0,13,2026-09-03T09:00:13Z,2026-09-03T09:00:14Z,2026-09-03T09:00:13Z,2026-09-03T09:00:14Z,site_b,SIM,synthetic_demo,B-WAN-1,UP,1000.0,62.09,62.44,0.0,22.22,1.2843,0.097,0,UP,4.0,0.0,6,6,46,-60.3,22.838,6.608,0,0,0,32,0,86.0,0.0,0,0,,,,,,,,,,,,,,,,,,,,,0.0,0,,SYNTHETIC,0
power-outage,0,14,2026-09-03T09:00:14Z,2026-09-03T09:00:15Z,2026-09-03T09:00:14Z,2026-09-03T09:00:15Z,site_a,SIM,synthetic_demo,A-WAN-1,UP,1000.0,141.3679,141.84,0.0,16.44,1.1878,0.116,0,UP,4.0,0.0,48,48,128,-61.4,15.812,4.515,1,1,0,31,0,129.0,0.0,0,0,MAINS,MAINS,1,0,82.01,92.0,51.3447,51.7035,-4.0,3.94959,3.94959,3.97719,3.97719,0.0,22.9,1091.991,,90.569,,CHARGE,0.0,0,,SYNTHETIC,0
power-outage,0,14,2026-09-03T09:00:14Z,2026-09-03T09:00:15Z,2026-09-03T09:00:14Z,2026-09-03T09:00:15Z,site_b,SIM,synthetic_demo,B-WAN-1,UP,1000.0,60.8258,60.74,0.0,21.55,0.0757,0.124,0,UP,4.0,0.0,6,6,21,-63.3,14.861,4.374,1,0,0,32,0,62.0,0.0,0,0,,,,,,,,,,,,,,,,,,,,,0.0,0,,SYNTHETIC,0
power-outage,0,15,2026-09-03T09:00:15Z,2026-09-03T09:00:16Z,2026-09-03T09:00:15Z,2026-09-03T09:00:16Z,site_a,SIM,synthetic_demo,A-WAN-1,UP,1000.0,151.5786,152.06,0.0,17.73,1.4675,0.117,0,UP,4.0,0.0,48,48,227,-61.7,18.385,5.442,1,4,0,31,0,182.0,0.0,0,0,MAINS,MAINS,1,0,82.0,92.0,51.3451,51.7039,-4.0,3.94962,3.94962,3.97722,3.97722,0.0,23.0,1093.461,,90.45,,CHARGE,0.0,0,,SYNTHETIC,0
power-outage,0,15,2026-09-03T09:00:15Z,2026-09-03T09:00:16Z,2026-09-03T09:00:15Z,2026-09-03T09:00:16Z,site_b,SIM,synthetic_demo,B-WAN-1,UP,1000.0,59.3723,60.36,0.0,26.51,5.1851,0.134,0,UP,4.0,0.0,6,6,26,-62.6,17.444,5.391,0,1,0,32,0,76.0,0.0,0,0,,,,,,,,,,,,,,,,,,,,,0.0,0,,SYNTHETIC,0
power-outage,0,16,2026-09-03T09:00:16Z,2026-09-03T09:00:17Z,2026-09-03T09:00:16Z,2026-09-03T09:00:17Z,site_a,SIM,synthetic_demo,A-WAN-1,UP,1000.0,167.9516,167.84,0.0,18.47,2.5624,0.093,0,UP,4.0,0.0,48,48,147,-63.0,15.727,4.927,1,2,0,31,0,149.0,0.0,0,0,MAINS,MAINS,1,0,82.1,92.0,51.3454,51.7042,-4.0,3.94965,3.94965,3.97725,3.97725,0.0,22.9,1084.683,,91.185,,CHARGE,0.0,0,,SYNTHETIC,0
power-outage,0,16,2026-09-03T09:00:16Z,2026-09-03T09:00:17Z,2026-09-03T09:00:16Z,2026-09-03T09:00:17Z,site_b,SIM,synthetic_demo,B-WAN-1,UP,1000.0,83.4746,83.55,0.0,24.9,3.5102,0.06,0,UP,4.0,0.0,6,6,68,-62.4,26.435,8.051,0,0,0,32,0,74.0,0.0,0,0,,,,,,,,,,,,,,,,,,,,,0.0,0,,SYNTHETIC,0
power-outage,0,17,2026-09-03T09:00:17Z,2026-09-03T09:00:18Z,2026-09-03T09:00:17Z,2026-09-03T09:00:18Z,site_a,SIM,synthetic_demo,A-WAN-1,UP,1000.0,169.2734,168.56,0.0,17.32,0.5795,0.115,0,UP,4.0,0.0,48,48,257,-61.4,19.923,5.975,0,5,0,31,0,153.0,0.0,0,0,MAINS,MAINS,1,0,82.03,92.0,51.3457,51.7045,-4.0,3.94967,3.94967,3.97727,3.97727,0.0,22.8,1084.283,,91.221,,CHARGE,0.0,0,,SYNTHETIC,0
power-outage,0,17,2026-09-03T09:00:17Z,2026-09-03T09:00:18Z,2026-09-03T09:00:17Z,2026-09-03T09:00:18Z,site_b,SIM,synthetic_demo,B-WAN-1,UP,1000.0,79.2423,79.87,0.0,22.46,1.6245,0.128,0,UP,4.0,0.0,6,6,33,-60.4,19.96,5.931,0,2,0,32,0,78.0,0.0,0,0,,,,,,,,,,,,,,,,,,,,,0.0,0,,SYNTHETIC,0
power-outage,0,18,2026-09-03T09:00:18Z,2026-09-03T09:00:19Z,2026-09-03T09:00:18Z,2026-09-03T09:00:19Z,site_a,SIM,synthetic_demo,A-WAN-1,UP,1000.0,153.1476,152.66,0.0,16.46,0.5678,0.039,0,UP,4.0,0.0,48,48,253,-60.4,19.076,5.573,0,3,0,31,0,200.0,0.0,0,0,MAINS,MAINS,1,0,82.13,92.0,51.3461,51.7049,-4.0,3.9497,3.9497,3.9773,3.9773,0.0,23.1,1080.657,,91.53,,CHARGE,0.0,0,,SYNTHETIC,0
power-outage,0,18,2026-09-03T09:00:18Z,2026-09-03T09:00:19Z,2026-09-03T09:00:18Z,2026-09-03T09:00:19Z,site_b,SIM,synthetic_demo,B-WAN-1,UP,1000.0,65.3132,65.3,0.0,26.07,4.406,0.111,0,UP,4.0,0.0,6,6,48,-63.0,22.474,7.261,0,0,0,32,0,84.0,0.0,0,0,,,,,,,,,,,,,,,,,,,,,0.0,0,,SYNTHETIC,0
power-outage,0,19,2026-09-03T09:00:19Z,2026-09-03T09:00:20Z,2026-09-03T09:00:19Z,2026-09-03T09:00:20Z,site_a,SIM,synthetic_demo,A-WAN-1,UP,1000.0,171.1611,170.88,0.0,15.83,0.6645,0.064,0,UP,4.0,0.0,48,48,234,-61.1,19.202,5.671,1,0,0,31,0,161.0,0.0,0,0,MAINS,MAINS,1,0,82.16,92.0,51.3464,51.7052,-4.0,3.94972,3.94972,3.97732,3.97732,0.0,23.0,1074.742,,92.037,,CHARGE,0.0,0,,SYNTHETIC,0
power-outage,0,19,2026-09-03T09:00:19Z,2026-09-03T09:00:20Z,2026-09-03T09:00:19Z,2026-09-03T09:00:20Z,site_b,SIM,synthetic_demo,B-WAN-1,UP,1000.0,65.1256,64.79,0.0,21.55,0.4906,0.113,0,UP,4.0,0.0,6,6,27,-64.1,18.805,6.14,0,0,0,32,0,49.0,0.0,0,0,,,,,,,,,,,,,,,,,,,,,0.0,0,,SYNTHETIC,0
power-outage,0,20,2026-09-03T09:00:20Z,2026-09-03T09:00:21Z,2026-09-03T09:00:20Z,2026-09-03T09:00:21Z,site_a,SIM,synthetic_demo,A-WAN-1,UP,1000.0,134.2761,135.29,0.0,17.96,1.8186,0.072,0,UP,4.0,0.0,48,48,206,-61.8,17.564,5.083,1,2,0,31,0,126.0,0.0,0,0,MAINS,MAINS,1,0,82.11,92.0,51.3468,51.7056,-4.0,3.94975,3.94975,3.97735,3.97735,0.0,23.0,1093.341,,90.474,,CHARGE,0.0,0,,SYNTHETIC,0
power-outage,0,20,2026-09-03T09:00:20Z,2026-09-03T09:00:21Z,2026-09-03T09:00:20Z,2026-09-03T09:00:21Z,site_b,SIM,synthetic_demo,B-WAN-1,UP,1000.0,71.9858,71.92,0.0,21.88,1.4682,0.15,0,UP,4.0,0.0,6,6,29,-63.9,18.971,6.447,0,1,0,32,0,65.0,0.0,0,0,,,,,,,,,,,,,,,,,,,,,0.0,0,,SYNTHETIC,0
power-outage,0,21,2026-09-03T09:00:21Z,2026-09-03T09:00:22Z,2026-09-03T09:00:21Z,2026-09-03T09:00:22Z,site_a,SIM,synthetic_demo,A-WAN-1,UP,1000.0,136.3655,135.42,0.0,17.48,1.9197,0.078,0,UP,4.0,0.0,48,48,217,-61.3,18.052,5.31,1,3,0,31,0,122.0,0.0,0,0,MAINS,MAINS,1,0,82.02,92.0,51.3471,51.7059,-4.0,3.94978,3.94978,3.97738,3.97738,0.0,23.2,1101.658,,89.794,,CHARGE,0.0,0,,SYNTHETIC,0
power-outage,0,21,2026-09-03T09:00:21Z,2026-09-03T09:00:22Z,2026-09-03T09:00:21Z,2026-09-03T09:00:22Z,site_b,SIM,synthetic_demo,B-WAN-1,UP,1000.0,70.3671,70.26,0.0,21.47,0.6142,0.09,0,UP,4.0,0.0,6,6,56,-63.4,25.974,7.187,0,1,0,32,0,70.0,0.0,0,0,,,,,,,,,,,,,,,,,,,,,0.0,0,,SYNTHETIC,0
power-outage,0,22,2026-09-03T09:00:22Z,2026-09-03T09:00:23Z,2026-09-03T09:00:22Z,2026-09-03T09:00:23Z,site_a,SIM,synthetic_demo,A-WAN-1,UP,1000.0,159.2238,159.08,0.0,16.33,0.0388,0.091,0,UP,4.0,0.0,48,48,215,-62.5,18.47,5.463,2,1,0,31,0,139.0,0.0,0,0,MAINS,MAINS,1,0,82.08,92.0,51.3474,51.7062,-4.0,3.9498,3.9498,3.9774,3.9774,0.0,23.0,1090.835,,90.688,,CHARGE,0.0,0,,SYNTHETIC,0
power-outage,0,22,2026-09-03T09:00:22Z,2026-09-03T09:00:23Z,2026-09-03T09:00:22Z,2026-09-03T09:00:23Z,site_b,SIM,synthetic_demo,B-WAN-1,UP,1000.0,81.4926,81.08,0.0,23.2,3.1422,,0,UP,4.0,0.0,6,6,36,-61.2,21.354,6.56,1,0,0,32,0,82.0,0.0,0,0,,,,,,,,,,,,,,,,,,,,,0.0,0,,SYNTHETIC|GAP|MISSING_MCAR,0
power-outage,0,23,2026-09-03T09:00:23Z,2026-09-03T09:00:24Z,2026-09-03T09:00:23Z,2026-09-03T09:00:24Z,site_a,SIM,synthetic_demo,A-WAN-1,UP,1000.0,149.4136,150.27,0.0,18.15,2.0742,0.073,0,UP,4.0,0.0,48,48,186,-61.6,17.307,5.137,1,1,0,31,0,140.0,0.0,0,0,MAINS,MAINS,1,0,82.09,92.0,51.3478,51.7066,-4.0,3.94983,3.94983,3.97743,3.97743,0.0,23.0,1082.499,,91.389,,CHARGE,0.0,0,,SYNTHETIC,0
power-outage,0,23,2026-09-03T09:00:23Z,2026-09-03T09:00:24Z,2026-09-03T09:00:23Z,2026-09-03T09:00:24Z,site_b,SIM,synthetic_demo,B-WAN-1,UP,1000.0,91.4231,91.02,0.0,22.13,1.6157,0.078,0,UP,4.0,0.0,6,6,56,-62.6,24.515,7.166,0,0,0,32,0,105.0,0.0,0,0,,,,,,,,,,,,,,,,,,,,,0.0,0,,SYNTHETIC,0
power-outage,0,24,2026-09-03T09:00:24Z,2026-09-03T09:00:25Z,2026-09-03T09:00:24Z,2026-09-03T09:00:25Z,site_a,SIM,synthetic_demo,A-WAN-1,UP,1000.0,155.6292,156.06,0.0,16.74,0.3977,0.076,0,UP,4.0,0.0,48,48,133,-61.3,16.19,4.61,0,3,0,31,0,145.0,0.0,0,0,MAINS,MAINS,1,0,82.15,92.0,51.3481,51.7069,-4.0,3.94986,3.94986,3.97746,3.97746,0.0,23.1,1087.318,,90.987,,CHARGE,0.0,0,,SYNTHETIC,0
power-outage,0,24,2026-09-03T09:00:24Z,2026-09-03T09:00:25Z,2026-09-03T09:00:24Z,2026-09-03T09:00:25Z,site_b,SIM,synthetic_demo,B-WAN-1,UP,1000.0,90.5107,90.22,0.0,22.57,0.4304,0.092,0,UP,4.0,0.0,6,6,23,-61.6,15.901,5.233,1,1,0,32,0,100.0,0.0,0,0,,,,,,,,,,,,,,,,,,,,,0.0,0,,SYNTHETIC,0
power-outage,0,25,2026-09-03T09:00:25Z,2026-09-03T09:00:26Z,2026-09-03T09:00:25Z,2026-09-03T09:00:26Z,site_a,SIM,synthetic_demo,A-WAN-1,UP,1000.0,180.4858,181.26,0.0,16.75,0.5771,0.058,0,UP,4.0,0.0,48,48,151,-61.9,16.595,4.688,1,0,0,31,0,131.0,0.0,0,0,MAINS,MAINS,1,0,82.11,92.0,51.3485,51.7073,-4.0,3.94988,3.94988,3.97748,3.97748,0.0,22.9,1079.469,,91.652,,CHARGE,0.0,0,,SYNTHETIC,0
power-outage,0,25,2026-09-03T09:00:25Z,2026-09-03T09:00:26Z,2026-09-03T09:00:25Z,2026-09-03T09:00:26Z,site_b,SIM,synthetic_demo,B-WAN-1,UP,1000.0,79.3153,78.96,0.0,22.17,1.6848,0.092,0,UP,4.0,0.0,6,6,39,-62.6,20.543,6.392,0,0,0,32,0,91.0,0.0,0,0,,,,,,,,,,,,,,,,,,,,,0.0,0,,SYNTHETIC,0
power-outage,0,26,2026-09-03T09:00:26Z,2026-09-03T09:00:27Z,2026-09-03T09:00:26Z,2026-09-03T09:00:27Z,site_a,SIM,synthetic_demo,A-WAN-1,UP,1000.0,167.2862,168.02,0.0,17.98,2.3326,0.09,0,UP,4.0,0.0,48,48,198,-62.6,17.613,5.05,0,4,0,31,0,188.0,0.0,0,0,MAINS,MAINS,1,0,82.11,92.0,51.3488,51.7076,-4.0,3.94991,3.94991,3.97751,3.97751,0.0,22.9,1087.914,,90.943,,CHARGE,0.0,0,,SYNTHETIC,0
power-outage,0,26,2026-09-03T09:00:26Z,2026-09-03T09:00:27Z,2026-09-03T09:00:26Z,2026-09-03T09:00:27Z,site_b,SIM,synthetic_demo,B-WAN-1,UP,1000.0,74.8369,75.24,0.0,21.22,0.1506,0.096,0,UP,4.0,0.0,6,6,72,-61.7,28.008,9.118,0,0,0,32,0,64.0,0.0,0,0,,,,,,,,,,,,,,,,,,,,,0.0,0,,SYNTHETIC,0
power-outage,0,27,2026-09-03T09:00:27Z,2026-09-03T09:00:28Z,2026-09-03T09:00:27Z,2026-09-03T09:00:28Z,site_a,SIM,synthetic_demo,A-WAN-1,UP,1000.0,159.9314,159.94,0.0,17.77,1.3119,0.068,0,UP,4.0,0.0,48,48,311,-62.1,20.987,6.494,1,2,0,31,0,121.0,0.0,0,0,MAINS,MAINS,1,0,82.07,92.0,51.3491,51.7079,-4.0,3.94993,3.94993,3.97753,3.97753,0.0,23.0,1089.816,,90.787,,CHARGE,0.0,0,,SYNTHETIC,0
power-outage,0,27,2026-09-03T09:00:27Z,2026-09-03T09:00:28Z,2026-09-03T09:00:27Z,2026-09-03T09:00:28Z,site_b,SIM,synthetic_demo,B-WAN-1,UP,1000.0,68.5574,68.8,0.0,21.44,0.3199,0.081,0,UP,4.0,0.0,6,6,42,-60.7,19.312,6.476,0,1,0,32,0,47.0,0.0,0,0,,,,,,,,,,,,,,,,,,,,,0.0,0,,SYNTHETIC,0
power-outage,0,28,2026-09-03T09:00:28Z,2026-09-03T09:00:29Z,2026-09-03T09:00:28Z,2026-09-03T09:00:29Z,site_a,SIM,synthetic_demo,A-WAN-1,UP,1000.0,169.8254,168.92,0.0,16.03,0.2385,0.097,0,UP,4.0,0.0,48,48,295,-62.9,20.531,6.169,1,5,0,31,0,157.0,0.0,0,0,MAINS,MAINS,1,0,81.99,92.0,51.3495,51.7083,-4.0,3.94996,3.94996,3.97756,3.97756,0.0,23.0,1081.625,,91.478,,CHARGE,0.0,0,,SYNTHETIC,0
power-outage,0,28,2026-09-03T09:00:28Z,2026-09-03T09:00:29Z,2026-09-03T09:00:28Z,2026-09-03T09:00:29Z,site_b,SIM,synthetic_demo,B-WAN-1,UP,1000.0,96.9705,96.95,0.0,21.24,0.1819,0.079,0,UP,4.0,0.0,6,6,89,-60.0,34.177,9.211,0,0,0,32,0,71.0,0.0,0,0,,,,,,,,,,,,,,,,,,,,,0.0,0,,SYNTHETIC,0
power-outage,0,29,2026-09-03T09:00:29Z,2026-09-03T09:00:30Z,2026-09-03T09:00:29Z,2026-09-03T09:00:30Z,site_a,SIM,synthetic_demo,A-WAN-1,UP,1000.0,154.3669,153.89,0.0,17.24,1.786,0.06,0,UP,4.0,0.0,48,48,176,-61.5,17.068,5.047,2,2,0,31,0,127.0,0.0,0,0,MAINS,MAINS,1,0,82.02,92.0,51.3498,51.7086,-4.0,3.94999,3.94999,3.97759,3.97759,0.0,23.1,1087.861,,90.956,,CHARGE,0.0,0,,SYNTHETIC,0
power-outage,0,29,2026-09-03T09:00:29Z,2026-09-03T09:00:30Z,2026-09-03T09:00:29Z,2026-09-03T09:00:30Z,site_b,SIM,synthetic_demo,B-WAN-1,UP,1000.0,72.0468,73.28,0.0,21.07,0.3935,0.082,0,UP,4.0,0.0,6,6,53,-64.6,25.192,7.427,0,0,0,32,0,87.0,0.0,0,0,,,,,,,,,,,,,,,,,,,,,0.0,0,,SYNTHETIC,0
power-outage,0,30,2026-09-03T09:00:30Z,2026-09-03T09:00:31Z,2026-09-03T09:00:30Z,2026-09-03T09:00:31Z,site_a,SIM,synthetic_demo,A-WAN-1,UP,1000.0,171.8962,172.03,0.0,16.36,0.333,0.085,0,UP,4.0,0.0,48,48,219,-62.2,18.31,5.57,1,1,0,31,0,126.0,0.0,0,0,MAINS,MAINS,1,0,82.0,92.0,51.3502,51.709,-4.0,3.95001,3.95001,3.97761,3.97761,0.0,23.0,1090.521,,90.737,,CHARGE,0.0,0,,SYNTHETIC,0
power-outage,0,30,2026-09-03T09:00:30Z,2026-09-03T09:00:31Z,2026-09-03T09:00:30Z,2026-09-03T09:00:31Z,site_b,SIM,synthetic_demo,B-WAN-1,UP,1000.0,82.8236,83.32,0.0,22.38,0.4162,0.083,0,UP,4.0,0.0,6,6,27,-62.8,18.83,5.432,0,0,0,32,0,49.0,0.0,0,0,,,,,,,,,,,,,,,,,,,,,0.0,0,,SYNTHETIC,0
power-outage,0,31,2026-09-03T09:00:31Z,2026-09-03T09:00:32Z,2026-09-03T09:00:31Z,2026-09-03T09:00:32Z,site_a,SIM,synthetic_demo,A-WAN-1,UP,1000.0,160.4071,160.23,0.0,17.81,0.4551,0.102,0,UP,4.0,0.0,48,48,232,-62.0,19.176,5.532,2,6,0,31,0,116.0,0.0,0,0,MAINS,MAINS,1,0,82.04,92.0,51.3505,51.7093,-4.0,3.95004,3.95004,3.97764,3.97764,0.0,23.1,1091.517,,90.657,,CHARGE,0.0,0,,SYNTHETIC,0
power-outage,0,31,2026-09-03T09:00:31Z,2026-09-03T09:00:32Z,2026-09-03T09:00:31Z,2026-09-03T09:00:32Z,site_b,SIM,synthetic_demo,B-WAN-1,UP,1000.0,61.3032,61.29,0.0,21.17,0.6621,0.099,0,UP,4.0,0.0,6,6,43,-62.3,22.69,6.228,1,1,0,32,0,32.0,0.0,0,0,,,,,,,,,,,,,,,,,,,,,0.0,0,,SYNTHETIC,0
power-outage,0,32,2026-09-03T09:00:32Z,2026-09-03T09:00:33Z,2026-09-03T09:00:32Z,2026-09-03T09:00:33Z,site_a,SIM,synthetic_demo,A-WAN-1,UP,1000.0,161.555,160.98,0.0,17.08,1.5416,0.101,0,UP,4.0,0.0,48,48,164,-61.1,17.506,4.752,0,3,0,31,0,136.0,0.0,0,0,MAINS,MAINS,1,0,82.06,92.0,51.3509,51.7097,-4.0,3.95007,3.95007,3.97767,3.97767,0.0,23.0,1078.921,,91.718,,CHARGE,0.0,0,,SYNTHETIC,0
power-outage,0,32,2026-09-03T09:00:32Z,2026-09-03T09:00:33Z,2026-09-03T09:00:32Z,2026-09-03T09:00:33Z,site_b,SIM,synthetic_demo,B-WAN-1,UP,1000.0,65.8459,65.31,0.0,22.45,1.3889,0.096,0,UP,4.0,0.0,6,6,34,-58.9,20.179,6.215,1,2,0,32,0,69.0,0.0,0,0,,,,,,,,,,,,,,,,,,,,,0.0,0,,SYNTHETIC,0
power-outage,0,33,2026-09-03T09:00:33Z,2026-09-03T09:00:34Z,2026-09-03T09:00:33Z,2026-09-03T09:00:34Z,site_a,SIM,synthetic_demo,A-WAN-1,UP,1000.0,188.8304,189.38,0.0,16.77,0.9264,0.037,0,UP,4.0,0.0,48,48,286,-62.3,20.0,6.101,0,2,0,31,0,136.0,0.0,0,0,MAINS,MAINS,1,0,82.14,92.0,51.3512,51.71,-4.0,3.95009,3.95009,3.97769,3.97769,0.0,23.1,1082.772,,91.395,,CHARGE,0.0,0,,SYNTHETIC,0
power-outage,0,33,2026-09-03T09:00:33Z,2026-09-03T09:00:34Z,2026-09-03T09:00:33Z,2026-09-03T09:00:34Z,site_b,SIM,synthetic_demo,B-WAN-1,UP,1000.0,79.4265,79.87,0.0,22.91,1.0633,0.102,0,UP,4.0,0.0,6,6,53,-61.9,23.084,7.308,0,0,0,32,0,69.0,0.0,0,0,,,,,,,,,,,,,,,,,,,,,0.0,0,,SYNTHETIC,0
power-outage,0,34,2026-09-03T09:00:34Z,2026-09-03T09:00:35Z,2026-09-03T09:00:34Z,2026-09-03T09:00:35Z,site_a,SIM,synthetic_demo,A-WAN-1,UP,1000.0,170.2369,170.25,0.0,18.11,1.2811,0.076,0,UP,4.0,0.0,48,48,171,-62.2,16.565,5.03,2,5,0,31,0,119.0,0.0,0,0,MAINS,MAINS,1,0,81.99,92.0,51.3515,51.7103,-4.0,3.95012,3.95012,3.97772,3.97772,0.0,23.0,1092.139,,90.614,,CHARGE,0.0,0,,SYNTHETIC,0
power-outage,0,34,2026-09-03T09:00:34Z,2026-09-03T09:00:35Z,2026-09-03T09:00:34Z,2026-09-03T09:00:35Z,site_b,SIM,synthetic_demo,B-WAN-1,UP,1000.0,71.0413,71.75,0.0,21.47,0.3332,0.089,0,UP,4.0,0.0,6,6,25,-60.5,19.721,4.871,0,0,0,32,0,47.0,0.0,0,0,,,,,,,,,,,,,,,,,,,,,0.0,0,,SYNTHETIC,0
power-outage,0,35,2026-09-03T09:00:35Z,2026-09-03T09:00:36Z,2026-09-03T09:00:35Z,2026-09-03T09:00:36Z,site_a,SIM,synthetic_demo,A-WAN-1,UP,1000.0,173.8641,174.07,0.0,18.48,2.1491,0.067,0,UP,4.0,0.0,48,48,312,-62.3,21.056,6.174,1,4,0,31,0,60.0,0.0,0,0,MAINS,MAINS,1,0,82.05,92.0,51.3519,51.7107,-4.0,3.95014,3.95014,3.97774,3.97774,0.0,22.9,1090.866,,90.723,,CHARGE,0.0,0,,SYNTHETIC,0
power-outage,0,35,2026-09-03T09:00:35Z,2026-09-03T09:00:36Z,2026-09-03T09:00:35Z,2026-09-03T09:00:36Z,site_b,SIM,synthetic_demo,B-WAN-1,UP,1000.0,69.9444,69.77,0.0,23.54,2.1753,0.134,0,UP,4.0,0.0,6,6,33,-62.9,18.177,6.533,0,0,0,32,0,59.0,0.0,0,0,,,,,,,,,,,,,,,,,,,,,0.0,0,,SYNTHETIC,0
power-outage,0,36,2026-09-03T09:00:36Z,2026-09-03T09:00:37Z,2026-09-03T09:00:36Z,2026-09-03T09:00:37Z,site_a,SIM,synthetic_demo,A-WAN-1,UP,1000.0,166.0607,166.84,0.0,16.89,1.3843,0.065,0,UP,4.0,0.0,48,48,300,-62.3,20.28,6.295,3,2,0,31,0,106.0,0.0,0,0,MAINS,MAINS,1,0,82.12,92.0,51.3522,51.711,-4.0,3.95017,3.95017,3.97777,3.97777,0.0,22.9,1095.612,,90.333,,CHARGE,0.0,0,,SYNTHETIC,0
power-outage,0,36,2026-09-03T09:00:36Z,2026-09-03T09:00:37Z,2026-09-03T09:00:36Z,2026-09-03T09:00:37Z,site_b,SIM,synthetic_demo,B-WAN-1,UP,1000.0,75.4283,76.84,0.0,25.28,4.3563,0.091,0,UP,4.0,0.0,6,6,48,-61.8,23.826,6.531,0,2,0,32,0,58.0,0.0,0,0,,,,,,,,,,,,,,,,,,,,,0.0,0,,SYNTHETIC,0
power-outage,0,37,2026-09-03T09:00:37Z,2026-09-03T09:00:38Z,2026-09-03T09:00:37Z,2026-09-03T09:00:38Z,site_a,SIM,synthetic_demo,A-WAN-1,UP,1000.0,193.4813,193.0,0.0,16.53,0.5867,0.076,0,UP,4.0,0.0,48,48,190,-61.7,17.139,4.998,0,7,0,31,0,94.0,0.0,0,0,MAINS,MAINS,1,0,82.12,92.0,51.3526,51.7114,-4.0,3.9502,3.9502,3.9778,3.9778,0.0,23.0,1082.625,,91.419,,CHARGE,0.0,0,,SYNTHETIC,0
power-outage,0,37,2026-09-03T09:00:37Z,2026-09-03T09:00:38Z,2026-09-03T09:00:37Z,2026-09-03T09:00:38Z,site_b,SIM,synthetic_demo,B-WAN-1,UP,1000.0,68.7038,69.87,0.0,21.46,0.5231,0.094,0,UP,4.0,0.0,6,6,41,-63.8,19.552,6.618,0,0,0,32,0,49.0,0.0,0,0,,,,,,,,,,,,,,,,,,,,,0.0,0,,SYNTHETIC,0
power-outage,0,38,2026-09-03T09:00:38Z,2026-09-03T09:00:39Z,2026-09-03T09:00:38Z,2026-09-03T09:00:39Z,site_a,SIM,synthetic_demo,A-WAN-1,UP,1000.0,212.0117,211.64,0.0,17.11,1.0628,0.088,0,UP,4.0,0.0,48,48,311,-62.8,21.243,6.338,0,4,0,31,0,110.0,0.0,0,0,MAINS,MAINS,1,0,,92.0,51.3529,51.7117,-4.0,3.95022,3.95022,3.97782,3.97782,0.0,22.9,1090.851,,90.733,,CHARGE,0.0,0,,SYNTHETIC|GAP|MISSING_MAR,0
power-outage,0,38,2026-09-03T09:00:38Z,2026-09-03T09:00:39Z,2026-09-03T09:00:38Z,2026-09-03T09:00:39Z,site_b,SIM,synthetic_demo,B-WAN-1,UP,1000.0,84.3132,85.48,0.0,21.45,0.5366,0.112,0,UP,4.0,0.0,6,6,20,-63.1,17.919,4.947,0,0,0,32,0,32.0,0.0,0,0,,,,,,,,,,,,,,,,,,,,,0.0,0,,SYNTHETIC,0
power-outage,0,39,2026-09-03T09:00:39Z,2026-09-03T09:00:40Z,2026-09-03T09:00:39Z,2026-09-03T09:00:40Z,site_a,SIM,synthetic_demo,A-WAN-1,UP,1000.0,163.5681,163.28,0.0,16.38,0.4841,0.08,0,UP,4.0,0.0,48,48,181,-61.3,17.301,5.175,0,6,0,31,0,145.0,0.0,0,0,MAINS,MAINS,1,0,82.11,92.0,51.3532,51.712,-4.0,3.95025,3.95025,3.97785,3.97785,0.0,22.9,1080.588,,91.597,,CHARGE,0.0,0,,SYNTHETIC,0
power-outage,0,39,2026-09-03T09:00:39Z,2026-09-03T09:00:40Z,2026-09-03T09:00:39Z,2026-09-03T09:00:40Z,site_b,SIM,synthetic_demo,B-WAN-1,UP,1000.0,66.2566,67.07,0.0,23.98,2.888,0.103,0,UP,4.0,0.0,6,6,68,-63.3,26.284,8.769,0,1,0,32,0,27.0,0.0,0,0,,,,,,,,,,,,,,,,,,,,,0.0,0,,SYNTHETIC,0
power-outage,0,40,2026-09-03T09:00:40Z,2026-09-03T09:00:41Z,2026-09-03T09:00:40Z,2026-09-03T09:00:41Z,site_a,SIM,synthetic_demo,A-WAN-1,UP,1000.0,163.2127,163.86,0.0,17.14,1.1705,0.066,0,UP,4.0,0.0,48,48,182,-62.7,18.005,4.732,2,1,0,31,0,109.0,0.0,0,0,MAINS,MAINS,1,0,82.09,92.0,51.3536,51.7124,-4.0,3.95028,3.95028,3.97788,3.97788,0.0,22.9,1091.675,,90.67,,CHARGE,0.0,0,,SYNTHETIC,0
power-outage,0,40,2026-09-03T09:00:40Z,2026-09-03T09:00:41Z,2026-09-03T09:00:40Z,2026-09-03T09:00:41Z,site_b,SIM,synthetic_demo,B-WAN-1,UP,1000.0,85.3226,85.77,0.0,21.33,0.1488,0.148,0,UP,4.0,0.0,6,6,25,-60.1,18.797,5.213,0,0,0,32,0,34.0,0.0,0,0,,,,,,,,,,,,,,,,,,,,,0.0,0,,SYNTHETIC,0
power-outage,0,41,2026-09-03T09:00:41Z,2026-09-03T09:00:42Z,2026-09-03T09:00:41Z,2026-09-03T09:00:42Z,site_a,SIM,synthetic_demo,A-WAN-1,UP,1000.0,220.3295,219.88,0.0,15.98,0.0279,0.099,0,UP,4.0,0.0,48,48,288,-62.4,20.494,6.211,1,1,0,31,0,168.0,0.0,0,0,MAINS,MAINS,1,0,82.03,92.0,51.3539,51.7127,-4.0,3.9503,3.9503,3.9779,3.9779,0.0,23.1,1074.77,,92.099,,CHARGE,0.0,0,,SYNTHETIC,0
power-outage,0,41,2026-09-03T09:00:41Z,2026-09-03T09:00:42Z,2026-09-03T09:00:41Z,2026-09-03T09:00:42Z,site_b,SIM,synthetic_demo,B-WAN-1,UP,1000.0,71.2357,71.19,0.0,20.91,0.2803,0.108,0,UP,4.0,0.0,6,6,56,-63.2,26.716,7.375,0,0,0,32,0,36.0,0.0,0,0,,,,,,,,,,,,,,,,,,,,,0.0,0,,SYNTHETIC,0
power-outage,0,42,2026-09-03T09:00:42Z,2026-09-03T09:00:43Z,2026-09-03T09:00:42Z,2026-09-03T09:00:43Z,site_a,SIM,synthetic_demo,A-WAN-1,UP,1000.0,176.8694,176.16,0.0,18.59,2.2517,0.065,0,UP,4.0,0.0,48,48,320,-61.5,20.996,6.388,1,4,0,31,0,109.0,0.0,0,0,MAINS,MAINS,1,0,82.06,92.0,51.3543,51.7131,-4.0,3.95033,3.95033,3.97793,3.97793,0.0,23.1,1085.524,,91.189,,CHARGE,0.0,0,,SYNTHETIC,0
power-outage,0,42,2026-09-03T09:00:42Z,2026-09-03T09:00:43Z,2026-09-03T09:00:42Z,2026-09-03T09:00:43Z,site_b,SIM,synthetic_demo,B-WAN-1,UP,1000.0,63.2999,62.89,0.0,22.29,1.8033,0.099,0,UP,4.0,0.0,6,6,28,-61.9,19.21,4.549,0,1,0,32,0,42.0,0.0,0,0,,,,,,,,,,,,,,,,,,,,,0.0,0,,SYNTHETIC,0
power-outage,0,43,2026-09-03T09:00:43Z,2026-09-03T09:00:44Z,2026-09-03T09:00:43Z,2026-09-03T09:00:44Z,site_a,SIM,synthetic_demo,A-WAN-1,UP,1000.0,176.2859,176.8,0.0,15.33,0.0306,0.099,0,UP,4.0,0.0,48,48,236,-63.1,18.409,5.772,3,3,0,31,0,83.0,0.0,0,0,MAINS,MAINS,1,0,82.2,92.0,51.3546,51.7134,-4.0,3.95035,3.95035,3.97795,3.97795,0.0,23.1,1092.816,,90.584,,CHARGE,0.0,0,,SYNTHETIC,0
power-outage,0,43,2026-09-03T09:00:43Z,2026-09-03T09:00:44Z,2026-09-03T09:00:43Z,2026-09-03T09:00:44Z,site_b,SIM,synthetic_demo,B-WAN-1,UP,1000.0,59.2807,59.65,0.0,22.59,1.2743,0.105,0,UP,4.0,0.0,6,6,28,-62.0,19.223,5.661,2,1,0,32,0,50.0,0.0,0,0,,,,,,,,,,,,,,,,,,,,,0.0,0,,SYNTHETIC,0
power-outage,0,44,2026-09-03T09:00:44Z,2026-09-03T09:00:45Z,2026-09-03T09:00:44Z,2026-09-03T09:00:45Z,site_a,SIM,synthetic_demo,A-WAN-1,UP,1000.0,164.2875,163.99,0.0,15.9,0.3269,0.093,0,UP,4.0,0.0,48,48,202,-61.6,16.915,5.272,0,4,0,31,0,122.0,0.0,0,0,MAINS,MAINS,1,0,82.08,92.0,51.3549,51.7137,-4.0,3.95038,3.95038,3.97798,3.97798,0.0,22.8,1083.749,,91.345,,CHARGE,0.0,0,,SYNTHETIC,0
power-outage,0,44,2026-09-03T09:00:44Z,2026-09-03T09:00:45Z,2026-09-03T09:00:44Z,2026-09-03T09:00:45Z,site_b,SIM,synthetic_demo,B-WAN-1,UP,1000.0,68.3972,68.68,0.0,22.06,1.1371,0.104,0,UP,4.0,0.0,6,6,44,-63.6,19.772,6.838,0,0,0,32,0,46.0,0.0,0,0,,,,,,,,,,,,,,,,,,,,,0.0,0,,SYNTHETIC,0
power-outage,0,45,2026-09-03T09:00:45Z,2026-09-03T09:00:46Z,2026-09-03T09:00:45Z,2026-09-03T09:00:46Z,site_a,SIM,synthetic_demo,A-WAN-1,UP,1000.0,216.0326,215.35,0.0,19.32,2.1705,0.066,0,UP,4.0,0.0,48,48,170,-62.3,17.105,4.926,2,5,0,31,0,141.0,0.0,0,0,MAINS,MAINS,1,0,82.09,92.0,51.3553,51.7141,-4.0,3.95041,3.95041,3.97801,3.97801,0.0,23.2,1085.855,,91.17,,CHARGE,0.0,0,,SYNTHETIC,0
power-outage,0,45,2026-09-03T09:00:45Z,2026-09-03T09:00:46Z,2026-09-03T09:00:45Z,2026-09-03T09:00:46Z,site_b,SIM,synthetic_demo,B-WAN-1,UP,1000.0,120.6591,120.61,0.0,21.71,0.7659,0.069,0,UP,4.0,0.0,6,6,52,-63.1,24.829,7.586,0,0,0,32,0,84.0,0.0,0,0,,,,,,,,,,,,,,,,,,,,,0.0,0,,SYNTHETIC,0
power-outage,0,46,2026-09-03T09:00:46Z,2026-09-03T09:00:47Z,2026-09-03T09:00:46Z,2026-09-03T09:00:47Z,site_a,SIM,synthetic_demo,A-WAN-1,UP,1000.0,177.3573,177.21,0.0,19.0,2.5047,0.098,0,UP,4.0,0.0,48,48,193,-60.7,16.818,4.997,1,5,0,31,0,143.0,0.0,0,0,MAINS,MAINS,1,0,82.12,92.0,51.3556,51.7144,-4.0,3.95043,3.95043,3.97803,3.97803,0.0,23.0,1084.325,,91.302,,CHARGE,0.0,0,,SYNTHETIC,0
power-outage,0,46,2026-09-03T09:00:46Z,2026-09-03T09:00:47Z,2026-09-03T09:00:46Z,2026-09-03T09:00:47Z,site_b,SIM,synthetic_demo,B-WAN-1,UP,1000.0,62.1073,62.55,0.0,22.99,1.8642,0.153,0,UP,4.0,0.0,6,6,32,-60.8,17.487,5.977,0,0,0,32,0,82.0,0.0,0,0,,,,,,,,,,,,,,,,,,,,,0.0,0,,SYNTHETIC,0
power-outage,0,47,2026-09-03T09:00:47Z,2026-09-03T09:00:48Z,2026-09-03T09:00:47Z,2026-09-03T09:00:48Z,site_a,SIM,synthetic_demo,A-WAN-1,UP,1000.0,144.5237,144.07,0.0,18.73,2.9772,0.085,0,UP,4.0,0.0,48,48,156,-62.4,16.51,4.663,3,3,0,31,0,103.0,0.0,0,0,MAINS,MAINS,1,0,82.16,92.0,51.356,51.7148,-4.0,3.95046,3.95046,3.97806,3.97806,0.0,23.2,1089.309,,90.887,,CHARGE,0.0,0,,SYNTHETIC,0
power-outage,0,47,2026-09-03T09:00:47Z,2026-09-03T09:00:48Z,2026-09-03T09:00:47Z,2026-09-03T09:00:48Z,site_b,SIM,synthetic_demo,B-WAN-1,UP,1000.0,75.4514,75.32,0.0,22.53,1.4376,0.105,0,UP,4.0,0.0,6,6,21,-61.0,17.802,4.504,0,0,0,32,0,66.0,0.0,0,0,,,,,,,,,,,,,,,,,,,,,0.0,0,,SYNTHETIC,0
power-outage,0,48,2026-09-03T09:00:48Z,2026-09-03T09:00:49Z,2026-09-03T09:00:48Z,2026-09-03T09:00:49Z,site_a,SIM,synthetic_demo,A-WAN-1,UP,1000.0,170.0674,169.71,0.0,17.53,1.2576,0.044,0,UP,4.0,0.0,48,48,171,-61.9,16.139,4.906,0,0,0,31,0,125.0,0.0,0,0,MAINS,MAINS,1,0,82.19,92.0,51.3563,51.7151,-4.0,3.95049,3.95049,3.97809,3.97809,0.0,23.0,1081.922,,91.51,,CHARGE,0.0,0,,SYNTHETIC,0
power-outage,0,48,2026-09-03T09:00:48Z,2026-09-03T09:00:49Z,2026-09-03T09:00:48Z,2026-09-03T09:00:49Z,site_b,SIM,synthetic_demo,B-WAN-1,UP,1000.0,61.1577,61.12,0.0,23.62,2.4933,0.08,0,UP,4.0,0.0,6,6,21,-62.2,17.653,4.9,0,1,0,32,0,60.0,0.0,0,0,,,,,,,,,,,,,,,,,,,,,0.0,0,,SYNTHETIC,0
power-outage,0,49,2026-09-03T09:00:49Z,2026-09-03T09:00:50Z,2026-09-03T09:00:49Z,2026-09-03T09:00:50Z,site_a,SIM,synthetic_demo,A-WAN-1,UP,1000.0,155.1394,155.59,0.0,17.43,0.9838,0.094,0,UP,4.0,0.0,48,48,182,-63.2,16.707,5.425,0,2,0,31,0,115.0,0.0,0,0,MAINS,MAINS,1,0,82.18,92.0,51.3567,51.7155,-4.0,3.95051,3.95051,3.97811,3.97811,0.0,23.0,1081.481,,91.551,,CHARGE,0.0,0,,SYNTHETIC,0
power-outage,0,49,2026-09-03T09:00:49Z,2026-09-03T09:00:50Z,2026-09-03T09:00:49Z,2026-09-03T09:00:50Z,site_b,SIM,synthetic_demo,B-WAN-1,UP,1000.0,65.4429,65.42,0.0,21.24,0.4268,0.104,0,UP,4.0,0.0,6,6,30,-59.4,19.542,5.481,0,0,0,32,0,66.0,0.0,0,0,,,,,,,,,,,,,,,,,,,,,0.0,0,,SYNTHETIC,0
power-outage,0,50,2026-09-03T09:00:50Z,2026-09-03T09:00:51Z,2026-09-03T09:00:50Z,2026-09-03T09:00:51Z,site_a,SIM,synthetic_demo,A-WAN-1,UP,1000.0,148.1495,148.49,0.0,16.09,0.5469,0.065,0,UP,4.0,0.0,48,48,210,-62.1,18.827,5.536,1,4,0,31,0,130.0,0.0,0,0,MAINS,MAINS,1,0,82.16,92.0,51.357,51.7158,-4.0,3.95054,3.95054,3.97814,3.97814,0.0,23.0,1086.661,,91.117,,CHARGE,0.0,0,,SYNTHETIC,0
power-outage,0,50,2026-09-03T09:00:50Z,2026-09-03T09:00:51Z,2026-09-03T09:00:50Z,2026-09-03T09:00:51Z,site_b,SIM,synthetic_demo,B-WAN-1,UP,1000.0,257.5873,258.18,0.0,21.88,0.7644,0.129,0,UP,4.0,0.0,6,6,25,-61.8,20.925,5.265,0,1,0,32,0,78.0,0.0,0,0,,,,,,,,,,,,,,,,,,,,,0.0,0,,SYNTHETIC,0
power-outage,0,51,2026-09-03T09:00:51Z,2026-09-03T09:00:52Z,2026-09-03T09:00:51Z,2026-09-03T09:00:52Z,site_a,SIM,synthetic_demo,A-WAN-1,UP,1000.0,174.8943,175.27,0.0,15.8,0.0768,0.078,0,UP,4.0,0.0,48,48,156,-61.4,17.33,4.869,0,2,0,31,0,153.0,0.0,0,0,MAINS,MAINS,1,0,82.19,92.0,51.3573,51.7161,-4.0,3.95056,3.95056,3.97816,3.97816,0.0,22.9,1071.541,,92.406,,CHARGE,0.0,0,,SYNTHETIC,0
power-outage,0,51,2026-09-03T09:00:51Z,2026-09-03T09:00:52Z,2026-09-03T09:00:51Z,2026-09-03T09:00:52Z,site_b,SIM,synthetic_demo,B-WAN-1,UP,1000.0,75.2359,75.44,0.0,21.91,0.5435,0.125,0,UP,4.0,0.0,6,6,67,-63.8,26.532,9.469,0,0,0,32,0,50.0,0.0,0,0,,,,,,,,,,,,,,,,,,,,,0.0,0,,SYNTHETIC,0
power-outage,0,52,2026-09-03T09:00:52Z,2026-09-03T09:00:53Z,2026-09-03T09:00:52Z,2026-09-03T09:00:53Z,site_a,SIM,synthetic_demo,A-WAN-1,UP,1000.0,218.4451,217.04,0.0,19.01,2.5783,0.069,0,UP,4.0,0.0,48,48,84,-61.2,14.77,4.044,2,4,0,31,0,189.0,0.0,0,0,MAINS,MAINS,1,0,82.08,92.0,51.3577,51.7165,-4.0,3.95059,3.95059,3.97819,3.97819,0.0,23.1,1114.255,,88.866,,CHARGE,0.0,0,,SYNTHETIC,0
power-outage,0,52,2026-09-03T09:00:52Z,2026-09-03T09:00:53Z,2026-09-03T09:00:52Z,2026-09-03T09:00:53Z,site_b,SIM,synthetic_demo,B-WAN-1,UP,1000.0,84.2837,83.95,0.0,21.21,0.2561,0.098,0,UP,4.0,0.0,6,6,80,-62.5,31.621,9.903,0,1,0,32,0,51.0,0.0,0,0,,,,,,,,,,,,,,,,,,,,,0.0,0,,SYNTHETIC,0
power-outage,0,53,2026-09-03T09:00:53Z,2026-09-03T09:00:54Z,2026-09-03T09:00:53Z,2026-09-03T09:00:54Z,site_a,SIM,synthetic_demo,A-WAN-1,UP,1000.0,207.6218,207.75,0.0,17.55,1.5933,0.086,0,UP,4.0,0.0,48,48,316,-61.4,21.535,6.362,0,3,0,31,0,120.0,0.0,0,0,MAINS,MAINS,1,0,82.13,92.0,51.358,51.7168,-4.0,3.95062,3.95062,3.97822,3.97822,0.0,23.0,1080.226,,91.669,,CHARGE,0.0,0,,SYNTHETIC,0
power-outage,0,53,2026-09-03T09:00:53Z,2026-09-03T09:00:54Z,2026-09-03T09:00:53Z,2026-09-03T09:00:54Z,site_b,SIM,synthetic_demo,B-WAN-1,UP,1000.0,83.9056,83.89,0.0,22.89,1.8279,0.067,0,UP,4.0,0.0,6,6,31,-62.1,20.038,5.121,1,0,0,32,0,61.0,0.0,0,0,,,,,,,,,,,,,,,,,,,,,0.0,0,,SYNTHETIC,0
power-outage,0,54,2026-09-03T09:00:54Z,2026-09-03T09:00:55Z,2026-09-03T09:00:54Z,2026-09-03T09:00:55Z,site_a,SIM,synthetic_demo,A-WAN-1,UP,1000.0,185.1721,185.42,0.0,16.44,0.8096,0.079,0,UP,4.0,0.0,48,48,346,-63.0,21.775,6.835,1,0,0,31,0,138.0,0.0,0,0,MAINS,MAINS,1,0,82.12,92.0,51.3584,51.7172,-4.0,3.95064,3.95064,3.97824,3.97824,0.0,23.0,1086.483,,91.144,,CHARGE,0.0,0,,SYNTHETIC,0
power-outage,0,54,2026-09-03T09:00:54Z,2026-09-03T09:00:55Z,2026-09-03T09:00:54Z,2026-09-03T09:00:55Z,site_b,SIM,synthetic_demo,B-WAN-1,UP,1000.0,85.178,85.25,0.0,22.02,1.121,0.11,0,UP,4.0,0.0,6,6,37,-61.1,20.549,6.889,0,0,0,32,0,86.0,0.0,0,0,,,,,,,,,,,,,,,,,,,,,0.0,0,,SYNTHETIC,0
power-outage,0,55,2026-09-03T09:00:55Z,2026-09-03T09:00:56Z,2026-09-03T09:00:55Z,2026-09-03T09:00:56Z,site_a,SIM,synthetic_demo,A-WAN-1,UP,1000.0,196.2175,196.21,0.0,16.11,0.29,0.109,0,UP,4.0,0.0,48,48,301,-61.6,20.099,6.232,2,4,0,31,0,107.0,0.0,0,0,MAINS,MAINS,1,0,82.18,92.0,51.3587,51.7175,-4.0,3.95067,3.95067,3.97827,3.97827,0.0,23.1,1074.352,,92.176,,CHARGE,0.0,0,,SYNTHETIC,0
power-outage,0,55,2026-09-03T09:00:55Z,2026-09-03T09:00:56Z,2026-09-03T09:00:55Z,2026-09-03T09:00:56Z,site_b,SIM,synthetic_demo,B-WAN-1,UP,1000.0,68.7529,69.27,0.0,24.02,2.6189,0.11,0,UP,4.0,0.0,6,6,60,-62.0,29.111,8.123,0,1,0,32,0,78.0,0.0,0,0,,,,,,,,,,,,,,,,,,,,,0.0,0,,SYNTHETIC,0
power-outage,0,56,2026-09-03T09:00:56Z,2026-09-03T09:00:57Z,2026-09-03T09:00:56Z,2026-09-03T09:00:57Z,site_a,SIM,synthetic_demo,A-WAN-1,UP,1000.0,218.1355,217.65,0.0,16.6,0.8146,0.107,0,UP,4.0,0.0,48,48,203,-61.7,17.951,5.213,2,2,0,31,0,209.0,0.0,0,0,MAINS,MAINS,1,0,82.13,92.0,51.359,51.7178,-4.0,3.9507,3.9507,3.9783,3.9783,0.0,23.0,1093.811,,90.539,,CHARGE,0.0,0,,SYNTHETIC,0
power-outage,0,56,2026-09-03T09:00:56Z,2026-09-03T09:00:57Z,2026-09-03T09:00:56Z,2026-09-03T09:00:57Z,site_b,SIM,synthetic_demo,B-WAN-1,UP,1000.0,78.9445,79.01,0.0,21.99,0.9182,0.104,0,UP,4.0,0.0,6,6,77,-62.5,28.88,8.641,0,2,0,32,0,69.0,0.0,0,0,,,,,,,,,,,,,,,,,,,,,0.0,0,,SYNTHETIC,0
power-outage,0,57,2026-09-03T09:00:57Z,2026-09-03T09:00:58Z,2026-09-03T09:00:57Z,2026-09-03T09:00:58Z,site_a,SIM,synthetic_demo,A-WAN-1,UP,1000.0,237.8346,237.56,0.0,17.87,1.7851,0.074,0,UP,4.0,0.0,48,48,223,-62.0,18.218,5.546,1,1,0,31,0,170.0,0.0,0,0,MAINS,MAINS,1,0,82.17,92.0,51.3594,51.7182,-4.0,3.95072,3.95072,3.97832,3.97832,0.0,23.0,1081.299,,91.589,,CHARGE,0.0,0,,SYNTHETIC,0
power-outage,0,57,2026-09-03T09:00:57Z,2026-09-03T09:00:58Z,2026-09-03T09:00:57Z,2026-09-03T09:00:58Z,site_b,SIM,synthetic_demo,B-WAN-1,UP,1000.0,76.6358,75.74,0.0,22.98,1.5777,0.129,0,UP,4.0,0.0,6,6,68,-62.1,29.396,8.21,0,0,0,32,0,91.0,0.0,0,0,,,,,,,,,,,,,,,,,,,,,0.0,0,,SYNTHETIC,0
power-outage,0,58,2026-09-03T09:00:58Z,2026-09-03T09:00:59Z,2026-09-03T09:00:58Z,2026-09-03T09:00:59Z,site_a,SIM,synthetic_demo,A-WAN-1,UP,1000.0,357.5831,356.25,0.0,19.36,3.353,0.078,0,UP,4.0,0.0,48,48,273,-61.9,19.914,6.098,2,2,0,31,0,310.0,0.0,0,0,MAINS,MAINS,1,0,82.22,92.0,51.3597,51.7185,-4.0,3.95075,3.95075,3.97835,3.97835,0.0,23.0,1079.602,,91.736,,CHARGE,0.0,0,,SYNTHETIC,0
power-outage,0,58,2026-09-03T09:00:58Z,2026-09-03T09:00:59Z,2026-09-03T09:00:58Z,2026-09-03T09:00:59Z,site_b,SIM,synthetic_demo,B-WAN-1,UP,1000.0,70.2088,70.65,0.0,20.8,0.3063,0.127,0,UP,4.0,0.0,6,6,55,-61.5,24.576,7.193,0,0,0,32,0,73.0,0.0,0,0,,,,,,,,,,,,,,,,,,,,,0.0,0,,SYNTHETIC,0
power-outage,0,59,2026-09-03T09:00:59Z,2026-09-03T09:01:00Z,2026-09-03T09:00:59Z,2026-09-03T09:01:00Z,site_a,SIM,synthetic_demo,A-WAN-1,UP,1000.0,200.8643,200.93,0.0,17.1,0.4204,0.051,0,UP,4.0,0.0,48,48,282,-62.8,20.812,5.79,2,1,0,31,0,312.0,0.0,0,0,MAINS,MAINS,1,0,82.14,92.0,51.3601,51.7189,-4.0,3.95077,3.95077,3.97837,3.97837,0.0,23.0,1122.799,,88.21,,CHARGE,0.0,0,,SYNTHETIC,0
power-outage,0,59,2026-09-03T09:00:59Z,2026-09-03T09:01:00Z,2026-09-03T09:00:59Z,2026-09-03T09:01:00Z,site_b,SIM,synthetic_demo,B-WAN-1,UP,1000.0,79.0432,78.72,0.0,21.91,1.4341,0.107,0,UP,4.0,0.0,6,6,25,-62.8,18.32,5.485,0,2,0,32,0,89.0,0.0,0,0,,,,,,,,,,,,,,,,,,,,,0.0,0,,SYNTHETIC,0
power-outage,0,60,2026-09-03T09:01:00Z,2026-09-03T09:01:01Z,2026-09-03T09:01:00Z,2026-09-03T09:01:01Z,site_a,SIM,synthetic_demo,A-WAN-1,UP,1000.0,253.8211,254.77,0.0,16.46,0.7353,0.053,0,UP,4.0,0.0,48,48,407,-62.0,23.993,7.216,1,2,0,31,0,323.0,0.0,0,0,MAINS,BATTERY,0,1,82.1,92.0,51.3588,49.967,15.5161,3.95068,3.95068,3.84362,3.84362,0.0,23.0,1085.337,,91.257,OCP_DSG,DISCHARGE,0.0,0,,SYNTHETIC,0
power-outage,0,60,2026-09-03T09:01:00Z,2026-09-03T09:01:01Z,2026-09-03T09:01:00Z,2026-09-03T09:01:01Z,site_b,SIM,synthetic_demo,B-WAN-1,UP,1000.0,62.2046,62.66,0.0,21.64,1.0412,0.127,0,UP,4.0,0.0,6,6,52,-63.0,24.534,7.453,0,0,0,32,0,58.0,0.0,0,0,,,,,,,,,,,,,,,,,,,,,0.0,0,,SYNTHETIC,0
power-outage,0,61,2026-09-03T09:01:01Z,2026-09-03T09:01:02Z,2026-09-03T09:01:01Z,2026-09-03T09:01:02Z,site_a,SIM,synthetic_demo,A-WAN-1,UP,1000.0,125.387,126.2,0.0,15.76,0.2571,0.121,0,UP,4.0,0.0,48,12,53,-63.3,18.302,5.45,1,1,0,7,0,223.0,0.0,0,0,BATTERY,LOAD_SHED,0,1,82.09,92.0,51.3587,51.1828,1.9602,3.95067,3.95067,3.93714,3.93714,0.0,23.1,140.456,3,90.508,,DISCHARGE,0.0,0,,SYNTHETIC,0
power-outage,0,61,2026-09-03T09:01:01Z,2026-09-03T09:01:02Z,2026-09-03T09:01:01Z,2026-09-03T09:01:02Z,site_b,SIM,synthetic_demo,B-WAN-1,UP,1000.0,59.5982,59.6,0.0,21.19,0.383,0.078,0,UP,4.0,0.0,6,6,39,-61.2,21.008,6.381,0,0,0,32,0,52.0,0.0,0,0,,,,,,,,,,,,,,,,,,,,,0.0,0,,SYNTHETIC,0
power-outage,0,62,2026-09-03T09:01:02Z,2026-09-03T09:01:03Z,2026-09-03T09:01:02Z,2026-09-03T09:01:03Z,site_a,SIM,synthetic_demo,A-WAN-1,UP,1000.0,158.7017,158.56,0.0,17.47,1.0243,0.059,0,UP,4.0,0.0,48,12,53,-62.8,18.23,5.299,0,2,0,7,0,241.0,0.0,0,0,LOAD_SHED,LOAD_SHED,0,1,82.13,92.0,51.3585,51.1817,1.9715,3.95065,3.95065,3.93705,3.93705,0.0,23.1,141.266,3,55.847,,DISCHARGE,0.0,0,,SYNTHETIC,0
power-outage,0,62,2026-09-03T09:01:02Z,2026-09-03T09:01:03Z,2026-09-03T09:01:02Z,2026-09-03T09:01:03Z,site_b,SIM,synthetic_demo,B-WAN-1,UP,1000.0,63.1829,63.15,0.0,24.08,3.0545,0.093,0,UP,4.0,0.0,6,6,46,-63.8,23.772,7.696,0,1,0,32,0,68.0,0.0,0,0,,,,,,,,,,,,,,,,,,,,,0.0,0,,SYNTHETIC,0
power-outage,0,63,2026-09-03T09:01:03Z,2026-09-03T09:01:04Z,2026-09-03T09:01:03Z,2026-09-03T09:01:04Z,site_a,SIM,synthetic_demo,A-WAN-1,UP,1000.0,122.6879,122.77,0.0,16.85,1.1536,0.086,0,UP,4.0,0.0,48,12,59,-61.9,18.959,5.627,0,1,0,7,0,249.0,0.0,0,0,LOAD_SHED,LOAD_SHED,0,1,82.14,92.0,51.3583,51.1783,2.0072,3.95064,3.95064,3.93679,3.93679,0.0,23.1,143.811,3,55.766,,DISCHARGE,0.0,0,,SYNTHETIC,0
power-outage,0,63,2026-09-03T09:01:03Z,2026-09-03T09:01:04Z,2026-09-03T09:01:03Z,2026-09-03T09:01:04Z,site_b,SIM,synthetic_demo,B-WAN-1,UP,1000.0,67.3344,68.23,0.0,22.22,1.3135,0.104,0,UP,4.0,0.0,6,6,34,-59.6,21.141,5.882,0,0,0,32,0,60.0,0.0,0,0,,,,,,,,,,,,,,,,,,,,,0.0,0,,SYNTHETIC,0
power-outage,0,64,2026-09-03T09:01:04Z,2026-09-03T09:01:05Z,2026-09-03T09:01:04Z,2026-09-03T09:01:05Z,site_a,SIM,synthetic_demo,A-WAN-1,UP,1000.0,131.9226,131.79,0.0,15.96,0.2601,0.076,0,UP,4.0,0.0,48,12,67,-61.7,19.848,5.896,0,2,0,7,0,85.0,0.0,0,0,LOAD_SHED,LOAD_SHED,0,1,82.15,92.0,51.3582,51.18,1.986,3.95063,3.95063,3.93693,3.93693,0.0,23.0,142.299,3,55.813,,DISCHARGE,0.0,0,,SYNTHETIC,0
power-outage,0,64,2026-09-03T09:01:04Z,2026-09-03T09:01:05Z,2026-09-03T09:01:04Z,2026-09-03T09:01:05Z,site_b,SIM,synthetic_demo,B-WAN-1,UP,1000.0,78.7491,79.41,0.0,23.76,2.8965,0.091,0,UP,4.0,0.0,6,6,82,-61.8,33.415,9.344,0,0,0,32,0,55.0,0.0,0,0,,,,,,,,,,,,,,,,,,,,,0.0,0,,SYNTHETIC,0
power-outage,0,65,2026-09-03T09:01:05Z,2026-09-03T09:01:06Z,2026-09-03T09:01:05Z,2026-09-03T09:01:06Z,site_a,SIM,synthetic_demo,A-WAN-1,UP,1000.0,107.2481,107.06,0.0,16.86,0.7606,0.097,0,UP,4.0,0.0,48,12,67,-61.7,20.168,5.799,0,2,0,7,0,257.0,0.0,0,0,LOAD_SHED,LOAD_SHED,0,1,82.2,92.0,51.358,51.1823,1.9589,3.95062,3.95062,3.9371,3.9371,0.0,22.9,140.364,3,55.873,,DISCHARGE,0.0,0,,SYNTHETIC,0
power-outage,0,65,2026-09-03T09:01:05Z,2026-09-03T09:01:06Z,2026-09-03T09:01:05Z,2026-09-03T09:01:06Z,site_b,SIM,synthetic_demo,B-WAN-1,UP,1000.0,85.9089,85.6,0.0,20.56,0.1795,0.084,0,UP,4.0,0.0,6,6,43,-62.8,21.479,6.371,0,0,0,32,0,66.0,0.0,0,0,,,,,,,,,,,,,,,,,,,,,0.0,0,,SYNTHETIC,0
power-outage,0,66,2026-09-03T09:01:06Z,2026-09-03T09:01:07Z,2026-09-03T09:01:06Z,2026-09-03T09:01:07Z,site_a,SIM,synthetic_demo,A-WAN-1,UP,1000.0,112.2371,112.02,0.0,18.97,2.9059,0.089,0,UP,4.0,0.0,48,12,69,-61.3,20.099,5.941,0,2,0,7,0,223.0,0.0,0,0,LOAD_SHED,LOAD_SHED,0,1,82.21,92.0,51.3578,51.1719,2.0734,3.9506,3.9506,3.9363,3.9363,0.0,23.0,148.535,3,55.615,,DISCHARGE,0.0,0,,SYNTHETIC,0
power-outage,0,66,2026-09-03T09:01:06Z,2026-09-03T09:01:07Z,2026-09-03T09:01:06Z,2026-09-03T09:01:07Z,site_b,SIM,synthetic_demo,B-WAN-1,UP,1000.0,74.8592,74.92,0.0,25.63,4.3439,0.064,0,UP,4.0,0.0,6,6,55,-63.5,22.425,7.563,0,0,0,32,0,84.0,0.0,0,0,,,,,,,,,,,,,,,,,,,,,0.0,0,,SYNTHETIC,0
power-outage,0,67,2026-09-03T09:01:07Z,2026-09-03T09:01:08Z,2026-09-03T09:01:07Z,2026-09-03T09:01:08Z,site_a,SIM,synthetic_demo,A-WAN-1,UP,1000.0,108.3081,108.48,0.0,16.01,0.2359,0.082,0,UP,4.0,0.0,48,12,51,-62.1,17.311,5.328,0,3,0,7,0,106.0,0.0,0,0,LOAD_SHED,LOAD_SHED,0,1,82.19,92.0,51.3577,51.1768,2.0164,3.95059,3.95059,3.93668,3.93668,0.0,23.1,144.471,3,55.742,,DISCHARGE,0.0,0,,SYNTHETIC,0
power-outage,0,67,2026-09-03T09:01:07Z,2026-09-03T09:01:08Z,2026-09-03T09:01:07Z,2026-09-03T09:01:08Z,site_b,SIM,synthetic_demo,B-WAN-1,UP,1000.0,74.5511,74.69,0.0,21.65,0.9893,0.119,0,UP,4.0,0.0,6,6,26,-62.6,18.066,4.9,0,0,0,32,0,73.0,0.0,0,0,,,,,,,,,,,,,,,,,,,,,0.0,0,,SYNTHETIC,0
power-outage,0,68,2026-09-03T09:01:08Z,2026-09-03T09:01:09Z,2026-09-03T09:01:08Z,2026-09-03T09:01:09Z,site_a,SIM,synthetic_demo,A-WAN-1,UP,1000.0,127.3784,127.82,0.0,15.92,0.3969,0.099,0,UP,4.0,0.0,48,12,74,-62.6,19.526,6.182,1,1,0,7,0,170.0,0.0,0,0,LOAD_SHED,LOAD_SHED,0,1,82.12,92.0,51.3575,51.1782,1.9984,3.95058,3.95058,3.93679,3.93679,0.0,23.0,143.184,3,55.781,,DISCHARGE,0.0,0,,SYNTHETIC,0
power-outage,0,68,2026-09-03T09:01:08Z,2026-09-03T09:01:09Z,2026-09-03T09:01:08Z,2026-09-03T09:01:09Z,site_b,SIM,synthetic_demo,B-WAN-1,UP,1000.0,68.187,68.14,0.0,21.39,0.0749,0.128,0,UP,4.0,0.0,6,6,39,-61.5,19.126,5.812,0,0,0,32,0,62.0,0.0,0,0,,,,,,,,,,,,,,,,,,,,,0.0,0,,SYNTHETIC,0
power-outage,0,69,2026-09-03T09:01:09Z,2026-09-03T09:01:10Z,2026-09-03T09:01:09Z,2026-09-03T09:01:10Z,site_a,SIM,synthetic_demo,A-WAN-1,UP,1000.0,117.2736,117.33,0.0,17.43,1.1654,0.063,0,UP,4.0,0.0,48,12,56,-60.8,18.309,5.267,0,1,0,7,0,164.0,0.0,0,0,LOAD_SHED,LOAD_SHED,0,1,82.13,92.0,51.3573,51.1801,1.9763,3.95056,3.95056,3.93693,3.93693,0.0,23.0,141.606,3,55.83,,DISCHARGE,0.0,0,,SYNTHETIC,0
power-outage,0,69,2026-09-03T09:01:09Z,2026-09-03T09:01:10Z,2026-09-03T09:01:09Z,2026-09-03T09:01:10Z,site_b,SIM,synthetic_demo,B-WAN-1,UP,1000.0,72.3294,72.0,0.0,23.39,1.7867,0.098,0,UP,4.0,0.0,6,6,17,-65.5,18.326,5.967,0,0,0,32,0,85.0,0.0,0,0,,,,,,,,,,,,,,,,,,,,,0.0,0,,SYNTHETIC,0
power-outage,0,70,2026-09-03T09:01:10Z,2026-09-03T09:01:11Z,2026-09-03T09:01:10Z,2026-09-03T09:01:11Z,site_a,SIM,synthetic_demo,A-WAN-1,UP,1000.0,128.1825,128.93,0.0,16.83,0.312,0.1,0,UP,4.0,0.0,48,12,22,-62.0,14.122,4.168,1,1,0,7,0,121.0,0.0,0,0,LOAD_SHED,LOAD_SHED,0,1,82.12,92.0,51.3572,51.1799,1.9761,3.95055,3.95055,3.93692,3.93692,0.0,23.0,141.591,3,55.83,,DISCHARGE,0.0,0,,SYNTHETIC,0
power-outage,0,70,2026-09-03T09:01:10Z,2026-09-03T09:01:11Z,2026-09-03T09:01:10Z,2026-09-03T09:01:11Z,site_b,SIM,synthetic_demo,B-WAN-1,UP,1000.0,92.0239,91.7,0.0,23.55,2.264,0.13,0,UP,4.0,0.0,6,6,40,-61.8,19.898,6.994,0,0,0,32,0,54.0,0.0,0,0,,,,,,,,,,,,,,,,,,,,,0.0,0,,SYNTHETIC,0
power-outage,0,71,2026-09-03T09:01:11Z,2026-09-03T09:01:12Z,2026-09-03T09:01:11Z,2026-09-03T09:01:12Z,site_a,SIM,synthetic_demo,A-WAN-1,UP,1000.0,118.8786,118.45,0.0,17.75,1.2147,0.075,0,UP,4.0,0.0,48,12,49,-63.8,18.645,5.477,0,1,0,7,0,138.0,0.0,0,0,LOAD_SHED,LOAD_SHED,0,1,82.07,92.0,51.357,51.1781,1.9945,3.95054,3.95054,3.93678,3.93678,0.0,22.9,142.903,3,55.788,,DISCHARGE,0.0,0,,SYNTHETIC,0
power-outage,0,71,2026-09-03T09:01:11Z,2026-09-03T09:01:12Z,2026-09-03T09:01:11Z,2026-09-03T09:01:12Z,site_b,SIM,synthetic_demo,B-WAN-1,UP,1000.0,69.0593,69.37,0.0,21.21,0.6646,0.11,0,UP,4.0,0.0,6,6,33,-62.8,17.495,6.259,1,0,0,32,0,70.0,0.0,0,0,,,,,,,,,,,,,,,,,,,,,0.0,0,,SYNTHETIC,0
power-outage,0,72,2026-09-03T09:01:12Z,2026-09-03T09:01:13Z,2026-09-03T09:01:12Z,2026-09-03T09:01:13Z,site_a,SIM,synthetic_demo,A-WAN-1,UP,1000.0,122.5591,122.47,0.0,16.79,0.9327,0.078,0,UP,4.0,0.0,48,12,57,-62.4,18.174,5.382,0,2,0,7,0,165.0,0.0,0,0,LOAD_SHED,LOAD_SHED,0,1,82.07,92.0,51.3568,51.1801,1.9706,3.95053,3.95053,3.93693,3.93693,0.0,23.0,141.198,3,55.84,,DISCHARGE,0.0,0,,SYNTHETIC,0
power-outage,0,72,2026-09-03T09:01:12Z,2026-09-03T09:01:13Z,2026-09-03T09:01:12Z,2026-09-03T09:01:13Z,site_b,SIM,synthetic_demo,B-WAN-1,UP,1000.0,76.0346,75.99,0.0,23.03,2.7427,0.106,0,UP,4.0,0.0,6,6,41,-62.0,20.994,7.06,0,0,0,32,0,53.0,0.0,0,0,,,,,,,,,,,,,,,,,,,,,0.0,0,,SYNTHETIC,0
power-outage,0,73,2026-09-03T09:01:13Z,2026-09-03T09:01:14Z,2026-09-03T09:01:13Z,2026-09-03T09:01:14Z,site_a,SIM,synthetic_demo,A-WAN-1,UP,1000.0,114.0994,114.18,0.0,16.82,0.622,0.09,0,UP,4.0,0.0,48,12,55,-60.8,18.049,5.685,0,2,0,7,0,157.0,0.0,0,0,LOAD_SHED,LOAD_SHED,0,1,82.09,92.0,51.3567,51.176,2.0138,3.95051,3.95051,3.93662,3.93662,0.0,23.1,144.277,3,55.743,,DISCHARGE,0.0,0,,SYNTHETIC,0
power-outage,0,73,2026-09-03T09:01:13Z,2026-09-03T09:01:14Z,2026-09-03T09:01:13Z,2026-09-03T09:01:14Z,site_b,SIM,synthetic_demo,B-WAN-1,UP,1000.0,69.1384,69.41,0.0,22.52,2.005,0.087,0,UP,4.0,0.0,6,6,47,-62.0,23.303,6.337,0,0,0,32,0,65.0,0.0,0,0,,,,,,,,,,,,,,,,,,,,,0.0,0,,SYNTHETIC,0
power-outage,0,74,2026-09-03T09:01:14Z,2026-09-03T09:01:15Z,2026-09-03T09:01:14Z,2026-09-03T09:01:15Z,site_a,SIM,synthetic_demo,A-WAN-1,UP,1000.0,136.9196,137.08,0.0,17.62,2.2764,0.061,0,UP,4.0,0.0,48,12,25,-62.2,14.482,4.676,0,2,0,7,0,159.0,0.0,0,0,LOAD_SHED,LOAD_SHED,0,1,82.13,92.0,51.3565,51.1742,2.0321,3.9505,3.9505,3.93648,3.93648,0.0,23.1,145.585,3,55.701,,DISCHARGE,0.0,0,,SYNTHETIC,0
power-outage,0,74,2026-09-03T09:01:14Z,2026-09-03T09:01:15Z,2026-09-03T09:01:14Z,2026-09-03T09:01:15Z,site_b,SIM,synthetic_demo,B-WAN-1,UP,1000.0,75.1181,75.79,0.0,21.85,0.6592,0.105,0,UP,4.0,0.0,6,6,60,-62.3,24.363,7.806,1,0,0,32,0,68.0,0.0,0,0,,,,,,,,,,,,,,,,,,,,,0.0,0,,SYNTHETIC,0
power-outage,0,75,2026-09-03T09:01:15Z,2026-09-03T09:01:16Z,2026-09-03T09:01:15Z,2026-09-03T09:01:16Z,site_a,SIM,synthetic_demo,A-WAN-1,UP,1000.0,122.8852,122.45,0.0,18.12,1.9614,0.061,0,UP,4.0,0.0,48,12,38,-61.7,16.168,4.55,0,2,0,7,0,114.0,0.0,0,0,LOAD_SHED,LOAD_SHED,0,1,82.16,92.0,51.3563,51.1786,1.981,3.95049,3.95049,3.93682,3.93682,0.0,23.1,141.941,3,55.814,,DISCHARGE,0.0,0,,SYNTHETIC,0
power-outage,0,75,2026-09-03T09:01:15Z,2026-09-03T09:01:16Z,2026-09-03T09:01:15Z,2026-09-03T09:01:16Z,site_b,SIM,synthetic_demo,B-WAN-1,UP,1000.0,78.1006,77.5,0.0,23.68,2.5544,0.095,0,UP,4.0,0.0,6,6,63,-62.9,25.793,8.454,0,0,0,32,0,58.0,0.0,0,0,,,,,,,,,,,,,,,,,,,,,0.0,0,,SYNTHETIC,0
power-outage,0,76,2026-09-03T09:01:16Z,2026-09-03T09:01:17Z,2026-09-03T09:01:16Z,2026-09-03T09:01:17Z,site_a,SIM,synthetic_demo,A-WAN-1,UP,1000.0,128.9735,128.56,0.0,17.31,1.5043,0.099,0,UP,4.0,0.0,48,48,307,-61.7,21.621,6.122,0,2,0,7,0,179.0,0.0,0,0,LOAD_SHED,BATTERY,0,1,82.19,92.0,51.3562,51.1748,2.0217,3.95047,3.95047,3.93653,3.93653,0.0,23.0,144.84,,683.583,,DISCHARGE,0.0,0,,SYNTHETIC,0
power-outage,0,76,2026-09-03T09:01:16Z,2026-09-03T09:01:17Z,2026-09-03T09:01:16Z,2026-09-03T09:01:17Z,site_b,SIM,synthetic_demo,B-WAN-1,UP,1000.0,74.234,73.78,0.0,22.25,0.8911,0.078,0,UP,4.0,0.0,6,6,48,-64.4,22.043,7.239,0,0,0,32,0,51.0,0.0,0,0,,,,,,,,,,,,,,,,,,,,,0.0,0,,SYNTHETIC,0
power-outage,0,77,2026-09-03T09:01:17Z,2026-09-03T09:01:18Z,2026-09-03T09:01:17Z,2026-09-03T09:01:18Z,site_a,SIM,synthetic_demo,A-WAN-1,UP,1000.0,109.3732,109.65,0.0,17.08,1.6121,0.107,0,UP,4.0,0.0,48,48,127,-62.1,15.609,4.589,1,1,0,7,0,135.0,0.0,0,0,BATTERY,BATTERY,0,1,82.06,92.0,51.3542,49.0337,25.8701,3.95032,3.95032,3.77182,3.77182,0.0,23.1,1775.7,,55.757,OCP_DSG,DISCHARGE,0.0,0,,SYNTHETIC,0
power-outage,0,77,2026-09-03T09:01:17Z,2026-09-03T09:01:18Z,2026-09-03T09:01:17Z,2026-09-03T09:01:18Z,site_b,SIM,synthetic_demo,B-WAN-1,UP,1000.0,78.2966,78.42,0.0,21.55,0.9077,0.126,0,UP,4.0,0.0,6,6,66,-59.6,27.924,8.402,0,1,0,32,0,67.0,0.0,0,0,,,,,,,,,,,,,,,,,,,,,0.0,0,,SYNTHETIC,0
power-outage,0,78,2026-09-03T09:01:18Z,2026-09-03T09:01:19Z,2026-09-03T09:01:18Z,2026-09-03T09:01:19Z,site_a,SIM,synthetic_demo,A-WAN-1,UP,1000.0,162.5121,162.33,0.0,18.39,2.7198,0.089,0,UP,4.0,0.0,48,12,52,-62.0,19.179,5.419,1,1,0,7,0,167.0,0.0,0,0,BATTERY,LOAD_SHED,0,1,82.14,92.0,51.354,51.1693,2.0601,3.95031,3.95031,3.9361,3.9361,0.0,23.1,147.576,3,55.625,,DISCHARGE,0.0,0,,SYNTHETIC,0
power-outage,0,78,2026-09-03T09:01:18Z,2026-09-03T09:01:19Z,2026-09-03T09:01:18Z,2026-09-03T09:01:19Z,site_b,SIM,synthetic_demo,B-WAN-1,UP,1000.0,80.5099,81.16,0.0,21.52,0.6433,,0,UP,4.0,0.0,6,6,27,-62.0,19.011,6.197,0,0,0,32,0,44.0,0.0,0,0,,,,,,,,,,,,,,,,,,,,,0.0,0,,SYNTHETIC|GAP|MISSING_MCAR,0
power-outage,0,79,2026-09-03T09:01:19Z,2026-09-03T09:01:20Z,2026-09-03T09:01:19Z,2026-09-03T09:01:20Z,site_a,SIM,synthetic_demo,A-WAN-1,UP,1000.0,103.5957,102.79,0.0,16.56,0.7091,0.101,0,UP,4.0,0.0,48,12,82,-62.2,21.017,6.758,0,2,0,7,0,101.0,0.0,0,0,LOAD_SHED,LOAD_SHED,0,1,82.02,92.0,51.3539,51.178,1.9607,3.9503,3.9503,3.93677,3.93677,0.0,23.1,140.482,3,55.847,,DISCHARGE,0.0,0,,SYNTHETIC,0
power-outage,0,79,2026-09-03T09:01:19Z,2026-09-03T09:01:20Z,2026-09-03T09:01:19Z,2026-09-03T09:01:20Z,site_b,SIM,synthetic_demo,B-WAN-1,UP,1000.0,66.0481,66.53,0.0,22.1,1.0396,0.13,0,UP,4.0,0.0,6,6,41,-61.5,21.06,6.516,0,0,0,32,0,56.0,0.0,0,0,,,,,,,,,,,,,,,,,,,,,0.0,0,,SYNTHETIC,0
power-outage,0,80,2026-09-03T09:01:20Z,2026-09-03T09:01:21Z,2026-09-03T09:01:20Z,2026-09-03T09:01:21Z,site_a,SIM,synthetic_demo,A-WAN-1,UP,1000.0,122.0996,122.04,0.0,18.53,2.9731,0.076,0,UP,4.0,0.0,48,12,36,-61.1,16.762,4.892,0,1,0,7,0,180.0,0.0,0,0,LOAD_SHED,LOAD_SHED,0,1,82.07,92.0,51.3537,51.1674,2.0766,3.95028,3.95028,3.93596,3.93596,0.0,23.1,148.754,3,55.587,,DISCHARGE,0.0,0,,SYNTHETIC,0
power-outage,0,80,2026-09-03T09:01:20Z,2026-09-03T09:01:21Z,2026-09-03T09:01:20Z,2026-09-03T09:01:21Z,site_b,SIM,synthetic_demo,B-WAN-1,UP,1000.0,77.4471,76.93,0.0,22.75,1.3747,0.092,0,UP,4.0,0.0,6,6,67,-62.0,24.77,8.268,0,1,0,32,0,57.0,0.0,0,0,,,,,,,,,,,,,,,,,,,,,0.0,0,,SYNTHETIC,0
power-outage,0,81,2026-09-03T09:01:21Z,2026-09-03T09:01:22Z,2026-09-03T09:01:21Z,2026-09-03T09:01:22Z,site_a,SIM,synthetic_demo,A-WAN-1,UP,1000.0,128.2563,127.88,0.0,16.52,0.0035,0.069,0,UP,4.0,0.0,48,12,57,-62.3,18.45,5.267,1,1,0,7,0,167.0,0.0,0,0,LOAD_SHED,LOAD_SHED,0,1,82.09,92.0,51.3535,51.1724,2.0198,3.95027,3.95027,3.93634,3.93634,0.0,23.1,144.697,3,55.713,,DISCHARGE,0.0,0,,SYNTHETIC,0
power-outage,0,81,2026-09-03T09:01:21Z,2026-09-03T09:01:22Z,2026-09-03T09:01:21Z,2026-09-03T09:01:22Z,site_b,SIM,synthetic_demo,B-WAN-1,UP,1000.0,77.612,77.88,0.0,21.02,0.3363,0.121,0,UP,4.0,0.0,6,6,35,-62.7,18.936,5.89,0,1,0,32,0,74.0,0.0,0,0,,,,,,,,,,,,,,,,,,,,,0.0,0,,SYNTHETIC,0
power-outage,0,82,2026-09-03T09:01:22Z,2026-09-03T09:01:23Z,2026-09-03T09:01:22Z,2026-09-03T09:01:23Z,site_a,SIM,synthetic_demo,A-WAN-1,UP,1000.0,148.2469,148.84,0.0,16.37,0.0348,0.091,0,UP,4.0,0.0,48,12,31,-63.1,15.648,4.717,1,2,0,7,0,91.0,0.0,0,0,LOAD_SHED,LOAD_SHED,0,1,82.04,92.0,51.3534,51.1735,2.0053,3.95026,3.95026,3.93642,3.93642,0.0,23.3,143.663,3,55.744,,DISCHARGE,0.0,0,,SYNTHETIC,0
power-outage,0,82,2026-09-03T09:01:22Z,2026-09-03T09:01:23Z,2026-09-03T09:01:22Z,2026-09-03T09:01:23Z,site_b,SIM,synthetic_demo,B-WAN-1,UP,1000.0,70.9704,70.79,0.0,21.0,0.3857,0.115,0,UP,4.0,0.0,6,6,41,-62.4,21.195,7.197,0,0,0,32,0,43.0,0.0,0,0,,,,,,,,,,,,,,,,,,,,,0.0,0,,SYNTHETIC,0
power-outage,0,83,2026-09-03T09:01:23Z,2026-09-03T09:01:24Z,2026-09-03T09:01:23Z,2026-09-03T09:01:24Z,site_a,SIM,synthetic_demo,A-WAN-1,UP,1000.0,127.5233,127.24,0.0,18.31,2.3732,0.095,0,UP,4.0,0.0,48,12,49,-63.8,18.084,5.81,0,2,0,7,0,226.0,0.0,0,0,LOAD_SHED,LOAD_SHED,0,1,82.15,92.0,51.3532,51.1699,2.0437,3.95025,3.95025,3.93614,3.93614,0.0,23.0,146.408,3,55.657,,DISCHARGE,0.0,0,,SYNTHETIC,0
power-outage,0,83,2026-09-03T09:01:23Z,2026-09-03T09:01:24Z,2026-09-03T09:01:23Z,2026-09-03T09:01:24Z,site_b,SIM,synthetic_demo,B-WAN-1,UP,1000.0,229.6807,229.86,0.0,21.63,0.1332,0.077,0,UP,4.0,0.0,6,6,37,-61.5,20.378,6.109,0,1,0,32,0,66.0,0.0,0,0,,,,,,,,,,,,,,,,,,,,,0.0,0,,SYNTHETIC,0
power-outage,0,84,2026-09-03T09:01:24Z,2026-09-03T09:01:25Z,2026-09-03T09:01:24Z,2026-09-03T09:01:25Z,site_a,SIM,synthetic_demo,A-WAN-1,UP,1000.0,196.4908,196.39,0.0,16.61,0.7848,0.06,0,UP,4.0,0.0,48,12,49,-62.0,17.257,5.256,0,1,0,7,0,137.0,0.0,0,0,LOAD_SHED,LOAD_SHED,0,1,82.07,92.0,51.353,51.1732,2.005,3.95023,3.95023,3.9364,3.9364,0.0,23.1,143.643,3,55.743,,DISCHARGE,0.0,0,,SYNTHETIC,0
power-outage,0,84,2026-09-03T09:01:24Z,2026-09-03T09:01:25Z,2026-09-03T09:01:24Z,2026-09-03T09:01:25Z,site_b,SIM,synthetic_demo,B-WAN-1,UP,1000.0,80.4675,81.33,0.0,21.86,1.2652,0.089,0,UP,4.0,0.0,6,6,68,-63.1,26.676,9.08,0,1,0,32,0,55.0,0.0,0,0,,,,,,,,,,,,,,,,,,,,,0.0,0,,SYNTHETIC,0
power-outage,0,85,2026-09-03T09:01:25Z,2026-09-03T09:01:26Z,2026-09-03T09:01:25Z,2026-09-03T09:01:26Z,site_a,SIM,synthetic_demo,A-WAN-1,UP,1000.0,152.269,152.37,0.0,18.97,2.7662,0.071,0,UP,4.0,0.0,48,12,101,-63.0,24.44,7.488,0,2,0,7,0,145.0,0.0,0,0,LOAD_SHED,LOAD_SHED,0,1,82.07,92.0,51.3529,51.1705,2.0333,3.95022,3.95022,3.93619,3.93619,0.0,23.0,145.659,3,55.679,,DISCHARGE,0.0,0,,SYNTHETIC,0
power-outage,0,85,2026-09-03T09:01:25Z,2026-09-03T09:01:26Z,2026-09-03T09:01:25Z,2026-09-03T09:01:26Z,site_b,SIM,synthetic_demo,B-WAN-1,UP,1000.0,80.3882,80.7,0.0,22.73,1.655,0.089,0,UP,4.0,0.0,6,6,51,-62.8,24.124,7.287,0,0,0,32,0,79.0,0.0,0,0,,,,,,,,,,,,,,,,,,,,,0.0,0,,SYNTHETIC,0
power-outage,0,86,2026-09-03T09:01:26Z,2026-09-03T09:01:27Z,2026-09-03T09:01:26Z,2026-09-03T09:01:27Z,site_a,SIM,synthetic_demo,A-WAN-1,UP,1000.0,115.7903,115.55,0.0,17.38,0.7486,0.108,0,UP,4.0,0.0,48,12,51,-61.6,17.032,5.239,1,1,0,7,0,208.0,0.0,0,0,LOAD_SHED,LOAD_SHED,0,1,82.13,92.0,51.3527,51.1736,1.9968,3.95021,3.95021,3.93643,3.93643,0.0,23.2,143.056,3,55.76,,DISCHARGE,0.0,0,,SYNTHETIC,0
power-outage,0,86,2026-09-03T09:01:26Z,2026-09-03T09:01:27Z,2026-09-03T09:01:26Z,2026-09-03T09:01:27Z,site_b,SIM,synthetic_demo,B-WAN-1,UP,1000.0,64.633,64.92,0.0,21.73,1.2422,0.115,0,UP,4.0,0.0,6,6,75,-59.8,27.81,9.498,0,1,0,32,0,43.0,0.0,0,0,,,,,,,,,,,,,,,,,,,,,0.0,0,,SYNTHETIC,0
power-outage,0,87,2026-09-03T09:01:27Z,2026-09-03T09:01:28Z,2026-09-03T09:01:27Z,2026-09-03T09:01:28Z,site_a,SIM,synthetic_demo,A-WAN-1,UP,1000.0,103.4191,102.87,0.0,18.21,2.4573,0.061,0,UP,4.0,0.0,48,12,60,-61.4,18.886,5.623,0,1,0,7,0,140.0,0.0,0,0,LOAD_SHED,LOAD_SHED,0,1,82.01,92.0,51.3525,51.1731,1.9998,3.95019,3.95019,3.9364,3.9364,0.0,22.9,143.272,3,55.752,,DISCHARGE,0.0,0,,SYNTHETIC,0
power-outage,0,87,2026-09-03T09:01:27Z,2026-09-03T09:01:28Z,2026-09-03T09:01:27Z,2026-09-03T09:01:28Z,site_b,SIM,synthetic_demo,B-WAN-1,UP,1000.0,75.1935,74.23,0.0,21.74,0.5102,0.121,0,UP,4.0,0.0,6,6,46,-61.5,22.22,6.529,1,1,0,32,0,64.0,0.0,0,0,,,,,,,,,,,,,,,,,,,,,0.0,0,,SYNTHETIC,0
power-outage,0,88,2026-09-03T09:01:28Z,2026-09-03T09:01:29Z,2026-09-03T09:01:28Z,2026-09-03T09:01:29Z,site_a,SIM,synthetic_demo,A-WAN-1,UP,1000.0,98.2868,98.03,0.0,16.7,0.2988,0.063,0,UP,4.0,0.0,48,12,38,-61.4,18.547,4.514,1,1,0,7,0,130.0,0.0,0,0,LOAD_SHED,LOAD_SHED,0,1,82.1,92.0,51.3524,51.1699,2.0338,3.95018,3.95018,3.93615,3.93615,0.0,23.1,145.696,3,55.675,,DISCHARGE,0.0,0,,SYNTHETIC,0
power-outage,0,88,2026-09-03T09:01:28Z,2026-09-03T09:01:29Z,2026-09-03T09:01:28Z,2026-09-03T09:01:29Z,site_b,SIM,synthetic_demo,B-WAN-1,UP,1000.0,68.9919,69.02,0.0,21.25,0.1622,0.135,0,UP,4.0,0.0,6,6,40,-61.8,19.891,6.267,0,0,0,32,0,80.0,0.0,0,0,,,,,,,,,,,,,,,,,,,,,0.0,0,,SYNTHETIC,0
power-outage,0,89,2026-09-03T09:01:29Z,2026-09-03T09:01:30Z,2026-09-03T09:01:29Z,2026-09-03T09:01:30Z,site_a,SIM,synthetic_demo,A-WAN-1,UP,1000.0,102.7057,102.7,0.0,16.05,0.7307,0.075,0,UP,4.0,0.0,48,12,68,-61.3,21.208,5.454,0,1,0,7,0,99.0,0.0,0,0,LOAD_SHED,LOAD_SHED,0,1,82.14,92.0,51.3522,51.1754,1.9711,3.95017,3.95017,3.93657,3.93657,0.0,22.9,141.217,3,55.815,,DISCHARGE,0.0,0,,SYNTHETIC,0
power-outage,0,89,2026-09-03T09:01:29Z,2026-09-03T09:01:30Z,2026-09-03T09:01:29Z,2026-09-03T09:01:30Z,site_b,SIM,synthetic_demo,B-WAN-1,UP,1000.0,65.6872,65.96,0.0,23.09,1.9097,0.099,0,UP,4.0,0.0,6,6,28,-61.5,18.83,5.777,0,0,0,32,0,35.0,0.0,0,0,,,,,,,,,,,,,,,,,,,,,0.0,0,,SYNTHETIC,0
power-outage,0,90,2026-09-03T09:01:30Z,2026-09-03T09:01:31Z,2026-09-03T09:01:30Z,2026-09-03T09:01:31Z,site_a,SIM,synthetic_demo,A-WAN-1,UP,1000.0,177.0212,177.44,0.0,17.39,1.7318,0.064,0,UP,4.0,0.0,48,12,57,-64.7,18.857,6.317,0,2,0,7,0,169.0,0.0,0,0,LOAD_SHED,LOAD_SHED,0,1,82.07,92.0,51.352,51.1765,1.957,3.95016,3.95016,3.93665,3.93665,0.0,23.0,140.212,3,55.846,,DISCHARGE,0.0,0,,SYNTHETIC,0
power-outage,0,90,2026-09-03T09:01:30Z,2026-09-03T09:01:31Z,2026-09-03T09:01:30Z,2026-09-03T09:01:31Z,site_b,SIM,synthetic_demo,B-WAN-1,UP,1000.0,67.3713,66.56,0.0,21.79,1.0166,0.081,0,UP,4.0,0.0,6,6,48,-61.6,24.199,7.889,0,1,0,32,0,70.0,0.0,0,0,,,,,,,,,,,,,,,,,,,,,0.0,0,,SYNTHETIC,0
power-outage,0,91,2026-09-03T09:01:31Z,2026-09-03T09:01:32Z,2026-09-03T09:01:31Z,2026-09-03T09:01:32Z,site_a,SIM,synthetic_demo,A-WAN-1,UP,1000.0,172.3596,172.52,0.0,16.58,0.502,0.107,0,UP,4.0,0.0,48,12,50,-62.1,17.489,5.226,0,1,0,7,0,184.0,0.0,0,0,LOAD_SHED,LOAD_SHED,0,1,82.1,92.0,51.3519,51.1698,2.0298,3.95014,3.95014,3.93614,3.93614,0.0,23.2,145.41,3,55.681,,DISCHARGE,0.0,0,,SYNTHETIC,0
power-outage,0,91,2026-09-03T09:01:31Z,2026-09-03T09:01:32Z,2026-09-03T09:01:31Z,2026-09-03T09:01:32Z,site_b,SIM,synthetic_demo,B-WAN-1,UP,1000.0,59.3935,59.63,0.0,22.98,1.5617,0.136,0,UP,4.0,0.0,6,6,10,-61.8,13.809,4.367,0,0,0,32,0,62.0,0.0,0,0,,,,,,,,,,,,,,,,,,,,,0.0,0,,SYNTHETIC,0
power-outage,0,92,2026-09-03T09:01:32Z,2026-09-03T09:01:33Z,2026-09-03T09:01:32Z,2026-09-03T09:01:33Z,site_a,SIM,synthetic_demo,A-WAN-1,UP,1000.0,114.0418,113.69,0.0,17.14,1.145,0.063,0,UP,4.0,0.0,48,12,69,-63.0,19.214,6.017,0,1,0,7,0,117.0,0.0,0,0,LOAD_SHED,LOAD_SHED,0,1,82.06,92.0,51.3517,51.1758,1.9613,3.95013,3.95013,3.9366,3.9366,0.0,23.1,140.519,3,55.834,,DISCHARGE,0.0,0,,SYNTHETIC,0
power-outage,0,92,2026-09-03T09:01:32Z,2026-09-03T09:01:33Z,2026-09-03T09:01:32Z,2026-09-03T09:01:33Z,site_b,SIM,synthetic_demo,B-WAN-1,UP,1000.0,57.795,57.56,0.0,21.55,0.7953,0.079,0,UP,4.0,0.0,6,6,53,-61.1,24.996,6.844,0,0,0,32,0,77.0,0.0,0,0,,,,,,,,,,,,,,,,,,,,,0.0,0,,SYNTHETIC,0
power-outage,0,93,2026-09-03T09:01:33Z,2026-09-03T09:01:34Z,2026-09-03T09:01:33Z,2026-09-03T09:01:34Z,site_a,SIM,synthetic_demo,A-WAN-1,UP,1000.0,106.1995,106.62,0.0,17.02,1.4413,0.089,0,UP,4.0,0.0,48,48,137,-61.4,16.154,4.769,2,2,0,7,0,105.0,0.0,0,0,LOAD_SHED,BATTERY,0,1,82.12,92.0,51.3515,51.1681,2.0452,3.95012,3.95012,3.93601,3.93601,0.0,23.1,146.51,,675.486,,DISCHARGE,0.0,0,,SYNTHETIC,0
power-outage,0,93,2026-09-03T09:01:33Z,2026-09-03T09:01:34Z,2026-09-03T09:01:33Z,2026-09-03T09:01:34Z,site_b,SIM,synthetic_demo,B-WAN-1,UP,1000.0,88.195,88.49,0.0,21.55,0.4682,0.1,0,UP,4.0,0.0,6,6,17,-62.4,14.212,5.449,0,0,0,32,0,124.0,0.0,0,0,,,,,,,,,,,,,,,,,,,,,0.0,0,,SYNTHETIC,0
power-outage,0,94,2026-09-03T09:01:34Z,2026-09-03T09:01:35Z,2026-09-03T09:01:34Z,2026-09-03T09:01:35Z,site_a,SIM,synthetic_demo,A-WAN-1,UP,1000.0,243.8356,244.03,0.0,16.6,0.4871,0.104,0,UP,4.0,0.0,48,48,165,-62.0,16.708,5.075,2,3,0,7,0,141.0,0.0,0,0,BATTERY,BATTERY,0,1,82.1,92.0,51.3496,49.0333,25.822,3.94997,3.94997,3.7718,3.7718,0.0,23.0,1772.383,,55.837,OCP_DSG,DISCHARGE,0.0,0,,SYNTHETIC,0
power-outage,0,94,2026-09-03T09:01:34Z,2026-09-03T09:01:35Z,2026-09-03T09:01:34Z,2026-09-03T09:01:35Z,site_b,SIM,synthetic_demo,B-WAN-1,UP,1000.0,60.934,60.6,0.0,22.08,1.3517,0.073,0,UP,4.0,0.0,6,6,53,-62.4,26.934,6.83,0,2,0,32,0,58.0,0.0,0,0,,,,,,,,,,,,,,,,,,,,,0.0,0,,SYNTHETIC,0
power-outage,0,95,2026-09-03T09:01:35Z,2026-09-03T09:01:36Z,2026-09-03T09:01:35Z,2026-09-03T09:01:36Z,site_a,SIM,synthetic_demo,A-WAN-1,UP,1000.0,137.25,137.83,0.0,17.66,1.393,0.071,0,UP,4.0,0.0,48,12,56,-62.1,18.604,5.415,1,2,0,7,0,162.0,0.0,0,0,BATTERY,LOAD_SHED,0,1,82.04,92.0,51.3494,51.1727,1.9696,3.94995,3.94995,3.93636,3.93636,0.0,23.0,141.104,3,55.803,,DISCHARGE,0.0,0,,SYNTHETIC,0
power-outage,0,95,2026-09-03T09:01:35Z,2026-09-03T09:01:36Z,2026-09-03T09:01:35Z,2026-09-03T09:01:36Z,site_b,SIM,synthetic_demo,B-WAN-1,UP,1000.0,68.7645,68.25,0.0,22.4,1.7411,0.094,0,UP,4.0,0.0,6,6,38,-62.1,20.833,6.675,0,0,0,32,0,128.0,0.0,0,0,,,,,,,,,,,,,,,,,,,,,0.0,0,,SYNTHETIC,0
power-outage,0,96,2026-09-03T09:01:36Z,2026-09-03T09:01:37Z,2026-09-03T09:01:36Z,2026-09-03T09:01:37Z,site_a,SIM,synthetic_demo,A-WAN-1,UP,1000.0,105.0466,104.57,0.0,16.69,0.4292,0.104,0,UP,4.0,0.0,48,12,71,-61.3,20.902,6.219,0,2,0,7,0,152.0,0.0,0,0,LOAD_SHED,LOAD_SHED,0,1,82.01,92.0,51.3492,51.1719,1.9767,3.94994,3.94994,3.9363,3.9363,0.0,23.2,141.611,3,55.786,,DISCHARGE,0.0,0,,SYNTHETIC,0
power-outage,0,96,2026-09-03T09:01:36Z,2026-09-03T09:01:37Z,2026-09-03T09:01:36Z,2026-09-03T09:01:37Z,site_b,SIM,synthetic_demo,B-WAN-1,UP,1000.0,61.9457,61.67,0.0,22.75,1.8264,0.12,0,UP,4.0,0.0,6,6,79,-59.5,32.147,9.156,0,0,0,32,0,89.0,0.0,0,0,,,,,,,,,,,,,,,,,,,,,0.0,0,,SYNTHETIC,0
power-outage,0,97,2026-09-03T09:01:37Z,2026-09-03T09:01:38Z,2026-09-03T09:01:37Z,2026-09-03T09:01:38Z,site_a,SIM,synthetic_demo,A-WAN-1,UP,1000.0,122.022,123.06,0.0,16.09,0.3121,0.09,0,UP,4.0,0.0,48,12,42,-60.7,16.072,4.8,0,2,0,7,0,141.0,0.0,0,0,LOAD_SHED,LOAD_SHED,0,1,82.06,92.0,51.3491,51.1724,1.9695,3.94993,3.94993,3.93634,3.93634,0.0,23.1,141.097,3,55.802,,DISCHARGE,0.0,0,,SYNTHETIC,0
power-outage,0,97,2026-09-03T09:01:37Z,2026-09-03T09:01:38Z,2026-09-03T09:01:37Z,2026-09-03T09:01:38Z,site_b,SIM,synthetic_demo,B-WAN-1,UP,1000.0,53.2486,53.63,0.0,24.82,3.4801,0.083,0,UP,4.0,0.0,6,6,31,-61.8,17.886,5.777,1,0,0,32,0,85.0,0.0,0,0,,,,,,,,,,,,,,,,,,,,,0.0,0,,SYNTHETIC,0
power-outage,0,98,2026-09-03T09:01:38Z,2026-09-03T09:01:39Z,2026-09-03T09:01:38Z,2026-09-03T09:01:39Z,site_a,SIM,synthetic_demo,A-WAN-1,UP,1000.0,167.5635,167.36,0.0,16.52,0.5809,0.124,0,UP,4.0,0.0,48,12,49,-62.9,17.739,5.61,0,3,0,7,0,216.0,0.0,0,0,LOAD_SHED,LOAD_SHED,0,1,82.08,92.0,51.3489,51.173,1.9612,3.94992,3.94992,3.93638,3.93638,0.0,23.1,140.501,3,55.82,,DISCHARGE,0.0,0,,SYNTHETIC,0
power-outage,0,98,2026-09-03T09:01:38Z,2026-09-03T09:01:39Z,2026-09-03T09:01:38Z,2026-09-03T09:01:39Z,site_b,SIM,synthetic_demo,B-WAN-1,UP,1000.0,78.4431,78.3,0.0,23.04,1.9719,0.107,0,UP,4.0,0.0,6,6,55,-59.8,26.107,7.462,0,0,0,32,0,55.0,0.0,0,0,,,,,,,,,,,,,,,,,,,,,0.0,0,,SYNTHETIC,0
power-outage,0,99,2026-09-03T09:01:39Z,2026-09-03T09:01:40Z,2026-09-03T09:01:39Z,2026-09-03T09:01:40Z,site_a,SIM,synthetic_demo,A-WAN-1,UP,1000.0,144.1539,143.89,0.0,16.86,0.923,0.064,0,UP,4.0,0.0,48,12,61,-61.9,19.839,5.916,1,2,0,7,0,142.0,0.0,0,0,LOAD_SHED,LOAD_SHED,0,1,82.12,92.0,51.3487,51.1691,2.0024,3.9499,3.9499,3.93609,3.93609,0.0,23.0,143.445,3,55.726,,DISCHARGE,0.0,0,,SYNTHETIC,0
power-outage,0,99,2026-09-03T09:01:39Z,2026-09-03T09:01:40Z,2026-09-03T09:01:39Z,2026-09-03T09:01:40Z,site_b,SIM,synthetic_demo,B-WAN-1,UP,1000.0,66.8356,67.18,0.0,23.01,1.1535,0.106,0,UP,4.0,0.0,6,6,51,-63.1,23.833,6.786,0,0,0,32,0,49.0,0.0,0,0,,,,,,,,,,,,,,,,,,,,,0.0,0,,SYNTHETIC,0
power-outage,0,100,2026-09-03T09:01:40Z,2026-09-03T09:01:41Z,2026-09-03T09:01:40Z,2026-09-03T09:01:41Z,site_a,SIM,synthetic_demo,A-WAN-1,UP,1000.0,133.4784,132.44,0.0,15.78,0.4318,0.097,0,UP,4.0,0.0,48,12,57,-59.8,17.858,5.396,0,4,0,7,0,199.0,0.0,0,0,LOAD_SHED,LOAD_SHED,0,1,82.14,92.0,51.3486,51.1721,1.9678,3.94989,3.94989,3.93631,3.93631,0.0,23.2,140.976,3,55.803,,DISCHARGE,0.0,0,,SYNTHETIC,0
power-outage,0,100,2026-09-03T09:01:40Z,2026-09-03T09:01:41Z,2026-09-03T09:01:40Z,2026-09-03T09:01:41Z,site_b,SIM,synthetic_demo,B-WAN-1,UP,1000.0,46.9026,45.51,0.0,21.16,0.2278,0.118,0,UP,4.0,0.0,6,6,45,-63.0,22.528,6.572,0,1,0,32,0,57.0,0.0,0,0,,,,,,,,,,,,,,,,,,,,,0.0,0,,SYNTHETIC,0
power-outage,0,101,2026-09-03T09:01:41Z,2026-09-03T09:01:42Z,2026-09-03T09:01:41Z,2026-09-03T09:01:42Z,site_a,SIM,synthetic_demo,A-WAN-1,UP,1000.0,123.9122,123.95,0.0,17.67,1.6145,0.093,0,UP,4.0,0.0,48,12,53,-61.8,17.595,5.409,0,2,0,7,0,194.0,0.0,0,0,LOAD_SHED,LOAD_SHED,0,1,82.01,92.0,51.3484,51.1697,1.9919,3.94988,3.94988,3.93613,3.93613,0.0,23.0,142.696,3,55.748,,DISCHARGE,0.0,0,,SYNTHETIC,0
power-outage,0,101,2026-09-03T09:01:41Z,2026-09-03T09:01:42Z,2026-09-03T09:01:41Z,2026-09-03T09:01:42Z,site_b,SIM,synthetic_demo,B-WAN-1,UP,1000.0,57.6391,56.96,0.0,22.16,1.4846,0.112,0,UP,4.0,0.0,6,6,43,-62.5,22.112,6.736,0,0,0,32,0,87.0,0.0,0,0,,,,,,,,,,,,,,,,,,,,,0.0,0,,SYNTHETIC,0
power-outage,0,102,2026-09-03T09:01:42Z,2026-09-03T09:01:43Z,2026-09-03T09:01:42Z,2026-09-03T09:01:43Z,site_a,SIM,synthetic_demo,A-WAN-1,UP,1000.0,118.5824,118.63,0.0,16.86,1.4428,0.085,0,UP,4.0,0.0,48,12,66,-60.2,19.841,5.574,0,3,0,7,0,229.0,0.0,0,0,LOAD_SHED,LOAD_SHED,0,1,81.99,92.0,51.3483,51.1705,1.9821,3.94987,3.94987,3.93619,3.93619,0.0,23.1,141.995,3,55.769,,DISCHARGE,0.0,0,,SYNTHETIC,0
power-outage,0,102,2026-09-03T09:01:42Z,2026-09-03T09:01:43Z,2026-09-03T09:01:42Z,2026-09-03T09:01:43Z,site_b,SIM,synthetic_demo,B-WAN-1,UP,1000.0,50.7428,50.39,0.0,20.57,0.3603,0.111,0,UP,4.0,0.0,6,6,32,-61.2,17.132,5.708,0,0,0,32,0,52.0,0.0,0,0,,,,,,,,,,,,,,,,,,,,,0.0,0,,SYNTHETIC,0
power-outage,0,103,2026-09-03T09:01:43Z,2026-09-03T09:01:44Z,2026-09-03T09:01:43Z,2026-09-03T09:01:44Z,site_a,SIM,synthetic_demo,A-WAN-1,UP,1000.0,121.3971,122.17,0.0,16.54,0.9309,0.099,0,UP,4.0,0.0,48,12,22,-62.9,14.208,4.586,0,4,0,7,0,212.0,0.0,0,0,LOAD_SHED,LOAD_SHED,0,1,82.06,92.0,51.3481,51.1693,1.993,3.94985,3.94985,3.9361,3.9361,0.0,23.1,142.77,3,55.744,,DISCHARGE,0.0,0,,SYNTHETIC,0
power-outage,0,103,2026-09-03T09:01:43Z,2026-09-03T09:01:44Z,2026-09-03T09:01:43Z,2026-09-03T09:01:44Z,site_b,SIM,synthetic_demo,B-WAN-1,UP,1000.0,51.8796,51.79,0.0,21.11,0.6638,0.082,0,UP,4.0,0.0,6,6,28,-62.7,18.352,6.252,1,0,0,32,0,65.0,0.0,0,0,,,,,,,,,,,,,,,,,,,,,0.0,0,,SYNTHETIC,0
power-outage,0,104,2026-09-03T09:01:44Z,2026-09-03T09:01:45Z,2026-09-03T09:01:44Z,2026-09-03T09:01:45Z,site_a,SIM,synthetic_demo,A-WAN-1,UP,1000.0,114.4681,114.17,0.0,17.76,1.967,0.091,0,UP,4.0,0.0,48,12,63,-62.7,18.331,6.164,0,2,0,7,0,189.0,0.0,0,0,LOAD_SHED,LOAD_SHED,0,1,82.04,92.0,51.3479,51.1703,1.9797,3.94984,3.94984,3.93618,3.93618,0.0,23.1,141.82,3,55.773,,DISCHARGE,0.0,0,,SYNTHETIC,0
power-outage,0,104,2026-09-03T09:01:44Z,2026-09-03T09:01:45Z,2026-09-03T09:01:44Z,2026-09-03T09:01:45Z,site_b,SIM,synthetic_demo,B-WAN-1,UP,1000.0,75.5714,76.29,0.0,21.69,0.4044,0.091,0,UP,4.0,0.0,6,6,56,-61.4,27.115,7.341,0,1,0,32,0,78.0,0.0,0,0,,,,,,,,,,,,,,,,,,,,,0.0,0,,SYNTHETIC,0
power-outage,0,105,2026-09-03T09:01:45Z,2026-09-03T09:01:46Z,2026-09-03T09:01:45Z,2026-09-03T09:01:46Z,site_a,SIM,synthetic_demo,A-WAN-1,UP,1000.0,118.4572,119.3,0.0,15.93,0.4747,0.07,0,UP,4.0,0.0,48,12,42,-61.7,16.933,5.207,0,2,0,7,0,174.0,0.0,0,0,LOAD_SHED,LOAD_SHED,0,1,82.05,92.0,51.3478,51.1708,1.9729,3.94983,3.94983,3.93621,3.93621,0.0,23.1,141.335,3,55.787,,DISCHARGE,0.0,0,,SYNTHETIC,0
power-outage,0,105,2026-09-03T09:01:45Z,2026-09-03T09:01:46Z,2026-09-03T09:01:45Z,2026-09-03T09:01:46Z,site_b,SIM,synthetic_demo,B-WAN-1,UP,1000.0,68.6311,69.01,0.0,21.44,0.7088,0.099,0,UP,4.0,0.0,6,6,55,-63.9,22.529,8.355,0,0,0,32,0,43.0,0.0,0,0,,,,,,,,,,,,,,,,,,,,,0.0,0,,SYNTHETIC,0
power-outage,0,106,2026-09-03T09:01:46Z,2026-09-03T09:01:47Z,2026-09-03T09:01:46Z,2026-09-03T09:01:47Z,site_a,SIM,synthetic_demo,A-WAN-1,UP,1000.0,152.6761,152.03,0.0,16.76,0.5476,0.083,0,UP,4.0,0.0,48,12,47,-62.2,17.397,5.112,0,3,0,7,0,161.0,0.0,0,0,LOAD_SHED,LOAD_SHED,0,1,82.08,92.0,51.3476,51.1646,2.0396,3.94981,3.94981,3.93574,3.93574,0.0,23.1,146.093,3,55.637,,DISCHARGE,0.0,0,,SYNTHETIC,0
power-outage,0,106,2026-09-03T09:01:46Z,2026-09-03T09:01:47Z,2026-09-03T09:01:46Z,2026-09-03T09:01:47Z,site_b,SIM,synthetic_demo,B-WAN-1,UP,1000.0,63.7876,63.21,0.0,23.34,2.9269,0.103,0,UP,4.0,0.0,6,6,51,-62.7,23.634,7.829,0,0,0,32,0,92.0,0.0,0,0,,,,,,,,,,,,,,,,,,,,,0.0,0,,SYNTHETIC,0
power-outage,0,107,2026-09-03T09:01:47Z,2026-09-03T09:01:48Z,2026-09-03T09:01:47Z,2026-09-03T09:01:48Z,site_a,SIM,synthetic_demo,A-WAN-1,UP,1000.0,99.2798,100.02,0.0,17.9,1.7748,0.09,0,UP,4.0,0.0,48,12,44,-60.4,18.507,5.37,0,2,0,7,0,167.0,0.0,0,0,LOAD_SHED,LOAD_SHED,0,1,82.09,92.0,51.3474,51.169,1.9895,3.9498,3.9498,3.93607,3.93607,0.0,23.1,142.52,3,55.748,,DISCHARGE,0.0,0,,SYNTHETIC,0
power-outage,0,107,2026-09-03T09:01:47Z,2026-09-03T09:01:48Z,2026-09-03T09:01:47Z,2026-09-03T09:01:48Z,site_b,SIM,synthetic_demo,B-WAN-1,UP,1000.0,70.2615,70.92,0.0,22.42,1.5262,0.102,0,UP,4.0,0.0,6,6,26,-62.3,20.11,5.531,0,0,0,32,0,62.0,0.0,0,0,,,,,,,,,,,,,,,,,,,,,0.0,0,,SYNTHETIC,0
power-outage,0,108,2026-09-03T09:01:48Z,2026-09-03T09:01:49Z,2026-09-03T09:01:48Z,2026-09-03T09:01:49Z,site_a,SIM,synthetic_demo,A-WAN-1,UP,1000.0,175.9547,176.15,0.0,19.61,2.7666,0.052,0,UP,4.0,0.0,48,12,63,-63.4,19.19,5.973,2,2,0,7,0,299.0,0.0,0,0,LOAD_SHED,LOAD_SHED,0,1,82.04,92.0,51.3473,51.1716,1.9585,3.94979,3.94979,3.93628,3.93628,0.0,23.2,140.305,3,55.817,,DISCHARGE,0.0,0,,SYNTHETIC,0
power-outage,0,108,2026-09-03T09:01:48Z,2026-09-03T09:01:49Z,2026-09-03T09:01:48Z,2026-09-03T09:01:49Z,site_b,SIM,synthetic_demo,B-WAN-1,UP,1000.0,76.3004,75.78,0.0,22.54,1.4082,0.14,0,UP,4.0,0.0,6,6,39,-61.1,21.406,6.807,0,1,0,32,0,72.0,0.0,0,0,,,,,,,,,,,,,,,,,,,,,0.0,0,,SYNTHETIC,0
power-outage,0,109,2026-09-03T09:01:49Z,2026-09-03T09:01:50Z,2026-09-03T09:01:49Z,2026-09-03T09:01:50Z,site_a,SIM,synthetic_demo,A-WAN-1,UP,1000.0,175.514,175.02,0.0,16.79,0.9261,0.049,0,UP,4.0,0.0,48,12,73,-60.7,20.622,5.836,0,2,0,7,0,152.0,0.0,0,0,LOAD_SHED,LOAD_SHED,0,1,82.05,92.0,51.3471,51.1733,1.9373,3.94978,3.94978,3.93641,3.93641,0.0,23.1,138.792,3,55.864,,DISCHARGE,0.0,0,,SYNTHETIC,0
power-outage,0,109,2026-09-03T09:01:49Z,2026-09-03T09:01:50Z,2026-09-03T09:01:49Z,2026-09-03T09:01:50Z,site_b,SIM,synthetic_demo,B-WAN-1,UP,1000.0,138.3738,138.41,0.0,21.25,0.1873,0.112,0,UP,4.0,0.0,6,6,36,-61.3,20.661,5.984,0,0,0,32,0,101.0,0.0,0,0,,,,,,,,,,,,,,,,,,,,,0.0,0,,SYNTHETIC,0
power-outage,0,110,2026-09-03T09:01:50Z,2026-09-03T09:01:51Z,2026-09-03T09:01:50Z,2026-09-03T09:01:51Z,site_a,SIM,synthetic_demo,A-WAN-1,UP,1000.0,116.6398,116.83,0.0,18.4,2.492,0.093,0,UP,4.0,0.0,48,48,156,-61.6,16.011,5.095,1,3,0,7,0,149.0,0.0,0,0,LOAD_SHED,BATTERY,0,1,82.05,92.0,51.3469,51.17,1.9722,3.94976,3.94976,3.93616,3.93616,0.0,23.2,141.28,,700.184,,DISCHARGE,0.0,0,,SYNTHETIC,0
power-outage,0,110,2026-09-03T09:01:50Z,2026-09-03T09:01:51Z,2026-09-03T09:01:50Z,2026-09-03T09:01:51Z,site_b,SIM,synthetic_demo,B-WAN-1,UP,1000.0,88.6499,88.15,0.0,22.82,1.4626,0.101,0,UP,4.0,0.0,6,6,52,-61.6,23.281,7.112,0,0,0,32,0,46.0,0.0,0,0,,,,,,,,,,,,,,,,,,,,,0.0,0,,SYNTHETIC,0
power-outage,0,111,2026-09-03T09:01:51Z,2026-09-03T09:01:52Z,2026-09-03T09:01:51Z,2026-09-03T09:01:52Z,site_a,SIM,synthetic_demo,A-WAN-1,UP,1000.0,163.6816,163.81,0.0,17.47,1.0829,0.105,0,UP,4.0,0.0,48,48,205,-61.6,17.468,5.339,0,1,0,7,0,351.0,0.0,0,0,BATTERY,BATTERY,0,1,81.98,92.0,51.345,49.0192,25.9279,3.94961,3.94961,3.77071,3.77071,0.0,23.1,1779.138,,55.6,OCP_DSG,DISCHARGE,0.0,0,,SYNTHETIC,0
power-outage,0,111,2026-09-03T09:01:51Z,2026-09-03T09:01:52Z,2026-09-03T09:01:51Z,2026-09-03T09:01:52Z,site_b,SIM,synthetic_demo,B-WAN-1,UP,1000.0,76.9401,77.74,0.0,24.02,3.1635,0.112,0,UP,4.0,0.0,6,6,50,-61.4,23.889,7.05,1,0,0,32,0,72.0,0.0,0,0,,,,,,,,,,,,,,,,,,,,,0.0,0,,SYNTHETIC,0
power-outage,0,112,2026-09-03T09:01:52Z,2026-09-03T09:01:53Z,2026-09-03T09:01:52Z,2026-09-03T09:01:53Z,site_a,SIM,synthetic_demo,A-WAN-1,UP,1000.0,110.3029,110.24,0.0,16.65,1.1748,0.102,0,UP,4.0,0.0,48,12,78,-61.1,21.857,6.326,2,1,0,7,0,150.0,0.0,0,0,BATTERY,LOAD_SHED,0,1,82.04,92.0,51.3448,51.1688,1.9619,3.9496,3.9496,3.93606,3.93606,0.0,23.1,140.544,3,55.796,,DISCHARGE,0.0,0,,SYNTHETIC,0
power-outage,0,112,2026-09-03T09:01:52Z,2026-09-03T09:01:53Z,2026-09-03T09:01:52Z,2026-09-03T09:01:53Z,site_b,SIM,synthetic_demo,B-WAN-1,UP,1000.0,73.0346,73.13,0.0,21.84,1.0641,0.129,0,UP,4.0,0.0,6,6,45,-62.4,23.923,7.699,0,0,0,32,0,43.0,0.0,0,0,,,,,,,,,,,,,,,,,,,,,0.0,0,,SYNTHETIC,0
power-outage,0,113,2026-09-03T09:01:53Z,2026-09-03T09:01:54Z,2026-09-03T09:01:53Z,2026-09-03T09:01:54Z,site_a,SIM,synthetic_demo,A-WAN-1,UP,1000.0,148.604,148.89,0.0,16.81,0.5174,0.071,0,UP,4.0,0.0,48,12,31,-63.3,15.927,4.794,1,2,0,7,0,184.0,0.0,0,0,LOAD_SHED,LOAD_SHED,0,1,82.05,92.0,51.3446,51.1666,1.9844,3.94959,3.94959,3.93589,3.93589,0.0,23.1,142.149,3,55.745,,DISCHARGE,0.0,0,,SYNTHETIC,0
power-outage,0,113,2026-09-03T09:01:53Z,2026-09-03T09:01:54Z,2026-09-03T09:01:53Z,2026-09-03T09:01:54Z,site_b,SIM,synthetic_demo,B-WAN-1,UP,1000.0,94.0496,94.83,0.0,22.98,1.4879,0.11,0,UP,4.0,0.0,6,6,42,-60.7,21.287,6.317,0,0,0,32,0,66.0,0.0,0,0,,,,,,,,,,,,,,,,,,,,,0.0,0,,SYNTHETIC,0
power-outage,0,114,2026-09-03T09:01:54Z,2026-09-03T09:01:55Z,2026-09-03T09:01:54Z,2026-09-03T09:01:55Z,site_a,SIM,synthetic_demo,A-WAN-1,UP,1000.0,115.0854,114.87,0.0,18.27,2.2209,0.118,0,UP,4.0,0.0,48,12,74,-61.3,19.75,5.846,0,1,0,7,0,175.0,0.0,0,0,LOAD_SHED,LOAD_SHED,0,1,82.13,92.0,51.3445,51.1687,1.9598,3.94957,3.94957,3.93605,3.93605,0.0,23.1,140.39,3,55.799,,DISCHARGE,0.0,0,,SYNTHETIC,0
power-outage,0,114,2026-09-03T09:01:54Z,2026-09-03T09:01:55Z,2026-09-03T09:01:54Z,2026-09-03T09:01:55Z,site_b,SIM,synthetic_demo,B-WAN-1,UP,1000.0,67.8778,68.13,0.0,22.73,1.2805,0.099,0,UP,4.0,0.0,6,6,55,-60.6,25.306,7.322,0,0,0,32,0,50.0,0.0,0,0,,,,,,,,,,,,,,,,,,,,,0.0,0,,SYNTHETIC,0
power-outage,0,115,2026-09-03T09:01:55Z,2026-09-03T09:01:56Z,2026-09-03T09:01:55Z,2026-09-03T09:01:56Z,site_a,SIM,synthetic_demo,A-WAN-1,UP,1000.0,126.1975,125.17,0.0,17.8,2.037,0.085,0,UP,4.0,0.0,48,12,60,-62.3,19.431,5.494,0,2,0,7,0,107.0,0.0,0,0,LOAD_SHED,LOAD_SHED,0,1,82.04,92.0,51.3443,51.1652,1.997,3.94956,3.94956,3.93578,3.93578,0.0,23.3,143.047,3,55.715,,DISCHARGE,0.0,0,,SYNTHETIC,0
power-outage,0,115,2026-09-03T09:01:55Z,2026-09-03T09:01:56Z,2026-09-03T09:01:55Z,2026-09-03T09:01:56Z,site_b,SIM,synthetic_demo,B-WAN-1,UP,1000.0,102.1336,101.62,0.0,21.65,0.8505,12.33,0,UP,4.0,0.0,6,6,31,-60.3,17.878,5.369,1,2,0,32,0,45.0,0.0,0,0,,,,,,,,,,,,,,,,,,,,,0.15,0,,SYNTHETIC,0
power-outage,0,116,2026-09-03T09:01:56Z,2026-09-03T09:01:57Z,2026-09-03T09:01:56Z,2026-09-03T09:01:57Z,site_a,SIM,synthetic_demo,A-WAN-1,UP,1000.0,146.9543,146.56,0.0,17.25,0.7308,0.079,0,UP,4.0,0.0,48,12,60,-63.9,20.132,5.999,2,2,0,7,0,183.0,0.0,0,0,LOAD_SHED,LOAD_SHED,0,1,82.03,92.0,51.3441,51.1665,1.9802,3.94955,3.94955,3.93589,3.93589,0.0,23.0,141.848,3,55.752,,DISCHARGE,0.0,0,,SYNTHETIC,0
power-outage,0,116,2026-09-03T09:01:56Z,2026-09-03T09:01:57Z,2026-09-03T09:01:56Z,2026-09-03T09:01:57Z,site_b,SIM,synthetic_demo,B-WAN-1,UP,1000.0,70.5344,70.4,0.0,24.44,3.6939,0.12,0,UP,4.0,0.0,6,6,42,-62.7,20.178,6.17,0,0,0,32,0,33.0,0.0,0,0,,,,,,,,,,,,,,,,,,,,,0.0,0,,SYNTHETIC,0
power-outage,0,117,2026-09-03T09:01:57Z,2026-09-03T09:01:58Z,2026-09-03T09:01:57Z,2026-09-03T09:01:58Z,site_a,SIM,synthetic_demo,A-WAN-1,UP,1000.0,147.7508,149.26,0.0,16.27,0.7281,0.08,0,UP,4.0,0.0,48,12,81,-61.2,22.358,5.963,1,2,0,7,0,168.0,0.0,0,0,LOAD_SHED,LOAD_SHED,0,1,82.02,92.0,51.344,51.1602,2.0487,3.94954,3.94954,3.9354,3.9354,0.0,23.1,146.733,3,55.598,,DISCHARGE,0.0,0,,SYNTHETIC,0
power-outage,0,117,2026-09-03T09:01:57Z,2026-09-03T09:01:58Z,2026-09-03T09:01:57Z,2026-09-03T09:01:58Z,site_b,SIM,synthetic_demo,B-WAN-1,UP,1000.0,61.983,62.85,0.0,22.66,1.5375,0.089,0,UP,4.0,0.0,6,6,51,-60.0,25.315,7.318,0,0,0,32,0,59.0,0.0,0,0,,,,,,,,,,,,,,,,,,,,,0.0,0,,SYNTHETIC,0
power-outage,0,118,2026-09-03T09:01:58Z,2026-09-03T09:01:59Z,2026-09-03T09:01:58Z,2026-09-03T09:01:59Z,site_a,SIM,synthetic_demo,A-WAN-1,UP,1000.0,153.0347,154.6,0.0,18.61,3.078,0.092,0,UP,4.0,0.0,48,12,45,-62.1,17.673,5.846,0,2,0,7,0,155.0,0.0,0,0,LOAD_SHED,LOAD_SHED,0,1,82.01,92.0,51.3438,51.1571,2.0813,3.94952,3.94952,3.93516,3.93516,0.0,23.2,149.06,3,55.524,,DISCHARGE,0.0,0,,SYNTHETIC,0
power-outage,0,118,2026-09-03T09:01:58Z,2026-09-03T09:01:59Z,2026-09-03T09:01:58Z,2026-09-03T09:01:59Z,site_b,SIM,synthetic_demo,B-WAN-1,UP,1000.0,50.8523,50.98,0.0,22.28,1.2045,0.1,0,UP,4.0,0.0,6,6,60,-61.5,25.363,7.819,0,0,0,32,0,52.0,0.0,0,0,,,,,,,,,,,,,,,,,,,,,0.0,0,,SYNTHETIC,0
power-outage,0,119,2026-09-03T09:01:59Z,2026-09-03T09:02:00Z,2026-09-03T09:01:59Z,2026-09-03T09:02:00Z,site_a,SIM,synthetic_demo,A-WAN-1,UP,1000.0,124.4996,125.1,0.0,15.87,0.079,0.07,0,UP,4.0,0.0,48,12,59,-62.2,19.339,5.597,0,2,0,7,0,143.0,0.0,0,0,LOAD_SHED,LOAD_SHED,0,1,82.01,92.0,51.3436,51.1636,2.0068,3.94951,3.94951,3.93566,3.93566,0.0,23.1,143.746,3,55.689,,DISCHARGE,0.0,0,,SYNTHETIC,0
power-outage,0,119,2026-09-03T09:01:59Z,2026-09-03T09:02:00Z,2026-09-03T09:01:59Z,2026-09-03T09:02:00Z,site_b,SIM,synthetic_demo,B-WAN-1,UP,1000.0,53.7752,54.34,0.0,22.18,0.8613,0.138,0,UP,4.0,0.0,6,6,66,-63.0,28.986,7.695,0,2,0,32,0,58.0,0.0,0,0,,,,,,,,,,,,,,,,,,,,,0.0,0,,SYNTHETIC,0
power-outage,0,120,2026-09-03T09:02:00Z,2026-09-03T09:02:01Z,2026-09-03T09:02:00Z,2026-09-03T09:02:01Z,site_a,SIM,synthetic_demo,A-WAN-1,UP,1000.0,157.9967,158.07,0.0,18.81,2.9798,0.094,0,UP,4.0,0.0,48,12,75,-60.8,19.781,6.251,0,1,0,7,0,124.0,0.0,0,0,LOAD_SHED,LOAD_SHED,0,1,82.07,92.0,51.3435,51.1602,2.0428,3.9495,3.9495,3.9354,3.9354,0.0,23.2,146.31,3,55.608,,DISCHARGE,0.0,0,,SYNTHETIC,0
power-outage,0,120,2026-09-03T09:02:00Z,2026-09-03T09:02:01Z,2026-09-03T09:02:00Z,2026-09-03T09:02:01Z,site_b,SIM,synthetic_demo,B-WAN-1,UP,1000.0,71.7345,71.15,0.0,25.07,3.3497,0.095,0,UP,4.0,0.0,6,6,41,-59.4,20.662,6.604,0,1,0,32,0,78.0,0.0,0,0,,,,,,,,,,,,,,,,,,,,,0.0,0,,SYNTHETIC,0
power-outage,0,121,2026-09-03T09:02:01Z,2026-09-03T09:02:02Z,2026-09-03T09:02:01Z,2026-09-03T09:02:02Z,site_a,SIM,synthetic_demo,A-WAN-1,UP,1000.0,115.2195,113.95,0.0,16.32,0.7068,0.102,0,UP,4.0,0.0,48,12,39,-62.5,15.618,4.478,0,1,0,7,0,181.0,0.0,0,0,LOAD_SHED,LOAD_SHED,0,1,82.0,92.0,51.3433,51.1665,1.9704,3.94948,3.94948,3.93589,3.93589,0.0,23.1,141.144,3,55.769,,DISCHARGE,0.0,0,,SYNTHETIC,0
power-outage,0,121,2026-09-03T09:02:01Z,2026-09-03T09:02:02Z,2026-09-03T09:02:01Z,2026-09-03T09:02:02Z,site_b,SIM,synthetic_demo,B-WAN-1,UP,1000.0,79.1344,78.09,0.0,21.01,0.1681,0.116,0,UP,4.0,0.0,6,6,29,-63.0,19.004,5.641,0,0,0,32,0,51.0,0.0,0,0,,,,,,,,,,,,,,,,,,,,,0.0,0,,SYNTHETIC,0
power-outage,0,122,2026-09-03T09:02:02Z,2026-09-03T09:02:03Z,2026-09-03T09:02:02Z,2026-09-03T09:02:03Z,site_a,SIM,synthetic_demo,A-WAN-1,UP,1000.0,106.3774,107.5,0.0,17.31,1.3185,0.08,0,UP,4.0,0.0,48,12,32,-62.4,16.378,4.633,0,2,0,7,0,147.0,0.0,0,0,LOAD_SHED,LOAD_SHED,0,1,81.99,92.0,51.3431,51.1634,2.0037,3.94947,3.94947,3.93565,3.93565,0.0,23.2,143.521,3,55.694,,DISCHARGE,0.0,0,,SYNTHETIC,0
power-outage,0,122,2026-09-03T09:02:02Z,2026-09-03T09:02:03Z,2026-09-03T09:02:02Z,2026-09-03T09:02:03Z,site_b,SIM,synthetic_demo,B-WAN-1,UP,1000.0,60.302,59.88,0.0,21.7,0.8898,0.11,0,UP,4.0,0.0,6,6,54,-62.6,24.51,7.513,0,0,0,32,0,65.0,0.0,0,0,,,,,,,,,,,,,,,,,,,,,0.0,0,,SYNTHETIC,0
power-outage,0,123,2026-09-03T09:02:03Z,2026-09-03T09:02:04Z,2026-09-03T09:02:03Z,2026-09-03T09:02:04Z,site_a,SIM,synthetic_demo,A-WAN-1,UP,1000.0,109.4927,109.33,0.0,18.06,2.3135,0.101,0,UP,4.0,0.0,48,12,45,-62.0,16.868,4.9,0,1,0,7,0,141.0,0.0,0,0,LOAD_SHED,LOAD_SHED,0,1,82.0,92.0,51.343,51.1655,1.9786,3.94946,3.94946,3.93581,3.93581,0.0,23.0,141.731,3,55.749,,DISCHARGE,0.0,0,,SYNTHETIC,0
power-outage,0,123,2026-09-03T09:02:03Z,2026-09-03T09:02:04Z,2026-09-03T09:02:03Z,2026-09-03T09:02:04Z,site_b,SIM,synthetic_demo,B-WAN-1,UP,1000.0,74.3833,75.2,0.0,21.71,0.4761,0.108,0,UP,4.0,0.0,6,6,34,-62.0,19.434,6.382,0,1,0,32,0,42.0,0.0,0,0,,,,,,,,,,,,,,,,,,,,,0.0,0,,SYNTHETIC,0
power-outage,0,124,2026-09-03T09:02:04Z,2026-09-03T09:02:05Z,2026-09-03T09:02:04Z,2026-09-03T09:02:05Z,site_a,SIM,synthetic_demo,A-WAN-1,UP,1000.0,132.5812,133.08,0.0,17.61,1.1147,0.101,0,UP,4.0,0.0,48,12,73,-62.6,21.046,6.207,1,1,0,7,0,142.0,0.0,0,0,LOAD_SHED,LOAD_SHED,0,1,82.03,92.0,51.3428,51.1616,2.0196,3.94945,3.94945,3.93551,3.93551,0.0,23.2,144.658,3,55.656,,DISCHARGE,0.0,0,,SYNTHETIC,0
power-outage,0,124,2026-09-03T09:02:04Z,2026-09-03T09:02:05Z,2026-09-03T09:02:04Z,2026-09-03T09:02:05Z,site_b,SIM,synthetic_demo,B-WAN-1,UP,1000.0,60.7284,61.58,0.0,21.3,0.7263,0.08,0,UP,4.0,0.0,6,6,49,-63.6,23.956,7.854,0,0,0,32,0,42.0,0.0,0,0,,,,,,,,,,,,,,,,,,,,,0.0,0,,SYNTHETIC,0
power-outage,0,125,2026-09-03T09:02:05Z,2026-09-03T09:02:06Z,2026-09-03T09:02:05Z,2026-09-03T09:02:06Z,site_a,SIM,synthetic_demo,A-WAN-1,UP,1000.0,111.8871,111.4,0.0,16.75,0.2549,0.095,0,UP,4.0,0.0,48,12,77,-62.5,19.688,6.87,0,2,0,7,0,175.0,0.0,0,0,LOAD_SHED,LOAD_SHED,0,1,82.01,92.0,51.3426,51.1647,1.9831,3.94943,3.94943,3.93575,3.93575,0.0,23.0,142.047,3,55.737,,DISCHARGE,0.0,0,,SYNTHETIC,0
power-outage,0,125,2026-09-03T09:02:05Z,2026-09-03T09:02:06Z,2026-09-03T09:02:05Z,2026-09-03T09:02:06Z,site_b,SIM,synthetic_demo,B-WAN-1,UP,1000.0,77.0777,76.91,0.0,22.39,0.2383,0.123,0,UP,4.0,0.0,6,6,25,-63.0,19.261,5.353,0,0,0,32,0,31.0,0.0,0,0,,,,,,,,,,,,,,,,,,,,,0.0,0,,SYNTHETIC,0
power-outage,0,126,2026-09-03T09:02:06Z,2026-09-03T09:02:07Z,2026-09-03T09:02:06Z,2026-09-03T09:02:07Z,site_a,SIM,synthetic_demo,A-WAN-1,UP,1000.0,114.2039,114.73,0.0,16.76,0.7893,0.108,0,UP,4.0,0.0,48,12,62,-61.3,18.977,5.467,0,2,0,7,0,106.0,0.0,0,0,LOAD_SHED,LOAD_SHED,0,1,81.94,92.0,51.3425,51.1626,2.0049,3.94942,3.94942,3.93559,3.93559,0.0,23.1,143.607,3,55.688,,DISCHARGE,0.0,0,,SYNTHETIC,0
power-outage,0,126,2026-09-03T09:02:06Z,2026-09-03T09:02:07Z,2026-09-03T09:02:06Z,2026-09-03T09:02:07Z,site_b,SIM,synthetic_demo,B-WAN-1,UP,1000.0,69.7538,70.37,0.0,21.43,0.8238,0.094,0,UP,4.0,0.0,6,6,39,-60.5,20.315,6.09,0,0,0,32,0,67.0,0.0,0,0,,,,,,,,,,,,,,,,,,,,,0.0,0,,SYNTHETIC,0
power-outage,0,127,2026-09-03T09:02:07Z,2026-09-03T09:02:08Z,2026-09-03T09:02:07Z,2026-09-03T09:02:08Z,site_a,SIM,synthetic_demo,A-WAN-1,UP,1000.0,116.468,115.61,0.0,17.28,0.2148,0.095,0,UP,4.0,0.0,48,48,130,-61.7,15.546,4.658,0,2,0,7,0,87.0,0.0,0,0,LOAD_SHED,BATTERY,0,1,82.01,92.0,51.3423,51.164,1.988,3.94941,3.94941,3.93569,3.93569,0.0,23.0,142.399,,694.37,,DISCHARGE,0.0,0,,SYNTHETIC,0
power-outage,0,127,2026-09-03T09:02:07Z,2026-09-03T09:02:08Z,2026-09-03T09:02:07Z,2026-09-03T09:02:08Z,site_b,SIM,synthetic_demo,B-WAN-1,UP,1000.0,60.373,60.32,0.0,20.78,0.138,0.081,0,UP,4.0,0.0,6,6,59,-61.6,24.742,7.577,0,0,0,32,0,44.0,0.0,0,0,,,,,,,,,,,,,,,,,,,,,0.0,0,,SYNTHETIC,0
power-outage,0,128,2026-09-03T09:02:08Z,2026-09-03T09:02:09Z,2026-09-03T09:02:08Z,2026-09-03T09:02:09Z,site_a,SIM,synthetic_demo,A-WAN-1,UP,1000.0,125.8319,125.53,0.0,16.06,0.0198,0.083,0,UP,4.0,0.0,48,48,140,-62.2,16.29,4.772,3,1,0,7,0,335.0,0.0,0,0,BATTERY,BATTERY,0,1,82.06,92.0,51.3403,49.0238,25.8255,3.94926,3.94926,3.77106,3.77106,0.0,23.1,1772.282,,55.79,OCP_DSG,DISCHARGE,0.0,0,,SYNTHETIC,0
power-outage,0,128,2026-09-03T09:02:08Z,2026-09-03T09:02:09Z,2026-09-03T09:02:08Z,2026-09-03T09:02:09Z,site_b,SIM,synthetic_demo,B-WAN-1,UP,1000.0,54.9381,55.43,0.0,22.81,1.7513,0.086,0,UP,4.0,0.0,6,6,53,-64.3,23.553,7.344,0,0,0,32,0,46.0,0.0,0,0,,,,,,,,,,,,,,,,,,,,,0.0,0,,SYNTHETIC,0
power-outage,0,129,2026-09-03T09:02:09Z,2026-09-03T09:02:10Z,2026-09-03T09:02:09Z,2026-09-03T09:02:10Z,site_a,SIM,synthetic_demo,A-WAN-1,UP,1000.0,115.0067,114.94,0.0,16.91,1.1436,0.09,0,UP,4.0,0.0,48,12,34,-63.6,17.18,5.076,0,0,0,7,0,248.0,0.0,0,0,BATTERY,LOAD_SHED,0,1,82.04,92.0,51.3402,51.1631,1.9744,3.94924,3.94924,3.93562,3.93562,0.0,23.2,141.419,3,55.744,,DISCHARGE,0.0,0,,SYNTHETIC,0
power-outage,0,129,2026-09-03T09:02:09Z,2026-09-03T09:02:10Z,2026-09-03T09:02:09Z,2026-09-03T09:02:10Z,site_b,SIM,synthetic_demo,B-WAN-1,UP,1000.0,60.2114,59.36,0.0,22.8,1.9184,0.09,0,UP,4.0,0.0,6,6,70,-61.6,27.576,8.705,0,1,0,32,0,60.0,0.0,0,0,,,,,,,,,,,,,,,,,,,,,0.0,0,,SYNTHETIC,0
power-outage,0,130,2026-09-03T09:02:10Z,2026-09-03T09:02:11Z,2026-09-03T09:02:10Z,2026-09-03T09:02:11Z,site_a,SIM,synthetic_demo,A-WAN-1,UP,1000.0,128.9817,130.13,0.0,18.7,2.2794,0.071,0,UP,4.0,0.0,48,12,34,-62.2,17.199,4.051,0,1,0,7,0,179.0,0.0,0,0,LOAD_SHED,LOAD_SHED,0,1,81.97,92.0,51.34,51.1577,2.0326,3.94923,3.94923,3.93521,3.93521,0.0,23.2,145.572,3,55.613,,DISCHARGE,0.0,0,,SYNTHETIC,0
power-outage,0,130,2026-09-03T09:02:10Z,2026-09-03T09:02:11Z,2026-09-03T09:02:10Z,2026-09-03T09:02:11Z,site_b,SIM,synthetic_demo,B-WAN-1,UP,1000.0,59.716,59.31,0.0,23.06,1.7684,0.115,0,UP,4.0,0.0,6,6,71,-61.0,29.38,8.752,1,0,0,32,0,42.0,0.0,0,0,,,,,,,,,,,,,,,,,,,,,0.0,0,,SYNTHETIC,0
power-outage,0,131,2026-09-03T09:02:11Z,2026-09-03T09:02:12Z,2026-09-03T09:02:11Z,2026-09-03T09:02:12Z,site_a,SIM,synthetic_demo,A-WAN-1,UP,1000.0,103.9306,102.88,0.0,17.73,1.24,0.06,0,UP,4.0,0.0,48,12,52,-62.3,17.368,5.57,1,0,0,7,0,105.0,0.0,0,0,LOAD_SHED,LOAD_SHED,0,1,81.93,92.0,51.3398,51.1637,1.9637,3.94922,3.94922,3.93567,3.93567,0.0,23.1,140.657,3,55.766,,DISCHARGE,0.0,0,,SYNTHETIC,0
power-outage,0,131,2026-09-03T09:02:11Z,2026-09-03T09:02:12Z,2026-09-03T09:02:11Z,2026-09-03T09:02:12Z,site_b,SIM,synthetic_demo,B-WAN-1,UP,1000.0,60.3984,60.98,0.0,22.49,1.4661,0.099,0,UP,4.0,0.0,6,6,57,-64.0,25.847,8.137,0,0,0,32,0,58.0,0.0,0,0,,,,,,,,,,,,,,,,,,,,,0.0,0,,SYNTHETIC,0
power-outage,0,132,2026-09-03T09:02:12Z,2026-09-03T09:02:13Z,2026-09-03T09:02:12Z,2026-09-03T09:02:13Z,site_a,SIM,synthetic_demo,A-WAN-1,UP,1000.0,110.5827,109.82,0.0,15.84,0.3467,0.068,0,UP,4.0,0.0,48,12,85,-63.8,21.107,6.807,0,0,0,7,0,160.0,0.0,0,0,LOAD_SHED,LOAD_SHED,0,1,82.05,92.0,51.3397,51.164,1.9583,3.94921,3.94921,3.93569,3.93569,0.0,23.1,140.27,3,55.777,,DISCHARGE,0.0,0,,SYNTHETIC,0
power-outage,0,132,2026-09-03T09:02:12Z,2026-09-03T09:02:13Z,2026-09-03T09:02:12Z,2026-09-03T09:02:13Z,site_b,SIM,synthetic_demo,B-WAN-1,UP,1000.0,81.3819,81.73,0.0,21.24,0.3923,0.078,0,UP,4.0,0.0,6,6,60,-62.8,24.598,7.487,0,0,0,32,0,66.0,0.0,0,0,,,,,,,,,,,,,,,,,,,,,0.0,0,,SYNTHETIC,0
power-outage,0,133,2026-09-03T09:02:13Z,2026-09-03T09:02:14Z,2026-09-03T09:02:13Z,2026-09-03T09:02:14Z,site_a,SIM,synthetic_demo,A-WAN-1,UP,1000.0,122.4814,123.0,0.0,19.21,3.0818,0.073,0,UP,4.0,0.0,48,12,85,-60.3,21.459,6.65,0,0,0,7,0,164.0,0.0,0,0,LOAD_SHED,LOAD_SHED,0,1,81.95,92.0,51.3395,51.1622,1.9764,3.94919,3.94919,3.93556,3.93556,0.0,23.2,141.564,3,55.736,,DISCHARGE,0.0,0,,SYNTHETIC,0
power-outage,0,133,2026-09-03T09:02:13Z,2026-09-03T09:02:14Z,2026-09-03T09:02:13Z,2026-09-03T09:02:14Z,site_b,SIM,synthetic_demo,B-WAN-1,UP,1000.0,63.8109,62.72,0.0,23.7,1.6055,0.086,0,UP,4.0,0.0,6,6,50,-62.7,23.831,6.908,0,0,0,32,0,64.0,0.0,0,0,,,,,,,,,,,,,,,,,,,,,0.0,0,,SYNTHETIC,0
power-outage,0,134,2026-09-03T09:02:14Z,2026-09-03T09:02:15Z,2026-09-03T09:02:14Z,2026-09-03T09:02:15Z,site_a,SIM,synthetic_demo,A-WAN-1,UP,1000.0,131.7711,131.46,0.0,18.47,2.5185,0.05,0,UP,4.0,0.0,48,12,37,-61.0,15.868,4.49,1,1,0,7,0,96.0,0.0,0,0,LOAD_SHED,LOAD_SHED,0,1,82.08,92.0,51.3393,51.1591,2.0092,3.94918,3.94918,3.93532,3.93532,0.0,23.1,143.903,3,55.661,,DISCHARGE,0.0,0,,SYNTHETIC,0
power-outage,0,134,2026-09-03T09:02:14Z,2026-09-03T09:02:15Z,2026-09-03T09:02:14Z,2026-09-03T09:02:15Z,site_b,SIM,synthetic_demo,B-WAN-1,UP,1000.0,75.8751,75.98,0.0,24.85,3.1205,0.074,0,UP,4.0,0.0,6,6,49,-60.3,22.447,7.55,0,0,0,32,0,57.0,0.0,0,0,,,,,,,,,,,,,,,,,,,,,0.0,0,,SYNTHETIC,0
power-outage,0,135,2026-09-03T09:02:15Z,2026-09-03T09:02:16Z,2026-09-03T09:02:15Z,2026-09-03T09:02:16Z,site_a,SIM,synthetic_demo,A-WAN-1,UP,1000.0,137.7321,138.34,0.0,16.58,0.1403,0.083,0,UP,4.0,0.0,48,12,48,-61.7,17.1,5.304,0,1,0,7,0,147.0,0.0,0,0,LOAD_SHED,LOAD_SHED,0,1,81.92,92.0,51.3392,51.1639,1.9539,3.94917,3.94917,3.93569,3.93569,0.0,23.2,139.953,3,55.785,,DISCHARGE,0.0,0,,SYNTHETIC,0
power-outage,0,135,2026-09-03T09:02:15Z,2026-09-03T09:02:16Z,2026-09-03T09:02:15Z,2026-09-03T09:02:16Z,site_b,SIM,synthetic_demo,B-WAN-1,UP,1000.0,73.5973,74.19,0.0,20.96,0.0297,0.052,0,UP,4.0,0.0,6,6,25,-60.3,17.509,5.348,1,0,0,32,0,60.0,0.0,0,0,,,,,,,,,,,,,,,,,,,,,0.0,0,,SYNTHETIC,0
power-outage,0,136,2026-09-03T09:02:16Z,2026-09-03T09:02:17Z,2026-09-03T09:02:16Z,2026-09-03T09:02:17Z,site_a,SIM,synthetic_demo,A-WAN-1,UP,1000.0,118.5846,118.36,0.0,16.6,0.5853,0.104,0,UP,4.0,0.0,48,12,54,-60.5,18.686,5.352,0,0,0,7,0,122.0,0.0,0,0,LOAD_SHED,LOAD_SHED,0,1,82.03,92.0,51.339,51.1548,2.0541,3.94915,3.94915,3.93498,3.93498,0.0,23.2,147.107,3,55.559,,DISCHARGE,0.0,0,,SYNTHETIC,0
power-outage,0,136,2026-09-03T09:02:16Z,2026-09-03T09:02:17Z,2026-09-03T09:02:16Z,2026-09-03T09:02:17Z,site_b,SIM,synthetic_demo,B-WAN-1,UP,1000.0,87.3942,87.76,0.0,22.74,1.9775,0.101,0,UP,4.0,0.0,6,6,48,-61.6,23.983,7.364,0,0,0,32,0,74.0,0.0,0,0,,,,,,,,,,,,,,,,,,,,,0.0,0,,SYNTHETIC|STALE,0
power-outage,0,137,2026-09-03T09:02:17Z,2026-09-03T09:02:18Z,2026-09-03T09:02:17Z,2026-09-03T09:02:18Z,site_a,SIM,synthetic_demo,A-WAN-1,UP,1000.0,129.4152,129.26,0.0,18.62,2.6624,0.109,0,UP,4.0,0.0,48,12,65,-62.387,20.298,6.367,0,0,0,7,0,128.0,0.0,0,0,LOAD_SHED,LOAD_SHED,0,1,82.01,92.0,51.3388,51.1574,2.0231,3.94914,3.94914,3.93518,3.93518,0.0,23.2,144.894,3,55.628,,DISCHARGE,0.0,0,,SYNTHETIC|STALE,0
power-outage,0,137,2026-09-03T09:02:17Z,2026-09-03T09:02:18Z,2026-09-03T09:02:17Z,2026-09-03T09:02:18Z,site_b,SIM,synthetic_demo,B-WAN-1,UP,1000.0,79.2891,78.98,0.0,21.7,0.4804,0.139,0,UP,4.0,0.0,6,6,25,-62.387,17.682,4.522,0,0,0,32,0,70.0,0.0,0,0,,,,,,,,,,,,,,,,,,,,,0.0,0,,SYNTHETIC|STALE,0
power-outage,0,138,2026-09-03T09:02:18Z,2026-09-03T09:02:19Z,2026-09-03T09:02:18Z,2026-09-03T09:02:19Z,site_a,SIM,synthetic_demo,A-WAN-1,UP,1000.0,117.9009,118.08,0.0,16.62,0.5652,0.123,0,UP,4.0,0.0,48,12,55,-62.387,19.7,5.897,0,0,0,7,0,162.0,0.0,0,0,LOAD_SHED,LOAD_SHED,0,1,81.96,92.0,51.3387,51.1637,1.9508,3.94913,3.94913,3.93567,3.93567,0.0,23.2,139.734,3,55.789,,DISCHARGE,0.0,0,,SYNTHETIC|STALE,0
power-outage,0,138,2026-09-03T09:02:18Z,2026-09-03T09:02:19Z,2026-09-03T09:02:18Z,2026-09-03T09:02:19Z,site_b,SIM,synthetic_demo,B-WAN-1,UP,1000.0,68.7472,68.73,0.0,24.02,2.5645,0.133,0,UP,4.0,0.0,6,6,23,-62.387,17.776,5.174,0,0,0,32,0,63.0,0.0,0,0,,,,,,,,,,,,,,,,,,,,,0.0,0,,SYNTHETIC|STALE,0
power-outage,0,139,2026-09-03T09:02:19Z,2026-09-03T09:02:20Z,2026-09-03T09:02:19Z,2026-09-03T09:02:20Z,site_a,SIM,synthetic_demo,A-WAN-1,UP,1000.0,112.807,112.53,0.0,17.66,1.9865,0.073,0,UP,4.0,0.0,48,12,79,-62.387,21.594,6.459,2,1,0,7,0,184.0,0.0,0,0,LOAD_SHED,LOAD_SHED,0,1,82.0,92.0,51.3385,51.1612,1.9764,3.94912,3.94912,3.93548,3.93548,0.0,23.2,141.562,3,55.731,,DISCHARGE,0.0,0,,SYNTHETIC|STALE,0
power-outage,0,139,2026-09-03T09:02:19Z,2026-09-03T09:02:20Z,2026-09-03T09:02:19Z,2026-09-03T09:02:20Z,site_b,SIM,synthetic_demo,B-WAN-1,UP,1000.0,81.3517,81.06,0.0,23.49,1.8514,0.142,0,UP,4.0,0.0,6,6,19,-62.387,15.519,4.581,0,2,0,32,0,64.0,0.0,0,0,,,,,,,,,,,,,,,,,,,,,0.0,0,,SYNTHETIC|STALE,0
power-outage,0,140,2026-09-03T09:02:20Z,2026-09-03T09:02:21Z,2026-09-03T09:02:20Z,2026-09-03T09:02:21Z,site_a,SIM,synthetic_demo,A-WAN-1,UP,1000.0,110.5085,111.11,0.0,16.1,0.3188,0.112,0,UP,4.0,0.0,48,12,79,-62.387,18.78,6.365,0,0,0,7,0,192.0,0.0,0,0,LOAD_SHED,LOAD_SHED,0,1,82.01,92.0,51.3383,51.1586,2.0037,3.9491,3.9491,3.93528,3.93528,0.0,23.1,143.506,3,55.669,,DISCHARGE,0.0,0,,SYNTHETIC|STALE,0
power-outage,0,140,2026-09-03T09:02:20Z,2026-09-03T09:02:21Z,2026-09-03T09:02:20Z,2026-09-03T09:02:21Z,site_b,SIM,synthetic_demo,B-WAN-1,UP,1000.0,72.0656,73.2,0.0,20.59,0.0173,0.106,0,UP,4.0,0.0,6,6,45,-59.3,20.733,6.302,0,0,0,32,0,67.0,0.0,0,0,,,,,,,,,,,,,,,,,,,,,0.0,0,,SYNTHETIC,0
power-outage,0,141,2026-09-03T09:02:21Z,2026-09-03T09:02:22Z,2026-09-03T09:02:21Z,2026-09-03T09:02:22Z,site_a,SIM,synthetic_demo,A-WAN-1,UP,1000.0,123.6346,122.97,0.0,17.25,2.0179,0.086,0,UP,4.0,0.0,48,12,37,-61.5,17.099,4.546,1,0,0,7,0,171.0,0.0,0,0,LOAD_SHED,LOAD_SHED,0,1,82.06,92.0,51.3382,51.1617,1.9676,3.94909,3.94909,3.93551,3.93551,0.0,23.3,140.928,3,55.749,,DISCHARGE,0.0,0,,SYNTHETIC,0
power-outage,0,141,2026-09-03T09:02:21Z,2026-09-03T09:02:22Z,2026-09-03T09:02:21Z,2026-09-03T09:02:22Z,site_b,SIM,synthetic_demo,B-WAN-1,UP,1000.0,73.935,73.88,0.0,22.71,2.0188,0.088,0,UP,4.0,0.0,6,6,38,-61.9,17.234,6.249,0,1,0,32,0,75.0,0.0,0,0,,,,,,,,,,,,,,,,,,,,,0.0,0,,SYNTHETIC,0
power-outage,0,142,2026-09-03T09:02:22Z,2026-09-03T09:02:23Z,2026-09-03T09:02:22Z,2026-09-03T09:02:23Z,site_a,SIM,synthetic_demo,A-WAN-1,UP,1000.0,129.7227,130.36,0.0,18.66,2.1779,0.072,0,UP,4.0,0.0,48,12,106,-61.1,24.062,7.656,0,0,0,7,0,239.0,0.0,0,0,LOAD_SHED,LOAD_SHED,0,1,81.94,92.0,51.338,51.1554,2.0354,3.94908,3.94908,3.93503,3.93503,0.0,23.3,145.767,3,55.596,,DISCHARGE,0.0,0,,SYNTHETIC,0
power-outage,0,142,2026-09-03T09:02:22Z,2026-09-03T09:02:23Z,2026-09-03T09:02:22Z,2026-09-03T09:02:23Z,site_b,SIM,synthetic_demo,B-WAN-1,UP,1000.0,72.7255,73.11,0.0,23.71,2.298,0.12,0,UP,4.0,0.0,6,6,37,-62.5,23.245,6.044,1,0,0,32,0,44.0,0.0,0,0,,,,,,,,,,,,,,,,,,,,,0.0,0,,SYNTHETIC,0
power-outage,0,143,2026-09-03T09:02:23Z,2026-09-03T09:02:24Z,2026-09-03T09:02:23Z,2026-09-03T09:02:24Z,site_a,SIM,synthetic_demo,A-WAN-1,UP,1000.0,143.5335,143.41,0.0,17.46,1.8646,0.07,0,UP,4.0,0.0,48,12,34,-63.4,15.752,5.515,0,1,0,7,0,124.0,0.0,0,0,LOAD_SHED,LOAD_SHED,0,1,81.97,92.0,51.3378,51.1555,2.0326,3.94906,3.94906,3.93504,3.93504,0.0,23.2,145.572,3,55.601,,DISCHARGE,0.0,0,,SYNTHETIC,0
power-outage,0,143,2026-09-03T09:02:23Z,2026-09-03T09:02:24Z,2026-09-03T09:02:23Z,2026-09-03T09:02:24Z,site_b,SIM,synthetic_demo,B-WAN-1,UP,1000.0,70.5271,70.66,0.0,22.33,2.0252,0.092,0,UP,4.0,0.0,6,6,53,-60.3,22.013,7.254,0,1,0,32,0,32.0,0.0,0,0,,,,,,,,,,,,,,,,,,,,,0.0,0,,SYNTHETIC,0
power-outage,0,144,2026-09-03T09:02:24Z,2026-09-03T09:02:25Z,2026-09-03T09:02:24Z,2026-09-03T09:02:25Z,site_a,SIM,synthetic_demo,A-WAN-1,UP,1000.0,123.4182,122.74,0.0,16.28,0.1853,0.07,0,UP,4.0,0.0,48,48,224,-60.9,18.033,5.392,1,2,0,7,0,154.0,0.0,0,0,LOAD_SHED,BATTERY,0,1,82.0,92.0,51.3377,51.1575,2.0088,3.94905,3.94905,3.93519,3.93519,0.0,23.2,143.869,,686.97,,DISCHARGE,0.0,0,,SYNTHETIC,0
power-outage,0,144,2026-09-03T09:02:24Z,2026-09-03T09:02:25Z,2026-09-03T09:02:24Z,2026-09-03T09:02:25Z,site_b,SIM,synthetic_demo,B-WAN-1,UP,1000.0,74.2706,73.89,0.0,24.26,3.0696,0.083,0,UP,4.0,0.0,6,6,77,-61.1,29.86,9.816,0,0,0,32,0,49.0,0.0,0,0,,,,,,,,,,,,,,,,,,,,,0.0,0,,SYNTHETIC,0
power-outage,0,145,2026-09-03T09:02:25Z,2026-09-03T09:02:26Z,2026-09-03T09:02:25Z,2026-09-03T09:02:26Z,site_a,SIM,synthetic_demo,A-WAN-1,UP,1000.0,108.1256,109.47,0.0,16.51,0.4957,0.116,0,UP,4.0,0.0,48,48,260,-61.9,18.801,6.155,1,4,0,7,0,127.0,0.0,0,0,BATTERY,BATTERY,0,1,81.93,92.0,51.3357,49.0198,25.8184,3.9489,3.9489,3.77075,3.77075,0.0,23.2,1771.651,,55.785,OCP_DSG,DISCHARGE,0.0,0,,SYNTHETIC,0
power-outage,0,145,2026-09-03T09:02:25Z,2026-09-03T09:02:26Z,2026-09-03T09:02:25Z,2026-09-03T09:02:26Z,site_b,SIM,synthetic_demo,B-WAN-1,UP,1000.0,112.3713,111.76,0.0,21.42,0.4543,0.06,0,UP,4.0,0.0,6,6,51,-61.6,24.586,7.569,1,1,0,32,0,33.0,0.0,0,0,,,,,,,,,,,,,,,,,,,,,0.0,0,,SYNTHETIC,0
power-outage,0,146,2026-09-03T09:02:26Z,2026-09-03T09:02:27Z,2026-09-03T09:02:26Z,2026-09-03T09:02:27Z,site_a,SIM,synthetic_demo,A-WAN-1,UP,1000.0,131.2016,131.22,0.0,16.55,0.8465,0.058,0,UP,4.0,0.0,48,12,42,-60.7,16.643,5.247,0,3,0,7,0,226.0,0.0,0,0,BATTERY,LOAD_SHED,0,1,81.94,92.0,51.3355,51.1534,2.0307,3.94889,3.94889,3.93488,3.93488,0.0,23.2,145.427,3,55.593,,DISCHARGE,0.0,0,,SYNTHETIC,0
power-outage,0,146,2026-09-03T09:02:26Z,2026-09-03T09:02:27Z,2026-09-03T09:02:26Z,2026-09-03T09:02:27Z,site_b,SIM,synthetic_demo,B-WAN-1,UP,1000.0,91.3464,91.6,0.0,22.56,1.1408,0.123,0,UP,4.0,0.0,6,6,35,-64.0,21.462,5.717,1,0,0,32,0,95.0,0.0,0,0,,,,,,,,,,,,,,,,,,,,,0.0,0,,SYNTHETIC,0
power-outage,0,147,2026-09-03T09:02:27Z,2026-09-03T09:02:28Z,2026-09-03T09:02:27Z,2026-09-03T09:02:28Z,site_a,SIM,synthetic_demo,A-WAN-1,UP,1000.0,110.4922,110.63,0.0,17.17,1.3301,0.092,0,UP,4.0,0.0,48,12,56,-63.5,17.421,6.107,0,4,0,7,0,132.0,0.0,0,0,LOAD_SHED,LOAD_SHED,0,1,81.98,92.0,51.3354,51.1523,2.0415,3.94887,3.94887,3.93479,3.93479,0.0,23.2,146.195,3,55.568,,DISCHARGE,0.0,0,,SYNTHETIC,0
power-outage,0,147,2026-09-03T09:02:27Z,2026-09-03T09:02:28Z,2026-09-03T09:02:27Z,2026-09-03T09:02:28Z,site_b,SIM,synthetic_demo,B-WAN-1,UP,1000.0,83.2185,83.41,0.0,22.59,2.1094,0.123,0,UP,4.0,0.0,6,6,36,-63.6,21.547,5.66,0,0,0,32,0,59.0,0.0,0,0,,,,,,,,,,,,,,,,,,,,,0.0,0,,SYNTHETIC,0
power-outage,0,148,2026-09-03T09:02:28Z,2026-09-03T09:02:29Z,2026-09-03T09:02:28Z,2026-09-03T09:02:29Z,site_a,SIM,synthetic_demo,A-WAN-1,UP,1000.0,132.2636,131.35,0.0,18.64,2.4791,0.061,0,UP,4.0,0.0,48,12,59,-61.1,21.137,5.909,1,2,0,7,0,184.0,0.0,0,0,LOAD_SHED,LOAD_SHED,0,1,81.99,92.0,51.3352,51.1564,1.9929,3.94886,3.94886,3.93511,3.93511,0.0,23.2,142.725,3,55.676,,DISCHARGE,0.0,0,,SYNTHETIC,0
power-outage,0,148,2026-09-03T09:02:28Z,2026-09-03T09:02:29Z,2026-09-03T09:02:28Z,2026-09-03T09:02:29Z,site_b,SIM,synthetic_demo,B-WAN-1,UP,1000.0,82.1014,82.85,0.0,21.79,0.6295,0.133,0,UP,4.0,0.0,6,6,50,-60.7,25.337,7.37,0,0,0,32,0,70.0,0.0,0,0,,,,,,,,,,,,,,,,,,,,,0.0,0,,SYNTHETIC,0
power-outage,0,149,2026-09-03T09:02:29Z,2026-09-03T09:02:30Z,2026-09-03T09:02:29Z,2026-09-03T09:02:30Z,site_a,SIM,synthetic_demo,A-WAN-1,UP,1000.0,130.1034,130.75,0.0,18.03,1.751,0.088,0,UP,4.0,0.0,48,12,72,-61.9,20.637,5.974,0,2,0,7,0,127.0,0.0,0,0,LOAD_SHED,LOAD_SHED,0,1,81.95,92.0,51.335,51.1546,2.0111,3.94885,3.94885,3.93497,3.93497,0.0,23.1,144.029,3,55.634,,DISCHARGE,0.0,0,,SYNTHETIC,0
power-outage,0,149,2026-09-03T09:02:29Z,2026-09-03T09:02:30Z,2026-09-03T09:02:29Z,2026-09-03T09:02:30Z,site_b,SIM,synthetic_demo,B-WAN-1,UP,1000.0,116.7964,116.75,0.0,23.08,2.2798,0.111,0,UP,4.0,0.0,6,6,66,-60.5,29.94,8.166,0,0,0,32,0,42.0,0.0,0,0,,,,,,,,,,,,,,,,,,,,,0.0,0,,SYNTHETIC,0
power-outage,0,150,2026-09-03T09:02:30Z,2026-09-03T09:02:31Z,2026-09-03T09:02:30Z,2026-09-03T09:02:31Z,site_a,SIM,synthetic_demo,A-WAN-1,UP,1000.0,172.6449,172.46,0.0,18.28,1.6772,0.082,0,UP,4.0,0.0,48,12,31,-62.2,15.134,4.318,0,2,0,7,0,169.0,0.0,0,0,LOAD_SHED,LOAD_SHED,0,1,81.94,92.0,51.3349,51.1545,2.0111,3.94884,3.94884,3.93496,3.93496,0.0,23.2,144.026,3,55.634,,DISCHARGE,0.0,0,,SYNTHETIC,0
power-outage,0,150,2026-09-03T09:02:30Z,2026-09-03T09:02:31Z,2026-09-03T09:02:30Z,2026-09-03T09:02:31Z,site_b,SIM,synthetic_demo,B-WAN-1,UP,1000.0,91.1241,90.47,0.0,22.05,0.7179,0.118,0,UP,4.0,0.0,6,6,41,-63.9,19.612,6.829,0,0,0,32,0,71.0,0.0,0,0,,,,,,,,,,,,,,,,,,,,,0.0,0,,SYNTHETIC,0
power-outage,0,151,2026-09-03T09:02:31Z,2026-09-03T09:02:32Z,2026-09-03T09:02:31Z,2026-09-03T09:02:32Z,site_a,SIM,synthetic_demo,A-WAN-1,UP,1000.0,127.4703,127.75,0.0,19.34,3.1125,0.103,0,UP,4.0,0.0,48,12,70,-62.5,16.959,6.441,0,2,0,7,0,199.0,0.0,0,0,LOAD_SHED,LOAD_SHED,0,1,81.97,92.0,51.3347,51.1547,2.0067,3.94882,3.94882,3.93498,3.93498,0.0,23.2,143.715,3,55.642,,DISCHARGE,0.0,0,,SYNTHETIC,0
power-outage,0,151,2026-09-03T09:02:31Z,2026-09-03T09:02:32Z,2026-09-03T09:02:31Z,2026-09-03T09:02:32Z,site_b,SIM,synthetic_demo,B-WAN-1,UP,1000.0,73.94,74.4,0.0,22.08,0.609,0.119,0,UP,4.0,0.0,6,6,25,-61.0,18.007,4.58,0,0,0,32,0,48.0,0.0,0,0,,,,,,,,,,,,,,,,,,,,,0.0,0,,SYNTHETIC,0
power-outage,0,152,2026-09-03T09:02:32Z,2026-09-03T09:02:33Z,2026-09-03T09:02:32Z,2026-09-03T09:02:33Z,site_a,SIM,synthetic_demo,A-WAN-1,UP,1000.0,133.2583,132.63,0.0,17.83,1.8897,0.083,0,UP,4.0,0.0,48,12,64,-61.1,20.641,5.743,1,2,0,7,0,178.0,0.0,0,0,LOAD_SHED,LOAD_SHED,0,1,81.96,92.0,51.3345,51.1566,1.9835,3.94881,3.94881,3.93512,3.93512,0.0,23.1,142.054,3,55.694,,DISCHARGE,0.0,0,,SYNTHETIC,0
power-outage,0,152,2026-09-03T09:02:32Z,2026-09-03T09:02:33Z,2026-09-03T09:02:32Z,2026-09-03T09:02:33Z,site_b,SIM,synthetic_demo,B-WAN-1,UP,1000.0,88.7242,88.28,0.0,22.08,0.9557,0.107,0,UP,4.0,0.0,6,6,30,-61.2,16.364,5.65,0,0,0,32,0,69.0,0.0,0,0,,,,,,,,,,,,,,,,,,,,,0.0,0,,SYNTHETIC,0
power-outage,0,153,2026-09-03T09:02:33Z,2026-09-03T09:02:34Z,2026-09-03T09:02:33Z,2026-09-03T09:02:34Z,site_a,SIM,synthetic_demo,A-WAN-1,UP,1000.0,134.1777,134.73,0.0,16.89,0.4031,0.071,0,UP,4.0,0.0,48,12,56,-62.0,18.374,5.548,1,2,0,7,0,146.0,0.0,0,0,LOAD_SHED,LOAD_SHED,0,1,81.93,92.0,51.3344,51.1582,1.9638,3.9488,3.9488,3.93525,3.93525,0.0,23.1,140.65,3,55.737,,DISCHARGE,0.0,0,,SYNTHETIC,0
power-outage,0,153,2026-09-03T09:02:33Z,2026-09-03T09:02:34Z,2026-09-03T09:02:33Z,2026-09-03T09:02:34Z,site_b,SIM,synthetic_demo,B-WAN-1,UP,1000.0,79.5839,80.37,0.0,22.68,1.6548,0.094,0,UP,4.0,0.0,6,6,37,-61.7,19.295,5.679,0,0,0,32,0,49.0,0.0,0,0,,,,,,,,,,,,,,,,,,,,,0.0,0,,SYNTHETIC,0
power-outage,0,154,2026-09-03T09:02:34Z,2026-09-03T09:02:35Z,2026-09-03T09:02:34Z,2026-09-03T09:02:35Z,site_a,SIM,synthetic_demo,A-WAN-1,UP,1000.0,116.6621,116.87,0.0,16.67,0.8505,0.083,0,UP,4.0,0.0,48,12,41,,15.589,4.888,0,2,0,7,0,85.0,0.0,0,0,LOAD_SHED,LOAD_SHED,0,1,81.91,92.0,51.3342,51.1538,2.0117,3.94878,3.94878,3.9349,3.9349,0.0,23.2,144.068,3,55.629,,DISCHARGE,0.0,0,,SYNTHETIC|GAP|MISSING_MAR,0
power-outage,0,154,2026-09-03T09:02:34Z,2026-09-03T09:02:35Z,2026-09-03T09:02:34Z,2026-09-03T09:02:35Z,site_b,SIM,synthetic_demo,B-WAN-1,UP,1000.0,83.9997,85.09,0.0,24.1,2.9956,0.106,0,UP,4.0,0.0,6,6,30,-60.3,16.69,6.151,0,0,0,32,0,61.0,0.0,0,0,,,,,,,,,,,,,,,,,,,,,0.0,0,,SYNTHETIC,0
power-outage,0,155,2026-09-03T09:02:35Z,2026-09-03T09:02:36Z,2026-09-03T09:02:35Z,2026-09-03T09:02:36Z,site_a,SIM,synthetic_demo,A-WAN-1,UP,1000.0,112.3741,113.49,0.0,18.88,2.848,0.093,0,UP,4.0,0.0,48,12,44,-61.3,16.811,5.104,0,2,0,7,0,146.0,0.0,0,0,LOAD_SHED,LOAD_SHED,0,1,82.05,92.0,51.334,51.1548,1.9984,3.94877,3.94877,3.93498,3.93498,0.0,23.3,143.117,3,55.658,,DISCHARGE,0.0,0,,SYNTHETIC,0
power-outage,0,155,2026-09-03T09:02:35Z,2026-09-03T09:02:36Z,2026-09-03T09:02:35Z,2026-09-03T09:02:36Z,site_b,SIM,synthetic_demo,B-WAN-1,UP,1000.0,100.5972,100.26,0.0,23.0,2.3305,0.093,0,UP,4.0,0.0,6,6,38,-62.5,20.703,6.36,1,0,0,32,0,70.0,0.0,0,0,,,,,,,,,,,,,,,,,,,,,0.0,0,,SYNTHETIC,0
power-outage,0,156,2026-09-03T09:02:36Z,2026-09-03T09:02:37Z,2026-09-03T09:02:36Z,2026-09-03T09:02:37Z,site_a,SIM,synthetic_demo,A-WAN-1,UP,1000.0,104.3077,103.78,0.0,17.69,1.5592,0.107,0,UP,4.0,0.0,48,12,35,-61.6,16.401,4.729,1,2,0,7,0,152.0,0.0,0,0,LOAD_SHED,LOAD_SHED,0,1,81.97,92.0,51.3339,51.156,1.9831,3.94876,3.94876,3.93508,3.93508,0.0,23.3,142.024,3,55.691,,DISCHARGE,0.0,0,,SYNTHETIC,0
power-outage,0,156,2026-09-03T09:02:36Z,2026-09-03T09:02:37Z,2026-09-03T09:02:36Z,2026-09-03T09:02:37Z,site_b,SIM,synthetic_demo,B-WAN-1,UP,1000.0,76.6089,76.99,0.0,23.42,2.1355,0.095,0,UP,4.0,0.0,6,6,43,-60.9,21.208,6.998,0,1,0,32,0,48.0,0.0,0,0,,,,,,,,,,,,,,,,,,,,,0.0,0,,SYNTHETIC,0
power-outage,0,157,2026-09-03T09:02:37Z,2026-09-03T09:02:38Z,2026-09-03T09:02:37Z,2026-09-03T09:02:38Z,site_a,SIM,synthetic_demo,A-WAN-1,UP,1000.0,127.9767,128.31,0.0,15.9,0.4172,0.07,0,UP,4.0,0.0,48,12,45,-62.0,17.948,5.43,0,4,0,7,0,156.0,0.0,0,0,LOAD_SHED,LOAD_SHED,0,1,81.95,92.0,51.3337,51.1559,1.9823,3.94875,3.94875,3.93507,3.93507,0.0,23.1,141.966,3,55.692,,DISCHARGE,0.0,0,,SYNTHETIC,0
power-outage,0,157,2026-09-03T09:02:37Z,2026-09-03T09:02:38Z,2026-09-03T09:02:37Z,2026-09-03T09:02:38Z,site_b,SIM,synthetic_demo,B-WAN-1,UP,1000.0,92.7417,92.59,0.0,21.75,1.0411,0.12,0,UP,4.0,0.0,6,6,72,-59.6,28.689,8.14,0,0,0,32,0,47.0,0.0,0,0,,,,,,,,,,,,,,,,,,,,,0.0,0,,SYNTHETIC,0
power-outage,0,158,2026-09-03T09:02:38Z,2026-09-03T09:02:39Z,2026-09-03T09:02:38Z,2026-09-03T09:02:39Z,site_a,SIM,synthetic_demo,A-WAN-1,UP,1000.0,113.728,112.69,0.0,17.05,1.3932,0.095,0,UP,4.0,0.0,48,12,67,-60.9,19.302,5.616,0,2,0,7,0,186.0,0.0,0,0,LOAD_SHED,LOAD_SHED,0,1,81.96,92.0,51.3335,51.1514,2.0306,3.94873,3.94873,3.93472,3.93472,0.0,23.1,145.415,3,55.583,,DISCHARGE,0.0,0,,SYNTHETIC,0
power-outage,0,158,2026-09-03T09:02:38Z,2026-09-03T09:02:39Z,2026-09-03T09:02:38Z,2026-09-03T09:02:39Z,site_b,SIM,synthetic_demo,B-WAN-1,UP,1000.0,71.0608,71.49,0.0,22.8,1.8954,0.069,0,UP,4.0,0.0,6,6,85,-62.2,33.079,9.989,0,0,0,32,0,49.0,0.0,0,0,,,,,,,,,,,,,,,,,,,,,0.0,0,,SYNTHETIC,0
power-outage,0,159,2026-09-03T09:02:39Z,2026-09-03T09:02:40Z,2026-09-03T09:02:39Z,2026-09-03T09:02:40Z,site_a,SIM,synthetic_demo,A-WAN-1,UP,1000.0,111.9924,112.6,0.0,16.99,1.1955,0.048,0,UP,4.0,0.0,48,12,68,-62.7,19.855,5.881,1,3,0,7,0,142.0,0.0,0,0,LOAD_SHED,LOAD_SHED,0,1,81.92,92.0,51.3334,51.1496,2.0488,3.94872,3.94872,3.93458,3.93458,0.0,23.2,146.714,3,55.542,,DISCHARGE,0.0,0,,SYNTHETIC,0
power-outage,0,159,2026-09-03T09:02:39Z,2026-09-03T09:02:40Z,2026-09-03T09:02:39Z,2026-09-03T09:02:40Z,site_b,SIM,synthetic_demo,B-WAN-1,UP,1000.0,71.1074,71.78,0.0,22.53,1.7661,0.076,0,UP,4.0,0.0,6,6,29,-61.4,19.036,5.514,0,0,0,32,0,64.0,0.0,0,0,,,,,,,,,,,,,,,,,,,,,0.0,0,,SYNTHETIC,0
power-outage,0,160,2026-09-03T09:02:40Z,2026-09-03T09:02:41Z,2026-09-03T09:02:40Z,2026-09-03T09:02:41Z,site_a,SIM,synthetic_demo,A-WAN-1,UP,1000.0,155.5866,155.53,0.0,17.65,1.2934,0.061,0,UP,4.0,0.0,48,12,47,-61.7,16.807,5.016,0,4,0,7,0,207.0,0.0,0,0,LOAD_SHED,LOAD_SHED,0,1,82.0,92.0,51.3332,51.1533,2.0055,3.94871,3.94871,3.93487,3.93487,0.0,23.2,143.62,3,55.638,,DISCHARGE,0.0,0,,SYNTHETIC,0
power-outage,0,160,2026-09-03T09:02:40Z,2026-09-03T09:02:41Z,2026-09-03T09:02:40Z,2026-09-03T09:02:41Z,site_b,SIM,synthetic_demo,B-WAN-1,UP,1000.0,65.4433,64.26,0.0,22.51,1.6695,0.088,0,UP,4.0,0.0,6,6,46,-62.2,24.473,6.976,0,1,0,32,0,68.0,0.0,0,0,,,,,,,,,,,,,,,,,,,,,0.0,0,,SYNTHETIC,0
power-outage,0,161,2026-09-03T09:02:41Z,2026-09-03T09:02:42Z,2026-09-03T09:02:41Z,2026-09-03T09:02:42Z,site_a,SIM,synthetic_demo,A-WAN-1,UP,1000.0,94.16,93.41,0.0,17.64,1.45,0.118,0,UP,4.0,0.0,48,48,147,-62.4,16.555,4.727,1,2,0,7,0,130.0,0.0,0,0,LOAD_SHED,BATTERY,0,1,81.94,92.0,51.333,51.1523,2.015,3.94869,3.94869,3.93479,3.93479,0.0,23.2,144.3,,684.615,,DISCHARGE,0.0,0,,SYNTHETIC,0
power-outage,0,161,2026-09-03T09:02:41Z,2026-09-03T09:02:42Z,2026-09-03T09:02:41Z,2026-09-03T09:02:42Z,site_b,SIM,synthetic_demo,B-WAN-1,UP,1000.0,69.3885,69.45,0.0,21.39,0.3831,0.088,0,UP,4.0,0.0,6,6,34,-61.0,18.355,5.223,0,1,0,32,0,48.0,0.0,0,0,,,,,,,,,,,,,,,,,,,,,0.0,0,,SYNTHETIC,0
power-outage,0,162,2026-09-03T09:02:42Z,2026-09-03T09:02:43Z,2026-09-03T09:02:42Z,2026-09-03T09:02:43Z,site_a,SIM,synthetic_demo,A-WAN-1,UP,1000.0,100.8891,101.23,0.0,17.49,1.561,0.115,0,UP,4.0,0.0,48,48,252,-61.5,19.001,5.914,1,3,0,7,0,80.0,0.0,0,0,BATTERY,BATTERY,0,1,81.81,92.0,51.3311,49.0131,25.8416,3.94854,3.94854,3.77024,3.77024,0.0,23.2,1772.995,,55.718,OCP_DSG,DISCHARGE,0.0,0,,SYNTHETIC,0
power-outage,0,162,2026-09-03T09:02:42Z,2026-09-03T09:02:43Z,2026-09-03T09:02:42Z,2026-09-03T09:02:43Z,site_b,SIM,synthetic_demo,B-WAN-1,UP,1000.0,80.2579,81.26,0.0,23.28,2.4279,0.068,0,UP,4.0,0.0,6,6,45,-59.9,23.52,6.14,0,1,0,32,0,52.0,0.0,0,0,,,,,,,,,,,,,,,,,,,,,0.0,0,,SYNTHETIC,0
power-outage,0,163,2026-09-03T09:02:43Z,2026-09-03T09:02:44Z,2026-09-03T09:02:43Z,2026-09-03T09:02:44Z,site_a,SIM,synthetic_demo,A-WAN-1,UP,1000.0,94.1644,93.39,0.0,17.85,1.6938,0.1,0,UP,4.0,0.0,48,12,35,-60.7,16.449,4.678,0,2,0,7,0,130.0,0.0,0,0,BATTERY,LOAD_SHED,0,1,81.95,92.0,51.3309,51.1541,1.9709,3.94853,3.94853,3.93493,3.93493,0.0,23.2,141.146,3,55.703,,DISCHARGE,0.0,0,,SYNTHETIC,0
power-outage,0,163,2026-09-03T09:02:43Z,2026-09-03T09:02:44Z,2026-09-03T09:02:43Z,2026-09-03T09:02:44Z,site_b,SIM,synthetic_demo,B-WAN-1,UP,1000.0,66.3791,67.14,0.0,24.2,3.3759,0.086,0,UP,4.0,0.0,6,6,32,-60.9,19.47,6.081,0,0,0,32,0,59.0,0.0,0,0,,,,,,,,,,,,,,,,,,,,,0.0,0,,SYNTHETIC,0
power-outage,0,164,2026-09-03T09:02:44Z,2026-09-03T09:02:45Z,2026-09-03T09:02:44Z,2026-09-03T09:02:45Z,site_a,SIM,synthetic_demo,A-WAN-1,UP,1000.0,145.4083,146.9,0.0,16.9,0.3233,0.047,0,UP,4.0,0.0,48,12,86,-63.4,21.785,6.945,0,2,0,7,0,176.0,0.0,0,0,LOAD_SHED,LOAD_SHED,0,1,81.87,92.0,51.3307,51.1522,1.9903,3.94852,3.94852,3.93479,3.93479,0.0,23.2,142.529,3,55.658,,DISCHARGE,0.0,0,,SYNTHETIC,0
power-outage,0,164,2026-09-03T09:02:44Z,2026-09-03T09:02:45Z,2026-09-03T09:02:44Z,2026-09-03T09:02:45Z,site_b,SIM,synthetic_demo,B-WAN-1,UP,1000.0,87.5296,87.39,0.0,21.99,0.7227,0.107,0,UP,4.0,0.0,6,6,34,-62.2,18.145,5.479,0,0,0,32,0,52.0,0.0,0,0,,,,,,,,,,,,,,,,,,,,,0.0,0,,SYNTHETIC,0
power-outage,0,165,2026-09-03T09:02:45Z,2026-09-03T09:02:46Z,2026-09-03T09:02:45Z,2026-09-03T09:02:46Z,site_a,SIM,synthetic_demo,A-WAN-1,UP,1000.0,107.039,107.13,0.0,17.3,1.1425,0.072,0,UP,4.0,0.0,48,12,40,-61.2,17.49,5.097,0,3,0,7,0,200.0,0.0,0,0,LOAD_SHED,LOAD_SHED,0,1,82.0,92.0,51.3306,51.1533,1.9769,3.94851,3.94851,3.93487,3.93487,0.0,23.1,141.573,3,55.687,,DISCHARGE,0.0,0,,SYNTHETIC,0
power-outage,0,165,2026-09-03T09:02:45Z,2026-09-03T09:02:46Z,2026-09-03T09:02:45Z,2026-09-03T09:02:46Z,site_b,SIM,synthetic_demo,B-WAN-1,UP,1000.0,69.4781,70.4,0.0,21.25,0.0203,0.125,0,UP,4.0,0.0,6,6,52,-61.2,23.169,7.215,0,0,0,32,0,53.0,0.0,0,0,,,,,,,,,,,,,,,,,,,,,0.0,0,,SYNTHETIC,0
power-outage,0,166,2026-09-03T09:02:46Z,2026-09-03T09:02:47Z,2026-09-03T09:02:46Z,2026-09-03T09:02:47Z,site_a,SIM,synthetic_demo,A-WAN-1,UP,1000.0,244.0466,243.65,0.0,19.52,3.1459,0.077,0,UP,4.0,0.0,48,12,67,-61.3,20.227,5.924,1,3,0,7,0,196.0,0.0,0,0,LOAD_SHED,LOAD_SHED,0,1,81.93,92.0,51.3304,51.1518,1.9909,3.94849,3.94849,3.93476,3.93476,0.0,23.1,142.571,3,55.655,,DISCHARGE,0.0,0,,SYNTHETIC,0
power-outage,0,166,2026-09-03T09:02:46Z,2026-09-03T09:02:47Z,2026-09-03T09:02:46Z,2026-09-03T09:02:47Z,site_b,SIM,synthetic_demo,B-WAN-1,UP,1000.0,64.8845,65.32,0.0,20.9,0.01,0.076,0,UP,4.0,0.0,6,6,50,-59.7,23.649,7.352,0,2,0,32,0,51.0,0.0,0,0,,,,,,,,,,,,,,,,,,,,,0.0,0,,SYNTHETIC,0
power-outage,0,167,2026-09-03T09:02:47Z,2026-09-03T09:02:48Z,2026-09-03T09:02:47Z,2026-09-03T09:02:48Z,site_a,SIM,synthetic_demo,A-WAN-1,UP,1000.0,160.1374,160.53,0.0,16.61,0.6771,0.089,0,UP,4.0,0.0,48,12,40,-61.4,17.996,4.611,1,2,0,7,0,157.0,0.0,0,0,LOAD_SHED,LOAD_SHED,0,1,81.86,92.0,51.3302,51.1468,2.0455,3.94848,3.94848,3.93437,3.93437,0.0,23.2,146.466,3,55.533,,DISCHARGE,0.0,0,,SYNTHETIC,0
power-outage,0,167,2026-09-03T09:02:47Z,2026-09-03T09:02:48Z,2026-09-03T09:02:47Z,2026-09-03T09:02:48Z,site_b,SIM,synthetic_demo,B-WAN-1,UP,1000.0,83.8389,84.09,0.0,22.81,1.3516,0.143,0,UP,4.0,0.0,6,6,63,-62.7,25.945,8.457,0,1,0,32,0,57.0,0.0,0,0,,,,,,,,,,,,,,,,,,,,,0.0,0,,SYNTHETIC,0
power-outage,0,168,2026-09-03T09:02:48Z,2026-09-03T09:02:49Z,2026-09-03T09:02:48Z,2026-09-03T09:02:49Z,site_a,SIM,synthetic_demo,A-WAN-1,UP,1000.0,120.7051,121.38,0.0,16.88,0.9413,0.121,0,UP,4.0,0.0,48,12,73,-62.1,19.009,5.851,0,2,0,7,0,230.0,0.0,0,0,LOAD_SHED,LOAD_SHED,0,1,81.89,92.0,51.3301,51.1503,2.0038,3.94847,3.94847,3.93464,3.93464,0.0,23.3,143.489,3,55.625,,DISCHARGE,0.0,0,,SYNTHETIC,0
power-outage,0,168,2026-09-03T09:02:48Z,2026-09-03T09:02:49Z,2026-09-03T09:02:48Z,2026-09-03T09:02:49Z,site_b,SIM,synthetic_demo,B-WAN-1,UP,1000.0,61.0066,61.18,0.0,21.74,0.1439,0.081,0,UP,4.0,0.0,6,6,67,-61.9,29.086,7.737,0,1,0,32,0,58.0,0.0,0,0,,,,,,,,,,,,,,,,,,,,,0.0,0,,SYNTHETIC,0
power-outage,0,169,2026-09-03T09:02:49Z,2026-09-03T09:02:50Z,2026-09-03T09:02:49Z,2026-09-03T09:02:50Z,site_a,SIM,synthetic_demo,A-WAN-1,UP,1000.0,113.5674,114.22,0.0,17.49,1.0878,0.085,0,UP,4.0,0.0,48,12,40,-62.0,16.676,4.981,0,5,0,7,0,217.0,0.0,0,0,LOAD_SHED,LOAD_SHED,0,1,82.0,92.0,51.3299,51.1514,1.99,3.94845,3.94845,3.93472,3.93472,0.0,23.2,142.509,3,55.655,,DISCHARGE,0.0,0,,SYNTHETIC,0
power-outage,0,169,2026-09-03T09:02:49Z,2026-09-03T09:02:50Z,2026-09-03T09:02:49Z,2026-09-03T09:02:50Z,site_b,SIM,synthetic_demo,B-WAN-1,UP,1000.0,63.3776,63.39,0.0,21.03,0.4317,0.107,0,UP,4.0,0.0,6,6,32,-63.1,17.579,5.832,2,1,0,32,0,63.0,0.0,0,0,,,,,,,,,,,,,,,,,,,,,0.0,0,,SYNTHETIC,0
power-outage,0,170,2026-09-03T09:02:50Z,2026-09-03T09:02:51Z,2026-09-03T09:02:50Z,2026-09-03T09:02:51Z,site_a,SIM,synthetic_demo,A-WAN-1,UP,1000.0,147.0838,147.66,0.0,18.98,2.9682,0.079,0,UP,4.0,0.0,48,12,67,-62.3,20.806,5.587,0,4,0,7,0,142.0,0.0,0,0,LOAD_SHED,LOAD_SHED,0,1,81.84,92.0,51.3297,51.147,2.0373,3.94844,3.94844,3.93438,3.93438,0.0,23.2,145.878,3,55.548,,DISCHARGE,0.0,0,,SYNTHETIC,0
power-outage,0,170,2026-09-03T09:02:50Z,2026-09-03T09:02:51Z,2026-09-03T09:02:50Z,2026-09-03T09:02:51Z,site_b,SIM,synthetic_demo,B-WAN-1,UP,1000.0,60.1146,59.7,0.0,22.11,1.3404,0.132,0,UP,4.0,0.0,6,6,35,-60.7,19.137,5.305,0,0,0,32,0,47.0,0.0,0,0,,,,,,,,,,,,,,,,,,,,,0.0,0,,SYNTHETIC,0
power-outage,0,171,2026-09-03T09:02:51Z,2026-09-03T09:02:52Z,2026-09-03T09:02:51Z,2026-09-03T09:02:52Z,site_a,SIM,synthetic_demo,A-WAN-1,UP,1000.0,211.9466,211.84,0.0,18.19,1.4485,0.107,0,UP,4.0,0.0,48,12,76,-61.4,20.937,6.526,1,2,0,7,0,161.0,0.0,0,0,LOAD_SHED,LOAD_SHED,0,1,81.87,92.0,51.3296,51.1498,2.0037,3.94843,3.94843,3.9346,3.9346,0.0,23.1,143.482,3,55.622,,DISCHARGE,0.0,0,,SYNTHETIC,0
power-outage,0,171,2026-09-03T09:02:51Z,2026-09-03T09:02:52Z,2026-09-03T09:02:51Z,2026-09-03T09:02:52Z,site_b,SIM,synthetic_demo,B-WAN-1,UP,1000.0,59.2583,59.83,0.0,20.14,0.1071,0.08,0,UP,4.0,0.0,6,6,56,-61.9,24.762,7.191,0,0,0,32,0,59.0,0.0,0,0,,,,,,,,,,,,,,,,,,,,,0.0,0,,SYNTHETIC,0
power-outage,0,172,2026-09-03T09:02:52Z,2026-09-03T09:02:53Z,2026-09-03T09:02:52Z,2026-09-03T09:02:53Z,site_a,SIM,synthetic_demo,A-WAN-1,UP,1000.0,135.4893,135.2,0.0,18.16,2.6261,0.055,0,UP,4.0,0.0,48,12,87,-61.5,22.7,6.292,0,2,0,7,0,173.0,0.0,0,0,LOAD_SHED,LOAD_SHED,0,1,81.96,92.0,51.3294,51.1479,2.0237,3.94842,3.94842,3.93445,3.93445,0.0,23.1,144.909,3,55.577,,DISCHARGE,0.0,0,,SYNTHETIC,0
power-outage,0,172,2026-09-03T09:02:52Z,2026-09-03T09:02:53Z,2026-09-03T09:02:52Z,2026-09-03T09:02:53Z,site_b,SIM,synthetic_demo,B-WAN-1,UP,1000.0,52.2821,53.01,0.0,21.63,0.3847,0.088,0,UP,4.0,0.0,6,6,68,-63.4,27.37,8.735,0,1,0,32,0,51.0,0.0,0,0,,,,,,,,,,,,,,,,,,,,,0.0,0,,SYNTHETIC,0
power-outage,0,173,2026-09-03T09:02:53Z,2026-09-03T09:02:54Z,2026-09-03T09:02:53Z,2026-09-03T09:02:54Z,site_a,SIM,synthetic_demo,A-WAN-1,UP,1000.0,127.2564,126.38,0.0,18.01,2.1654,0.078,0,UP,4.0,0.0,48,12,67,-62.5,17.58,5.699,0,2,0,7,0,110.0,0.0,0,0,LOAD_SHED,LOAD_SHED,0,1,81.93,92.0,51.3292,51.154,1.9534,3.9484,3.9484,3.93492,3.93492,0.0,23.2,139.892,3,55.733,,DISCHARGE,0.0,0,,SYNTHETIC,0
power-outage,0,173,2026-09-03T09:02:53Z,2026-09-03T09:02:54Z,2026-09-03T09:02:53Z,2026-09-03T09:02:54Z,site_b,SIM,synthetic_demo,B-WAN-1,UP,1000.0,88.4371,89.28,0.0,22.03,0.931,0.083,0,UP,4.0,0.0,6,6,29,-64.5,18.186,5.765,0,0,0,32,0,49.0,0.0,0,0,,,,,,,,,,,,,,,,,,,,,0.0,0,,SYNTHETIC,0
power-outage,0,174,2026-09-03T09:02:54Z,2026-09-03T09:02:55Z,2026-09-03T09:02:54Z,2026-09-03T09:02:55Z,site_a,SIM,synthetic_demo,A-WAN-1,UP,1000.0,104.3561,104.08,0.0,16.62,0.6087,0.061,0,UP,4.0,0.0,48,12,72,-63.1,20.121,6.52,0,4,0,7,0,110.0,0.0,0,0,LOAD_SHED,LOAD_SHED,0,1,81.89,92.0,51.3291,51.1491,2.006,3.94839,3.94839,3.93455,3.93455,0.0,23.2,143.649,3,55.614,,DISCHARGE,0.0,0,,SYNTHETIC,0
power-outage,0,174,2026-09-03T09:02:54Z,2026-09-03T09:02:55Z,2026-09-03T09:02:54Z,2026-09-03T09:02:55Z,site_b,SIM,synthetic_demo,B-WAN-1,UP,1000.0,75.1284,74.91,0.0,21.06,0.0607,0.072,0,UP,4.0,0.0,6,6,45,-61.1,22.987,6.865,0,0,0,32,0,46.0,0.0,0,0,,,,,,,,,,,,,,,,,,,,,0.0,0,,SYNTHETIC,0
power-outage,0,175,2026-09-03T09:02:55Z,2026-09-03T09:02:56Z,2026-09-03T09:02:55Z,2026-09-03T09:02:56Z,site_a,SIM,synthetic_demo,A-WAN-1,UP,1000.0,122.7182,123.35,0.0,17.94,1.5045,0.058,0,UP,4.0,0.0,48,12,39,-61.5,16.033,5.144,1,2,0,7,0,103.0,0.0,0,0,LOAD_SHED,LOAD_SHED,0,1,81.89,92.0,51.3289,51.1458,2.0416,3.94838,3.94838,3.93429,3.93429,0.0,23.0,146.187,3,55.534,,DISCHARGE,0.0,0,,SYNTHETIC,0
power-outage,0,175,2026-09-03T09:02:55Z,2026-09-03T09:02:56Z,2026-09-03T09:02:55Z,2026-09-03T09:02:56Z,site_b,SIM,synthetic_demo,B-WAN-1,UP,1000.0,66.1901,66.71,0.0,21.43,0.2875,0.104,0,UP,4.0,0.0,6,6,25,-61.2,16.994,5.703,1,0,0,32,0,45.0,0.0,0,0,,,,,,,,,,,,,,,,,,,,,0.0,0,,SYNTHETIC,0
power-outage,0,176,2026-09-03T09:02:56Z,2026-09-03T09:02:57Z,2026-09-03T09:02:56Z,2026-09-03T09:02:57Z,site_a,SIM,synthetic_demo,A-WAN-1,UP,1000.0,134.9173,135.76,0.0,16.57,0.7705,0.073,0,UP,4.0,0.0,48,12,37,-62.1,16.184,4.747,1,2,0,7,0,140.0,0.0,0,0,LOAD_SHED,LOAD_SHED,0,1,81.92,92.0,51.3287,51.1453,2.0449,3.94836,3.94836,3.93425,3.93425,0.0,23.1,146.418,3,55.526,,DISCHARGE,0.0,0,,SYNTHETIC,0
power-outage,0,176,2026-09-03T09:02:56Z,2026-09-03T09:02:57Z,2026-09-03T09:02:56Z,2026-09-03T09:02:57Z,site_b,SIM,synthetic_demo,B-WAN-1,UP,1000.0,57.2196,57.79,0.0,22.34,1.5771,0.107,0,UP,4.0,0.0,6,6,35,-61.8,20.985,5.592,0,0,0,32,0,45.0,0.0,0,0,,,,,,,,,,,,,,,,,,,,,0.0,0,,SYNTHETIC,0
power-outage,0,177,2026-09-03T09:02:57Z,2026-09-03T09:02:58Z,2026-09-03T09:02:57Z,2026-09-03T09:02:58Z,site_a,SIM,synthetic_demo,A-WAN-1,UP,1000.0,154.8619,155.32,0.0,18.14,1.6109,0.065,0,UP,4.0,0.0,48,12,19,-61.3,14.917,3.491,0,4,0,7,0,157.0,0.0,0,0,LOAD_SHED,LOAD_SHED,0,1,82.01,92.0,51.3286,51.1484,2.0086,3.94835,3.94835,3.93449,3.93449,0.0,23.1,143.829,3,55.606,,DISCHARGE,0.0,0,,SYNTHETIC,0
power-outage,0,177,2026-09-03T09:02:57Z,2026-09-03T09:02:58Z,2026-09-03T09:02:57Z,2026-09-03T09:02:58Z,site_b,SIM,synthetic_demo,B-WAN-1,UP,1000.0,58.7778,58.91,0.0,21.8,1.5058,0.109,0,UP,4.0,0.0,6,6,24,-62.3,16.106,5.345,0,0,0,32,0,65.0,0.0,0,0,,,,,,,,,,,,,,,,,,,,,0.0,0,,SYNTHETIC,0
power-outage,0,178,2026-09-03T09:02:58Z,2026-09-03T09:02:59Z,2026-09-03T09:02:58Z,2026-09-03T09:02:59Z,site_a,SIM,synthetic_demo,A-WAN-1,UP,1000.0,148.6732,148.23,0.0,18.32,2.6028,0.082,0,UP,4.0,0.0,48,48,196,-61.6,17.674,5.379,2,3,0,7,0,125.0,0.0,0,0,LOAD_SHED,BATTERY,0,1,81.95,92.0,51.3284,51.1465,2.0277,3.94834,3.94834,3.93435,3.93435,0.0,23.2,145.19,,680.114,,DISCHARGE,0.0,0,,SYNTHETIC,0
power-outage,0,178,2026-09-03T09:02:58Z,2026-09-03T09:02:59Z,2026-09-03T09:02:58Z,2026-09-03T09:02:59Z,site_b,SIM,synthetic_demo,B-WAN-1,UP,1000.0,71.5264,71.43,0.0,21.68,0.8331,0.122,0,UP,4.0,0.0,6,6,43,-62.9,20.134,6.417,0,0,0,32,0,34.0,0.0,0,0,,,,,,,,,,,,,,,,,,,,,0.0,0,,SYNTHETIC,0
power-outage,0,179,2026-09-03T09:02:59Z,2026-09-03T09:03:00Z,2026-09-03T09:02:59Z,2026-09-03T09:03:00Z,site_a,SIM,synthetic_demo,A-WAN-1,UP,1000.0,169.652,169.64,0.0,18.0,2.195,0.115,0,UP,4.0,0.0,48,48,175,-62.4,17.128,5.055,1,3,0,7,0,117.0,0.0,0,0,BATTERY,BATTERY,0,1,81.85,92.0,51.3264,49.0077,25.8498,3.94819,3.94819,3.76982,3.76982,0.0,23.1,1773.368,,55.682,OCP_DSG,DISCHARGE,0.0,0,,SYNTHETIC,0
power-outage,0,179,2026-09-03T09:02:59Z,2026-09-03T09:03:00Z,2026-09-03T09:02:59Z,2026-09-03T09:03:00Z,site_b,SIM,synthetic_demo,B-WAN-1,UP,1000.0,63.1488,62.48,0.0,22.4,1.9508,0.091,0,UP,4.0,0.0,6,6,54,-61.9,24.209,6.849,0,2,0,32,0,70.0,0.0,0,0,,,,,,,,,,,,,,,,,,,,,0.0,0,,SYNTHETIC,0
power-outage,0,180,2026-09-03T09:03:00Z,2026-09-03T09:03:01Z,2026-09-03T09:03:00Z,2026-09-03T09:03:01Z,site_a,SIM,synthetic_demo,A-WAN-1,UP,1000.0,134.0381,135.0,0.0,14.95,0.1543,0.081,0,UP,4.0,0.0,48,12,58,-59.7,17.476,5.192,0,2,0,7,0,218.0,0.0,0,0,BATTERY,LOAD_SHED,0,1,81.92,92.0,51.3263,51.1396,2.0809,3.94817,3.94817,3.93382,3.93382,0.0,23.2,148.979,3,55.433,,DISCHARGE,0.0,0,,SYNTHETIC,0
power-outage,0,180,2026-09-03T09:03:00Z,2026-09-03T09:03:01Z,2026-09-03T09:03:00Z,2026-09-03T09:03:01Z,site_b,SIM,synthetic_demo,B-WAN-1,UP,1000.0,69.0221,69.37,0.0,23.59,2.4319,0.095,0,UP,4.0,0.0,6,6,49,-59.7,23.652,7.163,0,0,0,32,0,51.0,0.0,0,0,,,,,,,,,,,,,,,,,,,,,0.0,0,,SYNTHETIC,0
power-outage,0,181,2026-09-03T09:03:01Z,2026-09-03T09:03:02Z,2026-09-03T09:03:01Z,2026-09-03T09:03:02Z,site_a,SIM,synthetic_demo,A-WAN-1,UP,1000.0,106.4172,107.02,0.0,16.82,0.9884,0.054,0,UP,4.0,0.0,48,12,61,-61.9,19.876,5.891,0,2,0,7,0,166.0,0.0,0,0,LOAD_SHED,LOAD_SHED,0,1,81.91,92.0,51.3261,51.146,2.0077,3.94816,3.94816,3.93431,3.93431,0.0,23.2,143.76,3,55.595,,DISCHARGE,0.0,0,,SYNTHETIC,0
power-outage,0,181,2026-09-03T09:03:01Z,2026-09-03T09:03:02Z,2026-09-03T09:03:01Z,2026-09-03T09:03:02Z,site_b,SIM,synthetic_demo,B-WAN-1,UP,1000.0,62.4956,62.5,0.0,21.86,1.5142,0.082,0,UP,4.0,0.0,6,6,34,-61.4,18.105,5.609,0,0,0,32,0,62.0,0.0,0,0,,,,,,,,,,,,,,,,,,,,,0.0,0,,SYNTHETIC,0
power-outage,0,182,2026-09-03T09:03:02Z,2026-09-03T09:03:03Z,2026-09-03T09:03:02Z,2026-09-03T09:03:03Z,site_a,SIM,synthetic_demo,A-WAN-1,UP,1000.0,121.9371,121.76,0.0,15.03,0.0548,0.085,0,UP,4.0,0.0,48,12,55,-60.2,17.446,5.233,0,2,0,7,0,224.0,0.0,0,0,LOAD_SHED,LOAD_SHED,0,1,81.77,92.0,51.3259,51.148,1.9834,3.94815,3.94815,3.93446,3.93446,0.0,23.2,142.025,3,55.648,,DISCHARGE,0.0,0,,SYNTHETIC,0
power-outage,0,182,2026-09-03T09:03:02Z,2026-09-03T09:03:03Z,2026-09-03T09:03:02Z,2026-09-03T09:03:03Z,site_b,SIM,synthetic_demo,B-WAN-1,UP,1000.0,68.9848,68.81,0.0,20.38,0.1374,0.085,0,UP,4.0,0.0,6,6,37,-63.6,20.554,6.147,0,0,0,32,0,49.0,0.0,0,0,,,,,,,,,,,,,,,,,,,,,0.0,0,,SYNTHETIC,0
power-outage,0,183,2026-09-03T09:03:03Z,2026-09-03T09:03:04Z,2026-09-03T09:03:03Z,2026-09-03T09:03:04Z,site_a,SIM,synthetic_demo,A-WAN-1,UP,1000.0,101.1161,100.93,0.0,16.42,0.3419,0.047,0,UP,4.0,0.0,48,12,90,-61.9,22.506,6.961,1,3,0,7,0,182.0,0.0,0,0,LOAD_SHED,LOAD_SHED,0,1,81.87,92.0,51.3258,51.1495,1.9652,3.94814,3.94814,3.93458,3.93458,0.0,23.2,140.726,3,55.688,,DISCHARGE,0.0,0,,SYNTHETIC,0
power-outage,0,183,2026-09-03T09:03:03Z,2026-09-03T09:03:04Z,2026-09-03T09:03:03Z,2026-09-03T09:03:04Z,site_b,SIM,synthetic_demo,B-WAN-1,UP,1000.0,97.7823,97.11,0.0,23.31,1.1767,0.079,0,UP,4.0,0.0,6,6,57,-63.0,25.562,7.465,0,0,0,32,0,56.0,0.0,0,0,,,,,,,,,,,,,,,,,,,,,0.0,0,,SYNTHETIC,0
power-outage,0,184,2026-09-03T09:03:04Z,2026-09-03T09:03:05Z,2026-09-03T09:03:04Z,2026-09-03T09:03:05Z,site_a,SIM,synthetic_demo,A-WAN-1,UP,1000.0,130.4436,130.77,0.0,16.83,0.4833,0.108,0,UP,4.0,0.0,48,12,70,-63.3,20.843,6.147,0,5,0,7,0,195.0,0.0,0,0,LOAD_SHED,LOAD_SHED,0,1,81.82,92.0,51.3256,51.1519,1.9362,3.94812,3.94812,3.93476,3.93476,0.0,23.2,138.652,3,55.753,,DISCHARGE,0.0,0,,SYNTHETIC,0
power-outage,0,184,2026-09-03T09:03:04Z,2026-09-03T09:03:05Z,2026-09-03T09:03:04Z,2026-09-03T09:03:05Z,site_b,SIM,synthetic_demo,B-WAN-1,UP,1000.0,64.3935,65.07,0.0,22.34,1.2079,0.126,0,UP,4.0,0.0,6,6,60,-61.8,26.732,7.756,0,1,0,32,0,54.0,0.0,0,0,,,,,,,,,,,,,,,,,,,,,0.0,0,,SYNTHETIC,0
power-outage,0,185,2026-09-03T09:03:05Z,2026-09-03T09:03:06Z,2026-09-03T09:03:05Z,2026-09-03T09:03:06Z,site_a,SIM,synthetic_demo,A-WAN-1,UP,1000.0,112.1424,111.65,0.0,16.46,0.6183,0.094,0,UP,4.0,0.0,48,12,65,-64.2,19.113,6.1,1,3,0,7,0,285.0,0.0,0,0,LOAD_SHED,LOAD_SHED,0,1,81.95,92.0,51.3254,51.1443,2.0197,3.94811,3.94811,3.93417,3.93417,0.0,23.3,144.614,3,55.565,,DISCHARGE,0.0,0,,SYNTHETIC,0
power-outage,0,185,2026-09-03T09:03:05Z,2026-09-03T09:03:06Z,2026-09-03T09:03:05Z,2026-09-03T09:03:06Z,site_b,SIM,synthetic_demo,B-WAN-1,UP,1000.0,70.7756,70.13,0.0,21.5,0.0053,0.078,0,UP,4.0,0.0,6,6,15,-58.9,16.026,4.692,1,0,0,32,0,28.0,0.0,0,0,,,,,,,,,,,,,,,,,,,,,0.0,0,,SYNTHETIC,0
power-outage,0,186,2026-09-03T09:03:06Z,2026-09-03T09:03:07Z,2026-09-03T09:03:06Z,2026-09-03T09:03:07Z,site_a,SIM,synthetic_demo,A-WAN-1,UP,1000.0,106.2024,106.04,0.0,16.53,0.2413,0.057,0,UP,4.0,0.0,48,12,82,-63.4,21.861,6.589,1,2,0,7,0,182.0,0.0,0,0,LOAD_SHED,LOAD_SHED,0,1,81.83,92.0,51.3253,51.1485,1.9703,3.9481,3.9481,3.9345,3.9345,0.0,23.3,141.091,3,55.674,,DISCHARGE,0.0,0,,SYNTHETIC,0
power-outage,0,186,2026-09-03T09:03:06Z,2026-09-03T09:03:07Z,2026-09-03T09:03:06Z,2026-09-03T09:03:07Z,site_b,SIM,synthetic_demo,B-WAN-1,UP,1000.0,69.6966,70.29,0.0,21.31,0.5433,0.08,0,UP,4.0,0.0,6,6,33,-63.2,20.232,5.623,0,0,0,32,0,63.0,0.0,0,0,,,,,,,,,,,,,,,,,,,,,0.0,0,,SYNTHETIC,0
power-outage,0,187,2026-09-03T09:03:07Z,2026-09-03T09:03:08Z,2026-09-03T09:03:07Z,2026-09-03T09:03:08Z,site_a,SIM,synthetic_demo,A-WAN-1,UP,1000.0,96.3119,96.22,0.0,16.01,0.5003,0.065,0,UP,4.0,0.0,48,12,73,-62.3,20.901,6.509,0,2,0,7,0,226.0,0.0,0,0,LOAD_SHED,LOAD_SHED,0,1,81.87,92.0,51.3251,51.1453,2.0047,3.94808,3.94808,3.93425,3.93425,0.0,23.3,143.542,3,55.596,,DISCHARGE,0.0,0,,SYNTHETIC,0
power-outage,0,187,2026-09-03T09:03:07Z,2026-09-03T09:03:08Z,2026-09-03T09:03:07Z,2026-09-03T09:03:08Z,site_b,SIM,synthetic_demo,B-WAN-1,UP,1000.0,68.7708,67.97,0.0,21.3,0.2722,0.12,0,UP,4.0,0.0,6,6,21,-63.0,15.929,4.663,0,0,0,32,0,65.0,0.0,0,0,,,,,,,,,,,,,,,,,,,,,0.0,0,,SYNTHETIC,0
power-outage,0,188,2026-09-03T09:03:08Z,2026-09-03T09:03:09Z,2026-09-03T09:03:08Z,2026-09-03T09:03:09Z,site_a,SIM,synthetic_demo,A-WAN-1,UP,1000.0,126.4516,126.38,0.0,16.31,0.5086,0.096,0,UP,4.0,0.0,48,12,53,-62.2,18.079,5.64,1,3,0,7,0,238.0,0.0,0,0,LOAD_SHED,LOAD_SHED,0,1,81.9,92.0,51.3249,51.1496,1.9542,3.94807,3.94807,3.93459,3.93459,0.0,23.3,139.937,3,55.709,,DISCHARGE,0.0,0,,SYNTHETIC,0
power-outage,0,188,2026-09-03T09:03:08Z,2026-09-03T09:03:09Z,2026-09-03T09:03:08Z,2026-09-03T09:03:09Z,site_b,SIM,synthetic_demo,B-WAN-1,UP,1000.0,140.2423,140.29,0.0,24.23,2.8023,0.123,0,UP,4.0,0.0,6,6,49,-61.1,25.972,7.069,0,1,0,32,0,62.0,0.0,0,0,,,,,,,,,,,,,,,,,,,,,0.0,0,,SYNTHETIC,0
power-outage,0,189,2026-09-03T09:03:09Z,2026-09-03T09:03:10Z,2026-09-03T09:03:09Z,2026-09-03T09:03:10Z,site_a,SIM,synthetic_demo,A-WAN-1,UP,1000.0,94.1563,92.67,0.0,17.22,1.2675,0.056,0,UP,4.0,0.0,48,12,54,-61.1,18.519,5.346,0,2,0,7,0,198.0,0.0,0,0,LOAD_SHED,LOAD_SHED,0,1,81.87,92.0,51.3248,51.1495,1.9539,3.94806,3.94806,3.93458,3.93458,0.0,23.0,139.914,3,55.709,,DISCHARGE,0.0,0,,SYNTHETIC,0
power-outage,0,189,2026-09-03T09:03:09Z,2026-09-03T09:03:10Z,2026-09-03T09:03:09Z,2026-09-03T09:03:10Z,site_b,SIM,synthetic_demo,B-WAN-1,UP,1000.0,97.394,97.21,0.0,21.64,0.1582,0.085,0,UP,4.0,0.0,6,6,58,-60.3,24.195,7.518,0,0,0,32,0,59.0,0.0,0,0,,,,,,,,,,,,,,,,,,,,,0.0,0,,SYNTHETIC,0
power-outage,0,190,2026-09-03T09:03:10Z,2026-09-03T09:03:11Z,2026-09-03T09:03:10Z,2026-09-03T09:03:11Z,site_a,SIM,synthetic_demo,A-WAN-1,UP,1000.0,115.7098,116.48,0.0,16.28,0.1756,0.086,0,UP,4.0,0.0,48,12,35,,16.397,4.749,0,5,0,7,0,158.0,0.0,0,0,LOAD_SHED,LOAD_SHED,0,1,81.89,92.0,51.3246,51.1419,2.0368,3.94805,3.94805,3.93399,3.93399,0.0,23.1,145.834,3,55.522,,DISCHARGE,0.0,0,,SYNTHETIC|GAP|MISSING_MCAR,0
power-outage,0,190,2026-09-03T09:03:10Z,2026-09-03T09:03:11Z,2026-09-03T09:03:10Z,2026-09-03T09:03:11Z,site_b,SIM,synthetic_demo,B-WAN-1,UP,1000.0,66.6849,66.06,0.0,24.31,3.3317,0.097,0,UP,4.0,0.0,6,6,34,-61.6,20.79,5.765,0,1,0,32,0,56.0,0.0,0,0,,,,,,,,,,,,,,,,,,,,,0.0,0,,SYNTHETIC,0
power-outage,0,191,2026-09-03T09:03:11Z,2026-09-03T09:03:12Z,2026-09-03T09:03:11Z,2026-09-03T09:03:12Z,site_a,SIM,synthetic_demo,A-WAN-1,UP,1000.0,154.7192,154.99,0.0,17.05,1.0319,0.1,0,UP,4.0,0.0,48,12,54,-61.7,16.45,5.7,0,3,0,7,0,240.0,0.0,0,0,LOAD_SHED,LOAD_SHED,0,1,81.92,92.0,51.3244,51.1475,1.973,3.94803,3.94803,3.93442,3.93442,0.0,23.2,141.278,3,55.664,,DISCHARGE,0.0,0,,SYNTHETIC,0
power-outage,0,191,2026-09-03T09:03:11Z,2026-09-03T09:03:12Z,2026-09-03T09:03:11Z,2026-09-03T09:03:12Z,site_b,SIM,synthetic_demo,B-WAN-1,UP,1000.0,76.8751,76.72,0.0,22.11,0.732,0.107,0,UP,4.0,0.0,6,6,47,-64.0,21.669,6.78,1,0,0,32,0,69.0,0.0,0,0,,,,,,,,,,,,,,,,,,,,,0.0,0,,SYNTHETIC,0
power-outage,0,192,2026-09-03T09:03:12Z,2026-09-03T09:03:13Z,2026-09-03T09:03:12Z,2026-09-03T09:03:13Z,site_a,SIM,synthetic_demo,A-WAN-1,UP,1000.0,130.5797,131.22,0.0,16.84,0.7707,0.05,0,UP,4.0,0.0,48,12,51,-63.1,19.285,5.16,0,4,0,7,0,138.0,0.0,0,0,LOAD_SHED,LOAD_SHED,0,1,81.83,92.0,51.3243,51.1458,1.9899,3.94802,3.94802,3.93429,3.93429,0.0,23.3,142.484,3,55.625,,DISCHARGE,0.0,0,,SYNTHETIC,0
power-outage,0,192,2026-09-03T09:03:12Z,2026-09-03T09:03:13Z,2026-09-03T09:03:12Z,2026-09-03T09:03:13Z,site_b,SIM,synthetic_demo,B-WAN-1,UP,1000.0,89.5956,89.71,0.0,20.91,0.1163,0.119,0,UP,4.0,0.0,6,6,65,-62.5,26.806,8.393,0,1,0,32,0,41.0,0.0,0,0,,,,,,,,,,,,,,,,,,,,,0.0,0,,SYNTHETIC,0
power-outage,0,193,2026-09-03T09:03:13Z,2026-09-03T09:03:14Z,2026-09-03T09:03:13Z,2026-09-03T09:03:14Z,site_a,SIM,synthetic_demo,A-WAN-1,UP,1000.0,132.0581,132.67,0.0,17.41,1.0145,0.07,0,UP,4.0,0.0,48,12,75,-60.7,20.898,6.042,0,2,0,7,0,168.0,0.0,0,0,LOAD_SHED,LOAD_SHED,0,1,81.88,92.0,51.3241,51.1424,2.0254,3.94801,3.94801,3.93403,3.93403,0.0,23.2,145.016,3,55.545,,DISCHARGE,0.0,0,,SYNTHETIC,0
power-outage,0,193,2026-09-03T09:03:13Z,2026-09-03T09:03:14Z,2026-09-03T09:03:13Z,2026-09-03T09:03:14Z,site_b,SIM,synthetic_demo,B-WAN-1,UP,1000.0,73.4193,73.51,0.0,24.7,3.6513,0.117,0,UP,4.0,0.0,6,6,60,-60.5,26.479,7.84,0,2,0,32,0,52.0,0.0,0,0,,,,,,,,,,,,,,,,,,,,,0.0,0,,SYNTHETIC,0
power-outage,0,194,2026-09-03T09:03:14Z,2026-09-03T09:03:15Z,2026-09-03T09:03:14Z,2026-09-03T09:03:15Z,site_a,SIM,synthetic_demo,A-WAN-1,UP,1000.0,171.7251,171.08,0.0,17.22,1.1777,0.078,0,UP,4.0,0.0,48,12,38,-60.3,16.078,4.514,0,2,0,7,0,90.0,0.0,0,0,LOAD_SHED,LOAD_SHED,0,1,81.91,92.0,51.3239,51.1427,2.0204,3.94799,3.94799,3.93405,3.93405,0.0,23.1,144.659,3,55.555,,DISCHARGE,0.0,0,,SYNTHETIC,0
power-outage,0,194,2026-09-03T09:03:14Z,2026-09-03T09:03:15Z,2026-09-03T09:03:14Z,2026-09-03T09:03:15Z,site_b,SIM,synthetic_demo,B-WAN-1,UP,1000.0,95.3645,95.16,0.0,22.7,2.1336,,0,UP,4.0,0.0,6,6,43,-60.9,20.392,6.444,0,0,0,32,0,82.0,0.0,0,0,,,,,,,,,,,,,,,,,,,,,0.0,0,,SYNTHETIC|GAP|MISSING_MAR,0
power-outage,0,195,2026-09-03T09:03:15Z,2026-09-03T09:03:16Z,2026-09-03T09:03:15Z,2026-09-03T09:03:16Z,site_a,SIM,synthetic_demo,A-WAN-1,UP,1000.0,104.6572,103.7,0.0,16.27,1.0222,0.119,0,UP,4.0,0.0,48,48,314,-61.6,20.544,6.422,1,3,0,7,0,92.0,0.0,0,0,LOAD_SHED,BATTERY,0,1,81.76,92.0,51.3238,51.1402,2.0459,3.94798,3.94798,3.93386,3.93386,0.0,23.2,146.476,,673.839,,DISCHARGE,0.0,0,,SYNTHETIC,0
power-outage,0,195,2026-09-03T09:03:15Z,2026-09-03T09:03:16Z,2026-09-03T09:03:15Z,2026-09-03T09:03:16Z,site_b,SIM,synthetic_demo,B-WAN-1,UP,1000.0,111.515,110.85,0.0,22.77,1.8342,0.092,0,UP,4.0,0.0,6,6,45,-62.0,23.06,6.49,0,0,0,32,0,50.0,0.0,0,0,,,,,,,,,,,,,,,,,,,,,0.0,0,,SYNTHETIC,0
power-outage,0,196,2026-09-03T09:03:16Z,2026-09-03T09:03:17Z,2026-09-03T09:03:16Z,2026-09-03T09:03:17Z,site_a,SIM,synthetic_demo,A-WAN-1,UP,1000.0,117.141,117.53,0.0,17.34,1.6361,0.064,0,UP,4.0,0.0,48,48,158,-61.6,16.739,4.756,0,1,0,7,0,188.0,0.0,0,0,BATTERY,BATTERY,0,1,81.8,92.0,51.3218,49.0034,25.8466,3.94783,3.94783,3.76949,3.76949,0.0,23.1,1772.989,,55.669,OCP_DSG,DISCHARGE,0.0,0,,SYNTHETIC,0
power-outage,0,196,2026-09-03T09:03:16Z,2026-09-03T09:03:17Z,2026-09-03T09:03:16Z,2026-09-03T09:03:17Z,site_b,SIM,synthetic_demo,B-WAN-1,UP,1000.0,129.1697,129.37,0.0,21.9,0.4218,0.147,0,UP,4.0,0.0,6,6,48,-60.1,22.229,6.763,0,0,0,32,0,80.0,0.0,0,0,,,,,,,,,,,,,,,,,,,,,0.0,0,,SYNTHETIC,0
power-outage,0,197,2026-09-03T09:03:17Z,2026-09-03T09:03:18Z,2026-09-03T09:03:17Z,2026-09-03T09:03:18Z,site_a,SIM,synthetic_demo,A-WAN-1,UP,1000.0,123.5902,123.99,0.0,17.83,1.7945,0.108,0,UP,4.0,0.0,48,12,19,-61.3,14.881,4.385,2,1,0,7,0,150.0,0.0,0,0,BATTERY,LOAD_SHED,0,1,81.91,92.0,51.3216,51.1463,1.9542,3.94782,3.94782,3.93433,3.93433,0.0,23.3,139.928,3,55.691,,DISCHARGE,0.0,0,,SYNTHETIC,0
power-outage,0,197,2026-09-03T09:03:17Z,2026-09-03T09:03:18Z,2026-09-03T09:03:17Z,2026-09-03T09:03:18Z,site_b,SIM,synthetic_demo,B-WAN-1,UP,1000.0,71.8562,71.5,0.0,22.57,1.8411,0.096,0,UP,4.0,0.0,6,6,31,-62.6,18.383,5.664,0,0,0,32,0,63.0,0.0,0,0,,,,,,,,,,,,,,,,,,,,,0.0,0,,SYNTHETIC,0
power-outage,0,198,2026-09-03T09:03:18Z,2026-09-03T09:03:19Z,2026-09-03T09:03:18Z,2026-09-03T09:03:19Z,site_a,SIM,synthetic_demo,A-WAN-1,UP,1000.0,107.3706,107.02,0.0,16.27,0.1757,0.087,0,UP,4.0,0.0,48,12,33,-62.3,15.374,4.872,0,1,0,7,0,115.0,0.0,0,0,LOAD_SHED,LOAD_SHED,0,1,81.8,92.0,51.3215,51.1377,2.0486,3.9478,3.9478,3.93367,3.93367,0.0,23.2,146.664,3,55.479,,DISCHARGE,0.0,0,,SYNTHETIC,0
power-outage,0,198,2026-09-03T09:03:18Z,2026-09-03T09:03:19Z,2026-09-03T09:03:18Z,2026-09-03T09:03:19Z,site_b,SIM,synthetic_demo,B-WAN-1,UP,1000.0,112.6269,111.83,0.0,22.41,1.6659,0.099,0,UP,4.0,0.0,6,6,53,-61.1,23.833,7.743,0,0,0,32,0,124.0,0.0,0,0,,,,,,,,,,,,,,,,,,,,,0.0,0,,SYNTHETIC,0
power-outage,0,199,2026-09-03T09:03:19Z,2026-09-03T09:03:20Z,2026-09-03T09:03:19Z,2026-09-03T09:03:20Z,site_a,SIM,synthetic_demo,A-WAN-1,UP,1000.0,123.0989,123.5,0.0,16.69,0.9074,0.126,0,UP,4.0,0.0,48,12,34,-60.9,15.692,4.802,0,3,0,7,0,115.0,0.0,0,0,LOAD_SHED,LOAD_SHED,0,1,81.77,92.0,51.3213,51.1414,2.0051,3.94779,3.94779,3.93396,3.93396,0.0,23.3,143.563,3,55.575,,DISCHARGE,0.0,0,,SYNTHETIC,0
power-outage,0,199,2026-09-03T09:03:19Z,2026-09-03T09:03:20Z,2026-09-03T09:03:19Z,2026-09-03T09:03:20Z,site_b,SIM,synthetic_demo,B-WAN-1,UP,1000.0,70.6372,71.62,0.0,23.31,2.1786,0.082,0,UP,4.0,0.0,6,6,51,-61.8,25.122,7.32,0,0,0,32,0,54.0,0.0,0,0,,,,,,,,,,,,,,,,,,,,,0.0,0,,SYNTHETIC,0
power-outage,0,200,2026-09-03T09:03:20Z,2026-09-03T09:03:21Z,2026-09-03T09:03:20Z,2026-09-03T09:03:21Z,site_a,SIM,synthetic_demo,A-WAN-1,UP,1000.0,130.4183,130.85,0.0,18.21,1.7293,0.078,0,UP,4.0,0.0,48,12,38,-61.7,15.096,5.03,0,2,0,7,0,230.0,0.0,0,0,LOAD_SHED,LOAD_SHED,0,1,81.81,92.0,51.3211,51.1408,2.0107,3.94778,3.94778,3.9339,3.9339,0.0,23.3,143.962,3,55.562,,DISCHARGE,0.0,0,,SYNTHETIC,0
power-outage,0,200,2026-09-03T09:03:20Z,2026-09-03T09:03:21Z,2026-09-03T09:03:20Z,2026-09-03T09:03:21Z,site_b,SIM,synthetic_demo,B-WAN-1,UP,1000.0,107.3109,108.07,0.0,22.44,2.0998,0.103,0,UP,4.0,0.0,6,6,42,-64.0,21.515,6.766,0,0,0,32,0,95.0,0.0,0,0,,,,,,,,,,,,,,,,,,,,,0.0,0,,SYNTHETIC,0
power-outage,0,201,2026-09-03T09:03:21Z,2026-09-03T09:03:22Z,2026-09-03T09:03:21Z,2026-09-03T09:03:22Z,site_a,SIM,synthetic_demo,A-WAN-1,UP,1000.0,108.7263,108.56,0.0,18.48,2.9508,0.074,0,UP,4.0,0.0,48,12,40,-62.1,17.233,4.871,0,1,0,7,0,126.0,0.0,0,0,LOAD_SHED,LOAD_SHED,0,1,81.85,92.0,51.321,51.1442,1.9707,3.94777,3.94777,3.93417,3.93417,0.0,23.2,141.106,3,55.651,,DISCHARGE,0.0,0,,SYNTHETIC,0
power-outage,0,201,2026-09-03T09:03:21Z,2026-09-03T09:03:22Z,2026-09-03T09:03:21Z,2026-09-03T09:03:22Z,site_b,SIM,synthetic_demo,B-WAN-1,UP,1000.0,66.6288,66.53,0.0,22.39,1.6229,0.083,0,UP,4.0,0.0,6,6,85,-60.2,30.568,9.063,1,0,0,32,0,69.0,0.0,0,0,,,,,,,,,,,,,,,,,,,,,0.0,0,,SYNTHETIC,0
power-outage,0,202,2026-09-03T09:03:22Z,2026-09-03T09:03:23Z,2026-09-03T09:03:22Z,2026-09-03T09:03:23Z,site_a,SIM,synthetic_demo,A-WAN-1,UP,1000.0,102.9235,102.79,0.0,17.54,0.8246,0.086,0,UP,4.0,0.0,48,12,60,-62.7,19.37,5.75,0,2,0,7,0,173.0,0.0,0,0,LOAD_SHED,LOAD_SHED,0,1,81.92,92.0,51.3208,51.1423,1.9898,3.94775,3.94775,3.93402,3.93402,0.0,23.2,142.466,3,55.607,,DISCHARGE,0.0,0,,SYNTHETIC,0
power-outage,0,202,2026-09-03T09:03:22Z,2026-09-03T09:03:23Z,2026-09-03T09:03:22Z,2026-09-03T09:03:23Z,site_b,SIM,synthetic_demo,B-WAN-1,UP,1000.0,71.2006,70.63,0.0,21.96,1.4312,0.106,0,UP,4.0,0.0,6,6,66,-61.4,28.011,7.971,0,0,0,32,0,75.0,0.0,0,0,,,,,,,,,,,,,,,,,,,,,0.0,0,,SYNTHETIC,0
power-outage,0,203,2026-09-03T09:03:23Z,2026-09-03T09:03:24Z,2026-09-03T09:03:23Z,2026-09-03T09:03:24Z,site_a,SIM,synthetic_demo,A-WAN-1,UP,1000.0,239.9256,240.64,0.0,16.38,0.3646,0.056,0,UP,4.0,0.0,48,12,52,-62.4,17.226,5.166,0,1,0,7,0,140.0,0.0,0,0,LOAD_SHED,LOAD_SHED,0,1,81.82,92.0,51.3206,51.1421,1.9898,3.94774,3.94774,3.93401,3.93401,0.0,23.0,142.468,3,55.606,,DISCHARGE,0.0,0,,SYNTHETIC,0
power-outage,0,203,2026-09-03T09:03:23Z,2026-09-03T09:03:24Z,2026-09-03T09:03:23Z,2026-09-03T09:03:24Z,site_b,SIM,synthetic_demo,B-WAN-1,UP,1000.0,73.2084,74.1,0.0,22.41,1.0638,0.039,0,UP,4.0,0.0,6,6,50,-62.0,23.698,7.423,1,0,0,32,0,124.0,0.0,0,0,,,,,,,,,,,,,,,,,,,,,0.0,0,,SYNTHETIC,0
power-outage,0,204,2026-09-03T09:03:24Z,2026-09-03T09:03:25Z,2026-09-03T09:03:24Z,2026-09-03T09:03:25Z,site_a,SIM,synthetic_demo,A-WAN-1,UP,1000.0,116.3101,116.44,0.0,16.73,0.3464,0.115,0,UP,4.0,0.0,48,12,81,-62.2,20.529,6.496,0,2,0,7,0,160.0,0.0,0,0,LOAD_SHED,LOAD_SHED,0,1,81.84,92.0,51.3205,51.138,2.0341,3.94773,3.94773,3.93369,3.93369,0.0,23.1,145.627,3,55.507,,DISCHARGE,0.0,0,,SYNTHETIC,0
power-outage,0,204,2026-09-03T09:03:24Z,2026-09-03T09:03:25Z,2026-09-03T09:03:24Z,2026-09-03T09:03:25Z,site_b,SIM,synthetic_demo,B-WAN-1,UP,1000.0,75.4273,76.22,0.0,23.65,2.8085,0.101,0,UP,4.0,0.0,6,6,25,-62.1,18.267,5.23,0,0,0,32,0,99.0,0.0,0,0,,,,,,,,,,,,,,,,,,,,,0.0,0,,SYNTHETIC,0
power-outage,0,205,2026-09-03T09:03:25Z,2026-09-03T09:03:26Z,2026-09-03T09:03:25Z,2026-09-03T09:03:26Z,site_a,SIM,synthetic_demo,A-WAN-1,UP,1000.0,119.8427,120.2,0.0,16.69,0.5923,0.091,0,UP,4.0,0.0,48,12,70,-62.0,19.657,6.075,0,5,0,7,0,95.0,0.0,0,0,LOAD_SHED,LOAD_SHED,0,1,81.88,92.0,51.3203,51.1422,1.9856,3.94771,3.94771,3.93401,3.93401,0.0,23.2,142.163,3,55.614,,DISCHARGE,0.0,0,,SYNTHETIC,0
power-outage,0,205,2026-09-03T09:03:25Z,2026-09-03T09:03:26Z,2026-09-03T09:03:25Z,2026-09-03T09:03:26Z,site_b,SIM,synthetic_demo,B-WAN-1,UP,1000.0,97.9891,98.09,0.0,22.07,1.4042,0.109,0,UP,4.0,0.0,6,6,39,-62.5,20.482,6.708,0,0,0,32,0,111.0,0.0,0,0,,,,,,,,,,,,,,,,,,,,,0.0,0,,SYNTHETIC,0
power-outage,0,206,2026-09-03T09:03:26Z,2026-09-03T09:03:27Z,2026-09-03T09:03:26Z,2026-09-03T09:03:27Z,site_a,SIM,synthetic_demo,A-WAN-1,UP,1000.0,102.6562,102.83,0.0,18.59,2.9338,0.074,0,UP,4.0,0.0,48,12,64,-63.0,19.977,6.308,0,1,0,7,0,220.0,0.0,0,0,LOAD_SHED,LOAD_SHED,0,1,81.87,92.0,51.3201,51.1442,1.9607,3.9477,3.9477,3.93417,3.93417,0.0,23.2,140.392,3,55.669,,DISCHARGE,0.0,0,,SYNTHETIC,0
power-outage,0,206,2026-09-03T09:03:26Z,2026-09-03T09:03:27Z,2026-09-03T09:03:26Z,2026-09-03T09:03:27Z,site_b,SIM,synthetic_demo,B-WAN-1,UP,1000.0,75.5934,75.66,0.0,22.7,1.9867,0.072,0,UP,4.0,0.0,6,6,54,-63.7,24.903,8.136,0,0,0,32,0,93.0,0.0,0,0,,,,,,,,,,,,,,,,,,,,,0.0,0,,SYNTHETIC,0
power-outage,0,207,2026-09-03T09:03:27Z,2026-09-03T09:03:28Z,2026-09-03T09:03:27Z,2026-09-03T09:03:28Z,site_a,SIM,synthetic_demo,A-WAN-1,UP,1000.0,124.82,125.02,0.0,17.29,1.2128,0.07,0,UP,4.0,0.0,48,12,51,-60.8,15.699,5.032,0,2,0,7,0,200.0,0.0,0,0,LOAD_SHED,LOAD_SHED,0,1,81.87,92.0,51.32,51.1385,2.0228,3.94769,3.94769,3.93373,3.93373,0.0,23.4,144.822,3,55.529,,DISCHARGE,0.0,0,,SYNTHETIC,0
power-outage,0,207,2026-09-03T09:03:27Z,2026-09-03T09:03:28Z,2026-09-03T09:03:27Z,2026-09-03T09:03:28Z,site_b,SIM,synthetic_demo,B-WAN-1,UP,1000.0,104.6277,103.95,0.0,22.24,0.8455,0.085,0,UP,4.0,0.0,6,6,28,-64.6,16.115,5.322,0,0,0,32,0,60.0,0.0,0,0,,,,,,,,,,,,,,,,,,,,,0.0,0,,SYNTHETIC,0
power-outage,0,208,2026-09-03T09:03:28Z,2026-09-03T09:03:29Z,2026-09-03T09:03:28Z,2026-09-03T09:03:29Z,site_a,SIM,synthetic_demo,A-WAN-1,UP,1000.0,160.04,160.63,0.0,16.08,0.3285,0.112,0,UP,4.0,0.0,48,12,99,-62.5,22.332,7.253,0,1,0,7,0,149.0,0.0,0,0,LOAD_SHED,LOAD_SHED,0,1,81.84,92.0,51.3198,51.1406,1.9981,3.94768,3.94768,3.93389,3.93389,0.0,23.3,143.056,3,55.583,,DISCHARGE,0.0,0,,SYNTHETIC,0
power-outage,0,208,2026-09-03T09:03:28Z,2026-09-03T09:03:29Z,2026-09-03T09:03:28Z,2026-09-03T09:03:29Z,site_b,SIM,synthetic_demo,B-WAN-1,UP,1000.0,72.3507,72.72,0.0,23.49,2.4855,0.089,0,UP,4.0,0.0,6,6,67,-64.5,26.772,8.814,0,0,0,32,0,69.0,0.0,0,0,,,,,,,,,,,,,,,,,,,,,0.0,0,,SYNTHETIC,0
power-outage,0,209,2026-09-03T09:03:29Z,2026-09-03T09:03:30Z,2026-09-03T09:03:29Z,2026-09-03T09:03:30Z,site_a,SIM,synthetic_demo,A-WAN-1,UP,1000.0,130.7333,131.01,0.0,18.29,2.4382,0.088,0,UP,4.0,0.0,48,12,63,-63.2,19.517,6.247,0,5,0,7,0,163.0,0.0,0,0,LOAD_SHED,LOAD_SHED,0,1,81.82,92.0,51.3196,51.1395,2.0083,3.94766,3.94766,3.93381,3.93381,0.0,23.3,143.783,3,55.56,,DISCHARGE,0.0,0,,SYNTHETIC,0
power-outage,0,209,2026-09-03T09:03:29Z,2026-09-03T09:03:30Z,2026-09-03T09:03:29Z,2026-09-03T09:03:30Z,site_b,SIM,synthetic_demo,B-WAN-1,UP,1000.0,70.0127,69.93,0.0,25.38,3.5114,0.082,0,UP,4.0,0.0,6,6,23,-60.7,15.808,5.513,0,0,0,32,0,97.0,0.0,0,0,,,,,,,,,,,,,,,,,,,,,0.0,0,,SYNTHETIC,0
power-outage,0,210,2026-09-03T09:03:30Z,2026-09-03T09:03:31Z,2026-09-03T09:03:30Z,2026-09-03T09:03:31Z,site_a,SIM,synthetic_demo,A-WAN-1,UP,1000.0,100.647,101.57,0.0,17.58,1.4334,0.086,0,UP,4.0,0.0,48,12,57,-62.5,19.405,5.835,0,2,0,7,0,215.0,0.0,0,0,LOAD_SHED,LOAD_SHED,0,1,81.82,92.0,51.3195,51.1412,1.9871,3.94765,3.94765,3.93394,3.93394,0.0,23.3,142.272,3,55.606,,DISCHARGE,0.0,0,,SYNTHETIC,0
power-outage,0,210,2026-09-03T09:03:30Z,2026-09-03T09:03:31Z,2026-09-03T09:03:30Z,2026-09-03T09:03:31Z,site_b,SIM,synthetic_demo,B-WAN-1,UP,1000.0,79.0417,78.53,0.0,20.95,0.6249,0.109,0,UP,4.0,0.0,6,6,61,-60.9,25.118,7.931,0,0,0,32,0,121.0,0.0,0,0,,,,,,,,,,,,,,,,,,,,,0.0,0,,SYNTHETIC,0
power-outage,0,211,2026-09-03T09:03:31Z,2026-09-03T09:03:32Z,2026-09-03T09:03:31Z,2026-09-03T09:03:32Z,site_a,SIM,synthetic_demo,A-WAN-1,UP,1000.0,143.114,143.18,0.0,16.66,0.4176,0.075,0,UP,4.0,0.0,48,12,47,-60.4,16.361,5.137,0,2,0,7,0,232.0,0.0,0,0,LOAD_SHED,LOAD_SHED,0,1,81.85,92.0,51.3193,51.1436,1.9591,3.94764,3.94764,3.93412,3.93412,0.0,23.3,140.27,3,55.668,,DISCHARGE,0.0,0,,SYNTHETIC,0
power-outage,0,211,2026-09-03T09:03:31Z,2026-09-03T09:03:32Z,2026-09-03T09:03:31Z,2026-09-03T09:03:32Z,site_b,SIM,synthetic_demo,B-WAN-1,UP,1000.0,59.6937,60.11,0.0,24.36,2.9955,0.092,0,UP,4.0,0.0,6,6,52,-63.2,23.823,7.732,0,1,0,32,0,46.0,0.0,0,0,,,,,,,,,,,,,,,,,,,,,0.0,0,,SYNTHETIC,0
power-outage,0,212,2026-09-03T09:03:32Z,2026-09-03T09:03:33Z,2026-09-03T09:03:32Z,2026-09-03T09:03:33Z,site_a,SIM,synthetic_demo,A-WAN-1,UP,1000.0,115.1415,115.37,0.0,18.18,2.2735,0.082,0,UP,4.0,0.0,48,48,239,-61.2,20.06,5.856,1,1,0,7,0,107.0,0.0,0,0,LOAD_SHED,BATTERY,0,1,81.87,92.0,51.3191,51.1387,2.0119,3.94762,3.94762,3.93374,3.93374,0.0,23.2,144.04,,684.934,,DISCHARGE,0.0,0,,SYNTHETIC,0
power-outage,0,212,2026-09-03T09:03:32Z,2026-09-03T09:03:33Z,2026-09-03T09:03:32Z,2026-09-03T09:03:33Z,site_b,SIM,synthetic_demo,B-WAN-1,UP,1000.0,113.2744,113.4,0.0,22.57,1.7247,0.086,0,UP,4.0,0.0,6,6,60,-64.3,24.528,8.359,1,0,0,32,0,64.0,0.0,0,0,,,,,,,,,,,,,,,,,,,,,0.0,0,,SYNTHETIC,0
power-outage,0,213,2026-09-03T09:03:33Z,2026-09-03T09:03:34Z,2026-09-03T09:03:33Z,2026-09-03T09:03:34Z,site_a,SIM,synthetic_demo,A-WAN-1,UP,1000.0,104.0321,104.24,0.0,18.66,2.0729,0.094,0,UP,4.0,0.0,48,48,242,-61.2,18.479,5.861,0,6,0,7,0,241.0,0.0,0,0,BATTERY,BATTERY,0,1,81.9,92.0,51.3172,48.9996,25.8367,3.94747,3.94747,3.7692,3.7692,0.0,23.3,1772.173,,55.669,OCP_DSG,DISCHARGE,0.0,0,,SYNTHETIC,0
power-outage,0,213,2026-09-03T09:03:33Z,2026-09-03T09:03:34Z,2026-09-03T09:03:33Z,2026-09-03T09:03:34Z,site_b,SIM,synthetic_demo,B-WAN-1,UP,1000.0,84.5563,84.1,0.0,21.33,0.2574,0.085,0,UP,4.0,0.0,6,6,26,-61.8,16.973,5.532,0,0,0,32,0,59.0,0.0,0,0,,,,,,,,,,,,,,,,,,,,,0.0,0,,SYNTHETIC,0
power-outage,0,214,2026-09-03T09:03:34Z,2026-09-03T09:03:35Z,2026-09-03T09:03:34Z,2026-09-03T09:03:35Z,site_a,SIM,synthetic_demo,A-WAN-1,UP,1000.0,175.5442,176.04,0.0,20.58,3.6227,0.088,0,UP,4.0,0.0,48,12,59,-61.0,18.613,5.652,0,5,0,7,0,309.0,0.0,0,0,BATTERY,LOAD_SHED,0,1,81.92,92.0,51.317,51.1408,1.9644,3.94746,3.94746,3.93391,3.93391,0.0,23.3,140.642,3,55.644,,DISCHARGE,0.0,0,,SYNTHETIC,0
power-outage,0,214,2026-09-03T09:03:34Z,2026-09-03T09:03:35Z,2026-09-03T09:03:34Z,2026-09-03T09:03:35Z,site_b,SIM,synthetic_demo,B-WAN-1,UP,1000.0,46.512,46.49,0.0,22.13,0.8955,0.092,0,UP,4.0,0.0,6,6,45,-63.3,21.004,6.937,0,0,0,32,0,103.0,0.0,0,0,,,,,,,,,,,,,,,,,,,,,0.0,0,,SYNTHETIC,0
power-outage,0,215,2026-09-03T09:03:35Z,2026-09-03T09:03:36Z,2026-09-03T09:03:35Z,2026-09-03T09:03:36Z,site_a,SIM,synthetic_demo,A-WAN-1,UP,1000.0,109.1163,108.85,0.0,15.97,0.5304,0.066,0,UP,4.0,0.0,48,12,68,-62.9,20.655,5.835,0,6,0,7,0,122.0,0.0,0,0,LOAD_SHED,LOAD_SHED,0,1,81.78,92.0,51.3168,51.1384,1.989,3.94745,3.94745,3.93373,3.93373,0.0,23.3,142.395,3,55.588,,DISCHARGE,0.0,0,,SYNTHETIC,0
power-outage,0,215,2026-09-03T09:03:35Z,2026-09-03T09:03:36Z,2026-09-03T09:03:35Z,2026-09-03T09:03:36Z,site_b,SIM,synthetic_demo,B-WAN-1,UP,1000.0,59.1843,59.41,0.0,21.07,0.1746,0.105,0,UP,4.0,0.0,6,6,32,-62.9,18.629,6.026,0,0,0,32,0,77.0,0.0,0,0,,,,,,,,,,,,,,,,,,,,,0.0,0,,SYNTHETIC,0
power-outage,0,215,2026-09-03T09:03:35Z,2026-09-03T09:03:36Z,2026-09-03T09:03:35Z,2026-09-03T09:03:36Z,site_b,SIM,synthetic_demo,B-WAN-1,UP,1000.0,59.1843,59.41,0.0,21.07,0.1746,0.105,0,UP,4.0,0.0,6,6,32,-62.9,18.629,6.026,0,0,0,32,0,77.0,0.0,0,0,,,,,,,,,,,,,,,,,,,,,0.0,0,,SYNTHETIC|DUPLICATE,0
power-outage,0,216,2026-09-03T09:03:36Z,2026-09-03T09:03:37Z,2026-09-03T09:03:36Z,2026-09-03T09:03:37Z,site_a,SIM,synthetic_demo,A-WAN-1,UP,1000.0,176.2779,176.55,0.0,16.72,0.8655,0.069,0,UP,4.0,0.0,48,12,76,-62.8,21.767,6.55,1,5,0,7,0,195.0,0.0,0,0,LOAD_SHED,LOAD_SHED,0,1,81.83,92.0,51.3167,51.1412,1.9568,3.94744,3.94744,3.93393,3.93393,0.0,23.3,140.099,3,55.659,,DISCHARGE,0.0,0,,SYNTHETIC,0
power-outage,0,216,2026-09-03T09:03:36Z,2026-09-03T09:03:37Z,2026-09-03T09:03:36Z,2026-09-03T09:03:37Z,site_b,SIM,synthetic_demo,B-WAN-1,UP,1000.0,47.4682,48.5,0.0,22.89,1.7259,0.083,0,UP,4.0,0.0,6,6,49,-63.9,23.603,7.672,1,0,0,32,0,72.0,0.0,0,0,,,,,,,,,,,,,,,,,,,,,0.0,0,,SYNTHETIC,0
power-outage,0,217,2026-09-03T09:03:37Z,2026-09-03T09:03:38Z,2026-09-03T09:03:37Z,2026-09-03T09:03:38Z,site_a,SIM,synthetic_demo,A-WAN-1,UP,1000.0,118.4536,118.47,0.0,16.29,0.201,0.056,0,UP,4.0,0.0,48,12,42,-63.3,17.597,5.083,1,5,0,7,0,219.0,0.0,0,0,LOAD_SHED,LOAD_SHED,0,1,81.76,92.0,51.3165,51.1421,1.9449,3.94742,3.94742,3.934,3.934,0.0,23.3,139.249,3,55.685,,DISCHARGE,0.0,0,,SYNTHETIC,0
power-outage,0,217,2026-09-03T09:03:37Z,2026-09-03T09:03:38Z,2026-09-03T09:03:37Z,2026-09-03T09:03:38Z,site_b,SIM,synthetic_demo,B-WAN-1,UP,1000.0,48.0493,46.84,0.0,23.75,2.6803,0.088,0,UP,4.0,0.0,6,6,35,-63.5,17.692,6.197,0,1,0,32,0,103.0,0.0,0,0,,,,,,,,,,,,,,,,,,,,,0.0,0,,SYNTHETIC,0
power-outage,0,218,2026-09-03T09:03:38Z,2026-09-03T09:03:39Z,2026-09-03T09:03:38Z,2026-09-03T09:03:39Z,site_a,SIM,synthetic_demo,A-WAN-1,UP,1000.0,146.2649,146.89,0.0,17.47,0.7083,0.086,0,UP,4.0,0.0,48,12,37,-63.1,16.684,5.017,0,6,0,7,0,128.0,0.0,0,0,LOAD_SHED,LOAD_SHED,0,1,81.81,92.0,51.3163,51.135,2.022,3.94741,3.94741,3.93346,3.93346,0.0,23.3,144.748,3,55.512,,DISCHARGE,0.0,0,,SYNTHETIC,0
power-outage,0,218,2026-09-03T09:03:38Z,2026-09-03T09:03:39Z,2026-09-03T09:03:38Z,2026-09-03T09:03:39Z,site_b,SIM,synthetic_demo,B-WAN-1,UP,1000.0,52.836,52.68,0.0,24.21,2.7361,0.107,0,UP,4.0,0.0,6,6,25,-61.8,16.423,5.001,0,1,0,32,0,59.0,0.0,0,0,,,,,,,,,,,,,,,,,,,,,0.0,0,,SYNTHETIC,0
power-outage,0,219,2026-09-03T09:03:39Z,2026-09-03T09:03:40Z,2026-09-03T09:03:39Z,2026-09-03T09:03:40Z,site_a,SIM,synthetic_demo,A-WAN-1,UP,1000.0,100.0837,100.79,0.0,19.19,2.6918,0.081,0,UP,4.0,0.0,48,12,44,-62.5,17.766,4.953,0,6,0,7,0,191.0,0.0,0,0,LOAD_SHED,LOAD_SHED,0,1,81.79,92.0,51.3162,51.1403,1.9609,3.9474,3.9474,3.93387,3.93387,0.0,23.3,140.395,3,55.647,,DISCHARGE,0.0,0,,SYNTHETIC,0
power-outage,0,219,2026-09-03T09:03:39Z,2026-09-03T09:03:40Z,2026-09-03T09:03:39Z,2026-09-03T09:03:40Z,site_b,SIM,synthetic_demo,B-WAN-1,UP,1000.0,67.5318,67.28,0.0,22.81,1.2978,0.091,0,UP,4.0,0.0,6,6,29,-61.6,18.609,5.886,0,0,0,32,0,30.0,0.0,0,0,,,,,,,,,,,,,,,,,,,,,0.0,0,,SYNTHETIC,0
power-outage,0,220,2026-09-03T09:03:40Z,2026-09-03T09:03:41Z,2026-09-03T09:03:40Z,2026-09-03T09:03:41Z,site_a,SIM,synthetic_demo,A-WAN-1,UP,1000.0,99.6644,99.72,0.0,16.92,0.2861,0.063,0,UP,4.0,0.0,48,12,65,-62.7,18.847,6.14,0,5,0,7,0,94.0,0.0,0,0,LOAD_SHED,LOAD_SHED,0,1,81.83,92.0,51.316,51.1344,2.0241,3.94739,3.94739,3.93342,3.93342,0.0,23.3,144.901,3,55.505,,DISCHARGE,0.0,0,,SYNTHETIC,0
power-outage,0,220,2026-09-03T09:03:40Z,2026-09-03T09:03:41Z,2026-09-03T09:03:40Z,2026-09-03T09:03:41Z,site_b,SIM,synthetic_demo,B-WAN-1,UP,1000.0,56.4735,56.02,0.0,21.65,0.7824,0.119,0,UP,4.0,0.0,6,6,38,-62.0,20.906,5.906,0,0,0,32,0,60.0,0.0,0,0,,,,,,,,,,,,,,,,,,,,,0.0,0,,SYNTHETIC,0
power-outage,0,221,2026-09-03T09:03:41Z,2026-09-03T09:03:42Z,2026-09-03T09:03:41Z,2026-09-03T09:03:42Z,site_a,SIM,synthetic_demo,A-WAN-1,UP,1000.0,89.4418,90.21,0.0,16.69,0.6464,0.068,0,UP,4.0,0.0,48,12,69,-60.7,19.502,5.8,0,5,0,7,0,112.0,0.0,0,0,LOAD_SHED,LOAD_SHED,0,1,81.79,92.0,51.3158,51.1316,2.0536,3.94737,3.94737,3.9332,3.9332,0.0,23.1,147.006,3,55.439,,DISCHARGE,0.0,0,,SYNTHETIC,0
power-outage,0,221,2026-09-03T09:03:41Z,2026-09-03T09:03:42Z,2026-09-03T09:03:41Z,2026-09-03T09:03:42Z,site_b,SIM,synthetic_demo,B-WAN-1,UP,1000.0,93.51,93.59,0.0,22.84,1.3978,0.097,0,UP,4.0,0.0,6,6,40,-59.7,19.744,6.519,0,1,0,32,0,71.0,0.0,0,0,,,,,,,,,,,,,,,,,,,,,0.0,0,,SYNTHETIC,0
power-outage,0,222,2026-09-03T09:03:42Z,2026-09-03T09:03:43Z,2026-09-03T09:03:42Z,2026-09-03T09:03:43Z,site_a,SIM,synthetic_demo,A-WAN-1,UP,1000.0,98.2293,98.24,0.0,17.21,1.1785,0.082,0,UP,4.0,0.0,48,12,57,-61.2,17.212,5.608,1,6,0,7,0,127.0,0.0,0,0,LOAD_SHED,LOAD_SHED,0,1,81.76,92.0,51.3157,51.1349,2.015,3.94736,3.94736,3.93346,3.93346,0.0,23.2,144.248,3,55.524,,DISCHARGE,0.0,0,,SYNTHETIC,0
power-outage,0,222,2026-09-03T09:03:42Z,2026-09-03T09:03:43Z,2026-09-03T09:03:42Z,2026-09-03T09:03:43Z,site_b,SIM,synthetic_demo,B-WAN-1,UP,1000.0,65.3943,65.28,0.0,21.59,0.4827,0.108,0,UP,4.0,0.0,6,6,29,-62.4,20.154,5.947,0,0,0,32,0,74.0,0.0,0,0,,,,,,,,,,,,,,,,,,,,,0.0,0,,SYNTHETIC,0
power-outage,0,223,2026-09-03T09:03:43Z,2026-09-03T09:03:44Z,2026-09-03T09:03:43Z,2026-09-03T09:03:44Z,site_a,SIM,synthetic_demo,A-WAN-1,UP,1000.0,100.084,100.31,0.0,16.63,1.1769,0.091,0,UP,4.0,0.0,48,12,25,-63.3,15.068,4.403,1,6,0,7,0,160.0,0.0,0,0,LOAD_SHED,LOAD_SHED,0,1,81.82,92.0,51.3155,51.1328,2.0366,3.94735,3.94735,3.93329,3.93329,0.0,23.4,145.793,3,55.475,,DISCHARGE,0.0,0,,SYNTHETIC,0
power-outage,0,223,2026-09-03T09:03:43Z,2026-09-03T09:03:44Z,2026-09-03T09:03:43Z,2026-09-03T09:03:44Z,site_b,SIM,synthetic_demo,B-WAN-1,UP,1000.0,70.3189,70.79,0.0,23.02,2.2792,0.119,0,UP,4.0,0.0,6,6,43,-62.6,21.932,6.754,0,1,0,32,0,51.0,0.0,0,0,,,,,,,,,,,,,,,,,,,,,0.0,0,,SYNTHETIC,0
power-outage,0,224,2026-09-03T09:03:44Z,2026-09-03T09:03:45Z,2026-09-03T09:03:44Z,2026-09-03T09:03:45Z,site_a,SIM,synthetic_demo,A-WAN-1,UP,1000.0,213.3181,212.66,0.0,16.37,0.5327,0.095,0,UP,4.0,0.0,48,12,70,-61.9,20.215,6.053,1,7,0,7,0,204.0,0.0,0,0,LOAD_SHED,LOAD_SHED,0,1,81.81,92.0,51.3153,51.132,2.0437,3.94733,3.94733,3.93323,3.93323,0.0,23.2,146.295,3,55.458,,DISCHARGE,0.0,0,,SYNTHETIC,0
power-outage,0,224,2026-09-03T09:03:44Z,2026-09-03T09:03:45Z,2026-09-03T09:03:44Z,2026-09-03T09:03:45Z,site_b,SIM,synthetic_demo,B-WAN-1,UP,1000.0,84.3814,84.99,0.0,23.31,2.3945,0.136,0,UP,4.0,0.0,6,6,47,-58.5,22.183,6.132,0,1,0,32,0,83.0,0.0,0,0,,,,,,,,,,,,,,,,,,,,,0.0,0,,SYNTHETIC,0
power-outage,0,225,2026-09-03T09:03:45Z,2026-09-03T09:03:46Z,2026-09-03T09:03:45Z,2026-09-03T09:03:46Z,site_a,SIM,synthetic_demo,A-WAN-1,UP,1000.0,161.1172,161.09,0.0,16.83,1.1219,0.058,0,UP,4.0,0.0,48,12,102,-62.9,22.733,7.533,0,5,0,7,0,74.0,0.0,0,0,LOAD_SHED,LOAD_SHED,0,1,81.81,92.0,51.3152,51.1378,1.9774,3.94732,3.94732,3.93368,3.93368,0.0,23.3,141.566,3,55.605,,DISCHARGE,0.0,0,,SYNTHETIC,0
power-outage,0,225,2026-09-03T09:03:45Z,2026-09-03T09:03:46Z,2026-09-03T09:03:45Z,2026-09-03T09:03:46Z,site_b,SIM,synthetic_demo,B-WAN-1,UP,1000.0,72.1938,71.81,0.0,21.27,0.8553,0.113,0,UP,4.0,0.0,6,6,43,-61.9,18.738,7.184,0,0,0,32,0,67.0,0.0,0,0,,,,,,,,,,,,,,,,,,,,,0.0,0,,SYNTHETIC,0
power-outage,0,226,2026-09-03T09:03:46Z,2026-09-03T09:03:47Z,2026-09-03T09:03:46Z,2026-09-03T09:03:47Z,site_a,SIM,synthetic_demo,A-WAN-1,UP,1000.0,119.4702,118.96,0.0,16.87,0.8667,0.1,0,UP,4.0,0.0,48,12,53,-62.4,18.033,5.474,1,5,0,7,0,165.0,0.0,0,0,LOAD_SHED,LOAD_SHED,0,1,81.78,92.0,51.315,51.1357,1.9989,3.94731,3.94731,3.93351,3.93351,0.0,23.2,143.102,3,55.556,,DISCHARGE,0.0,0,,SYNTHETIC,0
power-outage,0,226,2026-09-03T09:03:46Z,2026-09-03T09:03:47Z,2026-09-03T09:03:46Z,2026-09-03T09:03:47Z,site_b,SIM,synthetic_demo,B-WAN-1,UP,1000.0,85.2033,85.3,0.0,21.32,0.1362,0.125,0,UP,4.0,0.0,6,6,38,-62.0,22.625,6.296,0,0,0,32,0,60.0,0.0,0,0,,,,,,,,,,,,,,,,,,,,,0.0,0,,SYNTHETIC,0
power-outage,0,227,2026-09-03T09:03:47Z,2026-09-03T09:03:48Z,2026-09-03T09:03:47Z,2026-09-03T09:03:48Z,site_a,SIM,synthetic_demo,A-WAN-1,UP,1000.0,150.6217,150.25,0.0,18.55,2.3637,0.099,0,UP,4.0,0.0,48,12,95,-63.1,20.698,7.203,3,7,0,7,0,134.0,0.0,0,0,LOAD_SHED,LOAD_SHED,0,1,81.86,92.0,51.3148,51.1386,1.9649,3.94729,3.94729,3.93374,3.93374,0.0,23.3,140.676,3,55.631,,DISCHARGE,0.0,0,,SYNTHETIC,0
power-outage,0,227,2026-09-03T09:03:47Z,2026-09-03T09:03:48Z,2026-09-03T09:03:47Z,2026-09-03T09:03:48Z,site_b,SIM,synthetic_demo,B-WAN-1,UP,1000.0,78.6254,78.64,0.0,23.05,1.5927,0.065,0,UP,4.0,0.0,6,6,49,-64.4,24.458,7.849,0,0,0,32,0,66.0,0.0,0,0,,,,,,,,,,,,,,,,,,,,,0.0,0,,SYNTHETIC,0
power-outage,0,228,2026-09-03T09:03:48Z,2026-09-03T09:03:49Z,2026-09-03T09:03:48Z,2026-09-03T09:03:49Z,site_a,SIM,synthetic_demo,A-WAN-1,UP,1000.0,109.434,109.79,0.0,16.35,0.3524,0.129,0,UP,4.0,0.0,48,12,42,-61.7,18.338,5.22,1,5,0,7,0,126.0,0.0,0,0,LOAD_SHED,LOAD_SHED,0,1,81.72,92.0,51.3147,51.1372,1.9786,3.94728,3.94728,3.93363,3.93363,0.0,23.3,141.654,3,55.6,,DISCHARGE,0.0,0,,SYNTHETIC,0
power-outage,0,228,2026-09-03T09:03:48Z,2026-09-03T09:03:49Z,2026-09-03T09:03:48Z,2026-09-03T09:03:49Z,site_b,SIM,synthetic_demo,B-WAN-1,UP,1000.0,82.3455,82.77,0.0,21.87,1.2431,0.097,0,UP,4.0,0.0,6,6,49,-62.4,22.404,7.456,0,0,0,32,0,51.0,0.0,0,0,,,,,,,,,,,,,,,,,,,,,0.0,0,,SYNTHETIC,0
power-outage,0,229,2026-09-03T09:03:49Z,2026-09-03T09:03:50Z,2026-09-03T09:03:49Z,2026-09-03T09:03:50Z,site_a,SIM,synthetic_demo,A-WAN-1,UP,1000.0,138.8238,138.86,0.0,17.1,0.8855,0.071,0,UP,4.0,0.0,48,48,268,-62.5,19.455,6.025,2,2,0,7,0,81.0,0.0,0,0,LOAD_SHED,BATTERY,0,1,81.73,92.0,51.3145,51.1353,1.9981,3.94727,3.94727,3.93348,3.93348,0.0,23.3,143.038,,689.421,,DISCHARGE,0.0,0,,SYNTHETIC,0
power-outage,0,229,2026-09-03T09:03:49Z,2026-09-03T09:03:50Z,2026-09-03T09:03:49Z,2026-09-03T09:03:50Z,site_b,SIM,synthetic_demo,B-WAN-1,UP,1000.0,81.3759,80.98,0.0,24.5,2.6194,0.101,0,UP,4.0,0.0,6,6,47,-61.8,24.115,6.833,0,1,0,32,0,64.0,0.0,0,0,,,,,,,,,,,,,,,,,,,,,0.0,0,,SYNTHETIC,0
power-outage,0,230,2026-09-03T09:03:50Z,2026-09-03T09:03:51Z,2026-09-03T09:03:50Z,2026-09-03T09:03:51Z,site_a,SIM,synthetic_demo,A-WAN-1,UP,1000.0,123.2999,123.88,0.0,16.55,0.3956,0.104,0,UP,4.0,0.0,48,48,242,-61.0,18.989,5.485,0,4,0,7,0,136.0,0.0,0,0,BATTERY,BATTERY,0,1,81.8,92.0,51.3125,48.9895,25.8975,3.94712,3.94712,3.76843,3.76843,0.0,23.4,1775.98,,55.525,OCP_DSG,DISCHARGE,0.0,0,,SYNTHETIC,0
power-outage,0,230,2026-09-03T09:03:50Z,2026-09-03T09:03:51Z,2026-09-03T09:03:50Z,2026-09-03T09:03:51Z,site_b,SIM,synthetic_demo,B-WAN-1,UP,1000.0,120.3091,120.12,0.0,21.19,0.4871,0.104,0,UP,4.0,0.0,6,6,57,-63.9,24.482,8.425,0,1,0,32,0,86.0,0.0,0,0,,,,,,,,,,,,,,,,,,,,,0.0,0,,SYNTHETIC,0
power-outage,0,231,2026-09-03T09:03:51Z,2026-09-03T09:03:52Z,2026-09-03T09:03:51Z,2026-09-03T09:03:52Z,site_a,SIM,synthetic_demo,A-WAN-1,UP,1000.0,122.0563,120.59,0.0,18.12,1.9476,0.029,0,UP,4.0,0.0,48,12,74,-61.2,19.651,5.682,0,4,0,7,0,230.0,0.0,0,0,BATTERY,LOAD_SHED,0,1,81.72,92.0,51.3124,51.1326,2.0044,3.94711,3.94711,3.93327,3.93327,0.0,23.3,143.484,3,55.53,,DISCHARGE,0.0,0,,SYNTHETIC,0
power-outage,0,231,2026-09-03T09:03:51Z,2026-09-03T09:03:52Z,2026-09-03T09:03:51Z,2026-09-03T09:03:52Z,site_b,SIM,synthetic_demo,B-WAN-1,UP,1000.0,103.5513,104.1,0.0,23.21,2.3884,0.09,0,UP,4.0,0.0,6,6,34,-62.2,18.708,5.332,0,1,0,32,0,30.0,0.0,0,0,,,,,,,,,,,,,,,,,,,,,0.0,0,,SYNTHETIC,0
power-outage,0,232,2026-09-03T09:03:52Z,2026-09-03T09:03:53Z,2026-09-03T09:03:52Z,2026-09-03T09:03:53Z,site_a,SIM,synthetic_demo,A-WAN-1,UP,1000.0,172.6422,172.69,0.0,16.27,0.2835,0.064,0,UP,4.0,0.0,48,12,48,-61.5,17.801,4.892,0,5,0,7,0,217.0,0.0,0,0,LOAD_SHED,LOAD_SHED,0,1,81.78,92.0,51.3122,51.1336,1.9915,3.94709,3.94709,3.93335,3.93335,0.0,23.3,142.567,3,55.558,,DISCHARGE,0.0,0,,SYNTHETIC,0
power-outage,0,232,2026-09-03T09:03:52Z,2026-09-03T09:03:53Z,2026-09-03T09:03:52Z,2026-09-03T09:03:53Z,site_b,SIM,synthetic_demo,B-WAN-1,UP,1000.0,88.321,89.19,0.0,21.54,1.4238,0.108,0,UP,4.0,0.0,6,6,31,-61.3,20.484,5.594,0,0,0,32,0,70.0,0.0,0,0,,,,,,,,,,,,,,,,,,,,,0.0,0,,SYNTHETIC,0
power-outage,0,233,2026-09-03T09:03:53Z,2026-09-03T09:03:54Z,2026-09-03T09:03:53Z,2026-09-03T09:03:54Z,site_a,SIM,synthetic_demo,A-WAN-1,UP,1000.0,236.8865,236.62,0.0,17.4,1.6,0.061,0,UP,4.0,0.0,48,12,59,-62.3,18.457,5.904,0,3,0,7,0,214.0,0.0,0,0,LOAD_SHED,LOAD_SHED,0,1,81.8,92.0,51.312,51.1327,1.9989,3.94708,3.94708,3.93329,3.93329,0.0,23.3,143.092,3,55.541,,DISCHARGE,0.0,0,,SYNTHETIC,0
power-outage,0,233,2026-09-03T09:03:53Z,2026-09-03T09:03:54Z,2026-09-03T09:03:53Z,2026-09-03T09:03:54Z,site_b,SIM,synthetic_demo,B-WAN-1,UP,1000.0,81.1763,81.72,0.0,21.66,0.5057,0.118,0,UP,4.0,0.0,6,6,47,-63.8,25.088,6.87,1,1,0,32,0,121.0,0.0,0,0,,,,,,,,,,,,,,,,,,,,,0.0,0,,SYNTHETIC,0
power-outage,0,234,2026-09-03T09:03:54Z,2026-09-03T09:03:55Z,2026-09-03T09:03:54Z,2026-09-03T09:03:55Z,site_a,SIM,synthetic_demo,A-WAN-1,UP,1000.0,127.0913,126.49,0.0,17.88,1.9331,0.077,0,UP,4.0,0.0,48,12,67,-62.8,19.381,5.993,0,3,0,7,0,192.0,0.0,0,0,LOAD_SHED,LOAD_SHED,0,1,81.87,92.0,51.3119,51.1352,1.9696,3.94707,3.94707,3.93348,3.93348,0.0,23.3,141.003,3,55.605,,DISCHARGE,0.0,0,,SYNTHETIC,0
power-outage,0,234,2026-09-03T09:03:54Z,2026-09-03T09:03:55Z,2026-09-03T09:03:54Z,2026-09-03T09:03:55Z,site_b,SIM,synthetic_demo,B-WAN-1,UP,1000.0,96.7114,96.57,0.0,20.4,0.2474,0.096,0,UP,4.0,0.0,6,6,26,-61.5,17.493,5.389,0,0,0,32,0,55.0,0.0,0,0,,,,,,,,,,,,,,,,,,,,,0.0,0,,SYNTHETIC,0
power-outage,0,235,2026-09-03T09:03:55Z,2026-09-03T09:03:56Z,2026-09-03T09:03:55Z,2026-09-03T09:03:56Z,site_a,SIM,synthetic_demo,A-WAN-1,UP,1000.0,117.7435,117.34,0.0,19.21,3.1433,0.086,0,UP,4.0,0.0,48,12,60,-63.1,19.009,5.871,0,3,0,7,0,121.0,0.0,0,0,LOAD_SHED,LOAD_SHED,0,1,81.79,92.0,51.3117,51.1306,2.0189,3.94705,3.94705,3.93312,3.93312,0.0,23.2,144.515,3,55.494,,DISCHARGE,0.0,0,,SYNTHETIC,0
power-outage,0,235,2026-09-03T09:03:55Z,2026-09-03T09:03:56Z,2026-09-03T09:03:55Z,2026-09-03T09:03:56Z,site_b,SIM,synthetic_demo,B-WAN-1,UP,1000.0,116.9652,116.79,0.0,21.85,0.6288,0.105,0,UP,4.0,0.0,6,6,30,-61.0,21.547,6.014,0,0,0,32,0,77.0,0.0,0,0,,,,,,,,,,,,,,,,,,,,,0.0,0,,SYNTHETIC,0
power-outage,0,236,2026-09-03T09:03:56Z,2026-09-03T09:03:57Z,2026-09-03T09:03:56Z,2026-09-03T09:03:57Z,site_a,SIM,synthetic_demo,A-WAN-1,UP,1000.0,116.057,115.6,0.0,16.75,0.6768,0.059,0,UP,4.0,0.0,48,12,49,-62.7,17.779,5.346,1,4,0,7,0,165.0,0.0,0,0,LOAD_SHED,LOAD_SHED,0,1,81.82,92.0,51.3115,51.133,1.9908,3.94704,3.94704,3.9333,3.9333,0.0,23.3,142.515,3,55.556,,DISCHARGE,0.0,0,,SYNTHETIC,0
power-outage,0,236,2026-09-03T09:03:56Z,2026-09-03T09:03:57Z,2026-09-03T09:03:56Z,2026-09-03T09:03:57Z,site_b,SIM,synthetic_demo,B-WAN-1,UP,1000.0,72.3064,72.23,0.0,21.95,0.4853,0.114,0,UP,4.0,0.0,6,6,34,-62.0,19.886,5.735,0,0,0,32,0,67.0,0.0,0,0,,,,,,,,,,,,,,,,,,,,,0.0,0,,SYNTHETIC,0
power-outage,0,237,2026-09-03T09:03:57Z,2026-09-03T09:03:58Z,2026-09-03T09:03:57Z,2026-09-03T09:03:58Z,site_a,SIM,synthetic_demo,A-WAN-1,UP,1000.0,132.1224,131.83,0.0,16.02,0.1962,0.099,0,UP,4.0,0.0,48,12,71,-60.8,19.976,6.51,0,4,0,7,0,227.0,0.0,0,0,LOAD_SHED,LOAD_SHED,0,1,81.72,92.0,51.3114,51.1311,2.0091,3.94703,3.94703,3.93317,3.93317,0.0,23.1,143.816,3,55.514,,DISCHARGE,0.0,0,,SYNTHETIC,0
power-outage,0,237,2026-09-03T09:03:57Z,2026-09-03T09:03:58Z,2026-09-03T09:03:57Z,2026-09-03T09:03:58Z,site_b,SIM,synthetic_demo,B-WAN-1,UP,1000.0,149.806,150.31,0.0,23.15,1.923,0.104,0,UP,4.0,0.0,6,6,41,-65.1,21.999,7.466,0,0,0,32,0,40.0,0.0,0,0,,,,,,,,,,,,,,,,,,,,,0.0,0,,SYNTHETIC,0
power-outage,0,238,2026-09-03T09:03:58Z,2026-09-03T09:03:59Z,2026-09-03T09:03:58Z,2026-09-03T09:03:59Z,site_a,SIM,synthetic_demo,A-WAN-1,UP,1000.0,136.3233,135.74,0.0,17.81,2.5873,0.079,0,UP,4.0,0.0,48,12,54,-61.9,19.771,5.726,1,3,0,7,0,189.0,0.0,0,0,LOAD_SHED,LOAD_SHED,0,1,81.79,92.0,51.3112,51.1321,1.9967,3.94702,3.94702,3.93324,3.93324,0.0,23.3,142.935,3,55.541,,DISCHARGE,0.0,0,,SYNTHETIC,0
power-outage,0,238,2026-09-03T09:03:58Z,2026-09-03T09:03:59Z,2026-09-03T09:03:58Z,2026-09-03T09:03:59Z,site_b,SIM,synthetic_demo,B-WAN-1,UP,1000.0,82.3077,82.72,0.0,23.71,2.6389,0.079,0,UP,4.0,0.0,6,6,60,-59.9,26.497,7.747,0,0,0,32,0,49.0,0.0,0,0,,,,,,,,,,,,,,,,,,,,,0.0,0,,SYNTHETIC,0
power-outage,0,239,2026-09-03T09:03:59Z,2026-09-03T09:04:00Z,2026-09-03T09:03:59Z,2026-09-03T09:04:00Z,site_a,SIM,synthetic_demo,A-WAN-1,UP,1000.0,156.696,156.94,0.0,15.93,0.1999,0.14,0,UP,4.0,0.0,48,12,46,-62.0,17.523,5.118,1,4,0,7,0,165.0,0.0,0,0,LOAD_SHED,LOAD_SHED,0,1,81.74,92.0,51.311,51.13,2.0183,3.947,3.947,3.93308,3.93308,0.0,23.2,144.476,3,55.492,,DISCHARGE,0.0,0,,SYNTHETIC,0
power-outage,0,239,2026-09-03T09:03:59Z,2026-09-03T09:04:00Z,2026-09-03T09:03:59Z,2026-09-03T09:04:00Z,site_b,SIM,synthetic_demo,B-WAN-1,UP,1000.0,93.6298,94.53,0.0,22.62,1.9088,0.099,0,UP,4.0,0.0,6,6,57,-63.9,23.193,7.956,0,0,0,32,0,74.0,0.0,0,0,,,,,,,,,,,,,,,,,,,,,0.0,0,,SYNTHETIC,0
power-outage,0,240,2026-09-03T09:04:00Z,2026-09-03T09:04:01Z,2026-09-03T09:04:00Z,2026-09-03T09:04:01Z,site_a,SIM,synthetic_demo,A-WAN-1,UP,1000.0,98.5591,97.8,0.0,16.28,0.5219,0.056,0,UP,4.0,0.0,48,12,66,-63.4,18.201,5.953,0,3,0,7,0,95.0,0.0,0,0,LOAD_SHED,LOAD_SHED,0,1,81.83,92.0,51.3109,51.1313,2.0018,3.94699,3.94699,3.93318,3.93318,0.0,23.3,143.295,3,55.528,,DISCHARGE,0.0,0,,SYNTHETIC,0
power-outage,0,240,2026-09-03T09:04:00Z,2026-09-03T09:04:01Z,2026-09-03T09:04:00Z,2026-09-03T09:04:01Z,site_b,SIM,synthetic_demo,B-WAN-1,UP,1000.0,63.4649,64.46,0.0,21.44,1.2798,0.065,0,UP,4.0,0.0,6,6,47,-64.6,22.899,7.266,1,1,0,32,0,85.0,0.0,0,0,,,,,,,,,,,,,,,,,,,,,0.0,0,,SYNTHETIC,0
power-outage,0,241,2026-09-03T09:04:01Z,2026-09-03T09:04:02Z,2026-09-03T09:04:01Z,2026-09-03T09:04:02Z,site_a,SIM,synthetic_demo,A-WAN-1,UP,1000.0,101.2693,101.68,0.0,17.15,1.1176,0.109,0,UP,4.0,0.0,48,12,37,-61.9,16.982,4.918,0,3,0,7,0,194.0,0.0,0,0,LOAD_SHED,LOAD_SHED,0,1,81.71,92.0,51.3107,51.1326,1.9856,3.94698,3.94698,3.93328,3.93328,0.0,23.2,142.142,3,55.563,,DISCHARGE,0.0,0,,SYNTHETIC,0
power-outage,0,241,2026-09-03T09:04:01Z,2026-09-03T09:04:02Z,2026-09-03T09:04:01Z,2026-09-03T09:04:02Z,site_b,SIM,synthetic_demo,B-WAN-1,UP,1000.0,72.938,73.42,0.0,23.66,1.6746,0.098,0,UP,4.0,0.0,6,6,16,-61.0,16.858,4.358,0,0,0,32,0,85.0,0.0,0,0,,,,,,,,,,,,,,,,,,,,,0.0,0,,SYNTHETIC,0
power-outage,0,242,2026-09-03T09:04:02Z,2026-09-03T09:04:03Z,2026-09-03T09:04:02Z,2026-09-03T09:04:03Z,site_a,SIM,synthetic_demo,A-WAN-1,UP,1000.0,97.3488,98.18,0.0,16.57,0.9287,0.078,0,UP,4.0,0.0,48,12,72,-60.4,21.718,6.07,0,3,0,7,0,152.0,0.0,0,0,LOAD_SHED,LOAD_SHED,0,1,81.79,92.0,51.3105,51.127,2.0464,3.94696,3.94696,3.93284,3.93284,0.0,23.2,146.477,3,55.427,,DISCHARGE,0.0,0,,SYNTHETIC,0
power-outage,0,242,2026-09-03T09:04:02Z,2026-09-03T09:04:03Z,2026-09-03T09:04:02Z,2026-09-03T09:04:03Z,site_b,SIM,synthetic_demo,B-WAN-1,UP,1000.0,66.4398,66.18,0.0,21.18,0.329,0.08,0,UP,4.0,0.0,6,6,29,-61.2,19.355,5.929,0,1,0,32,0,55.0,0.0,0,0,,,,,,,,,,,,,,,,,,,,,0.0,0,,SYNTHETIC,0
power-outage,0,243,2026-09-03T09:04:03Z,2026-09-03T09:04:04Z,2026-09-03T09:04:03Z,2026-09-03T09:04:04Z,site_a,SIM,synthetic_demo,A-WAN-1,UP,1000.0,99.4223,98.99,0.0,18.66,2.2458,0.031,0,UP,4.0,0.0,48,12,111,-61.9,24.613,7.734,1,4,0,7,0,124.0,0.0,0,0,LOAD_SHED,LOAD_SHED,0,1,81.7,92.0,51.3104,51.1336,1.9704,3.94695,3.94695,3.93336,3.93336,0.0,23.2,141.051,3,55.596,,DISCHARGE,0.0,0,,SYNTHETIC,0
power-outage,0,243,2026-09-03T09:04:03Z,2026-09-03T09:04:04Z,2026-09-03T09:04:03Z,2026-09-03T09:04:04Z,site_b,SIM,synthetic_demo,B-WAN-1,UP,1000.0,65.5314,64.6,0.0,24.08,2.7358,0.067,0,UP,4.0,0.0,6,6,72,-61.6,29.082,8.751,0,2,0,32,0,68.0,0.0,0,0,,,,,,,,,,,,,,,,,,,,,0.0,0,,SYNTHETIC,0
power-outage,0,244,2026-09-03T09:04:04Z,2026-09-03T09:04:05Z,2026-09-03T09:04:04Z,2026-09-03T09:04:05Z,site_a,SIM,synthetic_demo,A-WAN-1,UP,1000.0,140.422,141.28,0.0,16.39,0.5774,0.058,0,UP,4.0,0.0,48,12,65,-63.1,20.117,5.96,0,5,0,7,0,235.0,0.0,0,0,LOAD_SHED,LOAD_SHED,0,1,81.71,92.0,51.3102,51.1297,2.0118,3.94694,3.94694,3.93306,3.93306,0.0,23.4,144.009,3,55.502,,DISCHARGE,0.0,0,,SYNTHETIC,0
power-outage,0,244,2026-09-03T09:04:04Z,2026-09-03T09:04:05Z,2026-09-03T09:04:04Z,2026-09-03T09:04:05Z,site_b,SIM,synthetic_demo,B-WAN-1,UP,1000.0,65.6821,65.12,0.0,21.65,0.3159,0.068,0,UP,4.0,0.0,6,6,33,-62.6,18.23,5.863,0,0,0,32,0,86.0,0.0,0,0,,,,,,,,,,,,,,,,,,,,,0.0,0,,SYNTHETIC,0
power-outage,0,245,2026-09-03T09:04:05Z,2026-09-03T09:04:06Z,2026-09-03T09:04:05Z,2026-09-03T09:04:06Z,site_a,SIM,synthetic_demo,A-WAN-1,UP,1000.0,103.1594,102.87,0.0,17.18,1.0938,0.064,0,UP,4.0,0.0,48,12,40,-61.9,16.148,4.573,0,3,0,7,0,191.0,0.0,0,0,LOAD_SHED,LOAD_SHED,0,1,81.66,92.0,51.31,51.1277,2.0326,3.94692,3.94692,3.9329,3.9329,0.0,23.2,145.492,3,55.455,,DISCHARGE,0.0,0,,SYNTHETIC,0
power-outage,0,245,2026-09-03T09:04:05Z,2026-09-03T09:04:06Z,2026-09-03T09:04:05Z,2026-09-03T09:04:06Z,site_b,SIM,synthetic_demo,B-WAN-1,UP,1000.0,73.28,73.52,0.0,22.02,0.8958,0.12,0,UP,4.0,0.0,6,6,71,-62.1,27.696,8.343,0,0,0,32,0,47.0,0.0,0,0,,,,,,,,,,,,,,,,,,,,,0.0,0,,SYNTHETIC,0
power-outage,0,246,2026-09-03T09:04:06Z,2026-09-03T09:04:07Z,2026-09-03T09:04:06Z,2026-09-03T09:04:07Z,site_a,SIM,synthetic_demo,A-WAN-1,UP,1000.0,204.2096,203.94,0.0,18.84,3.1199,0.101,0,UP,4.0,0.0,48,48,316,-62.3,20.564,6.199,2,6,0,7,0,256.0,0.0,0,0,LOAD_SHED,BATTERY,0,1,81.78,92.0,51.3098,51.1273,2.0352,3.94691,3.94691,3.93287,3.93287,0.0,23.2,145.675,,676.638,,DISCHARGE,0.0,0,,SYNTHETIC,0
power-outage,0,246,2026-09-03T09:04:06Z,2026-09-03T09:04:07Z,2026-09-03T09:04:06Z,2026-09-03T09:04:07Z,site_b,SIM,synthetic_demo,B-WAN-1,UP,1000.0,74.9295,74.96,0.0,22.88,1.8208,0.109,0,UP,4.0,0.0,6,6,60,-62.2,25.463,8.283,1,0,0,32,0,76.0,0.0,0,0,,,,,,,,,,,,,,,,,,,,,0.0,0,,SYNTHETIC,0
power-outage,0,247,2026-09-03T09:04:07Z,2026-09-03T09:04:08Z,2026-09-03T09:04:07Z,2026-09-03T09:04:08Z,site_a,SIM,synthetic_demo,A-WAN-1,UP,1000.0,99.0806,99.73,0.0,17.43,1.3205,0.077,0,UP,4.0,0.0,48,48,130,-61.9,15.248,4.557,0,0,0,7,0,184.0,0.0,0,0,BATTERY,BATTERY,0,1,81.76,92.0,51.3079,48.9784,25.9692,3.94676,3.94676,3.76757,3.76757,0.0,23.2,1780.49,,55.36,OCP_DSG,DISCHARGE,0.0,0,,SYNTHETIC,0
power-outage,0,247,2026-09-03T09:04:07Z,2026-09-03T09:04:08Z,2026-09-03T09:04:07Z,2026-09-03T09:04:08Z,site_b,SIM,synthetic_demo,B-WAN-1,UP,1000.0,71.3798,72.11,0.0,24.34,3.387,0.095,0,UP,4.0,0.0,6,6,57,-61.0,23.433,7.483,0,1,0,32,0,87.0,0.0,0,0,,,,,,,,,,,,,,,,,,,,,0.0,0,,SYNTHETIC,0
power-outage,0,248,2026-09-03T09:04:08Z,2026-09-03T09:04:09Z,2026-09-03T09:04:08Z,2026-09-03T09:04:09Z,site_a,SIM,synthetic_demo,A-WAN-1,UP,1000.0,141.927,142.07,0.0,16.35,0.3178,0.056,0,UP,4.0,0.0,48,12,65,-62.4,19.811,6.124,0,0,0,7,0,161.0,0.0,0,0,BATTERY,LOAD_SHED,0,1,81.71,92.0,51.3077,51.1273,2.0116,3.94675,3.94675,3.93287,3.93287,0.0,23.2,143.985,3,55.49,,DISCHARGE,0.0,0,,SYNTHETIC,0
power-outage,0,248,2026-09-03T09:04:08Z,2026-09-03T09:04:09Z,2026-09-03T09:04:08Z,2026-09-03T09:04:09Z,site_b,SIM,synthetic_demo,B-WAN-1,UP,1000.0,66.6977,67.15,0.0,23.07,1.6126,0.133,0,UP,4.0,0.0,6,6,55,-61.4,25.553,6.733,0,0,0,32,0,42.0,0.0,0,0,,,,,,,,,,,,,,,,,,,,,0.0,0,,SYNTHETIC,0
power-outage,0,249,2026-09-03T09:04:09Z,2026-09-03T09:04:10Z,2026-09-03T09:04:09Z,2026-09-03T09:04:10Z,site_a,SIM,synthetic_demo,A-WAN-1,UP,1000.0,93.4005,93.7,0.0,17.96,1.219,0.081,0,UP,4.0,0.0,48,12,61,-60.9,19.218,5.4,0,1,0,7,0,92.0,0.0,0,0,LOAD_SHED,LOAD_SHED,0,1,81.74,92.0,51.3075,51.1299,1.9805,3.94673,3.94673,3.93307,3.93307,0.0,23.3,141.767,3,55.558,,DISCHARGE,0.0,0,,SYNTHETIC,0
power-outage,0,249,2026-09-03T09:04:09Z,2026-09-03T09:04:10Z,2026-09-03T09:04:09Z,2026-09-03T09:04:10Z,site_b,SIM,synthetic_demo,B-WAN-1,UP,1000.0,75.173,75.15,0.0,22.05,0.6671,0.091,0,UP,4.0,0.0,6,6,45,-61.1,22.167,6.902,1,1,0,32,0,76.0,0.0,0,0,,,,,,,,,,,,,,,,,,,,,0.0,0,,SYNTHETIC,0
power-outage,0,250,2026-09-03T09:04:10Z,2026-09-03T09:04:11Z,2026-09-03T09:04:10Z,2026-09-03T09:04:11Z,site_a,SIM,synthetic_demo,A-WAN-1,UP,1000.0,97.8058,97.61,0.0,16.47,0.7715,0.088,0,UP,4.0,0.0,48,12,63,-61.1,19.641,5.321,0,0,0,7,0,156.0,0.0,0,0,LOAD_SHED,LOAD_SHED,0,1,81.79,92.0,51.3074,51.1266,2.0152,3.94672,3.94672,3.93282,3.93282,0.0,23.2,144.244,3,55.48,,DISCHARGE,0.0,0,,SYNTHETIC,0
power-outage,0,250,2026-09-03T09:04:10Z,2026-09-03T09:04:11Z,2026-09-03T09:04:10Z,2026-09-03T09:04:11Z,site_b,SIM,synthetic_demo,B-WAN-1,UP,1000.0,70.5991,71.1,0.0,21.54,0.1118,0.109,0,UP,4.0,0.0,6,6,59,-61.2,25.137,7.878,0,0,0,32,0,50.0,0.0,0,0,,,,,,,,,,,,,,,,,,,,,0.0,0,,SYNTHETIC,0
power-outage,0,251,2026-09-03T09:04:11Z,2026-09-03T09:04:12Z,2026-09-03T09:04:11Z,2026-09-03T09:04:12Z,site_a,SIM,synthetic_demo,A-WAN-1,UP,1000.0,106.9288,106.57,0.0,17.24,0.9967,0.08,0,UP,4.0,0.0,48,12,88,-62.5,23.085,6.712,1,0,0,7,0,199.0,0.0,0,0,LOAD_SHED,LOAD_SHED,0,1,81.75,92.0,51.3072,51.1253,2.028,3.94671,3.94671,3.93271,3.93271,0.0,23.2,145.156,3,55.45,,DISCHARGE,0.0,0,,SYNTHETIC,0
power-outage,0,251,2026-09-03T09:04:11Z,2026-09-03T09:04:12Z,2026-09-03T09:04:11Z,2026-09-03T09:04:12Z,site_b,SIM,synthetic_demo,B-WAN-1,UP,1000.0,67.8001,68.08,0.0,21.27,0.171,0.046,0,UP,4.0,0.0,6,6,56,-63.5,24.019,7.25,0,1,0,32,0,70.0,0.0,0,0,,,,,,,,,,,,,,,,,,,,,0.0,0,,SYNTHETIC,0
power-outage,0,252,2026-09-03T09:04:12Z,2026-09-03T09:04:13Z,2026-09-03T09:04:12Z,2026-09-03T09:04:13Z,site_a,SIM,synthetic_demo,A-WAN-1,UP,1000.0,163.3842,162.32,0.0,16.37,0.988,0.112,0,UP,4.0,0.0,48,12,47,-63.1,16.09,5.285,1,0,0,7,0,176.0,0.0,0,0,LOAD_SHED,LOAD_SHED,0,1,81.7,92.0,51.307,51.1311,1.9616,3.9467,3.9467,3.93316,3.93316,0.0,23.3,140.418,3,55.598,,DISCHARGE,0.0,0,,SYNTHETIC,0
power-outage,0,252,2026-09-03T09:04:12Z,2026-09-03T09:04:13Z,2026-09-03T09:04:12Z,2026-09-03T09:04:13Z,site_b,SIM,synthetic_demo,B-WAN-1,UP,1000.0,58.5528,59.04,0.0,22.0,1.4442,0.105,0,UP,4.0,0.0,6,6,31,-63.1,19.208,6.003,0,0,0,32,0,30.0,0.0,0,0,,,,,,,,,,,,,,,,,,,,,0.0,0,,SYNTHETIC,0
power-outage,0,253,2026-09-03T09:04:13Z,2026-09-03T09:04:14Z,2026-09-03T09:04:13Z,2026-09-03T09:04:14Z,site_a,SIM,synthetic_demo,A-WAN-1,UP,1000.0,99.0921,99.2,0.0,17.82,1.5657,0.108,0,UP,4.0,0.0,48,12,41,-63.9,17.534,4.759,0,0,0,7,0,125.0,0.0,0,0,LOAD_SHED,LOAD_SHED,0,1,81.75,92.0,51.3069,51.128,1.9946,3.94668,3.94668,3.93292,3.93292,0.0,23.2,142.772,3,55.523,,DISCHARGE,0.0,0,,SYNTHETIC,0
power-outage,0,253,2026-09-03T09:04:13Z,2026-09-03T09:04:14Z,2026-09-03T09:04:13Z,2026-09-03T09:04:14Z,site_b,SIM,synthetic_demo,B-WAN-1,UP,1000.0,60.2815,60.36,0.0,22.1,0.6675,0.134,0,UP,4.0,0.0,6,6,68,-60.2,28.772,7.931,1,0,0,32,0,53.0,0.0,0,0,,,,,,,,,,,,,,,,,,,,,0.0,0,,SYNTHETIC,0
power-outage,0,254,2026-09-03T09:04:14Z,2026-09-03T09:04:15Z,2026-09-03T09:04:14Z,2026-09-03T09:04:15Z,site_a,SIM,synthetic_demo,A-WAN-1,UP,1000.0,162.4681,163.68,0.0,16.75,0.3562,0.063,0,UP,4.0,0.0,48,12,89,-60.9,22.217,6.73,0,1,0,7,0,173.0,0.0,0,0,LOAD_SHED,LOAD_SHED,0,1,81.74,92.0,51.3067,51.1271,2.0024,3.94667,3.94667,3.93285,3.93285,0.0,23.3,143.323,3,55.505,,DISCHARGE,0.0,0,,SYNTHETIC,0
power-outage,0,254,2026-09-03T09:04:14Z,2026-09-03T09:04:15Z,2026-09-03T09:04:14Z,2026-09-03T09:04:15Z,site_b,SIM,synthetic_demo,B-WAN-1,UP,1000.0,91.3984,91.58,0.0,22.65,1.5369,0.09,0,UP,4.0,0.0,6,6,49,-62.4,23.563,6.856,0,0,0,32,0,34.0,0.0,0,0,,,,,,,,,,,,,,,,,,,,,0.0,0,,SYNTHETIC,0
power-outage,0,255,2026-09-03T09:04:15Z,2026-09-03T09:04:16Z,2026-09-03T09:04:15Z,2026-09-03T09:04:16Z,site_a,SIM,synthetic_demo,A-WAN-1,UP,1000.0,140.3004,139.97,0.0,16.91,0.7769,0.103,0,UP,4.0,0.0,48,12,39,-62.8,15.207,5.329,0,0,0,7,0,136.0,0.0,0,0,LOAD_SHED,LOAD_SHED,0,1,81.7,92.0,51.3065,51.1272,1.9991,3.94666,3.94666,3.93286,3.93286,0.0,23.3,143.09,3,55.511,,DISCHARGE,0.0,0,,SYNTHETIC,0
power-outage,0,255,2026-09-03T09:04:15Z,2026-09-03T09:04:16Z,2026-09-03T09:04:15Z,2026-09-03T09:04:16Z,site_b,SIM,synthetic_demo,B-WAN-1,UP,1000.0,60.5158,60.96,0.0,23.49,2.4587,0.125,0,UP,4.0,0.0,6,6,42,-61.9,20.845,5.869,0,0,0,32,0,55.0,0.0,0,0,,,,,,,,,,,,,,,,,,,,,0.0,0,,SYNTHETIC,0
power-outage,0,256,2026-09-03T09:04:16Z,2026-09-03T09:04:17Z,2026-09-03T09:04:16Z,2026-09-03T09:04:17Z,site_a,SIM,synthetic_demo,A-WAN-1,UP,1000.0,92.8966,92.96,0.0,17.28,1.0856,0.079,0,UP,4.0,0.0,48,12,52,-62.9,18.745,5.795,0,1,0,7,0,209.0,0.0,0,0,LOAD_SHED,LOAD_SHED,0,1,81.71,92.0,51.3064,51.1252,2.02,3.94664,3.94664,3.93271,3.93271,0.0,23.3,144.579,3,55.464,,DISCHARGE,0.0,0,,SYNTHETIC,0
power-outage,0,256,2026-09-03T09:04:16Z,2026-09-03T09:04:17Z,2026-09-03T09:04:16Z,2026-09-03T09:04:17Z,site_b,SIM,synthetic_demo,B-WAN-1,UP,1000.0,141.4351,142.25,0.0,21.38,0.0977,0.13,0,UP,4.0,0.0,6,6,23,-63.8,17.148,5.153,2,0,0,32,0,84.0,0.0,0,0,,,,,,,,,,,,,,,,,,,,,0.0,0,,SYNTHETIC,0
power-outage,0,257,2026-09-03T09:04:17Z,2026-09-03T09:04:18Z,2026-09-03T09:04:17Z,2026-09-03T09:04:18Z,site_a,SIM,synthetic_demo,A-WAN-1,UP,1000.0,99.0929,99.47,0.0,19.02,2.7479,0.085,0,UP,4.0,0.0,48,12,78,-60.9,20.382,6.1,0,0,0,7,0,209.0,0.0,0,0,LOAD_SHED,LOAD_SHED,0,1,81.76,92.0,51.3062,51.1279,1.9874,3.94663,3.94663,3.93292,3.93292,0.0,23.4,142.255,3,55.536,,DISCHARGE,0.0,0,,SYNTHETIC,0
power-outage,0,257,2026-09-03T09:04:17Z,2026-09-03T09:04:18Z,2026-09-03T09:04:17Z,2026-09-03T09:04:18Z,site_b,SIM,synthetic_demo,B-WAN-1,UP,1000.0,63.9902,63.62,0.0,22.11,0.7989,0.118,0,UP,4.0,0.0,6,6,54,-62.2,23.131,7.166,0,1,0,32,0,52.0,0.0,0,0,,,,,,,,,,,,,,,,,,,,,0.0,0,,SYNTHETIC,0
power-outage,0,258,2026-09-03T09:04:18Z,2026-09-03T09:04:19Z,2026-09-03T09:04:18Z,2026-09-03T09:04:19Z,site_a,SIM,synthetic_demo,A-WAN-1,UP,1000.0,249.2677,248.85,0.0,17.41,1.4845,0.083,0,UP,4.0,0.0,48,12,57,-62.6,18.778,5.374,0,2,0,7,0,111.0,0.0,0,0,LOAD_SHED,LOAD_SHED,0,1,81.75,92.0,51.306,51.125,2.0184,3.94662,3.94662,3.93269,3.93269,0.0,23.4,144.466,3,55.466,,DISCHARGE,0.0,0,,SYNTHETIC,0
power-outage,0,258,2026-09-03T09:04:18Z,2026-09-03T09:04:19Z,2026-09-03T09:04:18Z,2026-09-03T09:04:19Z,site_b,SIM,synthetic_demo,B-WAN-1,UP,1000.0,69.1065,69.79,0.0,22.23,1.1133,0.098,0,UP,4.0,0.0,6,6,69,-61.2,29.739,8.461,0,1,0,32,0,50.0,0.0,0,0,,,,,,,,,,,,,,,,,,,,,0.0,0,,SYNTHETIC,0
power-outage,0,259,2026-09-03T09:04:19Z,2026-09-03T09:04:20Z,2026-09-03T09:04:19Z,2026-09-03T09:04:20Z,site_a,SIM,synthetic_demo,A-WAN-1,UP,1000.0,107.4839,107.78,0.0,16.25,0.4019,0.12,0,UP,4.0,0.0,48,12,66,-61.1,19.838,5.78,0,1,0,7,0,222.0,0.0,0,0,LOAD_SHED,LOAD_SHED,0,1,81.76,92.0,51.3059,51.1232,2.0367,3.94661,3.94661,3.93255,3.93255,0.0,23.2,145.77,3,55.424,,DISCHARGE,0.0,0,,SYNTHETIC,0
power-outage,0,259,2026-09-03T09:04:19Z,2026-09-03T09:04:20Z,2026-09-03T09:04:19Z,2026-09-03T09:04:20Z,site_b,SIM,synthetic_demo,B-WAN-1,UP,1000.0,72.577,71.92,0.0,22.0,0.5711,0.066,0,UP,4.0,0.0,6,6,30,-61.6,18.291,4.531,0,0,0,32,0,77.0,0.0,0,0,,,,,,,,,,,,,,,,,,,,,0.0,0,,SYNTHETIC,0
power-outage,0,260,2026-09-03T09:04:20Z,2026-09-03T09:04:21Z,2026-09-03T09:04:20Z,2026-09-03T09:04:21Z,site_a,SIM,synthetic_demo,A-WAN-1,UP,1000.0,98.4953,98.73,0.0,18.51,2.6718,0.093,0,UP,4.0,0.0,48,12,49,-63.9,16.779,5.627,0,1,0,7,0,184.0,0.0,0,0,LOAD_SHED,LOAD_SHED,0,1,81.75,92.0,51.3057,51.1279,1.9819,3.94659,3.94659,3.93292,3.93292,0.0,23.4,141.86,3,55.546,,DISCHARGE,0.0,0,,SYNTHETIC,0
power-outage,0,260,2026-09-03T09:04:20Z,2026-09-03T09:04:21Z,2026-09-03T09:04:20Z,2026-09-03T09:04:21Z,site_b,SIM,synthetic_demo,B-WAN-1,UP,1000.0,82.1715,81.74,0.0,21.84,0.6533,0.126,0,UP,4.0,0.0,6,6,17,-62.0,14.77,4.828,0,0,0,32,0,48.0,0.0,0,0,,,,,,,,,,,,,,,,,,,,,0.0,0,,SYNTHETIC,0
power-outage,0,261,2026-09-03T09:04:21Z,2026-09-03T09:04:22Z,2026-09-03T09:04:21Z,2026-09-03T09:04:22Z,site_a,SIM,synthetic_demo,A-WAN-1,UP,1000.0,98.2423,98.6,0.0,15.68,0.0715,0.094,0,UP,4.0,0.0,48,12,41,-62.6,16.774,5.485,0,0,0,7,0,190.0,0.0,0,0,LOAD_SHED,LOAD_SHED,0,1,81.65,92.0,51.3055,51.1213,2.0534,3.94658,3.94658,3.93241,3.93241,0.0,23.3,146.962,3,55.385,,DISCHARGE,0.0,0,,SYNTHETIC,0
power-outage,0,261,2026-09-03T09:04:21Z,2026-09-03T09:04:22Z,2026-09-03T09:04:21Z,2026-09-03T09:04:22Z,site_b,SIM,synthetic_demo,B-WAN-1,UP,1000.0,84.741,85.2,0.0,23.82,2.9325,0.085,0,UP,4.0,0.0,6,6,33,-62.8,20.949,6.56,0,0,0,32,0,70.0,0.0,0,0,,,,,,,,,,,,,,,,,,,,,0.0,0,,SYNTHETIC,0
power-outage,0,262,2026-09-03T09:04:22Z,2026-09-03T09:04:23Z,2026-09-03T09:04:22Z,2026-09-03T09:04:23Z,site_a,SIM,synthetic_demo,A-WAN-1,UP,1000.0,113.9858,113.66,0.0,18.04,2.2724,0.125,0,UP,4.0,0.0,48,12,50,-61.2,18.51,5.1,0,1,0,7,0,248.0,0.0,0,0,LOAD_SHED,LOAD_SHED,0,1,81.78,92.0,51.3054,51.1247,2.0141,3.94657,3.94657,3.93267,3.93267,0.0,23.2,144.155,3,55.472,,DISCHARGE,0.0,0,,SYNTHETIC,0
power-outage,0,262,2026-09-03T09:04:22Z,2026-09-03T09:04:23Z,2026-09-03T09:04:22Z,2026-09-03T09:04:23Z,site_b,SIM,synthetic_demo,B-WAN-1,UP,1000.0,71.3845,71.07,0.0,23.25,2.1524,0.064,0,UP,4.0,0.0,6,6,52,-62.2,23.096,7.616,0,1,0,32,0,74.0,0.0,0,0,,,,,,,,,,,,,,,,,,,,,0.0,0,,SYNTHETIC,0
power-outage,0,263,2026-09-03T09:04:23Z,2026-09-03T09:04:24Z,2026-09-03T09:04:23Z,2026-09-03T09:04:24Z,site_a,SIM,synthetic_demo,A-WAN-1,UP,1000.0,85.585,85.15,0.0,17.77,1.3502,0.061,0,UP,4.0,0.0,48,48,86,-63.2,14.181,4.418,1,3,0,7,0,166.0,0.0,0,0,LOAD_SHED,BATTERY,0,1,81.73,92.0,51.3052,51.1269,1.9878,3.94655,3.94655,3.93284,3.93284,0.0,23.2,142.278,,692.484,,DISCHARGE,0.0,0,,SYNTHETIC,0
power-outage,0,263,2026-09-03T09:04:23Z,2026-09-03T09:04:24Z,2026-09-03T09:04:23Z,2026-09-03T09:04:24Z,site_b,SIM,synthetic_demo,B-WAN-1,UP,1000.0,66.9011,67.81,0.0,21.69,0.9521,0.112,0,UP,4.0,0.0,6,6,46,-61.7,20.689,6.829,0,0,0,32,0,62.0,0.0,0,0,,,,,,,,,,,,,,,,,,,,,0.0,0,,SYNTHETIC,0
power-outage,0,264,2026-09-03T09:04:24Z,2026-09-03T09:04:25Z,2026-09-03T09:04:24Z,2026-09-03T09:04:25Z,site_a,SIM,synthetic_demo,A-WAN-1,UP,1000.0,110.38,110.88,0.0,17.04,1.09,0.101,0,UP,4.0,0.0,48,48,327,-61.4,20.94,6.422,1,4,0,7,0,150.0,0.0,0,0,BATTERY,BATTERY,0,1,81.69,92.0,51.3032,48.9765,25.9394,3.9464,3.9464,3.76742,3.76742,0.0,23.2,1778.377,,55.401,OCP_DSG,DISCHARGE,0.0,0,,SYNTHETIC,0
power-outage,0,264,2026-09-03T09:04:24Z,2026-09-03T09:04:25Z,2026-09-03T09:04:24Z,2026-09-03T09:04:25Z,site_b,SIM,synthetic_demo,B-WAN-1,UP,1000.0,71.8375,71.84,0.0,22.21,1.5629,0.129,0,UP,4.0,0.0,6,6,34,-64.4,19.543,7.008,0,1,0,32,0,41.0,0.0,0,0,,,,,,,,,,,,,,,,,,,,,0.0,0,,SYNTHETIC,0
power-outage,0,265,2026-09-03T09:04:25Z,2026-09-03T09:04:26Z,2026-09-03T09:04:25Z,2026-09-03T09:04:26Z,site_a,SIM,synthetic_demo,A-WAN-1,UP,1000.0,117.9365,118.51,0.0,16.86,0.9986,,0,UP,4.0,0.0,48,12,57,-61.0,17.447,5.811,0,2,0,7,0,118.0,0.0,0,0,BATTERY,LOAD_SHED,0,1,81.72,92.0,51.3031,51.1212,2.0277,3.94639,3.94639,3.9324,3.9324,0.0,23.2,145.119,3,55.429,,DISCHARGE,0.0,0,,SYNTHETIC|GAP|MISSING_MCAR,0
power-outage,0,265,2026-09-03T09:04:25Z,2026-09-03T09:04:26Z,2026-09-03T09:04:25Z,2026-09-03T09:04:26Z,site_b,SIM,synthetic_demo,B-WAN-1,UP,1000.0,105.23,104.78,0.0,21.07,0.248,0.078,0,UP,4.0,0.0,6,6,15,-64.0,15.51,4.749,0,1,0,32,0,40.0,0.0,0,0,,,,,,,,,,,,,,,,,,,,,0.0,0,,SYNTHETIC,0
power-outage,0,266,2026-09-03T09:04:26Z,2026-09-03T09:04:27Z,2026-09-03T09:04:26Z,2026-09-03T09:04:27Z,site_a,SIM,synthetic_demo,A-WAN-1,UP,1000.0,125.4667,126.2,0.0,17.37,0.9071,0.068,0,UP,4.0,0.0,48,12,74,-62.9,20.124,6.655,0,3,0,7,0,131.0,0.0,0,0,LOAD_SHED,LOAD_SHED,0,1,81.7,92.0,51.3029,51.1194,2.0458,3.94638,3.94638,3.93226,3.93226,0.0,23.4,146.408,3,55.388,,DISCHARGE,0.0,0,,SYNTHETIC,0
power-outage,0,266,2026-09-03T09:04:26Z,2026-09-03T09:04:27Z,2026-09-03T09:04:26Z,2026-09-03T09:04:27Z,site_b,SIM,synthetic_demo,B-WAN-1,UP,1000.0,77.158,76.49,0.0,21.76,1.0055,0.087,0,UP,4.0,0.0,6,6,28,-61.3,19.102,5.679,0,0,0,32,0,42.0,0.0,0,0,,,,,,,,,,,,,,,,,,,,,0.0,0,,SYNTHETIC,0
power-outage,0,267,2026-09-03T09:04:27Z,2026-09-03T09:04:28Z,2026-09-03T09:04:27Z,2026-09-03T09:04:28Z,site_a,SIM,synthetic_demo,A-WAN-1,UP,1000.0,104.3241,104.13,0.0,18.07,2.6611,0.069,0,UP,4.0,0.0,48,12,71,-61.9,20.028,5.997,0,5,0,7,0,139.0,0.0,0,0,LOAD_SHED,LOAD_SHED,0,1,81.71,92.0,51.3027,51.1192,2.0454,3.94636,3.94636,3.93225,3.93225,0.0,23.2,146.381,3,55.388,,DISCHARGE,0.0,0,,SYNTHETIC,0
power-outage,0,267,2026-09-03T09:04:27Z,2026-09-03T09:04:28Z,2026-09-03T09:04:27Z,2026-09-03T09:04:28Z,site_b,SIM,synthetic_demo,B-WAN-1,UP,1000.0,67.5293,67.27,0.0,21.19,0.1046,0.083,0,UP,4.0,0.0,6,6,33,-61.2,20.534,5.861,0,0,0,32,0,61.0,0.0,0,0,,,,,,,,,,,,,,,,,,,,,0.0,0,,SYNTHETIC,0
power-outage,0,268,2026-09-03T09:04:28Z,2026-09-03T09:04:29Z,2026-09-03T09:04:28Z,2026-09-03T09:04:29Z,site_a,SIM,synthetic_demo,A-WAN-1,UP,1000.0,88.6742,87.98,0.0,18.56,2.8346,0.075,0,UP,4.0,0.0,48,12,22,-63.9,13.985,4.055,0,4,0,7,0,120.0,0.0,0,0,LOAD_SHED,LOAD_SHED,0,1,81.7,92.0,51.3026,51.1247,1.9827,3.94635,3.94635,3.93267,3.93267,0.0,23.4,141.908,3,55.527,,DISCHARGE,0.0,0,,SYNTHETIC,0
power-outage,0,268,2026-09-03T09:04:28Z,2026-09-03T09:04:29Z,2026-09-03T09:04:28Z,2026-09-03T09:04:29Z,site_b,SIM,synthetic_demo,B-WAN-1,UP,1000.0,70.1803,70.3,0.0,22.48,1.6665,0.089,0,UP,4.0,0.0,6,6,35,-61.9,19.924,5.45,0,1,0,32,0,51.0,0.0,0,0,,,,,,,,,,,,,,,,,,,,,0.0,0,,SYNTHETIC,0
power-outage,0,269,2026-09-03T09:04:29Z,2026-09-03T09:04:30Z,2026-09-03T09:04:29Z,2026-09-03T09:04:30Z,site_a,SIM,synthetic_demo,A-WAN-1,UP,1000.0,111.9745,111.17,0.0,17.91,1.9866,0.057,0,UP,4.0,0.0,48,12,113,-62.1,25.183,7.95,1,4,0,7,0,145.0,0.0,0,0,LOAD_SHED,LOAD_SHED,0,1,81.64,92.0,51.3024,51.1178,2.058,3.94634,3.94634,3.93214,3.93214,0.0,23.3,147.28,3,55.358,,DISCHARGE,0.0,0,,SYNTHETIC,0
power-outage,0,269,2026-09-03T09:04:29Z,2026-09-03T09:04:30Z,2026-09-03T09:04:29Z,2026-09-03T09:04:30Z,site_b,SIM,synthetic_demo,B-WAN-1,UP,1000.0,72.5407,73.32,0.0,21.44,0.1007,0.083,0,UP,4.0,0.0,6,6,54,-61.2,24.804,6.997,0,0,0,32,0,36.0,0.0,0,0,,,,,,,,,,,,,,,,,,,,,0.0,0,,SYNTHETIC,0
power-outage,0,270,2026-09-03T09:04:30Z,2026-09-03T09:04:31Z,2026-09-03T09:04:30Z,2026-09-03T09:04:31Z,site_a,SIM,synthetic_demo,A-WAN-1,UP,1000.0,93.693,93.25,0.0,16.5,0.6399,0.074,0,UP,4.0,0.0,48,12,52,-62.1,18.836,5.022,1,3,0,7,0,125.0,0.0,0,0,LOAD_SHED,LOAD_SHED,0,1,81.7,92.0,51.3022,51.1215,2.0144,3.94632,3.94632,3.93242,3.93242,0.0,23.5,144.169,3,55.455,,DISCHARGE,0.0,0,,SYNTHETIC,0
power-outage,0,270,2026-09-03T09:04:30Z,2026-09-03T09:04:31Z,2026-09-03T09:04:30Z,2026-09-03T09:04:31Z,site_b,SIM,synthetic_demo,B-WAN-1,UP,1000.0,68.4354,68.18,0.0,24.57,3.416,0.124,0,UP,4.0,0.0,6,6,41,-63.7,20.53,7.463,0,1,0,32,0,30.0,0.0,0,0,,,,,,,,,,,,,,,,,,,,,0.0,0,,SYNTHETIC,0
power-outage,0,271,2026-09-03T09:04:31Z,2026-09-03T09:04:32Z,2026-09-03T09:04:31Z,2026-09-03T09:04:32Z,site_a,SIM,synthetic_demo,A-WAN-1,UP,1000.0,81.559,80.98,0.0,16.39,0.2207,0.123,0,UP,4.0,0.0,48,12,73,-61.7,21.604,6.293,0,3,0,7,0,132.0,0.0,0,0,LOAD_SHED,LOAD_SHED,0,1,81.67,92.0,51.302,51.1246,1.9779,3.94631,3.94631,3.93266,3.93266,0.0,23.3,141.568,3,55.535,,DISCHARGE,0.0,0,,SYNTHETIC,0
power-outage,0,271,2026-09-03T09:04:31Z,2026-09-03T09:04:32Z,2026-09-03T09:04:31Z,2026-09-03T09:04:32Z,site_b,SIM,synthetic_demo,B-WAN-1,UP,1000.0,68.4974,68.66,0.0,22.28,1.1525,0.108,0,UP,4.0,0.0,6,6,63,-62.5,26.205,8.164,0,1,0,32,0,55.0,0.0,0,0,,,,,,,,,,,,,,,,,,,,,0.0,0,,SYNTHETIC,0
power-outage,0,272,2026-09-03T09:04:32Z,2026-09-03T09:04:33Z,2026-09-03T09:04:32Z,2026-09-03T09:04:33Z,site_a,SIM,synthetic_demo,A-WAN-1,UP,1000.0,81.6952,81.85,0.0,16.91,0.3232,0.081,0,UP,4.0,0.0,48,12,88,-60.7,21.376,6.877,0,3,0,7,0,98.0,0.0,0,0,LOAD_SHED,LOAD_SHED,0,1,81.69,92.0,51.3019,51.1236,1.9879,3.9463,3.9463,3.93258,3.93258,0.0,23.3,142.281,3,55.512,,DISCHARGE,0.0,0,,SYNTHETIC,0
power-outage,0,272,2026-09-03T09:04:32Z,2026-09-03T09:04:33Z,2026-09-03T09:04:32Z,2026-09-03T09:04:33Z,site_b,SIM,synthetic_demo,B-WAN-1,UP,1000.0,74.6465,74.83,0.0,23.03,2.3198,0.098,0,UP,4.0,0.0,6,6,33,-59.5,20.513,5.028,0,2,0,32,0,54.0,0.0,0,0,,,,,,,,,,,,,,,,,,,,,0.0,0,,SYNTHETIC,0
power-outage,0,273,2026-09-03T09:04:33Z,2026-09-03T09:04:34Z,2026-09-03T09:04:33Z,2026-09-03T09:04:34Z,site_a,SIM,synthetic_demo,A-WAN-1,UP,1000.0,127.8395,127.54,0.0,16.14,0.0082,0.029,0,UP,4.0,0.0,48,12,73,-61.8,19.716,6.565,1,3,0,7,0,181.0,0.0,0,0,LOAD_SHED,LOAD_SHED,0,1,81.58,92.0,51.3017,51.1224,1.9993,3.94629,3.94629,3.93249,3.93249,0.0,23.3,143.088,3,55.486,,DISCHARGE,0.0,0,,SYNTHETIC,0
power-outage,0,273,2026-09-03T09:04:33Z,2026-09-03T09:04:34Z,2026-09-03T09:04:33Z,2026-09-03T09:04:34Z,site_b,SIM,synthetic_demo,B-WAN-1,UP,1000.0,75.6362,75.46,0.0,22.1,0.9704,0.081,0,UP,4.0,0.0,6,6,79,-63.0,31.328,9.169,0,1,0,32,0,56.0,0.0,0,0,,,,,,,,,,,,,,,,,,,,,0.0,0,,SYNTHETIC,0
power-outage,0,274,2026-09-03T09:04:34Z,2026-09-03T09:04:35Z,2026-09-03T09:04:34Z,2026-09-03T09:04:35Z,site_a,SIM,synthetic_demo,A-WAN-1,UP,1000.0,127.6177,127.48,0.0,17.42,0.7734,0.052,0,UP,4.0,0.0,48,12,37,-61.1,15.533,4.329,0,3,0,7,0,184.0,0.0,0,0,LOAD_SHED,LOAD_SHED,0,1,81.71,92.0,51.3015,51.1195,2.0299,3.94627,3.94627,3.93227,3.93227,0.0,23.2,145.274,3,55.417,,DISCHARGE,0.0,0,,SYNTHETIC,0
power-outage,0,274,2026-09-03T09:04:34Z,2026-09-03T09:04:35Z,2026-09-03T09:04:34Z,2026-09-03T09:04:35Z,site_b,SIM,synthetic_demo,B-WAN-1,UP,1000.0,82.1391,81.21,0.0,23.11,1.9841,0.13,0,UP,4.0,0.0,6,6,65,-61.7,24.974,8.0,0,1,0,32,0,42.0,0.0,0,0,,,,,,,,,,,,,,,,,,,,,0.0,0,,SYNTHETIC,0
power-outage,0,275,2026-09-03T09:04:35Z,2026-09-03T09:04:36Z,2026-09-03T09:04:35Z,2026-09-03T09:04:36Z,site_a,SIM,synthetic_demo,A-WAN-1,UP,1000.0,117.2772,117.98,0.0,17.89,1.1648,0.094,0,UP,4.0,0.0,48,12,62,-62.0,17.9,5.741,0,3,0,7,0,107.0,0.0,0,0,LOAD_SHED,LOAD_SHED,0,1,81.69,92.0,51.3014,51.1235,1.9826,3.94626,3.94626,3.93258,3.93258,0.0,23.4,141.9,3,55.521,,DISCHARGE,0.0,0,,SYNTHETIC,0
power-outage,0,275,2026-09-03T09:04:35Z,2026-09-03T09:04:36Z,2026-09-03T09:04:35Z,2026-09-03T09:04:36Z,site_b,SIM,synthetic_demo,B-WAN-1,UP,1000.0,83.1539,83.19,0.0,22.73,1.2458,0.093,0,UP,4.0,0.0,6,6,56,-62.3,23.498,7.422,0,0,0,32,0,57.0,0.0,0,0,,,,,,,,,,,,,,,,,,,,,0.0,0,,SYNTHETIC,0
power-outage,0,276,2026-09-03T09:04:36Z,2026-09-03T09:04:37Z,2026-09-03T09:04:36Z,2026-09-03T09:04:37Z,site_a,SIM,synthetic_demo,A-WAN-1,UP,1000.0,128.5033,128.2,0.0,17.97,2.4548,0.055,0,UP,4.0,0.0,48,12,35,-63.2,16.863,4.698,0,2,0,7,0,131.0,0.0,0,0,LOAD_SHED,LOAD_SHED,0,1,81.72,92.0,51.3012,51.1168,2.0552,3.94625,3.94625,3.93207,3.93207,0.0,23.4,147.078,3,55.359,,DISCHARGE,0.0,0,,SYNTHETIC,0
power-outage,0,276,2026-09-03T09:04:36Z,2026-09-03T09:04:37Z,2026-09-03T09:04:36Z,2026-09-03T09:04:37Z,site_b,SIM,synthetic_demo,B-WAN-1,UP,1000.0,83.9942,85.2,0.0,21.47,0.0799,0.129,0,UP,4.0,0.0,6,6,44,-62.7,22.03,6.697,1,1,0,32,0,69.0,0.0,0,0,,,,,,,,,,,,,,,,,,,,,0.0,0,,SYNTHETIC,0
power-outage,0,277,2026-09-03T09:04:37Z,2026-09-03T09:04:38Z,2026-09-03T09:04:37Z,2026-09-03T09:04:38Z,site_a,SIM,synthetic_demo,A-WAN-1,UP,1000.0,118.0337,118.93,0.0,19.93,3.5554,0.09,0,UP,4.0,0.0,48,12,43,-63.2,15.225,5.16,0,2,0,7,0,157.0,0.0,0,0,LOAD_SHED,LOAD_SHED,0,1,81.61,92.0,51.301,51.1216,2.0004,3.94623,3.94623,3.93243,3.93243,0.0,23.3,143.167,3,55.48,,DISCHARGE,0.0,0,,SYNTHETIC,0
power-outage,0,277,2026-09-03T09:04:37Z,2026-09-03T09:04:38Z,2026-09-03T09:04:37Z,2026-09-03T09:04:38Z,site_b,SIM,synthetic_demo,B-WAN-1,UP,1000.0,86.4898,85.85,0.0,21.85,1.1343,0.078,0,UP,4.0,0.0,6,6,26,-61.2,17.482,5.453,0,0,0,32,0,74.0,0.0,0,0,,,,,,,,,,,,,,,,,,,,,0.0,0,,SYNTHETIC,0
power-outage,0,278,2026-09-03T09:04:38Z,2026-09-03T09:04:39Z,2026-09-03T09:04:38Z,2026-09-03T09:04:39Z,site_a,SIM,synthetic_demo,A-WAN-1,UP,1000.0,125.3335,125.19,0.0,16.15,0.5947,0.093,0,UP,4.0,0.0,48,12,68,-61.5,21.642,6.245,0,4,0,7,0,169.0,0.0,0,0,LOAD_SHED,LOAD_SHED,0,1,81.6,92.0,51.3009,51.1231,1.9818,3.94622,3.94622,3.93255,3.93255,0.0,23.3,141.841,3,55.52,,DISCHARGE,0.0,0,,SYNTHETIC,0
power-outage,0,278,2026-09-03T09:04:38Z,2026-09-03T09:04:39Z,2026-09-03T09:04:38Z,2026-09-03T09:04:39Z,site_b,SIM,synthetic_demo,B-WAN-1,UP,1000.0,100.9726,100.32,0.0,22.24,0.9775,0.089,0,UP,4.0,0.0,6,6,39,-62.5,19.81,6.657,0,1,0,32,0,94.0,0.0,0,0,,,,,,,,,,,,,,,,,,,,,0.0,0,,SYNTHETIC,0
power-outage,0,279,2026-09-03T09:04:39Z,2026-09-03T09:04:40Z,2026-09-03T09:04:39Z,2026-09-03T09:04:40Z,site_a,SIM,synthetic_demo,A-WAN-1,UP,1000.0,141.2149,141.49,0.0,16.84,0.6953,0.083,0,UP,4.0,0.0,48,12,49,-61.2,16.887,5.005,0,3,0,7,0,162.0,0.0,0,0,LOAD_SHED,LOAD_SHED,0,1,81.68,92.0,51.3007,51.1204,2.0102,3.94621,3.94621,3.93234,3.93234,0.0,23.4,143.865,3,55.456,,DISCHARGE,0.0,0,,SYNTHETIC,0
power-outage,0,279,2026-09-03T09:04:39Z,2026-09-03T09:04:40Z,2026-09-03T09:04:39Z,2026-09-03T09:04:40Z,site_b,SIM,synthetic_demo,B-WAN-1,UP,1000.0,80.8528,81.55,0.0,21.07,0.5643,0.108,0,UP,4.0,0.0,6,6,20,-60.8,17.366,5.1,1,0,0,32,0,49.0,0.0,0,0,,,,,,,,,,,,,,,,,,,,,0.0,0,,SYNTHETIC,0
power-outage,0,280,2026-09-03T09:04:40Z,2026-09-03T09:04:41Z,2026-09-03T09:04:40Z,2026-09-03T09:04:41Z,site_a,SIM,synthetic_demo,A-WAN-1,UP,1000.0,121.8346,121.65,0.0,15.92,0.0851,0.094,0,UP,4.0,0.0,48,48,122,-62.6,15.14,4.731,0,1,0,7,0,140.0,0.0,0,0,LOAD_SHED,BATTERY,0,1,81.69,92.0,51.3005,51.1165,2.0515,3.94619,3.94619,3.93204,3.93204,0.0,23.3,146.813,,670.79,,DISCHARGE,0.0,0,,SYNTHETIC,0
power-outage,0,280,2026-09-03T09:04:40Z,2026-09-03T09:04:41Z,2026-09-03T09:04:40Z,2026-09-03T09:04:41Z,site_b,SIM,synthetic_demo,B-WAN-1,UP,1000.0,75.5241,75.49,0.0,25.27,4.7813,0.09,0,UP,4.0,0.0,6,6,23,-62.5,18.262,5.186,0,0,0,32,0,50.0,0.0,0,0,,,,,,,,,,,,,,,,,,,,,0.0,0,,SYNTHETIC,0
power-outage,0,281,2026-09-03T09:04:41Z,2026-09-03T09:04:42Z,2026-09-03T09:04:41Z,2026-09-03T09:04:42Z,site_a,SIM,synthetic_demo,A-WAN-1,UP,1000.0,97.6279,96.38,0.0,17.59,1.503,0.058,0,UP,4.0,0.0,48,48,192,-61.1,17.753,5.269,0,3,0,7,0,171.0,0.0,0,0,BATTERY,BATTERY,0,1,81.67,92.0,51.2986,48.9731,25.9255,3.94604,3.94604,3.76716,3.76716,0.0,23.3,1777.298,,55.41,OCP_DSG,DISCHARGE,0.0,0,,SYNTHETIC,0
power-outage,0,281,2026-09-03T09:04:41Z,2026-09-03T09:04:42Z,2026-09-03T09:04:41Z,2026-09-03T09:04:42Z,site_b,SIM,synthetic_demo,B-WAN-1,UP,1000.0,68.8731,69.36,0.0,22.47,1.566,0.06,0,UP,4.0,0.0,6,6,67,-59.7,27.886,8.359,0,0,0,32,0,55.0,0.0,0,0,,,,,,,,,,,,,,,,,,,,,0.0,0,,SYNTHETIC,0
power-outage,0,282,2026-09-03T09:04:42Z,2026-09-03T09:04:43Z,2026-09-03T09:04:42Z,2026-09-03T09:04:43Z,site_a,SIM,synthetic_demo,A-WAN-1,UP,1000.0,93.5075,93.91,0.0,16.42,0.553,0.027,0,UP,4.0,0.0,48,12,82,-62.3,21.773,6.274,1,5,0,7,0,155.0,0.0,0,0,BATTERY,LOAD_SHED,0,1,81.75,92.0,51.2984,51.1198,1.9916,3.94603,3.94603,3.93229,3.93229,0.0,23.4,142.531,3,55.485,,DISCHARGE,0.0,0,,SYNTHETIC,0
power-outage,0,282,2026-09-03T09:04:42Z,2026-09-03T09:04:43Z,2026-09-03T09:04:42Z,2026-09-03T09:04:43Z,site_b,SIM,synthetic_demo,B-WAN-1,UP,1000.0,116.4267,116.27,0.0,22.25,1.4219,0.104,0,UP,4.0,0.0,6,6,58,-61.2,25.65,7.635,0,0,0,32,0,76.0,0.0,0,0,,,,,,,,,,,,,,,,,,,,,0.0,0,,SYNTHETIC,0
power-outage,0,283,2026-09-03T09:04:43Z,2026-09-03T09:04:44Z,2026-09-03T09:04:43Z,2026-09-03T09:04:44Z,site_a,SIM,synthetic_demo,A-WAN-1,UP,1000.0,106.3212,106.22,0.0,15.54,0.2479,0.071,0,UP,4.0,0.0,48,12,52,-62.1,18.152,5.521,0,3,0,7,0,167.0,0.0,0,0,LOAD_SHED,LOAD_SHED,0,1,81.67,92.0,51.2982,51.1196,1.9918,3.94602,3.94602,3.93227,3.93227,0.0,23.3,142.548,3,55.484,,DISCHARGE,0.0,0,,SYNTHETIC,0
power-outage,0,283,2026-09-03T09:04:43Z,2026-09-03T09:04:44Z,2026-09-03T09:04:43Z,2026-09-03T09:04:44Z,site_b,SIM,synthetic_demo,B-WAN-1,UP,1000.0,97.8237,97.61,0.0,21.67,0.7232,0.127,0,UP,4.0,0.0,6,6,37,-61.2,19.386,6.137,0,0,0,32,0,71.0,0.0,0,0,,,,,,,,,,,,,,,,,,,,,0.0,0,,SYNTHETIC,0
power-outage,0,284,2026-09-03T09:04:44Z,2026-09-03T09:04:45Z,2026-09-03T09:04:44Z,2026-09-03T09:04:45Z,site_a,SIM,synthetic_demo,A-WAN-1,UP,1000.0,143.7797,143.41,0.0,17.0,1.2442,0.077,0,UP,4.0,0.0,48,12,82,-62.7,19.903,6.757,0,3,0,7,0,132.0,0.0,0,0,LOAD_SHED,LOAD_SHED,0,1,81.57,92.0,51.2981,51.1204,1.9807,3.946,3.946,3.93234,3.93234,0.0,23.2,141.756,3,55.508,,DISCHARGE,0.0,0,,SYNTHETIC,0
power-outage,0,284,2026-09-03T09:04:44Z,2026-09-03T09:04:45Z,2026-09-03T09:04:44Z,2026-09-03T09:04:45Z,site_b,SIM,synthetic_demo,B-WAN-1,UP,1000.0,77.4889,77.39,0.0,24.51,3.1039,0.1,0,UP,4.0,0.0,6,6,22,-60.4,17.26,4.908,0,0,0,32,0,61.0,0.0,0,0,,,,,,,,,,,,,,,,,,,,,0.0,0,,SYNTHETIC,0
power-outage,0,285,2026-09-03T09:04:45Z,2026-09-03T09:04:46Z,2026-09-03T09:04:45Z,2026-09-03T09:04:46Z,site_a,SIM,synthetic_demo,A-WAN-1,UP,1000.0,179.4098,179.95,0.0,18.96,2.6254,0.114,0,UP,4.0,0.0,48,12,57,-61.9,18.558,5.253,0,3,0,7,0,191.0,0.0,0,0,LOAD_SHED,LOAD_SHED,0,1,81.64,92.0,51.2979,51.1217,1.9648,3.94599,3.94599,3.93243,3.93243,0.0,23.4,140.622,3,55.542,,DISCHARGE,0.0,0,,SYNTHETIC,0
power-outage,0,285,2026-09-03T09:04:45Z,2026-09-03T09:04:46Z,2026-09-03T09:04:45Z,2026-09-03T09:04:46Z,site_b,SIM,synthetic_demo,B-WAN-1,UP,1000.0,84.6501,84.43,0.0,21.28,0.3669,0.083,0,UP,4.0,0.0,6,6,21,-62.2,17.754,4.073,0,0,0,32,0,55.0,0.0,0,0,,,,,,,,,,,,,,,,,,,,,0.0,0,,SYNTHETIC,0
power-outage,0,286,2026-09-03T09:04:46Z,2026-09-03T09:04:47Z,2026-09-03T09:04:46Z,2026-09-03T09:04:47Z,site_a,SIM,synthetic_demo,A-WAN-1,UP,1000.0,95.4482,95.86,0.0,18.64,1.9414,0.11,0,UP,4.0,0.0,48,12,76,-61.3,20.503,6.021,1,3,0,7,0,160.0,0.0,0,0,LOAD_SHED,LOAD_SHED,0,1,81.68,92.0,51.2977,51.1103,2.0898,3.94598,3.94598,3.93156,3.93156,0.0,23.3,149.536,3,55.264,,DISCHARGE,0.0,0,,SYNTHETIC,0
power-outage,0,286,2026-09-03T09:04:46Z,2026-09-03T09:04:47Z,2026-09-03T09:04:46Z,2026-09-03T09:04:47Z,site_b,SIM,synthetic_demo,B-WAN-1,UP,1000.0,79.9374,80.01,0.0,21.33,0.2485,0.108,0,UP,4.0,0.0,6,6,26,-61.2,18.988,4.782,0,1,0,32,0,75.0,0.0,0,0,,,,,,,,,,,,,,,,,,,,,0.0,0,,SYNTHETIC,0
power-outage,0,287,2026-09-03T09:04:47Z,2026-09-03T09:04:48Z,2026-09-03T09:04:47Z,2026-09-03T09:04:48Z,site_a,SIM,synthetic_demo,A-WAN-1,UP,1000.0,106.4253,106.16,0.0,17.16,1.8869,0.091,0,UP,4.0,0.0,48,12,32,-62.8,14.852,4.759,0,3,0,7,0,86.0,0.0,0,0,LOAD_SHED,LOAD_SHED,0,1,81.65,92.0,51.2976,51.1162,2.0214,3.94597,3.94597,3.93202,3.93202,0.0,23.3,144.657,3,55.414,,DISCHARGE,0.0,0,,SYNTHETIC,0
power-outage,0,287,2026-09-03T09:04:47Z,2026-09-03T09:04:48Z,2026-09-03T09:04:47Z,2026-09-03T09:04:48Z,site_b,SIM,synthetic_demo,B-WAN-1,UP,1000.0,82.305,82.74,0.0,22.61,1.9268,0.115,0,UP,4.0,0.0,6,6,54,-61.6,25.493,8.034,1,0,0,32,0,59.0,0.0,0,0,,,,,,,,,,,,,,,,,,,,,0.0,0,,SYNTHETIC,0
power-outage,0,288,2026-09-03T09:04:48Z,2026-09-03T09:04:49Z,2026-09-03T09:04:48Z,2026-09-03T09:04:49Z,site_a,SIM,synthetic_demo,A-WAN-1,UP,1000.0,137.8974,138.86,0.0,18.77,2.7176,0.083,0,UP,4.0,0.0,48,12,39,-61.2,17.232,4.578,1,3,0,7,0,212.0,0.0,0,0,LOAD_SHED,LOAD_SHED,0,1,81.68,92.0,51.2974,51.118,1.9994,3.94595,3.94595,3.93216,3.93216,0.0,23.3,143.089,3,55.462,,DISCHARGE,0.0,0,,SYNTHETIC,0
power-outage,0,288,2026-09-03T09:04:48Z,2026-09-03T09:04:49Z,2026-09-03T09:04:48Z,2026-09-03T09:04:49Z,site_b,SIM,synthetic_demo,B-WAN-1,UP,1000.0,81.4061,81.49,0.0,24.29,2.8975,0.115,0,UP,4.0,0.0,6,6,34,-61.3,19.923,5.605,0,1,0,32,0,55.0,0.0,0,0,,,,,,,,,,,,,,,,,,,,,0.0,0,,SYNTHETIC,0
power-outage,0,289,2026-09-03T09:04:49Z,2026-09-03T09:04:50Z,2026-09-03T09:04:49Z,2026-09-03T09:04:50Z,site_a,SIM,synthetic_demo,A-WAN-1,UP,1000.0,151.0303,151.63,0.0,16.15,0.777,0.114,0,UP,4.0,0.0,48,12,66,-61.7,19.407,5.93,0,3,0,7,0,140.0,0.0,0,0,LOAD_SHED,LOAD_SHED,0,1,81.69,92.0,51.2972,51.117,2.0096,3.94594,3.94594,3.93207,3.93207,0.0,23.2,143.811,3,55.439,,DISCHARGE,0.0,0,,SYNTHETIC,0
power-outage,0,289,2026-09-03T09:04:49Z,2026-09-03T09:04:50Z,2026-09-03T09:04:49Z,2026-09-03T09:04:50Z,site_b,SIM,synthetic_demo,B-WAN-1,UP,1000.0,84.3801,85.41,0.0,22.79,2.2159,,0,UP,4.0,0.0,6,6,71,-60.0,28.062,8.665,0,0,0,32,0,48.0,0.0,0,0,,,,,,,,,,,,,,,,,,,,,0.0,0,,SYNTHETIC|GAP|MISSING_MAR,0
power-outage,0,290,2026-09-03T09:04:50Z,2026-09-03T09:04:51Z,2026-09-03T09:04:50Z,2026-09-03T09:04:51Z,site_a,SIM,synthetic_demo,A-WAN-1,UP,1000.0,150.4562,149.05,0.0,16.2,0.0396,0.027,0,UP,4.0,0.0,48,12,60,-61.6,18.63,4.896,0,4,0,7,0,153.0,0.0,0,0,LOAD_SHED,LOAD_SHED,0,1,81.67,92.0,51.297,51.117,2.0073,3.94593,3.94593,3.93208,3.93208,0.0,23.3,143.649,3,55.443,,DISCHARGE,0.0,0,,SYNTHETIC,0
power-outage,0,290,2026-09-03T09:04:50Z,2026-09-03T09:04:51Z,2026-09-03T09:04:50Z,2026-09-03T09:04:51Z,site_b,SIM,synthetic_demo,B-WAN-1,UP,1000.0,83.347,83.0,0.0,22.21,1.6273,0.11,0,UP,4.0,0.0,6,6,63,-60.4,26.386,8.05,0,0,0,32,0,62.0,0.0,0,0,,,,,,,,,,,,,,,,,,,,,0.0,0,,SYNTHETIC,0
power-outage,0,291,2026-09-03T09:04:51Z,2026-09-03T09:04:52Z,2026-09-03T09:04:51Z,2026-09-03T09:04:52Z,site_a,SIM,synthetic_demo,A-WAN-1,UP,1000.0,122.5555,123.68,0.0,16.78,0.7616,0.099,0,UP,4.0,0.0,48,12,37,-61.3,16.964,4.722,3,4,0,7,0,117.0,0.0,0,0,LOAD_SHED,LOAD_SHED,0,1,81.62,92.0,51.2969,51.1197,1.9749,3.94591,3.94591,3.93229,3.93229,0.0,23.3,141.338,3,55.515,,DISCHARGE,0.0,0,,SYNTHETIC,0
power-outage,0,291,2026-09-03T09:04:51Z,2026-09-03T09:04:52Z,2026-09-03T09:04:51Z,2026-09-03T09:04:52Z,site_b,SIM,synthetic_demo,B-WAN-1,UP,1000.0,95.9012,95.21,0.0,21.12,0.4392,0.116,0,UP,4.0,0.0,6,6,80,-62.9,30.59,9.675,0,0,0,32,0,83.0,0.0,0,0,,,,,,,,,,,,,,,,,,,,,0.0,0,,SYNTHETIC,0
power-outage,0,292,2026-09-03T09:04:52Z,2026-09-03T09:04:53Z,2026-09-03T09:04:52Z,2026-09-03T09:04:53Z,site_a,SIM,synthetic_demo,A-WAN-1,UP,1000.0,152.303,151.79,0.0,16.71,0.6558,0.063,0,UP,4.0,0.0,48,12,79,-60.6,20.818,6.333,1,4,0,7,0,123.0,0.0,0,0,LOAD_SHED,LOAD_SHED,0,1,81.65,92.0,51.2967,51.1169,2.0042,3.9459,3.9459,3.93207,3.93207,0.0,23.4,143.425,3,55.448,,DISCHARGE,0.0,0,,SYNTHETIC,0
power-outage,0,292,2026-09-03T09:04:52Z,2026-09-03T09:04:53Z,2026-09-03T09:04:52Z,2026-09-03T09:04:53Z,site_b,SIM,synthetic_demo,B-WAN-1,UP,1000.0,82.677,83.05,0.0,23.19,2.1434,0.122,0,UP,4.0,0.0,6,6,72,-63.4,30.628,9.117,0,0,0,32,0,65.0,0.0,0,0,,,,,,,,,,,,,,,,,,,,,0.0,0,,SYNTHETIC,0
power-outage,0,293,2026-09-03T09:04:53Z,2026-09-03T09:04:54Z,2026-09-03T09:04:53Z,2026-09-03T09:04:54Z,site_a,SIM,synthetic_demo,A-WAN-1,UP,1000.0,152.7439,153.02,0.0,15.94,0.2289,0.059,0,UP,4.0,0.0,48,12,47,-62.9,19.373,5.17,0,3,0,7,0,188.0,0.0,0,0,LOAD_SHED,LOAD_SHED,0,1,81.6,92.0,51.2965,51.1191,1.9781,3.94589,3.94589,3.93224,3.93224,0.0,23.4,141.566,3,55.506,,DISCHARGE,0.0,0,,SYNTHETIC,0
power-outage,0,293,2026-09-03T09:04:53Z,2026-09-03T09:04:54Z,2026-09-03T09:04:53Z,2026-09-03T09:04:54Z,site_b,SIM,synthetic_demo,B-WAN-1,UP,1000.0,104.6977,104.15,0.0,21.68,1.2004,0.125,0,UP,4.0,0.0,6,6,52,-63.4,23.599,7.687,0,1,0,32,0,69.0,0.0,0,0,,,,,,,,,,,,,,,,,,,,,0.0,0,,SYNTHETIC,0
power-outage,0,294,2026-09-03T09:04:54Z,2026-09-03T09:04:55Z,2026-09-03T09:04:54Z,2026-09-03T09:04:55Z,site_a,SIM,synthetic_demo,A-WAN-1,UP,1000.0,162.6379,163.62,0.0,17.83,1.5178,0.096,0,UP,4.0,0.0,48,12,31,-63.6,16.854,5.06,0,3,0,7,0,169.0,0.0,0,0,LOAD_SHED,LOAD_SHED,0,1,81.57,92.0,51.2964,51.1169,2.0013,3.94588,3.94588,3.93207,3.93207,0.0,23.3,143.222,3,55.453,,DISCHARGE,0.0,0,,SYNTHETIC,0
power-outage,0,294,2026-09-03T09:04:54Z,2026-09-03T09:04:55Z,2026-09-03T09:04:54Z,2026-09-03T09:04:55Z,site_b,SIM,synthetic_demo,B-WAN-1,UP,1000.0,93.7772,93.37,0.0,20.37,0.2942,0.085,0,UP,4.0,0.0,6,6,44,-63.7,21.516,7.498,0,0,0,32,0,58.0,0.0,0,0,,,,,,,,,,,,,,,,,,,,,0.0,0,,SYNTHETIC,0
power-outage,0,295,2026-09-03T09:04:55Z,2026-09-03T09:04:56Z,2026-09-03T09:04:55Z,2026-09-03T09:04:56Z,site_a,SIM,synthetic_demo,A-WAN-1,UP,1000.0,119.1342,119.04,0.0,17.59,1.1922,0.08,0,UP,4.0,0.0,48,12,49,-63.0,18.054,5.159,0,3,0,7,0,171.0,0.0,0,0,LOAD_SHED,LOAD_SHED,0,1,81.67,92.0,51.2962,51.1148,2.0223,3.94586,3.94586,3.93191,3.93191,0.0,23.3,144.717,3,55.406,,DISCHARGE,0.0,0,,SYNTHETIC,0
power-outage,0,295,2026-09-03T09:04:55Z,2026-09-03T09:04:56Z,2026-09-03T09:04:55Z,2026-09-03T09:04:56Z,site_b,SIM,synthetic_demo,B-WAN-1,UP,1000.0,84.7971,84.44,0.0,23.02,1.8913,0.13,0,UP,4.0,0.0,6,6,37,-62.5,21.113,6.958,0,1,0,32,0,37.0,0.0,0,0,,,,,,,,,,,,,,,,,,,,,0.0,0,,SYNTHETIC,0
power-outage,0,296,2026-09-03T09:04:56Z,2026-09-03T09:04:57Z,2026-09-03T09:04:56Z,2026-09-03T09:04:57Z,site_a,SIM,synthetic_demo,A-WAN-1,UP,1000.0,108.629,109.2,0.0,18.23,1.9117,0.058,0,UP,4.0,0.0,48,12,34,-61.2,15.817,4.371,0,3,0,7,0,213.0,0.0,0,0,LOAD_SHED,LOAD_SHED,0,1,81.62,92.0,51.296,51.1177,1.9882,3.94585,3.94585,3.93213,3.93213,0.0,23.3,142.282,3,55.481,,DISCHARGE,0.0,0,,SYNTHETIC,0
power-outage,0,296,2026-09-03T09:04:56Z,2026-09-03T09:04:57Z,2026-09-03T09:04:56Z,2026-09-03T09:04:57Z,site_b,SIM,synthetic_demo,B-WAN-1,UP,1000.0,99.8949,101.06,0.0,23.35,2.9561,0.145,0,UP,4.0,0.0,6,6,66,-60.6,27.705,8.268,0,0,0,32,0,79.0,0.0,0,0,,,,,,,,,,,,,,,,,,,,,0.0,0,,SYNTHETIC,0
power-outage,0,297,2026-09-03T09:04:57Z,2026-09-03T09:04:58Z,2026-09-03T09:04:57Z,2026-09-03T09:04:58Z,site_a,SIM,synthetic_demo,A-WAN-1,UP,1000.0,139.42,138.61,0.0,16.94,0.9546,0.025,0,UP,4.0,0.0,48,48,207,-63.4,18.047,5.564,1,4,0,7,0,191.0,0.0,0,0,LOAD_SHED,BATTERY,0,1,81.63,92.0,51.2959,51.1166,1.9989,3.94584,3.94584,3.93204,3.93204,0.0,23.5,143.047,,688.143,,DISCHARGE,0.0,0,,SYNTHETIC,0
power-outage,0,297,2026-09-03T09:04:57Z,2026-09-03T09:04:58Z,2026-09-03T09:04:57Z,2026-09-03T09:04:58Z,site_b,SIM,synthetic_demo,B-WAN-1,UP,1000.0,96.9185,97.27,0.0,24.62,3.4675,0.125,0,UP,4.0,0.0,6,6,27,-62.5,18.891,5.692,0,0,0,32,0,76.0,0.0,0,0,,,,,,,,,,,,,,,,,,,,,0.0,0,,SYNTHETIC,0
power-outage,0,298,2026-09-03T09:04:58Z,2026-09-03T09:04:59Z,2026-09-03T09:04:58Z,2026-09-03T09:04:59Z,site_a,SIM,synthetic_demo,A-WAN-1,UP,1000.0,123.3975,123.34,0.0,18.87,3.2005,0.049,0,UP,4.0,0.0,48,48,378,-62.6,22.884,6.986,2,1,0,7,0,183.0,0.0,0,0,BATTERY,BATTERY,0,1,81.6,92.0,51.2939,48.9696,25.9123,3.94569,3.94569,3.76689,3.76689,0.0,23.3,1776.266,,55.417,OCP_DSG,DISCHARGE,0.0,0,,SYNTHETIC,0
power-outage,0,298,2026-09-03T09:04:58Z,2026-09-03T09:04:59Z,2026-09-03T09:04:58Z,2026-09-03T09:04:59Z,site_b,SIM,synthetic_demo,B-WAN-1,UP,1000.0,85.1143,84.73,0.0,21.8,0.282,0.123,0,UP,4.0,0.0,6,6,54,-62.4,24.75,7.969,0,0,0,32,0,53.0,0.0,0,0,,,,,,,,,,,,,,,,,,,,,0.0,0,,SYNTHETIC,0
power-outage,0,299,2026-09-03T09:04:59Z,2026-09-03T09:05:00Z,2026-09-03T09:04:59Z,2026-09-03T09:05:00Z,site_a,SIM,synthetic_demo,A-WAN-1,UP,1000.0,100.4913,101.01,0.0,16.22,1.2136,0.058,0,UP,4.0,0.0,48,12,57,-60.6,17.697,5.501,0,0,0,7,0,167.0,0.0,0,0,BATTERY,LOAD_SHED,0,1,81.65,92.0,51.2937,51.1144,1.9989,3.94567,3.94567,3.93188,3.93188,0.0,23.5,143.04,3,55.444,,DISCHARGE,0.0,0,,SYNTHETIC,0
power-outage,0,299,2026-09-03T09:04:59Z,2026-09-03T09:05:00Z,2026-09-03T09:04:59Z,2026-09-03T09:05:00Z,site_b,SIM,synthetic_demo,B-WAN-1,UP,1000.0,91.6124,91.46,0.0,23.03,2.6602,0.107,0,UP,4.0,0.0,6,6,23,-61.2,16.364,4.785,0,0,0,32,0,88.0,0.0,0,0,,,,,,,,,,,,,,,,,,,,,0.0,0,,SYNTHETIC,0
power-outage,0,300,2026-09-03T09:05:00Z,2026-09-03T09:05:01Z,2026-09-03T09:05:00Z,2026-09-03T09:05:01Z,site_a,SIM,synthetic_demo,A-WAN-1,UP,1000.0,106.1489,106.87,0.0,16.01,0.5005,0.09,0,UP,4.0,0.0,48,12,72,-62.5,18.887,5.834,0,1,0,7,0,145.0,0.0,0,0,LOAD_SHED,LOAD_SHED,0,1,81.57,92.0,51.1736,50.9965,1.974,3.82566,3.94566,3.81204,3.93204,120.0,23.5,140.936,3,55.509,,DISCHARGE,0.0,0,,SYNTHETIC,0
power-outage,0,300,2026-09-03T09:05:00Z,2026-09-03T09:05:01Z,2026-09-03T09:05:00Z,2026-09-03T09:05:01Z,site_b,SIM,synthetic_demo,B-WAN-1,UP,1000.0,92.7095,92.82,0.0,20.88,0.1603,0.102,0,UP,4.0,0.0,6,6,9,-66.0,13.837,4.015,0,0,0,32,0,67.0,0.0,0,0,,,,,,,,,,,,,,,,,,,,,0.0,0,,SYNTHETIC,0
power-outage,0,301,2026-09-03T09:05:01Z,2026-09-03T09:05:02Z,2026-09-03T09:05:01Z,2026-09-03T09:05:02Z,site_a,SIM,synthetic_demo,A-WAN-1,UP,1000.0,79.4193,79.57,0.0,16.78,1.1881,0.089,0,UP,4.0,0.0,48,12,44,-62.6,17.121,4.964,0,0,0,7,0,95.0,0.0,0,0,LOAD_SHED,LOAD_SHED,0,1,81.52,92.0,51.1734,50.9941,1.9995,3.82565,3.94565,3.81185,3.93185,120.0,23.4,142.747,3,55.452,,DISCHARGE,0.0,0,,SYNTHETIC,0
power-outage,0,301,2026-09-03T09:05:01Z,2026-09-03T09:05:02Z,2026-09-03T09:05:01Z,2026-09-03T09:05:02Z,site_b,SIM,synthetic_demo,B-WAN-1,UP,1000.0,98.4629,99.37,0.0,23.01,2.718,0.114,0,UP,4.0,0.0,6,6,26,-61.1,19.399,4.965,0,0,0,32,0,77.0,0.0,0,0,,,,,,,,,,,,,,,,,,,,,0.0,0,,SYNTHETIC,0
power-outage,0,302,2026-09-03T09:05:02Z,2026-09-03T09:05:03Z,2026-09-03T09:05:02Z,2026-09-03T09:05:03Z,site_a,SIM,synthetic_demo,A-WAN-1,UP,1000.0,92.6969,92.57,0.0,17.55,1.7228,0.06,0,UP,4.0,0.0,48,12,83,-63.8,22.505,6.964,0,1,0,7,0,76.0,0.0,0,0,LOAD_SHED,LOAD_SHED,0,1,81.66,92.0,51.1733,50.9957,1.9791,3.82563,3.94563,3.81198,3.93198,120.0,23.2,141.295,3,55.496,,DISCHARGE,0.0,0,,SYNTHETIC,0
power-outage,0,302,2026-09-03T09:05:02Z,2026-09-03T09:05:03Z,2026-09-03T09:05:02Z,2026-09-03T09:05:03Z,site_b,SIM,synthetic_demo,B-WAN-1,UP,1000.0,105.9654,106.27,0.0,22.1,0.4889,0.086,0,UP,4.0,0.0,6,6,63,-61.7,25.235,8.382,0,1,0,32,0,74.0,0.0,0,0,,,,,,,,,,,,,,,,,,,,,0.0,0,,SYNTHETIC,0
power-outage,0,303,2026-09-03T09:05:03Z,2026-09-03T09:05:04Z,2026-09-03T09:05:03Z,2026-09-03T09:05:04Z,site_a,SIM,synthetic_demo,A-WAN-1,UP,1000.0,119.7593,120.01,0.0,17.98,2.3101,0.076,0,UP,4.0,0.0,48,12,72,-61.6,20.792,6.097,0,0,0,7,0,168.0,0.0,0,0,LOAD_SHED,LOAD_SHED,0,1,81.7,92.0,51.1731,50.9939,1.9979,3.82562,3.94562,3.81184,3.93184,120.0,23.3,142.629,3,55.454,,DISCHARGE,0.0,0,,SYNTHETIC,0
power-outage,0,303,2026-09-03T09:05:03Z,2026-09-03T09:05:04Z,2026-09-03T09:05:03Z,2026-09-03T09:05:04Z,site_b,SIM,synthetic_demo,B-WAN-1,UP,1000.0,87.2684,87.75,0.0,21.52,0.9918,0.105,0,UP,4.0,0.0,6,6,35,-61.9,18.547,5.87,0,0,0,32,0,44.0,0.0,0,0,,,,,,,,,,,,,,,,,,,,,0.0,0,,SYNTHETIC,0
power-outage,0,304,2026-09-03T09:05:04Z,2026-09-03T09:05:05Z,2026-09-03T09:05:04Z,2026-09-03T09:05:05Z,site_a,SIM,synthetic_demo,A-WAN-1,UP,1000.0,107.5138,108.34,0.0,16.41,0.7003,0.085,0,UP,4.0,0.0,48,12,39,-63.8,15.741,4.953,0,0,0,7,0,98.0,0.0,0,0,LOAD_SHED,LOAD_SHED,0,1,81.57,92.0,51.1729,50.9974,1.9569,3.82561,3.94561,3.81211,3.93211,120.0,23.4,139.715,3,55.544,,DISCHARGE,0.0,0,,SYNTHETIC,0
power-outage,0,304,2026-09-03T09:05:04Z,2026-09-03T09:05:05Z,2026-09-03T09:05:04Z,2026-09-03T09:05:05Z,site_b,SIM,synthetic_demo,B-WAN-1,UP,1000.0,78.6504,79.25,0.0,22.1,0.8648,0.108,0,UP,4.0,0.0,6,6,37,-63.0,20.048,6.575,0,1,0,32,0,47.0,0.0,0,0,,,,,,,,,,,,,,,,,,,,,0.0,0,,SYNTHETIC,0
power-outage,0,305,2026-09-03T09:05:05Z,2026-09-03T09:05:06Z,2026-09-03T09:05:05Z,2026-09-03T09:05:06Z,site_a,SIM,synthetic_demo,A-WAN-1,UP,1000.0,101.072,101.94,0.0,17.08,0.8323,0.08,0,UP,4.0,0.0,48,12,39,-61.6,16.641,4.886,0,0,0,7,0,100.0,0.0,0,0,LOAD_SHED,LOAD_SHED,0,1,81.64,92.0,51.1727,50.9911,2.0247,3.8256,3.9456,3.81163,3.93163,120.0,23.4,144.539,3,55.392,,DISCHARGE,0.0,0,,SYNTHETIC,0
power-outage,0,305,2026-09-03T09:05:05Z,2026-09-03T09:05:06Z,2026-09-03T09:05:05Z,2026-09-03T09:05:06Z,site_b,SIM,synthetic_demo,B-WAN-1,UP,1000.0,81.9606,81.34,0.0,21.28,0.0889,0.113,0,UP,4.0,0.0,6,6,19,-61.9,14.277,4.908,0,2,0,32,0,71.0,0.0,0,0,,,,,,,,,,,,,,,,,,,,,0.0,0,,SYNTHETIC,0
power-outage,0,306,2026-09-03T09:05:06Z,2026-09-03T09:05:07Z,2026-09-03T09:05:06Z,2026-09-03T09:05:07Z,site_a,SIM,synthetic_demo,A-WAN-1,UP,1000.0,93.5976,93.86,0.0,16.94,0.7988,0.084,0,UP,4.0,0.0,48,12,66,-63.3,21.158,6.055,0,3,0,7,0,89.0,0.0,0,0,LOAD_SHED,LOAD_SHED,0,1,81.57,92.0,51.1726,50.9931,2.0009,3.82558,3.94558,3.81178,3.93178,120.0,23.2,142.845,3,55.444,,DISCHARGE,0.0,0,,SYNTHETIC,0
power-outage,0,306,2026-09-03T09:05:06Z,2026-09-03T09:05:07Z,2026-09-03T09:05:06Z,2026-09-03T09:05:07Z,site_b,SIM,synthetic_demo,B-WAN-1,UP,1000.0,83.7043,84.05,0.0,21.63,1.2332,0.116,0,UP,4.0,0.0,6,6,31,-60.4,19.155,5.684,0,0,0,32,0,61.0,0.0,0,0,,,,,,,,,,,,,,,,,,,,,0.0,0,,SYNTHETIC,0
power-outage,0,307,2026-09-03T09:05:07Z,2026-09-03T09:05:08Z,2026-09-03T09:05:07Z,2026-09-03T09:05:08Z,site_a,SIM,synthetic_demo,A-WAN-1,UP,1000.0,108.2427,108.83,0.0,18.69,2.3498,0.044,0,UP,4.0,0.0,48,12,53,-62.3,17.888,5.689,1,1,0,7,0,156.0,0.0,0,0,LOAD_SHED,LOAD_SHED,0,1,81.62,92.0,51.1724,50.9932,1.9981,3.82557,3.94557,3.81178,3.93178,120.0,23.4,142.643,3,55.45,,DISCHARGE,0.0,0,,SYNTHETIC,0
power-outage,0,307,2026-09-03T09:05:07Z,2026-09-03T09:05:08Z,2026-09-03T09:05:07Z,2026-09-03T09:05:08Z,site_b,SIM,synthetic_demo,B-WAN-1,UP,1000.0,75.728,74.55,0.0,21.31,0.1652,0.071,0,UP,4.0,0.0,6,6,60,-63.4,28.133,9.097,0,0,0,32,0,61.0,0.0,0,0,,,,,,,,,,,,,,,,,,,,,0.0,0,,SYNTHETIC,0
power-outage,0,308,2026-09-03T09:05:08Z,2026-09-03T09:05:09Z,2026-09-03T09:05:08Z,2026-09-03T09:05:09Z,site_a,SIM,synthetic_demo,A-WAN-1,UP,1000.0,80.6931,81.28,0.0,17.78,1.5558,0.097,0,UP,4.0,0.0,48,12,38,-61.2,15.003,4.783,0,0,0,7,0,90.0,0.0,0,0,LOAD_SHED,LOAD_SHED,0,1,81.64,92.0,51.1722,50.9934,1.9937,3.82556,3.94556,3.8118,3.9318,120.0,23.3,142.333,3,55.459,,DISCHARGE,0.0,0,,SYNTHETIC,0
power-outage,0,308,2026-09-03T09:05:08Z,2026-09-03T09:05:09Z,2026-09-03T09:05:08Z,2026-09-03T09:05:09Z,site_b,SIM,synthetic_demo,B-WAN-1,UP,1000.0,97.5177,97.97,0.0,23.5,1.7761,0.116,0,UP,4.0,0.0,6,6,21,-65.0,16.653,5.738,0,1,0,32,0,62.0,0.0,0,0,,,,,,,,,,,,,,,,,,,,,0.0,0,,SYNTHETIC,0
power-outage,0,309,2026-09-03T09:05:09Z,2026-09-03T09:05:10Z,2026-09-03T09:05:09Z,2026-09-03T09:05:10Z,site_a,SIM,synthetic_demo,A-WAN-1,UP,1000.0,105.4912,104.99,0.0,17.92,1.9518,0.123,0,UP,4.0,0.0,48,12,64,-62.9,19.305,6.233,0,0,0,7,0,197.0,0.0,0,0,LOAD_SHED,LOAD_SHED,0,1,81.62,92.0,51.1721,50.9933,1.9927,3.82554,3.94554,3.81179,3.93179,120.0,23.2,142.262,3,55.46,,DISCHARGE,0.0,0,,SYNTHETIC,0
power-outage,0,309,2026-09-03T09:05:09Z,2026-09-03T09:05:10Z,2026-09-03T09:05:09Z,2026-09-03T09:05:10Z,site_b,SIM,synthetic_demo,B-WAN-1,UP,1000.0,66.9081,67.5,0.0,21.77,0.5396,0.108,0,UP,4.0,0.0,6,6,41,-64.4,21.696,7.027,0,1,0,32,0,43.0,0.0,0,0,,,,,,,,,,,,,,,,,,,,,0.0,0,,SYNTHETIC,0
power-outage,0,310,2026-09-03T09:05:10Z,2026-09-03T09:05:11Z,2026-09-03T09:05:10Z,2026-09-03T09:05:11Z,site_a,SIM,synthetic_demo,A-WAN-1,UP,1000.0,85.3139,84.78,0.0,16.34,0.2655,0.074,0,UP,4.0,0.0,48,12,57,-60.8,19.154,5.515,0,0,0,7,0,118.0,0.0,0,0,LOAD_SHED,LOAD_SHED,0,1,81.53,92.0,51.1719,50.9906,2.0217,3.82553,3.94553,3.81158,3.93158,120.0,23.3,144.319,3,55.395,,DISCHARGE,0.0,0,,SYNTHETIC,0
power-outage,0,310,2026-09-03T09:05:10Z,2026-09-03T09:05:11Z,2026-09-03T09:05:10Z,2026-09-03T09:05:11Z,site_b,SIM,synthetic_demo,B-WAN-1,UP,1000.0,158.5805,159.25,0.0,22.65,2.1438,0.086,0,UP,4.0,0.0,6,6,30,-62.2,19.488,6.808,0,1,0,32,0,54.0,0.0,0,0,,,,,,,,,,,,,,,,,,,,,0.0,0,,SYNTHETIC,0
power-outage,0,311,2026-09-03T09:05:11Z,2026-09-03T09:05:12Z,2026-09-03T09:05:11Z,2026-09-03T09:05:12Z,site_a,SIM,synthetic_demo,A-WAN-1,UP,1000.0,81.8992,81.34,0.0,16.05,0.2035,0.08,0,UP,4.0,0.0,48,12,35,-61.5,16.44,5.16,0,0,0,7,0,179.0,0.0,0,0,LOAD_SHED,LOAD_SHED,0,1,81.65,92.0,51.1717,50.9927,1.9959,3.82552,3.94552,3.81175,3.93175,120.0,23.4,142.488,3,55.451,,DISCHARGE,0.0,0,,SYNTHETIC,0
power-outage,0,311,2026-09-03T09:05:11Z,2026-09-03T09:05:12Z,2026-09-03T09:05:11Z,2026-09-03T09:05:12Z,site_b,SIM,synthetic_demo,B-WAN-1,UP,1000.0,69.5999,69.99,0.0,21.67,0.6449,0.121,0,UP,4.0,0.0,6,6,55,-59.8,23.605,6.82,0,1,0,32,0,56.0,0.0,0,0,,,,,,,,,,,,,,,,,,,,,0.0,0,,SYNTHETIC,0
power-outage,0,312,2026-09-03T09:05:12Z,2026-09-03T09:05:13Z,2026-09-03T09:05:12Z,2026-09-03T09:05:13Z,site_a,SIM,synthetic_demo,A-WAN-1,UP,1000.0,87.3908,85.84,0.0,16.95,0.9468,0.088,0,UP,4.0,0.0,48,12,44,,15.849,4.959,0,0,0,7,0,158.0,0.0,0,0,LOAD_SHED,LOAD_SHED,0,1,81.63,92.0,51.1716,50.9947,1.9721,3.82551,3.94551,3.8119,3.9319,120.0,23.2,140.79,3,55.503,,DISCHARGE,0.0,0,,SYNTHETIC|GAP|MISSING_MCAR,0
power-outage,0,312,2026-09-03T09:05:12Z,2026-09-03T09:05:13Z,2026-09-03T09:05:12Z,2026-09-03T09:05:13Z,site_b,SIM,synthetic_demo,B-WAN-1,UP,1000.0,71.2343,72.84,0.0,23.84,2.4677,0.12,0,UP,4.0,0.0,6,6,46,-61.7,22.428,7.111,0,0,0,32,0,84.0,0.0,0,0,,,,,,,,,,,,,,,,,,,,,0.0,0,,SYNTHETIC,0
power-outage,0,313,2026-09-03T09:05:13Z,2026-09-03T09:05:14Z,2026-09-03T09:05:13Z,2026-09-03T09:05:14Z,site_a,SIM,synthetic_demo,A-WAN-1,UP,1000.0,103.2807,103.46,0.0,15.66,0.2643,0.063,0,UP,4.0,0.0,48,12,48,-62.6,16.577,5.459,0,1,0,7,0,194.0,0.0,0,0,LOAD_SHED,LOAD_SHED,0,1,81.57,92.0,51.1714,50.9955,1.961,3.82549,3.94549,3.81196,3.93196,120.0,23.5,140.005,3,55.527,,DISCHARGE,0.0,0,,SYNTHETIC,0
power-outage,0,313,2026-09-03T09:05:13Z,2026-09-03T09:05:14Z,2026-09-03T09:05:13Z,2026-09-03T09:05:14Z,site_b,SIM,synthetic_demo,B-WAN-1,UP,1000.0,70.564,69.42,0.0,22.09,1.1359,0.117,0,UP,4.0,0.0,6,6,71,-63.9,28.539,9.074,1,1,0,32,0,71.0,0.0,0,0,,,,,,,,,,,,,,,,,,,,,0.0,0,,SYNTHETIC,0
power-outage,0,314,2026-09-03T09:05:14Z,2026-09-03T09:05:15Z,2026-09-03T09:05:14Z,2026-09-03T09:05:15Z,site_a,SIM,synthetic_demo,A-WAN-1,UP,1000.0,87.0123,87.11,0.0,17.26,1.3253,0.07,0,UP,4.0,0.0,48,48,183,-61.8,16.72,4.999,0,4,0,7,0,100.0,0.0,0,0,LOAD_SHED,BATTERY,0,1,81.63,92.0,51.1712,50.9927,1.9901,3.82548,3.94548,3.81175,3.93175,120.0,23.4,142.074,,692.548,,DISCHARGE,0.0,0,,SYNTHETIC,0
power-outage,0,314,2026-09-03T09:05:14Z,2026-09-03T09:05:15Z,2026-09-03T09:05:14Z,2026-09-03T09:05:15Z,site_b,SIM,synthetic_demo,B-WAN-1,UP,1000.0,65.4366,66.81,0.0,22.63,1.893,0.112,0,UP,4.0,0.0,6,6,57,-61.7,23.559,8.135,0,0,0,32,0,42.0,0.0,0,0,,,,,,,,,,,,,,,,,,,,,0.0,0,,SYNTHETIC,0
power-outage,0,315,2026-09-03T09:05:15Z,2026-09-03T09:05:16Z,2026-09-03T09:05:15Z,2026-09-03T09:05:16Z,site_a,SIM,synthetic_demo,A-WAN-1,UP,1000.0,101.3695,101.77,0.0,18.97,3.4908,0.051,0,UP,4.0,0.0,48,48,368,-61.6,22.597,6.699,2,4,0,7,0,127.0,0.0,0,0,BATTERY,BATTERY,0,1,81.66,92.0,51.1693,48.8398,25.9701,3.82533,3.94533,3.64614,3.76614,120.0,23.4,1775.511,,55.416,OCP_DSG,DISCHARGE,0.0,0,,SYNTHETIC,0
power-outage,0,315,2026-09-03T09:05:15Z,2026-09-03T09:05:16Z,2026-09-03T09:05:15Z,2026-09-03T09:05:16Z,site_b,SIM,synthetic_demo,B-WAN-1,UP,1000.0,71.7511,72.1,0.0,21.3,0.3157,0.067,0,UP,4.0,0.0,6,6,61,-61.5,23.184,7.816,0,1,0,32,0,43.0,0.0,0,0,,,,,,,,,,,,,,,,,,,,,0.0,0,,SYNTHETIC,0
power-outage,0,316,2026-09-03T09:05:16Z,2026-09-03T09:05:17Z,2026-09-03T09:05:16Z,2026-09-03T09:05:17Z,site_a,SIM,synthetic_demo,A-WAN-1,UP,1000.0,90.0063,90.06,0.0,17.12,0.9065,0.082,0,UP,4.0,0.0,48,12,61,-63.0,19.517,5.942,0,3,0,7,0,167.0,0.0,0,0,BATTERY,LOAD_SHED,0,1,81.54,92.0,51.1691,50.9868,2.0326,3.82532,3.94532,3.81129,3.93129,120.0,23.3,145.086,3,55.356,,DISCHARGE,0.0,0,,SYNTHETIC,0
power-outage,0,316,2026-09-03T09:05:16Z,2026-09-03T09:05:17Z,2026-09-03T09:05:16Z,2026-09-03T09:05:17Z,site_b,SIM,synthetic_demo,B-WAN-1,UP,1000.0,72.2507,72.9,0.0,22.19,0.4429,0.105,0,UP,4.0,0.0,6,6,42,-62.5,20.827,7.301,0,1,0,32,0,75.0,0.0,0,0,,,,,,,,,,,,,,,,,,,,,0.0,0,,SYNTHETIC,0
power-outage,0,317,2026-09-03T09:05:17Z,2026-09-03T09:05:18Z,2026-09-03T09:05:17Z,2026-09-03T09:05:18Z,site_a,SIM,synthetic_demo,A-WAN-1,UP,1000.0,111.9096,111.41,0.0,16.27,0.4841,0.121,0,UP,4.0,0.0,48,12,57,-61.4,19.235,5.61,1,3,0,7,0,111.0,0.0,0,0,LOAD_SHED,LOAD_SHED,0,1,81.56,92.0,51.1689,50.9873,2.025,3.8253,3.9453,3.81133,3.93133,120.0,23.5,144.545,3,55.372,,DISCHARGE,0.0,0,,SYNTHETIC,0
power-outage,0,317,2026-09-03T09:05:17Z,2026-09-03T09:05:18Z,2026-09-03T09:05:17Z,2026-09-03T09:05:18Z,site_b,SIM,synthetic_demo,B-WAN-1,UP,1000.0,66.4654,66.2,0.0,22.44,1.4668,0.082,0,UP,4.0,0.0,6,6,41,-63.8,20.977,7.16,0,0,0,32,0,84.0,0.0,0,0,,,,,,,,,,,,,,,,,,,,,0.0,0,,SYNTHETIC,0
power-outage,0,318,2026-09-03T09:05:18Z,2026-09-03T09:05:19Z,2026-09-03T09:05:18Z,2026-09-03T09:05:19Z,site_a,SIM,synthetic_demo,A-WAN-1,UP,1000.0,81.4695,81.06,0.0,16.73,1.0327,0.109,0,UP,4.0,0.0,48,12,77,-63.3,21.799,6.844,1,3,0,7,0,80.0,0.0,0,0,LOAD_SHED,LOAD_SHED,0,1,81.51,92.0,51.1688,50.9898,1.9955,3.82529,3.94529,3.81152,3.93152,120.0,23.4,142.447,3,55.436,,DISCHARGE,0.0,0,,SYNTHETIC,0
power-outage,0,318,2026-09-03T09:05:18Z,2026-09-03T09:05:19Z,2026-09-03T09:05:18Z,2026-09-03T09:05:19Z,site_b,SIM,synthetic_demo,B-WAN-1,UP,1000.0,66.3184,66.58,0.0,23.77,2.4495,0.109,0,UP,4.0,0.0,6,6,52,-61.4,25.638,7.138,0,2,0,32,0,78.0,0.0,0,0,,,,,,,,,,,,,,,,,,,,,0.0,0,,SYNTHETIC,0
power-outage,0,319,2026-09-03T09:05:19Z,2026-09-03T09:05:20Z,2026-09-03T09:05:19Z,2026-09-03T09:05:20Z,site_a,SIM,synthetic_demo,A-WAN-1,UP,1000.0,104.3135,103.62,0.0,19.24,3.1843,0.086,0,UP,4.0,0.0,48,12,43,-62.6,16.453,5.268,0,2,0,7,0,127.0,0.0,0,0,LOAD_SHED,LOAD_SHED,0,1,81.59,92.0,51.1686,50.9907,1.9832,3.82528,3.94528,3.81159,3.93159,120.0,23.3,141.576,3,55.463,,DISCHARGE,0.0,0,,SYNTHETIC,0
power-outage,0,319,2026-09-03T09:05:19Z,2026-09-03T09:05:20Z,2026-09-03T09:05:19Z,2026-09-03T09:05:20Z,site_b,SIM,synthetic_demo,B-WAN-1,UP,1000.0,77.4333,76.49,0.0,20.35,0.0647,0.123,0,UP,4.0,0.0,6,6,48,-62.6,24.462,6.984,0,0,0,32,0,80.0,0.0,0,0,,,,,,,,,,,,,,,,,,,,,0.0,0,,SYNTHETIC,0
power-outage,0,320,2026-09-03T09:05:20Z,2026-09-03T09:05:21Z,2026-09-03T09:05:20Z,2026-09-03T09:05:21Z,site_a,SIM,synthetic_demo,A-WAN-1,UP,1000.0,113.4861,113.11,0.0,17.03,0.7539,0.067,0,UP,4.0,0.0,48,12,53,-61.7,16.76,5.358,0,3,0,7,0,173.0,0.0,0,0,LOAD_SHED,LOAD_SHED,0,1,81.67,92.0,51.1684,50.9888,2.0028,3.82527,3.94527,3.81145,3.93145,120.0,23.3,142.971,3,55.418,,DISCHARGE,0.0,0,,SYNTHETIC,0
power-outage,0,320,2026-09-03T09:05:20Z,2026-09-03T09:05:21Z,2026-09-03T09:05:20Z,2026-09-03T09:05:21Z,site_b,SIM,synthetic_demo,B-WAN-1,UP,1000.0,75.4017,75.21,0.0,23.13,2.0841,0.114,0,UP,4.0,0.0,6,6,17,-63.2,14.685,5.11,0,0,0,32,0,76.0,0.0,0,0,,,,,,,,,,,,,,,,,,,,,0.0,0,,SYNTHETIC,0
power-outage,0,321,2026-09-03T09:05:21Z,2026-09-03T09:05:22Z,2026-09-03T09:05:21Z,2026-09-03T09:05:22Z,site_a,SIM,synthetic_demo,A-WAN-1,UP,1000.0,105.7804,105.97,0.0,17.28,1.6131,0.102,0,UP,4.0,0.0,48,12,33,-61.4,16.357,4.413,0,3,0,7,0,129.0,0.0,0,0,LOAD_SHED,LOAD_SHED,0,1,81.61,92.0,51.1683,50.9866,2.0256,3.82525,3.94525,3.81128,3.93128,120.0,23.3,144.591,3,55.367,,DISCHARGE,0.0,0,,SYNTHETIC,0
power-outage,0,321,2026-09-03T09:05:21Z,2026-09-03T09:05:22Z,2026-09-03T09:05:21Z,2026-09-03T09:05:22Z,site_b,SIM,synthetic_demo,B-WAN-1,UP,1000.0,69.1229,69.15,0.0,22.51,1.7425,0.13,0,UP,4.0,0.0,6,6,40,-61.3,21.045,6.457,0,1,0,32,0,69.0,0.0,0,0,,,,,,,,,,,,,,,,,,,,,0.0,0,,SYNTHETIC,0
power-outage,0,322,2026-09-03T09:05:22Z,2026-09-03T09:05:23Z,2026-09-03T09:05:22Z,2026-09-03T09:05:23Z,site_a,SIM,synthetic_demo,A-WAN-1,UP,1000.0,89.2762,88.41,0.0,16.57,0.9029,0.102,0,UP,4.0,0.0,48,12,35,-61.5,15.379,4.4,0,2,0,7,0,156.0,0.0,0,0,LOAD_SHED,LOAD_SHED,0,1,81.55,92.0,51.1681,50.9879,2.0086,3.82524,3.94524,3.81138,3.93138,120.0,23.5,143.378,3,55.404,,DISCHARGE,0.0,0,,SYNTHETIC,0
power-outage,0,322,2026-09-03T09:05:22Z,2026-09-03T09:05:23Z,2026-09-03T09:05:22Z,2026-09-03T09:05:23Z,site_b,SIM,synthetic_demo,B-WAN-1,UP,1000.0,83.7865,83.92,0.0,21.42,1.0493,0.071,0,UP,4.0,0.0,6,6,48,-60.6,22.988,6.842,0,0,0,32,0,58.0,0.0,0,0,,,,,,,,,,,,,,,,,,,,,0.0,0,,SYNTHETIC,0
power-outage,0,323,2026-09-03T09:05:23Z,2026-09-03T09:05:24Z,2026-09-03T09:05:23Z,2026-09-03T09:05:24Z,site_a,SIM,synthetic_demo,A-WAN-1,UP,1000.0,111.4497,111.85,0.0,20.58,4.5652,0.065,0,UP,4.0,0.0,48,12,68,-60.3,18.709,6.043,0,5,0,7,0,102.0,0.0,0,0,LOAD_SHED,LOAD_SHED,0,1,81.63,92.0,51.1679,50.9909,1.9733,3.82523,3.94523,3.81161,3.93161,120.0,23.4,140.866,3,55.482,,DISCHARGE,0.0,0,,SYNTHETIC,0
power-outage,0,323,2026-09-03T09:05:23Z,2026-09-03T09:05:24Z,2026-09-03T09:05:23Z,2026-09-03T09:05:24Z,site_b,SIM,synthetic_demo,B-WAN-1,UP,1000.0,73.2611,72.02,0.0,21.91,0.9463,0.106,0,UP,4.0,0.0,6,6,41,-61.4,21.461,6.398,0,1,0,32,0,39.0,0.0,0,0,,,,,,,,,,,,,,,,,,,,,0.0,0,,SYNTHETIC,0
power-outage,0,324,2026-09-03T09:05:24Z,2026-09-03T09:05:25Z,2026-09-03T09:05:24Z,2026-09-03T09:05:25Z,site_a,SIM,synthetic_demo,A-WAN-1,UP,1000.0,115.6034,116.6,0.0,16.6,0.3779,0.116,0,UP,4.0,0.0,48,12,44,-60.6,16.677,4.824,0,2,0,7,0,101.0,0.0,0,0,LOAD_SHED,LOAD_SHED,0,1,81.56,92.0,51.1678,50.9922,1.9571,3.82521,3.94521,3.81171,3.93171,120.0,23.4,139.717,3,55.517,,DISCHARGE,0.0,0,,SYNTHETIC,0
power-outage,0,324,2026-09-03T09:05:24Z,2026-09-03T09:05:25Z,2026-09-03T09:05:24Z,2026-09-03T09:05:25Z,site_b,SIM,synthetic_demo,B-WAN-1,UP,1000.0,66.7034,66.66,0.0,21.9,1.099,0.101,0,UP,4.0,0.0,6,6,76,-61.4,29.38,9.268,0,0,0,32,0,67.0,0.0,0,0,,,,,,,,,,,,,,,,,,,,,0.0,0,,SYNTHETIC,0
power-outage,0,325,2026-09-03T09:05:25Z,2026-09-03T09:05:26Z,2026-09-03T09:05:25Z,2026-09-03T09:05:26Z,site_a,SIM,synthetic_demo,A-WAN-1,UP,1000.0,104.3554,104.0,0.0,17.94,1.0548,0.053,0,UP,4.0,0.0,48,12,70,-63.4,19.02,6.061,0,2,0,7,0,128.0,0.0,0,0,LOAD_SHED,LOAD_SHED,0,1,81.56,92.0,51.1676,50.99,1.9801,3.8252,3.9452,3.81154,3.93154,120.0,23.3,141.349,3,55.465,,DISCHARGE,0.0,0,,SYNTHETIC,0
power-outage,0,325,2026-09-03T09:05:25Z,2026-09-03T09:05:26Z,2026-09-03T09:05:25Z,2026-09-03T09:05:26Z,site_b,SIM,synthetic_demo,B-WAN-1,UP,1000.0,71.8019,72.7,0.0,21.38,0.6348,0.104,0,UP,4.0,0.0,6,6,55,-63.2,22.157,7.802,0,0,0,32,0,30.0,0.0,0,0,,,,,,,,,,,,,,,,,,,,,0.0,0,,SYNTHETIC,0
power-outage,0,326,2026-09-03T09:05:26Z,2026-09-03T09:05:27Z,2026-09-03T09:05:26Z,2026-09-03T09:05:27Z,site_a,SIM,synthetic_demo,A-WAN-1,UP,1000.0,114.0899,114.15,0.0,15.16,0.0111,0.062,0,UP,4.0,0.0,48,12,76,-61.2,20.914,5.911,0,4,0,7,0,98.0,0.0,0,0,LOAD_SHED,LOAD_SHED,0,1,81.57,92.0,51.1674,50.9829,2.0577,3.82519,3.94519,3.81099,3.93099,120.0,23.4,146.866,3,55.292,,DISCHARGE,0.0,0,,SYNTHETIC,0
power-outage,0,326,2026-09-03T09:05:26Z,2026-09-03T09:05:27Z,2026-09-03T09:05:26Z,2026-09-03T09:05:27Z,site_b,SIM,synthetic_demo,B-WAN-1,UP,1000.0,67.8288,66.87,0.0,23.71,2.8933,0.092,0,UP,4.0,0.0,6,6,50,-63.5,25.784,7.466,0,0,0,32,0,63.0,0.0,0,0,,,,,,,,,,,,,,,,,,,,,0.0,0,,SYNTHETIC,0
power-outage,0,327,2026-09-03T09:05:27Z,2026-09-03T09:05:28Z,2026-09-03T09:05:27Z,2026-09-03T09:05:28Z,site_a,SIM,synthetic_demo,A-WAN-1,UP,1000.0,173.2368,172.81,0.0,19.6,3.049,0.072,0,UP,4.0,0.0,48,12,68,-61.1,19.561,5.828,1,2,0,7,0,121.0,0.0,0,0,LOAD_SHED,LOAD_SHED,0,1,81.57,92.0,51.1673,50.9876,2.003,3.82517,3.94517,3.81135,3.93135,120.0,23.3,142.979,3,55.412,,DISCHARGE,0.0,0,,SYNTHETIC,0
power-outage,0,327,2026-09-03T09:05:27Z,2026-09-03T09:05:28Z,2026-09-03T09:05:27Z,2026-09-03T09:05:28Z,site_b,SIM,synthetic_demo,B-WAN-1,UP,1000.0,61.764,60.87,0.0,24.63,3.6822,0.093,0,UP,4.0,0.0,6,6,46,-63.9,22.247,7.322,0,0,0,32,0,50.0,0.0,0,0,,,,,,,,,,,,,,,,,,,,,0.0,0,,SYNTHETIC,0
power-outage,0,328,2026-09-03T09:05:28Z,2026-09-03T09:05:29Z,2026-09-03T09:05:28Z,2026-09-03T09:05:29Z,site_a,SIM,synthetic_demo,A-WAN-1,UP,1000.0,106.633,106.2,0.0,16.92,1.4759,0.077,0,UP,4.0,0.0,48,12,71,-61.6,18.606,6.147,1,2,0,7,0,108.0,0.0,0,0,LOAD_SHED,LOAD_SHED,0,1,81.61,92.0,51.1671,50.985,2.0301,3.82516,3.94516,3.81115,3.93115,120.0,23.4,144.908,3,55.351,,DISCHARGE,0.0,0,,SYNTHETIC,0
power-outage,0,328,2026-09-03T09:05:28Z,2026-09-03T09:05:29Z,2026-09-03T09:05:28Z,2026-09-03T09:05:29Z,site_b,SIM,synthetic_demo,B-WAN-1,UP,1000.0,60.3626,60.97,0.0,21.92,0.9706,0.068,0,UP,4.0,0.0,6,6,53,-62.8,23.429,7.819,0,1,0,32,0,43.0,0.0,0,0,,,,,,,,,,,,,,,,,,,,,0.0,0,,SYNTHETIC,0
power-outage,0,329,2026-09-03T09:05:29Z,2026-09-03T09:05:30Z,2026-09-03T09:05:29Z,2026-09-03T09:05:30Z,site_a,SIM,synthetic_demo,A-WAN-1,UP,1000.0,99.4932,99.89,0.0,18.94,3.1471,0.124,0,UP,4.0,0.0,48,12,60,-62.7,18.849,5.283,0,4,0,7,0,146.0,0.0,0,0,LOAD_SHED,LOAD_SHED,0,1,81.5,92.0,51.1669,50.9902,1.97,3.82515,3.94515,3.81156,3.93156,120.0,23.5,140.63,3,55.484,,DISCHARGE,0.0,0,,SYNTHETIC,0
power-outage,0,329,2026-09-03T09:05:29Z,2026-09-03T09:05:30Z,2026-09-03T09:05:29Z,2026-09-03T09:05:30Z,site_b,SIM,synthetic_demo,B-WAN-1,UP,1000.0,67.5653,69.07,0.0,22.99,1.0798,0.112,0,UP,4.0,0.0,6,6,29,-62.0,19.652,5.835,0,0,0,32,0,48.0,0.0,0,0,,,,,,,,,,,,,,,,,,,,,0.0,0,,SYNTHETIC,0
power-outage,0,330,2026-09-03T09:05:30Z,2026-09-03T09:05:31Z,2026-09-03T09:05:30Z,2026-09-03T09:05:31Z,site_a,SIM,synthetic_demo,A-WAN-1,UP,1000.0,92.7161,93.14,0.0,16.15,0.5069,0.084,0,UP,4.0,0.0,48,12,59,-60.8,17.809,5.358,0,2,0,7,0,105.0,0.0,0,0,LOAD_SHED,LOAD_SHED,0,1,81.56,92.0,51.1668,50.9814,2.0663,3.82514,3.94514,3.81088,3.93088,120.0,23.4,147.481,3,55.269,,DISCHARGE,0.0,0,,SYNTHETIC,0
power-outage,0,330,2026-09-03T09:05:30Z,2026-09-03T09:05:31Z,2026-09-03T09:05:30Z,2026-09-03T09:05:31Z,site_b,SIM,synthetic_demo,B-WAN-1,UP,1000.0,110.4738,109.3,0.0,20.73,0.5718,0.138,0,UP,4.0,0.0,6,6,51,-61.3,23.852,7.211,1,1,0,32,0,54.0,0.0,0,0,,,,,,,,,,,,,,,,,,,,,0.0,0,,SYNTHETIC,0
power-outage,0,331,2026-09-03T09:05:31Z,2026-09-03T09:05:32Z,2026-09-03T09:05:31Z,2026-09-03T09:05:32Z,site_a,SIM,synthetic_demo,A-WAN-1,UP,1000.0,160.0489,160.12,0.0,16.32,0.4746,0.082,0,UP,4.0,0.0,48,48,441,-61.4,24.643,7.435,0,6,0,7,0,102.0,0.0,0,0,LOAD_SHED,BATTERY,0,1,81.59,92.0,51.1666,50.9902,1.9666,3.82512,3.94512,3.81155,3.93155,120.0,23.5,140.385,,700.566,,DISCHARGE,0.0,0,,SYNTHETIC,0
power-outage,0,331,2026-09-03T09:05:31Z,2026-09-03T09:05:32Z,2026-09-03T09:05:31Z,2026-09-03T09:05:32Z,site_b,SIM,synthetic_demo,B-WAN-1,UP,1000.0,83.6264,84.78,0.0,20.6,0.1819,0.11,0,UP,4.0,0.0,6,6,53,-61.8,22.033,7.144,0,2,0,32,0,41.0,0.0,0,0,,,,,,,,,,,,,,,,,,,,,0.0,0,,SYNTHETIC,0
power-outage,0,332,2026-09-03T09:05:32Z,2026-09-03T09:05:33Z,2026-09-03T09:05:32Z,2026-09-03T09:05:33Z,site_a,SIM,synthetic_demo,A-WAN-1,UP,1000.0,161.4456,161.19,0.0,15.78,0.0248,0.113,0,UP,4.0,0.0,48,48,224,-62.9,18.647,5.863,2,3,0,7,0,100.0,0.0,0,0,BATTERY,BATTERY,0,1,81.58,92.0,51.1646,48.8363,25.957,3.82497,3.94497,3.64587,3.76587,120.0,23.3,1774.489,,55.423,OCP_DSG,DISCHARGE,0.0,0,,SYNTHETIC,0
power-outage,0,332,2026-09-03T09:05:32Z,2026-09-03T09:05:33Z,2026-09-03T09:05:32Z,2026-09-03T09:05:33Z,site_b,SIM,synthetic_demo,B-WAN-1,UP,1000.0,63.6337,62.85,0.0,21.41,0.2247,0.092,0,UP,4.0,0.0,6,6,46,-62.4,23.136,6.551,0,2,0,32,0,32.0,0.0,0,0,,,,,,,,,,,,,,,,,,,,,0.0,0,,SYNTHETIC,0
power-outage,0,333,2026-09-03T09:05:33Z,2026-09-03T09:05:34Z,2026-09-03T09:05:33Z,2026-09-03T09:05:34Z,site_a,SIM,synthetic_demo,A-WAN-1,UP,1000.0,120.894,121.32,0.0,18.14,2.3986,0.084,0,UP,4.0,0.0,48,12,63,-62.2,19.239,6.022,1,4,0,7,0,157.0,0.0,0,0,BATTERY,LOAD_SHED,0,1,81.59,92.0,51.1645,50.9889,1.9577,3.82496,3.94496,3.81145,3.93145,120.0,23.5,139.745,3,55.498,,DISCHARGE,0.0,0,,SYNTHETIC,0
power-outage,0,333,2026-09-03T09:05:33Z,2026-09-03T09:05:34Z,2026-09-03T09:05:33Z,2026-09-03T09:05:34Z,site_b,SIM,synthetic_demo,B-WAN-1,UP,1000.0,74.812,73.99,0.0,23.16,1.7425,0.106,0,UP,4.0,0.0,6,6,37,-63.5,20.566,5.904,0,0,0,32,0,61.0,0.0,0,0,,,,,,,,,,,,,,,,,,,,,0.0,0,,SYNTHETIC,0
power-outage,0,334,2026-09-03T09:05:34Z,2026-09-03T09:05:35Z,2026-09-03T09:05:34Z,2026-09-03T09:05:35Z,site_a,SIM,synthetic_demo,A-WAN-1,UP,1000.0,94.9535,95.45,0.0,15.84,0.2831,,0,UP,4.0,0.0,48,12,30,-61.9,15.93,4.766,0,3,0,7,0,83.0,0.0,0,0,LOAD_SHED,LOAD_SHED,0,1,81.6,92.0,51.1643,50.9859,1.9891,3.82495,3.94495,3.81122,3.93122,120.0,23.4,141.984,3,55.427,,DISCHARGE,0.0,0,,SYNTHETIC|GAP|MISSING_MCAR,0
power-outage,0,334,2026-09-03T09:05:34Z,2026-09-03T09:05:35Z,2026-09-03T09:05:34Z,2026-09-03T09:05:35Z,site_b,SIM,synthetic_demo,B-WAN-1,UP,1000.0,105.6479,106.05,0.0,22.21,1.0829,0.104,0,UP,4.0,0.0,6,6,29,-59.1,19.206,4.941,1,0,0,32,0,75.0,0.0,0,0,,,,,,,,,,,,,,,,,,,,,0.0,0,,SYNTHETIC,0
power-outage,0,335,2026-09-03T09:05:35Z,2026-09-03T09:05:36Z,2026-09-03T09:05:35Z,2026-09-03T09:05:36Z,site_a,SIM,synthetic_demo,A-WAN-1,UP,1000.0,101.5227,102.21,0.0,18.86,1.7133,0.065,0,UP,4.0,0.0,48,12,48,-60.6,17.661,4.755,0,3,0,7,0,133.0,0.0,0,0,LOAD_SHED,LOAD_SHED,0,1,81.5,92.0,51.1641,50.9848,1.9993,3.82493,3.94493,3.81114,3.93114,120.0,23.4,142.709,3,55.404,,DISCHARGE,0.0,0,,SYNTHETIC,0
power-outage,0,335,2026-09-03T09:05:35Z,2026-09-03T09:05:36Z,2026-09-03T09:05:35Z,2026-09-03T09:05:36Z,site_b,SIM,synthetic_demo,B-WAN-1,UP,1000.0,60.8607,61.04,0.0,21.99,0.6958,0.096,0,UP,4.0,0.0,6,6,23,-63.7,17.552,5.449,0,0,0,32,0,57.0,0.0,0,0,,,,,,,,,,,,,,,,,,,,,0.0,0,,SYNTHETIC,0
power-outage,0,336,2026-09-03T09:05:36Z,2026-09-03T09:05:37Z,2026-09-03T09:05:36Z,2026-09-03T09:05:37Z,site_a,SIM,synthetic_demo,A-WAN-1,UP,1000.0,125.3698,125.7,0.0,17.35,1.0362,0.112,0,UP,4.0,0.0,48,12,99,-61.8,22.853,7.181,0,4,0,7,0,115.0,0.0,0,0,LOAD_SHED,LOAD_SHED,0,1,81.52,92.0,51.164,50.9861,1.9825,3.82492,3.94492,3.81124,3.93124,120.0,23.4,141.514,3,55.44,,DISCHARGE,0.0,0,,SYNTHETIC,0
power-outage,0,336,2026-09-03T09:05:36Z,2026-09-03T09:05:37Z,2026-09-03T09:05:36Z,2026-09-03T09:05:37Z,site_b,SIM,synthetic_demo,B-WAN-1,UP,1000.0,69.3571,69.62,0.0,21.58,0.4516,0.081,0,UP,4.0,0.0,6,6,33,-62.2,20.059,6.152,0,0,0,32,0,47.0,0.0,0,0,,,,,,,,,,,,,,,,,,,,,0.0,0,,SYNTHETIC,0
power-outage,0,337,2026-09-03T09:05:37Z,2026-09-03T09:05:38Z,2026-09-03T09:05:37Z,2026-09-03T09:05:38Z,site_a,SIM,synthetic_demo,A-WAN-1,UP,1000.0,134.1517,134.92,0.0,16.6,0.478,0.103,0,UP,4.0,0.0,48,12,50,-61.9,17.916,5.076,0,3,0,7,0,113.0,0.0,0,0,LOAD_SHED,LOAD_SHED,0,1,81.54,92.0,51.1638,50.9866,1.9755,3.82491,3.94491,3.81128,3.93128,120.0,23.5,141.013,3,55.455,,DISCHARGE,0.0,0,,SYNTHETIC,0
power-outage,0,337,2026-09-03T09:05:37Z,2026-09-03T09:05:38Z,2026-09-03T09:05:37Z,2026-09-03T09:05:38Z,site_b,SIM,synthetic_demo,B-WAN-1,UP,1000.0,63.1971,63.48,0.0,22.26,1.214,0.106,0,UP,4.0,0.0,6,6,71,-62.1,29.397,8.566,0,0,0,32,0,38.0,0.0,0,0,,,,,,,,,,,,,,,,,,,,,0.0,0,,SYNTHETIC,0
power-outage,0,338,2026-09-03T09:05:38Z,2026-09-03T09:05:39Z,2026-09-03T09:05:38Z,2026-09-03T09:05:39Z,site_a,SIM,synthetic_demo,A-WAN-1,UP,1000.0,150.4465,150.05,0.0,17.12,1.1834,0.091,0,UP,4.0,0.0,48,12,42,-62.6,16.791,5.026,0,5,0,7,0,108.0,0.0,0,0,LOAD_SHED,LOAD_SHED,0,1,81.54,92.0,51.1636,50.9856,1.9847,3.8249,3.9449,3.8112,3.9312,120.0,23.4,141.669,3,55.433,,DISCHARGE,0.0,0,,SYNTHETIC,0
power-outage,0,338,2026-09-03T09:05:38Z,2026-09-03T09:05:39Z,2026-09-03T09:05:38Z,2026-09-03T09:05:39Z,site_b,SIM,synthetic_demo,B-WAN-1,UP,1000.0,75.6678,75.61,0.0,24.05,3.0975,0.126,0,UP,4.0,0.0,6,6,40,-62.1,20.866,6.07,0,0,0,32,0,46.0,0.0,0,0,,,,,,,,,,,,,,,,,,,,,0.0,0,,SYNTHETIC,0
power-outage,0,339,2026-09-03T09:05:39Z,2026-09-03T09:05:40Z,2026-09-03T09:05:39Z,2026-09-03T09:05:40Z,site_a,SIM,synthetic_demo,A-WAN-1,UP,1000.0,84.7676,84.85,0.0,16.55,0.4506,0.066,0,UP,4.0,0.0,48,12,49,-64.0,16.479,5.8,1,4,0,7,0,167.0,0.0,0,0,LOAD_SHED,LOAD_SHED,0,1,81.66,92.0,51.1635,50.9844,1.9966,3.82488,3.94488,3.81111,3.93111,120.0,23.3,142.511,3,55.406,,DISCHARGE,0.0,0,,SYNTHETIC,0
power-outage,0,339,2026-09-03T09:05:39Z,2026-09-03T09:05:40Z,2026-09-03T09:05:39Z,2026-09-03T09:05:40Z,site_b,SIM,synthetic_demo,B-WAN-1,UP,1000.0,103.109,102.25,0.0,22.33,0.9858,0.102,0,UP,4.0,0.0,6,6,49,-62.4,24.544,7.212,0,0,0,32,0,27.0,0.0,0,0,,,,,,,,,,,,,,,,,,,,,0.0,0,,SYNTHETIC,0
power-outage,0,340,2026-09-03T09:05:40Z,2026-09-03T09:05:41Z,2026-09-03T09:05:40Z,2026-09-03T09:05:41Z,site_a,SIM,synthetic_demo,A-WAN-1,UP,1000.0,89.8329,89.75,0.0,16.93,0.8406,0.084,0,UP,4.0,0.0,48,12,69,-62.9,19.469,6.393,0,3,0,7,0,76.0,0.0,0,0,LOAD_SHED,LOAD_SHED,0,1,81.59,92.0,51.1633,50.9873,1.9619,3.82487,3.94487,3.81133,3.93133,120.0,23.4,140.047,3,55.482,,DISCHARGE,0.0,0,,SYNTHETIC,0
power-outage,0,340,2026-09-03T09:05:40Z,2026-09-03T09:05:41Z,2026-09-03T09:05:40Z,2026-09-03T09:05:41Z,site_b,SIM,synthetic_demo,B-WAN-1,UP,1000.0,81.0166,81.96,0.0,23.69,2.7222,0.118,0,UP,4.0,0.0,6,6,39,-61.0,20.058,6.151,0,0,0,32,0,56.0,0.0,0,0,,,,,,,,,,,,,,,,,,,,,0.0,0,,SYNTHETIC,0
power-outage,0,341,2026-09-03T09:05:41Z,2026-09-03T09:05:42Z,2026-09-03T09:05:41Z,2026-09-03T09:05:42Z,site_a,SIM,synthetic_demo,A-WAN-1,UP,1000.0,90.1039,89.47,0.0,19.37,2.7322,0.077,0,UP,4.0,0.0,48,12,32,-61.5,15.494,4.518,0,3,0,7,0,220.0,0.0,0,0,LOAD_SHED,LOAD_SHED,0,1,81.57,92.0,51.1631,50.9811,2.0293,3.82486,3.94486,3.81085,3.93085,120.0,23.5,144.84,3,55.332,,DISCHARGE,0.0,0,,SYNTHETIC,0
power-outage,0,341,2026-09-03T09:05:41Z,2026-09-03T09:05:42Z,2026-09-03T09:05:41Z,2026-09-03T09:05:42Z,site_b,SIM,synthetic_demo,B-WAN-1,UP,1000.0,61.5845,61.03,0.0,23.0,1.961,0.092,0,UP,4.0,0.0,6,6,25,-60.7,16.267,5.516,0,0,0,32,0,69.0,0.0,0,0,,,,,,,,,,,,,,,,,,,,,0.0,0,,SYNTHETIC,0
power-outage,0,342,2026-09-03T09:05:42Z,2026-09-03T09:05:43Z,2026-09-03T09:05:42Z,2026-09-03T09:05:43Z,site_a,SIM,synthetic_demo,A-WAN-1,UP,1000.0,295.3343,295.11,0.0,17.27,1.1738,0.08,0,UP,4.0,0.0,48,12,89,-61.7,22.424,6.53,0,4,0,7,0,172.0,0.0,0,0,LOAD_SHED,LOAD_SHED,0,1,81.62,92.0,51.163,50.9823,2.0141,3.82484,3.94484,3.81095,3.93095,120.0,23.5,143.759,3,55.365,,DISCHARGE,0.0,0,,SYNTHETIC,0
power-outage,0,342,2026-09-03T09:05:42Z,2026-09-03T09:05:43Z,2026-09-03T09:05:42Z,2026-09-03T09:05:43Z,site_b,SIM,synthetic_demo,B-WAN-1,UP,1000.0,63.7936,64.35,0.0,21.84,1.1241,0.106,0,UP,4.0,0.0,6,6,68,-63.1,26.445,8.254,3,0,0,32,0,92.0,0.0,0,0,,,,,,,,,,,,,,,,,,,,,0.0,0,,SYNTHETIC,0
power-outage,0,343,2026-09-03T09:05:43Z,2026-09-03T09:05:44Z,2026-09-03T09:05:43Z,2026-09-03T09:05:44Z,site_a,SIM,synthetic_demo,A-WAN-1,UP,1000.0,81.2954,81.18,0.0,16.45,1.6231,0.061,0,UP,4.0,0.0,48,12,42,-61.9,15.745,5.101,1,5,0,7,0,146.0,0.0,0,0,LOAD_SHED,LOAD_SHED,0,1,81.57,92.0,51.1628,50.9846,1.9866,3.82483,3.94483,3.81112,3.93112,120.0,,141.802,3,55.425,,DISCHARGE,0.0,0,,SYNTHETIC|GAP|MISSING_MAR,0
power-outage,0,343,2026-09-03T09:05:43Z,2026-09-03T09:05:44Z,2026-09-03T09:05:43Z,2026-09-03T09:05:44Z,site_b,SIM,synthetic_demo,B-WAN-1,UP,1000.0,65.3793,65.5,0.0,21.47,0.9897,0.13,0,UP,4.0,0.0,6,6,51,-61.7,22.377,6.321,0,1,0,32,0,55.0,0.0,0,0,,,,,,,,,,,,,,,,,,,,,0.0,0,,SYNTHETIC,0
power-outage,0,344,2026-09-03T09:05:44Z,2026-09-03T09:05:45Z,2026-09-03T09:05:44Z,2026-09-03T09:05:45Z,site_a,SIM,synthetic_demo,A-WAN-1,UP,1000.0,89.0685,89.18,0.0,20.56,4.3469,0.103,0,UP,4.0,0.0,48,12,51,-62.3,18.836,5.05,1,3,0,7,0,59.0,0.0,0,0,LOAD_SHED,LOAD_SHED,0,1,81.51,92.0,51.1626,50.9856,1.9739,3.82482,3.94482,3.8112,3.9312,120.0,23.4,140.897,3,55.452,,DISCHARGE,0.0,0,,SYNTHETIC,0
power-outage,0,344,2026-09-03T09:05:44Z,2026-09-03T09:05:45Z,2026-09-03T09:05:44Z,2026-09-03T09:05:45Z,site_b,SIM,synthetic_demo,B-WAN-1,UP,1000.0,78.7537,78.46,0.0,22.15,0.839,0.086,0,UP,4.0,0.0,6,6,25,-61.6,18.573,4.8,0,0,0,32,0,66.0,0.0,0,0,,,,,,,,,,,,,,,,,,,,,0.0,0,,SYNTHETIC,0
power-outage,0,345,2026-09-03T09:05:45Z,2026-09-03T09:05:46Z,2026-09-03T09:05:45Z,2026-09-03T09:05:46Z,site_a,SIM,synthetic_demo,A-WAN-1,UP,1000.0,89.1313,89.83,0.0,16.76,0.6069,0.064,0,UP,4.0,0.0,48,12,73,,22.184,6.457,1,3,0,7,0,117.0,0.0,0,0,LOAD_SHED,LOAD_SHED,0,1,81.56,92.0,51.1625,50.986,1.9679,3.82481,3.94481,3.81123,3.93123,120.0,23.4,140.465,3,55.465,,DISCHARGE,0.0,0,,SYNTHETIC|GAP|MISSING_MCAR,0
power-outage,0,345,2026-09-03T09:05:45Z,2026-09-03T09:05:46Z,2026-09-03T09:05:45Z,2026-09-03T09:05:46Z,site_b,SIM,synthetic_demo,B-WAN-1,UP,1000.0,70.2775,71.21,0.0,20.93,0.2242,0.089,0,UP,4.0,0.0,6,6,56,-62.4,27.011,7.249,1,0,0,32,0,82.0,0.0,0,0,,,,,,,,,,,,,,,,,,,,,0.0,0,,SYNTHETIC,0
power-outage,0,346,2026-09-03T09:05:46Z,2026-09-03T09:05:47Z,2026-09-03T09:05:46Z,2026-09-03T09:05:47Z,site_a,SIM,synthetic_demo,A-WAN-1,UP,1000.0,120.0974,121.45,0.0,16.56,0.141,0.073,0,UP,4.0,0.0,48,12,79,-63.1,21.65,6.643,0,3,0,7,0,162.0,0.0,0,0,LOAD_SHED,LOAD_SHED,0,1,81.55,92.0,51.1623,50.9839,1.9892,3.82479,3.94479,3.81107,3.93107,120.0,23.5,141.982,3,55.417,,DISCHARGE,0.0,0,,SYNTHETIC,0
power-outage,0,346,2026-09-03T09:05:46Z,2026-09-03T09:05:47Z,2026-09-03T09:05:46Z,2026-09-03T09:05:47Z,site_b,SIM,synthetic_demo,B-WAN-1,UP,1000.0,76.3719,76.21,0.0,23.19,1.9958,0.116,0,UP,4.0,0.0,6,6,84,-62.3,31.624,9.801,0,0,0,32,0,57.0,0.0,0,0,,,,,,,,,,,,,,,,,,,,,0.0,0,,SYNTHETIC,0
power-outage,0,347,2026-09-03T09:05:47Z,2026-09-03T09:05:48Z,2026-09-03T09:05:47Z,2026-09-03T09:05:48Z,site_a,SIM,synthetic_demo,A-WAN-1,UP,1000.0,93.6982,93.15,0.0,17.0,0.644,0.081,0,UP,4.0,0.0,48,12,39,-62.1,17.214,4.75,0,4,0,7,0,208.0,0.0,0,0,LOAD_SHED,LOAD_SHED,0,1,81.6,92.0,51.1621,50.9819,2.0094,3.82478,3.94478,3.81092,3.93092,120.0,23.3,143.417,3,55.371,,DISCHARGE,0.0,0,,SYNTHETIC,0
power-outage,0,347,2026-09-03T09:05:47Z,2026-09-03T09:05:48Z,2026-09-03T09:05:47Z,2026-09-03T09:05:48Z,site_b,SIM,synthetic_demo,B-WAN-1,UP,1000.0,73.2857,73.38,0.0,22.81,1.6283,0.1,0,UP,4.0,0.0,6,6,46,-61.2,22.224,7.147,0,0,0,32,0,69.0,0.0,0,0,,,,,,,,,,,,,,,,,,,,,0.0,0,,SYNTHETIC,0
power-outage,0,348,2026-09-03T09:05:48Z,2026-09-03T09:05:49Z,2026-09-03T09:05:48Z,2026-09-03T09:05:49Z,site_a,SIM,synthetic_demo,A-WAN-1,UP,1000.0,100.1812,99.64,0.0,17.55,1.4928,0.086,0,UP,4.0,0.0,48,48,269,-61.4,20.125,6.011,2,2,0,7,0,171.0,0.0,0,0,LOAD_SHED,BATTERY,0,1,81.47,92.0,51.162,50.9877,1.9425,3.82477,3.94477,3.81136,3.93136,120.0,23.4,138.66,,708.964,,DISCHARGE,0.0,0,,SYNTHETIC,0
power-outage,0,348,2026-09-03T09:05:48Z,2026-09-03T09:05:49Z,2026-09-03T09:05:48Z,2026-09-03T09:05:49Z,site_b,SIM,synthetic_demo,B-WAN-1,UP,1000.0,66.7133,66.86,0.0,22.52,1.6438,0.124,0,UP,4.0,0.0,6,6,32,-63.1,21.422,6.175,2,0,0,32,0,40.0,0.0,0,0,,,,,,,,,,,,,,,,,,,,,0.0,0,,SYNTHETIC,0
power-outage,0,349,2026-09-03T09:05:49Z,2026-09-03T09:05:50Z,2026-09-03T09:05:49Z,2026-09-03T09:05:50Z,site_a,SIM,synthetic_demo,A-WAN-1,UP,1000.0,103.5403,103.77,0.0,15.65,0.3387,0.056,0,UP,4.0,0.0,48,48,132,-61.3,16.176,4.698,1,1,0,7,0,117.0,0.0,0,0,BATTERY,BATTERY,0,1,81.47,92.0,51.16,48.8303,25.9726,3.82462,3.94462,3.64541,3.76541,120.0,23.4,1775.34,,55.372,OCP_DSG,DISCHARGE,0.0,0,,SYNTHETIC,0
power-outage,0,349,2026-09-03T09:05:49Z,2026-09-03T09:05:50Z,2026-09-03T09:05:49Z,2026-09-03T09:05:50Z,site_b,SIM,synthetic_demo,B-WAN-1,UP,1000.0,72.9253,72.02,0.0,22.13,1.7921,0.126,0,UP,4.0,0.0,6,6,37,-60.4,21.613,6.183,0,0,0,32,0,62.0,0.0,0,0,,,,,,,,,,,,,,,,,,,,,0.0,0,,SYNTHETIC,0
power-outage,0,350,2026-09-03T09:05:50Z,2026-09-03T09:05:51Z,2026-09-03T09:05:50Z,2026-09-03T09:05:51Z,site_a,SIM,synthetic_demo,A-WAN-1,UP,1000.0,82.884,82.7,0.0,15.61,0.0325,0.072,0,UP,4.0,0.0,48,12,47,-59.8,17.772,5.172,0,1,0,7,0,186.0,0.0,0,0,BATTERY,LOAD_SHED,0,1,81.63,92.0,51.1599,50.9811,1.9926,3.8246,3.9446,3.81086,3.93086,120.0,23.3,142.215,3,55.396,,DISCHARGE,0.0,0,,SYNTHETIC,0
power-outage,0,350,2026-09-03T09:05:50Z,2026-09-03T09:05:51Z,2026-09-03T09:05:50Z,2026-09-03T09:05:51Z,site_b,SIM,synthetic_demo,B-WAN-1,UP,1000.0,65.5805,65.31,0.0,21.91,1.1045,0.128,0,UP,4.0,0.0,6,6,70,-61.8,28.389,8.793,0,2,0,32,0,62.0,0.0,0,0,,,,,,,,,,,,,,,,,,,,,0.0,0,,SYNTHETIC,0
power-outage,0,351,2026-09-03T09:05:51Z,2026-09-03T09:05:52Z,2026-09-03T09:05:51Z,2026-09-03T09:05:52Z,site_a,SIM,synthetic_demo,A-WAN-1,UP,1000.0,83.0529,83.16,0.0,17.49,0.8316,0.062,0,UP,4.0,0.0,48,12,49,-62.1,18.007,5.026,0,3,0,7,0,170.0,0.0,0,0,LOAD_SHED,LOAD_SHED,0,1,81.54,92.0,51.1597,50.9781,2.0245,3.82459,3.94459,3.81062,3.93062,120.0,23.5,144.485,3,55.324,,DISCHARGE,0.0,0,,SYNTHETIC,0
power-outage,0,351,2026-09-03T09:05:51Z,2026-09-03T09:05:52Z,2026-09-03T09:05:51Z,2026-09-03T09:05:52Z,site_b,SIM,synthetic_demo,B-WAN-1,UP,1000.0,118.5926,117.16,0.0,22.03,0.7605,0.142,0,UP,4.0,0.0,6,6,35,-64.2,19.24,6.505,1,0,0,32,0,85.0,0.0,0,0,,,,,,,,,,,,,,,,,,,,,0.0,0,,SYNTHETIC,0
power-outage,0,352,2026-09-03T09:05:52Z,2026-09-03T09:05:53Z,2026-09-03T09:05:52Z,2026-09-03T09:05:53Z,site_a,SIM,synthetic_demo,A-WAN-1,UP,1000.0,124.8056,125.03,0.0,16.32,0.2577,0.077,0,UP,4.0,0.0,48,12,90,-64.2,21.513,7.574,1,2,0,7,0,160.0,0.0,0,0,LOAD_SHED,LOAD_SHED,0,1,81.45,92.0,51.1595,50.9802,1.9994,3.82458,3.94458,3.81078,3.93078,120.0,23.4,142.702,3,55.379,,DISCHARGE,0.0,0,,SYNTHETIC,0
power-outage,0,352,2026-09-03T09:05:52Z,2026-09-03T09:05:53Z,2026-09-03T09:05:52Z,2026-09-03T09:05:53Z,site_b,SIM,synthetic_demo,B-WAN-1,UP,1000.0,64.8644,64.68,0.0,22.66,2.5801,0.123,0,UP,4.0,0.0,6,6,36,-62.5,18.972,6.177,0,1,0,32,0,69.0,0.0,0,0,,,,,,,,,,,,,,,,,,,,,0.0,0,,SYNTHETIC,0
power-outage,0,353,2026-09-03T09:05:53Z,2026-09-03T09:05:54Z,2026-09-03T09:05:53Z,2026-09-03T09:05:54Z,site_a,SIM,synthetic_demo,A-WAN-1,UP,1000.0,102.2143,102.01,0.0,16.85,0.6333,0.07,0,UP,4.0,0.0,48,12,43,-61.6,17.741,5.448,0,2,0,7,0,140.0,0.0,0,0,LOAD_SHED,LOAD_SHED,0,1,81.46,92.0,51.1594,50.9818,1.9792,3.82457,3.94457,3.81091,3.93091,120.0,23.5,141.267,3,55.423,,DISCHARGE,0.0,0,,SYNTHETIC,0
power-outage,0,353,2026-09-03T09:05:53Z,2026-09-03T09:05:54Z,2026-09-03T09:05:53Z,2026-09-03T09:05:54Z,site_b,SIM,synthetic_demo,B-WAN-1,UP,1000.0,63.2675,63.39,0.0,22.66,1.491,0.087,0,UP,4.0,0.0,6,6,11,-63.1,17.548,5.232,0,0,0,32,0,69.0,0.0,0,0,,,,,,,,,,,,,,,,,,,,,0.0,0,,SYNTHETIC,0
power-outage,0,354,2026-09-03T09:05:54Z,2026-09-03T09:05:55Z,2026-09-03T09:05:54Z,2026-09-03T09:05:55Z,site_a,SIM,synthetic_demo,A-WAN-1,UP,1000.0,93.9246,93.16,0.0,17.88,1.5401,0.101,0,UP,4.0,0.0,48,12,81,-62.6,21.172,6.573,0,3,0,7,0,92.0,0.0,0,0,LOAD_SHED,LOAD_SHED,0,1,81.53,92.0,51.1592,50.9794,2.0038,3.82455,3.94455,3.81073,3.93073,120.0,23.6,143.015,3,55.368,,DISCHARGE,0.0,0,,SYNTHETIC,0
power-outage,0,354,2026-09-03T09:05:54Z,2026-09-03T09:05:55Z,2026-09-03T09:05:54Z,2026-09-03T09:05:55Z,site_b,SIM,synthetic_demo,B-WAN-1,UP,1000.0,81.8418,81.63,0.0,23.52,2.0988,0.085,0,UP,4.0,0.0,6,6,19,-62.4,17.699,5.034,0,0,0,32,0,60.0,0.0,0,0,,,,,,,,,,,,,,,,,,,,,0.0,0,,SYNTHETIC,0
power-outage,0,355,2026-09-03T09:05:55Z,2026-09-03T09:05:56Z,2026-09-03T09:05:55Z,2026-09-03T09:05:56Z,site_a,SIM,synthetic_demo,A-WAN-1,UP,1000.0,108.5877,109.2,0.0,16.01,0.2304,0.082,0,UP,4.0,0.0,48,12,43,-60.7,17.34,4.907,0,4,0,7,0,171.0,0.0,0,0,LOAD_SHED,LOAD_SHED,0,1,81.53,92.0,51.159,50.9822,1.9713,3.82454,3.94454,3.81094,3.93094,120.0,23.3,140.699,3,55.439,,DISCHARGE,0.0,0,,SYNTHETIC,0
power-outage,0,355,2026-09-03T09:05:55Z,2026-09-03T09:05:56Z,2026-09-03T09:05:55Z,2026-09-03T09:05:56Z,site_b,SIM,synthetic_demo,B-WAN-1,UP,1000.0,88.4321,88.65,0.0,24.14,2.7919,0.103,0,UP,4.0,0.0,6,6,38,-62.8,20.434,6.938,0,0,0,32,0,92.0,0.0,0,0,,,,,,,,,,,,,,,,,,,,,0.0,0,,SYNTHETIC,0
power-outage,0,356,2026-09-03T09:05:56Z,2026-09-03T09:05:57Z,2026-09-03T09:05:56Z,2026-09-03T09:05:57Z,site_a,SIM,synthetic_demo,A-WAN-1,UP,1000.0,95.4562,94.5,0.0,16.81,0.5257,0.1,0,UP,4.0,0.0,48,12,37,-62.7,17.042,4.91,0,2,0,7,0,166.0,0.0,0,0,LOAD_SHED,LOAD_SHED,0,1,81.54,92.0,51.1589,50.9787,2.0088,3.82453,3.94453,3.81067,3.93067,120.0,23.3,143.368,3,55.355,,DISCHARGE,0.0,0,,SYNTHETIC,0
power-outage,0,356,2026-09-03T09:05:56Z,2026-09-03T09:05:57Z,2026-09-03T09:05:56Z,2026-09-03T09:05:57Z,site_b,SIM,synthetic_demo,B-WAN-1,UP,1000.0,68.6772,68.03,0.0,24.58,3.7728,0.097,0,UP,4.0,0.0,6,6,67,-61.6,30.935,8.313,1,0,0,32,0,39.0,0.0,0,0,,,,,,,,,,,,,,,,,,,,,0.0,0,,SYNTHETIC,0
power-outage,0,357,2026-09-03T09:05:57Z,2026-09-03T09:05:58Z,2026-09-03T09:05:57Z,2026-09-03T09:05:58Z,site_a,SIM,synthetic_demo,A-WAN-1,UP,1000.0,99.5249,100.01,0.0,17.59,1.3706,0.112,0,UP,4.0,0.0,48,12,54,-60.1,18.15,5.003,0,2,0,7,0,236.0,0.0,0,0,LOAD_SHED,LOAD_SHED,0,1,81.53,92.0,51.1587,50.9828,1.9606,3.82451,3.94451,3.81099,3.93099,120.0,23.4,139.935,3,55.461,,DISCHARGE,0.0,0,,SYNTHETIC,0
power-outage,0,357,2026-09-03T09:05:57Z,2026-09-03T09:05:58Z,2026-09-03T09:05:57Z,2026-09-03T09:05:58Z,site_b,SIM,synthetic_demo,B-WAN-1,UP,1000.0,60.0175,59.44,0.0,21.67,0.7892,0.085,0,UP,4.0,0.0,6,6,40,-61.6,19.021,6.44,0,0,0,32,0,66.0,0.0,0,0,,,,,,,,,,,,,,,,,,,,,0.0,0,,SYNTHETIC,0
power-outage,0,358,2026-09-03T09:05:58Z,2026-09-03T09:05:59Z,2026-09-03T09:05:58Z,2026-09-03T09:05:59Z,site_a,SIM,synthetic_demo,A-WAN-1,UP,1000.0,99.7647,100.29,0.0,15.4,0.4126,0.089,0,UP,4.0,0.0,48,12,61,-61.1,18.873,5.693,0,1,0,7,0,329.0,0.0,0,0,LOAD_SHED,LOAD_SHED,0,1,81.47,92.0,51.1585,50.9787,2.0042,3.8245,3.9445,3.81067,3.93067,120.0,23.4,143.039,3,55.363,,DISCHARGE,0.0,0,,SYNTHETIC,0
power-outage,0,358,2026-09-03T09:05:58Z,2026-09-03T09:05:59Z,2026-09-03T09:05:58Z,2026-09-03T09:05:59Z,site_b,SIM,synthetic_demo,B-WAN-1,UP,1000.0,78.4109,79.34,0.0,22.9,1.6626,0.098,0,UP,4.0,0.0,6,6,53,-61.7,24.001,7.061,0,0,0,32,0,46.0,0.0,0,0,,,,,,,,,,,,,,,,,,,,,0.0,0,,SYNTHETIC,0
power-outage,0,359,2026-09-03T09:05:59Z,2026-09-03T09:06:00Z,2026-09-03T09:05:59Z,2026-09-03T09:06:00Z,site_a,SIM,synthetic_demo,A-WAN-1,UP,1000.0,104.7985,104.98,0.0,17.55,1.3084,0.075,0,UP,4.0,0.0,48,12,64,-62.6,20.019,5.331,1,1,0,7,0,150.0,0.0,0,0,LOAD_SHED,LOAD_SHED,0,1,81.5,92.0,51.1584,50.9815,1.9718,3.82449,3.94449,3.81088,3.93088,120.0,23.4,140.735,3,55.434,,DISCHARGE,0.0,0,,SYNTHETIC,0
power-outage,0,359,2026-09-03T09:05:59Z,2026-09-03T09:06:00Z,2026-09-03T09:05:59Z,2026-09-03T09:06:00Z,site_b,SIM,synthetic_demo,B-WAN-1,UP,1000.0,67.5195,67.3,0.0,22.85,1.6064,0.095,0,UP,4.0,0.0,6,6,23,-63.9,17.173,5.55,0,0,0,32,0,53.0,0.0,0,0,,,,,,,,,,,,,,,,,,,,,0.0,0,,SYNTHETIC,0
power-outage,0,360,2026-09-03T09:06:00Z,2026-09-03T09:06:01Z,2026-09-03T09:06:00Z,2026-09-03T09:06:01Z,site_a,SIM,synthetic_demo,A-WAN-1,UP,1000.0,146.1455,147.1,0.0,16.72,0.8787,0.095,0,UP,4.0,0.0,48,12,60,-62.1,19.246,5.197,1,1,0,7,0,161.0,0.0,0,0,LOAD_SHED,LOAD_SHED,0,1,81.49,92.0,51.1582,50.9793,1.9943,3.82448,3.94448,3.81072,3.93072,120.0,23.5,142.331,3,55.384,,DISCHARGE,0.0,0,,SYNTHETIC,0
power-outage,0,360,2026-09-03T09:06:00Z,2026-09-03T09:06:01Z,2026-09-03T09:06:00Z,2026-09-03T09:06:01Z,site_b,SIM,synthetic_demo,B-WAN-1,UP,1000.0,72.4763,73.27,0.0,21.69,0.304,0.1,0,UP,4.0,0.0,6,6,46,-61.4,20.151,7.362,0,0,0,32,0,76.0,0.0,0,0,,,,,,,,,,,,,,,,,,,,,0.0,0,,SYNTHETIC,0
power-outage,0,361,2026-09-03T09:06:01Z,2026-09-03T09:06:02Z,2026-09-03T09:06:01Z,2026-09-03T09:06:02Z,site_a,SIM,synthetic_demo,A-WAN-1,UP,1000.0,92.299,92.24,0.0,18.45,2.7676,0.074,0,UP,4.0,0.0,48,12,66,-62.4,19.017,6.064,1,3,0,7,0,186.0,0.0,0,0,LOAD_SHED,LOAD_SHED,0,1,81.54,92.0,51.158,50.9768,2.0207,3.82446,3.94446,3.81052,3.93052,120.0,23.4,144.209,3,55.324,,DISCHARGE,0.0,0,,SYNTHETIC,0
power-outage,0,361,2026-09-03T09:06:01Z,2026-09-03T09:06:02Z,2026-09-03T09:06:01Z,2026-09-03T09:06:02Z,site_b,SIM,synthetic_demo,B-WAN-1,UP,1000.0,62.5956,62.62,0.0,22.36,1.7402,0.084,0,UP,4.0,0.0,6,6,42,-62.6,22.179,6.877,0,0,0,32,0,67.0,0.0,0,0,,,,,,,,,,,,,,,,,,,,,0.0,0,,SYNTHETIC,0
power-outage,0,362,2026-09-03T09:06:02Z,2026-09-03T09:06:03Z,2026-09-03T09:06:02Z,2026-09-03T09:06:03Z,site_a,SIM,synthetic_demo,A-WAN-1,UP,1000.0,121.9602,121.83,0.0,18.48,1.9125,0.064,0,UP,4.0,0.0,48,12,89,-62.3,21.482,6.761,1,1,0,7,0,193.0,0.0,0,0,LOAD_SHED,LOAD_SHED,0,1,81.52,92.0,51.1578,50.974,2.0496,3.82445,3.94445,3.81031,3.93031,120.0,23.4,146.268,3,55.259,,DISCHARGE,0.0,0,,SYNTHETIC,0
power-outage,0,362,2026-09-03T09:06:02Z,2026-09-03T09:06:03Z,2026-09-03T09:06:02Z,2026-09-03T09:06:03Z,site_b,SIM,synthetic_demo,B-WAN-1,UP,1000.0,61.2724,61.5,0.0,22.43,1.0592,0.141,0,UP,4.0,0.0,6,6,38,-61.4,18.487,5.895,0,1,0,32,0,57.0,0.0,0,0,,,,,,,,,,,,,,,,,,,,,0.0,0,,SYNTHETIC,0
power-outage,0,363,2026-09-03T09:06:03Z,2026-09-03T09:06:04Z,2026-09-03T09:06:03Z,2026-09-03T09:06:04Z,site_a,SIM,synthetic_demo,A-WAN-1,UP,1000.0,107.752,108.08,0.0,15.96,0.1341,0.068,0,UP,4.0,0.0,48,12,64,-63.1,19.451,6.222,1,3,0,7,0,179.0,0.0,0,0,LOAD_SHED,LOAD_SHED,0,1,81.45,92.0,51.1577,50.972,2.0698,3.82444,3.94444,3.81015,3.93015,120.0,23.5,147.703,3,55.214,,DISCHARGE,0.0,0,,SYNTHETIC,0
power-outage,0,363,2026-09-03T09:06:03Z,2026-09-03T09:06:04Z,2026-09-03T09:06:03Z,2026-09-03T09:06:04Z,site_b,SIM,synthetic_demo,B-WAN-1,UP,1000.0,57.9256,58.14,0.0,22.03,1.0513,0.083,0,UP,4.0,0.0,6,6,68,-60.8,27.959,8.038,0,0,0,32,0,62.0,0.0,0,0,,,,,,,,,,,,,,,,,,,,,0.0,0,,SYNTHETIC,0
power-outage,0,364,2026-09-03T09:06:04Z,2026-09-03T09:06:05Z,2026-09-03T09:06:04Z,2026-09-03T09:06:05Z,site_a,SIM,synthetic_demo,A-WAN-1,UP,1000.0,96.9514,96.9,0.0,16.85,1.5594,0.081,0,UP,4.0,0.0,48,12,51,-62.6,17.875,5.746,0,2,0,7,0,125.0,0.0,0,0,LOAD_SHED,LOAD_SHED,0,1,81.42,92.0,51.1575,50.9794,1.9859,3.82442,3.94442,3.81072,3.93072,120.0,23.4,141.732,3,55.399,,DISCHARGE,0.0,0,,SYNTHETIC,0
power-outage,0,364,2026-09-03T09:06:04Z,2026-09-03T09:06:05Z,2026-09-03T09:06:04Z,2026-09-03T09:06:05Z,site_b,SIM,synthetic_demo,B-WAN-1,UP,1000.0,65.6146,66.62,0.0,22.3,1.2863,0.1,0,UP,4.0,0.0,6,6,41,-62.2,23.482,5.941,0,0,0,32,0,62.0,0.0,0,0,,,,,,,,,,,,,,,,,,,,,0.0,0,,SYNTHETIC,0
power-outage,0,365,2026-09-03T09:06:05Z,2026-09-03T09:06:06Z,2026-09-03T09:06:05Z,2026-09-03T09:06:06Z,site_a,SIM,synthetic_demo,A-WAN-1,UP,1000.0,118.2011,118.14,0.0,17.49,0.4207,0.066,0,UP,4.0,0.0,48,48,134,-62.1,15.733,4.496,2,5,0,7,0,143.0,0.0,0,0,LOAD_SHED,BATTERY,0,1,81.54,92.0,51.1573,50.9752,2.0303,3.82441,3.94441,3.8104,3.9304,120.0,23.5,144.89,,678.176,,DISCHARGE,0.0,0,,SYNTHETIC,0
power-outage,0,365,2026-09-03T09:06:05Z,2026-09-03T09:06:06Z,2026-09-03T09:06:05Z,2026-09-03T09:06:06Z,site_b,SIM,synthetic_demo,B-WAN-1,UP,1000.0,67.5819,66.35,0.0,22.21,1.6952,0.116,0,UP,4.0,0.0,6,6,62,-62.0,25.645,8.269,0,2,0,32,0,56.0,0.0,0,0,,,,,,,,,,,,,,,,,,,,,0.0,0,,SYNTHETIC,0
power-outage,0,366,2026-09-03T09:06:06Z,2026-09-03T09:06:07Z,2026-09-03T09:06:06Z,2026-09-03T09:06:07Z,site_a,SIM,synthetic_demo,A-WAN-1,UP,1000.0,104.9149,105.91,0.0,16.63,0.0241,0.088,0,UP,4.0,0.0,48,48,116,-62.0,14.751,4.585,0,2,0,7,0,117.0,0.0,0,0,BATTERY,BATTERY,0,1,81.52,92.0,51.1554,48.8211,26.0236,3.82426,3.94426,3.6447,3.7647,120.0,23.5,1778.489,,55.249,OCP_DSG,DISCHARGE,0.0,0,,SYNTHETIC,0
power-outage,0,366,2026-09-03T09:06:06Z,2026-09-03T09:06:07Z,2026-09-03T09:06:06Z,2026-09-03T09:06:07Z,site_b,SIM,synthetic_demo,B-WAN-1,UP,1000.0,99.1975,98.65,0.0,21.29,0.0206,0.12,0,UP,4.0,0.0,6,6,89,-60.6,29.73,9.842,0,0,0,32,0,91.0,0.0,0,0,,,,,,,,,,,,,,,,,,,,,0.0,0,,SYNTHETIC,0
power-outage,0,367,2026-09-03T09:06:07Z,2026-09-03T09:06:08Z,2026-09-03T09:06:07Z,2026-09-03T09:06:08Z,site_a,SIM,synthetic_demo,A-WAN-1,UP,1000.0,113.4684,113.16,0.0,17.15,1.2265,0.061,0,UP,4.0,0.0,48,12,50,-62.5,17.383,4.962,0,2,0,7,0,107.0,0.0,0,0,BATTERY,LOAD_SHED,0,1,81.45,92.0,51.1552,50.969,2.0753,3.82425,3.94425,3.80993,3.92993,120.0,23.6,148.086,3,55.189,,DISCHARGE,0.0,0,,SYNTHETIC,0
power-outage,0,367,2026-09-03T09:06:07Z,2026-09-03T09:06:08Z,2026-09-03T09:06:07Z,2026-09-03T09:06:08Z,site_b,SIM,synthetic_demo,B-WAN-1,UP,1000.0,72.2911,71.75,0.0,22.65,1.8692,0.074,0,UP,4.0,0.0,6,6,55,-62.4,22.803,7.691,0,0,0,32,0,114.0,0.0,0,0,,,,,,,,,,,,,,,,,,,,,0.0,0,,SYNTHETIC,0
power-outage,0,368,2026-09-03T09:06:08Z,2026-09-03T09:06:09Z,2026-09-03T09:06:08Z,2026-09-03T09:06:09Z,site_a,SIM,synthetic_demo,A-WAN-1,UP,1000.0,107.7721,107.53,0.0,17.19,1.8538,0.054,0,UP,4.0,0.0,48,12,59,,19.518,5.655,0,2,0,7,0,230.0,0.0,0,0,LOAD_SHED,LOAD_SHED,0,1,81.63,92.0,51.155,50.9773,1.9816,3.82423,3.94423,3.81056,3.93056,120.0,23.4,141.42,3,55.395,,DISCHARGE,0.0,0,,SYNTHETIC|GAP|MISSING_MAR,0
power-outage,0,368,2026-09-03T09:06:08Z,2026-09-03T09:06:09Z,2026-09-03T09:06:08Z,2026-09-03T09:06:09Z,site_b,SIM,synthetic_demo,B-WAN-1,UP,1000.0,96.1638,96.8,0.0,20.4,0.1412,0.113,0,UP,4.0,0.0,6,6,32,-60.0,19.665,6.181,0,0,0,32,0,73.0,0.0,0,0,,,,,,,,,,,,,,,,,,,,,0.0,0,,SYNTHETIC,0
power-outage,0,369,2026-09-03T09:06:09Z,2026-09-03T09:06:10Z,2026-09-03T09:06:09Z,2026-09-03T09:06:10Z,site_a,SIM,synthetic_demo,A-WAN-1,UP,1000.0,111.1437,111.26,0.0,17.81,1.5847,0.072,0,UP,4.0,0.0,48,12,58,-62.3,18.387,5.716,0,2,0,7,0,155.0,0.0,0,0,LOAD_SHED,LOAD_SHED,0,1,81.55,92.0,51.1549,50.9761,1.993,3.82422,3.94422,3.81047,3.93047,120.0,23.5,142.229,3,55.369,,DISCHARGE,0.0,0,,SYNTHETIC,0
power-outage,0,369,2026-09-03T09:06:09Z,2026-09-03T09:06:10Z,2026-09-03T09:06:09Z,2026-09-03T09:06:10Z,site_b,SIM,synthetic_demo,B-WAN-1,UP,1000.0,61.869,61.61,0.0,22.69,2.4396,0.121,0,UP,4.0,0.0,6,6,18,-61.9,16.532,3.995,0,0,0,32,0,28.0,0.0,0,0,,,,,,,,,,,,,,,,,,,,,0.0,0,,SYNTHETIC,0
power-outage,0,370,2026-09-03T09:06:10Z,2026-09-03T09:06:11Z,2026-09-03T09:06:10Z,2026-09-03T09:06:11Z,site_a,SIM,synthetic_demo,A-WAN-1,UP,1000.0,87.5149,86.54,0.0,15.93,0.1252,0.086,0,UP,4.0,0.0,48,12,71,-59.8,19.681,6.116,0,2,0,7,0,123.0,0.0,0,0,LOAD_SHED,LOAD_SHED,0,1,81.46,92.0,51.1547,50.9773,1.9774,3.82421,3.94421,3.81056,3.93056,120.0,23.4,141.125,3,55.403,,DISCHARGE,0.0,0,,SYNTHETIC,0
power-outage,0,370,2026-09-03T09:06:10Z,2026-09-03T09:06:11Z,2026-09-03T09:06:10Z,2026-09-03T09:06:11Z,site_b,SIM,synthetic_demo,B-WAN-1,UP,1000.0,60.438,60.96,0.0,21.07,0.465,0.098,0,UP,4.0,0.0,6,6,77,-63.1,27.352,9.448,0,0,0,32,0,32.0,0.0,0,0,,,,,,,,,,,,,,,,,,,,,0.0,0,,SYNTHETIC,0
power-outage,0,371,2026-09-03T09:06:11Z,2026-09-03T09:06:12Z,2026-09-03T09:06:11Z,2026-09-03T09:06:12Z,site_a,SIM,synthetic_demo,A-WAN-1,UP,1000.0,141.4109,141.8,0.0,17.57,1.739,0.084,0,UP,4.0,0.0,48,12,97,-61.5,24.427,7.071,0,4,0,7,0,205.0,0.0,0,0,LOAD_SHED,LOAD_SHED,0,1,81.46,92.0,51.1545,50.9759,1.9911,3.82419,3.94419,3.81046,3.93046,120.0,23.5,142.098,3,55.371,,DISCHARGE,0.0,0,,SYNTHETIC,0
power-outage,0,371,2026-09-03T09:06:11Z,2026-09-03T09:06:12Z,2026-09-03T09:06:11Z,2026-09-03T09:06:12Z,site_b,SIM,synthetic_demo,B-WAN-1,UP,1000.0,80.2514,81.38,0.0,23.36,2.8952,0.1,0,UP,4.0,0.0,6,6,35,-60.4,19.845,5.348,0,0,0,32,0,106.0,0.0,0,0,,,,,,,,,,,,,,,,,,,,,0.0,0,,SYNTHETIC,0
power-outage,0,372,2026-09-03T09:06:12Z,2026-09-03T09:06:13Z,2026-09-03T09:06:12Z,2026-09-03T09:06:13Z,site_a,SIM,synthetic_demo,A-WAN-1,UP,1000.0,82.073,82.18,0.0,16.77,0.2147,0.107,0,UP,4.0,0.0,48,12,54,-62.7,17.771,5.35,0,2,0,7,0,171.0,0.0,0,0,LOAD_SHED,LOAD_SHED,0,1,81.56,92.0,51.1544,50.9729,2.0228,3.82418,3.94418,3.81022,3.93022,120.0,23.5,144.349,3,55.3,,DISCHARGE,0.0,0,,SYNTHETIC,0
power-outage,0,372,2026-09-03T09:06:12Z,2026-09-03T09:06:13Z,2026-09-03T09:06:12Z,2026-09-03T09:06:13Z,site_b,SIM,synthetic_demo,B-WAN-1,UP,1000.0,70.0161,69.84,0.0,21.5,0.3471,0.142,0,UP,4.0,0.0,6,6,37,-62.3,19.802,6.091,0,0,0,32,0,81.0,0.0,0,0,,,,,,,,,,,,,,,,,,,,,0.0,0,,SYNTHETIC,0
power-outage,0,373,2026-09-03T09:06:13Z,2026-09-03T09:06:14Z,2026-09-03T09:06:13Z,2026-09-03T09:06:14Z,site_a,SIM,synthetic_demo,A-WAN-1,UP,1000.0,74.754,73.91,0.0,17.05,0.806,0.079,0,UP,4.0,0.0,48,12,54,-63.4,18.174,5.435,0,3,0,7,0,87.0,0.0,0,0,LOAD_SHED,LOAD_SHED,0,1,81.44,92.0,51.1542,50.9744,2.004,3.82417,3.94417,3.81034,3.93034,120.0,23.2,143.013,3,55.341,,DISCHARGE,0.0,0,,SYNTHETIC,0
power-outage,0,373,2026-09-03T09:06:13Z,2026-09-03T09:06:14Z,2026-09-03T09:06:13Z,2026-09-03T09:06:14Z,site_b,SIM,synthetic_demo,B-WAN-1,UP,1000.0,68.4057,67.83,0.0,21.92,1.0397,0.142,0,UP,4.0,0.0,6,6,51,-62.5,22.146,7.14,0,1,0,32,0,29.0,0.0,0,0,,,,,,,,,,,,,,,,,,,,,0.0,0,,SYNTHETIC,0
power-outage,0,374,2026-09-03T09:06:14Z,2026-09-03T09:06:15Z,2026-09-03T09:06:14Z,2026-09-03T09:06:15Z,site_a,SIM,synthetic_demo,A-WAN-1,UP,1000.0,142.8451,142.5,0.0,15.54,0.1763,0.094,0,UP,4.0,0.0,48,12,62,-59.3,19.241,5.376,1,4,0,7,0,145.0,0.0,0,0,LOAD_SHED,LOAD_SHED,0,1,81.45,92.0,51.154,50.976,1.9849,3.82416,3.94416,3.81046,3.93046,120.0,23.5,141.655,3,55.383,,DISCHARGE,0.0,0,,SYNTHETIC,0
power-outage,0,374,2026-09-03T09:06:14Z,2026-09-03T09:06:15Z,2026-09-03T09:06:14Z,2026-09-03T09:06:15Z,site_b,SIM,synthetic_demo,B-WAN-1,UP,1000.0,63.7415,63.08,0.0,22.89,2.0866,0.051,0,UP,4.0,0.0,6,6,62,-62.0,25.963,8.081,0,1,0,32,0,43.0,0.0,0,0,,,,,,,,,,,,,,,,,,,,,0.0,0,,SYNTHETIC,0
power-outage,0,375,2026-09-03T09:06:15Z,2026-09-03T09:06:16Z,2026-09-03T09:06:15Z,2026-09-03T09:06:16Z,site_a,SIM,synthetic_demo,A-WAN-1,UP,1000.0,123.7617,124.51,0.0,18.75,2.7626,0.061,0,UP,4.0,0.0,48,12,66,-61.3,18.99,5.711,0,2,0,7,0,199.0,0.0,0,0,LOAD_SHED,LOAD_SHED,0,1,81.46,92.0,51.1539,50.9759,1.9844,3.82414,3.94414,3.81045,3.93045,120.0,23.4,141.621,3,55.383,,DISCHARGE,0.0,0,,SYNTHETIC,0
power-outage,0,375,2026-09-03T09:06:15Z,2026-09-03T09:06:16Z,2026-09-03T09:06:15Z,2026-09-03T09:06:16Z,site_b,SIM,synthetic_demo,B-WAN-1,UP,1000.0,70.1573,70.2,0.0,21.29,1.0752,0.062,0,UP,4.0,0.0,6,6,31,-63.3,19.653,6.266,0,1,0,32,0,45.0,0.0,0,0,,,,,,,,,,,,,,,,,,,,,0.0,0,,SYNTHETIC,0
power-outage,0,376,2026-09-03T09:06:16Z,2026-09-03T09:06:17Z,2026-09-03T09:06:16Z,2026-09-03T09:06:17Z,site_a,SIM,synthetic_demo,A-WAN-1,UP,1000.0,123.7121,123.8,0.0,17.71,2.1412,0.06,0,UP,4.0,0.0,48,12,66,-63.2,19.675,6.287,0,3,0,7,0,149.0,0.0,0,0,LOAD_SHED,LOAD_SHED,0,1,81.5,92.0,51.1537,50.9754,1.9874,3.82413,3.94413,3.81042,3.93042,120.0,23.4,141.831,3,55.375,,DISCHARGE,0.0,0,,SYNTHETIC,0
power-outage,0,376,2026-09-03T09:06:16Z,2026-09-03T09:06:17Z,2026-09-03T09:06:16Z,2026-09-03T09:06:17Z,site_b,SIM,synthetic_demo,B-WAN-1,UP,1000.0,65.5136,65.12,0.0,22.06,0.9695,0.116,0,UP,4.0,0.0,6,6,28,-60.5,18.388,4.801,0,1,0,32,0,49.0,0.0,0,0,,,,,,,,,,,,,,,,,,,,,0.0,0,,SYNTHETIC,0
power-outage,0,377,2026-09-03T09:06:17Z,2026-09-03T09:06:18Z,2026-09-03T09:06:17Z,2026-09-03T09:06:18Z,site_a,SIM,synthetic_demo,A-WAN-1,UP,1000.0,121.3245,120.53,0.0,17.61,1.1519,0.073,0,UP,4.0,0.0,48,12,77,-61.3,22.403,6.51,1,2,0,7,0,136.0,0.0,0,0,LOAD_SHED,LOAD_SHED,0,1,81.46,92.0,51.1535,50.9768,1.9708,3.82412,3.94412,3.81052,3.93052,120.0,23.3,140.647,3,55.411,,DISCHARGE,0.0,0,,SYNTHETIC,0
power-outage,0,377,2026-09-03T09:06:17Z,2026-09-03T09:06:18Z,2026-09-03T09:06:17Z,2026-09-03T09:06:18Z,site_b,SIM,synthetic_demo,B-WAN-1,UP,1000.0,64.6337,66.09,0.0,22.03,1.0568,0.09,0,UP,4.0,0.0,6,6,35,-63.7,19.009,7.274,0,1,0,32,0,54.0,0.0,0,0,,,,,,,,,,,,,,,,,,,,,0.0,0,,SYNTHETIC,0
power-outage,0,378,2026-09-03T09:06:18Z,2026-09-03T09:06:19Z,2026-09-03T09:06:18Z,2026-09-03T09:06:19Z,site_a,SIM,synthetic_demo,A-WAN-1,UP,1000.0,116.0099,116.67,0.0,15.82,0.1893,0.086,0,UP,4.0,0.0,48,12,44,-63.0,16.293,5.468,0,4,0,7,0,251.0,0.0,0,0,LOAD_SHED,LOAD_SHED,0,1,81.57,92.0,51.1534,50.9718,2.0239,3.8241,3.9441,3.81014,3.93014,120.0,23.5,144.426,3,55.293,,DISCHARGE,0.0,0,,SYNTHETIC,0
power-outage,0,378,2026-09-03T09:06:18Z,2026-09-03T09:06:19Z,2026-09-03T09:06:18Z,2026-09-03T09:06:19Z,site_b,SIM,synthetic_demo,B-WAN-1,UP,1000.0,70.235,69.55,0.0,21.13,0.0919,0.095,0,UP,4.0,0.0,6,6,64,-60.1,26.832,8.421,0,0,0,32,0,64.0,0.0,0,0,,,,,,,,,,,,,,,,,,,,,0.0,0,,SYNTHETIC,0
power-outage,0,379,2026-09-03T09:06:19Z,2026-09-03T09:06:20Z,2026-09-03T09:06:19Z,2026-09-03T09:06:20Z,site_a,SIM,synthetic_demo,A-WAN-1,UP,1000.0,93.5457,94.68,0.0,17.29,0.9259,0.066,0,UP,4.0,0.0,48,12,72,-61.6,19.575,6.144,0,3,0,7,0,161.0,0.0,0,0,LOAD_SHED,LOAD_SHED,0,1,81.53,92.0,51.1532,50.9727,2.0123,3.82409,3.94409,3.81021,3.93021,120.0,23.4,143.601,3,55.317,,DISCHARGE,0.0,0,,SYNTHETIC,0
power-outage,0,379,2026-09-03T09:06:19Z,2026-09-03T09:06:20Z,2026-09-03T09:06:19Z,2026-09-03T09:06:20Z,site_b,SIM,synthetic_demo,B-WAN-1,UP,1000.0,72.9305,72.87,0.0,20.82,0.2388,0.128,0,UP,4.0,0.0,6,6,67,-62.4,25.881,8.652,0,1,0,32,0,47.0,0.0,0,0,,,,,,,,,,,,,,,,,,,,,0.0,0,,SYNTHETIC,0
power-outage,0,380,2026-09-03T09:06:20Z,2026-09-03T09:06:21Z,2026-09-03T09:06:20Z,2026-09-03T09:06:21Z,site_a,SIM,synthetic_demo,A-WAN-1,UP,1000.0,92.523,93.02,0.0,16.34,0.4704,0.11,0,UP,4.0,0.0,48,12,45,-62.3,17.811,5.194,0,2,0,7,0,212.0,0.0,0,0,LOAD_SHED,LOAD_SHED,0,1,81.43,92.0,51.153,50.9736,2.0006,3.82408,3.94408,3.81027,3.93027,120.0,23.4,142.766,3,55.343,,DISCHARGE,0.0,0,,SYNTHETIC,0
power-outage,0,380,2026-09-03T09:06:20Z,2026-09-03T09:06:21Z,2026-09-03T09:06:20Z,2026-09-03T09:06:21Z,site_b,SIM,synthetic_demo,B-WAN-1,UP,1000.0,83.1954,83.51,0.0,21.99,0.9507,0.098,0,UP,4.0,0.0,6,6,25,-62.3,17.207,5.039,0,0,0,32,0,56.0,0.0,0,0,,,,,,,,,,,,,,,,,,,,,0.0,0,,SYNTHETIC,0
power-outage,0,381,2026-09-03T09:06:21Z,2026-09-03T09:06:22Z,2026-09-03T09:06:21Z,2026-09-03T09:06:22Z,site_a,SIM,synthetic_demo,A-WAN-1,UP,1000.0,95.9067,94.36,0.0,19.76,3.4397,0.056,0,UP,4.0,0.0,48,12,42,-62.0,17.289,4.962,0,3,0,7,0,196.0,0.0,0,0,LOAD_SHED,LOAD_SHED,0,1,81.53,92.0,51.1529,50.972,2.0165,3.82407,3.94407,3.81015,3.93015,120.0,23.4,143.901,3,55.306,,DISCHARGE,0.0,0,,SYNTHETIC,0
power-outage,0,381,2026-09-03T09:06:21Z,2026-09-03T09:06:22Z,2026-09-03T09:06:21Z,2026-09-03T09:06:22Z,site_b,SIM,synthetic_demo,B-WAN-1,UP,1000.0,67.5689,67.66,0.0,22.44,1.6211,0.1,0,UP,4.0,0.0,6,6,37,-62.9,22.365,7.232,0,0,0,32,0,37.0,0.0,0,0,,,,,,,,,,,,,,,,,,,,,0.0,0,,SYNTHETIC,0
power-outage,0,382,2026-09-03T09:06:22Z,2026-09-03T09:06:23Z,2026-09-03T09:06:22Z,2026-09-03T09:06:23Z,site_a,SIM,synthetic_demo,A-WAN-1,UP,1000.0,69.3215,69.75,0.0,16.62,0.9591,0.12,0,UP,4.0,0.0,48,48,224,-61.9,17.839,5.591,2,3,0,7,0,149.0,0.0,0,0,LOAD_SHED,BATTERY,0,1,81.49,92.0,51.1527,50.9749,1.9825,3.82405,3.94405,3.81037,3.93037,120.0,23.4,141.481,,694.209,,DISCHARGE,0.0,0,,SYNTHETIC,0
power-outage,0,382,2026-09-03T09:06:22Z,2026-09-03T09:06:23Z,2026-09-03T09:06:22Z,2026-09-03T09:06:23Z,site_b,SIM,synthetic_demo,B-WAN-1,UP,1000.0,68.9698,69.56,0.0,24.15,2.3468,0.124,0,UP,4.0,0.0,6,6,23,-60.9,16.096,5.127,0,0,0,32,0,57.0,0.0,0,0,,,,,,,,,,,,,,,,,,,,,0.0,0,,SYNTHETIC,0
power-outage,0,383,2026-09-03T09:06:23Z,2026-09-03T09:06:24Z,2026-09-03T09:06:23Z,2026-09-03T09:06:24Z,site_a,SIM,synthetic_demo,A-WAN-1,UP,1000.0,111.7559,111.45,0.0,16.39,0.1857,0.101,0,UP,4.0,0.0,48,48,242,-62.5,18.733,5.818,1,0,0,7,0,143.0,0.0,0,0,BATTERY,BATTERY,0,1,81.49,92.0,51.1507,48.8242,25.9363,3.8239,3.9439,3.64494,3.76494,120.0,23.4,1772.635,,55.407,OCP_DSG,DISCHARGE,0.0,0,,SYNTHETIC,0
power-outage,0,383,2026-09-03T09:06:23Z,2026-09-03T09:06:24Z,2026-09-03T09:06:23Z,2026-09-03T09:06:24Z,site_b,SIM,synthetic_demo,B-WAN-1,UP,1000.0,66.9099,66.55,0.0,23.27,1.8976,0.086,0,UP,4.0,0.0,6,6,40,-58.8,22.668,5.955,0,0,0,32,0,41.0,0.0,0,0,,,,,,,,,,,,,,,,,,,,,0.0,0,,SYNTHETIC,0
power-outage,0,384,2026-09-03T09:06:24Z,2026-09-03T09:06:25Z,2026-09-03T09:06:24Z,2026-09-03T09:06:25Z,site_a,SIM,synthetic_demo,A-WAN-1,UP,1000.0,80.186,80.08,0.0,18.66,1.7298,0.061,0,UP,4.0,0.0,48,12,36,-61.1,16.328,4.731,0,1,0,7,0,139.0,0.0,0,0,BATTERY,LOAD_SHED,0,1,81.49,92.0,51.1506,50.9702,2.0112,3.82389,3.94389,3.81001,3.93001,120.0,23.5,143.513,3,55.306,,DISCHARGE,0.0,0,,SYNTHETIC,0
power-outage,0,384,2026-09-03T09:06:24Z,2026-09-03T09:06:25Z,2026-09-03T09:06:24Z,2026-09-03T09:06:25Z,site_b,SIM,synthetic_demo,B-WAN-1,UP,1000.0,70.194,71.05,0.0,21.39,0.9754,0.102,0,UP,4.0,0.0,6,6,43,-62.5,18.872,6.253,0,0,0,32,0,65.0,0.0,0,0,,,,,,,,,,,,,,,,,,,,,0.0,0,,SYNTHETIC,0
power-outage,0,385,2026-09-03T09:06:25Z,2026-09-03T09:06:26Z,2026-09-03T09:06:25Z,2026-09-03T09:06:26Z,site_a,SIM,synthetic_demo,A-WAN-1,UP,1000.0,90.239,89.75,0.0,17.13,0.9777,0.059,0,UP,4.0,0.0,48,12,68,-60.3,18.622,5.849,1,0,0,7,0,234.0,0.0,0,0,LOAD_SHED,LOAD_SHED,0,1,81.41,92.0,51.1504,50.9699,2.0119,3.82388,3.94388,3.80999,3.92999,120.0,23.5,143.566,3,55.303,,DISCHARGE,0.0,0,,SYNTHETIC,0
power-outage,0,385,2026-09-03T09:06:25Z,2026-09-03T09:06:26Z,2026-09-03T09:06:25Z,2026-09-03T09:06:26Z,site_b,SIM,synthetic_demo,B-WAN-1,UP,1000.0,63.9427,64.45,0.0,22.73,1.4985,0.103,0,UP,4.0,0.0,6,6,40,-64.8,22.638,6.921,1,0,0,32,0,60.0,0.0,0,0,,,,,,,,,,,,,,,,,,,,,0.0,0,,SYNTHETIC,0
power-outage,0,386,2026-09-03T09:06:26Z,2026-09-03T09:06:27Z,2026-09-03T09:06:26Z,2026-09-03T09:06:27Z,site_a,SIM,synthetic_demo,A-WAN-1,UP,1000.0,91.6499,92.14,0.0,19.03,2.7978,0.09,0,UP,4.0,0.0,48,12,55,-63.6,18.955,5.89,1,0,0,7,0,144.0,0.0,0,0,LOAD_SHED,LOAD_SHED,0,1,81.51,92.0,51.1502,50.9735,1.9701,3.82386,3.94386,3.81027,3.93027,120.0,23.5,140.592,3,55.395,,DISCHARGE,0.0,0,,SYNTHETIC,0
power-outage,0,386,2026-09-03T09:06:26Z,2026-09-03T09:06:27Z,2026-09-03T09:06:26Z,2026-09-03T09:06:27Z,site_b,SIM,synthetic_demo,B-WAN-1,UP,1000.0,65.369,65.35,0.0,21.53,1.2301,0.115,0,UP,4.0,0.0,6,6,21,-60.6,17.233,4.71,1,0,0,32,0,90.0,0.0,0,0,,,,,,,,,,,,,,,,,,,,,0.0,0,,SYNTHETIC,0
power-outage,0,387,2026-09-03T09:06:27Z,2026-09-03T09:06:28Z,2026-09-03T09:06:27Z,2026-09-03T09:06:28Z,site_a,SIM,synthetic_demo,A-WAN-1,UP,1000.0,80.8472,80.67,0.0,15.84,0.4449,0.125,0,UP,4.0,0.0,48,12,49,-62.1,17.745,5.295,0,0,0,7,0,175.0,0.0,0,0,LOAD_SHED,LOAD_SHED,0,1,81.46,92.0,51.1501,50.9689,2.02,3.82385,3.94385,3.80991,3.92991,120.0,23.5,144.136,3,55.284,,DISCHARGE,0.0,0,,SYNTHETIC,0
power-outage,0,387,2026-09-03T09:06:27Z,2026-09-03T09:06:28Z,2026-09-03T09:06:27Z,2026-09-03T09:06:28Z,site_b,SIM,synthetic_demo,B-WAN-1,UP,1000.0,82.8104,82.44,0.0,22.18,1.1583,0.101,0,UP,4.0,0.0,6,6,39,-59.5,21.424,5.799,0,0,0,32,0,85.0,0.0,0,0,,,,,,,,,,,,,,,,,,,,,0.0,0,,SYNTHETIC,0
power-outage,0,388,2026-09-03T09:06:28Z,2026-09-03T09:06:29Z,2026-09-03T09:06:28Z,2026-09-03T09:06:29Z,site_a,SIM,synthetic_demo,A-WAN-1,UP,1000.0,127.7725,129.19,0.0,16.18,0.4258,0.098,0,UP,4.0,0.0,48,12,65,-61.5,20.502,5.664,1,0,0,7,0,166.0,0.0,0,0,LOAD_SHED,LOAD_SHED,0,1,81.41,92.0,51.1499,50.9704,2.0007,3.82384,3.94384,3.81003,3.93003,120.0,23.5,142.769,3,55.326,,DISCHARGE,0.0,0,,SYNTHETIC,0
power-outage,0,388,2026-09-03T09:06:28Z,2026-09-03T09:06:29Z,2026-09-03T09:06:28Z,2026-09-03T09:06:29Z,site_b,SIM,synthetic_demo,B-WAN-1,UP,1000.0,87.2456,87.38,0.0,22.96,1.6811,0.117,0,UP,4.0,0.0,6,6,49,-60.7,22.898,7.25,1,0,0,32,0,96.0,0.0,0,0,,,,,,,,,,,,,,,,,,,,,0.0,0,,SYNTHETIC,0
power-outage,0,389,2026-09-03T09:06:29Z,2026-09-03T09:06:30Z,2026-09-03T09:06:29Z,2026-09-03T09:06:30Z,site_a,SIM,synthetic_demo,A-WAN-1,UP,1000.0,89.9961,90.34,0.0,15.56,0.2705,0.052,0,UP,4.0,0.0,48,12,78,-63.1,20.886,6.29,0,1,0,7,0,130.0,0.0,0,0,LOAD_SHED,LOAD_SHED,0,1,81.47,92.0,51.1497,50.9686,2.0195,3.82382,3.94382,3.80989,3.92989,120.0,23.3,144.103,3,55.283,,DISCHARGE,0.0,0,,SYNTHETIC,0
power-outage,0,389,2026-09-03T09:06:29Z,2026-09-03T09:06:30Z,2026-09-03T09:06:29Z,2026-09-03T09:06:30Z,site_b,SIM,synthetic_demo,B-WAN-1,UP,1000.0,70.4251,69.54,0.0,22.95,1.4218,0.124,0,UP,4.0,0.0,6,6,40,-61.9,20.845,6.07,0,1,0,32,0,85.0,0.0,0,0,,,,,,,,,,,,,,,,,,,,,0.0,0,,SYNTHETIC,0
power-outage,0,390,2026-09-03T09:06:30Z,2026-09-03T09:06:31Z,2026-09-03T09:06:30Z,2026-09-03T09:06:31Z,site_a,SIM,synthetic_demo,A-WAN-1,UP,1000.0,232.2993,232.1,0.0,,1.0481,0.057,0,UP,4.0,0.0,48,12,57,-62.2,18.616,5.631,0,1,0,7,0,168.0,0.0,0,0,LOAD_SHED,LOAD_SHED,0,1,81.5,92.0,51.1496,50.9691,2.0122,3.82381,3.94381,3.80993,3.92993,120.0,23.4,143.58,3,55.299,,DISCHARGE,0.0,0,,SYNTHETIC|GAP|MISSING_MCAR,0
power-outage,0,390,2026-09-03T09:06:30Z,2026-09-03T09:06:31Z,2026-09-03T09:06:30Z,2026-09-03T09:06:31Z,site_a,SIM,synthetic_demo,A-WAN-1,UP,1000.0,232.2993,232.1,0.0,,1.0481,0.057,0,UP,4.0,0.0,48,12,57,-62.2,18.616,5.631,0,1,0,7,0,168.0,0.0,0,0,LOAD_SHED,LOAD_SHED,0,1,81.5,92.0,51.1496,50.9691,2.0122,3.82381,3.94381,3.80993,3.92993,120.0,23.4,143.58,3,55.299,,DISCHARGE,0.0,0,,SYNTHETIC|GAP|MISSING_MCAR|DUPLICATE,0
power-outage,0,390,2026-09-03T09:06:30Z,2026-09-03T09:06:31Z,2026-09-03T09:06:30Z,2026-09-03T09:06:31Z,site_b,SIM,synthetic_demo,B-WAN-1,UP,1000.0,90.1619,90.22,0.0,21.58,0.2294,0.09,0,UP,4.0,0.0,6,6,51,-63.0,24.286,7.432,0,0,0,32,0,124.0,0.0,0,0,,,,,,,,,,,,,,,,,,,,,0.0,0,,SYNTHETIC,0
power-outage,0,391,2026-09-03T09:06:31Z,2026-09-03T09:06:32Z,2026-09-03T09:06:31Z,2026-09-03T09:06:32Z,site_a,SIM,synthetic_demo,A-WAN-1,UP,1000.0,108.122,107.49,0.0,15.96,0.4796,0.092,0,UP,4.0,0.0,48,12,53,-62.9,18.71,6.107,0,1,0,7,0,125.0,0.0,0,0,LOAD_SHED,LOAD_SHED,0,1,81.48,92.0,51.1494,50.9649,2.0571,3.8238,3.9438,3.8096,3.9296,120.0,23.7,146.772,3,55.198,,DISCHARGE,0.0,0,,SYNTHETIC,0
power-outage,0,391,2026-09-03T09:06:31Z,2026-09-03T09:06:32Z,2026-09-03T09:06:31Z,2026-09-03T09:06:32Z,site_b,SIM,synthetic_demo,B-WAN-1,UP,1000.0,57.0735,57.65,0.0,21.16,0.1574,0.115,0,UP,4.0,0.0,6,6,42,-61.3,22.194,6.108,0,0,0,32,0,61.0,0.0,0,0,,,,,,,,,,,,,,,,,,,,,0.0,0,,SYNTHETIC,0
power-outage,0,392,2026-09-03T09:06:32Z,2026-09-03T09:06:33Z,2026-09-03T09:06:32Z,2026-09-03T09:06:33Z,site_a,SIM,synthetic_demo,A-WAN-1,UP,1000.0,115.1978,115.17,0.0,15.97,0.4315,0.085,0,UP,4.0,0.0,48,12,23,-62.1,12.976,4.132,0,0,0,7,0,154.0,0.0,0,0,LOAD_SHED,LOAD_SHED,0,1,81.51,92.0,51.1492,50.9707,1.9906,3.82379,3.94379,3.81005,3.93005,120.0,23.5,142.047,3,55.345,,DISCHARGE,0.0,0,,SYNTHETIC,0
power-outage,0,392,2026-09-03T09:06:32Z,2026-09-03T09:06:33Z,2026-09-03T09:06:32Z,2026-09-03T09:06:33Z,site_b,SIM,synthetic_demo,B-WAN-1,UP,1000.0,60.1864,60.44,0.0,23.96,2.9884,0.078,0,UP,4.0,0.0,6,6,60,-61.7,25.425,7.221,0,0,0,32,0,83.0,0.0,0,0,,,,,,,,,,,,,,,,,,,,,0.0,0,,SYNTHETIC,0
power-outage,0,393,2026-09-03T09:06:33Z,2026-09-03T09:06:34Z,2026-09-03T09:06:33Z,2026-09-03T09:06:34Z,site_a,SIM,synthetic_demo,A-WAN-1,UP,1000.0,145.771,147.06,0.0,17.4,1.2576,0.073,0,UP,4.0,0.0,48,12,33,-61.3,16.447,4.637,0,0,0,7,0,186.0,0.0,0,0,LOAD_SHED,LOAD_SHED,0,1,81.44,92.0,51.149,50.9686,2.0119,3.82377,3.94377,3.80989,3.92989,120.0,23.4,143.558,3,55.297,,DISCHARGE,0.0,0,,SYNTHETIC,0
power-outage,0,393,2026-09-03T09:06:33Z,2026-09-03T09:06:34Z,2026-09-03T09:06:33Z,2026-09-03T09:06:34Z,site_b,SIM,synthetic_demo,B-WAN-1,UP,1000.0,94.9792,94.98,0.0,21.2,0.1237,0.114,0,UP,4.0,0.0,6,6,44,-60.5,21.022,6.694,0,0,0,32,0,63.0,0.0,0,0,,,,,,,,,,,,,,,,,,,,,0.0,0,,SYNTHETIC,0
power-outage,0,394,2026-09-03T09:06:34Z,2026-09-03T09:06:35Z,2026-09-03T09:06:34Z,2026-09-03T09:06:35Z,site_a,SIM,synthetic_demo,A-WAN-1,UP,1000.0,124.1252,124.24,0.0,17.26,1.0248,0.09,0,UP,4.0,0.0,48,12,41,-61.5,18.563,5.176,2,1,0,7,0,196.0,0.0,0,0,LOAD_SHED,LOAD_SHED,0,1,81.48,92.0,51.1489,50.9692,2.0028,3.82376,3.94376,3.80994,3.92994,120.0,23.5,142.911,3,55.316,,DISCHARGE,0.0,0,,SYNTHETIC,0
power-outage,0,394,2026-09-03T09:06:34Z,2026-09-03T09:06:35Z,2026-09-03T09:06:34Z,2026-09-03T09:06:35Z,site_b,SIM,synthetic_demo,B-WAN-1,UP,1000.0,59.9453,60.15,0.0,20.87,0.1805,0.097,0,UP,4.0,0.0,6,6,26,-62.0,16.504,5.518,0,0,0,32,0,40.0,0.0,0,0,,,,,,,,,,,,,,,,,,,,,0.0,0,,SYNTHETIC,0
power-outage,0,395,2026-09-03T09:06:35Z,2026-09-03T09:06:36Z,2026-09-03T09:06:35Z,2026-09-03T09:06:36Z,site_a,SIM,synthetic_demo,A-WAN-1,UP,1000.0,99.7173,99.86,0.0,16.59,0.233,0.069,0,UP,4.0,0.0,48,12,77,-62.2,20.41,6.565,0,0,0,7,0,137.0,0.0,0,0,LOAD_SHED,LOAD_SHED,0,1,81.39,92.0,51.1487,50.9708,1.9835,3.82375,3.94375,3.81006,3.93006,120.0,23.4,141.536,3,55.358,,DISCHARGE,0.0,0,,SYNTHETIC,0
power-outage,0,395,2026-09-03T09:06:35Z,2026-09-03T09:06:36Z,2026-09-03T09:06:35Z,2026-09-03T09:06:36Z,site_b,SIM,synthetic_demo,B-WAN-1,UP,1000.0,60.8162,60.87,0.0,21.68,0.7244,0.089,0,UP,4.0,0.0,6,6,90,-62.1,30.004,9.585,1,0,0,32,0,62.0,0.0,0,0,,,,,,,,,,,,,,,,,,,,,0.0,0,,SYNTHETIC,0
power-outage,0,396,2026-09-03T09:06:36Z,2026-09-03T09:06:37Z,2026-09-03T09:06:36Z,2026-09-03T09:06:37Z,site_a,SIM,synthetic_demo,A-WAN-1,UP,1000.0,106.1517,106.12,0.0,17.03,1.3512,0.086,0,UP,4.0,0.0,48,12,31,-62.2,15.148,4.74,0,0,0,7,0,105.0,0.0,0,0,LOAD_SHED,LOAD_SHED,0,1,81.51,92.0,51.1485,50.9656,2.0398,3.82373,3.94373,3.80966,3.92966,120.0,23.5,145.539,3,55.232,,DISCHARGE,0.0,0,,SYNTHETIC,0
power-outage,0,396,2026-09-03T09:06:36Z,2026-09-03T09:06:37Z,2026-09-03T09:06:36Z,2026-09-03T09:06:37Z,site_b,SIM,synthetic_demo,B-WAN-1,UP,1000.0,82.6799,83.82,0.0,22.2,0.2722,0.095,0,UP,4.0,0.0,6,6,43,-61.6,23.478,5.938,0,0,0,32,0,54.0,0.0,0,0,,,,,,,,,,,,,,,,,,,,,0.0,0,,SYNTHETIC,0
power-outage,0,397,2026-09-03T09:06:37Z,2026-09-03T09:06:38Z,2026-09-03T09:06:37Z,2026-09-03T09:06:38Z,site_a,SIM,synthetic_demo,A-WAN-1,UP,1000.0,84.2756,84.8,0.0,18.4,2.2894,0.065,0,UP,4.0,0.0,48,12,57,-60.5,17.306,5.385,0,0,0,7,0,97.0,0.0,0,0,LOAD_SHED,LOAD_SHED,0,1,81.47,92.0,51.1484,50.9698,1.991,3.82372,3.94372,3.80998,3.92998,120.0,23.4,142.071,3,55.34,,DISCHARGE,0.0,0,,SYNTHETIC,0
power-outage,0,397,2026-09-03T09:06:37Z,2026-09-03T09:06:38Z,2026-09-03T09:06:37Z,2026-09-03T09:06:38Z,site_b,SIM,synthetic_demo,B-WAN-1,UP,1000.0,66.1475,67.13,0.0,26.04,4.8952,0.116,0,UP,4.0,0.0,6,6,37,-61.7,18.278,6.365,0,0,0,32,0,56.0,0.0,0,0,,,,,,,,,,,,,,,,,,,,,0.0,0,,SYNTHETIC,0
power-outage,0,398,2026-09-03T09:06:38Z,2026-09-03T09:06:39Z,2026-09-03T09:06:38Z,2026-09-03T09:06:39Z,site_a,SIM,synthetic_demo,A-WAN-1,UP,1000.0,99.2919,99.61,0.0,17.33,0.7252,0.084,0,UP,4.0,0.0,48,12,52,-60.5,18.588,4.96,0,0,0,7,0,130.0,0.0,0,0,LOAD_SHED,LOAD_SHED,0,1,81.46,92.0,51.1482,50.9691,1.9963,3.82371,3.94371,3.80993,3.92993,120.0,23.5,142.446,3,55.327,,DISCHARGE,0.0,0,,SYNTHETIC,0
power-outage,0,398,2026-09-03T09:06:38Z,2026-09-03T09:06:39Z,2026-09-03T09:06:38Z,2026-09-03T09:06:39Z,site_b,SIM,synthetic_demo,B-WAN-1,UP,1000.0,61.3371,60.2,0.0,20.63,0.027,0.08,0,UP,4.0,0.0,6,6,37,-62.5,20.334,5.724,0,2,0,32,0,75.0,0.0,0,0,,,,,,,,,,,,,,,,,,,,,0.0,0,,SYNTHETIC,0
power-outage,0,399,2026-09-03T09:06:39Z,2026-09-03T09:06:40Z,2026-09-03T09:06:39Z,2026-09-03T09:06:40Z,site_a,SIM,synthetic_demo,A-WAN-1,UP,1000.0,94.3812,94.32,0.0,17.11,0.4082,0.105,0,UP,4.0,0.0,48,48,174,-62.2,16.772,5.136,3,4,0,7,0,160.0,0.0,0,0,LOAD_SHED,BATTERY,0,1,81.46,92.0,51.148,50.9705,1.9789,3.8237,3.9437,3.81004,3.93004,120.0,23.5,141.208,,695.239,,DISCHARGE,0.0,0,,SYNTHETIC,0
power-outage,0,399,2026-09-03T09:06:39Z,2026-09-03T09:06:40Z,2026-09-03T09:06:39Z,2026-09-03T09:06:40Z,site_b,SIM,synthetic_demo,B-WAN-1,UP,1000.0,58.9589,59.29,0.0,23.62,2.4196,0.094,0,UP,4.0,0.0,6,6,60,-60.0,25.028,7.761,0,1,0,32,0,34.0,0.0,0,0,,,,,,,,,,,,,,,,,,,,,0.0,0,,SYNTHETIC,0
power-outage,0,400,2026-09-03T09:06:40Z,2026-09-03T09:06:41Z,2026-09-03T09:06:40Z,2026-09-03T09:06:41Z,site_a,SIM,synthetic_demo,A-WAN-1,UP,1000.0,124.5335,123.65,0.0,17.5,1.8665,0.099,0,UP,4.0,0.0,48,48,245,-61.3,18.724,5.831,0,1,0,7,0,137.0,0.0,0,0,BATTERY,BATTERY,0,1,81.48,92.0,51.1461,48.8168,25.9672,3.82354,3.94354,3.64437,3.76437,120.0,23.5,1774.477,,55.324,OCP_DSG,DISCHARGE,0.0,0,,SYNTHETIC,0
power-outage,0,400,2026-09-03T09:06:40Z,2026-09-03T09:06:41Z,2026-09-03T09:06:40Z,2026-09-03T09:06:41Z,site_b,SIM,synthetic_demo,B-WAN-1,UP,1000.0,60.525,60.28,0.0,22.6,1.2079,0.09,0,UP,4.0,0.0,6,6,42,-62.5,22.824,6.97,0,0,0,32,0,49.0,0.0,0,0,,,,,,,,,,,,,,,,,,,,,0.0,0,,SYNTHETIC,0
power-outage,0,401,2026-09-03T09:06:41Z,2026-09-03T09:06:42Z,2026-09-03T09:06:41Z,2026-09-03T09:06:42Z,site_a,SIM,synthetic_demo,A-WAN-1,UP,1000.0,116.566,117.27,0.0,16.34,0.2162,0.048,0,UP,4.0,0.0,48,12,57,-61.8,17.799,5.52,2,3,0,7,0,134.0,0.0,0,0,BATTERY,LOAD_SHED,0,1,81.36,92.0,51.1459,50.9619,2.0512,3.82353,3.94353,3.80938,3.92938,120.0,23.4,146.346,3,55.193,,DISCHARGE,0.0,0,,SYNTHETIC,0
power-outage,0,401,2026-09-03T09:06:41Z,2026-09-03T09:06:42Z,2026-09-03T09:06:41Z,2026-09-03T09:06:42Z,site_b,SIM,synthetic_demo,B-WAN-1,UP,1000.0,62.7471,64.1,0.0,21.75,0.0585,0.133,0,UP,4.0,0.0,6,6,56,-61.4,24.88,7.851,0,0,0,32,0,84.0,0.0,0,0,,,,,,,,,,,,,,,,,,,,,0.0,0,,SYNTHETIC,0
power-outage,0,402,2026-09-03T09:06:42Z,2026-09-03T09:06:43Z,2026-09-03T09:06:42Z,2026-09-03T09:06:43Z,site_a,SIM,synthetic_demo,A-WAN-1,UP,1000.0,150.7285,151.86,0.0,16.54,0.645,0.114,0,UP,4.0,0.0,48,12,53,-63.0,17.376,5.576,0,2,0,7,0,148.0,0.0,0,0,LOAD_SHED,LOAD_SHED,0,1,81.47,92.0,51.1457,50.9691,1.9691,3.82352,3.94352,3.80993,3.92993,120.0,23.5,140.506,3,55.374,,DISCHARGE,0.0,0,,SYNTHETIC,0
power-outage,0,402,2026-09-03T09:06:42Z,2026-09-03T09:06:43Z,2026-09-03T09:06:42Z,2026-09-03T09:06:43Z,site_b,SIM,synthetic_demo,B-WAN-1,UP,1000.0,88.4793,88.87,0.0,21.91,1.032,0.101,0,UP,4.0,0.0,6,6,47,-59.2,22.344,6.399,0,0,0,32,0,37.0,0.0,0,0,,,,,,,,,,,,,,,,,,,,,0.0,0,,SYNTHETIC,0
power-outage,0,403,2026-09-03T09:06:43Z,2026-09-03T09:06:44Z,2026-09-03T09:06:43Z,2026-09-03T09:06:44Z,site_a,SIM,synthetic_demo,A-WAN-1,UP,1000.0,85.6184,84.72,0.0,16.75,0.0931,0.098,0,UP,4.0,0.0,48,12,53,-62.8,17.801,5.809,0,2,0,7,0,101.0,0.0,0,0,LOAD_SHED,LOAD_SHED,0,1,81.39,92.0,51.1456,50.9682,1.977,3.82351,3.94351,3.80986,3.92986,120.0,23.5,141.067,3,55.356,,DISCHARGE,0.0,0,,SYNTHETIC,0
power-outage,0,403,2026-09-03T09:06:43Z,2026-09-03T09:06:44Z,2026-09-03T09:06:43Z,2026-09-03T09:06:44Z,site_b,SIM,synthetic_demo,B-WAN-1,UP,1000.0,70.9025,70.62,0.0,22.06,1.1226,0.08,0,UP,4.0,0.0,6,6,27,-61.8,21.927,5.146,0,0,0,32,0,68.0,0.0,0,0,,,,,,,,,,,,,,,,,,,,,0.0,0,,SYNTHETIC,0
power-outage,0,404,2026-09-03T09:06:44Z,2026-09-03T09:06:45Z,2026-09-03T09:06:44Z,2026-09-03T09:06:45Z,site_a,SIM,synthetic_demo,A-WAN-1,UP,1000.0,88.4303,87.94,0.0,16.8,1.3109,0.053,0,UP,4.0,0.0,48,12,43,-62.3,19.192,5.384,0,2,0,7,0,111.0,0.0,0,0,LOAD_SHED,LOAD_SHED,0,1,81.43,92.0,51.1454,50.9656,2.0044,3.82349,3.94349,3.80966,3.92966,120.0,23.5,143.019,3,55.294,,DISCHARGE,0.0,0,,SYNTHETIC,0
power-outage,0,404,2026-09-03T09:06:44Z,2026-09-03T09:06:45Z,2026-09-03T09:06:44Z,2026-09-03T09:06:45Z,site_b,SIM,synthetic_demo,B-WAN-1,UP,1000.0,57.6213,58.5,0.0,21.67,0.5096,0.101,0,UP,4.0,0.0,6,6,54,-62.9,23.384,7.582,0,0,0,32,0,88.0,0.0,0,0,,,,,,,,,,,,,,,,,,,,,0.0,0,,SYNTHETIC,0
power-outage,0,405,2026-09-03T09:06:45Z,2026-09-03T09:06:46Z,2026-09-03T09:06:45Z,2026-09-03T09:06:46Z,site_a,SIM,synthetic_demo,A-WAN-1,UP,1000.0,123.6048,123.49,0.0,16.73,0.272,0.062,0,UP,4.0,0.0,48,12,69,-63.4,20.567,6.269,0,3,0,7,0,151.0,0.0,0,0,LOAD_SHED,LOAD_SHED,0,1,81.38,92.0,51.1452,50.9685,1.9705,3.82348,3.94348,3.80988,3.92988,120.0,23.4,140.607,3,55.368,,DISCHARGE,0.0,0,,SYNTHETIC,0
power-outage,0,405,2026-09-03T09:06:45Z,2026-09-03T09:06:46Z,2026-09-03T09:06:45Z,2026-09-03T09:06:46Z,site_b,SIM,synthetic_demo,B-WAN-1,UP,1000.0,66.4716,66.24,0.0,21.55,0.423,0.154,0,UP,4.0,0.0,6,6,24,-62.3,18.646,5.239,0,0,0,32,0,111.0,0.0,0,0,,,,,,,,,,,,,,,,,,,,,0.0,0,,SYNTHETIC,0
power-outage,0,406,2026-09-03T09:06:46Z,2026-09-03T09:06:47Z,2026-09-03T09:06:46Z,2026-09-03T09:06:47Z,site_a,SIM,synthetic_demo,A-WAN-1,UP,1000.0,75.3463,75.52,0.0,15.84,0.4149,0.083,0,UP,4.0,0.0,48,12,73,-61.4,18.638,6.214,0,2,0,7,0,155.0,0.0,0,0,LOAD_SHED,LOAD_SHED,0,1,81.46,92.0,51.1451,50.9659,1.9979,3.82347,3.94347,3.80968,3.92968,120.0,23.6,142.554,3,55.307,,DISCHARGE,0.0,0,,SYNTHETIC,0
power-outage,0,406,2026-09-03T09:06:46Z,2026-09-03T09:06:47Z,2026-09-03T09:06:46Z,2026-09-03T09:06:47Z,site_b,SIM,synthetic_demo,B-WAN-1,UP,1000.0,56.4706,57.2,0.0,21.53,0.7355,0.156,0,UP,4.0,0.0,6,6,29,-62.1,17.093,5.105,0,1,0,32,0,109.0,0.0,0,0,,,,,,,,,,,,,,,,,,,,,0.0,0,,SYNTHETIC,0
power-outage,0,407,2026-09-03T09:06:47Z,2026-09-03T09:06:48Z,2026-09-03T09:06:47Z,2026-09-03T09:06:48Z,site_a,SIM,synthetic_demo,A-WAN-1,UP,1000.0,111.2932,110.81,0.0,16.83,0.8181,0.098,0,UP,4.0,0.0,48,12,59,-63.5,19.47,5.829,0,2,0,7,0,135.0,0.0,0,0,LOAD_SHED,LOAD_SHED,0,1,81.43,92.0,51.1449,50.9705,1.9442,3.82345,3.94345,3.81004,3.93004,120.0,23.4,138.733,3,55.425,,DISCHARGE,0.0,0,,SYNTHETIC,0
power-outage,0,407,2026-09-03T09:06:47Z,2026-09-03T09:06:48Z,2026-09-03T09:06:47Z,2026-09-03T09:06:48Z,site_b,SIM,synthetic_demo,B-WAN-1,UP,1000.0,59.1028,59.61,0.0,21.63,0.7529,0.129,0,UP,4.0,0.0,6,6,52,-61.5,21.128,6.937,0,0,0,32,0,26.0,0.0,0,0,,,,,,,,,,,,,,,,,,,,,0.0,0,,SYNTHETIC,0
power-outage,0,408,2026-09-03T09:06:48Z,2026-09-03T09:06:49Z,2026-09-03T09:06:48Z,2026-09-03T09:06:49Z,site_a,SIM,synthetic_demo,A-WAN-1,UP,1000.0,94.4603,94.25,0.0,16.71,1.0355,0.063,0,UP,4.0,0.0,48,12,68,-62.5,18.611,5.744,0,4,0,7,0,123.0,0.0,0,0,LOAD_SHED,LOAD_SHED,0,1,81.41,92.0,51.1447,50.9629,2.0273,3.82344,3.94344,3.80945,3.92945,120.0,23.5,144.641,3,55.24,,DISCHARGE,0.0,0,,SYNTHETIC,0
power-outage,0,408,2026-09-03T09:06:48Z,2026-09-03T09:06:49Z,2026-09-03T09:06:48Z,2026-09-03T09:06:49Z,site_b,SIM,synthetic_demo,B-WAN-1,UP,1000.0,117.4905,118.87,0.0,21.85,1.052,0.128,0,UP,4.0,0.0,6,6,26,-63.3,17.519,5.092,0,1,0,32,0,84.0,0.0,0,0,,,,,,,,,,,,,,,,,,,,,0.0,0,,SYNTHETIC,0
power-outage,0,409,2026-09-03T09:06:49Z,2026-09-03T09:06:50Z,2026-09-03T09:06:49Z,2026-09-03T09:06:50Z,site_a,SIM,synthetic_demo,A-WAN-1,UP,1000.0,84.9223,85.51,0.0,16.38,0.3726,0.061,0,UP,4.0,0.0,48,12,45,-61.5,16.339,5.048,0,2,0,7,0,168.0,0.0,0,0,LOAD_SHED,LOAD_SHED,0,1,81.36,92.0,51.1446,50.9585,2.0748,3.82343,3.94343,3.80911,3.92911,120.0,23.3,148.015,3,55.134,,DISCHARGE,0.0,0,,SYNTHETIC,0
power-outage,0,409,2026-09-03T09:06:49Z,2026-09-03T09:06:50Z,2026-09-03T09:06:49Z,2026-09-03T09:06:50Z,site_b,SIM,synthetic_demo,B-WAN-1,UP,1000.0,58.7129,58.9,0.0,22.8,2.2193,0.069,0,UP,4.0,0.0,6,6,37,-63.7,19.167,6.018,0,0,0,32,0,105.0,0.0,0,0,,,,,,,,,,,,,,,,,,,,,0.0,0,,SYNTHETIC,0
power-outage,0,410,2026-09-03T09:06:50Z,2026-09-03T09:06:51Z,2026-09-03T09:06:50Z,2026-09-03T09:06:51Z,site_a,SIM,synthetic_demo,A-WAN-1,UP,1000.0,78.5962,77.75,0.0,17.65,1.267,0.034,0,UP,4.0,0.0,48,12,58,-62.1,18.765,5.531,0,2,0,7,0,216.0,0.0,0,0,LOAD_SHED,LOAD_SHED,0,1,81.37,92.0,51.1444,50.9596,2.0606,3.82341,3.94341,3.8092,3.9292,120.0,23.4,147.006,3,55.165,,DISCHARGE,0.0,0,,SYNTHETIC,0
power-outage,0,410,2026-09-03T09:06:50Z,2026-09-03T09:06:51Z,2026-09-03T09:06:50Z,2026-09-03T09:06:51Z,site_b,SIM,synthetic_demo,B-WAN-1,UP,1000.0,77.9444,77.31,0.0,22.45,1.1817,0.111,0,UP,4.0,0.0,6,6,61,-61.5,24.116,8.009,0,1,0,32,0,74.0,0.0,0,0,,,,,,,,,,,,,,,,,,,,,0.0,0,,SYNTHETIC,0
power-outage,0,411,2026-09-03T09:06:51Z,2026-09-03T09:06:52Z,2026-09-03T09:06:51Z,2026-09-03T09:06:52Z,site_a,SIM,synthetic_demo,A-WAN-1,UP,1000.0,82.5405,82.73,0.0,17.57,1.9331,0.038,0,UP,4.0,0.0,48,12,50,-62.2,17.553,5.391,0,1,0,7,0,172.0,0.0,0,0,LOAD_SHED,LOAD_SHED,0,1,81.41,92.0,51.1442,50.9636,2.0139,3.8234,3.9434,3.80951,3.92951,120.0,23.4,143.688,3,55.267,,DISCHARGE,0.0,0,,SYNTHETIC,0
power-outage,0,411,2026-09-03T09:06:51Z,2026-09-03T09:06:52Z,2026-09-03T09:06:51Z,2026-09-03T09:06:52Z,site_b,SIM,synthetic_demo,B-WAN-1,UP,1000.0,54.7731,55.61,0.0,21.08,0.1833,0.107,0,UP,4.0,0.0,6,6,66,-62.8,28.613,8.16,0,0,0,32,0,77.0,0.0,0,0,,,,,,,,,,,,,,,,,,,,,0.0,0,,SYNTHETIC,0
power-outage,0,412,2026-09-03T09:06:52Z,2026-09-03T09:06:53Z,2026-09-03T09:06:52Z,2026-09-03T09:06:53Z,site_a,SIM,synthetic_demo,A-WAN-1,UP,1000.0,162.0168,161.64,0.0,15.67,0.13,0.071,0,UP,4.0,0.0,48,12,51,-60.2,17.465,5.159,1,2,0,7,0,162.0,0.0,0,0,LOAD_SHED,LOAD_SHED,0,1,81.42,92.0,51.1441,50.9675,1.9679,3.82339,3.94339,3.80981,3.92981,120.0,23.6,140.418,3,55.368,,DISCHARGE,0.0,0,,SYNTHETIC,0
power-outage,0,412,2026-09-03T09:06:52Z,2026-09-03T09:06:53Z,2026-09-03T09:06:52Z,2026-09-03T09:06:53Z,site_b,SIM,synthetic_demo,B-WAN-1,UP,1000.0,61.1358,61.5,0.0,23.89,2.3854,0.123,0,UP,4.0,0.0,6,6,40,-61.5,20.064,6.493,0,0,0,32,0,68.0,0.0,0,0,,,,,,,,,,,,,,,,,,,,,0.0,0,,SYNTHETIC,0
power-outage,0,413,2026-09-03T09:06:53Z,2026-09-03T09:06:54Z,2026-09-03T09:06:53Z,2026-09-03T09:06:54Z,site_a,SIM,synthetic_demo,A-WAN-1,UP,1000.0,89.6628,89.06,0.0,17.96,1.9801,0.058,0,UP,4.0,0.0,48,12,40,-62.0,16.222,5.059,0,1,0,7,0,275.0,0.0,0,0,LOAD_SHED,LOAD_SHED,0,1,81.38,92.0,51.1439,50.9664,1.9792,3.82338,3.94338,3.80972,3.92972,120.0,23.5,141.224,3,55.342,,DISCHARGE,0.0,0,,SYNTHETIC,0
power-outage,0,413,2026-09-03T09:06:53Z,2026-09-03T09:06:54Z,2026-09-03T09:06:53Z,2026-09-03T09:06:54Z,site_b,SIM,synthetic_demo,B-WAN-1,UP,1000.0,54.3492,53.81,0.0,21.58,0.576,0.076,0,UP,4.0,0.0,6,6,70,-62.5,31.566,8.259,0,0,0,32,0,57.0,0.0,0,0,,,,,,,,,,,,,,,,,,,,,0.0,0,,SYNTHETIC,0
power-outage,0,414,2026-09-03T09:06:54Z,2026-09-03T09:06:55Z,2026-09-03T09:06:54Z,2026-09-03T09:06:55Z,site_a,SIM,synthetic_demo,A-WAN-1,UP,1000.0,103.0172,102.2,0.0,16.19,0.328,0.079,0,UP,4.0,0.0,48,12,45,-61.5,16.706,4.736,0,2,0,7,0,181.0,0.0,0,0,LOAD_SHED,LOAD_SHED,0,1,81.44,92.0,51.1437,50.9605,2.0424,3.82336,3.94336,3.80927,3.92927,120.0,23.6,145.713,3,55.201,,DISCHARGE,0.0,0,,SYNTHETIC,0
power-outage,0,414,2026-09-03T09:06:54Z,2026-09-03T09:06:55Z,2026-09-03T09:06:54Z,2026-09-03T09:06:55Z,site_b,SIM,synthetic_demo,B-WAN-1,UP,1000.0,59.4404,60.49,0.0,21.28,0.81,0.07,0,UP,4.0,0.0,6,6,49,-59.9,23.323,7.08,0,0,0,32,0,40.0,0.0,0,0,,,,,,,,,,,,,,,,,,,,,0.0,0,,SYNTHETIC,0
power-outage,0,415,2026-09-03T09:06:55Z,2026-09-03T09:06:56Z,2026-09-03T09:06:55Z,2026-09-03T09:06:56Z,site_a,SIM,synthetic_demo,A-WAN-1,UP,1000.0,83.3103,81.99,0.0,17.26,1.3413,0.122,0,UP,4.0,0.0,48,12,83,-63.7,22.57,6.252,0,1,0,7,0,143.0,0.0,0,0,LOAD_SHED,LOAD_SHED,0,1,81.34,92.0,51.1436,50.9663,1.9762,3.82335,3.94335,3.80971,3.92971,120.0,23.2,141.006,3,55.347,,DISCHARGE,0.0,0,,SYNTHETIC,0
power-outage,0,415,2026-09-03T09:06:55Z,2026-09-03T09:06:56Z,2026-09-03T09:06:55Z,2026-09-03T09:06:56Z,site_b,SIM,synthetic_demo,B-WAN-1,UP,1000.0,59.1488,60.15,0.0,21.2,0.5742,0.115,0,UP,4.0,0.0,6,6,43,-62.7,20.837,6.482,1,0,0,32,0,53.0,0.0,0,0,,,,,,,,,,,,,,,,,,,,,0.0,0,,SYNTHETIC,0
power-outage,0,416,2026-09-03T09:06:56Z,2026-09-03T09:06:57Z,2026-09-03T09:06:56Z,2026-09-03T09:06:57Z,site_a,SIM,synthetic_demo,A-WAN-1,UP,1000.0,77.3938,77.8,0.0,19.47,3.422,0.094,0,UP,4.0,0.0,48,48,56,-62.3,13.627,4.095,1,1,0,7,0,110.0,0.0,0,0,LOAD_SHED,BATTERY,0,1,81.42,92.0,51.1434,50.9632,2.0083,3.82334,3.94334,3.80948,3.92948,120.0,23.5,143.287,,684.843,,DISCHARGE,0.0,0,,SYNTHETIC,0
power-outage,0,416,2026-09-03T09:06:56Z,2026-09-03T09:06:57Z,2026-09-03T09:06:56Z,2026-09-03T09:06:57Z,site_b,SIM,synthetic_demo,B-WAN-1,UP,1000.0,58.9832,58.34,0.0,21.0,0.5202,0.099,0,UP,4.0,0.0,6,6,63,-62.5,26.32,7.944,0,0,0,32,0,46.0,0.0,0,0,,,,,,,,,,,,,,,,,,,,,0.0,0,,SYNTHETIC,0
power-outage,0,417,2026-09-03T09:06:57Z,2026-09-03T09:06:58Z,2026-09-03T09:06:57Z,2026-09-03T09:06:58Z,site_a,SIM,synthetic_demo,A-WAN-1,UP,1000.0,106.5148,107.14,0.0,16.84,0.7867,0.107,0,UP,4.0,0.0,48,48,144,-61.4,15.732,4.809,0,0,0,7,0,196.0,0.0,0,0,BATTERY,BATTERY,0,1,81.33,92.0,51.1414,48.8132,25.9556,3.82319,3.94319,3.64409,3.76409,120.0,23.5,1773.552,,55.328,OCP_DSG,DISCHARGE,0.0,0,,SYNTHETIC,0
power-outage,0,417,2026-09-03T09:06:57Z,2026-09-03T09:06:58Z,2026-09-03T09:06:57Z,2026-09-03T09:06:58Z,site_b,SIM,synthetic_demo,B-WAN-1,UP,1000.0,60.2666,60.69,0.0,22.64,1.7541,0.082,0,UP,4.0,0.0,6,6,30,-61.3,18.674,5.353,0,0,0,32,0,69.0,0.0,0,0,,,,,,,,,,,,,,,,,,,,,0.0,0,,SYNTHETIC,0
power-outage,0,418,2026-09-03T09:06:58Z,2026-09-03T09:06:59Z,2026-09-03T09:06:58Z,2026-09-03T09:06:59Z,site_a,SIM,synthetic_demo,A-WAN-1,UP,1000.0,85.1213,84.76,0.0,16.7,0.7174,0.071,0,UP,4.0,0.0,48,12,33,-62.2,16.581,4.624,0,0,0,7,0,168.0,0.0,0,0,BATTERY,LOAD_SHED,0,1,81.41,92.0,51.1413,50.9629,1.9887,3.82317,3.94317,3.80945,3.92945,120.0,23.6,141.892,3,55.307,,DISCHARGE,0.0,0,,SYNTHETIC,0
power-outage,0,418,2026-09-03T09:06:58Z,2026-09-03T09:06:59Z,2026-09-03T09:06:58Z,2026-09-03T09:06:59Z,site_b,SIM,synthetic_demo,B-WAN-1,UP,1000.0,62.2527,62.09,0.0,23.17,2.2465,0.036,0,UP,4.0,0.0,6,6,44,-65.2,21.518,7.755,0,0,0,32,0,41.0,0.0,0,0,,,,,,,,,,,,,,,,,,,,,0.0,0,,SYNTHETIC,0
power-outage,0,419,2026-09-03T09:06:59Z,2026-09-03T09:07:00Z,2026-09-03T09:06:59Z,2026-09-03T09:07:00Z,site_a,SIM,synthetic_demo,A-WAN-1,UP,1000.0,126.734,126.36,0.0,16.65,0.854,0.076,0,UP,4.0,0.0,48,12,60,-61.3,19.869,5.633,1,0,0,7,0,226.0,0.0,0,0,LOAD_SHED,LOAD_SHED,0,1,81.31,92.0,51.1411,50.9632,1.9838,3.82316,3.94316,3.80947,3.92947,120.0,23.5,141.537,3,55.317,,DISCHARGE,0.0,0,,SYNTHETIC,0
power-outage,0,419,2026-09-03T09:06:59Z,2026-09-03T09:07:00Z,2026-09-03T09:06:59Z,2026-09-03T09:07:00Z,site_b,SIM,synthetic_demo,B-WAN-1,UP,1000.0,62.8017,63.16,0.0,23.12,2.3247,0.105,0,UP,4.0,0.0,6,6,24,-63.7,16.551,4.748,0,0,0,32,0,58.0,0.0,0,0,,,,,,,,,,,,,,,,,,,,,0.0,0,,SYNTHETIC,0
power-outage,0,420,2026-09-03T09:07:00Z,2026-09-03T09:07:01Z,2026-09-03T09:07:00Z,2026-09-03T09:07:01Z,site_a,SIM,synthetic_demo,A-WAN-1,UP,1000.0,191.1087,191.26,0.0,17.46,1.4944,0.077,0,UP,4.0,0.0,48,12,43,-61.5,16.044,5.078,0,0,0,7,0,213.0,0.0,0,0,LOAD_SHED,LOAD_SHED,0,1,81.38,92.0,51.1409,50.9613,2.0025,3.82315,3.94315,3.80933,3.92933,120.0,23.4,142.872,3,55.275,,DISCHARGE,0.0,0,,SYNTHETIC,0
power-outage,0,420,2026-09-03T09:07:00Z,2026-09-03T09:07:01Z,2026-09-03T09:07:00Z,2026-09-03T09:07:01Z,site_b,SIM,synthetic_demo,B-WAN-1,UP,1000.0,65.5036,65.83,0.0,20.47,0.1387,0.092,0,UP,4.0,0.0,6,6,76,-60.3,29.234,8.544,1,0,0,32,0,68.0,0.0,0,0,,,,,,,,,,,,,,,,,,,,,0.0,0,,SYNTHETIC,0
power-outage,0,421,2026-09-03T09:07:01Z,2026-09-03T09:07:02Z,2026-09-03T09:07:01Z,2026-09-03T09:07:02Z,site_a,SIM,synthetic_demo,A-WAN-1,UP,1000.0,115.234,116.46,0.0,19.08,2.6324,0.06,0,UP,4.0,0.0,48,12,58,-62.2,18.852,5.735,0,1,0,7,0,154.0,0.0,0,0,LOAD_SHED,LOAD_SHED,0,1,81.23,92.0,51.1408,50.9638,1.9728,3.82314,3.94314,3.80952,3.92952,120.0,23.5,140.76,3,55.34,,DISCHARGE,0.0,0,,SYNTHETIC,0
power-outage,0,421,2026-09-03T09:07:01Z,2026-09-03T09:07:02Z,2026-09-03T09:07:01Z,2026-09-03T09:07:02Z,site_b,SIM,synthetic_demo,B-WAN-1,UP,1000.0,63.9479,63.02,0.0,22.75,1.6266,0.122,0,UP,4.0,0.0,6,6,39,-59.5,20.862,6.485,0,0,0,32,0,44.0,0.0,0,0,,,,,,,,,,,,,,,,,,,,,0.0,0,,SYNTHETIC,0
power-outage,0,422,2026-09-03T09:07:02Z,2026-09-03T09:07:03Z,2026-09-03T09:07:02Z,2026-09-03T09:07:03Z,site_a,SIM,synthetic_demo,A-WAN-1,UP,1000.0,103.1095,102.53,0.0,16.26,0.2927,0.085,0,UP,4.0,0.0,48,12,63,-61.3,18.308,5.453,0,0,0,7,0,144.0,0.0,0,0,LOAD_SHED,LOAD_SHED,0,1,81.31,92.0,51.1406,50.96,2.0133,3.82312,3.94312,3.80923,3.92923,120.0,23.5,143.638,3,55.249,,DISCHARGE,0.0,0,,SYNTHETIC,0
power-outage,0,422,2026-09-03T09:07:02Z,2026-09-03T09:07:03Z,2026-09-03T09:07:02Z,2026-09-03T09:07:03Z,site_b,SIM,synthetic_demo,B-WAN-1,UP,1000.0,93.2132,92.82,0.0,22.62,1.6072,0.114,0,UP,4.0,0.0,6,6,37,-59.4,21.301,5.302,0,0,0,32,0,58.0,0.0,0,0,,,,,,,,,,,,,,,,,,,,,0.0,0,,SYNTHETIC,0
power-outage,0,423,2026-09-03T09:07:03Z,2026-09-03T09:07:04Z,2026-09-03T09:07:03Z,2026-09-03T09:07:04Z,site_a,SIM,synthetic_demo,A-WAN-1,UP,1000.0,89.4845,89.37,0.0,16.91,0.7121,0.071,0,UP,4.0,0.0,48,12,62,-62.4,19.149,5.561,0,0,0,7,0,233.0,0.0,0,0,LOAD_SHED,LOAD_SHED,0,1,81.3,92.0,51.1404,50.9619,1.9897,3.82311,3.94311,3.80938,3.92938,120.0,23.3,141.96,3,55.3,,DISCHARGE,0.0,0,,SYNTHETIC,0
power-outage,0,423,2026-09-03T09:07:03Z,2026-09-03T09:07:04Z,2026-09-03T09:07:03Z,2026-09-03T09:07:04Z,site_b,SIM,synthetic_demo,B-WAN-1,UP,1000.0,69.5239,69.61,0.0,21.22,0.8927,0.136,0,UP,4.0,0.0,6,6,30,-61.5,19.95,5.389,0,0,0,32,0,31.0,0.0,0,0,,,,,,,,,,,,,,,,,,,,,0.0,0,,SYNTHETIC,0
power-outage,0,424,2026-09-03T09:07:04Z,2026-09-03T09:07:05Z,2026-09-03T09:07:04Z,2026-09-03T09:07:05Z,site_a,SIM,synthetic_demo,A-WAN-1,UP,1000.0,95.8405,95.63,0.0,18.82,2.665,0.077,0,UP,4.0,0.0,48,12,42,-60.5,18.481,4.634,0,2,0,7,0,155.0,0.0,0,0,LOAD_SHED,LOAD_SHED,0,1,81.29,92.0,51.1403,50.9529,2.0884,3.8231,3.9431,3.80869,3.92869,120.0,23.5,148.97,3,55.082,,DISCHARGE,0.0,0,,SYNTHETIC,0
power-outage,0,424,2026-09-03T09:07:04Z,2026-09-03T09:07:05Z,2026-09-03T09:07:04Z,2026-09-03T09:07:05Z,site_b,SIM,synthetic_demo,B-WAN-1,UP,1000.0,95.9928,95.71,0.0,24.0,3.8884,0.12,0,UP,4.0,0.0,6,6,53,-60.6,22.685,6.697,0,0,0,32,0,57.0,0.0,0,0,,,,,,,,,,,,,,,,,,,,,0.0,0,,SYNTHETIC,0
power-outage,0,425,2026-09-03T09:07:05Z,2026-09-03T09:07:06Z,2026-09-03T09:07:05Z,2026-09-03T09:07:06Z,site_a,SIM,synthetic_demo,A-WAN-1,UP,1000.0,77.0011,77.45,0.0,17.0,1.3399,0.086,0,UP,4.0,0.0,48,12,56,-60.7,18.284,5.234,1,0,0,7,0,134.0,0.0,0,0,LOAD_SHED,LOAD_SHED,0,1,81.37,92.0,51.1401,50.9628,1.9759,3.82308,3.94308,3.80945,3.92945,120.0,23.5,140.975,3,55.329,,DISCHARGE,0.0,0,,SYNTHETIC,0
power-outage,0,425,2026-09-03T09:07:05Z,2026-09-03T09:07:06Z,2026-09-03T09:07:05Z,2026-09-03T09:07:06Z,site_b,SIM,synthetic_demo,B-WAN-1,UP,1000.0,83.973,83.95,0.0,24.78,2.9894,0.124,0,UP,4.0,0.0,6,6,39,-63.4,20.066,6.635,0,1,0,32,0,76.0,0.0,0,0,,,,,,,,,,,,,,,,,,,,,0.0,0,,SYNTHETIC,0
power-outage,0,426,2026-09-03T09:07:06Z,2026-09-03T09:07:07Z,2026-09-03T09:07:06Z,2026-09-03T09:07:07Z,site_a,SIM,synthetic_demo,A-WAN-1,UP,1000.0,90.8415,89.88,0.0,16.22,1.0836,0.076,0,UP,4.0,0.0,48,12,66,-61.2,19.488,6.253,0,1,0,7,0,151.0,0.0,0,0,LOAD_SHED,LOAD_SHED,0,1,81.34,92.0,51.1399,50.96,2.0057,3.82307,3.94307,3.80923,3.92923,120.0,23.4,143.096,3,55.262,,DISCHARGE,0.0,0,,SYNTHETIC,0
power-outage,0,426,2026-09-03T09:07:06Z,2026-09-03T09:07:07Z,2026-09-03T09:07:06Z,2026-09-03T09:07:07Z,site_b,SIM,synthetic_demo,B-WAN-1,UP,1000.0,73.9247,73.48,0.0,22.74,1.4756,0.11,0,UP,4.0,0.0,6,6,85,-61.4,31.093,9.098,1,1,0,32,0,71.0,0.0,0,0,,,,,,,,,,,,,,,,,,,,,0.0,0,,SYNTHETIC,0
power-outage,0,427,2026-09-03T09:07:07Z,2026-09-03T09:07:08Z,2026-09-03T09:07:07Z,2026-09-03T09:07:08Z,site_a,SIM,synthetic_demo,A-WAN-1,UP,1000.0,112.8033,112.44,0.0,17.41,1.4354,0.087,0,UP,4.0,0.0,48,12,48,-62.4,17.929,5.816,0,0,0,7,0,163.0,0.0,0,0,LOAD_SHED,LOAD_SHED,0,1,81.41,92.0,51.1398,50.963,1.9707,3.82306,3.94306,3.80946,3.92946,120.0,23.6,140.605,3,55.339,,DISCHARGE,0.0,0,,SYNTHETIC,0
power-outage,0,427,2026-09-03T09:07:07Z,2026-09-03T09:07:08Z,2026-09-03T09:07:07Z,2026-09-03T09:07:08Z,site_b,SIM,synthetic_demo,B-WAN-1,UP,1000.0,76.9263,75.78,0.0,24.09,3.4459,0.114,0,UP,4.0,0.0,6,6,15,-62.7,13.043,4.438,0,0,0,32,0,38.0,0.0,0,0,,,,,,,,,,,,,,,,,,,,,0.0,0,,SYNTHETIC,0
power-outage,0,428,2026-09-03T09:07:08Z,2026-09-03T09:07:09Z,2026-09-03T09:07:08Z,2026-09-03T09:07:09Z,site_a,SIM,synthetic_demo,A-WAN-1,UP,1000.0,103.6413,103.73,0.0,16.09,0.0742,0.073,0,UP,4.0,0.0,48,12,63,-63.3,20.079,5.74,0,0,0,7,0,151.0,0.0,0,0,LOAD_SHED,LOAD_SHED,0,1,81.41,92.0,51.1396,50.9628,1.9703,3.82304,3.94304,3.80945,3.92945,120.0,23.6,140.576,3,55.339,,DISCHARGE,0.0,0,,SYNTHETIC,0
power-outage,0,428,2026-09-03T09:07:08Z,2026-09-03T09:07:09Z,2026-09-03T09:07:08Z,2026-09-03T09:07:09Z,site_b,SIM,synthetic_demo,B-WAN-1,UP,1000.0,87.8428,87.44,0.0,24.14,2.4396,0.101,0,UP,4.0,0.0,6,6,41,-63.2,22.9,6.17,0,0,0,32,0,50.0,0.0,0,0,,,,,,,,,,,,,,,,,,,,,0.0,0,,SYNTHETIC,0
power-outage,0,429,2026-09-03T09:07:09Z,2026-09-03T09:07:10Z,2026-09-03T09:07:09Z,2026-09-03T09:07:10Z,site_a,SIM,synthetic_demo,A-WAN-1,UP,1000.0,103.0612,103.3,0.0,15.57,0.3634,0.047,0,UP,4.0,0.0,48,12,47,-62.2,19.108,5.506,0,1,0,7,0,147.0,0.0,0,0,LOAD_SHED,LOAD_SHED,0,1,81.43,92.0,51.1394,50.9566,2.0385,3.82303,3.94303,3.80897,3.92897,120.0,23.5,145.421,3,55.187,,DISCHARGE,0.0,0,,SYNTHETIC,0
power-outage,0,429,2026-09-03T09:07:09Z,2026-09-03T09:07:10Z,2026-09-03T09:07:09Z,2026-09-03T09:07:10Z,site_b,SIM,synthetic_demo,B-WAN-1,UP,1000.0,79.3407,79.93,0.0,21.12,0.2667,0.082,0,UP,4.0,0.0,6,6,68,-62.2,26.622,8.806,0,1,0,32,0,58.0,0.0,0,0,,,,,,,,,,,,,,,,,,,,,0.0,0,,SYNTHETIC,0
power-outage,0,430,2026-09-03T09:07:10Z,2026-09-03T09:07:11Z,2026-09-03T09:07:10Z,2026-09-03T09:07:11Z,site_a,SIM,synthetic_demo,A-WAN-1,UP,1000.0,130.9101,130.75,0.0,17.25,0.5879,0.093,0,UP,4.0,0.0,48,12,57,-62.1,20.056,5.581,0,1,0,7,0,189.0,0.0,0,0,LOAD_SHED,LOAD_SHED,0,1,81.4,92.0,51.1392,50.9613,1.9838,3.82302,3.94302,3.80933,3.92933,120.0,23.5,141.533,3,55.308,,DISCHARGE,0.0,0,,SYNTHETIC,0
power-outage,0,430,2026-09-03T09:07:10Z,2026-09-03T09:07:11Z,2026-09-03T09:07:10Z,2026-09-03T09:07:11Z,site_b,SIM,synthetic_demo,B-WAN-1,UP,1000.0,81.0332,81.69,0.0,22.28,0.5922,0.111,0,UP,4.0,0.0,6,6,41,-60.2,21.657,6.55,0,0,0,32,0,64.0,0.0,0,0,,,,,,,,,,,,,,,,,,,,,0.0,0,,SYNTHETIC,0
power-outage,0,431,2026-09-03T09:07:11Z,2026-09-03T09:07:12Z,2026-09-03T09:07:11Z,2026-09-03T09:07:12Z,site_a,SIM,synthetic_demo,A-WAN-1,UP,1000.0,155.7586,155.15,0.0,16.99,1.0543,0.099,0,UP,4.0,0.0,48,12,65,-62.4,19.988,6.187,0,0,0,7,0,168.0,0.0,0,0,LOAD_SHED,LOAD_SHED,0,1,81.46,92.0,51.1391,50.9585,2.0133,3.82301,3.94301,3.80911,3.92911,120.0,23.4,143.631,3,55.241,,DISCHARGE,0.0,0,,SYNTHETIC,0
power-outage,0,431,2026-09-03T09:07:11Z,2026-09-03T09:07:12Z,2026-09-03T09:07:11Z,2026-09-03T09:07:12Z,site_b,SIM,synthetic_demo,B-WAN-1,UP,1000.0,106.6636,106.82,0.0,21.58,1.0609,0.113,0,UP,4.0,0.0,6,6,43,-63.1,21.847,6.709,0,0,0,32,0,63.0,0.0,0,0,,,,,,,,,,,,,,,,,,,,,0.0,0,,SYNTHETIC,0
power-outage,0,432,2026-09-03T09:07:12Z,2026-09-03T09:07:13Z,2026-09-03T09:07:12Z,2026-09-03T09:07:13Z,site_a,SIM,synthetic_demo,A-WAN-1,UP,1000.0,99.2886,98.4,0.0,16.27,0.206,0.046,0,UP,4.0,0.0,48,12,44,-61.9,17.505,4.378,0,1,0,7,0,126.0,0.0,0,0,LOAD_SHED,LOAD_SHED,0,1,81.28,92.0,51.1389,50.9615,1.9778,3.82299,3.94299,3.80935,3.92935,120.0,23.4,141.105,3,55.319,,DISCHARGE,0.0,0,,SYNTHETIC,0
power-outage,0,432,2026-09-03T09:07:12Z,2026-09-03T09:07:13Z,2026-09-03T09:07:12Z,2026-09-03T09:07:13Z,site_b,SIM,synthetic_demo,B-WAN-1,UP,1000.0,89.9973,90.24,0.0,22.34,1.9445,0.083,0,UP,4.0,0.0,6,6,42,-63.0,23.309,6.78,0,0,0,32,0,33.0,0.0,0,0,,,,,,,,,,,,,,,,,,,,,0.0,0,,SYNTHETIC,0
power-outage,0,433,2026-09-03T09:07:13Z,2026-09-03T09:07:14Z,2026-09-03T09:07:13Z,2026-09-03T09:07:14Z,site_a,SIM,synthetic_demo,A-WAN-1,UP,1000.0,160.7975,162.1,0.0,18.0,2.3401,0.089,0,UP,4.0,0.0,48,48,289,-62.2,20.029,6.208,2,5,0,7,0,199.0,0.0,0,0,LOAD_SHED,BATTERY,0,1,81.36,92.0,51.1387,50.9637,1.951,3.82298,3.94298,3.80952,3.92952,120.0,23.5,139.203,,704.619,,DISCHARGE,0.0,0,,SYNTHETIC,0
power-outage,0,433,2026-09-03T09:07:13Z,2026-09-03T09:07:14Z,2026-09-03T09:07:13Z,2026-09-03T09:07:14Z,site_b,SIM,synthetic_demo,B-WAN-1,UP,1000.0,81.138,82.18,0.0,22.09,1.1591,0.092,0,UP,4.0,0.0,6,6,26,-62.5,15.906,5.552,0,0,0,32,0,47.0,0.0,0,0,,,,,,,,,,,,,,,,,,,,,0.0,0,,SYNTHETIC,0
power-outage,0,434,2026-09-03T09:07:14Z,2026-09-03T09:07:15Z,2026-09-03T09:07:14Z,2026-09-03T09:07:15Z,site_a,SIM,synthetic_demo,A-WAN-1,UP,1000.0,100.3875,99.59,0.0,14.88,0.1898,0.058,0,UP,4.0,0.0,48,48,139,-63.1,15.74,4.93,1,2,0,7,0,111.0,0.0,0,0,BATTERY,BATTERY,0,1,81.27,92.0,51.1368,48.8051,25.9944,3.82283,3.94283,3.64347,3.76347,120.0,23.6,1775.911,,55.23,OCP_DSG,DISCHARGE,0.0,0,,SYNTHETIC,0
power-outage,0,434,2026-09-03T09:07:14Z,2026-09-03T09:07:15Z,2026-09-03T09:07:14Z,2026-09-03T09:07:15Z,site_b,SIM,synthetic_demo,B-WAN-1,UP,1000.0,89.4047,89.6,0.0,21.46,0.9362,0.124,0,UP,4.0,0.0,6,6,74,-60.2,28.553,8.599,0,0,0,32,0,39.0,0.0,0,0,,,,,,,,,,,,,,,,,,,,,0.0,0,,SYNTHETIC,0
power-outage,0,435,2026-09-03T09:07:15Z,2026-09-03T09:07:16Z,2026-09-03T09:07:15Z,2026-09-03T09:07:16Z,site_a,SIM,synthetic_demo,A-WAN-1,UP,1000.0,117.6201,116.7,0.0,17.88,1.7007,0.09,0,UP,4.0,0.0,48,12,63,-61.7,18.948,5.819,1,1,0,7,0,179.0,0.0,0,0,BATTERY,LOAD_SHED,0,1,81.33,92.0,51.1366,50.9545,2.0303,3.82282,3.94282,3.80881,3.92881,120.0,23.6,144.833,3,55.191,,DISCHARGE,0.0,0,,SYNTHETIC,0
power-outage,0,435,2026-09-03T09:07:15Z,2026-09-03T09:07:16Z,2026-09-03T09:07:15Z,2026-09-03T09:07:16Z,site_b,SIM,synthetic_demo,B-WAN-1,UP,1000.0,87.3326,87.98,0.0,23.57,2.0915,0.104,0,UP,4.0,0.0,6,6,47,-62.4,22.172,6.714,0,0,0,32,0,37.0,0.0,0,0,,,,,,,,,,,,,,,,,,,,,0.0,0,,SYNTHETIC,0
power-outage,0,436,2026-09-03T09:07:16Z,2026-09-03T09:07:17Z,2026-09-03T09:07:16Z,2026-09-03T09:07:17Z,site_a,SIM,synthetic_demo,A-WAN-1,UP,1000.0,112.5668,111.78,0.0,18.71,2.3309,0.012,0,UP,4.0,0.0,48,12,58,-61.3,20.195,5.71,1,2,0,7,0,188.0,0.0,0,0,LOAD_SHED,LOAD_SHED,0,1,81.29,92.0,51.1365,50.9579,1.9902,3.8228,3.9428,3.80907,3.92907,120.0,23.6,141.98,3,55.278,,DISCHARGE,0.0,0,,SYNTHETIC,0
power-outage,0,436,2026-09-03T09:07:16Z,2026-09-03T09:07:17Z,2026-09-03T09:07:16Z,2026-09-03T09:07:17Z,site_b,SIM,synthetic_demo,B-WAN-1,UP,1000.0,85.6977,86.61,0.0,23.49,2.4113,0.097,0,UP,4.0,0.0,6,6,49,-64.5,23.165,7.553,0,0,0,32,0,43.0,0.0,0,0,,,,,,,,,,,,,,,,,,,,,0.0,0,,SYNTHETIC,0
power-outage,0,437,2026-09-03T09:07:17Z,2026-09-03T09:07:18Z,2026-09-03T09:07:17Z,2026-09-03T09:07:18Z,site_a,SIM,synthetic_demo,A-WAN-1,UP,1000.0,113.7427,113.27,0.0,16.98,0.0808,0.067,0,UP,4.0,0.0,48,12,41,-62.8,16.547,5.043,1,1,0,7,0,165.0,0.0,0,0,LOAD_SHED,LOAD_SHED,0,1,81.38,92.0,51.1363,50.9537,2.0352,3.82279,3.94279,3.80875,3.92875,120.0,23.6,145.181,3,55.178,,DISCHARGE,0.0,0,,SYNTHETIC,0
power-outage,0,437,2026-09-03T09:07:17Z,2026-09-03T09:07:18Z,2026-09-03T09:07:17Z,2026-09-03T09:07:18Z,site_b,SIM,synthetic_demo,B-WAN-1,UP,1000.0,83.419,84.82,0.0,21.83,1.0452,0.091,0,UP,4.0,0.0,6,6,50,-61.8,25.401,7.127,0,0,0,32,0,66.0,0.0,0,0,,,,,,,,,,,,,,,,,,,,,0.0,0,,SYNTHETIC,0
power-outage,0,438,2026-09-03T09:07:18Z,2026-09-03T09:07:19Z,2026-09-03T09:07:18Z,2026-09-03T09:07:19Z,site_a,SIM,synthetic_demo,A-WAN-1,UP,1000.0,101.082,100.42,0.0,16.18,0.1831,0.083,0,UP,4.0,0.0,48,12,60,-60.3,19.528,5.404,0,2,0,7,0,122.0,0.0,0,0,LOAD_SHED,LOAD_SHED,0,1,81.21,92.0,51.1361,50.955,2.019,3.82278,3.94278,3.80885,3.92885,120.0,23.4,144.026,3,55.213,,DISCHARGE,0.0,0,,SYNTHETIC,0
power-outage,0,438,2026-09-03T09:07:18Z,2026-09-03T09:07:19Z,2026-09-03T09:07:18Z,2026-09-03T09:07:19Z,site_b,SIM,synthetic_demo,B-WAN-1,UP,1000.0,76.3364,76.03,0.0,21.87,0.9088,0.149,0,UP,4.0,0.0,6,6,26,-62.0,18.456,5.148,0,1,0,32,0,57.0,0.0,0,0,,,,,,,,,,,,,,,,,,,,,0.0,0,,SYNTHETIC,0
power-outage,0,439,2026-09-03T09:07:19Z,2026-09-03T09:07:20Z,2026-09-03T09:07:19Z,2026-09-03T09:07:20Z,site_a,SIM,synthetic_demo,A-WAN-1,UP,1000.0,122.8271,122.96,0.0,17.99,1.5156,0.074,0,UP,4.0,0.0,48,12,61,-61.3,17.871,5.903,0,1,0,7,0,205.0,0.0,0,0,LOAD_SHED,LOAD_SHED,0,1,81.24,92.0,51.1359,50.95,2.0725,3.82276,3.94276,3.80846,3.92846,120.0,23.4,147.829,3,55.094,,DISCHARGE,0.0,0,,SYNTHETIC,0
power-outage,0,439,2026-09-03T09:07:19Z,2026-09-03T09:07:20Z,2026-09-03T09:07:19Z,2026-09-03T09:07:20Z,site_b,SIM,synthetic_demo,B-WAN-1,UP,1000.0,199.7906,199.5,0.0,21.26,0.2098,0.102,0,UP,4.0,0.0,6,6,65,-60.9,26.09,7.619,0,1,0,32,0,41.0,0.0,0,0,,,,,,,,,,,,,,,,,,,,,0.0,0,,SYNTHETIC,0
power-outage,0,440,2026-09-03T09:07:20Z,2026-09-03T09:07:21Z,2026-09-03T09:07:20Z,2026-09-03T09:07:21Z,site_a,SIM,synthetic_demo,A-WAN-1,UP,1000.0,96.4109,96.7,0.0,17.66,1.337,0.12,0,UP,4.0,0.0,48,12,55,-61.8,18.014,5.765,0,2,0,7,0,116.0,0.0,0,0,LOAD_SHED,LOAD_SHED,0,1,81.38,92.0,51.1358,50.9591,1.97,3.82275,3.94275,3.80916,3.92916,120.0,23.4,140.546,3,55.32,,DISCHARGE,0.0,0,,SYNTHETIC,0
power-outage,0,440,2026-09-03T09:07:20Z,2026-09-03T09:07:21Z,2026-09-03T09:07:20Z,2026-09-03T09:07:21Z,site_b,SIM,synthetic_demo,B-WAN-1,UP,1000.0,76.1925,76.53,0.0,22.47,1.5356,0.099,0,UP,4.0,0.0,6,6,76,-64.8,30.175,9.605,1,0,0,32,0,45.0,0.0,0,0,,,,,,,,,,,,,,,,,,,,,0.0,0,,SYNTHETIC,0
power-outage,0,441,2026-09-03T09:07:21Z,2026-09-03T09:07:22Z,2026-09-03T09:07:21Z,2026-09-03T09:07:22Z,site_a,SIM,synthetic_demo,A-WAN-1,UP,1000.0,83.5261,84.23,0.0,15.83,0.0836,0.074,0,UP,4.0,0.0,48,12,53,-64.3,17.665,5.385,0,2,0,7,0,141.0,0.0,0,0,LOAD_SHED,LOAD_SHED,0,1,81.3,92.0,51.1356,50.9603,1.9545,3.82274,3.94274,3.80925,3.92925,120.0,23.5,139.443,3,55.353,,DISCHARGE,0.0,0,,SYNTHETIC,0
power-outage,0,441,2026-09-03T09:07:21Z,2026-09-03T09:07:22Z,2026-09-03T09:07:21Z,2026-09-03T09:07:22Z,site_b,SIM,synthetic_demo,B-WAN-1,UP,1000.0,69.9677,69.83,0.0,21.68,0.7399,0.074,0,UP,4.0,0.0,6,6,45,-63.1,23.097,6.904,0,0,0,32,0,52.0,0.0,0,0,,,,,,,,,,,,,,,,,,,,,0.0,0,,SYNTHETIC,0
power-outage,0,442,2026-09-03T09:07:22Z,2026-09-03T09:07:23Z,2026-09-03T09:07:22Z,2026-09-03T09:07:23Z,site_a,SIM,synthetic_demo,A-WAN-1,UP,1000.0,126.0366,125.54,0.0,16.28,1.382,0.09,0,UP,4.0,0.0,48,12,80,-61.4,22.751,6.516,0,2,0,7,0,118.0,0.0,0,0,LOAD_SHED,LOAD_SHED,0,1,81.33,92.0,51.1354,50.9596,1.9605,3.82273,3.94273,3.8092,3.9292,120.0,23.5,139.87,3,55.339,,DISCHARGE,0.0,0,,SYNTHETIC,0
power-outage,0,442,2026-09-03T09:07:22Z,2026-09-03T09:07:23Z,2026-09-03T09:07:22Z,2026-09-03T09:07:23Z,site_b,SIM,synthetic_demo,B-WAN-1,UP,1000.0,72.9534,73.59,0.0,21.98,0.7399,0.114,0,UP,4.0,0.0,6,6,75,-62.4,27.423,9.144,1,0,0,32,0,85.0,0.0,0,0,,,,,,,,,,,,,,,,,,,,,0.0,0,,SYNTHETIC,0
power-outage,0,443,2026-09-03T09:07:23Z,2026-09-03T09:07:24Z,2026-09-03T09:07:23Z,2026-09-03T09:07:24Z,site_a,SIM,synthetic_demo,A-WAN-1,UP,1000.0,94.2099,93.71,0.0,17.54,1.3143,0.037,0,UP,4.0,0.0,48,12,73,-63.0,21.617,6.288,0,1,0,7,0,135.0,0.0,0,0,LOAD_SHED,LOAD_SHED,0,1,81.26,92.0,51.1353,50.953,2.0318,3.82271,3.94271,3.80869,3.92869,120.0,23.5,144.934,3,55.18,,DISCHARGE,0.0,0,,SYNTHETIC,0
power-outage,0,443,2026-09-03T09:07:23Z,2026-09-03T09:07:24Z,2026-09-03T09:07:23Z,2026-09-03T09:07:24Z,site_b,SIM,synthetic_demo,B-WAN-1,UP,1000.0,69.4974,69.65,0.0,22.82,1.8847,0.126,0,UP,4.0,0.0,6,6,47,-62.5,21.838,7.121,1,1,0,32,0,74.0,0.0,0,0,,,,,,,,,,,,,,,,,,,,,0.0,0,,SYNTHETIC,0
power-outage,0,444,2026-09-03T09:07:24Z,2026-09-03T09:07:25Z,2026-09-03T09:07:24Z,2026-09-03T09:07:25Z,site_a,SIM,synthetic_demo,A-WAN-1,UP,1000.0,187.1409,186.46,0.0,16.76,0.7179,0.112,0,UP,4.0,0.0,48,12,41,-62.9,17.518,4.387,0,2,0,7,0,157.0,0.0,0,0,LOAD_SHED,LOAD_SHED,0,1,81.25,92.0,51.1351,50.9591,1.9623,3.8227,3.9427,3.80916,3.92916,120.0,23.6,139.993,3,55.333,,DISCHARGE,0.0,0,,SYNTHETIC,0
power-outage,0,444,2026-09-03T09:07:24Z,2026-09-03T09:07:25Z,2026-09-03T09:07:24Z,2026-09-03T09:07:25Z,site_b,SIM,synthetic_demo,B-WAN-1,UP,1000.0,70.7999,70.47,0.0,22.85,2.0099,0.099,0,UP,4.0,0.0,6,6,71,-61.3,28.651,8.987,0,2,0,32,0,38.0,0.0,0,0,,,,,,,,,,,,,,,,,,,,,0.0,0,,SYNTHETIC,0
power-outage,0,445,2026-09-03T09:07:25Z,2026-09-03T09:07:26Z,2026-09-03T09:07:25Z,2026-09-03T09:07:26Z,site_a,SIM,synthetic_demo,A-WAN-1,UP,1000.0,122.4039,123.1,0.0,16.91,1.1377,0.049,0,UP,4.0,0.0,48,12,53,-60.9,17.805,5.058,0,1,0,7,0,147.0,0.0,0,0,LOAD_SHED,LOAD_SHED,0,1,81.36,92.0,51.1349,50.9509,2.0517,3.82269,3.94269,3.80853,3.92853,120.0,23.4,146.349,3,55.135,,DISCHARGE,0.0,0,,SYNTHETIC,0
power-outage,0,445,2026-09-03T09:07:25Z,2026-09-03T09:07:26Z,2026-09-03T09:07:25Z,2026-09-03T09:07:26Z,site_b,SIM,synthetic_demo,B-WAN-1,UP,1000.0,104.1162,104.09,0.0,21.66,0.9223,0.081,0,UP,4.0,0.0,6,6,28,-60.9,18.374,5.682,0,0,0,32,0,51.0,0.0,0,0,,,,,,,,,,,,,,,,,,,,,0.0,0,,SYNTHETIC,0
power-outage,0,446,2026-09-03T09:07:26Z,2026-09-03T09:07:27Z,2026-09-03T09:07:26Z,2026-09-03T09:07:27Z,site_a,SIM,synthetic_demo,A-WAN-1,UP,1000.0,109.7094,109.21,0.0,15.62,0.0838,0.073,0,UP,4.0,0.0,48,12,34,-62.0,15.667,4.766,0,2,0,7,0,106.0,0.0,0,0,LOAD_SHED,LOAD_SHED,0,1,81.32,92.0,51.1348,50.9536,2.0197,3.82267,3.94267,3.80874,3.92874,120.0,23.6,144.075,3,55.205,,DISCHARGE,0.0,0,,SYNTHETIC,0
power-outage,0,446,2026-09-03T09:07:26Z,2026-09-03T09:07:27Z,2026-09-03T09:07:26Z,2026-09-03T09:07:27Z,site_b,SIM,synthetic_demo,B-WAN-1,UP,1000.0,62.697,62.97,0.0,21.05,0.1447,0.11,0,UP,4.0,0.0,6,6,56,-60.6,24.733,8.009,0,0,0,32,0,66.0,0.0,0,0,,,,,,,,,,,,,,,,,,,,,0.0,0,,SYNTHETIC,0
power-outage,0,447,2026-09-03T09:07:27Z,2026-09-03T09:07:28Z,2026-09-03T09:07:27Z,2026-09-03T09:07:28Z,site_a,SIM,synthetic_demo,A-WAN-1,UP,1000.0,112.985,113.0,0.0,16.15,0.1705,0.061,0,UP,4.0,0.0,48,12,47,-61.9,18.708,5.353,0,1,0,7,0,188.0,0.0,0,0,LOAD_SHED,LOAD_SHED,0,1,81.26,92.0,51.1346,50.9546,2.0066,3.82266,3.94266,3.80882,3.92882,120.0,23.5,143.141,3,55.233,,DISCHARGE,0.0,0,,SYNTHETIC,0
power-outage,0,447,2026-09-03T09:07:27Z,2026-09-03T09:07:28Z,2026-09-03T09:07:27Z,2026-09-03T09:07:28Z,site_b,SIM,synthetic_demo,B-WAN-1,UP,1000.0,64.2589,64.93,0.0,21.35,0.4613,0.064,0,UP,4.0,0.0,6,6,55,-60.2,22.288,7.882,1,0,0,32,0,68.0,0.0,0,0,,,,,,,,,,,,,,,,,,,,,0.0,0,,SYNTHETIC,0
power-outage,0,448,2026-09-03T09:07:28Z,2026-09-03T09:07:29Z,2026-09-03T09:07:28Z,2026-09-03T09:07:29Z,site_a,SIM,synthetic_demo,A-WAN-1,UP,1000.0,104.7859,104.05,0.0,17.33,1.8755,0.067,0,UP,4.0,0.0,48,12,73,-61.6,20.692,6.347,0,1,0,7,0,97.0,0.0,0,0,LOAD_SHED,LOAD_SHED,0,1,81.32,92.0,51.1344,50.9505,2.0504,3.82265,3.94265,3.8085,3.9285,120.0,23.4,146.254,3,55.135,,DISCHARGE,0.0,0,,SYNTHETIC,0
power-outage,0,448,2026-09-03T09:07:28Z,2026-09-03T09:07:29Z,2026-09-03T09:07:28Z,2026-09-03T09:07:29Z,site_b,SIM,synthetic_demo,B-WAN-1,UP,1000.0,68.3344,68.18,0.0,24.23,3.0155,0.106,0,UP,4.0,0.0,6,6,52,-61.0,25.197,6.907,0,0,0,32,0,24.0,0.0,0,0,,,,,,,,,,,,,,,,,,,,,0.0,0,,SYNTHETIC,0
power-outage,0,449,2026-09-03T09:07:29Z,2026-09-03T09:07:30Z,2026-09-03T09:07:29Z,2026-09-03T09:07:30Z,site_a,SIM,synthetic_demo,A-WAN-1,UP,1000.0,104.1673,103.9,0.0,15.42,0.068,0.087,0,UP,4.0,0.0,48,12,53,-61.8,16.98,5.598,1,2,0,7,0,177.0,0.0,0,0,LOAD_SHED,LOAD_SHED,0,1,81.3,92.0,51.1342,50.9487,2.0691,3.82263,3.94263,3.80836,3.92836,120.0,23.5,147.583,3,55.093,,DISCHARGE,0.0,0,,SYNTHETIC,0
power-outage,0,449,2026-09-03T09:07:29Z,2026-09-03T09:07:30Z,2026-09-03T09:07:29Z,2026-09-03T09:07:30Z,site_b,SIM,synthetic_demo,B-WAN-1,UP,1000.0,68.7877,69.72,0.0,21.02,0.4072,0.107,0,UP,4.0,0.0,6,6,35,-61.1,20.54,6.277,0,0,0,32,0,40.0,0.0,0,0,,,,,,,,,,,,,,,,,,,,,0.0,0,,SYNTHETIC,0
power-outage,0,450,2026-09-03T09:07:30Z,2026-09-03T09:07:31Z,2026-09-03T09:07:30Z,2026-09-03T09:07:31Z,site_a,SIM,synthetic_demo,A-WAN-1,UP,1000.0,95.7969,96.35,0.0,16.07,0.3795,0.091,0,UP,4.0,0.0,48,48,333,-61.9,20.978,6.621,0,1,0,7,0,100.0,0.0,0,0,LOAD_SHED,BATTERY,0,1,81.29,92.0,51.1341,50.9552,1.9939,3.82262,3.94262,3.80886,3.92886,120.0,23.5,142.239,,689.269,,DISCHARGE,0.0,0,,SYNTHETIC,0
power-outage,0,450,2026-09-03T09:07:30Z,2026-09-03T09:07:31Z,2026-09-03T09:07:30Z,2026-09-03T09:07:31Z,site_b,SIM,synthetic_demo,B-WAN-1,UP,1000.0,81.9885,81.54,0.0,23.44,2.4713,0.104,0,UP,4.0,0.0,6,6,38,-62.4,19.134,6.533,0,1,0,32,0,75.0,0.0,0,0,,,,,,,,,,,,,,,,,,,,,0.0,0,,SYNTHETIC,0
power-outage,0,451,2026-09-03T09:07:31Z,2026-09-03T09:07:32Z,2026-09-03T09:07:31Z,2026-09-03T09:07:32Z,site_a,SIM,synthetic_demo,A-WAN-1,UP,1000.0,88.1539,88.97,0.0,17.89,2.0282,0.085,0,UP,4.0,0.0,48,48,307,-60.8,20.474,6.31,0,2,0,7,0,127.0,0.0,0,0,BATTERY,BATTERY,0,1,81.33,92.0,51.1321,48.8032,25.9635,3.82247,3.94247,3.64332,3.76332,120.0,23.4,1773.731,,55.273,OCP_DSG,DISCHARGE,0.0,0,,SYNTHETIC,0
power-outage,0,451,2026-09-03T09:07:31Z,2026-09-03T09:07:32Z,2026-09-03T09:07:31Z,2026-09-03T09:07:32Z,site_b,SIM,synthetic_demo,B-WAN-1,UP,1000.0,82.088,82.79,0.0,20.81,0.2621,0.115,0,UP,4.0,0.0,6,6,33,-63.7,19.954,6.015,0,0,0,32,0,43.0,0.0,0,0,,,,,,,,,,,,,,,,,,,,,0.0,0,,SYNTHETIC,0
power-outage,0,452,2026-09-03T09:07:32Z,2026-09-03T09:07:33Z,2026-09-03T09:07:32Z,2026-09-03T09:07:33Z,site_a,SIM,synthetic_demo,A-WAN-1,UP,1000.0,104.8248,104.36,0.0,17.59,1.2735,0.103,0,UP,4.0,0.0,48,12,22,-61.5,14.089,4.226,0,2,0,7,0,121.0,0.0,0,0,BATTERY,LOAD_SHED,0,1,81.36,92.0,51.132,50.9511,2.0158,3.82246,3.94246,3.80855,3.92855,120.0,23.5,143.791,3,55.198,,DISCHARGE,0.0,0,,SYNTHETIC,0
power-outage,0,452,2026-09-03T09:07:32Z,2026-09-03T09:07:33Z,2026-09-03T09:07:32Z,2026-09-03T09:07:33Z,site_b,SIM,synthetic_demo,B-WAN-1,UP,1000.0,101.4098,101.69,0.0,24.76,4.3688,0.051,0,UP,4.0,0.0,6,6,37,-61.4,21.315,5.872,0,0,0,32,0,43.0,0.0,0,0,,,,,,,,,,,,,,,,,,,,,0.0,0,,SYNTHETIC,0
power-outage,0,453,2026-09-03T09:07:33Z,2026-09-03T09:07:34Z,2026-09-03T09:07:33Z,2026-09-03T09:07:34Z,site_a,SIM,synthetic_demo,A-WAN-1,UP,1000.0,99.4307,100.06,0.0,17.31,1.4956,0.054,0,UP,4.0,0.0,48,12,57,-61.0,16.73,5.757,1,2,0,7,0,238.0,0.0,0,0,LOAD_SHED,LOAD_SHED,0,1,81.35,92.0,51.1318,50.9523,2.0015,3.82245,3.94245,3.80863,3.92863,120.0,23.5,142.771,3,55.229,,DISCHARGE,0.0,0,,SYNTHETIC,0
power-outage,0,453,2026-09-03T09:07:33Z,2026-09-03T09:07:34Z,2026-09-03T09:07:33Z,2026-09-03T09:07:34Z,site_b,SIM,synthetic_demo,B-WAN-1,UP,1000.0,73.474,73.12,0.0,21.85,0.4734,0.093,0,UP,4.0,0.0,6,6,25,-61.3,17.131,5.629,0,0,0,32,0,42.0,0.0,0,0,,,,,,,,,,,,,,,,,,,,,0.0,0,,SYNTHETIC,0
power-outage,0,454,2026-09-03T09:07:34Z,2026-09-03T09:07:35Z,2026-09-03T09:07:34Z,2026-09-03T09:07:35Z,site_a,SIM,synthetic_demo,A-WAN-1,UP,1000.0,134.9306,133.81,0.0,17.38,1.2282,0.117,0,UP,4.0,0.0,48,12,36,-61.1,16.971,5.137,1,3,0,7,0,149.0,0.0,0,0,LOAD_SHED,LOAD_SHED,0,1,81.33,92.0,51.1316,50.9473,2.0547,3.82243,3.94243,3.80825,3.92825,120.0,23.4,146.552,3,55.111,,DISCHARGE,0.0,0,,SYNTHETIC,0
power-outage,0,454,2026-09-03T09:07:34Z,2026-09-03T09:07:35Z,2026-09-03T09:07:34Z,2026-09-03T09:07:35Z,site_b,SIM,synthetic_demo,B-WAN-1,UP,1000.0,65.8345,65.5,0.0,21.37,0.1312,0.083,0,UP,4.0,0.0,6,6,41,-61.1,20.661,6.321,0,0,0,32,0,34.0,0.0,0,0,,,,,,,,,,,,,,,,,,,,,0.0,0,,SYNTHETIC,0
power-outage,0,455,2026-09-03T09:07:35Z,2026-09-03T09:07:36Z,2026-09-03T09:07:35Z,2026-09-03T09:07:36Z,site_a,SIM,synthetic_demo,A-WAN-1,UP,1000.0,85.2339,85.1,0.0,16.31,0.7636,0.095,0,UP,4.0,0.0,48,12,45,-62.2,16.017,5.098,0,4,0,7,0,166.0,0.0,0,0,LOAD_SHED,LOAD_SHED,0,1,81.26,92.0,51.1314,50.9473,2.053,3.82242,3.94242,3.80825,3.92825,120.0,23.4,146.435,3,55.113,,DISCHARGE,0.0,0,,SYNTHETIC,0
power-outage,0,455,2026-09-03T09:07:35Z,2026-09-03T09:07:36Z,2026-09-03T09:07:35Z,2026-09-03T09:07:36Z,site_b,SIM,synthetic_demo,B-WAN-1,UP,1000.0,75.403,74.23,0.0,21.25,0.9256,0.084,0,UP,4.0,0.0,6,6,63,-63.1,25.343,8.734,0,0,0,32,0,50.0,0.0,0,0,,,,,,,,,,,,,,,,,,,,,0.0,0,,SYNTHETIC,0
power-outage,0,456,2026-09-03T09:07:36Z,2026-09-03T09:07:37Z,2026-09-03T09:07:36Z,2026-09-03T09:07:37Z,site_a,SIM,synthetic_demo,A-WAN-1,UP,1000.0,104.6403,104.8,0.0,18.13,1.0759,0.082,0,UP,4.0,0.0,48,12,57,-60.1,19.234,4.973,0,2,0,7,0,230.0,0.0,0,0,LOAD_SHED,LOAD_SHED,0,1,81.28,92.0,51.1313,50.9501,2.0198,3.82241,3.94241,3.80847,3.92847,120.0,23.5,144.07,3,55.186,,DISCHARGE,0.0,0,,SYNTHETIC,0
power-outage,0,456,2026-09-03T09:07:36Z,2026-09-03T09:07:37Z,2026-09-03T09:07:36Z,2026-09-03T09:07:37Z,site_b,SIM,synthetic_demo,B-WAN-1,UP,1000.0,76.4782,77.01,0.0,20.55,0.2087,0.075,0,UP,4.0,0.0,6,6,46,-63.5,23.105,7.187,0,1,0,32,0,52.0,0.0,0,0,,,,,,,,,,,,,,,,,,,,,0.0,0,,SYNTHETIC,0
power-outage,0,457,2026-09-03T09:07:37Z,2026-09-03T09:07:38Z,2026-09-03T09:07:37Z,2026-09-03T09:07:38Z,site_a,SIM,synthetic_demo,A-WAN-1,UP,1000.0,86.8492,87.72,0.0,16.27,0.3705,0.059,0,UP,4.0,0.0,48,12,71,-63.0,21.29,6.234,0,2,0,7,0,189.0,0.0,0,0,LOAD_SHED,LOAD_SHED,0,1,81.26,92.0,51.1311,50.9507,2.0115,3.82239,3.94239,3.80851,3.92851,120.0,23.5,143.484,3,55.203,,DISCHARGE,0.0,0,,SYNTHETIC,0
power-outage,0,457,2026-09-03T09:07:37Z,2026-09-03T09:07:38Z,2026-09-03T09:07:37Z,2026-09-03T09:07:38Z,site_b,SIM,synthetic_demo,B-WAN-1,UP,1000.0,84.0648,83.08,0.0,24.77,4.0256,0.077,0,UP,4.0,0.0,6,6,40,-63.1,22.3,6.651,0,2,0,32,0,70.0,0.0,0,0,,,,,,,,,,,,,,,,,,,,,0.0,0,,SYNTHETIC,0
power-outage,0,458,2026-09-03T09:07:38Z,2026-09-03T09:07:39Z,2026-09-03T09:07:38Z,2026-09-03T09:07:39Z,site_a,SIM,synthetic_demo,A-WAN-1,UP,1000.0,96.5576,95.93,0.0,16.93,0.6216,0.056,0,UP,4.0,0.0,48,12,99,-63.2,23.879,7.278,0,3,0,7,0,137.0,0.0,0,0,LOAD_SHED,LOAD_SHED,0,1,81.26,92.0,51.1309,50.951,2.0059,3.82238,3.94238,3.80854,3.92854,120.0,23.5,143.085,3,55.215,,DISCHARGE,0.0,0,,SYNTHETIC,0
power-outage,0,458,2026-09-03T09:07:38Z,2026-09-03T09:07:39Z,2026-09-03T09:07:38Z,2026-09-03T09:07:39Z,site_b,SIM,synthetic_demo,B-WAN-1,UP,1000.0,74.9048,74.84,0.0,21.6,0.3614,0.088,0,UP,4.0,0.0,6,6,57,-59.5,24.883,7.65,0,0,0,32,0,64.0,0.0,0,0,,,,,,,,,,,,,,,,,,,,,0.0,0,,SYNTHETIC,0
power-outage,0,459,2026-09-03T09:07:39Z,2026-09-03T09:07:40Z,2026-09-03T09:07:39Z,2026-09-03T09:07:40Z,site_a,SIM,synthetic_demo,A-WAN-1,UP,1000.0,97.2596,98.01,0.0,18.46,1.7436,0.081,0,UP,4.0,0.0,48,12,38,-61.5,15.134,5.244,0,2,0,7,0,150.0,0.0,0,0,LOAD_SHED,LOAD_SHED,0,1,81.25,92.0,51.1308,50.9456,2.0645,3.82237,3.94237,3.80812,3.92812,120.0,23.5,147.249,3,55.085,,DISCHARGE,0.0,0,,SYNTHETIC,0
power-outage,0,459,2026-09-03T09:07:39Z,2026-09-03T09:07:40Z,2026-09-03T09:07:39Z,2026-09-03T09:07:40Z,site_b,SIM,synthetic_demo,B-WAN-1,UP,1000.0,67.3231,67.65,0.0,22.39,1.0394,0.093,0,UP,4.0,0.0,6,6,62,-60.6,26.349,7.662,0,0,0,32,0,61.0,0.0,0,0,,,,,,,,,,,,,,,,,,,,,0.0,0,,SYNTHETIC,0
power-outage,0,460,2026-09-03T09:07:40Z,2026-09-03T09:07:41Z,2026-09-03T09:07:40Z,2026-09-03T09:07:41Z,site_a,SIM,synthetic_demo,A-WAN-1,UP,1000.0,104.1569,104.31,0.0,17.18,0.377,0.079,0,UP,4.0,0.0,48,12,49,-62.6,18.148,5.177,0,3,0,7,0,114.0,0.0,0,0,LOAD_SHED,LOAD_SHED,0,1,81.31,92.0,51.1306,50.9458,2.06,3.82235,3.94235,3.80814,3.92814,120.0,23.7,146.924,3,55.094,,DISCHARGE,0.0,0,,SYNTHETIC,0
power-outage,0,460,2026-09-03T09:07:40Z,2026-09-03T09:07:41Z,2026-09-03T09:07:40Z,2026-09-03T09:07:41Z,site_b,SIM,synthetic_demo,B-WAN-1,UP,1000.0,63.588,63.76,0.0,21.76,0.3946,0.05,0,UP,4.0,0.0,6,6,45,-61.6,20.251,5.845,0,0,0,32,0,63.0,0.0,0,0,,,,,,,,,,,,,,,,,,,,,0.0,0,,SYNTHETIC,0
power-outage,0,461,2026-09-03T09:07:41Z,2026-09-03T09:07:42Z,2026-09-03T09:07:41Z,2026-09-03T09:07:42Z,site_a,SIM,synthetic_demo,A-WAN-1,UP,1000.0,83.9514,84.78,0.0,17.38,1.7296,0.078,0,UP,4.0,0.0,48,12,72,-62.3,20.568,6.504,0,2,0,7,0,136.0,0.0,0,0,LOAD_SHED,LOAD_SHED,0,1,81.36,92.0,51.1304,50.9517,1.9927,3.82234,3.94234,3.80859,3.92859,120.0,23.5,142.143,3,55.241,,DISCHARGE,0.0,0,,SYNTHETIC,0
power-outage,0,461,2026-09-03T09:07:41Z,2026-09-03T09:07:42Z,2026-09-03T09:07:41Z,2026-09-03T09:07:42Z,site_b,SIM,synthetic_demo,B-WAN-1,UP,1000.0,67.4996,68.77,0.0,21.99,0.0952,0.111,0,UP,4.0,0.0,6,6,29,-62.6,16.897,6.245,0,2,0,32,0,78.0,0.0,0,0,,,,,,,,,,,,,,,,,,,,,0.0,0,,SYNTHETIC,0
power-outage,0,462,2026-09-03T09:07:42Z,2026-09-03T09:07:43Z,2026-09-03T09:07:42Z,2026-09-03T09:07:43Z,site_a,SIM,synthetic_demo,A-WAN-1,UP,1000.0,90.4604,89.53,0.0,16.16,0.4782,0.092,0,UP,4.0,0.0,48,12,53,-61.2,18.387,5.776,0,2,0,7,0,120.0,0.0,0,0,LOAD_SHED,LOAD_SHED,0,1,81.23,92.0,51.1302,50.9465,2.0481,3.82233,3.94233,3.8082,3.9282,120.0,23.6,146.078,3,55.118,,DISCHARGE,0.0,0,,SYNTHETIC,0
power-outage,0,462,2026-09-03T09:07:42Z,2026-09-03T09:07:43Z,2026-09-03T09:07:42Z,2026-09-03T09:07:43Z,site_b,SIM,synthetic_demo,B-WAN-1,UP,1000.0,69.1606,69.19,0.0,22.69,1.4447,0.088,0,UP,4.0,0.0,6,6,37,-60.5,18.903,5.675,0,1,0,32,0,64.0,0.0,0,0,,,,,,,,,,,,,,,,,,,,,0.0,0,,SYNTHETIC,0
power-outage,0,463,2026-09-03T09:07:43Z,2026-09-03T09:07:44Z,2026-09-03T09:07:43Z,2026-09-03T09:07:44Z,site_a,SIM,synthetic_demo,A-WAN-1,UP,1000.0,115.6392,115.53,0.0,16.39,0.3583,0.105,0,UP,4.0,0.0,48,12,48,-61.5,18.927,5.018,0,4,0,7,0,135.0,0.0,0,0,LOAD_SHED,LOAD_SHED,0,1,81.33,92.0,51.1301,50.9465,2.0462,3.82231,3.94231,3.80819,3.92819,120.0,23.6,145.943,3,55.122,,DISCHARGE,0.0,0,,SYNTHETIC,0
power-outage,0,463,2026-09-03T09:07:43Z,2026-09-03T09:07:44Z,2026-09-03T09:07:43Z,2026-09-03T09:07:44Z,site_b,SIM,synthetic_demo,B-WAN-1,UP,1000.0,67.8295,66.56,0.0,22.29,1.4862,0.092,0,UP,4.0,0.0,6,6,41,-61.1,21.768,6.306,0,0,0,32,0,67.0,0.0,0,0,,,,,,,,,,,,,,,,,,,,,0.0,0,,SYNTHETIC,0
power-outage,0,464,2026-09-03T09:07:44Z,2026-09-03T09:07:45Z,2026-09-03T09:07:44Z,2026-09-03T09:07:45Z,site_a,SIM,synthetic_demo,A-WAN-1,UP,1000.0,114.3851,113.49,0.0,19.44,3.6705,0.094,0,UP,4.0,0.0,48,12,75,-61.1,21.281,5.542,0,4,0,7,0,218.0,0.0,0,0,LOAD_SHED,LOAD_SHED,0,1,81.38,92.0,51.1299,50.9513,1.9914,3.8223,3.9423,3.80856,3.92856,120.0,23.6,142.051,3,55.242,,DISCHARGE,0.0,0,,SYNTHETIC,0
power-outage,0,464,2026-09-03T09:07:44Z,2026-09-03T09:07:45Z,2026-09-03T09:07:44Z,2026-09-03T09:07:45Z,site_b,SIM,synthetic_demo,B-WAN-1,UP,1000.0,74.0877,75.33,0.0,22.62,1.9661,0.073,0,UP,4.0,0.0,6,6,53,-62.4,25.25,7.21,0,1,0,32,0,75.0,0.0,0,0,,,,,,,,,,,,,,,,,,,,,0.0,0,,SYNTHETIC,0
power-outage,0,465,2026-09-03T09:07:45Z,2026-09-03T09:07:46Z,2026-09-03T09:07:45Z,2026-09-03T09:07:46Z,site_a,SIM,synthetic_demo,A-WAN-1,UP,1000.0,112.0127,113.85,0.0,19.87,3.8315,0.057,0,UP,4.0,0.0,48,12,43,-62.6,16.91,5.182,0,2,0,7,0,153.0,0.0,0,0,LOAD_SHED,LOAD_SHED,0,1,81.24,92.0,51.1297,50.9466,2.0413,3.82229,3.94229,3.8082,3.9282,120.0,23.5,145.593,3,55.131,,DISCHARGE,0.0,0,,SYNTHETIC,0
power-outage,0,465,2026-09-03T09:07:45Z,2026-09-03T09:07:46Z,2026-09-03T09:07:45Z,2026-09-03T09:07:46Z,site_b,SIM,synthetic_demo,B-WAN-1,UP,1000.0,67.6062,65.97,0.0,21.66,0.7524,0.074,0,UP,4.0,0.0,6,6,70,-62.3,30.248,8.146,0,1,0,32,0,22.0,0.0,0,0,,,,,,,,,,,,,,,,,,,,,0.0,0,,SYNTHETIC,0
power-outage,0,466,2026-09-03T09:07:46Z,2026-09-03T09:07:47Z,2026-09-03T09:07:46Z,2026-09-03T09:07:47Z,site_a,SIM,synthetic_demo,A-WAN-1,UP,1000.0,93.7573,94.89,0.0,16.63,1.3381,0.102,0,UP,4.0,0.0,48,12,63,-62.0,19.543,5.822,0,3,0,7,0,130.0,0.0,0,0,LOAD_SHED,LOAD_SHED,0,1,81.35,92.0,51.1296,50.9498,2.0044,3.82227,3.94227,3.80844,3.92844,120.0,23.6,142.975,3,55.211,,DISCHARGE,0.0,0,,SYNTHETIC,0
power-outage,0,466,2026-09-03T09:07:46Z,2026-09-03T09:07:47Z,2026-09-03T09:07:46Z,2026-09-03T09:07:47Z,site_b,SIM,synthetic_demo,B-WAN-1,UP,1000.0,62.2064,61.51,0.0,21.67,1.1134,0.065,0,UP,4.0,0.0,6,6,39,-59.8,21.929,6.041,0,0,0,32,0,73.0,0.0,0,0,,,,,,,,,,,,,,,,,,,,,0.0,0,,SYNTHETIC,0
power-outage,0,467,2026-09-03T09:07:47Z,2026-09-03T09:07:48Z,2026-09-03T09:07:47Z,2026-09-03T09:07:48Z,site_a,SIM,synthetic_demo,A-WAN-1,UP,1000.0,91.1178,90.85,0.0,19.52,3.8166,0.055,0,UP,4.0,0.0,48,48,212,-63.3,17.717,5.573,2,3,0,7,0,130.0,0.0,0,0,LOAD_SHED,BATTERY,0,1,81.26,92.0,51.1294,50.9495,2.0057,3.82226,3.94226,3.80842,3.92842,120.0,23.6,143.063,,684.992,,DISCHARGE,0.0,0,,SYNTHETIC,0
power-outage,0,467,2026-09-03T09:07:47Z,2026-09-03T09:07:48Z,2026-09-03T09:07:47Z,2026-09-03T09:07:48Z,site_b,SIM,synthetic_demo,B-WAN-1,UP,1000.0,64.133,65.07,0.0,21.04,0.5719,0.076,0,UP,4.0,0.0,6,6,62,-63.0,27.306,8.651,1,0,0,32,0,42.0,0.0,0,0,,,,,,,,,,,,,,,,,,,,,0.0,0,,SYNTHETIC,0
power-outage,0,468,2026-09-03T09:07:48Z,2026-09-03T09:07:49Z,2026-09-03T09:07:48Z,2026-09-03T09:07:49Z,site_a,SIM,synthetic_demo,A-WAN-1,UP,1000.0,90.6926,90.52,0.0,18.19,2.3674,12.175,0,UP,4.0,0.0,48,48,206,-61.4,17.755,5.28,0,2,0,7,0,123.0,0.0,0,0,BATTERY,BATTERY,0,1,81.31,92.0,51.1274,48.799,25.9586,3.82211,3.94211,3.643,3.763,120.0,23.5,1773.241,,55.263,OCP_DSG,DISCHARGE,0.15,0,,SYNTHETIC,0
power-outage,0,468,2026-09-03T09:07:48Z,2026-09-03T09:07:49Z,2026-09-03T09:07:48Z,2026-09-03T09:07:49Z,site_b,SIM,synthetic_demo,B-WAN-1,UP,1000.0,77.7995,77.61,0.0,22.69,1.6477,0.111,0,UP,4.0,0.0,6,6,41,-60.5,20.382,5.93,0,0,0,32,0,143.0,0.0,0,0,,,,,,,,,,,,,,,,,,,,,0.0,0,,SYNTHETIC,0
power-outage,0,469,2026-09-03T09:07:49Z,2026-09-03T09:07:50Z,2026-09-03T09:07:49Z,2026-09-03T09:07:50Z,site_a,SIM,synthetic_demo,A-WAN-1,UP,1000.0,101.3881,101.95,0.0,18.55,2.6223,12.159,0,UP,4.0,0.0,48,12,58,-61.4,19.742,5.526,0,2,0,7,0,95.0,0.0,0,0,BATTERY,LOAD_SHED,0,1,81.28,92.0,51.1273,50.944,2.0435,3.8221,3.9421,3.808,3.928,120.0,23.5,145.745,3,55.113,,DISCHARGE,0.15,0,,SYNTHETIC,0
power-outage,0,469,2026-09-03T09:07:49Z,2026-09-03T09:07:50Z,2026-09-03T09:07:49Z,2026-09-03T09:07:50Z,site_b,SIM,synthetic_demo,B-WAN-1,UP,1000.0,74.7612,74.97,0.0,21.34,0.3149,0.078,0,UP,4.0,0.0,6,6,47,-63.9,21.738,6.486,0,0,0,32,0,61.0,0.0,0,0,,,,,,,,,,,,,,,,,,,,,0.0,0,,SYNTHETIC,0
power-outage,0,470,2026-09-03T09:07:50Z,2026-09-03T09:07:51Z,2026-09-03T09:07:50Z,2026-09-03T09:07:51Z,site_a,SIM,synthetic_demo,A-WAN-1,UP,1000.0,118.943,119.19,0.0,16.28,0.8014,12.225,0,UP,4.0,0.0,48,12,53,-60.8,18.687,5.586,0,3,0,7,0,173.0,0.0,0,0,LOAD_SHED,LOAD_SHED,0,1,81.23,92.0,51.1271,50.9483,1.9929,3.82208,3.94208,3.80833,3.92833,120.0,23.6,142.146,3,55.223,,DISCHARGE,0.15,0,,SYNTHETIC,0
power-outage,0,470,2026-09-03T09:07:50Z,2026-09-03T09:07:51Z,2026-09-03T09:07:50Z,2026-09-03T09:07:51Z,site_b,SIM,synthetic_demo,B-WAN-1,UP,1000.0,68.8298,69.04,0.0,21.88,0.7345,0.117,0,UP,4.0,0.0,6,6,63,-62.0,23.84,8.345,0,0,0,32,0,72.0,0.0,0,0,,,,,,,,,,,,,,,,,,,,,0.0,0,,SYNTHETIC,0
power-outage,0,471,2026-09-03T09:07:51Z,2026-09-03T09:07:52Z,2026-09-03T09:07:51Z,2026-09-03T09:07:52Z,site_a,SIM,synthetic_demo,A-WAN-1,UP,1000.0,117.4658,116.61,0.0,18.09,3.0608,12.202,0,UP,4.0,0.0,48,12,44,-63.7,17.865,5.58,0,2,0,7,0,133.0,0.0,0,0,LOAD_SHED,LOAD_SHED,0,1,81.23,92.0,51.1269,50.9468,2.0086,3.82207,3.94207,3.80821,3.92821,120.0,23.5,143.261,3,55.188,,DISCHARGE,0.15,0,,SYNTHETIC,0
power-outage,0,471,2026-09-03T09:07:51Z,2026-09-03T09:07:52Z,2026-09-03T09:07:51Z,2026-09-03T09:07:52Z,site_b,SIM,synthetic_demo,B-WAN-1,UP,1000.0,65.8744,66.86,0.0,20.8,0.3639,0.095,0,UP,4.0,0.0,6,6,44,-62.9,22.653,7.113,0,0,0,32,0,51.0,0.0,0,0,,,,,,,,,,,,,,,,,,,,,0.0,0,,SYNTHETIC,0
power-outage,0,472,2026-09-03T09:07:52Z,2026-09-03T09:07:53Z,2026-09-03T09:07:52Z,2026-09-03T09:07:53Z,site_a,SIM,synthetic_demo,A-WAN-1,UP,1000.0,104.5125,103.87,0.0,17.89,1.6883,0.082,0,UP,4.0,0.0,48,12,53,-61.1,19.67,5.043,0,3,0,7,0,134.0,0.0,0,0,LOAD_SHED,LOAD_SHED,0,1,81.32,92.0,51.1268,50.9437,2.0409,3.82206,3.94206,3.80798,3.92798,120.0,23.6,145.559,3,55.116,,DISCHARGE,0.0,0,,SYNTHETIC,0
power-outage,0,472,2026-09-03T09:07:52Z,2026-09-03T09:07:53Z,2026-09-03T09:07:52Z,2026-09-03T09:07:53Z,site_b,SIM,synthetic_demo,B-WAN-1,UP,1000.0,64.8237,65.36,0.0,21.25,0.3908,0.103,0,UP,4.0,0.0,6,6,36,-62.8,20.524,6.13,0,0,0,32,0,73.0,0.0,0,0,,,,,,,,,,,,,,,,,,,,,0.0,0,,SYNTHETIC,0
power-outage,0,473,2026-09-03T09:07:53Z,2026-09-03T09:07:54Z,2026-09-03T09:07:53Z,2026-09-03T09:07:54Z,site_a,SIM,synthetic_demo,A-WAN-1,UP,1000.0,109.3822,109.49,0.0,15.94,0.268,0.074,0,UP,4.0,0.0,48,12,55,-61.6,17.921,5.456,0,3,0,7,0,122.0,0.0,0,0,LOAD_SHED,LOAD_SHED,0,1,81.26,92.0,51.1266,50.9502,1.967,3.82205,3.94205,3.80847,3.92847,120.0,23.6,140.305,3,55.278,,DISCHARGE,0.0,0,,SYNTHETIC,0
power-outage,0,473,2026-09-03T09:07:53Z,2026-09-03T09:07:54Z,2026-09-03T09:07:53Z,2026-09-03T09:07:54Z,site_b,SIM,synthetic_demo,B-WAN-1,UP,1000.0,73.3838,72.94,0.0,21.59,0.5027,0.126,0,UP,4.0,0.0,6,6,54,-60.1,24.685,6.902,0,0,0,32,0,70.0,0.0,0,0,,,,,,,,,,,,,,,,,,,,,0.0,0,,SYNTHETIC,0
power-outage,0,474,2026-09-03T09:07:54Z,2026-09-03T09:07:55Z,2026-09-03T09:07:54Z,2026-09-03T09:07:55Z,site_a,SIM,synthetic_demo,A-WAN-1,UP,1000.0,137.1839,135.87,0.0,16.85,0.5567,0.068,0,UP,4.0,0.0,48,12,27,-61.4,13.805,3.932,0,2,0,7,0,141.0,0.0,0,0,LOAD_SHED,LOAD_SHED,0,1,81.32,92.0,51.1264,50.9475,1.995,3.82203,3.94203,3.80827,3.92827,120.0,23.4,142.297,3,55.215,,DISCHARGE,0.0,0,,SYNTHETIC,0
power-outage,0,474,2026-09-03T09:07:54Z,2026-09-03T09:07:55Z,2026-09-03T09:07:54Z,2026-09-03T09:07:55Z,site_b,SIM,synthetic_demo,B-WAN-1,UP,1000.0,67.1747,67.8,0.0,23.85,2.8182,0.097,0,UP,4.0,0.0,6,6,20,-58.7,18.212,4.317,1,0,0,32,0,41.0,0.0,0,0,,,,,,,,,,,,,,,,,,,,,0.0,0,,SYNTHETIC,0
power-outage,0,475,2026-09-03T09:07:55Z,2026-09-03T09:07:56Z,2026-09-03T09:07:55Z,2026-09-03T09:07:56Z,site_a,SIM,synthetic_demo,A-WAN-1,UP,1000.0,131.6866,132.28,0.0,18.03,2.4627,0.066,0,UP,4.0,0.0,48,12,45,-61.6,17.018,5.067,0,2,0,7,0,138.0,0.0,0,0,LOAD_SHED,LOAD_SHED,0,1,81.31,92.0,51.1263,50.9391,2.0862,3.82202,3.94202,3.80762,3.92762,120.0,23.7,148.777,3,55.014,,DISCHARGE,0.0,0,,SYNTHETIC,0
power-outage,0,475,2026-09-03T09:07:55Z,2026-09-03T09:07:56Z,2026-09-03T09:07:55Z,2026-09-03T09:07:56Z,site_b,SIM,synthetic_demo,B-WAN-1,UP,1000.0,89.0119,89.68,0.0,23.33,2.035,0.118,0,UP,4.0,0.0,6,6,26,-61.8,17.239,5.078,0,1,0,32,0,41.0,0.0,0,0,,,,,,,,,,,,,,,,,,,,,0.0,0,,SYNTHETIC,0
power-outage,0,476,2026-09-03T09:07:56Z,2026-09-03T09:07:57Z,2026-09-03T09:07:56Z,2026-09-03T09:07:57Z,site_a,SIM,synthetic_demo,A-WAN-1,UP,1000.0,98.161,98.04,0.0,16.32,0.9596,0.083,0,UP,4.0,0.0,48,12,87,-62.3,21.381,6.659,1,3,0,7,0,150.0,0.0,0,0,LOAD_SHED,LOAD_SHED,0,1,81.23,92.0,51.1261,50.9432,2.0385,3.82201,3.94201,3.80794,3.92794,120.0,23.6,145.386,3,55.118,,DISCHARGE,0.0,0,,SYNTHETIC,0
power-outage,0,476,2026-09-03T09:07:56Z,2026-09-03T09:07:57Z,2026-09-03T09:07:56Z,2026-09-03T09:07:57Z,site_b,SIM,synthetic_demo,B-WAN-1,UP,1000.0,90.1595,90.24,0.0,23.22,1.8738,0.1,0,UP,4.0,0.0,6,6,66,-63.0,26.946,7.925,0,0,0,32,0,59.0,0.0,0,0,,,,,,,,,,,,,,,,,,,,,0.0,0,,SYNTHETIC,0
power-outage,0,477,2026-09-03T09:07:57Z,2026-09-03T09:07:58Z,2026-09-03T09:07:57Z,2026-09-03T09:07:58Z,site_a,SIM,synthetic_demo,A-WAN-1,UP,1000.0,121.7597,121.9,0.0,17.0,1.9159,0.085,0,UP,4.0,0.0,48,12,38,-62.6,17.341,4.757,0,2,0,7,0,163.0,0.0,0,0,LOAD_SHED,LOAD_SHED,0,1,81.25,92.0,51.1259,50.9418,2.0531,3.82199,3.94199,3.80783,3.92783,120.0,23.4,146.42,3,55.085,,DISCHARGE,0.0,0,,SYNTHETIC,0
power-outage,0,477,2026-09-03T09:07:57Z,2026-09-03T09:07:58Z,2026-09-03T09:07:57Z,2026-09-03T09:07:58Z,site_b,SIM,synthetic_demo,B-WAN-1,UP,1000.0,63.3563,62.58,0.0,22.94,1.2927,0.107,0,UP,4.0,0.0,6,6,19,-61.7,16.106,4.815,0,0,0,32,0,52.0,0.0,0,0,,,,,,,,,,,,,,,,,,,,,0.0,0,,SYNTHETIC,0
power-outage,0,478,2026-09-03T09:07:58Z,2026-09-03T09:07:59Z,2026-09-03T09:07:58Z,2026-09-03T09:07:59Z,site_a,SIM,synthetic_demo,A-WAN-1,UP,1000.0,110.8278,111.62,0.0,15.97,0.1318,0.099,0,UP,4.0,0.0,48,12,83,-62.7,22.949,6.408,0,2,0,7,0,111.0,0.0,0,0,LOAD_SHED,LOAD_SHED,0,1,81.32,92.0,51.1257,50.9483,1.9781,3.82198,3.94198,3.80833,3.92833,120.0,23.6,141.09,3,55.249,,DISCHARGE,0.0,0,,SYNTHETIC,0
power-outage,0,478,2026-09-03T09:07:58Z,2026-09-03T09:07:59Z,2026-09-03T09:07:58Z,2026-09-03T09:07:59Z,site_b,SIM,synthetic_demo,B-WAN-1,UP,1000.0,62.0413,61.85,0.0,22.53,1.1242,0.08,0,UP,4.0,0.0,6,6,32,-61.4,18.99,5.855,0,0,0,32,0,50.0,0.0,0,0,,,,,,,,,,,,,,,,,,,,,0.0,0,,SYNTHETIC,0
power-outage,0,479,2026-09-03T09:07:59Z,2026-09-03T09:08:00Z,2026-09-03T09:07:59Z,2026-09-03T09:08:00Z,site_a,SIM,synthetic_demo,A-WAN-1,UP,1000.0,150.6137,150.5,0.0,15.63,0.2798,0.069,0,UP,4.0,0.0,48,12,74,,19.751,6.43,0,2,0,7,0,98.0,0.0,0,0,LOAD_SHED,LOAD_SHED,0,1,81.23,92.0,51.1256,50.9494,1.9639,3.82197,3.94197,3.80842,3.92842,120.0,23.5,140.083,3,55.28,,DISCHARGE,0.0,0,,SYNTHETIC|GAP|MISSING_MAR,0
power-outage,0,479,2026-09-03T09:07:59Z,2026-09-03T09:08:00Z,2026-09-03T09:07:59Z,2026-09-03T09:08:00Z,site_b,SIM,synthetic_demo,B-WAN-1,UP,1000.0,79.8798,80.69,0.0,22.03,1.3149,0.062,0,UP,4.0,0.0,6,6,36,-62.9,19.602,6.321,0,0,0,32,0,53.0,0.0,0,0,,,,,,,,,,,,,,,,,,,,,0.0,0,,SYNTHETIC,0
power-outage,0,480,2026-09-03T09:08:00Z,2026-09-03T09:08:01Z,2026-09-03T09:08:00Z,2026-09-03T09:08:01Z,site_a,SIM,synthetic_demo,A-WAN-1,UP,1000.0,104.7045,103.82,0.0,17.81,1.4256,0.064,0,UP,4.0,0.0,48,12,61,-61.1,18.668,5.261,0,3,0,7,0,163.0,0.0,0,0,LOAD_SHED,LOAD_SHED,0,1,,92.0,51.1254,50.9473,1.9852,3.82195,3.94195,3.80826,3.92826,120.0,23.4,141.594,3,55.232,,DISCHARGE,0.0,0,,SYNTHETIC|GAP|MISSING_MCAR,0
power-outage,0,480,2026-09-03T09:08:00Z,2026-09-03T09:08:01Z,2026-09-03T09:08:00Z,2026-09-03T09:08:01Z,site_b,SIM,synthetic_demo,B-WAN-1,UP,1000.0,69.1263,69.12,0.0,24.05,3.2935,0.117,0,UP,4.0,0.0,6,6,67,-62.9,25.858,9.233,0,0,0,32,0,41.0,0.0,0,0,,,,,,,,,,,,,,,,,,,,,0.0,0,,SYNTHETIC,0
power-outage,0,481,2026-09-03T09:08:01Z,2026-09-03T09:08:02Z,2026-09-03T09:08:01Z,2026-09-03T09:08:02Z,site_a,SIM,synthetic_demo,A-WAN-1,UP,1000.0,105.1119,105.65,0.0,15.97,0.1293,0.083,0,UP,4.0,0.0,48,12,92,-63.1,23.129,7.279,0,2,0,7,0,202.0,0.0,0,0,LOAD_SHED,LOAD_SHED,0,1,81.28,92.0,51.1252,50.9475,1.9815,3.82194,3.94194,3.80827,3.92827,120.0,23.5,141.332,3,55.239,,DISCHARGE,0.0,0,,SYNTHETIC,0
power-outage,0,481,2026-09-03T09:08:01Z,2026-09-03T09:08:02Z,2026-09-03T09:08:01Z,2026-09-03T09:08:02Z,site_b,SIM,synthetic_demo,B-WAN-1,UP,1000.0,69.8143,69.22,0.0,21.91,0.6553,0.109,0,UP,4.0,0.0,6,6,19,-61.1,14.701,4.574,1,0,0,32,0,47.0,0.0,0,0,,,,,,,,,,,,,,,,,,,,,0.0,0,,SYNTHETIC,0
power-outage,0,482,2026-09-03T09:08:02Z,2026-09-03T09:08:03Z,2026-09-03T09:08:02Z,2026-09-03T09:08:03Z,site_a,SIM,synthetic_demo,A-WAN-1,UP,1000.0,111.3356,110.68,0.0,17.23,1.3419,0.081,0,UP,4.0,0.0,48,12,51,-61.6,17.884,5.337,0,2,0,7,0,128.0,0.0,0,0,LOAD_SHED,LOAD_SHED,0,1,81.23,92.0,51.1251,50.9486,1.9676,3.82193,3.94193,3.80835,3.92835,120.0,23.4,140.345,3,55.269,,DISCHARGE,0.0,0,,SYNTHETIC,0
power-outage,0,482,2026-09-03T09:08:02Z,2026-09-03T09:08:03Z,2026-09-03T09:08:02Z,2026-09-03T09:08:03Z,site_b,SIM,synthetic_demo,B-WAN-1,UP,1000.0,58.8196,59.96,0.0,23.61,2.4124,0.107,0,UP,4.0,0.0,6,6,21,-62.1,16.389,4.418,0,0,0,32,0,44.0,0.0,0,0,,,,,,,,,,,,,,,,,,,,,0.0,0,,SYNTHETIC,0
power-outage,0,483,2026-09-03T09:08:03Z,2026-09-03T09:08:04Z,2026-09-03T09:08:03Z,2026-09-03T09:08:04Z,site_a,SIM,synthetic_demo,A-WAN-1,UP,1000.0,108.8328,108.17,0.0,16.13,0.5031,0.117,0,UP,4.0,0.0,48,12,48,-62.0,17.948,5.343,0,3,0,7,0,127.0,0.0,0,0,LOAD_SHED,LOAD_SHED,0,1,81.26,92.0,51.1249,50.9423,2.0361,3.82192,3.94192,3.80787,3.92787,120.0,23.6,145.212,3,55.117,,DISCHARGE,0.0,0,,SYNTHETIC,0
power-outage,0,483,2026-09-03T09:08:03Z,2026-09-03T09:08:04Z,2026-09-03T09:08:03Z,2026-09-03T09:08:04Z,site_b,SIM,synthetic_demo,B-WAN-1,UP,1000.0,77.8651,78.0,0.0,22.91,1.7366,0.094,0,UP,4.0,0.0,6,6,47,-64.2,23.368,7.977,0,0,0,32,0,49.0,0.0,0,0,,,,,,,,,,,,,,,,,,,,,0.0,0,,SYNTHETIC,0
power-outage,0,484,2026-09-03T09:08:04Z,2026-09-03T09:08:05Z,2026-09-03T09:08:04Z,2026-09-03T09:08:05Z,site_a,SIM,synthetic_demo,A-WAN-1,UP,1000.0,107.4361,107.46,0.0,16.48,0.1085,0.079,0,UP,4.0,0.0,48,48,215,-61.9,18.863,5.404,0,2,0,7,0,99.0,0.0,0,0,LOAD_SHED,BATTERY,0,1,81.22,92.0,51.1247,50.9421,2.0364,3.8219,3.9419,3.80785,3.92785,120.0,23.5,145.231,,674.462,,DISCHARGE,0.0,0,,SYNTHETIC,0
power-outage,0,484,2026-09-03T09:08:04Z,2026-09-03T09:08:05Z,2026-09-03T09:08:04Z,2026-09-03T09:08:05Z,site_b,SIM,synthetic_demo,B-WAN-1,UP,1000.0,58.7466,59.75,0.0,22.45,1.7854,0.079,0,UP,4.0,0.0,6,6,53,-61.2,24.343,7.089,0,1,0,32,0,40.0,0.0,0,0,,,,,,,,,,,,,,,,,,,,,0.0,0,,SYNTHETIC,0
power-outage,0,485,2026-09-03T09:08:05Z,2026-09-03T09:08:06Z,2026-09-03T09:08:05Z,2026-09-03T09:08:06Z,site_a,SIM,synthetic_demo,A-WAN-1,UP,1000.0,117.4818,118.28,0.0,17.13,0.9836,0.081,0,UP,4.0,0.0,48,48,278,-61.6,20.206,6.091,1,4,0,7,0,90.0,0.0,0,0,BATTERY,BATTERY,0,1,81.32,92.0,51.1228,48.7929,25.9741,3.82175,3.94175,3.64253,3.76253,120.0,23.6,1774.078,,55.212,OCP_DSG,DISCHARGE,0.0,0,,SYNTHETIC,0
power-outage,0,485,2026-09-03T09:08:05Z,2026-09-03T09:08:06Z,2026-09-03T09:08:05Z,2026-09-03T09:08:06Z,site_b,SIM,synthetic_demo,B-WAN-1,UP,1000.0,113.2456,112.69,0.0,21.85,0.497,0.089,0,UP,4.0,0.0,6,6,28,-64.0,17.653,5.234,0,0,0,32,0,61.0,0.0,0,0,,,,,,,,,,,,,,,,,,,,,0.0,0,,SYNTHETIC,0
power-outage,0,486,2026-09-03T09:08:06Z,2026-09-03T09:08:07Z,2026-09-03T09:08:06Z,2026-09-03T09:08:07Z,site_a,SIM,synthetic_demo,A-WAN-1,UP,1000.0,107.4161,108.21,0.0,18.13,1.4066,0.033,0,UP,4.0,0.0,48,12,41,-62.1,17.017,4.815,0,4,0,7,0,126.0,0.0,0,0,BATTERY,LOAD_SHED,0,1,81.27,92.0,51.1226,50.944,1.9914,3.82174,3.94174,3.808,3.928,120.0,23.5,142.026,3,55.203,,DISCHARGE,0.0,0,,SYNTHETIC,0
power-outage,0,486,2026-09-03T09:08:06Z,2026-09-03T09:08:07Z,2026-09-03T09:08:06Z,2026-09-03T09:08:07Z,site_b,SIM,synthetic_demo,B-WAN-1,UP,1000.0,61.8431,61.76,0.0,21.91,0.947,0.1,0,UP,4.0,0.0,6,6,42,-63.3,20.463,6.017,0,0,0,32,0,54.0,0.0,0,0,,,,,,,,,,,,,,,,,,,,,0.0,0,,SYNTHETIC,0
power-outage,0,487,2026-09-03T09:08:07Z,2026-09-03T09:08:08Z,2026-09-03T09:08:07Z,2026-09-03T09:08:08Z,site_a,SIM,synthetic_demo,A-WAN-1,UP,1000.0,121.451,120.57,0.0,18.2,1.1184,0.091,0,UP,4.0,0.0,48,12,86,-61.2,21.96,6.355,0,3,0,7,0,208.0,0.0,0,0,LOAD_SHED,LOAD_SHED,0,1,81.16,92.0,51.1224,50.9393,2.042,3.82173,3.94173,3.80764,3.92764,120.0,23.5,145.624,3,55.091,,DISCHARGE,0.0,0,,SYNTHETIC,0
power-outage,0,487,2026-09-03T09:08:07Z,2026-09-03T09:08:08Z,2026-09-03T09:08:07Z,2026-09-03T09:08:08Z,site_b,SIM,synthetic_demo,B-WAN-1,UP,1000.0,65.79,66.06,0.0,21.87,0.4347,0.104,0,UP,4.0,0.0,6,6,53,-62.3,24.427,7.358,0,0,0,32,0,53.0,0.0,0,0,,,,,,,,,,,,,,,,,,,,,0.0,0,,SYNTHETIC,0
power-outage,0,488,2026-09-03T09:08:08Z,2026-09-03T09:08:09Z,2026-09-03T09:08:08Z,2026-09-03T09:08:09Z,site_a,SIM,synthetic_demo,A-WAN-1,UP,1000.0,110.3078,109.96,0.0,16.14,0.1832,0.089,0,UP,4.0,0.0,48,12,57,-61.6,18.783,5.964,0,3,0,7,0,166.0,0.0,0,0,LOAD_SHED,LOAD_SHED,0,1,81.26,92.0,51.1223,50.9452,1.974,3.82171,3.94171,3.80809,3.92809,120.0,23.6,140.788,3,55.24,,DISCHARGE,0.0,0,,SYNTHETIC,0
power-outage,0,488,2026-09-03T09:08:08Z,2026-09-03T09:08:09Z,2026-09-03T09:08:08Z,2026-09-03T09:08:09Z,site_b,SIM,synthetic_demo,B-WAN-1,UP,1000.0,66.0883,65.73,0.0,22.06,0.7713,0.108,0,UP,4.0,0.0,6,6,43,-61.4,19.725,6.533,0,1,0,32,0,51.0,0.0,0,0,,,,,,,,,,,,,,,,,,,,,0.0,0,,SYNTHETIC,0
power-outage,0,489,2026-09-03T09:08:09Z,2026-09-03T09:08:10Z,2026-09-03T09:08:09Z,2026-09-03T09:08:10Z,site_a,SIM,synthetic_demo,A-WAN-1,UP,1000.0,137.5439,136.34,0.0,17.64,2.4779,0.059,0,UP,4.0,0.0,48,12,61,-61.1,18.198,5.716,1,3,0,7,0,154.0,0.0,0,0,LOAD_SHED,LOAD_SHED,0,1,81.25,92.0,51.1221,50.9447,1.9779,3.8217,3.9417,3.80805,3.92805,120.0,23.5,141.067,3,55.23,,DISCHARGE,0.0,0,,SYNTHETIC,0
power-outage,0,489,2026-09-03T09:08:09Z,2026-09-03T09:08:10Z,2026-09-03T09:08:09Z,2026-09-03T09:08:10Z,site_b,SIM,synthetic_demo,B-WAN-1,UP,1000.0,62.9432,63.09,0.0,21.28,0.2249,0.102,0,UP,4.0,0.0,6,6,38,-59.8,20.325,5.859,0,0,0,32,0,75.0,0.0,0,0,,,,,,,,,,,,,,,,,,,,,0.0,0,,SYNTHETIC,0
power-outage,0,490,2026-09-03T09:08:10Z,2026-09-03T09:08:11Z,2026-09-03T09:08:10Z,2026-09-03T09:08:11Z,site_a,SIM,synthetic_demo,A-WAN-1,UP,1000.0,123.8064,123.29,0.0,18.02,2.4319,0.087,0,UP,4.0,0.0,48,12,88,-61.9,21.029,6.971,0,4,0,7,0,125.0,0.0,0,0,LOAD_SHED,LOAD_SHED,0,1,81.21,92.0,51.1219,50.9417,2.0088,3.82169,3.94169,3.80783,3.92783,120.0,23.6,143.265,3,55.161,,DISCHARGE,0.0,0,,SYNTHETIC,0
power-outage,0,490,2026-09-03T09:08:10Z,2026-09-03T09:08:11Z,2026-09-03T09:08:10Z,2026-09-03T09:08:11Z,site_b,SIM,synthetic_demo,B-WAN-1,UP,1000.0,62.5523,63.22,0.0,24.1,3.2541,0.096,0,UP,4.0,0.0,6,6,23,-62.0,16.05,4.506,0,0,0,32,0,70.0,0.0,0,0,,,,,,,,,,,,,,,,,,,,,0.0,0,,SYNTHETIC,0
power-outage,0,491,2026-09-03T09:08:11Z,2026-09-03T09:08:12Z,2026-09-03T09:08:11Z,2026-09-03T09:08:12Z,site_a,SIM,synthetic_demo,A-WAN-1,UP,1000.0,133.2475,133.23,0.0,16.09,0.2147,0.068,0,UP,4.0,0.0,48,12,67,-63.6,19.785,6.12,1,4,0,7,0,211.0,0.0,0,0,LOAD_SHED,LOAD_SHED,0,1,81.26,92.0,51.1218,50.943,1.9929,3.82167,3.94167,3.80792,3.92792,120.0,23.5,142.132,3,55.196,,DISCHARGE,0.0,0,,SYNTHETIC,0
power-outage,0,491,2026-09-03T09:08:11Z,2026-09-03T09:08:12Z,2026-09-03T09:08:11Z,2026-09-03T09:08:12Z,site_b,SIM,synthetic_demo,B-WAN-1,UP,1000.0,74.1599,73.95,0.0,21.92,0.4751,0.122,0,UP,4.0,0.0,6,6,29,-62.6,20.522,5.726,0,0,0,32,0,62.0,0.0,0,0,,,,,,,,,,,,,,,,,,,,,0.0,0,,SYNTHETIC,0
power-outage,0,492,2026-09-03T09:08:12Z,2026-09-03T09:08:13Z,2026-09-03T09:08:12Z,2026-09-03T09:08:13Z,site_a,SIM,synthetic_demo,A-WAN-1,UP,1000.0,140.7654,141.29,0.0,16.56,0.679,0.073,0,UP,4.0,0.0,48,12,58,-62.7,20.265,6.063,1,4,0,7,0,131.0,0.0,0,0,LOAD_SHED,LOAD_SHED,0,1,81.21,92.0,51.1216,50.9374,2.0538,3.82166,3.94166,3.80749,3.92749,120.0,23.6,146.462,3,55.06,,DISCHARGE,0.0,0,,SYNTHETIC,0
power-outage,0,492,2026-09-03T09:08:12Z,2026-09-03T09:08:13Z,2026-09-03T09:08:12Z,2026-09-03T09:08:13Z,site_b,SIM,synthetic_demo,B-WAN-1,UP,1000.0,75.55,75.26,0.0,23.3,1.9761,0.128,0,UP,4.0,0.0,6,6,32,-61.2,20.09,5.76,0,0,0,32,0,39.0,0.0,0,0,,,,,,,,,,,,,,,,,,,,,0.0,0,,SYNTHETIC,0
power-outage,0,493,2026-09-03T09:08:13Z,2026-09-03T09:08:14Z,2026-09-03T09:08:13Z,2026-09-03T09:08:14Z,site_a,SIM,synthetic_demo,A-WAN-1,UP,1000.0,135.4676,136.51,0.0,15.77,0.2518,0.102,0,UP,4.0,0.0,48,12,85,-61.5,21.808,6.742,0,3,0,7,0,143.0,0.0,0,0,LOAD_SHED,LOAD_SHED,0,1,81.25,92.0,51.1214,50.9379,2.0456,3.82165,3.94165,3.80753,3.92753,120.0,23.5,145.878,3,55.078,,DISCHARGE,0.0,0,,SYNTHETIC,0
power-outage,0,493,2026-09-03T09:08:13Z,2026-09-03T09:08:14Z,2026-09-03T09:08:13Z,2026-09-03T09:08:14Z,site_b,SIM,synthetic_demo,B-WAN-1,UP,1000.0,144.7102,144.74,0.0,26.16,4.4743,0.108,0,UP,4.0,0.0,6,6,39,-64.4,23.88,6.789,1,0,0,32,0,67.0,0.0,0,0,,,,,,,,,,,,,,,,,,,,,0.0,0,,SYNTHETIC,0
power-outage,0,494,2026-09-03T09:08:14Z,2026-09-03T09:08:15Z,2026-09-03T09:08:14Z,2026-09-03T09:08:15Z,site_a,SIM,synthetic_demo,A-WAN-1,UP,1000.0,131.7525,132.44,0.0,17.09,0.6635,0.102,0,UP,4.0,0.0,48,12,51,-62.9,18.668,5.322,0,4,0,7,0,145.0,0.0,0,0,LOAD_SHED,LOAD_SHED,0,1,81.09,92.0,51.1213,50.9448,1.9667,3.82164,3.94164,3.80807,3.92807,120.0,23.5,140.269,3,55.251,,DISCHARGE,0.0,0,,SYNTHETIC,0
power-outage,0,494,2026-09-03T09:08:14Z,2026-09-03T09:08:15Z,2026-09-03T09:08:14Z,2026-09-03T09:08:15Z,site_b,SIM,synthetic_demo,B-WAN-1,UP,1000.0,90.2029,89.92,0.0,23.36,2.5687,0.112,0,UP,4.0,0.0,6,6,41,-61.5,21.725,6.1,0,0,0,32,0,59.0,0.0,0,0,,,,,,,,,,,,,,,,,,,,,0.0,0,,SYNTHETIC,0
power-outage,0,495,2026-09-03T09:08:15Z,2026-09-03T09:08:16Z,2026-09-03T09:08:15Z,2026-09-03T09:08:16Z,site_a,SIM,synthetic_demo,A-WAN-1,UP,1000.0,115.3301,115.05,0.0,18.98,3.185,0.065,0,UP,4.0,0.0,48,12,31,-62.5,14.656,4.801,0,4,0,7,0,113.0,0.0,0,0,LOAD_SHED,LOAD_SHED,0,1,81.26,92.0,51.1211,50.9437,1.9779,3.82162,3.94162,3.80798,3.92798,120.0,23.7,141.067,3,55.225,,DISCHARGE,0.0,0,,SYNTHETIC,0
power-outage,0,495,2026-09-03T09:08:15Z,2026-09-03T09:08:16Z,2026-09-03T09:08:15Z,2026-09-03T09:08:16Z,site_b,SIM,synthetic_demo,B-WAN-1,UP,1000.0,73.4192,73.75,0.0,24.88,3.8305,0.088,0,UP,4.0,0.0,6,6,39,-61.7,22.217,5.958,0,0,0,32,0,30.0,0.0,0,0,,,,,,,,,,,,,,,,,,,,,0.0,0,,SYNTHETIC,0
power-outage,0,496,2026-09-03T09:08:16Z,2026-09-03T09:08:17Z,2026-09-03T09:08:16Z,2026-09-03T09:08:17Z,site_a,SIM,synthetic_demo,A-WAN-1,UP,1000.0,135.3869,134.44,0.0,16.58,0.5963,0.098,0,UP,4.0,0.0,48,12,86,-62.9,21.432,6.855,0,4,0,7,0,123.0,0.0,0,0,LOAD_SHED,LOAD_SHED,0,1,81.17,92.0,51.1209,50.9379,2.0399,3.82161,3.94161,3.80753,3.92753,120.0,23.6,145.472,3,55.088,,DISCHARGE,0.0,0,,SYNTHETIC,0
power-outage,0,496,2026-09-03T09:08:16Z,2026-09-03T09:08:17Z,2026-09-03T09:08:16Z,2026-09-03T09:08:17Z,site_b,SIM,synthetic_demo,B-WAN-1,UP,1000.0,89.6078,89.06,0.0,21.4,0.1711,0.1,0,UP,4.0,0.0,6,6,28,-63.8,19.162,6.302,0,1,0,32,0,69.0,0.0,0,0,,,,,,,,,,,,,,,,,,,,,0.0,0,,SYNTHETIC,0
power-outage,0,497,2026-09-03T09:08:17Z,2026-09-03T09:08:18Z,2026-09-03T09:08:17Z,2026-09-03T09:08:18Z,site_a,SIM,synthetic_demo,A-WAN-1,UP,1000.0,223.3134,223.78,0.0,17.92,1.7355,0.048,0,UP,4.0,0.0,48,12,28,-61.2,14.461,4.464,0,3,0,7,0,162.0,0.0,0,0,LOAD_SHED,LOAD_SHED,0,1,81.23,92.0,51.1208,50.9401,2.0144,3.8216,3.9416,3.8077,3.9277,120.0,23.6,143.661,3,55.143,,DISCHARGE,0.0,0,,SYNTHETIC,0
power-outage,0,497,2026-09-03T09:08:17Z,2026-09-03T09:08:18Z,2026-09-03T09:08:17Z,2026-09-03T09:08:18Z,site_b,SIM,synthetic_demo,B-WAN-1,UP,1000.0,78.4245,77.38,0.0,22.92,1.3425,0.136,0,UP,4.0,0.0,6,6,59,-64.0,24.219,7.371,0,0,0,32,0,67.0,0.0,0,0,,,,,,,,,,,,,,,,,,,,,0.0,0,,SYNTHETIC,0
power-outage,0,498,2026-09-03T09:08:18Z,2026-09-03T09:08:19Z,2026-09-03T09:08:18Z,2026-09-03T09:08:19Z,site_a,SIM,synthetic_demo,A-WAN-1,UP,1000.0,117.0803,117.08,0.0,15.67,0.0199,0.086,0,UP,4.0,0.0,48,12,46,-63.0,17.799,5.591,1,4,0,7,0,153.0,0.0,0,0,LOAD_SHED,LOAD_SHED,0,1,81.3,92.0,51.1206,50.9422,1.9883,3.82158,3.94158,3.80786,3.92786,120.0,23.6,141.799,3,55.2,,DISCHARGE,0.0,0,,SYNTHETIC,0
power-outage,0,498,2026-09-03T09:08:18Z,2026-09-03T09:08:19Z,2026-09-03T09:08:18Z,2026-09-03T09:08:19Z,site_b,SIM,synthetic_demo,B-WAN-1,UP,1000.0,85.8166,85.93,0.0,22.85,2.0455,0.082,0,UP,4.0,0.0,6,6,32,-61.8,17.768,5.623,0,0,0,32,0,49.0,0.0,0,0,,,,,,,,,,,,,,,,,,,,,0.0,0,,SYNTHETIC,0
power-outage,0,499,2026-09-03T09:08:19Z,2026-09-03T09:08:20Z,2026-09-03T09:08:19Z,2026-09-03T09:08:20Z,site_a,SIM,synthetic_demo,A-WAN-1,UP,1000.0,236.0793,236.61,0.0,18.97,2.1995,0.076,0,UP,4.0,0.0,48,12,44,-62.8,16.706,5.455,1,3,0,7,0,116.0,0.0,0,0,LOAD_SHED,LOAD_SHED,0,1,81.13,92.0,51.1204,50.9402,2.0093,3.82157,3.94157,3.80771,3.92771,120.0,23.6,143.291,3,55.153,,DISCHARGE,0.0,0,,SYNTHETIC,0
power-outage,0,499,2026-09-03T09:08:19Z,2026-09-03T09:08:20Z,2026-09-03T09:08:19Z,2026-09-03T09:08:20Z,site_b,SIM,synthetic_demo,B-WAN-1,UP,1000.0,123.1583,122.72,0.0,22.9,1.6107,0.136,0,UP,4.0,0.0,6,6,67,-58.3,26.705,7.684,0,0,0,32,0,69.0,0.0,0,0,,,,,,,,,,,,,,,,,,,,,0.0,0,,SYNTHETIC,0
power-outage,0,500,2026-09-03T09:08:20Z,2026-09-03T09:08:21Z,2026-09-03T09:08:20Z,2026-09-03T09:08:21Z,site_a,SIM,synthetic_demo,A-WAN-1,UP,1000.0,142.8331,143.7,0.0,15.57,0.1828,0.088,0,UP,4.0,0.0,48,12,58,-59.1,17.532,5.183,0,3,0,7,0,102.0,0.0,0,0,LOAD_SHED,LOAD_SHED,0,1,81.27,92.0,51.1203,50.941,1.9985,3.82156,3.94156,3.80777,3.92777,120.0,23.6,142.526,3,55.175,,DISCHARGE,0.0,0,,SYNTHETIC,0
power-outage,0,500,2026-09-03T09:08:20Z,2026-09-03T09:08:21Z,2026-09-03T09:08:20Z,2026-09-03T09:08:21Z,site_b,SIM,synthetic_demo,B-WAN-1,UP,1000.0,92.0074,90.93,0.0,21.91,0.5872,0.094,0,UP,4.0,0.0,6,6,53,-64.0,24.906,7.131,0,0,0,32,0,95.0,0.0,0,0,,,,,,,,,,,,,,,,,,,,,0.0,0,,SYNTHETIC,0
power-outage,0,501,2026-09-03T09:08:21Z,2026-09-03T09:08:22Z,2026-09-03T09:08:21Z,2026-09-03T09:08:22Z,site_a,SIM,synthetic_demo,A-WAN-1,UP,1000.0,119.233,120.65,0.0,17.03,0.9058,0.103,0,UP,4.0,0.0,48,48,109,-62.5,14.802,4.367,2,3,0,7,0,188.0,0.0,0,0,LOAD_SHED,BATTERY,0,1,81.19,92.0,51.1201,50.9423,1.9823,3.82154,3.94154,3.80787,3.92787,120.0,23.6,141.372,,692.559,,DISCHARGE,0.0,0,,SYNTHETIC,0
power-outage,0,501,2026-09-03T09:08:21Z,2026-09-03T09:08:22Z,2026-09-03T09:08:21Z,2026-09-03T09:08:22Z,site_b,SIM,synthetic_demo,B-WAN-1,UP,1000.0,88.2417,88.24,0.0,21.17,0.5524,0.113,0,UP,4.0,0.0,6,6,89,-61.9,33.096,9.849,0,1,0,32,0,40.0,0.0,0,0,,,,,,,,,,,,,,,,,,,,,0.0,0,,SYNTHETIC,0
power-outage,0,502,2026-09-03T09:08:22Z,2026-09-03T09:08:23Z,2026-09-03T09:08:22Z,2026-09-03T09:08:23Z,site_a,SIM,synthetic_demo,A-WAN-1,UP,1000.0,105.5865,105.67,0.0,18.02,2.0009,0.047,0,UP,4.0,0.0,48,48,191,-62.0,17.003,5.282,1,0,0,7,0,102.0,0.0,0,0,BATTERY,BATTERY,0,1,81.13,92.0,51.1181,48.7896,25.9588,3.82139,3.94139,3.64228,3.76228,120.0,23.5,1772.919,,55.224,OCP_DSG,DISCHARGE,0.0,0,,SYNTHETIC,0
power-outage,0,502,2026-09-03T09:08:22Z,2026-09-03T09:08:23Z,2026-09-03T09:08:22Z,2026-09-03T09:08:23Z,site_b,SIM,synthetic_demo,B-WAN-1,UP,1000.0,78.0282,77.56,0.0,21.59,0.3607,0.111,0,UP,4.0,0.0,6,6,11,-62.4,13.181,4.226,0,0,0,32,0,33.0,0.0,0,0,,,,,,,,,,,,,,,,,,,,,0.0,0,,SYNTHETIC,0
power-outage,0,503,2026-09-03T09:08:23Z,2026-09-03T09:08:24Z,2026-09-03T09:08:23Z,2026-09-03T09:08:24Z,site_a,SIM,synthetic_demo,A-WAN-1,UP,1000.0,157.8091,157.37,0.0,16.75,0.5805,0.093,0,UP,4.0,0.0,48,12,63,-62.0,21.092,5.816,1,1,0,7,0,153.0,0.0,0,0,BATTERY,LOAD_SHED,0,1,81.14,92.0,51.118,50.941,1.9726,3.82138,3.94138,3.80777,3.92777,120.0,23.5,140.678,3,55.22,,DISCHARGE,0.0,0,,SYNTHETIC,0
power-outage,0,503,2026-09-03T09:08:23Z,2026-09-03T09:08:24Z,2026-09-03T09:08:23Z,2026-09-03T09:08:24Z,site_b,SIM,synthetic_demo,B-WAN-1,UP,1000.0,118.3716,118.51,0.0,24.46,3.3454,0.147,0,UP,4.0,0.0,6,6,67,-60.2,28.035,8.373,1,0,0,32,0,98.0,0.0,0,0,,,,,,,,,,,,,,,,,,,,,0.0,0,,SYNTHETIC,0
power-outage,0,504,2026-09-03T09:08:24Z,2026-09-03T09:08:25Z,2026-09-03T09:08:24Z,2026-09-03T09:08:25Z,site_a,SIM,synthetic_demo,A-WAN-1,UP,1000.0,150.2118,150.74,0.0,17.41,1.6355,0.073,0,UP,4.0,0.0,48,12,88,-63.2,22.1,7.307,1,0,0,7,0,164.0,0.0,0,0,LOAD_SHED,LOAD_SHED,0,1,81.2,92.0,51.1178,50.9368,2.0182,3.82137,3.94137,3.80744,3.92744,120.0,,143.921,3,55.119,,DISCHARGE,0.0,0,,SYNTHETIC|GAP|MISSING_MAR,0
power-outage,0,504,2026-09-03T09:08:24Z,2026-09-03T09:08:25Z,2026-09-03T09:08:24Z,2026-09-03T09:08:25Z,site_b,SIM,synthetic_demo,B-WAN-1,UP,1000.0,84.4423,85.39,0.0,21.6,0.3267,0.08,0,UP,4.0,0.0,6,6,53,-61.1,23.356,7.111,0,0,0,32,0,63.0,0.0,0,0,,,,,,,,,,,,,,,,,,,,,0.0,0,,SYNTHETIC,0
power-outage,0,505,2026-09-03T09:08:25Z,2026-09-03T09:08:26Z,2026-09-03T09:08:25Z,2026-09-03T09:08:26Z,site_a,SIM,synthetic_demo,A-WAN-1,UP,1000.0,130.239,129.98,0.0,18.44,3.28,0.094,0,UP,4.0,0.0,48,12,55,-60.6,19.196,5.163,1,1,0,7,0,155.0,0.0,0,0,LOAD_SHED,LOAD_SHED,0,1,81.2,92.0,51.1176,50.94,1.9806,3.82136,3.94136,3.80769,3.92769,120.0,23.6,141.244,3,55.201,,DISCHARGE,0.0,0,,SYNTHETIC,0
power-outage,0,505,2026-09-03T09:08:25Z,2026-09-03T09:08:26Z,2026-09-03T09:08:25Z,2026-09-03T09:08:26Z,site_b,SIM,synthetic_demo,B-WAN-1,UP,1000.0,85.2868,84.85,0.0,25.04,3.5718,0.121,0,UP,4.0,0.0,6,6,19,-60.2,15.358,4.368,0,1,0,32,0,64.0,0.0,0,0,,,,,,,,,,,,,,,,,,,,,0.0,0,,SYNTHETIC,0
power-outage,0,506,2026-09-03T09:08:26Z,2026-09-03T09:08:27Z,2026-09-03T09:08:26Z,2026-09-03T09:08:27Z,site_a,SIM,synthetic_demo,A-WAN-1,UP,1000.0,105.7472,105.19,0.0,16.67,0.7973,0.072,0,UP,4.0,0.0,48,12,20,-64.4,14.383,4.388,0,1,0,7,0,160.0,0.0,0,0,LOAD_SHED,LOAD_SHED,0,1,81.17,92.0,51.1175,50.9393,1.9863,3.82134,3.94134,3.80764,3.92764,120.0,23.6,141.654,3,55.187,,DISCHARGE,0.0,0,,SYNTHETIC,0
power-outage,0,506,2026-09-03T09:08:26Z,2026-09-03T09:08:27Z,2026-09-03T09:08:26Z,2026-09-03T09:08:27Z,site_b,SIM,synthetic_demo,B-WAN-1,UP,1000.0,81.5622,82.9,0.0,23.21,1.908,0.118,0,UP,4.0,0.0,6,6,31,-63.0,17.056,6.266,0,0,0,32,0,82.0,0.0,0,0,,,,,,,,,,,,,,,,,,,,,0.0,0,,SYNTHETIC,0
power-outage,0,507,2026-09-03T09:08:27Z,2026-09-03T09:08:28Z,2026-09-03T09:08:27Z,2026-09-03T09:08:28Z,site_a,SIM,synthetic_demo,A-WAN-1,UP,1000.0,118.3905,117.19,0.0,17.75,1.4141,0.084,0,UP,4.0,0.0,48,12,74,-61.0,20.847,6.089,0,1,0,7,0,109.0,0.0,0,0,LOAD_SHED,LOAD_SHED,0,1,81.22,92.0,51.1173,50.9362,2.0184,3.82133,3.94133,3.8074,3.9274,120.0,23.7,143.934,3,55.116,,DISCHARGE,0.0,0,,SYNTHETIC,0
power-outage,0,507,2026-09-03T09:08:27Z,2026-09-03T09:08:28Z,2026-09-03T09:08:27Z,2026-09-03T09:08:28Z,site_b,SIM,synthetic_demo,B-WAN-1,UP,1000.0,94.156,94.88,0.0,21.46,0.3725,0.08,0,UP,4.0,0.0,6,6,71,-62.1,29.831,8.323,1,1,0,32,0,41.0,0.0,0,0,,,,,,,,,,,,,,,,,,,,,0.0,0,,SYNTHETIC,0
power-outage,0,508,2026-09-03T09:08:28Z,2026-09-03T09:08:29Z,2026-09-03T09:08:28Z,2026-09-03T09:08:29Z,site_a,SIM,synthetic_demo,A-WAN-1,UP,1000.0,118.6888,119.28,0.0,16.28,0.2739,0.094,0,UP,4.0,0.0,48,12,55,-61.6,15.981,5.34,0,2,0,7,0,132.0,0.0,0,0,LOAD_SHED,LOAD_SHED,0,1,81.25,92.0,51.1171,50.9385,1.9911,3.82132,3.94132,3.80758,3.92758,120.0,23.6,141.99,3,55.175,,DISCHARGE,0.0,0,,SYNTHETIC,0
power-outage,0,508,2026-09-03T09:08:28Z,2026-09-03T09:08:29Z,2026-09-03T09:08:28Z,2026-09-03T09:08:29Z,site_b,SIM,synthetic_demo,B-WAN-1,UP,1000.0,89.7831,88.41,0.0,21.5,0.3063,0.14,0,UP,4.0,0.0,6,6,38,-63.2,23.465,6.503,0,1,0,32,0,85.0,0.0,0,0,,,,,,,,,,,,,,,,,,,,,0.0,0,,SYNTHETIC,0
power-outage,0,509,2026-09-03T09:08:29Z,2026-09-03T09:08:30Z,2026-09-03T09:08:29Z,2026-09-03T09:08:30Z,site_a,SIM,synthetic_demo,A-WAN-1,UP,1000.0,107.536,108.31,0.0,16.09,0.5577,0.064,0,UP,4.0,0.0,48,12,50,-63.7,17.592,5.891,1,0,0,7,0,170.0,0.0,0,0,LOAD_SHED,LOAD_SHED,0,1,81.25,92.0,51.117,50.9362,2.0148,3.8213,3.9413,3.8074,3.9274,120.0,23.7,143.677,3,55.122,,DISCHARGE,0.0,0,,SYNTHETIC,0
power-outage,0,509,2026-09-03T09:08:29Z,2026-09-03T09:08:30Z,2026-09-03T09:08:29Z,2026-09-03T09:08:30Z,site_b,SIM,synthetic_demo,B-WAN-1,UP,1000.0,99.9039,99.57,0.0,21.03,0.0312,0.078,0,UP,4.0,0.0,6,6,35,-60.6,20.288,6.661,0,0,0,32,0,85.0,0.0,0,0,,,,,,,,,,,,,,,,,,,,,0.0,0,,SYNTHETIC,0
power-outage,0,510,2026-09-03T09:08:30Z,2026-09-03T09:08:31Z,2026-09-03T09:08:30Z,2026-09-03T09:08:31Z,site_a,SIM,synthetic_demo,A-WAN-1,UP,1000.0,129.8118,129.85,0.0,19.17,3.2714,0.059,0,UP,4.0,0.0,48,12,49,-60.2,18.155,4.66,0,1,0,7,0,147.0,0.0,0,0,LOAD_SHED,LOAD_SHED,0,1,81.22,92.0,51.1168,50.9343,2.0347,3.82129,3.94129,3.80725,3.92725,120.0,23.6,145.087,3,55.077,,DISCHARGE,0.0,0,,SYNTHETIC,0
power-outage,0,510,2026-09-03T09:08:30Z,2026-09-03T09:08:31Z,2026-09-03T09:08:30Z,2026-09-03T09:08:31Z,site_b,SIM,synthetic_demo,B-WAN-1,UP,1000.0,83.1389,83.48,0.0,21.36,0.45,0.108,0,UP,4.0,0.0,6,6,60,-62.5,24.261,7.294,0,0,0,32,0,61.0,0.0,0,0,,,,,,,,,,,,,,,,,,,,,0.0,0,,SYNTHETIC,0
power-outage,0,511,2026-09-03T09:08:31Z,2026-09-03T09:08:32Z,2026-09-03T09:08:31Z,2026-09-03T09:08:32Z,site_a,SIM,synthetic_demo,A-WAN-1,UP,1000.0,121.9488,121.57,0.0,17.3,0.8268,0.073,0,UP,4.0,0.0,48,12,70,-61.3,20.898,5.554,1,1,0,7,0,180.0,0.0,0,0,LOAD_SHED,LOAD_SHED,0,1,81.26,92.0,51.1166,50.9378,1.9933,3.82128,3.94128,3.80752,3.92752,120.0,23.5,142.148,3,55.168,,DISCHARGE,0.0,0,,SYNTHETIC,0
power-outage,0,511,2026-09-03T09:08:31Z,2026-09-03T09:08:32Z,2026-09-03T09:08:31Z,2026-09-03T09:08:32Z,site_b,SIM,synthetic_demo,B-WAN-1,UP,1000.0,114.593,115.76,0.0,20.95,0.7655,0.099,0,UP,4.0,0.0,6,6,31,-61.8,18.447,5.497,0,1,0,32,0,99.0,0.0,0,0,,,,,,,,,,,,,,,,,,,,,0.0,0,,SYNTHETIC,0
power-outage,0,512,2026-09-03T09:08:32Z,2026-09-03T09:08:33Z,2026-09-03T09:08:32Z,2026-09-03T09:08:33Z,site_a,SIM,synthetic_demo,A-WAN-1,UP,1000.0,95.2417,96.71,0.0,17.29,1.2526,0.058,0,UP,4.0,0.0,48,12,33,-61.4,15.176,4.709,1,0,0,7,0,110.0,0.0,0,0,LOAD_SHED,LOAD_SHED,0,1,81.13,92.0,51.1164,50.9383,1.9857,3.82126,3.94126,3.80756,3.92756,120.0,23.5,141.609,3,55.184,,DISCHARGE,0.0,0,,SYNTHETIC,0
power-outage,0,512,2026-09-03T09:08:32Z,2026-09-03T09:08:33Z,2026-09-03T09:08:32Z,2026-09-03T09:08:33Z,site_b,SIM,synthetic_demo,B-WAN-1,UP,1000.0,87.5063,87.4,0.0,23.79,2.5096,0.113,0,UP,4.0,0.0,6,6,26,-60.6,17.833,4.887,0,0,0,32,0,51.0,0.0,0,0,,,,,,,,,,,,,,,,,,,,,0.0,0,,SYNTHETIC,0
power-outage,0,513,2026-09-03T09:08:33Z,2026-09-03T09:08:34Z,2026-09-03T09:08:33Z,2026-09-03T09:08:34Z,site_a,SIM,synthetic_demo,A-WAN-1,UP,1000.0,97.8309,98.87,0.0,16.14,0.5715,0.058,0,UP,4.0,0.0,48,12,120,-62.9,25.34,7.953,0,2,0,7,0,123.0,0.0,0,0,LOAD_SHED,LOAD_SHED,0,1,81.26,92.0,51.1163,50.9371,1.9972,3.82125,3.94125,3.80747,3.92747,120.0,23.6,142.422,3,55.157,,DISCHARGE,0.0,0,,SYNTHETIC,0
power-outage,0,513,2026-09-03T09:08:33Z,2026-09-03T09:08:34Z,2026-09-03T09:08:33Z,2026-09-03T09:08:34Z,site_b,SIM,synthetic_demo,B-WAN-1,UP,1000.0,91.9473,90.71,0.0,20.71,0.1264,0.094,0,UP,4.0,0.0,6,6,87,-62.1,32.786,9.879,0,0,0,32,0,59.0,0.0,0,0,,,,,,,,,,,,,,,,,,,,,0.0,0,,SYNTHETIC,0
power-outage,0,514,2026-09-03T09:08:34Z,2026-09-03T09:08:35Z,2026-09-03T09:08:34Z,2026-09-03T09:08:35Z,site_a,SIM,synthetic_demo,A-WAN-1,UP,1000.0,116.0393,115.77,0.0,17.37,1.4237,0.073,0,UP,4.0,0.0,48,12,58,-60.4,19.856,5.585,1,0,0,7,0,163.0,0.0,0,0,LOAD_SHED,LOAD_SHED,0,1,81.13,92.0,51.1161,50.9307,2.0666,3.82124,3.94124,3.80698,3.92698,120.0,23.6,147.352,3,55.004,,DISCHARGE,0.0,0,,SYNTHETIC,0
power-outage,0,514,2026-09-03T09:08:34Z,2026-09-03T09:08:35Z,2026-09-03T09:08:34Z,2026-09-03T09:08:35Z,site_b,SIM,synthetic_demo,B-WAN-1,UP,1000.0,85.3295,84.91,0.0,21.05,0.6159,0.111,0,UP,4.0,0.0,6,6,26,-63.8,16.817,5.407,0,1,0,32,0,100.0,0.0,0,0,,,,,,,,,,,,,,,,,,,,,0.0,0,,SYNTHETIC,0
power-outage,0,515,2026-09-03T09:08:35Z,2026-09-03T09:08:36Z,2026-09-03T09:08:35Z,2026-09-03T09:08:36Z,site_a,SIM,synthetic_demo,A-WAN-1,UP,1000.0,126.1761,125.7,0.0,17.29,2.1324,0.046,0,UP,4.0,0.0,48,12,66,-62.7,20.941,6.013,0,1,0,7,0,104.0,0.0,0,0,LOAD_SHED,LOAD_SHED,0,1,81.18,92.0,51.1159,50.9375,1.9896,3.82123,3.94123,3.8075,3.9275,120.0,23.5,141.88,3,55.173,,DISCHARGE,0.0,0,,SYNTHETIC,0
power-outage,0,515,2026-09-03T09:08:35Z,2026-09-03T09:08:36Z,2026-09-03T09:08:35Z,2026-09-03T09:08:36Z,site_b,SIM,synthetic_demo,B-WAN-1,UP,1000.0,85.2571,85.21,0.0,22.37,1.2631,0.084,0,UP,4.0,0.0,6,6,37,-61.8,20.129,5.87,0,0,0,32,0,79.0,0.0,0,0,,,,,,,,,,,,,,,,,,,,,0.0,0,,SYNTHETIC,0
power-outage,0,515,2026-09-03T09:08:35Z,2026-09-03T09:08:36Z,2026-09-03T09:08:35Z,2026-09-03T09:08:36Z,site_b,SIM,synthetic_demo,B-WAN-1,UP,1000.0,85.2571,85.21,0.0,22.37,1.2631,0.084,0,UP,4.0,0.0,6,6,37,-61.8,20.129,5.87,0,0,0,32,0,79.0,0.0,0,0,,,,,,,,,,,,,,,,,,,,,0.0,0,,SYNTHETIC|DUPLICATE,0
power-outage,0,516,2026-09-03T09:08:36Z,2026-09-03T09:08:37Z,2026-09-03T09:08:36Z,2026-09-03T09:08:37Z,site_a,SIM,synthetic_demo,A-WAN-1,UP,1000.0,141.8531,141.96,0.0,16.68,0.4167,0.077,0,UP,4.0,0.0,48,12,72,-61.2,18.152,6.494,0,0,0,7,0,129.0,0.0,0,0,LOAD_SHED,LOAD_SHED,0,1,81.18,92.0,51.1158,50.935,2.0149,3.82121,3.94121,3.80731,3.92731,120.0,23.6,143.682,3,55.116,,DISCHARGE,0.0,0,,SYNTHETIC,0
power-outage,0,516,2026-09-03T09:08:36Z,2026-09-03T09:08:37Z,2026-09-03T09:08:36Z,2026-09-03T09:08:37Z,site_b,SIM,synthetic_demo,B-WAN-1,UP,1000.0,95.9376,96.47,0.0,20.86,0.5512,0.109,0,UP,4.0,0.0,6,6,65,-60.8,26.79,9.219,0,1,0,32,0,59.0,0.0,0,0,,,,,,,,,,,,,,,,,,,,,0.0,0,,SYNTHETIC,0
power-outage,0,517,2026-09-03T09:08:37Z,2026-09-03T09:08:38Z,2026-09-03T09:08:37Z,2026-09-03T09:08:38Z,site_a,SIM,synthetic_demo,A-WAN-1,UP,1000.0,113.4094,114.11,0.0,17.79,1.7188,0.052,0,UP,4.0,0.0,48,12,66,-61.7,19.294,5.407,0,0,0,7,0,131.0,0.0,0,0,LOAD_SHED,LOAD_SHED,0,1,81.28,92.0,51.1156,50.9357,2.0058,3.8212,3.9412,3.80736,3.92736,120.0,23.6,143.035,3,55.135,,DISCHARGE,0.0,0,,SYNTHETIC,0
power-outage,0,517,2026-09-03T09:08:37Z,2026-09-03T09:08:38Z,2026-09-03T09:08:37Z,2026-09-03T09:08:38Z,site_b,SIM,synthetic_demo,B-WAN-1,UP,1000.0,91.6296,92.97,0.0,21.18,0.6242,0.069,0,UP,4.0,0.0,6,6,50,-62.0,24.155,6.902,0,0,0,32,0,39.0,0.0,0,0,,,,,,,,,,,,,,,,,,,,,0.0,0,,SYNTHETIC,0
power-outage,0,518,2026-09-03T09:08:38Z,2026-09-03T09:08:39Z,2026-09-03T09:08:38Z,2026-09-03T09:08:39Z,site_a,SIM,synthetic_demo,A-WAN-1,UP,1000.0,149.7799,149.35,0.0,17.93,2.6997,0.066,0,UP,4.0,0.0,48,48,105,-62.3,14.982,4.303,1,6,0,7,0,174.0,0.0,0,0,LOAD_SHED,BATTERY,0,1,81.18,92.0,51.1154,50.938,1.978,3.82119,3.94119,3.80754,3.92754,120.0,23.6,141.056,,693.803,,DISCHARGE,0.0,0,,SYNTHETIC,0
power-outage,0,518,2026-09-03T09:08:38Z,2026-09-03T09:08:39Z,2026-09-03T09:08:38Z,2026-09-03T09:08:39Z,site_b,SIM,synthetic_demo,B-WAN-1,UP,1000.0,98.2236,97.74,0.0,23.22,2.3692,0.114,0,UP,4.0,0.0,6,6,46,-62.9,21.619,7.1,0,0,0,32,0,67.0,0.0,0,0,,,,,,,,,,,,,,,,,,,,,0.0,0,,SYNTHETIC,0
power-outage,0,519,2026-09-03T09:08:39Z,2026-09-03T09:08:40Z,2026-09-03T09:08:39Z,2026-09-03T09:08:40Z,site_a,SIM,synthetic_demo,A-WAN-1,UP,1000.0,121.4905,121.07,0.0,16.78,0.716,0.094,0,UP,4.0,0.0,48,48,271,-63.3,19.256,6.173,1,5,0,7,0,165.0,0.0,0,0,BATTERY,BATTERY,0,1,81.26,92.0,51.1135,48.7767,26.0512,3.82104,3.94104,3.64128,3.76128,120.0,23.7,1778.757,,55.018,OCP_DSG,DISCHARGE,0.0,0,,SYNTHETIC,0
power-outage,0,519,2026-09-03T09:08:39Z,2026-09-03T09:08:40Z,2026-09-03T09:08:39Z,2026-09-03T09:08:40Z,site_b,SIM,synthetic_demo,B-WAN-1,UP,1000.0,103.4114,103.13,0.0,22.11,0.997,0.098,0,UP,4.0,0.0,6,6,35,-58.7,18.37,5.913,0,1,0,32,0,44.0,0.0,0,0,,,,,,,,,,,,,,,,,,,,,0.0,0,,SYNTHETIC,0
power-outage,0,520,2026-09-03T09:08:40Z,2026-09-03T09:08:41Z,2026-09-03T09:08:40Z,2026-09-03T09:08:41Z,site_a,SIM,synthetic_demo,A-WAN-1,UP,1000.0,120.5969,119.63,0.0,16.59,0.6532,0.096,0,UP,4.0,0.0,48,12,39,-63.1,16.113,5.088,0,1,0,7,0,169.0,0.0,0,0,BATTERY,LOAD_SHED,0,1,81.15,92.0,51.1133,50.9373,1.9622,3.82102,3.94102,3.80748,3.92748,120.0,23.6,139.925,3,55.219,,DISCHARGE,0.0,0,,SYNTHETIC,0
power-outage,0,520,2026-09-03T09:08:40Z,2026-09-03T09:08:41Z,2026-09-03T09:08:40Z,2026-09-03T09:08:41Z,site_b,SIM,synthetic_demo,B-WAN-1,UP,1000.0,86.4987,86.85,0.0,25.0,3.5222,0.096,0,UP,4.0,0.0,6,6,40,-58.7,22.901,5.972,0,0,0,32,0,38.0,0.0,0,0,,,,,,,,,,,,,,,,,,,,,0.0,0,,SYNTHETIC,0
power-outage,0,521,2026-09-03T09:08:41Z,2026-09-03T09:08:42Z,2026-09-03T09:08:41Z,2026-09-03T09:08:42Z,site_a,SIM,synthetic_demo,A-WAN-1,UP,1000.0,119.4033,119.25,0.0,17.2,1.8695,0.053,0,UP,4.0,0.0,48,12,54,-62.3,18.358,5.478,0,2,0,7,0,176.0,0.0,0,0,LOAD_SHED,LOAD_SHED,0,1,81.15,92.0,51.1131,50.9344,1.9924,3.82101,3.94101,3.80726,3.92726,120.0,23.4,142.074,3,55.151,,DISCHARGE,0.0,0,,SYNTHETIC,0
power-outage,0,521,2026-09-03T09:08:41Z,2026-09-03T09:08:42Z,2026-09-03T09:08:41Z,2026-09-03T09:08:42Z,site_b,SIM,synthetic_demo,B-WAN-1,UP,1000.0,93.3874,93.08,0.0,21.78,0.2741,0.097,0,UP,4.0,0.0,6,6,63,-63.8,25.262,8.617,0,1,0,32,0,62.0,0.0,0,0,,,,,,,,,,,,,,,,,,,,,0.0,0,,SYNTHETIC,0
power-outage,0,522,2026-09-03T09:08:42Z,2026-09-03T09:08:43Z,2026-09-03T09:08:42Z,2026-09-03T09:08:43Z,site_a,SIM,synthetic_demo,A-WAN-1,UP,1000.0,111.2055,110.19,0.0,17.68,1.5352,0.096,0,UP,4.0,0.0,48,12,43,-62.3,16.755,5.103,0,4,0,7,0,134.0,0.0,0,0,LOAD_SHED,LOAD_SHED,0,1,81.25,92.0,51.113,50.9321,2.0158,3.821,3.941,3.80709,3.92709,120.0,23.6,143.737,3,55.099,,DISCHARGE,0.0,0,,SYNTHETIC,0
power-outage,0,522,2026-09-03T09:08:42Z,2026-09-03T09:08:43Z,2026-09-03T09:08:42Z,2026-09-03T09:08:43Z,site_b,SIM,synthetic_demo,B-WAN-1,UP,1000.0,90.5353,89.72,0.0,24.38,3.3868,0.123,0,UP,4.0,0.0,6,6,48,-61.2,22.02,6.73,0,0,0,32,0,47.0,0.0,0,0,,,,,,,,,,,,,,,,,,,,,0.0,0,,SYNTHETIC,0
power-outage,0,523,2026-09-03T09:08:43Z,2026-09-03T09:08:44Z,2026-09-03T09:08:43Z,2026-09-03T09:08:44Z,site_a,SIM,synthetic_demo,A-WAN-1,UP,1000.0,105.266,106.49,0.0,16.1,0.1561,0.112,0,UP,4.0,0.0,48,12,62,-63.4,18.338,5.832,0,3,0,7,0,110.0,0.0,0,0,LOAD_SHED,LOAD_SHED,0,1,81.09,92.0,51.1128,50.9364,1.9664,3.82098,3.94098,3.80742,3.92742,120.0,23.6,140.223,3,55.207,,DISCHARGE,0.0,0,,SYNTHETIC,0
power-outage,0,523,2026-09-03T09:08:43Z,2026-09-03T09:08:44Z,2026-09-03T09:08:43Z,2026-09-03T09:08:44Z,site_b,SIM,synthetic_demo,B-WAN-1,UP,1000.0,93.659,93.77,0.0,21.85,0.6175,0.12,0,UP,4.0,0.0,6,6,75,-61.1,29.387,9.368,0,1,0,32,0,36.0,0.0,0,0,,,,,,,,,,,,,,,,,,,,,0.0,0,,SYNTHETIC,0
power-outage,0,524,2026-09-03T09:08:44Z,2026-09-03T09:08:45Z,2026-09-03T09:08:44Z,2026-09-03T09:08:45Z,site_a,SIM,synthetic_demo,A-WAN-1,UP,1000.0,128.1656,127.5,0.0,17.87,1.4576,0.091,0,UP,4.0,0.0,48,12,86,-60.5,22.439,5.841,0,2,0,7,0,102.0,0.0,0,0,LOAD_SHED,LOAD_SHED,0,1,81.17,92.0,51.1126,50.9326,2.0071,3.82097,3.94097,3.80712,3.92712,120.0,23.6,143.116,3,55.116,,DISCHARGE,0.0,0,,SYNTHETIC,0
power-outage,0,524,2026-09-03T09:08:44Z,2026-09-03T09:08:45Z,2026-09-03T09:08:44Z,2026-09-03T09:08:45Z,site_b,SIM,synthetic_demo,B-WAN-1,UP,1000.0,87.4443,87.89,0.0,23.72,2.4591,0.1,0,UP,4.0,0.0,6,6,25,-59.7,18.369,4.802,0,0,0,32,0,60.0,0.0,0,0,,,,,,,,,,,,,,,,,,,,,0.0,0,,SYNTHETIC,0
power-outage,0,525,2026-09-03T09:08:45Z,2026-09-03T09:08:46Z,2026-09-03T09:08:45Z,2026-09-03T09:08:46Z,site_a,SIM,synthetic_demo,A-WAN-1,UP,1000.0,125.9924,126.06,0.0,17.92,2.5478,0.065,0,UP,4.0,0.0,48,12,59,-61.0,17.412,5.285,0,2,0,7,0,174.0,0.0,0,0,LOAD_SHED,LOAD_SHED,0,1,81.14,92.0,51.1125,50.935,1.9781,3.82096,3.94096,3.80731,3.92731,120.0,23.7,141.057,3,55.179,,DISCHARGE,0.0,0,,SYNTHETIC,0
power-outage,0,525,2026-09-03T09:08:45Z,2026-09-03T09:08:46Z,2026-09-03T09:08:45Z,2026-09-03T09:08:46Z,site_b,SIM,synthetic_demo,B-WAN-1,UP,1000.0,92.052,91.91,0.0,23.24,1.5183,0.128,0,UP,4.0,0.0,6,6,38,-61.7,20.891,5.86,0,0,0,32,0,85.0,0.0,0,0,,,,,,,,,,,,,,,,,,,,,0.0,0,,SYNTHETIC,0
power-outage,0,526,2026-09-03T09:08:46Z,2026-09-03T09:08:47Z,2026-09-03T09:08:46Z,2026-09-03T09:08:47Z,site_a,SIM,synthetic_demo,A-WAN-1,UP,1000.0,102.229,102.1,0.0,16.37,0.4379,0.078,0,UP,4.0,0.0,48,12,54,-61.6,19.171,4.92,0,1,0,7,0,120.0,0.0,0,0,LOAD_SHED,LOAD_SHED,0,1,81.15,92.0,51.1123,50.933,1.9987,3.82095,3.94095,3.80715,3.92715,120.0,23.6,142.519,3,55.133,,DISCHARGE,0.0,0,,SYNTHETIC|STALE,0
power-outage,0,526,2026-09-03T09:08:46Z,2026-09-03T09:08:47Z,2026-09-03T09:08:46Z,2026-09-03T09:08:47Z,site_b,SIM,synthetic_demo,B-WAN-1,UP,1000.0,82.7572,82.84,0.0,24.77,4.1859,0.128,0,UP,4.0,0.0,6,6,44,-62.4,21.356,6.674,0,1,0,32,0,42.0,0.0,0,0,,,,,,,,,,,,,,,,,,,,,0.0,0,,SYNTHETIC,0
power-outage,0,527,2026-09-03T09:08:47Z,2026-09-03T09:08:48Z,2026-09-03T09:08:47Z,2026-09-03T09:08:48Z,site_a,SIM,synthetic_demo,A-WAN-1,UP,1000.0,127.5057,128.02,0.0,16.73,0.6314,0.059,0,UP,4.0,0.0,48,12,33,-60.7,17.293,4.104,0,1,0,7,0,169.0,0.0,0,0,LOAD_SHED,LOAD_SHED,0,1,81.07,92.0,51.1121,50.9276,2.0566,3.82093,3.94093,3.80674,3.92674,120.0,23.586,146.635,3,55.005,,DISCHARGE,0.0,0,,SYNTHETIC|STALE,0
power-outage,0,527,2026-09-03T09:08:47Z,2026-09-03T09:08:48Z,2026-09-03T09:08:47Z,2026-09-03T09:08:48Z,site_b,SIM,synthetic_demo,B-WAN-1,UP,1000.0,82.7399,84.43,0.0,23.01,1.5354,0.078,0,UP,4.0,0.0,6,6,55,-61.7,24.357,7.0,0,0,0,32,0,75.0,0.0,0,0,,,,,,,,,,,,,,,,,,,,,0.0,0,,SYNTHETIC,0
power-outage,0,528,2026-09-03T09:08:48Z,2026-09-03T09:08:49Z,2026-09-03T09:08:48Z,2026-09-03T09:08:49Z,site_a,SIM,synthetic_demo,A-WAN-1,UP,1000.0,113.8744,113.55,0.0,17.51,1.7509,0.096,0,UP,4.0,0.0,48,12,66,-63.7,20.375,5.955,0,3,0,7,0,136.0,0.0,0,0,LOAD_SHED,LOAD_SHED,0,1,81.15,92.0,51.112,50.9304,2.0237,3.82092,3.94092,3.80696,3.92696,120.0,23.586,144.291,3,55.076,,DISCHARGE,0.0,0,,SYNTHETIC|STALE,0
power-outage,0,528,2026-09-03T09:08:48Z,2026-09-03T09:08:49Z,2026-09-03T09:08:48Z,2026-09-03T09:08:49Z,site_b,SIM,synthetic_demo,B-WAN-1,UP,1000.0,81.9125,82.53,0.0,24.38,2.7807,0.128,0,UP,4.0,0.0,6,6,64,-62.7,27.871,7.115,0,0,0,32,0,55.0,0.0,0,0,,,,,,,,,,,,,,,,,,,,,0.0,0,,SYNTHETIC,0
power-outage,0,529,2026-09-03T09:08:49Z,2026-09-03T09:08:50Z,2026-09-03T09:08:49Z,2026-09-03T09:08:50Z,site_a,SIM,synthetic_demo,A-WAN-1,UP,1000.0,104.7111,103.75,0.0,17.83,1.6728,0.061,0,UP,4.0,0.0,48,12,61,-60.6,19.693,5.108,0,1,0,7,0,141.0,0.0,0,0,LOAD_SHED,LOAD_SHED,0,1,81.15,92.0,51.1118,50.9323,2.0011,3.82091,3.94091,3.8071,3.9271,120.0,23.586,142.688,3,55.125,,DISCHARGE,0.0,0,,SYNTHETIC|STALE,0
power-outage,0,529,2026-09-03T09:08:49Z,2026-09-03T09:08:50Z,2026-09-03T09:08:49Z,2026-09-03T09:08:50Z,site_b,SIM,synthetic_demo,B-WAN-1,UP,1000.0,88.8719,89.58,0.0,21.73,0.7616,0.108,0,UP,4.0,0.0,6,6,49,-62.0,22.985,6.89,0,1,0,32,0,65.0,0.0,0,0,,,,,,,,,,,,,,,,,,,,,0.0,0,,SYNTHETIC,0
power-outage,0,530,2026-09-03T09:08:50Z,2026-09-03T09:08:51Z,2026-09-03T09:08:50Z,2026-09-03T09:08:51Z,site_a,SIM,synthetic_demo,A-WAN-1,UP,1000.0,118.5545,119.18,0.0,16.0,0.2092,0.096,0,UP,4.0,0.0,48,12,41,-60.4,13.976,4.832,1,3,0,7,0,120.0,0.0,0,0,LOAD_SHED,LOAD_SHED,0,1,81.07,92.0,51.1116,50.9331,1.9907,3.82089,3.94089,3.80716,3.92716,120.0,23.586,141.948,3,55.147,,DISCHARGE,0.0,0,,SYNTHETIC|STALE,0
power-outage,0,530,2026-09-03T09:08:50Z,2026-09-03T09:08:51Z,2026-09-03T09:08:50Z,2026-09-03T09:08:51Z,site_b,SIM,synthetic_demo,B-WAN-1,UP,1000.0,85.3029,85.11,0.0,22.05,0.908,0.134,0,UP,4.0,0.0,6,6,37,-61.7,20.662,6.536,0,0,0,32,0,64.0,0.0,0,0,,,,,,,,,,,,,,,,,,,,,0.0,0,,SYNTHETIC,0
power-outage,0,531,2026-09-03T09:08:51Z,2026-09-03T09:08:52Z,2026-09-03T09:08:51Z,2026-09-03T09:08:52Z,site_a,SIM,synthetic_demo,A-WAN-1,UP,1000.0,144.5461,145.43,0.0,16.76,0.6756,0.09,0,UP,4.0,0.0,48,12,53,-64.2,16.751,6.153,0,4,0,7,0,147.0,0.0,0,0,LOAD_SHED,LOAD_SHED,0,1,81.14,92.0,51.1114,50.9315,2.0063,3.82088,3.94088,3.80704,3.92704,120.0,23.586,143.058,3,55.112,,DISCHARGE,0.0,0,,SYNTHETIC|STALE,0
power-outage,0,531,2026-09-03T09:08:51Z,2026-09-03T09:08:52Z,2026-09-03T09:08:51Z,2026-09-03T09:08:52Z,site_b,SIM,synthetic_demo,B-WAN-1,UP,1000.0,83.2802,84.01,0.0,21.23,0.1265,0.123,0,UP,4.0,0.0,6,6,73,-60.0,28.597,9.137,0,0,0,32,0,55.0,0.0,0,0,,,,,,,,,,,,,,,,,,,,,0.0,0,,SYNTHETIC,0
power-outage,0,532,2026-09-03T09:08:52Z,2026-09-03T09:08:53Z,2026-09-03T09:08:52Z,2026-09-03T09:08:53Z,site_a,SIM,synthetic_demo,A-WAN-1,UP,1000.0,107.0589,107.94,0.0,16.18,0.4458,0.114,0,UP,4.0,0.0,48,12,70,-62.1,20.056,5.939,0,1,0,7,0,133.0,0.0,0,0,LOAD_SHED,LOAD_SHED,0,1,81.2,92.0,51.1113,50.9335,1.9825,3.82087,3.94087,3.80719,3.92719,120.0,23.586,141.362,3,55.164,,DISCHARGE,0.0,0,,SYNTHETIC|STALE,0
power-outage,0,532,2026-09-03T09:08:52Z,2026-09-03T09:08:53Z,2026-09-03T09:08:52Z,2026-09-03T09:08:53Z,site_b,SIM,synthetic_demo,B-WAN-1,UP,1000.0,90.7719,91.17,0.0,21.8,0.0719,0.11,0,UP,4.0,0.0,6,6,24,-63.9,17.131,5.275,0,0,0,32,0,69.0,0.0,0,0,,,,,,,,,,,,,,,,,,,,,0.0,0,,SYNTHETIC,0
power-outage,0,533,2026-09-03T09:08:53Z,2026-09-03T09:08:54Z,2026-09-03T09:08:53Z,2026-09-03T09:08:54Z,site_a,SIM,synthetic_demo,A-WAN-1,UP,1000.0,119.059,119.64,0.0,15.87,0.4286,0.071,0,UP,4.0,0.0,48,12,52,-61.5,17.791,5.353,0,2,0,7,0,166.0,0.0,0,0,LOAD_SHED,LOAD_SHED,0,1,81.08,92.0,51.1111,50.9288,2.0324,3.82085,3.94085,3.80683,3.92683,120.0,23.586,144.909,3,55.053,,DISCHARGE,0.0,0,,SYNTHETIC|STALE,0
power-outage,0,533,2026-09-03T09:08:53Z,2026-09-03T09:08:54Z,2026-09-03T09:08:53Z,2026-09-03T09:08:54Z,site_b,SIM,synthetic_demo,B-WAN-1,UP,1000.0,81.4035,80.88,0.0,23.11,1.7596,0.105,0,UP,4.0,0.0,6,6,32,-60.8,20.039,5.681,1,1,0,32,0,56.0,0.0,0,0,,,,,,,,,,,,,,,,,,,,,0.0,0,,SYNTHETIC,0
power-outage,0,534,2026-09-03T09:08:54Z,2026-09-03T09:08:55Z,2026-09-03T09:08:54Z,2026-09-03T09:08:55Z,site_a,SIM,synthetic_demo,A-WAN-1,UP,1000.0,103.7487,103.67,0.0,17.23,1.3617,0.071,0,UP,4.0,0.0,48,12,44,-63.5,16.137,4.7,0,2,0,7,0,81.0,0.0,0,0,LOAD_SHED,LOAD_SHED,0,1,81.17,92.0,51.1109,50.9315,2.0001,3.82084,3.94084,3.80704,3.92704,120.0,23.6,142.617,3,55.123,,DISCHARGE,0.0,0,,SYNTHETIC,0
power-outage,0,534,2026-09-03T09:08:54Z,2026-09-03T09:08:55Z,2026-09-03T09:08:54Z,2026-09-03T09:08:55Z,site_b,SIM,synthetic_demo,B-WAN-1,UP,1000.0,86.1444,85.62,0.0,21.62,0.2674,0.074,0,UP,4.0,0.0,6,6,26,-62.7,17.554,5.514,0,1,0,32,0,90.0,0.0,0,0,,,,,,,,,,,,,,,,,,,,,0.0,0,,SYNTHETIC,0
power-outage,0,535,2026-09-03T09:08:55Z,2026-09-03T09:08:56Z,2026-09-03T09:08:55Z,2026-09-03T09:08:56Z,site_a,SIM,synthetic_demo,A-WAN-1,UP,1000.0,102.125,102.21,0.0,16.09,0.6838,0.089,0,UP,4.0,0.0,48,48,169,-62.6,16.553,5.127,1,3,0,7,0,145.0,0.0,0,0,LOAD_SHED,BATTERY,0,1,81.09,92.0,51.1108,50.9258,2.0622,3.82083,3.94083,3.8066,3.9266,120.0,23.7,147.026,,665.331,,DISCHARGE,0.0,0,,SYNTHETIC,0
power-outage,0,535,2026-09-03T09:08:55Z,2026-09-03T09:08:56Z,2026-09-03T09:08:55Z,2026-09-03T09:08:56Z,site_b,SIM,synthetic_demo,B-WAN-1,UP,1000.0,76.4373,77.4,0.0,20.7,0.6429,0.082,0,UP,4.0,0.0,6,6,27,-61.2,17.467,5.531,0,0,0,32,0,76.0,0.0,0,0,,,,,,,,,,,,,,,,,,,,,0.0,0,,SYNTHETIC,0
power-outage,0,536,2026-09-03T09:08:56Z,2026-09-03T09:08:57Z,2026-09-03T09:08:56Z,2026-09-03T09:08:57Z,site_a,SIM,synthetic_demo,A-WAN-1,UP,1000.0,117.2628,116.63,0.0,20.13,3.6436,0.093,0,UP,4.0,0.0,48,48,199,-62.9,17.682,5.205,1,4,0,7,0,175.0,0.0,0,0,BATTERY,BATTERY,0,1,81.14,92.0,51.1088,48.7784,25.9802,3.82068,3.94068,3.64141,3.76141,120.0,23.7,1773.967,,55.141,OCP_DSG,DISCHARGE,0.0,0,,SYNTHETIC,0
power-outage,0,536,2026-09-03T09:08:56Z,2026-09-03T09:08:57Z,2026-09-03T09:08:56Z,2026-09-03T09:08:57Z,site_b,SIM,synthetic_demo,B-WAN-1,UP,1000.0,78.6694,77.64,0.0,21.9,0.9627,0.12,0,UP,4.0,0.0,6,6,71,-61.9,28.479,8.343,0,0,0,32,0,49.0,0.0,0,0,,,,,,,,,,,,,,,,,,,,,0.0,0,,SYNTHETIC,0
power-outage,0,537,2026-09-03T09:08:57Z,2026-09-03T09:08:58Z,2026-09-03T09:08:57Z,2026-09-03T09:08:58Z,site_a,SIM,synthetic_demo,A-WAN-1,UP,1000.0,122.3944,122.41,0.0,18.56,1.9806,0.072,0,UP,4.0,0.0,48,12,64,-62.6,18.767,5.539,1,3,0,7,0,118.0,0.0,0,0,BATTERY,LOAD_SHED,0,1,81.17,92.0,51.1086,50.931,1.9805,3.82066,3.94066,3.807,3.927,120.0,23.6,141.218,3,55.154,,DISCHARGE,0.0,0,,SYNTHETIC,0
power-outage,0,537,2026-09-03T09:08:57Z,2026-09-03T09:08:58Z,2026-09-03T09:08:57Z,2026-09-03T09:08:58Z,site_b,SIM,synthetic_demo,B-WAN-1,UP,1000.0,93.8433,94.55,0.0,21.49,0.6645,0.114,0,UP,4.0,0.0,6,6,73,-61.5,27.592,8.711,0,0,0,32,0,43.0,0.0,0,0,,,,,,,,,,,,,,,,,,,,,0.0,0,,SYNTHETIC,0
power-outage,0,538,2026-09-03T09:08:58Z,2026-09-03T09:08:59Z,2026-09-03T09:08:58Z,2026-09-03T09:08:59Z,site_a,SIM,synthetic_demo,A-WAN-1,UP,1000.0,118.3373,117.71,0.0,17.92,2.4553,0.083,0,UP,4.0,0.0,48,12,50,-60.6,20.119,4.971,0,3,0,7,0,144.0,0.0,0,0,LOAD_SHED,LOAD_SHED,0,1,81.2,92.0,51.1085,50.9321,1.9662,3.82065,3.94065,3.80709,3.92709,120.0,23.7,140.199,3,55.185,,DISCHARGE,0.0,0,,SYNTHETIC,0
power-outage,0,538,2026-09-03T09:08:58Z,2026-09-03T09:08:59Z,2026-09-03T09:08:58Z,2026-09-03T09:08:59Z,site_b,SIM,synthetic_demo,B-WAN-1,UP,1000.0,68.4557,68.68,0.0,22.18,0.9619,0.11,0,UP,4.0,0.0,6,6,46,-61.9,22.186,6.473,0,0,0,32,0,60.0,0.0,0,0,,,,,,,,,,,,,,,,,,,,,0.0,0,,SYNTHETIC,0
power-outage,0,539,2026-09-03T09:08:59Z,2026-09-03T09:09:00Z,2026-09-03T09:08:59Z,2026-09-03T09:09:00Z,site_a,SIM,synthetic_demo,A-WAN-1,UP,1000.0,118.1589,118.01,0.0,18.57,2.7089,0.124,0,UP,4.0,0.0,48,12,52,-62.8,18.693,5.23,0,4,0,7,0,136.0,0.0,0,0,LOAD_SHED,LOAD_SHED,0,1,81.18,92.0,51.1083,50.9278,2.012,3.82064,3.94064,3.80676,3.92676,120.0,23.5,143.454,3,55.083,,DISCHARGE,0.0,0,,SYNTHETIC,0
power-outage,0,539,2026-09-03T09:08:59Z,2026-09-03T09:09:00Z,2026-09-03T09:08:59Z,2026-09-03T09:09:00Z,site_b,SIM,synthetic_demo,B-WAN-1,UP,1000.0,77.2347,77.06,0.0,23.08,2.2994,0.097,0,UP,4.0,0.0,6,6,44,-62.9,21.751,6.412,1,0,0,32,0,47.0,0.0,0,0,,,,,,,,,,,,,,,,,,,,,0.0,0,,SYNTHETIC,0
power-outage,0,540,2026-09-03T09:09:00Z,2026-09-03T09:09:01Z,2026-09-03T09:09:00Z,2026-09-03T09:09:01Z,site_a,SIM,synthetic_demo,A-WAN-1,UP,1000.0,142.8437,143.24,0.0,17.8,1.8668,0.062,0,UP,4.0,0.0,48,12,49,-62.2,17.396,5.361,1,3,0,7,0,130.0,0.0,0,0,LOAD_SHED,LOAD_SHED,0,1,81.03,92.0,51.1081,50.9297,1.9889,3.82063,3.94063,3.8069,3.9269,120.0,23.6,141.813,3,55.133,,DISCHARGE,0.0,0,,SYNTHETIC,0
power-outage,0,540,2026-09-03T09:09:00Z,2026-09-03T09:09:01Z,2026-09-03T09:09:00Z,2026-09-03T09:09:01Z,site_b,SIM,synthetic_demo,B-WAN-1,UP,1000.0,91.033,91.15,0.0,24.55,4.1442,0.086,0,UP,4.0,0.0,6,6,42,-63.5,19.389,7.19,0,0,0,32,0,58.0,0.0,0,0,,,,,,,,,,,,,,,,,,,,,0.0,0,,SYNTHETIC,0
power-outage,0,541,2026-09-03T09:09:01Z,2026-09-03T09:09:02Z,2026-09-03T09:09:01Z,2026-09-03T09:09:02Z,site_a,SIM,synthetic_demo,A-WAN-1,UP,1000.0,168.8847,169.9,0.0,16.08,0.1408,0.085,0,UP,4.0,0.0,48,12,123,-63.6,25.051,8.707,0,5,0,7,0,141.0,0.0,0,0,LOAD_SHED,LOAD_SHED,0,1,81.08,92.0,51.108,50.9271,2.0161,3.82061,3.94061,3.8067,3.9267,120.0,23.5,143.742,3,55.072,,DISCHARGE,0.0,0,,SYNTHETIC,0
power-outage,0,541,2026-09-03T09:09:01Z,2026-09-03T09:09:02Z,2026-09-03T09:09:01Z,2026-09-03T09:09:02Z,site_b,SIM,synthetic_demo,B-WAN-1,UP,1000.0,89.7887,90.11,0.0,23.61,2.4146,0.086,0,UP,4.0,0.0,6,6,34,-61.9,18.166,6.079,0,1,0,32,0,64.0,0.0,0,0,,,,,,,,,,,,,,,,,,,,,0.0,0,,SYNTHETIC,0
power-outage,0,542,2026-09-03T09:09:02Z,2026-09-03T09:09:03Z,2026-09-03T09:09:02Z,2026-09-03T09:09:03Z,site_a,SIM,synthetic_demo,A-WAN-1,UP,1000.0,110.1946,110.38,0.0,18.08,1.6928,0.078,0,UP,4.0,0.0,48,12,50,-61.8,16.713,5.48,0,5,0,7,0,147.0,0.0,0,0,LOAD_SHED,LOAD_SHED,0,1,81.17,92.0,51.1078,50.9316,1.9645,3.8206,3.9406,3.80705,3.92705,120.0,23.7,140.078,3,55.185,,DISCHARGE,0.0,0,,SYNTHETIC,0
power-outage,0,542,2026-09-03T09:09:02Z,2026-09-03T09:09:03Z,2026-09-03T09:09:02Z,2026-09-03T09:09:03Z,site_b,SIM,synthetic_demo,B-WAN-1,UP,1000.0,69.1763,69.95,0.0,22.37,2.0366,0.099,0,UP,4.0,0.0,6,6,42,-61.6,19.519,6.601,0,0,0,32,0,34.0,0.0,0,0,,,,,,,,,,,,,,,,,,,,,0.0,0,,SYNTHETIC,0
power-outage,0,543,2026-09-03T09:09:03Z,2026-09-03T09:09:04Z,2026-09-03T09:09:03Z,2026-09-03T09:09:04Z,site_a,SIM,synthetic_demo,A-WAN-1,UP,1000.0,156.2255,156.77,0.0,17.31,1.7343,0.068,0,UP,4.0,0.0,48,12,65,-61.3,20.687,5.875,0,4,0,7,0,127.0,0.0,0,0,LOAD_SHED,LOAD_SHED,0,1,81.15,92.0,51.1076,50.9235,2.0524,3.82059,3.94059,3.80643,3.92643,120.0,23.7,146.32,3,54.991,,DISCHARGE,0.0,0,,SYNTHETIC,0
power-outage,0,543,2026-09-03T09:09:03Z,2026-09-03T09:09:04Z,2026-09-03T09:09:03Z,2026-09-03T09:09:04Z,site_b,SIM,synthetic_demo,B-WAN-1,UP,1000.0,66.3981,66.62,0.0,23.77,2.7557,0.115,0,UP,4.0,0.0,6,6,61,-63.6,26.142,9.18,0,1,0,32,0,55.0,0.0,0,0,,,,,,,,,,,,,,,,,,,,,0.0,0,,SYNTHETIC,0
power-outage,0,544,2026-09-03T09:09:04Z,2026-09-03T09:09:05Z,2026-09-03T09:09:04Z,2026-09-03T09:09:05Z,site_a,SIM,synthetic_demo,A-WAN-1,UP,1000.0,112.8291,113.06,0.0,20.3,4.2658,0.087,0,UP,4.0,0.0,48,12,58,-63.6,16.959,5.614,0,4,0,7,0,157.0,0.0,0,0,LOAD_SHED,LOAD_SHED,0,1,81.07,92.0,51.1075,50.9199,2.0914,3.82057,3.94057,3.80614,3.92614,120.0,23.6,149.093,3,54.904,,DISCHARGE,0.0,0,,SYNTHETIC,0
power-outage,0,544,2026-09-03T09:09:04Z,2026-09-03T09:09:05Z,2026-09-03T09:09:04Z,2026-09-03T09:09:05Z,site_b,SIM,synthetic_demo,B-WAN-1,UP,1000.0,69.8421,70.37,0.0,22.98,1.7945,0.13,0,UP,4.0,0.0,6,6,14,-61.0,15.948,4.493,0,0,0,32,0,61.0,0.0,0,0,,,,,,,,,,,,,,,,,,,,,0.0,0,,SYNTHETIC,0
power-outage,0,545,2026-09-03T09:09:05Z,2026-09-03T09:09:06Z,2026-09-03T09:09:05Z,2026-09-03T09:09:06Z,site_a,SIM,synthetic_demo,A-WAN-1,UP,1000.0,124.4213,123.67,0.0,17.2,1.2816,0.053,0,UP,4.0,0.0,48,12,38,-63.8,16.445,5.133,0,3,0,7,0,147.0,0.0,0,0,LOAD_SHED,LOAD_SHED,0,1,81.13,92.0,51.1073,50.9298,1.9782,3.82056,3.94056,3.80691,3.92691,120.0,23.6,141.048,3,55.152,,DISCHARGE,0.0,0,,SYNTHETIC,0
power-outage,0,545,2026-09-03T09:09:05Z,2026-09-03T09:09:06Z,2026-09-03T09:09:05Z,2026-09-03T09:09:06Z,site_b,SIM,synthetic_demo,B-WAN-1,UP,1000.0,68.2358,68.28,0.0,24.08,2.6599,0.112,0,UP,4.0,0.0,6,6,36,-60.2,19.421,5.785,0,0,0,32,0,48.0,0.0,0,0,,,,,,,,,,,,,,,,,,,,,0.0,0,,SYNTHETIC,0
power-outage,0,546,2026-09-03T09:09:06Z,2026-09-03T09:09:07Z,2026-09-03T09:09:06Z,2026-09-03T09:09:07Z,site_a,SIM,synthetic_demo,A-WAN-1,UP,1000.0,136.6914,135.98,0.0,16.98,0.8389,0.068,0,UP,4.0,0.0,48,12,29,-62.2,14.881,4.673,0,3,0,7,0,199.0,0.0,0,0,LOAD_SHED,LOAD_SHED,0,1,81.14,92.0,51.1071,50.9284,1.9927,3.82055,3.94055,3.8068,3.9268,120.0,23.7,142.079,3,55.119,,DISCHARGE,0.0,0,,SYNTHETIC,0
power-outage,0,546,2026-09-03T09:09:06Z,2026-09-03T09:09:07Z,2026-09-03T09:09:06Z,2026-09-03T09:09:07Z,site_b,SIM,synthetic_demo,B-WAN-1,UP,1000.0,65.335,66.55,0.0,21.9,0.7552,0.118,0,UP,4.0,0.0,6,6,62,-62.0,26.212,7.135,1,1,0,32,0,61.0,0.0,0,0,,,,,,,,,,,,,,,,,,,,,0.0,0,,SYNTHETIC,0
power-outage,0,547,2026-09-03T09:09:07Z,2026-09-03T09:09:08Z,2026-09-03T09:09:07Z,2026-09-03T09:09:08Z,site_a,SIM,synthetic_demo,A-WAN-1,UP,1000.0,177.2044,177.59,0.0,17.69,0.8721,0.104,0,UP,4.0,0.0,48,12,50,-62.2,17.491,5.075,0,3,0,7,0,171.0,0.0,0,0,LOAD_SHED,LOAD_SHED,0,1,81.03,92.0,51.107,50.926,2.0174,3.82053,3.94053,3.80662,3.92662,120.0,23.5,143.829,3,55.064,,DISCHARGE,0.0,0,,SYNTHETIC,0
power-outage,0,547,2026-09-03T09:09:07Z,2026-09-03T09:09:08Z,2026-09-03T09:09:07Z,2026-09-03T09:09:08Z,site_b,SIM,synthetic_demo,B-WAN-1,UP,1000.0,76.1674,76.04,0.0,23.65,2.1197,0.089,0,UP,4.0,0.0,6,6,36,-61.8,21.784,6.391,0,0,0,32,0,74.0,0.0,0,0,,,,,,,,,,,,,,,,,,,,,0.0,0,,SYNTHETIC,0
power-outage,0,548,2026-09-03T09:09:08Z,2026-09-03T09:09:09Z,2026-09-03T09:09:08Z,2026-09-03T09:09:09Z,site_a,SIM,synthetic_demo,A-WAN-1,UP,1000.0,107.6255,106.01,0.0,17.58,1.0679,0.105,0,UP,4.0,0.0,48,12,60,-62.3,19.286,5.611,0,4,0,7,0,80.0,0.0,0,0,LOAD_SHED,LOAD_SHED,0,1,81.1,92.0,51.1068,50.9229,2.0504,3.82052,3.94052,3.80637,3.92637,120.0,23.5,146.175,3,54.991,,DISCHARGE,0.0,0,,SYNTHETIC,0
power-outage,0,548,2026-09-03T09:09:08Z,2026-09-03T09:09:09Z,2026-09-03T09:09:08Z,2026-09-03T09:09:09Z,site_b,SIM,synthetic_demo,B-WAN-1,UP,1000.0,88.4437,87.94,0.0,23.14,2.6922,0.112,0,UP,4.0,0.0,6,6,39,-59.0,21.126,6.424,0,0,0,32,0,64.0,0.0,0,0,,,,,,,,,,,,,,,,,,,,,0.0,0,,SYNTHETIC,0
power-outage,0,549,2026-09-03T09:09:09Z,2026-09-03T09:09:10Z,2026-09-03T09:09:09Z,2026-09-03T09:09:10Z,site_a,SIM,synthetic_demo,A-WAN-1,UP,1000.0,112.0246,113.25,0.0,17.68,1.8349,0.119,0,UP,4.0,0.0,48,12,61,-63.3,19.313,5.955,0,3,0,7,0,100.0,0.0,0,0,LOAD_SHED,LOAD_SHED,0,1,81.1,92.0,51.1066,50.9206,2.0736,3.82051,3.94051,3.8062,3.9262,120.0,23.6,147.822,3,54.939,,DISCHARGE,0.0,0,,SYNTHETIC,0
power-outage,0,549,2026-09-03T09:09:09Z,2026-09-03T09:09:10Z,2026-09-03T09:09:09Z,2026-09-03T09:09:10Z,site_b,SIM,synthetic_demo,B-WAN-1,UP,1000.0,72.6648,72.06,0.0,21.35,0.8597,0.09,0,UP,4.0,0.0,6,6,27,-62.2,19.111,5.304,0,1,0,32,0,76.0,0.0,0,0,,,,,,,,,,,,,,,,,,,,,0.0,0,,SYNTHETIC,0
power-outage,0,550,2026-09-03T09:09:10Z,2026-09-03T09:09:11Z,2026-09-03T09:09:10Z,2026-09-03T09:09:11Z,site_a,SIM,synthetic_demo,A-WAN-1,UP,1000.0,168.9539,169.33,0.0,17.33,0.6259,0.07,0,UP,4.0,0.0,48,12,43,-63.5,15.729,5.145,0,4,0,7,0,250.0,0.0,0,0,LOAD_SHED,LOAD_SHED,0,1,81.14,92.0,51.1064,50.9286,1.9826,3.8205,3.9405,3.80682,3.92682,120.0,23.5,141.356,3,55.138,,DISCHARGE,0.0,0,,SYNTHETIC,0
power-outage,0,550,2026-09-03T09:09:10Z,2026-09-03T09:09:11Z,2026-09-03T09:09:10Z,2026-09-03T09:09:11Z,site_b,SIM,synthetic_demo,B-WAN-1,UP,1000.0,76.2597,76.32,0.0,21.93,0.4142,0.121,0,UP,4.0,0.0,6,6,37,-62.2,21.803,6.649,0,1,0,32,0,75.0,0.0,0,0,,,,,,,,,,,,,,,,,,,,,0.0,0,,SYNTHETIC,0
power-outage,0,551,2026-09-03T09:09:11Z,2026-09-03T09:09:12Z,2026-09-03T09:09:11Z,2026-09-03T09:09:12Z,site_a,SIM,synthetic_demo,A-WAN-1,UP,1000.0,109.9436,108.8,0.0,16.74,1.0965,0.071,0,UP,4.0,0.0,48,12,55,-63.4,19.034,6.146,0,3,0,7,0,169.0,0.0,0,0,LOAD_SHED,LOAD_SHED,0,1,81.09,92.0,51.1063,50.9264,2.0048,3.82048,3.94048,3.80665,3.92665,120.0,23.6,142.936,3,55.088,,DISCHARGE,0.0,0,,SYNTHETIC,0
power-outage,0,551,2026-09-03T09:09:11Z,2026-09-03T09:09:12Z,2026-09-03T09:09:11Z,2026-09-03T09:09:12Z,site_b,SIM,synthetic_demo,B-WAN-1,UP,1000.0,69.5283,69.72,0.0,20.63,0.1171,0.065,0,UP,4.0,0.0,6,6,52,-62.9,23.79,7.715,0,0,0,32,0,65.0,0.0,0,0,,,,,,,,,,,,,,,,,,,,,0.0,0,,SYNTHETIC,0
power-outage,0,552,2026-09-03T09:09:12Z,2026-09-03T09:09:13Z,2026-09-03T09:09:12Z,2026-09-03T09:09:13Z,site_a,SIM,synthetic_demo,A-WAN-1,UP,1000.0,116.559,116.25,0.0,18.7,2.8017,0.094,0,UP,4.0,0.0,48,48,237,-61.4,18.944,5.693,2,3,0,7,0,139.0,0.0,0,0,LOAD_SHED,BATTERY,0,1,81.02,92.0,51.1061,50.9271,1.9957,3.82047,3.94047,3.8067,3.9267,120.0,23.6,142.288,,687.174,,DISCHARGE,0.0,0,,SYNTHETIC,0
power-outage,0,552,2026-09-03T09:09:12Z,2026-09-03T09:09:13Z,2026-09-03T09:09:12Z,2026-09-03T09:09:13Z,site_b,SIM,synthetic_demo,B-WAN-1,UP,1000.0,72.7526,72.57,0.0,,0.2572,0.08,0,UP,4.0,0.0,6,6,55,-61.8,25.614,7.419,0,0,0,32,0,65.0,0.0,0,0,,,,,,,,,,,,,,,,,,,,,0.0,0,,SYNTHETIC|GAP|MISSING_MCAR,0
power-outage,0,553,2026-09-03T09:09:13Z,2026-09-03T09:09:14Z,2026-09-03T09:09:13Z,2026-09-03T09:09:14Z,site_a,SIM,synthetic_demo,A-WAN-1,UP,1000.0,111.6297,112.3,0.0,17.54,1.5413,0.079,0,UP,4.0,0.0,48,48,284,-61.8,21.422,6.015,3,5,0,7,0,164.0,0.0,0,0,BATTERY,BATTERY,0,1,81.04,92.0,51.1041,48.7687,26.036,3.82032,3.94032,3.64067,3.76067,120.0,23.6,1777.428,,55.009,OCP_DSG,DISCHARGE,0.0,0,,SYNTHETIC,0
power-outage,0,553,2026-09-03T09:09:13Z,2026-09-03T09:09:14Z,2026-09-03T09:09:13Z,2026-09-03T09:09:14Z,site_b,SIM,synthetic_demo,B-WAN-1,UP,1000.0,98.1363,97.86,0.0,23.75,1.9098,0.078,0,UP,4.0,0.0,6,6,27,-62.2,17.978,5.056,0,1,0,32,0,91.0,0.0,0,0,,,,,,,,,,,,,,,,,,,,,0.0,0,,SYNTHETIC,0
power-outage,0,554,2026-09-03T09:09:14Z,2026-09-03T09:09:15Z,2026-09-03T09:09:14Z,2026-09-03T09:09:15Z,site_a,SIM,synthetic_demo,A-WAN-1,UP,1000.0,123.8373,122.58,0.0,17.38,0.3258,0.106,0,UP,4.0,0.0,48,12,57,-61.9,18.43,5.816,1,5,0,7,0,193.0,0.0,0,0,BATTERY,LOAD_SHED,0,1,81.14,92.0,51.104,50.9247,1.9986,3.82031,3.94031,3.80652,3.92652,120.0,23.7,142.488,3,55.09,,DISCHARGE,0.0,0,,SYNTHETIC,0
power-outage,0,554,2026-09-03T09:09:14Z,2026-09-03T09:09:15Z,2026-09-03T09:09:14Z,2026-09-03T09:09:15Z,site_b,SIM,synthetic_demo,B-WAN-1,UP,1000.0,66.5974,66.37,0.0,24.39,3.0748,0.082,0,UP,4.0,0.0,6,6,34,-64.2,20.439,6.606,0,0,0,32,0,59.0,0.0,0,0,,,,,,,,,,,,,,,,,,,,,0.0,0,,SYNTHETIC,0
power-outage,0,555,2026-09-03T09:09:15Z,2026-09-03T09:09:16Z,2026-09-03T09:09:15Z,2026-09-03T09:09:16Z,site_a,SIM,synthetic_demo,A-WAN-1,UP,1000.0,116.4993,116.88,0.0,17.87,1.825,0.115,0,UP,4.0,0.0,48,12,45,-62.1,16.889,5.241,0,6,0,7,0,186.0,0.0,0,0,LOAD_SHED,LOAD_SHED,0,1,81.17,92.0,51.1038,50.9195,2.0545,3.82029,3.94029,3.80612,3.92612,120.0,23.7,146.458,3,54.966,,DISCHARGE,0.0,0,,SYNTHETIC,0
power-outage,0,555,2026-09-03T09:09:15Z,2026-09-03T09:09:16Z,2026-09-03T09:09:15Z,2026-09-03T09:09:16Z,site_b,SIM,synthetic_demo,B-WAN-1,UP,1000.0,71.8787,71.96,0.0,21.07,0.3006,0.113,0,UP,4.0,0.0,6,6,53,-62.6,25.056,7.11,0,1,0,32,0,44.0,0.0,0,0,,,,,,,,,,,,,,,,,,,,,0.0,0,,SYNTHETIC,0
power-outage,0,556,2026-09-03T09:09:16Z,2026-09-03T09:09:17Z,2026-09-03T09:09:16Z,2026-09-03T09:09:17Z,site_a,SIM,synthetic_demo,A-WAN-1,UP,1000.0,126.2755,127.1,0.0,16.12,0.0582,0.077,0,UP,4.0,0.0,48,12,32,-61.8,15.125,4.778,0,4,0,7,0,194.0,0.0,0,0,LOAD_SHED,LOAD_SHED,0,1,81.04,92.0,51.1036,50.9267,1.9723,3.82028,3.94028,3.80667,3.92667,120.0,23.7,140.617,3,55.146,,DISCHARGE,0.0,0,,SYNTHETIC,0
power-outage,0,556,2026-09-03T09:09:16Z,2026-09-03T09:09:17Z,2026-09-03T09:09:16Z,2026-09-03T09:09:17Z,site_b,SIM,synthetic_demo,B-WAN-1,UP,1000.0,53.3049,53.8,0.0,22.91,2.604,0.13,0,UP,4.0,0.0,6,6,44,-62.2,20.574,6.821,0,1,0,32,0,67.0,0.0,0,0,,,,,,,,,,,,,,,,,,,,,0.0,0,,SYNTHETIC,0
power-outage,0,557,2026-09-03T09:09:17Z,2026-09-03T09:09:18Z,2026-09-03T09:09:17Z,2026-09-03T09:09:18Z,site_a,SIM,synthetic_demo,A-WAN-1,UP,1000.0,120.0086,120.65,0.0,16.53,0.7848,0.042,0,UP,4.0,0.0,48,12,47,-62.8,16.808,5.36,0,5,0,7,0,197.0,0.0,0,0,LOAD_SHED,LOAD_SHED,0,1,81.1,92.0,51.1035,50.9214,2.0292,3.82027,3.94027,3.80626,3.92626,120.0,23.4,144.661,3,55.02,,DISCHARGE,0.0,0,,SYNTHETIC,0
power-outage,0,557,2026-09-03T09:09:17Z,2026-09-03T09:09:18Z,2026-09-03T09:09:17Z,2026-09-03T09:09:18Z,site_b,SIM,synthetic_demo,B-WAN-1,UP,1000.0,65.356,65.04,0.0,21.55,0.9962,0.106,0,UP,4.0,0.0,6,6,16,-59.7,13.843,5.045,1,0,0,32,0,91.0,0.0,0,0,,,,,,,,,,,,,,,,,,,,,0.0,0,,SYNTHETIC,0
power-outage,0,558,2026-09-03T09:09:18Z,2026-09-03T09:09:19Z,2026-09-03T09:09:18Z,2026-09-03T09:09:19Z,site_a,SIM,synthetic_demo,A-WAN-1,UP,1000.0,157.7953,158.14,0.0,17.26,1.277,0.069,0,UP,4.0,0.0,48,12,45,-62.1,17.452,5.257,0,7,0,7,0,163.0,0.0,0,0,LOAD_SHED,LOAD_SHED,0,1,80.96,92.0,51.1033,50.9245,1.9936,3.82025,3.94025,3.8065,3.9265,120.0,23.4,142.134,3,55.097,,DISCHARGE,0.0,0,,SYNTHETIC,0
power-outage,0,558,2026-09-03T09:09:18Z,2026-09-03T09:09:19Z,2026-09-03T09:09:18Z,2026-09-03T09:09:19Z,site_b,SIM,synthetic_demo,B-WAN-1,UP,1000.0,64.6391,65.43,0.0,22.37,1.1988,0.124,0,UP,4.0,0.0,6,6,56,-61.7,24.401,7.424,1,0,0,32,0,53.0,0.0,0,0,,,,,,,,,,,,,,,,,,,,,0.0,0,,SYNTHETIC,0
power-outage,0,559,2026-09-03T09:09:19Z,2026-09-03T09:09:20Z,2026-09-03T09:09:19Z,2026-09-03T09:09:20Z,site_a,SIM,synthetic_demo,A-WAN-1,UP,1000.0,117.429,117.09,0.0,18.61,2.9802,0.054,0,UP,4.0,0.0,48,12,64,-61.8,19.681,6.095,0,4,0,7,0,255.0,0.0,0,0,LOAD_SHED,LOAD_SHED,0,1,81.11,92.0,51.1031,50.9201,2.0401,3.82024,3.94024,3.80616,3.92616,120.0,23.5,145.431,3,54.994,,DISCHARGE,0.0,0,,SYNTHETIC,0
power-outage,0,559,2026-09-03T09:09:19Z,2026-09-03T09:09:20Z,2026-09-03T09:09:19Z,2026-09-03T09:09:20Z,site_b,SIM,synthetic_demo,B-WAN-1,UP,1000.0,61.7616,61.67,0.0,22.91,1.7061,0.122,0,UP,4.0,0.0,6,6,43,-62.4,21.848,7.157,0,0,0,32,0,41.0,0.0,0,0,,,,,,,,,,,,,,,,,,,,,0.0,0,,SYNTHETIC,0
power-outage,0,560,2026-09-03T09:09:20Z,2026-09-03T09:09:21Z,2026-09-03T09:09:20Z,2026-09-03T09:09:21Z,site_a,SIM,synthetic_demo,A-WAN-1,UP,1000.0,150.2577,150.64,0.0,15.77,0.023,0.09,0,UP,4.0,0.0,48,12,67,-62.8,16.946,6.072,0,4,0,7,0,348.0,0.0,0,0,LOAD_SHED,LOAD_SHED,0,1,81.15,92.0,51.103,50.9213,2.025,3.82023,3.94023,3.80625,3.92625,120.0,23.7,144.357,3,55.026,,DISCHARGE,0.0,0,,SYNTHETIC,0
power-outage,0,560,2026-09-03T09:09:20Z,2026-09-03T09:09:21Z,2026-09-03T09:09:20Z,2026-09-03T09:09:21Z,site_b,SIM,synthetic_demo,B-WAN-1,UP,1000.0,57.3002,57.23,0.0,24.15,3.4517,0.089,0,UP,4.0,0.0,6,6,24,-61.8,17.799,4.617,0,2,0,32,0,73.0,0.0,0,0,,,,,,,,,,,,,,,,,,,,,0.0,0,,SYNTHETIC,0
power-outage,0,561,2026-09-03T09:09:21Z,2026-09-03T09:09:22Z,2026-09-03T09:09:21Z,2026-09-03T09:09:22Z,site_a,SIM,synthetic_demo,A-WAN-1,UP,1000.0,186.2435,186.59,0.0,16.58,1.1224,0.076,0,UP,4.0,0.0,48,12,75,-60.0,20.662,6.114,0,5,0,7,0,329.0,0.0,0,0,LOAD_SHED,LOAD_SHED,0,1,81.03,92.0,51.1028,50.9235,1.999,3.82021,3.94021,3.80642,3.92642,120.0,23.6,142.512,3,55.083,,DISCHARGE,0.0,0,,SYNTHETIC,0
power-outage,0,561,2026-09-03T09:09:21Z,2026-09-03T09:09:22Z,2026-09-03T09:09:21Z,2026-09-03T09:09:22Z,site_b,SIM,synthetic_demo,B-WAN-1,UP,1000.0,58.2704,59.4,0.0,22.36,1.2405,0.109,0,UP,4.0,0.0,6,6,33,-63.9,18.502,6.176,0,0,0,32,0,32.0,0.0,0,0,,,,,,,,,,,,,,,,,,,,,0.0,0,,SYNTHETIC,0
power-outage,0,562,2026-09-03T09:09:22Z,2026-09-03T09:09:23Z,2026-09-03T09:09:22Z,2026-09-03T09:09:23Z,site_a,SIM,synthetic_demo,A-WAN-1,UP,1000.0,152.8759,153.64,0.0,18.83,2.364,0.104,0,UP,4.0,0.0,48,12,75,-61.9,21.755,6.32,2,5,0,7,0,259.0,0.0,0,0,LOAD_SHED,LOAD_SHED,0,1,81.01,92.0,51.1026,50.9212,2.0227,3.8202,3.9402,3.80624,3.92624,120.0,23.8,144.199,3,55.03,,DISCHARGE,0.0,0,,SYNTHETIC,0
power-outage,0,562,2026-09-03T09:09:22Z,2026-09-03T09:09:23Z,2026-09-03T09:09:22Z,2026-09-03T09:09:23Z,site_b,SIM,synthetic_demo,B-WAN-1,UP,1000.0,79.3562,79.16,0.0,21.6,0.3768,0.134,0,UP,4.0,0.0,6,6,26,-63.4,18.836,5.501,0,1,0,32,0,43.0,0.0,0,0,,,,,,,,,,,,,,,,,,,,,0.0,0,,SYNTHETIC,0
power-outage,0,563,2026-09-03T09:09:23Z,2026-09-03T09:09:24Z,2026-09-03T09:09:23Z,2026-09-03T09:09:24Z,site_a,SIM,synthetic_demo,A-WAN-1,UP,1000.0,116.5845,116.47,0.0,17.02,0.9644,0.083,0,UP,4.0,0.0,48,12,53,-61.9,16.233,6.204,0,5,0,7,0,156.0,0.0,0,0,LOAD_SHED,LOAD_SHED,0,1,81.08,92.0,51.1024,50.9215,2.0172,3.82019,3.94019,3.80627,3.92627,120.0,23.6,143.807,3,55.041,,DISCHARGE,0.0,0,,SYNTHETIC,0
power-outage,0,563,2026-09-03T09:09:23Z,2026-09-03T09:09:24Z,2026-09-03T09:09:23Z,2026-09-03T09:09:24Z,site_b,SIM,synthetic_demo,B-WAN-1,UP,1000.0,70.0624,69.74,0.0,23.34,1.8662,0.077,0,UP,4.0,0.0,6,6,41,-63.8,20.696,6.034,0,0,0,32,0,64.0,0.0,0,0,,,,,,,,,,,,,,,,,,,,,0.0,0,,SYNTHETIC,0
power-outage,0,564,2026-09-03T09:09:24Z,2026-09-03T09:09:25Z,2026-09-03T09:09:24Z,2026-09-03T09:09:25Z,site_a,SIM,synthetic_demo,A-WAN-1,UP,1000.0,108.4065,108.06,0.0,17.09,1.0599,0.078,0,UP,4.0,0.0,48,12,107,-62.3,24.878,7.506,0,4,0,7,0,198.0,0.0,0,0,LOAD_SHED,LOAD_SHED,0,1,81.03,92.0,51.1023,50.9222,2.0074,3.82017,3.94017,3.80632,3.92632,120.0,23.5,143.109,3,55.062,,DISCHARGE,0.0,0,,SYNTHETIC,0
power-outage,0,564,2026-09-03T09:09:24Z,2026-09-03T09:09:25Z,2026-09-03T09:09:24Z,2026-09-03T09:09:25Z,site_b,SIM,synthetic_demo,B-WAN-1,UP,1000.0,62.8495,62.53,0.0,21.92,0.1151,0.087,0,UP,4.0,0.0,6,6,50,-63.5,25.515,7.234,0,0,0,32,0,44.0,0.0,0,0,,,,,,,,,,,,,,,,,,,,,0.0,0,,SYNTHETIC,0
power-outage,0,565,2026-09-03T09:09:25Z,2026-09-03T09:09:26Z,2026-09-03T09:09:25Z,2026-09-03T09:09:26Z,site_a,SIM,synthetic_demo,A-WAN-1,UP,1000.0,113.3938,112.26,0.0,16.49,0.5122,0.085,0,UP,4.0,0.0,48,12,69,-64.4,20.359,6.116,0,4,0,7,0,169.0,0.0,0,0,LOAD_SHED,LOAD_SHED,0,1,81.09,92.0,51.1021,50.9201,2.0285,3.82016,3.94016,3.80616,3.92616,120.0,23.6,144.61,3,55.014,,DISCHARGE,0.0,0,,SYNTHETIC,0
power-outage,0,565,2026-09-03T09:09:25Z,2026-09-03T09:09:26Z,2026-09-03T09:09:25Z,2026-09-03T09:09:26Z,site_b,SIM,synthetic_demo,B-WAN-1,UP,1000.0,70.3149,70.67,0.0,21.21,0.3797,0.103,0,UP,4.0,0.0,6,6,90,-62.4,32.424,10.022,0,0,0,32,0,60.0,0.0,0,0,,,,,,,,,,,,,,,,,,,,,0.0,0,,SYNTHETIC,0
power-outage,0,566,2026-09-03T09:09:26Z,2026-09-03T09:09:27Z,2026-09-03T09:09:26Z,2026-09-03T09:09:27Z,site_a,SIM,synthetic_demo,A-WAN-1,UP,1000.0,106.7931,106.39,0.0,17.55,2.0605,0.089,0,UP,4.0,0.0,48,12,31,-60.8,16.889,4.789,0,6,0,7,0,155.0,0.0,0,0,LOAD_SHED,LOAD_SHED,0,1,81.09,92.0,51.1019,50.9207,2.0203,3.82015,3.94015,3.80621,3.92621,120.0,23.6,144.021,3,55.032,,DISCHARGE,0.0,0,,SYNTHETIC,0
power-outage,0,566,2026-09-03T09:09:26Z,2026-09-03T09:09:27Z,2026-09-03T09:09:26Z,2026-09-03T09:09:27Z,site_b,SIM,synthetic_demo,B-WAN-1,UP,1000.0,69.7492,68.19,0.0,21.79,1.332,0.051,0,UP,4.0,0.0,6,6,31,-62.3,19.494,5.396,0,0,0,32,0,50.0,0.0,0,0,,,,,,,,,,,,,,,,,,,,,0.0,0,,SYNTHETIC,0
power-outage,0,567,2026-09-03T09:09:27Z,2026-09-03T09:09:28Z,2026-09-03T09:09:27Z,2026-09-03T09:09:28Z,site_a,SIM,synthetic_demo,A-WAN-1,UP,1000.0,170.4462,170.61,0.0,16.82,0.6601,0.072,0,UP,4.0,0.0,48,12,45,-62.4,17.15,5.277,2,5,0,7,0,206.0,0.0,0,0,LOAD_SHED,LOAD_SHED,0,1,81.11,92.0,51.1018,50.9235,1.9872,3.82014,3.94014,3.80642,3.92642,120.0,23.8,141.675,3,55.103,,DISCHARGE,0.0,0,,SYNTHETIC,0
power-outage,0,567,2026-09-03T09:09:27Z,2026-09-03T09:09:28Z,2026-09-03T09:09:27Z,2026-09-03T09:09:28Z,site_b,SIM,synthetic_demo,B-WAN-1,UP,1000.0,65.3973,65.37,0.0,21.3,0.461,0.127,0,UP,4.0,0.0,6,6,37,-61.6,21.981,6.01,0,1,0,32,0,71.0,0.0,0,0,,,,,,,,,,,,,,,,,,,,,0.0,0,,SYNTHETIC,0
power-outage,0,568,2026-09-03T09:09:28Z,2026-09-03T09:09:29Z,2026-09-03T09:09:28Z,2026-09-03T09:09:29Z,site_a,SIM,synthetic_demo,A-WAN-1,UP,1000.0,138.8262,138.6,0.0,16.74,1.0125,0.071,0,UP,4.0,0.0,48,12,52,-60.2,18.561,5.18,0,5,0,7,0,176.0,0.0,0,0,LOAD_SHED,LOAD_SHED,0,1,80.99,92.0,51.1016,50.9209,2.0139,3.82012,3.94012,3.80623,3.92623,120.0,23.6,143.572,3,55.044,,DISCHARGE,0.0,0,,SYNTHETIC,0
power-outage,0,568,2026-09-03T09:09:28Z,2026-09-03T09:09:29Z,2026-09-03T09:09:28Z,2026-09-03T09:09:29Z,site_b,SIM,synthetic_demo,B-WAN-1,UP,1000.0,60.6529,60.63,0.0,21.71,0.5599,0.133,0,UP,4.0,0.0,6,6,15,-59.9,15.555,4.197,0,0,0,32,0,37.0,0.0,0,0,,,,,,,,,,,,,,,,,,,,,0.0,0,,SYNTHETIC,0
power-outage,0,569,2026-09-03T09:09:29Z,2026-09-03T09:09:30Z,2026-09-03T09:09:29Z,2026-09-03T09:09:30Z,site_a,SIM,synthetic_demo,A-WAN-1,UP,1000.0,126.4853,126.91,0.0,17.62,1.0922,0.065,0,UP,4.0,0.0,48,48,115,-61.6,15.598,4.579,1,3,0,7,0,195.0,0.0,0,0,LOAD_SHED,BATTERY,0,1,81.08,92.0,51.1014,50.9189,2.0354,3.82011,3.94011,3.80607,3.92607,120.0,23.8,145.094,,673.582,,DISCHARGE,0.0,0,,SYNTHETIC,0
power-outage,0,569,2026-09-03T09:09:29Z,2026-09-03T09:09:30Z,2026-09-03T09:09:29Z,2026-09-03T09:09:30Z,site_b,SIM,synthetic_demo,B-WAN-1,UP,1000.0,121.9313,122.46,0.0,21.2,0.0785,0.104,0,UP,4.0,0.0,6,6,44,-63.3,24.098,6.649,0,0,0,32,0,30.0,0.0,0,0,,,,,,,,,,,,,,,,,,,,,0.0,0,,SYNTHETIC,0
power-outage,0,570,2026-09-03T09:09:30Z,2026-09-03T09:09:31Z,2026-09-03T09:09:30Z,2026-09-03T09:09:31Z,site_a,SIM,synthetic_demo,A-WAN-1,UP,1000.0,117.844,118.17,0.0,16.74,1.1387,0.093,0,UP,4.0,0.0,48,48,205,-62.1,17.844,5.626,1,3,0,7,0,102.0,0.0,0,0,BATTERY,BATTERY,0,1,81.07,92.0,51.0995,48.7701,25.9681,3.81996,3.93996,3.64078,3.76078,120.0,23.7,1772.844,,55.127,OCP_DSG,DISCHARGE,0.0,0,,SYNTHETIC,0
power-outage,0,570,2026-09-03T09:09:30Z,2026-09-03T09:09:31Z,2026-09-03T09:09:30Z,2026-09-03T09:09:31Z,site_b,SIM,synthetic_demo,B-WAN-1,UP,1000.0,87.8081,86.14,0.0,21.64,1.2913,0.106,0,UP,4.0,0.0,6,6,35,-61.2,19.478,6.522,0,0,0,32,0,40.0,0.0,0,0,,,,,,,,,,,,,,,,,,,,,0.0,0,,SYNTHETIC,0
power-outage,0,571,2026-09-03T09:09:31Z,2026-09-03T09:09:32Z,2026-09-03T09:09:31Z,2026-09-03T09:09:32Z,site_a,SIM,synthetic_demo,A-WAN-1,UP,1000.0,135.2662,135.34,0.0,16.07,0.0625,0.068,0,UP,4.0,0.0,48,12,45,-62.2,16.71,5.207,0,3,0,7,0,221.0,0.0,0,0,BATTERY,LOAD_SHED,0,1,81.07,92.0,51.0993,50.9212,1.9857,3.81995,3.93995,3.80624,3.92624,120.0,23.8,141.56,3,55.094,,DISCHARGE,0.0,0,,SYNTHETIC,0
power-outage,0,571,2026-09-03T09:09:31Z,2026-09-03T09:09:32Z,2026-09-03T09:09:31Z,2026-09-03T09:09:32Z,site_b,SIM,synthetic_demo,B-WAN-1,UP,1000.0,81.0463,81.46,0.0,23.15,2.6477,0.117,0,UP,4.0,0.0,6,6,41,-60.9,21.761,6.451,0,0,0,32,0,65.0,0.0,0,0,,,,,,,,,,,,,,,,,,,,,0.0,0,,SYNTHETIC,0
power-outage,0,572,2026-09-03T09:09:32Z,2026-09-03T09:09:33Z,2026-09-03T09:09:32Z,2026-09-03T09:09:33Z,site_a,SIM,synthetic_demo,A-WAN-1,UP,1000.0,118.9867,119.85,0.0,17.75,1.537,0.077,0,UP,4.0,0.0,48,12,61,-63.1,19.007,5.881,0,3,0,7,0,186.0,0.0,0,0,LOAD_SHED,LOAD_SHED,0,1,81.05,92.0,51.0991,50.9202,1.9943,3.81993,3.93993,3.80617,3.92617,120.0,23.7,142.167,3,55.074,,DISCHARGE,0.0,0,,SYNTHETIC,0
power-outage,0,572,2026-09-03T09:09:32Z,2026-09-03T09:09:33Z,2026-09-03T09:09:32Z,2026-09-03T09:09:33Z,site_b,SIM,synthetic_demo,B-WAN-1,UP,1000.0,58.6317,59.4,0.0,21.9,0.7745,0.089,0,UP,4.0,0.0,6,6,38,-61.2,18.519,6.538,0,2,0,32,0,49.0,0.0,0,0,,,,,,,,,,,,,,,,,,,,,0.0,0,,SYNTHETIC,0
power-outage,0,573,2026-09-03T09:09:33Z,2026-09-03T09:09:34Z,2026-09-03T09:09:33Z,2026-09-03T09:09:34Z,site_a,SIM,synthetic_demo,A-WAN-1,UP,1000.0,114.37,113.7,0.0,17.57,1.9316,0.066,0,UP,4.0,0.0,48,12,50,-60.0,18.763,4.756,0,4,0,7,0,226.0,0.0,0,0,LOAD_SHED,LOAD_SHED,0,1,81.06,92.0,51.099,50.9197,1.9991,3.81992,3.93992,3.80613,3.92613,120.0,23.7,142.507,3,55.062,,DISCHARGE,0.0,0,,SYNTHETIC,0
power-outage,0,573,2026-09-03T09:09:33Z,2026-09-03T09:09:34Z,2026-09-03T09:09:33Z,2026-09-03T09:09:34Z,site_b,SIM,synthetic_demo,B-WAN-1,UP,1000.0,65.1861,64.29,0.0,21.87,1.5468,0.102,0,UP,4.0,0.0,6,6,62,-58.9,27.877,7.953,0,2,0,32,0,56.0,0.0,0,0,,,,,,,,,,,,,,,,,,,,,0.0,0,,SYNTHETIC,0
power-outage,0,574,2026-09-03T09:09:34Z,2026-09-03T09:09:35Z,2026-09-03T09:09:34Z,2026-09-03T09:09:35Z,site_a,SIM,synthetic_demo,A-WAN-1,UP,1000.0,106.2878,106.15,0.0,15.66,0.0277,0.095,0,UP,4.0,0.0,48,12,50,-61.1,19.268,5.447,1,4,0,7,0,180.0,0.0,0,0,LOAD_SHED,LOAD_SHED,0,1,81.08,92.0,51.0988,50.9226,1.9638,3.81991,3.93991,3.80636,3.92636,120.0,23.6,140.003,3,55.139,,DISCHARGE,0.0,0,,SYNTHETIC,0
power-outage,0,574,2026-09-03T09:09:34Z,2026-09-03T09:09:35Z,2026-09-03T09:09:34Z,2026-09-03T09:09:35Z,site_b,SIM,synthetic_demo,B-WAN-1,UP,1000.0,48.8219,48.33,0.0,21.02,0.1349,0.1,0,UP,4.0,0.0,6,6,49,-61.5,21.511,7.201,0,0,0,32,0,28.0,0.0,0,0,,,,,,,,,,,,,,,,,,,,,0.0,0,,SYNTHETIC,0
power-outage,0,575,2026-09-03T09:09:35Z,2026-09-03T09:09:36Z,2026-09-03T09:09:35Z,2026-09-03T09:09:36Z,site_a,SIM,synthetic_demo,A-WAN-1,UP,1000.0,120.1524,120.29,0.0,16.29,0.1776,0.078,0,UP,4.0,0.0,48,12,66,-62.3,19.021,5.937,0,3,0,7,0,172.0,0.0,0,0,LOAD_SHED,LOAD_SHED,0,1,81.1,92.0,51.0986,50.9164,2.0313,3.81989,3.93989,3.80588,3.92588,120.0,23.7,144.796,3,54.99,,DISCHARGE,0.0,0,,SYNTHETIC,0
power-outage,0,575,2026-09-03T09:09:35Z,2026-09-03T09:09:36Z,2026-09-03T09:09:35Z,2026-09-03T09:09:36Z,site_b,SIM,synthetic_demo,B-WAN-1,UP,1000.0,59.5737,59.36,0.0,22.83,1.9389,0.1,0,UP,4.0,0.0,6,6,66,-61.1,29.807,8.379,1,0,0,32,0,46.0,0.0,0,0,,,,,,,,,,,,,,,,,,,,,0.0,0,,SYNTHETIC,0
power-outage,0,576,2026-09-03T09:09:36Z,2026-09-03T09:09:37Z,2026-09-03T09:09:36Z,2026-09-03T09:09:37Z,site_a,SIM,synthetic_demo,A-WAN-1,UP,1000.0,120.6085,120.6,0.0,16.57,0.7081,0.093,0,UP,4.0,0.0,48,12,56,-61.1,18.796,5.757,0,3,0,7,0,153.0,0.0,0,0,LOAD_SHED,LOAD_SHED,0,1,81.03,92.0,51.0985,50.9167,2.0267,3.81988,3.93988,3.8059,3.9259,120.0,23.6,144.468,3,54.999,,DISCHARGE,0.0,0,,SYNTHETIC,0
power-outage,0,576,2026-09-03T09:09:36Z,2026-09-03T09:09:37Z,2026-09-03T09:09:36Z,2026-09-03T09:09:37Z,site_b,SIM,synthetic_demo,B-WAN-1,UP,1000.0,82.8476,83.75,0.0,22.83,1.6395,0.122,0,UP,4.0,0.0,6,6,46,-63.7,22.389,7.683,0,1,0,32,0,54.0,0.0,0,0,,,,,,,,,,,,,,,,,,,,,0.0,0,,SYNTHETIC,0
power-outage,0,577,2026-09-03T09:09:37Z,2026-09-03T09:09:38Z,2026-09-03T09:09:37Z,2026-09-03T09:09:38Z,site_a,SIM,synthetic_demo,A-WAN-1,UP,1000.0,427.5163,427.31,0.0,17.42,1.2375,0.093,0,UP,4.0,0.0,48,12,73,-62.1,21.157,5.825,0,3,0,7,0,227.0,0.0,0,0,LOAD_SHED,LOAD_SHED,0,1,81.03,92.0,51.0983,50.9162,2.0294,3.81987,3.93987,3.80587,3.92587,120.0,23.6,144.661,3,54.992,,DISCHARGE,0.0,0,,SYNTHETIC,0
power-outage,0,577,2026-09-03T09:09:37Z,2026-09-03T09:09:38Z,2026-09-03T09:09:37Z,2026-09-03T09:09:38Z,site_b,SIM,synthetic_demo,B-WAN-1,UP,1000.0,62.522,61.93,0.0,21.5,0.8642,0.12,0,UP,4.0,0.0,6,6,18,-61.1,15.331,4.622,0,0,0,32,0,56.0,0.0,0,0,,,,,,,,,,,,,,,,,,,,,0.0,0,,SYNTHETIC,0
power-outage,0,578,2026-09-03T09:09:38Z,2026-09-03T09:09:39Z,2026-09-03T09:09:38Z,2026-09-03T09:09:39Z,site_a,SIM,synthetic_demo,A-WAN-1,UP,1000.0,119.41,119.93,0.0,16.28,0.5517,0.045,0,UP,4.0,0.0,48,12,43,-60.6,16.477,4.641,1,4,0,7,0,157.0,0.0,0,0,LOAD_SHED,LOAD_SHED,0,1,81.08,92.0,51.0981,50.9202,1.9832,3.81986,3.93986,3.80617,3.92617,120.0,23.5,141.375,3,55.093,,DISCHARGE,0.0,0,,SYNTHETIC,0
power-outage,0,578,2026-09-03T09:09:38Z,2026-09-03T09:09:39Z,2026-09-03T09:09:38Z,2026-09-03T09:09:39Z,site_b,SIM,synthetic_demo,B-WAN-1,UP,1000.0,61.8372,61.79,0.0,21.84,0.4218,0.149,0,UP,4.0,0.0,6,6,34,-60.3,16.979,5.961,0,1,0,32,0,43.0,0.0,0,0,,,,,,,,,,,,,,,,,,,,,0.0,0,,SYNTHETIC,0
power-outage,0,579,2026-09-03T09:09:39Z,2026-09-03T09:09:40Z,2026-09-03T09:09:39Z,2026-09-03T09:09:40Z,site_a,SIM,synthetic_demo,A-WAN-1,UP,1000.0,148.0174,148.48,0.0,17.62,1.4611,0.093,0,UP,4.0,0.0,48,12,55,-63.4,17.951,5.971,0,4,0,7,0,146.0,0.0,0,0,LOAD_SHED,LOAD_SHED,0,1,80.95,92.0,51.0979,50.9149,2.0411,3.81984,3.93984,3.80576,3.92576,120.0,23.5,145.487,3,54.965,,DISCHARGE,0.0,0,,SYNTHETIC,0
power-outage,0,579,2026-09-03T09:09:39Z,2026-09-03T09:09:40Z,2026-09-03T09:09:39Z,2026-09-03T09:09:40Z,site_b,SIM,synthetic_demo,B-WAN-1,UP,1000.0,69.4302,70.06,0.0,21.26,0.385,0.112,0,UP,4.0,0.0,6,6,27,-63.1,16.818,5.661,0,0,0,32,0,85.0,0.0,0,0,,,,,,,,,,,,,,,,,,,,,0.0,0,,SYNTHETIC,0
power-outage,0,580,2026-09-03T09:09:40Z,2026-09-03T09:09:41Z,2026-09-03T09:09:40Z,2026-09-03T09:09:41Z,site_a,SIM,synthetic_demo,A-WAN-1,UP,1000.0,112.3714,112.04,0.0,15.93,0.5942,0.056,0,UP,4.0,0.0,48,12,52,-61.0,17.941,5.255,0,5,0,7,0,79.0,0.0,0,0,LOAD_SHED,LOAD_SHED,0,1,80.99,92.0,51.0978,50.9168,2.0177,3.81983,3.93983,3.80591,3.92591,120.0,23.6,143.825,3,55.015,,DISCHARGE,0.0,0,,SYNTHETIC,0
power-outage,0,580,2026-09-03T09:09:40Z,2026-09-03T09:09:41Z,2026-09-03T09:09:40Z,2026-09-03T09:09:41Z,site_b,SIM,synthetic_demo,B-WAN-1,UP,1000.0,82.8333,82.84,0.0,20.87,0.3803,0.109,0,UP,4.0,0.0,6,6,20,-64.3,16.73,5.438,0,0,0,32,0,46.0,0.0,0,0,,,,,,,,,,,,,,,,,,,,,0.0,0,,SYNTHETIC,0
power-outage,0,581,2026-09-03T09:09:41Z,2026-09-03T09:09:42Z,2026-09-03T09:09:41Z,2026-09-03T09:09:42Z,site_a,SIM,synthetic_demo,A-WAN-1,UP,1000.0,109.6236,108.93,0.0,16.51,0.5071,0.087,0,UP,4.0,0.0,48,12,44,-60.4,18.386,4.886,0,3,0,7,0,150.0,0.0,0,0,LOAD_SHED,LOAD_SHED,0,1,81.07,92.0,51.0976,50.9139,2.0478,3.81982,3.93982,3.80569,3.92569,120.0,23.7,145.966,3,54.948,,DISCHARGE,0.0,0,,SYNTHETIC,0
power-outage,0,581,2026-09-03T09:09:41Z,2026-09-03T09:09:42Z,2026-09-03T09:09:41Z,2026-09-03T09:09:42Z,site_b,SIM,synthetic_demo,B-WAN-1,UP,1000.0,68.7996,68.78,0.0,24.22,2.8167,0.097,0,UP,4.0,0.0,6,6,29,-58.9,18.941,4.942,0,0,0,32,0,47.0,0.0,0,0,,,,,,,,,,,,,,,,,,,,,0.0,0,,SYNTHETIC,0
power-outage,0,582,2026-09-03T09:09:42Z,2026-09-03T09:09:43Z,2026-09-03T09:09:42Z,2026-09-03T09:09:43Z,site_a,SIM,synthetic_demo,A-WAN-1,UP,1000.0,106.0595,106.59,0.0,18.08,0.9169,0.083,0,UP,4.0,0.0,48,12,42,-62.1,16.316,5.102,0,3,0,7,0,111.0,0.0,0,0,LOAD_SHED,LOAD_SHED,0,1,81.06,92.0,51.0974,50.9198,1.9803,3.8198,3.9398,3.80614,3.92614,120.0,23.7,141.167,3,55.096,,DISCHARGE,0.0,0,,SYNTHETIC,0
power-outage,0,582,2026-09-03T09:09:42Z,2026-09-03T09:09:43Z,2026-09-03T09:09:42Z,2026-09-03T09:09:43Z,site_b,SIM,synthetic_demo,B-WAN-1,UP,1000.0,125.037,125.28,0.0,23.8,2.4536,0.105,0,UP,4.0,0.0,6,6,47,-63.7,22.764,7.85,0,2,0,32,0,66.0,0.0,0,0,,,,,,,,,,,,,,,,,,,,,0.0,0,,SYNTHETIC,0
power-outage,0,583,2026-09-03T09:09:43Z,2026-09-03T09:09:44Z,2026-09-03T09:09:43Z,2026-09-03T09:09:44Z,site_a,SIM,synthetic_demo,A-WAN-1,UP,1000.0,131.0907,131.02,0.0,16.02,0.6494,0.048,0,UP,4.0,0.0,48,12,73,-61.4,20.297,6.068,0,3,0,7,0,179.0,0.0,0,0,LOAD_SHED,LOAD_SHED,0,1,81.13,92.0,51.0973,50.9187,1.9913,3.81979,3.93979,3.80605,3.92605,120.0,23.6,141.947,3,55.071,,DISCHARGE,0.0,0,,SYNTHETIC,0
power-outage,0,583,2026-09-03T09:09:43Z,2026-09-03T09:09:44Z,2026-09-03T09:09:43Z,2026-09-03T09:09:44Z,site_b,SIM,synthetic_demo,B-WAN-1,UP,1000.0,88.756,88.72,0.0,22.59,1.7741,0.122,0,UP,4.0,0.0,6,6,19,-63.4,18.891,4.792,0,1,0,32,0,92.0,0.0,0,0,,,,,,,,,,,,,,,,,,,,,0.0,0,,SYNTHETIC,0
power-outage,0,584,2026-09-03T09:09:44Z,2026-09-03T09:09:45Z,2026-09-03T09:09:44Z,2026-09-03T09:09:45Z,site_a,SIM,synthetic_demo,A-WAN-1,UP,1000.0,138.6207,138.4,0.0,18.03,2.5197,0.066,0,UP,4.0,0.0,48,12,96,-63.3,24.564,7.029,0,3,0,7,0,168.0,0.0,0,0,LOAD_SHED,LOAD_SHED,0,1,81.1,92.0,51.0971,50.9168,2.0097,3.81978,3.93978,3.80591,3.92591,120.0,23.6,143.256,3,55.03,,DISCHARGE,0.0,0,,SYNTHETIC,0
power-outage,0,584,2026-09-03T09:09:44Z,2026-09-03T09:09:45Z,2026-09-03T09:09:44Z,2026-09-03T09:09:45Z,site_b,SIM,synthetic_demo,B-WAN-1,UP,1000.0,75.3604,75.76,0.0,23.14,2.4016,0.096,0,UP,4.0,0.0,6,6,73,-60.7,28.996,8.57,0,0,0,32,0,67.0,0.0,0,0,,,,,,,,,,,,,,,,,,,,,0.0,0,,SYNTHETIC,0
power-outage,0,585,2026-09-03T09:09:45Z,2026-09-03T09:09:46Z,2026-09-03T09:09:45Z,2026-09-03T09:09:46Z,site_a,SIM,synthetic_demo,A-WAN-1,UP,1000.0,124.7934,124.54,0.0,16.93,0.9591,0.074,0,UP,4.0,0.0,48,12,74,-61.7,19.585,6.064,0,3,0,7,0,141.0,0.0,0,0,LOAD_SHED,LOAD_SHED,0,1,81.04,92.0,51.0969,50.9177,1.9979,3.81976,3.93976,3.80598,3.92598,120.0,23.7,142.421,3,55.055,,DISCHARGE,0.0,0,,SYNTHETIC,0
power-outage,0,585,2026-09-03T09:09:45Z,2026-09-03T09:09:46Z,2026-09-03T09:09:45Z,2026-09-03T09:09:46Z,site_b,SIM,synthetic_demo,B-WAN-1,UP,1000.0,106.6063,106.08,0.0,21.94,0.4795,0.092,0,UP,4.0,0.0,6,6,31,-62.8,18.519,5.317,0,0,0,32,0,83.0,0.0,0,0,,,,,,,,,,,,,,,,,,,,,0.0,0,,SYNTHETIC,0
power-outage,0,586,2026-09-03T09:09:46Z,2026-09-03T09:09:47Z,2026-09-03T09:09:46Z,2026-09-03T09:09:47Z,site_a,SIM,synthetic_demo,A-WAN-1,UP,1000.0,127.6058,126.82,0.0,20.11,3.5006,0.098,0,UP,4.0,0.0,48,48,199,-61.6,17.762,5.176,0,1,0,7,0,146.0,0.0,0,0,LOAD_SHED,BATTERY,0,1,81.01,92.0,51.0968,50.9175,1.9987,3.81975,3.93975,3.80596,3.92596,120.0,23.5,142.474,,685.658,,DISCHARGE,0.0,0,,SYNTHETIC,0
power-outage,0,586,2026-09-03T09:09:46Z,2026-09-03T09:09:47Z,2026-09-03T09:09:46Z,2026-09-03T09:09:47Z,site_b,SIM,synthetic_demo,B-WAN-1,UP,1000.0,85.7031,84.84,0.0,22.43,0.9704,0.115,0,UP,4.0,0.0,6,6,23,-59.7,17.231,4.226,0,0,0,32,0,88.0,0.0,0,0,,,,,,,,,,,,,,,,,,,,,0.0,0,,SYNTHETIC,0
power-outage,0,587,2026-09-03T09:09:47Z,2026-09-03T09:09:48Z,2026-09-03T09:09:47Z,2026-09-03T09:09:48Z,site_a,SIM,synthetic_demo,A-WAN-1,UP,1000.0,148.4443,148.42,0.0,16.44,0.2078,0.086,0,UP,4.0,0.0,48,48,259,-61.7,18.543,5.787,0,0,0,7,0,158.0,0.0,0,0,BATTERY,BATTERY,0,1,80.97,92.0,51.0948,48.7624,26.0024,3.8196,3.9396,3.64018,3.76018,120.0,23.5,1774.9,,55.038,OCP_DSG,DISCHARGE,0.0,0,,SYNTHETIC,0
power-outage,0,587,2026-09-03T09:09:47Z,2026-09-03T09:09:48Z,2026-09-03T09:09:47Z,2026-09-03T09:09:48Z,site_b,SIM,synthetic_demo,B-WAN-1,UP,1000.0,73.3762,72.68,0.0,21.55,0.7108,0.094,0,UP,4.0,0.0,6,6,26,-61.0,18.241,5.072,0,0,0,32,0,84.0,0.0,0,0,,,,,,,,,,,,,,,,,,,,,0.0,0,,SYNTHETIC,0
power-outage,0,588,2026-09-03T09:09:48Z,2026-09-03T09:09:49Z,2026-09-03T09:09:48Z,2026-09-03T09:09:49Z,site_a,SIM,synthetic_demo,A-WAN-1,UP,1000.0,99.5401,99.78,0.0,16.77,0.9257,0.086,0,UP,4.0,0.0,48,12,55,-63.4,18.436,5.579,0,0,0,7,0,168.0,0.0,0,0,BATTERY,LOAD_SHED,0,1,81.08,92.0,51.0946,50.9084,2.0762,3.81959,3.93959,3.80526,3.92526,120.0,23.5,147.976,3,54.87,,DISCHARGE,0.0,0,,SYNTHETIC,0
power-outage,0,588,2026-09-03T09:09:48Z,2026-09-03T09:09:49Z,2026-09-03T09:09:48Z,2026-09-03T09:09:49Z,site_b,SIM,synthetic_demo,B-WAN-1,UP,1000.0,73.5446,73.59,0.0,23.04,2.0176,0.059,0,UP,4.0,0.0,6,6,17,-60.2,16.407,4.235,1,1,0,32,0,40.0,0.0,0,0,,,,,,,,,,,,,,,,,,,,,0.0,0,,SYNTHETIC,0
power-outage,0,589,2026-09-03T09:09:49Z,2026-09-03T09:09:50Z,2026-09-03T09:09:49Z,2026-09-03T09:09:50Z,site_a,SIM,synthetic_demo,A-WAN-1,UP,1000.0,115.1801,114.42,0.0,17.15,1.4344,0.063,0,UP,4.0,0.0,48,12,67,-61.2,18.931,5.322,0,0,0,7,0,136.0,0.0,0,0,LOAD_SHED,LOAD_SHED,0,1,81.08,92.0,51.0945,50.9145,2.0061,3.81957,3.93957,3.80573,3.92573,120.0,23.7,142.993,3,55.023,,DISCHARGE,0.0,0,,SYNTHETIC,0
power-outage,0,589,2026-09-03T09:09:49Z,2026-09-03T09:09:50Z,2026-09-03T09:09:49Z,2026-09-03T09:09:50Z,site_b,SIM,synthetic_demo,B-WAN-1,UP,1000.0,85.1329,84.64,0.0,22.77,1.9946,0.093,0,UP,4.0,0.0,6,6,23,-62.5,16.565,5.094,0,0,0,32,0,55.0,0.0,0,0,,,,,,,,,,,,,,,,,,,,,0.0,0,,SYNTHETIC,0
power-outage,0,590,2026-09-03T09:09:50Z,2026-09-03T09:09:51Z,2026-09-03T09:09:50Z,2026-09-03T09:09:51Z,site_a,SIM,synthetic_demo,A-WAN-1,UP,1000.0,111.2254,110.19,0.0,16.21,0.71,0.102,0,UP,4.0,0.0,48,12,57,-61.1,19.104,5.605,0,0,0,7,0,164.0,0.0,0,0,LOAD_SHED,LOAD_SHED,0,1,80.97,92.0,51.0943,50.915,1.9992,3.81956,3.93956,3.80577,3.92577,120.0,23.7,142.5,3,55.038,,DISCHARGE,0.0,0,,SYNTHETIC,0
power-outage,0,590,2026-09-03T09:09:50Z,2026-09-03T09:09:51Z,2026-09-03T09:09:50Z,2026-09-03T09:09:51Z,site_b,SIM,synthetic_demo,B-WAN-1,UP,1000.0,73.9614,73.77,0.0,24.17,3.0376,0.085,0,UP,4.0,0.0,6,6,62,-58.9,24.126,7.949,0,0,0,32,0,50.0,0.0,0,0,,,,,,,,,,,,,,,,,,,,,0.0,0,,SYNTHETIC,0
power-outage,0,591,2026-09-03T09:09:51Z,2026-09-03T09:09:52Z,2026-09-03T09:09:51Z,2026-09-03T09:09:52Z,site_a,SIM,synthetic_demo,A-WAN-1,UP,1000.0,160.935,160.99,0.0,16.54,1.1844,0.075,0,UP,4.0,0.0,48,12,75,-62.6,19.731,6.575,0,0,0,7,0,162.0,0.0,0,0,LOAD_SHED,LOAD_SHED,0,1,81.03,92.0,51.0941,50.9124,2.0254,3.81955,3.93955,3.80557,3.92557,120.0,23.7,144.362,3,54.979,,DISCHARGE,0.0,0,,SYNTHETIC,0
power-outage,0,591,2026-09-03T09:09:51Z,2026-09-03T09:09:52Z,2026-09-03T09:09:51Z,2026-09-03T09:09:52Z,site_b,SIM,synthetic_demo,B-WAN-1,UP,1000.0,98.6425,98.59,0.0,21.06,0.3239,0.1,0,UP,4.0,0.0,6,6,16,-63.5,14.055,4.701,0,0,0,32,0,73.0,0.0,0,0,,,,,,,,,,,,,,,,,,,,,0.0,0,,SYNTHETIC,0
power-outage,0,592,2026-09-03T09:09:52Z,2026-09-03T09:09:53Z,2026-09-03T09:09:52Z,2026-09-03T09:09:53Z,site_a,SIM,synthetic_demo,A-WAN-1,UP,1000.0,133.9287,133.48,0.0,16.93,2.0321,0.067,0,UP,4.0,0.0,48,12,61,-62.4,18.856,5.879,0,0,0,7,0,173.0,0.0,0,0,LOAD_SHED,LOAD_SHED,0,1,80.98,92.0,51.0939,50.9052,2.1046,3.81953,3.93953,3.80501,3.92501,120.0,23.6,149.988,3,54.805,,DISCHARGE,0.0,0,,SYNTHETIC,0
power-outage,0,592,2026-09-03T09:09:52Z,2026-09-03T09:09:53Z,2026-09-03T09:09:52Z,2026-09-03T09:09:53Z,site_b,SIM,synthetic_demo,B-WAN-1,UP,1000.0,83.5224,83.01,0.0,22.28,1.737,0.105,0,UP,4.0,0.0,6,6,13,-61.9,15.542,3.647,0,0,0,32,0,55.0,0.0,0,0,,,,,,,,,,,,,,,,,,,,,0.0,0,,SYNTHETIC,0
power-outage,0,593,2026-09-03T09:09:53Z,2026-09-03T09:09:54Z,2026-09-03T09:09:53Z,2026-09-03T09:09:54Z,site_a,SIM,synthetic_demo,A-WAN-1,UP,1000.0,126.5445,126.9,0.0,19.79,2.9574,0.095,0,UP,4.0,0.0,48,12,127,-62.1,25.949,8.086,1,0,0,7,0,110.0,0.0,0,0,LOAD_SHED,LOAD_SHED,0,1,81.07,92.0,51.0938,50.915,1.9933,3.81952,3.93952,3.80577,3.92577,120.0,23.7,142.086,3,55.048,,DISCHARGE,0.0,0,,SYNTHETIC,0
power-outage,0,593,2026-09-03T09:09:53Z,2026-09-03T09:09:54Z,2026-09-03T09:09:53Z,2026-09-03T09:09:54Z,site_b,SIM,synthetic_demo,B-WAN-1,UP,1000.0,82.9728,83.14,0.0,21.97,1.0123,0.101,0,UP,4.0,0.0,6,6,107,-60.5,37.344,11.209,0,0,0,32,0,56.0,0.0,0,0,,,,,,,,,,,,,,,,,,,,,0.0,0,,SYNTHETIC,0
power-outage,0,594,2026-09-03T09:09:54Z,2026-09-03T09:09:55Z,2026-09-03T09:09:54Z,2026-09-03T09:09:55Z,site_a,SIM,synthetic_demo,A-WAN-1,UP,1000.0,109.9125,109.71,0.0,17.03,0.8886,0.047,0,UP,4.0,0.0,48,12,60,-63.5,19.313,5.688,0,1,0,7,0,217.0,0.0,0,0,LOAD_SHED,LOAD_SHED,0,1,80.96,92.0,51.0936,50.9146,1.9959,3.81951,3.93951,3.80574,3.92574,120.0,23.7,142.265,3,55.042,,DISCHARGE,0.0,0,,SYNTHETIC,0
power-outage,0,594,2026-09-03T09:09:54Z,2026-09-03T09:09:55Z,2026-09-03T09:09:54Z,2026-09-03T09:09:55Z,site_b,SIM,synthetic_demo,B-WAN-1,UP,1000.0,82.0377,82.82,0.0,23.49,2.2566,0.111,0,UP,4.0,0.0,6,6,23,-62.2,19.983,5.428,0,2,0,32,0,42.0,0.0,0,0,,,,,,,,,,,,,,,,,,,,,0.0,0,,SYNTHETIC,0
power-outage,0,595,2026-09-03T09:09:55Z,2026-09-03T09:09:56Z,2026-09-03T09:09:55Z,2026-09-03T09:09:56Z,site_a,SIM,synthetic_demo,A-WAN-1,UP,1000.0,157.5096,157.96,0.0,16.95,0.989,0.079,0,UP,4.0,0.0,48,12,73,-61.1,19.444,6.22,0,1,0,7,0,270.0,0.0,0,0,LOAD_SHED,LOAD_SHED,0,1,81.01,92.0,51.0934,50.9137,2.0033,3.8195,3.9395,3.80567,3.92567,120.0,23.6,142.792,3,55.024,,DISCHARGE,0.0,0,,SYNTHETIC,0
power-outage,0,595,2026-09-03T09:09:55Z,2026-09-03T09:09:56Z,2026-09-03T09:09:55Z,2026-09-03T09:09:56Z,site_b,SIM,synthetic_demo,B-WAN-1,UP,1000.0,71.6741,70.96,0.0,22.3,1.4504,0.075,0,UP,4.0,0.0,6,6,59,-61.6,24.413,7.937,0,0,0,32,0,68.0,0.0,0,0,,,,,,,,,,,,,,,,,,,,,0.0,0,,SYNTHETIC,0
power-outage,0,596,2026-09-03T09:09:56Z,2026-09-03T09:09:57Z,2026-09-03T09:09:56Z,2026-09-03T09:09:57Z,site_a,SIM,synthetic_demo,A-WAN-1,UP,1000.0,187.3282,188.12,0.0,15.8,0.2056,0.083,0,UP,4.0,0.0,48,12,91,-61.1,24.386,7.048,0,0,0,7,0,187.0,0.0,0,0,LOAD_SHED,LOAD_SHED,0,1,81.09,92.0,51.0933,50.9123,2.0179,3.81948,3.93948,3.80556,3.92556,120.0,23.7,143.831,3,54.991,,DISCHARGE,0.0,0,,SYNTHETIC,0
power-outage,0,596,2026-09-03T09:09:56Z,2026-09-03T09:09:57Z,2026-09-03T09:09:56Z,2026-09-03T09:09:57Z,site_b,SIM,synthetic_demo,B-WAN-1,UP,1000.0,75.2714,74.65,0.0,21.57,0.1666,0.097,0,UP,4.0,0.0,6,6,27,-61.4,20.005,5.671,0,0,0,32,0,40.0,0.0,0,0,,,,,,,,,,,,,,,,,,,,,0.0,0,,SYNTHETIC,0
power-outage,0,597,2026-09-03T09:09:57Z,2026-09-03T09:09:58Z,2026-09-03T09:09:57Z,2026-09-03T09:09:58Z,site_a,SIM,synthetic_demo,A-WAN-1,UP,1000.0,108.6509,108.27,0.0,16.89,0.8748,0.069,0,UP,4.0,0.0,48,12,89,-62.4,22.292,6.693,0,0,0,7,0,205.0,0.0,0,0,LOAD_SHED,LOAD_SHED,0,1,80.94,92.0,51.0931,50.9138,1.9991,3.81947,3.93947,3.80568,3.92568,120.0,23.6,142.496,3,55.032,,DISCHARGE,0.0,0,,SYNTHETIC,0
power-outage,0,597,2026-09-03T09:09:57Z,2026-09-03T09:09:58Z,2026-09-03T09:09:57Z,2026-09-03T09:09:58Z,site_b,SIM,synthetic_demo,B-WAN-1,UP,1000.0,78.15,77.86,0.0,23.03,1.7115,0.076,0,UP,4.0,0.0,6,6,28,-62.6,18.681,5.187,0,0,0,32,0,63.0,0.0,0,0,,,,,,,,,,,,,,,,,,,,,0.0,0,,SYNTHETIC,0
power-outage,0,598,2026-09-03T09:09:58Z,2026-09-03T09:09:59Z,2026-09-03T09:09:58Z,2026-09-03T09:09:59Z,site_a,SIM,synthetic_demo,A-WAN-1,UP,1000.0,103.183,104.15,0.0,16.74,0.966,0.094,0,UP,4.0,0.0,48,12,44,-61.9,16.57,4.396,0,1,0,7,0,159.0,0.0,0,0,LOAD_SHED,LOAD_SHED,0,1,81.13,92.0,51.0929,50.912,2.0172,3.81946,3.93946,3.80554,3.92554,120.0,23.8,143.779,3,54.991,,DISCHARGE,0.0,0,,SYNTHETIC,0
power-outage,0,598,2026-09-03T09:09:58Z,2026-09-03T09:09:59Z,2026-09-03T09:09:58Z,2026-09-03T09:09:59Z,site_b,SIM,synthetic_demo,B-WAN-1,UP,1000.0,107.1516,106.61,0.0,22.13,1.4604,0.13,0,UP,4.0,0.0,6,6,58,-61.5,27.681,7.256,0,0,0,32,0,46.0,0.0,0,0,,,,,,,,,,,,,,,,,,,,,0.0,0,,SYNTHETIC,0
power-outage,0,599,2026-09-03T09:09:59Z,2026-09-03T09:10:00Z,2026-09-03T09:09:59Z,2026-09-03T09:10:00Z,site_a,SIM,synthetic_demo,A-WAN-1,UP,1000.0,124.9734,125.03,0.0,17.66,1.4239,0.09,0,UP,4.0,0.0,48,12,34,-63.5,15.446,5.152,0,0,0,7,0,90.0,0.0,0,0,LOAD_SHED,LOAD_SHED,0,1,81.1,92.0,51.0928,50.915,1.9816,3.81944,3.93944,3.80577,3.92577,120.0,23.7,141.246,3,55.069,,DISCHARGE,0.0,0,,SYNTHETIC,0
power-outage,0,599,2026-09-03T09:09:59Z,2026-09-03T09:10:00Z,2026-09-03T09:09:59Z,2026-09-03T09:10:00Z,site_b,SIM,synthetic_demo,B-WAN-1,UP,1000.0,74.3521,74.28,0.0,22.5,1.8733,0.108,0,UP,4.0,0.0,6,6,65,-62.0,28.094,8.098,0,1,0,32,0,31.0,0.0,0,0,,,,,,,,,,,,,,,,,,,,,0.0,0,,SYNTHETIC,0
power-outage,0,600,2026-09-03T09:10:00Z,2026-09-03T09:10:01Z,2026-09-03T09:10:00Z,2026-09-03T09:10:01Z,site_a,SIM,synthetic_demo,A-WAN-1,UP,1000.0,104.734,105.01,0.0,16.66,0.552,0.113,0,UP,4.0,0.0,48,12,51,-61.2,18.409,5.201,0,0,0,7,0,96.0,0.0,0,0,LOAD_SHED,LOAD_SHED,0,1,80.98,92.0,51.0926,50.9158,1.9712,3.81943,3.93943,3.80583,3.92583,120.0,23.8,140.512,3,55.091,,DISCHARGE,0.0,0,,SYNTHETIC,0
power-outage,0,600,2026-09-03T09:10:00Z,2026-09-03T09:10:01Z,2026-09-03T09:10:00Z,2026-09-03T09:10:01Z,site_b,SIM,synthetic_demo,B-WAN-1,UP,1000.0,84.4412,84.39,0.0,22.18,1.3503,0.089,0,UP,4.0,0.0,6,6,71,-61.0,29.517,8.665,0,1,0,32,0,56.0,0.0,0,0,,,,,,,,,,,,,,,,,,,,,0.0,0,,SYNTHETIC,0
power-outage,0,601,2026-09-03T09:10:01Z,2026-09-03T09:10:02Z,2026-09-03T09:10:01Z,2026-09-03T09:10:02Z,site_a,SIM,synthetic_demo,A-WAN-1,UP,1000.0,119.9158,119.89,0.0,16.41,0.2146,0.077,0,UP,4.0,0.0,48,12,60,-62.4,18.358,5.913,0,1,0,7,0,104.0,0.0,0,0,LOAD_SHED,LOAD_SHED,0,1,81.02,92.0,51.0924,50.9095,2.0395,3.81942,3.93942,3.80534,3.92534,120.0,23.7,145.362,3,54.94,,DISCHARGE,0.0,0,,SYNTHETIC,0
power-outage,0,601,2026-09-03T09:10:01Z,2026-09-03T09:10:02Z,2026-09-03T09:10:01Z,2026-09-03T09:10:02Z,site_b,SIM,synthetic_demo,B-WAN-1,UP,1000.0,69.5527,69.76,0.0,23.98,2.6841,0.077,0,UP,4.0,0.0,6,6,61,-64.0,26.777,9.009,0,0,0,32,0,49.0,0.0,0,0,,,,,,,,,,,,,,,,,,,,,0.0,0,,SYNTHETIC,0
power-outage,0,602,2026-09-03T09:10:02Z,2026-09-03T09:10:03Z,2026-09-03T09:10:02Z,2026-09-03T09:10:03Z,site_a,SIM,synthetic_demo,A-WAN-1,UP,1000.0,108.0436,107.62,0.0,17.06,1.2987,0.089,0,UP,4.0,0.0,48,12,46,-61.9,16.499,5.625,0,3,0,7,0,131.0,0.0,0,0,LOAD_SHED,LOAD_SHED,0,1,80.99,92.0,51.0923,50.9135,1.9924,3.8194,3.9394,3.80566,3.92566,120.0,23.7,142.017,3,55.042,,DISCHARGE,0.0,0,,SYNTHETIC,0
power-outage,0,602,2026-09-03T09:10:02Z,2026-09-03T09:10:03Z,2026-09-03T09:10:02Z,2026-09-03T09:10:03Z,site_b,SIM,synthetic_demo,B-WAN-1,UP,1000.0,69.4631,68.6,0.0,23.18,2.0316,0.095,0,UP,4.0,0.0,6,6,23,-59.7,16.765,4.625,0,1,0,32,0,48.0,0.0,0,0,,,,,,,,,,,,,,,,,,,,,0.0,0,,SYNTHETIC,0
power-outage,0,603,2026-09-03T09:10:03Z,2026-09-03T09:10:04Z,2026-09-03T09:10:03Z,2026-09-03T09:10:04Z,site_a,SIM,synthetic_demo,A-WAN-1,UP,1000.0,119.6421,120.18,0.0,16.2,0.2672,0.054,0,UP,4.0,0.0,48,48,237,-62.3,19.263,6.005,3,1,0,7,0,159.0,0.0,0,0,LOAD_SHED,BATTERY,0,1,80.98,92.0,51.0921,50.9067,2.0662,3.81939,3.93939,3.80513,3.92513,120.0,23.7,147.255,,663.095,,DISCHARGE,0.0,0,,SYNTHETIC,0
power-outage,0,603,2026-09-03T09:10:03Z,2026-09-03T09:10:04Z,2026-09-03T09:10:03Z,2026-09-03T09:10:04Z,site_b,SIM,synthetic_demo,B-WAN-1,UP,1000.0,80.7835,80.59,0.0,23.59,2.0786,0.113,0,UP,4.0,0.0,6,6,33,-61.5,19.71,5.699,0,0,0,32,0,40.0,0.0,0,0,,,,,,,,,,,,,,,,,,,,,0.0,0,,SYNTHETIC,0
power-outage,0,604,2026-09-03T09:10:04Z,2026-09-03T09:10:05Z,2026-09-03T09:10:04Z,2026-09-03T09:10:05Z,site_a,SIM,synthetic_demo,A-WAN-1,UP,1000.0,113.5848,113.46,0.0,16.03,0.2094,0.089,0,UP,4.0,0.0,48,48,288,-62.4,20.95,5.937,2,1,0,7,0,141.0,0.0,0,0,BATTERY,BATTERY,0,1,80.96,92.0,51.0901,48.7536,26.048,3.81924,3.93924,3.63951,3.75951,120.0,23.7,1777.696,,54.927,OCP_DSG,DISCHARGE,0.0,0,,SYNTHETIC,0
power-outage,0,604,2026-09-03T09:10:04Z,2026-09-03T09:10:05Z,2026-09-03T09:10:04Z,2026-09-03T09:10:05Z,site_b,SIM,synthetic_demo,B-WAN-1,UP,1000.0,72.5566,73.05,0.0,21.05,0.3571,0.105,0,UP,4.0,0.0,6,6,35,-64.1,20.387,6.511,0,1,0,32,0,100.0,0.0,0,0,,,,,,,,,,,,,,,,,,,,,0.0,0,,SYNTHETIC,0
power-outage,0,605,2026-09-03T09:10:05Z,2026-09-03T09:10:06Z,2026-09-03T09:10:05Z,2026-09-03T09:10:06Z,site_a,SIM,synthetic_demo,A-WAN-1,UP,1000.0,120.6437,120.13,0.0,19.46,3.4651,0.05,0,UP,4.0,0.0,48,12,80,-61.5,21.535,6.373,1,2,0,7,0,123.0,0.0,0,0,BATTERY,LOAD_SHED,0,1,80.93,92.0,51.09,50.9095,2.0113,3.81923,3.93923,3.80535,3.92535,120.0,23.7,143.353,3,54.988,,DISCHARGE,0.0,0,,SYNTHETIC,0
power-outage,0,605,2026-09-03T09:10:05Z,2026-09-03T09:10:06Z,2026-09-03T09:10:05Z,2026-09-03T09:10:06Z,site_b,SIM,synthetic_demo,B-WAN-1,UP,1000.0,75.6651,75.62,0.0,21.7,0.8841,0.124,0,UP,4.0,0.0,6,6,89,-62.0,32.546,9.351,0,0,0,32,0,53.0,0.0,0,0,,,,,,,,,,,,,,,,,,,,,0.0,0,,SYNTHETIC,0
power-outage,0,606,2026-09-03T09:10:06Z,2026-09-03T09:10:07Z,2026-09-03T09:10:06Z,2026-09-03T09:10:07Z,site_a,SIM,synthetic_demo,A-WAN-1,UP,1000.0,96.1802,96.39,0.0,17.92,1.3475,0.081,0,UP,4.0,0.0,48,12,49,-62.9,18.702,5.481,0,0,0,7,0,111.0,0.0,0,0,LOAD_SHED,LOAD_SHED,0,1,80.99,92.0,51.0898,50.9063,2.0455,3.81921,3.93921,3.8051,3.9251,120.0,23.6,145.779,3,54.912,,DISCHARGE,0.0,0,,SYNTHETIC,0
power-outage,0,606,2026-09-03T09:10:06Z,2026-09-03T09:10:07Z,2026-09-03T09:10:06Z,2026-09-03T09:10:07Z,site_b,SIM,synthetic_demo,B-WAN-1,UP,1000.0,78.2195,77.85,0.0,22.34,0.9275,0.118,0,UP,4.0,0.0,6,6,44,-62.5,21.338,6.816,0,0,0,32,0,59.0,0.0,0,0,,,,,,,,,,,,,,,,,,,,,0.0,0,,SYNTHETIC,0
power-outage,0,607,2026-09-03T09:10:07Z,2026-09-03T09:10:08Z,2026-09-03T09:10:07Z,2026-09-03T09:10:08Z,site_a,SIM,synthetic_demo,A-WAN-1,UP,1000.0,140.2254,138.85,0.0,16.56,0.6799,0.067,0,UP,4.0,0.0,48,12,45,-60.1,17.109,4.861,0,0,0,7,0,113.0,0.0,0,0,LOAD_SHED,LOAD_SHED,0,1,80.98,92.0,51.0896,50.9105,1.997,3.8192,3.9392,3.80542,3.92542,120.0,23.6,142.337,3,55.018,,DISCHARGE,0.0,0,,SYNTHETIC,0
power-outage,0,607,2026-09-03T09:10:07Z,2026-09-03T09:10:08Z,2026-09-03T09:10:07Z,2026-09-03T09:10:08Z,site_b,SIM,synthetic_demo,B-WAN-1,UP,1000.0,72.6755,73.35,0.0,22.46,1.5402,0.112,0,UP,4.0,0.0,6,6,61,-64.1,26.629,8.169,0,1,0,32,0,76.0,0.0,0,0,,,,,,,,,,,,,,,,,,,,,0.0,0,,SYNTHETIC,0
power-outage,0,608,2026-09-03T09:10:08Z,2026-09-03T09:10:09Z,2026-09-03T09:10:08Z,2026-09-03T09:10:09Z,site_a,SIM,synthetic_demo,A-WAN-1,UP,1000.0,127.5624,127.95,0.0,18.02,2.4745,0.12,0,UP,4.0,0.0,48,12,51,-63.0,16.622,5.412,0,2,0,7,0,184.0,0.0,0,0,LOAD_SHED,LOAD_SHED,0,1,80.87,92.0,51.0894,50.9074,2.0295,3.81919,3.93919,3.80518,3.92518,120.0,23.6,144.643,3,54.946,,DISCHARGE,0.0,0,,SYNTHETIC,0
power-outage,0,608,2026-09-03T09:10:08Z,2026-09-03T09:10:09Z,2026-09-03T09:10:08Z,2026-09-03T09:10:09Z,site_b,SIM,synthetic_demo,B-WAN-1,UP,1000.0,72.109,72.69,0.0,24.03,1.614,0.125,0,UP,4.0,0.0,6,6,23,-63.0,17.25,4.975,0,2,0,32,0,66.0,0.0,0,0,,,,,,,,,,,,,,,,,,,,,0.0,0,,SYNTHETIC,0
power-outage,0,609,2026-09-03T09:10:09Z,2026-09-03T09:10:10Z,2026-09-03T09:10:09Z,2026-09-03T09:10:10Z,site_a,SIM,synthetic_demo,A-WAN-1,UP,1000.0,114.6449,114.01,0.0,17.55,2.069,0.099,0,UP,4.0,0.0,48,12,55,-62.2,19.655,5.106,0,0,0,7,0,179.0,0.0,0,0,LOAD_SHED,LOAD_SHED,0,1,80.91,92.0,51.0893,50.908,2.0204,3.81917,3.93917,3.80523,3.92523,120.0,23.6,143.997,3,54.965,,DISCHARGE,0.0,0,,SYNTHETIC,0
power-outage,0,609,2026-09-03T09:10:09Z,2026-09-03T09:10:10Z,2026-09-03T09:10:09Z,2026-09-03T09:10:10Z,site_b,SIM,synthetic_demo,B-WAN-1,UP,1000.0,71.8704,71.38,0.0,22.52,1.4991,0.13,0,UP,4.0,0.0,6,6,35,-59.8,21.323,5.844,0,0,0,32,0,70.0,0.0,0,0,,,,,,,,,,,,,,,,,,,,,0.0,0,,SYNTHETIC,0
power-outage,0,610,2026-09-03T09:10:10Z,2026-09-03T09:10:11Z,2026-09-03T09:10:10Z,2026-09-03T09:10:11Z,site_a,SIM,synthetic_demo,A-WAN-1,UP,1000.0,98.1438,99.12,0.0,16.33,0.1722,0.1,0,UP,4.0,0.0,48,12,102,-61.7,23.34,6.836,0,0,0,7,0,246.0,0.0,0,0,LOAD_SHED,LOAD_SHED,0,1,80.95,92.0,51.0891,50.9075,2.0248,3.81916,3.93916,3.80519,3.92519,120.0,23.7,144.31,3,54.954,,DISCHARGE,0.0,0,,SYNTHETIC,0
power-outage,0,610,2026-09-03T09:10:10Z,2026-09-03T09:10:11Z,2026-09-03T09:10:10Z,2026-09-03T09:10:11Z,site_b,SIM,synthetic_demo,B-WAN-1,UP,1000.0,84.478,82.36,0.0,22.38,1.9072,0.109,0,UP,4.0,0.0,6,6,33,-61.2,18.223,5.397,0,1,0,32,0,89.0,0.0,0,0,,,,,,,,,,,,,,,,,,,,,0.0,0,,SYNTHETIC,0
power-outage,0,611,2026-09-03T09:10:11Z,2026-09-03T09:10:12Z,2026-09-03T09:10:11Z,2026-09-03T09:10:12Z,site_a,SIM,synthetic_demo,A-WAN-1,UP,1000.0,102.1035,101.78,0.0,17.58,1.6842,0.084,0,UP,4.0,0.0,48,12,38,-62.6,15.794,4.873,0,0,0,7,0,160.0,0.0,0,0,LOAD_SHED,LOAD_SHED,0,1,80.98,92.0,51.0889,50.908,2.0172,3.81915,3.93915,3.80523,3.92523,120.0,23.5,143.764,3,54.97,,DISCHARGE,0.0,0,,SYNTHETIC,0
power-outage,0,611,2026-09-03T09:10:11Z,2026-09-03T09:10:12Z,2026-09-03T09:10:11Z,2026-09-03T09:10:12Z,site_b,SIM,synthetic_demo,B-WAN-1,UP,1000.0,90.7332,91.01,0.0,21.14,0.1731,0.06,0,UP,4.0,0.0,6,6,70,-60.7,28.772,8.536,1,0,0,32,0,55.0,0.0,0,0,,,,,,,,,,,,,,,,,,,,,0.0,0,,SYNTHETIC,0
power-outage,0,612,2026-09-03T09:10:12Z,2026-09-03T09:10:13Z,2026-09-03T09:10:12Z,2026-09-03T09:10:13Z,site_a,SIM,synthetic_demo,A-WAN-1,UP,1000.0,98.1304,97.7,0.0,16.87,0.7274,0.063,0,UP,4.0,0.0,48,12,41,-61.2,17.035,4.86,0,0,0,7,0,138.0,0.0,0,0,LOAD_SHED,LOAD_SHED,0,1,81.01,92.0,51.0888,50.9125,1.9655,3.81914,3.93914,3.80557,3.92557,120.0,23.6,140.097,3,55.083,,DISCHARGE,0.0,0,,SYNTHETIC,0
power-outage,0,612,2026-09-03T09:10:12Z,2026-09-03T09:10:13Z,2026-09-03T09:10:12Z,2026-09-03T09:10:13Z,site_b,SIM,synthetic_demo,B-WAN-1,UP,1000.0,71.2121,71.47,0.0,24.39,3.5492,0.111,0,UP,4.0,0.0,6,6,36,-63.0,21.441,6.636,1,0,0,32,0,60.0,0.0,0,0,,,,,,,,,,,,,,,,,,,,,0.0,0,,SYNTHETIC,0
power-outage,0,613,2026-09-03T09:10:13Z,2026-09-03T09:10:14Z,2026-09-03T09:10:13Z,2026-09-03T09:10:14Z,site_a,SIM,synthetic_demo,A-WAN-1,UP,1000.0,99.5025,99.37,0.0,16.68,1.2468,0.093,0,UP,4.0,0.0,48,12,55,-64.3,18.984,5.587,1,1,0,7,0,234.0,0.0,0,0,LOAD_SHED,LOAD_SHED,0,1,80.98,92.0,51.0886,50.911,1.9797,3.81912,3.93912,3.80546,3.92546,120.0,23.6,141.103,3,55.051,,DISCHARGE,0.0,0,,SYNTHETIC,0
power-outage,0,613,2026-09-03T09:10:13Z,2026-09-03T09:10:14Z,2026-09-03T09:10:13Z,2026-09-03T09:10:14Z,site_b,SIM,synthetic_demo,B-WAN-1,UP,1000.0,80.5932,81.09,0.0,21.66,0.6801,0.101,0,UP,4.0,0.0,6,6,41,-62.2,21.215,6.634,0,2,0,32,0,62.0,0.0,0,0,,,,,,,,,,,,,,,,,,,,,0.0,0,,SYNTHETIC,0
power-outage,0,614,2026-09-03T09:10:14Z,2026-09-03T09:10:15Z,2026-09-03T09:10:14Z,2026-09-03T09:10:15Z,site_a,SIM,synthetic_demo,A-WAN-1,UP,1000.0,102.8105,103.49,0.0,15.74,0.1539,0.044,0,UP,4.0,0.0,48,12,82,-61.2,21.583,6.565,0,0,0,7,0,165.0,0.0,0,0,LOAD_SHED,LOAD_SHED,0,1,81.02,92.0,51.0884,50.9089,2.0014,3.81911,3.93911,3.8053,3.9253,120.0,23.7,142.641,3,55.002,,DISCHARGE,0.0,0,,SYNTHETIC,0
power-outage,0,614,2026-09-03T09:10:14Z,2026-09-03T09:10:15Z,2026-09-03T09:10:14Z,2026-09-03T09:10:15Z,site_b,SIM,synthetic_demo,B-WAN-1,UP,1000.0,76.8142,75.3,0.0,23.45,2.0046,0.087,0,UP,4.0,0.0,6,6,44,-64.2,21.972,7.224,0,0,0,32,0,89.0,0.0,0,0,,,,,,,,,,,,,,,,,,,,,0.0,0,,SYNTHETIC,0
power-outage,0,615,2026-09-03T09:10:15Z,2026-09-03T09:10:16Z,2026-09-03T09:10:15Z,2026-09-03T09:10:16Z,site_a,SIM,synthetic_demo,A-WAN-1,UP,1000.0,94.6062,94.19,0.0,17.86,1.5049,0.055,0,UP,4.0,0.0,48,12,80,-62.2,20.448,6.617,0,0,0,7,0,145.0,0.0,0,0,LOAD_SHED,LOAD_SHED,0,1,80.93,92.0,51.0883,50.9105,1.9816,3.8191,3.9391,3.80542,3.92542,120.0,23.7,141.238,3,55.045,,DISCHARGE,0.0,0,,SYNTHETIC,0
power-outage,0,615,2026-09-03T09:10:15Z,2026-09-03T09:10:16Z,2026-09-03T09:10:15Z,2026-09-03T09:10:16Z,site_b,SIM,synthetic_demo,B-WAN-1,UP,1000.0,93.8449,93.61,0.0,23.64,2.5979,0.102,0,UP,4.0,0.0,6,6,48,-59.9,24.241,6.486,0,0,0,32,0,54.0,0.0,0,0,,,,,,,,,,,,,,,,,,,,,0.0,0,,SYNTHETIC,0
power-outage,0,616,2026-09-03T09:10:16Z,2026-09-03T09:10:17Z,2026-09-03T09:10:16Z,2026-09-03T09:10:17Z,site_a,SIM,synthetic_demo,A-WAN-1,UP,1000.0,105.9686,106.38,0.0,17.56,0.9695,0.099,0,UP,4.0,0.0,48,12,66,-61.3,19.69,6.089,0,2,0,7,0,116.0,0.0,0,0,LOAD_SHED,LOAD_SHED,0,1,80.94,92.0,51.0881,50.908,2.0082,3.81908,3.93908,3.80523,3.92523,120.0,23.7,143.126,3,54.986,,DISCHARGE,0.0,0,,SYNTHETIC,0
power-outage,0,616,2026-09-03T09:10:16Z,2026-09-03T09:10:17Z,2026-09-03T09:10:16Z,2026-09-03T09:10:17Z,site_b,SIM,synthetic_demo,B-WAN-1,UP,1000.0,93.5651,93.62,0.0,21.51,0.8978,0.097,0,UP,4.0,0.0,6,6,76,-62.0,29.756,9.28,0,1,0,32,0,84.0,0.0,0,0,,,,,,,,,,,,,,,,,,,,,0.0,0,,SYNTHETIC,0
power-outage,0,617,2026-09-03T09:10:17Z,2026-09-03T09:10:18Z,2026-09-03T09:10:17Z,2026-09-03T09:10:18Z,site_a,SIM,synthetic_demo,A-WAN-1,UP,1000.0,134.9121,135.42,0.0,16.83,0.6768,0.095,0,UP,4.0,0.0,48,12,49,-60.9,18.469,4.539,0,2,0,7,0,157.0,0.0,0,0,LOAD_SHED,LOAD_SHED,0,1,80.99,92.0,51.0879,50.9044,2.0455,3.81907,3.93907,3.80496,3.92496,120.0,23.7,145.777,3,54.903,,DISCHARGE,0.0,0,,SYNTHETIC,0
power-outage,0,617,2026-09-03T09:10:17Z,2026-09-03T09:10:18Z,2026-09-03T09:10:17Z,2026-09-03T09:10:18Z,site_b,SIM,synthetic_demo,B-WAN-1,UP,1000.0,75.4022,75.58,0.0,23.14,2.1269,0.096,0,UP,4.0,0.0,6,6,34,-62.0,19.376,6.248,0,1,0,32,0,76.0,0.0,0,0,,,,,,,,,,,,,,,,,,,,,0.0,0,,SYNTHETIC,0
power-outage,0,618,2026-09-03T09:10:18Z,2026-09-03T09:10:19Z,2026-09-03T09:10:18Z,2026-09-03T09:10:19Z,site_a,SIM,synthetic_demo,A-WAN-1,UP,1000.0,120.8457,120.66,0.0,16.67,0.5633,0.088,0,UP,4.0,0.0,48,12,53,-60.9,18.642,5.061,0,2,0,7,0,140.0,0.0,0,0,LOAD_SHED,LOAD_SHED,0,1,81.0,92.0,51.0878,50.9083,2.0001,3.81906,3.93906,3.80526,3.92526,120.0,23.6,142.552,3,55.002,,DISCHARGE,0.0,0,,SYNTHETIC,0
power-outage,0,618,2026-09-03T09:10:18Z,2026-09-03T09:10:19Z,2026-09-03T09:10:18Z,2026-09-03T09:10:19Z,site_b,SIM,synthetic_demo,B-WAN-1,UP,1000.0,66.4462,66.58,0.0,21.63,0.383,0.142,0,UP,4.0,0.0,6,6,17,-63.7,15.302,4.871,0,0,0,32,0,53.0,0.0,0,0,,,,,,,,,,,,,,,,,,,,,0.0,0,,SYNTHETIC,0
power-outage,0,619,2026-09-03T09:10:19Z,2026-09-03T09:10:20Z,2026-09-03T09:10:19Z,2026-09-03T09:10:20Z,site_a,SIM,synthetic_demo,A-WAN-1,UP,1000.0,93.7722,93.83,0.0,16.24,0.3906,0.124,0,UP,4.0,0.0,48,12,52,-62.2,17.321,5.556,0,1,0,7,0,101.0,0.0,0,0,LOAD_SHED,LOAD_SHED,0,1,80.89,92.0,51.0876,50.9108,1.9704,3.81905,3.93905,3.80545,3.92545,120.0,23.7,140.441,3,55.066,,DISCHARGE,0.0,0,,SYNTHETIC,0
power-outage,0,619,2026-09-03T09:10:19Z,2026-09-03T09:10:20Z,2026-09-03T09:10:19Z,2026-09-03T09:10:20Z,site_b,SIM,synthetic_demo,B-WAN-1,UP,1000.0,75.4241,76.11,0.0,21.63,0.8664,0.114,0,UP,4.0,0.0,6,6,52,-61.9,24.725,7.899,0,1,0,32,0,100.0,0.0,0,0,,,,,,,,,,,,,,,,,,,,,0.0,0,,SYNTHETIC,0
power-outage,0,620,2026-09-03T09:10:20Z,2026-09-03T09:10:21Z,2026-09-03T09:10:20Z,2026-09-03T09:10:21Z,site_a,SIM,synthetic_demo,A-WAN-1,UP,1000.0,120.3504,119.54,0.0,19.95,3.9365,0.074,0,UP,4.0,0.0,48,48,194,-61.6,17.574,5.085,1,2,0,7,0,132.0,0.0,0,0,LOAD_SHED,BATTERY,0,1,80.98,92.0,51.0874,50.9064,2.0182,3.81903,3.93903,3.80511,3.92511,120.0,23.7,143.831,,678.576,,DISCHARGE,0.0,0,,SYNTHETIC,0
power-outage,0,620,2026-09-03T09:10:20Z,2026-09-03T09:10:21Z,2026-09-03T09:10:20Z,2026-09-03T09:10:21Z,site_b,SIM,synthetic_demo,B-WAN-1,UP,1000.0,63.6334,63.6,0.0,22.54,1.5521,0.107,0,UP,4.0,0.0,6,6,63,-63.5,28.31,8.707,0,1,0,32,0,53.0,0.0,0,0,,,,,,,,,,,,,,,,,,,,,0.0,0,,SYNTHETIC,0
power-outage,0,621,2026-09-03T09:10:21Z,2026-09-03T09:10:22Z,2026-09-03T09:10:21Z,2026-09-03T09:10:22Z,site_a,SIM,synthetic_demo,A-WAN-1,UP,1000.0,98.5778,98.02,0.0,19.44,2.7112,0.111,0,UP,4.0,0.0,48,48,148,-62.2,16.534,4.906,2,3,0,7,0,79.0,0.0,0,0,BATTERY,BATTERY,0,1,80.94,92.0,51.0855,48.7545,25.9858,3.81888,3.93888,3.63958,3.75958,120.0,23.6,1773.484,,55.032,OCP_DSG,DISCHARGE,0.0,0,,SYNTHETIC,0
power-outage,0,621,2026-09-03T09:10:21Z,2026-09-03T09:10:22Z,2026-09-03T09:10:21Z,2026-09-03T09:10:22Z,site_b,SIM,synthetic_demo,B-WAN-1,UP,1000.0,70.693,70.73,0.0,22.27,0.7832,0.116,0,UP,4.0,0.0,6,6,42,-62.1,20.678,6.649,0,0,0,32,0,98.0,0.0,0,0,,,,,,,,,,,,,,,,,,,,,0.0,0,,SYNTHETIC,0
power-outage,0,621,2026-09-03T09:10:21Z,2026-09-03T09:10:22Z,2026-09-03T09:10:21Z,2026-09-03T09:10:22Z,site_b,SIM,synthetic_demo,B-WAN-1,UP,1000.0,70.693,70.73,0.0,22.27,0.7832,0.116,0,UP,4.0,0.0,6,6,42,-62.1,20.678,6.649,0,0,0,32,0,98.0,0.0,0,0,,,,,,,,,,,,,,,,,,,,,0.0,0,,SYNTHETIC|DUPLICATE,0
power-outage,0,622,2026-09-03T09:10:22Z,2026-09-03T09:10:23Z,2026-09-03T09:10:22Z,2026-09-03T09:10:23Z,site_a,SIM,synthetic_demo,A-WAN-1,UP,1000.0,100.9212,102.11,0.0,19.6,3.3756,0.113,0,UP,4.0,0.0,48,12,77,-61.9,21.013,6.194,0,1,0,7,0,100.0,0.0,0,0,BATTERY,LOAD_SHED,0,1,80.97,92.0,51.0853,50.9054,2.0052,3.81887,3.93887,3.80503,3.92503,120.0,23.7,142.906,3,54.977,,DISCHARGE,0.0,0,,SYNTHETIC,0
power-outage,0,622,2026-09-03T09:10:22Z,2026-09-03T09:10:23Z,2026-09-03T09:10:22Z,2026-09-03T09:10:23Z,site_b,SIM,synthetic_demo,B-WAN-1,UP,1000.0,72.6953,71.72,0.0,21.44,0.9768,0.1,0,UP,4.0,0.0,6,6,73,-62.8,27.851,8.564,0,0,0,32,0,77.0,0.0,0,0,,,,,,,,,,,,,,,,,,,,,0.0,0,,SYNTHETIC,0
power-outage,0,623,2026-09-03T09:10:23Z,2026-09-03T09:10:24Z,2026-09-03T09:10:23Z,2026-09-03T09:10:24Z,site_a,SIM,synthetic_demo,A-WAN-1,UP,1000.0,127.1203,127.02,0.0,17.86,1.0342,0.076,0,UP,4.0,0.0,48,12,52,-62.7,17.489,5.39,0,2,0,7,0,125.0,0.0,0,0,LOAD_SHED,LOAD_SHED,0,1,80.96,92.0,51.0851,50.9066,1.9907,3.81886,3.93886,3.80512,3.92512,120.0,23.7,141.877,3,55.008,,DISCHARGE,0.0,0,,SYNTHETIC,0
power-outage,0,623,2026-09-03T09:10:23Z,2026-09-03T09:10:24Z,2026-09-03T09:10:23Z,2026-09-03T09:10:24Z,site_b,SIM,synthetic_demo,B-WAN-1,UP,1000.0,104.5829,105.96,0.0,21.52,0.7101,0.104,0,UP,4.0,0.0,6,6,35,-60.2,20.514,5.805,1,0,0,32,0,59.0,0.0,0,0,,,,,,,,,,,,,,,,,,,,,0.0,0,,SYNTHETIC,0
power-outage,0,624,2026-09-03T09:10:24Z,2026-09-03T09:10:25Z,2026-09-03T09:10:24Z,2026-09-03T09:10:25Z,site_a,SIM,synthetic_demo,A-WAN-1,UP,1000.0,96.9045,96.13,0.0,16.42,0.147,0.075,0,UP,4.0,0.0,48,12,97,-61.8,24.224,6.607,0,2,0,7,0,152.0,0.0,0,0,LOAD_SHED,LOAD_SHED,0,1,80.94,92.0,51.085,50.9085,1.9677,3.81884,3.93884,3.80527,3.92527,120.0,23.6,140.239,3,55.058,,DISCHARGE,0.0,0,,SYNTHETIC,0
power-outage,0,624,2026-09-03T09:10:24Z,2026-09-03T09:10:25Z,2026-09-03T09:10:24Z,2026-09-03T09:10:25Z,site_b,SIM,synthetic_demo,B-WAN-1,UP,1000.0,78.7639,79.55,0.0,21.76,0.6178,0.095,0,UP,4.0,0.0,6,6,79,-61.2,29.59,9.375,0,1,0,32,0,89.0,0.0,0,0,,,,,,,,,,,,,,,,,,,,,0.0,0,,SYNTHETIC,0
power-outage,0,625,2026-09-03T09:10:25Z,2026-09-03T09:10:26Z,2026-09-03T09:10:25Z,2026-09-03T09:10:26Z,site_a,SIM,synthetic_demo,A-WAN-1,UP,1000.0,104.4917,104.23,0.0,17.08,1.0106,0.083,0,UP,4.0,0.0,48,12,61,-61.3,17.861,5.768,0,1,0,7,0,156.0,0.0,0,0,LOAD_SHED,LOAD_SHED,0,1,80.92,92.0,51.0848,50.9068,1.9838,3.81883,3.93883,3.80514,3.92514,120.0,23.5,141.38,3,55.022,,DISCHARGE,0.0,0,,SYNTHETIC,0
power-outage,0,625,2026-09-03T09:10:25Z,2026-09-03T09:10:26Z,2026-09-03T09:10:25Z,2026-09-03T09:10:26Z,site_b,SIM,synthetic_demo,B-WAN-1,UP,1000.0,72.8708,71.92,0.0,21.03,0.0047,0.099,0,UP,4.0,0.0,6,6,48,-60.7,22.292,6.919,0,0,0,32,0,73.0,0.0,0,0,,,,,,,,,,,,,,,,,,,,,0.0,0,,SYNTHETIC,0
power-outage,0,626,2026-09-03T09:10:26Z,2026-09-03T09:10:27Z,2026-09-03T09:10:26Z,2026-09-03T09:10:27Z,site_a,SIM,synthetic_demo,A-WAN-1,UP,1000.0,117.5611,117.93,0.0,19.96,3.889,0.07,0,UP,4.0,0.0,48,12,54,-60.3,17.29,5.132,0,1,0,7,0,78.0,0.0,0,0,LOAD_SHED,LOAD_SHED,0,1,80.96,92.0,51.0846,50.9011,2.0456,3.81882,3.93882,3.8047,3.9247,120.0,23.7,145.775,3,54.885,,DISCHARGE,0.0,0,,SYNTHETIC,0
power-outage,0,626,2026-09-03T09:10:26Z,2026-09-03T09:10:27Z,2026-09-03T09:10:26Z,2026-09-03T09:10:27Z,site_b,SIM,synthetic_demo,B-WAN-1,UP,1000.0,65.4335,64.57,0.0,20.87,0.2648,0.139,0,UP,4.0,0.0,6,6,65,-64.1,27.207,9.17,0,1,0,32,0,70.0,0.0,0,0,,,,,,,,,,,,,,,,,,,,,0.0,0,,SYNTHETIC,0
power-outage,0,627,2026-09-03T09:10:27Z,2026-09-03T09:10:28Z,2026-09-03T09:10:27Z,2026-09-03T09:10:28Z,site_a,SIM,synthetic_demo,A-WAN-1,UP,1000.0,177.1533,177.44,0.0,16.84,0.0134,0.099,0,UP,4.0,0.0,48,12,49,-61.0,18.43,5.065,0,3,0,7,0,121.0,0.0,0,0,LOAD_SHED,LOAD_SHED,0,1,80.99,92.0,51.0844,50.9037,2.0152,3.8188,3.9388,3.8049,3.9249,120.0,23.6,143.615,3,54.951,,DISCHARGE,0.0,0,,SYNTHETIC,0
power-outage,0,627,2026-09-03T09:10:27Z,2026-09-03T09:10:28Z,2026-09-03T09:10:27Z,2026-09-03T09:10:28Z,site_b,SIM,synthetic_demo,B-WAN-1,UP,1000.0,70.3734,70.95,0.0,22.06,1.5703,0.113,0,UP,4.0,0.0,6,6,37,-59.8,18.883,6.016,0,0,0,32,0,108.0,0.0,0,0,,,,,,,,,,,,,,,,,,,,,0.0,0,,SYNTHETIC,0
power-outage,0,628,2026-09-03T09:10:28Z,2026-09-03T09:10:29Z,2026-09-03T09:10:28Z,2026-09-03T09:10:29Z,site_a,SIM,synthetic_demo,A-WAN-1,UP,1000.0,122.939,122.69,0.0,20.39,4.8155,0.058,0,UP,4.0,0.0,48,12,42,-62.3,16.098,5.009,0,1,0,7,0,137.0,0.0,0,0,LOAD_SHED,LOAD_SHED,0,1,80.95,92.0,51.0843,50.9002,2.0521,3.81879,3.93879,3.80463,3.92463,120.0,23.7,146.233,3,54.869,,DISCHARGE,0.0,0,,SYNTHETIC,0
power-outage,0,628,2026-09-03T09:10:28Z,2026-09-03T09:10:29Z,2026-09-03T09:10:28Z,2026-09-03T09:10:29Z,site_b,SIM,synthetic_demo,B-WAN-1,UP,1000.0,111.289,111.06,0.0,22.53,1.3445,0.121,0,UP,4.0,0.0,6,6,39,-63.2,21.446,6.229,0,1,0,32,0,61.0,0.0,0,0,,,,,,,,,,,,,,,,,,,,,0.0,0,,SYNTHETIC,0
power-outage,0,629,2026-09-03T09:10:29Z,2026-09-03T09:10:30Z,2026-09-03T09:10:29Z,2026-09-03T09:10:30Z,site_a,SIM,synthetic_demo,A-WAN-1,UP,1000.0,97.5848,97.54,0.0,17.47,1.5587,0.111,0,UP,4.0,0.0,48,12,58,-62.4,18.462,5.923,0,1,0,7,0,163.0,0.0,0,0,LOAD_SHED,LOAD_SHED,0,1,80.88,92.0,51.0841,50.9046,2.0013,3.81878,3.93878,3.80497,3.92497,120.0,23.6,142.622,3,54.98,,DISCHARGE,0.0,0,,SYNTHETIC|STALE,0
power-outage,0,629,2026-09-03T09:10:29Z,2026-09-03T09:10:30Z,2026-09-03T09:10:29Z,2026-09-03T09:10:30Z,site_b,SIM,synthetic_demo,B-WAN-1,UP,1000.0,73.7716,75.09,0.0,24.53,3.0053,0.087,0,UP,4.0,0.0,6,6,122,-63.123,40.596,12.084,0,0,0,32,0,64.0,0.0,0,0,,,,,,,,,,,,,,,,,,,,,0.0,0,,SYNTHETIC|STALE,0
power-outage,0,630,2026-09-03T09:10:30Z,2026-09-03T09:10:31Z,2026-09-03T09:10:30Z,2026-09-03T09:10:31Z,site_a,SIM,synthetic_demo,A-WAN-1,UP,1000.0,94.0231,94.21,0.0,18.91,3.1114,0.08,0,UP,4.0,0.0,48,12,58,-63.123,17.81,5.703,0,1,0,7,0,180.0,0.0,0,0,LOAD_SHED,LOAD_SHED,0,1,80.93,92.0,51.0839,50.902,2.0283,3.81876,3.93876,3.80477,3.92477,120.0,23.5,144.538,3,54.92,,DISCHARGE,0.0,0,,SYNTHETIC|STALE,0
power-outage,0,630,2026-09-03T09:10:30Z,2026-09-03T09:10:31Z,2026-09-03T09:10:30Z,2026-09-03T09:10:31Z,site_b,SIM,synthetic_demo,B-WAN-1,UP,1000.0,75.1029,74.92,0.0,23.04,2.254,0.093,0,UP,4.0,0.0,6,6,38,-63.123,20.329,6.065,0,0,0,32,0,31.0,0.0,0,0,,,,,,,,,,,,,,,,,,,,,0.0,0,,SYNTHETIC|STALE,0
power-outage,0,631,2026-09-03T09:10:31Z,2026-09-03T09:10:32Z,2026-09-03T09:10:31Z,2026-09-03T09:10:32Z,site_a,SIM,synthetic_demo,A-WAN-1,UP,1000.0,125.1152,124.54,0.0,15.57,0.0294,0.061,0,UP,4.0,0.0,48,12,44,-63.123,17.863,5.477,0,1,0,7,0,181.0,0.0,0,0,LOAD_SHED,LOAD_SHED,0,1,80.93,92.0,51.0838,50.9061,1.9811,3.81875,3.93875,3.80508,3.92508,120.0,23.6,141.188,3,55.023,,DISCHARGE,0.0,0,,SYNTHETIC|STALE,0
power-outage,0,631,2026-09-03T09:10:31Z,2026-09-03T09:10:32Z,2026-09-03T09:10:31Z,2026-09-03T09:10:32Z,site_b,SIM,synthetic_demo,B-WAN-1,UP,1000.0,74.5008,74.61,0.0,24.23,2.8117,0.114,0,UP,4.0,0.0,6,6,54,-63.123,25.42,7.805,0,0,0,32,0,74.0,0.0,0,0,,,,,,,,,,,,,,,,,,,,,0.0,0,,SYNTHETIC|STALE,0
power-outage,0,632,2026-09-03T09:10:32Z,2026-09-03T09:10:33Z,2026-09-03T09:10:32Z,2026-09-03T09:10:33Z,site_a,SIM,synthetic_demo,A-WAN-1,UP,1000.0,82.3296,82.55,0.0,16.9,0.7134,0.077,0,UP,4.0,0.0,48,12,51,-61.8,18.054,5.249,0,1,0,7,0,188.0,0.0,0,0,LOAD_SHED,LOAD_SHED,0,1,80.85,92.0,51.0836,50.9057,1.9833,3.81874,3.93874,3.80505,3.92505,120.0,23.7,141.345,3,55.017,,DISCHARGE,0.0,0,,SYNTHETIC,0
power-outage,0,632,2026-09-03T09:10:32Z,2026-09-03T09:10:33Z,2026-09-03T09:10:32Z,2026-09-03T09:10:33Z,site_b,SIM,synthetic_demo,B-WAN-1,UP,1000.0,82.2278,81.78,0.0,21.76,0.9586,0.109,0,UP,4.0,0.0,6,6,44,-62.5,21.755,6.564,1,1,0,32,0,53.0,0.0,0,0,,,,,,,,,,,,,,,,,,,,,0.0,0,,SYNTHETIC,0
power-outage,0,633,2026-09-03T09:10:33Z,2026-09-03T09:10:34Z,2026-09-03T09:10:33Z,2026-09-03T09:10:34Z,site_a,SIM,synthetic_demo,A-WAN-1,UP,1000.0,88.3649,89.15,0.0,18.56,3.4263,0.039,0,UP,4.0,0.0,48,12,54,-64.0,18.754,5.834,0,2,0,7,0,144.0,0.0,0,0,LOAD_SHED,LOAD_SHED,0,1,80.93,92.0,51.0834,50.9042,1.9978,3.81873,3.93873,3.80494,3.92494,120.0,23.6,142.375,3,54.984,,DISCHARGE,0.0,0,,SYNTHETIC,0
power-outage,0,633,2026-09-03T09:10:33Z,2026-09-03T09:10:34Z,2026-09-03T09:10:33Z,2026-09-03T09:10:34Z,site_b,SIM,synthetic_demo,B-WAN-1,UP,1000.0,78.5157,79.59,0.0,21.32,0.4565,0.089,0,UP,4.0,0.0,6,6,83,-60.9,30.435,9.418,0,0,0,32,0,55.0,0.0,0,0,,,,,,,,,,,,,,,,,,,,,0.0,0,,SYNTHETIC,0
power-outage,0,634,2026-09-03T09:10:34Z,2026-09-03T09:10:35Z,2026-09-03T09:10:34Z,2026-09-03T09:10:35Z,site_a,SIM,synthetic_demo,A-WAN-1,UP,1000.0,89.758,89.61,0.0,16.68,0.5513,0.098,0,UP,4.0,0.0,48,12,57,-62.3,18.683,5.856,2,2,0,7,0,78.0,0.0,0,0,LOAD_SHED,LOAD_SHED,0,1,80.85,92.0,51.0833,50.9043,1.9954,3.81871,3.93871,3.80494,3.92494,120.0,23.7,142.201,3,54.989,,DISCHARGE,0.0,0,,SYNTHETIC,0
power-outage,0,634,2026-09-03T09:10:34Z,2026-09-03T09:10:35Z,2026-09-03T09:10:34Z,2026-09-03T09:10:35Z,site_b,SIM,synthetic_demo,B-WAN-1,UP,1000.0,89.2926,89.51,0.0,21.26,0.0917,0.1,0,UP,4.0,0.0,6,6,76,-62.4,29.363,9.16,1,0,0,32,0,60.0,0.0,0,0,,,,,,,,,,,,,,,,,,,,,0.0,0,,SYNTHETIC,0
power-outage,0,635,2026-09-03T09:10:35Z,2026-09-03T09:10:36Z,2026-09-03T09:10:35Z,2026-09-03T09:10:36Z,site_a,SIM,synthetic_demo,A-WAN-1,UP,1000.0,99.413,98.61,0.0,18.44,2.4131,0.088,0,UP,4.0,0.0,48,12,53,-62.6,17.798,5.162,0,3,0,7,0,173.0,0.0,0,0,LOAD_SHED,LOAD_SHED,0,1,80.84,92.0,51.0831,50.896,2.0856,3.8187,3.9387,3.80431,3.92431,120.0,23.6,148.605,3,54.79,,DISCHARGE,0.0,0,,SYNTHETIC,0
power-outage,0,635,2026-09-03T09:10:35Z,2026-09-03T09:10:36Z,2026-09-03T09:10:35Z,2026-09-03T09:10:36Z,site_b,SIM,synthetic_demo,B-WAN-1,UP,1000.0,76.6957,78.02,0.0,22.46,1.2285,0.113,0,UP,4.0,0.0,6,6,38,-63.1,22.937,6.252,0,0,0,32,0,81.0,0.0,0,0,,,,,,,,,,,,,,,,,,,,,0.0,0,,SYNTHETIC,0
power-outage,0,636,2026-09-03T09:10:36Z,2026-09-03T09:10:37Z,2026-09-03T09:10:36Z,2026-09-03T09:10:37Z,site_a,SIM,synthetic_demo,A-WAN-1,UP,1000.0,123.2621,123.58,0.0,16.31,0.2293,0.048,0,UP,4.0,0.0,48,12,73,-62.1,22.044,6.212,0,1,0,7,0,128.0,0.0,0,0,LOAD_SHED,LOAD_SHED,0,1,80.93,92.0,51.0829,50.9031,2.0052,3.81869,3.93869,3.80485,3.92485,120.0,23.8,142.895,3,54.965,,DISCHARGE,0.0,0,,SYNTHETIC,0
power-outage,0,636,2026-09-03T09:10:36Z,2026-09-03T09:10:37Z,2026-09-03T09:10:36Z,2026-09-03T09:10:37Z,site_b,SIM,synthetic_demo,B-WAN-1,UP,1000.0,70.8314,70.53,0.0,23.25,1.9295,0.12,0,UP,4.0,0.0,6,6,47,-64.3,23.574,6.948,0,0,0,32,0,34.0,0.0,0,0,,,,,,,,,,,,,,,,,,,,,0.0,0,,SYNTHETIC,0
power-outage,0,637,2026-09-03T09:10:37Z,2026-09-03T09:10:38Z,2026-09-03T09:10:37Z,2026-09-03T09:10:38Z,site_a,SIM,synthetic_demo,A-WAN-1,UP,1000.0,164.3239,164.2,0.0,17.99,1.4161,0.06,0,UP,4.0,0.0,48,48,216,-61.9,19.312,5.149,0,3,0,7,0,172.0,0.0,0,0,LOAD_SHED,BATTERY,0,1,80.87,92.0,51.0828,50.9066,1.964,3.81867,3.93867,3.80512,3.92512,120.0,23.8,139.969,,696.983,,DISCHARGE,0.0,0,,SYNTHETIC,0
power-outage,0,637,2026-09-03T09:10:37Z,2026-09-03T09:10:38Z,2026-09-03T09:10:37Z,2026-09-03T09:10:38Z,site_b,SIM,synthetic_demo,B-WAN-1,UP,1000.0,111.3146,111.82,0.0,23.68,2.9156,0.111,0,UP,4.0,0.0,6,6,34,-61.2,20.771,5.686,0,0,0,32,0,46.0,0.0,0,0,,,,,,,,,,,,,,,,,,,,,0.0,0,,SYNTHETIC,0
power-outage,0,638,2026-09-03T09:10:38Z,2026-09-03T09:10:39Z,2026-09-03T09:10:38Z,2026-09-03T09:10:39Z,site_a,SIM,synthetic_demo,A-WAN-1,UP,1000.0,122.6989,122.46,0.0,16.96,0.6488,0.068,0,UP,4.0,0.0,48,48,165,-62.1,16.799,4.924,0,3,0,7,0,142.0,0.0,0,0,BATTERY,BATTERY,0,1,80.86,92.0,51.0808,48.7424,26.0691,3.81852,3.93852,3.63865,3.75865,120.0,23.8,1778.723,,54.845,OCP_DSG,DISCHARGE,0.0,0,,SYNTHETIC,0
power-outage,0,638,2026-09-03T09:10:38Z,2026-09-03T09:10:39Z,2026-09-03T09:10:38Z,2026-09-03T09:10:39Z,site_b,SIM,synthetic_demo,B-WAN-1,UP,1000.0,72.8135,72.8,0.0,22.23,1.1346,0.114,0,UP,4.0,0.0,6,6,82,-61.5,28.623,9.046,0,0,0,32,0,52.0,0.0,0,0,,,,,,,,,,,,,,,,,,,,,0.0,0,,SYNTHETIC,0
power-outage,0,639,2026-09-03T09:10:39Z,2026-09-03T09:10:40Z,2026-09-03T09:10:39Z,2026-09-03T09:10:40Z,site_a,SIM,synthetic_demo,A-WAN-1,UP,1000.0,108.6471,108.96,0.0,18.44,2.8464,0.039,0,UP,4.0,0.0,48,12,54,-60.5,18.711,5.551,2,1,0,7,0,95.0,0.0,0,0,BATTERY,LOAD_SHED,0,1,80.91,92.0,51.0806,50.9033,1.9767,3.81851,3.93851,3.80487,3.92487,120.0,23.8,140.87,3,55.016,,DISCHARGE,0.0,0,,SYNTHETIC,0
power-outage,0,639,2026-09-03T09:10:39Z,2026-09-03T09:10:40Z,2026-09-03T09:10:39Z,2026-09-03T09:10:40Z,site_b,SIM,synthetic_demo,B-WAN-1,UP,1000.0,98.3001,98.48,0.0,22.77,1.1626,0.119,0,UP,4.0,0.0,6,6,22,-63.4,18.302,5.0,0,0,0,32,0,75.0,0.0,0,0,,,,,,,,,,,,,,,,,,,,,0.0,0,,SYNTHETIC,0
power-outage,0,640,2026-09-03T09:10:40Z,2026-09-03T09:10:41Z,2026-09-03T09:10:40Z,2026-09-03T09:10:41Z,site_a,SIM,synthetic_demo,A-WAN-1,UP,1000.0,99.9056,100.0,0.0,16.35,0.4464,0.077,0,UP,4.0,0.0,48,12,101,-59.8,22.284,7.029,0,1,0,7,0,95.0,0.0,0,0,LOAD_SHED,LOAD_SHED,0,1,80.91,92.0,51.0805,50.9036,1.9721,3.8185,3.9385,3.80489,3.92489,120.0,23.7,140.54,3,55.025,,DISCHARGE,0.0,0,,SYNTHETIC,0
power-outage,0,640,2026-09-03T09:10:40Z,2026-09-03T09:10:41Z,2026-09-03T09:10:40Z,2026-09-03T09:10:41Z,site_b,SIM,synthetic_demo,B-WAN-1,UP,1000.0,85.5029,85.0,0.0,20.88,0.1749,0.112,0,UP,4.0,0.0,6,6,27,-62.4,16.288,4.882,0,1,0,32,0,61.0,0.0,0,0,,,,,,,,,,,,,,,,,,,,,0.0,0,,SYNTHETIC,0
power-outage,0,641,2026-09-03T09:10:41Z,2026-09-03T09:10:42Z,2026-09-03T09:10:41Z,2026-09-03T09:10:42Z,site_a,SIM,synthetic_demo,A-WAN-1,UP,1000.0,83.9873,84.55,0.0,16.72,0.5953,0.057,0,UP,4.0,0.0,48,12,83,-62.9,22.783,6.971,0,1,0,7,0,97.0,0.0,0,0,LOAD_SHED,LOAD_SHED,0,1,80.87,92.0,51.0803,50.8985,2.0261,3.81848,3.93848,3.8045,3.9245,120.0,23.9,144.376,3,54.905,,DISCHARGE,0.0,0,,SYNTHETIC,0
power-outage,0,641,2026-09-03T09:10:41Z,2026-09-03T09:10:42Z,2026-09-03T09:10:41Z,2026-09-03T09:10:42Z,site_b,SIM,synthetic_demo,B-WAN-1,UP,1000.0,74.8453,74.57,0.0,22.15,0.7481,0.116,0,UP,4.0,0.0,6,6,51,-64.0,26.794,7.857,0,0,0,32,0,51.0,0.0,0,0,,,,,,,,,,,,,,,,,,,,,0.0,0,,SYNTHETIC,0
power-outage,0,642,2026-09-03T09:10:42Z,2026-09-03T09:10:43Z,2026-09-03T09:10:42Z,2026-09-03T09:10:43Z,site_a,SIM,synthetic_demo,A-WAN-1,UP,1000.0,138.8095,138.0,0.0,17.53,1.458,0.051,0,UP,4.0,0.0,48,12,67,-60.5,19.619,5.674,0,2,0,7,0,222.0,0.0,0,0,LOAD_SHED,LOAD_SHED,0,1,80.86,92.0,51.0801,50.9002,2.0057,3.81847,3.93847,3.80463,3.92463,120.0,23.8,142.928,3,54.949,,DISCHARGE,0.0,0,,SYNTHETIC,0
power-outage,0,642,2026-09-03T09:10:42Z,2026-09-03T09:10:43Z,2026-09-03T09:10:42Z,2026-09-03T09:10:43Z,site_b,SIM,synthetic_demo,B-WAN-1,UP,1000.0,70.6176,70.64,0.0,22.45,1.5313,0.108,0,UP,4.0,0.0,6,6,41,-59.5,20.305,6.316,0,0,0,32,0,38.0,0.0,0,0,,,,,,,,,,,,,,,,,,,,,0.0,0,,SYNTHETIC,0
power-outage,0,643,2026-09-03T09:10:43Z,2026-09-03T09:10:44Z,2026-09-03T09:10:43Z,2026-09-03T09:10:44Z,site_a,SIM,synthetic_demo,A-WAN-1,UP,1000.0,86.5323,86.54,0.0,15.93,0.0007,0.068,0,UP,4.0,0.0,48,12,52,-61.1,16.697,5.295,0,1,0,7,0,220.0,0.0,0,0,LOAD_SHED,LOAD_SHED,0,1,80.85,92.0,51.0799,50.9007,1.9981,3.81846,3.93846,3.80467,3.92467,120.0,23.8,142.382,3,54.965,,DISCHARGE,0.0,0,,SYNTHETIC,0
power-outage,0,643,2026-09-03T09:10:43Z,2026-09-03T09:10:44Z,2026-09-03T09:10:43Z,2026-09-03T09:10:44Z,site_b,SIM,synthetic_demo,B-WAN-1,UP,1000.0,69.5642,69.34,0.0,23.48,2.9827,0.064,0,UP,4.0,0.0,6,6,33,-59.8,20.75,5.5,0,0,0,32,0,72.0,0.0,0,0,,,,,,,,,,,,,,,,,,,,,0.0,0,,SYNTHETIC,0
power-outage,0,644,2026-09-03T09:10:44Z,2026-09-03T09:10:45Z,2026-09-03T09:10:44Z,2026-09-03T09:10:45Z,site_a,SIM,synthetic_demo,A-WAN-1,UP,1000.0,81.5293,81.74,0.0,17.42,1.0845,0.101,0,UP,4.0,0.0,48,12,58,-62.7,17.649,6.036,0,2,0,7,0,192.0,0.0,0,0,LOAD_SHED,LOAD_SHED,0,1,,92.0,51.0798,50.9023,1.9785,3.81844,3.93844,3.80479,3.92479,120.0,23.7,140.995,3,55.007,,DISCHARGE,0.0,0,,SYNTHETIC|GAP|MISSING_MAR,0
power-outage,0,644,2026-09-03T09:10:44Z,2026-09-03T09:10:45Z,2026-09-03T09:10:44Z,2026-09-03T09:10:45Z,site_b,SIM,synthetic_demo,B-WAN-1,UP,1000.0,73.7298,73.63,0.0,21.28,0.2492,0.118,0,UP,4.0,0.0,6,6,36,-62.7,20.031,5.797,0,0,0,32,0,38.0,0.0,0,0,,,,,,,,,,,,,,,,,,,,,0.0,0,,SYNTHETIC,0
power-outage,0,645,2026-09-03T09:10:45Z,2026-09-03T09:10:46Z,2026-09-03T09:10:45Z,2026-09-03T09:10:46Z,site_a,SIM,synthetic_demo,A-WAN-1,UP,1000.0,215.6291,215.13,0.0,16.03,0.2023,0.101,0,UP,4.0,0.0,48,12,66,-62.4,20.241,6.177,0,2,0,7,0,226.0,0.0,0,0,LOAD_SHED,LOAD_SHED,0,1,80.88,92.0,51.0796,50.9002,2.0003,3.81843,3.93843,3.80463,3.92463,120.0,23.6,142.541,3,54.959,,DISCHARGE,0.0,0,,SYNTHETIC,0
power-outage,0,645,2026-09-03T09:10:45Z,2026-09-03T09:10:46Z,2026-09-03T09:10:45Z,2026-09-03T09:10:46Z,site_b,SIM,synthetic_demo,B-WAN-1,UP,1000.0,103.9432,103.91,0.0,21.9,1.0689,0.081,0,UP,4.0,0.0,6,6,53,-64.4,25.284,7.802,0,0,0,32,0,49.0,0.0,0,0,,,,,,,,,,,,,,,,,,,,,0.0,0,,SYNTHETIC,0
power-outage,0,646,2026-09-03T09:10:46Z,2026-09-03T09:10:47Z,2026-09-03T09:10:46Z,2026-09-03T09:10:47Z,site_a,SIM,synthetic_demo,A-WAN-1,UP,1000.0,95.4062,95.29,0.0,17.08,0.8913,0.085,0,UP,4.0,0.0,48,12,47,-61.3,18.169,4.95,1,1,0,7,0,115.0,0.0,0,0,LOAD_SHED,LOAD_SHED,0,1,80.91,92.0,51.0794,50.8901,2.1107,3.81842,3.93842,3.80385,3.92385,120.0,23.6,150.378,3,54.716,,DISCHARGE,0.0,0,,SYNTHETIC,0
power-outage,0,646,2026-09-03T09:10:46Z,2026-09-03T09:10:47Z,2026-09-03T09:10:46Z,2026-09-03T09:10:47Z,site_b,SIM,synthetic_demo,B-WAN-1,UP,1000.0,86.4466,85.9,0.0,22.0,1.2325,0.064,0,UP,4.0,0.0,6,6,62,-61.6,26.722,7.669,0,0,0,32,0,57.0,0.0,0,0,,,,,,,,,,,,,,,,,,,,,0.0,0,,SYNTHETIC,0
power-outage,0,647,2026-09-03T09:10:47Z,2026-09-03T09:10:48Z,2026-09-03T09:10:47Z,2026-09-03T09:10:48Z,site_a,SIM,synthetic_demo,A-WAN-1,UP,1000.0,91.5332,92.46,0.0,16.42,0.2931,0.1,0,UP,4.0,0.0,48,12,76,-61.7,21.438,6.272,0,1,0,7,0,212.0,0.0,0,0,LOAD_SHED,LOAD_SHED,0,1,80.89,92.0,51.0793,50.897,2.0319,3.8184,3.9384,3.80438,3.92438,120.0,23.8,144.785,3,54.887,,DISCHARGE,0.0,0,,SYNTHETIC,0
power-outage,0,647,2026-09-03T09:10:47Z,2026-09-03T09:10:48Z,2026-09-03T09:10:47Z,2026-09-03T09:10:48Z,site_b,SIM,synthetic_demo,B-WAN-1,UP,1000.0,76.1386,75.21,0.0,21.14,0.3751,0.082,0,UP,4.0,0.0,6,6,41,-64.3,21.58,6.837,0,0,0,32,0,62.0,0.0,0,0,,,,,,,,,,,,,,,,,,,,,0.0,0,,SYNTHETIC,0
power-outage,0,648,2026-09-03T09:10:48Z,2026-09-03T09:10:49Z,2026-09-03T09:10:48Z,2026-09-03T09:10:49Z,site_a,SIM,synthetic_demo,A-WAN-1,UP,1000.0,110.0263,110.14,0.0,18.45,1.5397,0.095,0,UP,4.0,0.0,48,12,67,-62.7,20.005,5.49,0,2,0,7,0,147.0,0.0,0,0,LOAD_SHED,LOAD_SHED,0,1,80.91,92.0,51.0791,50.9003,1.9931,3.81839,3.93839,3.80464,3.92464,120.0,23.6,142.027,3,54.972,,DISCHARGE,0.0,0,,SYNTHETIC,0
power-outage,0,648,2026-09-03T09:10:48Z,2026-09-03T09:10:49Z,2026-09-03T09:10:48Z,2026-09-03T09:10:49Z,site_b,SIM,synthetic_demo,B-WAN-1,UP,1000.0,76.0791,77.12,0.0,21.92,1.3987,0.114,0,UP,4.0,0.0,6,6,30,-61.5,18.195,5.541,0,1,0,32,0,66.0,0.0,0,0,,,,,,,,,,,,,,,,,,,,,0.0,0,,SYNTHETIC,0
power-outage,0,649,2026-09-03T09:10:49Z,2026-09-03T09:10:50Z,2026-09-03T09:10:49Z,2026-09-03T09:10:50Z,site_a,SIM,synthetic_demo,A-WAN-1,UP,1000.0,94.0091,94.05,0.0,18.24,1.5105,0.096,0,UP,4.0,0.0,48,12,46,-61.3,17.967,5.31,0,2,0,7,0,141.0,0.0,0,0,LOAD_SHED,LOAD_SHED,0,1,80.9,92.0,51.0789,50.8936,2.0662,3.81838,3.93838,3.80412,3.92412,120.0,23.6,147.22,3,54.811,,DISCHARGE,0.0,0,,SYNTHETIC,0
power-outage,0,649,2026-09-03T09:10:49Z,2026-09-03T09:10:50Z,2026-09-03T09:10:49Z,2026-09-03T09:10:50Z,site_b,SIM,synthetic_demo,B-WAN-1,UP,1000.0,76.3878,76.19,0.0,20.16,0.1075,0.109,0,UP,4.0,0.0,6,6,70,-61.5,29.478,8.511,0,0,0,32,0,104.0,0.0,0,0,,,,,,,,,,,,,,,,,,,,,0.0,0,,SYNTHETIC,0
power-outage,0,650,2026-09-03T09:10:50Z,2026-09-03T09:10:51Z,2026-09-03T09:10:50Z,2026-09-03T09:10:51Z,site_a,SIM,synthetic_demo,A-WAN-1,UP,1000.0,92.7776,92.25,0.0,17.37,1.0846,0.096,0,UP,4.0,0.0,48,12,28,-60.0,14.863,4.762,0,2,0,7,0,160.0,0.0,0,0,LOAD_SHED,LOAD_SHED,0,1,80.79,92.0,51.0787,50.8987,2.0069,3.81837,3.93837,3.80452,3.92452,120.0,23.8,143.009,3,54.94,,DISCHARGE,0.0,0,,SYNTHETIC,0
power-outage,0,650,2026-09-03T09:10:50Z,2026-09-03T09:10:51Z,2026-09-03T09:10:50Z,2026-09-03T09:10:51Z,site_b,SIM,synthetic_demo,B-WAN-1,UP,1000.0,75.5753,75.29,0.0,20.84,0.2624,0.131,0,UP,4.0,0.0,6,6,33,-60.8,18.86,6.024,0,0,0,32,0,72.0,0.0,0,0,,,,,,,,,,,,,,,,,,,,,0.0,0,,SYNTHETIC,0
power-outage,0,651,2026-09-03T09:10:51Z,2026-09-03T09:10:52Z,2026-09-03T09:10:51Z,2026-09-03T09:10:52Z,site_a,SIM,synthetic_demo,A-WAN-1,UP,1000.0,137.3211,136.86,0.0,17.19,0.3108,0.088,0,UP,4.0,0.0,48,12,37,-63.2,16.796,4.972,0,3,0,7,0,168.0,0.0,0,0,LOAD_SHED,LOAD_SHED,0,1,80.87,92.0,51.0786,50.901,1.9799,3.81835,3.93835,3.80469,3.92469,120.0,23.7,141.089,3,54.998,,DISCHARGE,0.0,0,,SYNTHETIC,0
power-outage,0,651,2026-09-03T09:10:51Z,2026-09-03T09:10:52Z,2026-09-03T09:10:51Z,2026-09-03T09:10:52Z,site_b,SIM,synthetic_demo,B-WAN-1,UP,1000.0,94.2647,94.11,0.0,20.74,0.4392,0.115,0,UP,4.0,0.0,6,6,42,-64.4,21.411,7.085,0,0,0,32,0,68.0,0.0,0,0,,,,,,,,,,,,,,,,,,,,,0.0,0,,SYNTHETIC,0
power-outage,0,652,2026-09-03T09:10:52Z,2026-09-03T09:10:53Z,2026-09-03T09:10:52Z,2026-09-03T09:10:53Z,site_a,SIM,synthetic_demo,A-WAN-1,UP,1000.0,126.9005,126.66,0.0,18.2,1.9649,0.062,0,UP,4.0,0.0,48,12,83,-59.9,21.523,5.948,1,1,0,7,0,133.0,0.0,0,0,LOAD_SHED,LOAD_SHED,0,1,80.92,92.0,51.0784,50.8994,1.9961,3.81834,3.93834,3.80457,3.92457,120.0,23.7,142.242,3,54.962,,DISCHARGE,0.0,0,,SYNTHETIC,0
power-outage,0,652,2026-09-03T09:10:52Z,2026-09-03T09:10:53Z,2026-09-03T09:10:52Z,2026-09-03T09:10:53Z,site_b,SIM,synthetic_demo,B-WAN-1,UP,1000.0,80.0228,79.65,0.0,22.54,2.3726,0.093,0,UP,4.0,0.0,6,6,15,-59.4,14.474,3.778,0,0,0,32,0,74.0,0.0,0,0,,,,,,,,,,,,,,,,,,,,,0.0,0,,SYNTHETIC,0
power-outage,0,653,2026-09-03T09:10:53Z,2026-09-03T09:10:54Z,2026-09-03T09:10:53Z,2026-09-03T09:10:54Z,site_a,SIM,synthetic_demo,A-WAN-1,UP,1000.0,147.0782,146.69,0.0,16.85,0.471,0.099,0,UP,4.0,0.0,48,12,54,-62.8,18.844,5.3,0,2,0,7,0,181.0,0.0,0,0,LOAD_SHED,LOAD_SHED,0,1,80.87,92.0,51.0782,50.9011,1.9749,3.81833,3.93833,3.8047,3.9247,120.0,23.7,140.732,3,55.008,,DISCHARGE,0.0,0,,SYNTHETIC,0
power-outage,0,653,2026-09-03T09:10:53Z,2026-09-03T09:10:54Z,2026-09-03T09:10:53Z,2026-09-03T09:10:54Z,site_b,SIM,synthetic_demo,B-WAN-1,UP,1000.0,64.7451,65.92,0.0,21.42,0.2078,0.109,0,UP,4.0,0.0,6,6,51,-60.8,23.132,7.175,1,0,0,32,0,39.0,0.0,0,0,,,,,,,,,,,,,,,,,,,,,0.0,0,,SYNTHETIC,0
power-outage,0,654,2026-09-03T09:10:54Z,2026-09-03T09:10:55Z,2026-09-03T09:10:54Z,2026-09-03T09:10:55Z,site_a,SIM,synthetic_demo,A-WAN-1,UP,1000.0,112.4305,111.03,0.0,17.41,1.0965,0.042,0,UP,4.0,0.0,48,48,188,-61.4,17.231,5.29,1,0,0,7,0,238.0,0.0,0,0,LOAD_SHED,BATTERY,0,1,80.89,92.0,51.0781,50.8939,2.053,3.81831,3.93831,3.80415,3.92415,120.0,23.8,146.278,,666.624,,DISCHARGE,0.0,0,,SYNTHETIC,0
power-outage,0,654,2026-09-03T09:10:54Z,2026-09-03T09:10:55Z,2026-09-03T09:10:54Z,2026-09-03T09:10:55Z,site_b,SIM,synthetic_demo,B-WAN-1,UP,1000.0,90.342,89.49,0.0,21.28,0.7972,0.086,0,UP,4.0,0.0,6,6,22,-62.7,17.779,4.86,0,0,0,32,0,75.0,0.0,0,0,,,,,,,,,,,,,,,,,,,,,0.0,0,,SYNTHETIC,0
power-outage,0,655,2026-09-03T09:10:55Z,2026-09-03T09:10:56Z,2026-09-03T09:10:55Z,2026-09-03T09:10:56Z,site_a,SIM,synthetic_demo,A-WAN-1,UP,1000.0,122.5475,123.4,0.0,17.47,1.5774,0.093,0,UP,4.0,0.0,48,48,246,-62.4,18.872,5.609,0,2,0,7,0,185.0,0.0,0,0,BATTERY,BATTERY,0,1,80.89,92.0,51.0761,48.7397,26.0471,3.81816,3.93816,3.63844,3.75844,120.0,23.8,1777.128,,54.87,OCP_DSG,DISCHARGE,0.0,0,,SYNTHETIC,0
power-outage,0,655,2026-09-03T09:10:55Z,2026-09-03T09:10:56Z,2026-09-03T09:10:55Z,2026-09-03T09:10:56Z,site_b,SIM,synthetic_demo,B-WAN-1,UP,1000.0,69.7829,69.57,0.0,22.18,1.7027,0.103,0,UP,4.0,0.0,6,6,61,-60.4,27.832,7.658,0,0,0,32,0,72.0,0.0,0,0,,,,,,,,,,,,,,,,,,,,,0.0,0,,SYNTHETIC,0
power-outage,0,656,2026-09-03T09:10:56Z,2026-09-03T09:10:57Z,2026-09-03T09:10:56Z,2026-09-03T09:10:57Z,site_a,SIM,synthetic_demo,A-WAN-1,UP,1000.0,121.9873,122.95,0.0,18.53,2.2633,0.07,0,UP,4.0,0.0,48,12,44,-62.9,17.117,5.206,0,2,0,7,0,103.0,0.0,0,0,BATTERY,LOAD_SHED,0,1,80.97,92.0,51.0759,50.897,1.9944,3.81815,3.93815,3.80439,3.92439,120.0,23.7,142.112,3,54.952,,DISCHARGE,0.0,0,,SYNTHETIC,0
power-outage,0,656,2026-09-03T09:10:56Z,2026-09-03T09:10:57Z,2026-09-03T09:10:56Z,2026-09-03T09:10:57Z,site_b,SIM,synthetic_demo,B-WAN-1,UP,1000.0,70.4484,70.04,0.0,22.07,0.9777,0.073,0,UP,4.0,0.0,6,6,35,-62.3,20.652,6.373,0,0,0,32,0,71.0,0.0,0,0,,,,,,,,,,,,,,,,,,,,,0.0,0,,SYNTHETIC,0
power-outage,0,657,2026-09-03T09:10:57Z,2026-09-03T09:10:58Z,2026-09-03T09:10:57Z,2026-09-03T09:10:58Z,site_a,SIM,synthetic_demo,A-WAN-1,UP,1000.0,110.6825,110.1,0.0,19.61,3.3596,0.084,0,UP,4.0,0.0,48,12,56,-61.9,17.257,5.325,0,2,0,7,0,164.0,0.0,0,0,LOAD_SHED,LOAD_SHED,0,1,80.89,92.0,51.0758,50.8953,2.0123,3.81814,3.93814,3.80425,3.92425,120.0,23.7,143.38,3,54.912,,DISCHARGE,0.0,0,,SYNTHETIC,0
power-outage,0,657,2026-09-03T09:10:57Z,2026-09-03T09:10:58Z,2026-09-03T09:10:57Z,2026-09-03T09:10:58Z,site_b,SIM,synthetic_demo,B-WAN-1,UP,1000.0,63.9846,63.26,0.0,23.16,1.7707,0.098,0,UP,4.0,0.0,6,6,54,-62.5,25.531,7.273,0,1,0,32,0,56.0,0.0,0,0,,,,,,,,,,,,,,,,,,,,,0.0,0,,SYNTHETIC,0
power-outage,0,658,2026-09-03T09:10:58Z,2026-09-03T09:10:59Z,2026-09-03T09:10:58Z,2026-09-03T09:10:59Z,site_a,SIM,synthetic_demo,A-WAN-1,UP,1000.0,127.8982,128.09,0.0,19.13,2.6892,0.103,0,UP,4.0,0.0,48,12,54,-61.9,18.248,4.899,1,2,0,7,0,219.0,0.0,0,0,LOAD_SHED,LOAD_SHED,0,1,80.9,92.0,51.0756,50.8911,2.057,3.81812,3.93812,3.80393,3.92393,120.0,23.8,146.554,3,54.813,,DISCHARGE,0.0,0,,SYNTHETIC,0
power-outage,0,658,2026-09-03T09:10:58Z,2026-09-03T09:10:59Z,2026-09-03T09:10:58Z,2026-09-03T09:10:59Z,site_b,SIM,synthetic_demo,B-WAN-1,UP,1000.0,67.8628,67.46,0.0,21.82,0.321,0.1,0,UP,4.0,0.0,6,6,47,-61.6,20.683,6.879,0,0,0,32,0,71.0,0.0,0,0,,,,,,,,,,,,,,,,,,,,,0.0,0,,SYNTHETIC,0
power-outage,0,659,2026-09-03T09:10:59Z,2026-09-03T09:11:00Z,2026-09-03T09:10:59Z,2026-09-03T09:11:00Z,site_a,SIM,synthetic_demo,A-WAN-1,UP,1000.0,105.4422,105.14,0.0,16.74,0.8567,0.096,0,UP,4.0,0.0,48,12,63,-62.1,18.848,6.108,1,2,0,7,0,125.0,0.0,0,0,LOAD_SHED,LOAD_SHED,0,1,80.85,92.0,51.0754,50.8963,1.9974,3.81811,3.93811,3.80433,3.92433,120.0,23.7,142.324,3,54.943,,DISCHARGE,0.0,0,,SYNTHETIC,0
power-outage,0,659,2026-09-03T09:10:59Z,2026-09-03T09:11:00Z,2026-09-03T09:10:59Z,2026-09-03T09:11:00Z,site_b,SIM,synthetic_demo,B-WAN-1,UP,1000.0,90.6906,90.69,0.0,21.53,0.4899,0.088,0,UP,4.0,0.0,6,6,22,-60.3,16.842,5.256,0,0,0,32,0,94.0,0.0,0,0,,,,,,,,,,,,,,,,,,,,,0.0,0,,SYNTHETIC,0
power-outage,0,660,2026-09-03T09:11:00Z,2026-09-03T09:11:01Z,2026-09-03T09:11:00Z,2026-09-03T09:11:01Z,site_a,SIM,synthetic_demo,A-WAN-1,UP,1000.0,136.5763,136.68,0.0,16.07,0.049,0.055,0,UP,4.0,0.0,48,12,67,-61.6,19.263,5.83,1,4,0,7,0,129.0,0.0,0,0,LOAD_SHED,LOAD_SHED,0,1,80.87,92.0,51.0753,50.8965,1.9925,3.8181,3.9381,3.80435,3.92435,120.0,23.5,141.975,3,54.953,,DISCHARGE,0.0,0,,SYNTHETIC,0
power-outage,0,660,2026-09-03T09:11:00Z,2026-09-03T09:11:01Z,2026-09-03T09:11:00Z,2026-09-03T09:11:01Z,site_b,SIM,synthetic_demo,B-WAN-1,UP,1000.0,70.7492,70.65,0.0,21.69,0.7364,0.137,0,UP,4.0,0.0,6,6,31,-63.4,21.166,5.757,0,1,0,32,0,98.0,0.0,0,0,,,,,,,,,,,,,,,,,,,,,0.0,0,,SYNTHETIC,0
power-outage,0,661,2026-09-03T09:11:01Z,2026-09-03T09:11:02Z,2026-09-03T09:11:01Z,2026-09-03T09:11:02Z,site_a,SIM,synthetic_demo,A-WAN-1,UP,1000.0,151.7396,151.92,0.0,19.02,2.7376,0.083,0,UP,4.0,0.0,48,12,85,-62.7,22.282,6.895,0,4,0,7,0,121.0,0.0,0,0,LOAD_SHED,LOAD_SHED,0,1,80.96,92.0,51.0751,50.8957,2.0,3.81808,3.93808,3.80428,3.92428,120.0,23.8,142.505,3,54.936,,DISCHARGE,0.0,0,,SYNTHETIC,0
power-outage,0,661,2026-09-03T09:11:01Z,2026-09-03T09:11:02Z,2026-09-03T09:11:01Z,2026-09-03T09:11:02Z,site_b,SIM,synthetic_demo,B-WAN-1,UP,1000.0,54.8632,55.5,0.0,22.71,1.3454,0.116,0,UP,4.0,0.0,6,6,62,-63.0,27.697,7.942,0,0,0,32,0,81.0,0.0,0,0,,,,,,,,,,,,,,,,,,,,,0.0,0,,SYNTHETIC,0
power-outage,0,662,2026-09-03T09:11:02Z,2026-09-03T09:11:03Z,2026-09-03T09:11:02Z,2026-09-03T09:11:03Z,site_a,SIM,synthetic_demo,A-WAN-1,UP,1000.0,122.4796,121.63,0.0,15.71,0.6221,0.073,0,UP,4.0,0.0,48,12,67,-64.5,19.966,6.657,1,3,0,7,0,195.0,0.0,0,0,LOAD_SHED,LOAD_SHED,0,1,80.86,92.0,51.0749,50.8966,1.9883,3.81807,3.93807,3.80435,3.92435,120.0,23.6,141.677,3,54.96,,DISCHARGE,0.0,0,,SYNTHETIC,0
power-outage,0,662,2026-09-03T09:11:02Z,2026-09-03T09:11:03Z,2026-09-03T09:11:02Z,2026-09-03T09:11:03Z,site_b,SIM,synthetic_demo,B-WAN-1,UP,1000.0,50.784,50.38,0.0,22.67,1.2119,0.081,0,UP,4.0,0.0,6,6,37,-61.0,21.181,6.477,0,0,0,32,0,83.0,0.0,0,0,,,,,,,,,,,,,,,,,,,,,0.0,0,,SYNTHETIC,0
power-outage,0,663,2026-09-03T09:11:03Z,2026-09-03T09:11:04Z,2026-09-03T09:11:03Z,2026-09-03T09:11:04Z,site_a,SIM,synthetic_demo,A-WAN-1,UP,1000.0,119.6016,119.3,0.0,16.62,0.4499,0.098,0,UP,4.0,0.0,48,12,45,-61.8,17.777,5.386,0,4,0,7,0,156.0,0.0,0,0,LOAD_SHED,LOAD_SHED,0,1,80.83,92.0,51.0748,50.8929,2.0269,3.81806,3.93806,3.80407,3.92407,120.0,23.6,144.418,3,54.875,,DISCHARGE,0.0,0,,SYNTHETIC,0
power-outage,0,663,2026-09-03T09:11:03Z,2026-09-03T09:11:04Z,2026-09-03T09:11:03Z,2026-09-03T09:11:04Z,site_b,SIM,synthetic_demo,B-WAN-1,UP,1000.0,114.4197,115.6,0.0,23.95,2.9418,0.112,0,UP,4.0,0.0,6,6,34,-61.6,18.088,5.806,1,0,0,32,0,52.0,0.0,0,0,,,,,,,,,,,,,,,,,,,,,0.0,0,,SYNTHETIC,0
power-outage,0,664,2026-09-03T09:11:04Z,2026-09-03T09:11:05Z,2026-09-03T09:11:04Z,2026-09-03T09:11:05Z,site_a,SIM,synthetic_demo,A-WAN-1,UP,1000.0,114.8045,112.97,0.0,18.41,2.6084,0.104,0,UP,4.0,0.0,48,12,64,-62.1,19.052,6.099,0,3,0,7,0,184.0,0.0,0,0,LOAD_SHED,LOAD_SHED,0,1,80.92,92.0,51.0746,50.895,2.0017,3.81805,3.93805,3.80423,3.92423,120.0,23.7,142.624,3,54.929,,DISCHARGE,0.0,0,,SYNTHETIC,0
power-outage,0,664,2026-09-03T09:11:04Z,2026-09-03T09:11:05Z,2026-09-03T09:11:04Z,2026-09-03T09:11:05Z,site_b,SIM,synthetic_demo,B-WAN-1,UP,1000.0,82.6305,82.76,0.0,22.4,1.0756,0.107,0,UP,4.0,0.0,6,6,37,-61.5,20.938,6.846,0,0,0,32,0,89.0,0.0,0,0,,,,,,,,,,,,,,,,,,,,,0.0,0,,SYNTHETIC,0
power-outage,0,665,2026-09-03T09:11:05Z,2026-09-03T09:11:06Z,2026-09-03T09:11:05Z,2026-09-03T09:11:06Z,site_a,SIM,synthetic_demo,A-WAN-1,UP,1000.0,109.3814,109.08,0.0,16.81,1.2483,0.078,0,UP,4.0,0.0,48,12,63,-61.3,20.82,5.287,0,3,0,7,0,182.0,0.0,0,0,LOAD_SHED,LOAD_SHED,0,1,80.78,92.0,51.0744,50.8945,2.0063,3.81803,3.93803,3.80419,3.92419,120.0,,142.952,3,54.918,,DISCHARGE,0.0,0,,SYNTHETIC|GAP|MISSING_MAR,0
power-outage,0,665,2026-09-03T09:11:05Z,2026-09-03T09:11:06Z,2026-09-03T09:11:05Z,2026-09-03T09:11:06Z,site_b,SIM,synthetic_demo,B-WAN-1,UP,1000.0,63.026,63.36,0.0,25.3,4.3868,0.095,0,UP,4.0,0.0,6,6,50,-62.7,22.561,7.534,0,1,0,32,0,94.0,0.0,0,0,,,,,,,,,,,,,,,,,,,,,0.0,0,,SYNTHETIC,0
power-outage,0,666,2026-09-03T09:11:06Z,2026-09-03T09:11:07Z,2026-09-03T09:11:06Z,2026-09-03T09:11:07Z,site_a,SIM,synthetic_demo,A-WAN-1,UP,1000.0,123.9089,123.29,0.0,17.45,1.5902,0.067,0,UP,4.0,0.0,48,12,48,-62.7,17.791,5.135,0,3,0,7,0,154.0,0.0,0,0,LOAD_SHED,LOAD_SHED,0,1,80.82,92.0,51.0742,50.8912,2.0405,3.81802,3.93802,3.80394,3.92394,120.0,23.6,145.379,3,54.843,,DISCHARGE,0.0,0,,SYNTHETIC,0
power-outage,0,666,2026-09-03T09:11:06Z,2026-09-03T09:11:07Z,2026-09-03T09:11:06Z,2026-09-03T09:11:07Z,site_b,SIM,synthetic_demo,B-WAN-1,UP,1000.0,58.4849,58.62,0.0,22.22,1.4726,0.073,0,UP,4.0,0.0,6,6,43,-61.2,20.43,6.15,0,1,0,32,0,71.0,0.0,0,0,,,,,,,,,,,,,,,,,,,,,0.0,0,,SYNTHETIC,0
power-outage,0,667,2026-09-03T09:11:07Z,2026-09-03T09:11:08Z,2026-09-03T09:11:07Z,2026-09-03T09:11:08Z,site_a,SIM,synthetic_demo,A-WAN-1,UP,1000.0,112.5959,114.17,0.0,15.93,0.6534,0.128,0,UP,4.0,0.0,48,12,83,-61.5,20.342,6.258,0,2,0,7,0,113.0,0.0,0,0,LOAD_SHED,LOAD_SHED,0,1,80.86,92.0,51.0741,50.8923,2.0262,3.81801,3.93801,3.80403,3.92403,120.0,23.7,144.361,3,54.873,,DISCHARGE,0.0,0,,SYNTHETIC,0
power-outage,0,667,2026-09-03T09:11:07Z,2026-09-03T09:11:08Z,2026-09-03T09:11:07Z,2026-09-03T09:11:08Z,site_b,SIM,synthetic_demo,B-WAN-1,UP,1000.0,72.1453,72.84,0.0,22.11,1.2236,0.1,0,UP,4.0,0.0,6,6,42,-59.6,22.718,5.983,0,0,0,32,0,58.0,0.0,0,0,,,,,,,,,,,,,,,,,,,,,0.0,0,,SYNTHETIC,0
power-outage,0,668,2026-09-03T09:11:08Z,2026-09-03T09:11:09Z,2026-09-03T09:11:08Z,2026-09-03T09:11:09Z,site_a,SIM,synthetic_demo,A-WAN-1,UP,1000.0,141.9231,141.75,0.0,16.36,0.1285,0.102,0,UP,4.0,0.0,48,12,37,-62.8,15.177,4.458,0,4,0,7,0,136.0,0.0,0,0,LOAD_SHED,LOAD_SHED,0,1,80.88,92.0,51.0739,50.8951,1.9939,3.81799,3.93799,3.80423,3.92423,120.0,23.7,142.073,3,54.943,,DISCHARGE,0.0,0,,SYNTHETIC,0
power-outage,0,668,2026-09-03T09:11:08Z,2026-09-03T09:11:09Z,2026-09-03T09:11:08Z,2026-09-03T09:11:09Z,site_b,SIM,synthetic_demo,B-WAN-1,UP,1000.0,53.9997,54.77,0.0,23.32,1.538,0.075,0,UP,4.0,0.0,6,6,40,-60.9,21.231,6.312,0,2,0,32,0,38.0,0.0,0,0,,,,,,,,,,,,,,,,,,,,,0.0,0,,SYNTHETIC,0
power-outage,0,669,2026-09-03T09:11:09Z,2026-09-03T09:11:10Z,2026-09-03T09:11:09Z,2026-09-03T09:11:10Z,site_a,SIM,synthetic_demo,A-WAN-1,UP,1000.0,114.1298,114.62,0.0,17.7,1.815,0.093,0,UP,4.0,0.0,48,12,53,-60.7,17.117,5.101,0,2,0,7,0,123.0,0.0,0,0,LOAD_SHED,LOAD_SHED,0,1,80.72,92.0,51.0737,50.8874,2.0777,3.81798,3.93798,3.80364,3.92364,120.0,23.8,148.019,3,54.759,,DISCHARGE,0.0,0,,SYNTHETIC,0
power-outage,0,669,2026-09-03T09:11:09Z,2026-09-03T09:11:10Z,2026-09-03T09:11:09Z,2026-09-03T09:11:10Z,site_b,SIM,synthetic_demo,B-WAN-1,UP,1000.0,73.401,73.81,0.0,21.92,1.3148,0.089,0,UP,4.0,0.0,6,6,42,-61.9,20.556,6.802,0,1,0,32,0,67.0,0.0,0,0,,,,,,,,,,,,,,,,,,,,,0.0,0,,SYNTHETIC,0
power-outage,0,670,2026-09-03T09:11:10Z,2026-09-03T09:11:11Z,2026-09-03T09:11:10Z,2026-09-03T09:11:11Z,site_a,SIM,synthetic_demo,A-WAN-1,UP,1000.0,118.2205,118.75,0.0,18.01,1.4998,0.115,0,UP,4.0,0.0,48,12,50,-60.9,16.892,5.173,0,3,0,7,0,143.0,0.0,0,0,LOAD_SHED,LOAD_SHED,0,1,80.81,92.0,51.0736,50.8906,2.0395,3.81797,3.93797,3.80389,3.92389,120.0,23.7,145.307,3,54.841,,DISCHARGE,0.0,0,,SYNTHETIC,0
power-outage,0,670,2026-09-03T09:11:10Z,2026-09-03T09:11:11Z,2026-09-03T09:11:10Z,2026-09-03T09:11:11Z,site_b,SIM,synthetic_demo,B-WAN-1,UP,1000.0,63.8183,63.39,0.0,21.69,1.4477,0.086,0,UP,4.0,0.0,6,6,49,-63.3,21.992,7.173,0,1,0,32,0,51.0,0.0,0,0,,,,,,,,,,,,,,,,,,,,,0.0,0,,SYNTHETIC,0
power-outage,0,671,2026-09-03T09:11:11Z,2026-09-03T09:11:12Z,2026-09-03T09:11:11Z,2026-09-03T09:11:12Z,site_a,SIM,synthetic_demo,A-WAN-1,UP,1000.0,122.4586,121.98,0.0,16.9,1.3457,0.094,0,UP,4.0,0.0,48,48,303,-61.3,21.304,6.038,0,0,0,7,0,172.0,0.0,0,0,LOAD_SHED,BATTERY,0,1,80.8,92.0,51.0734,50.8932,2.0083,3.81795,3.93795,3.8041,3.9241,120.0,23.7,143.095,,681.145,,DISCHARGE,0.0,0,,SYNTHETIC,0
power-outage,0,671,2026-09-03T09:11:11Z,2026-09-03T09:11:12Z,2026-09-03T09:11:11Z,2026-09-03T09:11:12Z,site_b,SIM,synthetic_demo,B-WAN-1,UP,1000.0,61.3441,60.69,0.0,23.86,2.7437,0.068,0,UP,4.0,0.0,6,6,41,-61.8,18.921,6.367,0,1,0,32,0,75.0,0.0,0,0,,,,,,,,,,,,,,,,,,,,,0.0,0,,SYNTHETIC,0
power-outage,0,672,2026-09-03T09:11:12Z,2026-09-03T09:11:13Z,2026-09-03T09:11:12Z,2026-09-03T09:11:13Z,site_a,SIM,synthetic_demo,A-WAN-1,UP,1000.0,110.4376,109.56,0.0,16.59,0.4902,0.05,0,UP,4.0,0.0,48,48,195,,17.629,5.18,3,5,0,7,0,203.0,0.0,0,0,BATTERY,BATTERY,0,1,80.84,92.0,51.0714,48.7403,25.9883,3.8178,3.9378,3.63848,3.75848,120.0,23.6,1773.135,,54.968,OCP_DSG,DISCHARGE,0.0,0,,SYNTHETIC|GAP|MISSING_MAR,0
power-outage,0,672,2026-09-03T09:11:12Z,2026-09-03T09:11:13Z,2026-09-03T09:11:12Z,2026-09-03T09:11:13Z,site_b,SIM,synthetic_demo,B-WAN-1,UP,1000.0,60.6621,60.39,0.0,22.48,1.0484,0.103,0,UP,4.0,0.0,6,6,63,-62.4,24.957,7.707,1,1,0,32,0,75.0,0.0,0,0,,,,,,,,,,,,,,,,,,,,,0.0,0,,SYNTHETIC,0
power-outage,0,673,2026-09-03T09:11:13Z,2026-09-03T09:11:14Z,2026-09-03T09:11:13Z,2026-09-03T09:11:14Z,site_a,SIM,synthetic_demo,A-WAN-1,UP,1000.0,116.9928,116.32,0.0,15.94,0.2064,0.062,0,UP,4.0,0.0,48,12,105,-62.3,22.996,7.559,0,6,0,7,0,161.0,0.0,0,0,BATTERY,LOAD_SHED,0,1,80.85,92.0,51.0713,50.8897,2.0236,3.81779,3.93779,3.80383,3.92383,120.0,23.6,144.171,3,54.864,,DISCHARGE,0.0,0,,SYNTHETIC,0
power-outage,0,673,2026-09-03T09:11:13Z,2026-09-03T09:11:14Z,2026-09-03T09:11:13Z,2026-09-03T09:11:14Z,site_b,SIM,synthetic_demo,B-WAN-1,UP,1000.0,63.3253,63.27,0.0,23.82,2.3423,0.074,0,UP,4.0,0.0,6,6,48,-64.8,22.796,7.771,0,0,0,32,0,70.0,0.0,0,0,,,,,,,,,,,,,,,,,,,,,0.0,0,,SYNTHETIC,0
power-outage,0,674,2026-09-03T09:11:14Z,2026-09-03T09:11:15Z,2026-09-03T09:11:14Z,2026-09-03T09:11:15Z,site_a,SIM,synthetic_demo,A-WAN-1,UP,1000.0,121.2672,121.92,0.0,17.32,1.0254,0.047,0,UP,4.0,0.0,48,12,120,-61.7,25.352,7.929,0,4,0,7,0,165.0,0.0,0,0,LOAD_SHED,LOAD_SHED,0,1,80.85,92.0,51.0711,50.886,2.0633,3.81778,3.93778,3.80354,3.92354,120.0,23.8,146.988,3,54.776,,DISCHARGE,0.0,0,,SYNTHETIC,0
power-outage,0,674,2026-09-03T09:11:14Z,2026-09-03T09:11:15Z,2026-09-03T09:11:14Z,2026-09-03T09:11:15Z,site_b,SIM,synthetic_demo,B-WAN-1,UP,1000.0,68.0644,68.47,0.0,23.03,2.0314,0.143,0,UP,4.0,0.0,6,6,39,-62.9,20.894,7.243,0,0,0,32,0,55.0,0.0,0,0,,,,,,,,,,,,,,,,,,,,,0.0,0,,SYNTHETIC,0
power-outage,0,675,2026-09-03T09:11:15Z,2026-09-03T09:11:16Z,2026-09-03T09:11:15Z,2026-09-03T09:11:16Z,site_a,SIM,synthetic_demo,A-WAN-1,UP,1000.0,169.4864,169.73,0.0,16.13,0.2581,0.094,0,UP,4.0,0.0,48,12,42,-60.0,15.679,4.728,2,7,0,7,0,252.0,0.0,0,0,LOAD_SHED,LOAD_SHED,0,1,80.82,92.0,51.0709,50.8916,1.9988,3.81776,3.93776,3.80397,3.92397,120.0,23.8,142.411,3,54.916,,DISCHARGE,0.0,0,,SYNTHETIC|STALE,0
power-outage,0,675,2026-09-03T09:11:15Z,2026-09-03T09:11:16Z,2026-09-03T09:11:15Z,2026-09-03T09:11:16Z,site_b,SIM,synthetic_demo,B-WAN-1,UP,1000.0,70.6571,70.89,0.0,21.35,0.8562,0.075,0,UP,4.0,0.0,6,6,36,-61.271,21.468,6.703,0,0,0,32,0,79.0,0.0,0,0,,,,,,,,,,,,,,,,,,,,,0.0,0,,SYNTHETIC|STALE,0
power-outage,0,676,2026-09-03T09:11:16Z,2026-09-03T09:11:17Z,2026-09-03T09:11:16Z,2026-09-03T09:11:17Z,site_a,SIM,synthetic_demo,A-WAN-1,UP,1000.0,122.94,122.68,0.0,15.98,0.3121,0.102,0,UP,4.0,0.0,48,12,49,-61.271,17.201,5.292,1,4,0,7,0,179.0,0.0,0,0,LOAD_SHED,LOAD_SHED,0,1,80.85,92.0,51.0708,50.8922,1.991,3.81775,3.93775,3.80401,3.92401,120.0,23.9,141.855,3,54.933,,DISCHARGE,0.0,0,,SYNTHETIC|STALE,0
power-outage,0,676,2026-09-03T09:11:16Z,2026-09-03T09:11:17Z,2026-09-03T09:11:16Z,2026-09-03T09:11:17Z,site_b,SIM,synthetic_demo,B-WAN-1,UP,1000.0,83.557,83.49,0.0,21.66,0.8568,0.113,0,UP,4.0,0.0,6,6,51,-61.271,23.681,7.753,0,0,0,32,0,61.0,0.0,0,0,,,,,,,,,,,,,,,,,,,,,0.0,0,,SYNTHETIC|STALE,0
power-outage,0,677,2026-09-03T09:11:17Z,2026-09-03T09:11:18Z,2026-09-03T09:11:17Z,2026-09-03T09:11:18Z,site_a,SIM,synthetic_demo,A-WAN-1,UP,1000.0,95.9503,96.08,0.0,17.65,0.9975,0.082,0,UP,4.0,0.0,48,12,52,-61.271,19.377,5.527,1,4,0,7,0,170.0,0.0,0,0,LOAD_SHED,LOAD_SHED,0,1,80.82,92.0,51.0706,50.8902,2.0109,3.81774,3.93774,3.80386,3.92386,120.0,23.7,143.267,3,54.888,,DISCHARGE,0.0,0,,SYNTHETIC|STALE,0
power-outage,0,677,2026-09-03T09:11:17Z,2026-09-03T09:11:18Z,2026-09-03T09:11:17Z,2026-09-03T09:11:18Z,site_b,SIM,synthetic_demo,B-WAN-1,UP,1000.0,73.8435,74.0,0.0,22.72,1.3801,0.107,0,UP,4.0,0.0,6,6,13,-62.5,15.58,4.913,0,0,0,32,0,59.0,0.0,0,0,,,,,,,,,,,,,,,,,,,,,0.0,0,,SYNTHETIC,0
power-outage,0,678,2026-09-03T09:11:18Z,2026-09-03T09:11:19Z,2026-09-03T09:11:18Z,2026-09-03T09:11:19Z,site_a,SIM,synthetic_demo,A-WAN-1,UP,1000.0,115.3991,115.9,0.0,17.35,1.0101,0.088,0,UP,4.0,0.0,48,12,57,-61.7,17.093,4.998,0,4,0,7,0,179.0,0.0,0,0,LOAD_SHED,LOAD_SHED,0,1,80.74,92.0,51.0704,50.889,2.0229,3.81772,3.93772,3.80377,3.92377,120.0,23.7,144.12,3,54.861,,DISCHARGE,0.0,0,,SYNTHETIC,0
power-outage,0,678,2026-09-03T09:11:18Z,2026-09-03T09:11:19Z,2026-09-03T09:11:18Z,2026-09-03T09:11:19Z,site_b,SIM,synthetic_demo,B-WAN-1,UP,1000.0,73.8771,74.31,0.0,22.71,1.3788,0.069,0,UP,4.0,0.0,6,6,12,-60.0,15.052,4.093,0,1,0,32,0,112.0,0.0,0,0,,,,,,,,,,,,,,,,,,,,,0.0,0,,SYNTHETIC,0
power-outage,0,679,2026-09-03T09:11:19Z,2026-09-03T09:11:20Z,2026-09-03T09:11:19Z,2026-09-03T09:11:20Z,site_a,SIM,synthetic_demo,A-WAN-1,UP,1000.0,129.102,128.18,0.0,15.86,0.5398,0.087,0,UP,4.0,0.0,48,12,59,-62.3,18.383,5.591,0,5,0,7,0,119.0,0.0,0,0,LOAD_SHED,LOAD_SHED,0,1,80.85,92.0,51.0702,50.8923,1.9834,3.81771,3.93771,3.80403,3.92403,120.0,23.8,141.313,3,54.947,,DISCHARGE,0.0,0,,SYNTHETIC,0
power-outage,0,679,2026-09-03T09:11:19Z,2026-09-03T09:11:20Z,2026-09-03T09:11:19Z,2026-09-03T09:11:20Z,site_b,SIM,synthetic_demo,B-WAN-1,UP,1000.0,76.5432,75.37,0.0,21.87,1.2516,0.088,0,UP,4.0,0.0,6,6,34,-62.1,19.579,5.444,0,0,0,32,0,80.0,0.0,0,0,,,,,,,,,,,,,,,,,,,,,0.0,0,,SYNTHETIC,0
power-outage,0,680,2026-09-03T09:11:20Z,2026-09-03T09:11:21Z,2026-09-03T09:11:20Z,2026-09-03T09:11:21Z,site_a,SIM,synthetic_demo,A-WAN-1,UP,1000.0,95.3649,95.71,0.0,16.84,0.0592,0.071,0,UP,4.0,0.0,48,12,37,-61.5,16.836,4.778,0,5,0,7,0,159.0,0.0,0,0,LOAD_SHED,LOAD_SHED,0,1,80.83,92.0,51.0701,50.8909,1.9979,3.8177,3.9377,3.80391,3.92391,120.0,23.8,142.345,3,54.914,,DISCHARGE,0.0,0,,SYNTHETIC,0
power-outage,0,680,2026-09-03T09:11:20Z,2026-09-03T09:11:21Z,2026-09-03T09:11:20Z,2026-09-03T09:11:21Z,site_b,SIM,synthetic_demo,B-WAN-1,UP,1000.0,85.6873,85.89,0.0,20.99,0.0797,0.106,0,UP,4.0,0.0,6,6,55,-64.5,25.761,7.817,0,0,0,32,0,74.0,0.0,0,0,,,,,,,,,,,,,,,,,,,,,0.0,0,,SYNTHETIC,0
power-outage,0,681,2026-09-03T09:11:21Z,2026-09-03T09:11:22Z,2026-09-03T09:11:21Z,2026-09-03T09:11:22Z,site_a,SIM,synthetic_demo,A-WAN-1,UP,1000.0,92.9108,94.11,0.0,18.18,1.8763,0.098,0,UP,4.0,0.0,48,12,86,-62.2,23.046,6.567,0,4,0,7,0,133.0,0.0,0,0,LOAD_SHED,LOAD_SHED,0,1,80.88,92.0,51.0699,50.8828,2.0861,3.81768,3.93768,3.80329,3.92329,120.0,23.6,148.606,3,54.72,,DISCHARGE,0.0,0,,SYNTHETIC,0
power-outage,0,681,2026-09-03T09:11:21Z,2026-09-03T09:11:22Z,2026-09-03T09:11:21Z,2026-09-03T09:11:22Z,site_b,SIM,synthetic_demo,B-WAN-1,UP,1000.0,94.0333,94.46,0.0,21.56,0.628,0.077,0,UP,4.0,0.0,6,6,46,-64.0,22.737,6.751,1,0,0,32,0,54.0,0.0,0,0,,,,,,,,,,,,,,,,,,,,,0.0,0,,SYNTHETIC,0
power-outage,0,682,2026-09-03T09:11:22Z,2026-09-03T09:11:23Z,2026-09-03T09:11:22Z,2026-09-03T09:11:23Z,site_a,SIM,synthetic_demo,A-WAN-1,UP,1000.0,104.4966,104.24,0.0,19.11,2.6674,0.1,0,UP,4.0,0.0,48,12,49,-62.1,15.376,5.28,0,4,0,7,0,155.0,0.0,0,0,LOAD_SHED,LOAD_SHED,0,1,80.81,92.0,51.0697,50.8879,2.0274,3.81767,3.93767,3.80368,3.92368,120.0,23.7,144.434,3,54.848,,DISCHARGE,0.0,0,,SYNTHETIC,0
power-outage,0,682,2026-09-03T09:11:22Z,2026-09-03T09:11:23Z,2026-09-03T09:11:22Z,2026-09-03T09:11:23Z,site_b,SIM,synthetic_demo,B-WAN-1,UP,1000.0,71.4447,71.87,0.0,22.72,1.0663,0.096,0,UP,4.0,0.0,6,6,62,-63.1,25.227,7.715,0,1,0,32,0,53.0,0.0,0,0,,,,,,,,,,,,,,,,,,,,,0.0,0,,SYNTHETIC,0
power-outage,0,683,2026-09-03T09:11:23Z,2026-09-03T09:11:24Z,2026-09-03T09:11:23Z,2026-09-03T09:11:24Z,site_a,SIM,synthetic_demo,A-WAN-1,UP,1000.0,108.29,108.56,0.0,18.69,2.7514,0.108,0,UP,4.0,0.0,48,12,45,-62.8,18.335,5.278,0,4,0,7,0,139.0,0.0,0,0,LOAD_SHED,LOAD_SHED,0,1,80.85,92.0,51.0696,50.892,1.9791,3.81766,3.93766,3.804,3.924,120.0,23.6,141.006,3,54.953,,DISCHARGE,0.0,0,,SYNTHETIC,0
power-outage,0,683,2026-09-03T09:11:23Z,2026-09-03T09:11:24Z,2026-09-03T09:11:23Z,2026-09-03T09:11:24Z,site_b,SIM,synthetic_demo,B-WAN-1,UP,1000.0,80.0458,80.49,0.0,22.05,1.3603,0.121,0,UP,4.0,0.0,6,6,57,-60.5,26.547,7.752,0,1,0,32,0,74.0,0.0,0,0,,,,,,,,,,,,,,,,,,,,,0.0,0,,SYNTHETIC,0
power-outage,0,684,2026-09-03T09:11:24Z,2026-09-03T09:11:25Z,2026-09-03T09:11:24Z,2026-09-03T09:11:25Z,site_a,SIM,synthetic_demo,A-WAN-1,UP,1000.0,103.8671,104.24,0.0,17.4,1.443,0.05,0,UP,4.0,0.0,48,12,49,-62.5,17.868,5.345,0,4,0,7,0,134.0,0.0,0,0,LOAD_SHED,LOAD_SHED,0,1,80.82,92.0,51.0694,50.8908,1.9909,3.81765,3.93765,3.80391,3.92391,120.0,23.5,141.847,3,54.926,,DISCHARGE,0.0,0,,SYNTHETIC,0
power-outage,0,684,2026-09-03T09:11:24Z,2026-09-03T09:11:25Z,2026-09-03T09:11:24Z,2026-09-03T09:11:25Z,site_b,SIM,synthetic_demo,B-WAN-1,UP,1000.0,75.5583,76.43,0.0,20.78,0.0954,0.081,0,UP,4.0,0.0,6,6,35,-66.5,20.603,7.982,0,0,0,32,0,86.0,0.0,0,0,,,,,,,,,,,,,,,,,,,,,0.0,0,,SYNTHETIC,0
power-outage,0,685,2026-09-03T09:11:25Z,2026-09-03T09:11:26Z,2026-09-03T09:11:25Z,2026-09-03T09:11:26Z,site_a,SIM,synthetic_demo,A-WAN-1,UP,1000.0,95.8589,96.55,0.0,18.12,2.5616,0.088,0,UP,4.0,0.0,48,12,56,-63.5,18.792,5.959,0,5,0,7,0,139.0,0.0,0,0,LOAD_SHED,LOAD_SHED,0,1,80.76,92.0,51.0692,50.8907,1.9898,3.81763,3.93763,3.8039,3.9239,120.0,23.7,141.764,3,54.928,,DISCHARGE,0.0,0,,SYNTHETIC,0
power-outage,0,685,2026-09-03T09:11:25Z,2026-09-03T09:11:26Z,2026-09-03T09:11:25Z,2026-09-03T09:11:26Z,site_b,SIM,synthetic_demo,B-WAN-1,UP,1000.0,79.866,80.94,0.0,21.35,0.138,0.092,0,UP,4.0,0.0,6,6,17,-64.0,14.851,5.021,0,0,0,32,0,66.0,0.0,0,0,,,,,,,,,,,,,,,,,,,,,0.0,0,,SYNTHETIC,0
power-outage,0,686,2026-09-03T09:11:26Z,2026-09-03T09:11:27Z,2026-09-03T09:11:26Z,2026-09-03T09:11:27Z,site_a,SIM,synthetic_demo,A-WAN-1,UP,1000.0,104.3354,104.09,0.0,17.43,1.2355,0.028,0,UP,4.0,0.0,48,12,31,-62.7,14.958,4.857,1,5,0,7,0,104.0,0.0,0,0,LOAD_SHED,LOAD_SHED,0,1,80.78,92.0,51.0691,50.892,1.9736,3.81762,3.93762,3.804,3.924,120.0,23.8,140.615,3,54.962,,DISCHARGE,0.0,0,,SYNTHETIC,0
power-outage,0,686,2026-09-03T09:11:26Z,2026-09-03T09:11:27Z,2026-09-03T09:11:26Z,2026-09-03T09:11:27Z,site_b,SIM,synthetic_demo,B-WAN-1,UP,1000.0,62.6811,63.13,0.0,22.75,1.7659,0.073,0,UP,4.0,0.0,6,6,19,-63.4,17.67,4.627,0,0,0,32,0,63.0,0.0,0,0,,,,,,,,,,,,,,,,,,,,,0.0,0,,SYNTHETIC,0
power-outage,0,687,2026-09-03T09:11:27Z,2026-09-03T09:11:28Z,2026-09-03T09:11:27Z,2026-09-03T09:11:28Z,site_a,SIM,synthetic_demo,A-WAN-1,UP,1000.0,100.3611,,0.0,17.82,1.5344,0.073,0,UP,4.0,0.0,48,12,44,-59.1,18.399,4.667,0,4,0,7,0,167.0,0.0,0,0,LOAD_SHED,LOAD_SHED,0,1,80.91,92.0,51.0689,50.8904,1.9894,3.81761,3.93761,3.80388,3.92388,120.0,23.7,141.734,3,54.927,,DISCHARGE,0.0,0,,SYNTHETIC|GAP|MISSING_MCAR,0
power-outage,0,687,2026-09-03T09:11:27Z,2026-09-03T09:11:28Z,2026-09-03T09:11:27Z,2026-09-03T09:11:28Z,site_b,SIM,synthetic_demo,B-WAN-1,UP,1000.0,105.9773,106.74,0.0,21.89,0.9532,0.107,0,UP,4.0,0.0,6,6,26,-63.5,15.603,5.576,0,1,0,32,0,37.0,0.0,0,0,,,,,,,,,,,,,,,,,,,,,0.0,0,,SYNTHETIC,0
power-outage,0,688,2026-09-03T09:11:28Z,2026-09-03T09:11:29Z,2026-09-03T09:11:28Z,2026-09-03T09:11:29Z,site_a,SIM,synthetic_demo,A-WAN-1,UP,1000.0,111.6365,111.65,0.0,17.53,1.4651,0.054,0,UP,4.0,0.0,48,48,240,-61.7,19.618,5.545,0,2,0,7,0,157.0,0.0,0,0,LOAD_SHED,BATTERY,0,1,80.86,92.0,51.0687,50.887,2.0263,3.81759,3.93759,3.80361,3.92361,120.0,23.7,144.355,,674.891,,DISCHARGE,0.0,0,,SYNTHETIC,0
power-outage,0,688,2026-09-03T09:11:28Z,2026-09-03T09:11:29Z,2026-09-03T09:11:28Z,2026-09-03T09:11:29Z,site_b,SIM,synthetic_demo,B-WAN-1,UP,1000.0,110.5489,110.64,0.0,21.76,1.3503,0.133,0,UP,4.0,0.0,6,6,72,-61.6,27.683,8.419,0,0,0,32,0,47.0,0.0,0,0,,,,,,,,,,,,,,,,,,,,,0.0,0,,SYNTHETIC,0
power-outage,0,689,2026-09-03T09:11:29Z,2026-09-03T09:11:30Z,2026-09-03T09:11:29Z,2026-09-03T09:11:30Z,site_a,SIM,synthetic_demo,A-WAN-1,UP,1000.0,126.7437,125.96,0.0,16.74,0.2216,0.107,0,UP,4.0,0.0,48,48,265,-60.9,20.312,5.741,1,4,0,7,0,109.0,0.0,0,0,BATTERY,BATTERY,0,1,80.84,92.0,51.0668,48.7358,25.9859,3.81744,3.93744,3.63814,3.75814,120.0,23.8,1772.812,,54.954,OCP_DSG,DISCHARGE,0.0,0,,SYNTHETIC,0
power-outage,0,689,2026-09-03T09:11:29Z,2026-09-03T09:11:30Z,2026-09-03T09:11:29Z,2026-09-03T09:11:30Z,site_b,SIM,synthetic_demo,B-WAN-1,UP,1000.0,66.213,66.68,0.0,21.45,0.832,0.095,0,UP,4.0,0.0,6,6,38,-63.1,17.867,5.656,0,1,0,32,0,55.0,0.0,0,0,,,,,,,,,,,,,,,,,,,,,0.0,0,,SYNTHETIC,0
power-outage,0,690,2026-09-03T09:11:30Z,2026-09-03T09:11:31Z,2026-09-03T09:11:30Z,2026-09-03T09:11:31Z,site_a,SIM,synthetic_demo,A-WAN-1,UP,1000.0,101.6944,101.18,0.0,18.67,2.2192,0.073,0,UP,4.0,0.0,48,12,63,-61.7,20.474,5.231,0,5,0,7,0,131.0,0.0,0,0,BATTERY,LOAD_SHED,0,1,80.85,92.0,51.0666,50.8864,2.009,3.81743,3.93743,3.80357,3.92357,120.0,23.8,143.12,3,54.871,,DISCHARGE,0.0,0,,SYNTHETIC,0
power-outage,0,690,2026-09-03T09:11:30Z,2026-09-03T09:11:31Z,2026-09-03T09:11:30Z,2026-09-03T09:11:31Z,site_b,SIM,synthetic_demo,B-WAN-1,UP,1000.0,86.055,86.17,0.0,21.5,0.5523,0.081,0,UP,4.0,0.0,6,6,61,-59.1,26.826,7.535,0,0,0,32,0,77.0,0.0,0,0,,,,,,,,,,,,,,,,,,,,,0.0,0,,SYNTHETIC,0
power-outage,0,691,2026-09-03T09:11:31Z,2026-09-03T09:11:32Z,2026-09-03T09:11:31Z,2026-09-03T09:11:32Z,site_a,SIM,synthetic_demo,A-WAN-1,UP,1000.0,105.4095,105.99,0.0,18.03,1.2831,0.065,0,UP,4.0,0.0,48,12,57,-61.1,18.147,5.474,1,3,0,7,0,122.0,0.0,0,0,LOAD_SHED,LOAD_SHED,0,1,80.8,92.0,51.0664,50.8901,1.9661,3.81742,3.93742,3.80385,3.92385,120.0,23.8,140.073,3,54.965,,DISCHARGE,0.0,0,,SYNTHETIC,0
power-outage,0,691,2026-09-03T09:11:31Z,2026-09-03T09:11:32Z,2026-09-03T09:11:31Z,2026-09-03T09:11:32Z,site_b,SIM,synthetic_demo,B-WAN-1,UP,1000.0,69.508,70.44,0.0,23.17,1.9865,0.059,0,UP,4.0,0.0,6,6,23,-60.9,17.009,4.761,0,0,0,32,0,53.0,0.0,0,0,,,,,,,,,,,,,,,,,,,,,0.0,0,,SYNTHETIC,0
power-outage,0,692,2026-09-03T09:11:32Z,2026-09-03T09:11:33Z,2026-09-03T09:11:32Z,2026-09-03T09:11:33Z,site_a,SIM,synthetic_demo,A-WAN-1,UP,1000.0,114.5086,113.96,0.0,17.22,1.2853,0.078,0,UP,4.0,0.0,48,12,68,-61.9,19.259,5.714,1,5,0,7,0,107.0,0.0,0,0,LOAD_SHED,LOAD_SHED,0,1,80.8,92.0,51.0663,50.8883,1.9837,3.8174,3.9374,3.80372,3.92372,120.0,23.7,141.322,3,54.925,,DISCHARGE,0.0,0,,SYNTHETIC,0
power-outage,0,692,2026-09-03T09:11:32Z,2026-09-03T09:11:33Z,2026-09-03T09:11:32Z,2026-09-03T09:11:33Z,site_b,SIM,synthetic_demo,B-WAN-1,UP,1000.0,63.4356,63.03,0.0,22.55,2.2311,0.116,0,UP,4.0,0.0,6,6,48,-60.5,22.865,6.549,0,0,0,32,0,33.0,0.0,0,0,,,,,,,,,,,,,,,,,,,,,0.0,0,,SYNTHETIC,0
power-outage,0,693,2026-09-03T09:11:33Z,2026-09-03T09:11:34Z,2026-09-03T09:11:33Z,2026-09-03T09:11:34Z,site_a,SIM,synthetic_demo,A-WAN-1,UP,1000.0,106.7316,106.35,0.0,18.01,2.2178,0.071,0,UP,4.0,0.0,48,12,84,-60.4,20.657,6.289,0,3,0,7,0,116.0,0.0,0,0,LOAD_SHED,LOAD_SHED,0,1,80.79,92.0,51.0661,50.8862,2.0051,3.81739,3.93739,3.80356,3.92356,120.0,23.8,142.841,3,54.877,,DISCHARGE,0.0,0,,SYNTHETIC,0
power-outage,0,693,2026-09-03T09:11:33Z,2026-09-03T09:11:34Z,2026-09-03T09:11:33Z,2026-09-03T09:11:34Z,site_b,SIM,synthetic_demo,B-WAN-1,UP,1000.0,72.9916,72.69,0.0,22.55,1.5581,0.105,0,UP,4.0,0.0,6,6,71,-63.0,28.114,8.45,0,2,0,32,0,47.0,0.0,0,0,,,,,,,,,,,,,,,,,,,,,0.0,0,,SYNTHETIC,0
power-outage,0,694,2026-09-03T09:11:34Z,2026-09-03T09:11:35Z,2026-09-03T09:11:34Z,2026-09-03T09:11:35Z,site_a,SIM,synthetic_demo,A-WAN-1,UP,1000.0,110.2964,110.75,0.0,16.17,0.249,0.088,0,UP,4.0,0.0,48,12,33,-61.7,17.608,4.355,0,3,0,7,0,220.0,0.0,0,0,LOAD_SHED,LOAD_SHED,0,1,80.76,92.0,51.0659,50.8853,2.0132,3.81738,3.93738,3.80349,3.92349,120.0,23.7,143.42,3,54.859,,DISCHARGE,0.0,0,,SYNTHETIC,0
power-outage,0,694,2026-09-03T09:11:34Z,2026-09-03T09:11:35Z,2026-09-03T09:11:34Z,2026-09-03T09:11:35Z,site_b,SIM,synthetic_demo,B-WAN-1,UP,1000.0,79.6582,78.94,0.0,23.22,1.9361,0.089,0,UP,4.0,0.0,6,6,50,-61.5,21.413,6.8,0,0,0,32,0,99.0,0.0,0,0,,,,,,,,,,,,,,,,,,,,,0.0,0,,SYNTHETIC,0
power-outage,0,695,2026-09-03T09:11:35Z,2026-09-03T09:11:36Z,2026-09-03T09:11:35Z,2026-09-03T09:11:36Z,site_a,SIM,synthetic_demo,A-WAN-1,UP,1000.0,125.0328,125.47,0.0,19.57,4.1413,0.081,0,UP,4.0,0.0,48,12,72,-61.9,19.006,6.026,0,5,0,7,0,128.0,0.0,0,0,LOAD_SHED,LOAD_SHED,0,1,80.84,92.0,51.0658,50.8859,2.0048,3.81737,3.93737,3.80353,3.92353,120.0,23.7,142.824,3,54.876,,DISCHARGE,0.0,0,,SYNTHETIC,0
power-outage,0,695,2026-09-03T09:11:35Z,2026-09-03T09:11:36Z,2026-09-03T09:11:35Z,2026-09-03T09:11:36Z,site_b,SIM,synthetic_demo,B-WAN-1,UP,1000.0,74.7733,74.87,0.0,21.2,0.472,0.109,0,UP,4.0,0.0,6,6,25,-61.2,18.135,5.364,0,0,0,32,0,36.0,0.0,0,0,,,,,,,,,,,,,,,,,,,,,0.0,0,,SYNTHETIC,0
power-outage,0,696,2026-09-03T09:11:36Z,2026-09-03T09:11:37Z,2026-09-03T09:11:36Z,2026-09-03T09:11:37Z,site_a,SIM,synthetic_demo,A-WAN-1,UP,1000.0,96.4537,96.23,0.0,18.95,3.233,0.087,0,UP,4.0,0.0,48,12,46,-61.9,16.767,5.482,0,5,0,7,0,86.0,0.0,0,0,LOAD_SHED,LOAD_SHED,0,1,80.78,92.0,51.0656,50.8823,2.0434,3.81735,3.93735,3.80325,3.92325,120.0,23.6,145.563,3,54.791,,DISCHARGE,0.0,0,,SYNTHETIC,0
power-outage,0,696,2026-09-03T09:11:36Z,2026-09-03T09:11:37Z,2026-09-03T09:11:36Z,2026-09-03T09:11:37Z,site_b,SIM,synthetic_demo,B-WAN-1,UP,1000.0,84.9026,84.78,0.0,21.66,0.7292,0.122,0,UP,4.0,0.0,6,6,55,-61.1,24.83,7.109,1,1,0,32,0,86.0,0.0,0,0,,,,,,,,,,,,,,,,,,,,,0.0,0,,SYNTHETIC,0
power-outage,0,697,2026-09-03T09:11:37Z,2026-09-03T09:11:38Z,2026-09-03T09:11:37Z,2026-09-03T09:11:38Z,site_a,SIM,synthetic_demo,A-WAN-1,UP,1000.0,88.6829,88.8,0.0,15.85,0.1625,0.064,0,UP,4.0,0.0,48,12,86,-63.1,20.642,7.008,0,3,0,7,0,138.0,0.0,0,0,LOAD_SHED,LOAD_SHED,0,1,80.77,92.0,51.0654,50.8894,1.9628,3.81734,3.93734,3.8038,3.9238,120.0,23.7,139.836,3,54.967,,DISCHARGE,0.0,0,,SYNTHETIC,0
power-outage,0,697,2026-09-03T09:11:37Z,2026-09-03T09:11:38Z,2026-09-03T09:11:37Z,2026-09-03T09:11:38Z,site_b,SIM,synthetic_demo,B-WAN-1,UP,1000.0,89.9675,90.59,0.0,22.07,0.5614,0.089,0,UP,4.0,0.0,6,6,62,-62.4,27.285,8.239,0,1,0,32,0,80.0,0.0,0,0,,,,,,,,,,,,,,,,,,,,,0.0,0,,SYNTHETIC,0
power-outage,0,698,2026-09-03T09:11:38Z,2026-09-03T09:11:39Z,2026-09-03T09:11:38Z,2026-09-03T09:11:39Z,site_a,SIM,synthetic_demo,A-WAN-1,UP,1000.0,120.6288,120.46,0.0,19.09,2.5628,0.09,0,UP,4.0,0.0,48,12,61,-61.7,18.879,5.805,0,3,0,7,0,207.0,0.0,0,0,LOAD_SHED,LOAD_SHED,0,1,80.73,92.0,51.0652,50.8817,2.0461,3.81733,3.93733,3.80321,3.92321,120.0,23.9,145.751,3,54.783,,DISCHARGE,0.0,0,,SYNTHETIC,0
power-outage,0,698,2026-09-03T09:11:38Z,2026-09-03T09:11:39Z,2026-09-03T09:11:38Z,2026-09-03T09:11:39Z,site_b,SIM,synthetic_demo,B-WAN-1,UP,1000.0,70.1789,70.88,0.0,21.34,0.2491,0.091,0,UP,4.0,0.0,6,6,30,-60.4,19.029,5.228,0,0,0,32,0,49.0,0.0,0,0,,,,,,,,,,,,,,,,,,,,,0.0,0,,SYNTHETIC,0
power-outage,0,699,2026-09-03T09:11:39Z,2026-09-03T09:11:40Z,2026-09-03T09:11:39Z,2026-09-03T09:11:40Z,site_a,SIM,synthetic_demo,A-WAN-1,UP,1000.0,116.8062,116.91,0.0,18.29,1.9146,0.093,0,UP,4.0,0.0,48,12,52,-60.9,17.838,5.095,0,3,0,7,0,188.0,0.0,0,0,LOAD_SHED,LOAD_SHED,0,1,80.83,92.0,51.0651,50.882,2.0408,3.81731,3.93731,3.80323,3.92323,120.0,23.8,145.378,3,54.794,,DISCHARGE,0.0,0,,SYNTHETIC,0
power-outage,0,699,2026-09-03T09:11:39Z,2026-09-03T09:11:40Z,2026-09-03T09:11:39Z,2026-09-03T09:11:40Z,site_b,SIM,synthetic_demo,B-WAN-1,UP,1000.0,79.1559,79.8,0.0,21.05,0.3796,0.105,0,UP,4.0,0.0,6,6,78,-60.5,31.397,8.81,0,1,0,32,0,63.0,0.0,0,0,,,,,,,,,,,,,,,,,,,,,0.0,0,,SYNTHETIC,0
power-outage,0,700,2026-09-03T09:11:40Z,2026-09-03T09:11:41Z,2026-09-03T09:11:40Z,2026-09-03T09:11:41Z,site_a,SIM,synthetic_demo,A-WAN-1,UP,1000.0,94.514,94.58,0.0,19.84,3.3925,0.047,0,UP,4.0,0.0,48,12,60,-62.5,18.091,5.419,0,4,0,7,0,150.0,0.0,0,0,LOAD_SHED,LOAD_SHED,0,1,80.79,92.0,51.0649,50.8842,2.0142,3.8173,3.9373,3.8034,3.9234,120.0,23.9,143.488,3,54.851,,DISCHARGE,0.0,0,,SYNTHETIC,0
power-outage,0,700,2026-09-03T09:11:40Z,2026-09-03T09:11:41Z,2026-09-03T09:11:40Z,2026-09-03T09:11:41Z,site_b,SIM,synthetic_demo,B-WAN-1,UP,1000.0,69.6085,69.54,0.0,20.67,0.3269,0.092,0,UP,4.0,0.0,6,6,35,-62.5,21.833,5.98,0,0,0,32,0,46.0,0.0,0,0,,,,,,,,,,,,,,,,,,,,,0.0,0,,SYNTHETIC,0
power-outage,0,701,2026-09-03T09:11:41Z,2026-09-03T09:11:42Z,2026-09-03T09:11:41Z,2026-09-03T09:11:42Z,site_a,SIM,synthetic_demo,A-WAN-1,UP,1000.0,97.9395,97.93,0.0,16.08,0.2646,0.089,0,UP,4.0,0.0,48,12,41,-61.0,17.238,4.575,0,4,0,7,0,149.0,0.0,0,0,LOAD_SHED,LOAD_SHED,0,1,80.77,92.0,51.0647,50.8844,2.0107,3.81729,3.93729,3.80341,3.92341,120.0,23.8,143.237,3,54.858,,DISCHARGE,0.0,0,,SYNTHETIC,0
power-outage,0,701,2026-09-03T09:11:41Z,2026-09-03T09:11:42Z,2026-09-03T09:11:41Z,2026-09-03T09:11:42Z,site_b,SIM,synthetic_demo,B-WAN-1,UP,1000.0,80.5237,79.6,0.0,21.59,0.2722,0.08,0,UP,4.0,0.0,6,6,29,-63.3,18.349,6.264,0,0,0,32,0,91.0,0.0,0,0,,,,,,,,,,,,,,,,,,,,,0.0,0,,SYNTHETIC,0
power-outage,0,702,2026-09-03T09:11:42Z,2026-09-03T09:11:43Z,2026-09-03T09:11:42Z,2026-09-03T09:11:43Z,site_a,SIM,synthetic_demo,A-WAN-1,UP,1000.0,110.7231,110.7,0.0,16.48,0.0218,0.054,0,UP,4.0,0.0,48,12,52,-61.9,18.482,5.468,0,5,0,7,0,281.0,0.0,0,0,LOAD_SHED,LOAD_SHED,0,1,80.78,92.0,51.0646,50.8843,2.0093,3.81727,3.93727,3.80341,3.92341,120.0,23.7,143.137,3,54.86,,DISCHARGE,0.0,0,,SYNTHETIC,0
power-outage,0,702,2026-09-03T09:11:42Z,2026-09-03T09:11:43Z,2026-09-03T09:11:42Z,2026-09-03T09:11:43Z,site_b,SIM,synthetic_demo,B-WAN-1,UP,1000.0,73.7694,74.62,0.0,23.04,1.3294,0.142,0,UP,4.0,0.0,6,6,29,-60.3,19.574,5.784,0,0,0,32,0,104.0,0.0,0,0,,,,,,,,,,,,,,,,,,,,,0.0,0,,SYNTHETIC,0
power-outage,0,703,2026-09-03T09:11:43Z,2026-09-03T09:11:44Z,2026-09-03T09:11:43Z,2026-09-03T09:11:44Z,site_a,SIM,synthetic_demo,A-WAN-1,UP,1000.0,89.5454,90.37,0.0,16.98,0.7548,0.09,0,UP,4.0,0.0,48,12,60,-62.5,18.301,6.146,0,3,0,7,0,126.0,0.0,0,0,LOAD_SHED,LOAD_SHED,0,1,80.75,92.0,51.0644,50.8816,2.0373,3.81726,3.93726,3.8032,3.9232,120.0,23.7,145.121,3,54.798,,DISCHARGE,0.0,0,,SYNTHETIC,0
power-outage,0,703,2026-09-03T09:11:43Z,2026-09-03T09:11:44Z,2026-09-03T09:11:43Z,2026-09-03T09:11:44Z,site_b,SIM,synthetic_demo,B-WAN-1,UP,1000.0,74.1534,73.28,0.0,21.99,1.4101,0.088,0,UP,4.0,0.0,6,6,40,-60.3,24.715,6.623,0,0,0,32,0,60.0,0.0,0,0,,,,,,,,,,,,,,,,,,,,,0.0,0,,SYNTHETIC,0
power-outage,0,704,2026-09-03T09:11:44Z,2026-09-03T09:11:45Z,2026-09-03T09:11:44Z,2026-09-03T09:11:45Z,site_a,SIM,synthetic_demo,A-WAN-1,UP,1000.0,92.2374,93.25,0.0,16.59,0.0632,0.057,0,UP,4.0,0.0,48,12,38,-62.8,17.037,5.244,0,3,0,7,0,121.0,0.0,0,0,LOAD_SHED,LOAD_SHED,0,1,80.8,92.0,51.0642,50.8853,1.9949,3.81725,3.93725,3.80348,3.92348,120.0,23.9,142.112,3,54.89,,DISCHARGE,0.0,0,,SYNTHETIC,0
power-outage,0,704,2026-09-03T09:11:44Z,2026-09-03T09:11:45Z,2026-09-03T09:11:44Z,2026-09-03T09:11:45Z,site_b,SIM,synthetic_demo,B-WAN-1,UP,1000.0,72.8618,73.77,0.0,22.04,0.2281,0.126,0,UP,4.0,0.0,6,6,63,-62.4,25.905,8.906,1,0,0,32,0,50.0,0.0,0,0,,,,,,,,,,,,,,,,,,,,,0.0,0,,SYNTHETIC,0
power-outage,0,705,2026-09-03T09:11:45Z,2026-09-03T09:11:46Z,2026-09-03T09:11:45Z,2026-09-03T09:11:46Z,site_a,SIM,synthetic_demo,A-WAN-1,UP,1000.0,104.4004,105.14,0.0,17.3,1.4756,0.102,0,UP,4.0,0.0,48,48,245,-63.5,18.401,6.064,0,3,0,7,0,176.0,0.0,0,0,LOAD_SHED,BATTERY,0,1,80.87,92.0,51.0641,50.8883,1.9595,3.81723,3.93723,3.80371,3.92371,120.0,23.8,139.601,,697.558,,DISCHARGE,0.0,0,,SYNTHETIC,0
power-outage,0,705,2026-09-03T09:11:45Z,2026-09-03T09:11:46Z,2026-09-03T09:11:45Z,2026-09-03T09:11:46Z,site_b,SIM,synthetic_demo,B-WAN-1,UP,1000.0,91.6,92.05,0.0,20.75,0.2555,0.095,0,UP,4.0,0.0,6,6,75,-61.6,28.388,9.549,1,0,0,32,0,57.0,0.0,0,0,,,,,,,,,,,,,,,,,,,,,0.0,0,,SYNTHETIC,0
power-outage,0,706,2026-09-03T09:11:46Z,2026-09-03T09:11:47Z,2026-09-03T09:11:46Z,2026-09-03T09:11:47Z,site_a,SIM,synthetic_demo,A-WAN-1,UP,1000.0,169.9204,169.9,0.0,16.77,1.1595,0.059,0,UP,4.0,0.0,48,48,134,-60.7,15.962,4.711,1,0,0,7,0,79.0,0.0,0,0,BATTERY,BATTERY,0,1,80.75,92.0,51.0621,48.7291,26.0086,3.81708,3.93708,3.63762,3.75762,120.0,23.8,1774.116,,54.888,OCP_DSG,DISCHARGE,0.0,0,,SYNTHETIC,0
power-outage,0,706,2026-09-03T09:11:46Z,2026-09-03T09:11:47Z,2026-09-03T09:11:46Z,2026-09-03T09:11:47Z,site_b,SIM,synthetic_demo,B-WAN-1,UP,1000.0,75.4515,75.81,0.0,21.83,0.3955,0.104,0,UP,4.0,0.0,6,6,18,-61.2,16.629,4.496,0,1,0,32,0,63.0,0.0,0,0,,,,,,,,,,,,,,,,,,,,,0.0,0,,SYNTHETIC,0
power-outage,0,707,2026-09-03T09:11:47Z,2026-09-03T09:11:48Z,2026-09-03T09:11:47Z,2026-09-03T09:11:48Z,site_a,SIM,synthetic_demo,A-WAN-1,UP,1000.0,114.1774,113.38,0.0,15.87,0.0194,0.078,0,UP,4.0,0.0,48,12,50,-61.6,20.09,5.022,0,0,0,7,0,168.0,0.0,0,0,BATTERY,LOAD_SHED,0,1,80.87,92.0,51.0619,50.8872,1.9479,3.81707,3.93707,3.80363,3.92363,120.0,23.8,138.768,3,54.981,,DISCHARGE,0.0,0,,SYNTHETIC,0
power-outage,0,707,2026-09-03T09:11:47Z,2026-09-03T09:11:48Z,2026-09-03T09:11:47Z,2026-09-03T09:11:48Z,site_b,SIM,synthetic_demo,B-WAN-1,UP,1000.0,138.3982,138.23,0.0,21.49,0.1123,0.091,0,UP,4.0,0.0,6,6,31,-60.7,18.458,5.331,0,1,0,32,0,35.0,0.0,0,0,,,,,,,,,,,,,,,,,,,,,0.0,0,,SYNTHETIC,0
power-outage,0,708,2026-09-03T09:11:48Z,2026-09-03T09:11:49Z,2026-09-03T09:11:48Z,2026-09-03T09:11:49Z,site_a,SIM,synthetic_demo,A-WAN-1,UP,1000.0,187.5487,186.62,0.0,17.32,0.9402,0.09,0,UP,4.0,0.0,48,12,35,-62.9,15.924,4.703,0,0,0,7,0,108.0,0.0,0,0,LOAD_SHED,LOAD_SHED,0,1,80.73,92.0,51.0618,50.8741,2.092,3.81706,3.93706,3.80262,3.92262,120.0,23.8,148.996,3,54.665,,DISCHARGE,0.0,0,,SYNTHETIC,0
power-outage,0,708,2026-09-03T09:11:48Z,2026-09-03T09:11:49Z,2026-09-03T09:11:48Z,2026-09-03T09:11:49Z,site_b,SIM,synthetic_demo,B-WAN-1,UP,1000.0,68.5958,68.06,0.0,20.91,0.6313,0.094,0,UP,4.0,0.0,6,6,35,-63.7,21.002,6.554,0,0,0,32,0,75.0,0.0,0,0,,,,,,,,,,,,,,,,,,,,,0.0,0,,SYNTHETIC,0
power-outage,0,709,2026-09-03T09:11:49Z,2026-09-03T09:11:50Z,2026-09-03T09:11:49Z,2026-09-03T09:11:50Z,site_a,SIM,synthetic_demo,A-WAN-1,UP,1000.0,106.8502,106.96,0.0,16.74,0.3389,0.076,0,UP,4.0,0.0,48,12,64,-61.6,20.378,5.553,0,0,0,7,0,124.0,0.0,0,0,LOAD_SHED,LOAD_SHED,0,1,80.8,92.0,51.0616,50.8834,1.9863,3.81705,3.93705,3.80334,3.92334,120.0,23.7,141.499,3,54.895,,DISCHARGE,0.0,0,,SYNTHETIC,0
power-outage,0,709,2026-09-03T09:11:49Z,2026-09-03T09:11:50Z,2026-09-03T09:11:49Z,2026-09-03T09:11:50Z,site_b,SIM,synthetic_demo,B-WAN-1,UP,1000.0,63.6828,63.85,0.0,22.35,2.0093,0.095,0,UP,4.0,0.0,6,6,29,-63.4,19.503,5.849,0,1,0,32,0,35.0,0.0,0,0,,,,,,,,,,,,,,,,,,,,,0.0,0,,SYNTHETIC,0
power-outage,0,710,2026-09-03T09:11:50Z,2026-09-03T09:11:51Z,2026-09-03T09:11:50Z,2026-09-03T09:11:51Z,site_a,SIM,synthetic_demo,A-WAN-1,UP,1000.0,88.3517,88.5,0.0,15.69,0.7073,0.074,0,UP,4.0,0.0,48,12,79,-62.5,20.84,6.558,0,1,0,7,0,128.0,0.0,0,0,LOAD_SHED,LOAD_SHED,0,1,80.67,92.0,51.0614,50.8788,2.0354,3.81703,3.93703,3.80299,3.92299,120.0,23.7,144.981,3,54.787,,DISCHARGE,0.0,0,,SYNTHETIC,0
power-outage,0,710,2026-09-03T09:11:50Z,2026-09-03T09:11:51Z,2026-09-03T09:11:50Z,2026-09-03T09:11:51Z,site_b,SIM,synthetic_demo,B-WAN-1,UP,1000.0,63.4776,63.94,0.0,23.83,2.9822,12.209,0,UP,4.0,0.0,6,6,89,-61.0,32.595,9.961,0,0,0,32,0,97.0,0.0,0,0,,,,,,,,,,,,,,,,,,,,,0.15,0,,SYNTHETIC,0
power-outage,0,711,2026-09-03T09:11:51Z,2026-09-03T09:11:52Z,2026-09-03T09:11:51Z,2026-09-03T09:11:52Z,site_a,SIM,synthetic_demo,A-WAN-1,UP,1000.0,228.4513,227.54,0.0,17.39,1.6104,0.089,0,UP,4.0,0.0,48,12,64,-64.1,18.82,6.022,1,0,0,7,0,187.0,0.0,0,0,LOAD_SHED,LOAD_SHED,0,1,80.84,92.0,51.0612,50.8833,1.9839,3.81702,3.93702,3.80333,3.92333,120.0,23.8,141.325,3,54.899,,DISCHARGE,0.0,0,,SYNTHETIC,0
power-outage,0,711,2026-09-03T09:11:51Z,2026-09-03T09:11:52Z,2026-09-03T09:11:51Z,2026-09-03T09:11:52Z,site_b,SIM,synthetic_demo,B-WAN-1,UP,1000.0,58.6204,58.5,0.0,25.21,3.7687,12.167,0,UP,4.0,0.0,6,6,45,-61.3,22.043,6.68,0,0,0,32,0,60.0,0.0,0,0,,,,,,,,,,,,,,,,,,,,,0.15,0,,SYNTHETIC,0
power-outage,0,712,2026-09-03T09:11:52Z,2026-09-03T09:11:53Z,2026-09-03T09:11:52Z,2026-09-03T09:11:53Z,site_a,SIM,synthetic_demo,A-WAN-1,UP,1000.0,90.6131,90.41,0.0,18.85,2.7892,0.085,0,UP,4.0,0.0,48,12,73,-62.2,20.63,6.031,0,0,0,7,0,117.0,0.0,0,0,LOAD_SHED,LOAD_SHED,0,1,80.78,92.0,51.0611,50.8821,1.995,3.81701,3.93701,3.80324,3.92324,120.0,23.6,142.115,3,54.873,,DISCHARGE,0.0,0,,SYNTHETIC,0
power-outage,0,712,2026-09-03T09:11:52Z,2026-09-03T09:11:53Z,2026-09-03T09:11:52Z,2026-09-03T09:11:53Z,site_b,SIM,synthetic_demo,B-WAN-1,UP,1000.0,62.2249,62.56,0.0,21.4,0.6174,12.177,0,UP,4.0,0.0,6,6,84,-62.8,30.282,9.488,1,0,0,32,0,26.0,0.0,0,0,,,,,,,,,,,,,,,,,,,,,0.15,0,,SYNTHETIC,0
power-outage,0,713,2026-09-03T09:11:53Z,2026-09-03T09:11:54Z,2026-09-03T09:11:53Z,2026-09-03T09:11:54Z,site_a,SIM,synthetic_demo,A-WAN-1,UP,1000.0,93.5686,94.0,0.0,16.46,0.5154,0.066,0,UP,4.0,0.0,48,12,76,-62.5,19.303,6.491,0,1,0,7,0,110.0,0.0,0,0,LOAD_SHED,LOAD_SHED,0,1,80.67,92.0,51.0609,50.8827,1.9867,3.81699,3.93699,3.80328,3.92328,120.0,23.8,141.525,3,54.891,,DISCHARGE,0.0,0,,SYNTHETIC,0
power-outage,0,713,2026-09-03T09:11:53Z,2026-09-03T09:11:54Z,2026-09-03T09:11:53Z,2026-09-03T09:11:54Z,site_b,SIM,synthetic_demo,B-WAN-1,UP,1000.0,59.0635,59.51,0.0,20.92,0.269,12.157,0,UP,4.0,0.0,6,6,42,-61.1,24.052,6.237,0,0,0,32,0,68.0,0.0,0,0,,,,,,,,,,,,,,,,,,,,,0.15,0,,SYNTHETIC,0
power-outage,0,714,2026-09-03T09:11:54Z,2026-09-03T09:11:55Z,2026-09-03T09:11:54Z,2026-09-03T09:11:55Z,site_a,SIM,synthetic_demo,A-WAN-1,UP,1000.0,145.942,146.58,0.0,15.87,0.0495,0.101,0,UP,4.0,0.0,48,12,72,-63.9,19.749,6.166,0,0,0,7,0,155.0,0.0,0,0,LOAD_SHED,LOAD_SHED,0,1,80.79,92.0,51.0607,50.8776,2.042,3.81698,3.93698,3.80289,3.92289,120.0,23.6,145.448,3,54.769,,DISCHARGE,0.0,0,,SYNTHETIC,0
power-outage,0,714,2026-09-03T09:11:54Z,2026-09-03T09:11:55Z,2026-09-03T09:11:54Z,2026-09-03T09:11:55Z,site_b,SIM,synthetic_demo,B-WAN-1,UP,1000.0,70.6984,71.59,0.0,21.96,1.4688,12.198,0,UP,4.0,0.0,6,6,48,-62.0,23.914,7.328,0,0,0,32,0,77.0,0.0,0,0,,,,,,,,,,,,,,,,,,,,,0.15,0,,SYNTHETIC,0
power-outage,0,715,2026-09-03T09:11:55Z,2026-09-03T09:11:56Z,2026-09-03T09:11:55Z,2026-09-03T09:11:56Z,site_a,SIM,synthetic_demo,A-WAN-1,UP,1000.0,114.5792,114.73,0.0,17.31,1.3214,0.117,0,UP,4.0,0.0,48,12,51,-62.4,16.891,5.439,0,0,0,7,0,167.0,0.0,0,0,LOAD_SHED,LOAD_SHED,0,1,80.76,92.0,51.0606,50.8814,1.9979,3.81697,3.93697,3.80318,3.92318,120.0,23.7,142.313,3,54.865,,DISCHARGE,0.0,0,,SYNTHETIC,0
power-outage,0,715,2026-09-03T09:11:55Z,2026-09-03T09:11:56Z,2026-09-03T09:11:55Z,2026-09-03T09:11:56Z,site_b,SIM,synthetic_demo,B-WAN-1,UP,1000.0,64.2492,63.86,0.0,23.5,1.7728,12.19,0,UP,4.0,0.0,6,6,19,-62.8,15.315,5.178,0,0,0,32,0,81.0,0.0,0,0,,,,,,,,,,,,,,,,,,,,,0.15,0,,SYNTHETIC,0
power-outage,0,716,2026-09-03T09:11:56Z,2026-09-03T09:11:57Z,2026-09-03T09:11:56Z,2026-09-03T09:11:57Z,site_a,SIM,synthetic_demo,A-WAN-1,UP,1000.0,129.0325,129.43,0.0,17.94,1.3553,0.107,0,UP,4.0,0.0,48,12,35,-61.2,15.103,4.56,0,0,0,7,0,117.0,0.0,0,0,LOAD_SHED,LOAD_SHED,0,1,80.7,92.0,51.0604,50.8804,2.0064,3.81695,3.93695,3.80311,3.92311,120.0,23.8,142.918,3,54.845,,DISCHARGE,0.0,0,,SYNTHETIC,0
power-outage,0,716,2026-09-03T09:11:56Z,2026-09-03T09:11:57Z,2026-09-03T09:11:56Z,2026-09-03T09:11:57Z,site_b,SIM,synthetic_demo,B-WAN-1,UP,1000.0,73.8718,73.2,0.0,21.84,0.7852,0.067,0,UP,4.0,0.0,6,6,29,-60.6,18.106,5.587,0,0,0,32,0,48.0,0.0,0,0,,,,,,,,,,,,,,,,,,,,,0.0,0,,SYNTHETIC,0
power-outage,0,717,2026-09-03T09:11:57Z,2026-09-03T09:11:58Z,2026-09-03T09:11:57Z,2026-09-03T09:11:58Z,site_a,SIM,synthetic_demo,A-WAN-1,UP,1000.0,96.2998,95.28,0.0,18.55,2.3359,0.072,0,UP,4.0,0.0,48,12,45,-62.8,17.08,5.312,1,0,0,7,0,140.0,0.0,0,0,LOAD_SHED,LOAD_SHED,0,1,80.77,92.0,51.0602,50.8817,1.9906,3.81694,3.93694,3.80321,3.92321,120.0,23.9,141.795,3,54.879,,DISCHARGE,0.0,0,,SYNTHETIC,0
power-outage,0,717,2026-09-03T09:11:57Z,2026-09-03T09:11:58Z,2026-09-03T09:11:57Z,2026-09-03T09:11:58Z,site_b,SIM,synthetic_demo,B-WAN-1,UP,1000.0,81.5171,82.11,0.0,21.68,0.7652,0.081,0,UP,4.0,0.0,6,6,32,-63.2,20.392,5.835,0,0,0,32,0,89.0,0.0,0,0,,,,,,,,,,,,,,,,,,,,,0.0,0,,SYNTHETIC,0
power-outage,0,718,2026-09-03T09:11:58Z,2026-09-03T09:11:59Z,2026-09-03T09:11:58Z,2026-09-03T09:11:59Z,site_a,SIM,synthetic_demo,A-WAN-1,UP,1000.0,188.2022,187.07,0.0,16.46,0.8103,0.082,0,UP,4.0,0.0,48,12,61,-60.3,18.81,5.409,1,0,0,7,0,221.0,0.0,0,0,LOAD_SHED,LOAD_SHED,0,1,80.73,92.0,51.0601,50.8773,2.0374,3.81693,3.93693,3.80287,3.92287,120.0,23.7,145.116,3,54.775,,DISCHARGE,0.0,0,,SYNTHETIC,0
power-outage,0,718,2026-09-03T09:11:58Z,2026-09-03T09:11:59Z,2026-09-03T09:11:58Z,2026-09-03T09:11:59Z,site_b,SIM,synthetic_demo,B-WAN-1,UP,1000.0,107.2281,107.68,0.0,21.62,0.6074,0.114,0,UP,4.0,0.0,6,6,65,-62.7,27.959,8.415,0,0,0,32,0,79.0,0.0,0,0,,,,,,,,,,,,,,,,,,,,,0.0,0,,SYNTHETIC,0
power-outage,0,719,2026-09-03T09:11:59Z,2026-09-03T09:12:00Z,2026-09-03T09:11:59Z,2026-09-03T09:12:00Z,site_a,SIM,synthetic_demo,A-WAN-1,UP,1000.0,121.2073,120.89,0.0,16.46,0.7556,0.083,0,UP,4.0,0.0,48,12,35,-62.8,16.957,4.629,0,0,0,7,0,146.0,0.0,0,0,LOAD_SHED,LOAD_SHED,0,1,80.77,92.0,51.0599,50.8783,2.0249,3.81691,3.93691,3.80294,3.92294,120.0,23.7,144.235,3,54.802,,DISCHARGE,0.0,0,,SYNTHETIC,0
power-outage,0,719,2026-09-03T09:11:59Z,2026-09-03T09:12:00Z,2026-09-03T09:11:59Z,2026-09-03T09:12:00Z,site_b,SIM,synthetic_demo,B-WAN-1,UP,1000.0,74.9261,75.32,0.0,21.06,0.5972,0.078,0,UP,4.0,0.0,6,6,35,-60.9,20.763,5.579,0,0,0,32,0,86.0,0.0,0,0,,,,,,,,,,,,,,,,,,,,,0.0,0,,SYNTHETIC,0
power-outage,0,720,2026-09-03T09:12:00Z,2026-09-03T09:12:01Z,2026-09-03T09:12:00Z,2026-09-03T09:12:01Z,site_a,SIM,synthetic_demo,A-WAN-1,UP,1000.0,113.3181,112.66,0.0,19.41,3.3644,0.045,0,UP,4.0,0.0,48,12,102,-60.7,21.56,6.945,0,1,0,7,0,169.0,0.0,0,0,LOAD_SHED,LOAD_SHED,0,1,80.75,92.0,51.0597,50.8818,1.983,3.8169,3.9369,3.80322,3.92322,120.0,23.8,141.257,3,54.893,,DISCHARGE,0.0,0,,SYNTHETIC,0
power-outage,0,720,2026-09-03T09:12:00Z,2026-09-03T09:12:01Z,2026-09-03T09:12:00Z,2026-09-03T09:12:01Z,site_b,SIM,synthetic_demo,B-WAN-1,UP,1000.0,68.1328,67.9,0.0,22.49,1.1226,0.089,0,UP,4.0,0.0,6,6,27,-60.2,18.123,4.795,0,1,0,32,0,63.0,0.0,0,0,,,,,,,,,,,,,,,,,,,,,0.0,0,,SYNTHETIC,0
power-outage,0,721,2026-09-03T09:12:01Z,2026-09-03T09:12:02Z,2026-09-03T09:12:01Z,2026-09-03T09:12:02Z,site_a,SIM,synthetic_demo,A-WAN-1,UP,1000.0,125.6869,125.59,0.0,19.28,3.0338,0.039,0,UP,4.0,0.0,48,12,52,-62.4,17.765,5.512,0,0,0,7,0,211.0,0.0,0,0,LOAD_SHED,LOAD_SHED,0,1,80.73,92.0,51.0595,50.8757,2.0501,3.81689,3.93689,3.80274,3.92274,120.0,23.8,146.018,3,54.745,,DISCHARGE,0.0,0,,SYNTHETIC,0
power-outage,0,721,2026-09-03T09:12:01Z,2026-09-03T09:12:02Z,2026-09-03T09:12:01Z,2026-09-03T09:12:02Z,site_b,SIM,synthetic_demo,B-WAN-1,UP,1000.0,73.5506,74.05,0.0,22.12,0.5731,0.133,0,UP,4.0,0.0,6,6,28,-60.5,16.843,5.585,0,0,0,32,0,77.0,0.0,0,0,,,,,,,,,,,,,,,,,,,,,0.0,0,,SYNTHETIC,0
power-outage,0,722,2026-09-03T09:12:02Z,2026-09-03T09:12:03Z,2026-09-03T09:12:02Z,2026-09-03T09:12:03Z,site_a,SIM,synthetic_demo,A-WAN-1,UP,1000.0,114.6358,115.74,0.0,16.3,0.5238,0.085,0,UP,4.0,0.0,48,48,174,-62.2,16.556,4.955,2,2,0,7,0,162.0,0.0,0,0,LOAD_SHED,BATTERY,0,1,80.73,92.0,51.0594,50.8746,2.0603,3.81687,3.93687,3.80266,3.92266,120.0,23.7,146.74,,663.322,,DISCHARGE,0.0,0,,SYNTHETIC,0
power-outage,0,722,2026-09-03T09:12:02Z,2026-09-03T09:12:03Z,2026-09-03T09:12:02Z,2026-09-03T09:12:03Z,site_b,SIM,synthetic_demo,B-WAN-1,UP,1000.0,66.1004,65.96,0.0,22.89,2.0414,0.105,0,UP,4.0,0.0,6,6,72,-61.0,28.907,8.713,0,0,0,32,0,33.0,0.0,0,0,,,,,,,,,,,,,,,,,,,,,0.0,0,,SYNTHETIC,0
power-outage,0,723,2026-09-03T09:12:03Z,2026-09-03T09:12:04Z,2026-09-03T09:12:03Z,2026-09-03T09:12:04Z,site_a,SIM,synthetic_demo,A-WAN-1,UP,1000.0,123.6247,123.2,0.0,15.47,0.0246,0.095,0,UP,4.0,0.0,48,48,242,-60.6,18.851,5.509,2,1,0,7,0,193.0,0.0,0,0,BATTERY,BATTERY,0,1,80.73,92.0,51.0574,48.7213,26.0435,3.81672,3.93672,3.63702,3.75702,120.0,23.7,1776.211,,54.799,OCP_DSG,DISCHARGE,0.0,0,,SYNTHETIC,0
power-outage,0,723,2026-09-03T09:12:03Z,2026-09-03T09:12:04Z,2026-09-03T09:12:03Z,2026-09-03T09:12:04Z,site_b,SIM,synthetic_demo,B-WAN-1,UP,1000.0,64.1536,64.36,0.0,22.78,1.6432,0.113,0,UP,4.0,0.0,6,6,52,-61.7,23.502,6.812,1,0,0,32,0,89.0,0.0,0,0,,,,,,,,,,,,,,,,,,,,,0.0,0,,SYNTHETIC,0
power-outage,0,724,2026-09-03T09:12:04Z,2026-09-03T09:12:05Z,2026-09-03T09:12:04Z,2026-09-03T09:12:05Z,site_a,SIM,synthetic_demo,A-WAN-1,UP,1000.0,109.3553,110.14,0.0,15.86,0.1592,0.067,0,UP,4.0,0.0,48,12,80,-61.9,21.984,6.369,0,0,0,7,0,168.0,0.0,0,0,BATTERY,LOAD_SHED,0,1,80.7,92.0,51.0572,50.8759,2.0212,3.81671,3.93671,3.80276,3.92276,120.0,23.7,143.959,3,54.796,,DISCHARGE,0.0,0,,SYNTHETIC,0
power-outage,0,724,2026-09-03T09:12:04Z,2026-09-03T09:12:05Z,2026-09-03T09:12:04Z,2026-09-03T09:12:05Z,site_b,SIM,synthetic_demo,B-WAN-1,UP,1000.0,117.0045,115.93,0.0,24.82,3.6245,0.061,0,UP,4.0,0.0,6,6,46,-62.3,21.827,7.126,0,0,0,32,0,72.0,0.0,0,0,,,,,,,,,,,,,,,,,,,,,0.0,0,,SYNTHETIC,0
power-outage,0,725,2026-09-03T09:12:05Z,2026-09-03T09:12:06Z,2026-09-03T09:12:05Z,2026-09-03T09:12:06Z,site_a,SIM,synthetic_demo,A-WAN-1,UP,1000.0,147.3332,148.11,0.0,16.91,0.2578,0.115,0,UP,4.0,0.0,48,12,52,-61.5,17.122,5.264,0,2,0,7,0,230.0,0.0,0,0,LOAD_SHED,LOAD_SHED,0,1,80.76,92.0,51.0571,50.8762,2.0164,3.8167,3.9367,3.80278,3.92278,120.0,23.7,143.618,3,54.805,,DISCHARGE,0.0,0,,SYNTHETIC,0
power-outage,0,725,2026-09-03T09:12:05Z,2026-09-03T09:12:06Z,2026-09-03T09:12:05Z,2026-09-03T09:12:06Z,site_b,SIM,synthetic_demo,B-WAN-1,UP,1000.0,73.4751,72.57,0.0,21.7,1.1617,0.087,0,UP,4.0,0.0,6,6,53,-61.7,23.596,7.112,0,1,0,32,0,89.0,0.0,0,0,,,,,,,,,,,,,,,,,,,,,0.0,0,,SYNTHETIC,0
power-outage,0,726,2026-09-03T09:12:06Z,2026-09-03T09:12:07Z,2026-09-03T09:12:06Z,2026-09-03T09:12:07Z,site_a,SIM,synthetic_demo,A-WAN-1,UP,1000.0,133.2917,133.5,0.0,17.49,1.6665,0.113,0,UP,4.0,0.0,48,12,52,-61.4,18.041,5.473,0,0,0,7,0,148.0,0.0,0,0,LOAD_SHED,LOAD_SHED,0,1,80.68,92.0,51.0569,50.876,2.0162,3.81668,3.93668,3.80277,3.92277,120.0,23.7,143.608,3,54.805,,DISCHARGE,0.0,0,,SYNTHETIC,0
power-outage,0,726,2026-09-03T09:12:06Z,2026-09-03T09:12:07Z,2026-09-03T09:12:06Z,2026-09-03T09:12:07Z,site_b,SIM,synthetic_demo,B-WAN-1,UP,1000.0,78.8745,79.18,0.0,21.81,0.8664,0.077,0,UP,4.0,0.0,6,6,54,-64.4,25.244,7.974,1,2,0,32,0,70.0,0.0,0,0,,,,,,,,,,,,,,,,,,,,,0.0,0,,SYNTHETIC,0
power-outage,0,727,2026-09-03T09:12:07Z,2026-09-03T09:12:08Z,2026-09-03T09:12:07Z,2026-09-03T09:12:08Z,site_a,SIM,synthetic_demo,A-WAN-1,UP,1000.0,106.7727,106.98,0.0,18.05,1.7667,0.109,0,UP,4.0,0.0,48,12,81,-62.5,20.743,6.43,0,0,0,7,0,215.0,0.0,0,0,LOAD_SHED,LOAD_SHED,0,1,80.73,92.0,51.0567,50.8778,1.9949,3.81667,3.93667,3.80291,3.92291,120.0,23.7,142.092,3,54.851,,DISCHARGE,0.0,0,,SYNTHETIC,0
power-outage,0,727,2026-09-03T09:12:07Z,2026-09-03T09:12:08Z,2026-09-03T09:12:07Z,2026-09-03T09:12:08Z,site_b,SIM,synthetic_demo,B-WAN-1,UP,1000.0,71.7013,71.28,0.0,22.35,2.0095,0.111,0,UP,4.0,0.0,6,6,74,-63.2,30.575,9.653,0,0,0,32,0,77.0,0.0,0,0,,,,,,,,,,,,,,,,,,,,,0.0,0,,SYNTHETIC,0
power-outage,0,728,2026-09-03T09:12:08Z,2026-09-03T09:12:09Z,2026-09-03T09:12:08Z,2026-09-03T09:12:09Z,site_a,SIM,synthetic_demo,A-WAN-1,UP,1000.0,139.2132,139.42,0.0,16.73,0.7237,0.051,0,UP,4.0,0.0,48,12,46,-63.4,16.74,5.234,1,2,0,7,0,110.0,0.0,0,0,LOAD_SHED,LOAD_SHED,0,1,80.72,92.0,51.0566,50.8781,1.9891,3.81666,3.93666,3.80293,3.92293,120.0,23.8,141.679,3,54.863,,DISCHARGE,0.0,0,,SYNTHETIC,0
power-outage,0,728,2026-09-03T09:12:08Z,2026-09-03T09:12:09Z,2026-09-03T09:12:08Z,2026-09-03T09:12:09Z,site_b,SIM,synthetic_demo,B-WAN-1,UP,1000.0,88.4075,87.85,0.0,21.81,0.3018,0.135,0,UP,4.0,0.0,6,6,43,-60.0,22.322,6.582,0,0,0,32,0,78.0,0.0,0,0,,,,,,,,,,,,,,,,,,,,,0.0,0,,SYNTHETIC,0
power-outage,0,729,2026-09-03T09:12:09Z,2026-09-03T09:12:10Z,2026-09-03T09:12:09Z,2026-09-03T09:12:10Z,site_a,SIM,synthetic_demo,A-WAN-1,UP,1000.0,134.585,134.91,0.0,17.92,1.4463,0.089,0,UP,4.0,0.0,48,12,56,-62.1,19.343,5.249,0,0,0,7,0,111.0,0.0,0,0,LOAD_SHED,LOAD_SHED,0,1,80.72,92.0,51.0564,50.8757,2.0146,3.81665,3.93665,3.80275,3.92275,120.0,23.9,143.488,3,54.806,,DISCHARGE,0.0,0,,SYNTHETIC,0
power-outage,0,729,2026-09-03T09:12:09Z,2026-09-03T09:12:10Z,2026-09-03T09:12:09Z,2026-09-03T09:12:10Z,site_b,SIM,synthetic_demo,B-WAN-1,UP,1000.0,97.7848,98.65,0.0,22.13,1.6468,,0,UP,4.0,0.0,6,6,80,-60.2,28.597,9.268,0,1,0,32,0,69.0,0.0,0,0,,,,,,,,,,,,,,,,,,,,,0.0,0,,SYNTHETIC|GAP|MISSING_MCAR,0
power-outage,0,730,2026-09-03T09:12:10Z,2026-09-03T09:12:11Z,2026-09-03T09:12:10Z,2026-09-03T09:12:11Z,site_a,SIM,synthetic_demo,A-WAN-1,UP,1000.0,183.2748,184.58,0.0,17.68,1.7646,0.081,0,UP,4.0,0.0,48,12,63,,17.976,5.906,0,0,0,7,0,196.0,0.0,0,0,LOAD_SHED,LOAD_SHED,0,1,80.68,92.0,51.0562,50.8766,2.0022,3.81663,3.93663,3.80282,3.92282,120.0,23.8,142.609,3,54.832,,DISCHARGE,0.0,0,,SYNTHETIC|GAP|MISSING_MAR,0
power-outage,0,730,2026-09-03T09:12:10Z,2026-09-03T09:12:11Z,2026-09-03T09:12:10Z,2026-09-03T09:12:11Z,site_b,SIM,synthetic_demo,B-WAN-1,UP,1000.0,79.5414,79.27,0.0,21.82,0.6143,0.087,0,UP,4.0,0.0,6,6,60,-62.5,24.983,8.076,0,0,0,32,0,66.0,0.0,0,0,,,,,,,,,,,,,,,,,,,,,0.0,0,,SYNTHETIC,0
power-outage,0,731,2026-09-03T09:12:11Z,2026-09-03T09:12:12Z,2026-09-03T09:12:11Z,2026-09-03T09:12:12Z,site_a,SIM,synthetic_demo,A-WAN-1,UP,1000.0,144.9654,144.87,0.0,17.1,1.4134,0.071,0,UP,4.0,0.0,48,12,46,-60.7,17.938,4.88,0,1,0,7,0,135.0,0.0,0,0,LOAD_SHED,LOAD_SHED,0,1,80.72,92.0,51.0561,50.8725,2.046,3.81662,3.93662,3.8025,3.9225,120.0,23.8,145.721,3,54.735,,DISCHARGE,0.0,0,,SYNTHETIC,0
power-outage,0,731,2026-09-03T09:12:11Z,2026-09-03T09:12:12Z,2026-09-03T09:12:11Z,2026-09-03T09:12:12Z,site_b,SIM,synthetic_demo,B-WAN-1,UP,1000.0,75.7421,75.65,0.0,21.56,0.5063,0.13,0,UP,4.0,0.0,6,6,49,-61.9,24.059,7.172,1,0,0,32,0,35.0,0.0,0,0,,,,,,,,,,,,,,,,,,,,,0.0,0,,SYNTHETIC,0
power-outage,0,732,2026-09-03T09:12:12Z,2026-09-03T09:12:13Z,2026-09-03T09:12:12Z,2026-09-03T09:12:13Z,site_a,SIM,synthetic_demo,A-WAN-1,UP,1000.0,102.896,103.65,0.0,17.65,1.3035,0.087,0,UP,4.0,0.0,48,12,74,-62.5,19.962,6.711,0,4,0,7,0,148.0,0.0,0,0,LOAD_SHED,LOAD_SHED,0,1,80.7,92.0,51.0559,50.8773,1.9907,3.81661,3.93661,3.80287,3.92287,120.0,23.7,141.796,3,54.856,,DISCHARGE,0.0,0,,SYNTHETIC,0
power-outage,0,732,2026-09-03T09:12:12Z,2026-09-03T09:12:13Z,2026-09-03T09:12:12Z,2026-09-03T09:12:13Z,site_b,SIM,synthetic_demo,B-WAN-1,UP,1000.0,75.1316,75.83,0.0,22.77,1.0623,0.084,0,UP,4.0,0.0,6,6,38,-63.2,20.846,7.016,0,1,0,32,0,40.0,0.0,0,0,,,,,,,,,,,,,,,,,,,,,0.0,0,,SYNTHETIC,0
power-outage,0,733,2026-09-03T09:12:13Z,2026-09-03T09:12:14Z,2026-09-03T09:12:13Z,2026-09-03T09:12:14Z,site_a,SIM,synthetic_demo,A-WAN-1,UP,1000.0,122.2372,121.27,0.0,17.74,2.1515,0.073,0,UP,4.0,0.0,48,12,53,-61.3,17.581,5.668,0,0,0,7,0,110.0,0.0,0,0,LOAD_SHED,LOAD_SHED,0,1,80.77,92.0,51.0557,50.8771,1.9914,3.81659,3.93659,3.80285,3.92285,120.0,23.8,141.84,3,54.853,,DISCHARGE,0.0,0,,SYNTHETIC,0
power-outage,0,733,2026-09-03T09:12:13Z,2026-09-03T09:12:14Z,2026-09-03T09:12:13Z,2026-09-03T09:12:14Z,site_b,SIM,synthetic_demo,B-WAN-1,UP,1000.0,63.422,62.33,0.0,21.64,0.5289,0.06,0,UP,4.0,0.0,6,6,63,-62.4,26.725,8.279,0,0,0,32,0,34.0,0.0,0,0,,,,,,,,,,,,,,,,,,,,,0.0,0,,SYNTHETIC,0
power-outage,0,734,2026-09-03T09:12:14Z,2026-09-03T09:12:15Z,2026-09-03T09:12:14Z,2026-09-03T09:12:15Z,site_a,SIM,synthetic_demo,A-WAN-1,UP,1000.0,136.3616,136.22,0.0,19.33,3.8898,0.085,0,UP,4.0,0.0,48,12,47,-62.3,17.045,5.484,0,0,0,7,0,123.0,0.0,0,0,LOAD_SHED,LOAD_SHED,0,1,80.66,92.0,51.0555,50.8768,1.9931,3.81658,3.93658,3.80283,3.92283,120.0,23.8,141.962,3,54.849,,DISCHARGE,0.0,0,,SYNTHETIC,0
power-outage,0,734,2026-09-03T09:12:14Z,2026-09-03T09:12:15Z,2026-09-03T09:12:14Z,2026-09-03T09:12:15Z,site_b,SIM,synthetic_demo,B-WAN-1,UP,1000.0,71.0231,70.75,0.0,21.28,0.3222,0.116,0,UP,4.0,0.0,6,6,44,-60.6,23.22,6.744,0,0,0,32,0,89.0,0.0,0,0,,,,,,,,,,,,,,,,,,,,,0.0,0,,SYNTHETIC,0
power-outage,0,735,2026-09-03T09:12:15Z,2026-09-03T09:12:16Z,2026-09-03T09:12:15Z,2026-09-03T09:12:16Z,site_a,SIM,synthetic_demo,A-WAN-1,UP,1000.0,90.7977,90.8,0.0,18.13,1.205,0.084,0,UP,4.0,0.0,48,12,57,-63.6,19.106,5.635,0,1,0,7,0,146.0,0.0,0,0,LOAD_SHED,LOAD_SHED,0,1,80.67,92.0,51.0554,50.8751,2.01,3.81657,3.93657,3.8027,3.9227,120.0,23.8,143.158,3,54.811,,DISCHARGE,0.0,0,,SYNTHETIC,0
power-outage,0,735,2026-09-03T09:12:15Z,2026-09-03T09:12:16Z,2026-09-03T09:12:15Z,2026-09-03T09:12:16Z,site_b,SIM,synthetic_demo,B-WAN-1,UP,1000.0,70.6678,70.52,0.0,22.21,1.2876,0.122,0,UP,4.0,0.0,6,6,38,-62.6,21.008,6.396,0,0,0,32,0,74.0,0.0,0,0,,,,,,,,,,,,,,,,,,,,,0.0,0,,SYNTHETIC,0
power-outage,0,736,2026-09-03T09:12:16Z,2026-09-03T09:12:17Z,2026-09-03T09:12:16Z,2026-09-03T09:12:17Z,site_a,SIM,synthetic_demo,A-WAN-1,UP,1000.0,133.0245,133.64,0.0,16.99,0.3281,0.082,0,UP,4.0,0.0,48,12,59,-63.1,17.893,5.672,0,3,0,7,0,161.0,0.0,0,0,LOAD_SHED,LOAD_SHED,0,1,80.73,92.0,51.0552,50.8768,1.9887,3.81655,3.93655,3.80283,3.92283,120.0,23.8,141.646,3,54.857,,DISCHARGE,0.0,0,,SYNTHETIC,0
power-outage,0,736,2026-09-03T09:12:16Z,2026-09-03T09:12:17Z,2026-09-03T09:12:16Z,2026-09-03T09:12:17Z,site_b,SIM,synthetic_demo,B-WAN-1,UP,1000.0,63.0525,63.41,0.0,21.33,0.4095,0.103,0,UP,4.0,0.0,6,6,42,-60.5,23.816,5.851,0,0,0,32,0,74.0,0.0,0,0,,,,,,,,,,,,,,,,,,,,,0.0,0,,SYNTHETIC,0
power-outage,0,737,2026-09-03T09:12:17Z,2026-09-03T09:12:18Z,2026-09-03T09:12:17Z,2026-09-03T09:12:18Z,site_a,SIM,synthetic_demo,A-WAN-1,UP,1000.0,87.8056,87.55,0.0,16.62,0.1872,0.076,0,UP,4.0,0.0,48,12,45,-62.3,15.365,5.248,0,0,0,7,0,182.0,0.0,0,0,LOAD_SHED,LOAD_SHED,0,1,80.78,92.0,51.055,50.8768,1.9873,3.81654,3.93654,3.80283,3.92283,120.0,23.9,141.55,3,54.859,,DISCHARGE,0.0,0,,SYNTHETIC,0
power-outage,0,737,2026-09-03T09:12:17Z,2026-09-03T09:12:18Z,2026-09-03T09:12:17Z,2026-09-03T09:12:18Z,site_b,SIM,synthetic_demo,B-WAN-1,UP,1000.0,102.5425,102.65,0.0,23.18,2.6685,0.112,0,UP,4.0,0.0,6,6,26,-63.7,17.105,5.573,0,0,0,32,0,77.0,0.0,0,0,,,,,,,,,,,,,,,,,,,,,0.0,0,,SYNTHETIC,0
power-outage,0,738,2026-09-03T09:12:18Z,2026-09-03T09:12:19Z,2026-09-03T09:12:18Z,2026-09-03T09:12:19Z,site_a,SIM,synthetic_demo,A-WAN-1,UP,1000.0,119.3343,119.88,0.0,17.88,1.9966,0.063,0,UP,4.0,0.0,48,12,64,-62.2,19.584,5.149,0,1,0,7,0,301.0,0.0,0,0,LOAD_SHED,LOAD_SHED,0,1,80.68,92.0,51.0549,50.8721,2.0371,3.81653,3.93653,3.80247,3.92247,120.0,23.8,145.085,3,54.749,,DISCHARGE,0.0,0,,SYNTHETIC,0
power-outage,0,738,2026-09-03T09:12:18Z,2026-09-03T09:12:19Z,2026-09-03T09:12:18Z,2026-09-03T09:12:19Z,site_b,SIM,synthetic_demo,B-WAN-1,UP,1000.0,69.3198,68.7,0.0,21.48,0.1996,0.099,0,UP,4.0,0.0,6,6,54,-61.4,23.867,7.341,0,1,0,32,0,106.0,0.0,0,0,,,,,,,,,,,,,,,,,,,,,0.0,0,,SYNTHETIC,0
power-outage,0,739,2026-09-03T09:12:19Z,2026-09-03T09:12:20Z,2026-09-03T09:12:19Z,2026-09-03T09:12:20Z,site_a,SIM,synthetic_demo,A-WAN-1,UP,1000.0,107.8385,107.03,0.0,18.5,2.7216,0.093,0,UP,4.0,0.0,48,48,133,-62.4,16.47,4.705,0,2,0,7,0,126.0,0.0,0,0,LOAD_SHED,BATTERY,0,1,80.64,92.0,51.0547,50.8738,2.017,3.81652,3.93652,3.8026,3.9226,120.0,23.5,143.654,,677.268,,DISCHARGE,0.0,0,,SYNTHETIC,0
power-outage,0,739,2026-09-03T09:12:19Z,2026-09-03T09:12:20Z,2026-09-03T09:12:19Z,2026-09-03T09:12:20Z,site_b,SIM,synthetic_demo,B-WAN-1,UP,1000.0,56.712,57.24,0.0,22.67,1.4638,0.099,0,UP,4.0,0.0,6,6,32,-61.8,18.984,5.73,1,1,0,32,0,69.0,0.0,0,0,,,,,,,,,,,,,,,,,,,,,0.0,0,,SYNTHETIC,0
power-outage,0,740,2026-09-03T09:12:20Z,2026-09-03T09:12:21Z,2026-09-03T09:12:20Z,2026-09-03T09:12:21Z,site_a,SIM,synthetic_demo,A-WAN-1,UP,1000.0,100.5608,99.14,0.0,17.42,1.4273,0.084,0,UP,4.0,0.0,48,48,250,-62.8,19.526,5.945,2,3,0,7,0,212.0,0.0,0,0,BATTERY,BATTERY,0,1,80.65,92.0,51.0527,48.715,26.0621,3.81636,3.93636,3.63654,3.75654,120.0,23.8,1777.247,,54.742,OCP_DSG,DISCHARGE,0.0,0,,SYNTHETIC,0
power-outage,0,740,2026-09-03T09:12:20Z,2026-09-03T09:12:21Z,2026-09-03T09:12:20Z,2026-09-03T09:12:21Z,site_b,SIM,synthetic_demo,B-WAN-1,UP,1000.0,51.2701,51.55,0.0,23.31,2.2147,0.124,0,UP,4.0,0.0,6,6,46,-63.4,22.058,6.943,0,1,0,32,0,57.0,0.0,0,0,,,,,,,,,,,,,,,,,,,,,0.0,0,,SYNTHETIC,0
power-outage,0,741,2026-09-03T09:12:21Z,2026-09-03T09:12:22Z,2026-09-03T09:12:21Z,2026-09-03T09:12:22Z,site_a,SIM,synthetic_demo,A-WAN-1,UP,1000.0,139.021,137.65,0.0,16.88,0.4241,0.06,0,UP,4.0,0.0,48,12,51,-62.7,16.414,5.402,0,3,0,7,0,156.0,0.0,0,0,BATTERY,LOAD_SHED,0,1,80.57,92.0,51.0526,50.875,1.9799,3.81635,3.93635,3.80269,3.92269,120.0,23.7,141.017,3,54.862,,DISCHARGE,0.0,0,,SYNTHETIC,0
power-outage,0,741,2026-09-03T09:12:21Z,2026-09-03T09:12:22Z,2026-09-03T09:12:21Z,2026-09-03T09:12:22Z,site_b,SIM,synthetic_demo,B-WAN-1,UP,1000.0,59.4856,58.92,0.0,21.84,0.2024,0.105,0,UP,4.0,0.0,6,6,22,-61.9,17.309,4.442,0,0,0,32,0,53.0,0.0,0,0,,,,,,,,,,,,,,,,,,,,,0.0,0,,SYNTHETIC,0
power-outage,0,742,2026-09-03T09:12:22Z,2026-09-03T09:12:23Z,2026-09-03T09:12:22Z,2026-09-03T09:12:23Z,site_a,SIM,synthetic_demo,A-WAN-1,UP,1000.0,136.3687,136.73,0.0,19.08,2.7109,0.1,0,UP,4.0,0.0,48,12,28,-62.8,14.047,4.557,1,3,0,7,0,176.0,0.0,0,0,LOAD_SHED,LOAD_SHED,0,1,80.74,92.0,51.0524,50.8742,1.9861,3.81634,3.93634,3.80263,3.92263,120.0,23.7,141.46,3,54.847,,DISCHARGE,0.0,0,,SYNTHETIC,0
power-outage,0,742,2026-09-03T09:12:22Z,2026-09-03T09:12:23Z,2026-09-03T09:12:22Z,2026-09-03T09:12:23Z,site_b,SIM,synthetic_demo,B-WAN-1,UP,1000.0,49.084,49.1,0.0,22.43,1.3578,0.093,0,UP,4.0,0.0,6,6,22,-64.0,17.728,5.349,0,1,0,32,0,56.0,0.0,0,0,,,,,,,,,,,,,,,,,,,,,0.0,0,,SYNTHETIC,0
power-outage,0,743,2026-09-03T09:12:23Z,2026-09-03T09:12:24Z,2026-09-03T09:12:23Z,2026-09-03T09:12:24Z,site_a,SIM,synthetic_demo,A-WAN-1,UP,1000.0,124.7042,124.44,0.0,19.19,2.7563,0.081,0,UP,4.0,0.0,48,12,30,-61.0,14.707,4.378,1,3,0,7,0,165.0,0.0,0,0,LOAD_SHED,LOAD_SHED,0,1,80.67,92.0,51.0522,50.873,1.9981,3.81633,3.93633,3.80254,3.92254,120.0,24.0,142.306,3,54.82,,DISCHARGE,0.0,0,,SYNTHETIC,0
power-outage,0,743,2026-09-03T09:12:23Z,2026-09-03T09:12:24Z,2026-09-03T09:12:23Z,2026-09-03T09:12:24Z,site_b,SIM,synthetic_demo,B-WAN-1,UP,1000.0,55.9521,55.41,0.0,23.9,2.6859,0.108,0,UP,4.0,0.0,6,6,39,-62.6,21.905,7.147,0,1,0,32,0,52.0,0.0,0,0,,,,,,,,,,,,,,,,,,,,,0.0,0,,SYNTHETIC,0
power-outage,0,744,2026-09-03T09:12:24Z,2026-09-03T09:12:25Z,2026-09-03T09:12:24Z,2026-09-03T09:12:25Z,site_a,SIM,synthetic_demo,A-WAN-1,UP,1000.0,194.8999,195.35,0.0,17.73,2.227,0.088,0,UP,4.0,0.0,48,12,55,-62.8,17.621,5.516,0,4,0,7,0,93.0,0.0,0,0,LOAD_SHED,LOAD_SHED,0,1,80.62,92.0,51.0521,50.8734,1.9923,3.81631,3.93631,3.80257,3.92257,120.0,23.7,141.895,3,54.832,,DISCHARGE,0.0,0,,SYNTHETIC,0
power-outage,0,744,2026-09-03T09:12:24Z,2026-09-03T09:12:25Z,2026-09-03T09:12:24Z,2026-09-03T09:12:25Z,site_b,SIM,synthetic_demo,B-WAN-1,UP,1000.0,52.0195,51.28,0.0,22.09,1.3068,0.085,0,UP,4.0,0.0,6,6,45,-63.9,22.977,6.76,0,0,0,32,0,97.0,0.0,0,0,,,,,,,,,,,,,,,,,,,,,0.0,0,,SYNTHETIC,0
power-outage,0,745,2026-09-03T09:12:25Z,2026-09-03T09:12:26Z,2026-09-03T09:12:25Z,2026-09-03T09:12:26Z,site_a,SIM,synthetic_demo,A-WAN-1,UP,1000.0,112.7965,113.34,0.0,16.73,0.7916,0.045,0,UP,4.0,0.0,48,12,47,-59.9,17.982,4.32,0,5,0,7,0,122.0,0.0,0,0,LOAD_SHED,LOAD_SHED,0,1,80.68,92.0,51.0519,50.8688,2.0406,3.8163,3.9363,3.80222,3.92222,120.0,23.8,145.326,3,54.725,,DISCHARGE,0.0,0,,SYNTHETIC,0
power-outage,0,745,2026-09-03T09:12:25Z,2026-09-03T09:12:26Z,2026-09-03T09:12:25Z,2026-09-03T09:12:26Z,site_b,SIM,synthetic_demo,B-WAN-1,UP,1000.0,69.6592,69.46,0.0,21.88,0.906,0.073,0,UP,4.0,0.0,6,6,55,-61.0,26.21,7.524,0,1,0,32,0,64.0,0.0,0,0,,,,,,,,,,,,,,,,,,,,,0.0,0,,SYNTHETIC,0
power-outage,0,746,2026-09-03T09:12:26Z,2026-09-03T09:12:27Z,2026-09-03T09:12:26Z,2026-09-03T09:12:27Z,site_a,SIM,synthetic_demo,A-WAN-1,UP,1000.0,117.6836,117.52,0.0,17.53,0.7917,0.06,0,UP,4.0,0.0,48,12,25,-64.0,14.773,4.849,1,5,0,7,0,103.0,0.0,0,0,LOAD_SHED,LOAD_SHED,0,1,80.7,92.0,51.0517,50.8727,1.9956,3.81629,3.93629,3.80252,3.92252,120.0,23.8,142.126,3,54.823,,DISCHARGE,0.0,0,,SYNTHETIC,0
power-outage,0,746,2026-09-03T09:12:26Z,2026-09-03T09:12:27Z,2026-09-03T09:12:26Z,2026-09-03T09:12:27Z,site_b,SIM,synthetic_demo,B-WAN-1,UP,1000.0,60.9877,60.69,0.0,23.81,3.0523,0.087,0,UP,4.0,0.0,6,6,30,-62.3,17.102,5.718,0,0,0,32,0,73.0,0.0,0,0,,,,,,,,,,,,,,,,,,,,,0.0,0,,SYNTHETIC,0
power-outage,0,747,2026-09-03T09:12:27Z,2026-09-03T09:12:28Z,2026-09-03T09:12:27Z,2026-09-03T09:12:28Z,site_a,SIM,synthetic_demo,A-WAN-1,UP,1000.0,105.2261,104.39,0.0,17.16,1.0663,0.083,0,UP,4.0,0.0,48,12,35,-61.8,15.901,4.736,1,4,0,7,0,166.0,0.0,0,0,LOAD_SHED,LOAD_SHED,0,1,80.63,92.0,51.0516,50.8719,2.003,3.81627,3.93627,3.80245,3.92245,120.0,23.9,142.657,3,54.806,,DISCHARGE,0.0,0,,SYNTHETIC,0
power-outage,0,747,2026-09-03T09:12:27Z,2026-09-03T09:12:28Z,2026-09-03T09:12:27Z,2026-09-03T09:12:28Z,site_b,SIM,synthetic_demo,B-WAN-1,UP,1000.0,57.9846,58.57,0.0,20.9,0.2092,0.113,0,UP,4.0,0.0,6,6,86,-63.7,31.727,10.139,1,0,0,32,0,74.0,0.0,0,0,,,,,,,,,,,,,,,,,,,,,0.0,0,,SYNTHETIC,0
power-outage,0,748,2026-09-03T09:12:28Z,2026-09-03T09:12:29Z,2026-09-03T09:12:28Z,2026-09-03T09:12:29Z,site_a,SIM,synthetic_demo,A-WAN-1,UP,1000.0,128.1178,128.36,0.0,15.87,0.2207,0.088,0,UP,4.0,0.0,48,12,42,-61.1,17.696,4.859,0,4,0,7,0,126.0,0.0,0,0,LOAD_SHED,LOAD_SHED,0,1,80.68,92.0,51.0514,50.8695,2.028,3.81626,3.93626,3.80227,3.92227,120.0,23.9,144.428,3,54.751,,DISCHARGE,0.0,0,,SYNTHETIC,0
power-outage,0,748,2026-09-03T09:12:28Z,2026-09-03T09:12:29Z,2026-09-03T09:12:28Z,2026-09-03T09:12:29Z,site_b,SIM,synthetic_demo,B-WAN-1,UP,1000.0,53.1272,51.79,0.0,21.16,0.9249,0.072,0,UP,4.0,0.0,6,6,39,-63.2,21.631,6.59,0,1,0,32,0,69.0,0.0,0,0,,,,,,,,,,,,,,,,,,,,,0.0,0,,SYNTHETIC,0
power-outage,0,749,2026-09-03T09:12:29Z,2026-09-03T09:12:30Z,2026-09-03T09:12:29Z,2026-09-03T09:12:30Z,site_a,SIM,synthetic_demo,A-WAN-1,UP,1000.0,152.3982,151.62,0.0,17.46,1.241,0.079,0,UP,4.0,0.0,48,12,42,-60.7,16.997,4.732,0,3,0,7,0,288.0,0.0,0,0,LOAD_SHED,LOAD_SHED,0,1,80.71,92.0,51.0512,50.8679,2.0433,3.81625,3.93625,3.80215,3.92215,120.0,23.8,145.513,3,54.716,,DISCHARGE,0.0,0,,SYNTHETIC,0
power-outage,0,749,2026-09-03T09:12:29Z,2026-09-03T09:12:30Z,2026-09-03T09:12:29Z,2026-09-03T09:12:30Z,site_b,SIM,synthetic_demo,B-WAN-1,UP,1000.0,74.3314,74.95,0.0,23.08,1.6213,0.061,0,UP,4.0,0.0,6,6,36,-61.5,18.389,5.512,0,0,0,32,0,96.0,0.0,0,0,,,,,,,,,,,,,,,,,,,,,0.0,0,,SYNTHETIC,0
power-outage,0,750,2026-09-03T09:12:30Z,2026-09-03T09:12:31Z,2026-09-03T09:12:30Z,2026-09-03T09:12:31Z,site_a,SIM,synthetic_demo,A-WAN-1,UP,1000.0,117.9513,118.1,0.0,17.73,1.824,0.081,0,UP,4.0,0.0,48,12,40,-63.0,16.53,5.066,0,5,0,7,0,161.0,0.0,0,0,LOAD_SHED,LOAD_SHED,0,1,80.64,92.0,51.051,50.8707,2.0102,3.81623,3.93623,3.80236,3.92236,120.0,23.8,143.167,3,54.788,,DISCHARGE,0.0,0,,SYNTHETIC,0
power-outage,0,750,2026-09-03T09:12:30Z,2026-09-03T09:12:31Z,2026-09-03T09:12:30Z,2026-09-03T09:12:31Z,site_b,SIM,synthetic_demo,B-WAN-1,UP,1000.0,57.08,56.8,0.0,21.68,0.5407,0.102,0,UP,4.0,0.0,6,6,87,-62.7,31.75,10.014,0,0,0,32,0,67.0,0.0,0,0,,,,,,,,,,,,,,,,,,,,,0.0,0,,SYNTHETIC,0
power-outage,0,751,2026-09-03T09:12:31Z,2026-09-03T09:12:32Z,2026-09-03T09:12:31Z,2026-09-03T09:12:32Z,site_a,SIM,synthetic_demo,A-WAN-1,UP,1000.0,103.8597,103.52,0.0,16.02,0.7843,0.076,0,UP,4.0,0.0,48,12,71,-62.6,20.113,5.79,0,3,0,7,0,131.0,0.0,0,0,LOAD_SHED,LOAD_SHED,0,1,80.64,92.0,51.0509,50.8702,2.0141,3.81622,3.93622,3.80232,3.92232,120.0,23.8,143.438,3,54.778,,DISCHARGE,0.0,0,,SYNTHETIC,0
power-outage,0,751,2026-09-03T09:12:31Z,2026-09-03T09:12:32Z,2026-09-03T09:12:31Z,2026-09-03T09:12:32Z,site_b,SIM,synthetic_demo,B-WAN-1,UP,1000.0,68.586,68.64,0.0,20.7,0.2778,0.115,0,UP,4.0,0.0,6,6,27,-62.1,19.064,6.651,1,1,0,32,0,54.0,0.0,0,0,,,,,,,,,,,,,,,,,,,,,0.0,0,,SYNTHETIC,0
power-outage,0,752,2026-09-03T09:12:32Z,2026-09-03T09:12:33Z,2026-09-03T09:12:32Z,2026-09-03T09:12:33Z,site_a,SIM,synthetic_demo,A-WAN-1,UP,1000.0,168.0845,167.66,0.0,20.62,4.8896,0.099,0,UP,4.0,0.0,48,12,60,-62.5,20.956,5.952,2,3,0,7,0,159.0,0.0,0,0,LOAD_SHED,LOAD_SHED,0,1,80.54,92.0,51.0507,50.8744,1.9657,3.81621,3.93621,3.80264,3.92264,120.0,23.9,140.003,3,54.884,,DISCHARGE,0.0,0,,SYNTHETIC,0
power-outage,0,752,2026-09-03T09:12:32Z,2026-09-03T09:12:33Z,2026-09-03T09:12:32Z,2026-09-03T09:12:33Z,site_b,SIM,synthetic_demo,B-WAN-1,UP,1000.0,88.6731,87.97,0.0,23.51,2.0545,0.097,0,UP,4.0,0.0,6,6,71,-62.1,27.2,8.842,0,0,0,32,0,83.0,0.0,0,0,,,,,,,,,,,,,,,,,,,,,0.0,0,,SYNTHETIC,0
power-outage,0,753,2026-09-03T09:12:33Z,2026-09-03T09:12:34Z,2026-09-03T09:12:33Z,2026-09-03T09:12:34Z,site_a,SIM,synthetic_demo,A-WAN-1,UP,1000.0,178.135,178.21,0.0,17.74,1.8565,0.052,0,UP,4.0,0.0,48,12,59,-60.8,19.627,5.405,0,4,0,7,0,133.0,0.0,0,0,LOAD_SHED,LOAD_SHED,0,1,80.59,92.0,51.0505,50.8718,1.9929,3.8162,3.9362,3.80244,3.92244,120.0,23.8,141.933,3,54.823,,DISCHARGE,0.0,0,,SYNTHETIC,0
power-outage,0,753,2026-09-03T09:12:33Z,2026-09-03T09:12:34Z,2026-09-03T09:12:33Z,2026-09-03T09:12:34Z,site_b,SIM,synthetic_demo,B-WAN-1,UP,1000.0,55.802,55.83,0.0,21.08,0.1941,0.085,0,UP,4.0,0.0,6,6,25,-62.3,16.107,5.368,1,0,0,32,0,67.0,0.0,0,0,,,,,,,,,,,,,,,,,,,,,0.0,0,,SYNTHETIC,0
power-outage,0,754,2026-09-03T09:12:34Z,2026-09-03T09:12:35Z,2026-09-03T09:12:34Z,2026-09-03T09:12:35Z,site_a,SIM,synthetic_demo,A-WAN-1,UP,1000.0,140.9742,141.49,0.0,15.72,0.2023,0.088,0,UP,4.0,0.0,48,12,51,-63.9,16.625,5.621,1,4,0,7,0,164.0,0.0,0,0,LOAD_SHED,LOAD_SHED,0,1,80.59,92.0,51.0504,50.8722,1.9863,3.81618,3.93618,3.80248,3.92248,120.0,23.7,141.469,3,54.837,,DISCHARGE,0.0,0,,SYNTHETIC,0
power-outage,0,754,2026-09-03T09:12:34Z,2026-09-03T09:12:35Z,2026-09-03T09:12:34Z,2026-09-03T09:12:35Z,site_b,SIM,synthetic_demo,B-WAN-1,UP,1000.0,69.158,69.17,0.0,21.93,1.256,0.122,0,UP,4.0,0.0,6,6,55,-61.4,23.801,6.741,0,0,0,32,0,80.0,0.0,0,0,,,,,,,,,,,,,,,,,,,,,0.0,0,,SYNTHETIC,0
power-outage,0,755,2026-09-03T09:12:35Z,2026-09-03T09:12:36Z,2026-09-03T09:12:35Z,2026-09-03T09:12:36Z,site_a,SIM,synthetic_demo,A-WAN-1,UP,1000.0,161.7539,161.79,0.0,17.35,1.2048,0.108,0,UP,4.0,0.0,48,12,76,-61.7,20.935,6.13,0,6,0,7,0,133.0,0.0,0,0,LOAD_SHED,LOAD_SHED,0,1,80.69,92.0,51.0502,50.8711,1.9969,3.81617,3.93617,3.80239,3.92239,120.0,23.8,142.218,3,54.813,,DISCHARGE,0.0,0,,SYNTHETIC,0
power-outage,0,755,2026-09-03T09:12:35Z,2026-09-03T09:12:36Z,2026-09-03T09:12:35Z,2026-09-03T09:12:36Z,site_b,SIM,synthetic_demo,B-WAN-1,UP,1000.0,94.1338,94.85,0.0,22.79,1.954,0.143,0,UP,4.0,0.0,6,6,53,-61.1,24.208,6.694,1,1,0,32,0,45.0,0.0,0,0,,,,,,,,,,,,,,,,,,,,,0.0,0,,SYNTHETIC,0
power-outage,0,756,2026-09-03T09:12:36Z,2026-09-03T09:12:37Z,2026-09-03T09:12:36Z,2026-09-03T09:12:37Z,site_a,SIM,synthetic_demo,A-WAN-1,UP,1000.0,142.4282,142.7,0.0,16.69,1.0531,0.04,0,UP,4.0,0.0,48,48,297,-61.7,20.635,6.279,2,0,0,7,0,172.0,0.0,0,0,LOAD_SHED,BATTERY,0,1,80.72,92.0,51.05,50.8692,2.0158,3.81616,3.93616,3.80225,3.92225,120.0,23.7,143.555,,677.427,,DISCHARGE,0.0,0,,SYNTHETIC,0
power-outage,0,756,2026-09-03T09:12:36Z,2026-09-03T09:12:37Z,2026-09-03T09:12:36Z,2026-09-03T09:12:37Z,site_b,SIM,synthetic_demo,B-WAN-1,UP,1000.0,79.7013,79.46,0.0,21.7,0.9534,0.113,0,UP,4.0,0.0,6,6,41,-61.8,23.064,6.483,0,0,0,32,0,48.0,0.0,0,0,,,,,,,,,,,,,,,,,,,,,0.0,0,,SYNTHETIC,0
power-outage,0,757,2026-09-03T09:12:37Z,2026-09-03T09:12:38Z,2026-09-03T09:12:37Z,2026-09-03T09:12:38Z,site_a,SIM,synthetic_demo,A-WAN-1,UP,1000.0,143.8666,143.14,0.0,16.18,0.4107,0.095,0,UP,4.0,0.0,48,48,205,-62.1,17.697,5.245,2,2,0,7,0,172.0,0.0,0,0,BATTERY,BATTERY,0,1,80.63,92.0,51.0481,48.7118,26.0455,3.81601,3.93601,3.63629,3.75629,120.0,23.9,1775.997,,54.756,OCP_DSG,DISCHARGE,0.0,0,,SYNTHETIC,0
power-outage,0,757,2026-09-03T09:12:37Z,2026-09-03T09:12:38Z,2026-09-03T09:12:37Z,2026-09-03T09:12:38Z,site_b,SIM,synthetic_demo,B-WAN-1,UP,1000.0,60.3463,60.51,0.0,22.53,1.2629,0.094,0,UP,4.0,0.0,6,6,26,-61.7,15.82,5.561,0,0,0,32,0,81.0,0.0,0,0,,,,,,,,,,,,,,,,,,,,,0.0,0,,SYNTHETIC,0
power-outage,0,758,2026-09-03T09:12:38Z,2026-09-03T09:12:39Z,2026-09-03T09:12:38Z,2026-09-03T09:12:39Z,site_a,SIM,synthetic_demo,A-WAN-1,UP,1000.0,120.9723,119.67,0.0,17.96,2.3328,0.056,0,UP,4.0,0.0,48,12,83,-61.8,20.038,6.526,0,2,0,7,0,134.0,0.0,0,0,BATTERY,LOAD_SHED,0,1,80.61,92.0,51.0479,50.8704,1.9794,3.81599,3.93599,3.80233,3.92233,120.0,24.0,140.967,3,54.839,,DISCHARGE,0.0,0,,SYNTHETIC,0
power-outage,0,758,2026-09-03T09:12:38Z,2026-09-03T09:12:39Z,2026-09-03T09:12:38Z,2026-09-03T09:12:39Z,site_b,SIM,synthetic_demo,B-WAN-1,UP,1000.0,62.2807,62.04,0.0,23.03,2.1027,0.091,0,UP,4.0,0.0,6,6,53,-61.0,23.978,7.254,0,1,0,32,0,65.0,0.0,0,0,,,,,,,,,,,,,,,,,,,,,0.0,0,,SYNTHETIC,0
power-outage,0,759,2026-09-03T09:12:39Z,2026-09-03T09:12:40Z,2026-09-03T09:12:39Z,2026-09-03T09:12:40Z,site_a,SIM,synthetic_demo,A-WAN-1,UP,1000.0,151.9149,151.48,0.0,16.0,0.3336,0.081,0,UP,4.0,0.0,48,12,76,-63.8,21.537,6.949,2,2,0,7,0,128.0,0.0,0,0,LOAD_SHED,LOAD_SHED,0,1,80.66,92.0,51.0477,50.8691,1.9916,3.81598,3.93598,3.80224,3.92224,120.0,23.8,141.833,3,54.811,,DISCHARGE,0.0,0,,SYNTHETIC,0
power-outage,0,759,2026-09-03T09:12:39Z,2026-09-03T09:12:40Z,2026-09-03T09:12:39Z,2026-09-03T09:12:40Z,site_b,SIM,synthetic_demo,B-WAN-1,UP,1000.0,65.9066,64.91,0.0,24.35,3.3623,0.066,0,UP,4.0,0.0,6,6,23,-62.3,17.319,5.407,1,0,0,32,0,60.0,0.0,0,0,,,,,,,,,,,,,,,,,,,,,0.0,0,,SYNTHETIC,0
power-outage,0,760,2026-09-03T09:12:40Z,2026-09-03T09:12:41Z,2026-09-03T09:12:40Z,2026-09-03T09:12:41Z,site_a,SIM,synthetic_demo,A-WAN-1,UP,1000.0,135.9442,135.79,0.0,17.3,0.9442,0.056,0,UP,4.0,0.0,48,12,59,-62.7,19.981,5.738,1,1,0,7,0,146.0,0.0,0,0,LOAD_SHED,LOAD_SHED,0,1,80.65,92.0,51.0476,50.8611,2.0791,3.81597,3.93597,3.80162,3.92162,120.0,24.0,148.041,3,54.619,,DISCHARGE,0.0,0,,SYNTHETIC,0
power-outage,0,760,2026-09-03T09:12:40Z,2026-09-03T09:12:41Z,2026-09-03T09:12:40Z,2026-09-03T09:12:41Z,site_b,SIM,synthetic_demo,B-WAN-1,UP,1000.0,57.8547,56.95,0.0,21.54,0.9862,0.172,0,UP,4.0,0.0,6,6,42,-60.1,22.468,6.146,0,1,0,32,0,27.0,0.0,0,0,,,,,,,,,,,,,,,,,,,,,0.0,0,,SYNTHETIC,0
power-outage,0,761,2026-09-03T09:12:41Z,2026-09-03T09:12:42Z,2026-09-03T09:12:41Z,2026-09-03T09:12:42Z,site_a,SIM,synthetic_demo,A-WAN-1,UP,1000.0,130.3356,130.29,0.0,18.56,2.8613,0.043,0,UP,4.0,0.0,48,12,64,-61.9,18.34,5.777,0,1,0,7,0,105.0,0.0,0,0,LOAD_SHED,LOAD_SHED,0,1,80.65,92.0,51.0474,50.8709,1.9672,3.81595,3.93595,3.80238,3.92238,120.0,23.8,140.103,3,54.863,,DISCHARGE,0.0,0,,SYNTHETIC,0
power-outage,0,761,2026-09-03T09:12:41Z,2026-09-03T09:12:42Z,2026-09-03T09:12:41Z,2026-09-03T09:12:42Z,site_b,SIM,synthetic_demo,B-WAN-1,UP,1000.0,53.7411,54.07,0.0,22.25,0.8162,0.101,0,UP,4.0,0.0,6,6,72,-61.9,29.398,8.23,0,0,0,32,0,27.0,0.0,0,0,,,,,,,,,,,,,,,,,,,,,0.0,0,,SYNTHETIC,0
power-outage,0,762,2026-09-03T09:12:42Z,2026-09-03T09:12:43Z,2026-09-03T09:12:42Z,2026-09-03T09:12:43Z,site_a,SIM,synthetic_demo,A-WAN-1,UP,1000.0,160.1758,159.47,0.0,17.41,1.4321,0.103,0,UP,4.0,0.0,48,12,48,-62.9,18.292,5.307,0,4,0,7,0,147.0,0.0,0,0,LOAD_SHED,LOAD_SHED,0,1,80.7,92.0,51.0472,50.8706,1.9688,3.81594,3.93594,3.80236,3.92236,120.0,23.7,140.212,3,54.859,,DISCHARGE,0.0,0,,SYNTHETIC,0
power-outage,0,762,2026-09-03T09:12:42Z,2026-09-03T09:12:43Z,2026-09-03T09:12:42Z,2026-09-03T09:12:43Z,site_b,SIM,synthetic_demo,B-WAN-1,UP,1000.0,55.127,55.03,0.0,24.57,3.4124,0.101,0,UP,4.0,0.0,6,6,29,-61.1,20.32,5.823,0,1,0,32,0,70.0,0.0,0,0,,,,,,,,,,,,,,,,,,,,,0.0,0,,SYNTHETIC,0
power-outage,0,763,2026-09-03T09:12:43Z,2026-09-03T09:12:44Z,2026-09-03T09:12:43Z,2026-09-03T09:12:44Z,site_a,SIM,synthetic_demo,A-WAN-1,UP,1000.0,141.2575,140.52,0.0,17.31,0.7572,0.09,0,UP,4.0,0.0,48,12,53,-61.9,18.317,5.465,0,2,0,7,0,110.0,0.0,0,0,LOAD_SHED,LOAD_SHED,0,1,80.65,92.0,51.0471,50.8714,1.9583,3.81593,3.93593,3.80242,3.92242,120.0,23.8,139.469,3,54.881,,DISCHARGE,0.0,0,,SYNTHETIC,0
power-outage,0,763,2026-09-03T09:12:43Z,2026-09-03T09:12:44Z,2026-09-03T09:12:43Z,2026-09-03T09:12:44Z,site_b,SIM,synthetic_demo,B-WAN-1,UP,1000.0,53.3637,53.16,0.0,21.65,0.8614,0.109,0,UP,4.0,0.0,6,6,30,-60.2,19.403,5.535,0,0,0,32,0,112.0,0.0,0,0,,,,,,,,,,,,,,,,,,,,,0.0,0,,SYNTHETIC,0
power-outage,0,764,2026-09-03T09:12:44Z,2026-09-03T09:12:45Z,2026-09-03T09:12:44Z,2026-09-03T09:12:45Z,site_a,SIM,synthetic_demo,A-WAN-1,UP,1000.0,135.0925,135.41,0.0,17.21,0.1729,0.083,0,UP,4.0,0.0,48,12,59,-63.2,19.518,5.942,1,1,0,7,0,251.0,0.0,0,0,LOAD_SHED,LOAD_SHED,0,1,80.71,92.0,51.0469,50.8658,2.0191,3.81591,3.93591,3.80198,3.92198,120.0,23.7,143.784,3,54.747,,DISCHARGE,0.0,0,,SYNTHETIC,0
power-outage,0,764,2026-09-03T09:12:44Z,2026-09-03T09:12:45Z,2026-09-03T09:12:44Z,2026-09-03T09:12:45Z,site_b,SIM,synthetic_demo,B-WAN-1,UP,1000.0,54.8211,54.25,0.0,21.37,0.8499,0.081,0,UP,4.0,0.0,6,6,23,-62.4,16.772,5.208,0,0,0,32,0,82.0,0.0,0,0,,,,,,,,,,,,,,,,,,,,,0.0,0,,SYNTHETIC,0
power-outage,0,765,2026-09-03T09:12:45Z,2026-09-03T09:12:46Z,2026-09-03T09:12:45Z,2026-09-03T09:12:46Z,site_a,SIM,synthetic_demo,A-WAN-1,UP,1000.0,134.3247,135.32,0.0,18.6,2.395,0.101,0,UP,4.0,0.0,48,12,63,-61.8,19.106,5.828,0,2,0,7,0,279.0,0.0,0,0,LOAD_SHED,LOAD_SHED,0,1,80.59,92.0,51.0467,50.8712,1.957,3.8159,3.9359,3.8024,3.9224,120.0,23.9,139.373,3,54.882,,DISCHARGE,0.0,0,,SYNTHETIC,0
power-outage,0,765,2026-09-03T09:12:45Z,2026-09-03T09:12:46Z,2026-09-03T09:12:45Z,2026-09-03T09:12:46Z,site_b,SIM,synthetic_demo,B-WAN-1,UP,1000.0,49.9801,50.77,0.0,20.53,0.0167,0.114,0,UP,4.0,0.0,6,6,61,-62.4,25.795,7.932,0,0,0,32,0,105.0,0.0,0,0,,,,,,,,,,,,,,,,,,,,,0.0,0,,SYNTHETIC,0
power-outage,0,766,2026-09-03T09:12:46Z,2026-09-03T09:12:47Z,2026-09-03T09:12:46Z,2026-09-03T09:12:47Z,site_a,SIM,synthetic_demo,A-WAN-1,UP,1000.0,149.0627,148.61,0.0,16.74,0.1719,0.089,0,UP,4.0,0.0,48,12,67,-60.5,17.442,5.317,0,1,0,7,0,151.0,0.0,0,0,LOAD_SHED,LOAD_SHED,0,1,80.63,92.0,51.0466,50.8668,2.0044,3.81589,3.93589,3.80206,3.92206,120.0,23.8,142.738,3,54.777,,DISCHARGE,0.0,0,,SYNTHETIC,0
power-outage,0,766,2026-09-03T09:12:46Z,2026-09-03T09:12:47Z,2026-09-03T09:12:46Z,2026-09-03T09:12:47Z,site_b,SIM,synthetic_demo,B-WAN-1,UP,1000.0,52.6268,53.82,0.0,21.37,0.081,0.103,0,UP,4.0,0.0,6,6,53,-62.1,25.882,7.116,0,0,0,32,0,111.0,0.0,0,0,,,,,,,,,,,,,,,,,,,,,0.0,0,,SYNTHETIC,0
power-outage,0,767,2026-09-03T09:12:47Z,2026-09-03T09:12:48Z,2026-09-03T09:12:47Z,2026-09-03T09:12:48Z,site_a,SIM,synthetic_demo,A-WAN-1,UP,1000.0,115.6241,115.59,0.0,17.6,1.6086,0.042,0,UP,4.0,0.0,48,12,42,-60.9,15.941,4.674,0,1,0,7,0,131.0,0.0,0,0,LOAD_SHED,LOAD_SHED,0,1,80.64,92.0,51.0464,50.8634,2.04,3.81588,3.93588,3.8018,3.9218,120.0,23.7,145.262,3,54.698,,DISCHARGE,0.0,0,,SYNTHETIC,0
power-outage,0,767,2026-09-03T09:12:47Z,2026-09-03T09:12:48Z,2026-09-03T09:12:47Z,2026-09-03T09:12:48Z,site_b,SIM,synthetic_demo,B-WAN-1,UP,1000.0,56.8211,57.03,0.0,22.2,1.6374,0.094,0,UP,4.0,0.0,6,6,14,-59.9,13.438,4.523,0,0,0,32,0,64.0,0.0,0,0,,,,,,,,,,,,,,,,,,,,,0.0,0,,SYNTHETIC,0
power-outage,0,768,2026-09-03T09:12:48Z,2026-09-03T09:12:49Z,2026-09-03T09:12:48Z,2026-09-03T09:12:49Z,site_a,SIM,synthetic_demo,A-WAN-1,UP,1000.0,168.2497,168.18,0.0,17.61,1.3966,0.067,0,UP,4.0,0.0,48,12,84,-61.3,20.965,6.96,0,2,0,7,0,150.0,0.0,0,0,LOAD_SHED,LOAD_SHED,0,1,80.6,92.0,51.0462,50.8613,2.061,3.81586,3.93586,3.80164,3.92164,120.0,23.8,146.756,3,54.652,,DISCHARGE,0.0,0,,SYNTHETIC,0
power-outage,0,768,2026-09-03T09:12:48Z,2026-09-03T09:12:49Z,2026-09-03T09:12:48Z,2026-09-03T09:12:49Z,site_b,SIM,synthetic_demo,B-WAN-1,UP,1000.0,52.2808,52.41,0.0,21.64,0.9102,0.106,0,UP,4.0,0.0,6,6,38,-61.4,21.745,6.031,0,0,0,32,0,107.0,0.0,0,0,,,,,,,,,,,,,,,,,,,,,0.0,0,,SYNTHETIC,0
power-outage,0,769,2026-09-03T09:12:49Z,2026-09-03T09:12:50Z,2026-09-03T09:12:49Z,2026-09-03T09:12:50Z,site_a,SIM,synthetic_demo,A-WAN-1,UP,1000.0,124.3167,124.73,0.0,17.74,2.0977,0.075,0,UP,4.0,0.0,48,12,46,-62.0,17.593,5.064,1,1,0,7,0,139.0,0.0,0,0,LOAD_SHED,LOAD_SHED,0,1,80.62,92.0,51.046,50.8631,2.0392,3.81585,3.93585,3.80178,3.92178,120.0,23.8,145.206,3,54.698,,DISCHARGE,0.0,0,,SYNTHETIC,0
power-outage,0,769,2026-09-03T09:12:49Z,2026-09-03T09:12:50Z,2026-09-03T09:12:49Z,2026-09-03T09:12:50Z,site_b,SIM,synthetic_demo,B-WAN-1,UP,1000.0,45.2621,45.93,0.0,23.49,3.054,0.087,0,UP,4.0,0.0,6,6,33,-63.4,19.964,5.935,1,1,0,32,0,50.0,0.0,0,0,,,,,,,,,,,,,,,,,,,,,0.0,0,,SYNTHETIC,0
power-outage,0,770,2026-09-03T09:12:50Z,2026-09-03T09:12:51Z,2026-09-03T09:12:50Z,2026-09-03T09:12:51Z,site_a,SIM,synthetic_demo,A-WAN-1,UP,1000.0,298.8771,299.78,0.0,16.27,0.1551,0.098,0,UP,4.0,0.0,48,12,83,-61.7,22.262,6.422,1,1,0,7,0,225.0,0.0,0,0,LOAD_SHED,LOAD_SHED,0,1,80.72,92.0,51.0459,50.8661,2.0046,3.81584,3.93584,3.802,3.922,120.0,23.7,142.752,3,54.773,,DISCHARGE,0.0,0,,SYNTHETIC,0
power-outage,0,770,2026-09-03T09:12:50Z,2026-09-03T09:12:51Z,2026-09-03T09:12:50Z,2026-09-03T09:12:51Z,site_b,SIM,synthetic_demo,B-WAN-1,UP,1000.0,41.8161,41.98,0.0,22.25,1.3206,0.082,0,UP,4.0,0.0,6,6,38,-61.7,20.718,6.244,0,0,0,32,0,64.0,0.0,0,0,,,,,,,,,,,,,,,,,,,,,0.0,0,,SYNTHETIC,0
power-outage,0,771,2026-09-03T09:12:51Z,2026-09-03T09:12:52Z,2026-09-03T09:12:51Z,2026-09-03T09:12:52Z,site_a,SIM,synthetic_demo,A-WAN-1,UP,1000.0,124.2074,124.65,0.0,16.56,0.5779,0.074,0,UP,4.0,0.0,48,12,59,-60.8,19.251,5.469,0,2,0,7,0,146.0,0.0,0,0,LOAD_SHED,LOAD_SHED,0,1,80.63,92.0,51.0457,50.8669,1.9938,3.81582,3.93582,3.80207,3.92207,120.0,23.7,141.982,3,54.796,,DISCHARGE,0.0,0,,SYNTHETIC,0
power-outage,0,771,2026-09-03T09:12:51Z,2026-09-03T09:12:52Z,2026-09-03T09:12:51Z,2026-09-03T09:12:52Z,site_b,SIM,synthetic_demo,B-WAN-1,UP,1000.0,51.8883,51.64,0.0,21.91,1.1337,0.089,0,UP,4.0,0.0,6,6,41,-62.3,21.127,5.828,1,0,0,32,0,67.0,0.0,0,0,,,,,,,,,,,,,,,,,,,,,0.0,0,,SYNTHETIC,0
power-outage,0,772,2026-09-03T09:12:52Z,2026-09-03T09:12:53Z,2026-09-03T09:12:52Z,2026-09-03T09:12:53Z,site_a,SIM,synthetic_demo,A-WAN-1,UP,1000.0,138.7213,139.8,0.0,17.97,1.6503,0.086,0,UP,4.0,0.0,48,12,56,-59.6,17.228,4.677,0,3,0,7,0,140.0,0.0,0,0,LOAD_SHED,LOAD_SHED,0,1,80.6,92.0,51.0455,50.8654,2.0086,3.81581,3.93581,3.80195,3.92195,120.0,23.9,143.034,3,54.763,,DISCHARGE,0.0,0,,SYNTHETIC,0
power-outage,0,772,2026-09-03T09:12:52Z,2026-09-03T09:12:53Z,2026-09-03T09:12:52Z,2026-09-03T09:12:53Z,site_b,SIM,synthetic_demo,B-WAN-1,UP,1000.0,56.147,57.27,0.0,21.92,0.613,0.102,0,UP,4.0,0.0,6,6,49,-63.8,24.346,7.392,0,1,0,32,0,57.0,0.0,0,0,,,,,,,,,,,,,,,,,,,,,0.0,0,,SYNTHETIC,0
power-outage,0,773,2026-09-03T09:12:53Z,2026-09-03T09:12:54Z,2026-09-03T09:12:53Z,2026-09-03T09:12:54Z,site_a,SIM,synthetic_demo,A-WAN-1,UP,1000.0,130.8895,130.52,0.0,16.82,0.9408,0.053,0,UP,4.0,0.0,48,48,166,-62.4,16.887,5.025,2,2,0,7,0,230.0,0.0,0,0,LOAD_SHED,BATTERY,0,1,80.68,92.0,51.0454,50.8676,1.9815,3.8158,3.9358,3.80212,3.92212,120.0,23.8,141.113,,688.839,,DISCHARGE,0.0,0,,SYNTHETIC,0
power-outage,0,773,2026-09-03T09:12:53Z,2026-09-03T09:12:54Z,2026-09-03T09:12:53Z,2026-09-03T09:12:54Z,site_b,SIM,synthetic_demo,B-WAN-1,UP,1000.0,45.9737,45.85,0.0,22.66,1.7211,0.117,0,UP,4.0,0.0,6,6,70,-63.4,28.5,9.094,0,0,0,32,0,91.0,0.0,0,0,,,,,,,,,,,,,,,,,,,,,0.0,0,,SYNTHETIC,0
power-outage,0,774,2026-09-03T09:12:54Z,2026-09-03T09:12:55Z,2026-09-03T09:12:54Z,2026-09-03T09:12:55Z,site_a,SIM,synthetic_demo,A-WAN-1,UP,1000.0,123.2301,122.91,0.0,19.45,3.7665,0.087,0,UP,4.0,0.0,48,48,169,-62.2,16.717,5.087,1,4,0,7,0,140.0,0.0,0,0,BATTERY,BATTERY,0,1,80.6,92.0,51.0434,48.7052,26.067,3.81565,3.93565,3.63578,3.75578,120.0,23.9,1777.227,,54.693,OCP_DSG,DISCHARGE,0.0,0,,SYNTHETIC,0
power-outage,0,774,2026-09-03T09:12:54Z,2026-09-03T09:12:55Z,2026-09-03T09:12:54Z,2026-09-03T09:12:55Z,site_b,SIM,synthetic_demo,B-WAN-1,UP,1000.0,46.4421,45.85,0.0,22.26,1.4754,0.069,0,UP,4.0,0.0,6,6,22,-61.1,17.911,5.191,0,0,0,32,0,43.0,0.0,0,0,,,,,,,,,,,,,,,,,,,,,0.0,0,,SYNTHETIC,0
power-outage,0,775,2026-09-03T09:12:55Z,2026-09-03T09:12:56Z,2026-09-03T09:12:55Z,2026-09-03T09:12:56Z,site_a,SIM,synthetic_demo,A-WAN-1,UP,1000.0,110.9492,111.17,0.0,16.83,0.7961,0.069,0,UP,4.0,0.0,48,12,77,-62.0,20.665,5.95,1,5,0,7,0,131.0,0.0,0,0,BATTERY,LOAD_SHED,0,1,80.61,92.0,51.0432,50.8592,2.0512,3.81563,3.93563,3.80148,3.92148,120.0,23.8,146.052,3,54.657,,DISCHARGE,0.0,0,,SYNTHETIC,0
power-outage,0,775,2026-09-03T09:12:55Z,2026-09-03T09:12:56Z,2026-09-03T09:12:55Z,2026-09-03T09:12:56Z,site_b,SIM,synthetic_demo,B-WAN-1,UP,1000.0,61.9686,61.35,0.0,21.9,1.1585,0.085,0,UP,4.0,0.0,6,6,37,-60.1,20.919,6.686,0,0,0,32,0,69.0,0.0,0,0,,,,,,,,,,,,,,,,,,,,,0.0,0,,SYNTHETIC,0
power-outage,0,776,2026-09-03T09:12:56Z,2026-09-03T09:12:57Z,2026-09-03T09:12:56Z,2026-09-03T09:12:57Z,site_a,SIM,synthetic_demo,A-WAN-1,UP,1000.0,129.6041,129.77,0.0,16.89,0.7869,0.098,0,UP,4.0,0.0,48,12,97,-63.5,23.995,7.328,0,5,0,7,0,134.0,0.0,0,0,LOAD_SHED,LOAD_SHED,0,1,80.67,92.0,51.0431,50.8616,2.0228,3.81562,3.93562,3.80166,3.92166,120.0,23.9,144.032,3,54.718,,DISCHARGE,0.0,0,,SYNTHETIC,0
power-outage,0,776,2026-09-03T09:12:56Z,2026-09-03T09:12:57Z,2026-09-03T09:12:56Z,2026-09-03T09:12:57Z,site_b,SIM,synthetic_demo,B-WAN-1,UP,1000.0,58.0478,57.13,0.0,22.29,1.3457,0.11,0,UP,4.0,0.0,6,6,28,-63.8,17.673,6.362,0,0,0,32,0,44.0,0.0,0,0,,,,,,,,,,,,,,,,,,,,,0.0,0,,SYNTHETIC,0
power-outage,0,777,2026-09-03T09:12:57Z,2026-09-03T09:12:58Z,2026-09-03T09:12:57Z,2026-09-03T09:12:58Z,site_a,SIM,synthetic_demo,A-WAN-1,UP,1000.0,130.0388,130.53,0.0,15.85,0.2997,0.041,0,UP,4.0,0.0,48,12,52,-62.7,17.777,5.273,0,4,0,7,0,123.0,0.0,0,0,LOAD_SHED,LOAD_SHED,0,1,80.6,92.0,51.0429,50.8597,2.0416,3.81561,3.93561,3.80152,3.92152,120.0,23.7,145.369,3,54.676,,DISCHARGE,0.0,0,,SYNTHETIC,0
power-outage,0,777,2026-09-03T09:12:57Z,2026-09-03T09:12:58Z,2026-09-03T09:12:57Z,2026-09-03T09:12:58Z,site_b,SIM,synthetic_demo,B-WAN-1,UP,1000.0,50.8984,50.46,0.0,20.94,0.0125,0.078,0,UP,4.0,0.0,6,6,65,-60.7,27.777,8.33,0,0,0,32,0,78.0,0.0,0,0,,,,,,,,,,,,,,,,,,,,,0.0,0,,SYNTHETIC,0
power-outage,0,778,2026-09-03T09:12:58Z,2026-09-03T09:12:59Z,2026-09-03T09:12:58Z,2026-09-03T09:12:59Z,site_a,SIM,synthetic_demo,A-WAN-1,UP,1000.0,142.8418,143.04,0.0,16.28,0.1737,0.052,0,UP,4.0,0.0,48,12,45,-62.5,17.452,4.869,0,5,0,7,0,172.0,0.0,0,0,LOAD_SHED,LOAD_SHED,0,1,80.5,92.0,51.0427,50.8679,1.9492,3.81559,3.93559,3.80214,3.92214,120.0,23.7,138.813,3,54.878,,DISCHARGE,0.0,0,,SYNTHETIC,0
power-outage,0,778,2026-09-03T09:12:58Z,2026-09-03T09:12:59Z,2026-09-03T09:12:58Z,2026-09-03T09:12:59Z,site_b,SIM,synthetic_demo,B-WAN-1,UP,1000.0,53.9667,53.11,0.0,21.41,0.5042,0.113,0,UP,4.0,0.0,6,6,38,-61.5,21.705,6.369,1,0,0,32,0,69.0,0.0,0,0,,,,,,,,,,,,,,,,,,,,,0.0,0,,SYNTHETIC,0
power-outage,0,779,2026-09-03T09:12:59Z,2026-09-03T09:13:00Z,2026-09-03T09:12:59Z,2026-09-03T09:13:00Z,site_a,SIM,synthetic_demo,A-WAN-1,UP,1000.0,183.2263,183.35,0.0,16.79,0.7028,0.059,0,UP,4.0,0.0,48,12,70,-60.8,19.481,6.055,2,5,0,7,0,133.0,0.0,0,0,LOAD_SHED,LOAD_SHED,0,1,80.62,92.0,51.0425,50.8633,1.9984,3.81558,3.93558,3.80179,3.92179,120.0,23.9,142.302,3,54.769,,DISCHARGE,0.0,0,,SYNTHETIC,0
power-outage,0,779,2026-09-03T09:12:59Z,2026-09-03T09:13:00Z,2026-09-03T09:12:59Z,2026-09-03T09:13:00Z,site_b,SIM,synthetic_demo,B-WAN-1,UP,1000.0,51.0827,51.37,0.0,22.9,1.9519,0.084,0,UP,4.0,0.0,6,6,39,-62.4,22.338,6.195,0,0,0,32,0,46.0,0.0,0,0,,,,,,,,,,,,,,,,,,,,,0.0,0,,SYNTHETIC,0
power-outage,0,780,2026-09-03T09:13:00Z,2026-09-03T09:13:01Z,2026-09-03T09:13:00Z,2026-09-03T09:13:01Z,site_a,SIM,synthetic_demo,A-WAN-1,UP,1000.0,147.4616,147.74,0.0,19.62,3.1501,0.066,0,UP,4.0,0.0,48,12,48,-61.2,18.364,4.566,0,4,0,7,0,201.0,0.0,0,0,LOAD_SHED,LOAD_SHED,0,1,80.57,92.0,51.0424,50.8652,1.9749,3.81557,3.93557,3.80194,3.92194,120.0,23.8,140.632,3,54.82,,DISCHARGE,0.0,0,,SYNTHETIC,0
power-outage,0,780,2026-09-03T09:13:00Z,2026-09-03T09:13:01Z,2026-09-03T09:13:00Z,2026-09-03T09:13:01Z,site_b,SIM,synthetic_demo,B-WAN-1,UP,1000.0,86.3079,86.48,0.0,21.51,0.3766,0.125,0,UP,4.0,0.0,6,6,75,-61.5,30.532,9.062,0,0,0,32,0,67.0,0.0,0,0,,,,,,,,,,,,,,,,,,,,,0.0,0,,SYNTHETIC,0
power-outage,0,781,2026-09-03T09:13:01Z,2026-09-03T09:13:02Z,2026-09-03T09:13:01Z,2026-09-03T09:13:02Z,site_a,SIM,synthetic_demo,A-WAN-1,UP,1000.0,100.7458,100.6,0.0,16.25,0.0514,0.041,0,UP,4.0,0.0,48,12,60,-62.3,17.664,5.438,0,5,0,7,0,142.0,0.0,0,0,LOAD_SHED,LOAD_SHED,0,1,80.66,92.0,51.0422,50.8647,1.9787,3.81555,3.93555,3.8019,3.9219,120.0,23.8,140.905,3,54.811,,DISCHARGE,0.0,0,,SYNTHETIC,0
power-outage,0,781,2026-09-03T09:13:01Z,2026-09-03T09:13:02Z,2026-09-03T09:13:01Z,2026-09-03T09:13:02Z,site_b,SIM,synthetic_demo,B-WAN-1,UP,1000.0,56.3368,56.25,0.0,23.04,1.7511,0.113,0,UP,4.0,0.0,6,6,46,-60.6,20.651,6.537,0,0,0,32,0,30.0,0.0,0,0,,,,,,,,,,,,,,,,,,,,,0.0,0,,SYNTHETIC,0
power-outage,0,782,2026-09-03T09:13:02Z,2026-09-03T09:13:03Z,2026-09-03T09:13:02Z,2026-09-03T09:13:03Z,site_a,SIM,synthetic_demo,A-WAN-1,UP,1000.0,134.0024,134.55,0.0,15.97,1.1894,0.09,0,UP,4.0,0.0,48,12,65,-62.0,20.428,5.842,0,5,0,7,0,146.0,0.0,0,0,LOAD_SHED,LOAD_SHED,0,1,80.64,92.0,51.042,50.8633,1.9932,3.81554,3.93554,3.80179,3.92179,120.0,23.8,141.931,3,54.778,,DISCHARGE,0.0,0,,SYNTHETIC,0
power-outage,0,782,2026-09-03T09:13:02Z,2026-09-03T09:13:03Z,2026-09-03T09:13:02Z,2026-09-03T09:13:03Z,site_b,SIM,synthetic_demo,B-WAN-1,UP,1000.0,80.6329,80.43,0.0,21.35,0.9056,0.123,0,UP,4.0,0.0,6,6,69,-63.6,26.957,9.341,0,0,0,32,0,60.0,0.0,0,0,,,,,,,,,,,,,,,,,,,,,0.0,0,,SYNTHETIC,0
power-outage,0,783,2026-09-03T09:13:03Z,2026-09-03T09:13:04Z,2026-09-03T09:13:03Z,2026-09-03T09:13:04Z,site_a,SIM,synthetic_demo,A-WAN-1,UP,1000.0,106.1629,106.2,0.0,19.49,3.8075,0.082,0,UP,4.0,0.0,48,12,51,-61.8,16.146,5.597,0,5,0,7,0,150.0,0.0,0,0,LOAD_SHED,LOAD_SHED,0,1,80.53,92.0,51.0419,50.858,2.0503,3.81553,3.93553,3.80138,3.92138,120.0,23.8,145.983,3,54.652,,DISCHARGE,0.0,0,,SYNTHETIC,0
power-outage,0,783,2026-09-03T09:13:03Z,2026-09-03T09:13:04Z,2026-09-03T09:13:03Z,2026-09-03T09:13:04Z,site_b,SIM,synthetic_demo,B-WAN-1,UP,1000.0,68.7391,68.29,0.0,21.72,0.6375,0.116,0,UP,4.0,0.0,6,6,58,-61.0,26.636,7.296,0,0,0,32,0,64.0,0.0,0,0,,,,,,,,,,,,,,,,,,,,,0.0,0,,SYNTHETIC,0
power-outage,0,784,2026-09-03T09:13:04Z,2026-09-03T09:13:05Z,2026-09-03T09:13:04Z,2026-09-03T09:13:05Z,site_a,SIM,synthetic_demo,A-WAN-1,UP,1000.0,95.0046,94.79,0.0,17.88,1.7021,0.096,0,UP,4.0,0.0,48,12,77,-61.5,19.508,6.154,0,4,0,7,0,104.0,0.0,0,0,LOAD_SHED,LOAD_SHED,0,1,80.6,92.0,51.0417,50.8623,1.9999,3.81552,3.93552,3.80172,3.92172,120.0,23.6,142.405,3,54.762,,DISCHARGE,0.0,0,,SYNTHETIC,0
power-outage,0,784,2026-09-03T09:13:04Z,2026-09-03T09:13:05Z,2026-09-03T09:13:04Z,2026-09-03T09:13:05Z,site_b,SIM,synthetic_demo,B-WAN-1,UP,1000.0,78.2312,78.68,0.0,23.09,2.1847,0.078,0,UP,4.0,0.0,6,6,59,-62.9,26.237,8.711,1,2,0,32,0,52.0,0.0,0,0,,,,,,,,,,,,,,,,,,,,,0.0,0,,SYNTHETIC,0
power-outage,0,785,2026-09-03T09:13:05Z,2026-09-03T09:13:06Z,2026-09-03T09:13:05Z,2026-09-03T09:13:06Z,site_a,SIM,synthetic_demo,A-WAN-1,UP,1000.0,120.3408,121.05,0.0,20.17,3.8495,0.078,0,UP,4.0,0.0,48,12,47,-62.8,15.852,5.459,1,5,0,7,0,94.0,0.0,0,0,LOAD_SHED,LOAD_SHED,0,1,80.57,92.0,51.0415,50.8619,2.0027,3.8155,3.9355,3.80168,3.92168,120.0,23.7,142.604,3,54.755,,DISCHARGE,0.0,0,,SYNTHETIC,0
power-outage,0,785,2026-09-03T09:13:05Z,2026-09-03T09:13:06Z,2026-09-03T09:13:05Z,2026-09-03T09:13:06Z,site_b,SIM,synthetic_demo,B-WAN-1,UP,1000.0,83.3899,83.99,0.0,22.14,1.7609,0.109,0,UP,4.0,0.0,6,6,57,-61.9,24.749,7.988,0,0,0,32,0,101.0,0.0,0,0,,,,,,,,,,,,,,,,,,,,,0.0,0,,SYNTHETIC,0
power-outage,0,786,2026-09-03T09:13:06Z,2026-09-03T09:13:07Z,2026-09-03T09:13:06Z,2026-09-03T09:13:07Z,site_a,SIM,synthetic_demo,A-WAN-1,UP,1000.0,100.3686,100.27,0.0,18.63,1.7277,0.094,0,UP,4.0,0.0,48,12,70,-61.7,21.084,6.214,0,6,0,7,0,133.0,0.0,0,0,LOAD_SHED,LOAD_SHED,0,1,80.61,92.0,51.0414,50.8594,2.0283,3.81549,3.93549,3.80149,3.92149,120.0,23.9,144.417,3,54.698,,DISCHARGE,0.0,0,,SYNTHETIC,0
power-outage,0,786,2026-09-03T09:13:06Z,2026-09-03T09:13:07Z,2026-09-03T09:13:06Z,2026-09-03T09:13:07Z,site_b,SIM,synthetic_demo,B-WAN-1,UP,1000.0,70.4635,70.11,0.0,21.64,1.0222,0.045,0,UP,4.0,0.0,6,6,42,-63.2,21.357,6.72,0,0,0,32,0,62.0,0.0,0,0,,,,,,,,,,,,,,,,,,,,,0.0,0,,SYNTHETIC,0
power-outage,0,787,2026-09-03T09:13:07Z,2026-09-03T09:13:08Z,2026-09-03T09:13:07Z,2026-09-03T09:13:08Z,site_a,SIM,synthetic_demo,A-WAN-1,UP,1000.0,106.5767,106.66,0.0,16.75,0.5905,0.089,0,UP,4.0,0.0,48,12,50,-62.7,18.18,5.288,0,5,0,7,0,154.0,0.0,0,0,LOAD_SHED,LOAD_SHED,0,1,80.64,92.0,51.0412,50.86,2.0202,3.81548,3.93548,3.80154,3.92154,120.0,23.7,143.842,3,54.715,,DISCHARGE,0.0,0,,SYNTHETIC,0
power-outage,0,787,2026-09-03T09:13:07Z,2026-09-03T09:13:08Z,2026-09-03T09:13:07Z,2026-09-03T09:13:08Z,site_b,SIM,synthetic_demo,B-WAN-1,UP,1000.0,100.2119,100.03,0.0,21.37,0.2626,0.109,0,UP,4.0,0.0,6,6,60,-60.6,25.321,8.116,0,0,0,32,0,58.0,0.0,0,0,,,,,,,,,,,,,,,,,,,,,0.0,0,,SYNTHETIC,0
power-outage,0,788,2026-09-03T09:13:08Z,2026-09-03T09:13:09Z,2026-09-03T09:13:08Z,2026-09-03T09:13:09Z,site_a,SIM,synthetic_demo,A-WAN-1,UP,1000.0,98.7692,98.15,0.0,19.1,3.1133,0.065,0,UP,4.0,0.0,48,12,40,-61.8,17.13,4.531,0,4,0,7,0,154.0,0.0,0,0,LOAD_SHED,LOAD_SHED,0,1,80.57,92.0,51.041,50.86,2.0183,3.81546,3.93546,3.80154,3.92154,120.0,23.8,143.711,3,54.718,,DISCHARGE,0.0,0,,SYNTHETIC,0
power-outage,0,788,2026-09-03T09:13:08Z,2026-09-03T09:13:09Z,2026-09-03T09:13:08Z,2026-09-03T09:13:09Z,site_b,SIM,synthetic_demo,B-WAN-1,UP,1000.0,67.594,68.0,0.0,24.44,3.1429,0.125,0,UP,4.0,0.0,6,6,51,-59.5,23.948,7.117,0,0,0,32,0,27.0,0.0,0,0,,,,,,,,,,,,,,,,,,,,,0.0,0,,SYNTHETIC,0
power-outage,0,789,2026-09-03T09:13:09Z,2026-09-03T09:13:10Z,2026-09-03T09:13:09Z,2026-09-03T09:13:10Z,site_a,SIM,synthetic_demo,A-WAN-1,UP,1000.0,126.0118,126.31,0.0,17.76,2.2435,0.113,0,UP,4.0,0.0,48,12,87,-63.7,23.559,6.888,0,5,0,7,0,122.0,0.0,0,0,LOAD_SHED,LOAD_SHED,0,1,80.56,92.0,51.0409,50.8639,1.9725,3.81545,3.93545,3.80184,3.92184,120.0,23.8,140.461,3,54.817,,DISCHARGE,0.0,0,,SYNTHETIC,0
power-outage,0,789,2026-09-03T09:13:09Z,2026-09-03T09:13:10Z,2026-09-03T09:13:09Z,2026-09-03T09:13:10Z,site_b,SIM,synthetic_demo,B-WAN-1,UP,1000.0,82.4177,81.01,0.0,20.9,0.6403,0.106,0,UP,4.0,0.0,6,6,67,-59.7,28.753,7.885,0,2,0,32,0,75.0,0.0,0,0,,,,,,,,,,,,,,,,,,,,,0.0,0,,SYNTHETIC,0
power-outage,0,790,2026-09-03T09:13:10Z,2026-09-03T09:13:11Z,2026-09-03T09:13:10Z,2026-09-03T09:13:11Z,site_a,SIM,synthetic_demo,A-WAN-1,UP,1000.0,203.2032,203.48,0.0,16.46,1.8264,0.118,0,UP,4.0,0.0,48,48,244,-61.2,18.353,5.821,1,2,0,7,0,121.0,0.0,0,0,LOAD_SHED,BATTERY,0,1,80.58,92.0,51.0407,50.8621,1.9906,3.81544,3.93544,3.8017,3.9217,120.0,23.8,141.743,,685.465,,DISCHARGE,0.0,0,,SYNTHETIC,0
power-outage,0,790,2026-09-03T09:13:10Z,2026-09-03T09:13:11Z,2026-09-03T09:13:10Z,2026-09-03T09:13:11Z,site_b,SIM,synthetic_demo,B-WAN-1,UP,1000.0,75.2274,75.11,0.0,22.74,2.0735,0.088,0,UP,4.0,0.0,6,6,57,-60.1,25.664,7.2,0,1,0,32,0,66.0,0.0,0,0,,,,,,,,,,,,,,,,,,,,,0.0,0,,SYNTHETIC,0
power-outage,0,791,2026-09-03T09:13:11Z,2026-09-03T09:13:12Z,2026-09-03T09:13:11Z,2026-09-03T09:13:12Z,site_a,SIM,synthetic_demo,A-WAN-1,UP,1000.0,101.8948,102.71,0.0,17.58,1.3031,0.067,0,UP,4.0,0.0,48,48,162,-61.0,16.6,5.094,0,3,0,7,0,92.0,0.0,0,0,BATTERY,BATTERY,0,1,80.63,92.0,51.0387,48.704,26.0287,3.81529,3.93529,3.63569,3.75569,120.0,23.7,1774.566,,54.751,OCP_DSG,DISCHARGE,0.0,0,,SYNTHETIC,0
power-outage,0,791,2026-09-03T09:13:11Z,2026-09-03T09:13:12Z,2026-09-03T09:13:11Z,2026-09-03T09:13:12Z,site_b,SIM,synthetic_demo,B-WAN-1,UP,1000.0,92.4463,92.52,0.0,25.34,3.8857,0.07,0,UP,4.0,0.0,6,6,53,-61.0,23.313,7.031,0,2,0,32,0,51.0,0.0,0,0,,,,,,,,,,,,,,,,,,,,,0.0,0,,SYNTHETIC,0
power-outage,0,792,2026-09-03T09:13:12Z,2026-09-03T09:13:13Z,2026-09-03T09:13:12Z,2026-09-03T09:13:13Z,site_a,SIM,synthetic_demo,A-WAN-1,UP,1000.0,166.7587,166.88,0.0,16.79,0.82,0.097,0,UP,4.0,0.0,48,12,35,-61.0,15.257,4.588,1,4,0,7,0,159.0,0.0,0,0,BATTERY,LOAD_SHED,0,1,80.6,92.0,51.0386,50.8532,2.0667,3.81527,3.93527,3.80101,3.92101,120.0,23.8,147.137,3,54.599,,DISCHARGE,0.0,0,,SYNTHETIC,0
power-outage,0,792,2026-09-03T09:13:12Z,2026-09-03T09:13:13Z,2026-09-03T09:13:12Z,2026-09-03T09:13:13Z,site_b,SIM,synthetic_demo,B-WAN-1,UP,1000.0,79.2061,78.4,0.0,20.2,0.1273,0.094,0,UP,4.0,0.0,6,6,53,-62.5,24.647,7.359,0,0,0,32,0,66.0,0.0,0,0,,,,,,,,,,,,,,,,,,,,,0.0,0,,SYNTHETIC,0
power-outage,0,793,2026-09-03T09:13:13Z,2026-09-03T09:13:14Z,2026-09-03T09:13:13Z,2026-09-03T09:13:14Z,site_a,SIM,synthetic_demo,A-WAN-1,UP,1000.0,112.0976,111.37,0.0,18.79,2.3654,0.081,0,UP,4.0,0.0,48,12,45,-62.2,17.498,4.902,0,3,0,7,0,162.0,0.0,0,0,LOAD_SHED,LOAD_SHED,0,1,80.57,92.0,51.0384,50.8568,2.0238,3.81526,3.93526,3.8013,3.9213,120.0,23.9,144.091,3,54.692,,DISCHARGE,0.0,0,,SYNTHETIC,0
power-outage,0,793,2026-09-03T09:13:13Z,2026-09-03T09:13:14Z,2026-09-03T09:13:13Z,2026-09-03T09:13:14Z,site_b,SIM,synthetic_demo,B-WAN-1,UP,1000.0,89.0434,89.67,0.0,21.78,0.8826,0.109,0,UP,4.0,0.0,6,6,57,-61.0,26.902,8.061,0,0,0,32,0,75.0,0.0,0,0,,,,,,,,,,,,,,,,,,,,,0.0,0,,SYNTHETIC,0
power-outage,0,794,2026-09-03T09:13:14Z,2026-09-03T09:13:15Z,2026-09-03T09:13:14Z,2026-09-03T09:13:15Z,site_a,SIM,synthetic_demo,A-WAN-1,UP,1000.0,131.7975,131.84,0.0,16.46,0.9139,0.085,0,UP,4.0,0.0,48,12,99,-63.0,22.355,7.412,0,3,0,7,0,108.0,0.0,0,0,LOAD_SHED,LOAD_SHED,0,1,80.65,92.0,51.0382,50.8577,2.0126,3.81525,3.93525,3.80136,3.92136,120.0,23.9,143.299,3,54.715,,DISCHARGE,0.0,0,,SYNTHETIC,0
power-outage,0,794,2026-09-03T09:13:14Z,2026-09-03T09:13:15Z,2026-09-03T09:13:14Z,2026-09-03T09:13:15Z,site_b,SIM,synthetic_demo,B-WAN-1,UP,1000.0,81.8466,82.04,0.0,23.1,2.0755,0.124,0,UP,4.0,0.0,6,6,34,-63.1,19.841,6.832,0,0,0,32,0,62.0,0.0,0,0,,,,,,,,,,,,,,,,,,,,,0.0,0,,SYNTHETIC,0
power-outage,0,795,2026-09-03T09:13:15Z,2026-09-03T09:13:16Z,2026-09-03T09:13:15Z,2026-09-03T09:13:16Z,site_a,SIM,synthetic_demo,A-WAN-1,UP,1000.0,101.2028,101.45,0.0,15.81,0.0175,0.064,0,UP,4.0,0.0,48,12,81,-62.0,22.282,6.637,0,5,0,7,0,146.0,0.0,0,0,LOAD_SHED,LOAD_SHED,0,1,80.61,92.0,51.038,50.8535,2.0576,3.81523,3.93523,3.80104,3.92104,120.0,23.9,146.49,3,54.616,,DISCHARGE,0.0,0,,SYNTHETIC,0
power-outage,0,795,2026-09-03T09:13:15Z,2026-09-03T09:13:16Z,2026-09-03T09:13:15Z,2026-09-03T09:13:16Z,site_b,SIM,synthetic_demo,B-WAN-1,UP,1000.0,82.7062,82.58,0.0,23.13,2.5858,0.081,0,UP,4.0,0.0,6,6,37,-63.5,21.665,6.16,0,0,0,32,0,76.0,0.0,0,0,,,,,,,,,,,,,,,,,,,,,0.0,0,,SYNTHETIC,0
power-outage,0,796,2026-09-03T09:13:16Z,2026-09-03T09:13:17Z,2026-09-03T09:13:16Z,2026-09-03T09:13:17Z,site_a,SIM,synthetic_demo,A-WAN-1,UP,1000.0,149.8744,149.39,0.0,18.92,2.6606,0.077,0,UP,4.0,0.0,48,12,60,-61.7,19.009,5.739,1,3,0,7,0,153.0,0.0,0,0,LOAD_SHED,LOAD_SHED,0,1,80.55,92.0,51.0379,50.8577,2.0085,3.81522,3.93522,3.80136,3.92136,120.0,23.8,143.005,3,54.723,,DISCHARGE,0.0,0,,SYNTHETIC,0
power-outage,0,796,2026-09-03T09:13:16Z,2026-09-03T09:13:17Z,2026-09-03T09:13:16Z,2026-09-03T09:13:17Z,site_b,SIM,synthetic_demo,B-WAN-1,UP,1000.0,81.2737,81.6,0.0,23.83,2.6206,0.116,0,UP,4.0,0.0,6,6,39,-61.2,20.519,6.062,0,0,0,32,0,67.0,0.0,0,0,,,,,,,,,,,,,,,,,,,,,0.0,0,,SYNTHETIC,0
power-outage,0,797,2026-09-03T09:13:17Z,2026-09-03T09:13:18Z,2026-09-03T09:13:17Z,2026-09-03T09:13:18Z,site_a,SIM,synthetic_demo,A-WAN-1,UP,1000.0,113.3524,113.84,0.0,17.1,0.8401,0.091,0,UP,4.0,0.0,48,12,101,-63.2,22.736,7.701,0,3,0,7,0,98.0,0.0,0,0,LOAD_SHED,LOAD_SHED,0,1,80.58,92.0,51.0377,50.8612,1.9678,3.81521,3.93521,3.80163,3.92163,120.0,23.8,140.115,3,54.811,,DISCHARGE,0.0,0,,SYNTHETIC,0
power-outage,0,797,2026-09-03T09:13:17Z,2026-09-03T09:13:18Z,2026-09-03T09:13:17Z,2026-09-03T09:13:18Z,site_b,SIM,synthetic_demo,B-WAN-1,UP,1000.0,88.6658,88.24,0.0,22.12,0.9706,0.111,0,UP,4.0,0.0,6,6,38,-61.1,21.185,6.096,0,0,0,32,0,36.0,0.0,0,0,,,,,,,,,,,,,,,,,,,,,0.0,0,,SYNTHETIC,0
power-outage,0,798,2026-09-03T09:13:18Z,2026-09-03T09:13:19Z,2026-09-03T09:13:18Z,2026-09-03T09:13:19Z,site_a,SIM,synthetic_demo,A-WAN-1,UP,1000.0,163.086,162.42,0.0,17.97,1.321,0.113,0,UP,4.0,0.0,48,12,62,-62.7,19.951,5.983,0,4,0,7,0,161.0,0.0,0,0,LOAD_SHED,LOAD_SHED,0,1,80.52,92.0,51.0375,50.8515,2.0743,3.81519,3.93519,3.80088,3.92088,120.0,23.8,147.672,3,54.577,,DISCHARGE,0.0,0,,SYNTHETIC,0
power-outage,0,798,2026-09-03T09:13:18Z,2026-09-03T09:13:19Z,2026-09-03T09:13:18Z,2026-09-03T09:13:19Z,site_b,SIM,synthetic_demo,B-WAN-1,UP,1000.0,79.359,78.11,0.0,22.42,1.6763,0.119,0,UP,4.0,0.0,6,6,27,-64.1,19.744,5.903,0,0,0,32,0,48.0,0.0,0,0,,,,,,,,,,,,,,,,,,,,,0.0,0,,SYNTHETIC,0
power-outage,0,799,2026-09-03T09:13:19Z,2026-09-03T09:13:20Z,2026-09-03T09:13:19Z,2026-09-03T09:13:20Z,site_a,SIM,synthetic_demo,A-WAN-1,UP,1000.0,99.1918,99.59,0.0,18.58,2.8696,0.113,0,UP,4.0,0.0,48,12,38,-62.8,17.127,4.671,1,4,0,7,0,112.0,0.0,0,0,LOAD_SHED,LOAD_SHED,0,1,80.48,92.0,51.0374,50.8559,2.023,3.81518,3.93518,3.80122,3.92122,120.0,23.8,144.031,3,54.688,,DISCHARGE,0.0,0,,SYNTHETIC,0
power-outage,0,799,2026-09-03T09:13:19Z,2026-09-03T09:13:20Z,2026-09-03T09:13:19Z,2026-09-03T09:13:20Z,site_b,SIM,synthetic_demo,B-WAN-1,UP,1000.0,81.5707,82.46,0.0,21.44,0.186,0.101,0,UP,4.0,0.0,6,6,24,-60.0,18.749,4.765,0,0,0,32,0,62.0,0.0,0,0,,,,,,,,,,,,,,,,,,,,,0.0,0,,SYNTHETIC,0
power-outage,0,800,2026-09-03T09:13:20Z,2026-09-03T09:13:21Z,2026-09-03T09:13:20Z,2026-09-03T09:13:21Z,site_a,SIM,synthetic_demo,A-WAN-1,UP,1000.0,166.0712,166.75,0.0,17.12,1.249,0.107,0,UP,4.0,0.0,48,12,76,-61.7,20.866,6.314,0,3,0,7,0,162.0,0.0,0,0,LOAD_SHED,LOAD_SHED,0,1,80.6,92.0,51.0372,50.8577,2.0011,3.81517,3.93517,3.80136,3.92136,120.0,23.9,142.477,3,54.735,,DISCHARGE,0.0,0,,SYNTHETIC,0
power-outage,0,800,2026-09-03T09:13:20Z,2026-09-03T09:13:21Z,2026-09-03T09:13:20Z,2026-09-03T09:13:21Z,site_b,SIM,synthetic_demo,B-WAN-1,UP,1000.0,77.6263,77.84,0.0,21.05,0.4524,0.094,0,UP,4.0,0.0,6,6,23,-61.8,17.562,4.941,0,0,0,32,0,60.0,0.0,0,0,,,,,,,,,,,,,,,,,,,,,0.0,0,,SYNTHETIC,0
power-outage,0,801,2026-09-03T09:13:21Z,2026-09-03T09:13:22Z,2026-09-03T09:13:21Z,2026-09-03T09:13:22Z,site_a,SIM,synthetic_demo,A-WAN-1,UP,1000.0,100.4382,101.36,0.0,17.83,1.2264,0.069,0,UP,4.0,0.0,48,12,52,-62.4,17.409,5.001,0,5,0,7,0,137.0,0.0,0,0,LOAD_SHED,LOAD_SHED,0,1,80.65,92.0,51.037,50.8595,1.9792,3.81516,3.93516,3.8015,3.9215,120.0,23.7,140.924,3,54.782,,DISCHARGE,0.0,0,,SYNTHETIC,0
power-outage,0,801,2026-09-03T09:13:21Z,2026-09-03T09:13:22Z,2026-09-03T09:13:21Z,2026-09-03T09:13:22Z,site_b,SIM,synthetic_demo,B-WAN-1,UP,1000.0,63.3628,62.69,0.0,22.05,1.459,0.115,0,UP,4.0,0.0,6,6,56,-64.2,24.799,7.92,0,0,0,32,0,40.0,0.0,0,0,,,,,,,,,,,,,,,,,,,,,0.0,0,,SYNTHETIC,0
power-outage,0,802,2026-09-03T09:13:22Z,2026-09-03T09:13:23Z,2026-09-03T09:13:22Z,2026-09-03T09:13:23Z,site_a,SIM,synthetic_demo,A-WAN-1,UP,1000.0,105.6999,106.22,0.0,17.06,0.743,0.099,0,UP,4.0,0.0,48,12,76,-62.7,20.827,6.101,0,4,0,7,0,156.0,0.0,0,0,LOAD_SHED,LOAD_SHED,0,1,80.55,92.0,51.0368,50.8578,1.9959,3.81514,3.93514,3.80137,3.92137,120.0,23.9,142.108,3,54.745,,DISCHARGE,0.0,0,,SYNTHETIC,0
power-outage,0,802,2026-09-03T09:13:22Z,2026-09-03T09:13:23Z,2026-09-03T09:13:22Z,2026-09-03T09:13:23Z,site_b,SIM,synthetic_demo,B-WAN-1,UP,1000.0,61.473,61.45,0.0,22.66,1.0271,0.113,0,UP,4.0,0.0,6,6,38,-61.7,20.666,6.107,0,0,0,32,0,52.0,0.0,0,0,,,,,,,,,,,,,,,,,,,,,0.0,0,,SYNTHETIC,0
power-outage,0,803,2026-09-03T09:13:23Z,2026-09-03T09:13:24Z,2026-09-03T09:13:23Z,2026-09-03T09:13:24Z,site_a,SIM,synthetic_demo,A-WAN-1,UP,1000.0,127.5037,127.2,0.0,17.54,1.1593,0.066,0,UP,4.0,0.0,48,12,40,-62.0,16.298,4.686,0,3,0,7,0,160.0,0.0,0,0,LOAD_SHED,LOAD_SHED,0,1,80.63,92.0,51.0367,50.8614,1.954,3.81513,3.93513,3.80165,3.92165,120.0,23.8,139.135,3,54.836,,DISCHARGE,0.0,0,,SYNTHETIC,0
power-outage,0,803,2026-09-03T09:13:23Z,2026-09-03T09:13:24Z,2026-09-03T09:13:23Z,2026-09-03T09:13:24Z,site_b,SIM,synthetic_demo,B-WAN-1,UP,1000.0,65.0756,65.78,0.0,24.65,3.6557,0.097,0,UP,4.0,0.0,6,6,49,-64.0,24.866,7.232,0,0,0,32,0,46.0,0.0,0,0,,,,,,,,,,,,,,,,,,,,,0.0,0,,SYNTHETIC,0
power-outage,0,804,2026-09-03T09:13:24Z,2026-09-03T09:13:25Z,2026-09-03T09:13:24Z,2026-09-03T09:13:25Z,site_a,SIM,synthetic_demo,A-WAN-1,UP,1000.0,118.6224,119.62,0.0,17.5,1.1594,0.088,0,UP,4.0,0.0,48,12,56,-61.7,17.825,5.578,0,3,0,7,0,147.0,0.0,0,0,LOAD_SHED,LOAD_SHED,0,1,80.54,92.0,51.0365,50.8598,1.9699,3.81512,3.93512,3.80152,3.92152,120.0,23.9,140.266,3,54.8,,DISCHARGE,0.0,0,,SYNTHETIC,0
power-outage,0,804,2026-09-03T09:13:24Z,2026-09-03T09:13:25Z,2026-09-03T09:13:24Z,2026-09-03T09:13:25Z,site_b,SIM,synthetic_demo,B-WAN-1,UP,1000.0,69.7943,69.19,0.0,22.09,0.7889,0.12,0,UP,4.0,0.0,6,6,60,-63.4,25.005,7.957,0,1,0,32,0,86.0,0.0,0,0,,,,,,,,,,,,,,,,,,,,,0.0,0,,SYNTHETIC,0
power-outage,0,805,2026-09-03T09:13:25Z,2026-09-03T09:13:26Z,2026-09-03T09:13:25Z,2026-09-03T09:13:26Z,site_a,SIM,synthetic_demo,A-WAN-1,UP,1000.0,238.0929,237.83,0.0,17.14,1.3676,0.06,0,UP,4.0,0.0,48,12,33,-62.9,16.554,4.657,0,4,0,7,0,187.0,0.0,0,0,LOAD_SHED,LOAD_SHED,0,1,80.57,92.0,51.0364,50.8602,1.9634,3.8151,3.9351,3.80156,3.92156,120.0,23.7,139.802,3,54.814,,DISCHARGE,0.0,0,,SYNTHETIC,0
power-outage,0,805,2026-09-03T09:13:25Z,2026-09-03T09:13:26Z,2026-09-03T09:13:25Z,2026-09-03T09:13:26Z,site_b,SIM,synthetic_demo,B-WAN-1,UP,1000.0,75.402,75.76,0.0,23.69,2.577,0.089,0,UP,4.0,0.0,6,6,27,-60.2,18.47,5.728,0,0,0,32,0,42.0,0.0,0,0,,,,,,,,,,,,,,,,,,,,,0.0,0,,SYNTHETIC,0
power-outage,0,806,2026-09-03T09:13:26Z,2026-09-03T09:13:27Z,2026-09-03T09:13:26Z,2026-09-03T09:13:27Z,site_a,SIM,synthetic_demo,A-WAN-1,UP,1000.0,101.4875,101.15,0.0,15.89,0.2393,0.08,0,UP,4.0,0.0,48,12,60,-61.1,18.509,5.717,0,3,0,7,0,123.0,0.0,0,0,LOAD_SHED,LOAD_SHED,0,1,80.49,92.0,51.0362,50.8549,2.0205,3.81509,3.93509,3.80115,3.92115,120.0,23.9,143.852,3,54.688,,DISCHARGE,0.0,0,,SYNTHETIC,0
power-outage,0,806,2026-09-03T09:13:26Z,2026-09-03T09:13:27Z,2026-09-03T09:13:26Z,2026-09-03T09:13:27Z,site_b,SIM,synthetic_demo,B-WAN-1,UP,1000.0,72.6031,71.99,0.0,21.41,0.9016,0.089,0,UP,4.0,0.0,6,6,27,-61.4,18.828,5.134,0,0,0,32,0,64.0,0.0,0,0,,,,,,,,,,,,,,,,,,,,,0.0,0,,SYNTHETIC,0
power-outage,0,807,2026-09-03T09:13:27Z,2026-09-03T09:13:28Z,2026-09-03T09:13:27Z,2026-09-03T09:13:28Z,site_a,SIM,synthetic_demo,A-WAN-1,UP,1000.0,144.9519,145.83,0.0,16.48,1.4968,0.065,0,UP,4.0,0.0,48,48,155,-61.6,17.061,4.852,0,3,0,7,0,192.0,0.0,0,0,LOAD_SHED,BATTERY,0,1,80.47,92.0,51.036,50.8528,2.0424,3.81508,3.93508,3.80098,3.92098,120.0,23.8,145.408,,667.886,,DISCHARGE,0.0,0,,SYNTHETIC,0
power-outage,0,807,2026-09-03T09:13:27Z,2026-09-03T09:13:28Z,2026-09-03T09:13:27Z,2026-09-03T09:13:28Z,site_b,SIM,synthetic_demo,B-WAN-1,UP,1000.0,62.3783,62.61,0.0,20.21,0.1326,0.091,0,UP,4.0,0.0,6,6,78,-64.6,30.058,9.845,0,1,0,32,0,63.0,0.0,0,0,,,,,,,,,,,,,,,,,,,,,0.0,0,,SYNTHETIC,0
power-outage,0,808,2026-09-03T09:13:28Z,2026-09-03T09:13:29Z,2026-09-03T09:13:28Z,2026-09-03T09:13:29Z,site_a,SIM,synthetic_demo,A-WAN-1,UP,1000.0,129.2191,130.26,0.0,16.9,0.831,0.064,0,UP,4.0,0.0,48,48,141,-61.1,16.272,4.691,1,3,0,7,0,192.0,0.0,0,0,BATTERY,BATTERY,0,1,80.51,92.0,51.034,48.6966,26.058,3.81493,3.93493,3.63513,3.75513,120.0,23.7,1776.301,,54.672,OCP_DSG,DISCHARGE,0.0,0,,SYNTHETIC,0
power-outage,0,808,2026-09-03T09:13:28Z,2026-09-03T09:13:29Z,2026-09-03T09:13:28Z,2026-09-03T09:13:29Z,site_b,SIM,synthetic_demo,B-WAN-1,UP,1000.0,77.172,76.69,0.0,20.33,0.2348,0.104,0,UP,4.0,0.0,6,6,39,-61.1,22.31,6.287,0,0,0,32,0,52.0,0.0,0,0,,,,,,,,,,,,,,,,,,,,,0.0,0,,SYNTHETIC,0
power-outage,0,809,2026-09-03T09:13:29Z,2026-09-03T09:13:30Z,2026-09-03T09:13:29Z,2026-09-03T09:13:30Z,site_a,SIM,synthetic_demo,A-WAN-1,UP,1000.0,143.938,144.99,0.0,18.35,2.1519,0.064,0,UP,4.0,0.0,48,12,46,-62.2,17.377,5.298,1,3,0,7,0,123.0,0.0,0,0,BATTERY,LOAD_SHED,0,1,80.5,92.0,51.0339,50.8562,1.9809,3.81491,3.93491,3.80125,3.92125,120.0,23.9,141.035,3,54.762,,DISCHARGE,0.0,0,,SYNTHETIC,0
power-outage,0,809,2026-09-03T09:13:29Z,2026-09-03T09:13:30Z,2026-09-03T09:13:29Z,2026-09-03T09:13:30Z,site_b,SIM,synthetic_demo,B-WAN-1,UP,1000.0,62.8679,62.99,0.0,22.1,1.15,0.119,0,UP,4.0,0.0,6,6,29,-61.7,19.735,5.122,0,0,0,32,0,59.0,0.0,0,0,,,,,,,,,,,,,,,,,,,,,0.0,0,,SYNTHETIC,0
power-outage,0,810,2026-09-03T09:13:30Z,2026-09-03T09:13:31Z,2026-09-03T09:13:30Z,2026-09-03T09:13:31Z,site_a,SIM,synthetic_demo,A-WAN-1,UP,1000.0,138.4969,140.1,0.0,17.18,1.0427,0.094,0,UP,4.0,0.0,48,12,38,-62.4,16.78,4.332,0,5,0,7,0,151.0,0.0,0,0,LOAD_SHED,LOAD_SHED,0,1,80.57,92.0,51.0337,50.8548,1.9943,3.8149,3.9349,3.80114,3.92114,120.0,23.9,141.983,3,54.732,,DISCHARGE,0.0,0,,SYNTHETIC,0
power-outage,0,810,2026-09-03T09:13:30Z,2026-09-03T09:13:31Z,2026-09-03T09:13:30Z,2026-09-03T09:13:31Z,site_b,SIM,synthetic_demo,B-WAN-1,UP,1000.0,139.9544,139.44,0.0,20.88,0.1974,0.081,0,UP,4.0,0.0,6,6,21,-63.6,17.058,5.214,0,0,0,32,0,66.0,0.0,0,0,,,,,,,,,,,,,,,,,,,,,0.0,0,,SYNTHETIC,0
power-outage,0,811,2026-09-03T09:13:31Z,2026-09-03T09:13:32Z,2026-09-03T09:13:31Z,2026-09-03T09:13:32Z,site_a,SIM,synthetic_demo,A-WAN-1,UP,1000.0,103.0659,103.25,0.0,17.18,1.3641,0.073,0,UP,4.0,0.0,48,12,64,-60.9,20.735,5.608,0,5,0,7,0,105.0,0.0,0,0,LOAD_SHED,LOAD_SHED,0,1,80.6,92.0,51.0335,50.8477,2.0713,3.81489,3.93489,3.8006,3.9206,120.0,23.8,147.45,3,54.563,,DISCHARGE,0.0,0,,SYNTHETIC,0
power-outage,0,811,2026-09-03T09:13:31Z,2026-09-03T09:13:32Z,2026-09-03T09:13:31Z,2026-09-03T09:13:32Z,site_b,SIM,synthetic_demo,B-WAN-1,UP,1000.0,69.4656,69.02,0.0,21.69,1.0396,0.106,0,UP,4.0,0.0,6,6,63,-65.6,25.189,9.239,0,1,0,32,0,39.0,0.0,0,0,,,,,,,,,,,,,,,,,,,,,0.0,0,,SYNTHETIC,0
power-outage,0,812,2026-09-03T09:13:32Z,2026-09-03T09:13:33Z,2026-09-03T09:13:32Z,2026-09-03T09:13:33Z,site_a,SIM,synthetic_demo,A-WAN-1,UP,1000.0,205.1435,205.31,0.0,16.71,0.7884,0.083,0,UP,4.0,0.0,48,12,87,-62.7,21.79,6.698,0,6,0,7,0,197.0,0.0,0,0,LOAD_SHED,LOAD_SHED,0,1,80.59,92.0,51.0334,50.8496,2.0483,3.81487,3.93487,3.80074,3.92074,120.0,23.7,145.816,3,54.612,,DISCHARGE,0.0,0,,SYNTHETIC,0
power-outage,0,812,2026-09-03T09:13:32Z,2026-09-03T09:13:33Z,2026-09-03T09:13:32Z,2026-09-03T09:13:33Z,site_b,SIM,synthetic_demo,B-WAN-1,UP,1000.0,77.0998,76.27,0.0,21.06,0.1226,0.098,0,UP,4.0,0.0,6,6,51,-61.1,23.044,7.112,0,0,0,32,0,97.0,0.0,0,0,,,,,,,,,,,,,,,,,,,,,0.0,0,,SYNTHETIC,0
power-outage,0,813,2026-09-03T09:13:33Z,2026-09-03T09:13:34Z,2026-09-03T09:13:33Z,2026-09-03T09:13:34Z,site_a,SIM,synthetic_demo,A-WAN-1,UP,1000.0,116.2575,115.77,0.0,17.02,0.6034,0.099,0,UP,4.0,0.0,48,12,37,-62.7,16.65,4.911,1,4,0,7,0,132.0,0.0,0,0,LOAD_SHED,LOAD_SHED,0,1,80.46,92.0,51.0332,50.8524,2.0151,3.81486,3.93486,3.80096,3.92096,120.0,24.0,143.457,3,54.684,,DISCHARGE,0.0,0,,SYNTHETIC,0
power-outage,0,813,2026-09-03T09:13:33Z,2026-09-03T09:13:34Z,2026-09-03T09:13:33Z,2026-09-03T09:13:34Z,site_b,SIM,synthetic_demo,B-WAN-1,UP,1000.0,85.6436,86.32,0.0,21.78,1.2148,0.116,0,UP,4.0,0.0,6,6,16,-60.5,17.822,4.4,0,0,0,32,0,86.0,0.0,0,0,,,,,,,,,,,,,,,,,,,,,0.0,0,,SYNTHETIC,0
power-outage,0,813,2026-09-03T09:13:33Z,2026-09-03T09:13:34Z,2026-09-03T09:13:33Z,2026-09-03T09:13:34Z,site_b,SIM,synthetic_demo,B-WAN-1,UP,1000.0,85.6436,86.32,0.0,21.78,1.2148,0.116,0,UP,4.0,0.0,6,6,16,-60.5,17.822,4.4,0,0,0,32,0,86.0,0.0,0,0,,,,,,,,,,,,,,,,,,,,,0.0,0,,SYNTHETIC|DUPLICATE,0
power-outage,0,814,2026-09-03T09:13:34Z,2026-09-03T09:13:35Z,2026-09-03T09:13:34Z,2026-09-03T09:13:35Z,site_a,SIM,synthetic_demo,A-WAN-1,UP,1000.0,176.1948,174.94,0.0,16.88,0.7607,0.103,0,UP,4.0,0.0,48,12,41,-61.2,17.958,4.955,0,3,0,7,0,180.0,0.0,0,0,LOAD_SHED,LOAD_SHED,0,1,80.52,92.0,51.033,50.8547,1.9882,3.81485,3.93485,3.80113,3.92113,120.0,23.7,141.555,3,54.742,,DISCHARGE,0.0,0,,SYNTHETIC,0
power-outage,0,814,2026-09-03T09:13:34Z,2026-09-03T09:13:35Z,2026-09-03T09:13:34Z,2026-09-03T09:13:35Z,site_b,SIM,synthetic_demo,B-WAN-1,UP,1000.0,63.9821,63.67,0.0,22.13,1.0026,0.11,0,UP,4.0,0.0,6,6,62,-61.8,27.646,7.924,1,1,0,32,0,50.0,0.0,0,0,,,,,,,,,,,,,,,,,,,,,0.0,0,,SYNTHETIC,0
power-outage,0,815,2026-09-03T09:13:35Z,2026-09-03T09:13:36Z,2026-09-03T09:13:35Z,2026-09-03T09:13:36Z,site_a,SIM,synthetic_demo,A-WAN-1,UP,1000.0,170.9637,170.4,0.0,15.94,0.1715,0.03,0,UP,4.0,0.0,48,12,123,-61.2,24.76,7.843,0,4,0,7,0,166.0,0.0,0,0,LOAD_SHED,LOAD_SHED,0,1,80.49,92.0,51.0328,50.8484,2.0566,3.81483,3.93483,3.80064,3.92064,120.0,23.8,146.407,3,54.591,,DISCHARGE,0.0,0,,SYNTHETIC,0
power-outage,0,815,2026-09-03T09:13:35Z,2026-09-03T09:13:36Z,2026-09-03T09:13:35Z,2026-09-03T09:13:36Z,site_b,SIM,synthetic_demo,B-WAN-1,UP,1000.0,64.1762,65.02,0.0,23.21,2.2062,0.088,0,UP,4.0,0.0,6,6,21,-62.0,17.098,4.793,0,0,0,32,0,45.0,0.0,0,0,,,,,,,,,,,,,,,,,,,,,0.0,0,,SYNTHETIC,0
power-outage,0,816,2026-09-03T09:13:36Z,2026-09-03T09:13:37Z,2026-09-03T09:13:36Z,2026-09-03T09:13:37Z,site_a,SIM,synthetic_demo,A-WAN-1,UP,1000.0,111.4908,112.15,0.0,16.17,0.0312,0.05,0,UP,4.0,0.0,48,12,96,-61.9,21.724,6.961,0,4,0,7,0,179.0,0.0,0,0,LOAD_SHED,LOAD_SHED,0,1,80.49,92.0,51.0327,50.8495,2.0417,3.81482,3.93482,3.80073,3.92073,120.0,23.9,145.347,3,54.623,,DISCHARGE,0.0,0,,SYNTHETIC,0
power-outage,0,816,2026-09-03T09:13:36Z,2026-09-03T09:13:37Z,2026-09-03T09:13:36Z,2026-09-03T09:13:37Z,site_b,SIM,synthetic_demo,B-WAN-1,UP,1000.0,93.9221,93.75,0.0,22.13,1.1631,0.083,0,UP,4.0,0.0,6,6,69,-62.2,28.165,8.644,0,1,0,32,0,64.0,0.0,0,0,,,,,,,,,,,,,,,,,,,,,0.0,0,,SYNTHETIC,0
power-outage,0,817,2026-09-03T09:13:37Z,2026-09-03T09:13:38Z,2026-09-03T09:13:37Z,2026-09-03T09:13:38Z,site_a,SIM,synthetic_demo,A-WAN-1,UP,1000.0,146.3993,146.46,0.0,17.26,1.3477,0.071,0,UP,4.0,0.0,48,12,37,-61.8,16.373,4.349,0,4,0,7,0,125.0,0.0,0,0,LOAD_SHED,LOAD_SHED,0,1,,92.0,51.0325,50.8523,2.009,3.81481,3.93481,3.80095,3.92095,120.0,23.7,143.028,3,54.694,,DISCHARGE,0.0,0,,SYNTHETIC|GAP|MISSING_MCAR,0
power-outage,0,817,2026-09-03T09:13:37Z,2026-09-03T09:13:38Z,2026-09-03T09:13:37Z,2026-09-03T09:13:38Z,site_b,SIM,synthetic_demo,B-WAN-1,UP,1000.0,56.8771,56.32,0.0,22.9,1.994,0.104,0,UP,4.0,0.0,6,6,35,-61.1,18.794,5.495,0,0,0,32,0,36.0,0.0,0,0,,,,,,,,,,,,,,,,,,,,,0.0,0,,SYNTHETIC,0
power-outage,0,818,2026-09-03T09:13:38Z,2026-09-03T09:13:39Z,2026-09-03T09:13:38Z,2026-09-03T09:13:39Z,site_a,SIM,synthetic_demo,A-WAN-1,UP,1000.0,117.5986,117.21,0.0,16.28,0.2149,0.118,0,UP,4.0,0.0,48,12,38,-63.0,16.531,4.934,0,3,0,7,0,108.0,0.0,0,0,LOAD_SHED,LOAD_SHED,0,1,80.59,92.0,51.0323,50.8488,2.0456,3.81479,3.93479,3.80068,3.92068,120.0,23.8,145.62,3,54.613,,DISCHARGE,0.0,0,,SYNTHETIC,0
power-outage,0,818,2026-09-03T09:13:38Z,2026-09-03T09:13:39Z,2026-09-03T09:13:38Z,2026-09-03T09:13:39Z,site_b,SIM,synthetic_demo,B-WAN-1,UP,1000.0,57.6516,58.56,0.0,22.13,0.9663,0.122,0,UP,4.0,0.0,6,6,43,-63.8,24.269,6.539,0,0,0,32,0,76.0,0.0,0,0,,,,,,,,,,,,,,,,,,,,,0.0,0,,SYNTHETIC,0
power-outage,0,819,2026-09-03T09:13:39Z,2026-09-03T09:13:40Z,2026-09-03T09:13:39Z,2026-09-03T09:13:40Z,site_a,SIM,synthetic_demo,A-WAN-1,UP,1000.0,110.6623,111.46,0.0,15.95,0.3501,0.065,0,UP,4.0,0.0,48,12,56,-63.0,18.957,5.391,0,4,0,7,0,161.0,0.0,0,0,LOAD_SHED,LOAD_SHED,0,1,80.48,92.0,51.0322,50.8533,1.9937,3.81478,3.93478,3.80103,3.92103,120.0,23.9,141.942,3,54.725,,DISCHARGE,0.0,0,,SYNTHETIC,0
power-outage,0,819,2026-09-03T09:13:39Z,2026-09-03T09:13:40Z,2026-09-03T09:13:39Z,2026-09-03T09:13:40Z,site_b,SIM,synthetic_demo,B-WAN-1,UP,1000.0,60.0749,60.48,0.0,24.3,2.8945,0.085,0,UP,4.0,0.0,6,6,60,-58.9,24.21,8.085,0,0,0,32,0,64.0,0.0,0,0,,,,,,,,,,,,,,,,,,,,,0.0,0,,SYNTHETIC,0
power-outage,0,820,2026-09-03T09:13:40Z,2026-09-03T09:13:41Z,2026-09-03T09:13:40Z,2026-09-03T09:13:41Z,site_a,SIM,synthetic_demo,A-WAN-1,UP,1000.0,167.4553,167.94,0.0,16.21,0.3482,0.074,0,UP,4.0,0.0,48,12,91,-62.0,22.934,6.859,0,3,0,7,0,126.0,0.0,0,0,LOAD_SHED,LOAD_SHED,0,1,80.47,92.0,51.032,50.8535,1.9903,3.81477,3.93477,3.80104,3.92104,120.0,23.8,141.695,3,54.732,,DISCHARGE,0.0,0,,SYNTHETIC,0
power-outage,0,820,2026-09-03T09:13:40Z,2026-09-03T09:13:41Z,2026-09-03T09:13:40Z,2026-09-03T09:13:41Z,site_b,SIM,synthetic_demo,B-WAN-1,UP,1000.0,61.845,62.38,0.0,24.24,2.7282,0.071,0,UP,4.0,0.0,6,6,31,-62.1,17.0,5.847,0,0,0,32,0,60.0,0.0,0,0,,,,,,,,,,,,,,,,,,,,,0.0,0,,SYNTHETIC,0
power-outage,0,821,2026-09-03T09:13:41Z,2026-09-03T09:13:42Z,2026-09-03T09:13:41Z,2026-09-03T09:13:42Z,site_a,SIM,synthetic_demo,A-WAN-1,UP,1000.0,124.8252,124.58,0.0,16.75,0.8621,0.094,0,UP,4.0,0.0,48,12,73,-61.4,20.218,5.897,0,4,0,7,0,108.0,0.0,0,0,LOAD_SHED,LOAD_SHED,0,1,80.49,92.0,51.0318,50.8508,2.0183,3.81476,3.93476,3.80083,3.92083,120.0,23.8,143.687,3,54.67,,DISCHARGE,0.0,0,,SYNTHETIC,0
power-outage,0,821,2026-09-03T09:13:41Z,2026-09-03T09:13:42Z,2026-09-03T09:13:41Z,2026-09-03T09:13:42Z,site_b,SIM,synthetic_demo,B-WAN-1,UP,1000.0,68.7317,68.87,0.0,20.91,0.0236,0.11,0,UP,4.0,0.0,6,6,33,-62.0,19.948,6.481,0,1,0,32,0,101.0,0.0,0,0,,,,,,,,,,,,,,,,,,,,,0.0,0,,SYNTHETIC,0
power-outage,0,822,2026-09-03T09:13:42Z,2026-09-03T09:13:43Z,2026-09-03T09:13:42Z,2026-09-03T09:13:43Z,site_a,SIM,synthetic_demo,A-WAN-1,UP,1000.0,113.6751,113.28,0.0,16.18,0.6851,0.08,0,UP,4.0,0.0,48,12,51,-61.6,17.941,5.37,0,3,0,7,0,151.0,0.0,0,0,LOAD_SHED,LOAD_SHED,0,1,80.53,92.0,51.0317,50.849,2.0367,3.81474,3.93474,3.80069,3.92069,120.0,23.8,144.99,3,54.629,,DISCHARGE,0.0,0,,SYNTHETIC,0
power-outage,0,822,2026-09-03T09:13:42Z,2026-09-03T09:13:43Z,2026-09-03T09:13:42Z,2026-09-03T09:13:43Z,site_b,SIM,synthetic_demo,B-WAN-1,UP,1000.0,68.2387,67.96,0.0,23.59,2.1442,0.095,0,UP,4.0,0.0,6,6,42,-64.2,22.19,6.88,0,1,0,32,0,70.0,0.0,0,0,,,,,,,,,,,,,,,,,,,,,0.0,0,,SYNTHETIC,0
power-outage,0,823,2026-09-03T09:13:43Z,2026-09-03T09:13:44Z,2026-09-03T09:13:43Z,2026-09-03T09:13:44Z,site_a,SIM,synthetic_demo,A-WAN-1,UP,1000.0,89.2985,89.69,0.0,17.95,2.3248,0.101,0,UP,4.0,0.0,48,12,60,-61.7,20.44,5.469,0,4,0,7,0,79.0,0.0,0,0,LOAD_SHED,LOAD_SHED,0,1,80.53,92.0,51.0315,50.8549,1.9683,3.81473,3.93473,3.80115,3.92115,120.0,23.8,140.138,3,54.778,,DISCHARGE,0.0,0,,SYNTHETIC,0
power-outage,0,823,2026-09-03T09:13:43Z,2026-09-03T09:13:44Z,2026-09-03T09:13:43Z,2026-09-03T09:13:44Z,site_b,SIM,synthetic_demo,B-WAN-1,UP,1000.0,69.2375,69.15,0.0,21.69,0.5145,0.088,0,UP,4.0,0.0,6,6,76,-62.7,29.978,9.139,0,0,0,32,0,69.0,0.0,0,0,,,,,,,,,,,,,,,,,,,,,0.0,0,,SYNTHETIC,0
power-outage,0,824,2026-09-03T09:13:44Z,2026-09-03T09:13:45Z,2026-09-03T09:13:44Z,2026-09-03T09:13:45Z,site_a,SIM,synthetic_demo,A-WAN-1,UP,1000.0,103.6039,103.12,0.0,17.32,1.2372,0.087,0,UP,4.0,0.0,48,48,51,-61.8,13.422,3.856,2,3,0,7,0,129.0,0.0,0,0,LOAD_SHED,BATTERY,0,1,80.54,92.0,51.0313,50.8509,2.011,3.81472,3.93472,3.80084,3.92084,120.0,23.9,143.166,,678.035,,DISCHARGE,0.0,0,,SYNTHETIC,0
power-outage,0,824,2026-09-03T09:13:44Z,2026-09-03T09:13:45Z,2026-09-03T09:13:44Z,2026-09-03T09:13:45Z,site_b,SIM,synthetic_demo,B-WAN-1,UP,1000.0,67.7652,67.12,0.0,24.81,3.6768,0.125,0,UP,4.0,0.0,6,6,16,-63.2,15.901,5.078,1,0,0,32,0,46.0,0.0,0,0,,,,,,,,,,,,,,,,,,,,,0.0,0,,SYNTHETIC,0
power-outage,0,825,2026-09-03T09:13:45Z,2026-09-03T09:13:46Z,2026-09-03T09:13:45Z,2026-09-03T09:13:46Z,site_a,SIM,synthetic_demo,A-WAN-1,UP,1000.0,129.2814,128.28,0.0,16.34,0.4916,0.082,0,UP,4.0,0.0,48,48,172,-61.7,17.54,4.915,1,4,0,7,0,183.0,0.0,0,0,BATTERY,BATTERY,0,1,80.54,92.0,51.0294,48.684,26.1465,3.81457,3.93457,3.63415,3.75415,120.0,23.9,1781.869,,54.477,OCP_DSG,DISCHARGE,0.0,0,,SYNTHETIC,0
power-outage,0,825,2026-09-03T09:13:45Z,2026-09-03T09:13:46Z,2026-09-03T09:13:45Z,2026-09-03T09:13:46Z,site_b,SIM,synthetic_demo,B-WAN-1,UP,1000.0,75.427,75.4,0.0,22.67,1.7935,0.115,0,UP,4.0,0.0,6,6,48,-61.2,21.157,7.11,0,1,0,32,0,56.0,0.0,0,0,,,,,,,,,,,,,,,,,,,,,0.0,0,,SYNTHETIC,0
power-outage,0,826,2026-09-03T09:13:46Z,2026-09-03T09:13:47Z,2026-09-03T09:13:46Z,2026-09-03T09:13:47Z,site_a,SIM,synthetic_demo,A-WAN-1,UP,1000.0,106.6498,107.23,0.0,16.88,0.9325,0.063,0,UP,4.0,0.0,48,12,72,-62.2,20.309,5.888,0,3,0,7,0,120.0,0.0,0,0,BATTERY,LOAD_SHED,0,1,80.52,92.0,51.0292,50.8476,2.0246,3.81455,3.93455,3.80058,3.92058,120.0,23.9,144.125,3,54.642,,DISCHARGE,0.0,0,,SYNTHETIC,0
power-outage,0,826,2026-09-03T09:13:46Z,2026-09-03T09:13:47Z,2026-09-03T09:13:46Z,2026-09-03T09:13:47Z,site_b,SIM,synthetic_demo,B-WAN-1,UP,1000.0,67.2516,66.13,0.0,20.89,0.0042,0.139,0,UP,4.0,0.0,6,6,28,-63.1,19.752,5.821,0,1,0,32,0,81.0,0.0,0,0,,,,,,,,,,,,,,,,,,,,,0.0,0,,SYNTHETIC,0
power-outage,0,827,2026-09-03T09:13:47Z,2026-09-03T09:13:48Z,2026-09-03T09:13:47Z,2026-09-03T09:13:48Z,site_a,SIM,synthetic_demo,A-WAN-1,UP,1000.0,115.8058,115.68,0.0,16.33,1.0854,0.052,0,UP,4.0,0.0,48,12,96,-60.7,23.578,6.694,0,3,0,7,0,144.0,0.0,0,0,LOAD_SHED,LOAD_SHED,0,1,80.46,92.0,51.029,50.8473,2.0258,3.81454,3.93454,3.80056,3.92056,120.0,23.9,144.208,3,54.639,,DISCHARGE,0.0,0,,SYNTHETIC,0
power-outage,0,827,2026-09-03T09:13:47Z,2026-09-03T09:13:48Z,2026-09-03T09:13:47Z,2026-09-03T09:13:48Z,site_b,SIM,synthetic_demo,B-WAN-1,UP,1000.0,70.6147,70.37,0.0,22.67,1.2472,0.097,0,UP,4.0,0.0,6,6,60,-63.1,24.428,8.127,0,0,0,32,0,71.0,0.0,0,0,,,,,,,,,,,,,,,,,,,,,0.0,0,,SYNTHETIC,0
power-outage,0,828,2026-09-03T09:13:48Z,2026-09-03T09:13:49Z,2026-09-03T09:13:48Z,2026-09-03T09:13:49Z,site_a,SIM,synthetic_demo,A-WAN-1,UP,1000.0,100.5753,100.42,0.0,19.73,3.8157,0.082,0,UP,4.0,0.0,48,12,66,-61.2,18.681,5.875,0,3,0,7,0,72.0,0.0,0,0,LOAD_SHED,LOAD_SHED,0,1,80.51,92.0,51.0288,50.8521,1.9705,3.81453,3.93453,3.80093,3.92093,120.0,24.0,140.282,3,54.759,,DISCHARGE,0.0,0,,SYNTHETIC,0
power-outage,0,828,2026-09-03T09:13:48Z,2026-09-03T09:13:49Z,2026-09-03T09:13:48Z,2026-09-03T09:13:49Z,site_b,SIM,synthetic_demo,B-WAN-1,UP,1000.0,66.4224,66.31,0.0,21.12,0.223,12.171,0,UP,4.0,0.0,6,6,37,-60.1,22.822,6.217,0,0,0,32,0,139.0,0.0,0,0,,,,,,,,,,,,,,,,,,,,,0.15,0,,SYNTHETIC,0
power-outage,0,829,2026-09-03T09:13:49Z,2026-09-03T09:13:50Z,2026-09-03T09:13:49Z,2026-09-03T09:13:50Z,site_a,SIM,synthetic_demo,A-WAN-1,UP,1000.0,137.0421,136.95,0.0,17.3,1.2275,0.053,0,UP,4.0,0.0,48,12,62,-61.9,19.492,6.05,0,4,0,7,0,128.0,0.0,0,0,LOAD_SHED,LOAD_SHED,0,1,80.55,92.0,51.0287,50.8477,2.017,3.81451,3.93451,3.8006,3.9206,120.0,23.8,143.584,3,54.656,,DISCHARGE,0.0,0,,SYNTHETIC,0
power-outage,0,829,2026-09-03T09:13:49Z,2026-09-03T09:13:50Z,2026-09-03T09:13:49Z,2026-09-03T09:13:50Z,site_b,SIM,synthetic_demo,B-WAN-1,UP,1000.0,69.3556,69.28,0.0,22.35,1.7824,12.233,0,UP,4.0,0.0,6,6,57,-61.8,25.206,7.311,0,0,0,32,0,54.0,0.0,0,0,,,,,,,,,,,,,,,,,,,,,0.15,0,,SYNTHETIC,0
power-outage,0,830,2026-09-03T09:13:50Z,2026-09-03T09:13:51Z,2026-09-03T09:13:50Z,2026-09-03T09:13:51Z,site_a,SIM,synthetic_demo,A-WAN-1,UP,1000.0,114.2947,114.34,0.0,16.71,0.646,0.093,0,UP,4.0,0.0,48,12,45,-61.0,15.525,4.881,0,3,0,7,0,142.0,0.0,0,0,LOAD_SHED,LOAD_SHED,0,1,80.53,92.0,51.0285,50.8451,2.0444,3.8145,3.9345,3.80039,3.92039,120.0,23.8,145.528,3,54.595,,DISCHARGE,0.0,0,,SYNTHETIC,0
power-outage,0,830,2026-09-03T09:13:50Z,2026-09-03T09:13:51Z,2026-09-03T09:13:50Z,2026-09-03T09:13:51Z,site_b,SIM,synthetic_demo,B-WAN-1,UP,1000.0,72.6832,72.71,0.0,22.93,2.1036,12.201,0,UP,4.0,0.0,6,6,85,-61.5,32.606,9.746,1,1,0,32,0,77.0,0.0,0,0,,,,,,,,,,,,,,,,,,,,,0.15,0,,SYNTHETIC,0
power-outage,0,831,2026-09-03T09:13:51Z,2026-09-03T09:13:52Z,2026-09-03T09:13:51Z,2026-09-03T09:13:52Z,site_a,SIM,synthetic_demo,A-WAN-1,UP,1000.0,115.9751,115.72,0.0,16.9,0.8288,0.1,0,UP,4.0,0.0,48,12,61,-61.3,17.594,5.599,1,4,0,7,0,107.0,0.0,0,0,LOAD_SHED,LOAD_SHED,0,1,80.45,92.0,51.0283,50.8483,2.0074,3.81449,3.93449,3.80064,3.92064,120.0,23.8,142.904,3,54.675,,DISCHARGE,0.0,0,,SYNTHETIC,0
power-outage,0,831,2026-09-03T09:13:51Z,2026-09-03T09:13:52Z,2026-09-03T09:13:51Z,2026-09-03T09:13:52Z,site_b,SIM,synthetic_demo,B-WAN-1,UP,1000.0,67.9318,68.02,0.0,21.87,1.3514,12.209,0,UP,4.0,0.0,6,6,37,-59.6,20.252,5.497,0,0,0,32,0,92.0,0.0,0,0,,,,,,,,,,,,,,,,,,,,,0.15,0,,SYNTHETIC,0
power-outage,0,832,2026-09-03T09:13:52Z,2026-09-03T09:13:53Z,2026-09-03T09:13:52Z,2026-09-03T09:13:53Z,site_a,SIM,synthetic_demo,A-WAN-1,UP,1000.0,112.6677,111.9,0.0,17.93,1.6883,0.072,0,UP,4.0,0.0,48,12,113,-61.3,25.57,7.808,0,3,0,7,0,156.0,0.0,0,0,LOAD_SHED,LOAD_SHED,0,1,80.49,92.0,51.0282,50.8501,1.9853,3.81447,3.93447,3.80078,3.92078,120.0,23.9,141.33,3,54.723,,DISCHARGE,0.0,0,,SYNTHETIC,0
power-outage,0,832,2026-09-03T09:13:52Z,2026-09-03T09:13:53Z,2026-09-03T09:13:52Z,2026-09-03T09:13:53Z,site_b,SIM,synthetic_demo,B-WAN-1,UP,1000.0,75.2814,75.9,0.0,21.53,0.3294,12.221,0,UP,4.0,0.0,6,6,30,-65.4,18.575,7.028,0,0,0,32,0,56.0,0.0,0,0,,,,,,,,,,,,,,,,,,,,,0.15,0,,SYNTHETIC,0
power-outage,0,833,2026-09-03T09:13:53Z,2026-09-03T09:13:54Z,2026-09-03T09:13:53Z,2026-09-03T09:13:54Z,site_a,SIM,synthetic_demo,A-WAN-1,UP,1000.0,153.4742,153.6,0.0,16.0,0.2499,0.069,0,UP,4.0,0.0,48,12,53,-62.1,18.128,5.407,0,4,0,7,0,135.0,0.0,0,0,LOAD_SHED,LOAD_SHED,0,1,80.47,92.0,51.028,50.846,2.0288,3.81446,3.93446,3.80046,3.92046,120.0,23.8,144.419,3,54.627,,DISCHARGE,0.0,0,,SYNTHETIC,0
power-outage,0,833,2026-09-03T09:13:53Z,2026-09-03T09:13:54Z,2026-09-03T09:13:53Z,2026-09-03T09:13:54Z,site_b,SIM,synthetic_demo,B-WAN-1,UP,1000.0,72.0574,71.77,0.0,21.8,0.7966,12.239,0,UP,4.0,0.0,6,6,45,-62.6,23.24,6.918,0,0,0,32,0,68.0,0.0,0,0,,,,,,,,,,,,,,,,,,,,,0.15,0,,SYNTHETIC,0
power-outage,0,834,2026-09-03T09:13:54Z,2026-09-03T09:13:55Z,2026-09-03T09:13:54Z,2026-09-03T09:13:55Z,site_a,SIM,synthetic_demo,A-WAN-1,UP,1000.0,143.7215,144.55,0.0,16.32,0.0729,0.103,0,UP,4.0,0.0,48,12,50,-61.7,16.874,4.69,0,3,0,7,0,153.0,0.0,0,0,LOAD_SHED,LOAD_SHED,0,1,80.48,92.0,51.0278,50.8472,2.0139,3.81445,3.93445,3.80055,3.92055,120.0,23.9,143.36,3,54.659,,DISCHARGE,0.0,0,,SYNTHETIC,0
power-outage,0,834,2026-09-03T09:13:54Z,2026-09-03T09:13:55Z,2026-09-03T09:13:54Z,2026-09-03T09:13:55Z,site_b,SIM,synthetic_demo,B-WAN-1,UP,1000.0,81.4295,81.24,0.0,22.47,1.4249,12.255,0,UP,4.0,0.0,6,6,34,-61.2,21.58,6.123,1,0,0,32,0,82.0,0.0,0,0,,,,,,,,,,,,,,,,,,,,,0.15,0,,SYNTHETIC,0
power-outage,0,835,2026-09-03T09:13:55Z,2026-09-03T09:13:56Z,2026-09-03T09:13:55Z,2026-09-03T09:13:56Z,site_a,SIM,synthetic_demo,A-WAN-1,UP,1000.0,100.0599,100.04,0.0,17.13,1.4183,0.088,0,UP,4.0,0.0,48,12,59,-62.9,18.387,5.852,0,3,0,7,0,101.0,0.0,0,0,LOAD_SHED,LOAD_SHED,0,1,80.57,92.0,51.0276,50.8484,1.9985,3.81443,3.93443,3.80064,3.92064,120.0,23.7,142.269,3,54.691,,DISCHARGE,0.0,0,,SYNTHETIC,0
power-outage,0,835,2026-09-03T09:13:55Z,2026-09-03T09:13:56Z,2026-09-03T09:13:55Z,2026-09-03T09:13:56Z,site_b,SIM,synthetic_demo,B-WAN-1,UP,1000.0,89.0174,89.84,0.0,21.05,0.0115,12.242,0,UP,4.0,0.0,6,6,38,-62.0,19.011,6.004,0,0,0,32,0,38.0,0.0,0,0,,,,,,,,,,,,,,,,,,,,,0.15,0,,SYNTHETIC,0
power-outage,0,836,2026-09-03T09:13:56Z,2026-09-03T09:13:57Z,2026-09-03T09:13:56Z,2026-09-03T09:13:57Z,site_a,SIM,synthetic_demo,A-WAN-1,UP,1000.0,119.8013,119.93,0.0,18.31,1.486,0.081,0,UP,4.0,0.0,48,12,53,-61.1,17.471,5.164,0,4,0,7,0,164.0,0.0,0,0,LOAD_SHED,LOAD_SHED,0,1,80.47,92.0,51.0275,50.8483,1.9973,3.81442,3.93442,3.80064,3.92064,120.0,23.8,142.184,3,54.693,,DISCHARGE,0.0,0,,SYNTHETIC,0
power-outage,0,836,2026-09-03T09:13:56Z,2026-09-03T09:13:57Z,2026-09-03T09:13:56Z,2026-09-03T09:13:57Z,site_b,SIM,synthetic_demo,B-WAN-1,UP,1000.0,69.4373,69.93,0.0,25.12,3.8256,12.224,0,UP,4.0,0.0,6,6,29,-63.5,17.486,5.84,0,0,0,32,0,77.0,0.0,0,0,,,,,,,,,,,,,,,,,,,,,0.15,0,,SYNTHETIC,0
power-outage,0,837,2026-09-03T09:13:57Z,2026-09-03T09:13:58Z,2026-09-03T09:13:57Z,2026-09-03T09:13:58Z,site_a,SIM,synthetic_demo,A-WAN-1,UP,1000.0,90.8827,90.59,0.0,17.89,1.8277,0.076,0,UP,4.0,0.0,48,12,52,-61.3,19.501,5.296,0,3,0,7,0,106.0,0.0,0,0,LOAD_SHED,LOAD_SHED,0,1,80.41,92.0,51.0273,50.8477,2.0022,3.81441,3.93441,3.80059,3.92059,120.0,23.7,142.528,3,54.682,,DISCHARGE,0.0,0,,SYNTHETIC,0
power-outage,0,837,2026-09-03T09:13:57Z,2026-09-03T09:13:58Z,2026-09-03T09:13:57Z,2026-09-03T09:13:58Z,site_b,SIM,synthetic_demo,B-WAN-1,UP,1000.0,63.3511,63.16,0.0,23.27,2.6982,12.155,0,UP,4.0,0.0,6,6,50,-60.2,25.523,6.859,0,0,0,32,0,59.0,0.0,0,0,,,,,,,,,,,,,,,,,,,,,0.15,0,,SYNTHETIC,0
power-outage,0,838,2026-09-03T09:13:58Z,2026-09-03T09:13:59Z,2026-09-03T09:13:58Z,2026-09-03T09:13:59Z,site_a,SIM,synthetic_demo,A-WAN-1,UP,1000.0,134.4253,134.43,0.0,19.68,3.2034,0.069,0,UP,4.0,0.0,48,12,43,-62.3,17.065,4.798,0,3,0,7,0,115.0,0.0,0,0,LOAD_SHED,LOAD_SHED,0,1,80.45,92.0,51.0271,50.8402,2.0843,3.81439,3.93439,3.80001,3.92001,120.0,23.8,148.349,3,54.502,,DISCHARGE,0.0,0,,SYNTHETIC,0
power-outage,0,838,2026-09-03T09:13:58Z,2026-09-03T09:13:59Z,2026-09-03T09:13:58Z,2026-09-03T09:13:59Z,site_b,SIM,synthetic_demo,B-WAN-1,UP,1000.0,59.7692,59.68,0.0,24.74,3.1867,12.185,0,UP,4.0,0.0,6,6,18,-62.3,17.501,4.476,0,0,0,32,0,54.0,0.0,0,0,,,,,,,,,,,,,,,,,,,,,0.15,0,,SYNTHETIC,0
power-outage,0,839,2026-09-03T09:13:59Z,2026-09-03T09:14:00Z,2026-09-03T09:13:59Z,2026-09-03T09:14:00Z,site_a,SIM,synthetic_demo,A-WAN-1,UP,1000.0,94.6535,95.02,0.0,16.65,0.4416,0.079,0,UP,4.0,0.0,48,12,32,-61.4,15.314,4.843,0,4,0,7,0,140.0,0.0,0,0,LOAD_SHED,LOAD_SHED,0,1,80.59,92.0,51.027,50.8495,1.9788,3.81438,3.93438,3.80073,3.92073,120.0,23.8,140.869,3,54.731,,DISCHARGE,0.0,0,,SYNTHETIC,0
power-outage,0,839,2026-09-03T09:13:59Z,2026-09-03T09:14:00Z,2026-09-03T09:13:59Z,2026-09-03T09:14:00Z,site_b,SIM,synthetic_demo,B-WAN-1,UP,1000.0,62.8007,62.65,0.0,21.15,0.6344,12.173,0,UP,4.0,0.0,6,6,24,-62.5,16.65,6.213,0,2,0,32,0,33.0,0.0,0,0,,,,,,,,,,,,,,,,,,,,,0.15,0,,SYNTHETIC,0
power-outage,0,840,2026-09-03T09:14:00Z,2026-09-03T09:14:01Z,2026-09-03T09:14:00Z,2026-09-03T09:14:01Z,site_a,SIM,synthetic_demo,A-WAN-1,UP,1000.0,110.2913,110.81,0.0,16.76,0.6472,0.078,0,UP,4.0,0.0,48,12,41,-60.9,17.689,5.058,0,3,0,7,0,155.0,0.0,0,0,LOAD_SHED,LOAD_SHED,0,1,80.46,92.0,51.0268,50.8442,2.0354,3.81437,3.93437,3.80032,3.92032,120.0,23.9,144.884,3,54.606,,DISCHARGE,0.0,0,,SYNTHETIC,0
power-outage,0,840,2026-09-03T09:14:00Z,2026-09-03T09:14:01Z,2026-09-03T09:14:00Z,2026-09-03T09:14:01Z,site_b,SIM,synthetic_demo,B-WAN-1,UP,1000.0,81.2541,82.09,0.0,22.19,0.9478,0.085,0,UP,4.0,0.0,6,6,41,-62.8,23.045,6.714,0,0,0,32,0,79.0,0.0,0,0,,,,,,,,,,,,,,,,,,,,,0.0,0,,SYNTHETIC,0
power-outage,0,841,2026-09-03T09:14:01Z,2026-09-03T09:14:02Z,2026-09-03T09:14:01Z,2026-09-03T09:14:02Z,site_a,SIM,synthetic_demo,A-WAN-1,UP,1000.0,101.0249,101.41,0.0,16.49,0.5108,0.085,0,UP,4.0,0.0,48,48,314,-61.3,20.177,6.07,2,3,0,7,0,165.0,0.0,0,0,LOAD_SHED,BATTERY,0,1,80.51,92.0,51.0266,50.8472,2.0001,3.81436,3.93436,3.80055,3.92055,120.0,23.9,142.381,,681.463,,DISCHARGE,0.0,0,,SYNTHETIC,0
power-outage,0,841,2026-09-03T09:14:01Z,2026-09-03T09:14:02Z,2026-09-03T09:14:01Z,2026-09-03T09:14:02Z,site_b,SIM,synthetic_demo,B-WAN-1,UP,1000.0,82.581,82.75,0.0,21.87,0.7083,0.094,0,UP,4.0,0.0,6,6,54,-62.1,24.456,7.714,0,0,0,32,0,33.0,0.0,0,0,,,,,,,,,,,,,,,,,,,,,0.0,0,,SYNTHETIC,0
power-outage,0,842,2026-09-03T09:14:02Z,2026-09-03T09:14:03Z,2026-09-03T09:14:02Z,2026-09-03T09:14:03Z,site_a,SIM,synthetic_demo,A-WAN-1,UP,1000.0,119.5685,119.62,0.0,16.35,0.3254,0.053,0,UP,4.0,0.0,48,48,204,-62.3,17.825,5.289,1,7,0,7,0,81.0,0.0,0,0,BATTERY,BATTERY,0,1,80.45,92.0,51.0247,48.6906,26.0205,3.81421,3.93421,3.63466,3.75466,120.0,24.0,1773.525,,54.708,OCP_DSG,DISCHARGE,0.0,0,,SYNTHETIC,0
power-outage,0,842,2026-09-03T09:14:02Z,2026-09-03T09:14:03Z,2026-09-03T09:14:02Z,2026-09-03T09:14:03Z,site_b,SIM,synthetic_demo,B-WAN-1,UP,1000.0,71.0691,71.71,0.0,21.51,0.5339,0.09,0,UP,4.0,0.0,6,6,28,-62.8,18.924,5.761,0,1,0,32,0,70.0,0.0,0,0,,,,,,,,,,,,,,,,,,,,,0.0,0,,SYNTHETIC,0
power-outage,0,843,2026-09-03T09:14:03Z,2026-09-03T09:14:04Z,2026-09-03T09:14:03Z,2026-09-03T09:14:04Z,site_a,SIM,synthetic_demo,A-WAN-1,UP,1000.0,115.7148,115.86,0.0,18.61,2.4434,0.059,0,UP,4.0,0.0,48,12,53,-61.2,17.182,5.523,1,4,0,7,0,126.0,0.0,0,0,BATTERY,LOAD_SHED,0,1,80.55,92.0,51.0245,50.8436,2.0165,3.81419,3.93419,3.80028,3.92028,120.0,23.8,143.534,3,54.635,,DISCHARGE,0.0,0,,SYNTHETIC,0
power-outage,0,843,2026-09-03T09:14:03Z,2026-09-03T09:14:04Z,2026-09-03T09:14:03Z,2026-09-03T09:14:04Z,site_a,SIM,synthetic_demo,A-WAN-1,UP,1000.0,115.7148,115.86,0.0,18.61,2.4434,0.059,0,UP,4.0,0.0,48,12,53,-61.2,17.182,5.523,1,4,0,7,0,126.0,0.0,0,0,BATTERY,LOAD_SHED,0,1,80.55,92.0,51.0245,50.8436,2.0165,3.81419,3.93419,3.80028,3.92028,120.0,23.8,143.534,3,54.635,,DISCHARGE,0.0,0,,SYNTHETIC|DUPLICATE,0
power-outage,0,843,2026-09-03T09:14:03Z,2026-09-03T09:14:04Z,2026-09-03T09:14:03Z,2026-09-03T09:14:04Z,site_b,SIM,synthetic_demo,B-WAN-1,UP,1000.0,61.7916,61.47,0.0,21.62,0.8271,0.077,0,UP,4.0,0.0,6,6,29,-60.7,18.398,5.581,0,0,0,32,0,72.0,0.0,0,0,,,,,,,,,,,,,,,,,,,,,0.0,0,,SYNTHETIC,0
power-outage,0,844,2026-09-03T09:14:04Z,2026-09-03T09:14:05Z,2026-09-03T09:14:04Z,2026-09-03T09:14:05Z,site_a,SIM,synthetic_demo,A-WAN-1,UP,1000.0,108.9229,108.22,0.0,17.71,1.7135,0.074,0,UP,4.0,0.0,48,12,79,-63.0,20.425,6.446,0,3,0,7,0,118.0,0.0,0,0,LOAD_SHED,LOAD_SHED,0,1,80.51,92.0,51.0243,50.8403,2.052,3.81418,3.93418,3.80002,3.92002,120.0,23.9,146.052,3,54.557,,DISCHARGE,0.0,0,,SYNTHETIC,0
power-outage,0,844,2026-09-03T09:14:04Z,2026-09-03T09:14:05Z,2026-09-03T09:14:04Z,2026-09-03T09:14:05Z,site_b,SIM,synthetic_demo,B-WAN-1,UP,1000.0,65.091,65.55,0.0,21.03,0.2604,0.08,0,UP,4.0,0.0,6,6,14,-62.0,16.405,4.412,0,0,0,32,0,38.0,0.0,0,0,,,,,,,,,,,,,,,,,,,,,0.0,0,,SYNTHETIC,0
power-outage,0,845,2026-09-03T09:14:05Z,2026-09-03T09:14:06Z,2026-09-03T09:14:05Z,2026-09-03T09:14:06Z,site_a,SIM,synthetic_demo,A-WAN-1,UP,1000.0,146.7699,146.5,0.0,18.48,2.5894,0.082,0,UP,4.0,0.0,48,12,106,-60.5,24.31,7.212,0,4,0,7,0,109.0,0.0,0,0,LOAD_SHED,LOAD_SHED,0,1,80.45,92.0,51.0242,50.8426,2.0241,3.81417,3.93417,3.8002,3.9202,120.0,23.9,144.071,3,54.617,,DISCHARGE,0.0,0,,SYNTHETIC,0
power-outage,0,845,2026-09-03T09:14:05Z,2026-09-03T09:14:06Z,2026-09-03T09:14:05Z,2026-09-03T09:14:06Z,site_b,SIM,synthetic_demo,B-WAN-1,UP,1000.0,89.8049,90.12,0.0,22.07,1.0248,0.106,0,UP,4.0,0.0,6,6,102,-62.0,36.061,10.849,0,0,0,32,0,30.0,0.0,0,0,,,,,,,,,,,,,,,,,,,,,0.0,0,,SYNTHETIC,0
power-outage,0,846,2026-09-03T09:14:06Z,2026-09-03T09:14:07Z,2026-09-03T09:14:06Z,2026-09-03T09:14:07Z,site_a,SIM,synthetic_demo,A-WAN-1,UP,1000.0,85.8381,85.05,0.0,17.23,2.098,0.102,0,UP,4.0,0.0,48,12,112,-62.9,25.34,7.72,0,3,0,7,0,141.0,0.0,0,0,LOAD_SHED,LOAD_SHED,0,1,80.39,92.0,51.024,50.84,2.0505,3.81415,3.93415,3.8,3.92,120.0,23.9,145.947,3,54.559,,DISCHARGE,0.0,0,,SYNTHETIC,0
power-outage,0,846,2026-09-03T09:14:06Z,2026-09-03T09:14:07Z,2026-09-03T09:14:06Z,2026-09-03T09:14:07Z,site_b,SIM,synthetic_demo,B-WAN-1,UP,1000.0,78.7648,79.08,0.0,22.8,1.4023,0.126,0,UP,4.0,0.0,6,6,37,-62.2,21.317,6.202,0,1,0,32,0,73.0,0.0,0,0,,,,,,,,,,,,,,,,,,,,,0.0,0,,SYNTHETIC,0
power-outage,0,847,2026-09-03T09:14:07Z,2026-09-03T09:14:08Z,2026-09-03T09:14:07Z,2026-09-03T09:14:08Z,site_a,SIM,synthetic_demo,A-WAN-1,UP,1000.0,124.7893,126.1,0.0,17.01,1.2187,0.078,0,UP,4.0,0.0,48,12,44,-62.1,17.184,4.993,0,4,0,7,0,130.0,0.0,0,0,LOAD_SHED,LOAD_SHED,0,1,80.53,92.0,51.0238,50.8466,1.9757,3.81414,3.93414,3.80051,3.92051,120.0,24.0,140.64,3,54.721,,DISCHARGE,0.0,0,,SYNTHETIC,0
power-outage,0,847,2026-09-03T09:14:07Z,2026-09-03T09:14:08Z,2026-09-03T09:14:07Z,2026-09-03T09:14:08Z,site_b,SIM,synthetic_demo,B-WAN-1,UP,1000.0,66.6797,66.96,0.0,21.47,0.1622,0.126,0,UP,4.0,0.0,6,6,16,-64.8,14.718,5.253,0,0,0,32,0,37.0,0.0,0,0,,,,,,,,,,,,,,,,,,,,,0.0,0,,SYNTHETIC,0
power-outage,0,848,2026-09-03T09:14:08Z,2026-09-03T09:14:09Z,2026-09-03T09:14:08Z,2026-09-03T09:14:09Z,site_a,SIM,synthetic_demo,A-WAN-1,UP,1000.0,112.5964,113.32,0.0,17.56,1.7588,0.08,0,UP,4.0,0.0,48,12,39,-62.3,16.621,4.503,1,3,0,7,0,160.0,0.0,0,0,LOAD_SHED,LOAD_SHED,0,1,80.44,92.0,51.0236,50.8401,2.0459,3.81413,3.93413,3.80001,3.92001,120.0,23.9,145.618,3,54.567,,DISCHARGE,0.0,0,,SYNTHETIC,0
power-outage,0,848,2026-09-03T09:14:08Z,2026-09-03T09:14:09Z,2026-09-03T09:14:08Z,2026-09-03T09:14:09Z,site_b,SIM,synthetic_demo,B-WAN-1,UP,1000.0,72.5296,70.85,0.0,22.58,1.5673,0.085,0,UP,4.0,0.0,6,6,48,-62.3,22.408,6.635,0,0,0,32,0,64.0,0.0,0,0,,,,,,,,,,,,,,,,,,,,,0.0,0,,SYNTHETIC,0
power-outage,0,849,2026-09-03T09:14:09Z,2026-09-03T09:14:10Z,2026-09-03T09:14:09Z,2026-09-03T09:14:10Z,site_a,SIM,synthetic_demo,A-WAN-1,UP,1000.0,106.6785,106.69,0.0,16.98,0.7713,0.102,0,UP,4.0,0.0,48,12,59,-62.5,19.998,5.482,1,3,0,7,0,127.0,0.0,0,0,LOAD_SHED,LOAD_SHED,0,1,80.5,92.0,51.0235,50.8409,2.0356,3.81411,3.93411,3.80007,3.92007,120.0,23.9,144.887,3,54.588,,DISCHARGE,0.0,0,,SYNTHETIC,0
power-outage,0,849,2026-09-03T09:14:09Z,2026-09-03T09:14:10Z,2026-09-03T09:14:09Z,2026-09-03T09:14:10Z,site_b,SIM,synthetic_demo,B-WAN-1,UP,1000.0,66.2422,67.47,0.0,22.88,1.1059,0.094,0,UP,4.0,0.0,6,6,58,-61.1,28.158,7.617,0,0,0,32,0,60.0,0.0,0,0,,,,,,,,,,,,,,,,,,,,,0.0,0,,SYNTHETIC,0
power-outage,0,850,2026-09-03T09:14:10Z,2026-09-03T09:14:11Z,2026-09-03T09:14:10Z,2026-09-03T09:14:11Z,site_a,SIM,synthetic_demo,A-WAN-1,UP,1000.0,110.8434,110.23,0.0,15.87,0.0969,0.101,0,UP,4.0,0.0,48,12,67,-64.2,21.587,5.96,1,3,0,7,0,109.0,0.0,0,0,LOAD_SHED,LOAD_SHED,0,1,80.5,92.0,51.0233,50.8434,2.0056,3.8141,3.9341,3.80026,3.92026,120.0,23.8,142.756,3,54.653,,DISCHARGE,0.0,0,,SYNTHETIC,0
power-outage,0,850,2026-09-03T09:14:10Z,2026-09-03T09:14:11Z,2026-09-03T09:14:10Z,2026-09-03T09:14:11Z,site_b,SIM,synthetic_demo,B-WAN-1,UP,1000.0,154.5178,153.85,0.0,23.11,2.148,0.11,0,UP,4.0,0.0,6,6,70,-60.6,28.595,8.657,0,2,0,32,0,66.0,0.0,0,0,,,,,,,,,,,,,,,,,,,,,0.0,0,,SYNTHETIC,0
power-outage,0,851,2026-09-03T09:14:11Z,2026-09-03T09:14:12Z,2026-09-03T09:14:11Z,2026-09-03T09:14:12Z,site_a,SIM,synthetic_demo,A-WAN-1,UP,1000.0,158.2215,158.05,0.0,16.85,0.8522,0.099,0,UP,4.0,0.0,48,12,55,-62.7,18.26,5.823,0,3,0,7,0,126.0,0.0,0,0,LOAD_SHED,LOAD_SHED,0,1,80.46,92.0,51.0231,50.8399,2.0421,3.81409,3.93409,3.8,3.92,120.0,23.9,145.35,3,54.573,,DISCHARGE,0.0,0,,SYNTHETIC,0
power-outage,0,851,2026-09-03T09:14:11Z,2026-09-03T09:14:12Z,2026-09-03T09:14:11Z,2026-09-03T09:14:12Z,site_b,SIM,synthetic_demo,B-WAN-1,UP,1000.0,96.2811,96.95,0.0,22.77,1.5643,0.088,0,UP,4.0,0.0,6,6,8,-63.0,13.066,3.494,0,0,0,32,0,82.0,0.0,0,0,,,,,,,,,,,,,,,,,,,,,0.0,0,,SYNTHETIC,0
power-outage,0,852,2026-09-03T09:14:12Z,2026-09-03T09:14:13Z,2026-09-03T09:14:12Z,2026-09-03T09:14:13Z,site_a,SIM,synthetic_demo,A-WAN-1,UP,1000.0,201.4025,200.44,0.0,17.63,2.0533,0.074,0,UP,4.0,0.0,48,12,54,-62.7,17.918,5.477,0,3,0,7,0,187.0,0.0,0,0,LOAD_SHED,LOAD_SHED,0,1,80.4,92.0,51.023,50.8465,1.9672,3.81407,3.93407,3.8005,3.9205,120.0,23.9,140.034,3,54.735,,DISCHARGE,0.0,0,,SYNTHETIC,0
power-outage,0,852,2026-09-03T09:14:12Z,2026-09-03T09:14:13Z,2026-09-03T09:14:12Z,2026-09-03T09:14:13Z,site_b,SIM,synthetic_demo,B-WAN-1,UP,1000.0,70.8165,70.44,0.0,21.91,0.5002,0.106,0,UP,4.0,0.0,6,6,110,-60.8,39.399,11.057,0,0,0,32,0,51.0,0.0,0,0,,,,,,,,,,,,,,,,,,,,,0.0,0,,SYNTHETIC,0
power-outage,0,853,2026-09-03T09:14:13Z,2026-09-03T09:14:14Z,2026-09-03T09:14:13Z,2026-09-03T09:14:14Z,site_a,SIM,synthetic_demo,A-WAN-1,UP,1000.0,164.2344,164.26,0.0,18.49,2.4551,0.066,0,UP,4.0,0.0,48,12,34,-62.4,16.835,4.688,0,4,0,7,0,146.0,0.0,0,0,LOAD_SHED,LOAD_SHED,0,1,80.48,92.0,51.0228,50.8472,1.9578,3.81406,3.93406,3.80055,3.92055,120.0,24.1,139.37,3,54.755,,DISCHARGE,0.0,0,,SYNTHETIC,0
power-outage,0,853,2026-09-03T09:14:13Z,2026-09-03T09:14:14Z,2026-09-03T09:14:13Z,2026-09-03T09:14:14Z,site_b,SIM,synthetic_demo,B-WAN-1,UP,1000.0,76.3034,76.6,0.0,21.31,0.6466,0.122,0,UP,4.0,0.0,6,6,48,-63.0,21.945,7.156,0,0,0,32,0,58.0,0.0,0,0,,,,,,,,,,,,,,,,,,,,,0.0,0,,SYNTHETIC,0
power-outage,0,854,2026-09-03T09:14:14Z,2026-09-03T09:14:15Z,2026-09-03T09:14:14Z,2026-09-03T09:14:15Z,site_a,SIM,synthetic_demo,A-WAN-1,UP,1000.0,138.2493,137.87,0.0,18.44,1.9762,0.105,0,UP,4.0,0.0,48,12,24,-62.2,13.846,4.385,0,3,0,7,0,188.0,0.0,0,0,LOAD_SHED,LOAD_SHED,0,1,80.44,92.0,51.0226,50.8466,1.9624,3.81405,3.93405,3.80051,3.92051,120.0,23.9,139.696,3,54.744,,DISCHARGE,0.0,0,,SYNTHETIC,0
power-outage,0,854,2026-09-03T09:14:14Z,2026-09-03T09:14:15Z,2026-09-03T09:14:14Z,2026-09-03T09:14:15Z,site_b,SIM,synthetic_demo,B-WAN-1,UP,1000.0,83.5104,82.51,0.0,22.94,2.3595,0.099,0,UP,4.0,0.0,6,6,27,-62.8,19.233,5.959,0,0,0,32,0,74.0,0.0,0,0,,,,,,,,,,,,,,,,,,,,,0.0,0,,SYNTHETIC,0
power-outage,0,855,2026-09-03T09:14:15Z,2026-09-03T09:14:16Z,2026-09-03T09:14:15Z,2026-09-03T09:14:16Z,site_a,SIM,synthetic_demo,A-WAN-1,UP,1000.0,146.2481,146.65,0.0,18.96,3.0385,0.052,0,UP,4.0,0.0,48,12,50,-62.2,17.587,5.272,0,4,0,7,0,220.0,0.0,0,0,LOAD_SHED,LOAD_SHED,0,1,80.38,92.0,51.0225,50.8395,2.039,3.81403,3.93403,3.79997,3.91997,120.0,23.9,145.129,3,54.576,,DISCHARGE,0.0,0,,SYNTHETIC,0
power-outage,0,855,2026-09-03T09:14:15Z,2026-09-03T09:14:16Z,2026-09-03T09:14:15Z,2026-09-03T09:14:16Z,site_b,SIM,synthetic_demo,B-WAN-1,UP,1000.0,80.0179,81.26,0.0,21.68,1.4856,0.076,0,UP,4.0,0.0,6,6,42,-61.0,21.499,6.498,0,0,0,32,0,80.0,0.0,0,0,,,,,,,,,,,,,,,,,,,,,0.0,0,,SYNTHETIC,0
power-outage,0,856,2026-09-03T09:14:16Z,2026-09-03T09:14:17Z,2026-09-03T09:14:16Z,2026-09-03T09:14:17Z,site_a,SIM,synthetic_demo,A-WAN-1,UP,1000.0,102.0909,101.65,0.0,17.35,1.6339,0.063,0,UP,4.0,0.0,48,12,54,-62.3,18.743,5.339,1,3,0,7,0,211.0,0.0,0,0,LOAD_SHED,LOAD_SHED,0,1,80.46,92.0,51.0223,50.8455,1.9713,3.81402,3.93402,3.80042,3.92042,120.0,23.9,140.32,3,54.723,,DISCHARGE,0.0,0,,SYNTHETIC,0
power-outage,0,856,2026-09-03T09:14:16Z,2026-09-03T09:14:17Z,2026-09-03T09:14:16Z,2026-09-03T09:14:17Z,site_b,SIM,synthetic_demo,B-WAN-1,UP,1000.0,87.3935,88.12,0.0,21.49,0.0958,0.114,0,UP,4.0,0.0,6,6,41,-63.6,19.137,6.699,0,0,0,32,0,64.0,0.0,0,0,,,,,,,,,,,,,,,,,,,,,0.0,0,,SYNTHETIC,0
power-outage,0,857,2026-09-03T09:14:17Z,2026-09-03T09:14:18Z,2026-09-03T09:14:17Z,2026-09-03T09:14:18Z,site_a,SIM,synthetic_demo,A-WAN-1,UP,1000.0,112.3693,112.91,0.0,15.59,0.1377,0.115,0,UP,4.0,0.0,48,12,91,-62.4,20.998,6.897,2,3,0,7,0,194.0,0.0,0,0,LOAD_SHED,LOAD_SHED,0,1,80.46,92.0,51.0221,50.8367,2.0666,3.81401,3.93401,3.79975,3.91975,120.0,23.8,147.085,3,54.514,,DISCHARGE,0.0,0,,SYNTHETIC,0
power-outage,0,857,2026-09-03T09:14:17Z,2026-09-03T09:14:18Z,2026-09-03T09:14:17Z,2026-09-03T09:14:18Z,site_b,SIM,synthetic_demo,B-WAN-1,UP,1000.0,78.3767,78.15,0.0,23.97,2.6442,0.105,0,UP,4.0,0.0,6,6,27,-60.8,17.569,5.325,0,2,0,32,0,87.0,0.0,0,0,,,,,,,,,,,,,,,,,,,,,0.0,0,,SYNTHETIC,0
power-outage,0,858,2026-09-03T09:14:18Z,2026-09-03T09:14:19Z,2026-09-03T09:14:18Z,2026-09-03T09:14:19Z,site_a,SIM,synthetic_demo,A-WAN-1,UP,1000.0,111.5612,112.14,0.0,17.23,1.1006,0.071,0,UP,4.0,0.0,48,48,111,-62.1,14.877,4.643,1,0,0,7,0,226.0,0.0,0,0,LOAD_SHED,BATTERY,0,1,80.48,92.0,51.0219,50.8415,2.0113,3.814,3.934,3.80012,3.92012,120.0,23.8,143.157,,677.465,,DISCHARGE,0.0,0,,SYNTHETIC,0
power-outage,0,858,2026-09-03T09:14:18Z,2026-09-03T09:14:19Z,2026-09-03T09:14:18Z,2026-09-03T09:14:19Z,site_b,SIM,synthetic_demo,B-WAN-1,UP,1000.0,107.2933,106.75,0.0,22.74,1.7825,0.109,0,UP,4.0,0.0,6,6,34,-61.1,19.182,6.26,0,0,0,32,0,49.0,0.0,0,0,,,,,,,,,,,,,,,,,,,,,0.0,0,,SYNTHETIC,0
power-outage,0,859,2026-09-03T09:14:19Z,2026-09-03T09:14:20Z,2026-09-03T09:14:19Z,2026-09-03T09:14:20Z,site_a,SIM,synthetic_demo,A-WAN-1,UP,1000.0,219.2924,219.58,0.0,16.84,0.9997,0.045,0,UP,4.0,0.0,48,48,203,-61.9,17.251,5.295,1,4,0,7,0,172.0,0.0,0,0,BATTERY,BATTERY,0,1,80.41,92.0,51.02,48.6826,26.0572,3.81384,3.93384,3.63405,3.75405,120.0,23.9,1775.734,,54.615,OCP_DSG,DISCHARGE,0.0,0,,SYNTHETIC,0
power-outage,0,859,2026-09-03T09:14:19Z,2026-09-03T09:14:20Z,2026-09-03T09:14:19Z,2026-09-03T09:14:20Z,site_b,SIM,synthetic_demo,B-WAN-1,UP,1000.0,87.8332,87.11,0.0,22.5,0.803,0.123,0,UP,4.0,0.0,6,6,60,-60.5,24.93,8.28,0,0,0,32,0,60.0,0.0,0,0,,,,,,,,,,,,,,,,,,,,,0.0,0,,SYNTHETIC,0
power-outage,0,860,2026-09-03T09:14:20Z,2026-09-03T09:14:21Z,2026-09-03T09:14:20Z,2026-09-03T09:14:21Z,site_a,SIM,synthetic_demo,A-WAN-1,UP,1000.0,172.8699,172.08,0.0,16.84,0.6095,0.054,0,UP,4.0,0.0,48,12,33,-60.9,16.075,3.712,0,5,0,7,0,198.0,0.0,0,0,BATTERY,LOAD_SHED,0,1,80.46,92.0,51.0198,50.8434,1.9668,3.81383,3.93383,3.80026,3.92026,120.0,23.8,139.994,3,54.72,,DISCHARGE,0.0,0,,SYNTHETIC,0
power-outage,0,860,2026-09-03T09:14:20Z,2026-09-03T09:14:21Z,2026-09-03T09:14:20Z,2026-09-03T09:14:21Z,site_b,SIM,synthetic_demo,B-WAN-1,UP,1000.0,99.4222,99.69,0.0,23.07,2.2307,0.079,0,UP,4.0,0.0,6,6,19,-59.5,14.897,4.951,0,1,0,32,0,76.0,0.0,0,0,,,,,,,,,,,,,,,,,,,,,0.0,0,,SYNTHETIC,0
power-outage,0,861,2026-09-03T09:14:21Z,2026-09-03T09:14:22Z,2026-09-03T09:14:21Z,2026-09-03T09:14:22Z,site_a,SIM,synthetic_demo,A-WAN-1,UP,1000.0,118.1556,117.6,0.0,16.7,0.3822,0.067,0,UP,4.0,0.0,48,12,87,-62.6,21.496,6.791,1,3,0,7,0,127.0,0.0,0,0,LOAD_SHED,LOAD_SHED,0,1,80.51,92.0,51.0196,50.838,2.0255,3.81382,3.93382,3.79984,3.91984,120.0,23.9,144.163,3,54.59,,DISCHARGE,0.0,0,,SYNTHETIC,0
power-outage,0,861,2026-09-03T09:14:21Z,2026-09-03T09:14:22Z,2026-09-03T09:14:21Z,2026-09-03T09:14:22Z,site_b,SIM,synthetic_demo,B-WAN-1,UP,1000.0,82.849,82.32,0.0,20.72,0.1626,0.126,0,UP,4.0,0.0,6,6,31,-62.0,18.158,5.394,0,0,0,32,0,61.0,0.0,0,0,,,,,,,,,,,,,,,,,,,,,0.0,0,,SYNTHETIC,0
power-outage,0,862,2026-09-03T09:14:22Z,2026-09-03T09:14:23Z,2026-09-03T09:14:22Z,2026-09-03T09:14:23Z,site_a,SIM,synthetic_demo,A-WAN-1,UP,1000.0,133.1542,133.63,0.0,16.01,0.0285,0.058,0,UP,4.0,0.0,48,12,59,-61.7,17.468,6.022,1,3,0,7,0,153.0,0.0,0,0,LOAD_SHED,LOAD_SHED,0,1,80.48,92.0,51.0195,50.8407,1.993,3.81381,3.93381,3.80005,3.92005,120.0,23.8,141.858,3,54.66,,DISCHARGE,0.0,0,,SYNTHETIC,0
power-outage,0,862,2026-09-03T09:14:22Z,2026-09-03T09:14:23Z,2026-09-03T09:14:22Z,2026-09-03T09:14:23Z,site_b,SIM,synthetic_demo,B-WAN-1,UP,1000.0,74.5543,74.79,0.0,25.37,4.4524,0.09,0,UP,4.0,0.0,6,6,36,-65.8,21.096,6.799,0,1,0,32,0,51.0,0.0,0,0,,,,,,,,,,,,,,,,,,,,,0.0,0,,SYNTHETIC,0
power-outage,0,863,2026-09-03T09:14:23Z,2026-09-03T09:14:24Z,2026-09-03T09:14:23Z,2026-09-03T09:14:24Z,site_a,SIM,synthetic_demo,A-WAN-1,UP,1000.0,113.2728,112.96,0.0,16.51,0.164,0.065,0,UP,4.0,0.0,48,12,31,-60.8,15.137,4.686,0,3,0,7,0,190.0,0.0,0,0,LOAD_SHED,LOAD_SHED,0,1,80.46,92.0,51.0193,50.8404,1.9945,3.81379,3.93379,3.80003,3.92003,120.0,23.8,141.959,3,54.656,,DISCHARGE,0.0,0,,SYNTHETIC,0
power-outage,0,863,2026-09-03T09:14:23Z,2026-09-03T09:14:24Z,2026-09-03T09:14:23Z,2026-09-03T09:14:24Z,site_b,SIM,synthetic_demo,B-WAN-1,UP,1000.0,78.0727,77.42,0.0,21.39,0.7278,0.13,0,UP,4.0,0.0,6,6,22,-61.3,19.097,5.054,0,0,0,32,0,69.0,0.0,0,0,,,,,,,,,,,,,,,,,,,,,0.0,0,,SYNTHETIC,0
power-outage,0,864,2026-09-03T09:14:24Z,2026-09-03T09:14:25Z,2026-09-03T09:14:24Z,2026-09-03T09:14:25Z,site_a,SIM,synthetic_demo,A-WAN-1,UP,1000.0,106.9564,107.11,0.0,18.3,2.3294,0.03,0,UP,4.0,0.0,48,12,102,-59.7,22.463,7.386,0,3,0,7,0,173.0,0.0,0,0,LOAD_SHED,LOAD_SHED,0,1,80.4,92.0,51.0191,50.833,2.0747,3.81378,3.93378,3.79946,3.91946,120.0,24.0,147.645,3,54.481,,DISCHARGE,0.0,0,,SYNTHETIC,0
power-outage,0,864,2026-09-03T09:14:24Z,2026-09-03T09:14:25Z,2026-09-03T09:14:24Z,2026-09-03T09:14:25Z,site_b,SIM,synthetic_demo,B-WAN-1,UP,1000.0,75.1013,74.46,0.0,21.63,0.4495,0.082,0,UP,4.0,0.0,6,6,35,-58.9,20.807,6.629,0,1,0,32,0,39.0,0.0,0,0,,,,,,,,,,,,,,,,,,,,,0.0,0,,SYNTHETIC,0
power-outage,0,865,2026-09-03T09:14:25Z,2026-09-03T09:14:26Z,2026-09-03T09:14:25Z,2026-09-03T09:14:26Z,site_a,SIM,synthetic_demo,A-WAN-1,UP,1000.0,109.8508,109.74,0.0,17.67,1.6723,0.076,0,UP,4.0,0.0,48,12,60,-62.7,18.565,5.614,0,3,0,7,0,284.0,0.0,0,0,LOAD_SHED,LOAD_SHED,0,1,80.47,92.0,51.019,50.836,2.0395,3.81377,3.93377,3.79969,3.91969,120.0,23.9,145.152,3,54.556,,DISCHARGE,0.0,0,,SYNTHETIC,0
power-outage,0,865,2026-09-03T09:14:25Z,2026-09-03T09:14:26Z,2026-09-03T09:14:25Z,2026-09-03T09:14:26Z,site_b,SIM,synthetic_demo,B-WAN-1,UP,1000.0,79.7818,79.16,0.0,24.44,3.1174,0.099,0,UP,4.0,0.0,6,6,50,-63.0,21.394,7.301,0,0,0,32,0,71.0,0.0,0,0,,,,,,,,,,,,,,,,,,,,,0.0,0,,SYNTHETIC,0
power-outage,0,866,2026-09-03T09:14:26Z,2026-09-03T09:14:27Z,2026-09-03T09:14:26Z,2026-09-03T09:14:27Z,site_a,SIM,synthetic_demo,A-WAN-1,UP,1000.0,104.1402,104.92,0.0,16.55,0.2224,0.086,0,UP,4.0,0.0,48,12,56,-60.9,18.333,5.541,2,5,0,7,0,233.0,0.0,0,0,LOAD_SHED,LOAD_SHED,0,1,80.39,92.0,51.0188,50.84,1.9935,3.81375,3.93375,3.8,3.92,120.0,23.9,141.886,3,54.656,,DISCHARGE,0.0,0,,SYNTHETIC,0
power-outage,0,866,2026-09-03T09:14:26Z,2026-09-03T09:14:27Z,2026-09-03T09:14:26Z,2026-09-03T09:14:27Z,site_b,SIM,synthetic_demo,B-WAN-1,UP,1000.0,76.2784,75.04,0.0,23.4,2.3403,0.122,0,UP,4.0,0.0,6,6,65,-59.3,26.365,7.735,0,0,0,32,0,49.0,0.0,0,0,,,,,,,,,,,,,,,,,,,,,0.0,0,,SYNTHETIC,0
power-outage,0,867,2026-09-03T09:14:27Z,2026-09-03T09:14:28Z,2026-09-03T09:14:27Z,2026-09-03T09:14:28Z,site_a,SIM,synthetic_demo,A-WAN-1,UP,1000.0,132.7884,133.67,0.0,16.81,0.7503,0.066,0,UP,4.0,0.0,48,12,38,-60.6,16.408,4.52,1,4,0,7,0,227.0,0.0,0,0,LOAD_SHED,LOAD_SHED,0,1,80.37,92.0,51.0186,50.8375,2.0186,3.81374,3.93374,3.79981,3.91981,120.0,24.0,143.67,3,54.6,,DISCHARGE,0.0,0,,SYNTHETIC,0
power-outage,0,867,2026-09-03T09:14:27Z,2026-09-03T09:14:28Z,2026-09-03T09:14:27Z,2026-09-03T09:14:28Z,site_b,SIM,synthetic_demo,B-WAN-1,UP,1000.0,73.1813,72.62,0.0,21.69,0.4977,0.116,0,UP,4.0,0.0,6,6,30,-65.3,18.791,6.479,0,0,0,32,0,49.0,0.0,0,0,,,,,,,,,,,,,,,,,,,,,0.0,0,,SYNTHETIC,0
power-outage,0,868,2026-09-03T09:14:28Z,2026-09-03T09:14:29Z,2026-09-03T09:14:28Z,2026-09-03T09:14:29Z,site_a,SIM,synthetic_demo,A-WAN-1,UP,1000.0,104.4593,103.91,0.0,16.9,1.1347,0.083,0,UP,4.0,0.0,48,12,60,-62.6,19.858,5.49,1,3,0,7,0,136.0,0.0,0,0,LOAD_SHED,LOAD_SHED,0,1,80.4,92.0,51.0184,50.8363,2.0302,3.81373,3.93373,3.79972,3.91972,120.0,23.8,144.487,3,54.574,,DISCHARGE,0.0,0,,SYNTHETIC,0
power-outage,0,868,2026-09-03T09:14:28Z,2026-09-03T09:14:29Z,2026-09-03T09:14:28Z,2026-09-03T09:14:29Z,site_b,SIM,synthetic_demo,B-WAN-1,UP,1000.0,71.5462,70.7,0.0,21.75,0.6435,0.108,0,UP,4.0,0.0,6,6,33,-61.8,19.89,4.723,0,1,0,32,0,61.0,0.0,0,0,,,,,,,,,,,,,,,,,,,,,0.0,0,,SYNTHETIC,0
power-outage,0,869,2026-09-03T09:14:29Z,2026-09-03T09:14:30Z,2026-09-03T09:14:29Z,2026-09-03T09:14:30Z,site_a,SIM,synthetic_demo,A-WAN-1,UP,1000.0,98.0955,97.63,0.0,16.73,1.2544,0.089,0,UP,4.0,0.0,48,12,44,-62.6,15.309,4.98,1,3,0,7,0,135.0,0.0,0,0,LOAD_SHED,LOAD_SHED,0,1,80.38,92.0,51.0183,50.839,1.9988,3.81371,3.93371,3.79992,3.91992,120.0,23.9,142.261,3,54.642,,DISCHARGE,0.0,0,,SYNTHETIC,0
power-outage,0,869,2026-09-03T09:14:29Z,2026-09-03T09:14:30Z,2026-09-03T09:14:29Z,2026-09-03T09:14:30Z,site_b,SIM,synthetic_demo,B-WAN-1,UP,1000.0,104.3027,104.25,0.0,25.05,3.9905,0.07,0,UP,4.0,0.0,6,6,30,-60.7,20.081,5.159,0,0,0,32,0,38.0,0.0,0,0,,,,,,,,,,,,,,,,,,,,,0.0,0,,SYNTHETIC,0
power-outage,0,870,2026-09-03T09:14:30Z,2026-09-03T09:14:31Z,2026-09-03T09:14:30Z,2026-09-03T09:14:31Z,site_a,SIM,synthetic_demo,A-WAN-1,UP,1000.0,112.5326,113.04,0.0,16.37,1.027,0.075,0,UP,4.0,0.0,48,12,56,-64.1,18.348,5.938,2,3,0,7,0,138.0,0.0,0,0,LOAD_SHED,LOAD_SHED,0,1,80.4,92.0,51.0181,50.8383,2.0049,3.8137,3.9337,3.79987,3.91987,120.0,23.8,142.697,3,54.628,,DISCHARGE,0.0,0,,SYNTHETIC,0
power-outage,0,870,2026-09-03T09:14:30Z,2026-09-03T09:14:31Z,2026-09-03T09:14:30Z,2026-09-03T09:14:31Z,site_b,SIM,synthetic_demo,B-WAN-1,UP,1000.0,74.8371,74.66,0.0,22.23,1.0838,0.13,0,UP,4.0,0.0,6,6,33,-61.3,17.991,5.339,0,0,0,32,0,68.0,0.0,0,0,,,,,,,,,,,,,,,,,,,,,0.0,0,,SYNTHETIC,0
power-outage,0,871,2026-09-03T09:14:31Z,2026-09-03T09:14:32Z,2026-09-03T09:14:31Z,2026-09-03T09:14:32Z,site_a,SIM,synthetic_demo,A-WAN-1,UP,1000.0,104.7698,104.74,0.0,18.11,1.6335,0.076,0,UP,4.0,0.0,48,12,44,-62.0,15.748,5.551,1,3,0,7,0,163.0,0.0,0,0,LOAD_SHED,LOAD_SHED,0,1,80.42,92.0,51.0179,50.8402,1.9811,3.81369,3.93369,3.80002,3.92002,120.0,24.0,141.006,3,54.679,,DISCHARGE,0.0,0,,SYNTHETIC,0
power-outage,0,871,2026-09-03T09:14:31Z,2026-09-03T09:14:32Z,2026-09-03T09:14:31Z,2026-09-03T09:14:32Z,site_b,SIM,synthetic_demo,B-WAN-1,UP,1000.0,92.8986,92.17,0.0,20.8,0.517,0.099,0,UP,4.0,0.0,6,6,68,-61.8,26.598,8.04,0,0,0,32,0,59.0,0.0,0,0,,,,,,,,,,,,,,,,,,,,,0.0,0,,SYNTHETIC,0
power-outage,0,872,2026-09-03T09:14:32Z,2026-09-03T09:14:33Z,2026-09-03T09:14:32Z,2026-09-03T09:14:33Z,site_a,SIM,synthetic_demo,A-WAN-1,UP,1000.0,104.2766,103.67,0.0,15.63,0.0848,0.112,0,UP,4.0,0.0,48,12,31,-61.4,16.177,4.427,0,5,0,7,0,97.0,0.0,0,0,LOAD_SHED,LOAD_SHED,0,1,80.32,92.0,51.0178,50.8385,1.9986,3.81367,3.93367,3.79988,3.91988,120.0,23.9,142.247,3,54.64,,DISCHARGE,0.0,0,,SYNTHETIC,0
power-outage,0,872,2026-09-03T09:14:32Z,2026-09-03T09:14:33Z,2026-09-03T09:14:32Z,2026-09-03T09:14:33Z,site_b,SIM,synthetic_demo,B-WAN-1,UP,1000.0,81.3338,81.33,0.0,22.69,2.1987,0.112,0,UP,4.0,0.0,6,6,22,-62.2,18.778,5.185,1,0,0,32,0,64.0,0.0,0,0,,,,,,,,,,,,,,,,,,,,,0.0,0,,SYNTHETIC,0
power-outage,0,873,2026-09-03T09:14:33Z,2026-09-03T09:14:34Z,2026-09-03T09:14:33Z,2026-09-03T09:14:34Z,site_a,SIM,synthetic_demo,A-WAN-1,UP,1000.0,101.1204,101.51,0.0,20.02,3.7901,0.102,0,UP,4.0,0.0,48,12,64,-62.0,19.719,5.967,1,4,0,7,0,114.0,0.0,0,0,LOAD_SHED,LOAD_SHED,0,1,80.33,92.0,51.0176,50.8355,2.0298,3.81366,3.93366,3.79966,3.91966,120.0,23.9,144.462,3,54.571,,DISCHARGE,0.0,0,,SYNTHETIC,0
power-outage,0,873,2026-09-03T09:14:33Z,2026-09-03T09:14:34Z,2026-09-03T09:14:33Z,2026-09-03T09:14:34Z,site_b,SIM,synthetic_demo,B-WAN-1,UP,1000.0,87.5524,88.96,0.0,22.77,1.788,0.075,0,UP,4.0,0.0,6,6,71,-60.0,27.527,8.493,0,0,0,32,0,51.0,0.0,0,0,,,,,,,,,,,,,,,,,,,,,0.0,0,,SYNTHETIC,0
power-outage,0,874,2026-09-03T09:14:34Z,2026-09-03T09:14:35Z,2026-09-03T09:14:34Z,2026-09-03T09:14:35Z,site_a,SIM,synthetic_demo,A-WAN-1,UP,1000.0,162.3776,161.56,0.0,17.53,1.4774,0.095,0,UP,4.0,0.0,48,12,53,-62.0,16.663,5.322,1,3,0,7,0,184.0,0.0,0,0,LOAD_SHED,LOAD_SHED,0,1,80.36,92.0,51.0174,50.8318,2.0692,3.81365,3.93365,3.79937,3.91937,120.0,23.9,147.25,3,54.484,,DISCHARGE,0.0,0,,SYNTHETIC,0
power-outage,0,874,2026-09-03T09:14:34Z,2026-09-03T09:14:35Z,2026-09-03T09:14:34Z,2026-09-03T09:14:35Z,site_b,SIM,synthetic_demo,B-WAN-1,UP,1000.0,124.2012,125.57,0.0,24.51,3.1286,0.072,0,UP,4.0,0.0,6,6,43,-59.6,21.522,6.421,0,0,0,32,0,50.0,0.0,0,0,,,,,,,,,,,,,,,,,,,,,0.0,0,,SYNTHETIC,0
power-outage,0,875,2026-09-03T09:14:35Z,2026-09-03T09:14:36Z,2026-09-03T09:14:35Z,2026-09-03T09:14:36Z,site_a,SIM,synthetic_demo,A-WAN-1,UP,1000.0,170.4536,169.85,0.0,19.31,3.318,0.075,0,UP,4.0,0.0,48,48,345,-62.4,22.088,6.62,1,5,0,7,0,174.0,0.0,0,0,LOAD_SHED,BATTERY,0,1,80.46,92.0,51.0173,50.8396,1.9808,3.81363,3.93363,3.79997,3.91997,120.0,23.9,140.983,,687.596,,DISCHARGE,0.0,0,,SYNTHETIC|STALE,0
power-outage,0,875,2026-09-03T09:14:35Z,2026-09-03T09:14:36Z,2026-09-03T09:14:35Z,2026-09-03T09:14:36Z,site_b,SIM,synthetic_demo,B-WAN-1,UP,1000.0,72.3932,72.16,0.0,21.66,0.5408,0.113,0,UP,4.0,0.0,6,6,47,-61.835,21.405,6.925,0,1,0,32,0,42.0,0.0,0,0,,,,,,,,,,,,,,,,,,,,,0.0,0,,SYNTHETIC|STALE,0
power-outage,0,876,2026-09-03T09:14:36Z,2026-09-03T09:14:37Z,2026-09-03T09:14:36Z,2026-09-03T09:14:37Z,site_a,SIM,synthetic_demo,A-WAN-1,UP,1000.0,164.9443,165.19,0.0,15.75,0.316,0.086,0,UP,4.0,0.0,48,48,201,-61.835,16.936,5.387,1,7,0,7,0,168.0,0.0,0,0,BATTERY,BATTERY,0,1,80.34,92.0,51.0153,48.6795,26.0399,3.81348,3.93348,3.63381,3.75381,120.0,23.9,1774.439,,54.63,OCP_DSG,DISCHARGE,0.0,0,,SYNTHETIC|STALE,0
power-outage,0,876,2026-09-03T09:14:36Z,2026-09-03T09:14:37Z,2026-09-03T09:14:36Z,2026-09-03T09:14:37Z,site_b,SIM,synthetic_demo,B-WAN-1,UP,1000.0,83.7251,83.19,0.0,22.5,1.39,0.101,0,UP,4.0,0.0,6,6,37,-61.835,21.623,5.721,0,1,0,32,0,63.0,0.0,0,0,,,,,,,,,,,,,,,,,,,,,0.0,0,,SYNTHETIC|STALE,0
power-outage,0,877,2026-09-03T09:14:37Z,2026-09-03T09:14:38Z,2026-09-03T09:14:37Z,2026-09-03T09:14:38Z,site_a,SIM,synthetic_demo,A-WAN-1,UP,1000.0,133.6633,132.77,0.0,16.33,0.5817,0.077,0,UP,4.0,0.0,48,12,47,-61.835,17.086,5.022,0,4,0,7,0,153.0,0.0,0,0,BATTERY,LOAD_SHED,0,1,80.34,92.0,51.0151,50.8331,2.0288,3.81347,3.93347,3.79947,3.91947,120.0,23.9,144.38,3,54.56,,DISCHARGE,0.0,0,,SYNTHETIC|STALE,0
power-outage,0,877,2026-09-03T09:14:37Z,2026-09-03T09:14:38Z,2026-09-03T09:14:37Z,2026-09-03T09:14:38Z,site_b,SIM,synthetic_demo,B-WAN-1,UP,1000.0,88.9547,89.04,0.0,20.78,0.5076,0.085,0,UP,4.0,0.0,6,6,36,-60.4,22.186,5.937,0,0,0,32,0,76.0,0.0,0,0,,,,,,,,,,,,,,,,,,,,,0.0,0,,SYNTHETIC,0
power-outage,0,878,2026-09-03T09:14:38Z,2026-09-03T09:14:39Z,2026-09-03T09:14:38Z,2026-09-03T09:14:39Z,site_a,SIM,synthetic_demo,A-WAN-1,UP,1000.0,109.0014,109.13,0.0,17.71,2.082,0.047,0,UP,4.0,0.0,48,12,55,-62.8,19.21,5.971,0,4,0,7,0,126.0,0.0,0,0,LOAD_SHED,LOAD_SHED,0,1,80.39,92.0,51.015,50.8356,1.9993,3.81346,3.93346,3.79966,3.91966,120.0,23.8,142.289,3,54.623,,DISCHARGE,0.0,0,,SYNTHETIC,0
power-outage,0,878,2026-09-03T09:14:38Z,2026-09-03T09:14:39Z,2026-09-03T09:14:38Z,2026-09-03T09:14:39Z,site_b,SIM,synthetic_demo,B-WAN-1,UP,1000.0,85.4841,86.11,0.0,21.78,0.8523,0.116,0,UP,4.0,0.0,6,6,29,-64.0,19.916,6.292,0,0,0,32,0,45.0,0.0,0,0,,,,,,,,,,,,,,,,,,,,,0.0,0,,SYNTHETIC,0
power-outage,0,879,2026-09-03T09:14:39Z,2026-09-03T09:14:40Z,2026-09-03T09:14:39Z,2026-09-03T09:14:40Z,site_a,SIM,synthetic_demo,A-WAN-1,UP,1000.0,123.6843,124.1,0.0,16.01,0.1734,0.078,0,UP,4.0,0.0,48,12,79,-62.5,20.233,6.965,0,6,0,7,0,167.0,0.0,0,0,LOAD_SHED,LOAD_SHED,0,1,80.49,92.0,51.0148,50.8377,1.9745,3.81345,3.93345,3.79982,3.91982,120.0,23.8,140.532,3,54.676,,DISCHARGE,0.0,0,,SYNTHETIC,0
power-outage,0,879,2026-09-03T09:14:39Z,2026-09-03T09:14:40Z,2026-09-03T09:14:39Z,2026-09-03T09:14:40Z,site_b,SIM,synthetic_demo,B-WAN-1,UP,1000.0,83.9422,83.47,0.0,21.57,0.3238,0.073,0,UP,4.0,0.0,6,6,32,-62.5,19.275,6.001,0,0,0,32,0,62.0,0.0,0,0,,,,,,,,,,,,,,,,,,,,,0.0,0,,SYNTHETIC,0
power-outage,0,880,2026-09-03T09:14:40Z,2026-09-03T09:14:41Z,2026-09-03T09:14:40Z,2026-09-03T09:14:41Z,site_a,SIM,synthetic_demo,A-WAN-1,UP,1000.0,96.8011,97.09,0.0,16.21,0.8392,0.072,0,UP,4.0,0.0,48,12,37,-60.4,16.685,4.352,1,4,0,7,0,75.0,0.0,0,0,LOAD_SHED,LOAD_SHED,0,1,80.45,92.0,51.0146,50.837,1.9799,3.81343,3.93343,3.79977,3.91977,120.0,23.9,140.909,3,54.664,,DISCHARGE,0.0,0,,SYNTHETIC,0
power-outage,0,880,2026-09-03T09:14:40Z,2026-09-03T09:14:41Z,2026-09-03T09:14:40Z,2026-09-03T09:14:41Z,site_b,SIM,synthetic_demo,B-WAN-1,UP,1000.0,94.2008,94.31,0.0,22.1,1.1581,0.079,0,UP,4.0,0.0,6,6,53,-61.3,23.266,7.015,0,0,0,32,0,61.0,0.0,0,0,,,,,,,,,,,,,,,,,,,,,0.0,0,,SYNTHETIC,0
power-outage,0,881,2026-09-03T09:14:41Z,2026-09-03T09:14:42Z,2026-09-03T09:14:41Z,2026-09-03T09:14:42Z,site_a,SIM,synthetic_demo,A-WAN-1,UP,1000.0,205.2145,204.62,0.0,19.4,3.4667,0.085,0,UP,4.0,0.0,48,12,48,-61.1,18.576,5.109,0,4,0,7,0,166.0,0.0,0,0,LOAD_SHED,LOAD_SHED,0,1,80.47,92.0,51.0145,50.8384,1.9629,3.81342,3.93342,3.79988,3.91988,120.0,23.9,139.708,3,54.7,,DISCHARGE,0.0,0,,SYNTHETIC,0
power-outage,0,881,2026-09-03T09:14:41Z,2026-09-03T09:14:42Z,2026-09-03T09:14:41Z,2026-09-03T09:14:42Z,site_b,SIM,synthetic_demo,B-WAN-1,UP,1000.0,91.343,91.22,0.0,22.4,1.2818,0.114,0,UP,4.0,0.0,6,6,28,-62.7,18.281,6.384,1,0,0,32,0,48.0,0.0,0,0,,,,,,,,,,,,,,,,,,,,,0.0,0,,SYNTHETIC,0
power-outage,0,882,2026-09-03T09:14:42Z,2026-09-03T09:14:43Z,2026-09-03T09:14:42Z,2026-09-03T09:14:43Z,site_a,SIM,synthetic_demo,A-WAN-1,UP,1000.0,117.5592,117.69,0.0,17.43,1.8384,0.1,0,UP,4.0,0.0,48,12,60,-63.3,19.068,5.288,0,4,0,7,0,128.0,0.0,0,0,LOAD_SHED,LOAD_SHED,0,1,80.36,92.0,51.0143,50.8366,1.9804,3.81341,3.93341,3.79974,3.91974,120.0,23.8,140.947,3,54.661,,DISCHARGE,0.0,0,,SYNTHETIC,0
power-outage,0,882,2026-09-03T09:14:42Z,2026-09-03T09:14:43Z,2026-09-03T09:14:42Z,2026-09-03T09:14:43Z,site_b,SIM,synthetic_demo,B-WAN-1,UP,1000.0,105.1936,105.63,0.0,21.3,0.3829,0.072,0,UP,4.0,0.0,6,6,69,-62.7,26.451,8.674,0,0,0,32,0,54.0,0.0,0,0,,,,,,,,,,,,,,,,,,,,,0.0,0,,SYNTHETIC,0
power-outage,0,883,2026-09-03T09:14:43Z,2026-09-03T09:14:44Z,2026-09-03T09:14:43Z,2026-09-03T09:14:44Z,site_a,SIM,synthetic_demo,A-WAN-1,UP,1000.0,111.8,112.08,0.0,16.96,0.2132,0.055,0,UP,4.0,0.0,48,12,99,-60.6,23.587,7.122,0,5,0,7,0,140.0,0.0,0,0,LOAD_SHED,LOAD_SHED,0,1,80.42,92.0,51.0141,50.832,2.0307,3.81339,3.93339,3.79938,3.91938,120.0,23.9,144.512,3,54.55,,DISCHARGE,0.0,0,,SYNTHETIC,0
power-outage,0,883,2026-09-03T09:14:43Z,2026-09-03T09:14:44Z,2026-09-03T09:14:43Z,2026-09-03T09:14:44Z,site_b,SIM,synthetic_demo,B-WAN-1,UP,1000.0,85.1738,85.83,0.0,21.97,0.5746,0.085,0,UP,4.0,0.0,6,6,29,-62.9,17.809,5.59,1,0,0,32,0,26.0,0.0,0,0,,,,,,,,,,,,,,,,,,,,,0.0,0,,SYNTHETIC,0
power-outage,0,884,2026-09-03T09:14:44Z,2026-09-03T09:14:45Z,2026-09-03T09:14:44Z,2026-09-03T09:14:45Z,site_a,SIM,synthetic_demo,A-WAN-1,UP,1000.0,143.5605,143.1,0.0,17.09,0.9179,0.08,0,UP,4.0,0.0,48,12,64,-61.5,18.408,5.607,0,4,0,7,0,113.0,0.0,0,0,LOAD_SHED,LOAD_SHED,0,1,80.49,92.0,51.0139,50.8314,2.0354,3.81338,3.93338,3.79934,3.91934,120.0,23.8,144.842,3,54.539,,DISCHARGE,0.0,0,,SYNTHETIC,0
power-outage,0,884,2026-09-03T09:14:44Z,2026-09-03T09:14:45Z,2026-09-03T09:14:44Z,2026-09-03T09:14:45Z,site_b,SIM,synthetic_demo,B-WAN-1,UP,1000.0,102.1683,102.69,0.0,21.88,0.4812,0.119,0,UP,4.0,0.0,6,6,31,-63.8,20.944,6.497,0,0,0,32,0,57.0,0.0,0,0,,,,,,,,,,,,,,,,,,,,,0.0,0,,SYNTHETIC,0
power-outage,0,885,2026-09-03T09:14:45Z,2026-09-03T09:14:46Z,2026-09-03T09:14:45Z,2026-09-03T09:14:46Z,site_a,SIM,synthetic_demo,A-WAN-1,UP,1000.0,120.779,121.06,0.0,18.55,2.0908,0.112,0,UP,4.0,0.0,48,12,52,-62.0,17.741,5.907,0,4,0,7,0,117.0,0.0,0,0,LOAD_SHED,LOAD_SHED,0,1,80.41,92.0,51.0138,50.8377,1.9626,3.81337,3.93337,3.79983,3.91983,120.0,24.0,139.681,3,54.697,,DISCHARGE,0.0,0,,SYNTHETIC,0
power-outage,0,885,2026-09-03T09:14:45Z,2026-09-03T09:14:46Z,2026-09-03T09:14:45Z,2026-09-03T09:14:46Z,site_b,SIM,synthetic_demo,B-WAN-1,UP,1000.0,90.1688,89.69,0.0,22.44,2.1216,0.112,0,UP,4.0,0.0,6,6,75,-62.7,29.536,9.447,0,1,0,32,0,84.0,0.0,0,0,,,,,,,,,,,,,,,,,,,,,0.0,0,,SYNTHETIC,0
power-outage,0,886,2026-09-03T09:14:46Z,2026-09-03T09:14:47Z,2026-09-03T09:14:46Z,2026-09-03T09:14:47Z,site_a,SIM,synthetic_demo,A-WAN-1,UP,1000.0,163.7358,162.87,0.0,17.34,1.7239,0.07,0,UP,4.0,0.0,48,12,59,-64.1,19.027,5.716,0,4,0,7,0,121.0,0.0,0,0,LOAD_SHED,LOAD_SHED,0,1,80.38,92.0,51.0136,50.8316,2.0289,3.81335,3.93335,3.79935,3.91935,120.0,23.9,144.382,3,54.552,,DISCHARGE,0.0,0,,SYNTHETIC,0
power-outage,0,886,2026-09-03T09:14:46Z,2026-09-03T09:14:47Z,2026-09-03T09:14:46Z,2026-09-03T09:14:47Z,site_b,SIM,synthetic_demo,B-WAN-1,UP,1000.0,87.9295,88.03,0.0,21.65,0.0967,0.133,0,UP,4.0,0.0,6,6,36,-59.6,21.458,5.791,0,1,0,32,0,58.0,0.0,0,0,,,,,,,,,,,,,,,,,,,,,0.0,0,,SYNTHETIC,0
power-outage,0,887,2026-09-03T09:14:47Z,2026-09-03T09:14:48Z,2026-09-03T09:14:47Z,2026-09-03T09:14:48Z,site_a,SIM,synthetic_demo,A-WAN-1,UP,1000.0,112.976,113.18,0.0,19.37,2.9382,0.083,0,UP,4.0,0.0,48,12,79,-61.8,22.06,6.44,1,4,0,7,0,173.0,0.0,0,0,LOAD_SHED,LOAD_SHED,0,1,80.39,92.0,51.0134,50.8333,2.0086,3.81334,3.93334,3.79948,3.91948,120.0,24.0,142.941,3,54.595,,DISCHARGE,0.0,0,,SYNTHETIC,0
power-outage,0,887,2026-09-03T09:14:47Z,2026-09-03T09:14:48Z,2026-09-03T09:14:47Z,2026-09-03T09:14:48Z,site_b,SIM,synthetic_demo,B-WAN-1,UP,1000.0,98.0088,97.16,0.0,23.02,2.0215,0.111,0,UP,4.0,0.0,6,6,23,-63.8,17.456,5.572,0,0,0,32,0,48.0,0.0,0,0,,,,,,,,,,,,,,,,,,,,,0.0,0,,SYNTHETIC,0
power-outage,0,888,2026-09-03T09:14:48Z,2026-09-03T09:14:49Z,2026-09-03T09:14:48Z,2026-09-03T09:14:49Z,site_a,SIM,synthetic_demo,A-WAN-1,UP,1000.0,99.65,100.08,0.0,17.18,0.821,0.077,0,UP,4.0,0.0,48,12,70,-61.7,19.174,6.237,0,4,0,7,0,98.0,0.0,0,0,LOAD_SHED,LOAD_SHED,0,1,80.33,92.0,51.0133,50.834,1.9984,3.81333,3.93333,3.79954,3.91954,120.0,23.8,142.223,3,54.616,,DISCHARGE,0.0,0,,SYNTHETIC,0
power-outage,0,888,2026-09-03T09:14:48Z,2026-09-03T09:14:49Z,2026-09-03T09:14:48Z,2026-09-03T09:14:49Z,site_b,SIM,synthetic_demo,B-WAN-1,UP,1000.0,93.062,94.94,0.0,24.72,3.6151,0.104,0,UP,4.0,0.0,6,6,17,-60.2,16.73,4.374,0,1,0,32,0,49.0,0.0,0,0,,,,,,,,,,,,,,,,,,,,,0.0,0,,SYNTHETIC,0
power-outage,0,889,2026-09-03T09:14:49Z,2026-09-03T09:14:50Z,2026-09-03T09:14:49Z,2026-09-03T09:14:50Z,site_a,SIM,synthetic_demo,A-WAN-1,UP,1000.0,96.2981,95.97,0.0,17.86,0.8995,0.102,0,UP,4.0,0.0,48,12,55,-61.5,17.957,4.998,0,4,0,7,0,155.0,0.0,0,0,LOAD_SHED,LOAD_SHED,0,1,80.36,92.0,51.0131,50.8306,2.035,3.81331,3.93331,3.79927,3.91927,120.0,23.9,144.816,3,54.536,,DISCHARGE,0.0,0,,SYNTHETIC,0
power-outage,0,889,2026-09-03T09:14:49Z,2026-09-03T09:14:50Z,2026-09-03T09:14:49Z,2026-09-03T09:14:50Z,site_b,SIM,synthetic_demo,B-WAN-1,UP,1000.0,89.3485,89.44,0.0,21.22,0.6711,0.078,0,UP,4.0,0.0,6,6,43,-61.4,21.086,6.277,0,0,0,32,0,67.0,0.0,0,0,,,,,,,,,,,,,,,,,,,,,0.0,0,,SYNTHETIC,0
power-outage,0,890,2026-09-03T09:14:50Z,2026-09-03T09:14:51Z,2026-09-03T09:14:50Z,2026-09-03T09:14:51Z,site_a,SIM,synthetic_demo,A-WAN-1,UP,1000.0,91.2651,90.86,0.0,16.37,0.657,0.098,0,UP,4.0,0.0,48,12,55,-62.9,17.937,5.474,0,5,0,7,0,160.0,0.0,0,0,LOAD_SHED,LOAD_SHED,0,1,80.33,92.0,51.0129,50.8346,1.9883,3.8133,3.9333,3.79958,3.91958,120.0,23.8,141.504,3,54.637,,DISCHARGE,0.0,0,,SYNTHETIC,0
power-outage,0,890,2026-09-03T09:14:50Z,2026-09-03T09:14:51Z,2026-09-03T09:14:50Z,2026-09-03T09:14:51Z,site_b,SIM,synthetic_demo,B-WAN-1,UP,1000.0,80.945,80.82,0.0,22.41,0.5514,0.085,0,UP,4.0,0.0,6,6,38,-62.5,20.66,6.269,0,0,0,32,0,61.0,0.0,0,0,,,,,,,,,,,,,,,,,,,,,0.0,0,,SYNTHETIC,0
power-outage,0,891,2026-09-03T09:14:51Z,2026-09-03T09:14:52Z,2026-09-03T09:14:51Z,2026-09-03T09:14:52Z,site_a,SIM,synthetic_demo,A-WAN-1,UP,1000.0,88.0677,88.83,0.0,16.77,0.9905,0.087,0,UP,4.0,0.0,48,12,56,-61.3,17.592,5.266,0,5,0,7,0,173.0,0.0,0,0,LOAD_SHED,LOAD_SHED,0,1,80.34,92.0,51.0128,50.8331,2.0027,3.81329,3.93329,3.79947,3.91947,120.0,23.9,142.524,3,54.605,,DISCHARGE,0.0,0,,SYNTHETIC,0
power-outage,0,891,2026-09-03T09:14:51Z,2026-09-03T09:14:52Z,2026-09-03T09:14:51Z,2026-09-03T09:14:52Z,site_b,SIM,synthetic_demo,B-WAN-1,UP,1000.0,77.5888,77.33,0.0,24.61,3.527,0.079,0,UP,4.0,0.0,6,6,42,-62.9,21.021,6.819,0,0,0,32,0,72.0,0.0,0,0,,,,,,,,,,,,,,,,,,,,,0.0,0,,SYNTHETIC,0
power-outage,0,892,2026-09-03T09:14:52Z,2026-09-03T09:14:53Z,2026-09-03T09:14:52Z,2026-09-03T09:14:53Z,site_a,SIM,synthetic_demo,A-WAN-1,UP,1000.0,122.7401,122.84,0.0,16.79,0.2913,0.083,0,UP,4.0,0.0,48,48,390,-62.0,23.524,7.218,1,3,0,7,0,216.0,0.0,0,0,LOAD_SHED,BATTERY,0,1,80.33,92.0,51.0126,50.8326,2.0061,3.81328,3.93328,3.79943,3.91943,120.0,23.8,142.761,,678.726,,DISCHARGE,0.0,0,,SYNTHETIC,0
power-outage,0,892,2026-09-03T09:14:52Z,2026-09-03T09:14:53Z,2026-09-03T09:14:52Z,2026-09-03T09:14:53Z,site_b,SIM,synthetic_demo,B-WAN-1,UP,1000.0,73.2816,73.67,0.0,24.81,3.6436,0.117,0,UP,4.0,0.0,6,6,31,-58.9,20.24,5.245,0,1,0,32,0,60.0,0.0,0,0,,,,,,,,,,,,,,,,,,,,,0.0,0,,SYNTHETIC,0
power-outage,0,893,2026-09-03T09:14:53Z,2026-09-03T09:14:54Z,2026-09-03T09:14:53Z,2026-09-03T09:14:54Z,site_a,SIM,synthetic_demo,A-WAN-1,UP,1000.0,112.1203,110.97,0.0,17.64,1.5077,0.093,0,UP,4.0,0.0,48,48,52,-62.8,13.205,3.725,0,5,0,7,0,188.0,0.0,0,0,BATTERY,BATTERY,0,1,80.31,92.0,51.0106,48.6766,26.02,3.81313,3.93313,3.63359,3.75359,120.0,23.8,1772.979,,54.65,OCP_DSG,DISCHARGE,0.0,0,,SYNTHETIC,0
power-outage,0,893,2026-09-03T09:14:53Z,2026-09-03T09:14:54Z,2026-09-03T09:14:53Z,2026-09-03T09:14:54Z,site_b,SIM,synthetic_demo,B-WAN-1,UP,1000.0,71.1051,70.87,0.0,21.26,0.2178,0.083,0,UP,4.0,0.0,6,6,32,-60.1,17.499,5.833,1,0,0,32,0,53.0,0.0,0,0,,,,,,,,,,,,,,,,,,,,,0.0,0,,SYNTHETIC,0
power-outage,0,894,2026-09-03T09:14:54Z,2026-09-03T09:14:55Z,2026-09-03T09:14:54Z,2026-09-03T09:14:55Z,site_a,SIM,synthetic_demo,A-WAN-1,UP,1000.0,147.0769,147.86,0.0,19.62,3.016,0.08,0,UP,4.0,0.0,48,12,77,-62.3,21.205,6.166,0,5,0,7,0,178.0,0.0,0,0,BATTERY,LOAD_SHED,0,1,80.27,92.0,51.0105,50.8282,2.0316,3.81311,3.93311,3.79909,3.91909,120.0,23.9,144.568,3,54.529,,DISCHARGE,0.0,0,,SYNTHETIC,0
power-outage,0,894,2026-09-03T09:14:54Z,2026-09-03T09:14:55Z,2026-09-03T09:14:54Z,2026-09-03T09:14:55Z,site_b,SIM,synthetic_demo,B-WAN-1,UP,1000.0,77.0125,76.36,0.0,22.51,2.2124,0.106,0,UP,4.0,0.0,6,6,58,-62.4,25.539,7.373,0,1,0,32,0,55.0,0.0,0,0,,,,,,,,,,,,,,,,,,,,,0.0,0,,SYNTHETIC,0
power-outage,0,895,2026-09-03T09:14:55Z,2026-09-03T09:14:56Z,2026-09-03T09:14:55Z,2026-09-03T09:14:56Z,site_a,SIM,synthetic_demo,A-WAN-1,UP,1000.0,87.2305,86.83,0.0,17.34,1.313,0.065,0,UP,4.0,0.0,48,12,80,-62.1,20.382,6.266,0,6,0,7,0,70.0,0.0,0,0,LOAD_SHED,LOAD_SHED,0,1,80.46,92.0,51.0103,50.8288,2.0228,3.8131,3.9331,3.79914,3.91914,120.0,23.8,143.945,3,54.547,,DISCHARGE,0.0,0,,SYNTHETIC,0
power-outage,0,895,2026-09-03T09:14:55Z,2026-09-03T09:14:56Z,2026-09-03T09:14:55Z,2026-09-03T09:14:56Z,site_b,SIM,synthetic_demo,B-WAN-1,UP,1000.0,70.8069,71.03,0.0,22.04,1.1036,0.103,0,UP,4.0,0.0,6,6,13,-62.1,14.414,4.674,0,0,0,32,0,43.0,0.0,0,0,,,,,,,,,,,,,,,,,,,,,0.0,0,,SYNTHETIC,0
power-outage,0,896,2026-09-03T09:14:56Z,2026-09-03T09:14:57Z,2026-09-03T09:14:56Z,2026-09-03T09:14:57Z,site_a,SIM,synthetic_demo,A-WAN-1,UP,1000.0,130.2757,130.12,0.0,16.81,0.74,0.101,0,UP,4.0,0.0,48,12,55,-62.2,18.513,5.811,1,6,0,7,0,214.0,0.0,0,0,LOAD_SHED,LOAD_SHED,0,1,80.42,92.0,51.0101,50.8286,2.0232,3.81309,3.93309,3.79913,3.91913,120.0,24.0,143.968,3,54.546,,DISCHARGE,0.0,0,,SYNTHETIC,0
power-outage,0,896,2026-09-03T09:14:56Z,2026-09-03T09:14:57Z,2026-09-03T09:14:56Z,2026-09-03T09:14:57Z,site_b,SIM,synthetic_demo,B-WAN-1,UP,1000.0,69.3472,68.66,0.0,23.74,2.3035,0.098,0,UP,4.0,0.0,6,6,39,-60.2,20.952,6.587,0,0,0,32,0,23.0,0.0,0,0,,,,,,,,,,,,,,,,,,,,,0.0,0,,SYNTHETIC,0
power-outage,0,897,2026-09-03T09:14:57Z,2026-09-03T09:14:58Z,2026-09-03T09:14:57Z,2026-09-03T09:14:58Z,site_a,SIM,synthetic_demo,A-WAN-1,UP,1000.0,124.9534,124.97,0.0,16.69,1.1191,0.084,0,UP,4.0,0.0,48,12,51,-62.2,17.494,4.895,1,7,0,7,0,371.0,0.0,0,0,LOAD_SHED,LOAD_SHED,0,1,80.32,92.0,51.0099,50.827,2.0396,3.81307,3.93307,3.799,3.919,120.0,23.9,145.134,3,54.509,,DISCHARGE,0.0,0,,SYNTHETIC,0
power-outage,0,897,2026-09-03T09:14:57Z,2026-09-03T09:14:58Z,2026-09-03T09:14:57Z,2026-09-03T09:14:58Z,site_b,SIM,synthetic_demo,B-WAN-1,UP,1000.0,86.0666,85.87,0.0,22.6,1.6534,0.106,0,UP,4.0,0.0,6,6,26,,19.724,6.291,1,0,0,32,0,67.0,0.0,0,0,,,,,,,,,,,,,,,,,,,,,0.0,0,,SYNTHETIC|GAP|MISSING_MCAR,0
power-outage,0,898,2026-09-03T09:14:58Z,2026-09-03T09:14:59Z,2026-09-03T09:14:58Z,2026-09-03T09:14:59Z,site_a,SIM,synthetic_demo,A-WAN-1,UP,1000.0,122.278,120.63,0.0,20.99,4.722,0.121,0,UP,4.0,0.0,48,12,61,-62.3,18.031,5.999,0,5,0,7,0,312.0,0.0,0,0,LOAD_SHED,LOAD_SHED,0,1,80.35,92.0,51.0098,50.8288,2.018,3.81306,3.93306,3.79914,3.91914,120.0,24.0,143.6,3,54.555,,DISCHARGE,0.0,0,,SYNTHETIC,0
power-outage,0,898,2026-09-03T09:14:58Z,2026-09-03T09:14:59Z,2026-09-03T09:14:58Z,2026-09-03T09:14:59Z,site_b,SIM,synthetic_demo,B-WAN-1,UP,1000.0,73.4737,73.75,0.0,22.11,1.0344,0.112,0,UP,4.0,0.0,6,6,37,-62.9,20.671,6.74,0,1,0,32,0,36.0,0.0,0,0,,,,,,,,,,,,,,,,,,,,,0.0,0,,SYNTHETIC,0
power-outage,0,899,2026-09-03T09:14:59Z,2026-09-03T09:15:00Z,2026-09-03T09:14:59Z,2026-09-03T09:15:00Z,site_a,SIM,synthetic_demo,A-WAN-1,UP,1000.0,119.191,119.93,0.0,17.56,1.9113,0.043,0,UP,4.0,0.0,48,12,56,-62.8,16.519,5.827,0,5,0,7,0,117.0,0.0,0,0,LOAD_SHED,LOAD_SHED,0,1,80.37,92.0,51.0096,50.8217,2.0942,3.81305,3.93305,3.7986,3.9186,120.0,23.9,149.005,3,54.389,,DISCHARGE,0.0,0,,SYNTHETIC,0
power-outage,0,899,2026-09-03T09:14:59Z,2026-09-03T09:15:00Z,2026-09-03T09:14:59Z,2026-09-03T09:15:00Z,site_b,SIM,synthetic_demo,B-WAN-1,UP,1000.0,85.7334,86.29,0.0,22.77,1.1179,0.072,0,UP,4.0,0.0,6,6,33,-61.0,18.409,5.912,0,0,0,32,0,107.0,0.0,0,0,,,,,,,,,,,,,,,,,,,,,0.0,0,,SYNTHETIC,0
power-outage,0,900,2026-09-03T09:15:00Z,2026-09-03T09:15:01Z,2026-09-03T09:15:00Z,2026-09-03T09:15:01Z,site_a,SIM,synthetic_demo,A-WAN-1,UP,1000.0,114.0862,113.93,0.0,17.83,1.3843,0.057,0,UP,4.0,0.0,48,12,59,-61.7,18.781,6.021,0,5,0,7,0,194.0,0.0,0,0,LOAD_SHED,MAINS_RECOVERY_HOLD,1,1,80.39,92.0,51.1294,50.9487,2.0147,3.93303,3.93303,3.91913,3.91913,0.0,23.9,143.705,3,54.55,,DISCHARGE,0.0,0,,SYNTHETIC,0
power-outage,0,900,2026-09-03T09:15:00Z,2026-09-03T09:15:01Z,2026-09-03T09:15:00Z,2026-09-03T09:15:01Z,site_b,SIM,synthetic_demo,B-WAN-1,UP,1000.0,79.459,79.16,0.0,22.61,1.0116,0.103,0,UP,4.0,0.0,6,6,17,-61.3,18.865,5.188,0,0,0,32,0,111.0,0.0,0,0,,,,,,,,,,,,,,,,,,,,,0.0,0,,SYNTHETIC,0
power-outage,0,901,2026-09-03T09:15:01Z,2026-09-03T09:15:02Z,2026-09-03T09:15:01Z,2026-09-03T09:15:02Z,site_a,SIM,synthetic_demo,A-WAN-1,UP,1000.0,108.7303,109.45,0.0,16.64,0.5958,0.103,0,UP,4.0,0.0,48,12,57,-63.7,18.73,5.741,1,5,0,7,0,108.0,0.0,0,0,MAINS_RECOVERY_HOLD,MAINS_RECOVERY_HOLD,1,1,80.32,92.0,51.1293,50.9493,2.0057,3.93302,3.93302,3.91918,3.91918,0.0,23.9,143.063,3,54.569,,DISCHARGE,0.0,0,,SYNTHETIC,0
power-outage,0,901,2026-09-03T09:15:01Z,2026-09-03T09:15:02Z,2026-09-03T09:15:01Z,2026-09-03T09:15:02Z,site_b,SIM,synthetic_demo,B-WAN-1,UP,1000.0,74.448,73.74,0.0,21.46,0.943,0.101,0,UP,4.0,0.0,6,6,27,-62.2,19.707,5.534,0,0,0,32,0,87.0,0.0,0,0,,,,,,,,,,,,,,,,,,,,,0.0,0,,SYNTHETIC,0
power-outage,0,902,2026-09-03T09:15:02Z,2026-09-03T09:15:03Z,2026-09-03T09:15:02Z,2026-09-03T09:15:03Z,site_a,SIM,synthetic_demo,A-WAN-1,UP,1000.0,102.2481,102.88,0.0,16.43,0.9085,0.086,0,UP,4.0,0.0,48,12,47,-62.9,17.837,4.969,1,7,0,7,0,110.0,0.0,0,0,MAINS_RECOVERY_HOLD,MAINS_RECOVERY_HOLD,1,1,80.42,92.0,51.1291,50.9498,1.999,3.93301,3.93301,3.91921,3.91921,0.0,,142.588,3,54.583,,DISCHARGE,0.0,0,,SYNTHETIC|GAP|MISSING_MCAR,0
power-outage,0,902,2026-09-03T09:15:02Z,2026-09-03T09:15:03Z,2026-09-03T09:15:02Z,2026-09-03T09:15:03Z,site_b,SIM,synthetic_demo,B-WAN-1,UP,1000.0,90.4296,91.54,0.0,23.51,1.9637,0.148,0,UP,4.0,0.0,6,6,46,-60.4,23.067,7.367,0,0,0,32,0,48.0,0.0,0,0,,,,,,,,,,,,,,,,,,,,,0.0,0,,SYNTHETIC,0
power-outage,0,903,2026-09-03T09:15:03Z,2026-09-03T09:15:04Z,2026-09-03T09:15:03Z,2026-09-03T09:15:04Z,site_a,SIM,synthetic_demo,A-WAN-1,UP,1000.0,124.0732,123.5,0.0,16.0,0.2687,0.09,0,UP,4.0,0.0,48,12,54,-62.3,18.452,5.082,0,6,0,7,0,89.0,0.0,0,0,MAINS_RECOVERY_HOLD,MAINS_RECOVERY_HOLD,1,1,80.39,92.0,51.1289,50.9527,1.9644,3.93299,3.93299,3.91944,3.91944,0.0,23.9,140.128,3,54.658,,DISCHARGE,0.0,0,,SYNTHETIC,0
power-outage,0,903,2026-09-03T09:15:03Z,2026-09-03T09:15:04Z,2026-09-03T09:15:03Z,2026-09-03T09:15:04Z,site_b,SIM,synthetic_demo,B-WAN-1,UP,1000.0,79.0139,79.65,0.0,21.09,0.244,0.137,0,UP,4.0,0.0,6,6,63,-61.9,27.225,7.959,1,0,0,32,0,85.0,0.0,0,0,,,,,,,,,,,,,,,,,,,,,0.0,0,,SYNTHETIC,0
power-outage,0,904,2026-09-03T09:15:04Z,2026-09-03T09:15:05Z,2026-09-03T09:15:04Z,2026-09-03T09:15:05Z,site_a,SIM,synthetic_demo,A-WAN-1,UP,1000.0,110.2335,110.72,0.0,15.48,0.0107,0.088,0,UP,4.0,0.0,48,12,39,-62.1,15.57,4.683,0,6,0,7,0,132.0,0.0,0,0,MAINS_RECOVERY_HOLD,MAINS_RECOVERY_HOLD,1,1,80.27,92.0,51.1287,50.9479,2.0163,3.93298,3.93298,3.91907,3.91907,0.0,23.8,143.818,3,54.543,,DISCHARGE,0.0,0,,SYNTHETIC,0
power-outage,0,904,2026-09-03T09:15:04Z,2026-09-03T09:15:05Z,2026-09-03T09:15:04Z,2026-09-03T09:15:05Z,site_b,SIM,synthetic_demo,B-WAN-1,UP,1000.0,68.9553,68.66,0.0,22.7,0.9003,0.108,0,UP,4.0,0.0,6,6,37,-61.8,22.067,4.873,0,0,0,32,0,40.0,0.0,0,0,,,,,,,,,,,,,,,,,,,,,0.0,0,,SYNTHETIC,0
power-outage,0,905,2026-09-03T09:15:05Z,2026-09-03T09:15:06Z,2026-09-03T09:15:05Z,2026-09-03T09:15:06Z,site_a,SIM,synthetic_demo,A-WAN-1,UP,1000.0,182.7937,183.02,0.0,16.1,0.6712,0.105,0,UP,4.0,0.0,48,12,50,-60.0,16.995,4.74,0,6,0,7,0,163.0,0.0,0,0,MAINS_RECOVERY_HOLD,MAINS_RECOVERY_HOLD,1,1,80.29,92.0,51.1286,50.9508,1.9822,3.93297,3.93297,3.91929,3.91929,0.0,23.9,141.389,3,54.617,,DISCHARGE,0.0,0,,SYNTHETIC,0
power-outage,0,905,2026-09-03T09:15:05Z,2026-09-03T09:15:06Z,2026-09-03T09:15:05Z,2026-09-03T09:15:06Z,site_b,SIM,synthetic_demo,B-WAN-1,UP,1000.0,68.3984,67.36,0.0,22.39,1.3229,0.104,0,UP,4.0,0.0,6,6,63,-62.4,28.193,7.86,0,4,0,32,0,56.0,0.0,0,0,,,,,,,,,,,,,,,,,,,,,0.0,0,,SYNTHETIC,0
power-outage,0,906,2026-09-03T09:15:06Z,2026-09-03T09:15:07Z,2026-09-03T09:15:06Z,2026-09-03T09:15:07Z,site_a,SIM,synthetic_demo,A-WAN-1,UP,1000.0,114.5778,113.18,0.0,17.33,1.543,0.083,0,UP,4.0,0.0,48,12,66,-62.4,18.99,6.238,0,6,0,7,0,170.0,0.0,0,0,MAINS_RECOVERY_HOLD,MAINS_RECOVERY_HOLD,1,1,80.36,92.0,51.1284,50.9507,1.9814,3.93295,3.93295,3.91928,3.91928,0.0,24.0,141.334,3,54.618,,DISCHARGE,0.0,0,,SYNTHETIC,0
power-outage,0,906,2026-09-03T09:15:06Z,2026-09-03T09:15:07Z,2026-09-03T09:15:06Z,2026-09-03T09:15:07Z,site_b,SIM,synthetic_demo,B-WAN-1,UP,1000.0,75.6601,74.91,0.0,21.07,0.1635,0.114,0,UP,4.0,0.0,6,6,42,-61.3,21.489,6.399,0,1,0,32,0,98.0,0.0,0,0,,,,,,,,,,,,,,,,,,,,,0.0,0,,SYNTHETIC,0
power-outage,0,907,2026-09-03T09:15:07Z,2026-09-03T09:15:08Z,2026-09-03T09:15:07Z,2026-09-03T09:15:08Z,site_a,SIM,synthetic_demo,A-WAN-1,UP,1000.0,118.0872,118.07,0.0,16.15,0.3862,0.073,0,UP,4.0,0.0,48,12,47,-63.0,18.084,5.217,0,5,0,7,0,195.0,0.0,0,0,MAINS_RECOVERY_HOLD,MAINS_RECOVERY_HOLD,1,1,80.36,92.0,51.1282,50.9483,2.0064,3.93294,3.93294,3.9191,3.9191,0.0,24.0,143.114,3,54.563,,DISCHARGE,0.0,0,,SYNTHETIC,0
power-outage,0,907,2026-09-03T09:15:07Z,2026-09-03T09:15:08Z,2026-09-03T09:15:07Z,2026-09-03T09:15:08Z,site_b,SIM,synthetic_demo,B-WAN-1,UP,1000.0,81.367,82.28,0.0,22.6,1.6195,0.125,0,UP,4.0,0.0,6,6,30,-61.4,17.453,5.911,0,0,0,32,0,48.0,0.0,0,0,,,,,,,,,,,,,,,,,,,,,0.0,0,,SYNTHETIC,0
power-outage,0,908,2026-09-03T09:15:08Z,2026-09-03T09:15:09Z,2026-09-03T09:15:08Z,2026-09-03T09:15:09Z,site_a,SIM,synthetic_demo,A-WAN-1,UP,1000.0,105.5738,106.05,0.0,17.09,1.143,0.094,0,UP,4.0,0.0,48,12,50,-63.9,16.993,5.268,1,5,0,7,0,126.0,0.0,0,0,MAINS_RECOVERY_HOLD,MAINS_RECOVERY_HOLD,1,1,80.43,92.0,51.1281,50.945,2.0413,3.93293,3.93293,3.91884,3.91884,0.0,23.8,145.593,3,54.486,,DISCHARGE,0.0,0,,SYNTHETIC,0
power-outage,0,908,2026-09-03T09:15:08Z,2026-09-03T09:15:09Z,2026-09-03T09:15:08Z,2026-09-03T09:15:09Z,site_b,SIM,synthetic_demo,B-WAN-1,UP,1000.0,112.362,112.64,0.0,21.79,1.1837,0.124,0,UP,4.0,0.0,6,6,46,-61.3,23.238,6.656,0,0,0,32,0,57.0,0.0,0,0,,,,,,,,,,,,,,,,,,,,,0.0,0,,SYNTHETIC,0
power-outage,0,909,2026-09-03T09:15:09Z,2026-09-03T09:15:10Z,2026-09-03T09:15:09Z,2026-09-03T09:15:10Z,site_a,SIM,synthetic_demo,A-WAN-1,UP,1000.0,117.4512,117.82,0.0,18.65,2.6481,0.1,0,UP,4.0,0.0,48,48,234,-63.8,18.111,5.715,1,2,0,7,0,102.0,0.0,0,0,MAINS_RECOVERY_HOLD,MAINS_RECOVERY_HOLD,1,1,80.33,92.0,51.1279,50.9477,2.0093,3.93291,3.93291,3.91905,3.91905,0.0,24.1,143.315,,675.796,,DISCHARGE,0.0,0,,SYNTHETIC,0
power-outage,0,909,2026-09-03T09:15:09Z,2026-09-03T09:15:10Z,2026-09-03T09:15:09Z,2026-09-03T09:15:10Z,site_b,SIM,synthetic_demo,B-WAN-1,UP,1000.0,87.9764,88.7,0.0,21.65,0.2118,0.092,0,UP,4.0,0.0,6,6,32,-61.2,18.907,5.187,0,0,0,32,0,37.0,0.0,0,0,,,,,,,,,,,,,,,,,,,,,0.0,0,,SYNTHETIC,0
power-outage,0,910,2026-09-03T09:15:10Z,2026-09-03T09:15:11Z,2026-09-03T09:15:10Z,2026-09-03T09:15:11Z,site_a,SIM,synthetic_demo,A-WAN-1,UP,1000.0,111.1021,110.78,0.0,16.63,0.2935,0.076,0,UP,4.0,0.0,48,48,103,-61.7,14.843,4.249,0,2,0,7,0,153.0,0.0,0,0,MAINS_RECOVERY_HOLD,MAINS_RECOVERY_HOLD,1,1,80.31,92.0,51.1259,48.7931,26.0074,3.93276,3.93276,3.75331,3.75331,0.0,23.9,1776.361,,54.522,OCP_DSG,DISCHARGE,0.0,0,,SYNTHETIC,0
power-outage,0,910,2026-09-03T09:15:10Z,2026-09-03T09:15:11Z,2026-09-03T09:15:10Z,2026-09-03T09:15:11Z,site_b,SIM,synthetic_demo,B-WAN-1,UP,1000.0,81.692,80.36,0.0,21.85,1.2391,0.074,0,UP,4.0,0.0,6,6,22,-64.4,16.09,5.814,0,0,0,32,0,75.0,0.0,0,0,,,,,,,,,,,,,,,,,,,,,0.0,0,,SYNTHETIC,0
power-outage,0,911,2026-09-03T09:15:11Z,2026-09-03T09:15:12Z,2026-09-03T09:15:11Z,2026-09-03T09:15:12Z,site_a,SIM,synthetic_demo,A-WAN-1,UP,1000.0,100.6391,100.03,0.0,16.55,0.7143,0.098,0,UP,4.0,0.0,48,12,91,-63.8,23.467,6.931,0,2,0,7,0,147.0,0.0,0,0,MAINS_RECOVERY_HOLD,MAINS_RECOVERY_HOLD,1,1,80.34,92.0,51.1258,50.947,1.9926,3.93275,3.93275,3.919,3.919,0.0,23.9,142.123,3,54.579,,DISCHARGE,0.0,0,,SYNTHETIC,0
power-outage,0,911,2026-09-03T09:15:11Z,2026-09-03T09:15:12Z,2026-09-03T09:15:11Z,2026-09-03T09:15:12Z,site_b,SIM,synthetic_demo,B-WAN-1,UP,1000.0,99.8874,101.07,0.0,22.47,1.3402,0.138,0,UP,4.0,0.0,6,6,43,-61.6,21.979,6.896,0,0,0,32,0,75.0,0.0,0,0,,,,,,,,,,,,,,,,,,,,,0.0,0,,SYNTHETIC,0
power-outage,0,912,2026-09-03T09:15:12Z,2026-09-03T09:15:13Z,2026-09-03T09:15:12Z,2026-09-03T09:15:13Z,site_a,SIM,synthetic_demo,A-WAN-1,UP,1000.0,109.5997,110.99,0.0,16.03,0.1469,0.075,0,UP,4.0,0.0,48,12,76,-63.0,20.575,6.277,0,1,0,7,0,166.0,0.0,0,0,MAINS_RECOVERY_HOLD,MAINS_RECOVERY_HOLD,1,1,80.28,92.0,51.1256,50.9428,2.0377,3.93274,3.93274,3.91868,3.91868,0.0,24.0,145.327,3,54.48,,DISCHARGE,0.0,0,,SYNTHETIC,0
power-outage,0,912,2026-09-03T09:15:12Z,2026-09-03T09:15:13Z,2026-09-03T09:15:12Z,2026-09-03T09:15:13Z,site_b,SIM,synthetic_demo,B-WAN-1,UP,1000.0,83.8655,83.25,0.0,21.86,1.3321,0.153,0,UP,4.0,0.0,6,6,26,-62.5,17.965,5.73,0,0,0,32,0,74.0,0.0,0,0,,,,,,,,,,,,,,,,,,,,,0.0,0,,SYNTHETIC,0
power-outage,0,913,2026-09-03T09:15:13Z,2026-09-03T09:15:14Z,2026-09-03T09:15:13Z,2026-09-03T09:15:14Z,site_a,SIM,synthetic_demo,A-WAN-1,UP,1000.0,106.0087,105.2,0.0,16.53,0.5112,0.08,0,UP,4.0,0.0,48,12,100,-61.0,22.099,6.854,0,2,0,7,0,97.0,0.0,0,0,MAINS_RECOVERY_HOLD,MAINS_RECOVERY_HOLD,1,1,80.35,92.0,51.1254,50.9421,2.0442,3.93272,3.93272,3.91862,3.91862,0.0,23.8,145.789,3,54.465,,DISCHARGE,0.0,0,,SYNTHETIC,0
power-outage,0,913,2026-09-03T09:15:13Z,2026-09-03T09:15:14Z,2026-09-03T09:15:13Z,2026-09-03T09:15:14Z,site_b,SIM,synthetic_demo,B-WAN-1,UP,1000.0,98.0319,96.96,0.0,21.17,0.3766,0.099,0,UP,4.0,0.0,6,6,35,-62.0,19.113,5.684,0,1,0,32,0,78.0,0.0,0,0,,,,,,,,,,,,,,,,,,,,,0.0,0,,SYNTHETIC,0
power-outage,0,914,2026-09-03T09:15:14Z,2026-09-03T09:15:15Z,2026-09-03T09:15:14Z,2026-09-03T09:15:15Z,site_a,SIM,synthetic_demo,A-WAN-1,UP,1000.0,120.4293,121.66,0.0,16.82,0.4836,0.043,0,UP,4.0,0.0,48,12,59,-63.8,18.256,5.857,0,1,0,7,0,102.0,0.0,0,0,MAINS_RECOVERY_HOLD,MAINS_RECOVERY_HOLD,1,1,80.4,92.0,51.1252,50.9472,1.985,3.93271,3.93271,3.91901,3.91901,0.0,23.8,141.58,3,54.594,,DISCHARGE,0.0,0,,SYNTHETIC,0
power-outage,0,914,2026-09-03T09:15:14Z,2026-09-03T09:15:15Z,2026-09-03T09:15:14Z,2026-09-03T09:15:15Z,site_b,SIM,synthetic_demo,B-WAN-1,UP,1000.0,110.6695,112.13,0.0,23.74,2.5272,0.074,0,UP,4.0,0.0,6,6,59,-63.0,26.363,7.515,0,1,0,32,0,105.0,0.0,0,0,,,,,,,,,,,,,,,,,,,,,0.0,0,,SYNTHETIC,0
power-outage,0,915,2026-09-03T09:15:15Z,2026-09-03T09:15:16Z,2026-09-03T09:15:15Z,2026-09-03T09:15:16Z,site_a,SIM,synthetic_demo,A-WAN-1,UP,1000.0,113.8202,114.03,0.0,18.07,1.5124,0.084,0,UP,4.0,0.0,48,12,45,-60.7,17.145,4.962,1,2,0,7,0,78.0,0.0,0,0,MAINS_RECOVERY_HOLD,MAINS_RECOVERY_HOLD,1,1,80.28,92.0,51.1251,50.9453,2.0039,3.9327,3.9327,3.91887,3.91887,0.0,24.0,142.921,3,54.551,,DISCHARGE,0.0,0,,SYNTHETIC,0
power-outage,0,915,2026-09-03T09:15:15Z,2026-09-03T09:15:16Z,2026-09-03T09:15:15Z,2026-09-03T09:15:16Z,site_b,SIM,synthetic_demo,B-WAN-1,UP,1000.0,106.8022,106.71,0.0,20.97,0.206,0.085,0,UP,4.0,0.0,6,6,23,-60.8,17.25,5.196,0,0,0,32,0,77.0,0.0,0,0,,,,,,,,,,,,,,,,,,,,,0.0,0,,SYNTHETIC,0
power-outage,0,916,2026-09-03T09:15:16Z,2026-09-03T09:15:17Z,2026-09-03T09:15:16Z,2026-09-03T09:15:17Z,site_a,SIM,synthetic_demo,A-WAN-1,UP,1000.0,109.2626,108.88,0.0,16.43,0.307,0.076,0,UP,4.0,0.0,48,12,55,-63.6,18.122,5.547,0,1,0,7,0,97.0,0.0,0,0,MAINS_RECOVERY_HOLD,MAINS_RECOVERY_HOLD,1,1,80.34,92.0,51.1249,50.9458,1.9971,3.93269,3.93269,3.91891,3.91891,0.0,24.0,142.44,3,54.565,,DISCHARGE,0.0,0,,SYNTHETIC,0
power-outage,0,916,2026-09-03T09:15:16Z,2026-09-03T09:15:17Z,2026-09-03T09:15:16Z,2026-09-03T09:15:17Z,site_b,SIM,synthetic_demo,B-WAN-1,UP,1000.0,108.3033,108.3,0.0,23.38,2.0644,0.099,0,UP,4.0,0.0,6,6,64,-60.6,28.017,8.12,0,0,0,32,0,73.0,0.0,0,0,,,,,,,,,,,,,,,,,,,,,0.0,0,,SYNTHETIC,0
power-outage,0,917,2026-09-03T09:15:17Z,2026-09-03T09:15:18Z,2026-09-03T09:15:17Z,2026-09-03T09:15:18Z,site_a,SIM,synthetic_demo,A-WAN-1,UP,1000.0,97.999,98.61,0.0,18.41,2.5442,0.12,0,UP,4.0,0.0,48,12,48,-63.6,17.03,5.42,0,2,0,7,0,165.0,0.0,0,0,MAINS_RECOVERY_HOLD,MAINS_RECOVERY_HOLD,1,1,80.27,92.0,51.1247,50.9421,2.0362,3.93267,3.93267,3.91862,3.91862,0.0,23.9,145.216,3,54.479,,DISCHARGE,0.0,0,,SYNTHETIC,0
power-outage,0,917,2026-09-03T09:15:17Z,2026-09-03T09:15:18Z,2026-09-03T09:15:17Z,2026-09-03T09:15:18Z,site_b,SIM,synthetic_demo,B-WAN-1,UP,1000.0,87.0859,86.39,0.0,23.5,2.9807,0.093,0,UP,4.0,0.0,6,6,39,-62.1,21.809,6.156,0,0,0,32,0,48.0,0.0,0,0,,,,,,,,,,,,,,,,,,,,,0.0,0,,SYNTHETIC,0
power-outage,0,918,2026-09-03T09:15:18Z,2026-09-03T09:15:19Z,2026-09-03T09:15:18Z,2026-09-03T09:15:19Z,site_a,SIM,synthetic_demo,A-WAN-1,UP,1000.0,248.9461,249.91,0.0,17.66,1.9347,0.095,0,UP,4.0,0.0,48,12,65,-60.6,21.438,5.665,0,1,0,7,0,112.0,0.0,0,0,MAINS_RECOVERY_HOLD,MAINS_RECOVERY_HOLD,1,1,80.29,92.0,51.1246,50.9454,1.9971,3.93266,3.93266,3.91888,3.91888,0.0,23.9,142.442,3,54.564,,DISCHARGE,0.0,0,,SYNTHETIC,0
power-outage,0,918,2026-09-03T09:15:18Z,2026-09-03T09:15:19Z,2026-09-03T09:15:18Z,2026-09-03T09:15:19Z,site_b,SIM,synthetic_demo,B-WAN-1,UP,1000.0,82.005,82.71,0.0,22.56,1.2632,0.076,0,UP,4.0,0.0,6,6,46,-61.5,20.518,6.968,0,2,0,32,0,63.0,0.0,0,0,,,,,,,,,,,,,,,,,,,,,0.0,0,,SYNTHETIC,0
power-outage,0,919,2026-09-03T09:15:19Z,2026-09-03T09:15:20Z,2026-09-03T09:15:19Z,2026-09-03T09:15:20Z,site_a,SIM,synthetic_demo,A-WAN-1,UP,1000.0,158.2068,158.39,0.0,17.14,1.5633,0.092,0,UP,4.0,0.0,48,12,50,-61.8,18.531,5.455,0,2,0,7,0,182.0,0.0,0,0,MAINS_RECOVERY_HOLD,MAINS_RECOVERY_HOLD,1,1,80.28,92.0,51.1244,50.9484,1.962,3.93265,3.93265,3.91911,3.91911,0.0,23.9,139.945,3,54.64,,DISCHARGE,0.0,0,,SYNTHETIC,0
power-outage,0,919,2026-09-03T09:15:19Z,2026-09-03T09:15:20Z,2026-09-03T09:15:19Z,2026-09-03T09:15:20Z,site_b,SIM,synthetic_demo,B-WAN-1,UP,1000.0,84.422,84.5,0.0,20.9,0.2552,0.115,0,UP,4.0,0.0,6,6,37,-60.4,21.878,5.723,0,1,0,32,0,66.0,0.0,0,0,,,,,,,,,,,,,,,,,,,,,0.0,0,,SYNTHETIC,0
power-outage,0,920,2026-09-03T09:15:20Z,2026-09-03T09:15:21Z,2026-09-03T09:15:20Z,2026-09-03T09:15:21Z,site_a,SIM,synthetic_demo,A-WAN-1,UP,1000.0,125.0817,124.94,0.0,19.11,2.3961,0.059,0,UP,4.0,0.0,48,12,68,-62.9,20.754,6.526,0,5,0,7,0,158.0,0.0,0,0,MAINS_RECOVERY_HOLD,MAINS_RECOVERY_HOLD,1,1,80.31,92.0,51.1242,50.9383,2.0722,3.93263,3.93263,3.91833,3.91833,0.0,23.8,147.778,3,54.398,,DISCHARGE,0.0,0,,SYNTHETIC,0
power-outage,0,920,2026-09-03T09:15:20Z,2026-09-03T09:15:21Z,2026-09-03T09:15:20Z,2026-09-03T09:15:21Z,site_b,SIM,synthetic_demo,B-WAN-1,UP,1000.0,95.6306,95.51,0.0,23.37,2.2962,0.099,0,UP,4.0,0.0,6,6,57,-63.2,25.664,7.621,0,0,0,32,0,56.0,0.0,0,0,,,,,,,,,,,,,,,,,,,,,0.0,0,,SYNTHETIC,0
power-outage,0,921,2026-09-03T09:15:21Z,2026-09-03T09:15:22Z,2026-09-03T09:15:21Z,2026-09-03T09:15:22Z,site_a,SIM,synthetic_demo,A-WAN-1,UP,1000.0,100.8579,100.84,0.0,16.46,0.2543,0.091,0,UP,4.0,0.0,48,12,36,-61.6,17.084,4.645,0,1,0,7,0,121.0,0.0,0,0,MAINS_RECOVERY_HOLD,MAINS_RECOVERY_HOLD,1,1,80.23,92.0,51.124,50.9407,2.0446,3.93262,3.93262,3.91851,3.91851,0.0,23.9,145.811,3,54.458,,DISCHARGE,0.0,0,,SYNTHETIC,0
power-outage,0,921,2026-09-03T09:15:21Z,2026-09-03T09:15:22Z,2026-09-03T09:15:21Z,2026-09-03T09:15:22Z,site_b,SIM,synthetic_demo,B-WAN-1,UP,1000.0,82.939,82.53,0.0,21.0,0.3497,0.071,0,UP,4.0,0.0,6,6,62,-62.4,25.575,8.259,0,0,0,32,0,52.0,0.0,0,0,,,,,,,,,,,,,,,,,,,,,0.0,0,,SYNTHETIC,0
power-outage,0,922,2026-09-03T09:15:22Z,2026-09-03T09:15:23Z,2026-09-03T09:15:22Z,2026-09-03T09:15:23Z,site_a,SIM,synthetic_demo,A-WAN-1,UP,1000.0,128.1506,129.02,0.0,18.12,1.9237,0.048,0,UP,4.0,0.0,48,12,60,-62.8,18.535,5.543,0,3,0,7,0,286.0,0.0,0,0,MAINS_RECOVERY_HOLD,MAINS_RECOVERY_HOLD,1,1,80.34,92.0,51.1239,50.9421,2.0264,3.93261,3.93261,3.91862,3.91862,0.0,23.9,144.517,3,54.496,,DISCHARGE,0.0,0,,SYNTHETIC,0
power-outage,0,922,2026-09-03T09:15:22Z,2026-09-03T09:15:23Z,2026-09-03T09:15:22Z,2026-09-03T09:15:23Z,site_b,SIM,synthetic_demo,B-WAN-1,UP,1000.0,86.7508,86.65,0.0,21.67,0.5549,0.123,0,UP,4.0,0.0,6,6,30,-61.5,15.471,5.236,0,1,0,32,0,76.0,0.0,0,0,,,,,,,,,,,,,,,,,,,,,0.0,0,,SYNTHETIC,0
power-outage,0,923,2026-09-03T09:15:23Z,2026-09-03T09:15:24Z,2026-09-03T09:15:23Z,2026-09-03T09:15:24Z,site_a,SIM,synthetic_demo,A-WAN-1,UP,1000.0,130.6689,130.95,0.0,18.63,2.3742,0.085,0,UP,4.0,0.0,48,12,46,-61.8,17.353,4.834,0,2,0,7,0,135.0,0.0,0,0,MAINS_RECOVERY_HOLD,MAINS_RECOVERY_HOLD,1,1,80.39,92.0,51.1237,50.9453,1.9887,3.93259,3.93259,3.91887,3.91887,0.0,23.9,141.839,3,54.578,,DISCHARGE,0.0,0,,SYNTHETIC,0
power-outage,0,923,2026-09-03T09:15:23Z,2026-09-03T09:15:24Z,2026-09-03T09:15:23Z,2026-09-03T09:15:24Z,site_b,SIM,synthetic_demo,B-WAN-1,UP,1000.0,83.2902,83.05,0.0,22.79,1.547,0.087,0,UP,4.0,0.0,6,6,59,-61.8,25.841,7.232,1,0,0,32,0,48.0,0.0,0,0,,,,,,,,,,,,,,,,,,,,,0.0,0,,SYNTHETIC,0
power-outage,0,924,2026-09-03T09:15:24Z,2026-09-03T09:15:25Z,2026-09-03T09:15:24Z,2026-09-03T09:15:25Z,site_a,SIM,synthetic_demo,A-WAN-1,UP,1000.0,106.272,106.73,0.0,16.65,0.6944,0.075,0,UP,4.0,0.0,48,12,70,-62.7,20.229,6.117,0,2,0,7,0,182.0,0.0,0,0,MAINS_RECOVERY_HOLD,MAINS_RECOVERY_HOLD,1,1,80.35,92.0,51.1235,50.9405,2.0404,3.93258,3.93258,3.9185,3.9185,0.0,24.1,145.516,3,54.464,,DISCHARGE,0.0,0,,SYNTHETIC,0
power-outage,0,924,2026-09-03T09:15:24Z,2026-09-03T09:15:25Z,2026-09-03T09:15:24Z,2026-09-03T09:15:25Z,site_b,SIM,synthetic_demo,B-WAN-1,UP,1000.0,80.5886,79.75,0.0,22.73,1.0405,0.085,0,UP,4.0,0.0,6,6,44,-60.8,19.518,6.164,0,0,0,32,0,56.0,0.0,0,0,,,,,,,,,,,,,,,,,,,,,0.0,0,,SYNTHETIC,0
power-outage,0,925,2026-09-03T09:15:25Z,2026-09-03T09:15:26Z,2026-09-03T09:15:25Z,2026-09-03T09:15:26Z,site_a,SIM,synthetic_demo,A-WAN-1,UP,1000.0,116.013,116.6,0.0,19.13,2.597,12.204,0,UP,4.0,0.0,48,12,66,-61.9,19.196,5.748,1,1,0,7,0,132.0,0.0,0,0,MAINS_RECOVERY_HOLD,MAINS_RECOVERY_HOLD,1,1,80.36,92.0,51.1234,50.9406,2.0378,3.93257,3.93257,3.91851,3.91851,0.0,24.0,145.325,3,54.469,,DISCHARGE,0.15,0,,SYNTHETIC,0
power-outage,0,925,2026-09-03T09:15:25Z,2026-09-03T09:15:26Z,2026-09-03T09:15:25Z,2026-09-03T09:15:26Z,site_b,SIM,synthetic_demo,B-WAN-1,UP,1000.0,79.8575,79.87,0.0,22.43,1.3045,0.079,0,UP,4.0,0.0,6,6,29,-63.2,19.213,6.12,0,0,0,32,0,53.0,0.0,0,0,,,,,,,,,,,,,,,,,,,,,0.0,0,,SYNTHETIC,0
power-outage,0,926,2026-09-03T09:15:26Z,2026-09-03T09:15:27Z,2026-09-03T09:15:26Z,2026-09-03T09:15:27Z,site_a,SIM,synthetic_demo,A-WAN-1,UP,1000.0,326.7328,326.12,0.0,17.8,1.6289,0.095,0,UP,4.0,0.0,48,48,305,-62.1,20.958,6.241,0,5,0,7,0,135.0,0.0,0,0,MAINS_RECOVERY_HOLD,MAINS_RECOVERY_HOLD,1,1,80.27,92.0,51.1232,50.94,2.042,3.93255,3.93255,3.91846,3.91846,0.0,23.8,145.629,,664.754,,DISCHARGE,0.0,0,,SYNTHETIC,0
power-outage,0,926,2026-09-03T09:15:26Z,2026-09-03T09:15:27Z,2026-09-03T09:15:26Z,2026-09-03T09:15:27Z,site_b,SIM,synthetic_demo,B-WAN-1,UP,1000.0,108.5929,109.07,0.0,20.71,0.2393,0.085,0,UP,4.0,0.0,6,6,51,-61.3,23.188,6.908,0,1,0,32,0,72.0,0.0,0,0,,,,,,,,,,,,,,,,,,,,,0.0,0,,SYNTHETIC,0
power-outage,0,927,2026-09-03T09:15:27Z,2026-09-03T09:15:28Z,2026-09-03T09:15:27Z,2026-09-03T09:15:28Z,site_a,SIM,synthetic_demo,A-WAN-1,UP,1000.0,125.1778,124.61,0.0,15.98,0.2291,0.104,0,UP,4.0,0.0,48,48,161,-62.8,16.209,5.106,0,1,0,7,0,101.0,0.0,0,0,MAINS_RECOVERY_HOLD,MAINS_RECOVERY_HOLD,1,1,80.28,92.0,51.1212,48.7924,25.9627,3.9324,3.9324,3.75326,3.75326,0.0,23.9,1773.281,,54.591,OCP_DSG,DISCHARGE,0.0,0,,SYNTHETIC,0
power-outage,0,927,2026-09-03T09:15:27Z,2026-09-03T09:15:28Z,2026-09-03T09:15:27Z,2026-09-03T09:15:28Z,site_b,SIM,synthetic_demo,B-WAN-1,UP,1000.0,84.0856,83.74,0.0,21.96,1.1016,0.108,0,UP,4.0,0.0,6,6,14,-61.2,14.517,4.165,0,0,0,32,0,56.0,0.0,0,0,,,,,,,,,,,,,,,,,,,,,0.0,0,,SYNTHETIC,0
power-outage,0,928,2026-09-03T09:15:28Z,2026-09-03T09:15:29Z,2026-09-03T09:15:28Z,2026-09-03T09:15:29Z,site_a,SIM,synthetic_demo,A-WAN-1,UP,1000.0,127.083,126.22,0.0,17.25,1.55,0.082,0,UP,4.0,0.0,48,12,79,-61.6,22.332,6.249,0,2,0,7,0,180.0,0.0,0,0,MAINS_RECOVERY_HOLD,MAINS_RECOVERY_HOLD,1,1,80.32,92.0,51.1211,50.9401,2.0172,3.93239,3.93239,3.91847,3.91847,0.0,24.0,143.855,3,54.501,,DISCHARGE,0.0,0,,SYNTHETIC,0
power-outage,0,928,2026-09-03T09:15:28Z,2026-09-03T09:15:29Z,2026-09-03T09:15:28Z,2026-09-03T09:15:29Z,site_b,SIM,synthetic_demo,B-WAN-1,UP,1000.0,84.0495,85.19,0.0,20.05,0.3473,0.122,0,UP,4.0,0.0,6,6,24,-61.5,17.41,5.108,0,0,0,32,0,64.0,0.0,0,0,,,,,,,,,,,,,,,,,,,,,0.0,0,,SYNTHETIC,0
power-outage,0,929,2026-09-03T09:15:29Z,2026-09-03T09:15:30Z,2026-09-03T09:15:29Z,2026-09-03T09:15:30Z,site_a,SIM,synthetic_demo,A-WAN-1,UP,1000.0,153.8319,152.83,0.0,16.98,1.0229,0.054,0,UP,4.0,0.0,48,12,72,-61.4,19.533,5.906,0,1,0,7,0,165.0,0.0,0,0,MAINS_RECOVERY_HOLD,MAINS_RECOVERY_HOLD,1,1,80.33,92.0,51.1209,50.9389,2.0285,3.93238,3.93238,3.91838,3.91838,0.0,24.0,144.663,3,54.476,,DISCHARGE,0.0,0,,SYNTHETIC,0
power-outage,0,929,2026-09-03T09:15:29Z,2026-09-03T09:15:30Z,2026-09-03T09:15:29Z,2026-09-03T09:15:30Z,site_b,SIM,synthetic_demo,B-WAN-1,UP,1000.0,85.0771,84.76,0.0,22.22,1.3224,0.134,0,UP,4.0,0.0,6,6,37,-64.6,20.212,6.748,1,0,0,32,0,41.0,0.0,0,0,,,,,,,,,,,,,,,,,,,,,0.0,0,,SYNTHETIC,0
power-outage,0,930,2026-09-03T09:15:30Z,2026-09-03T09:15:31Z,2026-09-03T09:15:30Z,2026-09-03T09:15:31Z,site_a,SIM,synthetic_demo,A-WAN-1,UP,1000.0,122.215,122.17,0.0,17.26,1.7555,0.06,0,UP,4.0,0.0,48,12,49,-62.1,17.575,5.618,0,2,0,7,0,181.0,0.0,0,0,MAINS_RECOVERY_HOLD,MAINS_RECOVERY_HOLD,1,1,80.28,92.0,51.1207,50.9446,1.9635,3.93236,3.93236,3.91882,3.91882,0.0,23.9,140.037,3,54.617,,DISCHARGE,0.0,0,,SYNTHETIC,0
power-outage,0,930,2026-09-03T09:15:30Z,2026-09-03T09:15:31Z,2026-09-03T09:15:30Z,2026-09-03T09:15:31Z,site_b,SIM,synthetic_demo,B-WAN-1,UP,1000.0,87.8829,87.71,0.0,23.98,2.7508,0.105,0,UP,4.0,0.0,6,6,29,-61.7,15.98,5.337,0,1,0,32,0,49.0,0.0,0,0,,,,,,,,,,,,,,,,,,,,,0.0,0,,SYNTHETIC,0
power-outage,0,931,2026-09-03T09:15:31Z,2026-09-03T09:15:32Z,2026-09-03T09:15:31Z,2026-09-03T09:15:32Z,site_a,SIM,synthetic_demo,A-WAN-1,UP,1000.0,150.2365,150.15,0.0,18.97,2.8649,0.118,0,UP,4.0,0.0,48,12,70,-61.7,19.713,5.78,0,2,0,7,0,189.0,0.0,0,0,MAINS_RECOVERY_HOLD,MAINS_RECOVERY_HOLD,1,1,80.28,92.0,51.1206,50.9413,1.998,3.93235,3.93235,3.91856,3.91856,0.0,23.9,142.495,3,54.541,,DISCHARGE,0.0,0,,SYNTHETIC,0
power-outage,0,931,2026-09-03T09:15:31Z,2026-09-03T09:15:32Z,2026-09-03T09:15:31Z,2026-09-03T09:15:32Z,site_b,SIM,synthetic_demo,B-WAN-1,UP,1000.0,84.0295,84.54,0.0,20.62,0.223,0.052,0,UP,4.0,0.0,6,6,40,-59.8,20.343,6.162,0,0,0,32,0,68.0,0.0,0,0,,,,,,,,,,,,,,,,,,,,,0.0,0,,SYNTHETIC,0
power-outage,0,932,2026-09-03T09:15:32Z,2026-09-03T09:15:33Z,2026-09-03T09:15:32Z,2026-09-03T09:15:33Z,site_a,SIM,synthetic_demo,A-WAN-1,UP,1000.0,105.3799,104.7,0.0,17.79,1.7864,0.111,0,UP,4.0,0.0,48,12,62,-62.8,20.241,5.97,1,3,0,7,0,139.0,0.0,0,0,MAINS_RECOVERY_HOLD,MAINS_RECOVERY_HOLD,1,1,80.25,92.0,51.1204,50.9374,2.0397,3.93234,3.93234,3.91826,3.91826,0.0,23.8,145.452,3,54.449,,DISCHARGE,0.0,0,,SYNTHETIC,0
power-outage,0,932,2026-09-03T09:15:32Z,2026-09-03T09:15:33Z,2026-09-03T09:15:32Z,2026-09-03T09:15:33Z,site_b,SIM,synthetic_demo,B-WAN-1,UP,1000.0,81.6345,81.15,0.0,21.96,1.1156,0.128,0,UP,4.0,0.0,6,6,51,-60.3,24.851,7.427,1,0,0,32,0,35.0,0.0,0,0,,,,,,,,,,,,,,,,,,,,,0.0,0,,SYNTHETIC,0
power-outage,0,933,2026-09-03T09:15:33Z,2026-09-03T09:15:34Z,2026-09-03T09:15:33Z,2026-09-03T09:15:34Z,site_a,SIM,synthetic_demo,A-WAN-1,UP,1000.0,118.9607,119.33,0.0,18.28,2.9496,0.084,0,UP,4.0,0.0,48,12,117,-61.7,23.372,7.457,1,2,0,7,0,125.0,0.0,0,0,MAINS_RECOVERY_HOLD,MAINS_RECOVERY_HOLD,1,1,80.3,92.0,51.1202,50.9404,2.0044,3.93232,3.93232,3.91849,3.91849,0.0,24.1,142.947,3,54.525,,DISCHARGE,0.0,0,,SYNTHETIC,0
power-outage,0,933,2026-09-03T09:15:33Z,2026-09-03T09:15:34Z,2026-09-03T09:15:33Z,2026-09-03T09:15:34Z,site_b,SIM,synthetic_demo,B-WAN-1,UP,1000.0,81.0488,80.67,0.0,20.98,0.311,0.086,0,UP,4.0,0.0,6,6,57,-64.0,25.444,8.016,0,0,0,32,0,57.0,0.0,0,0,,,,,,,,,,,,,,,,,,,,,0.0,0,,SYNTHETIC,0
power-outage,0,934,2026-09-03T09:15:34Z,2026-09-03T09:15:35Z,2026-09-03T09:15:34Z,2026-09-03T09:15:35Z,site_a,SIM,synthetic_demo,A-WAN-1,UP,1000.0,112.7232,112.89,0.0,19.11,3.3691,0.116,0,UP,4.0,0.0,48,12,44,-63.5,16.483,4.787,0,1,0,7,0,129.0,0.0,0,0,MAINS_RECOVERY_HOLD,MAINS_RECOVERY_HOLD,1,1,80.37,92.0,51.12,50.9426,1.9778,3.93231,3.93231,3.91866,3.91866,0.0,24.0,141.054,3,54.582,,DISCHARGE,0.0,0,,SYNTHETIC,0
power-outage,0,934,2026-09-03T09:15:34Z,2026-09-03T09:15:35Z,2026-09-03T09:15:34Z,2026-09-03T09:15:35Z,site_b,SIM,synthetic_demo,B-WAN-1,UP,1000.0,91.592,91.96,0.0,21.0,0.0791,0.128,0,UP,4.0,0.0,6,6,56,-63.7,24.665,7.796,0,1,0,32,0,54.0,0.0,0,0,,,,,,,,,,,,,,,,,,,,,0.0,0,,SYNTHETIC,0
power-outage,0,935,2026-09-03T09:15:35Z,2026-09-03T09:15:36Z,2026-09-03T09:15:35Z,2026-09-03T09:15:36Z,site_a,SIM,synthetic_demo,A-WAN-1,UP,1000.0,102.6561,102.07,0.0,18.96,3.2258,0.053,0,UP,4.0,0.0,48,12,59,-62.6,19.599,5.788,0,2,0,7,0,157.0,0.0,0,0,MAINS_RECOVERY_HOLD,MAINS_RECOVERY_HOLD,1,1,80.18,92.0,51.1199,50.9401,2.0046,3.9323,3.9323,3.91847,3.91847,0.0,24.0,142.959,3,54.523,,DISCHARGE,0.0,0,,SYNTHETIC,0
power-outage,0,935,2026-09-03T09:15:35Z,2026-09-03T09:15:36Z,2026-09-03T09:15:35Z,2026-09-03T09:15:36Z,site_b,SIM,synthetic_demo,B-WAN-1,UP,1000.0,72.9542,73.49,0.0,23.52,2.8079,0.117,0,UP,4.0,0.0,6,6,52,-63.3,25.765,7.895,0,1,0,32,0,40.0,0.0,0,0,,,,,,,,,,,,,,,,,,,,,0.0,0,,SYNTHETIC,0
power-outage,0,936,2026-09-03T09:15:36Z,2026-09-03T09:15:37Z,2026-09-03T09:15:36Z,2026-09-03T09:15:37Z,site_a,SIM,synthetic_demo,A-WAN-1,UP,1000.0,104.7893,104.76,0.0,16.7,1.3293,0.05,0,UP,4.0,0.0,48,12,64,-62.0,21.136,5.647,0,1,0,7,0,145.0,0.0,0,0,MAINS_RECOVERY_HOLD,MAINS_RECOVERY_HOLD,1,1,80.31,92.0,51.1197,50.9417,1.9848,3.93228,3.93228,3.91859,3.91859,0.0,23.8,141.553,3,54.565,,DISCHARGE,0.0,0,,SYNTHETIC,0
power-outage,0,936,2026-09-03T09:15:36Z,2026-09-03T09:15:37Z,2026-09-03T09:15:36Z,2026-09-03T09:15:37Z,site_b,SIM,synthetic_demo,B-WAN-1,UP,1000.0,79.9705,80.16,0.0,22.49,1.7266,0.092,0,UP,4.0,0.0,6,6,44,-62.5,23.888,6.508,1,0,0,32,0,46.0,0.0,0,0,,,,,,,,,,,,,,,,,,,,,0.0,0,,SYNTHETIC,0
power-outage,0,937,2026-09-03T09:15:37Z,2026-09-03T09:15:38Z,2026-09-03T09:15:37Z,2026-09-03T09:15:38Z,site_a,SIM,synthetic_demo,A-WAN-1,UP,1000.0,89.8478,90.24,0.0,16.4,0.8723,0.09,0,UP,4.0,0.0,48,12,38,-62.9,14.951,5.228,0,1,0,7,0,102.0,0.0,0,0,MAINS_RECOVERY_HOLD,MAINS_RECOVERY_HOLD,1,1,80.27,92.0,51.1195,50.9349,2.0578,3.93227,3.93227,3.91807,3.91807,0.0,23.9,146.735,3,54.405,,DISCHARGE,0.0,0,,SYNTHETIC,0
power-outage,0,937,2026-09-03T09:15:37Z,2026-09-03T09:15:38Z,2026-09-03T09:15:37Z,2026-09-03T09:15:38Z,site_b,SIM,synthetic_demo,B-WAN-1,UP,1000.0,80.4165,80.04,0.0,22.04,0.6197,0.138,0,UP,4.0,0.0,6,6,98,-61.4,34.487,10.185,1,1,0,32,0,45.0,0.0,0,0,,,,,,,,,,,,,,,,,,,,,0.0,0,,SYNTHETIC,0
power-outage,0,938,2026-09-03T09:15:38Z,2026-09-03T09:15:39Z,2026-09-03T09:15:38Z,2026-09-03T09:15:39Z,site_a,SIM,synthetic_demo,A-WAN-1,UP,1000.0,88.9602,88.78,0.0,17.74,1.4186,0.063,0,UP,4.0,0.0,48,12,47,-61.0,19.157,5.433,0,1,0,7,0,100.0,0.0,0,0,MAINS_RECOVERY_HOLD,MAINS_RECOVERY_HOLD,1,1,80.17,92.0,51.1194,50.9448,1.9465,3.93226,3.93226,3.91883,3.91883,0.0,23.9,138.831,3,54.647,,DISCHARGE,0.0,0,,SYNTHETIC,0
power-outage,0,938,2026-09-03T09:15:38Z,2026-09-03T09:15:39Z,2026-09-03T09:15:38Z,2026-09-03T09:15:39Z,site_b,SIM,synthetic_demo,B-WAN-1,UP,1000.0,75.5126,76.62,0.0,22.81,1.8072,0.113,0,UP,4.0,0.0,6,6,30,-61.0,17.639,5.468,0,1,0,32,0,79.0,0.0,0,0,,,,,,,,,,,,,,,,,,,,,0.0,0,,SYNTHETIC,0
power-outage,0,939,2026-09-03T09:15:39Z,2026-09-03T09:15:40Z,2026-09-03T09:15:39Z,2026-09-03T09:15:40Z,site_a,SIM,synthetic_demo,A-WAN-1,UP,1000.0,160.7235,161.63,0.0,18.67,2.6302,0.099,0,UP,4.0,0.0,48,12,59,-62.8,18.569,5.877,0,1,0,7,0,277.0,0.0,0,0,MAINS_RECOVERY_HOLD,MAINS_RECOVERY_HOLD,1,1,80.26,92.0,51.1192,50.9414,1.9818,3.93225,3.93225,3.91857,3.91857,0.0,23.9,141.337,3,54.569,,DISCHARGE,0.0,0,,SYNTHETIC,0
power-outage,0,939,2026-09-03T09:15:39Z,2026-09-03T09:15:40Z,2026-09-03T09:15:39Z,2026-09-03T09:15:40Z,site_b,SIM,synthetic_demo,B-WAN-1,UP,1000.0,67.539,67.72,0.0,21.92,0.772,0.112,0,UP,4.0,0.0,6,6,57,-62.2,26.431,7.762,0,0,0,32,0,77.0,0.0,0,0,,,,,,,,,,,,,,,,,,,,,0.0,0,,SYNTHETIC,0
power-outage,0,940,2026-09-03T09:15:40Z,2026-09-03T09:15:41Z,2026-09-03T09:15:40Z,2026-09-03T09:15:41Z,site_a,SIM,synthetic_demo,A-WAN-1,UP,1000.0,88.6208,87.92,0.0,17.27,0.8531,0.074,0,UP,4.0,0.0,48,12,72,-63.3,20.54,6.49,0,1,0,7,0,98.0,0.0,0,0,MAINS_RECOVERY_HOLD,MAINS_RECOVERY_HOLD,1,1,80.25,92.0,51.119,50.9367,2.0324,3.93223,3.93223,3.91821,3.91821,0.0,23.9,144.933,3,54.458,,DISCHARGE,0.0,0,,SYNTHETIC,0
power-outage,0,940,2026-09-03T09:15:40Z,2026-09-03T09:15:41Z,2026-09-03T09:15:40Z,2026-09-03T09:15:41Z,site_b,SIM,synthetic_demo,B-WAN-1,UP,1000.0,67.8649,67.93,0.0,21.11,0.5429,0.097,0,UP,4.0,0.0,6,6,71,-60.8,29.209,8.324,0,0,0,32,0,58.0,0.0,0,0,,,,,,,,,,,,,,,,,,,,,0.0,0,,SYNTHETIC,0
power-outage,0,941,2026-09-03T09:15:41Z,2026-09-03T09:15:42Z,2026-09-03T09:15:41Z,2026-09-03T09:15:42Z,site_a,SIM,synthetic_demo,A-WAN-1,UP,1000.0,152.6018,152.15,0.0,17.74,1.3821,0.056,0,UP,4.0,0.0,48,12,58,-63.1,19.119,6.004,0,3,0,7,0,128.0,0.0,0,0,MAINS_RECOVERY_HOLD,MAINS_RECOVERY_HOLD,1,1,80.23,92.0,51.1188,50.9342,2.0584,3.93222,3.93222,3.91802,3.91802,0.0,23.8,146.781,3,54.4,,DISCHARGE,0.0,0,,SYNTHETIC,0
power-outage,0,941,2026-09-03T09:15:41Z,2026-09-03T09:15:42Z,2026-09-03T09:15:41Z,2026-09-03T09:15:42Z,site_b,SIM,synthetic_demo,B-WAN-1,UP,1000.0,62.4518,63.18,0.0,22.98,1.6983,0.096,0,UP,4.0,0.0,6,6,58,-61.8,23.237,7.7,1,0,0,32,0,72.0,0.0,0,0,,,,,,,,,,,,,,,,,,,,,0.0,0,,SYNTHETIC,0
power-outage,0,942,2026-09-03T09:15:42Z,2026-09-03T09:15:43Z,2026-09-03T09:15:42Z,2026-09-03T09:15:43Z,site_a,SIM,synthetic_demo,A-WAN-1,UP,1000.0,185.9916,186.06,0.0,16.37,0.5191,0.057,0,UP,4.0,0.0,48,12,43,-63.5,16.73,4.903,0,1,0,7,0,123.0,0.0,0,0,MAINS_RECOVERY_HOLD,MAINS_RECOVERY_HOLD,1,1,80.32,92.0,51.1187,50.9358,2.0389,3.93221,3.93221,3.91814,3.91814,0.0,23.9,145.393,3,54.442,,DISCHARGE,0.0,0,,SYNTHETIC,0
power-outage,0,942,2026-09-03T09:15:42Z,2026-09-03T09:15:43Z,2026-09-03T09:15:42Z,2026-09-03T09:15:43Z,site_b,SIM,synthetic_demo,B-WAN-1,UP,1000.0,67.5911,68.19,0.0,21.92,0.4911,0.09,0,UP,4.0,0.0,6,6,30,-60.3,20.478,5.513,0,0,0,32,0,69.0,0.0,0,0,,,,,,,,,,,,,,,,,,,,,0.0,0,,SYNTHETIC,0
power-outage,0,943,2026-09-03T09:15:43Z,2026-09-03T09:15:44Z,2026-09-03T09:15:43Z,2026-09-03T09:15:44Z,site_a,SIM,synthetic_demo,A-WAN-1,UP,1000.0,99.9289,100.48,0.0,17.83,1.7889,0.079,0,UP,4.0,0.0,48,48,104,-63.1,14.814,4.537,0,3,0,7,0,186.0,0.0,0,0,MAINS_RECOVERY_HOLD,MAINS_RECOVERY_HOLD,1,1,80.25,92.0,51.1185,50.9426,1.9609,3.93219,3.93219,3.91866,3.91866,0.0,23.8,139.85,,691.906,,DISCHARGE,0.0,0,,SYNTHETIC,0
power-outage,0,943,2026-09-03T09:15:43Z,2026-09-03T09:15:44Z,2026-09-03T09:15:43Z,2026-09-03T09:15:44Z,site_b,SIM,synthetic_demo,B-WAN-1,UP,1000.0,73.6362,73.22,0.0,21.18,0.4386,0.1,0,UP,4.0,0.0,6,6,73,-60.3,28.642,8.702,0,0,0,32,0,52.0,0.0,0,0,,,,,,,,,,,,,,,,,,,,,0.0,0,,SYNTHETIC,0
power-outage,0,944,2026-09-03T09:15:44Z,2026-09-03T09:15:45Z,2026-09-03T09:15:44Z,2026-09-03T09:15:45Z,site_a,SIM,synthetic_demo,A-WAN-1,UP,1000.0,244.9881,245.11,0.0,17.07,0.6418,0.101,0,UP,4.0,0.0,48,48,262,-62.1,19.456,5.757,1,5,0,7,0,244.0,0.0,0,0,MAINS_RECOVERY_HOLD,MAINS_RECOVERY_HOLD,1,1,80.32,92.0,51.1165,48.7852,25.9909,3.93204,3.93204,3.7527,3.7527,0.0,23.8,1774.947,,54.515,OCP_DSG,DISCHARGE,0.0,0,,SYNTHETIC,0
power-outage,0,944,2026-09-03T09:15:44Z,2026-09-03T09:15:45Z,2026-09-03T09:15:44Z,2026-09-03T09:15:45Z,site_b,SIM,synthetic_demo,B-WAN-1,UP,1000.0,72.653,72.18,0.0,21.18,0.3677,0.104,0,UP,4.0,0.0,6,6,27,-63.1,18.874,5.267,0,0,0,32,0,36.0,0.0,0,0,,,,,,,,,,,,,,,,,,,,,0.0,0,,SYNTHETIC,0
power-outage,0,945,2026-09-03T09:15:45Z,2026-09-03T09:15:46Z,2026-09-03T09:15:45Z,2026-09-03T09:15:46Z,site_a,SIM,synthetic_demo,A-WAN-1,UP,1000.0,89.3083,87.85,0.0,15.97,0.5741,0.082,0,UP,4.0,0.0,48,12,61,-61.6,19.291,5.688,1,4,0,7,0,164.0,0.0,0,0,MAINS_RECOVERY_HOLD,MAINS_RECOVERY_HOLD,1,1,80.25,92.0,51.1164,50.9394,1.9735,3.93203,3.93203,3.91841,3.91841,0.0,23.9,140.74,3,54.572,,DISCHARGE,0.0,0,,SYNTHETIC,0
power-outage,0,945,2026-09-03T09:15:45Z,2026-09-03T09:15:46Z,2026-09-03T09:15:45Z,2026-09-03T09:15:46Z,site_b,SIM,synthetic_demo,B-WAN-1,UP,1000.0,83.6534,84.58,0.0,21.68,0.6709,0.102,0,UP,4.0,0.0,6,6,62,-62.3,27.062,8.391,0,1,0,32,0,58.0,0.0,0,0,,,,,,,,,,,,,,,,,,,,,0.0,0,,SYNTHETIC,0
power-outage,0,946,2026-09-03T09:15:46Z,2026-09-03T09:15:47Z,2026-09-03T09:15:46Z,2026-09-03T09:15:47Z,site_a,SIM,synthetic_demo,A-WAN-1,UP,1000.0,144.4339,144.67,0.0,16.25,0.6162,0.075,0,UP,4.0,0.0,48,12,66,-63.3,18.53,5.589,0,2,0,7,0,183.0,0.0,0,0,MAINS_RECOVERY_HOLD,MAINS_RECOVERY_HOLD,1,1,80.3,92.0,51.1162,50.9385,1.9809,3.93202,3.93202,3.91835,3.91835,0.0,24.0,141.261,3,54.555,,DISCHARGE,0.0,0,,SYNTHETIC,0
power-outage,0,946,2026-09-03T09:15:46Z,2026-09-03T09:15:47Z,2026-09-03T09:15:46Z,2026-09-03T09:15:47Z,site_b,SIM,synthetic_demo,B-WAN-1,UP,1000.0,79.254,79.05,0.0,21.44,0.5508,0.139,0,UP,4.0,0.0,6,6,39,-63.3,17.968,6.435,0,2,0,32,0,45.0,0.0,0,0,,,,,,,,,,,,,,,,,,,,,0.0,0,,SYNTHETIC,0
power-outage,0,947,2026-09-03T09:15:47Z,2026-09-03T09:15:48Z,2026-09-03T09:15:47Z,2026-09-03T09:15:48Z,site_a,SIM,synthetic_demo,A-WAN-1,UP,1000.0,112.1856,111.32,0.0,17.88,1.9148,0.092,0,UP,4.0,0.0,48,12,71,-63.2,19.719,6.103,0,2,0,7,0,203.0,0.0,0,0,MAINS_RECOVERY_HOLD,MAINS_RECOVERY_HOLD,1,1,80.23,92.0,51.116,50.9377,1.9886,3.932,3.932,3.91828,3.91828,0.0,24.0,141.81,3,54.538,,DISCHARGE,0.0,0,,SYNTHETIC,0
power-outage,0,947,2026-09-03T09:15:47Z,2026-09-03T09:15:48Z,2026-09-03T09:15:47Z,2026-09-03T09:15:48Z,site_b,SIM,synthetic_demo,B-WAN-1,UP,1000.0,84.3507,83.49,0.0,23.39,1.9751,0.101,0,UP,4.0,0.0,6,6,40,-62.2,21.003,7.333,0,0,0,32,0,77.0,0.0,0,0,,,,,,,,,,,,,,,,,,,,,0.0,0,,SYNTHETIC,0
power-outage,0,948,2026-09-03T09:15:48Z,2026-09-03T09:15:49Z,2026-09-03T09:15:48Z,2026-09-03T09:15:49Z,site_a,SIM,synthetic_demo,A-WAN-1,UP,1000.0,125.642,125.35,0.0,16.9,0.4198,0.111,0,UP,4.0,0.0,48,12,56,-63.5,17.873,6.269,0,2,0,7,0,133.0,0.0,0,0,MAINS_RECOVERY_HOLD,MAINS_RECOVERY_HOLD,1,1,80.23,92.0,51.1159,50.9373,1.9904,3.93199,3.93199,3.91826,3.91826,0.0,23.9,141.939,3,54.533,,DISCHARGE,0.0,0,,SYNTHETIC,0
power-outage,0,948,2026-09-03T09:15:48Z,2026-09-03T09:15:49Z,2026-09-03T09:15:48Z,2026-09-03T09:15:49Z,site_b,SIM,synthetic_demo,B-WAN-1,UP,1000.0,73.8853,72.84,0.0,21.09,0.1774,0.087,0,UP,4.0,0.0,6,6,57,-63.9,26.11,8.839,0,0,0,32,0,41.0,0.0,0,0,,,,,,,,,,,,,,,,,,,,,0.0,0,,SYNTHETIC,0
power-outage,0,949,2026-09-03T09:15:49Z,2026-09-03T09:15:50Z,2026-09-03T09:15:49Z,2026-09-03T09:15:50Z,site_a,SIM,synthetic_demo,A-WAN-1,UP,1000.0,98.0211,97.74,0.0,15.74,0.6092,0.077,0,UP,4.0,0.0,48,12,48,-62.2,19.944,5.191,0,2,0,7,0,157.0,0.0,0,0,MAINS_RECOVERY_HOLD,MAINS_RECOVERY_HOLD,1,1,80.31,92.0,51.1157,50.9365,1.9975,3.93198,3.93198,3.91819,3.91819,0.0,23.8,142.442,3,54.517,,DISCHARGE,0.0,0,,SYNTHETIC,0
power-outage,0,949,2026-09-03T09:15:49Z,2026-09-03T09:15:50Z,2026-09-03T09:15:49Z,2026-09-03T09:15:50Z,site_b,SIM,synthetic_demo,B-WAN-1,UP,1000.0,82.2152,80.99,0.0,21.7,0.5139,0.077,0,UP,4.0,0.0,6,6,32,-61.2,20.337,5.3,1,0,0,32,0,54.0,0.0,0,0,,,,,,,,,,,,,,,,,,,,,0.0,0,,SYNTHETIC,0
power-outage,0,950,2026-09-03T09:15:50Z,2026-09-03T09:15:51Z,2026-09-03T09:15:50Z,2026-09-03T09:15:51Z,site_a,SIM,synthetic_demo,A-WAN-1,UP,1000.0,139.3953,140.98,0.0,18.4,2.3261,0.07,0,UP,4.0,0.0,48,12,69,-60.8,19.445,5.698,1,5,0,7,0,212.0,0.0,0,0,MAINS_RECOVERY_HOLD,MAINS_RECOVERY_HOLD,1,1,80.26,92.0,51.1155,50.9312,2.0546,3.93196,3.93196,3.91779,3.91779,0.0,24.0,146.496,3,54.391,,DISCHARGE,0.0,0,,SYNTHETIC,0
power-outage,0,950,2026-09-03T09:15:50Z,2026-09-03T09:15:51Z,2026-09-03T09:15:50Z,2026-09-03T09:15:51Z,site_b,SIM,synthetic_demo,B-WAN-1,UP,1000.0,68.0745,67.99,0.0,22.37,1.3954,0.129,0,UP,4.0,0.0,6,6,26,-62.6,19.355,5.194,0,1,0,32,0,44.0,0.0,0,0,,,,,,,,,,,,,,,,,,,,,0.0,0,,SYNTHETIC,0
power-outage,0,951,2026-09-03T09:15:51Z,2026-09-03T09:15:52Z,2026-09-03T09:15:51Z,2026-09-03T09:15:52Z,site_a,SIM,synthetic_demo,A-WAN-1,UP,1000.0,141.3703,141.94,0.0,15.83,0.218,0.069,0,UP,4.0,0.0,48,12,49,-62.7,18.202,5.194,1,3,0,7,0,133.0,0.0,0,0,MAINS_RECOVERY_HOLD,MAINS_RECOVERY_HOLD,1,1,80.25,92.0,51.1154,50.9357,2.0027,3.93195,3.93195,3.91813,3.91813,0.0,23.8,142.811,3,54.503,,DISCHARGE,0.0,0,,SYNTHETIC,0
power-outage,0,951,2026-09-03T09:15:51Z,2026-09-03T09:15:52Z,2026-09-03T09:15:51Z,2026-09-03T09:15:52Z,site_b,SIM,synthetic_demo,B-WAN-1,UP,1000.0,69.5595,67.81,0.0,21.54,0.2343,0.08,0,UP,4.0,0.0,6,6,45,-59.8,22.828,6.689,0,2,0,32,0,48.0,0.0,0,0,,,,,,,,,,,,,,,,,,,,,0.0,0,,SYNTHETIC,0
power-outage,0,952,2026-09-03T09:15:52Z,2026-09-03T09:15:53Z,2026-09-03T09:15:52Z,2026-09-03T09:15:53Z,site_a,SIM,synthetic_demo,A-WAN-1,UP,1000.0,96.3401,96.8,0.0,17.21,1.1656,0.066,0,UP,4.0,0.0,48,12,72,-62.8,20.351,6.358,0,3,0,7,0,155.0,0.0,0,0,MAINS_RECOVERY_HOLD,MAINS_RECOVERY_HOLD,1,1,80.22,92.0,51.1152,50.9299,2.0655,3.93194,3.93194,3.91768,3.91768,0.0,24.0,147.276,3,54.366,,DISCHARGE,0.0,0,,SYNTHETIC,0
power-outage,0,952,2026-09-03T09:15:52Z,2026-09-03T09:15:53Z,2026-09-03T09:15:52Z,2026-09-03T09:15:53Z,site_b,SIM,synthetic_demo,B-WAN-1,UP,1000.0,79.5455,80.85,0.0,22.5,1.4904,0.117,0,UP,4.0,0.0,6,6,30,-59.8,20.505,5.526,0,1,0,32,0,96.0,0.0,0,0,,,,,,,,,,,,,,,,,,,,,0.0,0,,SYNTHETIC,0
power-outage,0,953,2026-09-03T09:15:53Z,2026-09-03T09:15:54Z,2026-09-03T09:15:53Z,2026-09-03T09:15:54Z,site_a,SIM,synthetic_demo,A-WAN-1,UP,1000.0,176.3883,175.72,0.0,16.96,1.3535,0.106,0,UP,4.0,0.0,48,12,63,-61.6,19.781,5.768,0,3,0,7,0,235.0,0.0,0,0,MAINS_RECOVERY_HOLD,MAINS_RECOVERY_HOLD,1,1,80.28,92.0,51.115,50.9348,2.0094,3.93192,3.93192,3.91806,3.91806,0.0,24.0,143.289,3,54.487,,DISCHARGE,0.0,0,,SYNTHETIC,0
power-outage,0,953,2026-09-03T09:15:53Z,2026-09-03T09:15:54Z,2026-09-03T09:15:53Z,2026-09-03T09:15:54Z,site_b,SIM,synthetic_demo,B-WAN-1,UP,1000.0,102.2488,101.74,0.0,20.68,0.2457,,0,UP,4.0,0.0,6,6,23,-61.8,18.005,4.718,0,0,0,32,0,77.0,0.0,0,0,,,,,,,,,,,,,,,,,,,,,0.0,0,,SYNTHETIC|GAP|MISSING_MCAR,0
power-outage,0,954,2026-09-03T09:15:54Z,2026-09-03T09:15:55Z,2026-09-03T09:15:54Z,2026-09-03T09:15:55Z,site_a,SIM,synthetic_demo,A-WAN-1,UP,1000.0,101.0295,99.71,0.0,17.23,1.3615,0.14,0,UP,4.0,0.0,48,12,57,-63.0,18.008,5.67,0,2,0,7,0,141.0,0.0,0,0,MAINS_RECOVERY_HOLD,MAINS_RECOVERY_HOLD,1,1,80.27,92.0,51.1148,50.9297,2.0634,3.93191,3.93191,3.91767,3.91767,0.0,24.1,147.126,3,54.369,,DISCHARGE,0.0,0,,SYNTHETIC,0
power-outage,0,954,2026-09-03T09:15:54Z,2026-09-03T09:15:55Z,2026-09-03T09:15:54Z,2026-09-03T09:15:55Z,site_b,SIM,synthetic_demo,B-WAN-1,UP,1000.0,120.8001,121.24,0.0,22.41,1.7646,0.112,0,UP,4.0,0.0,6,6,30,-62.5,22.037,5.72,0,0,0,32,0,81.0,0.0,0,0,,,,,,,,,,,,,,,,,,,,,0.0,0,,SYNTHETIC,0
power-outage,0,955,2026-09-03T09:15:55Z,2026-09-03T09:15:56Z,2026-09-03T09:15:55Z,2026-09-03T09:15:56Z,site_a,SIM,synthetic_demo,A-WAN-1,UP,1000.0,100.048,100.71,0.0,16.88,0.9517,0.059,0,UP,4.0,0.0,48,12,59,-61.8,18.065,5.554,0,5,0,7,0,196.0,0.0,0,0,MAINS_RECOVERY_HOLD,MAINS_RECOVERY_HOLD,1,1,80.22,92.0,51.1147,50.9284,2.0761,3.9319,3.9319,3.91757,3.91757,0.0,23.9,148.021,3,54.34,,DISCHARGE,0.0,0,,SYNTHETIC,0
power-outage,0,955,2026-09-03T09:15:55Z,2026-09-03T09:15:56Z,2026-09-03T09:15:55Z,2026-09-03T09:15:56Z,site_b,SIM,synthetic_demo,B-WAN-1,UP,1000.0,67.0887,67.6,0.0,22.52,1.3571,0.093,0,UP,4.0,0.0,6,6,20,-60.5,16.051,4.35,0,0,0,32,0,42.0,0.0,0,0,,,,,,,,,,,,,,,,,,,,,0.0,0,,SYNTHETIC,0
power-outage,0,956,2026-09-03T09:15:56Z,2026-09-03T09:15:57Z,2026-09-03T09:15:56Z,2026-09-03T09:15:57Z,site_a,SIM,synthetic_demo,A-WAN-1,UP,1000.0,116.6284,116.45,0.0,18.3,2.403,0.071,0,UP,4.0,0.0,48,12,68,-62.0,18.8,5.351,0,4,0,7,0,176.0,0.0,0,0,MAINS_RECOVERY_HOLD,MAINS_RECOVERY_HOLD,1,1,80.31,92.0,51.1145,50.9376,1.972,3.93188,3.93188,3.91828,3.91828,0.0,23.9,140.63,3,54.566,,DISCHARGE,0.0,0,,SYNTHETIC,0
power-outage,0,956,2026-09-03T09:15:56Z,2026-09-03T09:15:57Z,2026-09-03T09:15:56Z,2026-09-03T09:15:57Z,site_b,SIM,synthetic_demo,B-WAN-1,UP,1000.0,71.8375,72.25,0.0,23.68,2.1853,0.114,0,UP,4.0,0.0,6,6,46,-64.6,24.187,6.884,1,0,0,32,0,55.0,0.0,0,0,,,,,,,,,,,,,,,,,,,,,0.0,0,,SYNTHETIC,0
power-outage,0,957,2026-09-03T09:15:57Z,2026-09-03T09:15:58Z,2026-09-03T09:15:57Z,2026-09-03T09:15:58Z,site_a,SIM,synthetic_demo,A-WAN-1,UP,1000.0,99.9864,100.06,0.0,16.25,0.5559,0.086,0,UP,4.0,0.0,48,12,34,-61.5,16.503,4.686,1,3,0,7,0,97.0,0.0,0,0,MAINS_RECOVERY_HOLD,MAINS_RECOVERY_HOLD,1,1,80.19,92.0,51.1143,50.9373,1.9735,3.93187,3.93187,3.91825,3.91825,0.0,23.9,140.736,3,54.562,,DISCHARGE,0.0,0,,SYNTHETIC,0
power-outage,0,957,2026-09-03T09:15:57Z,2026-09-03T09:15:58Z,2026-09-03T09:15:57Z,2026-09-03T09:15:58Z,site_b,SIM,synthetic_demo,B-WAN-1,UP,1000.0,68.1141,67.8,0.0,20.6,0.0223,0.11,0,UP,4.0,0.0,6,6,27,-62.7,16.031,5.496,0,0,0,32,0,43.0,0.0,0,0,,,,,,,,,,,,,,,,,,,,,0.0,0,,SYNTHETIC,0
power-outage,0,958,2026-09-03T09:15:58Z,2026-09-03T09:15:59Z,2026-09-03T09:15:58Z,2026-09-03T09:15:59Z,site_a,SIM,synthetic_demo,A-WAN-1,UP,1000.0,107.3181,106.91,0.0,16.71,0.9779,0.062,0,UP,4.0,0.0,48,12,71,-61.5,19.983,6.099,0,2,0,7,0,170.0,0.0,0,0,MAINS_RECOVERY_HOLD,MAINS_RECOVERY_HOLD,1,1,80.24,92.0,51.1142,50.9363,1.9832,3.93186,3.93186,3.91817,3.91817,0.0,24.1,141.422,3,54.54,,DISCHARGE,0.0,0,,SYNTHETIC,0
power-outage,0,958,2026-09-03T09:15:58Z,2026-09-03T09:15:59Z,2026-09-03T09:15:58Z,2026-09-03T09:15:59Z,site_b,SIM,synthetic_demo,B-WAN-1,UP,1000.0,104.0857,104.17,0.0,22.28,1.74,0.093,0,UP,4.0,0.0,6,6,45,-59.2,20.151,6.154,0,0,0,32,0,88.0,0.0,0,0,,,,,,,,,,,,,,,,,,,,,0.0,0,,SYNTHETIC,0
power-outage,0,959,2026-09-03T09:15:59Z,2026-09-03T09:16:00Z,2026-09-03T09:15:59Z,2026-09-03T09:16:00Z,site_a,SIM,synthetic_demo,A-WAN-1,UP,1000.0,108.4841,109.02,0.0,16.87,1.2561,0.07,0,UP,4.0,0.0,48,12,32,-62.5,15.453,4.268,0,2,0,7,0,127.0,0.0,0,0,MAINS_RECOVERY_HOLD,MAINS_RECOVERY_HOLD,1,1,80.25,92.0,51.114,50.9368,1.9753,3.93185,3.93185,3.91822,3.91822,0.0,24.1,140.864,3,54.556,,DISCHARGE,0.0,0,,SYNTHETIC,0
power-outage,0,959,2026-09-03T09:15:59Z,2026-09-03T09:16:00Z,2026-09-03T09:15:59Z,2026-09-03T09:16:00Z,site_b,SIM,synthetic_demo,B-WAN-1,UP,1000.0,77.7531,76.86,0.0,20.86,0.2163,0.087,0,UP,4.0,0.0,6,6,50,-64.8,22.263,7.882,1,0,0,32,0,71.0,0.0,0,0,,,,,,,,,,,,,,,,,,,,,0.0,0,,SYNTHETIC,0
power-outage,0,960,2026-09-03T09:16:00Z,2026-09-03T09:16:01Z,2026-09-03T09:16:00Z,2026-09-03T09:16:01Z,site_a,SIM,synthetic_demo,A-WAN-1,UP,1000.0,127.6683,126.84,0.0,15.66,0.1518,0.099,0,UP,4.0,0.0,48,48,216,-63.8,18.456,5.769,0,3,0,7,0,124.0,0.0,0,0,MAINS_RECOVERY_HOLD,CHARGE_DELAY,1,2,80.24,92.0,51.114,51.114,0.0,3.93184,3.93184,3.93184,3.93184,0.0,24.0,143.677,,673.172,,STANDBY,0.0,0,,SYNTHETIC,0
power-outage,0,960,2026-09-03T09:16:00Z,2026-09-03T09:16:01Z,2026-09-03T09:16:00Z,2026-09-03T09:16:01Z,site_b,SIM,synthetic_demo,B-WAN-1,UP,1000.0,72.934,73.28,0.0,22.23,2.1136,0.143,0,UP,4.0,0.0,6,6,46,-63.2,22.55,7.382,0,0,0,32,0,46.0,0.0,0,0,,,,,,,,,,,,,,,,,,,,,0.0,0,,SYNTHETIC,0
power-outage,0,961,2026-09-03T09:16:01Z,2026-09-03T09:16:02Z,2026-09-03T09:16:01Z,2026-09-03T09:16:02Z,site_a,SIM,synthetic_demo,A-WAN-1,UP,1000.0,119.8158,119.75,0.0,17.41,0.9723,0.081,0,UP,4.0,0.0,48,48,111,-61.9,14.861,4.479,0,5,0,7,0,145.0,0.0,0,0,CHARGE_DELAY,CHARGE_DELAY,1,2,80.31,92.0,51.114,51.114,0.0,3.93184,3.93184,3.93184,3.93184,0.0,23.7,1778.111,,54.394,,STANDBY,0.0,0,,SYNTHETIC,0
power-outage,0,961,2026-09-03T09:16:01Z,2026-09-03T09:16:02Z,2026-09-03T09:16:01Z,2026-09-03T09:16:02Z,site_b,SIM,synthetic_demo,B-WAN-1,UP,1000.0,79.5092,80.72,0.0,21.54,0.3739,0.063,0,UP,4.0,0.0,6,6,41,-63.1,22.618,6.487,0,0,0,32,0,57.0,0.0,0,0,,,,,,,,,,,,,,,,,,,,,0.0,0,,SYNTHETIC,0
power-outage,0,962,2026-09-03T09:16:02Z,2026-09-03T09:16:03Z,2026-09-03T09:16:02Z,2026-09-03T09:16:03Z,site_a,SIM,synthetic_demo,A-WAN-1,UP,1000.0,105.1278,105.38,0.0,16.22,0.55,0.103,0,UP,4.0,0.0,48,48,134,-61.2,15.533,4.586,1,3,0,7,0,162.0,0.0,0,0,CHARGE_DELAY,CHARGE_DELAY,1,2,80.15,92.0,51.114,51.114,0.0,3.93184,3.93184,3.93184,3.93184,0.0,23.9,1774.401,,54.508,,STANDBY,0.0,0,,SYNTHETIC,0
power-outage,0,962,2026-09-03T09:16:02Z,2026-09-03T09:16:03Z,2026-09-03T09:16:02Z,2026-09-03T09:16:03Z,site_b,SIM,synthetic_demo,B-WAN-1,UP,1000.0,87.6034,88.37,0.0,21.44,0.7552,0.101,0,UP,4.0,0.0,6,6,38,-61.1,20.887,6.208,1,0,0,32,0,50.0,0.0,0,0,,,,,,,,,,,,,,,,,,,,,0.0,0,,SYNTHETIC,0
power-outage,0,963,2026-09-03T09:16:03Z,2026-09-03T09:16:04Z,2026-09-03T09:16:03Z,2026-09-03T09:16:04Z,site_a,SIM,synthetic_demo,A-WAN-1,UP,1000.0,117.0143,117.39,0.0,17.62,1.3244,0.034,0,UP,4.0,0.0,48,48,178,-60.9,17.063,5.254,0,0,0,7,0,187.0,0.0,0,0,CHARGE_DELAY,CHARGE_DELAY,1,2,80.29,92.0,51.114,51.114,0.0,3.93184,3.93184,3.93184,3.93184,0.0,23.9,1773.688,,54.53,,STANDBY,0.0,0,,SYNTHETIC,0
power-outage,0,963,2026-09-03T09:16:03Z,2026-09-03T09:16:04Z,2026-09-03T09:16:03Z,2026-09-03T09:16:04Z,site_b,SIM,synthetic_demo,B-WAN-1,UP,1000.0,76.7662,77.25,0.0,21.75,0.9737,0.107,0,UP,4.0,0.0,6,6,59,-59.0,24.618,7.441,0,1,0,32,0,59.0,0.0,0,0,,,,,,,,,,,,,,,,,,,,,0.0,0,,SYNTHETIC,0
power-outage,0,964,2026-09-03T09:16:04Z,2026-09-03T09:16:05Z,2026-09-03T09:16:04Z,2026-09-03T09:16:05Z,site_a,SIM,synthetic_demo,A-WAN-1,UP,1000.0,104.3859,104.34,0.0,17.85,1.6151,0.083,0,UP,4.0,0.0,48,48,169,-62.3,17.454,4.981,0,2,0,7,0,264.0,0.0,0,0,CHARGE_DELAY,CHARGE_DELAY,1,2,80.23,92.0,51.114,51.114,0.0,3.93184,3.93184,3.93184,3.93184,0.0,24.0,1775.362,,54.479,,STANDBY,0.0,0,,SYNTHETIC,0
power-outage,0,964,2026-09-03T09:16:04Z,2026-09-03T09:16:05Z,2026-09-03T09:16:04Z,2026-09-03T09:16:05Z,site_b,SIM,synthetic_demo,B-WAN-1,UP,1000.0,73.5789,73.84,0.0,23.59,2.0075,0.102,0,UP,4.0,0.0,6,6,57,-62.2,24.335,7.296,0,0,0,32,0,40.0,0.0,0,0,,,,,,,,,,,,,,,,,,,,,0.0,0,,SYNTHETIC,0
power-outage,0,965,2026-09-03T09:16:05Z,2026-09-03T09:16:06Z,2026-09-03T09:16:05Z,2026-09-03T09:16:06Z,site_a,SIM,synthetic_demo,A-WAN-1,UP,1000.0,99.1058,98.82,0.0,16.86,0.8728,0.1,0,UP,4.0,0.0,48,48,285,-61.9,20.095,6.213,1,4,0,7,0,118.0,0.0,0,0,CHARGE_DELAY,CHARGE_DELAY,1,2,80.21,92.0,51.114,51.114,0.0,3.93184,3.93184,3.93184,3.93184,0.0,24.0,1773.682,,54.53,,STANDBY,0.0,0,,SYNTHETIC,0
power-outage,0,965,2026-09-03T09:16:05Z,2026-09-03T09:16:06Z,2026-09-03T09:16:05Z,2026-09-03T09:16:06Z,site_b,SIM,synthetic_demo,B-WAN-1,UP,1000.0,69.9373,69.05,0.0,23.25,2.128,0.102,0,UP,4.0,0.0,6,6,52,-62.1,23.723,7.73,0,1,0,32,0,43.0,0.0,0,0,,,,,,,,,,,,,,,,,,,,,0.0,0,,SYNTHETIC,0
power-outage,0,966,2026-09-03T09:16:06Z,2026-09-03T09:16:07Z,2026-09-03T09:16:06Z,2026-09-03T09:16:07Z,site_a,SIM,synthetic_demo,A-WAN-1,UP,1000.0,118.3283,119.43,0.0,16.5,0.3907,0.106,0,UP,4.0,0.0,48,48,159,-62.9,17.011,4.99,3,2,0,7,0,226.0,0.0,0,0,CHARGE_DELAY,CHARGE_DELAY,1,2,80.25,92.0,51.114,51.114,0.0,3.93184,3.93184,3.93184,3.93184,0.0,24.0,1774.295,,54.511,,STANDBY,0.0,0,,SYNTHETIC,0
power-outage,0,966,2026-09-03T09:16:06Z,2026-09-03T09:16:07Z,2026-09-03T09:16:06Z,2026-09-03T09:16:07Z,site_b,SIM,synthetic_demo,B-WAN-1,UP,1000.0,119.642,118.39,0.0,22.13,2.0345,0.112,0,UP,4.0,0.0,6,6,31,-60.0,19.471,5.529,1,0,0,32,0,47.0,0.0,0,0,,,,,,,,,,,,,,,,,,,,,0.0,0,,SYNTHETIC,0
power-outage,0,967,2026-09-03T09:16:07Z,2026-09-03T09:16:08Z,2026-09-03T09:16:07Z,2026-09-03T09:16:08Z,site_a,SIM,synthetic_demo,A-WAN-1,UP,1000.0,98.3084,96.76,0.0,17.03,1.5249,0.058,0,UP,4.0,0.0,48,48,195,-61.8,17.43,5.117,1,3,0,7,0,146.0,0.0,0,0,CHARGE_DELAY,CHARGE_DELAY,1,2,80.19,92.0,51.114,51.114,0.0,3.93184,3.93184,3.93184,3.93184,0.0,23.8,1774.034,,54.519,,STANDBY,0.0,0,,SYNTHETIC,0
power-outage,0,967,2026-09-03T09:16:07Z,2026-09-03T09:16:08Z,2026-09-03T09:16:07Z,2026-09-03T09:16:08Z,site_b,SIM,synthetic_demo,B-WAN-1,UP,1000.0,83.6435,84.06,0.0,21.54,0.8658,0.134,0,UP,4.0,0.0,6,6,32,-61.2,19.804,5.579,0,0,0,32,0,76.0,0.0,0,0,,,,,,,,,,,,,,,,,,,,,0.0,0,,SYNTHETIC,0
power-outage,0,968,2026-09-03T09:16:08Z,2026-09-03T09:16:09Z,2026-09-03T09:16:08Z,2026-09-03T09:16:09Z,site_a,SIM,synthetic_demo,A-WAN-1,UP,1000.0,106.4854,106.0,0.0,17.51,1.8063,0.067,0,UP,4.0,0.0,48,48,150,-61.5,16.571,4.775,1,5,0,7,0,157.0,0.0,0,0,CHARGE_DELAY,CHARGE_DELAY,1,2,80.31,92.0,51.114,51.114,0.0,3.93184,3.93184,3.93184,3.93184,0.0,23.9,1773.492,,54.536,,STANDBY,0.0,0,,SYNTHETIC,0
power-outage,0,968,2026-09-03T09:16:08Z,2026-09-03T09:16:09Z,2026-09-03T09:16:08Z,2026-09-03T09:16:09Z,site_b,SIM,synthetic_demo,B-WAN-1,UP,1000.0,87.3496,88.07,0.0,22.32,1.3933,0.105,0,UP,4.0,0.0,6,6,57,-62.5,24.344,7.284,0,0,0,32,0,62.0,0.0,0,0,,,,,,,,,,,,,,,,,,,,,0.0,0,,SYNTHETIC,0
power-outage,0,969,2026-09-03T09:16:09Z,2026-09-03T09:16:10Z,2026-09-03T09:16:09Z,2026-09-03T09:16:10Z,site_a,SIM,synthetic_demo,A-WAN-1,UP,1000.0,102.6,101.95,0.0,16.53,0.4749,0.059,0,UP,4.0,0.0,48,48,195,-61.1,17.864,5.011,0,2,0,7,0,184.0,0.0,0,0,CHARGE_DELAY,CHARGE_DELAY,1,2,80.3,92.0,51.1139,51.1139,0.0,3.93184,3.93184,3.93184,3.93184,0.0,24.0,1772.995,,54.551,,STANDBY,0.0,0,,SYNTHETIC,0
power-outage,0,969,2026-09-03T09:16:09Z,2026-09-03T09:16:10Z,2026-09-03T09:16:09Z,2026-09-03T09:16:10Z,site_b,SIM,synthetic_demo,B-WAN-1,UP,1000.0,74.9678,74.1,0.0,21.64,0.2745,0.126,0,UP,4.0,0.0,6,6,52,-64.4,23.033,7.572,0,0,0,32,0,63.0,0.0,0,0,,,,,,,,,,,,,,,,,,,,,0.0,0,,SYNTHETIC,0
power-outage,0,970,2026-09-03T09:16:10Z,2026-09-03T09:16:11Z,2026-09-03T09:16:10Z,2026-09-03T09:16:11Z,site_a,SIM,synthetic_demo,A-WAN-1,UP,1000.0,94.2047,92.96,0.0,17.12,1.4066,0.068,0,UP,4.0,0.0,48,48,229,-62.1,18.036,5.613,2,2,0,7,0,157.0,0.0,0,0,CHARGE_DELAY,CHARGE_DELAY,1,2,80.27,92.0,51.1139,51.1139,0.0,3.93184,3.93184,3.93184,3.93184,0.0,23.8,1772.132,,54.578,,STANDBY,0.0,0,,SYNTHETIC,0
power-outage,0,970,2026-09-03T09:16:10Z,2026-09-03T09:16:11Z,2026-09-03T09:16:10Z,2026-09-03T09:16:11Z,site_b,SIM,synthetic_demo,B-WAN-1,UP,1000.0,71.0075,71.52,0.0,22.25,1.1146,0.106,0,UP,4.0,0.0,6,6,63,-60.3,24.27,7.865,1,0,0,32,0,62.0,0.0,0,0,,,,,,,,,,,,,,,,,,,,,0.0,0,,SYNTHETIC,0
power-outage,0,971,2026-09-03T09:16:11Z,2026-09-03T09:16:12Z,2026-09-03T09:16:11Z,2026-09-03T09:16:12Z,site_a,SIM,synthetic_demo,A-WAN-1,UP,1000.0,99.1361,99.31,0.0,19.23,3.628,0.098,0,UP,4.0,0.0,48,48,277,-61.0,19.984,5.807,0,4,0,7,0,159.0,0.0,0,0,CHARGE_DELAY,CHARGE_DELAY,1,2,80.21,92.0,51.1139,51.1139,0.0,3.93184,3.93184,3.93184,3.93184,0.0,24.0,1774.443,,54.507,,STANDBY,0.0,0,,SYNTHETIC,0
power-outage,0,971,2026-09-03T09:16:11Z,2026-09-03T09:16:12Z,2026-09-03T09:16:11Z,2026-09-03T09:16:12Z,site_b,SIM,synthetic_demo,B-WAN-1,UP,1000.0,71.8914,72.24,0.0,21.16,0.2461,0.078,0,UP,4.0,0.0,6,6,46,-61.5,21.936,7.042,0,1,0,32,0,65.0,0.0,0,0,,,,,,,,,,,,,,,,,,,,,0.0,0,,SYNTHETIC,0
power-outage,0,972,2026-09-03T09:16:12Z,2026-09-03T09:16:13Z,2026-09-03T09:16:12Z,2026-09-03T09:16:13Z,site_a,SIM,synthetic_demo,A-WAN-1,UP,1000.0,92.5205,92.69,0.0,17.04,0.7655,0.069,0,UP,4.0,0.0,48,48,105,-62.5,14.336,4.274,0,2,0,7,0,142.0,0.0,0,0,CHARGE_DELAY,CHARGE_DELAY,1,2,80.27,92.0,51.1139,51.1139,0.0,3.93184,3.93184,3.93184,3.93184,0.0,24.0,1777.476,,54.414,,STANDBY,0.0,0,,SYNTHETIC,0
power-outage,0,972,2026-09-03T09:16:12Z,2026-09-03T09:16:13Z,2026-09-03T09:16:12Z,2026-09-03T09:16:13Z,site_b,SIM,synthetic_demo,B-WAN-1,UP,1000.0,73.3322,72.92,0.0,20.41,0.1967,0.101,0,UP,4.0,0.0,6,6,37,-63.1,20.716,6.152,0,1,0,32,0,55.0,0.0,0,0,,,,,,,,,,,,,,,,,,,,,0.0,0,,SYNTHETIC,0
power-outage,0,973,2026-09-03T09:16:13Z,2026-09-03T09:16:14Z,2026-09-03T09:16:13Z,2026-09-03T09:16:14Z,site_a,SIM,synthetic_demo,A-WAN-1,UP,1000.0,98.6502,98.38,0.0,15.54,0.3146,0.093,0,UP,4.0,0.0,48,48,71,-61.8,13.736,4.405,1,2,0,7,0,243.0,0.0,0,0,CHARGE_DELAY,CHARGE_DELAY,1,2,80.14,92.0,51.1139,51.1139,0.0,3.93184,3.93184,3.93184,3.93184,0.0,24.0,1777.916,,54.4,,STANDBY,0.0,0,,SYNTHETIC,0
power-outage,0,973,2026-09-03T09:16:13Z,2026-09-03T09:16:14Z,2026-09-03T09:16:13Z,2026-09-03T09:16:14Z,site_b,SIM,synthetic_demo,B-WAN-1,UP,1000.0,87.3622,86.38,0.0,21.05,0.6868,0.089,0,UP,4.0,0.0,6,6,36,-61.4,17.22,5.598,2,0,0,32,0,75.0,0.0,0,0,,,,,,,,,,,,,,,,,,,,,0.0,0,,SYNTHETIC,0
power-outage,0,974,2026-09-03T09:16:14Z,2026-09-03T09:16:15Z,2026-09-03T09:16:14Z,2026-09-03T09:16:15Z,site_a,SIM,synthetic_demo,A-WAN-1,UP,1000.0,138.2242,139.16,0.0,18.32,1.3735,0.097,0,UP,4.0,0.0,48,48,167,-61.8,17.184,4.678,2,4,0,7,0,128.0,0.0,0,0,CHARGE_DELAY,CHARGE_DELAY,1,2,80.25,92.0,51.1139,51.1139,0.0,3.93184,3.93184,3.93184,3.93184,0.0,23.9,1771.827,,54.587,,STANDBY,0.0,0,,SYNTHETIC,0
power-outage,0,974,2026-09-03T09:16:14Z,2026-09-03T09:16:15Z,2026-09-03T09:16:14Z,2026-09-03T09:16:15Z,site_b,SIM,synthetic_demo,B-WAN-1,UP,1000.0,90.2688,90.97,0.0,21.12,0.2786,0.119,0,UP,4.0,0.0,6,6,57,-64.6,24.141,8.075,0,0,0,32,0,59.0,0.0,0,0,,,,,,,,,,,,,,,,,,,,,0.0,0,,SYNTHETIC,0
power-outage,0,975,2026-09-03T09:16:15Z,2026-09-03T09:16:16Z,2026-09-03T09:16:15Z,2026-09-03T09:16:16Z,site_a,SIM,synthetic_demo,A-WAN-1,UP,1000.0,128.0823,128.37,0.0,16.69,1.0225,0.087,0,UP,4.0,0.0,48,48,369,-62.0,22.41,6.661,1,2,0,7,0,149.0,0.0,0,0,CHARGE_DELAY,CHARGE_DELAY,1,2,80.21,92.0,51.1139,51.1139,0.0,3.93184,3.93184,3.93184,3.93184,0.0,24.0,1773.967,,54.521,,STANDBY,0.0,0,,SYNTHETIC,0
power-outage,0,975,2026-09-03T09:16:15Z,2026-09-03T09:16:16Z,2026-09-03T09:16:15Z,2026-09-03T09:16:16Z,site_b,SIM,synthetic_demo,B-WAN-1,UP,1000.0,77.2234,77.35,0.0,22.91,1.7529,0.095,0,UP,4.0,0.0,6,6,65,-64.4,28.377,8.497,0,1,0,32,0,43.0,0.0,0,0,,,,,,,,,,,,,,,,,,,,,0.0,0,,SYNTHETIC,0
power-outage,0,976,2026-09-03T09:16:16Z,2026-09-03T09:16:17Z,2026-09-03T09:16:16Z,2026-09-03T09:16:17Z,site_a,SIM,synthetic_demo,A-WAN-1,UP,1000.0,101.7831,102.81,0.0,16.87,0.9344,0.08,0,UP,4.0,0.0,48,48,393,-62.8,23.037,7.213,2,3,0,7,0,131.0,0.0,0,0,CHARGE_DELAY,CHARGE_DELAY,1,2,80.3,92.0,51.1139,51.1139,0.0,3.93184,3.93184,3.93184,3.93184,0.0,23.9,1771.874,,54.586,,STANDBY,0.0,0,,SYNTHETIC,0
power-outage,0,976,2026-09-03T09:16:16Z,2026-09-03T09:16:17Z,2026-09-03T09:16:16Z,2026-09-03T09:16:17Z,site_b,SIM,synthetic_demo,B-WAN-1,UP,1000.0,93.6636,94.12,0.0,20.87,0.4132,0.113,0,UP,4.0,0.0,6,6,38,-61.7,20.9,5.869,0,1,0,32,0,53.0,0.0,0,0,,,,,,,,,,,,,,,,,,,,,0.0,0,,SYNTHETIC,0
power-outage,0,977,2026-09-03T09:16:17Z,2026-09-03T09:16:18Z,2026-09-03T09:16:17Z,2026-09-03T09:16:18Z,site_a,SIM,synthetic_demo,A-WAN-1,UP,1000.0,149.3574,150.14,0.0,17.61,1.3052,0.072,0,UP,4.0,0.0,48,48,100,-61.6,15.557,4.007,1,2,0,7,0,165.0,0.0,0,0,CHARGE_DELAY,CHARGE_DELAY,1,2,80.19,92.0,51.1139,51.1139,0.0,3.93184,3.93184,3.93184,3.93184,0.0,24.0,1774.188,,54.515,,STANDBY,0.0,0,,SYNTHETIC,0
power-outage,0,977,2026-09-03T09:16:17Z,2026-09-03T09:16:18Z,2026-09-03T09:16:17Z,2026-09-03T09:16:18Z,site_b,SIM,synthetic_demo,B-WAN-1,UP,1000.0,81.6897,81.5,0.0,21.22,0.4733,0.097,0,UP,4.0,0.0,6,6,48,-62.0,22.695,6.786,1,0,0,32,0,69.0,0.0,0,0,,,,,,,,,,,,,,,,,,,,,0.0,0,,SYNTHETIC,0
power-outage,0,978,2026-09-03T09:16:18Z,2026-09-03T09:16:19Z,2026-09-03T09:16:18Z,2026-09-03T09:16:19Z,site_a,SIM,synthetic_demo,A-WAN-1,UP,1000.0,102.1838,102.55,0.0,17.57,1.8659,0.065,0,UP,4.0,0.0,48,48,256,-61.7,19.506,5.925,2,6,0,7,0,96.0,0.0,0,0,CHARGE_DELAY,CHARGE_DELAY,1,2,80.22,92.0,51.1139,51.1139,0.0,3.93184,3.93184,3.93184,3.93184,0.0,24.0,1774.871,,54.494,,STANDBY,0.0,0,,SYNTHETIC,0
power-outage,0,978,2026-09-03T09:16:18Z,2026-09-03T09:16:19Z,2026-09-03T09:16:18Z,2026-09-03T09:16:19Z,site_b,SIM,synthetic_demo,B-WAN-1,UP,1000.0,84.3624,84.47,0.0,22.21,1.1767,0.087,0,UP,4.0,0.0,6,6,62,-59.5,27.888,7.805,0,0,0,32,0,55.0,0.0,0,0,,,,,,,,,,,,,,,,,,,,,0.0,0,,SYNTHETIC,0
power-outage,0,979,2026-09-03T09:16:19Z,2026-09-03T09:16:20Z,2026-09-03T09:16:19Z,2026-09-03T09:16:20Z,site_a,SIM,synthetic_demo,A-WAN-1,UP,1000.0,124.7658,124.24,0.0,16.76,1.2159,0.105,0,UP,4.0,0.0,48,48,185,-61.1,17.062,5.172,0,4,0,7,0,155.0,0.0,0,0,CHARGE_DELAY,CHARGE_DELAY,1,2,80.26,92.0,51.1139,51.1139,0.0,3.93184,3.93184,3.93184,3.93184,0.0,23.7,1778.133,,54.394,,STANDBY,0.0,0,,SYNTHETIC,0
power-outage,0,979,2026-09-03T09:16:19Z,2026-09-03T09:16:20Z,2026-09-03T09:16:19Z,2026-09-03T09:16:20Z,site_b,SIM,synthetic_demo,B-WAN-1,UP,1000.0,83.6272,83.89,0.0,22.34,0.6962,0.087,0,UP,4.0,0.0,6,6,38,-61.9,19.467,6.35,0,0,0,32,0,37.0,0.0,0,0,,,,,,,,,,,,,,,,,,,,,0.0,0,,SYNTHETIC,0
power-outage,0,980,2026-09-03T09:16:20Z,2026-09-03T09:16:21Z,2026-09-03T09:16:20Z,2026-09-03T09:16:21Z,site_a,SIM,synthetic_demo,A-WAN-1,UP,1000.0,115.8392,115.98,0.0,19.0,2.4467,0.061,0,UP,4.0,0.0,48,48,183,-61.9,16.279,5.13,2,3,0,7,0,123.0,0.0,0,0,CHARGE_DELAY,CHARGE_DELAY,1,2,80.16,92.0,51.1139,51.1139,0.0,3.93184,3.93184,3.93184,3.93184,0.0,24.0,1775.855,,54.464,,STANDBY,0.0,0,,SYNTHETIC,0
power-outage,0,980,2026-09-03T09:16:20Z,2026-09-03T09:16:21Z,2026-09-03T09:16:20Z,2026-09-03T09:16:21Z,site_b,SIM,synthetic_demo,B-WAN-1,UP,1000.0,84.7743,84.92,0.0,22.0,0.61,0.096,0,UP,4.0,0.0,6,6,37,-62.8,21.618,6.392,0,0,0,32,0,43.0,0.0,0,0,,,,,,,,,,,,,,,,,,,,,0.0,0,,SYNTHETIC,0
power-outage,0,981,2026-09-03T09:16:21Z,2026-09-03T09:16:22Z,2026-09-03T09:16:21Z,2026-09-03T09:16:22Z,site_a,SIM,synthetic_demo,A-WAN-1,UP,1000.0,115.9859,115.63,0.0,16.24,0.042,0.125,0,UP,4.0,0.0,48,48,212,-62.9,18.598,5.483,0,4,0,7,0,170.0,0.0,0,0,CHARGE_DELAY,CHARGE_DELAY,1,2,80.22,92.0,51.1139,51.1139,0.0,3.93184,3.93184,3.93184,3.93184,0.0,23.9,1776.97,,54.429,,STANDBY,0.0,0,,SYNTHETIC,0
power-outage,0,981,2026-09-03T09:16:21Z,2026-09-03T09:16:22Z,2026-09-03T09:16:21Z,2026-09-03T09:16:22Z,site_b,SIM,synthetic_demo,B-WAN-1,UP,1000.0,89.6392,89.73,0.0,22.52,1.596,0.118,0,UP,4.0,0.0,6,6,45,-61.9,21.903,6.721,0,0,0,32,0,71.0,0.0,0,0,,,,,,,,,,,,,,,,,,,,,0.0,0,,SYNTHETIC,0
power-outage,0,982,2026-09-03T09:16:22Z,2026-09-03T09:16:23Z,2026-09-03T09:16:22Z,2026-09-03T09:16:23Z,site_a,SIM,synthetic_demo,A-WAN-1,UP,1000.0,121.2739,122.08,0.0,16.05,0.3258,0.077,0,UP,4.0,0.0,48,48,182,-61.6,17.937,5.175,1,4,0,7,0,161.0,0.0,0,0,CHARGE_DELAY,CHARGE_DELAY,1,2,80.17,92.0,51.1139,51.1139,0.0,3.93184,3.93184,3.93184,3.93184,0.0,23.9,1776.857,,54.433,,STANDBY,0.0,0,,SYNTHETIC,0
power-outage,0,982,2026-09-03T09:16:22Z,2026-09-03T09:16:23Z,2026-09-03T09:16:22Z,2026-09-03T09:16:23Z,site_b,SIM,synthetic_demo,B-WAN-1,UP,1000.0,70.0678,69.88,0.0,21.73,0.2,0.096,0,UP,4.0,0.0,6,6,52,-60.3,23.851,6.785,0,1,0,32,0,50.0,0.0,0,0,,,,,,,,,,,,,,,,,,,,,0.0,0,,SYNTHETIC,0
power-outage,0,983,2026-09-03T09:16:23Z,2026-09-03T09:16:24Z,2026-09-03T09:16:23Z,2026-09-03T09:16:24Z,site_a,SIM,synthetic_demo,A-WAN-1,UP,1000.0,165.1373,165.63,0.0,18.22,1.5323,0.065,0,UP,4.0,0.0,48,48,232,-61.9,18.374,5.795,0,1,0,7,0,201.0,0.0,0,0,CHARGE_DELAY,CHARGE_DELAY,1,2,80.23,92.0,51.1139,51.1139,0.0,3.93184,3.93184,3.93184,3.93184,0.0,23.8,1776.039,,54.458,,STANDBY,0.0,0,,SYNTHETIC,0
power-outage,0,983,2026-09-03T09:16:23Z,2026-09-03T09:16:24Z,2026-09-03T09:16:23Z,2026-09-03T09:16:24Z,site_b,SIM,synthetic_demo,B-WAN-1,UP,1000.0,73.0698,72.59,0.0,22.78,1.648,0.106,0,UP,4.0,0.0,6,6,24,-61.9,16.205,5.46,0,0,0,32,0,52.0,0.0,0,0,,,,,,,,,,,,,,,,,,,,,0.0,0,,SYNTHETIC,0
power-outage,0,984,2026-09-03T09:16:24Z,2026-09-03T09:16:25Z,2026-09-03T09:16:24Z,2026-09-03T09:16:25Z,site_a,SIM,synthetic_demo,A-WAN-1,UP,1000.0,125.7578,126.91,0.0,16.86,0.8824,0.103,0,UP,4.0,0.0,48,48,186,-61.7,16.641,5.244,1,5,0,7,0,156.0,0.0,0,0,CHARGE_DELAY,CHARGE_DELAY,1,2,80.3,92.0,51.1139,51.1139,0.0,3.93184,3.93184,3.93184,3.93184,0.0,23.9,1772.658,,54.562,,STANDBY,0.0,0,,SYNTHETIC,0
power-outage,0,984,2026-09-03T09:16:24Z,2026-09-03T09:16:25Z,2026-09-03T09:16:24Z,2026-09-03T09:16:25Z,site_b,SIM,synthetic_demo,B-WAN-1,UP,1000.0,97.7337,96.42,0.0,21.56,0.8928,0.13,0,UP,4.0,0.0,6,6,77,-61.6,30.381,8.875,0,0,0,32,0,38.0,0.0,0,0,,,,,,,,,,,,,,,,,,,,,0.0,0,,SYNTHETIC,0
power-outage,0,985,2026-09-03T09:16:25Z,2026-09-03T09:16:26Z,2026-09-03T09:16:25Z,2026-09-03T09:16:26Z,site_a,SIM,synthetic_demo,A-WAN-1,UP,1000.0,118.8533,118.37,0.0,19.09,3.0048,0.061,0,UP,4.0,0.0,48,48,202,-62.5,17.947,5.467,3,3,0,7,0,142.0,0.0,0,0,CHARGE_DELAY,CHARGE_DELAY,1,2,80.19,92.0,51.1139,51.1139,0.0,3.93184,3.93184,3.93184,3.93184,0.0,24.0,1774.499,,54.505,,STANDBY,0.0,0,,SYNTHETIC,0
power-outage,0,985,2026-09-03T09:16:25Z,2026-09-03T09:16:26Z,2026-09-03T09:16:25Z,2026-09-03T09:16:26Z,site_b,SIM,synthetic_demo,B-WAN-1,UP,1000.0,77.0588,76.73,0.0,22.3,0.989,0.091,0,UP,4.0,0.0,6,6,35,-62.0,20.634,6.388,0,1,0,32,0,38.0,0.0,0,0,,,,,,,,,,,,,,,,,,,,,0.0,0,,SYNTHETIC,0
power-outage,0,986,2026-09-03T09:16:26Z,2026-09-03T09:16:27Z,2026-09-03T09:16:26Z,2026-09-03T09:16:27Z,site_a,SIM,synthetic_demo,A-WAN-1,UP,1000.0,108.7169,108.58,0.0,15.7,0.0036,0.073,0,UP,4.0,0.0,48,48,70,-63.7,14.036,4.427,1,2,0,7,0,167.0,0.0,0,0,CHARGE_DELAY,CHARGE_DELAY,1,2,80.29,92.0,51.1139,51.1139,0.0,3.93184,3.93184,3.93184,3.93184,0.0,24.0,1775.786,,54.466,,STANDBY,0.0,0,,SYNTHETIC,0
power-outage,0,986,2026-09-03T09:16:26Z,2026-09-03T09:16:27Z,2026-09-03T09:16:26Z,2026-09-03T09:16:27Z,site_b,SIM,synthetic_demo,B-WAN-1,UP,1000.0,193.9405,193.92,0.0,22.96,2.0514,0.085,0,UP,4.0,0.0,6,6,49,-62.8,23.442,6.869,0,0,0,32,0,56.0,0.0,0,0,,,,,,,,,,,,,,,,,,,,,0.0,0,,SYNTHETIC,0
power-outage,0,987,2026-09-03T09:16:27Z,2026-09-03T09:16:28Z,2026-09-03T09:16:27Z,2026-09-03T09:16:28Z,site_a,SIM,synthetic_demo,A-WAN-1,UP,1000.0,122.916,122.52,0.0,17.8,1.8754,0.082,0,UP,4.0,0.0,48,48,166,-61.2,16.089,5.036,5,2,0,7,0,142.0,0.0,0,0,CHARGE_DELAY,CHARGE_DELAY,1,2,80.28,92.0,51.1139,51.1139,0.0,3.93184,3.93184,3.93184,3.93184,0.0,24.0,1777.097,,54.425,,STANDBY,0.0,0,,SYNTHETIC,0
power-outage,0,987,2026-09-03T09:16:27Z,2026-09-03T09:16:28Z,2026-09-03T09:16:27Z,2026-09-03T09:16:28Z,site_b,SIM,synthetic_demo,B-WAN-1,UP,1000.0,93.2443,92.85,0.0,21.85,0.9659,0.088,0,UP,4.0,0.0,6,6,24,-63.3,17.119,4.542,0,0,0,32,0,70.0,0.0,0,0,,,,,,,,,,,,,,,,,,,,,0.0,0,,SYNTHETIC,0
power-outage,0,988,2026-09-03T09:16:28Z,2026-09-03T09:16:29Z,2026-09-03T09:16:28Z,2026-09-03T09:16:29Z,site_a,SIM,synthetic_demo,A-WAN-1,UP,1000.0,133.0798,132.57,0.0,17.12,1.1453,0.055,0,UP,4.0,0.0,48,48,312,-62.0,21.37,6.395,0,2,0,7,0,204.0,0.0,0,0,CHARGE_DELAY,CHARGE_DELAY,1,2,80.19,92.0,51.1139,51.1139,0.0,3.93184,3.93184,3.93184,3.93184,0.0,23.9,1774.534,,54.504,,STANDBY,0.0,0,,SYNTHETIC,0
power-outage,0,988,2026-09-03T09:16:28Z,2026-09-03T09:16:29Z,2026-09-03T09:16:28Z,2026-09-03T09:16:29Z,site_b,SIM,synthetic_demo,B-WAN-1,UP,1000.0,93.4241,95.3,0.0,21.63,0.9443,0.073,0,UP,4.0,0.0,6,6,58,-61.4,24.905,7.724,0,2,0,32,0,56.0,0.0,0,0,,,,,,,,,,,,,,,,,,,,,0.0,0,,SYNTHETIC,0
power-outage,0,989,2026-09-03T09:16:29Z,2026-09-03T09:16:30Z,2026-09-03T09:16:29Z,2026-09-03T09:16:30Z,site_a,SIM,synthetic_demo,A-WAN-1,UP,1000.0,111.4671,112.2,0.0,17.89,1.7267,0.088,0,UP,4.0,0.0,48,48,269,-62.8,20.406,5.787,1,3,0,7,0,102.0,0.0,0,0,CHARGE_DELAY,CHARGE_DELAY,1,2,80.27,92.0,51.1139,51.1139,0.0,3.93184,3.93184,3.93184,3.93184,0.0,23.9,1774.545,,54.504,,STANDBY,0.0,0,,SYNTHETIC,0
power-outage,0,989,2026-09-03T09:16:29Z,2026-09-03T09:16:30Z,2026-09-03T09:16:29Z,2026-09-03T09:16:30Z,site_b,SIM,synthetic_demo,B-WAN-1,UP,1000.0,104.6381,104.62,0.0,21.76,0.9471,0.114,0,UP,4.0,0.0,6,6,47,-63.3,20.451,7.03,0,1,0,32,0,72.0,0.0,0,0,,,,,,,,,,,,,,,,,,,,,0.0,0,,SYNTHETIC,0
power-outage,0,990,2026-09-03T09:16:30Z,2026-09-03T09:16:31Z,2026-09-03T09:16:30Z,2026-09-03T09:16:31Z,site_a,SIM,synthetic_demo,A-WAN-1,UP,1000.0,141.0794,139.8,0.0,17.46,2.1506,0.068,0,UP,4.0,0.0,48,48,123,-62.5,16.481,4.613,1,2,0,7,0,213.0,0.0,0,0,CHARGE_DELAY,MAINS,1,2,80.25,92.0,51.1142,51.473,-4.0,3.93186,3.93186,3.95946,3.95946,0.0,24.0,1773.643,,54.531,,CHARGE,0.0,0,,SYNTHETIC,0
power-outage,0,990,2026-09-03T09:16:30Z,2026-09-03T09:16:31Z,2026-09-03T09:16:30Z,2026-09-03T09:16:31Z,site_b,SIM,synthetic_demo,B-WAN-1,UP,1000.0,80.8904,80.76,0.0,24.01,3.2092,0.066,0,UP,4.0,0.0,6,6,38,-63.2,18.467,6.25,0,0,0,32,0,59.0,0.0,0,0,,,,,,,,,,,,,,,,,,,,,0.0,0,,SYNTHETIC,0
power-outage,0,991,2026-09-03T09:16:31Z,2026-09-03T09:16:32Z,2026-09-03T09:16:31Z,2026-09-03T09:16:32Z,site_a,SIM,synthetic_demo,A-WAN-1,UP,1000.0,147.2951,147.77,0.0,16.07,0.0606,0.108,0,UP,4.0,0.0,48,48,198,-62.8,17.493,5.176,1,3,0,7,0,128.0,0.0,0,0,MAINS,MAINS,1,2,80.15,92.0,51.1145,51.4733,-4.0,3.93189,3.93189,3.95949,3.95949,0.0,24.0,1772.526,,54.568,,CHARGE,0.0,0,,SYNTHETIC,0
power-outage,0,991,2026-09-03T09:16:31Z,2026-09-03T09:16:32Z,2026-09-03T09:16:31Z,2026-09-03T09:16:32Z,site_b,SIM,synthetic_demo,B-WAN-1,UP,1000.0,74.2609,74.67,0.0,23.57,3.1486,0.087,0,UP,4.0,0.0,6,6,87,-61.9,32.26,10.129,0,3,0,32,0,60.0,0.0,0,0,,,,,,,,,,,,,,,,,,,,,0.0,0,,SYNTHETIC,0
power-outage,0,992,2026-09-03T09:16:32Z,2026-09-03T09:16:33Z,2026-09-03T09:16:32Z,2026-09-03T09:16:33Z,site_a,SIM,synthetic_demo,A-WAN-1,UP,1000.0,96.9453,96.73,0.0,17.44,0.6245,0.09,0,UP,4.0,0.0,48,48,174,-61.6,17.148,4.957,0,4,0,7,0,94.0,0.0,0,0,MAINS,MAINS,1,2,80.23,92.0,51.1149,51.4737,-4.0,3.93191,3.93191,3.95951,3.95951,0.0,23.8,1774.317,,54.514,,CHARGE,0.0,0,,SYNTHETIC,0
power-outage,0,992,2026-09-03T09:16:32Z,2026-09-03T09:16:33Z,2026-09-03T09:16:32Z,2026-09-03T09:16:33Z,site_b,SIM,synthetic_demo,B-WAN-1,UP,1000.0,82.1478,81.64,0.0,21.66,1.0108,0.119,0,UP,4.0,0.0,6,6,35,-59.2,20.575,6.079,0,0,0,32,0,45.0,0.0,0,0,,,,,,,,,,,,,,,,,,,,,0.0,0,,SYNTHETIC,0
power-outage,0,993,2026-09-03T09:16:33Z,2026-09-03T09:16:34Z,2026-09-03T09:16:33Z,2026-09-03T09:16:34Z,site_a,SIM,synthetic_demo,A-WAN-1,UP,1000.0,118.7024,119.11,0.0,18.07,1.9908,0.046,0,UP,4.0,0.0,48,48,331,-62.3,21.428,6.625,0,2,0,7,0,152.0,0.0,0,0,MAINS,MAINS,1,2,80.29,92.0,51.1152,51.474,-4.0,3.93194,3.93194,3.95954,3.95954,0.0,23.9,1775.894,,54.468,,CHARGE,0.0,0,,SYNTHETIC,0
power-outage,0,993,2026-09-03T09:16:33Z,2026-09-03T09:16:34Z,2026-09-03T09:16:33Z,2026-09-03T09:16:34Z,site_b,SIM,synthetic_demo,B-WAN-1,UP,1000.0,92.1572,92.15,0.0,20.73,0.1771,0.098,0,UP,4.0,0.0,6,6,71,-61.6,27.642,8.341,0,1,0,32,0,77.0,0.0,0,0,,,,,,,,,,,,,,,,,,,,,0.0,0,,SYNTHETIC,0
power-outage,0,994,2026-09-03T09:16:34Z,2026-09-03T09:16:35Z,2026-09-03T09:16:34Z,2026-09-03T09:16:35Z,site_a,SIM,synthetic_demo,A-WAN-1,UP,1000.0,108.1227,108.09,0.0,17.44,1.7944,0.078,0,UP,4.0,0.0,48,48,112,-60.9,14.754,4.556,0,3,0,7,0,221.0,0.0,0,0,MAINS,MAINS,1,2,80.25,92.0,51.1155,51.4743,-4.0,3.93196,3.93196,3.95956,3.95956,0.0,24.0,1776.274,,54.458,,CHARGE,0.0,0,,SYNTHETIC,0
power-outage,0,994,2026-09-03T09:16:34Z,2026-09-03T09:16:35Z,2026-09-03T09:16:34Z,2026-09-03T09:16:35Z,site_b,SIM,synthetic_demo,B-WAN-1,UP,1000.0,79.1458,78.57,0.0,23.05,1.1427,0.119,0,UP,4.0,0.0,6,6,67,-61.7,30.591,7.957,0,1,0,32,0,59.0,0.0,0,0,,,,,,,,,,,,,,,,,,,,,0.0,0,,SYNTHETIC,0
power-outage,0,995,2026-09-03T09:16:35Z,2026-09-03T09:16:36Z,2026-09-03T09:16:35Z,2026-09-03T09:16:36Z,site_a,SIM,synthetic_demo,A-WAN-1,UP,1000.0,152.1515,152.59,0.0,18.94,2.531,0.084,0,UP,4.0,0.0,48,48,172,-61.7,16.599,4.98,1,0,0,7,0,351.0,0.0,0,0,MAINS,MAINS,1,2,80.08,92.0,51.1159,51.4747,-4.0,3.93199,3.93199,3.95959,3.95959,0.0,24.0,1774.153,,54.525,,CHARGE,0.0,0,,SYNTHETIC,0
power-outage,0,995,2026-09-03T09:16:35Z,2026-09-03T09:16:36Z,2026-09-03T09:16:35Z,2026-09-03T09:16:36Z,site_b,SIM,synthetic_demo,B-WAN-1,UP,1000.0,86.6865,86.35,0.0,24.2,2.8525,0.116,0,UP,4.0,0.0,6,6,33,-62.6,20.846,6.006,0,0,0,32,0,80.0,0.0,0,0,,,,,,,,,,,,,,,,,,,,,0.0,0,,SYNTHETIC,0
power-outage,0,996,2026-09-03T09:16:36Z,2026-09-03T09:16:37Z,2026-09-03T09:16:36Z,2026-09-03T09:16:37Z,site_a,SIM,synthetic_demo,A-WAN-1,UP,1000.0,130.4475,129.81,0.0,16.59,0.5152,0.07,0,UP,4.0,0.0,48,48,433,-61.2,24.482,7.156,1,3,0,7,0,160.0,0.0,0,0,MAINS,MAINS,1,2,80.35,92.0,51.1162,51.475,-4.0,3.93202,3.93202,3.95962,3.95962,0.0,23.8,1775.54,,54.484,,CHARGE,0.0,0,,SYNTHETIC,0
power-outage,0,996,2026-09-03T09:16:36Z,2026-09-03T09:16:37Z,2026-09-03T09:16:36Z,2026-09-03T09:16:37Z,site_b,SIM,synthetic_demo,B-WAN-1,UP,1000.0,103.8882,103.67,0.0,23.14,1.5717,0.104,0,UP,4.0,0.0,6,6,27,-58.2,16.155,4.99,0,0,0,32,0,33.0,0.0,0,0,,,,,,,,,,,,,,,,,,,,,0.0,0,,SYNTHETIC,0
power-outage,0,997,2026-09-03T09:16:37Z,2026-09-03T09:16:38Z,2026-09-03T09:16:37Z,2026-09-03T09:16:38Z,site_a,SIM,synthetic_demo,A-WAN-1,UP,1000.0,122.3481,122.51,0.0,18.12,2.2885,0.098,0,UP,4.0,0.0,48,48,186,-61.7,17.249,5.175,1,0,0,7,0,92.0,0.0,0,0,MAINS,MAINS,1,2,80.17,92.0,51.1166,51.4754,-4.0,3.93204,3.93204,3.95964,3.95964,0.0,23.9,1781.243,,54.311,,CHARGE,0.0,0,,SYNTHETIC,0
power-outage,0,997,2026-09-03T09:16:37Z,2026-09-03T09:16:38Z,2026-09-03T09:16:37Z,2026-09-03T09:16:38Z,site_b,SIM,synthetic_demo,B-WAN-1,UP,1000.0,87.8286,87.39,0.0,22.37,1.6359,0.095,0,UP,4.0,0.0,6,6,57,-61.9,24.667,8.086,0,0,0,32,0,93.0,0.0,0,0,,,,,,,,,,,,,,,,,,,,,0.0,0,,SYNTHETIC,0
power-outage,0,998,2026-09-03T09:16:38Z,2026-09-03T09:16:39Z,2026-09-03T09:16:38Z,2026-09-03T09:16:39Z,site_a,SIM,synthetic_demo,A-WAN-1,UP,1000.0,253.9186,254.89,0.0,16.38,0.021,0.108,0,UP,4.0,0.0,48,48,176,-62.1,17.332,5.012,2,3,0,7,0,240.0,0.0,0,0,MAINS,MAINS,1,2,80.27,92.0,51.1169,51.4757,-4.0,3.93207,3.93207,3.95967,3.95967,0.0,23.9,1772.256,,54.588,,CHARGE,0.0,0,,SYNTHETIC,0
power-outage,0,998,2026-09-03T09:16:38Z,2026-09-03T09:16:39Z,2026-09-03T09:16:38Z,2026-09-03T09:16:39Z,site_b,SIM,synthetic_demo,B-WAN-1,UP,1000.0,83.9252,83.77,0.0,22.62,1.6372,0.091,0,UP,4.0,0.0,6,6,44,-62.6,21.747,7.205,0,0,0,32,0,64.0,0.0,0,0,,,,,,,,,,,,,,,,,,,,,0.0,0,,SYNTHETIC,0
power-outage,0,999,2026-09-03T09:16:39Z,2026-09-03T09:16:40Z,2026-09-03T09:16:39Z,2026-09-03T09:16:40Z,site_a,SIM,synthetic_demo,A-WAN-1,UP,1000.0,123.5086,123.32,0.0,15.87,0.5945,0.137,0,UP,4.0,0.0,48,48,198,-62.3,17.865,5.556,1,2,0,7,0,197.0,0.0,0,0,MAINS,MAINS,1,2,80.14,92.0,51.1172,51.476,-4.0,3.93209,3.93209,3.95969,3.95969,0.0,23.8,1773.142,,54.563,,CHARGE,0.0,0,,SYNTHETIC,0
power-outage,0,999,2026-09-03T09:16:39Z,2026-09-03T09:16:40Z,2026-09-03T09:16:39Z,2026-09-03T09:16:40Z,site_b,SIM,synthetic_demo,B-WAN-1,UP,1000.0,109.0898,109.67,0.0,22.42,1.9131,0.101,0,UP,4.0,0.0,6,6,43,-63.9,24.82,6.806,0,0,0,32,0,133.0,0.0,0,0,,,,,,,,,,,,,,,,,,,,,0.0,0,,SYNTHETIC,0
power-outage,0,1000,2026-09-03T09:16:40Z,2026-09-03T09:16:41Z,2026-09-03T09:16:40Z,2026-09-03T09:16:41Z,site_a,SIM,synthetic_demo,A-WAN-1,UP,1000.0,117.3667,117.67,0.0,16.18,0.4874,0.113,0,UP,4.0,0.0,48,48,288,-60.6,19.83,5.926,0,3,0,7,0,162.0,0.0,0,0,MAINS,MAINS,1,2,80.18,92.0,51.1176,51.4764,-4.0,3.93212,3.93212,3.95972,3.95972,0.0,23.8,1777.282,,54.437,,CHARGE,0.0,0,,SYNTHETIC,0
power-outage,0,1000,2026-09-03T09:16:40Z,2026-09-03T09:16:41Z,2026-09-03T09:16:40Z,2026-09-03T09:16:41Z,site_b,SIM,synthetic_demo,B-WAN-1,UP,1000.0,78.488,77.52,0.0,23.24,1.6681,0.09,0,UP,4.0,0.0,6,6,50,-60.3,24.633,6.991,0,1,0,32,0,69.0,0.0,0,0,,,,,,,,,,,,,,,,,,,,,0.0,0,,SYNTHETIC,0
power-outage,0,1001,2026-09-03T09:16:41Z,2026-09-03T09:16:42Z,2026-09-03T09:16:41Z,2026-09-03T09:16:42Z,site_a,SIM,synthetic_demo,A-WAN-1,UP,1000.0,125.7432,126.23,0.0,18.33,2.5956,0.07,0,UP,4.0,0.0,48,48,274,-63.0,20.304,6.081,0,0,0,7,0,210.0,0.0,0,0,MAINS,MAINS,1,2,80.32,92.0,51.1179,51.4767,-4.0,3.93215,3.93215,3.95975,3.95975,0.0,23.8,1774.866,,54.513,,CHARGE,0.0,0,,SYNTHETIC,0
power-outage,0,1001,2026-09-03T09:16:41Z,2026-09-03T09:16:42Z,2026-09-03T09:16:41Z,2026-09-03T09:16:42Z,site_b,SIM,synthetic_demo,B-WAN-1,UP,1000.0,100.0109,100.36,0.0,22.31,1.4118,0.091,0,UP,4.0,0.0,6,6,28,-62.0,16.746,4.788,0,0,0,32,0,55.0,0.0,0,0,,,,,,,,,,,,,,,,,,,,,0.0,0,,SYNTHETIC,0
power-outage,0,1002,2026-09-03T09:16:42Z,2026-09-03T09:16:43Z,2026-09-03T09:16:42Z,2026-09-03T09:16:43Z,site_a,SIM,synthetic_demo,A-WAN-1,UP,1000.0,137.5113,137.95,0.0,16.68,0.4233,0.102,0,UP,4.0,0.0,48,48,206,-61.7,17.371,5.392,0,2,0,7,0,147.0,0.0,0,0,MAINS,MAINS,1,2,80.22,92.0,51.1182,51.477,-4.0,3.93217,3.93217,3.95977,3.95977,0.0,23.9,1772.36,,54.592,,CHARGE,0.0,0,,SYNTHETIC,0
power-outage,0,1002,2026-09-03T09:16:42Z,2026-09-03T09:16:43Z,2026-09-03T09:16:42Z,2026-09-03T09:16:43Z,site_b,SIM,synthetic_demo,B-WAN-1,UP,1000.0,75.2966,75.42,0.0,22.76,1.4307,0.086,0,UP,4.0,0.0,6,6,26,-61.3,20.003,6.067,0,0,0,32,0,85.0,0.0,0,0,,,,,,,,,,,,,,,,,,,,,0.0,0,,SYNTHETIC,0
power-outage,0,1003,2026-09-03T09:16:43Z,2026-09-03T09:16:44Z,2026-09-03T09:16:43Z,2026-09-03T09:16:44Z,site_a,SIM,synthetic_demo,A-WAN-1,UP,1000.0,103.7357,103.63,0.0,16.61,0.8807,0.064,0,UP,4.0,0.0,48,48,334,-60.9,21.472,6.637,1,2,0,7,0,119.0,0.0,0,0,MAINS,MAINS,1,2,80.25,92.0,51.1186,51.4774,-4.0,3.9322,3.9322,3.9598,3.9598,0.0,24.0,1773.837,,54.548,,CHARGE,0.0,0,,SYNTHETIC,0
power-outage,0,1003,2026-09-03T09:16:43Z,2026-09-03T09:16:44Z,2026-09-03T09:16:43Z,2026-09-03T09:16:44Z,site_b,SIM,synthetic_demo,B-WAN-1,UP,1000.0,73.0673,72.71,0.0,22.02,1.493,0.099,0,UP,4.0,0.0,6,6,74,-62.8,27.967,8.479,0,0,0,32,0,75.0,0.0,0,0,,,,,,,,,,,,,,,,,,,,,0.0,0,,SYNTHETIC,0
power-outage,0,1004,2026-09-03T09:16:44Z,2026-09-03T09:16:45Z,2026-09-03T09:16:44Z,2026-09-03T09:16:45Z,site_a,SIM,synthetic_demo,A-WAN-1,UP,1000.0,121.8633,121.64,0.0,17.49,1.8822,0.075,0,UP,4.0,0.0,48,48,163,-62.0,16.519,4.933,2,4,0,7,0,187.0,0.0,0,0,MAINS,MAINS,1,2,80.23,92.0,51.1189,51.4777,-4.0,3.93222,3.93222,3.95982,3.95982,0.0,23.9,1774.679,,54.524,,CHARGE,0.0,0,,SYNTHETIC,0
power-outage,0,1004,2026-09-03T09:16:44Z,2026-09-03T09:16:45Z,2026-09-03T09:16:44Z,2026-09-03T09:16:45Z,site_b,SIM,synthetic_demo,B-WAN-1,UP,1000.0,97.8984,98.17,0.0,22.42,1.4838,0.093,0,UP,4.0,0.0,6,6,37,-60.8,20.175,5.967,1,1,0,32,0,74.0,0.0,0,0,,,,,,,,,,,,,,,,,,,,,0.0,0,,SYNTHETIC,0
power-outage,0,1005,2026-09-03T09:16:45Z,2026-09-03T09:16:46Z,2026-09-03T09:16:45Z,2026-09-03T09:16:46Z,site_a,SIM,synthetic_demo,A-WAN-1,UP,1000.0,166.0658,164.99,0.0,15.76,0.0319,0.085,0,UP,4.0,0.0,48,48,217,-61.3,18.151,5.481,0,3,0,7,0,162.0,0.0,0,0,MAINS,MAINS,1,2,80.18,92.0,51.1192,51.478,-4.0,3.93225,3.93225,3.95985,3.95985,0.0,23.8,1773.522,,54.562,,CHARGE,0.0,0,,SYNTHETIC,0
power-outage,0,1005,2026-09-03T09:16:45Z,2026-09-03T09:16:46Z,2026-09-03T09:16:45Z,2026-09-03T09:16:46Z,site_b,SIM,synthetic_demo,B-WAN-1,UP,1000.0,79.9974,79.68,0.0,22.05,0.8846,0.076,0,UP,4.0,0.0,6,6,38,-61.3,23.294,6.418,0,0,0,32,0,68.0,0.0,0,0,,,,,,,,,,,,,,,,,,,,,0.0,0,,SYNTHETIC,0
power-outage,0,1006,2026-09-03T09:16:46Z,2026-09-03T09:16:47Z,2026-09-03T09:16:46Z,2026-09-03T09:16:47Z,site_a,SIM,synthetic_demo,A-WAN-1,UP,1000.0,131.4357,131.78,0.0,17.73,1.4512,0.077,0,UP,4.0,0.0,48,48,214,-61.9,18.133,5.346,1,3,0,7,0,162.0,0.0,0,0,MAINS,MAINS,1,2,80.26,92.0,51.1196,51.4784,-4.0,3.93227,3.93227,3.95987,3.95987,0.0,23.8,1780.369,,54.353,,CHARGE,0.0,0,,SYNTHETIC,0
power-outage,0,1006,2026-09-03T09:16:46Z,2026-09-03T09:16:47Z,2026-09-03T09:16:46Z,2026-09-03T09:16:47Z,site_b,SIM,synthetic_demo,B-WAN-1,UP,1000.0,71.0039,71.04,0.0,23.88,2.4005,0.08,0,UP,4.0,0.0,6,6,39,-61.1,21.274,5.996,0,0,0,32,0,75.0,0.0,0,0,,,,,,,,,,,,,,,,,,,,,0.0,0,,SYNTHETIC,0
power-outage,0,1007,2026-09-03T09:16:47Z,2026-09-03T09:16:48Z,2026-09-03T09:16:47Z,2026-09-03T09:16:48Z,site_a,SIM,synthetic_demo,A-WAN-1,UP,1000.0,209.9292,209.46,0.0,16.35,0.6044,0.119,0,UP,4.0,0.0,48,48,274,-62.3,19.773,5.978,1,2,0,7,0,190.0,0.0,0,0,MAINS,MAINS,1,2,80.26,92.0,51.1199,51.4787,-4.0,3.9323,3.9323,3.9599,3.9599,0.0,24.0,1774.836,,54.525,,CHARGE,0.0,0,,SYNTHETIC,0
power-outage,0,1007,2026-09-03T09:16:47Z,2026-09-03T09:16:48Z,2026-09-03T09:16:47Z,2026-09-03T09:16:48Z,site_b,SIM,synthetic_demo,B-WAN-1,UP,1000.0,61.7394,62.64,0.0,22.8,1.7891,0.113,0,UP,4.0,0.0,6,6,72,-60.3,28.597,9.012,0,2,0,32,0,41.0,0.0,0,0,,,,,,,,,,,,,,,,,,,,,0.0,0,,SYNTHETIC,0
power-outage,0,1008,2026-09-03T09:16:48Z,2026-09-03T09:16:49Z,2026-09-03T09:16:48Z,2026-09-03T09:16:49Z,site_a,SIM,synthetic_demo,A-WAN-1,UP,1000.0,138.3573,138.43,0.0,16.86,0.4861,0.068,0,UP,4.0,0.0,48,48,226,-61.0,18.553,5.34,2,4,0,7,0,141.0,0.0,0,0,MAINS,MAINS,1,2,80.26,92.0,51.1202,51.479,-4.0,3.93233,3.93233,3.95993,3.95993,0.0,23.9,1775.18,,54.516,,CHARGE,0.0,0,,SYNTHETIC,0
power-outage,0,1008,2026-09-03T09:16:48Z,2026-09-03T09:16:49Z,2026-09-03T09:16:48Z,2026-09-03T09:16:49Z,site_b,SIM,synthetic_demo,B-WAN-1,UP,1000.0,82.7672,83.28,0.0,21.14,0.0192,0.074,0,UP,4.0,0.0,6,6,30,-61.6,19.91,5.899,0,1,0,32,0,77.0,0.0,0,0,,,,,,,,,,,,,,,,,,,,,0.0,0,,SYNTHETIC,0
power-outage,0,1009,2026-09-03T09:16:49Z,2026-09-03T09:16:50Z,2026-09-03T09:16:49Z,2026-09-03T09:16:50Z,site_a,SIM,synthetic_demo,A-WAN-1,UP,1000.0,113.641,114.26,0.0,18.47,2.7809,0.076,0,UP,4.0,0.0,48,48,223,-62.0,17.867,5.584,0,1,0,7,0,159.0,0.0,0,0,MAINS,MAINS,1,2,80.35,92.0,51.1206,51.4794,-4.0,3.93235,3.93235,3.95995,3.95995,0.0,23.8,1773.977,,54.555,,CHARGE,0.0,0,,SYNTHETIC,0
power-outage,0,1009,2026-09-03T09:16:49Z,2026-09-03T09:16:50Z,2026-09-03T09:16:49Z,2026-09-03T09:16:50Z,site_b,SIM,synthetic_demo,B-WAN-1,UP,1000.0,76.6234,77.03,0.0,22.06,0.5201,0.121,0,UP,4.0,0.0,6,6,35,-61.1,18.403,5.984,0,0,0,32,0,48.0,0.0,0,0,,,,,,,,,,,,,,,,,,,,,0.0,0,,SYNTHETIC,0
power-outage,0,1010,2026-09-03T09:16:50Z,2026-09-03T09:16:51Z,2026-09-03T09:16:50Z,2026-09-03T09:16:51Z,site_a,SIM,synthetic_demo,A-WAN-1,UP,1000.0,109.9171,111.06,0.0,16.47,0.3302,0.083,0,UP,4.0,0.0,48,48,126,-62.6,15.157,4.66,0,2,0,7,0,170.0,0.0,0,0,MAINS,MAINS,1,2,80.2,92.0,51.1209,51.4797,-4.0,3.93238,3.93238,3.95998,3.95998,0.0,23.9,1772.851,,54.591,,CHARGE,0.0,0,,SYNTHETIC,0
power-outage,0,1010,2026-09-03T09:16:50Z,2026-09-03T09:16:51Z,2026-09-03T09:16:50Z,2026-09-03T09:16:51Z,site_b,SIM,synthetic_demo,B-WAN-1,UP,1000.0,91.977,90.98,0.0,22.09,0.9462,0.079,0,UP,4.0,0.0,6,6,65,-59.7,26.756,7.934,0,1,0,32,0,57.0,0.0,0,0,,,,,,,,,,,,,,,,,,,,,0.0,0,,SYNTHETIC,0
power-outage,0,1011,2026-09-03T09:16:51Z,2026-09-03T09:16:52Z,2026-09-03T09:16:51Z,2026-09-03T09:16:52Z,site_a,SIM,synthetic_demo,A-WAN-1,UP,1000.0,127.9341,126.99,0.0,16.52,0.0119,0.073,0,UP,4.0,0.0,48,48,250,-62.0,18.47,5.746,3,2,0,7,0,158.0,0.0,0,0,MAINS,MAINS,1,2,80.26,92.0,51.1213,51.4801,-4.0,3.9324,3.9324,3.96,3.96,0.0,23.9,1776.507,,54.48,,CHARGE,0.0,0,,SYNTHETIC,0
power-outage,0,1011,2026-09-03T09:16:51Z,2026-09-03T09:16:52Z,2026-09-03T09:16:51Z,2026-09-03T09:16:52Z,site_b,SIM,synthetic_demo,B-WAN-1,UP,1000.0,79.0899,79.22,0.0,21.67,0.3702,0.148,0,UP,4.0,0.0,6,6,41,-64.4,21.944,7.022,0,0,0,32,0,100.0,0.0,0,0,,,,,,,,,,,,,,,,,,,,,0.0,0,,SYNTHETIC,0
power-outage,0,1012,2026-09-03T09:16:52Z,2026-09-03T09:16:53Z,2026-09-03T09:16:52Z,2026-09-03T09:16:53Z,site_a,SIM,synthetic_demo,A-WAN-1,UP,1000.0,111.257,110.22,0.0,18.83,3.0137,0.073,0,UP,4.0,0.0,48,48,149,-62.7,15.203,4.747,1,0,0,7,0,115.0,0.0,0,0,MAINS,MAINS,1,2,80.33,92.0,51.1216,51.4804,-4.0,3.93243,3.93243,3.96003,3.96003,0.0,23.9,1777.136,,54.463,,CHARGE,0.0,0,,SYNTHETIC,0
power-outage,0,1012,2026-09-03T09:16:52Z,2026-09-03T09:16:53Z,2026-09-03T09:16:52Z,2026-09-03T09:16:53Z,site_b,SIM,synthetic_demo,B-WAN-1,UP,1000.0,82.2161,82.0,0.0,23.27,2.3087,0.105,0,UP,4.0,0.0,6,6,29,-60.4,19.538,5.612,0,1,0,32,0,41.0,0.0,0,0,,,,,,,,,,,,,,,,,,,,,0.0,0,,SYNTHETIC,0
power-outage,0,1013,2026-09-03T09:16:53Z,2026-09-03T09:16:54Z,2026-09-03T09:16:53Z,2026-09-03T09:16:54Z,site_a,SIM,synthetic_demo,A-WAN-1,UP,1000.0,115.6403,115.33,0.0,17.35,1.597,0.076,0,UP,4.0,0.0,48,48,148,-62.7,16.448,4.825,0,3,0,7,0,119.0,0.0,0,0,MAINS,MAINS,1,2,80.24,92.0,51.1219,51.4807,-4.0,3.93246,3.93246,3.96006,3.96006,0.0,23.8,1774.969,,54.531,,CHARGE,0.0,0,,SYNTHETIC,0
power-outage,0,1013,2026-09-03T09:16:53Z,2026-09-03T09:16:54Z,2026-09-03T09:16:53Z,2026-09-03T09:16:54Z,site_b,SIM,synthetic_demo,B-WAN-1,UP,1000.0,78.0971,78.2,0.0,21.23,0.9646,0.093,0,UP,4.0,0.0,6,6,34,-61.6,21.92,5.607,0,0,0,32,0,63.0,0.0,0,0,,,,,,,,,,,,,,,,,,,,,0.0,0,,SYNTHETIC,0
power-outage,0,1014,2026-09-03T09:16:54Z,2026-09-03T09:16:55Z,2026-09-03T09:16:54Z,2026-09-03T09:16:55Z,site_a,SIM,synthetic_demo,A-WAN-1,UP,1000.0,206.8034,206.57,0.0,16.52,0.0163,0.111,0,UP,4.0,0.0,48,48,213,-60.9,17.636,5.399,4,3,0,31,0,106.0,0.0,0,0,MAINS,MAINS,1,2,80.3,92.0,51.1223,51.4811,-4.0,3.93248,3.93248,3.96008,3.96008,0.0,24.0,1777.142,,54.466,,CHARGE,0.0,0,,SYNTHETIC,0
power-outage,0,1014,2026-09-03T09:16:54Z,2026-09-03T09:16:55Z,2026-09-03T09:16:54Z,2026-09-03T09:16:55Z,site_b,SIM,synthetic_demo,B-WAN-1,UP,1000.0,80.7469,81.48,0.0,21.72,0.8892,0.097,0,UP,4.0,0.0,6,6,35,-62.3,23.788,5.764,0,0,0,32,0,70.0,0.0,0,0,,,,,,,,,,,,,,,,,,,,,0.0,0,,SYNTHETIC,0
power-outage,0,1015,2026-09-03T09:16:55Z,2026-09-03T09:16:56Z,2026-09-03T09:16:55Z,2026-09-03T09:16:56Z,site_a,SIM,synthetic_demo,A-WAN-1,UP,1000.0,208.2126,207.88,0.0,17.92,1.892,0.083,0,UP,4.0,0.0,48,48,130,-61.3,15.536,4.626,0,0,0,31,0,250.0,0.0,0,0,MAINS,MAINS,1,2,80.25,92.0,51.1226,51.4814,-4.0,3.93251,3.93251,3.96011,3.96011,0.0,23.9,1081.284,,89.521,,CHARGE,0.0,0,,SYNTHETIC,0
power-outage,0,1015,2026-09-03T09:16:55Z,2026-09-03T09:16:56Z,2026-09-03T09:16:55Z,2026-09-03T09:16:56Z,site_b,SIM,synthetic_demo,B-WAN-1,UP,1000.0,77.8835,77.54,0.0,22.5,1.3761,0.084,0,UP,4.0,0.0,6,6,80,-64.1,30.939,9.861,0,2,0,32,0,47.0,0.0,0,0,,,,,,,,,,,,,,,,,,,,,0.0,0,,SYNTHETIC,0
power-outage,0,1016,2026-09-03T09:16:56Z,2026-09-03T09:16:57Z,2026-09-03T09:16:56Z,2026-09-03T09:16:57Z,site_a,SIM,synthetic_demo,A-WAN-1,UP,1000.0,201.6851,200.84,0.0,17.1,1.6392,0.111,0,UP,4.0,0.0,48,48,369,-62.6,22.483,7.119,0,2,0,31,0,177.0,0.0,0,0,MAINS,MAINS,1,2,80.27,92.0,51.1229,51.4817,-4.0,3.93253,3.93253,3.96013,3.96013,0.0,23.8,1085.05,,89.213,,CHARGE,0.0,0,,SYNTHETIC,0
power-outage,0,1016,2026-09-03T09:16:56Z,2026-09-03T09:16:57Z,2026-09-03T09:16:56Z,2026-09-03T09:16:57Z,site_b,SIM,synthetic_demo,B-WAN-1,UP,1000.0,74.2413,74.49,0.0,22.49,1.2184,0.125,0,UP,4.0,0.0,6,6,27,-62.2,19.69,5.33,1,0,0,32,0,28.0,0.0,0,0,,,,,,,,,,,,,,,,,,,,,0.0,0,,SYNTHETIC,0
power-outage,0,1017,2026-09-03T09:16:57Z,2026-09-03T09:16:58Z,2026-09-03T09:16:57Z,2026-09-03T09:16:58Z,site_a,SIM,synthetic_demo,A-WAN-1,UP,1000.0,187.0864,187.37,0.0,18.95,3.29,0.081,0,UP,4.0,0.0,48,48,346,-61.3,22.175,6.788,2,3,0,31,0,100.0,0.0,0,0,MAINS,MAINS,1,2,80.33,92.0,51.1233,51.4821,-4.0,3.93256,3.93256,3.96016,3.96016,0.0,23.8,1085.857,,89.15,,CHARGE,0.0,0,,SYNTHETIC,0
power-outage,0,1017,2026-09-03T09:16:57Z,2026-09-03T09:16:58Z,2026-09-03T09:16:57Z,2026-09-03T09:16:58Z,site_b,SIM,synthetic_demo,B-WAN-1,UP,1000.0,72.9074,72.25,0.0,22.22,0.4236,0.079,0,UP,4.0,0.0,6,6,29,-60.5,18.929,4.79,0,0,0,32,0,34.0,0.0,0,0,,,,,,,,,,,,,,,,,,,,,0.0,0,,SYNTHETIC,0
power-outage,0,1018,2026-09-03T09:16:58Z,2026-09-03T09:16:59Z,2026-09-03T09:16:58Z,2026-09-03T09:16:59Z,site_a,SIM,synthetic_demo,A-WAN-1,UP,1000.0,223.6533,224.06,0.0,18.75,2.3651,0.09,0,UP,4.0,0.0,48,48,351,-62.1,22.638,6.671,1,3,0,31,0,223.0,0.0,0,0,MAINS,MAINS,1,2,80.23,92.0,51.1236,51.4824,-4.0,3.93258,3.93258,3.96018,3.96018,0.0,23.9,1101.545,,87.883,,CHARGE,0.0,0,,SYNTHETIC,0
power-outage,0,1018,2026-09-03T09:16:58Z,2026-09-03T09:16:59Z,2026-09-03T09:16:58Z,2026-09-03T09:16:59Z,site_b,SIM,synthetic_demo,B-WAN-1,UP,1000.0,100.5713,99.58,0.0,23.02,2.4461,0.085,0,UP,4.0,0.0,6,6,70,-60.6,27.123,8.574,0,0,0,32,0,42.0,0.0,0,0,,,,,,,,,,,,,,,,,,,,,0.0,0,,SYNTHETIC,0
power-outage,0,1019,2026-09-03T09:16:59Z,2026-09-03T09:17:00Z,2026-09-03T09:16:59Z,2026-09-03T09:17:00Z,site_a,SIM,synthetic_demo,A-WAN-1,UP,1000.0,195.6482,195.67,0.0,18.26,2.506,0.044,0,UP,4.0,0.0,48,48,204,-63.2,17.995,5.628,3,2,0,31,0,163.0,0.0,0,0,MAINS,MAINS,1,2,80.3,92.0,51.1239,51.4827,-4.0,3.93261,3.93261,3.96021,3.96021,0.0,24.0,1088.485,,88.94,,CHARGE,0.0,0,,SYNTHETIC,0
power-outage,0,1019,2026-09-03T09:16:59Z,2026-09-03T09:17:00Z,2026-09-03T09:16:59Z,2026-09-03T09:17:00Z,site_b,SIM,synthetic_demo,B-WAN-1,UP,1000.0,83.9815,84.11,0.0,23.09,1.8225,0.11,0,UP,4.0,0.0,6,6,21,-62.5,14.762,4.192,0,0,0,32,0,70.0,0.0,0,0,,,,,,,,,,,,,,,,,,,,,0.0,0,,SYNTHETIC,0
power-outage,0,1020,2026-09-03T09:17:00Z,2026-09-03T09:17:01Z,2026-09-03T09:17:00Z,2026-09-03T09:17:01Z,site_a,SIM,synthetic_demo,A-WAN-1,UP,1000.0,201.6835,201.92,0.0,16.49,0.2701,0.055,0,UP,4.0,0.0,48,48,215,-61.5,18.214,5.34,0,5,0,31,0,154.0,0.0,0,0,MAINS,MAINS,1,2,80.27,92.0,51.1243,51.4831,-4.0,3.93264,3.93264,3.96024,3.96024,0.0,23.8,1085.607,,89.179,,CHARGE,0.0,0,,SYNTHETIC,0
power-outage,0,1020,2026-09-03T09:17:00Z,2026-09-03T09:17:01Z,2026-09-03T09:17:00Z,2026-09-03T09:17:01Z,site_b,SIM,synthetic_demo,B-WAN-1,UP,1000.0,86.2149,86.5,0.0,22.46,1.4174,0.131,0,UP,4.0,0.0,6,6,52,-62.2,24.624,7.455,0,0,0,32,0,33.0,0.0,0,0,,,,,,,,,,,,,,,,,,,,,0.0,0,,SYNTHETIC,0
power-outage,0,1021,2026-09-03T09:17:01Z,2026-09-03T09:17:02Z,2026-09-03T09:17:01Z,2026-09-03T09:17:02Z,site_a,SIM,synthetic_demo,A-WAN-1,UP,1000.0,214.612,214.79,0.0,17.59,0.9649,0.064,0,UP,4.0,0.0,48,48,88,-61.7,14.676,4.287,1,3,0,31,0,163.0,0.0,0,0,MAINS,MAINS,1,2,80.25,92.0,51.1246,51.4834,-4.0,3.93266,3.93266,3.96026,3.96026,0.0,23.9,1094.185,,88.482,,CHARGE,0.0,0,,SYNTHETIC,0
power-outage,0,1021,2026-09-03T09:17:01Z,2026-09-03T09:17:02Z,2026-09-03T09:17:01Z,2026-09-03T09:17:02Z,site_b,SIM,synthetic_demo,B-WAN-1,UP,1000.0,89.5306,89.01,0.0,21.59,0.3164,0.12,0,UP,4.0,0.0,6,6,49,-60.7,22.864,6.606,1,0,0,32,0,56.0,0.0,0,0,,,,,,,,,,,,,,,,,,,,,0.0,0,,SYNTHETIC,0
power-outage,0,1022,2026-09-03T09:17:02Z,2026-09-03T09:17:03Z,2026-09-03T09:17:02Z,2026-09-03T09:17:03Z,site_a,SIM,synthetic_demo,A-WAN-1,UP,1000.0,203.7207,203.65,0.0,16.59,0.2718,0.077,0,UP,4.0,0.0,48,48,239,-61.6,19.235,5.83,0,0,0,31,0,78.0,0.0,0,0,MAINS,MAINS,1,2,80.28,92.0,51.1249,51.4837,-4.0,3.93269,3.93269,3.96029,3.96029,0.0,23.9,1077.22,,89.879,,CHARGE,0.0,0,,SYNTHETIC,0
power-outage,0,1022,2026-09-03T09:17:02Z,2026-09-03T09:17:03Z,2026-09-03T09:17:02Z,2026-09-03T09:17:03Z,site_b,SIM,synthetic_demo,B-WAN-1,UP,1000.0,90.5653,91.19,0.0,21.71,0.3848,0.053,0,UP,4.0,0.0,6,6,72,-61.5,29.201,9.091,0,1,0,32,0,71.0,0.0,0,0,,,,,,,,,,,,,,,,,,,,,0.0,0,,SYNTHETIC,0
power-outage,0,1023,2026-09-03T09:17:03Z,2026-09-03T09:17:04Z,2026-09-03T09:17:03Z,2026-09-03T09:17:04Z,site_a,SIM,synthetic_demo,A-WAN-1,UP,1000.0,217.0398,215.81,0.0,17.41,1.0061,0.091,0,UP,4.0,0.0,48,48,223,-63.1,18.438,5.774,1,3,0,31,0,216.0,0.0,0,0,MAINS,MAINS,1,2,80.37,92.0,51.1253,51.4841,-4.0,3.93271,3.93271,3.96031,3.96031,0.0,23.9,1087.419,,89.039,,CHARGE,0.0,0,,SYNTHETIC,0
power-outage,0,1023,2026-09-03T09:17:03Z,2026-09-03T09:17:04Z,2026-09-03T09:17:03Z,2026-09-03T09:17:04Z,site_b,SIM,synthetic_demo,B-WAN-1,UP,1000.0,95.8146,95.81,0.0,21.44,0.4993,0.115,0,UP,4.0,0.0,6,6,70,-62.6,29.518,8.42,0,0,0,32,0,76.0,0.0,0,0,,,,,,,,,,,,,,,,,,,,,0.0,0,,SYNTHETIC,0
power-outage,0,1024,2026-09-03T09:17:04Z,2026-09-03T09:17:05Z,2026-09-03T09:17:04Z,2026-09-03T09:17:05Z,site_a,SIM,synthetic_demo,A-WAN-1,UP,1000.0,196.3794,196.76,0.0,17.11,1.3448,0.063,0,UP,4.0,0.0,48,48,103,-61.5,15.079,4.381,1,2,0,31,0,167.0,0.0,0,0,MAINS,MAINS,1,2,80.22,92.0,51.1256,51.4844,-4.0,3.93274,3.93274,3.96034,3.96034,0.0,23.9,1089.124,,88.902,,CHARGE,0.0,0,,SYNTHETIC,0
power-outage,0,1024,2026-09-03T09:17:04Z,2026-09-03T09:17:05Z,2026-09-03T09:17:04Z,2026-09-03T09:17:05Z,site_b,SIM,synthetic_demo,B-WAN-1,UP,1000.0,90.8475,90.38,0.0,21.85,0.9114,0.103,0,UP,4.0,0.0,6,6,73,-63.7,29.09,9.112,0,0,0,32,0,76.0,0.0,0,0,,,,,,,,,,,,,,,,,,,,,0.0,0,,SYNTHETIC,0
power-outage,0,1025,2026-09-03T09:17:05Z,2026-09-03T09:17:06Z,2026-09-03T09:17:05Z,2026-09-03T09:17:06Z,site_a,SIM,synthetic_demo,A-WAN-1,UP,1000.0,195.846,195.45,0.0,17.52,1.5163,0.055,0,UP,4.0,0.0,48,48,394,-61.9,23.317,7.022,1,3,0,31,0,186.0,0.0,0,0,MAINS,MAINS,1,2,80.28,92.0,51.126,51.4848,-4.0,3.93277,3.93277,3.96037,3.96037,0.0,24.0,1083.01,,89.407,,CHARGE,0.0,0,,SYNTHETIC,0
power-outage,0,1025,2026-09-03T09:17:05Z,2026-09-03T09:17:06Z,2026-09-03T09:17:05Z,2026-09-03T09:17:06Z,site_b,SIM,synthetic_demo,B-WAN-1,UP,1000.0,93.2755,93.62,0.0,21.94,1.072,0.143,0,UP,4.0,0.0,6,6,32,-61.5,17.421,5.233,0,1,0,32,0,81.0,0.0,0,0,,,,,,,,,,,,,,,,,,,,,0.0,0,,SYNTHETIC,0
power-outage,0,1026,2026-09-03T09:17:06Z,2026-09-03T09:17:07Z,2026-09-03T09:17:06Z,2026-09-03T09:17:07Z,site_a,SIM,synthetic_demo,A-WAN-1,UP,1000.0,192.221,191.79,0.0,18.05,1.9751,0.055,0,UP,4.0,0.0,48,48,176,-61.8,17.297,5.041,0,2,0,31,0,164.0,0.0,0,0,MAINS,MAINS,1,2,80.34,92.0,51.1263,51.4851,-4.0,3.93279,3.93279,3.96039,3.96039,0.0,24.0,1092.343,,88.646,,CHARGE,0.0,0,,SYNTHETIC,0
power-outage,0,1026,2026-09-03T09:17:06Z,2026-09-03T09:17:07Z,2026-09-03T09:17:06Z,2026-09-03T09:17:07Z,site_b,SIM,synthetic_demo,B-WAN-1,UP,1000.0,88.1513,87.32,0.0,21.9,0.6854,0.12,0,UP,4.0,0.0,6,6,25,-66.3,19.525,5.919,0,0,0,32,0,72.0,0.0,0,0,,,,,,,,,,,,,,,,,,,,,0.0,0,,SYNTHETIC,0
power-outage,0,1027,2026-09-03T09:17:07Z,2026-09-03T09:17:08Z,2026-09-03T09:17:07Z,2026-09-03T09:17:08Z,site_a,SIM,synthetic_demo,A-WAN-1,UP,1000.0,230.5766,231.0,0.0,17.93,1.5073,0.074,0,UP,4.0,0.0,48,48,191,-62.6,17.497,5.158,1,3,0,31,0,164.0,0.0,0,0,MAINS,MAINS,1,2,80.34,92.0,51.1266,51.4854,-4.0,3.93282,3.93282,3.96042,3.96042,0.0,23.8,1079.023,,89.743,,CHARGE,0.0,0,,SYNTHETIC,0
power-outage,0,1027,2026-09-03T09:17:07Z,2026-09-03T09:17:08Z,2026-09-03T09:17:07Z,2026-09-03T09:17:08Z,site_b,SIM,synthetic_demo,B-WAN-1,UP,1000.0,104.7667,105.42,0.0,21.66,0.9248,0.119,0,UP,4.0,0.0,6,6,46,-63.0,22.231,6.825,0,0,0,32,0,54.0,0.0,0,0,,,,,,,,,,,,,,,,,,,,,0.0,0,,SYNTHETIC,0
power-outage,0,1028,2026-09-03T09:17:08Z,2026-09-03T09:17:09Z,2026-09-03T09:17:08Z,2026-09-03T09:17:09Z,site_a,SIM,synthetic_demo,A-WAN-1,UP,1000.0,231.2419,231.05,0.0,17.53,1.1457,0.083,0,UP,4.0,0.0,48,48,139,-61.9,16.499,5.067,0,2,0,31,0,118.0,0.0,0,0,MAINS,MAINS,1,2,80.26,92.0,51.127,51.4858,-4.0,3.93284,3.93284,3.96044,3.96044,0.0,23.9,1085.142,,89.24,,CHARGE,0.0,0,,SYNTHETIC,0
power-outage,0,1028,2026-09-03T09:17:08Z,2026-09-03T09:17:09Z,2026-09-03T09:17:08Z,2026-09-03T09:17:09Z,site_b,SIM,synthetic_demo,B-WAN-1,UP,1000.0,85.075,85.11,0.0,23.83,3.9067,0.104,0,UP,4.0,0.0,6,6,32,-62.7,19.413,5.882,0,0,0,32,0,71.0,0.0,0,0,,,,,,,,,,,,,,,,,,,,,0.0,0,,SYNTHETIC,0
power-outage,0,1029,2026-09-03T09:17:09Z,2026-09-03T09:17:10Z,2026-09-03T09:17:09Z,2026-09-03T09:17:10Z,site_a,SIM,synthetic_demo,A-WAN-1,UP,1000.0,186.9297,186.43,0.0,18.61,1.7038,0.094,0,UP,4.0,0.0,48,48,186,-62.2,17.681,5.126,1,2,0,31,0,218.0,0.0,0,0,MAINS,MAINS,1,2,80.31,92.0,51.1273,51.4861,-4.0,3.93287,3.93287,3.96047,3.96047,0.0,24.0,1079.9,,89.676,,CHARGE,0.0,0,,SYNTHETIC,0
power-outage,0,1029,2026-09-03T09:17:09Z,2026-09-03T09:17:10Z,2026-09-03T09:17:09Z,2026-09-03T09:17:10Z,site_b,SIM,synthetic_demo,B-WAN-1,UP,1000.0,109.0898,110.52,0.0,22.1,1.2805,0.114,0,UP,4.0,0.0,6,6,28,-62.0,20.23,5.355,0,0,0,32,0,67.0,0.0,0,0,,,,,,,,,,,,,,,,,,,,,0.0,0,,SYNTHETIC,0
power-outage,0,1030,2026-09-03T09:17:10Z,2026-09-03T09:17:11Z,2026-09-03T09:17:10Z,2026-09-03T09:17:11Z,site_a,SIM,synthetic_demo,A-WAN-1,UP,1000.0,198.4734,198.39,0.0,17.83,2.1037,0.066,0,UP,4.0,0.0,48,48,152,-62.0,16.784,4.817,2,2,0,31,0,170.0,0.0,0,0,MAINS,MAINS,1,2,80.39,92.0,51.1276,51.4864,-4.0,3.93289,3.93289,3.96049,3.96049,0.0,23.9,1080.197,,89.654,,CHARGE,0.0,0,,SYNTHETIC,0
power-outage,0,1030,2026-09-03T09:17:10Z,2026-09-03T09:17:11Z,2026-09-03T09:17:10Z,2026-09-03T09:17:11Z,site_b,SIM,synthetic_demo,B-WAN-1,UP,1000.0,82.9743,83.08,0.0,21.86,0.7949,0.135,0,UP,4.0,0.0,6,6,46,-62.5,23.496,6.239,0,1,0,32,0,58.0,0.0,0,0,,,,,,,,,,,,,,,,,,,,,0.0,0,,SYNTHETIC,0
power-outage,0,1031,2026-09-03T09:17:11Z,2026-09-03T09:17:12Z,2026-09-03T09:17:11Z,2026-09-03T09:17:12Z,site_a,SIM,synthetic_demo,A-WAN-1,UP,1000.0,185.0236,184.67,0.0,17.74,1.91,0.092,0,UP,4.0,0.0,48,48,153,-62.6,16.05,4.929,0,0,0,31,0,180.0,0.0,0,0,MAINS,MAINS,1,2,80.31,92.0,51.128,51.4868,-4.0,3.93292,3.93292,3.96052,3.96052,0.0,24.1,1082.657,,89.453,,CHARGE,0.0,0,,SYNTHETIC,0
power-outage,0,1031,2026-09-03T09:17:11Z,2026-09-03T09:17:12Z,2026-09-03T09:17:11Z,2026-09-03T09:17:12Z,site_b,SIM,synthetic_demo,B-WAN-1,UP,1000.0,86.3119,85.92,0.0,22.52,0.9577,0.102,0,UP,4.0,0.0,6,6,61,-60.8,26.847,7.782,0,1,0,32,0,54.0,0.0,0,0,,,,,,,,,,,,,,,,,,,,,0.0,0,,SYNTHETIC,0
power-outage,0,1032,2026-09-03T09:17:12Z,2026-09-03T09:17:13Z,2026-09-03T09:17:12Z,2026-09-03T09:17:13Z,site_a,SIM,synthetic_demo,A-WAN-1,UP,1000.0,220.3124,218.97,0.0,17.24,1.0126,0.068,0,UP,4.0,0.0,48,48,193,-62.6,18.323,5.272,0,1,0,31,0,203.0,0.0,0,0,MAINS,MAINS,1,2,80.38,92.0,51.1283,51.4871,-4.0,3.93295,3.93295,3.96055,3.96055,0.0,24.0,1097.175,,88.273,,CHARGE,0.0,0,,SYNTHETIC,0
power-outage,0,1032,2026-09-03T09:17:12Z,2026-09-03T09:17:13Z,2026-09-03T09:17:12Z,2026-09-03T09:17:13Z,site_b,SIM,synthetic_demo,B-WAN-1,UP,1000.0,89.6912,90.7,0.0,22.02,1.5346,0.125,0,UP,4.0,0.0,6,6,28,-62.1,17.028,5.629,1,0,0,32,0,55.0,0.0,0,0,,,,,,,,,,,,,,,,,,,,,0.0,0,,SYNTHETIC,0
power-outage,0,1033,2026-09-03T09:17:13Z,2026-09-03T09:17:14Z,2026-09-03T09:17:13Z,2026-09-03T09:17:14Z,site_a,SIM,synthetic_demo,A-WAN-1,UP,1000.0,233.4925,233.05,0.0,16.21,0.6424,0.061,0,UP,4.0,0.0,48,48,322,-61.8,20.857,6.548,0,3,0,31,0,238.0,0.0,0,0,MAINS,MAINS,1,2,80.34,92.0,51.1286,51.4874,-4.0,3.93297,3.93297,3.96057,3.96057,0.0,23.8,1081.362,,89.566,,CHARGE,0.0,0,,SYNTHETIC,0
power-outage,0,1033,2026-09-03T09:17:13Z,2026-09-03T09:17:14Z,2026-09-03T09:17:13Z,2026-09-03T09:17:14Z,site_b,SIM,synthetic_demo,B-WAN-1,UP,1000.0,82.5217,82.2,0.0,21.31,0.0566,0.089,0,UP,4.0,0.0,6,6,32,-63.6,19.652,6.115,0,0,0,32,0,60.0,0.0,0,0,,,,,,,,,,,,,,,,,,,,,0.0,0,,SYNTHETIC,0
power-outage,0,1034,2026-09-03T09:17:14Z,2026-09-03T09:17:15Z,2026-09-03T09:17:14Z,2026-09-03T09:17:15Z,site_a,SIM,synthetic_demo,A-WAN-1,UP,1000.0,215.3507,214.92,0.0,17.04,1.2355,0.07,0,UP,4.0,0.0,48,48,236,-62.4,17.995,5.622,4,3,0,31,0,117.0,0.0,0,0,MAINS,MAINS,1,2,80.35,92.0,51.129,51.4878,-4.0,3.933,3.933,3.9606,3.9606,0.0,24.0,1090.073,,88.853,,CHARGE,0.0,0,,SYNTHETIC,0
power-outage,0,1034,2026-09-03T09:17:14Z,2026-09-03T09:17:15Z,2026-09-03T09:17:14Z,2026-09-03T09:17:15Z,site_b,SIM,synthetic_demo,B-WAN-1,UP,1000.0,72.3553,71.95,0.0,21.49,0.4292,0.143,0,UP,4.0,0.0,6,6,43,-62.3,23.951,6.464,0,0,0,32,0,48.0,0.0,0,0,,,,,,,,,,,,,,,,,,,,,0.0,0,,SYNTHETIC,0
power-outage,0,1035,2026-09-03T09:17:15Z,2026-09-03T09:17:16Z,2026-09-03T09:17:15Z,2026-09-03T09:17:16Z,site_a,SIM,synthetic_demo,A-WAN-1,UP,1000.0,203.8992,203.55,0.0,16.03,0.7057,0.096,0,UP,4.0,0.0,48,48,222,-62.3,18.148,5.121,2,1,0,31,0,133.0,0.0,0,0,MAINS,MAINS,1,2,80.31,92.0,51.1293,51.4881,-4.0,3.93302,3.93302,3.96062,3.96062,0.0,24.0,1105.161,,87.643,,CHARGE,0.0,0,,SYNTHETIC,0
power-outage,0,1035,2026-09-03T09:17:15Z,2026-09-03T09:17:16Z,2026-09-03T09:17:15Z,2026-09-03T09:17:16Z,site_b,SIM,synthetic_demo,B-WAN-1,UP,1000.0,104.936,104.55,0.0,21.32,0.041,0.089,0,UP,4.0,0.0,6,6,38,-60.4,20.305,5.95,0,1,0,32,0,49.0,0.0,0,0,,,,,,,,,,,,,,,,,,,,,0.0,0,,SYNTHETIC,0
power-outage,0,1036,2026-09-03T09:17:16Z,2026-09-03T09:17:17Z,2026-09-03T09:17:16Z,2026-09-03T09:17:17Z,site_a,SIM,synthetic_demo,A-WAN-1,UP,1000.0,192.9656,194.26,0.0,17.29,1.2219,0.067,0,UP,4.0,0.0,48,48,267,-61.9,19.554,6.011,1,3,0,31,0,151.0,0.0,0,0,MAINS,MAINS,1,2,80.42,92.0,51.1296,51.4884,-4.0,3.93305,3.93305,3.96065,3.96065,0.0,23.9,1085.282,,89.251,,CHARGE,0.0,0,,SYNTHETIC,0
power-outage,0,1036,2026-09-03T09:17:16Z,2026-09-03T09:17:17Z,2026-09-03T09:17:16Z,2026-09-03T09:17:17Z,site_b,SIM,synthetic_demo,B-WAN-1,UP,1000.0,78.476,79.47,0.0,22.92,2.0939,0.075,0,UP,4.0,0.0,6,6,65,-62.0,28.341,8.371,0,0,0,32,0,67.0,0.0,0,0,,,,,,,,,,,,,,,,,,,,,0.0,0,,SYNTHETIC,0
power-outage,0,1037,2026-09-03T09:17:17Z,2026-09-03T09:17:18Z,2026-09-03T09:17:17Z,2026-09-03T09:17:18Z,site_a,SIM,synthetic_demo,A-WAN-1,UP,1000.0,229.0365,228.02,0.0,19.04,3.0284,0.086,0,UP,4.0,0.0,48,48,192,-61.3,17.867,5.148,0,3,0,31,0,184.0,0.0,0,0,MAINS,MAINS,1,2,80.41,92.0,51.13,51.4888,-4.0,3.93308,3.93308,3.96068,3.96068,0.0,23.8,1087.77,,89.05,,CHARGE,0.0,0,,SYNTHETIC,0
power-outage,0,1037,2026-09-03T09:17:17Z,2026-09-03T09:17:18Z,2026-09-03T09:17:17Z,2026-09-03T09:17:18Z,site_b,SIM,synthetic_demo,B-WAN-1,UP,1000.0,77.3778,77.76,0.0,21.44,0.7898,0.098,0,UP,4.0,0.0,6,6,38,-61.5,22.338,6.422,0,0,0,32,0,49.0,0.0,0,0,,,,,,,,,,,,,,,,,,,,,0.0,0,,SYNTHETIC,0
power-outage,0,1038,2026-09-03T09:17:18Z,2026-09-03T09:17:19Z,2026-09-03T09:17:18Z,2026-09-03T09:17:19Z,site_a,SIM,synthetic_demo,A-WAN-1,UP,1000.0,207.5277,206.96,0.0,15.88,0.3317,0.076,0,UP,4.0,0.0,48,48,128,-62.2,16.238,4.495,1,4,0,31,0,126.0,0.0,0,0,MAINS,MAINS,1,2,80.42,92.0,51.1303,51.4891,-4.0,3.9331,3.9331,3.9607,3.9607,0.0,23.8,1091.512,,88.748,,CHARGE,0.0,0,,SYNTHETIC,0
power-outage,0,1038,2026-09-03T09:17:18Z,2026-09-03T09:17:19Z,2026-09-03T09:17:18Z,2026-09-03T09:17:19Z,site_b,SIM,synthetic_demo,B-WAN-1,UP,1000.0,88.7161,87.99,0.0,22.76,1.9517,0.1,0,UP,4.0,0.0,6,6,70,-62.2,27.388,8.838,0,1,0,32,0,82.0,0.0,0,0,,,,,,,,,,,,,,,,,,,,,0.0,0,,SYNTHETIC,0
power-outage,0,1039,2026-09-03T09:17:19Z,2026-09-03T09:17:20Z,2026-09-03T09:17:19Z,2026-09-03T09:17:20Z,site_a,SIM,synthetic_demo,A-WAN-1,UP,1000.0,223.8032,224.5,0.0,15.58,0.037,0.084,0,UP,4.0,0.0,48,48,159,-62.0,16.715,4.649,0,1,0,31,0,112.0,0.0,0,0,MAINS,MAINS,1,2,80.34,92.0,51.1307,51.4895,-4.0,3.93313,3.93313,3.96073,3.96073,0.0,23.9,1095.964,,88.39,,CHARGE,0.0,0,,SYNTHETIC,0
power-outage,0,1039,2026-09-03T09:17:19Z,2026-09-03T09:17:20Z,2026-09-03T09:17:19Z,2026-09-03T09:17:20Z,site_b,SIM,synthetic_demo,B-WAN-1,UP,1000.0,96.5621,96.08,0.0,21.2,0.6348,0.118,0,UP,4.0,0.0,6,6,41,-64.1,19.538,7.071,0,1,0,32,0,91.0,0.0,0,0,,,,,,,,,,,,,,,,,,,,,0.0,0,,SYNTHETIC,0
power-outage,0,1040,2026-09-03T09:17:20Z,2026-09-03T09:17:21Z,2026-09-03T09:17:20Z,2026-09-03T09:17:21Z,site_a,SIM,synthetic_demo,A-WAN-1,UP,1000.0,205.1211,204.8,0.0,18.37,2.129,0.094,0,UP,4.0,0.0,48,48,132,-62.6,15.728,4.46,3,2,0,31,0,169.0,0.0,0,0,MAINS,MAINS,1,2,80.32,92.0,51.131,51.4898,-4.0,3.93315,3.93315,3.96075,3.96075,0.0,24.0,1099.3,,88.125,,CHARGE,0.0,0,,SYNTHETIC,0
power-outage,0,1040,2026-09-03T09:17:20Z,2026-09-03T09:17:21Z,2026-09-03T09:17:20Z,2026-09-03T09:17:21Z,site_b,SIM,synthetic_demo,B-WAN-1,UP,1000.0,84.4567,83.91,0.0,21.12,0.5631,0.091,0,UP,4.0,0.0,6,6,27,-61.5,18.666,5.289,0,0,0,32,0,79.0,0.0,0,0,,,,,,,,,,,,,,,,,,,,,0.0,0,,SYNTHETIC,0
power-outage,0,1041,2026-09-03T09:17:21Z,2026-09-03T09:17:22Z,2026-09-03T09:17:21Z,2026-09-03T09:17:22Z,site_a,SIM,synthetic_demo,A-WAN-1,UP,1000.0,219.6047,219.58,0.0,18.19,1.9511,0.074,0,UP,4.0,0.0,48,48,241,-61.8,19.076,5.786,1,1,0,31,0,145.0,0.0,0,0,MAINS,MAINS,1,2,80.39,92.0,51.1313,51.4901,-4.0,3.93318,3.93318,3.96078,3.96078,0.0,23.9,1089.921,,88.886,,CHARGE,0.0,0,,SYNTHETIC,0
power-outage,0,1041,2026-09-03T09:17:21Z,2026-09-03T09:17:22Z,2026-09-03T09:17:21Z,2026-09-03T09:17:22Z,site_b,SIM,synthetic_demo,B-WAN-1,UP,1000.0,81.6675,80.68,0.0,22.01,0.8367,0.087,0,UP,4.0,0.0,6,6,57,-62.6,21.774,8.324,0,0,0,32,0,64.0,0.0,0,0,,,,,,,,,,,,,,,,,,,,,0.0,0,,SYNTHETIC,0
power-outage,0,1042,2026-09-03T09:17:22Z,2026-09-03T09:17:23Z,2026-09-03T09:17:22Z,2026-09-03T09:17:23Z,site_a,SIM,synthetic_demo,A-WAN-1,UP,1000.0,180.324,180.91,0.0,17.43,0.8962,0.079,0,UP,4.0,0.0,48,48,76,-60.7,14.24,4.018,2,5,0,31,0,160.0,0.0,0,0,MAINS,MAINS,1,2,80.35,92.0,51.1317,51.4905,-4.0,3.9332,3.9332,3.9608,3.9608,0.0,23.8,1099.639,,88.103,,CHARGE,0.0,0,,SYNTHETIC,0
power-outage,0,1042,2026-09-03T09:17:22Z,2026-09-03T09:17:23Z,2026-09-03T09:17:22Z,2026-09-03T09:17:23Z,site_b,SIM,synthetic_demo,B-WAN-1,UP,1000.0,77.072,76.45,0.0,22.3,1.5097,0.095,0,UP,4.0,0.0,6,6,28,-62.5,18.329,5.428,0,0,0,32,0,33.0,0.0,0,0,,,,,,,,,,,,,,,,,,,,,0.0,0,,SYNTHETIC,0
power-outage,0,1043,2026-09-03T09:17:23Z,2026-09-03T09:17:24Z,2026-09-03T09:17:23Z,2026-09-03T09:17:24Z,site_a,SIM,synthetic_demo,A-WAN-1,UP,1000.0,163.4086,163.64,0.0,17.81,2.0236,0.108,0,UP,4.0,0.0,48,48,130,-61.7,15.899,4.804,0,2,0,31,0,87.0,0.0,0,0,MAINS,MAINS,1,2,80.35,92.0,51.132,51.4908,-4.0,3.93323,3.93323,3.96083,3.96083,0.0,23.8,1094.661,,88.507,,CHARGE,0.0,0,,SYNTHETIC,0
power-outage,0,1043,2026-09-03T09:17:23Z,2026-09-03T09:17:24Z,2026-09-03T09:17:23Z,2026-09-03T09:17:24Z,site_b,SIM,synthetic_demo,B-WAN-1,UP,1000.0,71.7393,70.93,0.0,21.74,0.4387,0.121,0,UP,4.0,0.0,6,6,72,-61.4,28.497,9.951,0,1,0,32,0,45.0,0.0,0,0,,,,,,,,,,,,,,,,,,,,,0.0,0,,SYNTHETIC,0
power-outage,0,1044,2026-09-03T09:17:24Z,2026-09-03T09:17:25Z,2026-09-03T09:17:24Z,2026-09-03T09:17:25Z,site_a,SIM,synthetic_demo,A-WAN-1,UP,1000.0,267.7738,266.85,0.0,17.3,1.1011,0.08,0,UP,4.0,0.0,48,48,204,-62.9,17.918,5.386,1,5,0,31,0,94.0,0.0,0,0,MAINS,MAINS,1,2,80.43,92.0,51.1323,51.4911,-4.0,3.93326,3.93326,3.96086,3.96086,0.0,23.9,1076.86,,89.973,,CHARGE,0.0,0,,SYNTHETIC,0
power-outage,0,1044,2026-09-03T09:17:24Z,2026-09-03T09:17:25Z,2026-09-03T09:17:24Z,2026-09-03T09:17:25Z,site_b,SIM,synthetic_demo,B-WAN-1,UP,1000.0,79.659,80.1,0.0,22.49,1.2325,0.157,0,UP,4.0,0.0,6,6,18,-62.9,15.157,5.06,0,1,0,32,0,69.0,0.0,0,0,,,,,,,,,,,,,,,,,,,,,0.0,0,,SYNTHETIC,0
power-outage,0,1045,2026-09-03T09:17:25Z,2026-09-03T09:17:26Z,2026-09-03T09:17:25Z,2026-09-03T09:17:26Z,site_a,SIM,synthetic_demo,A-WAN-1,UP,1000.0,182.3049,182.96,0.0,16.44,0.4014,0.12,0,UP,4.0,0.0,48,48,168,-61.6,17.098,5.073,1,0,0,31,0,151.0,0.0,0,0,MAINS,MAINS,1,2,80.36,92.0,51.1327,51.4915,-4.0,3.93328,3.93328,3.96088,3.96088,0.0,23.7,1087.815,,89.069,,CHARGE,0.0,0,,SYNTHETIC,0
power-outage,0,1045,2026-09-03T09:17:25Z,2026-09-03T09:17:26Z,2026-09-03T09:17:25Z,2026-09-03T09:17:26Z,site_b,SIM,synthetic_demo,B-WAN-1,UP,1000.0,70.746,70.55,0.0,23.39,2.0026,0.1,0,UP,4.0,0.0,6,6,78,-61.1,31.938,8.634,0,0,0,32,0,42.0,0.0,0,0,,,,,,,,,,,,,,,,,,,,,0.0,0,,SYNTHETIC,0
power-outage,0,1046,2026-09-03T09:17:26Z,2026-09-03T09:17:27Z,2026-09-03T09:17:26Z,2026-09-03T09:17:27Z,site_a,SIM,synthetic_demo,A-WAN-1,UP,1000.0,147.0056,145.67,0.0,15.89,0.4813,0.063,0,UP,4.0,0.0,48,48,280,-61.3,19.658,6.072,0,2,0,31,0,212.0,0.0,0,0,MAINS,MAINS,1,2,80.35,92.0,51.133,51.4918,-4.0,3.93331,3.93331,3.96091,3.96091,0.0,24.0,1090.235,,88.875,,CHARGE,0.0,0,,SYNTHETIC,0
power-outage,0,1046,2026-09-03T09:17:26Z,2026-09-03T09:17:27Z,2026-09-03T09:17:26Z,2026-09-03T09:17:27Z,site_b,SIM,synthetic_demo,B-WAN-1,UP,1000.0,81.8222,82.19,0.0,21.4,0.0533,0.108,0,UP,4.0,0.0,6,6,44,-62.5,21.66,6.117,0,0,0,32,0,72.0,0.0,0,0,,,,,,,,,,,,,,,,,,,,,0.0,0,,SYNTHETIC,0
power-outage,0,1047,2026-09-03T09:17:27Z,2026-09-03T09:17:28Z,2026-09-03T09:17:27Z,2026-09-03T09:17:28Z,site_a,SIM,synthetic_demo,A-WAN-1,UP,1000.0,186.415,185.57,0.0,16.29,1.0517,0.055,0,UP,4.0,0.0,48,48,86,-61.5,14.263,4.036,2,2,0,31,0,123.0,0.0,0,0,MAINS,MAINS,1,2,80.39,92.0,51.1333,51.4921,-4.0,3.93333,3.93333,3.96093,3.96093,0.0,23.9,1084.813,,89.322,,CHARGE,0.0,0,,SYNTHETIC,0
power-outage,0,1047,2026-09-03T09:17:27Z,2026-09-03T09:17:28Z,2026-09-03T09:17:27Z,2026-09-03T09:17:28Z,site_b,SIM,synthetic_demo,B-WAN-1,UP,1000.0,82.7874,82.58,0.0,23.5,1.9162,0.083,0,UP,4.0,0.0,6,6,17,-61.7,15.81,4.556,0,0,0,32,0,29.0,0.0,0,0,,,,,,,,,,,,,,,,,,,,,0.0,0,,SYNTHETIC,0
power-outage,0,1048,2026-09-03T09:17:28Z,2026-09-03T09:17:29Z,2026-09-03T09:17:28Z,2026-09-03T09:17:29Z,site_a,SIM,synthetic_demo,A-WAN-1,UP,1000.0,184.9751,184.28,0.0,17.93,1.4897,0.07,0,UP,4.0,0.0,48,48,146,-61.5,16.234,4.894,4,1,0,31,0,241.0,0.0,0,0,MAINS,MAINS,1,2,80.38,92.0,51.1337,51.4925,-4.0,3.93336,3.93336,3.96096,3.96096,0.0,24.0,1081.874,,89.567,,CHARGE,0.0,0,,SYNTHETIC,0
power-outage,0,1048,2026-09-03T09:17:28Z,2026-09-03T09:17:29Z,2026-09-03T09:17:28Z,2026-09-03T09:17:29Z,site_b,SIM,synthetic_demo,B-WAN-1,UP,1000.0,78.7381,78.96,0.0,22.55,1.6685,0.078,0,UP,4.0,0.0,6,6,29,-63.0,20.357,5.035,0,0,0,32,0,52.0,0.0,0,0,,,,,,,,,,,,,,,,,,,,,0.0,0,,SYNTHETIC,0
power-outage,0,1049,2026-09-03T09:17:29Z,2026-09-03T09:17:30Z,2026-09-03T09:17:29Z,2026-09-03T09:17:30Z,site_a,SIM,synthetic_demo,A-WAN-1,UP,1000.0,187.4117,187.3,0.0,17.63,1.5964,0.096,0,UP,4.0,0.0,48,48,99,-62.3,15.317,4.478,2,4,0,31,0,138.0,0.0,0,0,MAINS,MAINS,1,2,80.32,92.0,51.134,51.4928,-4.0,3.93339,3.93339,3.96099,3.96099,0.0,23.9,1068.981,,90.65,,CHARGE,0.0,0,,SYNTHETIC,0
power-outage,0,1049,2026-09-03T09:17:29Z,2026-09-03T09:17:30Z,2026-09-03T09:17:29Z,2026-09-03T09:17:30Z,site_b,SIM,synthetic_demo,B-WAN-1,UP,1000.0,97.0718,97.79,0.0,23.76,2.4212,0.108,0,UP,4.0,0.0,6,6,30,-61.3,19.967,5.616,0,0,0,32,0,44.0,0.0,0,0,,,,,,,,,,,,,,,,,,,,,0.0,0,,SYNTHETIC,0
power-outage,0,1050,2026-09-03T09:17:30Z,2026-09-03T09:17:31Z,2026-09-03T09:17:30Z,2026-09-03T09:17:31Z,site_a,SIM,synthetic_demo,A-WAN-1,UP,1000.0,163.5295,163.2,0.0,17.71,2.1315,0.065,0,UP,4.0,0.0,48,48,203,-62.7,17.709,5.244,0,4,0,31,0,113.0,0.0,0,0,MAINS,MAINS,1,2,80.36,92.0,51.1343,51.4931,-4.0,3.93341,3.93341,3.96101,3.96101,0.0,23.8,1112.879,,87.077,,CHARGE,0.0,0,,SYNTHETIC,0
power-outage,0,1050,2026-09-03T09:17:30Z,2026-09-03T09:17:31Z,2026-09-03T09:17:30Z,2026-09-03T09:17:31Z,site_b,SIM,synthetic_demo,B-WAN-1,UP,1000.0,84.7778,84.44,0.0,22.33,0.999,0.111,0,UP,4.0,0.0,6,6,65,-61.0,25.392,8.33,0,0,0,32,0,51.0,0.0,0,0,,,,,,,,,,,,,,,,,,,,,0.0,0,,SYNTHETIC,0
power-outage,0,1051,2026-09-03T09:17:31Z,2026-09-03T09:17:32Z,2026-09-03T09:17:31Z,2026-09-03T09:17:32Z,site_a,SIM,synthetic_demo,A-WAN-1,UP,1000.0,143.2409,141.91,0.0,16.83,1.1148,0.052,0,UP,4.0,0.0,48,48,187,-62.6,17.823,5.398,0,2,0,31,0,164.0,0.0,0,0,MAINS,MAINS,1,2,80.44,92.0,51.1347,51.4935,-4.0,3.93344,3.93344,3.96104,3.96104,0.0,23.8,1085.587,,89.27,,CHARGE,0.0,0,,SYNTHETIC,0
power-outage,0,1051,2026-09-03T09:17:31Z,2026-09-03T09:17:32Z,2026-09-03T09:17:31Z,2026-09-03T09:17:32Z,site_b,SIM,synthetic_demo,B-WAN-1,UP,1000.0,104.8081,103.78,0.0,22.51,1.9924,0.098,0,UP,4.0,0.0,6,6,67,-61.4,29.99,8.496,0,0,0,32,0,124.0,0.0,0,0,,,,,,,,,,,,,,,,,,,,,0.0,0,,SYNTHETIC,0
power-outage,0,1052,2026-09-03T09:17:32Z,2026-09-03T09:17:33Z,2026-09-03T09:17:32Z,2026-09-03T09:17:33Z,site_a,SIM,synthetic_demo,A-WAN-1,UP,1000.0,178.5989,178.22,0.0,16.32,1.1143,0.079,0,UP,4.0,0.0,48,48,168,-62.6,16.933,5.214,1,4,0,31,0,175.0,0.0,0,0,MAINS,MAINS,1,2,80.44,92.0,51.135,51.4938,-4.0,3.93346,3.93346,3.96106,3.96106,0.0,24.0,1092.936,,88.672,,CHARGE,0.0,0,,SYNTHETIC,0
power-outage,0,1052,2026-09-03T09:17:32Z,2026-09-03T09:17:33Z,2026-09-03T09:17:32Z,2026-09-03T09:17:33Z,site_b,SIM,synthetic_demo,B-WAN-1,UP,1000.0,95.4413,94.4,0.0,22.0,0.2493,0.093,0,UP,4.0,0.0,6,6,51,-61.3,23.567,7.171,0,0,0,32,0,70.0,0.0,0,0,,,,,,,,,,,,,,,,,,,,,0.0,0,,SYNTHETIC,0
power-outage,0,1053,2026-09-03T09:17:33Z,2026-09-03T09:17:34Z,2026-09-03T09:17:33Z,2026-09-03T09:17:34Z,site_a,SIM,synthetic_demo,A-WAN-1,UP,1000.0,156.1932,156.56,0.0,17.67,1.6269,0.121,0,UP,4.0,0.0,48,48,232,-62.9,17.993,5.552,2,4,0,31,0,170.0,0.0,0,0,MAINS,MAINS,1,2,80.37,92.0,51.1354,51.4942,-4.0,3.93349,3.93349,3.96109,3.96109,0.0,24.0,1088.644,,89.025,,CHARGE,0.0,0,,SYNTHETIC,0
power-outage,0,1053,2026-09-03T09:17:33Z,2026-09-03T09:17:34Z,2026-09-03T09:17:33Z,2026-09-03T09:17:34Z,site_b,SIM,synthetic_demo,B-WAN-1,UP,1000.0,85.4791,84.88,0.0,20.4,0.1796,0.109,0,UP,4.0,0.0,6,6,36,-59.8,18.955,5.911,0,0,0,32,0,105.0,0.0,0,0,,,,,,,,,,,,,,,,,,,,,0.0,0,,SYNTHETIC,0
power-outage,0,1054,2026-09-03T09:17:34Z,2026-09-03T09:17:35Z,2026-09-03T09:17:34Z,2026-09-03T09:17:35Z,site_a,SIM,synthetic_demo,A-WAN-1,UP,1000.0,165.1142,164.15,0.0,20.08,4.1027,0.048,0,UP,4.0,0.0,48,48,220,-62.6,17.958,5.312,0,0,0,31,0,104.0,0.0,0,0,MAINS,MAINS,1,2,80.34,92.0,51.1357,51.4945,-4.0,3.93351,3.93351,3.96111,3.96111,0.0,24.0,1090.668,,88.862,,CHARGE,0.0,0,,SYNTHETIC,0
power-outage,0,1054,2026-09-03T09:17:34Z,2026-09-03T09:17:35Z,2026-09-03T09:17:34Z,2026-09-03T09:17:35Z,site_b,SIM,synthetic_demo,B-WAN-1,UP,1000.0,92.2915,92.4,0.0,21.37,0.8382,0.135,0,UP,4.0,0.0,6,6,36,-61.7,17.855,5.949,0,0,0,32,0,41.0,0.0,0,0,,,,,,,,,,,,,,,,,,,,,0.0,0,,SYNTHETIC,0
power-outage,0,1055,2026-09-03T09:17:35Z,2026-09-03T09:17:36Z,2026-09-03T09:17:35Z,2026-09-03T09:17:36Z,site_a,SIM,synthetic_demo,A-WAN-1,UP,1000.0,184.3098,184.16,0.0,18.75,2.3163,0.097,0,UP,4.0,0.0,48,48,186,-62.0,17.312,5.183,0,2,0,31,0,119.0,0.0,0,0,MAINS,MAINS,1,2,80.41,92.0,51.136,51.4948,-4.0,3.93354,3.93354,3.96114,3.96114,0.0,24.0,1074.066,,90.239,,CHARGE,0.0,0,,SYNTHETIC,0
power-outage,0,1055,2026-09-03T09:17:35Z,2026-09-03T09:17:36Z,2026-09-03T09:17:35Z,2026-09-03T09:17:36Z,site_b,SIM,synthetic_demo,B-WAN-1,UP,1000.0,82.3732,82.04,0.0,22.12,1.145,0.122,0,UP,4.0,0.0,6,6,42,-64.4,20.155,7.169,0,0,0,32,0,93.0,0.0,0,0,,,,,,,,,,,,,,,,,,,,,0.0,0,,SYNTHETIC,0
power-outage,0,1056,2026-09-03T09:17:36Z,2026-09-03T09:17:37Z,2026-09-03T09:17:36Z,2026-09-03T09:17:37Z,site_a,SIM,synthetic_demo,A-WAN-1,UP,1000.0,196.7833,195.26,0.0,17.18,1.2677,0.074,0,UP,4.0,0.0,48,48,246,-62.4,17.946,5.896,2,5,0,31,0,162.0,0.0,0,0,MAINS,MAINS,1,2,80.28,92.0,51.1364,51.4952,-4.0,3.93357,3.93357,3.96117,3.96117,0.0,23.9,1104.144,,87.783,,CHARGE,0.0,0,,SYNTHETIC,0
power-outage,0,1056,2026-09-03T09:17:36Z,2026-09-03T09:17:37Z,2026-09-03T09:17:36Z,2026-09-03T09:17:37Z,site_b,SIM,synthetic_demo,B-WAN-1,UP,1000.0,80.118,80.51,0.0,25.57,4.7354,0.098,0,UP,4.0,0.0,6,6,33,-63.5,19.009,6.731,0,1,0,32,0,62.0,0.0,0,0,,,,,,,,,,,,,,,,,,,,,0.0,0,,SYNTHETIC,0
power-outage,0,1057,2026-09-03T09:17:37Z,2026-09-03T09:17:38Z,2026-09-03T09:17:37Z,2026-09-03T09:17:38Z,site_a,SIM,synthetic_demo,A-WAN-1,UP,1000.0,203.2249,202.97,0.0,16.09,0.2405,0.093,0,UP,4.0,0.0,48,48,199,-61.0,17.858,5.071,1,2,0,31,0,177.0,0.0,0,0,MAINS,MAINS,1,2,80.39,92.0,51.1367,51.4955,-4.0,3.93359,3.93359,3.96119,3.96119,0.0,23.9,1087.355,,89.142,,CHARGE,0.0,0,,SYNTHETIC,0
power-outage,0,1057,2026-09-03T09:17:37Z,2026-09-03T09:17:38Z,2026-09-03T09:17:37Z,2026-09-03T09:17:38Z,site_b,SIM,synthetic_demo,B-WAN-1,UP,1000.0,77.0218,77.42,0.0,22.17,0.8035,0.114,0,UP,4.0,0.0,6,6,65,-63.8,26.578,9.096,0,0,0,32,0,69.0,0.0,0,0,,,,,,,,,,,,,,,,,,,,,0.0,0,,SYNTHETIC,0
power-outage,0,1058,2026-09-03T09:17:38Z,2026-09-03T09:17:39Z,2026-09-03T09:17:38Z,2026-09-03T09:17:39Z,site_a,SIM,synthetic_demo,A-WAN-1,UP,1000.0,194.7947,195.74,0.0,17.2,0.8589,0.069,0,UP,4.0,0.0,48,48,282,-61.7,20.727,5.965,2,1,0,31,0,154.0,0.0,0,0,MAINS,MAINS,1,2,80.44,92.0,51.137,51.4958,-4.0,3.93362,3.93362,3.96122,3.96122,0.0,23.9,1092.985,,88.685,,CHARGE,0.0,0,,SYNTHETIC,0
power-outage,0,1058,2026-09-03T09:17:38Z,2026-09-03T09:17:39Z,2026-09-03T09:17:38Z,2026-09-03T09:17:39Z,site_b,SIM,synthetic_demo,B-WAN-1,UP,1000.0,76.637,76.46,0.0,23.59,2.3096,0.124,0,UP,4.0,0.0,6,6,51,-60.8,23.367,6.041,1,0,0,32,0,88.0,0.0,0,0,,,,,,,,,,,,,,,,,,,,,0.0,0,,SYNTHETIC,0
power-outage,0,1059,2026-09-03T09:17:39Z,2026-09-03T09:17:40Z,2026-09-03T09:17:39Z,2026-09-03T09:17:40Z,site_a,SIM,synthetic_demo,A-WAN-1,UP,1000.0,191.7181,191.1,0.0,19.85,4.0252,0.081,0,UP,4.0,0.0,48,48,138,-62.0,16.573,4.753,2,2,0,31,0,124.0,0.0,0,0,MAINS,MAINS,1,2,80.35,92.0,51.1374,51.4962,-4.0,3.93364,3.93364,3.96124,3.96124,0.0,24.0,1085.068,,89.335,,CHARGE,0.0,0,,SYNTHETIC,0
power-outage,0,1059,2026-09-03T09:17:39Z,2026-09-03T09:17:40Z,2026-09-03T09:17:39Z,2026-09-03T09:17:40Z,site_b,SIM,synthetic_demo,B-WAN-1,UP,1000.0,74.8338,74.89,0.0,22.21,1.0136,0.059,0,UP,4.0,0.0,6,6,44,-61.6,22.175,6.377,0,0,0,32,0,78.0,0.0,0,0,,,,,,,,,,,,,,,,,,,,,0.0,0,,SYNTHETIC,0
power-outage,0,1060,2026-09-03T09:17:40Z,2026-09-03T09:17:41Z,2026-09-03T09:17:40Z,2026-09-03T09:17:41Z,site_a,SIM,synthetic_demo,A-WAN-1,UP,1000.0,224.4639,224.23,0.0,16.64,0.5119,0.088,0,UP,4.0,0.0,48,48,141,-62.2,15.589,4.914,0,2,0,31,0,134.0,0.0,0,0,MAINS,MAINS,1,2,80.36,92.0,51.1377,51.4965,-4.0,3.93367,3.93367,3.96127,3.96127,0.0,23.7,1088.355,,89.068,,CHARGE,0.0,0,,SYNTHETIC,0
power-outage,0,1060,2026-09-03T09:17:40Z,2026-09-03T09:17:41Z,2026-09-03T09:17:40Z,2026-09-03T09:17:41Z,site_b,SIM,synthetic_demo,B-WAN-1,UP,1000.0,76.1202,76.27,0.0,21.36,0.5261,0.121,0,UP,4.0,0.0,6,6,75,-64.4,28.021,9.62,0,1,0,32,0,62.0,0.0,0,0,,,,,,,,,,,,,,,,,,,,,0.0,0,,SYNTHETIC,0
power-outage,0,1061,2026-09-03T09:17:41Z,2026-09-03T09:17:42Z,2026-09-03T09:17:41Z,2026-09-03T09:17:42Z,site_a,SIM,synthetic_demo,A-WAN-1,UP,1000.0,181.1347,181.19,0.0,15.91,0.2282,0.102,0,UP,4.0,0.0,48,48,206,-61.4,18.071,5.407,1,2,0,31,0,121.0,0.0,0,0,MAINS,MAINS,1,2,80.35,92.0,51.138,51.4968,-4.0,3.9337,3.9337,3.9613,3.9613,0.0,23.8,1089.703,,88.961,,CHARGE,0.0,0,,SYNTHETIC,0
power-outage,0,1061,2026-09-03T09:17:41Z,2026-09-03T09:17:42Z,2026-09-03T09:17:41Z,2026-09-03T09:17:42Z,site_b,SIM,synthetic_demo,B-WAN-1,UP,1000.0,70.9941,71.15,0.0,22.32,1.1063,0.145,0,UP,4.0,0.0,6,6,69,-64.5,28.429,9.407,0,0,0,32,0,78.0,0.0,0,0,,,,,,,,,,,,,,,,,,,,,0.0,0,,SYNTHETIC,0
power-outage,0,1062,2026-09-03T09:17:42Z,2026-09-03T09:17:43Z,2026-09-03T09:17:42Z,2026-09-03T09:17:43Z,site_a,SIM,synthetic_demo,A-WAN-1,UP,1000.0,167.2039,167.85,0.0,17.31,1.7281,0.081,0,UP,4.0,0.0,48,48,209,-62.6,18.797,5.433,0,2,0,31,0,105.0,0.0,0,0,MAINS,MAINS,1,2,80.43,92.0,51.1384,51.4972,-4.0,3.93372,3.93372,3.96132,3.96132,0.0,23.9,1085.024,,89.348,,CHARGE,0.0,0,,SYNTHETIC,0
power-outage,0,1062,2026-09-03T09:17:42Z,2026-09-03T09:17:43Z,2026-09-03T09:17:42Z,2026-09-03T09:17:43Z,site_b,SIM,synthetic_demo,B-WAN-1,UP,1000.0,75.3722,76.03,0.0,22.54,2.1335,0.139,0,UP,4.0,0.0,6,6,67,-59.9,27.893,8.262,2,1,0,32,0,61.0,0.0,0,0,,,,,,,,,,,,,,,,,,,,,0.0,0,,SYNTHETIC,0
power-outage,0,1063,2026-09-03T09:17:43Z,2026-09-03T09:17:44Z,2026-09-03T09:17:43Z,2026-09-03T09:17:44Z,site_a,SIM,synthetic_demo,A-WAN-1,UP,1000.0,194.5961,195.0,0.0,18.95,2.7674,0.063,0,UP,4.0,0.0,48,48,274,-63.0,19.633,5.831,1,2,0,31,0,109.0,0.0,0,0,MAINS,MAINS,1,2,80.4,92.0,51.1387,51.4975,-4.0,3.93375,3.93375,3.96135,3.96135,0.0,24.1,1102.221,,87.956,,CHARGE,0.0,0,,SYNTHETIC,0
power-outage,0,1063,2026-09-03T09:17:43Z,2026-09-03T09:17:44Z,2026-09-03T09:17:43Z,2026-09-03T09:17:44Z,site_b,SIM,synthetic_demo,B-WAN-1,UP,1000.0,75.0122,75.25,0.0,22.73,1.3622,0.11,0,UP,4.0,0.0,6,6,20,-61.1,18.331,4.918,1,0,0,32,0,75.0,0.0,0,0,,,,,,,,,,,,,,,,,,,,,0.0,0,,SYNTHETIC,0
power-outage,0,1064,2026-09-03T09:17:44Z,2026-09-03T09:17:45Z,2026-09-03T09:17:44Z,2026-09-03T09:17:45Z,site_a,SIM,synthetic_demo,A-WAN-1,UP,1000.0,180.2598,180.39,0.0,16.55,0.7848,0.092,0,UP,4.0,0.0,48,48,196,-62.5,17.239,5.204,0,0,0,31,0,156.0,0.0,0,0,MAINS,MAINS,1,2,80.35,92.0,51.139,51.4978,-4.0,3.93377,3.93377,3.96137,3.96137,0.0,24.0,1097.58,,88.331,,CHARGE,0.0,0,,SYNTHETIC,0
power-outage,0,1064,2026-09-03T09:17:44Z,2026-09-03T09:17:45Z,2026-09-03T09:17:44Z,2026-09-03T09:17:45Z,site_b,SIM,synthetic_demo,B-WAN-1,UP,1000.0,128.0824,128.35,0.0,21.28,0.0752,0.111,0,UP,4.0,0.0,6,6,46,-64.5,22.578,7.363,0,1,0,32,0,68.0,0.0,0,0,,,,,,,,,,,,,,,,,,,,,0.0,0,,SYNTHETIC,0
power-outage,0,1065,2026-09-03T09:17:45Z,2026-09-03T09:17:46Z,2026-09-03T09:17:45Z,2026-09-03T09:17:46Z,site_a,SIM,synthetic_demo,A-WAN-1,UP,1000.0,239.0252,238.7,0.0,16.87,0.853,0.086,0,UP,4.0,0.0,48,48,208,-61.2,18.514,5.488,0,2,0,31,0,179.0,0.0,0,0,MAINS,MAINS,1,2,80.39,92.0,51.1394,51.4982,-4.0,3.9338,3.9338,3.9614,3.9614,0.0,23.8,1086.731,,89.216,,CHARGE,0.0,0,,SYNTHETIC,0
power-outage,0,1065,2026-09-03T09:17:45Z,2026-09-03T09:17:46Z,2026-09-03T09:17:45Z,2026-09-03T09:17:46Z,site_b,SIM,synthetic_demo,B-WAN-1,UP,1000.0,75.1131,75.92,0.0,20.97,0.2008,0.088,0,UP,4.0,0.0,6,6,71,-58.6,27.728,8.53,1,0,0,32,0,56.0,0.0,0,0,,,,,,,,,,,,,,,,,,,,,0.0,0,,SYNTHETIC,0
power-outage,0,1066,2026-09-03T09:17:46Z,2026-09-03T09:17:47Z,2026-09-03T09:17:46Z,2026-09-03T09:17:47Z,site_a,SIM,synthetic_demo,A-WAN-1,UP,1000.0,187.8253,187.22,0.0,17.26,0.9585,0.073,0,UP,4.0,0.0,48,48,268,-61.8,19.709,5.844,2,4,0,31,0,170.0,0.0,0,0,MAINS,MAINS,1,2,80.48,92.0,51.1397,51.4985,-4.0,3.93382,3.93382,3.96142,3.96142,0.0,23.8,1095.502,,88.504,,CHARGE,0.0,0,,SYNTHETIC,0
power-outage,0,1066,2026-09-03T09:17:46Z,2026-09-03T09:17:47Z,2026-09-03T09:17:46Z,2026-09-03T09:17:47Z,site_b,SIM,synthetic_demo,B-WAN-1,UP,1000.0,75.4901,75.06,0.0,21.65,0.6122,0.083,0,UP,4.0,0.0,6,6,69,-63.6,24.364,9.248,0,0,0,32,0,87.0,0.0,0,0,,,,,,,,,,,,,,,,,,,,,0.0,0,,SYNTHETIC,0
power-outage,0,1067,2026-09-03T09:17:47Z,2026-09-03T09:17:48Z,2026-09-03T09:17:47Z,2026-09-03T09:17:48Z,site_a,SIM,synthetic_demo,A-WAN-1,UP,1000.0,160.1636,160.28,0.0,16.42,0.4542,0.052,0,UP,4.0,0.0,48,48,250,-64.5,19.425,5.85,0,1,0,31,0,129.0,0.0,0,0,MAINS,MAINS,1,2,80.47,92.0,51.1401,51.4989,-4.0,3.93385,3.93385,3.96145,3.96145,0.0,23.8,1080.275,,89.755,,CHARGE,0.0,0,,SYNTHETIC,0
power-outage,0,1067,2026-09-03T09:17:47Z,2026-09-03T09:17:48Z,2026-09-03T09:17:47Z,2026-09-03T09:17:48Z,site_b,SIM,synthetic_demo,B-WAN-1,UP,1000.0,75.7526,75.49,0.0,21.09,0.5646,0.123,0,UP,4.0,0.0,6,6,36,-63.1,20.763,6.124,0,1,0,32,0,71.0,0.0,0,0,,,,,,,,,,,,,,,,,,,,,0.0,0,,SYNTHETIC,0
power-outage,0,1068,2026-09-03T09:17:48Z,2026-09-03T09:17:49Z,2026-09-03T09:17:48Z,2026-09-03T09:17:49Z,site_a,SIM,synthetic_demo,A-WAN-1,UP,1000.0,200.1072,199.44,0.0,18.36,2.0373,0.048,0,UP,4.0,0.0,48,48,224,-61.5,18.51,5.609,0,1,0,31,0,194.0,0.0,0,0,MAINS,MAINS,1,2,80.48,92.0,51.1404,51.4992,-4.0,3.93388,3.93388,3.96148,3.96148,0.0,23.9,1099.321,,88.203,,CHARGE,0.0,0,,SYNTHETIC,0
power-outage,0,1068,2026-09-03T09:17:48Z,2026-09-03T09:17:49Z,2026-09-03T09:17:48Z,2026-09-03T09:17:49Z,site_a,SIM,synthetic_demo,A-WAN-1,UP,1000.0,200.1072,199.44,0.0,18.36,2.0373,0.048,0,UP,4.0,0.0,48,48,224,-61.5,18.51,5.609,0,1,0,31,0,194.0,0.0,0,0,MAINS,MAINS,1,2,80.48,92.0,51.1404,51.4992,-4.0,3.93388,3.93388,3.96148,3.96148,0.0,23.9,1099.321,,88.203,,CHARGE,0.0,0,,SYNTHETIC|DUPLICATE,0
power-outage,0,1068,2026-09-03T09:17:48Z,2026-09-03T09:17:49Z,2026-09-03T09:17:48Z,2026-09-03T09:17:49Z,site_b,SIM,synthetic_demo,B-WAN-1,UP,1000.0,78.9453,78.71,0.0,22.44,1.6654,0.103,0,UP,4.0,0.0,6,6,56,-60.0,23.297,7.947,0,0,0,32,0,88.0,0.0,0,0,,,,,,,,,,,,,,,,,,,,,0.0,0,,SYNTHETIC,0
power-outage,0,1069,2026-09-03T09:17:49Z,2026-09-03T09:17:50Z,2026-09-03T09:17:49Z,2026-09-03T09:17:50Z,site_a,SIM,synthetic_demo,A-WAN-1,UP,1000.0,230.8171,231.07,0.0,17.1,1.8521,0.088,0,UP,4.0,0.0,48,48,156,-62.1,16.65,4.887,0,5,0,31,0,134.0,0.0,0,0,MAINS,MAINS,1,2,80.47,92.0,51.1407,51.4995,-4.0,3.9339,3.9339,3.9615,3.9615,0.0,24.0,1092.332,,88.77,,CHARGE,0.0,0,,SYNTHETIC,0
power-outage,0,1069,2026-09-03T09:17:49Z,2026-09-03T09:17:50Z,2026-09-03T09:17:49Z,2026-09-03T09:17:50Z,site_b,SIM,synthetic_demo,B-WAN-1,UP,1000.0,76.3791,76.14,0.0,22.44,1.4107,0.139,0,UP,4.0,0.0,6,6,31,-60.6,19.568,5.928,1,0,0,32,0,75.0,0.0,0,0,,,,,,,,,,,,,,,,,,,,,0.0,0,,SYNTHETIC,0
power-outage,0,1070,2026-09-03T09:17:50Z,2026-09-03T09:17:51Z,2026-09-03T09:17:50Z,2026-09-03T09:17:51Z,site_a,SIM,synthetic_demo,A-WAN-1,UP,1000.0,155.0701,154.76,0.0,17.09,0.4977,0.074,0,UP,4.0,0.0,48,48,140,-61.6,16.155,4.714,0,3,0,31,0,143.0,0.0,0,0,MAINS,MAINS,1,2,80.44,92.0,51.1411,51.4999,-4.0,3.93393,3.93393,3.96153,3.96153,0.0,23.9,1094.915,,88.563,,CHARGE,0.0,0,,SYNTHETIC,0
power-outage,0,1070,2026-09-03T09:17:50Z,2026-09-03T09:17:51Z,2026-09-03T09:17:50Z,2026-09-03T09:17:51Z,site_b,SIM,synthetic_demo,B-WAN-1,UP,1000.0,116.3915,116.73,0.0,22.67,1.6864,0.103,0,UP,4.0,0.0,6,6,41,-61.2,21.216,6.16,0,1,0,32,0,135.0,0.0,0,0,,,,,,,,,,,,,,,,,,,,,0.0,0,,SYNTHETIC,0
power-outage,0,1071,2026-09-03T09:17:51Z,2026-09-03T09:17:52Z,2026-09-03T09:17:51Z,2026-09-03T09:17:52Z,site_a,SIM,synthetic_demo,A-WAN-1,UP,1000.0,140.2632,139.77,0.0,15.98,0.1091,0.055,0,UP,4.0,0.0,48,48,162,-61.7,16.298,4.691,1,3,0,31,0,102.0,0.0,0,0,MAINS,MAINS,1,2,80.5,92.0,51.1414,51.5002,-4.0,3.93395,3.93395,3.96155,3.96155,0.0,23.8,1092.712,,88.745,,CHARGE,0.0,0,,SYNTHETIC,0
power-outage,0,1071,2026-09-03T09:17:51Z,2026-09-03T09:17:52Z,2026-09-03T09:17:51Z,2026-09-03T09:17:52Z,site_b,SIM,synthetic_demo,B-WAN-1,UP,1000.0,76.9077,75.37,0.0,20.5,0.2094,0.094,0,UP,4.0,0.0,6,6,67,-60.4,26.678,8.615,0,1,0,32,0,71.0,0.0,0,0,,,,,,,,,,,,,,,,,,,,,0.0,0,,SYNTHETIC,0
power-outage,0,1072,2026-09-03T09:17:52Z,2026-09-03T09:17:53Z,2026-09-03T09:17:52Z,2026-09-03T09:17:53Z,site_a,SIM,synthetic_demo,A-WAN-1,UP,1000.0,185.9034,186.28,0.0,19.9,3.6701,0.101,0,UP,4.0,0.0,48,48,145,-61.9,16.181,5.067,1,2,0,31,0,151.0,0.0,0,0,MAINS,MAINS,1,2,80.44,92.0,51.1417,51.5005,-4.0,3.93398,3.93398,3.96158,3.96158,0.0,23.9,1101.366,,88.05,,CHARGE,0.0,0,,SYNTHETIC,0
power-outage,0,1072,2026-09-03T09:17:52Z,2026-09-03T09:17:53Z,2026-09-03T09:17:52Z,2026-09-03T09:17:53Z,site_b,SIM,synthetic_demo,B-WAN-1,UP,1000.0,72.5821,72.93,0.0,22.53,1.2803,0.115,0,UP,4.0,0.0,6,6,20,-62.2,17.716,4.748,0,0,0,32,0,56.0,0.0,0,0,,,,,,,,,,,,,,,,,,,,,0.0,0,,SYNTHETIC,0
power-outage,0,1073,2026-09-03T09:17:53Z,2026-09-03T09:17:54Z,2026-09-03T09:17:53Z,2026-09-03T09:17:54Z,site_a,SIM,synthetic_demo,A-WAN-1,UP,1000.0,126.3932,127.24,0.0,17.94,1.7161,0.088,0,UP,4.0,0.0,48,48,276,-61.9,20.403,6.042,5,1,0,31,0,140.0,0.0,0,0,MAINS,MAINS,1,2,80.38,92.0,51.1421,51.5009,-4.0,3.93401,3.93401,3.96161,3.96161,0.0,23.8,1100.092,,88.155,,CHARGE,0.0,0,,SYNTHETIC,0
power-outage,0,1073,2026-09-03T09:17:53Z,2026-09-03T09:17:54Z,2026-09-03T09:17:53Z,2026-09-03T09:17:54Z,site_b,SIM,synthetic_demo,B-WAN-1,UP,1000.0,79.2627,78.35,0.0,21.17,0.9584,0.078,0,UP,4.0,0.0,6,6,31,-64.2,18.173,6.257,0,0,0,32,0,77.0,0.0,0,0,,,,,,,,,,,,,,,,,,,,,0.0,0,,SYNTHETIC,0
power-outage,0,1074,2026-09-03T09:17:54Z,2026-09-03T09:17:55Z,2026-09-03T09:17:54Z,2026-09-03T09:17:55Z,site_a,SIM,synthetic_demo,A-WAN-1,UP,1000.0,148.3446,149.01,0.0,19.4,2.7259,0.093,0,UP,4.0,0.0,48,48,430,-62.8,24.199,7.206,0,3,0,31,0,111.0,0.0,0,0,MAINS,MAINS,1,2,80.48,92.0,51.1424,51.5012,-4.0,3.93403,3.93403,3.96163,3.96163,0.0,24.0,1092.045,,88.807,,CHARGE,0.0,0,,SYNTHETIC,0
power-outage,0,1074,2026-09-03T09:17:54Z,2026-09-03T09:17:55Z,2026-09-03T09:17:54Z,2026-09-03T09:17:55Z,site_b,SIM,synthetic_demo,B-WAN-1,UP,1000.0,92.5102,92.42,0.0,22.87,2.3145,0.111,0,UP,4.0,0.0,6,6,88,-63.0,33.683,9.364,0,1,0,32,0,39.0,0.0,0,0,,,,,,,,,,,,,,,,,,,,,0.0,0,,SYNTHETIC,0
power-outage,0,1075,2026-09-03T09:17:55Z,2026-09-03T09:17:56Z,2026-09-03T09:17:55Z,2026-09-03T09:17:56Z,site_a,SIM,synthetic_demo,A-WAN-1,UP,1000.0,137.9593,137.57,0.0,19.24,2.8399,0.09,0,UP,4.0,0.0,48,48,232,-62.5,18.417,5.772,2,7,0,31,0,213.0,0.0,0,0,MAINS,MAINS,1,2,80.43,92.0,51.1427,51.5015,-4.0,3.93406,3.93406,3.96166,3.96166,0.0,23.8,1084.747,,89.408,,CHARGE,0.0,0,,SYNTHETIC,0
power-outage,0,1075,2026-09-03T09:17:55Z,2026-09-03T09:17:56Z,2026-09-03T09:17:55Z,2026-09-03T09:17:56Z,site_b,SIM,synthetic_demo,B-WAN-1,UP,1000.0,84.9924,84.43,0.0,21.03,0.65,0.125,0,UP,4.0,0.0,6,6,35,-63.7,21.499,6.685,1,0,0,32,0,54.0,0.0,0,0,,,,,,,,,,,,,,,,,,,,,0.0,0,,SYNTHETIC,0
power-outage,0,1076,2026-09-03T09:17:56Z,2026-09-03T09:17:57Z,2026-09-03T09:17:56Z,2026-09-03T09:17:57Z,site_a,SIM,synthetic_demo,A-WAN-1,UP,1000.0,148.0228,147.88,0.0,19.73,3.4241,0.095,0,UP,4.0,0.0,48,48,280,-62.1,20.527,6.053,1,3,0,31,0,207.0,0.0,0,0,MAINS,MAINS,1,2,80.45,92.0,51.1431,51.5019,-4.0,3.93408,3.93408,3.96168,3.96168,0.0,23.8,1083.781,,89.49,,CHARGE,0.0,0,,SYNTHETIC,0
power-outage,0,1076,2026-09-03T09:17:56Z,2026-09-03T09:17:57Z,2026-09-03T09:17:56Z,2026-09-03T09:17:57Z,site_b,SIM,synthetic_demo,B-WAN-1,UP,1000.0,100.0683,100.11,0.0,21.82,1.0684,0.118,0,UP,4.0,0.0,6,6,59,-63.3,27.181,8.023,0,0,0,32,0,56.0,0.0,0,0,,,,,,,,,,,,,,,,,,,,,0.0,0,,SYNTHETIC,0
power-outage,0,1077,2026-09-03T09:17:57Z,2026-09-03T09:17:58Z,2026-09-03T09:17:57Z,2026-09-03T09:17:58Z,site_a,SIM,synthetic_demo,A-WAN-1,UP,1000.0,156.8665,156.69,0.0,16.45,0.6812,0.09,0,UP,4.0,0.0,48,48,182,-61.4,17.319,5.144,2,4,0,31,0,119.0,0.0,0,0,MAINS,MAINS,1,2,80.45,92.0,51.1434,51.5022,-4.0,3.93411,3.93411,3.96171,3.96171,0.0,23.9,1096.425,,88.461,,CHARGE,0.0,0,,SYNTHETIC,0
power-outage,0,1077,2026-09-03T09:17:57Z,2026-09-03T09:17:58Z,2026-09-03T09:17:57Z,2026-09-03T09:17:58Z,site_b,SIM,synthetic_demo,B-WAN-1,UP,1000.0,93.4519,93.46,0.0,22.0,0.8392,0.095,0,UP,4.0,0.0,6,6,45,-58.9,20.872,6.681,0,1,0,32,0,65.0,0.0,0,0,,,,,,,,,,,,,,,,,,,,,0.0,0,,SYNTHETIC,0
power-outage,0,1078,2026-09-03T09:17:58Z,2026-09-03T09:17:59Z,2026-09-03T09:17:58Z,2026-09-03T09:17:59Z,site_a,SIM,synthetic_demo,A-WAN-1,UP,1000.0,133.1376,133.9,0.0,18.98,2.273,0.064,0,UP,4.0,0.0,48,48,393,-63.7,22.482,7.29,0,2,0,31,0,161.0,0.0,0,0,MAINS,MAINS,1,2,80.37,92.0,51.1437,51.5025,-4.0,3.93413,3.93413,3.96173,3.96173,0.0,23.9,1098.485,,88.298,,CHARGE,0.0,0,,SYNTHETIC,0
power-outage,0,1078,2026-09-03T09:17:58Z,2026-09-03T09:17:59Z,2026-09-03T09:17:58Z,2026-09-03T09:17:59Z,site_b,SIM,synthetic_demo,B-WAN-1,UP,1000.0,75.3518,74.88,0.0,21.88,0.5508,0.078,0,UP,4.0,0.0,6,6,29,-63.2,19.626,5.193,0,0,0,32,0,44.0,0.0,0,0,,,,,,,,,,,,,,,,,,,,,0.0,0,,SYNTHETIC,0
power-outage,0,1079,2026-09-03T09:17:59Z,2026-09-03T09:18:00Z,2026-09-03T09:17:59Z,2026-09-03T09:18:00Z,site_a,SIM,synthetic_demo,A-WAN-1,UP,1000.0,184.711,185.21,0.0,17.62,1.4193,0.065,0,UP,4.0,0.0,48,48,191,-61.3,18.016,5.075,1,6,0,31,0,181.0,0.0,0,0,MAINS,MAINS,1,2,80.47,92.0,51.1441,51.5029,-4.0,3.93416,3.93416,3.96176,3.96176,0.0,23.8,1089.877,,88.998,,CHARGE,0.0,0,,SYNTHETIC,0
power-outage,0,1079,2026-09-03T09:17:59Z,2026-09-03T09:18:00Z,2026-09-03T09:17:59Z,2026-09-03T09:18:00Z,site_b,SIM,synthetic_demo,B-WAN-1,UP,1000.0,84.0351,84.31,0.0,21.98,1.5217,0.101,0,UP,4.0,0.0,6,6,37,-63.7,19.467,5.917,0,0,0,32,0,62.0,0.0,0,0,,,,,,,,,,,,,,,,,,,,,0.0,0,,SYNTHETIC,0
power-outage,0,1080,2026-09-03T09:18:00Z,2026-09-03T09:18:01Z,2026-09-03T09:18:00Z,2026-09-03T09:18:01Z,site_a,SIM,synthetic_demo,A-WAN-1,UP,1000.0,141.8608,141.69,0.0,17.81,1.3863,0.058,0,UP,4.0,0.0,48,48,142,-62.4,15.555,4.825,1,2,0,31,0,106.0,0.0,0,0,MAINS,MAINS,1,2,80.47,92.0,51.1444,51.5032,-4.0,3.93419,3.93419,3.96179,3.96179,0.0,24.0,1089.389,,89.041,,CHARGE,0.0,0,,SYNTHETIC,0
power-outage,0,1080,2026-09-03T09:18:00Z,2026-09-03T09:18:01Z,2026-09-03T09:18:00Z,2026-09-03T09:18:01Z,site_b,SIM,synthetic_demo,B-WAN-1,UP,1000.0,81.7448,81.73,0.0,21.76,1.0586,0.106,0,UP,4.0,0.0,6,6,54,-61.5,24.397,7.583,0,1,0,32,0,66.0,0.0,0,0,,,,,,,,,,,,,,,,,,,,,0.0,0,,SYNTHETIC,0
power-outage,0,1081,2026-09-03T09:18:01Z,2026-09-03T09:18:02Z,2026-09-03T09:18:01Z,2026-09-03T09:18:02Z,site_a,SIM,synthetic_demo,A-WAN-1,UP,1000.0,146.7975,147.21,0.0,17.4,0.6772,0.103,0,UP,4.0,0.0,48,48,248,-61.2,19.154,5.638,3,1,0,31,0,116.0,0.0,0,0,MAINS,MAINS,1,2,80.36,92.0,51.1448,51.5036,-4.0,3.93421,3.93421,3.96181,3.96181,0.0,23.8,1091.496,,88.872,,CHARGE,0.0,0,,SYNTHETIC,0
power-outage,0,1081,2026-09-03T09:18:01Z,2026-09-03T09:18:02Z,2026-09-03T09:18:01Z,2026-09-03T09:18:02Z,site_b,SIM,synthetic_demo,B-WAN-1,UP,1000.0,85.762,85.58,0.0,23.85,3.0416,0.123,0,UP,4.0,0.0,6,6,13,-60.1,15.76,4.026,0,0,0,32,0,51.0,0.0,0,0,,,,,,,,,,,,,,,,,,,,,0.0,0,,SYNTHETIC,0
power-outage,0,1082,2026-09-03T09:18:02Z,2026-09-03T09:18:03Z,2026-09-03T09:18:02Z,2026-09-03T09:18:03Z,site_a,SIM,synthetic_demo,A-WAN-1,UP,1000.0,175.9821,175.97,0.0,17.2,0.9167,0.047,0,UP,4.0,0.0,48,48,300,-61.2,20.348,6.455,1,1,0,31,0,226.0,0.0,0,0,MAINS,MAINS,1,2,80.55,92.0,51.1451,51.5039,-4.0,3.93424,3.93424,3.96184,3.96184,0.0,24.0,1092.056,,88.829,,CHARGE,0.0,0,,SYNTHETIC,0
power-outage,0,1082,2026-09-03T09:18:02Z,2026-09-03T09:18:03Z,2026-09-03T09:18:02Z,2026-09-03T09:18:03Z,site_b,SIM,synthetic_demo,B-WAN-1,UP,1000.0,64.3559,64.35,0.0,22.14,0.4032,0.114,0,UP,4.0,0.0,6,6,14,-62.3,13.407,4.01,0,0,0,32,0,78.0,0.0,0,0,,,,,,,,,,,,,,,,,,,,,0.0,0,,SYNTHETIC,0
power-outage,0,1083,2026-09-03T09:18:03Z,2026-09-03T09:18:04Z,2026-09-03T09:18:03Z,2026-09-03T09:18:04Z,site_a,SIM,synthetic_demo,A-WAN-1,UP,1000.0,160.2666,160.12,0.0,16.05,0.5198,0.085,0,UP,4.0,0.0,48,48,277,-62.4,19.023,6.115,2,2,0,31,0,146.0,0.0,0,0,MAINS,MAINS,1,2,80.38,92.0,51.1454,51.5042,-4.0,3.93426,3.93426,3.96186,3.96186,0.0,23.8,1097.731,,88.373,,CHARGE,0.0,0,,SYNTHETIC,0
power-outage,0,1083,2026-09-03T09:18:03Z,2026-09-03T09:18:04Z,2026-09-03T09:18:03Z,2026-09-03T09:18:04Z,site_b,SIM,synthetic_demo,B-WAN-1,UP,1000.0,69.0845,69.21,0.0,21.96,1.3942,0.088,0,UP,4.0,0.0,6,6,46,-61.3,23.333,7.374,0,1,0,32,0,38.0,0.0,0,0,,,,,,,,,,,,,,,,,,,,,0.0,0,,SYNTHETIC,0
power-outage,0,1084,2026-09-03T09:18:04Z,2026-09-03T09:18:05Z,2026-09-03T09:18:04Z,2026-09-03T09:18:05Z,site_a,SIM,synthetic_demo,A-WAN-1,UP,1000.0,222.8659,222.68,0.0,16.75,0.9909,0.071,0,UP,4.0,0.0,48,48,154,-62.8,16.56,5.011,3,2,0,31,0,159.0,0.0,0,0,MAINS,MAINS,1,2,80.47,92.0,51.1458,51.5046,-4.0,3.93429,3.93429,3.96189,3.96189,0.0,23.9,1084.15,,89.483,,CHARGE,0.0,0,,SYNTHETIC,0
power-outage,0,1084,2026-09-03T09:18:04Z,2026-09-03T09:18:05Z,2026-09-03T09:18:04Z,2026-09-03T09:18:05Z,site_b,SIM,synthetic_demo,B-WAN-1,UP,1000.0,67.7874,68.28,0.0,20.85,0.1467,0.098,0,UP,4.0,0.0,6,6,35,-62.0,21.967,6.474,0,0,0,32,0,26.0,0.0,0,0,,,,,,,,,,,,,,,,,,,,,0.0,0,,SYNTHETIC,0
power-outage,0,1085,2026-09-03T09:18:05Z,2026-09-03T09:18:06Z,2026-09-03T09:18:05Z,2026-09-03T09:18:06Z,site_a,SIM,synthetic_demo,A-WAN-1,UP,1000.0,165.4003,166.01,0.0,16.24,0.2662,0.089,0,UP,4.0,0.0,48,48,254,-61.9,19.601,5.836,0,3,0,31,0,132.0,0.0,0,0,MAINS,MAINS,1,2,80.41,92.0,51.1461,51.5049,-4.0,3.93432,3.93432,3.96192,3.96192,0.0,23.9,1095.666,,88.545,,CHARGE,0.0,0,,SYNTHETIC,0
power-outage,0,1085,2026-09-03T09:18:05Z,2026-09-03T09:18:06Z,2026-09-03T09:18:05Z,2026-09-03T09:18:06Z,site_b,SIM,synthetic_demo,B-WAN-1,UP,1000.0,86.2152,87.04,0.0,21.26,0.5581,0.104,0,UP,4.0,0.0,6,6,23,-61.9,16.415,5.186,0,0,0,32,0,76.0,0.0,0,0,,,,,,,,,,,,,,,,,,,,,0.0,0,,SYNTHETIC,0
power-outage,0,1086,2026-09-03T09:18:06Z,2026-09-03T09:18:07Z,2026-09-03T09:18:06Z,2026-09-03T09:18:07Z,site_a,SIM,synthetic_demo,A-WAN-1,UP,1000.0,189.8577,190.22,0.0,18.07,2.0507,0.111,0,UP,4.0,0.0,48,48,183,-61.9,17.96,5.034,1,4,0,31,0,139.0,0.0,0,0,MAINS,MAINS,1,2,80.53,92.0,51.1464,51.5052,-4.0,3.93434,3.93434,3.96194,3.96194,0.0,24.0,1099.34,,88.252,,CHARGE,0.0,0,,SYNTHETIC,0
power-outage,0,1086,2026-09-03T09:18:06Z,2026-09-03T09:18:07Z,2026-09-03T09:18:06Z,2026-09-03T09:18:07Z,site_b,SIM,synthetic_demo,B-WAN-1,UP,1000.0,68.3687,68.69,0.0,25.27,3.9981,0.111,0,UP,4.0,0.0,6,6,65,-61.5,27.262,9.0,0,0,0,32,0,49.0,0.0,0,0,,,,,,,,,,,,,,,,,,,,,0.0,0,,SYNTHETIC,0
power-outage,0,1087,2026-09-03T09:18:07Z,2026-09-03T09:18:08Z,2026-09-03T09:18:07Z,2026-09-03T09:18:08Z,site_a,SIM,synthetic_demo,A-WAN-1,UP,1000.0,163.0497,163.08,0.0,16.84,0.7499,0.079,0,UP,4.0,0.0,48,48,179,-62.6,16.618,5.045,0,2,0,31,0,105.0,0.0,0,0,MAINS,MAINS,1,2,80.51,92.0,51.1468,51.5056,-4.0,3.93437,3.93437,3.96197,3.96197,0.0,23.8,1083.033,,89.584,,CHARGE,0.0,0,,SYNTHETIC,0
power-outage,0,1087,2026-09-03T09:18:07Z,2026-09-03T09:18:08Z,2026-09-03T09:18:07Z,2026-09-03T09:18:08Z,site_b,SIM,synthetic_demo,B-WAN-1,UP,1000.0,70.48,70.9,0.0,23.07,2.4137,0.112,0,UP,4.0,0.0,6,6,66,-63.7,27.168,8.606,0,0,0,32,0,33.0,0.0,0,0,,,,,,,,,,,,,,,,,,,,,0.0,0,,SYNTHETIC,0
power-outage,0,1088,2026-09-03T09:18:08Z,2026-09-03T09:18:09Z,2026-09-03T09:18:08Z,2026-09-03T09:18:09Z,site_a,SIM,synthetic_demo,A-WAN-1,UP,1000.0,170.9127,170.88,0.0,19.0,2.0952,0.103,0,UP,4.0,0.0,48,48,237,-62.7,18.455,5.613,1,1,0,31,0,125.0,0.0,0,0,MAINS,MAINS,1,2,80.53,92.0,51.1471,51.5059,-4.0,3.93439,3.93439,3.96199,3.96199,0.0,23.8,1092.301,,88.827,,CHARGE,0.0,0,,SYNTHETIC,0
power-outage,0,1088,2026-09-03T09:18:08Z,2026-09-03T09:18:09Z,2026-09-03T09:18:08Z,2026-09-03T09:18:09Z,site_b,SIM,synthetic_demo,B-WAN-1,UP,1000.0,68.8716,68.53,0.0,21.85,0.3027,0.115,0,UP,4.0,0.0,6,6,76,-63.1,29.514,9.317,0,0,0,32,0,64.0,0.0,0,0,,,,,,,,,,,,,,,,,,,,,0.0,0,,SYNTHETIC,0
power-outage,0,1089,2026-09-03T09:18:09Z,2026-09-03T09:18:10Z,2026-09-03T09:18:09Z,2026-09-03T09:18:10Z,site_a,SIM,synthetic_demo,A-WAN-1,UP,1000.0,175.8197,175.94,0.0,16.7,0.6578,0.111,0,UP,4.0,0.0,48,48,230,-62.0,18.696,5.45,1,4,0,31,0,193.0,0.0,0,0,MAINS,MAINS,1,2,80.49,92.0,51.1474,51.5062,-4.0,3.93442,3.93442,3.96202,3.96202,0.0,23.7,1089.955,,89.021,,CHARGE,0.0,0,,SYNTHETIC,0
power-outage,0,1089,2026-09-03T09:18:09Z,2026-09-03T09:18:10Z,2026-09-03T09:18:09Z,2026-09-03T09:18:10Z,site_b,SIM,synthetic_demo,B-WAN-1,UP,1000.0,61.2013,61.87,0.0,23.2,1.9673,0.159,0,UP,4.0,0.0,6,6,47,-60.2,21.821,6.997,0,0,0,32,0,69.0,0.0,0,0,,,,,,,,,,,,,,,,,,,,,0.0,0,,SYNTHETIC,0
power-outage,0,1090,2026-09-03T09:18:10Z,2026-09-03T09:18:11Z,2026-09-03T09:18:10Z,2026-09-03T09:18:11Z,site_a,SIM,synthetic_demo,A-WAN-1,UP,1000.0,192.9519,193.38,0.0,18.71,3.061,0.071,0,UP,4.0,0.0,48,48,429,-62.3,24.33,7.523,0,2,0,31,0,129.0,0.0,0,0,MAINS,MAINS,1,2,80.46,92.0,51.1478,51.5066,-4.0,3.93444,3.93444,3.96204,3.96204,0.0,23.9,1092.577,,88.81,,CHARGE,0.0,0,,SYNTHETIC,0
power-outage,0,1090,2026-09-03T09:18:10Z,2026-09-03T09:18:11Z,2026-09-03T09:18:10Z,2026-09-03T09:18:11Z,site_b,SIM,synthetic_demo,B-WAN-1,UP,1000.0,59.6376,58.92,0.0,22.25,0.9673,0.092,0,UP,4.0,0.0,6,6,43,-59.3,21.118,6.496,0,0,0,32,0,35.0,0.0,0,0,,,,,,,,,,,,,,,,,,,,,0.0,0,,SYNTHETIC,0
power-outage,0,1091,2026-09-03T09:18:11Z,2026-09-03T09:18:12Z,2026-09-03T09:18:11Z,2026-09-03T09:18:12Z,site_a,SIM,synthetic_demo,A-WAN-1,UP,1000.0,162.9167,163.97,0.0,17.13,0.9394,0.071,0,UP,4.0,0.0,48,48,252,-62.2,18.943,5.807,3,4,0,31,0,243.0,0.0,0,0,MAINS,MAINS,1,2,80.44,92.0,51.1481,51.5069,-4.0,3.93447,3.93447,3.96207,3.96207,0.0,23.9,1078.464,,89.975,,CHARGE,0.0,0,,SYNTHETIC,0
power-outage,0,1091,2026-09-03T09:18:11Z,2026-09-03T09:18:12Z,2026-09-03T09:18:11Z,2026-09-03T09:18:12Z,site_b,SIM,synthetic_demo,B-WAN-1,UP,1000.0,101.2726,100.75,0.0,24.06,2.7674,0.135,0,UP,4.0,0.0,6,6,59,-61.2,24.14,7.353,0,0,0,32,0,60.0,0.0,0,0,,,,,,,,,,,,,,,,,,,,,0.0,0,,SYNTHETIC,0
power-outage,0,1092,2026-09-03T09:18:12Z,2026-09-03T09:18:13Z,2026-09-03T09:18:12Z,2026-09-03T09:18:13Z,site_a,SIM,synthetic_demo,A-WAN-1,UP,1000.0,213.5376,213.44,0.0,17.61,2.085,0.138,0,UP,4.0,0.0,48,48,169,-62.4,16.018,4.912,2,4,0,31,0,263.0,0.0,0,0,MAINS,MAINS,1,2,80.58,92.0,51.1484,51.5072,-4.0,3.9345,3.9345,3.9621,3.9621,0.0,23.8,1106.496,,87.698,,CHARGE,0.0,0,,SYNTHETIC,0
power-outage,0,1092,2026-09-03T09:18:12Z,2026-09-03T09:18:13Z,2026-09-03T09:18:12Z,2026-09-03T09:18:13Z,site_b,SIM,synthetic_demo,B-WAN-1,UP,1000.0,83.2489,83.29,0.0,22.56,1.5629,0.093,0,UP,4.0,0.0,6,6,58,-62.1,24.016,8.335,0,0,0,32,0,53.0,0.0,0,0,,,,,,,,,,,,,,,,,,,,,0.0,0,,SYNTHETIC,0
power-outage,0,1093,2026-09-03T09:18:13Z,2026-09-03T09:18:14Z,2026-09-03T09:18:13Z,2026-09-03T09:18:14Z,site_a,SIM,synthetic_demo,A-WAN-1,UP,1000.0,188.3255,187.67,0.0,17.24,1.6162,0.027,0,UP,4.0,0.0,48,48,147,-63.1,15.748,4.846,0,0,0,31,0,189.0,0.0,0,0,MAINS,MAINS,1,2,80.43,92.0,51.1488,51.5076,-4.0,3.93452,3.93452,3.96212,3.96212,0.0,23.9,1097.243,,88.441,,CHARGE,0.0,0,,SYNTHETIC,0
power-outage,0,1093,2026-09-03T09:18:13Z,2026-09-03T09:18:14Z,2026-09-03T09:18:13Z,2026-09-03T09:18:14Z,site_b,SIM,synthetic_demo,B-WAN-1,UP,1000.0,78.3213,77.81,0.0,22.9,1.9849,0.087,0,UP,4.0,0.0,6,6,73,-59.7,28.155,8.715,0,0,0,32,0,37.0,0.0,0,0,,,,,,,,,,,,,,,,,,,,,0.0,0,,SYNTHETIC,0
power-outage,0,1094,2026-09-03T09:18:14Z,2026-09-03T09:18:15Z,2026-09-03T09:18:14Z,2026-09-03T09:18:15Z,site_a,SIM,synthetic_demo,A-WAN-1,UP,1000.0,179.6182,180.63,0.0,16.48,0.1449,0.061,0,UP,4.0,0.0,48,48,258,-62.7,19.54,5.774,1,4,0,31,0,343.0,0.0,0,0,MAINS,MAINS,1,2,80.51,92.0,51.1491,51.5079,-4.0,3.93455,3.93455,3.96215,3.96215,0.0,23.7,1096.188,,88.529,,CHARGE,0.0,0,,SYNTHETIC,0
power-outage,0,1094,2026-09-03T09:18:14Z,2026-09-03T09:18:15Z,2026-09-03T09:18:14Z,2026-09-03T09:18:15Z,site_b,SIM,synthetic_demo,B-WAN-1,UP,1000.0,71.1464,71.07,0.0,20.94,0.1134,0.075,0,UP,4.0,0.0,6,6,28,-63.6,19.376,4.871,0,0,0,32,0,68.0,0.0,0,0,,,,,,,,,,,,,,,,,,,,,0.0,0,,SYNTHETIC,0
power-outage,0,1095,2026-09-03T09:18:15Z,2026-09-03T09:18:16Z,2026-09-03T09:18:15Z,2026-09-03T09:18:16Z,site_a,SIM,synthetic_demo,A-WAN-1,UP,1000.0,208.7407,209.37,0.0,16.32,0.9402,,0,UP,4.0,0.0,48,48,173,-62.0,17.554,4.977,1,1,0,31,0,127.0,0.0,0,0,MAINS,MAINS,1,2,80.53,92.0,51.1495,51.5083,-4.0,3.93457,3.93457,3.96217,3.96217,0.0,23.9,1085.914,,89.369,,CHARGE,0.0,0,,SYNTHETIC|GAP|MISSING_MAR,0
power-outage,0,1095,2026-09-03T09:18:15Z,2026-09-03T09:18:16Z,2026-09-03T09:18:15Z,2026-09-03T09:18:16Z,site_b,SIM,synthetic_demo,B-WAN-1,UP,1000.0,84.9291,85.69,0.0,22.03,0.5985,0.094,0,UP,4.0,0.0,6,6,61,-60.8,26.279,7.921,0,1,0,32,0,99.0,0.0,0,0,,,,,,,,,,,,,,,,,,,,,0.0,0,,SYNTHETIC,0
power-outage,0,1096,2026-09-03T09:18:16Z,2026-09-03T09:18:17Z,2026-09-03T09:18:16Z,2026-09-03T09:18:17Z,site_a,SIM,synthetic_demo,A-WAN-1,UP,1000.0,157.8095,156.76,0.0,15.65,0.3649,0.079,0,UP,4.0,0.0,48,48,139,-62.4,16.497,4.594,2,0,0,31,0,107.0,0.0,0,0,MAINS,MAINS,1,2,80.43,92.0,51.1498,51.5086,-4.0,3.9346,3.9346,3.9622,3.9622,0.0,23.9,1109.592,,87.465,,CHARGE,0.0,0,,SYNTHETIC,0
power-outage,0,1096,2026-09-03T09:18:16Z,2026-09-03T09:18:17Z,2026-09-03T09:18:16Z,2026-09-03T09:18:17Z,site_b,SIM,synthetic_demo,B-WAN-1,UP,1000.0,79.2863,79.12,0.0,22.48,0.7388,0.109,0,UP,4.0,0.0,6,6,49,-62.5,23.968,7.038,0,1,0,32,0,75.0,0.0,0,0,,,,,,,,,,,,,,,,,,,,,0.0,0,,SYNTHETIC,0
power-outage,0,1097,2026-09-03T09:18:17Z,2026-09-03T09:18:18Z,2026-09-03T09:18:17Z,2026-09-03T09:18:18Z,site_a,SIM,synthetic_demo,A-WAN-1,UP,1000.0,160.7696,161.19,0.0,17.59,2.2197,0.072,0,UP,4.0,0.0,48,48,214,-61.2,17.545,5.278,1,3,0,31,0,117.0,0.0,0,0,MAINS,MAINS,1,2,80.55,92.0,51.1501,51.5089,-4.0,3.93463,3.93463,3.96223,3.96223,0.0,23.8,1095.021,,88.632,,CHARGE,0.0,0,,SYNTHETIC,0
power-outage,0,1097,2026-09-03T09:18:17Z,2026-09-03T09:18:18Z,2026-09-03T09:18:17Z,2026-09-03T09:18:18Z,site_b,SIM,synthetic_demo,B-WAN-1,UP,1000.0,100.9624,102.39,0.0,21.19,0.8453,0.108,0,UP,4.0,0.0,6,6,39,-62.4,22.585,5.857,0,1,0,32,0,81.0,0.0,0,0,,,,,,,,,,,,,,,,,,,,,0.0,0,,SYNTHETIC,0
power-outage,0,1098,2026-09-03T09:18:18Z,2026-09-03T09:18:19Z,2026-09-03T09:18:18Z,2026-09-03T09:18:19Z,site_a,SIM,synthetic_demo,A-WAN-1,UP,1000.0,198.8389,199.13,0.0,16.81,0.6459,0.108,0,UP,4.0,0.0,48,48,105,-61.5,14.431,4.474,0,6,0,31,0,122.0,0.0,0,0,MAINS,MAINS,1,2,80.46,92.0,51.1505,51.5093,-4.0,3.93465,3.93465,3.96225,3.96225,0.0,23.9,1094.412,,88.684,,CHARGE,0.0,0,,SYNTHETIC,0
power-outage,0,1098,2026-09-03T09:18:18Z,2026-09-03T09:18:19Z,2026-09-03T09:18:18Z,2026-09-03T09:18:19Z,site_b,SIM,synthetic_demo,B-WAN-1,UP,1000.0,72.1155,71.38,0.0,24.12,3.3312,0.111,0,UP,4.0,0.0,6,6,28,-62.4,18.748,4.953,0,1,0,32,0,84.0,0.0,0,0,,,,,,,,,,,,,,,,,,,,,0.0,0,,SYNTHETIC,0
power-outage,0,1099,2026-09-03T09:18:19Z,2026-09-03T09:18:20Z,2026-09-03T09:18:19Z,2026-09-03T09:18:20Z,site_a,SIM,synthetic_demo,A-WAN-1,UP,1000.0,194.2553,193.94,0.0,16.68,0.4461,0.122,0,UP,4.0,0.0,48,48,162,-60.8,16.581,4.746,0,2,0,31,0,141.0,0.0,0,0,MAINS,MAINS,1,2,80.54,92.0,51.1508,51.5096,-4.0,3.93468,3.93468,3.96228,3.96228,0.0,23.9,1100.206,,88.22,,CHARGE,0.0,0,,SYNTHETIC,0
power-outage,0,1099,2026-09-03T09:18:19Z,2026-09-03T09:18:20Z,2026-09-03T09:18:19Z,2026-09-03T09:18:20Z,site_b,SIM,synthetic_demo,B-WAN-1,UP,1000.0,65.2938,65.32,0.0,21.71,0.0229,0.123,0,UP,4.0,0.0,6,6,29,-61.5,20.893,5.591,1,0,0,32,0,46.0,0.0,0,0,,,,,,,,,,,,,,,,,,,,,0.0,0,,SYNTHETIC,0
power-outage,0,1100,2026-09-03T09:18:20Z,2026-09-03T09:18:21Z,2026-09-03T09:18:20Z,2026-09-03T09:18:21Z,site_a,SIM,synthetic_demo,A-WAN-1,UP,1000.0,211.441,210.61,0.0,18.05,2.1396,0.088,0,UP,4.0,0.0,48,48,171,-61.8,17.175,5.032,0,3,0,31,0,221.0,0.0,0,0,MAINS,MAINS,1,2,80.51,92.0,51.1511,51.5099,-4.0,3.9347,3.9347,3.9623,3.9623,0.0,24.0,1075.4,,90.258,,CHARGE,0.0,0,,SYNTHETIC,0
power-outage,0,1100,2026-09-03T09:18:20Z,2026-09-03T09:18:21Z,2026-09-03T09:18:20Z,2026-09-03T09:18:21Z,site_b,SIM,synthetic_demo,B-WAN-1,UP,1000.0,65.207,64.75,0.0,23.04,1.8479,0.123,0,UP,4.0,0.0,6,6,66,-59.5,26.231,7.497,1,2,0,32,0,35.0,0.0,0,0,,,,,,,,,,,,,,,,,,,,,0.0,0,,SYNTHETIC,0
power-outage,0,1101,2026-09-03T09:18:21Z,2026-09-03T09:18:22Z,2026-09-03T09:18:21Z,2026-09-03T09:18:22Z,site_a,SIM,synthetic_demo,A-WAN-1,UP,1000.0,180.3601,180.55,0.0,18.03,2.3398,0.094,0,UP,4.0,0.0,48,48,222,-61.6,17.742,5.279,3,2,0,31,0,170.0,0.0,0,0,MAINS,MAINS,1,2,80.54,92.0,51.1515,51.5103,-4.0,3.93473,3.93473,3.96233,3.96233,0.0,23.8,1087.393,,89.265,,CHARGE,0.0,0,,SYNTHETIC,0
power-outage,0,1101,2026-09-03T09:18:21Z,2026-09-03T09:18:22Z,2026-09-03T09:18:21Z,2026-09-03T09:18:22Z,site_b,SIM,synthetic_demo,B-WAN-1,UP,1000.0,63.388,63.42,0.0,21.99,1.1122,0.099,0,UP,4.0,0.0,6,6,25,-60.1,15.567,4.691,0,0,0,32,0,54.0,0.0,0,0,,,,,,,,,,,,,,,,,,,,,0.0,0,,SYNTHETIC,0
power-outage,0,1102,2026-09-03T09:18:22Z,2026-09-03T09:18:23Z,2026-09-03T09:18:22Z,2026-09-03T09:18:23Z,site_a,SIM,synthetic_demo,A-WAN-1,UP,1000.0,217.7554,217.5,0.0,16.65,0.6538,0.076,0,UP,4.0,0.0,48,48,305,-62.1,20.399,6.356,1,1,0,31,0,123.0,0.0,0,0,MAINS,MAINS,1,2,80.47,92.0,51.1518,51.5106,-4.0,3.93475,3.93475,3.96235,3.96235,0.0,24.0,1072.326,,90.522,,CHARGE,0.0,0,,SYNTHETIC,0
power-outage,0,1102,2026-09-03T09:18:22Z,2026-09-03T09:18:23Z,2026-09-03T09:18:22Z,2026-09-03T09:18:23Z,site_b,SIM,synthetic_demo,B-WAN-1,UP,1000.0,73.8546,74.34,0.0,25.65,4.7985,0.101,0,UP,4.0,0.0,6,6,29,,20.647,5.931,0,0,0,32,0,65.0,0.0,0,0,,,,,,,,,,,,,,,,,,,,,0.0,0,,SYNTHETIC|GAP|MISSING_MCAR,0
power-outage,0,1103,2026-09-03T09:18:23Z,2026-09-03T09:18:24Z,2026-09-03T09:18:23Z,2026-09-03T09:18:24Z,site_a,SIM,synthetic_demo,A-WAN-1,UP,1000.0,187.3305,186.61,0.0,17.25,1.0933,0.091,0,UP,4.0,0.0,48,48,97,-60.9,14.443,4.41,0,7,0,31,0,106.0,0.0,0,0,MAINS,MAINS,1,2,80.52,92.0,51.1521,51.5109,-4.0,3.93478,3.93478,3.96238,3.96238,0.0,23.8,1090.624,,89.006,,CHARGE,0.0,0,,SYNTHETIC,0
power-outage,0,1103,2026-09-03T09:18:23Z,2026-09-03T09:18:24Z,2026-09-03T09:18:23Z,2026-09-03T09:18:24Z,site_b,SIM,synthetic_demo,B-WAN-1,UP,1000.0,64.6357,64.56,0.0,23.04,2.6492,0.109,0,UP,4.0,0.0,6,6,36,-61.0,19.377,6.253,0,1,0,32,0,61.0,0.0,0,0,,,,,,,,,,,,,,,,,,,,,0.0,0,,SYNTHETIC,0
power-outage,0,1104,2026-09-03T09:18:24Z,2026-09-03T09:18:25Z,2026-09-03T09:18:24Z,2026-09-03T09:18:25Z,site_a,SIM,synthetic_demo,A-WAN-1,UP,1000.0,169.3764,169.46,0.0,16.21,0.6766,0.072,0,UP,4.0,0.0,48,48,200,-61.4,17.718,5.183,1,5,0,31,0,178.0,0.0,0,0,MAINS,MAINS,1,2,80.56,92.0,51.1525,51.5113,-4.0,3.93481,3.93481,3.96241,3.96241,0.0,23.8,1069.43,,90.773,,CHARGE,0.0,0,,SYNTHETIC,0
power-outage,0,1104,2026-09-03T09:18:24Z,2026-09-03T09:18:25Z,2026-09-03T09:18:24Z,2026-09-03T09:18:25Z,site_b,SIM,synthetic_demo,B-WAN-1,UP,1000.0,78.6698,78.97,0.0,21.26,0.148,0.087,0,UP,4.0,0.0,6,6,25,-63.3,17.487,5.639,0,0,0,32,0,62.0,0.0,0,0,,,,,,,,,,,,,,,,,,,,,0.0,0,,SYNTHETIC,0
power-outage,0,1105,2026-09-03T09:18:25Z,2026-09-03T09:18:26Z,2026-09-03T09:18:25Z,2026-09-03T09:18:26Z,site_a,SIM,synthetic_demo,A-WAN-1,UP,1000.0,187.373,187.03,0.0,19.94,3.6899,0.116,0,UP,4.0,0.0,48,48,284,-61.1,20.016,6.064,0,2,0,31,0,158.0,0.0,0,0,MAINS,MAINS,1,2,80.51,92.0,51.1528,51.5116,-4.0,3.93483,3.93483,3.96243,3.96243,0.0,23.8,1104.974,,87.856,,CHARGE,0.0,0,,SYNTHETIC,0
power-outage,0,1105,2026-09-03T09:18:25Z,2026-09-03T09:18:26Z,2026-09-03T09:18:25Z,2026-09-03T09:18:26Z,site_b,SIM,synthetic_demo,B-WAN-1,UP,1000.0,62.2936,61.48,0.0,22.21,1.0372,0.11,0,UP,4.0,0.0,6,6,24,-61.4,17.6,5.277,0,0,0,32,0,47.0,0.0,0,0,,,,,,,,,,,,,,,,,,,,,0.0,0,,SYNTHETIC,0
power-outage,0,1106,2026-09-03T09:18:26Z,2026-09-03T09:18:27Z,2026-09-03T09:18:26Z,2026-09-03T09:18:27Z,site_a,SIM,synthetic_demo,A-WAN-1,UP,1000.0,165.9484,167.03,0.0,17.64,1.1306,0.07,0,UP,4.0,0.0,48,48,237,-62.7,19.381,5.663,1,2,0,31,0,154.0,0.0,0,0,MAINS,MAINS,1,2,80.55,92.0,51.1532,51.512,-4.0,3.93486,3.93486,3.96246,3.96246,0.0,24.0,1097.792,,88.434,,CHARGE,0.0,0,,SYNTHETIC,0
power-outage,0,1106,2026-09-03T09:18:26Z,2026-09-03T09:18:27Z,2026-09-03T09:18:26Z,2026-09-03T09:18:27Z,site_b,SIM,synthetic_demo,B-WAN-1,UP,1000.0,63.897,63.14,0.0,24.18,3.236,0.072,0,UP,4.0,0.0,6,6,40,-64.6,20.12,7.321,0,1,0,32,0,51.0,0.0,0,0,,,,,,,,,,,,,,,,,,,,,0.0,0,,SYNTHETIC,0
power-outage,0,1107,2026-09-03T09:18:27Z,2026-09-03T09:18:28Z,2026-09-03T09:18:27Z,2026-09-03T09:18:28Z,site_a,SIM,synthetic_demo,A-WAN-1,UP,1000.0,180.4806,180.95,0.0,16.55,0.7367,0.077,0,UP,4.0,0.0,48,48,198,-61.8,17.345,5.408,1,2,0,31,0,201.0,0.0,0,0,MAINS,MAINS,1,2,80.6,92.0,51.1535,51.5123,-4.0,3.93488,3.93488,3.96248,3.96248,0.0,24.0,1096.18,,88.566,,CHARGE,0.0,0,,SYNTHETIC,0
power-outage,0,1107,2026-09-03T09:18:27Z,2026-09-03T09:18:28Z,2026-09-03T09:18:27Z,2026-09-03T09:18:28Z,site_b,SIM,synthetic_demo,B-WAN-1,UP,1000.0,85.5861,85.94,0.0,22.62,2.5137,0.129,0,UP,4.0,0.0,6,6,38,-60.1,19.22,5.979,0,0,0,32,0,35.0,0.0,0,0,,,,,,,,,,,,,,,,,,,,,0.0,0,,SYNTHETIC,0
power-outage,0,1108,2026-09-03T09:18:28Z,2026-09-03T09:18:29Z,2026-09-03T09:18:28Z,2026-09-03T09:18:29Z,site_a,SIM,synthetic_demo,A-WAN-1,UP,1000.0,170.094,170.39,0.0,15.59,0.3443,0.089,0,UP,4.0,0.0,48,48,175,-62.1,16.395,5.045,1,1,0,31,0,214.0,0.0,0,0,MAINS,MAINS,1,2,80.54,92.0,51.1538,51.5126,-4.0,3.93491,3.93491,3.96251,3.96251,0.0,23.7,1081.093,,89.805,,CHARGE,0.0,0,,SYNTHETIC,0
power-outage,0,1108,2026-09-03T09:18:28Z,2026-09-03T09:18:29Z,2026-09-03T09:18:28Z,2026-09-03T09:18:29Z,site_b,SIM,synthetic_demo,B-WAN-1,UP,1000.0,74.1189,75.16,0.0,22.99,1.5767,0.117,0,UP,4.0,0.0,6,6,53,-61.4,24.428,7.346,0,0,0,32,0,72.0,0.0,0,0,,,,,,,,,,,,,,,,,,,,,0.0,0,,SYNTHETIC,0
power-outage,0,1109,2026-09-03T09:18:29Z,2026-09-03T09:18:30Z,2026-09-03T09:18:29Z,2026-09-03T09:18:30Z,site_a,SIM,synthetic_demo,A-WAN-1,UP,1000.0,165.2646,,0.0,17.95,2.2713,0.039,0,UP,4.0,0.0,48,48,303,-62.5,20.572,6.348,1,5,0,31,0,161.0,0.0,0,0,MAINS,MAINS,1,2,80.55,92.0,51.1542,51.513,-4.0,3.93494,3.93494,3.96254,3.96254,0.0,23.9,1077.606,,90.099,,CHARGE,0.0,0,,SYNTHETIC|GAP|MISSING_MCAR,0
power-outage,0,1109,2026-09-03T09:18:29Z,2026-09-03T09:18:30Z,2026-09-03T09:18:29Z,2026-09-03T09:18:30Z,site_b,SIM,synthetic_demo,B-WAN-1,UP,1000.0,77.6933,78.22,0.0,23.96,2.6644,0.124,0,UP,4.0,0.0,6,6,41,-60.6,23.624,6.175,0,0,0,32,0,49.0,0.0,0,0,,,,,,,,,,,,,,,,,,,,,0.0,0,,SYNTHETIC,0
power-outage,0,1110,2026-09-03T09:18:30Z,2026-09-03T09:18:31Z,2026-09-03T09:18:30Z,2026-09-03T09:18:31Z,site_a,SIM,synthetic_demo,A-WAN-1,UP,1000.0,180.4527,181.07,0.0,16.92,0.5341,0.069,0,UP,4.0,0.0,48,48,184,-61.7,16.986,4.994,0,1,0,31,0,230.0,0.0,0,0,MAINS,MAINS,1,2,80.61,92.0,51.1545,51.5133,-4.0,3.93496,3.93496,3.96256,3.96256,0.0,23.9,1092.837,,88.846,,CHARGE,0.0,0,,SYNTHETIC,0
power-outage,0,1110,2026-09-03T09:18:30Z,2026-09-03T09:18:31Z,2026-09-03T09:18:30Z,2026-09-03T09:18:31Z,site_b,SIM,synthetic_demo,B-WAN-1,UP,1000.0,68.5377,69.24,0.0,22.17,1.332,0.115,0,UP,4.0,0.0,6,6,57,-62.3,26.258,7.338,0,0,0,32,0,69.0,0.0,0,0,,,,,,,,,,,,,,,,,,,,,0.0,0,,SYNTHETIC,0
power-outage,0,1111,2026-09-03T09:18:31Z,2026-09-03T09:18:32Z,2026-09-03T09:18:31Z,2026-09-03T09:18:32Z,site_a,SIM,synthetic_demo,A-WAN-1,UP,1000.0,175.2959,174.69,0.0,17.21,1.0167,0.073,0,UP,4.0,0.0,48,48,186,-61.6,17.051,5.049,1,2,0,31,0,133.0,0.0,0,0,MAINS,MAINS,1,2,80.59,92.0,51.1548,51.5136,-4.0,3.93499,3.93499,3.96259,3.96259,0.0,23.9,1098.728,,88.372,,CHARGE,0.0,0,,SYNTHETIC,0
power-outage,0,1111,2026-09-03T09:18:31Z,2026-09-03T09:18:32Z,2026-09-03T09:18:31Z,2026-09-03T09:18:32Z,site_b,SIM,synthetic_demo,B-WAN-1,UP,1000.0,83.8401,84.23,0.0,23.87,2.7467,0.087,0,UP,4.0,0.0,6,6,63,-61.3,25.744,7.916,0,0,0,32,0,48.0,0.0,0,0,,,,,,,,,,,,,,,,,,,,,0.0,0,,SYNTHETIC,0
power-outage,0,1112,2026-09-03T09:18:32Z,2026-09-03T09:18:33Z,2026-09-03T09:18:32Z,2026-09-03T09:18:33Z,site_a,SIM,synthetic_demo,A-WAN-1,UP,1000.0,179.1066,178.88,0.0,16.57,0.3624,0.068,0,UP,4.0,0.0,48,48,225,-62.7,17.972,5.59,0,5,0,31,0,113.0,0.0,0,0,MAINS,MAINS,1,2,80.5,92.0,51.1552,51.514,-4.0,3.93501,3.93501,3.96261,3.96261,0.0,24.0,1099.131,,88.343,,CHARGE,0.0,0,,SYNTHETIC,0
power-outage,0,1112,2026-09-03T09:18:32Z,2026-09-03T09:18:33Z,2026-09-03T09:18:32Z,2026-09-03T09:18:33Z,site_b,SIM,synthetic_demo,B-WAN-1,UP,1000.0,67.7164,67.38,0.0,22.77,1.5929,0.08,0,UP,4.0,0.0,6,6,66,-62.4,27.043,8.08,0,0,0,32,0,52.0,0.0,0,0,,,,,,,,,,,,,,,,,,,,,0.0,0,,SYNTHETIC,0
power-outage,0,1113,2026-09-03T09:18:33Z,2026-09-03T09:18:34Z,2026-09-03T09:18:33Z,2026-09-03T09:18:34Z,site_a,SIM,synthetic_demo,A-WAN-1,UP,1000.0,183.5875,184.43,0.0,18.71,3.2214,0.076,0,UP,4.0,0.0,48,48,180,-61.6,17.259,5.437,0,2,0,31,0,91.0,0.0,0,0,MAINS,MAINS,1,2,80.55,92.0,51.1555,51.5143,-4.0,3.93504,3.93504,3.96264,3.96264,0.0,23.8,1093.581,,88.794,,CHARGE,0.0,0,,SYNTHETIC,0
power-outage,0,1113,2026-09-03T09:18:33Z,2026-09-03T09:18:34Z,2026-09-03T09:18:33Z,2026-09-03T09:18:34Z,site_b,SIM,synthetic_demo,B-WAN-1,UP,1000.0,84.3427,84.5,0.0,21.78,0.9964,0.118,0,UP,4.0,0.0,6,6,31,-60.3,18.717,5.601,1,1,0,32,0,52.0,0.0,0,0,,,,,,,,,,,,,,,,,,,,,0.0,0,,SYNTHETIC,0
power-outage,0,1114,2026-09-03T09:18:34Z,2026-09-03T09:18:35Z,2026-09-03T09:18:34Z,2026-09-03T09:18:35Z,site_a,SIM,synthetic_demo,A-WAN-1,UP,1000.0,210.8506,211.1,0.0,16.23,0.2081,0.072,0,UP,4.0,0.0,48,48,143,-61.8,16.085,4.673,0,2,0,31,0,170.0,0.0,0,0,MAINS,MAINS,1,2,80.53,92.0,51.1558,51.5146,-4.0,3.93506,3.93506,3.96266,3.96266,0.0,23.9,1099.602,,88.311,,CHARGE,0.0,0,,SYNTHETIC,0
power-outage,0,1114,2026-09-03T09:18:34Z,2026-09-03T09:18:35Z,2026-09-03T09:18:34Z,2026-09-03T09:18:35Z,site_b,SIM,synthetic_demo,B-WAN-1,UP,1000.0,72.5532,72.87,0.0,21.77,0.7788,0.106,0,UP,4.0,0.0,6,6,24,-62.0,17.583,5.083,0,0,0,32,0,40.0,0.0,0,0,,,,,,,,,,,,,,,,,,,,,0.0,0,,SYNTHETIC|STALE,0
power-outage,0,1115,2026-09-03T09:18:35Z,2026-09-03T09:18:36Z,2026-09-03T09:18:35Z,2026-09-03T09:18:36Z,site_a,SIM,synthetic_demo,A-WAN-1,UP,1000.0,180.0721,179.88,0.0,16.08,0.3964,0.107,0,UP,4.0,0.0,48,48,185,-62.004,17.359,5.185,0,5,0,31,0,197.0,0.0,0,0,MAINS,MAINS,1,2,80.55,92.0,51.1562,51.515,-4.0,3.93509,3.93509,3.96269,3.96269,0.0,23.7,1084.579,,89.537,,CHARGE,0.0,0,,SYNTHETIC|STALE,0
power-outage,0,1115,2026-09-03T09:18:35Z,2026-09-03T09:18:36Z,2026-09-03T09:18:35Z,2026-09-03T09:18:36Z,site_b,SIM,synthetic_demo,B-WAN-1,UP,1000.0,71.5136,71.13,0.0,21.68,0.8558,0.102,0,UP,4.0,0.0,6,6,34,-62.004,19.664,5.455,0,1,0,32,0,68.0,0.0,0,0,,,,,,,,,,,,,,,,,,,,,0.0,0,,SYNTHETIC|STALE,0
power-outage,0,1116,2026-09-03T09:18:36Z,2026-09-03T09:18:37Z,2026-09-03T09:18:36Z,2026-09-03T09:18:37Z,site_a,SIM,synthetic_demo,A-WAN-1,UP,1000.0,182.5297,182.93,0.0,17.19,1.1811,0.077,0,UP,4.0,0.0,48,48,227,-62.004,18.724,5.593,0,1,0,31,0,113.0,0.0,0,0,MAINS,MAINS,1,2,80.65,92.0,51.1565,51.5153,-4.0,3.93512,3.93512,3.96272,3.96272,0.0,23.7,1095.42,,88.654,,CHARGE,0.0,0,,SYNTHETIC|STALE,0
power-outage,0,1116,2026-09-03T09:18:36Z,2026-09-03T09:18:37Z,2026-09-03T09:18:36Z,2026-09-03T09:18:37Z,site_b,SIM,synthetic_demo,B-WAN-1,UP,1000.0,93.9825,94.46,0.0,22.41,0.9702,0.094,0,UP,4.0,0.0,6,6,59,-62.004,25.736,8.097,0,0,0,32,0,37.0,0.0,0,0,,,,,,,,,,,,,,,,,,,,,0.0,0,,SYNTHETIC|STALE,0
power-outage,0,1117,2026-09-03T09:18:37Z,2026-09-03T09:18:38Z,2026-09-03T09:18:37Z,2026-09-03T09:18:38Z,site_a,SIM,synthetic_demo,A-WAN-1,UP,1000.0,153.0475,153.21,0.0,18.89,2.5683,0.051,0,UP,4.0,0.0,48,48,109,-62.004,15.555,4.449,0,4,0,31,0,135.0,0.0,0,0,MAINS,MAINS,1,2,80.55,92.0,51.1568,51.5156,-4.0,3.93514,3.93514,3.96274,3.96274,0.0,24.0,1067.174,,91.003,,CHARGE,0.0,0,,SYNTHETIC|STALE,0
power-outage,0,1117,2026-09-03T09:18:37Z,2026-09-03T09:18:38Z,2026-09-03T09:18:37Z,2026-09-03T09:18:38Z,site_b,SIM,synthetic_demo,B-WAN-1,UP,1000.0,76.061,76.29,0.0,22.05,1.2994,0.099,0,UP,4.0,0.0,6,6,37,-63.2,21.468,6.359,0,1,0,32,0,58.0,0.0,0,0,,,,,,,,,,,,,,,,,,,,,0.0,0,,SYNTHETIC,0
power-outage,0,1118,2026-09-03T09:18:38Z,2026-09-03T09:18:39Z,2026-09-03T09:18:38Z,2026-09-03T09:18:39Z,site_a,SIM,synthetic_demo,A-WAN-1,UP,1000.0,150.6901,151.27,0.0,15.92,0.37,0.098,0,UP,4.0,0.0,48,48,192,-61.0,17.145,5.311,2,3,0,31,0,197.0,0.0,0,0,MAINS,MAINS,1,2,80.53,92.0,51.1572,51.516,-4.0,3.93517,3.93517,3.96277,3.96277,0.0,23.9,1100.927,,88.216,,CHARGE,0.0,0,,SYNTHETIC,0
power-outage,0,1118,2026-09-03T09:18:38Z,2026-09-03T09:18:39Z,2026-09-03T09:18:38Z,2026-09-03T09:18:39Z,site_b,SIM,synthetic_demo,B-WAN-1,UP,1000.0,75.0192,74.57,0.0,21.75,0.0654,0.107,0,UP,4.0,0.0,6,6,57,-61.5,25.866,7.709,0,0,0,32,0,43.0,0.0,0,0,,,,,,,,,,,,,,,,,,,,,0.0,0,,SYNTHETIC,0
power-outage,0,1119,2026-09-03T09:18:39Z,2026-09-03T09:18:40Z,2026-09-03T09:18:39Z,2026-09-03T09:18:40Z,site_a,SIM,synthetic_demo,A-WAN-1,UP,1000.0,149.3453,150.23,0.0,16.16,0.4234,0.071,0,UP,4.0,0.0,48,48,279,-61.4,20.32,5.915,0,7,0,31,0,142.0,0.0,0,0,MAINS,MAINS,1,2,80.57,92.0,51.1575,51.5163,-4.0,3.93519,3.93519,3.96279,3.96279,0.0,23.8,1085.176,,89.499,,CHARGE,0.0,0,,SYNTHETIC,0
power-outage,0,1119,2026-09-03T09:18:39Z,2026-09-03T09:18:40Z,2026-09-03T09:18:39Z,2026-09-03T09:18:40Z,site_b,SIM,synthetic_demo,B-WAN-1,UP,1000.0,77.4292,76.69,0.0,22.07,1.2297,0.141,0,UP,4.0,0.0,6,6,26,-61.1,17.52,4.935,0,0,0,32,0,31.0,0.0,0,0,,,,,,,,,,,,,,,,,,,,,0.0,0,,SYNTHETIC,0
power-outage,0,1120,2026-09-03T09:18:40Z,2026-09-03T09:18:41Z,2026-09-03T09:18:40Z,2026-09-03T09:18:41Z,site_a,SIM,synthetic_demo,A-WAN-1,UP,1000.0,185.8433,185.69,0.0,16.29,0.1215,0.101,0,UP,4.0,0.0,48,48,220,-61.9,17.699,5.361,0,3,0,31,0,115.0,0.0,0,0,MAINS,MAINS,1,2,80.53,92.0,51.1579,51.5167,-4.0,3.93522,3.93522,3.96282,3.96282,0.0,23.8,1085.817,,89.449,,CHARGE,0.0,0,,SYNTHETIC,0
power-outage,0,1120,2026-09-03T09:18:40Z,2026-09-03T09:18:41Z,2026-09-03T09:18:40Z,2026-09-03T09:18:41Z,site_b,SIM,synthetic_demo,B-WAN-1,UP,1000.0,81.1865,81.07,0.0,22.89,1.5358,0.111,0,UP,4.0,0.0,6,6,30,-62.8,20.195,5.255,0,1,0,32,0,46.0,0.0,0,0,,,,,,,,,,,,,,,,,,,,,0.0,0,,SYNTHETIC,0
power-outage,0,1121,2026-09-03T09:18:41Z,2026-09-03T09:18:42Z,2026-09-03T09:18:41Z,2026-09-03T09:18:42Z,site_a,SIM,synthetic_demo,A-WAN-1,UP,1000.0,164.4921,164.83,0.0,16.78,0.8207,0.06,0,UP,4.0,0.0,48,48,238,-62.5,18.713,5.642,1,1,0,31,0,253.0,0.0,0,0,MAINS,MAINS,1,2,80.62,92.0,51.1582,51.517,-4.0,3.93525,3.93525,3.96285,3.96285,0.0,23.9,1072.327,,90.577,,CHARGE,0.0,0,,SYNTHETIC,0
power-outage,0,1121,2026-09-03T09:18:41Z,2026-09-03T09:18:42Z,2026-09-03T09:18:41Z,2026-09-03T09:18:42Z,site_b,SIM,synthetic_demo,B-WAN-1,UP,1000.0,87.3066,88.07,0.0,21.77,0.8566,0.094,0,UP,4.0,0.0,6,6,40,-60.3,22.199,6.239,1,1,0,32,0,112.0,0.0,0,0,,,,,,,,,,,,,,,,,,,,,0.0,0,,SYNTHETIC,0
power-outage,0,1122,2026-09-03T09:18:42Z,2026-09-03T09:18:43Z,2026-09-03T09:18:42Z,2026-09-03T09:18:43Z,site_a,SIM,synthetic_demo,A-WAN-1,UP,1000.0,216.4591,216.78,0.0,16.6,0.529,0.071,0,UP,4.0,0.0,48,48,210,-62.2,18.333,5.424,1,2,0,31,0,176.0,0.0,0,0,MAINS,MAINS,1,2,80.6,92.0,51.1585,51.5173,-4.0,3.93527,3.93527,3.96287,3.96287,0.0,23.8,1085.315,,89.496,,CHARGE,0.0,0,,SYNTHETIC,0
power-outage,0,1122,2026-09-03T09:18:42Z,2026-09-03T09:18:43Z,2026-09-03T09:18:42Z,2026-09-03T09:18:43Z,site_b,SIM,synthetic_demo,B-WAN-1,UP,1000.0,84.3917,85.16,0.0,20.79,0.3193,0.113,0,UP,4.0,0.0,6,6,86,-61.9,32.068,9.349,0,0,0,32,0,51.0,0.0,0,0,,,,,,,,,,,,,,,,,,,,,0.0,0,,SYNTHETIC,0
power-outage,0,1123,2026-09-03T09:18:43Z,2026-09-03T09:18:44Z,2026-09-03T09:18:43Z,2026-09-03T09:18:44Z,site_a,SIM,synthetic_demo,A-WAN-1,UP,1000.0,162.585,162.2,0.0,16.98,0.7703,0.112,0,UP,4.0,0.0,48,48,261,-62.3,19.69,5.93,0,5,0,31,0,235.0,0.0,0,0,MAINS,MAINS,1,2,80.63,92.0,51.1589,51.5177,-4.0,3.9353,3.9353,3.9629,3.9629,0.0,23.9,1074.382,,90.41,,CHARGE,0.0,0,,SYNTHETIC,0
power-outage,0,1123,2026-09-03T09:18:43Z,2026-09-03T09:18:44Z,2026-09-03T09:18:43Z,2026-09-03T09:18:44Z,site_b,SIM,synthetic_demo,B-WAN-1,UP,1000.0,360.8997,360.09,0.0,22.07,0.519,0.125,0,UP,4.0,0.0,6,6,17,-60.3,17.194,5.064,0,0,0,32,0,88.0,0.0,0,0,,,,,,,,,,,,,,,,,,,,,0.0,0,,SYNTHETIC,0
power-outage,0,1124,2026-09-03T09:18:44Z,2026-09-03T09:18:45Z,2026-09-03T09:18:44Z,2026-09-03T09:18:45Z,site_a,SIM,synthetic_demo,A-WAN-1,UP,1000.0,169.5615,169.44,0.0,17.75,2.0359,0.114,0,UP,4.0,0.0,48,48,197,-62.3,17.406,5.141,1,3,0,31,0,251.0,0.0,0,0,MAINS,MAINS,1,2,80.55,92.0,51.1592,51.518,-4.0,3.93532,3.93532,3.96292,3.96292,0.0,23.8,1083.876,,89.621,,CHARGE,0.0,0,,SYNTHETIC,0
power-outage,0,1124,2026-09-03T09:18:44Z,2026-09-03T09:18:45Z,2026-09-03T09:18:44Z,2026-09-03T09:18:45Z,site_b,SIM,synthetic_demo,B-WAN-1,UP,1000.0,75.8419,76.28,0.0,22.85,1.9325,0.085,0,UP,4.0,0.0,6,6,35,-62.7,20.883,6.671,0,0,0,32,0,56.0,0.0,0,0,,,,,,,,,,,,,,,,,,,,,0.0,0,,SYNTHETIC,0
power-outage,0,1125,2026-09-03T09:18:45Z,2026-09-03T09:18:46Z,2026-09-03T09:18:45Z,2026-09-03T09:18:46Z,site_a,SIM,synthetic_demo,A-WAN-1,UP,1000.0,189.5851,189.6,0.0,16.65,0.7832,0.081,0,UP,4.0,0.0,48,48,310,-61.9,20.818,6.383,1,3,0,31,0,248.0,0.0,0,0,MAINS,MAINS,1,2,80.61,92.0,51.1595,51.5183,-4.0,3.93535,3.93535,3.96295,3.96295,0.0,23.9,1099.02,,88.389,,CHARGE,0.0,0,,SYNTHETIC,0
power-outage,0,1125,2026-09-03T09:18:45Z,2026-09-03T09:18:46Z,2026-09-03T09:18:45Z,2026-09-03T09:18:46Z,site_b,SIM,synthetic_demo,B-WAN-1,UP,1000.0,99.004,99.05,0.0,23.78,2.613,0.108,0,UP,4.0,0.0,6,6,40,-61.2,19.903,6.63,2,1,0,32,0,85.0,0.0,0,0,,,,,,,,,,,,,,,,,,,,,0.0,0,,SYNTHETIC,0
power-outage,0,1126,2026-09-03T09:18:46Z,2026-09-03T09:18:47Z,2026-09-03T09:18:46Z,2026-09-03T09:18:47Z,site_a,SIM,synthetic_demo,A-WAN-1,UP,1000.0,152.8219,153.25,0.0,17.33,1.6313,0.101,0,UP,4.0,0.0,48,48,148,-62.3,15.998,4.82,0,2,0,31,0,136.0,0.0,0,0,MAINS,MAINS,1,2,80.54,92.0,51.1599,51.5187,-4.0,3.93537,3.93537,3.96297,3.96297,0.0,23.8,1083.204,,89.682,,CHARGE,0.0,0,,SYNTHETIC,0
power-outage,0,1126,2026-09-03T09:18:46Z,2026-09-03T09:18:47Z,2026-09-03T09:18:46Z,2026-09-03T09:18:47Z,site_b,SIM,synthetic_demo,B-WAN-1,UP,1000.0,81.603,81.43,0.0,21.65,0.6354,0.099,0,UP,4.0,0.0,6,6,25,-63.2,16.522,5.705,0,0,0,32,0,47.0,0.0,0,0,,,,,,,,,,,,,,,,,,,,,0.0,0,,SYNTHETIC,0
power-outage,0,1127,2026-09-03T09:18:47Z,2026-09-03T09:18:48Z,2026-09-03T09:18:47Z,2026-09-03T09:18:48Z,site_a,SIM,synthetic_demo,A-WAN-1,UP,1000.0,170.6118,171.41,0.0,15.67,0.0475,0.097,0,UP,4.0,0.0,48,48,248,-61.3,18.495,5.821,1,1,0,31,0,172.0,0.0,0,0,MAINS,MAINS,1,2,80.66,92.0,51.1602,51.519,-4.0,3.9354,3.9354,3.963,3.963,0.0,23.9,1088.274,,89.267,,CHARGE,0.0,0,,SYNTHETIC,0
power-outage,0,1127,2026-09-03T09:18:47Z,2026-09-03T09:18:48Z,2026-09-03T09:18:47Z,2026-09-03T09:18:48Z,site_b,SIM,synthetic_demo,B-WAN-1,UP,1000.0,74.2851,75.44,0.0,23.39,2.42,0.109,0,UP,4.0,0.0,6,6,35,-60.8,20.284,5.888,0,1,0,32,0,87.0,0.0,0,0,,,,,,,,,,,,,,,,,,,,,0.0,0,,SYNTHETIC,0
power-outage,0,1128,2026-09-03T09:18:48Z,2026-09-03T09:18:49Z,2026-09-03T09:18:48Z,2026-09-03T09:18:49Z,site_a,SIM,synthetic_demo,A-WAN-1,UP,1000.0,162.7572,161.75,0.0,16.93,0.7562,0.118,0,UP,4.0,0.0,48,48,217,-61.6,17.638,5.214,3,2,0,31,0,167.0,0.0,0,0,MAINS,MAINS,1,2,80.59,92.0,51.1605,51.5193,-4.0,3.93543,3.93543,3.96303,3.96303,0.0,23.9,1077.773,,90.14,,CHARGE,0.0,0,,SYNTHETIC,0
power-outage,0,1128,2026-09-03T09:18:48Z,2026-09-03T09:18:49Z,2026-09-03T09:18:48Z,2026-09-03T09:18:49Z,site_b,SIM,synthetic_demo,B-WAN-1,UP,1000.0,64.9835,64.64,0.0,21.23,0.0631,0.113,0,UP,4.0,0.0,6,6,50,-61.2,24.094,6.735,0,0,0,32,0,59.0,0.0,0,0,,,,,,,,,,,,,,,,,,,,,0.0,0,,SYNTHETIC,0
power-outage,0,1129,2026-09-03T09:18:49Z,2026-09-03T09:18:50Z,2026-09-03T09:18:49Z,2026-09-03T09:18:50Z,site_a,SIM,synthetic_demo,A-WAN-1,UP,1000.0,180.4431,181.58,0.0,16.91,0.4523,0.067,0,UP,4.0,0.0,48,48,216,-61.5,18.698,5.389,1,2,0,31,0,260.0,0.0,0,0,MAINS,MAINS,1,2,80.59,92.0,51.1609,51.5197,-4.0,3.93545,3.93545,3.96305,3.96305,0.0,23.8,1094.848,,88.737,,CHARGE,0.0,0,,SYNTHETIC,0
power-outage,0,1129,2026-09-03T09:18:49Z,2026-09-03T09:18:50Z,2026-09-03T09:18:49Z,2026-09-03T09:18:50Z,site_b,SIM,synthetic_demo,B-WAN-1,UP,1000.0,70.8624,70.9,0.0,20.86,0.2728,0.127,0,UP,4.0,0.0,6,6,31,-63.6,18.893,6.003,0,0,0,32,0,66.0,0.0,0,0,,,,,,,,,,,,,,,,,,,,,0.0,0,,SYNTHETIC,0
power-outage,0,1130,2026-09-03T09:18:50Z,2026-09-03T09:18:51Z,2026-09-03T09:18:50Z,2026-09-03T09:18:51Z,site_a,SIM,synthetic_demo,A-WAN-1,UP,1000.0,168.2112,168.54,0.0,17.41,0.9788,0.048,0,UP,4.0,0.0,48,48,261,-61.7,19.178,5.988,1,2,0,31,0,182.0,0.0,0,0,MAINS,MAINS,1,2,80.62,92.0,51.1612,51.52,-4.0,3.93548,3.93548,3.96308,3.96308,0.0,23.8,1105.453,,87.889,,CHARGE,0.0,0,,SYNTHETIC,0
power-outage,0,1130,2026-09-03T09:18:50Z,2026-09-03T09:18:51Z,2026-09-03T09:18:50Z,2026-09-03T09:18:51Z,site_b,SIM,synthetic_demo,B-WAN-1,UP,1000.0,59.5011,59.95,0.0,21.77,0.178,0.075,0,UP,4.0,0.0,6,6,36,-62.5,20.124,6.686,1,0,0,32,0,68.0,0.0,0,0,,,,,,,,,,,,,,,,,,,,,0.0,0,,SYNTHETIC,0
power-outage,0,1131,2026-09-03T09:18:51Z,2026-09-03T09:18:52Z,2026-09-03T09:18:51Z,2026-09-03T09:18:52Z,site_a,SIM,synthetic_demo,A-WAN-1,UP,1000.0,163.9149,163.78,0.0,17.51,1.2361,0.048,0,UP,4.0,0.0,48,48,493,-61.4,25.679,8.268,2,1,0,31,0,228.0,0.0,0,0,MAINS,MAINS,1,2,80.57,92.0,51.1616,51.5204,-4.0,3.9355,3.9355,3.9631,3.9631,0.0,23.8,1093.891,,88.82,,CHARGE,0.0,0,,SYNTHETIC,0
power-outage,0,1131,2026-09-03T09:18:51Z,2026-09-03T09:18:52Z,2026-09-03T09:18:51Z,2026-09-03T09:18:52Z,site_b,SIM,synthetic_demo,B-WAN-1,UP,1000.0,65.6989,65.75,0.0,23.57,2.5011,0.092,0,UP,4.0,0.0,6,6,68,-62.6,26.529,8.192,1,0,0,32,0,38.0,0.0,0,0,,,,,,,,,,,,,,,,,,,,,0.0,0,,SYNTHETIC,0
power-outage,0,1132,2026-09-03T09:18:52Z,2026-09-03T09:18:53Z,2026-09-03T09:18:52Z,2026-09-03T09:18:53Z,site_a,SIM,synthetic_demo,A-WAN-1,UP,1000.0,156.6975,156.5,0.0,18.36,1.8459,0.099,0,UP,4.0,0.0,48,48,211,-62.4,18.724,5.426,0,1,0,31,0,109.0,0.0,0,0,MAINS,MAINS,1,2,80.57,92.0,51.1619,51.5207,-4.0,3.93553,3.93553,3.96313,3.96313,0.0,23.9,1087.501,,89.345,,CHARGE,0.0,0,,SYNTHETIC,0
power-outage,0,1132,2026-09-03T09:18:52Z,2026-09-03T09:18:53Z,2026-09-03T09:18:52Z,2026-09-03T09:18:53Z,site_b,SIM,synthetic_demo,B-WAN-1,UP,1000.0,64.1795,64.17,0.0,21.48,0.3142,0.136,0,UP,4.0,0.0,6,6,38,-62.0,21.734,6.108,0,0,0,32,0,63.0,0.0,0,0,,,,,,,,,,,,,,,,,,,,,0.0,0,,SYNTHETIC,0
power-outage,0,1133,2026-09-03T09:18:53Z,2026-09-03T09:18:54Z,2026-09-03T09:18:53Z,2026-09-03T09:18:54Z,site_a,SIM,synthetic_demo,A-WAN-1,UP,1000.0,178.9398,179.12,0.0,,0.5844,0.103,0,UP,4.0,0.0,48,48,214,-62.1,18.355,5.171,1,3,0,31,0,157.0,0.0,0,0,MAINS,MAINS,1,2,80.6,92.0,51.1622,51.521,-4.0,3.93556,3.93556,3.96316,3.96316,0.0,23.8,1070.613,,90.757,,CHARGE,0.0,0,,SYNTHETIC|GAP|MISSING_MCAR,0
power-outage,0,1133,2026-09-03T09:18:53Z,2026-09-03T09:18:54Z,2026-09-03T09:18:53Z,2026-09-03T09:18:54Z,site_b,SIM,synthetic_demo,B-WAN-1,UP,1000.0,65.7167,66.04,0.0,23.06,1.9495,0.113,0,UP,4.0,0.0,6,6,78,-63.0,28.56,10.064,0,0,0,32,0,55.0,0.0,0,0,,,,,,,,,,,,,,,,,,,,,0.0,0,,SYNTHETIC,0
power-outage,0,1134,2026-09-03T09:18:54Z,2026-09-03T09:18:55Z,2026-09-03T09:18:54Z,2026-09-03T09:18:55Z,site_a,SIM,synthetic_demo,A-WAN-1,UP,1000.0,179.9455,179.71,0.0,17.23,0.539,0.068,0,UP,4.0,0.0,48,48,264,-62.8,19.167,6.175,0,1,0,31,0,141.0,0.0,0,0,MAINS,MAINS,1,2,80.62,92.0,51.1626,51.5214,-4.0,3.93558,3.93558,3.96318,3.96318,0.0,24.0,1090.304,,89.121,,CHARGE,0.0,0,,SYNTHETIC,0
power-outage,0,1134,2026-09-03T09:18:54Z,2026-09-03T09:18:55Z,2026-09-03T09:18:54Z,2026-09-03T09:18:55Z,site_b,SIM,synthetic_demo,B-WAN-1,UP,1000.0,66.0212,66.54,0.0,22.1,1.438,0.079,0,UP,4.0,0.0,6,6,72,-62.3,29.852,9.101,0,0,0,32,0,68.0,0.0,0,0,,,,,,,,,,,,,,,,,,,,,0.0,0,,SYNTHETIC,0
power-outage,0,1135,2026-09-03T09:18:55Z,2026-09-03T09:18:56Z,2026-09-03T09:18:55Z,2026-09-03T09:18:56Z,site_a,SIM,synthetic_demo,A-WAN-1,UP,1000.0,186.8149,187.76,0.0,15.89,0.1226,0.133,0,UP,4.0,0.0,48,48,231,-62.4,18.245,5.541,0,2,0,31,0,108.0,0.0,0,0,MAINS,MAINS,1,2,80.64,92.0,51.1629,51.5217,-4.0,3.93561,3.93561,3.96321,3.96321,0.0,23.8,1091.744,,89.006,,CHARGE,0.0,0,,SYNTHETIC,0
power-outage,0,1135,2026-09-03T09:18:55Z,2026-09-03T09:18:56Z,2026-09-03T09:18:55Z,2026-09-03T09:18:56Z,site_b,SIM,synthetic_demo,B-WAN-1,UP,1000.0,64.3347,64.48,0.0,21.93,1.0683,0.1,0,UP,4.0,0.0,6,6,46,-62.4,23.099,7.004,0,0,0,32,0,66.0,0.0,0,0,,,,,,,,,,,,,,,,,,,,,0.0,0,,SYNTHETIC,0
power-outage,0,1136,2026-09-03T09:18:56Z,2026-09-03T09:18:57Z,2026-09-03T09:18:56Z,2026-09-03T09:18:57Z,site_a,SIM,synthetic_demo,A-WAN-1,UP,1000.0,174.3185,175.59,0.0,18.62,2.149,0.066,0,UP,4.0,0.0,48,48,228,-62.5,18.079,5.643,0,2,0,31,0,157.0,0.0,0,0,MAINS,MAINS,1,2,80.71,92.0,51.1632,51.522,-4.0,3.93563,3.93563,3.96323,3.96323,0.0,23.8,1084.478,,89.606,,CHARGE,0.0,0,,SYNTHETIC,0
power-outage,0,1136,2026-09-03T09:18:56Z,2026-09-03T09:18:57Z,2026-09-03T09:18:56Z,2026-09-03T09:18:57Z,site_b,SIM,synthetic_demo,B-WAN-1,UP,1000.0,68.932,68.3,0.0,22.8,1.6648,0.069,0,UP,4.0,0.0,6,6,84,-63.5,30.658,10.482,0,0,0,32,0,38.0,0.0,0,0,,,,,,,,,,,,,,,,,,,,,0.0,0,,SYNTHETIC,0
power-outage,0,1137,2026-09-03T09:18:57Z,2026-09-03T09:18:58Z,2026-09-03T09:18:57Z,2026-09-03T09:18:58Z,site_a,SIM,synthetic_demo,A-WAN-1,UP,1000.0,193.814,193.41,0.0,16.51,0.9698,0.099,0,UP,4.0,0.0,48,48,203,-62.2,17.693,5.37,1,3,0,31,0,163.0,0.0,0,0,MAINS,MAINS,1,2,80.55,92.0,51.1636,51.5224,-4.0,3.93566,3.93566,3.96326,3.96326,0.0,23.9,1085.077,,89.559,,CHARGE,0.0,0,,SYNTHETIC,0
power-outage,0,1137,2026-09-03T09:18:57Z,2026-09-03T09:18:58Z,2026-09-03T09:18:57Z,2026-09-03T09:18:58Z,site_b,SIM,synthetic_demo,B-WAN-1,UP,1000.0,68.6572,68.21,0.0,22.1,0.4795,0.09,0,UP,4.0,0.0,6,6,21,-62.5,18.269,4.598,0,0,0,32,0,106.0,0.0,0,0,,,,,,,,,,,,,,,,,,,,,0.0,0,,SYNTHETIC,0
power-outage,0,1138,2026-09-03T09:18:58Z,2026-09-03T09:18:59Z,2026-09-03T09:18:58Z,2026-09-03T09:18:59Z,site_a,SIM,synthetic_demo,A-WAN-1,UP,1000.0,174.6077,174.01,0.0,18.09,1.9093,0.081,0,UP,4.0,0.0,48,48,259,-62.3,19.953,5.891,1,6,0,31,0,127.0,0.0,0,0,MAINS,MAINS,1,2,80.55,92.0,51.1639,51.5227,-4.0,3.93569,3.93569,3.96329,3.96329,0.0,23.9,1068.677,,90.936,,CHARGE,0.0,0,,SYNTHETIC,0
power-outage,0,1138,2026-09-03T09:18:58Z,2026-09-03T09:18:59Z,2026-09-03T09:18:58Z,2026-09-03T09:18:59Z,site_b,SIM,synthetic_demo,B-WAN-1,UP,1000.0,81.2085,80.23,0.0,20.67,0.3673,0.078,0,UP,4.0,0.0,6,6,36,-63.6,20.391,6.436,0,0,0,32,0,47.0,0.0,0,0,,,,,,,,,,,,,,,,,,,,,0.0,0,,SYNTHETIC,0
power-outage,0,1139,2026-09-03T09:18:59Z,2026-09-03T09:19:00Z,2026-09-03T09:18:59Z,2026-09-03T09:19:00Z,site_a,SIM,synthetic_demo,A-WAN-1,UP,1000.0,217.3961,217.76,0.0,17.07,1.6248,12.403,0,UP,4.0,0.0,48,48,140,-61.6,16.062,4.888,0,2,0,31,0,190.0,0.0,0,0,MAINS,MAINS,1,2,80.63,92.0,51.1642,51.523,-4.0,3.93571,3.93571,3.96331,3.96331,0.0,23.8,1074.401,,90.455,,CHARGE,0.15,0,,SYNTHETIC,0
power-outage,0,1139,2026-09-03T09:18:59Z,2026-09-03T09:19:00Z,2026-09-03T09:18:59Z,2026-09-03T09:19:00Z,site_b,SIM,synthetic_demo,B-WAN-1,UP,1000.0,59.3049,60.36,0.0,24.01,2.6688,0.119,0,UP,4.0,0.0,6,6,45,-60.8,20.713,6.969,0,0,0,32,0,44.0,0.0,0,0,,,,,,,,,,,,,,,,,,,,,0.0,0,,SYNTHETIC,0
power-outage,0,1140,2026-09-03T09:19:00Z,2026-09-03T09:19:01Z,2026-09-03T09:19:00Z,2026-09-03T09:19:01Z,site_a,SIM,synthetic_demo,A-WAN-1,UP,1000.0,187.6035,187.27,0.0,17.03,0.7147,12.353,0,UP,4.0,0.0,48,48,47,-61.2,13.342,3.722,0,3,0,31,0,166.0,0.0,0,0,MAINS,MAINS,1,2,80.6,92.0,51.1646,51.5234,-4.0,3.93574,3.93574,3.96334,3.96334,0.0,23.9,1095.981,,88.677,,CHARGE,0.15,0,,SYNTHETIC,0
power-outage,0,1140,2026-09-03T09:19:00Z,2026-09-03T09:19:01Z,2026-09-03T09:19:00Z,2026-09-03T09:19:01Z,site_b,SIM,synthetic_demo,B-WAN-1,UP,1000.0,72.9678,73.29,0.0,22.97,1.1802,0.121,0,UP,4.0,0.0,6,6,25,-60.9,17.794,4.72,0,0,0,32,0,68.0,0.0,0,0,,,,,,,,,,,,,,,,,,,,,0.0,0,,SYNTHETIC,0
power-outage,0,1141,2026-09-03T09:19:01Z,2026-09-03T09:19:02Z,2026-09-03T09:19:01Z,2026-09-03T09:19:02Z,site_a,SIM,synthetic_demo,A-WAN-1,UP,1000.0,181.1433,181.78,0.0,17.41,1.4359,12.329,0,UP,4.0,0.0,48,48,277,-62.1,20.366,6.085,0,3,0,31,0,161.0,0.0,0,0,MAINS,MAINS,1,2,80.59,92.0,51.1649,51.5237,-4.0,3.93576,3.93576,3.96336,3.96336,0.0,23.9,1089.429,,89.213,,CHARGE,0.15,0,,SYNTHETIC,0
power-outage,0,1141,2026-09-03T09:19:01Z,2026-09-03T09:19:02Z,2026-09-03T09:19:01Z,2026-09-03T09:19:02Z,site_b,SIM,synthetic_demo,B-WAN-1,UP,1000.0,84.8979,84.7,0.0,21.58,0.5532,0.105,0,UP,4.0,0.0,6,6,67,-62.4,26.534,8.658,1,1,0,32,0,57.0,0.0,0,0,,,,,,,,,,,,,,,,,,,,,0.0,0,,SYNTHETIC,0
power-outage,0,1142,2026-09-03T09:19:02Z,2026-09-03T09:19:03Z,2026-09-03T09:19:02Z,2026-09-03T09:19:03Z,site_a,SIM,synthetic_demo,A-WAN-1,UP,1000.0,187.1502,188.08,0.0,16.18,0.2644,12.32,0,UP,4.0,0.0,48,48,356,-61.1,21.737,6.829,1,2,0,31,0,162.0,0.0,0,0,MAINS,MAINS,1,2,80.72,92.0,51.1652,51.524,-4.0,3.93579,3.93579,3.96339,3.96339,0.0,23.9,1096.368,,88.651,,CHARGE,0.15,0,,SYNTHETIC,0
power-outage,0,1142,2026-09-03T09:19:02Z,2026-09-03T09:19:03Z,2026-09-03T09:19:02Z,2026-09-03T09:19:03Z,site_b,SIM,synthetic_demo,B-WAN-1,UP,1000.0,61.1301,60.99,0.0,23.88,2.4193,0.136,0,UP,4.0,0.0,6,6,38,-63.4,20.508,6.711,0,0,0,32,0,72.0,0.0,0,0,,,,,,,,,,,,,,,,,,,,,0.0,0,,SYNTHETIC,0
power-outage,0,1143,2026-09-03T09:19:03Z,2026-09-03T09:19:04Z,2026-09-03T09:19:03Z,2026-09-03T09:19:04Z,site_a,SIM,synthetic_demo,A-WAN-1,UP,1000.0,269.8093,269.6,0.0,15.81,0.3574,0.065,0,UP,4.0,0.0,48,48,331,-62.4,21.315,6.393,3,2,0,31,0,248.0,0.0,0,0,MAINS,MAINS,1,2,80.68,92.0,51.1656,51.5244,-4.0,3.93581,3.93581,3.96341,3.96341,0.0,23.9,1102.665,,88.148,,CHARGE,0.0,0,,SYNTHETIC,0
power-outage,0,1143,2026-09-03T09:19:03Z,2026-09-03T09:19:04Z,2026-09-03T09:19:03Z,2026-09-03T09:19:04Z,site_b,SIM,synthetic_demo,B-WAN-1,UP,1000.0,91.9384,92.62,0.0,21.01,0.2617,0.108,0,UP,4.0,0.0,6,6,50,-61.2,24.325,7.09,0,0,0,32,0,47.0,0.0,0,0,,,,,,,,,,,,,,,,,,,,,0.0,0,,SYNTHETIC,0
power-outage,0,1144,2026-09-03T09:19:04Z,2026-09-03T09:19:05Z,2026-09-03T09:19:04Z,2026-09-03T09:19:05Z,site_a,SIM,synthetic_demo,A-WAN-1,UP,1000.0,183.9484,183.69,0.0,18.09,2.4726,0.046,0,UP,4.0,0.0,48,48,192,-62.0,17.653,5.327,1,3,0,31,0,139.0,0.0,0,0,MAINS,MAINS,1,2,80.61,92.0,51.1659,51.5247,-4.0,3.93584,3.93584,3.96344,3.96344,0.0,23.8,1104.321,,88.018,,CHARGE,0.0,0,,SYNTHETIC,0
power-outage,0,1144,2026-09-03T09:19:04Z,2026-09-03T09:19:05Z,2026-09-03T09:19:04Z,2026-09-03T09:19:05Z,site_b,SIM,synthetic_demo,B-WAN-1,UP,1000.0,60.0828,59.95,0.0,21.76,1.4509,0.09,0,UP,4.0,0.0,6,6,42,-61.3,21.037,6.456,0,0,0,32,0,62.0,0.0,0,0,,,,,,,,,,,,,,,,,,,,,0.0,0,,SYNTHETIC,0
power-outage,0,1145,2026-09-03T09:19:05Z,2026-09-03T09:19:06Z,2026-09-03T09:19:05Z,2026-09-03T09:19:06Z,site_a,SIM,synthetic_demo,A-WAN-1,UP,1000.0,211.2054,210.57,0.0,17.27,0.7783,0.085,0,UP,4.0,0.0,48,48,233,-62.4,18.357,5.871,2,2,0,31,0,254.0,0.0,0,0,MAINS,MAINS,1,2,80.69,92.0,51.1663,51.5251,-4.0,3.93587,3.93587,3.96347,3.96347,0.0,24.0,1099.268,,88.426,,CHARGE,0.0,0,,SYNTHETIC,0
power-outage,0,1145,2026-09-03T09:19:05Z,2026-09-03T09:19:06Z,2026-09-03T09:19:05Z,2026-09-03T09:19:06Z,site_b,SIM,synthetic_demo,B-WAN-1,UP,1000.0,58.5278,58.97,0.0,21.76,0.9353,0.129,0,UP,4.0,0.0,6,6,108,-63.7,36.783,12.286,0,1,0,32,0,69.0,0.0,0,0,,,,,,,,,,,,,,,,,,,,,0.0,0,,SYNTHETIC,0
power-outage,0,1146,2026-09-03T09:19:06Z,2026-09-03T09:19:07Z,2026-09-03T09:19:06Z,2026-09-03T09:19:07Z,site_a,SIM,synthetic_demo,A-WAN-1,UP,1000.0,245.8862,246.41,0.0,17.55,1.7083,0.088,0,UP,4.0,0.0,48,48,289,-62.9,20.201,6.152,2,4,0,31,0,206.0,0.0,0,0,MAINS,MAINS,1,2,80.69,92.0,51.1666,51.5254,-4.0,3.93589,3.93589,3.96349,3.96349,0.0,23.9,1100.44,,88.334,,CHARGE,0.0,0,,SYNTHETIC,0
power-outage,0,1146,2026-09-03T09:19:06Z,2026-09-03T09:19:07Z,2026-09-03T09:19:06Z,2026-09-03T09:19:07Z,site_b,SIM,synthetic_demo,B-WAN-1,UP,1000.0,66.2352,67.02,0.0,23.56,2.6902,0.111,0,UP,4.0,0.0,6,6,24,-62.5,16.64,4.85,0,1,0,32,0,51.0,0.0,0,0,,,,,,,,,,,,,,,,,,,,,0.0,0,,SYNTHETIC,0
power-outage,0,1147,2026-09-03T09:19:07Z,2026-09-03T09:19:08Z,2026-09-03T09:19:07Z,2026-09-03T09:19:08Z,site_a,SIM,synthetic_demo,A-WAN-1,UP,1000.0,206.2698,206.15,0.0,17.49,0.931,0.113,0,UP,4.0,0.0,48,48,202,-61.2,17.476,5.144,2,3,0,31,0,190.0,0.0,0,0,MAINS,MAINS,1,2,80.65,92.0,51.1669,51.5257,-4.0,3.93592,3.93592,3.96352,3.96352,0.0,24.0,1083.52,,89.717,,CHARGE,0.0,0,,SYNTHETIC,0
power-outage,0,1147,2026-09-03T09:19:07Z,2026-09-03T09:19:08Z,2026-09-03T09:19:07Z,2026-09-03T09:19:08Z,site_b,SIM,synthetic_demo,B-WAN-1,UP,1000.0,67.4572,67.63,0.0,22.51,1.2772,0.111,0,UP,4.0,0.0,6,6,35,-60.9,20.543,6.175,0,0,0,32,0,61.0,0.0,0,0,,,,,,,,,,,,,,,,,,,,,0.0,0,,SYNTHETIC,0
power-outage,0,1148,2026-09-03T09:19:08Z,2026-09-03T09:19:09Z,2026-09-03T09:19:08Z,2026-09-03T09:19:09Z,site_a,SIM,synthetic_demo,A-WAN-1,UP,1000.0,182.978,182.8,0.0,19.83,2.9196,0.077,0,UP,4.0,0.0,48,48,143,-62.8,15.863,4.865,2,2,0,31,0,193.0,0.0,0,0,MAINS,MAINS,1,2,80.6,92.0,51.1673,51.5261,-4.0,3.93594,3.93594,3.96354,3.96354,0.0,23.8,1084.839,,89.61,,CHARGE,0.0,0,,SYNTHETIC,0
power-outage,0,1148,2026-09-03T09:19:08Z,2026-09-03T09:19:09Z,2026-09-03T09:19:08Z,2026-09-03T09:19:09Z,site_a,SIM,synthetic_demo,A-WAN-1,UP,1000.0,182.978,182.8,0.0,19.83,2.9196,0.077,0,UP,4.0,0.0,48,48,143,-62.8,15.863,4.865,2,2,0,31,0,193.0,0.0,0,0,MAINS,MAINS,1,2,80.6,92.0,51.1673,51.5261,-4.0,3.93594,3.93594,3.96354,3.96354,0.0,23.8,1084.839,,89.61,,CHARGE,0.0,0,,SYNTHETIC|DUPLICATE,0
power-outage,0,1148,2026-09-03T09:19:08Z,2026-09-03T09:19:09Z,2026-09-03T09:19:08Z,2026-09-03T09:19:09Z,site_b,SIM,synthetic_demo,B-WAN-1,UP,1000.0,65.9705,66.06,0.0,24.6,3.4333,0.106,0,UP,4.0,0.0,6,6,38,-64.0,20.316,6.742,0,0,0,32,0,52.0,0.0,0,0,,,,,,,,,,,,,,,,,,,,,0.0,0,,SYNTHETIC,0
power-outage,0,1149,2026-09-03T09:19:09Z,2026-09-03T09:19:10Z,2026-09-03T09:19:09Z,2026-09-03T09:19:10Z,site_a,SIM,synthetic_demo,A-WAN-1,UP,1000.0,188.7537,189.07,0.0,18.89,2.301,0.104,0,UP,4.0,0.0,48,48,173,-61.4,17.009,4.959,2,4,0,31,0,164.0,0.0,0,0,MAINS,MAINS,1,2,80.57,92.0,51.1676,51.5264,-4.0,3.93597,3.93597,3.96357,3.96357,0.0,23.8,1085.181,,89.585,,CHARGE,0.0,0,,SYNTHETIC,0
power-outage,0,1149,2026-09-03T09:19:09Z,2026-09-03T09:19:10Z,2026-09-03T09:19:09Z,2026-09-03T09:19:10Z,site_b,SIM,synthetic_demo,B-WAN-1,UP,1000.0,89.0043,88.36,0.0,22.27,1.5771,0.073,0,UP,4.0,0.0,6,6,35,-62.2,20.198,5.99,0,1,0,32,0,92.0,0.0,0,0,,,,,,,,,,,,,,,,,,,,,0.0,0,,SYNTHETIC,0
power-outage,0,1150,2026-09-03T09:19:10Z,2026-09-03T09:19:11Z,2026-09-03T09:19:10Z,2026-09-03T09:19:11Z,site_a,SIM,synthetic_demo,A-WAN-1,UP,1000.0,203.8543,204.51,0.0,18.65,2.2974,0.08,0,UP,4.0,0.0,48,48,132,-61.4,16.005,4.822,0,3,0,31,0,156.0,0.0,0,0,MAINS,MAINS,1,2,80.69,92.0,51.1679,51.5267,-4.0,3.936,3.936,3.9636,3.9636,0.0,23.7,1091.403,,89.077,,CHARGE,0.0,0,,SYNTHETIC,0
power-outage,0,1150,2026-09-03T09:19:10Z,2026-09-03T09:19:11Z,2026-09-03T09:19:10Z,2026-09-03T09:19:11Z,site_b,SIM,synthetic_demo,B-WAN-1,UP,1000.0,73.8014,72.87,0.0,21.3,0.2663,0.098,0,UP,4.0,0.0,6,6,36,-60.7,21.022,6.213,0,0,0,32,0,67.0,0.0,0,0,,,,,,,,,,,,,,,,,,,,,0.0,0,,SYNTHETIC,0
power-outage,0,1151,2026-09-03T09:19:11Z,2026-09-03T09:19:12Z,2026-09-03T09:19:11Z,2026-09-03T09:19:12Z,site_a,SIM,synthetic_demo,A-WAN-1,UP,1000.0,236.2929,237.58,0.0,17.64,1.5221,0.12,0,UP,4.0,0.0,48,48,195,-62.3,17.901,5.268,1,1,0,31,0,146.0,0.0,0,0,MAINS,MAINS,1,2,80.73,92.0,51.1683,51.5271,-4.0,3.93602,3.93602,3.96362,3.96362,0.0,23.9,1080.306,,89.995,,CHARGE,0.0,0,,SYNTHETIC,0
power-outage,0,1151,2026-09-03T09:19:11Z,2026-09-03T09:19:12Z,2026-09-03T09:19:11Z,2026-09-03T09:19:12Z,site_b,SIM,synthetic_demo,B-WAN-1,UP,1000.0,87.4844,87.76,0.0,22.49,0.9692,0.086,0,UP,4.0,0.0,6,6,25,-63.7,14.672,5.367,0,0,0,32,0,53.0,0.0,0,0,,,,,,,,,,,,,,,,,,,,,0.0,0,,SYNTHETIC,0
power-outage,0,1152,2026-09-03T09:19:12Z,2026-09-03T09:19:13Z,2026-09-03T09:19:12Z,2026-09-03T09:19:13Z,site_a,SIM,synthetic_demo,A-WAN-1,UP,1000.0,242.3317,243.01,0.0,18.39,2.4708,0.1,0,UP,4.0,0.0,48,48,344,-62.9,22.642,6.64,3,3,0,31,0,126.0,0.0,0,0,MAINS,MAINS,1,2,80.59,92.0,51.1686,51.5274,-4.0,3.93605,3.93605,3.96365,3.96365,0.0,23.9,1090.4,,89.165,,CHARGE,0.0,0,,SYNTHETIC,0
power-outage,0,1152,2026-09-03T09:19:12Z,2026-09-03T09:19:13Z,2026-09-03T09:19:12Z,2026-09-03T09:19:13Z,site_b,SIM,synthetic_demo,B-WAN-1,UP,1000.0,135.1952,135.42,0.0,22.74,1.6458,0.104,0,UP,4.0,0.0,6,6,62,-61.2,28.064,8.064,0,1,0,32,0,81.0,0.0,0,0,,,,,,,,,,,,,,,,,,,,,0.0,0,,SYNTHETIC,0
power-outage,0,1153,2026-09-03T09:19:13Z,2026-09-03T09:19:14Z,2026-09-03T09:19:13Z,2026-09-03T09:19:14Z,site_a,SIM,synthetic_demo,A-WAN-1,UP,1000.0,210.3916,210.06,0.0,16.95,1.0179,0.069,0,UP,4.0,0.0,48,48,188,-61.3,17.609,5.066,0,3,0,31,0,259.0,0.0,0,0,MAINS,MAINS,1,2,80.64,92.0,51.1689,51.5277,-4.0,3.93607,3.93607,3.96367,3.96367,0.0,23.9,1089.267,,89.261,,CHARGE,0.0,0,,SYNTHETIC,0
power-outage,0,1153,2026-09-03T09:19:13Z,2026-09-03T09:19:14Z,2026-09-03T09:19:13Z,2026-09-03T09:19:14Z,site_b,SIM,synthetic_demo,B-WAN-1,UP,1000.0,64.8594,64.45,0.0,21.37,0.4256,0.08,0,UP,4.0,0.0,6,6,28,-62.8,18.446,4.854,0,0,0,32,0,43.0,0.0,0,0,,,,,,,,,,,,,,,,,,,,,0.0,0,,SYNTHETIC,0
power-outage,0,1154,2026-09-03T09:19:14Z,2026-09-03T09:19:15Z,2026-09-03T09:19:14Z,2026-09-03T09:19:15Z,site_a,SIM,synthetic_demo,A-WAN-1,UP,1000.0,207.5528,208.21,0.0,16.21,0.4964,0.091,0,UP,4.0,0.0,48,48,149,-63.1,16.115,4.985,3,0,0,31,0,222.0,0.0,0,0,MAINS,MAINS,1,2,80.6,92.0,51.1693,51.5281,-4.0,3.9361,3.9361,3.9637,3.9637,0.0,23.9,1079.742,,90.051,,CHARGE,0.0,0,,SYNTHETIC,0
power-outage,0,1154,2026-09-03T09:19:14Z,2026-09-03T09:19:15Z,2026-09-03T09:19:14Z,2026-09-03T09:19:15Z,site_b,SIM,synthetic_demo,B-WAN-1,UP,1000.0,70.8171,71.48,0.0,22.6,1.5056,0.083,0,UP,4.0,0.0,6,6,101,-62.2,34.577,11.188,0,1,0,32,0,62.0,0.0,0,0,,,,,,,,,,,,,,,,,,,,,0.0,0,,SYNTHETIC,0
power-outage,0,1155,2026-09-03T09:19:15Z,2026-09-03T09:19:16Z,2026-09-03T09:19:15Z,2026-09-03T09:19:16Z,site_a,SIM,synthetic_demo,A-WAN-1,UP,1000.0,244.6551,244.36,0.0,16.59,0.5602,0.091,0,UP,4.0,0.0,48,48,121,-62.8,15.387,4.953,0,3,0,31,0,199.0,0.0,0,0,MAINS,MAINS,1,2,80.61,92.0,51.1696,51.5284,-4.0,3.93612,3.93612,3.96372,3.96372,0.0,23.9,1108.945,,87.682,,CHARGE,0.0,0,,SYNTHETIC,0
power-outage,0,1155,2026-09-03T09:19:15Z,2026-09-03T09:19:16Z,2026-09-03T09:19:15Z,2026-09-03T09:19:16Z,site_b,SIM,synthetic_demo,B-WAN-1,UP,1000.0,59.6905,60.76,0.0,21.73,0.4592,0.083,0,UP,4.0,0.0,6,6,52,-60.9,24.134,6.981,1,0,0,32,0,70.0,0.0,0,0,,,,,,,,,,,,,,,,,,,,,0.0,0,,SYNTHETIC,0
power-outage,0,1156,2026-09-03T09:19:16Z,2026-09-03T09:19:17Z,2026-09-03T09:19:16Z,2026-09-03T09:19:17Z,site_a,SIM,synthetic_demo,A-WAN-1,UP,1000.0,232.6776,232.39,0.0,17.96,1.3672,0.07,0,UP,4.0,0.0,48,48,149,-61.4,16.94,4.995,0,1,0,31,0,154.0,0.0,0,0,MAINS,MAINS,1,2,80.61,92.0,51.17,51.5288,-4.0,3.93615,3.93615,3.96375,3.96375,0.0,23.9,1079.188,,90.103,,CHARGE,0.0,0,,SYNTHETIC,0
power-outage,0,1156,2026-09-03T09:19:16Z,2026-09-03T09:19:17Z,2026-09-03T09:19:16Z,2026-09-03T09:19:17Z,site_b,SIM,synthetic_demo,B-WAN-1,UP,1000.0,60.8079,61.3,0.0,24.34,3.1697,0.128,0,UP,4.0,0.0,6,6,21,-63.2,18.025,4.27,0,0,0,32,0,66.0,0.0,0,0,,,,,,,,,,,,,,,,,,,,,0.0,0,,SYNTHETIC,0
power-outage,0,1157,2026-09-03T09:19:17Z,2026-09-03T09:19:18Z,2026-09-03T09:19:17Z,2026-09-03T09:19:18Z,site_a,SIM,synthetic_demo,A-WAN-1,UP,1000.0,197.2168,197.29,0.0,17.01,1.363,0.083,0,UP,4.0,0.0,48,48,362,-61.3,22.403,6.945,1,1,0,31,0,168.0,0.0,0,0,MAINS,MAINS,1,2,80.6,92.0,51.1703,51.5291,-4.0,3.93618,3.93618,3.96378,3.96378,0.0,23.8,1098.362,,88.533,,CHARGE,0.0,0,,SYNTHETIC,0
power-outage,0,1157,2026-09-03T09:19:17Z,2026-09-03T09:19:18Z,2026-09-03T09:19:17Z,2026-09-03T09:19:18Z,site_b,SIM,synthetic_demo,B-WAN-1,UP,1000.0,54.4376,54.51,0.0,21.96,1.3126,0.089,0,UP,4.0,0.0,6,6,51,-63.1,24.958,6.983,0,0,0,32,0,42.0,0.0,0,0,,,,,,,,,,,,,,,,,,,,,0.0,0,,SYNTHETIC,0
power-outage,0,1158,2026-09-03T09:19:18Z,2026-09-03T09:19:19Z,2026-09-03T09:19:18Z,2026-09-03T09:19:19Z,site_a,SIM,synthetic_demo,A-WAN-1,UP,1000.0,193.7395,193.3,0.0,18.97,3.1623,0.073,0,UP,4.0,0.0,48,48,142,-62.8,16.688,4.966,0,4,0,31,0,109.0,0.0,0,0,MAINS,MAINS,1,2,80.61,92.0,51.1706,51.5294,-4.0,3.9362,3.9362,3.9638,3.9638,0.0,23.8,1076.005,,90.375,,CHARGE,0.0,0,,SYNTHETIC,0
power-outage,0,1158,2026-09-03T09:19:18Z,2026-09-03T09:19:19Z,2026-09-03T09:19:18Z,2026-09-03T09:19:19Z,site_b,SIM,synthetic_demo,B-WAN-1,UP,1000.0,64.5055,65.24,0.0,21.55,0.054,0.117,0,UP,4.0,0.0,6,6,55,-58.0,27.099,7.664,0,0,0,32,0,30.0,0.0,0,0,,,,,,,,,,,,,,,,,,,,,0.0,0,,SYNTHETIC,0
power-outage,0,1159,2026-09-03T09:19:19Z,2026-09-03T09:19:20Z,2026-09-03T09:19:19Z,2026-09-03T09:19:20Z,site_a,SIM,synthetic_demo,A-WAN-1,UP,1000.0,183.0843,183.16,0.0,17.07,1.5921,0.06,0,UP,4.0,0.0,48,48,260,-61.7,19.141,5.595,0,4,0,31,0,122.0,0.0,0,0,MAINS,MAINS,1,2,80.66,92.0,51.171,51.5298,-4.0,3.93623,3.93623,3.96383,3.96383,0.0,23.8,1082.646,,89.824,,CHARGE,0.0,0,,SYNTHETIC,0
power-outage,0,1159,2026-09-03T09:19:19Z,2026-09-03T09:19:20Z,2026-09-03T09:19:19Z,2026-09-03T09:19:20Z,site_b,SIM,synthetic_demo,B-WAN-1,UP,1000.0,69.9616,69.44,0.0,21.34,0.3111,0.091,0,UP,4.0,0.0,6,6,27,-62.4,16.034,5.43,0,1,0,32,0,72.0,0.0,0,0,,,,,,,,,,,,,,,,,,,,,0.0,0,,SYNTHETIC,0
power-outage,0,1160,2026-09-03T09:19:20Z,2026-09-03T09:19:21Z,2026-09-03T09:19:20Z,2026-09-03T09:19:21Z,site_a,SIM,synthetic_demo,A-WAN-1,UP,1000.0,196.2234,197.41,0.0,20.78,4.3272,0.09,0,UP,4.0,0.0,48,48,226,-63.2,17.994,5.275,2,1,0,31,0,135.0,0.0,0,0,MAINS,MAINS,1,2,80.67,92.0,51.1713,51.5301,-4.0,3.93625,3.93625,3.96385,3.96385,0.0,24.0,1073.781,,90.568,,CHARGE,0.0,0,,SYNTHETIC,0
power-outage,0,1160,2026-09-03T09:19:20Z,2026-09-03T09:19:21Z,2026-09-03T09:19:20Z,2026-09-03T09:19:21Z,site_b,SIM,synthetic_demo,B-WAN-1,UP,1000.0,92.9428,92.79,0.0,21.51,0.0789,0.127,0,UP,4.0,0.0,6,6,51,-64.4,23.43,7.606,0,0,0,32,0,72.0,0.0,0,0,,,,,,,,,,,,,,,,,,,,,0.0,0,,SYNTHETIC,0
power-outage,0,1161,2026-09-03T09:19:21Z,2026-09-03T09:19:22Z,2026-09-03T09:19:21Z,2026-09-03T09:19:22Z,site_a,SIM,synthetic_demo,A-WAN-1,UP,1000.0,193.5153,193.19,0.0,16.32,0.1529,0.093,0,UP,4.0,0.0,48,48,176,-62.1,17.855,5.171,0,3,0,31,0,169.0,0.0,0,0,MAINS,MAINS,1,2,80.59,92.0,51.1716,51.5304,-4.0,3.93628,3.93628,3.96388,3.96388,0.0,24.0,1070.85,,90.819,,CHARGE,0.0,0,,SYNTHETIC,0
power-outage,0,1161,2026-09-03T09:19:21Z,2026-09-03T09:19:22Z,2026-09-03T09:19:21Z,2026-09-03T09:19:22Z,site_b,SIM,synthetic_demo,B-WAN-1,UP,1000.0,65.808,66.11,0.0,22.28,1.0869,0.101,0,UP,4.0,0.0,6,6,48,-60.8,23.518,6.952,0,0,0,32,0,67.0,0.0,0,0,,,,,,,,,,,,,,,,,,,,,0.0,0,,SYNTHETIC,0
power-outage,0,1162,2026-09-03T09:19:22Z,2026-09-03T09:19:23Z,2026-09-03T09:19:22Z,2026-09-03T09:19:23Z,site_a,SIM,synthetic_demo,A-WAN-1,UP,1000.0,220.0295,219.47,0.0,17.3,1.6572,0.068,0,UP,4.0,0.0,48,48,346,-61.9,21.856,6.621,1,0,0,31,0,132.0,0.0,0,0,MAINS,MAINS,1,2,80.68,92.0,51.172,51.5308,-4.0,3.93631,3.93631,3.96391,3.96391,0.0,23.9,1104.987,,88.016,,CHARGE,0.0,0,,SYNTHETIC,0
power-outage,0,1162,2026-09-03T09:19:22Z,2026-09-03T09:19:23Z,2026-09-03T09:19:22Z,2026-09-03T09:19:23Z,site_b,SIM,synthetic_demo,B-WAN-1,UP,1000.0,94.9837,95.13,0.0,22.18,1.4646,0.109,0,UP,4.0,0.0,6,6,55,-62.0,22.876,8.004,0,0,0,32,0,61.0,0.0,0,0,,,,,,,,,,,,,,,,,,,,,0.0,0,,SYNTHETIC,0
power-outage,0,1163,2026-09-03T09:19:23Z,2026-09-03T09:19:24Z,2026-09-03T09:19:23Z,2026-09-03T09:19:24Z,site_a,SIM,synthetic_demo,A-WAN-1,UP,1000.0,317.0923,316.94,0.0,19.17,3.1774,0.062,0,UP,4.0,0.0,48,48,164,-63.1,16.486,4.978,1,2,0,31,0,104.0,0.0,0,0,MAINS,MAINS,1,2,80.66,92.0,51.1723,51.5311,-4.0,3.93633,3.93633,3.96393,3.96393,0.0,24.0,1077.927,,90.229,,CHARGE,0.0,0,,SYNTHETIC,0
power-outage,0,1163,2026-09-03T09:19:23Z,2026-09-03T09:19:24Z,2026-09-03T09:19:23Z,2026-09-03T09:19:24Z,site_b,SIM,synthetic_demo,B-WAN-1,UP,1000.0,73.3644,73.06,0.0,22.87,2.0272,0.06,0,UP,4.0,0.0,6,6,52,-64.0,20.839,8.08,0,0,0,32,0,66.0,0.0,0,0,,,,,,,,,,,,,,,,,,,,,0.0,0,,SYNTHETIC,0
power-outage,0,1164,2026-09-03T09:19:24Z,2026-09-03T09:19:25Z,2026-09-03T09:19:24Z,2026-09-03T09:19:25Z,site_a,SIM,synthetic_demo,A-WAN-1,UP,1000.0,220.6325,221.13,0.0,17.27,1.0545,0.094,0,UP,4.0,0.0,48,48,136,-62.4,15.596,4.815,1,6,0,31,0,139.0,0.0,0,0,MAINS,MAINS,1,2,80.61,92.0,51.1726,51.5314,-4.0,3.93636,3.93636,3.96396,3.96396,0.0,23.8,1087.778,,89.414,,CHARGE,0.0,0,,SYNTHETIC,0
power-outage,0,1164,2026-09-03T09:19:24Z,2026-09-03T09:19:25Z,2026-09-03T09:19:24Z,2026-09-03T09:19:25Z,site_b,SIM,synthetic_demo,B-WAN-1,UP,1000.0,95.1922,95.54,0.0,21.8,1.2337,0.128,0,UP,4.0,0.0,6,6,41,-62.7,23.363,6.974,0,0,0,32,0,73.0,0.0,0,0,,,,,,,,,,,,,,,,,,,,,0.0,0,,SYNTHETIC,0
power-outage,0,1165,2026-09-03T09:19:25Z,2026-09-03T09:19:26Z,2026-09-03T09:19:25Z,2026-09-03T09:19:26Z,site_a,SIM,synthetic_demo,A-WAN-1,UP,1000.0,200.1062,199.65,0.0,16.41,0.5688,0.108,0,UP,4.0,0.0,48,48,240,-61.2,19.142,5.62,1,2,0,31,0,162.0,0.0,0,0,MAINS,MAINS,1,2,80.67,92.0,51.173,51.5318,-4.0,3.93638,3.93638,3.96398,3.96398,0.0,23.9,1083.222,,89.793,,CHARGE,0.0,0,,SYNTHETIC,0
power-outage,0,1165,2026-09-03T09:19:25Z,2026-09-03T09:19:26Z,2026-09-03T09:19:25Z,2026-09-03T09:19:26Z,site_b,SIM,synthetic_demo,B-WAN-1,UP,1000.0,69.9171,71.1,0.0,22.14,0.372,0.12,0,UP,4.0,0.0,6,6,23,-61.1,16.508,4.278,0,0,0,32,0,84.0,0.0,0,0,,,,,,,,,,,,,,,,,,,,,0.0,0,,SYNTHETIC,0
power-outage,0,1166,2026-09-03T09:19:26Z,2026-09-03T09:19:27Z,2026-09-03T09:19:26Z,2026-09-03T09:19:27Z,site_a,SIM,synthetic_demo,A-WAN-1,UP,1000.0,216.34,216.22,0.0,16.34,0.0448,0.092,0,UP,4.0,0.0,48,48,148,-61.7,16.408,4.929,0,1,0,31,0,128.0,0.0,0,0,MAINS,MAINS,1,2,80.7,92.0,51.1733,51.5321,-4.0,3.93641,3.93641,3.96401,3.96401,0.0,23.8,1081.781,,89.916,,CHARGE,0.0,0,,SYNTHETIC,0
power-outage,0,1166,2026-09-03T09:19:26Z,2026-09-03T09:19:27Z,2026-09-03T09:19:26Z,2026-09-03T09:19:27Z,site_b,SIM,synthetic_demo,B-WAN-1,UP,1000.0,77.2939,78.35,0.0,23.02,1.8595,0.063,0,UP,4.0,0.0,6,6,40,-62.4,21.002,6.303,0,0,0,32,0,57.0,0.0,0,0,,,,,,,,,,,,,,,,,,,,,0.0,0,,SYNTHETIC,0
power-outage,0,1167,2026-09-03T09:19:27Z,2026-09-03T09:19:28Z,2026-09-03T09:19:27Z,2026-09-03T09:19:28Z,site_a,SIM,synthetic_demo,A-WAN-1,UP,1000.0,200.0952,199.85,0.0,17.46,1.8815,0.057,0,UP,4.0,0.0,48,48,219,-62.4,18.668,5.689,1,2,0,31,0,102.0,0.0,0,0,MAINS,MAINS,1,2,80.55,92.0,51.1737,51.5325,-4.0,3.93643,3.93643,3.96403,3.96403,0.0,23.9,1082.355,,89.871,,CHARGE,0.0,0,,SYNTHETIC,0
power-outage,0,1167,2026-09-03T09:19:27Z,2026-09-03T09:19:28Z,2026-09-03T09:19:27Z,2026-09-03T09:19:28Z,site_b,SIM,synthetic_demo,B-WAN-1,UP,1000.0,66.6881,66.56,0.0,23.37,1.4992,0.13,0,UP,4.0,0.0,6,6,82,-60.9,29.615,9.164,0,1,0,32,0,50.0,0.0,0,0,,,,,,,,,,,,,,,,,,,,,0.0,0,,SYNTHETIC,0
power-outage,0,1168,2026-09-03T09:19:28Z,2026-09-03T09:19:29Z,2026-09-03T09:19:28Z,2026-09-03T09:19:29Z,site_a,SIM,synthetic_demo,A-WAN-1,UP,1000.0,218.4998,219.1,0.0,18.48,2.4962,0.092,0,UP,4.0,0.0,48,48,208,-61.5,18.008,5.245,1,4,0,31,0,126.0,0.0,0,0,MAINS,MAINS,1,2,80.73,92.0,51.174,51.5328,-4.0,3.93646,3.93646,3.96406,3.96406,0.0,23.8,1080.949,,89.991,,CHARGE,0.0,0,,SYNTHETIC,0
power-outage,0,1168,2026-09-03T09:19:28Z,2026-09-03T09:19:29Z,2026-09-03T09:19:28Z,2026-09-03T09:19:29Z,site_b,SIM,synthetic_demo,B-WAN-1,UP,1000.0,77.2565,76.3,0.0,21.29,0.035,0.11,0,UP,4.0,0.0,6,6,67,-61.6,28.421,8.344,0,1,0,32,0,58.0,0.0,0,0,,,,,,,,,,,,,,,,,,,,,0.0,0,,SYNTHETIC,0
power-outage,0,1169,2026-09-03T09:19:29Z,2026-09-03T09:19:30Z,2026-09-03T09:19:29Z,2026-09-03T09:19:30Z,site_a,SIM,synthetic_demo,A-WAN-1,UP,1000.0,212.0269,211.78,0.0,18.07,1.7085,0.102,0,UP,4.0,0.0,48,48,209,-61.8,18.532,5.285,2,3,0,31,0,121.0,0.0,0,0,MAINS,MAINS,1,2,80.71,92.0,51.1743,51.5331,-4.0,3.93649,3.93649,3.96409,3.96409,0.0,24.0,1083.357,,89.794,,CHARGE,0.0,0,,SYNTHETIC,0
power-outage,0,1169,2026-09-03T09:19:29Z,2026-09-03T09:19:30Z,2026-09-03T09:19:29Z,2026-09-03T09:19:30Z,site_b,SIM,synthetic_demo,B-WAN-1,UP,1000.0,67.0904,65.79,0.0,22.69,0.8186,0.084,0,UP,4.0,0.0,6,6,88,-60.1,31.919,8.971,0,2,0,32,0,47.0,0.0,0,0,,,,,,,,,,,,,,,,,,,,,0.0,0,,SYNTHETIC,0
power-outage,0,1170,2026-09-03T09:19:30Z,2026-09-03T09:19:31Z,2026-09-03T09:19:30Z,2026-09-03T09:19:31Z,site_a,SIM,synthetic_demo,A-WAN-1,UP,1000.0,238.2357,238.72,0.0,18.0,2.5552,0.07,0,UP,4.0,0.0,48,48,357,-62.7,22.566,6.788,1,3,0,31,0,103.0,0.0,0,0,MAINS,MAINS,1,2,80.71,92.0,51.1747,51.5335,-4.0,3.93651,3.93651,3.96411,3.96411,0.0,23.8,1089.971,,89.252,,CHARGE,0.0,0,,SYNTHETIC,0
power-outage,0,1170,2026-09-03T09:19:30Z,2026-09-03T09:19:31Z,2026-09-03T09:19:30Z,2026-09-03T09:19:31Z,site_b,SIM,synthetic_demo,B-WAN-1,UP,1000.0,70.6687,70.83,0.0,22.33,1.4705,0.065,0,UP,4.0,0.0,6,6,41,-61.3,22.507,6.166,1,1,0,32,0,59.0,0.0,0,0,,,,,,,,,,,,,,,,,,,,,0.0,0,,SYNTHETIC,0
power-outage,0,1171,2026-09-03T09:19:31Z,2026-09-03T09:19:32Z,2026-09-03T09:19:31Z,2026-09-03T09:19:32Z,site_a,SIM,synthetic_demo,A-WAN-1,UP,1000.0,305.3432,305.5,0.0,18.6,2.8485,0.093,0,UP,4.0,0.0,48,48,216,-62.6,18.202,5.509,0,2,0,31,0,203.0,0.0,0,0,MAINS,MAINS,1,2,80.73,92.0,51.175,51.5338,-4.0,3.93654,3.93654,3.96414,3.96414,0.0,23.8,1071.867,,90.762,,CHARGE,0.0,0,,SYNTHETIC,0
power-outage,0,1171,2026-09-03T09:19:31Z,2026-09-03T09:19:32Z,2026-09-03T09:19:31Z,2026-09-03T09:19:32Z,site_b,SIM,synthetic_demo,B-WAN-1,UP,1000.0,82.1673,81.96,0.0,21.51,0.8462,0.081,0,UP,4.0,0.0,6,6,52,-61.6,23.956,7.473,0,0,0,32,0,47.0,0.0,0,0,,,,,,,,,,,,,,,,,,,,,0.0,0,,SYNTHETIC,0
power-outage,0,1172,2026-09-03T09:19:32Z,2026-09-03T09:19:33Z,2026-09-03T09:19:32Z,2026-09-03T09:19:33Z,site_a,SIM,synthetic_demo,A-WAN-1,UP,1000.0,230.0937,230.2,0.0,18.28,1.8571,0.069,0,UP,4.0,0.0,48,48,322,-61.3,21.646,6.442,2,2,0,31,0,136.0,0.0,0,0,MAINS,MAINS,1,2,80.68,92.0,51.1753,51.5341,-4.0,3.93656,3.93656,3.96416,3.96416,0.0,23.9,1087.097,,89.493,,CHARGE,0.0,0,,SYNTHETIC,0
power-outage,0,1172,2026-09-03T09:19:32Z,2026-09-03T09:19:33Z,2026-09-03T09:19:32Z,2026-09-03T09:19:33Z,site_b,SIM,synthetic_demo,B-WAN-1,UP,1000.0,67.4204,66.52,0.0,22.67,1.3128,0.107,0,UP,4.0,0.0,6,6,62,-59.9,26.594,7.072,0,0,0,32,0,46.0,0.0,0,0,,,,,,,,,,,,,,,,,,,,,0.0,0,,SYNTHETIC,0
power-outage,0,1173,2026-09-03T09:19:33Z,2026-09-03T09:19:34Z,2026-09-03T09:19:33Z,2026-09-03T09:19:34Z,site_a,SIM,synthetic_demo,A-WAN-1,UP,1000.0,209.7754,210.61,0.0,16.83,0.1559,0.072,0,UP,4.0,0.0,48,48,211,-61.4,17.587,5.107,1,4,0,31,0,124.0,0.0,0,0,MAINS,MAINS,1,2,80.68,92.0,51.1757,51.5345,-4.0,3.93659,3.93659,3.96419,3.96419,0.0,24.0,1084.231,,89.733,,CHARGE,0.0,0,,SYNTHETIC,0
power-outage,0,1173,2026-09-03T09:19:33Z,2026-09-03T09:19:34Z,2026-09-03T09:19:33Z,2026-09-03T09:19:34Z,site_b,SIM,synthetic_demo,B-WAN-1,UP,1000.0,79.8669,80.75,0.0,23.71,1.391,0.125,0,UP,4.0,0.0,6,6,19,-61.1,17.432,4.64,0,0,0,32,0,37.0,0.0,0,0,,,,,,,,,,,,,,,,,,,,,0.0,0,,SYNTHETIC,0
power-outage,0,1174,2026-09-03T09:19:34Z,2026-09-03T09:19:35Z,2026-09-03T09:19:34Z,2026-09-03T09:19:35Z,site_a,SIM,synthetic_demo,A-WAN-1,UP,1000.0,217.4287,217.29,0.0,16.63,1.2444,0.055,0,UP,4.0,0.0,48,48,241,-62.6,19.011,5.709,0,3,0,31,0,204.0,0.0,0,0,MAINS,MAINS,1,2,80.73,92.0,51.176,51.5348,-4.0,3.93662,3.93662,3.96422,3.96422,0.0,23.8,1078.554,,90.208,,CHARGE,0.0,0,,SYNTHETIC,0
power-outage,0,1174,2026-09-03T09:19:34Z,2026-09-03T09:19:35Z,2026-09-03T09:19:34Z,2026-09-03T09:19:35Z,site_b,SIM,synthetic_demo,B-WAN-1,UP,1000.0,65.4829,65.8,0.0,22.45,2.1656,0.086,0,UP,4.0,0.0,6,6,48,-60.7,23.929,6.892,0,0,0,32,0,52.0,0.0,0,0,,,,,,,,,,,,,,,,,,,,,0.0,0,,SYNTHETIC,0
power-outage,0,1175,2026-09-03T09:19:35Z,2026-09-03T09:19:36Z,2026-09-03T09:19:35Z,2026-09-03T09:19:36Z,site_a,SIM,synthetic_demo,A-WAN-1,UP,1000.0,201.0059,199.78,0.0,18.7,2.179,0.084,0,UP,4.0,0.0,48,48,396,-61.7,23.312,7.071,2,4,0,31,0,170.0,0.0,0,0,MAINS,MAINS,1,2,80.65,92.0,51.1763,51.5351,-4.0,3.93664,3.93664,3.96424,3.96424,0.0,23.8,1083.112,,89.831,,CHARGE,0.0,0,,SYNTHETIC,0
power-outage,0,1175,2026-09-03T09:19:35Z,2026-09-03T09:19:36Z,2026-09-03T09:19:35Z,2026-09-03T09:19:36Z,site_b,SIM,synthetic_demo,B-WAN-1,UP,1000.0,64.2745,64.85,0.0,22.64,2.2518,0.118,0,UP,4.0,0.0,6,6,44,-61.1,22.705,6.665,0,1,0,32,0,44.0,0.0,0,0,,,,,,,,,,,,,,,,,,,,,0.0,0,,SYNTHETIC,0
power-outage,0,1176,2026-09-03T09:19:36Z,2026-09-03T09:19:37Z,2026-09-03T09:19:36Z,2026-09-03T09:19:37Z,site_a,SIM,synthetic_demo,A-WAN-1,UP,1000.0,221.247,221.87,0.0,16.95,0.9267,0.103,0,UP,4.0,0.0,48,48,239,-61.0,18.888,5.59,1,3,0,31,0,175.0,0.0,0,0,MAINS,MAINS,1,2,80.78,92.0,51.1767,51.5355,-4.0,3.93667,3.93667,3.96427,3.96427,0.0,23.9,1080.293,,90.069,,CHARGE,0.0,0,,SYNTHETIC,0
power-outage,0,1176,2026-09-03T09:19:36Z,2026-09-03T09:19:37Z,2026-09-03T09:19:36Z,2026-09-03T09:19:37Z,site_b,SIM,synthetic_demo,B-WAN-1,UP,1000.0,54.0707,54.29,0.0,23.58,2.556,0.17,0,UP,4.0,0.0,6,6,45,-63.1,24.237,7.148,0,0,0,32,0,56.0,0.0,0,0,,,,,,,,,,,,,,,,,,,,,0.0,0,,SYNTHETIC,0
power-outage,0,1177,2026-09-03T09:19:37Z,2026-09-03T09:19:38Z,2026-09-03T09:19:37Z,2026-09-03T09:19:38Z,site_a,SIM,synthetic_demo,A-WAN-1,UP,1000.0,360.5357,360.07,0.0,17.26,1.4153,0.086,0,UP,4.0,0.0,48,48,159,-63.2,16.427,5.031,2,1,0,31,0,103.0,0.0,0,0,MAINS,MAINS,1,2,80.6,92.0,51.177,51.5358,-4.0,3.93669,3.93669,3.96429,3.96429,0.0,24.0,1101.689,,88.322,,CHARGE,0.0,0,,SYNTHETIC,0
power-outage,0,1177,2026-09-03T09:19:37Z,2026-09-03T09:19:38Z,2026-09-03T09:19:37Z,2026-09-03T09:19:38Z,site_b,SIM,synthetic_demo,B-WAN-1,UP,1000.0,92.0477,92.35,0.0,22.29,0.4978,0.099,0,UP,4.0,0.0,6,6,23,-61.0,17.281,4.711,0,2,0,32,0,55.0,0.0,0,0,,,,,,,,,,,,,,,,,,,,,0.0,0,,SYNTHETIC,0
power-outage,0,1178,2026-09-03T09:19:38Z,2026-09-03T09:19:39Z,2026-09-03T09:19:38Z,2026-09-03T09:19:39Z,site_a,SIM,synthetic_demo,A-WAN-1,UP,1000.0,188.8744,188.52,0.0,17.44,1.7935,0.094,0,UP,4.0,0.0,48,48,126,-62.9,15.482,4.673,0,2,0,31,0,275.0,0.0,0,0,MAINS,MAINS,1,2,80.71,92.0,51.1773,51.5361,-4.0,3.93672,3.93672,3.96432,3.96432,0.0,23.9,1088.95,,89.358,,CHARGE,0.0,0,,SYNTHETIC,0
power-outage,0,1178,2026-09-03T09:19:38Z,2026-09-03T09:19:39Z,2026-09-03T09:19:38Z,2026-09-03T09:19:39Z,site_b,SIM,synthetic_demo,B-WAN-1,UP,1000.0,50.9997,51.57,0.0,23.6,2.8269,0.119,0,UP,4.0,0.0,6,6,32,-62.4,20.273,5.959,0,0,0,32,0,46.0,0.0,0,0,,,,,,,,,,,,,,,,,,,,,0.0,0,,SYNTHETIC,0
power-outage,0,1179,2026-09-03T09:19:39Z,2026-09-03T09:19:40Z,2026-09-03T09:19:39Z,2026-09-03T09:19:40Z,site_a,SIM,synthetic_demo,A-WAN-1,UP,1000.0,193.3464,193.96,0.0,17.33,1.6743,0.047,0,UP,4.0,0.0,48,48,269,-62.6,19.872,6.095,0,4,0,31,0,156.0,0.0,0,0,MAINS,MAINS,1,2,80.68,92.0,51.1777,51.5365,-4.0,3.93675,3.93675,3.96435,3.96435,0.0,23.8,1092.067,,89.106,,CHARGE,0.0,0,,SYNTHETIC,0
power-outage,0,1179,2026-09-03T09:19:39Z,2026-09-03T09:19:40Z,2026-09-03T09:19:39Z,2026-09-03T09:19:40Z,site_b,SIM,synthetic_demo,B-WAN-1,UP,1000.0,82.9318,82.32,0.0,23.66,2.2031,0.084,0,UP,4.0,0.0,6,6,39,-60.9,21.027,6.573,0,0,0,32,0,77.0,0.0,0,0,,,,,,,,,,,,,,,,,,,,,0.0,0,,SYNTHETIC,0
power-outage,0,1180,2026-09-03T09:19:40Z,2026-09-03T09:19:41Z,2026-09-03T09:19:40Z,2026-09-03T09:19:41Z,site_a,SIM,synthetic_demo,A-WAN-1,UP,1000.0,196.4622,195.54,0.0,16.33,0.274,0.102,0,UP,4.0,0.0,48,48,107,-62.3,14.861,4.344,1,4,0,31,0,134.0,0.0,0,0,MAINS,MAINS,1,2,80.76,92.0,51.178,51.5368,-4.0,3.93677,3.93677,3.96437,3.96437,0.0,23.9,1102.493,,88.266,,CHARGE,0.0,0,,SYNTHETIC,0
power-outage,0,1180,2026-09-03T09:19:40Z,2026-09-03T09:19:41Z,2026-09-03T09:19:40Z,2026-09-03T09:19:41Z,site_b,SIM,synthetic_demo,B-WAN-1,UP,1000.0,60.4227,60.27,0.0,20.67,0.2309,0.095,0,UP,4.0,0.0,6,6,19,-62.7,15.78,4.878,0,0,0,32,0,38.0,0.0,0,0,,,,,,,,,,,,,,,,,,,,,0.0,0,,SYNTHETIC,0
power-outage,0,1181,2026-09-03T09:19:41Z,2026-09-03T09:19:42Z,2026-09-03T09:19:41Z,2026-09-03T09:19:42Z,site_a,SIM,synthetic_demo,A-WAN-1,UP,1000.0,243.8007,243.81,0.0,16.06,0.0823,0.099,0,UP,4.0,0.0,48,48,116,-63.3,15.604,4.477,1,3,0,31,0,140.0,0.0,0,0,MAINS,MAINS,1,2,80.65,92.0,51.1784,51.5372,-4.0,3.9368,3.9368,3.9644,3.9644,0.0,23.7,1086.251,,89.589,,CHARGE,0.0,0,,SYNTHETIC,0
power-outage,0,1181,2026-09-03T09:19:41Z,2026-09-03T09:19:42Z,2026-09-03T09:19:41Z,2026-09-03T09:19:42Z,site_b,SIM,synthetic_demo,B-WAN-1,UP,1000.0,49.3448,48.62,0.0,21.82,0.4199,0.076,0,UP,4.0,0.0,6,6,23,-60.0,17.563,4.44,0,0,0,32,0,42.0,0.0,0,0,,,,,,,,,,,,,,,,,,,,,0.0,0,,SYNTHETIC,0
power-outage,0,1182,2026-09-03T09:19:42Z,2026-09-03T09:19:43Z,2026-09-03T09:19:42Z,2026-09-03T09:19:43Z,site_a,SIM,synthetic_demo,A-WAN-1,UP,1000.0,190.0532,190.52,0.0,17.3,0.9961,0.101,0,UP,4.0,0.0,48,48,129,-62.2,15.015,4.809,0,1,0,31,0,202.0,0.0,0,0,MAINS,MAINS,1,2,80.75,92.0,51.1787,51.5375,-4.0,3.93682,3.93682,3.96442,3.96442,0.0,23.9,1100.29,,88.449,,CHARGE,0.0,0,,SYNTHETIC,0
power-outage,0,1182,2026-09-03T09:19:42Z,2026-09-03T09:19:43Z,2026-09-03T09:19:42Z,2026-09-03T09:19:43Z,site_b,SIM,synthetic_demo,B-WAN-1,UP,1000.0,57.0604,57.17,0.0,20.98,0.4732,0.138,0,UP,4.0,0.0,6,6,87,-62.7,33.323,10.071,0,1,0,32,0,66.0,0.0,0,0,,,,,,,,,,,,,,,,,,,,,0.0,0,,SYNTHETIC,0
power-outage,0,1183,2026-09-03T09:19:43Z,2026-09-03T09:19:44Z,2026-09-03T09:19:43Z,2026-09-03T09:19:44Z,site_a,SIM,synthetic_demo,A-WAN-1,UP,1000.0,216.4606,216.57,0.0,17.75,1.9699,0.048,0,UP,4.0,0.0,48,48,177,-62.0,17.327,4.985,0,4,0,31,0,160.0,0.0,0,0,MAINS,MAINS,1,2,80.72,92.0,51.179,51.5378,-4.0,3.93685,3.93685,3.96445,3.96445,0.0,23.9,1093.993,,88.961,,CHARGE,0.0,0,,SYNTHETIC,0
power-outage,0,1183,2026-09-03T09:19:43Z,2026-09-03T09:19:44Z,2026-09-03T09:19:43Z,2026-09-03T09:19:44Z,site_b,SIM,synthetic_demo,B-WAN-1,UP,1000.0,68.3999,68.35,0.0,20.29,0.0367,0.097,0,UP,4.0,0.0,6,6,49,-63.4,24.472,7.714,0,0,0,32,0,52.0,0.0,0,0,,,,,,,,,,,,,,,,,,,,,0.0,0,,SYNTHETIC,0
power-outage,0,1184,2026-09-03T09:19:44Z,2026-09-03T09:19:45Z,2026-09-03T09:19:44Z,2026-09-03T09:19:45Z,site_a,SIM,synthetic_demo,A-WAN-1,UP,1000.0,172.2729,172.04,0.0,17.84,1.8505,0.086,0,UP,4.0,0.0,48,48,210,-62.6,17.94,5.466,2,2,0,31,0,110.0,0.0,0,0,MAINS,MAINS,1,2,80.73,92.0,51.1794,51.5382,-4.0,3.93687,3.93687,3.96447,3.96447,0.0,23.9,1081.518,,89.99,,CHARGE,0.0,0,,SYNTHETIC,0
power-outage,0,1184,2026-09-03T09:19:44Z,2026-09-03T09:19:45Z,2026-09-03T09:19:44Z,2026-09-03T09:19:45Z,site_b,SIM,synthetic_demo,B-WAN-1,UP,1000.0,58.454,59.1,0.0,21.69,0.9472,0.097,0,UP,4.0,0.0,6,6,38,-64.2,18.7,7.215,0,0,0,32,0,50.0,0.0,0,0,,,,,,,,,,,,,,,,,,,,,0.0,0,,SYNTHETIC,0
power-outage,0,1185,2026-09-03T09:19:45Z,2026-09-03T09:19:46Z,2026-09-03T09:19:45Z,2026-09-03T09:19:46Z,site_a,SIM,synthetic_demo,A-WAN-1,UP,1000.0,193.4301,194.63,0.0,18.18,1.9872,0.076,0,UP,4.0,0.0,48,48,115,-61.9,15.393,4.373,0,2,0,31,0,128.0,0.0,0,0,MAINS,MAINS,1,2,80.83,92.0,51.1797,51.5385,-4.0,3.9369,3.9369,3.9645,3.9645,0.0,23.9,1079.062,,90.197,,CHARGE,0.0,0,,SYNTHETIC,0
power-outage,0,1185,2026-09-03T09:19:45Z,2026-09-03T09:19:46Z,2026-09-03T09:19:45Z,2026-09-03T09:19:46Z,site_b,SIM,synthetic_demo,B-WAN-1,UP,1000.0,56.1127,57.0,0.0,22.78,1.3742,0.1,0,UP,4.0,0.0,6,6,45,-63.5,20.938,6.15,0,1,0,32,0,35.0,0.0,0,0,,,,,,,,,,,,,,,,,,,,,0.0,0,,SYNTHETIC,0
power-outage,0,1186,2026-09-03T09:19:46Z,2026-09-03T09:19:47Z,2026-09-03T09:19:46Z,2026-09-03T09:19:47Z,site_a,SIM,synthetic_demo,A-WAN-1,UP,1000.0,194.8214,194.28,0.0,17.45,1.1184,0.069,0,UP,4.0,0.0,48,48,319,-61.6,21.876,6.579,0,5,0,31,0,232.0,0.0,0,0,MAINS,MAINS,1,2,80.65,92.0,51.18,51.5388,-4.0,3.93693,3.93693,3.96453,3.96453,0.0,23.9,1087.25,,89.521,,CHARGE,0.0,0,,SYNTHETIC,0
power-outage,0,1186,2026-09-03T09:19:46Z,2026-09-03T09:19:47Z,2026-09-03T09:19:46Z,2026-09-03T09:19:47Z,site_b,SIM,synthetic_demo,B-WAN-1,UP,1000.0,60.3456,60.41,0.0,22.91,2.121,0.146,0,UP,4.0,0.0,6,6,29,-60.0,18.171,5.193,0,0,0,32,0,63.0,0.0,0,0,,,,,,,,,,,,,,,,,,,,,0.0,0,,SYNTHETIC,0
power-outage,0,1187,2026-09-03T09:19:47Z,2026-09-03T09:19:48Z,2026-09-03T09:19:47Z,2026-09-03T09:19:48Z,site_a,SIM,synthetic_demo,A-WAN-1,UP,1000.0,179.9428,180.34,0.0,18.07,1.1796,0.086,0,UP,4.0,0.0,48,48,347,-62.6,21.805,6.821,1,2,0,31,0,157.0,0.0,0,0,MAINS,MAINS,1,2,80.7,92.0,51.1804,51.5392,-4.0,3.93695,3.93695,3.96455,3.96455,0.0,23.9,1075.361,,90.514,,CHARGE,0.0,0,,SYNTHETIC,0
power-outage,0,1187,2026-09-03T09:19:47Z,2026-09-03T09:19:48Z,2026-09-03T09:19:47Z,2026-09-03T09:19:48Z,site_b,SIM,synthetic_demo,B-WAN-1,UP,1000.0,66.4227,64.99,0.0,23.51,1.7796,0.128,0,UP,4.0,0.0,6,6,56,-62.6,24.751,7.346,0,0,0,32,0,44.0,0.0,0,0,,,,,,,,,,,,,,,,,,,,,0.0,0,,SYNTHETIC,0
power-outage,0,1188,2026-09-03T09:19:48Z,2026-09-03T09:19:49Z,2026-09-03T09:19:48Z,2026-09-03T09:19:49Z,site_a,SIM,synthetic_demo,A-WAN-1,UP,1000.0,213.9718,214.18,0.0,15.99,0.3464,0.092,0,UP,4.0,0.0,48,48,186,-61.5,17.232,4.909,3,3,0,31,0,115.0,0.0,0,0,MAINS,MAINS,1,2,80.82,92.0,51.1807,51.5395,-4.0,3.93698,3.93698,3.96458,3.96458,0.0,23.9,1078.866,,90.223,,CHARGE,0.0,0,,SYNTHETIC,0
power-outage,0,1188,2026-09-03T09:19:48Z,2026-09-03T09:19:49Z,2026-09-03T09:19:48Z,2026-09-03T09:19:49Z,site_b,SIM,synthetic_demo,B-WAN-1,UP,1000.0,54.8792,55.12,0.0,21.3,0.9226,0.115,0,UP,4.0,0.0,6,6,28,-60.9,18.614,5.083,0,1,0,32,0,74.0,0.0,0,0,,,,,,,,,,,,,,,,,,,,,0.0,0,,SYNTHETIC,0
power-outage,0,1189,2026-09-03T09:19:49Z,2026-09-03T09:19:50Z,2026-09-03T09:19:49Z,2026-09-03T09:19:50Z,site_a,SIM,synthetic_demo,A-WAN-1,UP,1000.0,167.7359,167.67,0.0,18.25,1.6113,0.07,0,UP,4.0,0.0,48,48,351,-62.5,22.52,6.754,1,5,0,31,0,110.0,0.0,0,0,MAINS,MAINS,1,2,80.64,92.0,51.181,51.5398,-4.0,3.937,3.937,3.9646,3.9646,0.0,23.8,1074.054,,90.63,,CHARGE,0.0,0,,SYNTHETIC,0
power-outage,0,1189,2026-09-03T09:19:49Z,2026-09-03T09:19:50Z,2026-09-03T09:19:49Z,2026-09-03T09:19:50Z,site_b,SIM,synthetic_demo,B-WAN-1,UP,1000.0,75.4129,76.1,0.0,21.84,0.9867,0.124,0,UP,4.0,0.0,6,6,42,-61.5,20.589,6.307,0,0,0,32,0,48.0,0.0,0,0,,,,,,,,,,,,,,,,,,,,,0.0,0,,SYNTHETIC,0
power-outage,0,1190,2026-09-03T09:19:50Z,2026-09-03T09:19:51Z,2026-09-03T09:19:50Z,2026-09-03T09:19:51Z,site_a,SIM,synthetic_demo,A-WAN-1,UP,1000.0,195.0454,194.65,0.0,18.65,2.118,0.106,0,UP,4.0,0.0,48,48,146,-60.9,15.921,4.842,1,3,0,31,0,113.0,0.0,0,0,MAINS,MAINS,1,2,80.73,92.0,51.1814,51.5402,-4.0,3.93703,3.93703,3.96463,3.96463,0.0,23.9,1085.519,,89.675,,CHARGE,0.0,0,,SYNTHETIC,0
power-outage,0,1190,2026-09-03T09:19:50Z,2026-09-03T09:19:51Z,2026-09-03T09:19:50Z,2026-09-03T09:19:51Z,site_b,SIM,synthetic_demo,B-WAN-1,UP,1000.0,78.5479,78.33,0.0,21.47,1.4709,0.106,0,UP,4.0,0.0,6,6,96,-59.7,35.792,10.612,0,1,0,32,0,51.0,0.0,0,0,,,,,,,,,,,,,,,,,,,,,0.0,0,,SYNTHETIC,0
power-outage,0,1191,2026-09-03T09:19:51Z,2026-09-03T09:19:52Z,2026-09-03T09:19:51Z,2026-09-03T09:19:52Z,site_a,SIM,synthetic_demo,A-WAN-1,UP,1000.0,165.2754,164.28,0.0,17.79,1.8491,0.039,0,UP,4.0,0.0,48,48,215,-62.6,17.692,5.645,4,3,0,31,0,150.0,0.0,0,0,MAINS,MAINS,1,2,80.75,92.0,51.1817,51.5405,-4.0,3.93706,3.93706,3.96466,3.96466,0.0,23.9,1090.554,,89.264,,CHARGE,0.0,0,,SYNTHETIC,0
power-outage,0,1191,2026-09-03T09:19:51Z,2026-09-03T09:19:52Z,2026-09-03T09:19:51Z,2026-09-03T09:19:52Z,site_b,SIM,synthetic_demo,B-WAN-1,UP,1000.0,56.5558,56.85,0.0,21.92,0.2235,0.111,0,UP,4.0,0.0,6,6,44,-63.5,22.713,6.874,0,0,0,32,0,53.0,0.0,0,0,,,,,,,,,,,,,,,,,,,,,0.0,0,,SYNTHETIC,0
power-outage,0,1192,2026-09-03T09:19:52Z,2026-09-03T09:19:53Z,2026-09-03T09:19:52Z,2026-09-03T09:19:53Z,site_a,SIM,synthetic_demo,A-WAN-1,UP,1000.0,164.0293,163.47,0.0,15.96,0.2754,0.064,0,UP,4.0,0.0,48,48,200,-63.5,17.485,5.444,0,2,0,31,0,135.0,0.0,0,0,MAINS,MAINS,1,2,80.74,92.0,51.1821,51.5409,-4.0,3.93708,3.93708,3.96468,3.96468,0.0,23.9,1088.623,,89.425,,CHARGE,0.0,0,,SYNTHETIC,0
power-outage,0,1192,2026-09-03T09:19:52Z,2026-09-03T09:19:53Z,2026-09-03T09:19:52Z,2026-09-03T09:19:53Z,site_b,SIM,synthetic_demo,B-WAN-1,UP,1000.0,76.7539,77.57,0.0,22.74,1.5395,0.071,0,UP,4.0,0.0,6,6,48,-62.2,21.033,6.701,0,0,0,32,0,66.0,0.0,0,0,,,,,,,,,,,,,,,,,,,,,0.0,0,,SYNTHETIC,0
power-outage,0,1193,2026-09-03T09:19:53Z,2026-09-03T09:19:54Z,2026-09-03T09:19:53Z,2026-09-03T09:19:54Z,site_a,SIM,synthetic_demo,A-WAN-1,UP,1000.0,155.616,154.27,0.0,17.31,1.0743,0.093,0,UP,4.0,0.0,48,48,95,-62.4,14.313,4.47,0,3,0,31,0,111.0,0.0,0,0,MAINS,MAINS,1,2,80.86,92.0,51.1824,51.5412,-4.0,3.93711,3.93711,3.96471,3.96471,0.0,23.9,1077.291,,90.369,,CHARGE,0.0,0,,SYNTHETIC,0
power-outage,0,1193,2026-09-03T09:19:53Z,2026-09-03T09:19:54Z,2026-09-03T09:19:53Z,2026-09-03T09:19:54Z,site_b,SIM,synthetic_demo,B-WAN-1,UP,1000.0,53.4402,52.59,0.0,24.02,2.9694,0.108,0,UP,4.0,0.0,6,6,35,-62.7,17.838,5.523,0,0,0,32,0,46.0,0.0,0,0,,,,,,,,,,,,,,,,,,,,,0.0,0,,SYNTHETIC,0
power-outage,0,1194,2026-09-03T09:19:54Z,2026-09-03T09:19:55Z,2026-09-03T09:19:54Z,2026-09-03T09:19:55Z,site_a,SIM,synthetic_demo,A-WAN-1,UP,1000.0,254.7477,253.14,0.0,16.45,0.5203,0.082,0,UP,4.0,0.0,48,48,139,-61.7,15.939,4.406,0,5,0,31,0,274.0,0.0,0,0,MAINS,MAINS,1,2,80.79,92.0,51.1827,51.5415,-4.0,3.93713,3.93713,3.96473,3.96473,0.0,24.0,1085.742,,89.668,,CHARGE,0.0,0,,SYNTHETIC,0
power-outage,0,1194,2026-09-03T09:19:54Z,2026-09-03T09:19:55Z,2026-09-03T09:19:54Z,2026-09-03T09:19:55Z,site_b,SIM,synthetic_demo,B-WAN-1,UP,1000.0,58.544,58.23,0.0,21.27,0.7566,0.15,0,UP,4.0,0.0,6,6,41,-61.5,18.616,6.066,0,0,0,32,0,80.0,0.0,0,0,,,,,,,,,,,,,,,,,,,,,0.0,0,,SYNTHETIC,0
power-outage,0,1195,2026-09-03T09:19:55Z,2026-09-03T09:19:56Z,2026-09-03T09:19:55Z,2026-09-03T09:19:56Z,site_a,SIM,synthetic_demo,A-WAN-1,UP,1000.0,152.6678,152.83,0.0,18.1,1.6715,0.087,0,UP,4.0,0.0,48,48,399,-62.9,23.69,7.191,1,6,0,31,0,168.0,0.0,0,0,MAINS,MAINS,1,2,80.8,92.0,51.1831,51.5419,-4.0,3.93716,3.93716,3.96476,3.96476,0.0,23.9,1081.35,,90.036,,CHARGE,0.0,0,,SYNTHETIC,0
power-outage,0,1195,2026-09-03T09:19:55Z,2026-09-03T09:19:56Z,2026-09-03T09:19:55Z,2026-09-03T09:19:56Z,site_b,SIM,synthetic_demo,B-WAN-1,UP,1000.0,74.5141,75.17,0.0,22.11,1.8778,0.094,0,UP,4.0,0.0,6,6,46,-61.6,22.484,6.665,0,0,0,32,0,49.0,0.0,0,0,,,,,,,,,,,,,,,,,,,,,0.0,0,,SYNTHETIC,0
power-outage,0,1196,2026-09-03T09:19:56Z,2026-09-03T09:19:57Z,2026-09-03T09:19:56Z,2026-09-03T09:19:57Z,site_a,SIM,synthetic_demo,A-WAN-1,UP,1000.0,189.4304,188.86,0.0,18.49,2.5684,0.09,0,UP,4.0,0.0,48,48,164,-61.5,16.482,4.906,1,3,0,31,0,134.0,0.0,0,0,MAINS,MAINS,1,2,80.78,92.0,51.1834,51.5422,-4.0,3.93718,3.93718,3.96478,3.96478,0.0,23.8,1113.08,,87.472,,CHARGE,0.0,0,,SYNTHETIC,0
power-outage,0,1196,2026-09-03T09:19:56Z,2026-09-03T09:19:57Z,2026-09-03T09:19:56Z,2026-09-03T09:19:57Z,site_b,SIM,synthetic_demo,B-WAN-1,UP,1000.0,67.2764,66.53,0.0,23.39,2.3523,0.118,0,UP,4.0,0.0,6,6,31,-61.8,17.159,5.682,0,0,0,32,0,42.0,0.0,0,0,,,,,,,,,,,,,,,,,,,,,0.0,0,,SYNTHETIC,0
power-outage,0,1197,2026-09-03T09:19:57Z,2026-09-03T09:19:58Z,2026-09-03T09:19:57Z,2026-09-03T09:19:58Z,site_a,SIM,synthetic_demo,A-WAN-1,UP,1000.0,188.2923,188.25,0.0,,0.1498,0.068,0,UP,4.0,0.0,48,48,182,-62.7,16.769,5.145,0,5,0,31,0,191.0,0.0,0,0,MAINS,MAINS,1,2,80.72,92.0,51.1837,51.5425,-4.0,3.93721,3.93721,3.96481,3.96481,0.0,24.0,1107.853,,87.887,,CHARGE,0.0,0,,SYNTHETIC|GAP|MISSING_MCAR,0
power-outage,0,1197,2026-09-03T09:19:57Z,2026-09-03T09:19:58Z,2026-09-03T09:19:57Z,2026-09-03T09:19:58Z,site_b,SIM,synthetic_demo,B-WAN-1,UP,1000.0,77.7553,77.46,0.0,23.17,2.0766,0.093,0,UP,4.0,0.0,6,6,21,-61.9,16.553,5.364,0,0,0,32,0,32.0,0.0,0,0,,,,,,,,,,,,,,,,,,,,,0.0,0,,SYNTHETIC,0
power-outage,0,1198,2026-09-03T09:19:58Z,2026-09-03T09:19:59Z,2026-09-03T09:19:58Z,2026-09-03T09:19:59Z,site_a,SIM,synthetic_demo,A-WAN-1,UP,1000.0,198.3979,196.77,0.0,19.97,3.9464,0.045,0,UP,4.0,0.0,48,48,223,-62.0,18.302,5.647,1,5,0,31,0,142.0,0.0,0,0,MAINS,MAINS,1,2,80.77,92.0,51.1841,51.5429,-4.0,3.93724,3.93724,3.96484,3.96484,0.0,23.8,1087.993,,89.494,,CHARGE,0.0,0,,SYNTHETIC,0
power-outage,0,1198,2026-09-03T09:19:58Z,2026-09-03T09:19:59Z,2026-09-03T09:19:58Z,2026-09-03T09:19:59Z,site_b,SIM,synthetic_demo,B-WAN-1,UP,1000.0,81.5493,82.16,0.0,21.12,0.2857,0.119,0,UP,4.0,0.0,6,6,17,-62.1,16.791,4.549,0,0,0,32,0,61.0,0.0,0,0,,,,,,,,,,,,,,,,,,,,,0.0,0,,SYNTHETIC,0
power-outage,0,1199,2026-09-03T09:19:59Z,2026-09-03T09:20:00Z,2026-09-03T09:19:59Z,2026-09-03T09:20:00Z,site_a,SIM,synthetic_demo,A-WAN-1,UP,1000.0,163.1139,162.9,0.0,17.04,0.3848,0.106,0,UP,4.0,0.0,48,48,307,-62.4,20.705,6.326,3,2,0,31,0,145.0,0.0,0,0,MAINS,MAINS,1,2,80.78,92.0,51.1844,51.5432,-4.0,3.93726,3.93726,3.96486,3.96486,0.0,23.8,1086.188,,89.646,,CHARGE,0.0,0,,SYNTHETIC,0
power-outage,0,1199,2026-09-03T09:19:59Z,2026-09-03T09:20:00Z,2026-09-03T09:19:59Z,2026-09-03T09:20:00Z,site_b,SIM,synthetic_demo,B-WAN-1,UP,1000.0,64.1728,64.27,0.0,22.7,1.3479,0.113,0,UP,4.0,0.0,6,6,15,-61.5,15.373,5.021,1,0,0,32,0,44.0,0.0,0,0,,,,,,,,,,,,,,,,,,,,,0.0,0,,SYNTHETIC,0
